CrashId,Fatal Case Status,Fatal Case Status Text Format,CrashId,CrashId,Latitude,Longitude,DOT Case Number,Town Name,Town Number,Town Number,Town Number Text Format,Date Of Crash,Year,Month,Month Text Format,Day,Day of the Week,Day of the Week Text Format,Time of Crash,Hour of the Day,Case Identifier,Crash Severity,Crash Severity Text Format,Most Severe Injury,Most Severe Injury Text Format,Number Of Motor Vehicles,Number Of Non-Motorist,Number Of Witnesses,Route Class,Route Class Text Format,Milemarker,Road Number,Road Description,Roadway Name,Intersecting Roadway Name,Landmark Description,Distance From Nearest Landmark,Unit Of Measure From Nearest Landmark,Direction From Nearest Landmark,Latitude,Longitude,First Harmful Event,First Harmful Event Text Format,Manner of Crash / Collision Impact,Manner of Crash / Collision Impact Text Format,Location of First Harmful Event,Location of First Harmful Event Text Format,Weather Condition,Weather Condition Text Format,Weather 2,Weather 2 Text Format,Light Condition,Light Condition Text Format,Road Surface Condition,Road Surface Condition Text Format,"Contributing Circumstances, Environment","Contributing Circumstances, Environment Text Format",Environment 2,Environment 2 Text Format,Environment 3,Environment 3 Text Format,"Contributing Circumstances, Road","Contributing Circumstances, Road Text Format",Road 2,Road 2 Text Format,Road 3,Road 3 Text Format,Crash Specific Location,Crash Specific Location Text Format,Type of Intersection,Type of Intersection Text Format,School Bus Related,School Bus Related Text Format,Work Zone Related,Work Zone Related Text Format,Location Of Crash Relative To Work Zone,Location Of Crash Relative To Work Zone Text Format,Type of Work Zone,Type of Work Zone Text Format,Worker Presence,Worker Presence Text Format,Law Enforcement Presence,Law Enforcement Presence Text Format,Were Vehicles Moved Prior To Police Arrival,Trafficway Ownership,Trafficway Ownership Text Format,Trafficway Class,Trafficway Class Text Format,Police Agency,Police Agency Text Format,Badge Number,Approval Date,Police Case Status,Police Case Status Text Format,Crash Report Submission Date,Related Case Identifiers,No. of Through Lanes (Log Dir.),Average Daily Traffic,Functional Classification,Functional Classification Text Format,Rural or Urban,Rural or Urban Text Format
884928,1,Complete,884928,884928,41.324435,-72.896469,3387026,New Haven,93,93,New Haven,2/21/2021,2021,2,February,21,1,Sunday,10:26:00,10,21006431,A,"Injury of any type (Serious, Minor, Possible)",C,Possible Injury (C),2,0,0,2,USRoute,0.74,5,5-N,5-N,LYMAN ST,,,,,41.324435,-72.896469,14,Motor Vehicle in Operation,1,Front to rear,1,On Roadway,1,Clear,88,Not Applicable,1,Daylight,1,Dry,0,None,88,Not Applicable,88,Not Applicable,0,None,88,Not Applicable,88,Not Applicable,3,Intersection-Related,3,T-Intersection,1,No,1,No,88,Not Applicable,88,Not Applicable,88,Not Applicable,88,Not Applicable,FALSE,1,Public Road,1,"Trafficway, On Road",CT0009300,New Haven PD,26,15:21.0,C,Closed,47:47.0,,2,17300,4,MINOR ARTERIAL - NEW HPMS,2,Urban
884933,1,Complete,884933,884933,41.321185,-72.875108,3387031,New Haven,93,93,New Haven,2/21/2021,2021,2,February,21,1,Sunday,18:01:00,18,21006468,A,"Injury of any type (Serious, Minor, Possible)",C,Possible Injury (C),2,0,0,3,State,0.38,80,80-E,80-E,,QUINNIPIAC AVE,200,Feet,W,41.321185,-72.875108,14,Motor Vehicle in Operation,4,"Sideswipe, same direction",1,On Roadway,1,Clear,88,Not Applicable,3,Dusk,1,Dry,0,None,88,Not Applicable,88,Not Applicable,0,None,88,Not Applicable,88,Not Applicable,1,Non-Junction,1,Not at Intersection,1,No,1,No,88,Not Applicable,88,Not Applicable,88,Not Applicable,88,Not Applicable,FALSE,1,Public Road,1,"Trafficway, On Road",CT0009300,New Haven PD,220,36:23.0,C,Closed,48:24.0,,4,32100,3,PRINCIPAL ARTERIAL - OTHER - NEW HPMS,2,Urban
884934,1,Complete,884934,884934,41.294615,-72.8934033,3387032,New Haven,93,93,New Haven,2/21/2021,2021,2,February,21,1,Sunday,18:54:00,18,21006470,A,"Injury of any type (Serious, Minor, Possible)",B,Suspected Minor Injury (B),1,1,0,4,Local,0.46,207,FAIRMONT AV,FAIRMONT AV,CHAMBERLAIN ST,,,,,41.294615,-72.8934033,9,Pedestrian,88,Not Applicable,1,On Roadway,1,Clear,88,Not Applicable,4,Dark-Lighted,1,Dry,0,None,88,Not Applicable,88,Not Applicable,0,None,88,Not Applicable,88,Not Applicable,2,Intersection,2,Four-Way Intersection,1,No,1,No,88,Not Applicable,88,Not Applicable,88,Not Applicable,88,Not Applicable,FALSE,1,Public Road,1,"Trafficway, On Road",CT0009300,New Haven PD,42055,17:37.0,O,Open,47:59.0,,2,12700,4,MINOR ARTERIAL - NEW HPMS,2,Urban
884952,1,Complete,884952,884952,41.310133,-72.95338,3387050,New Haven,93,93,New Haven,2/23/2021,2021,2,February,23,3,Tuesday,12:59:00,12,21006691,A,"Injury of any type (Serious, Minor, Possible)",B,Suspected Minor Injury (B),4,0,0,3,State,2.38,10,10-N,10-N,DERBY AV,,,,,41.310133,-72.95338,14,Motor Vehicle in Operation,3,Angle,1,On Roadway,6,Freezing Rain or Freezing Drizzle,88,Not Applicable,1,Daylight,2,Wet,0,None,88,Not Applicable,88,Not Applicable,0,None,88,Not Applicable,88,Not Applicable,2,Intersection,2,Four-Way Intersection,1,No,1,No,88,Not Applicable,88,Not Applicable,88,Not Applicable,88,Not Applicable,FALSE,1,Public Road,1,"Trafficway, On Road",CT0009300,New Haven PD,465,45:11.0,C,Closed,48:03.0,,4,33100,3,PRINCIPAL ARTERIAL - OTHER - NEW HPMS,2,Urban
884979,1,Complete,884979,884979,41.31609,-72.9298,3387077,New Haven,93,93,New Haven,2/25/2021,2021,2,February,25,5,Thursday,21:52:00,21,21007081,A,"Injury of any type (Serious, Minor, Possible)",C,Possible Injury (C),2,0,1,4,Local,0.18,67,BRISTOL ST,BRISTOL ST,,ASHMUN ST,165,Feet,W,41.31609,-72.9298,14,Motor Vehicle in Operation,4,"Sideswipe, same direction",1,On Roadway,1,Clear,88,Not Applicable,4,Dark-Lighted,1,Dry,0,None,88,Not Applicable,88,Not Applicable,0,None,88,Not Applicable,88,Not Applicable,1,Non-Junction,1,Not at Intersection,1,No,1,No,88,Not Applicable,88,Not Applicable,88,Not Applicable,88,Not Applicable,FALSE,1,Public Road,1,"Trafficway, On Road",CT0009300,New Haven PD,125,17:22.0,C,Closed,48:05.0,,,,,,,
885022,1,Complete,885022,885022,41.320159,-72.950689,3387120,New Haven,93,93,New Haven,2/26/2021,2021,2,February,26,6,Friday,16:05:00,16,21007143,A,"Injury of any type (Serious, Minor, Possible)",C,Possible Injury (C),2,0,0,3,State,3.14,10,10-N,10-N,,HOBART ST,110,Feet,E,41.320159,-72.950689,14,Motor Vehicle in Operation,3,Angle,1,On Roadway,1,Clear,88,Not Applicable,1,Daylight,1,Dry,0,None,88,Not Applicable,88,Not Applicable,0,None,88,Not Applicable,88,Not Applicable,1,Non-Junction,1,Not at Intersection,1,No,1,No,88,Not Applicable,88,Not Applicable,88,Not Applicable,88,Not Applicable,TRUE,1,Public Road,1,"Trafficway, On Road",CT0009300,New Haven PD,261,52:35.0,C,Closed,48:45.0,,4,18000,3,PRINCIPAL ARTERIAL - OTHER - NEW HPMS,2,Urban
885032,1,Complete,885032,885032,41.311614,-72.899943,3387130,New Haven,93,93,New Haven,2/27/2021,2021,2,February,27,7,Saturday,15:46:00,15,21007276,A,"Injury of any type (Serious, Minor, Possible)",A,Suspected Serious Injury (A),3,0,3,4,Local,0.6,57,BLATCHLEY AV,BLATCHLEY AV,PINE ST NO 1,,,,,41.311614,-72.899943,14,Motor Vehicle in Operation,3,Angle,1,On Roadway,1,Clear,88,Not Applicable,1,Daylight,1,Dry,0,None,88,Not Applicable,88,Not Applicable,0,None,88,Not Applicable,88,Not Applicable,2,Intersection,2,Four-Way Intersection,1,No,1,No,88,Not Applicable,88,Not Applicable,88,Not Applicable,88,Not Applicable,FALSE,1,Public Road,1,"Trafficway, On Road",CT0009300,New Haven PD,42042,55:07.0,O,Open,48:20.0,,,,,,,
885036,1,Complete,885036,885036,41.323851,-72.881515,3387134,New Haven,93,93,New Haven,2/27/2021,2021,2,February,27,7,Saturday,22:55:00,22,21007332,A,"Injury of any type (Serious, Minor, Possible)",C,Possible Injury (C),3,0,0,3,State,0.22,17,17-N,17-N,80-W,,,,,41.323851,-72.881515,14,Motor Vehicle in Operation,3,Angle,1,On Roadway,1,Clear,88,Not Applicable,4,Dark-Lighted,2,Wet,0,None,88,Not Applicable,88,Not Applicable,0,None,88,Not Applicable,88,Not Applicable,2,Intersection,2,Four-Way Intersection,1,No,1,No,88,Not Applicable,88,Not Applicable,88,Not Applicable,88,Not Applicable,FALSE,1,Public Road,1,"Trafficway, On Road",CT0009300,New Haven PD,281,01:50.0,C,Closed,48:17.0,,1,8500,1,INTERSTATE - NEW HPMS,2,Urban
885046,1,Complete,885046,885046,41.271963,-72.896831,3387144,New Haven,93,93,New Haven,2/28/2021,2021,2,February,28,1,Sunday,16:28:00,16,21007400,A,"Injury of any type (Serious, Minor, Possible)",B,Suspected Minor Injury (B),2,0,0,3,State,1.25,337,337-E,337-E,,FORT HALE RD,165,Feet,S,41.271963,-72.896831,14,Motor Vehicle in Operation,1,Front to rear,2,Shoulder,4,Rain,88,Not Applicable,1,Daylight,2,Wet,0,None,88,Not Applicable,88,Not Applicable,0,None,88,Not Applicable,88,Not Applicable,3,Intersection-Related,2,Four-Way Intersection,1,No,1,No,88,Not Applicable,88,Not Applicable,88,Not Applicable,88,Not Applicable,FALSE,1,Public Road,1,"Trafficway, On Road",CT0009300,New Haven PD,11439,54:15.0,C,Closed,48:20.0,,2,8100,4,MINOR ARTERIAL - NEW HPMS,2,Urban
885047,1,Complete,885047,885047,41.333008,-72.975589,3387145,New Haven,93,93,New Haven,2/28/2021,2021,2,February,28,1,Sunday,15:26:00,15,21007401,A,"Injury of any type (Serious, Minor, Possible)",C,Possible Injury (C),2,0,0,3,State,1.16,63,63-N,63-N,WESTERLEIGH RD,,,,,41.333008,-72.975589,14,Motor Vehicle in Operation,3,Angle,1,On Roadway,4,Rain,88,Not Applicable,1,Daylight,2,Wet,0,None,88,Not Applicable,88,Not Applicable,0,None,88,Not Applicable,88,Not Applicable,2,Intersection,3,T-Intersection,1,No,1,No,88,Not Applicable,88,Not Applicable,88,Not Applicable,88,Not Applicable,TRUE,1,Public Road,1,"Trafficway, On Road",CT0009300,New Haven PD,402,22:55.0,C,Closed,48:21.0,,5,26900,3,PRINCIPAL ARTERIAL - OTHER - NEW HPMS,2,Urban
885053,1,Complete,885053,885053,41.309886,-72.921241,3387151,New Haven,93,93,New Haven,3/1/2021,2021,3,March,1,2,Monday,6:15:00,6,21007463,A,"Injury of any type (Serious, Minor, Possible)",C,Possible Injury (C),2,0,0,4,Local,0.09,271,GROVE ST,GROVE ST,,ORANGE ST,65,Feet,W,41.309886,-72.921241,14,Motor Vehicle in Operation,1,Front to rear,1,On Roadway,4,Rain,88,Not Applicable,1,Daylight,2,Wet,1,Weather Conditions,88,Not Applicable,88,Not Applicable,0,None,88,Not Applicable,88,Not Applicable,2,Intersection,2,Four-Way Intersection,1,No,1,No,88,Not Applicable,88,Not Applicable,88,Not Applicable,88,Not Applicable,FALSE,1,Public Road,1,"Trafficway, On Road",CT0009300,New Haven PD,991,22:28.0,C,Closed,48:22.0,,,,,,,
885055,1,Complete,885055,885055,41.293577,-72.89771,3387153,New Haven,93,93,New Haven,3/1/2021,2021,3,March,1,2,Monday,8:47:00,8,21007476,A,"Injury of any type (Serious, Minor, Possible)",C,Possible Injury (C),2,0,1,2,USRoute,49.82,1,1-N,1-N,FULTON TER,,,,,41.293577,-72.89771,14,Motor Vehicle in Operation,3,Angle,1,On Roadway,2,Cloudy,88,Not Applicable,1,Daylight,2,Wet,0,None,88,Not Applicable,88,Not Applicable,0,None,88,Not Applicable,88,Not Applicable,2,Intersection,2,Four-Way Intersection,1,No,1,No,88,Not Applicable,88,Not Applicable,88,Not Applicable,88,Not Applicable,TRUE,1,Public Road,1,"Trafficway, On Road",CT0009300,New Haven PD,42044,56:45.0,C,Closed,48:24.0,,2,9400,3,PRINCIPAL ARTERIAL - OTHER - NEW HPMS,2,Urban
885061,1,Complete,885061,885061,41.320227,-72.871962,3387159,New Haven,93,93,New Haven,3/1/2021,2021,3,March,1,2,Monday,20:23:00,20,21007610,A,"Injury of any type (Serious, Minor, Possible)",C,Possible Injury (C),1,1,0,3,State,0.57,80,80-E,80-E,EASTERN ST,,,,,41.320227,-72.871962,9,Pedestrian,88,Not Applicable,1,On Roadway,1,Clear,88,Not Applicable,4,Dark-Lighted,1,Dry,0,None,88,Not Applicable,88,Not Applicable,0,None,88,Not Applicable,88,Not Applicable,2,Intersection,3,T-Intersection,1,No,1,No,88,Not Applicable,88,Not Applicable,88,Not Applicable,88,Not Applicable,FALSE,1,Public Road,1,"Trafficway, On Road",CT0009300,New Haven PD,279,20:23.0,O,Open,48:46.0,,4,32100,3,PRINCIPAL ARTERIAL - OTHER - NEW HPMS,2,Urban
885062,1,Complete,885062,885062,41.297454,-72.94886,3387160,New Haven,93,93,New Haven,3/1/2021,2021,3,March,1,2,Monday,22:36:00,22,21007616,A,"Injury of any type (Serious, Minor, Possible)",C,Possible Injury (C),2,0,1,3,State,1.47,10,10-N,10-N,1-N,,,,,41.297454,-72.94886,14,Motor Vehicle in Operation,3,Angle,1,On Roadway,1,Clear,88,Not Applicable,4,Dark-Lighted,1,Dry,0,None,88,Not Applicable,88,Not Applicable,0,None,88,Not Applicable,88,Not Applicable,2,Intersection,2,Four-Way Intersection,1,No,1,No,88,Not Applicable,88,Not Applicable,88,Not Applicable,88,Not Applicable,FALSE,1,Public Road,1,"Trafficway, On Road",CT0009300,New Haven PD,966,40:29.0,C,Closed,48:31.0,,4,20700,3,PRINCIPAL ARTERIAL - OTHER - NEW HPMS,2,Urban
885066,1,Complete,885066,885066,41.317516,-72.944851,3387164,New Haven,93,93,New Haven,3/2/2021,2021,3,March,2,3,Tuesday,14:45:00,14,21007706,A,"Injury of any type (Serious, Minor, Possible)",C,Possible Injury (C),3,0,0,4,Local,0.24,653,WHALLEY AV,WHALLEY AV,,WINTHROP AVE,75,Feet,W,41.317516,-72.944851,14,Motor Vehicle in Operation,1,Front to rear,1,On Roadway,1,Clear,88,Not Applicable,1,Daylight,1,Dry,0,None,88,Not Applicable,88,Not Applicable,0,None,88,Not Applicable,88,Not Applicable,3,Intersection-Related,2,Four-Way Intersection,1,No,1,No,88,Not Applicable,88,Not Applicable,88,Not Applicable,88,Not Applicable,FALSE,1,Public Road,1,"Trafficway, On Road",CT0009300,New Haven PD,26,02:31.0,C,Closed,49:04.0,,,,,,,
885071,1,Complete,885071,885071,41.297374,-72.949448,3387169,New Haven,93,93,New Haven,3/3/2021,2021,3,March,3,4,Wednesday,11:17:00,11,21007811,A,"Injury of any type (Serious, Minor, Possible)",C,Possible Injury (C),2,0,0,2,USRoute,46.61,1,1-N,1-N,,ELLA T GRASSO BLVD,115,Feet,W,41.297374,-72.949448,14,Motor Vehicle in Operation,1,Front to rear,1,On Roadway,1,Clear,88,Not Applicable,1,Daylight,1,Dry,0,None,88,Not Applicable,88,Not Applicable,0,None,88,Not Applicable,88,Not Applicable,3,Intersection-Related,2,Four-Way Intersection,1,No,1,No,88,Not Applicable,88,Not Applicable,88,Not Applicable,88,Not Applicable,FALSE,1,Public Road,1,"Trafficway, On Road",CT0009300,New Haven PD,26,14:34.0,C,Closed,51:21.0,,4,20500,3,PRINCIPAL ARTERIAL - OTHER - NEW HPMS,2,Urban
885074,1,Complete,885074,885074,41.312233,-72.948617,3387172,New Haven,93,93,New Haven,3/3/2021,2021,3,March,3,4,Wednesday,15:42:00,15,21007845,A,"Injury of any type (Serious, Minor, Possible)",A,Suspected Serious Injury (A),4,0,0,4,Local,3.04,97,CHAPEL ST,CHAPEL ST,NORTON ST,,,,,41.312233,-72.948617,14,Motor Vehicle in Operation,3,Angle,1,On Roadway,1,Clear,88,Not Applicable,1,Daylight,1,Dry,0,None,88,Not Applicable,88,Not Applicable,0,None,88,Not Applicable,88,Not Applicable,2,Intersection,2,Four-Way Intersection,1,No,1,No,88,Not Applicable,88,Not Applicable,88,Not Applicable,88,Not Applicable,FALSE,1,Public Road,1,"Trafficway, On Road",CT0009300,New Haven PD,42055,20:02.0,C,Closed,48:30.0,,,,,,,
885078,1,Complete,885078,885078,41.291581,-72.892233,3387176,New Haven,93,93,New Haven,3/3/2021,2021,3,March,3,4,Wednesday,22:25:00,22,21007916,A,"Injury of any type (Serious, Minor, Possible)",C,Possible Injury (C),1,0,0,4,Local,0.12,597,TOWNSEND AV,TOWNSEND AV,,BURWELL ST,195,Feet,N,41.291581,-72.892233,33,Utility Pole/Light Support,88,Not Applicable,1,On Roadway,1,Clear,88,Not Applicable,4,Dark-Lighted,1,Dry,0,None,88,Not Applicable,88,Not Applicable,0,None,88,Not Applicable,88,Not Applicable,1,Non-Junction,1,Not at Intersection,1,No,1,No,88,Not Applicable,88,Not Applicable,88,Not Applicable,88,Not Applicable,FALSE,1,Public Road,1,"Trafficway, On Road",CT0009300,New Haven PD,281,21:25.0,C,Closed,48:37.0,,4,8900,4,MINOR ARTERIAL - NEW HPMS,2,Urban
885092,1,Complete,885092,885092,41.303547,-72.893989,3387190,New Haven,93,93,New Haven,3/4/2021,2021,3,March,4,5,Thursday,20:37:00,20,21008047,A,"Injury of any type (Serious, Minor, Possible)",C,Possible Injury (C),2,0,0,4,Local,1.16,213,FERRY ST,FERRY ST,RIVER ST,,,,,41.303547,-72.893989,14,Motor Vehicle in Operation,1,Front to rear,1,On Roadway,1,Clear,88,Not Applicable,4,Dark-Lighted,1,Dry,0,None,88,Not Applicable,88,Not Applicable,0,None,88,Not Applicable,88,Not Applicable,2,Intersection,2,Four-Way Intersection,1,No,1,No,88,Not Applicable,88,Not Applicable,88,Not Applicable,88,Not Applicable,FALSE,1,Public Road,1,"Trafficway, On Road",CT0009300,New Haven PD,193,23:15.0,C,Closed,48:36.0,,,,,,,
885099,1,Complete,885099,885099,41.290533,-72.933696,3387197,New Haven,93,93,New Haven,3/5/2021,2021,3,March,5,6,Friday,17:30:00,17,21008170,A,"Injury of any type (Serious, Minor, Possible)",C,Possible Injury (C),2,0,0,4,Local,0.11,339,KIMBERLY AV,KIMBERLY AV,GREENWICH AV NO 1,,,,,41.290533,-72.933696,14,Motor Vehicle in Operation,3,Angle,1,On Roadway,1,Clear,88,Not Applicable,1,Daylight,1,Dry,0,None,88,Not Applicable,88,Not Applicable,0,None,88,Not Applicable,88,Not Applicable,2,Intersection,2,Four-Way Intersection,1,No,1,No,88,Not Applicable,88,Not Applicable,88,Not Applicable,88,Not Applicable,TRUE,1,Public Road,1,"Trafficway, On Road",CT0009300,New Haven PD,958,58:42.0,C,Closed,48:40.0,,,,,,,
885104,1,Complete,885104,885104,41.3087,-72.9254,3387202,New Haven,93,93,New Haven,3/6/2021,2021,3,March,6,7,Saturday,12:06:00,12,21008244,A,"Injury of any type (Serious, Minor, Possible)",B,Suspected Minor Injury (B),2,0,1,4,Local,0.48,726,ELM ST NO 2,ELM ST NO 2,TEMPLE ST,,,,,41.3087,-72.9254,14,Motor Vehicle in Operation,3,Angle,1,On Roadway,1,Clear,88,Not Applicable,1,Daylight,1,Dry,0,None,88,Not Applicable,88,Not Applicable,0,None,88,Not Applicable,88,Not Applicable,2,Intersection,2,Four-Way Intersection,1,No,1,No,88,Not Applicable,88,Not Applicable,88,Not Applicable,88,Not Applicable,FALSE,1,Public Road,1,"Trafficway, On Road",CT0009300,New Haven PD,166,58:55.0,C,Closed,48:42.0,,,,,,,
885108,1,Complete,885108,885108,41.32121,-72.87504,3387206,New Haven,93,93,New Haven,3/6/2021,2021,3,March,6,7,Saturday,15:21:00,15,21008271,A,"Injury of any type (Serious, Minor, Possible)",B,Suspected Minor Injury (B),2,0,0,3,State,0.38,80,80-E,80-E,,QUINNIPIAC AVE,300,Feet,W,41.32121,-72.87504,14,Motor Vehicle in Operation,1,Front to rear,1,On Roadway,1,Clear,88,Not Applicable,1,Daylight,1,Dry,0,None,88,Not Applicable,88,Not Applicable,0,None,88,Not Applicable,88,Not Applicable,1,Non-Junction,1,Not at Intersection,1,No,1,No,88,Not Applicable,88,Not Applicable,88,Not Applicable,88,Not Applicable,FALSE,1,Public Road,1,"Trafficway, On Road",CT0009300,New Haven PD,362,18:24.0,C,Closed,48:41.0,,4,32100,3,PRINCIPAL ARTERIAL - OTHER - NEW HPMS,2,Urban
885113,1,Complete,885113,885113,41.297128,-72.948432,3387211,New Haven,93,93,New Haven,3/6/2021,2021,3,March,6,7,Saturday,22:41:00,22,21008318,A,"Injury of any type (Serious, Minor, Possible)",C,Possible Injury (C),2,0,0,3,State,1.44,10,10-N,10-N,,COLUMBUS AVE,170,Feet,S,41.297128,-72.948432,14,Motor Vehicle in Operation,1,Front to rear,1,On Roadway,1,Clear,88,Not Applicable,5,Dark-Not Lighted,1,Dry,99,Unknown,88,Not Applicable,88,Not Applicable,0,None,88,Not Applicable,88,Not Applicable,3,Intersection-Related,2,Four-Way Intersection,1,No,1,No,88,Not Applicable,88,Not Applicable,88,Not Applicable,88,Not Applicable,TRUE,1,Public Road,1,"Trafficway, On Road",CT0009300,New Haven PD,40814,34:22.0,C,Closed,48:43.0,,4,20700,3,PRINCIPAL ARTERIAL - OTHER - NEW HPMS,2,Urban
885204,1,Complete,885204,885204,41.324324,-72.896457,3387302,New Haven,93,93,New Haven,3/8/2021,2021,3,March,8,2,Monday,7:27:00,7,21008444,A,"Injury of any type (Serious, Minor, Possible)",C,Possible Injury (C),2,0,1,2,USRoute,0.74,5,5-N,5-N,LYMAN ST,,,,,41.324324,-72.896457,14,Motor Vehicle in Operation,5,"Sideswipe, opposite direction",1,On Roadway,1,Clear,88,Not Applicable,1,Daylight,1,Dry,0,None,88,Not Applicable,88,Not Applicable,0,None,88,Not Applicable,88,Not Applicable,3,Intersection-Related,3,T-Intersection,1,No,1,No,88,Not Applicable,88,Not Applicable,88,Not Applicable,88,Not Applicable,FALSE,1,Public Road,1,"Trafficway, On Road",CT0009300,New Haven PD,991,53:33.0,C,Closed,48:50.0,,2,17300,4,MINOR ARTERIAL - NEW HPMS,2,Urban
885205,1,Complete,885205,885205,41.279262,-72.895303,3387303,New Haven,93,93,New Haven,3/15/2021,2021,3,March,15,2,Monday,8:30:00,8,21008471,A,"Injury of any type (Serious, Minor, Possible)",C,Possible Injury (C),3,0,0,3,State,0.74,337,337-E,337-E,,SOUNDVIEW TER,50,Feet,S,41.279262,-72.895303,14,Motor Vehicle in Operation,2,Front to front,1,On Roadway,1,Clear,88,Not Applicable,1,Daylight,1,Dry,0,None,88,Not Applicable,88,Not Applicable,0,None,88,Not Applicable,88,Not Applicable,1,Non-Junction,1,Not at Intersection,1,No,1,No,88,Not Applicable,88,Not Applicable,88,Not Applicable,88,Not Applicable,FALSE,1,Public Road,1,"Trafficway, On Road",CT0009300,New Haven PD,322,28:20.0,C,Closed,49:15.0,,2,9100,4,MINOR ARTERIAL - NEW HPMS,2,Urban
885223,1,Complete,885223,885223,41.320094,-72.893418,3387321,New Haven,93,93,New Haven,3/9/2021,2021,3,March,9,3,Tuesday,16:00:00,16,21008706,A,"Injury of any type (Serious, Minor, Possible)",C,Possible Injury (C),2,0,0,4,Local,0.5,411,MIDDLETOWN AV,MIDDLETOWN AV,,CLINTON AVENUE,50,Feet,W,41.320094,-72.893418,18,Other Non-Fixed Object,97,Other,1,On Roadway,1,Clear,88,Not Applicable,1,Daylight,1,Dry,97,Other,88,Not Applicable,88,Not Applicable,0,None,88,Not Applicable,88,Not Applicable,11,Through Roadway,1,Not at Intersection,1,No,1,No,88,Not Applicable,88,Not Applicable,88,Not Applicable,88,Not Applicable,TRUE,1,Public Road,1,"Trafficway, On Road",CT0009300,New Haven PD,42042,21:44.0,O,Open,48:54.0,,,,,,,
885227,1,Complete,885227,885227,41.321842,-72.873369,3387325,New Haven,93,93,New Haven,3/9/2021,2021,3,March,9,3,Tuesday,16:49:00,16,21008725,A,"Injury of any type (Serious, Minor, Possible)",C,Possible Injury (C),2,0,0,3,State,0.07,103,103-N,103-N,BARNES AV,,,,,41.321842,-72.873369,14,Motor Vehicle in Operation,1,Front to rear,1,On Roadway,1,Clear,88,Not Applicable,1,Daylight,1,Dry,0,None,88,Not Applicable,88,Not Applicable,0,None,88,Not Applicable,88,Not Applicable,3,Intersection-Related,3,T-Intersection,1,No,1,No,88,Not Applicable,88,Not Applicable,88,Not Applicable,88,Not Applicable,FALSE,1,Public Road,1,"Trafficway, On Road",CT0009300,New Haven PD,747,17:18.0,C,Closed,48:53.0,,2,9000,4,MINOR ARTERIAL - NEW HPMS,2,Urban
885228,1,Complete,885228,885228,41.329005,-72.932473,3387326,New Haven,93,93,New Haven,3/9/2021,2021,3,March,9,3,Tuesday,16:37:00,16,21008726,A,"Injury of any type (Serious, Minor, Possible)",C,Possible Injury (C),2,0,0,4,Local,0.47,552,SHELTON AV,SHELTON AV,HAZEL ST,,,,,41.329005,-72.932473,14,Motor Vehicle in Operation,3,Angle,1,On Roadway,1,Clear,88,Not Applicable,1,Daylight,1,Dry,0,None,88,Not Applicable,88,Not Applicable,0,None,88,Not Applicable,88,Not Applicable,2,Intersection,2,Four-Way Intersection,1,No,1,No,88,Not Applicable,88,Not Applicable,88,Not Applicable,88,Not Applicable,FALSE,1,Public Road,1,"Trafficway, On Road",CT0009300,New Haven PD,469,46:19.0,C,Closed,49:10.0,,,,,,,
885231,1,Complete,885231,885231,41.327811,-72.878557,3387329,New Haven,93,93,New Haven,3/10/2021,2021,3,March,10,4,Wednesday,6:37:00,6,21008791,A,"Injury of any type (Serious, Minor, Possible)",C,Possible Injury (C),2,0,0,1,Interstate,0,91,91-N-19A,91-N-19A,17-N,,,,,41.327811,-72.878557,14,Motor Vehicle in Operation,5,"Sideswipe, opposite direction",1,On Roadway,1,Clear,88,Not Applicable,1,Daylight,1,Dry,0,None,88,Not Applicable,88,Not Applicable,0,None,88,Not Applicable,88,Not Applicable,2,Intersection,3,T-Intersection,1,No,1,No,88,Not Applicable,88,Not Applicable,88,Not Applicable,88,Not Applicable,FALSE,1,Public Road,1,"Trafficway, On Road",CT0009300,New Haven PD,40807,18:40.0,C,Closed,48:55.0,,1,7400,1,INTERSTATE - NEW HPMS,2,Urban
885234,1,Complete,885234,885234,41.297663,-72.885572,3387332,New Haven,93,93,New Haven,3/10/2021,2021,3,March,10,4,Wednesday,18:44:00,18,21008905,A,"Injury of any type (Serious, Minor, Possible)",A,Suspected Serious Injury (A),1,0,1,4,Local,1.38,535,RUSSELL ST,RUSSELL ST,,LEXINGTON AVE,100,Feet,W,41.297663,-72.885572,1,Overturn/Rollover,88,Not Applicable,1,On Roadway,1,Clear,88,Not Applicable,1,Daylight,1,Dry,99,Unknown,88,Not Applicable,88,Not Applicable,6,Debris,88,Not Applicable,88,Not Applicable,1,Non-Junction,1,Not at Intersection,1,No,1,No,88,Not Applicable,88,Not Applicable,88,Not Applicable,88,Not Applicable,FALSE,1,Public Road,1,"Trafficway, On Road",CT0009300,New Haven PD,11439,58:19.0,C,Closed,49:06.0,,2,2020,7,LOCAL - NEW HPMS,2,Urban