CrashId,Fatal Case Status,Fatal Case Status Text Format,CrashId,CrashId,Latitude,Longitude,DOT Case Number,Town Name,Town Number,Town Number,Town Number Text Format,Date Of Crash,Year,Month,Month Text Format,Day,Day of the Week,Day of the Week Text Format,Time of Crash,Hour of the Day,Case Identifier,Crash Severity,Crash Severity Text Format,Most Severe Injury,Most Severe Injury Text Format,Number Of Motor Vehicles,Number Of Non-Motorist,Number Of Witnesses,Route Class,Route Class Text Format,Milemarker,Road Number,Road Description,Roadway Name,Intersecting Roadway Name,Landmark Description,Distance From Nearest Landmark,Unit Of Measure From Nearest Landmark,Direction From Nearest Landmark,Latitude,Longitude,First Harmful Event,First Harmful Event Text Format,Manner of Crash / Collision Impact,Manner of Crash / Collision Impact Text Format,Location of First Harmful Event,Location of First Harmful Event Text Format,Weather Condition,Weather Condition Text Format,Weather 2,Weather 2 Text Format,Light Condition,Light Condition Text Format,Road Surface Condition,Road Surface Condition Text Format,"Contributing Circumstances, Environment","Contributing Circumstances, Environment Text Format",Environment 2,Environment 2 Text Format,Environment 3,Environment 3 Text Format,"Contributing Circumstances, Road","Contributing Circumstances, Road Text Format",Road 2,Road 2 Text Format,Road 3,Road 3 Text Format,Crash Specific Location,Crash Specific Location Text Format,Type of Intersection,Type of Intersection Text Format,School Bus Related,School Bus Related Text Format,Work Zone Related,Work Zone Related Text Format,Location Of Crash Relative To Work Zone,Location Of Crash Relative To Work Zone Text Format,Type of Work Zone,Type of Work Zone Text Format,Worker Presence,Worker Presence Text Format,Law Enforcement Presence,Law Enforcement Presence Text Format,Were Vehicles Moved Prior To Police Arrival,Trafficway Ownership,Trafficway Ownership Text Format,Trafficway Class,Trafficway Class Text Format,Police Agency,Police Agency Text Format,Badge Number,Approval Date,Police Case Status,Police Case Status Text Format,Crash Report Submission Date,Related Case Identifiers,No. of Through Lanes (Log Dir.),Average Daily Traffic,Functional Classification,Functional Classification Text Format,Rural or Urban,Rural or Urban Text Format
885236,1,Complete,885236,885236,41.29482,-72.93825,3387334,New Haven,93,93,New Haven,3/11/2021,2021,3,March,11,5,Thursday,2:23:00,2,21008947,A,"Injury of any type (Serious, Minor, Possible)",C,Possible Injury (C),2,0,1,4,Local,0.45,626,WASHINGTON AV NO 1,WASHINGTON AV NO 1,,WEST ST,100,Feet,E,41.29482,-72.93825,14,Motor Vehicle in Operation,1,Front to rear,1,On Roadway,1,Clear,88,Not Applicable,4,Dark-Lighted,1,Dry,0,None,88,Not Applicable,88,Not Applicable,0,None,88,Not Applicable,88,Not Applicable,1,Non-Junction,1,Not at Intersection,1,No,1,No,88,Not Applicable,88,Not Applicable,88,Not Applicable,88,Not Applicable,FALSE,1,Public Road,1,"Trafficway, On Road",CT0009300,New Haven PD,476,26:19.0,C,Closed,48:57.0,,,,,,,
885238,1,Complete,885238,885238,41.325041,-72.923031,3387336,New Haven,93,93,New Haven,3/11/2021,2021,3,March,11,5,Thursday,7:45:00,7,21008953,A,"Injury of any type (Serious, Minor, Possible)",C,Possible Injury (C),2,0,0,4,Local,0.93,495,PROSPECT ST,PROSPECT ST,,PROSPECT ST,200,Feet,E,41.325041,-72.923031,14,Motor Vehicle in Operation,3,Angle,1,On Roadway,2,Cloudy,88,Not Applicable,1,Daylight,1,Dry,0,None,88,Not Applicable,88,Not Applicable,0,None,88,Not Applicable,88,Not Applicable,1,Non-Junction,1,Not at Intersection,1,No,1,No,88,Not Applicable,88,Not Applicable,88,Not Applicable,88,Not Applicable,FALSE,1,Public Road,1,"Trafficway, On Road",CT0009300,New Haven PD,32,04:54.0,C,Closed,48:57.0,,,,,,,
885243,1,Complete,885243,885243,41.305602,-72.935986,3387341,New Haven,93,93,New Haven,3/11/2021,2021,3,March,11,5,Thursday,18:11:00,18,21009063,A,"Injury of any type (Serious, Minor, Possible)",C,Possible Injury (C),2,0,1,4,Local,0.08,565,SOUTH FRONTAGE RD-RT 34,SOUTH FRONTAGE RD-RT 34,PARK ST,,,,,41.305602,-72.935986,14,Motor Vehicle in Operation,3,Angle,1,On Roadway,1,Clear,88,Not Applicable,4,Dark-Lighted,1,Dry,99,Unknown,88,Not Applicable,88,Not Applicable,99,Unknown,88,Not Applicable,88,Not Applicable,2,Intersection,2,Four-Way Intersection,1,No,1,No,88,Not Applicable,88,Not Applicable,88,Not Applicable,88,Not Applicable,TRUE,1,Public Road,1,"Trafficway, On Road",CT0009300,New Haven PD,40947,49:19.0,C,Closed,49:00.0,,,,,,,
885248,1,Complete,885248,885248,41.308819,-72.945587,3387346,New Haven,93,93,New Haven,3/11/2021,2021,3,March,11,5,Thursday,21:34:00,21,21009094,A,"Injury of any type (Serious, Minor, Possible)",C,Possible Injury (C),2,0,0,4,Local,0.21,556,SHERMAN AV,SHERMAN AV,GILBERT AV,,,,,41.308819,-72.945587,14,Motor Vehicle in Operation,3,Angle,1,On Roadway,1,Clear,88,Not Applicable,4,Dark-Lighted,1,Dry,0,None,88,Not Applicable,88,Not Applicable,0,None,88,Not Applicable,88,Not Applicable,2,Intersection,2,Four-Way Intersection,1,No,1,No,88,Not Applicable,88,Not Applicable,88,Not Applicable,88,Not Applicable,FALSE,1,Public Road,1,"Trafficway, On Road",CT0009300,New Haven PD,503,02:37.0,C,Closed,49:01.0,,,,,,,
885251,1,Complete,885251,885251,41.302656,-72.923397,3387349,New Haven,93,93,New Haven,3/11/2021,2021,3,March,11,5,Thursday,23:08:00,23,21009101,A,"Injury of any type (Serious, Minor, Possible)",C,Possible Injury (C),2,0,0,4,Local,1.52,575,STATE ST,STATE ST,FAIR ST,,,,,41.302656,-72.923397,14,Motor Vehicle in Operation,3,Angle,1,On Roadway,1,Clear,88,Not Applicable,5,Dark-Not Lighted,1,Dry,0,None,88,Not Applicable,88,Not Applicable,0,None,88,Not Applicable,88,Not Applicable,2,Intersection,2,Four-Way Intersection,1,No,1,No,88,Not Applicable,88,Not Applicable,88,Not Applicable,88,Not Applicable,FALSE,1,Public Road,1,"Trafficway, On Road",CT0009300,New Haven PD,40790,36:19.0,C,Closed,49:01.0,,,,,,,
885252,1,Complete,885252,885252,41.297207,-72.948671,3387350,New Haven,93,93,New Haven,3/12/2021,2021,3,March,12,6,Friday,7:25:00,7,21009118,A,"Injury of any type (Serious, Minor, Possible)",C,Possible Injury (C),2,0,0,3,State,1.45,10,10-N,10-N,,COLUMBUS AVE,100,Feet,S,41.297207,-72.948671,14,Motor Vehicle in Operation,97,Other,1,On Roadway,1,Clear,88,Not Applicable,1,Daylight,1,Dry,0,None,88,Not Applicable,88,Not Applicable,0,None,88,Not Applicable,88,Not Applicable,1,Non-Junction,1,Not at Intersection,1,No,1,No,88,Not Applicable,88,Not Applicable,88,Not Applicable,88,Not Applicable,FALSE,1,Public Road,1,"Trafficway, On Road",CT0009300,New Haven PD,40951,34:59.0,C,Closed,49:02.0,,4,20700,3,PRINCIPAL ARTERIAL - OTHER - NEW HPMS,2,Urban
885256,1,Complete,885256,885256,41.287103,-72.93568,3387354,New Haven,93,93,New Haven,3/12/2021,2021,3,March,12,6,Friday,10:34:00,10,21009138,A,"Injury of any type (Serious, Minor, Possible)",C,Possible Injury (C),2,0,0,4,Local,0.37,339,KIMBERLY AV,KIMBERLY AV,,ELLA T GRASSO BLVD,75,Feet,E,41.287103,-72.93568,14,Motor Vehicle in Operation,97,Other,1,On Roadway,1,Clear,88,Not Applicable,1,Daylight,1,Dry,0,None,88,Not Applicable,88,Not Applicable,0,None,88,Not Applicable,88,Not Applicable,1,Non-Junction,1,Not at Intersection,1,No,1,No,88,Not Applicable,88,Not Applicable,88,Not Applicable,88,Not Applicable,FALSE,1,Public Road,1,"Trafficway, On Road",CT0009300,New Haven PD,40951,16:58.0,C,Closed,49:02.0,,,,,,,
885263,1,Complete,885263,885263,41.309562,-72.895558,3387361,New Haven,93,93,New Haven,3/12/2021,2021,3,March,12,6,Friday,15:41:00,15,21009177,A,"Injury of any type (Serious, Minor, Possible)",C,Possible Injury (C),2,0,0,4,Local,0.71,213,FERRY ST,FERRY ST,,GRAND AVE,100,Feet,N,41.309562,-72.895558,14,Motor Vehicle in Operation,1,Front to rear,1,On Roadway,1,Clear,88,Not Applicable,1,Daylight,1,Dry,0,None,88,Not Applicable,88,Not Applicable,0,None,88,Not Applicable,88,Not Applicable,1,Non-Junction,1,Not at Intersection,1,No,1,No,88,Not Applicable,88,Not Applicable,88,Not Applicable,88,Not Applicable,FALSE,1,Public Road,1,"Trafficway, On Road",CT0009300,New Haven PD,83,52:42.0,C,Closed,49:06.0,,,,,,,
885267,1,Complete,885267,885267,41.325557,-72.952627,3387365,New Haven,93,93,New Haven,3/12/2021,2021,3,March,12,6,Friday,20:08:00,20,21009215,A,"Injury of any type (Serious, Minor, Possible)",C,Possible Injury (C),2,0,0,4,Local,0.41,56,BLAKE ST,BLAKE ST,DIAMOND ST,,,,,41.325557,-72.952627,14,Motor Vehicle in Operation,3,Angle,1,On Roadway,1,Clear,88,Not Applicable,5,Dark-Not Lighted,1,Dry,0,None,88,Not Applicable,88,Not Applicable,0,None,88,Not Applicable,88,Not Applicable,2,Intersection,3,T-Intersection,1,No,1,No,88,Not Applicable,88,Not Applicable,88,Not Applicable,88,Not Applicable,FALSE,1,Public Road,1,"Trafficway, On Road",CT0009300,New Haven PD,40812,58:38.0,C,Closed,49:08.0,,,,,,,
885272,1,Complete,885272,885272,41.326305,-72.940857,3387370,New Haven,93,93,New Haven,3/13/2021,2021,3,March,13,7,Saturday,12:22:00,12,21009280,A,"Injury of any type (Serious, Minor, Possible)",C,Possible Injury (C),2,0,1,4,Local,0.41,133,CRESCENT ST,CRESCENT ST,NORTON PKWY,,,,,41.326305,-72.940857,14,Motor Vehicle in Operation,3,Angle,1,On Roadway,1,Clear,88,Not Applicable,1,Daylight,1,Dry,0,None,88,Not Applicable,88,Not Applicable,0,None,88,Not Applicable,88,Not Applicable,2,Intersection,3,T-Intersection,1,No,1,No,88,Not Applicable,88,Not Applicable,88,Not Applicable,88,Not Applicable,FALSE,1,Public Road,1,"Trafficway, On Road",CT0009300,New Haven PD,238,24:38.0,C,Closed,49:19.0,,,,,,,
885276,1,Complete,885276,885276,41.304094,-72.89774,3387374,New Haven,93,93,New Haven,3/13/2021,2021,3,March,13,7,Saturday,15:33:00,15,21009301,A,"Injury of any type (Serious, Minor, Possible)",C,Possible Injury (C),2,0,1,4,Local,0.27,97,CHAPEL ST,CHAPEL ST,,BLATCHLEY AVE,250,Feet,E,41.304094,-72.89774,15,Parked Motor Vehicle,1,Front to rear,2,Shoulder,1,Clear,88,Not Applicable,1,Daylight,1,Dry,0,None,88,Not Applicable,88,Not Applicable,0,None,88,Not Applicable,88,Not Applicable,1,Non-Junction,1,Not at Intersection,1,No,1,No,88,Not Applicable,88,Not Applicable,88,Not Applicable,88,Not Applicable,FALSE,1,Public Road,1,"Trafficway, On Road",CT0009300,New Haven PD,971,29:11.0,C,Closed,49:12.0,21-9301,,,,,,
885279,1,Complete,885279,885279,41.315658,-72.939592,3387377,New Haven,93,93,New Haven,3/13/2021,2021,3,March,13,7,Saturday,18:29:00,18,21009328,A,"Injury of any type (Serious, Minor, Possible)",C,Possible Injury (C),2,0,0,4,Local,0.54,653,WHALLEY AV,WHALLEY AV,,ORCHARD ST,20,Feet,W,41.315658,-72.939592,14,Motor Vehicle in Operation,1,Front to rear,1,On Roadway,1,Clear,88,Not Applicable,5,Dark-Not Lighted,1,Dry,0,None,88,Not Applicable,88,Not Applicable,0,None,88,Not Applicable,88,Not Applicable,1,Non-Junction,1,Not at Intersection,1,No,1,No,88,Not Applicable,88,Not Applicable,88,Not Applicable,88,Not Applicable,FALSE,1,Public Road,1,"Trafficway, On Road",CT0009300,New Haven PD,261,13:16.0,C,Closed,49:21.0,,,,,,,
885284,1,Complete,885284,885284,41.293634,-72.937723,3387382,New Haven,93,93,New Haven,3/13/2021,2021,3,March,13,7,Saturday,23:24:00,23,21009358,A,"Injury of any type (Serious, Minor, Possible)",C,Possible Injury (C),2,0,0,4,Local,0.09,571,SPRING ST,SPRING ST,HURLBURT ST,,,,,41.293634,-72.937723,14,Motor Vehicle in Operation,3,Angle,1,On Roadway,1,Clear,88,Not Applicable,4,Dark-Lighted,1,Dry,0,None,88,Not Applicable,88,Not Applicable,0,None,88,Not Applicable,88,Not Applicable,2,Intersection,2,Four-Way Intersection,1,No,1,No,88,Not Applicable,88,Not Applicable,88,Not Applicable,88,Not Applicable,FALSE,1,Public Road,1,"Trafficway, On Road",CT0009300,New Haven PD,50,14:08.0,C,Closed,49:12.0,,,,,,,
885305,1,Complete,885305,885305,41.301026,-72.892344,3387403,New Haven,93,93,New Haven,3/15/2021,2021,3,March,15,2,Monday,15:30:00,15,21009551,A,"Injury of any type (Serious, Minor, Possible)",C,Possible Injury (C),3,0,0,4,Local,0.2,795,EAST FERRY ST,EAST FERRY ST,,FAIRMONT AV,60,Feet,N,41.301026,-72.892344,14,Motor Vehicle in Operation,1,Front to rear,1,On Roadway,1,Clear,88,Not Applicable,1,Daylight,1,Dry,0,None,88,Not Applicable,88,Not Applicable,0,None,88,Not Applicable,88,Not Applicable,2,Intersection,2,Four-Way Intersection,1,No,1,No,88,Not Applicable,88,Not Applicable,88,Not Applicable,88,Not Applicable,TRUE,1,Public Road,1,"Trafficway, On Road",CT0009300,New Haven PD,416,22:03.0,O,Open,49:16.0,,,,,,,
885309,1,Complete,885309,885309,41.314126,-72.896668,3387407,New Haven,93,93,New Haven,3/15/2021,2021,3,March,15,2,Monday,20:00:00,20,21009604,A,"Injury of any type (Serious, Minor, Possible)",C,Possible Injury (C),2,0,0,4,Local,0.38,213,FERRY ST,FERRY ST,CHATHAM ST,,,,,41.314126,-72.896668,14,Motor Vehicle in Operation,1,Front to rear,1,On Roadway,1,Clear,88,Not Applicable,4,Dark-Lighted,1,Dry,0,None,88,Not Applicable,88,Not Applicable,0,None,88,Not Applicable,88,Not Applicable,2,Intersection,2,Four-Way Intersection,1,No,1,No,88,Not Applicable,88,Not Applicable,88,Not Applicable,88,Not Applicable,FALSE,1,Public Road,1,"Trafficway, On Road",CT0009300,New Haven PD,83,27:03.0,C,Closed,49:17.0,,,,,,,
885310,1,Complete,885310,885310,41.29763,-72.940882,3387408,New Haven,93,93,New Haven,3/15/2021,2021,3,March,15,2,Monday,21:01:00,21,21009608,A,"Injury of any type (Serious, Minor, Possible)",C,Possible Injury (C),1,1,1,2,USRoute,47.05,1,1-N,1-N,WEST ST,,,,,41.29763,-72.940882,9,Pedestrian,88,Not Applicable,1,On Roadway,1,Clear,88,Not Applicable,4,Dark-Lighted,1,Dry,99,Unknown,88,Not Applicable,88,Not Applicable,99,Unknown,88,Not Applicable,88,Not Applicable,2,Intersection,2,Four-Way Intersection,1,No,1,No,88,Not Applicable,88,Not Applicable,88,Not Applicable,88,Not Applicable,TRUE,1,Public Road,1,"Trafficway, On Road",CT0009300,New Haven PD,40947,50:22.0,C,Closed,49:21.0,,2,8600,3,PRINCIPAL ARTERIAL - OTHER - NEW HPMS,2,Urban
885314,1,Complete,885314,885314,41.300852,-72.933016,3387412,New Haven,93,93,New Haven,3/16/2021,2021,3,March,16,3,Tuesday,8:14:00,8,21009635,A,"Injury of any type (Serious, Minor, Possible)",C,Possible Injury (C),1,1,0,4,Local,0.26,730,WASHINGTON AV NO 2,WASHINGTON AV NO 2,CEDAR ST NO 2,,,,,41.300852,-72.933016,9,Pedestrian,88,Not Applicable,1,On Roadway,1,Clear,88,Not Applicable,1,Daylight,1,Dry,3,Glare,88,Not Applicable,88,Not Applicable,0,None,88,Not Applicable,88,Not Applicable,2,Intersection,2,Four-Way Intersection,1,No,1,No,88,Not Applicable,88,Not Applicable,88,Not Applicable,88,Not Applicable,TRUE,1,Public Road,1,"Trafficway, On Road",CT0009300,New Haven PD,301,36:22.0,O,Open,49:39.0,,1,3000,4,MINOR ARTERIAL - NEW HPMS,2,Urban
885315,1,Complete,885315,885315,41.297646,-72.942073,3387413,New Haven,93,93,New Haven,3/16/2021,2021,3,March,16,3,Tuesday,8:29:00,8,21009636,A,"Injury of any type (Serious, Minor, Possible)",C,Possible Injury (C),2,0,0,2,USRoute,46.99,1,1-N,1-N,,WEST ST,200,Feet,W,41.297646,-72.942073,14,Motor Vehicle in Operation,3,Angle,1,On Roadway,1,Clear,88,Not Applicable,1,Daylight,1,Dry,0,None,88,Not Applicable,88,Not Applicable,0,None,88,Not Applicable,88,Not Applicable,1,Non-Junction,1,Not at Intersection,1,No,1,No,88,Not Applicable,88,Not Applicable,88,Not Applicable,88,Not Applicable,FALSE,1,Public Road,1,"Trafficway, On Road",CT0009300,New Haven PD,281,41:19.0,C,Closed,49:18.0,,2,5900,3,PRINCIPAL ARTERIAL - OTHER - NEW HPMS,2,Urban
885318,1,Complete,885318,885318,41.319397,-72.905095,3387416,New Haven,93,93,New Haven,3/16/2021,2021,3,March,16,3,Tuesday,12:31:00,12,21009660,A,"Injury of any type (Serious, Minor, Possible)",C,Possible Injury (C),2,0,0,4,Local,0.24,666,WILLOW ST,WILLOW ST,,MITCHELL DR,415,Feet,E,41.319397,-72.905095,14,Motor Vehicle in Operation,1,Front to rear,1,On Roadway,2,Cloudy,88,Not Applicable,1,Daylight,1,Dry,0,None,88,Not Applicable,88,Not Applicable,0,None,88,Not Applicable,88,Not Applicable,2,Intersection,3,T-Intersection,1,No,1,No,88,Not Applicable,88,Not Applicable,88,Not Applicable,88,Not Applicable,TRUE,1,Public Road,1,"Trafficway, On Road",CT0009300,New Haven PD,745,07:01.0,C,Closed,49:20.0,,,,,,,
885325,1,Complete,885325,885325,41.329754,-72.94358,3387423,New Haven,93,93,New Haven,3/16/2021,2021,3,March,16,3,Tuesday,22:57:00,22,21009736,A,"Injury of any type (Serious, Minor, Possible)",C,Possible Injury (C),2,0,0,4,Local,0.69,133,CRESCENT ST,CRESCENT ST,BELLEVUE RD,,,,,41.329754,-72.94358,14,Motor Vehicle in Operation,4,"Sideswipe, same direction",1,On Roadway,2,Cloudy,88,Not Applicable,4,Dark-Lighted,1,Dry,0,None,88,Not Applicable,88,Not Applicable,0,None,88,Not Applicable,88,Not Applicable,2,Intersection,3,T-Intersection,1,No,1,No,88,Not Applicable,88,Not Applicable,88,Not Applicable,88,Not Applicable,FALSE,1,Public Road,1,"Trafficway, On Road",CT0009300,New Haven PD,40956,09:05.0,C,Closed,49:23.0,,,,,,,
885330,1,Complete,885330,885330,41.319799,-72.920274,3387428,New Haven,93,93,New Haven,3/17/2021,2021,3,March,17,4,Wednesday,15:51:00,15,21009820,A,"Injury of any type (Serious, Minor, Possible)",B,Suspected Minor Injury (B),1,0,1,4,Local,0.16,184,EDWARDS ST,EDWARDS ST,,SAINT RONAN ST,50,Feet,W,41.319799,-72.920274,32,Tree (standing),88,Not Applicable,4,Roadside,1,Clear,88,Not Applicable,1,Daylight,1,Dry,0,None,88,Not Applicable,88,Not Applicable,0,None,88,Not Applicable,88,Not Applicable,97,Other,1,Not at Intersection,1,No,1,No,88,Not Applicable,88,Not Applicable,88,Not Applicable,88,Not Applicable,FALSE,1,Public Road,1,"Trafficway, On Road",CT0009300,New Haven PD,251,08:51.0,C,Closed,49:25.0,,2,7400,4,MINOR ARTERIAL - NEW HPMS,2,Urban
885333,1,Complete,885333,885333,41.331278,-72.949769,3387431,New Haven,93,93,New Haven,3/17/2021,2021,3,March,17,4,Wednesday,20:08:00,20,21009863,A,"Injury of any type (Serious, Minor, Possible)",C,Possible Injury (C),2,0,0,4,Local,1.06,133,CRESCENT ST,CRESCENT ST,10-N,,,,,41.331278,-72.949769,14,Motor Vehicle in Operation,1,Front to rear,1,On Roadway,1,Clear,88,Not Applicable,4,Dark-Lighted,1,Dry,0,None,88,Not Applicable,88,Not Applicable,0,None,88,Not Applicable,88,Not Applicable,2,Intersection,3,T-Intersection,1,No,1,No,88,Not Applicable,88,Not Applicable,88,Not Applicable,88,Not Applicable,TRUE,1,Public Road,1,"Trafficway, On Road",CT0009300,New Haven PD,74,06:43.0,C,Closed,49:47.0,,,,,,,
885340,1,Complete,885340,885340,41.313366,-72.909226,3387438,New Haven,93,93,New Haven,3/18/2021,2021,3,March,18,5,Thursday,12:58:00,12,21009935,A,"Injury of any type (Serious, Minor, Possible)",B,Suspected Minor Injury (B),2,0,0,4,Local,0.19,165,EAST ST,EAST ST,HUMPHREY ST,,,,,41.313366,-72.909226,14,Motor Vehicle in Operation,5,"Sideswipe, opposite direction",1,On Roadway,4,Rain,88,Not Applicable,1,Daylight,2,Wet,1,Weather Conditions,88,Not Applicable,88,Not Applicable,0,None,88,Not Applicable,88,Not Applicable,2,Intersection,2,Four-Way Intersection,1,No,1,No,88,Not Applicable,88,Not Applicable,88,Not Applicable,88,Not Applicable,FALSE,1,Public Road,1,"Trafficway, On Road",CT0009300,New Haven PD,86,59:04.0,C,Closed,49:27.0,,,,,,,
885347,1,Complete,885347,885347,41.30652,-72.92701,921083,New Haven,93,93,New Haven,3/18/2021,2021,3,March,18,5,Thursday,17:40:00,17,21009968,K,Fatal (Kill),K,Fatal Injury (K),1,1,1,4,Local,0.57,588,TEMPLE ST,TEMPLE ST,CHAPEL ST,,,,,41.30652,-72.92701,9,Pedestrian,88,Not Applicable,4,Roadside,1,Clear,88,Not Applicable,1,Daylight,1,Dry,99,Unknown,88,Not Applicable,88,Not Applicable,0,None,88,Not Applicable,88,Not Applicable,2,Intersection,2,Four-Way Intersection,1,No,1,No,88,Not Applicable,88,Not Applicable,88,Not Applicable,88,Not Applicable,FALSE,1,Public Road,1,"Trafficway, On Road",CT0009300,New Haven PD,40808,38:24.0,O,Open,59:20.0,,4,5200,3,PRINCIPAL ARTERIAL - OTHER - NEW HPMS,2,Urban
885348,1,Complete,885348,885348,41.297526,-72.949148,3387446,New Haven,93,93,New Haven,3/18/2021,2021,3,March,18,5,Thursday,19:54:00,19,21009982,A,"Injury of any type (Serious, Minor, Possible)",C,Possible Injury (C),1,1,0,3,State,1.47,10,10-N,10-N,1-N,,,,,41.297526,-72.949148,9,Pedestrian,88,Not Applicable,1,On Roadway,4,Rain,88,Not Applicable,4,Dark-Lighted,2,Wet,0,None,88,Not Applicable,88,Not Applicable,0,None,88,Not Applicable,88,Not Applicable,2,Intersection,2,Four-Way Intersection,1,No,1,No,88,Not Applicable,88,Not Applicable,88,Not Applicable,88,Not Applicable,FALSE,1,Public Road,1,"Trafficway, On Road",CT0009300,New Haven PD,42056,42:11.0,C,Closed,49:29.0,,4,20700,3,PRINCIPAL ARTERIAL - OTHER - NEW HPMS,2,Urban
885349,1,Complete,885349,885349,41.319951,-72.898112,3387447,New Haven,93,93,New Haven,3/18/2021,2021,3,March,18,5,Thursday,19:49:00,19,21009984,A,"Injury of any type (Serious, Minor, Possible)",C,Possible Injury (C),1,1,0,2,USRoute,0.42,5,5-N,5-N,GRACE ST,,,,,41.319951,-72.898112,9,Pedestrian,88,Not Applicable,1,On Roadway,4,Rain,88,Not Applicable,4,Dark-Lighted,2,Wet,99,Unknown,88,Not Applicable,88,Not Applicable,99,Unknown,88,Not Applicable,88,Not Applicable,2,Intersection,3,T-Intersection,1,No,1,No,88,Not Applicable,88,Not Applicable,88,Not Applicable,88,Not Applicable,FALSE,1,Public Road,1,"Trafficway, On Road",CT0009300,New Haven PD,40947,41:41.0,C,Closed,49:29.0,,3,19300,4,MINOR ARTERIAL - NEW HPMS,2,Urban
885350,1,Complete,885350,885350,41.313539,-72.923598,3387448,New Haven,93,93,New Haven,3/18/2021,2021,3,March,18,5,Thursday,20:55:00,20,21009986,A,"Injury of any type (Serious, Minor, Possible)",C,Possible Injury (C),2,0,0,4,Local,0.08,601,TRUMBULL ST,TRUMBULL ST,HILLHOUSE AV,,,,,41.313539,-72.923598,14,Motor Vehicle in Operation,1,Front to rear,1,On Roadway,4,Rain,88,Not Applicable,4,Dark-Lighted,2,Wet,0,None,88,Not Applicable,88,Not Applicable,0,None,88,Not Applicable,88,Not Applicable,2,Intersection,2,Four-Way Intersection,1,No,1,No,88,Not Applicable,88,Not Applicable,88,Not Applicable,88,Not Applicable,FALSE,1,Public Road,1,"Trafficway, On Road",CT0009300,New Haven PD,241,16:18.0,C,Closed,49:29.0,,,,,,,
885351,1,Complete,885351,885351,41.293581,-72.897728,3387449,New Haven,93,93,New Haven,3/19/2021,2021,3,March,19,6,Friday,10:24:00,10,21010024,A,"Injury of any type (Serious, Minor, Possible)",C,Possible Injury (C),2,0,2,2,USRoute,49.82,1,1-N,1-N,FULTON TER,,,,,41.293581,-72.897728,14,Motor Vehicle in Operation,3,Angle,1,On Roadway,1,Clear,88,Not Applicable,1,Daylight,1,Dry,0,None,88,Not Applicable,88,Not Applicable,0,None,88,Not Applicable,88,Not Applicable,2,Intersection,3,T-Intersection,1,No,1,No,88,Not Applicable,88,Not Applicable,88,Not Applicable,88,Not Applicable,FALSE,1,Public Road,1,"Trafficway, On Road",CT0009300,New Haven PD,156,28:27.0,C,Closed,49:31.0,,2,9400,3,PRINCIPAL ARTERIAL - OTHER - NEW HPMS,2,Urban
885352,1,Complete,885352,885352,41.296668,-72.896742,3387450,New Haven,93,93,New Haven,3/19/2021,2021,3,March,19,6,Friday,16:30:00,16,21010064,A,"Injury of any type (Serious, Minor, Possible)",C,Possible Injury (C),2,0,0,4,Local,0.11,260,GOODWIN ST,GOODWIN ST,,GOODWIN ST,500,Feet,N,41.296668,-72.896742,14,Motor Vehicle in Operation,3,Angle,8,"Off Roadway,  Location Unknown",1,Clear,88,Not Applicable,3,Dusk,1,Dry,0,None,88,Not Applicable,88,Not Applicable,0,None,88,Not Applicable,88,Not Applicable,1,Non-Junction,1,Not at Intersection,1,No,1,No,88,Not Applicable,88,Not Applicable,88,Not Applicable,88,Not Applicable,TRUE,88,Not Applicable,3,Non-trafficway,CT0009300,New Haven PD,409,12:43.0,C,Closed,50:32.0,,,,,,,
885353,1,Complete,885353,885353,41.298779,-72.896739,3387451,New Haven,93,93,New Haven,3/19/2021,2021,3,March,19,6,Friday,19:11:00,19,21010088,A,"Injury of any type (Serious, Minor, Possible)",C,Possible Injury (C),2,0,0,,,,,,WHEELER ST,,FUTTON ST,1125,Feet,W,41.298779,-72.896739,14,Motor Vehicle in Operation,3,Angle,7,In Parking Lane or Zone,1,Clear,88,Not Applicable,1,Daylight,1,Dry,0,None,88,Not Applicable,88,Not Applicable,0,None,88,Not Applicable,88,Not Applicable,17,"Other Location Not Listed Above Within an Interchange Area (median, shoulder and roadside)",1,Not at Intersection,1,No,1,No,88,Not Applicable,88,Not Applicable,88,Not Applicable,88,Not Applicable,TRUE,2,Private Road,4,Parking Lot,CT0009300,New Haven PD,409,37:22.0,C,Closed,49:31.0,,,,,,,
885355,1,Complete,885355,885355,41.30738,-72.91921,3387453,New Haven,93,93,New Haven,3/19/2021,2021,3,March,19,6,Friday,22:06:00,22,21010126,A,"Injury of any type (Serious, Minor, Possible)",C,Possible Injury (C),2,0,0,4,Local,1.75,264,GRAND AV,GRAND AV,OLIVE ST,,,,,41.30738,-72.91921,14,Motor Vehicle in Operation,3,Angle,1,On Roadway,1,Clear,88,Not Applicable,4,Dark-Lighted,1,Dry,0,None,88,Not Applicable,88,Not Applicable,0,None,88,Not Applicable,88,Not Applicable,2,Intersection,2,Four-Way Intersection,1,No,1,No,88,Not Applicable,88,Not Applicable,88,Not Applicable,88,Not Applicable,FALSE,1,Public Road,1,"Trafficway, On Road",CT0009300,New Haven PD,97,55:56.0,C,Closed,49:48.0,,,,,,,
885356,1,Complete,885356,885356,41.303986,-72.898695,3387454,New Haven,93,93,New Haven,3/19/2021,2021,3,March,19,6,Friday,22:49:00,22,21010130,A,"Injury of any type (Serious, Minor, Possible)",C,Possible Injury (C),2,0,0,4,Local,0.32,97,CHAPEL ST,CHAPEL ST,BLATCHLEY AV,,,,,41.303986,-72.898695,14,Motor Vehicle in Operation,3,Angle,1,On Roadway,1,Clear,88,Not Applicable,4,Dark-Lighted,1,Dry,0,None,88,Not Applicable,88,Not Applicable,0,None,88,Not Applicable,88,Not Applicable,2,Intersection,2,Four-Way Intersection,1,No,1,No,88,Not Applicable,88,Not Applicable,88,Not Applicable,88,Not Applicable,FALSE,1,Public Road,1,"Trafficway, On Road",CT0009300,New Haven PD,353,04:34.0,C,Closed,49:32.0,,,,,,,