CrashId,Fatal Case Status,Fatal Case Status Text Format,CrashId,CrashId,Latitude,Longitude,DOT Case Number,Town Name,Town Number,Town Number,Town Number Text Format,Date Of Crash,Year,Month,Month Text Format,Day,Day of the Week,Day of the Week Text Format,Time of Crash,Hour of the Day,Case Identifier,Crash Severity,Crash Severity Text Format,Most Severe Injury,Most Severe Injury Text Format,Number Of Motor Vehicles,Number Of Non-Motorist,Number Of Witnesses,Route Class,Route Class Text Format,Milemarker,Road Number,Road Description,Roadway Name,Intersecting Roadway Name,Landmark Description,Distance From Nearest Landmark,Unit Of Measure From Nearest Landmark,Direction From Nearest Landmark,Latitude,Longitude,First Harmful Event,First Harmful Event Text Format,Manner of Crash / Collision Impact,Manner of Crash / Collision Impact Text Format,Location of First Harmful Event,Location of First Harmful Event Text Format,Weather Condition,Weather Condition Text Format,Weather 2,Weather 2 Text Format,Light Condition,Light Condition Text Format,Road Surface Condition,Road Surface Condition Text Format,"Contributing Circumstances, Environment","Contributing Circumstances, Environment Text Format",Environment 2,Environment 2 Text Format,Environment 3,Environment 3 Text Format,"Contributing Circumstances, Road","Contributing Circumstances, Road Text Format",Road 2,Road 2 Text Format,Road 3,Road 3 Text Format,Crash Specific Location,Crash Specific Location Text Format,Type of Intersection,Type of Intersection Text Format,School Bus Related,School Bus Related Text Format,Work Zone Related,Work Zone Related Text Format,Location Of Crash Relative To Work Zone,Location Of Crash Relative To Work Zone Text Format,Type of Work Zone,Type of Work Zone Text Format,Worker Presence,Worker Presence Text Format,Law Enforcement Presence,Law Enforcement Presence Text Format,Were Vehicles Moved Prior To Police Arrival,Trafficway Ownership,Trafficway Ownership Text Format,Trafficway Class,Trafficway Class Text Format,Police Agency,Police Agency Text Format,Badge Number,Approval Date,Police Case Status,Police Case Status Text Format,Crash Report Submission Date,Related Case Identifiers,No. of Through Lanes (Log Dir.),Average Daily Traffic,Functional Classification,Functional Classification Text Format,Rural or Urban,Rural or Urban Text Format
885462,1,Complete,885462,885462,41.317581,-72.949824,3387560,New Haven,93,93,New Haven,3/26/2021,2021,3,March,26,6,Friday,15:26:00,15,21011018,A,"Injury of any type (Serious, Minor, Possible)",B,Suspected Minor Injury (B),2,0,0,3,State,2.92,10,10-N,10-N,ELM ST NO 1,,,,,41.317581,-72.949824,14,Motor Vehicle in Operation,3,Angle,1,On Roadway,1,Clear,88,Not Applicable,1,Daylight,1,Dry,0,None,88,Not Applicable,88,Not Applicable,0,None,88,Not Applicable,88,Not Applicable,2,Intersection,2,Four-Way Intersection,1,No,1,No,88,Not Applicable,88,Not Applicable,88,Not Applicable,88,Not Applicable,FALSE,1,Public Road,1,"Trafficway, On Road",CT0009300,New Haven PD,79,49:00.0,C,Closed,49:58.0,,2,10100,3,PRINCIPAL ARTERIAL - OTHER - NEW HPMS,2,Urban
885470,1,Complete,885470,885470,41.31536,-72.895392,3387568,New Haven,93,93,New Haven,3/27/2021,2021,3,March,27,7,Saturday,2:31:00,2,21011095,A,"Injury of any type (Serious, Minor, Possible)",C,Possible Injury (C),3,0,0,4,Local,0.45,379,LOMBARD ST,LOMBARD ST,ROWE ST,,,,,41.31536,-72.895392,14,Motor Vehicle in Operation,3,Angle,1,On Roadway,1,Clear,88,Not Applicable,4,Dark-Lighted,1,Dry,0,None,88,Not Applicable,88,Not Applicable,0,None,88,Not Applicable,88,Not Applicable,2,Intersection,2,Four-Way Intersection,1,No,1,No,88,Not Applicable,88,Not Applicable,88,Not Applicable,88,Not Applicable,FALSE,1,Public Road,1,"Trafficway, On Road",CT0009300,New Haven PD,353,39:49.0,C,Closed,50:02.0,,,,,,,
885471,1,Complete,885471,885471,41.316687,-72.943115,3387569,New Haven,93,93,New Haven,3/27/2021,2021,3,March,27,7,Saturday,3:40:00,3,21011099,A,"Injury of any type (Serious, Minor, Possible)",C,Possible Injury (C),2,0,0,,,,,,308 WHALLEY AVE,,,,,,41.316687,-72.943115,14,Motor Vehicle in Operation,4,"Sideswipe, same direction",7,In Parking Lane or Zone,2,Cloudy,88,Not Applicable,4,Dark-Lighted,1,Dry,0,None,88,Not Applicable,88,Not Applicable,0,None,88,Not Applicable,88,Not Applicable,17,"Other Location Not Listed Above Within an Interchange Area (median, shoulder and roadside)",1,Not at Intersection,1,No,1,No,88,Not Applicable,88,Not Applicable,88,Not Applicable,88,Not Applicable,TRUE,88,Not Applicable,4,Parking Lot,CT0009300,New Haven PD,40956,17:43.0,C,Closed,50:01.0,,,,,,,
885472,1,Complete,885472,885472,41.319762,-72.905891,3387570,New Haven,93,93,New Haven,3/27/2021,2021,3,March,27,7,Saturday,10:45:00,10,21011114,A,"Injury of any type (Serious, Minor, Possible)",B,Suspected Minor Injury (B),2,0,0,4,Local,0.29,666,WILLOW ST,WILLOW ST,,MITCHELL DR,100,Feet,E,41.319762,-72.905891,14,Motor Vehicle in Operation,4,"Sideswipe, same direction",1,On Roadway,1,Clear,88,Not Applicable,1,Daylight,1,Dry,0,None,88,Not Applicable,88,Not Applicable,0,None,88,Not Applicable,88,Not Applicable,1,Non-Junction,1,Not at Intersection,1,No,1,No,88,Not Applicable,88,Not Applicable,88,Not Applicable,88,Not Applicable,FALSE,1,Public Road,1,"Trafficway, On Road",CT0009300,New Haven PD,40951,35:18.0,C,Closed,50:18.0,,,,,,,
885475,1,Complete,885475,885475,41.314193,-72.935611,3387573,New Haven,93,93,New Haven,3/27/2021,2021,3,March,27,7,Saturday,14:29:00,14,21011135,A,"Injury of any type (Serious, Minor, Possible)",C,Possible Injury (C),1,1,2,4,Local,0.77,653,WHALLEY AV,WHALLEY AV,,,,,,41.314193,-72.935611,9,Pedestrian,88,Not Applicable,1,On Roadway,1,Clear,88,Not Applicable,1,Daylight,1,Dry,0,None,88,Not Applicable,88,Not Applicable,0,None,88,Not Applicable,88,Not Applicable,2,Intersection,3,T-Intersection,1,No,1,No,88,Not Applicable,88,Not Applicable,88,Not Applicable,88,Not Applicable,FALSE,1,Public Road,1,"Trafficway, On Road",CT0009300,New Haven PD,42052,19:16.0,C,Closed,50:08.0,,4,21100,3,PRINCIPAL ARTERIAL - OTHER - NEW HPMS,2,Urban
885476,1,Complete,885476,885476,41.30615,-72.946844,3387574,New Haven,93,93,New Haven,3/27/2021,2021,3,March,27,7,Saturday,15:10:00,15,21011137,A,"Injury of any type (Serious, Minor, Possible)",C,Possible Injury (C),2,0,0,4,Local,0.02,556,SHERMAN AV,SHERMAN AV,,LEGION AVE,50,Feet,S,41.30615,-72.946844,14,Motor Vehicle in Operation,1,Front to rear,1,On Roadway,1,Clear,88,Not Applicable,1,Daylight,1,Dry,0,None,88,Not Applicable,88,Not Applicable,0,None,88,Not Applicable,88,Not Applicable,1,Non-Junction,1,Not at Intersection,1,No,1,No,88,Not Applicable,88,Not Applicable,88,Not Applicable,88,Not Applicable,FALSE,1,Public Road,1,"Trafficway, On Road",CT0009300,New Haven PD,72,25:52.0,C,Closed,50:12.0,,,,,,,
885481,1,Complete,885481,885481,41.288505,-72.934939,3387579,New Haven,93,93,New Haven,3/27/2021,2021,3,March,27,7,Saturday,16:30:00,16,21011171,A,"Injury of any type (Serious, Minor, Possible)",C,Possible Injury (C),2,0,0,4,Local,0.28,339,KIMBERLY AV,KIMBERLY AV,,GRANT ST,140,Feet,W,41.288505,-72.934939,14,Motor Vehicle in Operation,3,Angle,1,On Roadway,1,Clear,88,Not Applicable,4,Dark-Lighted,1,Dry,0,None,88,Not Applicable,88,Not Applicable,0,None,88,Not Applicable,88,Not Applicable,1,Non-Junction,1,Not at Intersection,1,No,1,No,88,Not Applicable,88,Not Applicable,88,Not Applicable,88,Not Applicable,FALSE,1,Public Road,1,"Trafficway, On Road",CT0009300,New Haven PD,299,12:29.0,C,Closed,50:47.0,,,,,,,
885491,1,Complete,885491,885491,41.319239,-72.904583,3387589,New Haven,93,93,New Haven,3/28/2021,2021,3,March,28,1,Sunday,22:23:00,22,21011259,A,"Injury of any type (Serious, Minor, Possible)",C,Possible Injury (C),3,0,0,4,Local,0.21,666,WILLOW ST,WILLOW ST,,MITCHELL ST,500,Feet,E,41.319239,-72.904583,14,Motor Vehicle in Operation,1,Front to rear,1,On Roadway,4,Rain,88,Not Applicable,4,Dark-Lighted,2,Wet,1,Weather Conditions,88,Not Applicable,88,Not Applicable,0,None,88,Not Applicable,88,Not Applicable,1,Non-Junction,1,Not at Intersection,1,No,1,No,88,Not Applicable,88,Not Applicable,88,Not Applicable,88,Not Applicable,FALSE,1,Public Road,1,"Trafficway, On Road",CT0009300,New Haven PD,41103,41:44.0,C,Closed,50:13.0,,,,,,,
885494,1,Complete,885494,885494,41.347384,-72.958315,3387592,New Haven,93,93,New Haven,3/29/2021,2021,3,March,29,2,Monday,10:32:00,10,21011308,A,"Injury of any type (Serious, Minor, Possible)",C,Possible Injury (C),1,0,0,4,Local,0.57,667,WILMOT RD,WILMOT RD,ROCKVIEW CIR RD,,,,,41.347384,-72.958315,39,"Other Fixed Object (wall, building, tunnel, etc.)",88,Not Applicable,8,"Off Roadway,  Location Unknown",1,Clear,88,Not Applicable,1,Daylight,1,Dry,0,None,88,Not Applicable,88,Not Applicable,0,None,88,Not Applicable,88,Not Applicable,2,Intersection,7,Roundabout,1,No,1,No,88,Not Applicable,88,Not Applicable,88,Not Applicable,88,Not Applicable,FALSE,1,Public Road,1,"Trafficway, On Road",CT0009300,New Haven PD,42042,18:14.0,C,Closed,50:11.0,,2,3761,7,LOCAL - NEW HPMS,2,Urban
885495,1,Complete,885495,885495,41.318012,-72.951097,3387593,New Haven,93,93,New Haven,3/29/2021,2021,3,March,29,2,Monday,13:24:00,13,21011324,A,"Injury of any type (Serious, Minor, Possible)",C,Possible Injury (C),2,0,0,4,Local,1.02,194,ELM ST NO 1,ELM ST NO 1,BROWNELL ST,,,,,41.318012,-72.951097,14,Motor Vehicle in Operation,3,Angle,1,On Roadway,1,Clear,88,Not Applicable,1,Daylight,1,Dry,0,None,88,Not Applicable,88,Not Applicable,0,None,88,Not Applicable,88,Not Applicable,2,Intersection,2,Four-Way Intersection,1,No,1,No,88,Not Applicable,88,Not Applicable,88,Not Applicable,88,Not Applicable,FALSE,1,Public Road,1,"Trafficway, On Road",CT0009300,New Haven PD,301,48:23.0,C,Closed,50:56.0,,,,,,,
885499,1,Complete,885499,885499,41.326678,-72.959807,3387597,New Haven,93,93,New Haven,3/29/2021,2021,3,March,29,2,Monday,15:15:00,15,21011343,A,"Injury of any type (Serious, Minor, Possible)",C,Possible Injury (C),2,0,0,3,State,0.19,63,63-N,63-N,CENTRAL AV,,,,,41.326678,-72.959807,14,Motor Vehicle in Operation,1,Front to rear,1,On Roadway,1,Clear,88,Not Applicable,1,Daylight,1,Dry,0,None,88,Not Applicable,88,Not Applicable,0,None,88,Not Applicable,88,Not Applicable,2,Intersection,3,T-Intersection,1,No,1,No,88,Not Applicable,88,Not Applicable,88,Not Applicable,88,Not Applicable,TRUE,1,Public Road,1,"Trafficway, On Road",CT0009300,New Haven PD,402,59:40.0,C,Closed,50:13.0,,3,15400,3,PRINCIPAL ARTERIAL - OTHER - NEW HPMS,2,Urban
885504,1,Complete,885504,885504,41.32081,-72.93436,3387602,New Haven,93,93,New Haven,3/30/2021,2021,3,March,30,3,Tuesday,5:49:00,5,21011428,A,"Injury of any type (Serious, Minor, Possible)",C,Possible Injury (C),2,0,1,4,Local,0.56,152,DIXWELL AV,DIXWELL AV,HENRY ST,,,,,41.32081,-72.93436,14,Motor Vehicle in Operation,1,Front to rear,1,On Roadway,1,Clear,88,Not Applicable,2,Dawn,1,Dry,0,None,88,Not Applicable,88,Not Applicable,0,None,88,Not Applicable,88,Not Applicable,2,Intersection,2,Four-Way Intersection,1,No,1,No,88,Not Applicable,88,Not Applicable,88,Not Applicable,88,Not Applicable,FALSE,1,Public Road,1,"Trafficway, On Road",CT0009300,New Haven PD,40802,16:13.0,C,Closed,50:26.0,,,,,,,
885506,1,Complete,885506,885506,41.331858,-72.920309,3387604,New Haven,93,93,New Haven,3/30/2021,2021,3,March,30,3,Tuesday,10:09:00,10,21011453,A,"Injury of any type (Serious, Minor, Possible)",B,Suspected Minor Injury (B),2,0,0,4,Local,0.62,171,EAST ROCK RD,EAST ROCK RD,,PROSPECT ST,100,Feet,E,41.331858,-72.920309,15,Parked Motor Vehicle,4,"Sideswipe, same direction",2,Shoulder,1,Clear,88,Not Applicable,1,Daylight,1,Dry,0,None,88,Not Applicable,88,Not Applicable,0,None,88,Not Applicable,88,Not Applicable,1,Non-Junction,1,Not at Intersection,1,No,1,No,88,Not Applicable,88,Not Applicable,88,Not Applicable,88,Not Applicable,FALSE,1,Public Road,1,"Trafficway, On Road",CT0009300,New Haven PD,332,16:29.0,C,Closed,50:19.0,,,,,,,
885510,1,Complete,885510,885510,41.3079385,-72.9302852,3387608,New Haven,93,93,New Haven,3/30/2021,2021,3,March,30,3,Tuesday,14:35:00,14,21011507,A,"Injury of any type (Serious, Minor, Possible)",A,Suspected Serious Injury (A),1,1,1,4,Local,2.04,97,CHAPEL ST,CHAPEL ST,HIGH ST,,,,,41.3079385,-72.9302852,9,Pedestrian,88,Not Applicable,1,On Roadway,1,Clear,88,Not Applicable,1,Daylight,1,Dry,0,None,88,Not Applicable,88,Not Applicable,0,None,88,Not Applicable,88,Not Applicable,2,Intersection,2,Four-Way Intersection,1,No,1,No,88,Not Applicable,88,Not Applicable,88,Not Applicable,88,Not Applicable,FALSE,1,Public Road,1,"Trafficway, On Road",CT0009300,New Haven PD,40952,34:29.0,C,Closed,50:17.0,,2,7700,4,MINOR ARTERIAL - NEW HPMS,2,Urban
885536,1,Complete,885536,885536,41.314586,-72.959164,3387634,New Haven,93,93,New Haven,3/30/2021,2021,3,March,30,3,Tuesday,14:56:00,14,21011517,A,"Injury of any type (Serious, Minor, Possible)",B,Suspected Minor Injury (B),2,0,0,4,Local,3.61,97,CHAPEL ST,CHAPEL ST,YALE AV,,,,,41.314586,-72.959164,14,Motor Vehicle in Operation,97,Other,1,On Roadway,1,Clear,88,Not Applicable,1,Daylight,1,Dry,0,None,88,Not Applicable,88,Not Applicable,0,None,88,Not Applicable,88,Not Applicable,2,Intersection,2,Four-Way Intersection,1,No,1,No,88,Not Applicable,88,Not Applicable,88,Not Applicable,88,Not Applicable,FALSE,1,Public Road,1,"Trafficway, On Road",CT0009300,New Haven PD,751,02:10.0,C,Closed,50:17.0,,,,,,,
885537,1,Complete,885537,885537,41.329279,-72.968852,3387635,New Haven,93,93,New Haven,3/30/2021,2021,3,March,30,3,Tuesday,17:05:00,17,21011529,A,"Injury of any type (Serious, Minor, Possible)",C,Possible Injury (C),2,0,0,3,State,0.72,63,63-N,63-N,,DAYTON ST,65,Feet,W,41.329279,-72.968852,14,Motor Vehicle in Operation,3,Angle,1,On Roadway,1,Clear,88,Not Applicable,1,Daylight,1,Dry,0,None,88,Not Applicable,88,Not Applicable,0,None,88,Not Applicable,88,Not Applicable,1,Non-Junction,1,Not at Intersection,1,No,1,No,88,Not Applicable,88,Not Applicable,88,Not Applicable,88,Not Applicable,FALSE,1,Public Road,1,"Trafficway, On Road",CT0009300,New Haven PD,170,24:25.0,C,Closed,50:17.0,,3,22900,3,PRINCIPAL ARTERIAL - OTHER - NEW HPMS,2,Urban
885539,1,Complete,885539,885539,41.290945,-72.934973,3387637,New Haven,93,93,New Haven,3/30/2021,2021,3,March,30,3,Tuesday,18:32:00,18,21011547,A,"Injury of any type (Serious, Minor, Possible)",C,Possible Injury (C),3,0,0,4,Local,0.29,350,LAMBERTON ST,LAMBERTON ST,,PLYMOUTH ST,25,Feet,W,41.290945,-72.934973,15,Parked Motor Vehicle,1,Front to rear,1,On Roadway,1,Clear,88,Not Applicable,3,Dusk,1,Dry,0,None,88,Not Applicable,88,Not Applicable,0,None,88,Not Applicable,88,Not Applicable,1,Non-Junction,1,Not at Intersection,1,No,1,No,88,Not Applicable,88,Not Applicable,88,Not Applicable,88,Not Applicable,FALSE,1,Public Road,1,"Trafficway, On Road",CT0009300,New Haven PD,40810,32:33.0,C,Closed,50:18.0,,,,,,,
885542,1,Complete,885542,885542,41.308354,-72.931679,3387640,New Haven,93,93,New Haven,3/30/2021,2021,3,March,30,3,Tuesday,22:30:00,22,21011575,A,"Injury of any type (Serious, Minor, Possible)",C,Possible Injury (C),2,0,0,4,Local,0.45,766,YORK ST,YORK ST,CHAPEL ST,,,,,41.308354,-72.931679,14,Motor Vehicle in Operation,3,Angle,1,On Roadway,1,Clear,88,Not Applicable,4,Dark-Lighted,1,Dry,0,None,88,Not Applicable,88,Not Applicable,0,None,88,Not Applicable,88,Not Applicable,2,Intersection,2,Four-Way Intersection,1,No,1,No,88,Not Applicable,88,Not Applicable,88,Not Applicable,88,Not Applicable,TRUE,1,Public Road,1,"Trafficway, On Road",CT0009300,New Haven PD,20,59:11.0,C,Closed,50:20.0,,,,,,,
885546,1,Complete,885546,885546,41.323151,-72.948769,3387644,New Haven,93,93,New Haven,3/31/2021,2021,3,March,31,4,Wednesday,7:48:00,7,21011598,A,"Injury of any type (Serious, Minor, Possible)",B,Suspected Minor Injury (B),2,0,0,4,Local,0.28,690,ELLA T GRASSO BLVD,ELLA T GRASSO BLVD,GOFFE TER,,,,,41.323151,-72.948769,14,Motor Vehicle in Operation,3,Angle,1,On Roadway,1,Clear,88,Not Applicable,1,Daylight,1,Dry,0,None,88,Not Applicable,88,Not Applicable,0,None,88,Not Applicable,88,Not Applicable,2,Intersection,2,Four-Way Intersection,1,No,1,No,88,Not Applicable,88,Not Applicable,88,Not Applicable,88,Not Applicable,TRUE,1,Public Road,1,"Trafficway, On Road",CT0009300,New Haven PD,238,58:45.0,C,Closed,50:29.0,,,,,,,
885547,1,Complete,885547,885547,41.3008542,-72.9107936,3387645,New Haven,93,93,New Haven,3/31/2021,2021,3,March,31,4,Wednesday,9:22:00,9,21011607,A,"Injury of any type (Serious, Minor, Possible)",C,Possible Injury (C),2,0,1,2,USRoute,48.96,1,1-N,1-N,EAST ST,,,,,41.3008542,-72.9107936,14,Motor Vehicle in Operation,3,Angle,99,Unknown,1,Clear,88,Not Applicable,1,Daylight,1,Dry,0,None,88,Not Applicable,88,Not Applicable,0,None,88,Not Applicable,88,Not Applicable,2,Intersection,2,Four-Way Intersection,1,No,1,No,88,Not Applicable,88,Not Applicable,88,Not Applicable,88,Not Applicable,FALSE,1,Public Road,1,"Trafficway, On Road",CT0009300,New Haven PD,42048,17:53.0,C,Closed,50:21.0,,4,12400,3,PRINCIPAL ARTERIAL - OTHER - NEW HPMS,2,Urban
885548,1,Complete,885548,885548,41.304989,-72.93731,3387646,New Haven,93,93,New Haven,3/31/2021,2021,3,March,31,4,Wednesday,9:30:00,9,21011609,A,"Injury of any type (Serious, Minor, Possible)",C,Possible Injury (C),2,0,0,4,Local,0.08,308,HOWARD AV,HOWARD AV,SYLVAN AV,,,,,41.304989,-72.93731,14,Motor Vehicle in Operation,1,Front to rear,1,On Roadway,2,Cloudy,88,Not Applicable,1,Daylight,1,Dry,0,None,88,Not Applicable,88,Not Applicable,0,None,88,Not Applicable,88,Not Applicable,2,Intersection,3,T-Intersection,1,No,1,No,88,Not Applicable,88,Not Applicable,88,Not Applicable,88,Not Applicable,TRUE,1,Public Road,1,"Trafficway, On Road",CT0009300,New Haven PD,745,22:47.0,C,Closed,50:20.0,,,,,,,
885550,1,Complete,885550,885550,41.311679,-72.899902,3387648,New Haven,93,93,New Haven,3/31/2021,2021,3,March,31,4,Wednesday,11:38:00,11,21011634,A,"Injury of any type (Serious, Minor, Possible)",C,Possible Injury (C),2,0,0,4,Local,0.6,57,BLATCHLEY AV,BLATCHLEY AV,PINE ST NO 1,,,,,41.311679,-72.899902,14,Motor Vehicle in Operation,3,Angle,1,On Roadway,2,Cloudy,88,Not Applicable,1,Daylight,1,Dry,0,None,88,Not Applicable,88,Not Applicable,0,None,88,Not Applicable,88,Not Applicable,2,Intersection,2,Four-Way Intersection,1,No,1,No,88,Not Applicable,88,Not Applicable,88,Not Applicable,88,Not Applicable,FALSE,1,Public Road,1,"Trafficway, On Road",CT0009300,New Haven PD,42044,58:47.0,C,Closed,50:39.0,,,,,,,
885559,1,Complete,885559,885559,41.3326,-72.9378,3387657,New Haven,93,93,New Haven,3/31/2021,2021,3,March,31,4,Wednesday,18:42:00,18,21011710,A,"Injury of any type (Serious, Minor, Possible)",C,Possible Injury (C),2,0,0,4,Local,0.95,557,SHERMAN PKWY,SHERMAN PKWY,BASSETT ST,,,,,41.3326,-72.9378,14,Motor Vehicle in Operation,1,Front to rear,1,On Roadway,4,Rain,88,Not Applicable,1,Daylight,2,Wet,99,Unknown,88,Not Applicable,88,Not Applicable,99,Unknown,88,Not Applicable,88,Not Applicable,3,Intersection-Related,2,Four-Way Intersection,1,No,1,No,88,Not Applicable,88,Not Applicable,88,Not Applicable,88,Not Applicable,TRUE,1,Public Road,1,"Trafficway, On Road",CT0009300,New Haven PD,921,31:51.0,C,Closed,50:30.0,,,,,,,
885562,1,Complete,885562,885562,41.31309,-72.89647,3387660,New Haven,93,93,New Haven,3/31/2021,2021,3,March,31,4,Wednesday,19:24:00,19,21011716,A,"Injury of any type (Serious, Minor, Possible)",C,Possible Injury (C),2,0,0,4,Local,0.46,213,FERRY ST,FERRY ST,GRAFTON ST,,,,,41.31309,-72.89647,14,Motor Vehicle in Operation,1,Front to rear,1,On Roadway,4,Rain,88,Not Applicable,4,Dark-Lighted,2,Wet,0,None,88,Not Applicable,88,Not Applicable,0,None,88,Not Applicable,88,Not Applicable,2,Intersection,3,T-Intersection,1,No,1,No,88,Not Applicable,88,Not Applicable,88,Not Applicable,88,Not Applicable,FALSE,1,Public Road,1,"Trafficway, On Road",CT0009300,New Haven PD,83,44:44.0,C,Closed,50:25.0,,,,,,,
885563,1,Complete,885563,885563,41.303672,-72.88751,3387661,New Haven,93,93,New Haven,3/31/2021,2021,3,March,31,4,Wednesday,17:49:00,17,21011719,A,"Injury of any type (Serious, Minor, Possible)",B,Suspected Minor Injury (B),2,0,0,4,Local,0.08,456,OXFORD ST,OXFORD ST,LENOX ST,,,,,41.303672,-72.88751,14,Motor Vehicle in Operation,3,Angle,1,On Roadway,4,Rain,88,Not Applicable,4,Dark-Lighted,2,Wet,1,Weather Conditions,88,Not Applicable,88,Not Applicable,0,None,88,Not Applicable,88,Not Applicable,2,Intersection,2,Four-Way Intersection,1,No,1,No,88,Not Applicable,88,Not Applicable,88,Not Applicable,88,Not Applicable,FALSE,1,Public Road,1,"Trafficway, On Road",CT0009300,New Haven PD,42050,08:28.0,C,Closed,50:30.0,,,,,,,
885566,1,Complete,885566,885566,41.33721,-72.972647,3387664,New Haven,93,93,New Haven,4/1/2021,2021,4,April,1,5,Thursday,9:51:00,9,21011750,A,"Injury of any type (Serious, Minor, Possible)",C,Possible Injury (C),2,0,0,4,Local,0.2,612,VALLEY ST NO 1,VALLEY ST NO 1,,MOUNTAIN RD,100,Feet,S,41.33721,-72.972647,14,Motor Vehicle in Operation,1,Front to rear,1,On Roadway,2,Cloudy,88,Not Applicable,97,Other,1,Dry,0,None,88,Not Applicable,88,Not Applicable,0,None,88,Not Applicable,88,Not Applicable,1,Non-Junction,1,Not at Intersection,1,No,1,No,88,Not Applicable,88,Not Applicable,88,Not Applicable,88,Not Applicable,FALSE,1,Public Road,1,"Trafficway, On Road",CT0009300,New Haven PD,42054,52:32.0,C,Closed,50:39.0,,,,,,,
885568,1,Complete,885568,885568,41.31299,-72.952,3387666,New Haven,93,93,New Haven,4/1/2021,2021,4,April,1,5,Thursday,11:17:00,11,21011763,A,"Injury of any type (Serious, Minor, Possible)",C,Possible Injury (C),2,0,0,3,State,2.59,10,10-N,10-N,CHAPEL ST,,,,,41.31299,-72.952,14,Motor Vehicle in Operation,1,Front to rear,1,On Roadway,2,Cloudy,88,Not Applicable,1,Daylight,1,Dry,0,None,88,Not Applicable,88,Not Applicable,0,None,88,Not Applicable,88,Not Applicable,2,Intersection,2,Four-Way Intersection,1,No,1,No,88,Not Applicable,88,Not Applicable,88,Not Applicable,88,Not Applicable,TRUE,1,Public Road,1,"Trafficway, On Road",CT0009300,New Haven PD,332,38:33.0,C,Closed,50:27.0,,2,19700,3,PRINCIPAL ARTERIAL - OTHER - NEW HPMS,2,Urban
885571,1,Complete,885571,885571,41.28873,-72.936148,3387669,New Haven,93,93,New Haven,4/1/2021,2021,4,April,1,5,Thursday,16:30:00,16,21011835,A,"Injury of any type (Serious, Minor, Possible)",C,Possible Injury (C),1,1,1,4,Local,0.11,483,PLYMOUTH ST,PLYMOUTH ST,,GRANT ST,60,Feet,N,41.28873,-72.936148,10,Pedalcycle/Pedalcyclist,3,Angle,1,On Roadway,1,Clear,88,Not Applicable,1,Daylight,1,Dry,0,None,88,Not Applicable,88,Not Applicable,0,None,88,Not Applicable,88,Not Applicable,1,Non-Junction,1,Not at Intersection,1,No,1,No,88,Not Applicable,88,Not Applicable,88,Not Applicable,88,Not Applicable,FALSE,1,Public Road,1,"Trafficway, On Road",CT0009300,New Haven PD,40818,19:33.0,C,Closed,50:29.0,,,,,,,
885572,1,Complete,885572,885572,41.296846,-72.893938,3387670,New Haven,93,93,New Haven,4/1/2021,2021,4,April,1,5,Thursday,18:16:00,18,21011875,A,"Injury of any type (Serious, Minor, Possible)",C,Possible Injury (C),2,0,1,4,Local,0.31,207,FAIRMONT AV,FAIRMONT AV,,FULTON ST,30,Feet,N,41.296846,-72.893938,14,Motor Vehicle in Operation,1,Front to rear,1,On Roadway,1,Clear,88,Not Applicable,1,Daylight,1,Dry,0,None,88,Not Applicable,88,Not Applicable,0,None,88,Not Applicable,88,Not Applicable,1,Non-Junction,1,Not at Intersection,1,No,1,No,88,Not Applicable,88,Not Applicable,88,Not Applicable,88,Not Applicable,FALSE,1,Public Road,1,"Trafficway, On Road",CT0009300,New Haven PD,220,13:58.0,C,Closed,50:54.0,,,,,,,
885573,1,Complete,885573,885573,41.318907,-72.936931,3387671,New Haven,93,93,New Haven,4/1/2021,2021,4,April,1,5,Thursday,18:25:00,18,21011877,A,"Injury of any type (Serious, Minor, Possible)",A,Suspected Serious Injury (A),1,0,0,4,Local,1.27,453,ORCHARD ST,ORCHARD ST,,CHARLES ST,50,Feet,S,41.318907,-72.936931,33,Utility Pole/Light Support,88,Not Applicable,2,Shoulder,1,Clear,88,Not Applicable,1,Daylight,1,Dry,0,None,88,Not Applicable,88,Not Applicable,0,None,88,Not Applicable,88,Not Applicable,1,Non-Junction,1,Not at Intersection,1,No,1,No,88,Not Applicable,88,Not Applicable,88,Not Applicable,88,Not Applicable,FALSE,1,Public Road,1,"Trafficway, On Road",CT0009300,New Haven PD,251,02:19.0,O,Open,50:32.0,,2,4200,4,MINOR ARTERIAL - NEW HPMS,2,Urban
885580,1,Complete,885580,885580,41.319859,-72.940399,3387678,New Haven,93,93,New Haven,4/2/2021,2021,4,April,2,6,Friday,10:51:00,10,21011934,A,"Injury of any type (Serious, Minor, Possible)",C,Possible Injury (C),2,0,0,4,Local,0,557,SHERMAN PKWY,SHERMAN PKWY,SHERMAN AV,,,,,41.319859,-72.940399,14,Motor Vehicle in Operation,3,Angle,1,On Roadway,1,Clear,88,Not Applicable,1,Daylight,1,Dry,0,None,88,Not Applicable,88,Not Applicable,0,None,88,Not Applicable,88,Not Applicable,2,Intersection,2,Four-Way Intersection,1,No,1,No,88,Not Applicable,88,Not Applicable,88,Not Applicable,88,Not Applicable,FALSE,1,Public Road,1,"Trafficway, On Road",CT0009300,New Haven PD,62,29:20.0,C,Closed,50:31.0,,,,,,,