CrashId,Fatal Case Status,Fatal Case Status Text Format,CrashId,CrashId,Latitude,Longitude,DOT Case Number,Town Name,Town Number,Town Number,Town Number Text Format,Date Of Crash,Year,Month,Month Text Format,Day,Day of the Week,Day of the Week Text Format,Time of Crash,Hour of the Day,Case Identifier,Crash Severity,Crash Severity Text Format,Most Severe Injury,Most Severe Injury Text Format,Number Of Motor Vehicles,Number Of Non-Motorist,Number Of Witnesses,Route Class,Route Class Text Format,Milemarker,Road Number,Road Description,Roadway Name,Intersecting Roadway Name,Landmark Description,Distance From Nearest Landmark,Unit Of Measure From Nearest Landmark,Direction From Nearest Landmark,Latitude,Longitude,First Harmful Event,First Harmful Event Text Format,Manner of Crash / Collision Impact,Manner of Crash / Collision Impact Text Format,Location of First Harmful Event,Location of First Harmful Event Text Format,Weather Condition,Weather Condition Text Format,Weather 2,Weather 2 Text Format,Light Condition,Light Condition Text Format,Road Surface Condition,Road Surface Condition Text Format,"Contributing Circumstances, Environment","Contributing Circumstances, Environment Text Format",Environment 2,Environment 2 Text Format,Environment 3,Environment 3 Text Format,"Contributing Circumstances, Road","Contributing Circumstances, Road Text Format",Road 2,Road 2 Text Format,Road 3,Road 3 Text Format,Crash Specific Location,Crash Specific Location Text Format,Type of Intersection,Type of Intersection Text Format,School Bus Related,School Bus Related Text Format,Work Zone Related,Work Zone Related Text Format,Location Of Crash Relative To Work Zone,Location Of Crash Relative To Work Zone Text Format,Type of Work Zone,Type of Work Zone Text Format,Worker Presence,Worker Presence Text Format,Law Enforcement Presence,Law Enforcement Presence Text Format,Were Vehicles Moved Prior To Police Arrival,Trafficway Ownership,Trafficway Ownership Text Format,Trafficway Class,Trafficway Class Text Format,Police Agency,Police Agency Text Format,Badge Number,Approval Date,Police Case Status,Police Case Status Text Format,Crash Report Submission Date,Related Case Identifiers,No. of Through Lanes (Log Dir.),Average Daily Traffic,Functional Classification,Functional Classification Text Format,Rural or Urban,Rural or Urban Text Format
885582,1,Complete,885582,885582,41.335167,-72.97669,3387680,New Haven,93,93,New Haven,4/2/2021,2021,4,April,2,6,Friday,13:53:00,13,21011977,A,"Injury of any type (Serious, Minor, Possible)",C,Possible Injury (C),2,0,0,3,State,0.04,69,69-N,69-N,,AMITY RD,200,Feet,W,41.335167,-72.97669,14,Motor Vehicle in Operation,3,Angle,1,On Roadway,1,Clear,88,Not Applicable,1,Daylight,1,Dry,0,None,88,Not Applicable,88,Not Applicable,0,None,88,Not Applicable,88,Not Applicable,1,Non-Junction,1,Not at Intersection,1,No,1,No,88,Not Applicable,88,Not Applicable,88,Not Applicable,88,Not Applicable,FALSE,1,Public Road,1,"Trafficway, On Road",CT0009300,New Haven PD,42057,27:59.0,C,Closed,50:34.0,,3,18000,3,PRINCIPAL ARTERIAL - OTHER - NEW HPMS,2,Urban
885588,1,Complete,885588,885588,41.287081,-72.925553,3387686,New Haven,93,93,New Haven,4/3/2021,2021,4,April,3,7,Saturday,9:34:00,9,21012078,A,"Injury of any type (Serious, Minor, Possible)",C,Possible Injury (C),1,0,0,4,Local,0.02,513,LONG WHARF DR,LONG WHARF DR,,SARGENT DRIVE,20,Feet,S,41.287081,-72.925553,20,Bridge Overhead Structure,88,Not Applicable,1,On Roadway,1,Clear,88,Not Applicable,1,Daylight,1,Dry,97,Other,88,Not Applicable,88,Not Applicable,0,None,88,Not Applicable,88,Not Applicable,1,Non-Junction,1,Not at Intersection,1,No,1,No,88,Not Applicable,88,Not Applicable,88,Not Applicable,88,Not Applicable,FALSE,1,Public Road,1,"Trafficway, On Road",CT0009300,New Haven PD,42048,43:35.0,C,Closed,51:09.0,,4,9100,4,MINOR ARTERIAL - NEW HPMS,2,Urban
885596,1,Complete,885596,885596,41.328221,-72.951932,3387694,New Haven,93,93,New Haven,4/3/2021,2021,4,April,3,7,Saturday,22:00:00,22,21012150,A,"Injury of any type (Serious, Minor, Possible)",B,Suspected Minor Injury (B),2,0,0,3,State,3.95,10,10-N,10-N,,,,,,41.328221,-72.951932,14,Motor Vehicle in Operation,3,Angle,1,On Roadway,1,Clear,88,Not Applicable,4,Dark-Lighted,1,Dry,0,None,88,Not Applicable,88,Not Applicable,0,None,88,Not Applicable,88,Not Applicable,2,Intersection,3,T-Intersection,1,No,1,No,88,Not Applicable,88,Not Applicable,88,Not Applicable,88,Not Applicable,FALSE,1,Public Road,1,"Trafficway, On Road",CT0009300,New Haven PD,79,26:25.0,C,Closed,51:22.0,,2,13100,4,MINOR ARTERIAL - NEW HPMS,2,Urban
885607,1,Complete,885607,885607,41.317131,-72.876389,921076,New Haven,93,93,New Haven,4/4/2021,2021,4,April,4,1,Sunday,18:22:00,18,21012249,K,Fatal (Kill),K,Fatal Injury (K),2,0,5,4,Local,1.94,498,QUINNIPIAC AV,QUINNIPIAC AV,ESSEX ST,,,,,41.317131,-72.876389,15,Parked Motor Vehicle,3,Angle,1,On Roadway,1,Clear,88,Not Applicable,1,Daylight,1,Dry,0,None,88,Not Applicable,88,Not Applicable,0,None,88,Not Applicable,88,Not Applicable,2,Intersection,4,Y-Intersection,1,No,1,No,88,Not Applicable,88,Not Applicable,88,Not Applicable,88,Not Applicable,FALSE,1,Public Road,1,"Trafficway, On Road",CT0009300,New Haven PD,220,31:24.0,O,Open,50:44.0,,1,6400,4,MINOR ARTERIAL - NEW HPMS,2,Urban
885608,1,Complete,885608,885608,41.305069,-72.930176,3387706,New Haven,93,93,New Haven,4/4/2021,2021,4,April,4,1,Sunday,20:06:00,20,21012259,A,"Injury of any type (Serious, Minor, Possible)",C,Possible Injury (C),1,0,0,4,Local,0.52,117,COLLEGE ST,COLLEGE ST,GEORGE ST,,,,,41.305069,-72.930176,18,Other Non-Fixed Object,88,Not Applicable,1,On Roadway,1,Clear,88,Not Applicable,4,Dark-Lighted,1,Dry,0,None,88,Not Applicable,88,Not Applicable,0,None,88,Not Applicable,88,Not Applicable,2,Intersection,3,T-Intersection,1,No,1,No,88,Not Applicable,88,Not Applicable,88,Not Applicable,88,Not Applicable,FALSE,1,Public Road,1,"Trafficway, On Road",CT0009300,New Haven PD,40808,06:54.0,C,Closed,50:50.0,,4,5400,3,PRINCIPAL ARTERIAL - OTHER - NEW HPMS,2,Urban
885611,1,Complete,885611,885611,41.2955,-72.9336,3387709,New Haven,93,93,New Haven,4/5/2021,2021,4,April,5,2,Monday,3:30:00,3,21012283,A,"Injury of any type (Serious, Minor, Possible)",B,Suspected Minor Injury (B),2,0,0,4,Local,0.76,308,HOWARD AV,HOWARD AV,PUTNAM ST NO 1,,,,,41.2955,-72.9336,14,Motor Vehicle in Operation,1,Front to rear,1,On Roadway,1,Clear,88,Not Applicable,4,Dark-Lighted,1,Dry,0,None,88,Not Applicable,88,Not Applicable,0,None,88,Not Applicable,88,Not Applicable,2,Intersection,2,Four-Way Intersection,1,No,1,No,88,Not Applicable,88,Not Applicable,88,Not Applicable,88,Not Applicable,FALSE,1,Public Road,1,"Trafficway, On Road",CT0009300,New Haven PD,40955,17:00.0,C,Closed,51:35.0,,,,,,,
885612,1,Complete,885612,885612,41.3202495,-72.8688077,3387710,New Haven,93,93,New Haven,4/5/2021,2021,4,April,5,2,Monday,7:48:00,7,21012285,A,"Injury of any type (Serious, Minor, Possible)",C,Possible Injury (C),2,0,0,3,State,0.73,80,80-E,80-E,OLD FOXON RD,,,,,41.3202495,-72.8688077,14,Motor Vehicle in Operation,3,Angle,1,On Roadway,1,Clear,88,Not Applicable,1,Daylight,1,Dry,99,Unknown,88,Not Applicable,88,Not Applicable,0,None,88,Not Applicable,88,Not Applicable,2,Intersection,3,T-Intersection,1,No,1,No,88,Not Applicable,88,Not Applicable,88,Not Applicable,88,Not Applicable,FALSE,1,Public Road,1,"Trafficway, On Road",CT0009300,New Haven PD,980,57:30.0,C,Closed,50:47.0,,4,32100,3,PRINCIPAL ARTERIAL - OTHER - NEW HPMS,2,Urban
885619,1,Complete,885619,885619,41.32027,-72.87173,3387717,New Haven,93,93,New Haven,4/5/2021,2021,4,April,5,2,Monday,17:24:00,17,21012392,A,"Injury of any type (Serious, Minor, Possible)",C,Possible Injury (C),2,0,0,3,State,0.57,80,80-E,80-E,EASTERN ST,,,,,41.32027,-72.87173,14,Motor Vehicle in Operation,1,Front to rear,1,On Roadway,1,Clear,88,Not Applicable,1,Daylight,1,Dry,0,None,88,Not Applicable,88,Not Applicable,0,None,88,Not Applicable,88,Not Applicable,2,Intersection,2,Four-Way Intersection,1,No,1,No,88,Not Applicable,88,Not Applicable,88,Not Applicable,88,Not Applicable,FALSE,1,Public Road,1,"Trafficway, On Road",CT0009300,New Haven PD,991,29:53.0,C,Closed,50:51.0,,4,32100,3,PRINCIPAL ARTERIAL - OTHER - NEW HPMS,2,Urban
885623,1,Complete,885623,885623,41.293242,-72.892696,3387721,New Haven,93,93,New Haven,4/6/2021,2021,4,April,6,3,Tuesday,8:59:00,8,21012460,A,"Injury of any type (Serious, Minor, Possible)",C,Possible Injury (C),2,0,0,4,Local,0,597,TOWNSEND AV,TOWNSEND AV,QUINNIPIAC AV,,,,,41.293242,-72.892696,14,Motor Vehicle in Operation,2,Front to front,1,On Roadway,1,Clear,88,Not Applicable,1,Daylight,1,Dry,0,None,88,Not Applicable,88,Not Applicable,0,None,88,Not Applicable,88,Not Applicable,2,Intersection,2,Four-Way Intersection,1,No,1,No,88,Not Applicable,88,Not Applicable,88,Not Applicable,88,Not Applicable,FALSE,1,Public Road,1,"Trafficway, On Road",CT0009300,New Haven PD,156,09:23.0,C,Closed,52:33.0,,,,,,,
885627,1,Complete,885627,885627,41.293815,-72.918276,3387725,New Haven,93,93,New Haven,4/6/2021,2021,4,April,6,3,Tuesday,14:12:00,14,21012521,A,"Injury of any type (Serious, Minor, Possible)",C,Possible Injury (C),2,0,1,4,Local,0.66,513,LONG WHARF DR,LONG WHARF DR,,CANAL DOCK RD,795,Feet,S,41.293815,-72.918276,14,Motor Vehicle in Operation,4,"Sideswipe, same direction",1,On Roadway,1,Clear,88,Not Applicable,1,Daylight,1,Dry,0,None,88,Not Applicable,88,Not Applicable,0,None,88,Not Applicable,88,Not Applicable,1,Non-Junction,1,Not at Intersection,1,No,1,No,88,Not Applicable,88,Not Applicable,88,Not Applicable,88,Not Applicable,TRUE,1,Public Road,1,"Trafficway, On Road",CT0009300,New Haven PD,301,43:26.0,C,Closed,51:54.0,,,,,,,
885628,1,Complete,885628,885628,41.32713,-72.97219,3387726,New Haven,93,93,New Haven,4/6/2021,2021,4,April,6,3,Tuesday,15:30:00,15,21012527,A,"Injury of any type (Serious, Minor, Possible)",C,Possible Injury (C),2,0,0,3,State,6.01,243,243-E,243-E,WEST PROSPECT ST,,,,,41.32713,-72.97219,14,Motor Vehicle in Operation,1,Front to rear,1,On Roadway,1,Clear,88,Not Applicable,1,Daylight,1,Dry,0,None,88,Not Applicable,88,Not Applicable,0,None,88,Not Applicable,88,Not Applicable,2,Intersection,3,T-Intersection,1,No,1,No,88,Not Applicable,88,Not Applicable,88,Not Applicable,88,Not Applicable,FALSE,1,Public Road,1,"Trafficway, On Road",CT0009300,New Haven PD,74,21:40.0,C,Closed,51:03.0,,2,10800,4,MINOR ARTERIAL - NEW HPMS,2,Urban
885629,1,Complete,885629,885629,41.306229,-72.894888,3387727,New Haven,93,93,New Haven,4/6/2021,2021,4,April,6,3,Tuesday,14:29:00,14,21012531,A,"Injury of any type (Serious, Minor, Possible)",C,Possible Injury (C),2,0,0,4,Local,0.95,213,FERRY ST,FERRY ST,,CHAMEBERS ST,5,Feet,N,41.306229,-72.894888,14,Motor Vehicle in Operation,1,Front to rear,1,On Roadway,1,Clear,88,Not Applicable,1,Daylight,1,Dry,0,None,88,Not Applicable,88,Not Applicable,0,None,88,Not Applicable,88,Not Applicable,11,Through Roadway,1,Not at Intersection,1,No,1,No,88,Not Applicable,88,Not Applicable,88,Not Applicable,88,Not Applicable,FALSE,1,Public Road,1,"Trafficway, On Road",CT0009300,New Haven PD,40793,57:52.0,C,Closed,50:58.0,,,,,,,
885655,1,Complete,885655,885655,41.320689,-72.874167,3387753,New Haven,93,93,New Haven,4/6/2021,2021,4,April,6,3,Tuesday,15:59:00,15,21012536,A,"Injury of any type (Serious, Minor, Possible)",C,Possible Injury (C),2,0,0,4,Local,2.21,498,QUINNIPIAC AV,QUINNIPIAC AV,,,,,,41.320689,-72.874167,14,Motor Vehicle in Operation,4,"Sideswipe, same direction",1,On Roadway,1,Clear,88,Not Applicable,1,Daylight,1,Dry,0,None,88,Not Applicable,88,Not Applicable,0,None,88,Not Applicable,88,Not Applicable,2,Intersection,2,Four-Way Intersection,2,"Yes, School Bus Directly Involved",1,No,88,Not Applicable,88,Not Applicable,88,Not Applicable,88,Not Applicable,TRUE,1,Public Road,1,"Trafficway, On Road",CT0009300,New Haven PD,416,12:54.0,O,Open,50:59.0,,,,,,,
885666,1,Complete,885666,885666,41.315321,-72.895496,3387764,New Haven,93,93,New Haven,4/6/2021,2021,4,April,6,3,Tuesday,23:30:00,23,21012612,A,"Injury of any type (Serious, Minor, Possible)",B,Suspected Minor Injury (B),2,0,0,4,Local,0.45,379,LOMBARD ST,LOMBARD ST,,FERRY STREET,50,Feet,E,41.315321,-72.895496,14,Motor Vehicle in Operation,1,Front to rear,2,Shoulder,1,Clear,88,Not Applicable,4,Dark-Lighted,1,Dry,0,None,88,Not Applicable,88,Not Applicable,0,None,88,Not Applicable,88,Not Applicable,1,Non-Junction,1,Not at Intersection,1,No,1,No,88,Not Applicable,88,Not Applicable,88,Not Applicable,88,Not Applicable,FALSE,1,Public Road,1,"Trafficway, On Road",CT0009300,New Haven PD,42049,50:21.0,C,Closed,51:08.0,21-012612,,,,,,
885671,1,Complete,885671,885671,41.308094,-72.924239,3387769,New Haven,93,93,New Haven,4/7/2021,2021,4,April,7,4,Wednesday,14:43:00,14,21012661,A,"Injury of any type (Serious, Minor, Possible)",C,Possible Injury (C),2,0,0,4,Local,0.34,103,CHURCH ST,CHURCH ST,ELM ST NO 2,,,,,41.308094,-72.924239,14,Motor Vehicle in Operation,4,"Sideswipe, same direction",1,On Roadway,1,Clear,88,Not Applicable,1,Daylight,1,Dry,0,None,88,Not Applicable,88,Not Applicable,0,None,88,Not Applicable,88,Not Applicable,2,Intersection,2,Four-Way Intersection,1,No,1,No,88,Not Applicable,88,Not Applicable,88,Not Applicable,88,Not Applicable,TRUE,1,Public Road,1,"Trafficway, On Road",CT0009300,New Haven PD,20,12:34.0,C,Closed,51:16.0,NONE,,,,,,
885682,1,Complete,885682,885682,41.331219,-72.930391,3387780,New Haven,93,93,New Haven,4/8/2021,2021,4,April,8,5,Thursday,1:06:00,1,21012759,A,"Injury of any type (Serious, Minor, Possible)",C,Possible Injury (C),1,0,0,4,Local,0.11,77,BUTLER ST,BUTLER ST,,BASSETT ST,20,Feet,S,41.331219,-72.930391,32,Tree (standing),88,Not Applicable,4,Roadside,1,Clear,88,Not Applicable,4,Dark-Lighted,1,Dry,0,None,88,Not Applicable,88,Not Applicable,0,None,88,Not Applicable,88,Not Applicable,3,Intersection-Related,2,Four-Way Intersection,1,No,1,No,88,Not Applicable,88,Not Applicable,88,Not Applicable,88,Not Applicable,FALSE,1,Public Road,1,"Trafficway, On Road",CT0009300,New Haven PD,42055,58:02.0,C,Closed,51:20.0,,2,6200,5,MAJOR COLLECTOR - NEW HPMS,2,Urban
885683,1,Complete,885683,885683,41.289977,-72.940249,921055,New Haven,93,93,New Haven,4/8/2021,2021,4,April,8,5,Thursday,1:11:00,1,21012763,K,Fatal (Kill),K,Fatal Injury (K),1,1,0,3,State,0.79,10,10-N,10-N,,,,,,41.289977,-72.940249,9,Pedestrian,88,Not Applicable,1,On Roadway,1,Clear,88,Not Applicable,4,Dark-Lighted,1,Dry,0,None,88,Not Applicable,88,Not Applicable,99,Unknown,88,Not Applicable,88,Not Applicable,2,Intersection,3,T-Intersection,1,No,1,No,88,Not Applicable,88,Not Applicable,88,Not Applicable,88,Not Applicable,FALSE,1,Public Road,1,"Trafficway, On Road",CT0009300,New Haven PD,40819,00:09.0,O,Open,52:05.0,,4,17900,3,PRINCIPAL ARTERIAL - OTHER - NEW HPMS,2,Urban
885686,1,Complete,885686,885686,41.32954,-72.935143,3387784,New Haven,93,93,New Haven,4/8/2021,2021,4,April,8,5,Thursday,13:40:00,13,21012822,A,"Injury of any type (Serious, Minor, Possible)",C,Possible Injury (C),3,0,0,4,Local,1.18,152,DIXWELL AV,DIXWELL AV,HAZEL ST,,,,,41.32954,-72.935143,14,Motor Vehicle in Operation,5,"Sideswipe, opposite direction",1,On Roadway,1,Clear,88,Not Applicable,1,Daylight,1,Dry,0,None,88,Not Applicable,88,Not Applicable,0,None,88,Not Applicable,88,Not Applicable,2,Intersection,3,T-Intersection,1,No,1,No,88,Not Applicable,88,Not Applicable,88,Not Applicable,88,Not Applicable,FALSE,1,Public Road,1,"Trafficway, On Road",CT0009300,New Haven PD,351,19:59.0,C,Closed,51:33.0,,,,,,,
885693,1,Complete,885693,885693,41.319139,-72.954219,3387791,New Haven,93,93,New Haven,4/8/2021,2021,4,April,8,5,Thursday,17:19:00,17,21012884,A,"Injury of any type (Serious, Minor, Possible)",C,Possible Injury (C),4,0,1,4,Local,1.2,194,ELM ST NO 1,ELM ST NO 1,HUBINGER ST,,,,,41.319139,-72.954219,14,Motor Vehicle in Operation,3,Angle,1,On Roadway,1,Clear,88,Not Applicable,1,Daylight,1,Dry,0,None,88,Not Applicable,88,Not Applicable,0,None,88,Not Applicable,88,Not Applicable,2,Intersection,2,Four-Way Intersection,1,No,1,No,88,Not Applicable,88,Not Applicable,88,Not Applicable,88,Not Applicable,FALSE,1,Public Road,1,"Trafficway, On Road",CT0009300,New Haven PD,276,47:09.0,O,Open,51:24.0,21012884,,,,,,
885694,1,Complete,885694,885694,41.301533,-72.89266,3387792,New Haven,93,93,New Haven,4/8/2021,2021,4,April,8,5,Thursday,17:11:00,17,21012888,A,"Injury of any type (Serious, Minor, Possible)",B,Suspected Minor Injury (B),3,0,0,4,Local,0.15,795,EAST FERRY ST,EAST FERRY ST,,FARREN ST,1000,Feet,N,41.301533,-72.89266,14,Motor Vehicle in Operation,1,Front to rear,1,On Roadway,1,Clear,88,Not Applicable,1,Daylight,1,Dry,0,None,88,Not Applicable,88,Not Applicable,0,None,88,Not Applicable,88,Not Applicable,1,Non-Junction,1,Not at Intersection,1,No,1,No,88,Not Applicable,88,Not Applicable,88,Not Applicable,88,Not Applicable,FALSE,1,Public Road,1,"Trafficway, On Road",CT0009300,New Haven PD,971,40:56.0,C,Closed,52:06.0,21-012888,,,,,,
885695,1,Complete,885695,885695,41.306016,-72.925766,3387793,New Haven,93,93,New Haven,4/8/2021,2021,4,April,8,5,Thursday,17:26:00,17,21012892,A,"Injury of any type (Serious, Minor, Possible)",C,Possible Injury (C),1,1,0,4,Local,0.17,103,CHURCH ST,CHURCH ST,CHAPEL ST,,,,,41.306016,-72.925766,10,Pedalcycle/Pedalcyclist,97,Other,1,On Roadway,1,Clear,88,Not Applicable,1,Daylight,1,Dry,0,None,88,Not Applicable,88,Not Applicable,0,None,88,Not Applicable,88,Not Applicable,2,Intersection,2,Four-Way Intersection,1,No,1,No,88,Not Applicable,88,Not Applicable,88,Not Applicable,88,Not Applicable,FALSE,1,Public Road,1,"Trafficway, On Road",CT0009300,New Haven PD,42045,59:04.0,C,Closed,51:30.0,,,,,,,
885703,1,Complete,885703,885703,41.296702,-72.91772,3387801,New Haven,93,93,New Haven,4/9/2021,2021,4,April,9,6,Friday,11:18:00,11,21012983,A,"Injury of any type (Serious, Minor, Possible)",C,Possible Injury (C),2,0,0,4,Local,1.01,359,SARGENT DR,SARGENT DR,,,,,,41.296702,-72.91772,14,Motor Vehicle in Operation,1,Front to rear,1,On Roadway,1,Clear,88,Not Applicable,1,Daylight,1,Dry,0,None,88,Not Applicable,88,Not Applicable,0,None,88,Not Applicable,88,Not Applicable,2,Intersection,2,Four-Way Intersection,1,No,1,No,88,Not Applicable,88,Not Applicable,88,Not Applicable,88,Not Applicable,TRUE,1,Public Road,1,"Trafficway, On Road",CT0009300,New Haven PD,266,14:41.0,O,Open,51:33.0,,,,,,,
885706,1,Complete,885706,885706,41.314957,-72.896955,3387804,New Haven,93,93,New Haven,4/9/2021,2021,4,April,9,6,Friday,13:59:00,13,21013015,A,"Injury of any type (Serious, Minor, Possible)",C,Possible Injury (C),2,0,0,4,Local,0.33,213,FERRY ST,FERRY ST,,LOMBARD ST,15,Feet,S,41.314957,-72.896955,14,Motor Vehicle in Operation,1,Front to rear,1,On Roadway,1,Clear,88,Not Applicable,1,Daylight,1,Dry,0,None,88,Not Applicable,88,Not Applicable,0,None,88,Not Applicable,88,Not Applicable,11,Through Roadway,1,Not at Intersection,1,No,1,No,88,Not Applicable,88,Not Applicable,88,Not Applicable,88,Not Applicable,FALSE,1,Public Road,1,"Trafficway, On Road",CT0009300,New Haven PD,40793,21:19.0,C,Closed,51:28.0,,,,,,,
885712,1,Complete,885712,885712,41.32896,-72.93243,3387810,New Haven,93,93,New Haven,4/9/2021,2021,4,April,9,6,Friday,20:53:00,20,21013074,A,"Injury of any type (Serious, Minor, Possible)",C,Possible Injury (C),2,0,0,4,Local,0.47,552,SHELTON AV,SHELTON AV,HAZEL ST,,,,,41.32896,-72.93243,14,Motor Vehicle in Operation,3,Angle,1,On Roadway,1,Clear,88,Not Applicable,4,Dark-Lighted,1,Dry,0,None,88,Not Applicable,88,Not Applicable,0,None,88,Not Applicable,88,Not Applicable,2,Intersection,2,Four-Way Intersection,1,No,1,No,88,Not Applicable,88,Not Applicable,88,Not Applicable,88,Not Applicable,FALSE,1,Public Road,1,"Trafficway, On Road",CT0009300,New Haven PD,30,17:20.0,O,Open,51:35.0,NONE,,,,,,
885713,1,Complete,885713,885713,41.30407,-72.897451,3387811,New Haven,93,93,New Haven,4/9/2021,2021,4,April,9,6,Friday,21:03:00,21,21013077,A,"Injury of any type (Serious, Minor, Possible)",C,Possible Injury (C),3,0,1,4,Local,0.26,97,CHAPEL ST,CHAPEL ST,,BLATCHLEY AVE,300,Feet,E,41.30407,-72.897451,14,Motor Vehicle in Operation,4,"Sideswipe, same direction",1,On Roadway,1,Clear,88,Not Applicable,4,Dark-Lighted,1,Dry,0,None,88,Not Applicable,88,Not Applicable,0,None,88,Not Applicable,88,Not Applicable,1,Non-Junction,1,Not at Intersection,1,No,1,No,88,Not Applicable,88,Not Applicable,88,Not Applicable,88,Not Applicable,FALSE,1,Public Road,1,"Trafficway, On Road",CT0009300,New Haven PD,40788,30:54.0,O,Open,51:36.0,,,,,,,
885720,1,Complete,885720,885720,41.282957,-72.934401,3387818,New Haven,93,93,New Haven,4/10/2021,2021,4,April,10,7,Saturday,23:17:00,23,21013220,A,"Injury of any type (Serious, Minor, Possible)",B,Suspected Minor Injury (B),1,0,1,3,State,0.19,10,10-N,10-N,SEA ST,,,,,41.282957,-72.934401,1,Overturn/Rollover,88,Not Applicable,1,On Roadway,1,Clear,88,Not Applicable,4,Dark-Lighted,1,Dry,0,None,88,Not Applicable,88,Not Applicable,0,None,88,Not Applicable,88,Not Applicable,2,Intersection,7,Roundabout,1,No,1,No,88,Not Applicable,88,Not Applicable,88,Not Applicable,88,Not Applicable,FALSE,1,Public Road,1,"Trafficway, On Road",CT0009300,New Haven PD,40967,03:39.0,C,Closed,51:40.0,,1,3800,1,INTERSTATE - NEW HPMS,2,Urban
885721,1,Complete,885721,885721,41.317748,-72.900784,3387819,New Haven,93,93,New Haven,4/11/2021,2021,4,April,11,1,Sunday,0:22:00,0,21013229,A,"Injury of any type (Serious, Minor, Possible)",C,Possible Injury (C),1,0,1,2,USRoute,0.21,5,5-N,5-N,,WILLOW ST,100,Feet,N,41.317748,-72.900784,33,Utility Pole/Light Support,88,Not Applicable,1,On Roadway,1,Clear,88,Not Applicable,4,Dark-Lighted,1,Dry,0,None,88,Not Applicable,88,Not Applicable,0,None,88,Not Applicable,88,Not Applicable,1,Non-Junction,1,Not at Intersection,1,No,1,No,88,Not Applicable,88,Not Applicable,88,Not Applicable,88,Not Applicable,FALSE,1,Public Road,1,"Trafficway, On Road",CT0009300,New Haven PD,41104,58:28.0,C,Closed,51:38.0,,2,13900,4,MINOR ARTERIAL - NEW HPMS,2,Urban
885724,1,Complete,885724,885724,41.326569,-72.940956,3387822,New Haven,93,93,New Haven,4/11/2021,2021,4,April,11,1,Sunday,0:50:00,0,21013237,A,"Injury of any type (Serious, Minor, Possible)",C,Possible Injury (C),2,0,0,4,Local,0.43,133,CRESCENT ST,CRESCENT ST,NORTON PKWY,CRESCENT ST,50,Feet,S,41.326569,-72.940956,14,Motor Vehicle in Operation,3,Angle,1,On Roadway,1,Clear,88,Not Applicable,4,Dark-Lighted,1,Dry,99,Unknown,88,Not Applicable,88,Not Applicable,99,Unknown,88,Not Applicable,88,Not Applicable,3,Intersection-Related,3,T-Intersection,1,No,1,No,88,Not Applicable,88,Not Applicable,88,Not Applicable,88,Not Applicable,FALSE,1,Public Road,1,"Trafficway, On Road",CT0009300,New Haven PD,200,59:49.0,O,Open,51:50.0,,,,,,,
885729,1,Complete,885729,885729,41.332001,-72.932664,3387827,New Haven,93,93,New Haven,4/11/2021,2021,4,April,11,1,Sunday,13:13:00,13,21013273,A,"Injury of any type (Serious, Minor, Possible)",C,Possible Injury (C),2,0,0,4,Local,0.34,42,BASSETT ST,BASSETT ST,GOODYEAR ST,,,,,41.332001,-72.932664,14,Motor Vehicle in Operation,3,Angle,1,On Roadway,2,Cloudy,88,Not Applicable,1,Daylight,1,Dry,0,None,88,Not Applicable,88,Not Applicable,0,None,88,Not Applicable,88,Not Applicable,2,Intersection,3,T-Intersection,1,No,1,No,88,Not Applicable,88,Not Applicable,88,Not Applicable,88,Not Applicable,FALSE,1,Public Road,1,"Trafficway, On Road",CT0009300,New Haven PD,182,15:18.0,C,Closed,52:10.0,,,,,,,
885730,1,Complete,885730,885730,41.304292,-72.894956,3387828,New Haven,93,93,New Haven,4/11/2021,2021,4,April,11,1,Sunday,14:58:00,14,21013278,A,"Injury of any type (Serious, Minor, Possible)",C,Possible Injury (C),1,1,0,4,Local,0.13,97,CHAPEL ST,CHAPEL ST,,FERRY ST,20,Feet,W,41.304292,-72.894956,9,Pedestrian,88,Not Applicable,1,On Roadway,2,Cloudy,88,Not Applicable,1,Daylight,1,Dry,0,None,88,Not Applicable,88,Not Applicable,0,None,88,Not Applicable,88,Not Applicable,11,Through Roadway,1,Not at Intersection,1,No,1,No,88,Not Applicable,88,Not Applicable,88,Not Applicable,88,Not Applicable,FALSE,1,Public Road,1,"Trafficway, On Road",CT0009300,New Haven PD,40793,21:24.0,C,Closed,52:13.0,,2,7700,4,MINOR ARTERIAL - NEW HPMS,2,Urban
885732,1,Complete,885732,885732,41.297677,-72.940859,3387830,New Haven,93,93,New Haven,4/11/2021,2021,4,April,11,1,Sunday,17:35:00,17,21013288,A,"Injury of any type (Serious, Minor, Possible)",B,Suspected Minor Injury (B),2,0,2,2,USRoute,47.05,1,1-N,1-N,WEST ST,,,,,41.297677,-72.940859,14,Motor Vehicle in Operation,3,Angle,1,On Roadway,4,Rain,88,Not Applicable,1,Daylight,2,Wet,0,None,88,Not Applicable,88,Not Applicable,0,None,88,Not Applicable,88,Not Applicable,2,Intersection,2,Four-Way Intersection,1,No,1,No,88,Not Applicable,88,Not Applicable,88,Not Applicable,88,Not Applicable,FALSE,1,Public Road,1,"Trafficway, On Road",CT0009300,New Haven PD,11439,23:01.0,C,Closed,51:47.0,,2,8600,3,PRINCIPAL ARTERIAL - OTHER - NEW HPMS,2,Urban