CrashId,Fatal Case Status,Fatal Case Status Text Format,CrashId,CrashId,Latitude,Longitude,DOT Case Number,Town Name,Town Number,Town Number,Town Number Text Format,Date Of Crash,Year,Month,Month Text Format,Day,Day of the Week,Day of the Week Text Format,Time of Crash,Hour of the Day,Case Identifier,Crash Severity,Crash Severity Text Format,Most Severe Injury,Most Severe Injury Text Format,Number Of Motor Vehicles,Number Of Non-Motorist,Number Of Witnesses,Route Class,Route Class Text Format,Milemarker,Road Number,Road Description,Roadway Name,Intersecting Roadway Name,Landmark Description,Distance From Nearest Landmark,Unit Of Measure From Nearest Landmark,Direction From Nearest Landmark,Latitude,Longitude,First Harmful Event,First Harmful Event Text Format,Manner of Crash / Collision Impact,Manner of Crash / Collision Impact Text Format,Location of First Harmful Event,Location of First Harmful Event Text Format,Weather Condition,Weather Condition Text Format,Weather 2,Weather 2 Text Format,Light Condition,Light Condition Text Format,Road Surface Condition,Road Surface Condition Text Format,"Contributing Circumstances, Environment","Contributing Circumstances, Environment Text Format",Environment 2,Environment 2 Text Format,Environment 3,Environment 3 Text Format,"Contributing Circumstances, Road","Contributing Circumstances, Road Text Format",Road 2,Road 2 Text Format,Road 3,Road 3 Text Format,Crash Specific Location,Crash Specific Location Text Format,Type of Intersection,Type of Intersection Text Format,School Bus Related,School Bus Related Text Format,Work Zone Related,Work Zone Related Text Format,Location Of Crash Relative To Work Zone,Location Of Crash Relative To Work Zone Text Format,Type of Work Zone,Type of Work Zone Text Format,Worker Presence,Worker Presence Text Format,Law Enforcement Presence,Law Enforcement Presence Text Format,Were Vehicles Moved Prior To Police Arrival,Trafficway Ownership,Trafficway Ownership Text Format,Trafficway Class,Trafficway Class Text Format,Police Agency,Police Agency Text Format,Badge Number,Approval Date,Police Case Status,Police Case Status Text Format,Crash Report Submission Date,Related Case Identifiers,No. of Through Lanes (Log Dir.),Average Daily Traffic,Functional Classification,Functional Classification Text Format,Rural or Urban,Rural or Urban Text Format
885736,1,Complete,885736,885736,41.301072,-72.942386,3387834,New Haven,93,93,New Haven,4/11/2021,2021,4,April,11,1,Sunday,20:33:00,20,21013313,A,"Injury of any type (Serious, Minor, Possible)",C,Possible Injury (C),1,1,0,4,Local,0.37,141,DAVENPORT AV,DAVENPORT AV,STEVENS ST,,,,,41.301072,-72.942386,9,Pedestrian,88,Not Applicable,1,On Roadway,4,Rain,88,Not Applicable,4,Dark-Lighted,2,Wet,99,Unknown,88,Not Applicable,88,Not Applicable,99,Unknown,88,Not Applicable,88,Not Applicable,2,Intersection,3,T-Intersection,1,No,1,No,88,Not Applicable,88,Not Applicable,88,Not Applicable,88,Not Applicable,TRUE,1,Public Road,1,"Trafficway, On Road",CT0009300,New Haven PD,40947,37:57.0,C,Closed,52:05.0,,2,5900,4,MINOR ARTERIAL - NEW HPMS,2,Urban
885741,1,Complete,885741,885741,41.302616,-72.924403,3387839,New Haven,93,93,New Haven,4/12/2021,2021,4,April,12,2,Monday,12:07:00,12,21013356,A,"Injury of any type (Serious, Minor, Possible)",C,Possible Injury (C),2,0,0,4,Local,1.52,575,STATE ST,STATE ST,FAIR ST,,,,,41.302616,-72.924403,14,Motor Vehicle in Operation,3,Angle,1,On Roadway,1,Clear,88,Not Applicable,1,Daylight,1,Dry,0,None,88,Not Applicable,88,Not Applicable,0,None,88,Not Applicable,88,Not Applicable,2,Intersection,2,Four-Way Intersection,1,No,1,No,88,Not Applicable,88,Not Applicable,88,Not Applicable,88,Not Applicable,FALSE,1,Public Road,1,"Trafficway, On Road",CT0009300,New Haven PD,709,16:02.0,O,Open,51:44.0,,,,,,,
885744,1,Complete,885744,885744,41.31807,-72.93765,3387842,New Haven,93,93,New Haven,4/12/2021,2021,4,April,12,2,Monday,13:52:00,13,21013366,A,"Injury of any type (Serious, Minor, Possible)",C,Possible Injury (C),2,0,0,4,Local,1.2,453,ORCHARD ST,ORCHARD ST,,GOFFE ST,100,Feet,S,41.31807,-72.93765,14,Motor Vehicle in Operation,3,Angle,1,On Roadway,1,Clear,88,Not Applicable,1,Daylight,1,Dry,0,None,88,Not Applicable,88,Not Applicable,0,None,88,Not Applicable,88,Not Applicable,9,Driveway Access-Related,1,Not at Intersection,1,No,1,No,88,Not Applicable,88,Not Applicable,88,Not Applicable,88,Not Applicable,TRUE,1,Public Road,1,"Trafficway, On Road",CT0009300,New Haven PD,238,25:26.0,C,Closed,51:48.0,,,,,,,
885745,1,Complete,885745,885745,41.332555,-72.975091,3387843,New Haven,93,93,New Haven,4/12/2021,2021,4,April,12,2,Monday,15:00:00,15,21013375,A,"Injury of any type (Serious, Minor, Possible)",C,Possible Injury (C),2,0,0,3,State,1.12,63,63-N,63-N,RAMSDELL ST,,,,,41.332555,-72.975091,14,Motor Vehicle in Operation,3,Angle,1,On Roadway,2,Cloudy,88,Not Applicable,1,Daylight,2,Wet,0,None,88,Not Applicable,88,Not Applicable,0,None,88,Not Applicable,88,Not Applicable,2,Intersection,2,Four-Way Intersection,1,No,1,No,88,Not Applicable,88,Not Applicable,88,Not Applicable,88,Not Applicable,FALSE,1,Public Road,1,"Trafficway, On Road",CT0009300,New Haven PD,42042,51:13.0,C,Closed,51:55.0,,4,22900,3,PRINCIPAL ARTERIAL - OTHER - NEW HPMS,2,Urban
885746,1,Complete,885746,885746,41.301482,-72.924399,3387844,New Haven,93,93,New Haven,4/12/2021,2021,4,April,12,2,Monday,16:22:00,16,21013383,A,"Injury of any type (Serious, Minor, Possible)",B,Suspected Minor Injury (B),2,0,2,4,Local,1.6,575,STATE ST,STATE ST,NORTH FRONTAGE RD,,,,,41.301482,-72.924399,14,Motor Vehicle in Operation,3,Angle,1,On Roadway,4,Rain,88,Not Applicable,1,Daylight,2,Wet,0,None,88,Not Applicable,88,Not Applicable,0,None,88,Not Applicable,88,Not Applicable,2,Intersection,2,Four-Way Intersection,1,No,1,No,88,Not Applicable,88,Not Applicable,88,Not Applicable,88,Not Applicable,FALSE,1,Public Road,1,"Trafficway, On Road",CT0009300,New Haven PD,743,42:26.0,C,Closed,51:47.0,,,,,,,
885747,1,Complete,885747,885747,41.310546,-72.929653,3387845,New Haven,93,93,New Haven,4/12/2021,2021,4,April,12,2,Monday,16:02:00,16,21013384,A,"Injury of any type (Serious, Minor, Possible)",B,Suspected Minor Injury (B),2,0,0,4,Local,0.22,726,ELM ST NO 2,ELM ST NO 2,,YORK ST,100,Feet,E,41.310546,-72.929653,14,Motor Vehicle in Operation,3,Angle,1,On Roadway,1,Clear,88,Not Applicable,1,Daylight,1,Dry,0,None,88,Not Applicable,88,Not Applicable,0,None,88,Not Applicable,88,Not Applicable,7,Crossover-Related,1,Not at Intersection,1,No,1,No,88,Not Applicable,88,Not Applicable,88,Not Applicable,88,Not Applicable,TRUE,1,Public Road,1,"Trafficway, On Road",CT0009300,New Haven PD,207,05:09.0,C,Closed,53:00.0,,,,,,,
885751,1,Complete,885751,885751,41.30676,-72.94645,3387849,New Haven,93,93,New Haven,4/12/2021,2021,4,April,12,2,Monday,22:43:00,22,21013444,A,"Injury of any type (Serious, Minor, Possible)",C,Possible Injury (C),2,0,0,4,Local,1.23,809,REV DR MLK JR BLVD,REV DR MLK JR BLVD,SHERMAN AV,,,,,41.30676,-72.94645,14,Motor Vehicle in Operation,3,Angle,1,On Roadway,1,Clear,88,Not Applicable,4,Dark-Lighted,1,Dry,0,None,88,Not Applicable,88,Not Applicable,0,None,88,Not Applicable,88,Not Applicable,2,Intersection,2,Four-Way Intersection,1,No,1,No,88,Not Applicable,88,Not Applicable,88,Not Applicable,88,Not Applicable,FALSE,1,Public Road,1,"Trafficway, On Road",CT0009300,New Haven PD,11107,24:17.0,C,Closed,51:58.0,,,,,,,
885770,1,Complete,885770,885770,41.254338,-72.897284,3387868,New Haven,93,93,New Haven,4/13/2021,2021,4,April,13,3,Tuesday,13:49:00,13,21013514,A,"Injury of any type (Serious, Minor, Possible)",B,Suspected Minor Injury (B),2,0,0,4,Local,0.42,370,LIGHTHOUSE RD,LIGHTHOUSE RD,,RHEA ST,100,Feet,S,41.254338,-72.897284,14,Motor Vehicle in Operation,1,Front to rear,1,On Roadway,1,Clear,88,Not Applicable,1,Daylight,1,Dry,0,None,88,Not Applicable,88,Not Applicable,0,None,88,Not Applicable,88,Not Applicable,1,Non-Junction,1,Not at Intersection,1,No,1,No,88,Not Applicable,88,Not Applicable,88,Not Applicable,88,Not Applicable,FALSE,1,Public Road,1,"Trafficway, On Road",CT0009300,New Haven PD,42369,53:10.0,C,Closed,52:12.0,,,,,,,
885784,1,Complete,885784,885784,41.301311,-72.935249,3387882,New Haven,93,93,New Haven,4/14/2021,2021,4,April,14,4,Wednesday,10:25:00,10,21013652,A,"Injury of any type (Serious, Minor, Possible)",C,Possible Injury (C),2,0,0,4,Local,0.71,123,CONGRESS AV,CONGRESS AV,HOWARD AV,,,,,41.301311,-72.935249,14,Motor Vehicle in Operation,4,"Sideswipe, same direction",1,On Roadway,1,Clear,88,Not Applicable,1,Daylight,1,Dry,0,None,88,Not Applicable,88,Not Applicable,0,None,88,Not Applicable,88,Not Applicable,2,Intersection,2,Four-Way Intersection,1,No,1,No,88,Not Applicable,88,Not Applicable,88,Not Applicable,88,Not Applicable,FALSE,1,Public Road,1,"Trafficway, On Road",CT0009300,New Haven PD,305,58:30.0,C,Closed,52:04.0,,,,,,,
885788,1,Complete,885788,885788,41.30978,-72.94523,3387886,New Haven,93,93,New Haven,4/14/2021,2021,4,April,14,4,Wednesday,12:36:00,12,21013680,A,"Injury of any type (Serious, Minor, Possible)",C,Possible Injury (C),2,0,0,4,Local,0.28,556,SHERMAN AV,SHERMAN AV,GEORGE ST,,,,,41.30978,-72.94523,14,Motor Vehicle in Operation,1,Front to rear,1,On Roadway,1,Clear,88,Not Applicable,1,Daylight,1,Dry,0,None,88,Not Applicable,88,Not Applicable,97,Other,88,Not Applicable,88,Not Applicable,2,Intersection,2,Four-Way Intersection,1,No,1,No,88,Not Applicable,88,Not Applicable,88,Not Applicable,88,Not Applicable,FALSE,1,Public Road,1,"Trafficway, On Road",CT0009300,New Haven PD,332,47:16.0,C,Closed,52:12.0,,,,,,,
885789,1,Complete,885789,885789,41.290222,-72.894159,3387887,New Haven,93,93,New Haven,4/14/2021,2021,4,April,14,4,Wednesday,13:15:00,13,21013687,A,"Injury of any type (Serious, Minor, Possible)",C,Possible Injury (C),2,0,0,2,USRoute,50.15,1,1-N,1-N,WOODWARD AV,,,,,41.290222,-72.894159,14,Motor Vehicle in Operation,1,Front to rear,1,On Roadway,1,Clear,88,Not Applicable,1,Daylight,1,Dry,0,None,88,Not Applicable,88,Not Applicable,0,None,88,Not Applicable,88,Not Applicable,2,Intersection,2,Four-Way Intersection,1,No,1,No,88,Not Applicable,88,Not Applicable,88,Not Applicable,88,Not Applicable,FALSE,1,Public Road,1,"Trafficway, On Road",CT0009300,New Haven PD,42055,24:18.0,C,Closed,52:11.0,,4,9400,3,PRINCIPAL ARTERIAL - OTHER - NEW HPMS,2,Urban
885798,1,Complete,885798,885798,41.285708,-72.88783,3387896,New Haven,93,93,New Haven,4/14/2021,2021,4,April,14,4,Wednesday,14:10:00,14,21013737,A,"Injury of any type (Serious, Minor, Possible)",C,Possible Injury (C),2,0,0,4,Local,0.33,388,MAIN ST NO 2,MAIN ST NO 2,TERRACE ST,,,,,41.285708,-72.88783,14,Motor Vehicle in Operation,1,Front to rear,1,On Roadway,1,Clear,88,Not Applicable,1,Daylight,1,Dry,0,None,88,Not Applicable,88,Not Applicable,0,None,88,Not Applicable,88,Not Applicable,3,Intersection-Related,3,T-Intersection,1,No,1,No,88,Not Applicable,88,Not Applicable,88,Not Applicable,88,Not Applicable,FALSE,1,Public Road,1,"Trafficway, On Road",CT0009300,New Haven PD,26,47:26.0,C,Closed,53:40.0,,,,,,,
885803,1,Complete,885803,885803,41.30434,-72.89445,3387901,New Haven,93,93,New Haven,4/14/2021,2021,4,April,14,4,Wednesday,22:13:00,22,21013783,A,"Injury of any type (Serious, Minor, Possible)",A,Suspected Serious Injury (A),2,0,1,4,Local,1.09,213,FERRY ST,FERRY ST,CHAPEL ST,,,,,41.30434,-72.89445,14,Motor Vehicle in Operation,6,Rear to side,1,On Roadway,1,Clear,88,Not Applicable,4,Dark-Lighted,1,Dry,0,None,88,Not Applicable,88,Not Applicable,0,None,88,Not Applicable,88,Not Applicable,2,Intersection,2,Four-Way Intersection,1,No,1,No,88,Not Applicable,88,Not Applicable,88,Not Applicable,88,Not Applicable,FALSE,1,Public Road,1,"Trafficway, On Road",CT0009300,New Haven PD,42051,55:06.0,O,Open,53:06.0,21013783,,,,,,
885809,1,Complete,885809,885809,41.310275,-72.953435,3387907,New Haven,93,93,New Haven,4/15/2021,2021,4,April,15,5,Thursday,14:29:00,14,21013854,A,"Injury of any type (Serious, Minor, Possible)",C,Possible Injury (C),2,0,0,3,State,2.39,10,10-N,10-N,,DERBY AVE,30,Feet,N,41.310275,-72.953435,14,Motor Vehicle in Operation,1,Front to rear,1,On Roadway,4,Rain,88,Not Applicable,1,Daylight,2,Wet,0,None,88,Not Applicable,88,Not Applicable,0,None,88,Not Applicable,88,Not Applicable,1,Non-Junction,1,Not at Intersection,1,No,1,No,88,Not Applicable,88,Not Applicable,88,Not Applicable,88,Not Applicable,FALSE,1,Public Road,1,"Trafficway, On Road",CT0009300,New Haven PD,40951,23:15.0,C,Closed,52:26.0,,4,19700,3,PRINCIPAL ARTERIAL - OTHER - NEW HPMS,2,Urban
885822,1,Complete,885822,885822,41.310578,-72.944907,3387920,New Haven,93,93,New Haven,4/16/2021,2021,4,April,16,6,Friday,12:00:00,12,21013946,A,"Injury of any type (Serious, Minor, Possible)",B,Suspected Minor Injury (B),2,0,1,4,Local,0.34,556,SHERMAN AV,SHERMAN AV,,CHAPEL ST,200,Feet,E,41.310578,-72.944907,14,Motor Vehicle in Operation,3,Angle,1,On Roadway,1,Clear,88,Not Applicable,1,Daylight,1,Dry,0,None,88,Not Applicable,88,Not Applicable,0,None,88,Not Applicable,88,Not Applicable,1,Non-Junction,1,Not at Intersection,1,No,1,No,88,Not Applicable,88,Not Applicable,88,Not Applicable,88,Not Applicable,FALSE,1,Public Road,1,"Trafficway, On Road",CT0009300,New Haven PD,295,12:31.0,C,Closed,53:07.0,,,,,,,
885825,1,Complete,885825,885825,41.32738,-72.953281,3387923,New Haven,93,93,New Haven,4/16/2021,2021,4,April,16,6,Friday,14:21:00,14,21013971,A,"Injury of any type (Serious, Minor, Possible)",C,Possible Injury (C),1,1,0,4,Local,0.54,56,BLAKE ST,BLAKE ST,,FITCH ST,25,Feet,E,41.32738,-72.953281,9,Pedestrian,88,Not Applicable,1,On Roadway,4,Rain,88,Not Applicable,1,Daylight,2,Wet,1,Weather Conditions,88,Not Applicable,88,Not Applicable,0,None,88,Not Applicable,88,Not Applicable,1,Non-Junction,1,Not at Intersection,1,No,1,No,88,Not Applicable,88,Not Applicable,88,Not Applicable,88,Not Applicable,FALSE,1,Public Road,1,"Trafficway, On Road",CT0009300,New Haven PD,751,41:23.0,C,Closed,52:30.0,,2,7000,5,MAJOR COLLECTOR - NEW HPMS,2,Urban
885834,1,Complete,885834,885834,41.306143,-72.939188,3387932,New Haven,93,93,New Haven,4/16/2021,2021,4,April,16,6,Friday,22:28:00,22,21014031,A,"Injury of any type (Serious, Minor, Possible)",C,Possible Injury (C),2,0,0,4,Local,0.7,360,LEGION AV-RT 34,LEGION AV-RT 34,DWIGHT ST,,,,,41.306143,-72.939188,14,Motor Vehicle in Operation,1,Front to rear,1,On Roadway,1,Clear,88,Not Applicable,4,Dark-Lighted,1,Dry,0,None,88,Not Applicable,88,Not Applicable,0,None,88,Not Applicable,88,Not Applicable,3,Intersection-Related,3,T-Intersection,1,No,1,No,88,Not Applicable,88,Not Applicable,88,Not Applicable,88,Not Applicable,FALSE,1,Public Road,1,"Trafficway, On Road",CT0009300,New Haven PD,40951,06:25.0,C,Closed,52:33.0,,,,,,,
885835,1,Complete,885835,885835,41.318872,-72.949139,3387933,New Haven,93,93,New Haven,4/16/2021,2021,4,April,16,6,Friday,22:30:00,22,21014033,A,"Injury of any type (Serious, Minor, Possible)",B,Suspected Minor Injury (B),2,0,1,3,State,3.02,10,10-N,10-N,,Whalley Ave ,30,Feet,S,41.318872,-72.949139,14,Motor Vehicle in Operation,4,"Sideswipe, same direction",1,On Roadway,4,Rain,88,Not Applicable,4,Dark-Lighted,2,Wet,0,None,88,Not Applicable,88,Not Applicable,0,None,88,Not Applicable,88,Not Applicable,3,Intersection-Related,2,Four-Way Intersection,1,No,1,No,88,Not Applicable,88,Not Applicable,88,Not Applicable,88,Not Applicable,FALSE,1,Public Road,1,"Trafficway, On Road",CT0009300,New Haven PD,428,02:31.0,O,Open,52:41.0,,4,19800,3,PRINCIPAL ARTERIAL - OTHER - NEW HPMS,2,Urban
885841,1,Complete,885841,885841,41.292486,-72.943219,3387939,New Haven,93,93,New Haven,4/17/2021,2021,4,April,17,7,Saturday,16:52:00,16,21014093,A,"Injury of any type (Serious, Minor, Possible)",C,Possible Injury (C),2,0,0,3,State,1.02,10,10-N,10-N,FRANK ST,,,,,41.292486,-72.943219,14,Motor Vehicle in Operation,3,Angle,1,On Roadway,1,Clear,88,Not Applicable,1,Daylight,1,Dry,0,None,88,Not Applicable,88,Not Applicable,0,None,88,Not Applicable,88,Not Applicable,2,Intersection,3,T-Intersection,1,No,1,No,88,Not Applicable,88,Not Applicable,88,Not Applicable,88,Not Applicable,FALSE,1,Public Road,1,"Trafficway, On Road",CT0009300,New Haven PD,40810,04:15.0,C,Closed,52:45.0,,4,20200,3,PRINCIPAL ARTERIAL - OTHER - NEW HPMS,2,Urban
885845,1,Complete,885845,885845,41.315421,-72.920977,3387943,New Haven,93,93,New Haven,4/17/2021,2021,4,April,17,7,Saturday,15:00:00,15,21014114,A,"Injury of any type (Serious, Minor, Possible)",C,Possible Injury (C),1,1,0,4,Local,0.35,656,WHITNEY AV,WHITNEY AV,SACHEM ST,,,,,41.315421,-72.920977,9,Pedestrian,88,Not Applicable,1,On Roadway,1,Clear,88,Not Applicable,1,Daylight,1,Dry,0,None,88,Not Applicable,88,Not Applicable,0,None,88,Not Applicable,88,Not Applicable,3,Intersection-Related,3,T-Intersection,1,No,1,No,88,Not Applicable,88,Not Applicable,88,Not Applicable,88,Not Applicable,TRUE,1,Public Road,1,"Trafficway, On Road",CT0009300,New Haven PD,30,31:10.0,C,Closed,52:41.0,NONE,2,12700,3,PRINCIPAL ARTERIAL - OTHER - NEW HPMS,2,Urban
885848,1,Complete,885848,885848,41.28438,-72.934702,3387946,New Haven,93,93,New Haven,4/17/2021,2021,4,April,17,7,Saturday,21:50:00,21,21014133,A,"Injury of any type (Serious, Minor, Possible)",C,Possible Injury (C),2,0,0,3,State,0.3,10,10-N,10-N,,KIMBERLY AVENUE,500,Feet,S,41.28438,-72.934702,14,Motor Vehicle in Operation,2,Front to front,1,On Roadway,1,Clear,88,Not Applicable,4,Dark-Lighted,1,Dry,0,None,88,Not Applicable,88,Not Applicable,0,None,88,Not Applicable,88,Not Applicable,3,Intersection-Related,2,Four-Way Intersection,1,No,1,No,88,Not Applicable,88,Not Applicable,88,Not Applicable,88,Not Applicable,FALSE,1,Public Road,1,"Trafficway, On Road",CT0009300,New Haven PD,966,14:23.0,C,Closed,52:48.0,,1,7000,1,INTERSTATE - NEW HPMS,2,Urban
885853,1,Complete,885853,885853,41.290793,-72.941249,3387951,New Haven,93,93,New Haven,4/14/2021,2021,4,April,14,4,Wednesday,10:30:00,10,21014189,A,"Injury of any type (Serious, Minor, Possible)",C,Possible Injury (C),3,0,0,3,State,0.87,10,10-N,10-N,,,,,,41.290793,-72.941249,14,Motor Vehicle in Operation,1,Front to rear,1,On Roadway,1,Clear,88,Not Applicable,1,Daylight,1,Dry,0,None,88,Not Applicable,88,Not Applicable,0,None,88,Not Applicable,88,Not Applicable,2,Intersection,2,Four-Way Intersection,1,No,1,No,88,Not Applicable,88,Not Applicable,88,Not Applicable,88,Not Applicable,FALSE,1,Public Road,1,"Trafficway, On Road",CT0009300,New Haven PD,40810,45:15.0,C,Closed,53:22.0,,4,20200,3,PRINCIPAL ARTERIAL - OTHER - NEW HPMS,2,Urban
885856,1,Complete,885856,885856,41.3187,-72.948312,3387954,New Haven,93,93,New Haven,4/18/2021,2021,4,April,18,1,Sunday,11:45:00,11,21014192,A,"Injury of any type (Serious, Minor, Possible)",C,Possible Injury (C),2,0,0,4,Local,0.04,653,WHALLEY AV,WHALLEY AV,,ELLA T GRASSO BLVD,300,Feet,E,41.3187,-72.948312,14,Motor Vehicle in Operation,4,"Sideswipe, same direction",1,On Roadway,1,Clear,88,Not Applicable,1,Daylight,1,Dry,0,None,88,Not Applicable,88,Not Applicable,0,None,88,Not Applicable,88,Not Applicable,1,Non-Junction,1,Not at Intersection,1,No,1,No,88,Not Applicable,88,Not Applicable,88,Not Applicable,88,Not Applicable,TRUE,1,Public Road,1,"Trafficway, On Road",CT0009300,New Haven PD,349,25:42.0,C,Closed,52:51.0,,,,,,,
885857,1,Complete,885857,885857,41.306789,-72.946406,3387955,New Haven,93,93,New Haven,4/18/2021,2021,4,April,18,1,Sunday,16:38:00,16,21014204,A,"Injury of any type (Serious, Minor, Possible)",B,Suspected Minor Injury (B),2,0,0,4,Local,0.12,556,SHERMAN AV,SHERMAN AV,SCRANTON ST,,,,,41.306789,-72.946406,14,Motor Vehicle in Operation,1,Front to rear,1,On Roadway,1,Clear,88,Not Applicable,1,Daylight,1,Dry,0,None,88,Not Applicable,88,Not Applicable,0,None,88,Not Applicable,88,Not Applicable,2,Intersection,2,Four-Way Intersection,1,No,1,No,88,Not Applicable,88,Not Applicable,88,Not Applicable,88,Not Applicable,FALSE,1,Public Road,1,"Trafficway, On Road",CT0009300,New Haven PD,362,22:53.0,C,Closed,52:45.0,,,,,,,
885860,1,Complete,885860,885860,41.308618,-72.935895,3387958,New Haven,93,93,New Haven,4/19/2021,2021,4,April,19,2,Monday,9:29:00,9,21014278,A,"Injury of any type (Serious, Minor, Possible)",C,Possible Injury (C),2,0,0,4,Local,0.19,310,HOWE ST,HOWE ST,CROWN ST,,,,,41.308618,-72.935895,14,Motor Vehicle in Operation,3,Angle,1,On Roadway,1,Clear,88,Not Applicable,1,Daylight,1,Dry,0,None,88,Not Applicable,88,Not Applicable,0,None,88,Not Applicable,88,Not Applicable,2,Intersection,3,T-Intersection,1,No,1,No,88,Not Applicable,88,Not Applicable,88,Not Applicable,88,Not Applicable,FALSE,1,Public Road,1,"Trafficway, On Road",CT0009300,New Haven PD,465,34:48.0,C,Closed,52:52.0,,,,,,,
885871,1,Complete,885871,885871,41.307711,-72.936678,3387969,New Haven,93,93,New Haven,4/19/2021,2021,4,April,19,2,Monday,16:15:00,16,21014365,A,"Injury of any type (Serious, Minor, Possible)",C,Possible Injury (C),3,0,0,4,Local,0.12,310,HOWE ST,HOWE ST,GEORGE ST,,,,,41.307711,-72.936678,14,Motor Vehicle in Operation,1,Front to rear,1,On Roadway,1,Clear,88,Not Applicable,1,Daylight,1,Dry,0,None,88,Not Applicable,88,Not Applicable,0,None,88,Not Applicable,88,Not Applicable,2,Intersection,2,Four-Way Intersection,1,No,1,No,88,Not Applicable,88,Not Applicable,88,Not Applicable,88,Not Applicable,FALSE,1,Public Road,1,"Trafficway, On Road",CT0009300,New Haven PD,261,25:59.0,C,Closed,53:05.0,,,,,,,
885884,1,Complete,885884,885884,41.328872,-72.956158,3387982,New Haven,93,93,New Haven,4/20/2021,2021,4,April,20,3,Tuesday,10:39:00,10,21014469,A,"Injury of any type (Serious, Minor, Possible)",B,Suspected Minor Injury (B),1,1,0,4,Local,0.74,56,BLAKE ST,BLAKE ST,AUSTIN ST,,,,,41.328872,-72.956158,10,Pedalcycle/Pedalcyclist,4,"Sideswipe, same direction",1,On Roadway,1,Clear,88,Not Applicable,1,Daylight,1,Dry,0,None,88,Not Applicable,88,Not Applicable,0,None,88,Not Applicable,88,Not Applicable,2,Intersection,2,Four-Way Intersection,1,No,1,No,88,Not Applicable,88,Not Applicable,88,Not Applicable,88,Not Applicable,TRUE,1,Public Road,1,"Trafficway, On Road",CT0009300,New Haven PD,90,50:50.0,C,Closed,53:04.0,,,,,,,
885900,1,Complete,885900,885900,41.301403,-72.923969,3387998,New Haven,93,93,New Haven,4/21/2021,2021,4,April,21,4,Wednesday,11:22:00,11,21014625,A,"Injury of any type (Serious, Minor, Possible)",C,Possible Injury (C),2,0,0,4,Local,0,729,STATE ST NORTH,STATE ST NORTH,1-N,,,,,41.301403,-72.923969,14,Motor Vehicle in Operation,3,Angle,1,On Roadway,4,Rain,88,Not Applicable,1,Daylight,2,Wet,0,None,88,Not Applicable,88,Not Applicable,0,None,88,Not Applicable,88,Not Applicable,3,Intersection-Related,8,"Five-Point, or More",1,No,1,No,88,Not Applicable,88,Not Applicable,88,Not Applicable,88,Not Applicable,FALSE,1,Public Road,1,"Trafficway, On Road",CT0009300,New Haven PD,165,45:46.0,C,Closed,53:09.0,,,,,,,
885907,1,Complete,885907,885907,41.303846,-72.900268,3388005,New Haven,93,93,New Haven,4/21/2021,2021,4,April,21,4,Wednesday,21:45:00,21,21014721,A,"Injury of any type (Serious, Minor, Possible)",C,Possible Injury (C),2,0,0,4,Local,0.4,97,CHAPEL ST,CHAPEL ST,LLOYD ST,,,,,41.303846,-72.900268,14,Motor Vehicle in Operation,3,Angle,1,On Roadway,1,Clear,88,Not Applicable,4,Dark-Lighted,1,Dry,0,None,88,Not Applicable,88,Not Applicable,0,None,88,Not Applicable,88,Not Applicable,2,Intersection,2,Four-Way Intersection,1,No,1,No,88,Not Applicable,88,Not Applicable,88,Not Applicable,88,Not Applicable,FALSE,1,Public Road,1,"Trafficway, On Road",CT0009300,New Haven PD,65,46:26.0,O,Open,54:04.0,,,,,,,
885908,1,Complete,885908,885908,41.293968,-72.944961,3388006,New Haven,93,93,New Haven,4/21/2021,2021,4,April,21,4,Wednesday,22:34:00,22,21014724,A,"Injury of any type (Serious, Minor, Possible)",B,Suspected Minor Injury (B),1,1,0,3,State,1.15,10,10-N,10-N,,ADELINE ST,150,Feet,N,41.293968,-72.944961,9,Pedestrian,88,Not Applicable,1,On Roadway,2,Cloudy,88,Not Applicable,4,Dark-Lighted,1,Dry,0,None,88,Not Applicable,88,Not Applicable,0,None,88,Not Applicable,88,Not Applicable,1,Non-Junction,1,Not at Intersection,1,No,1,No,88,Not Applicable,88,Not Applicable,88,Not Applicable,88,Not Applicable,FALSE,1,Public Road,1,"Trafficway, On Road",CT0009300,New Haven PD,362,42:26.0,O,Open,53:11.0,,2,20200,3,PRINCIPAL ARTERIAL - OTHER - NEW HPMS,2,Urban
885911,1,Complete,885911,885911,41.326859,-72.933198,3388009,New Haven,93,93,New Haven,4/22/2021,2021,4,April,22,5,Thursday,9:02:00,9,21014749,A,"Injury of any type (Serious, Minor, Possible)",A,Suspected Serious Injury (A),4,0,0,4,Local,0.32,552,SHELTON AV,SHELTON AV,,DIVISION ST,20,Feet,N,41.326859,-72.933198,14,Motor Vehicle in Operation,1,Front to rear,1,On Roadway,1,Clear,88,Not Applicable,1,Daylight,1,Dry,0,None,88,Not Applicable,88,Not Applicable,0,None,88,Not Applicable,88,Not Applicable,1,Non-Junction,1,Not at Intersection,1,No,1,No,88,Not Applicable,88,Not Applicable,88,Not Applicable,88,Not Applicable,FALSE,1,Public Road,1,"Trafficway, On Road",CT0009300,New Haven PD,87,57:41.0,C,Closed,53:28.0,,,,,,,