CrashId,Fatal Case Status,Fatal Case Status Text Format,CrashId,CrashId,Latitude,Longitude,DOT Case Number,Town Name,Town Number,Town Number,Town Number Text Format,Date Of Crash,Year,Month,Month Text Format,Day,Day of the Week,Day of the Week Text Format,Time of Crash,Hour of the Day,Case Identifier,Crash Severity,Crash Severity Text Format,Most Severe Injury,Most Severe Injury Text Format,Number Of Motor Vehicles,Number Of Non-Motorist,Number Of Witnesses,Route Class,Route Class Text Format,Milemarker,Road Number,Road Description,Roadway Name,Intersecting Roadway Name,Landmark Description,Distance From Nearest Landmark,Unit Of Measure From Nearest Landmark,Direction From Nearest Landmark,Latitude,Longitude,First Harmful Event,First Harmful Event Text Format,Manner of Crash / Collision Impact,Manner of Crash / Collision Impact Text Format,Location of First Harmful Event,Location of First Harmful Event Text Format,Weather Condition,Weather Condition Text Format,Weather 2,Weather 2 Text Format,Light Condition,Light Condition Text Format,Road Surface Condition,Road Surface Condition Text Format,"Contributing Circumstances, Environment","Contributing Circumstances, Environment Text Format",Environment 2,Environment 2 Text Format,Environment 3,Environment 3 Text Format,"Contributing Circumstances, Road","Contributing Circumstances, Road Text Format",Road 2,Road 2 Text Format,Road 3,Road 3 Text Format,Crash Specific Location,Crash Specific Location Text Format,Type of Intersection,Type of Intersection Text Format,School Bus Related,School Bus Related Text Format,Work Zone Related,Work Zone Related Text Format,Location Of Crash Relative To Work Zone,Location Of Crash Relative To Work Zone Text Format,Type of Work Zone,Type of Work Zone Text Format,Worker Presence,Worker Presence Text Format,Law Enforcement Presence,Law Enforcement Presence Text Format,Were Vehicles Moved Prior To Police Arrival,Trafficway Ownership,Trafficway Ownership Text Format,Trafficway Class,Trafficway Class Text Format,Police Agency,Police Agency Text Format,Badge Number,Approval Date,Police Case Status,Police Case Status Text Format,Crash Report Submission Date,Related Case Identifiers,No. of Through Lanes (Log Dir.),Average Daily Traffic,Functional Classification,Functional Classification Text Format,Rural or Urban,Rural or Urban Text Format
885915,1,Complete,885915,885915,41.289943,-72.940294,3388013,New Haven,93,93,New Haven,4/22/2021,2021,4,April,22,5,Thursday,12:00:00,12,21014763,A,"Injury of any type (Serious, Minor, Possible)",C,Possible Injury (C),3,0,0,3,State,0.8,10,10-N,10-N,LAMBERTON ST,,,,,41.289943,-72.940294,14,Motor Vehicle in Operation,1,Front to rear,1,On Roadway,1,Clear,88,Not Applicable,1,Daylight,1,Dry,0,None,88,Not Applicable,88,Not Applicable,0,None,88,Not Applicable,88,Not Applicable,2,Intersection,2,Four-Way Intersection,1,No,1,No,88,Not Applicable,88,Not Applicable,88,Not Applicable,88,Not Applicable,FALSE,1,Public Road,1,"Trafficway, On Road",CT0009300,New Haven PD,281,16:04.0,C,Closed,53:18.0,,4,17900,3,PRINCIPAL ARTERIAL - OTHER - NEW HPMS,2,Urban
885916,1,Complete,885916,885916,41.286,-72.887971,3388014,New Haven,93,93,New Haven,4/22/2021,2021,4,April,22,5,Thursday,12:11:00,12,21014786,A,"Injury of any type (Serious, Minor, Possible)",B,Suspected Minor Injury (B),2,0,0,4,Local,0.31,388,MAIN ST NO 2,MAIN ST NO 2,,TERRACE ST,50,Feet,E,41.286,-72.887971,14,Motor Vehicle in Operation,3,Angle,1,On Roadway,1,Clear,88,Not Applicable,1,Daylight,1,Dry,0,None,88,Not Applicable,88,Not Applicable,0,None,88,Not Applicable,88,Not Applicable,3,Intersection-Related,2,Four-Way Intersection,1,No,1,No,88,Not Applicable,88,Not Applicable,88,Not Applicable,88,Not Applicable,FALSE,1,Public Road,1,"Trafficway, On Road",CT0009300,New Haven PD,42055,08:28.0,C,Closed,53:25.0,,,,,,,
885922,1,Complete,885922,885922,41.302912,-72.893488,3388020,New Haven,93,93,New Haven,4/22/2021,2021,4,April,22,5,Thursday,15:50:00,15,21014835,A,"Injury of any type (Serious, Minor, Possible)",B,Suspected Minor Injury (B),2,0,0,4,Local,0.05,795,EAST FERRY ST,EAST FERRY ST,,RIVER ST,200,Feet,S,41.302912,-72.893488,14,Motor Vehicle in Operation,1,Front to rear,1,On Roadway,1,Clear,88,Not Applicable,1,Daylight,1,Dry,0,None,88,Not Applicable,88,Not Applicable,0,None,88,Not Applicable,88,Not Applicable,1,Non-Junction,1,Not at Intersection,1,No,1,No,88,Not Applicable,88,Not Applicable,88,Not Applicable,88,Not Applicable,FALSE,1,Public Road,1,"Trafficway, On Road",CT0009300,New Haven PD,743,00:47.0,C,Closed,53:19.0,,,,,,,
885923,1,Complete,885923,885923,41.332642,-72.949187,3388021,New Haven,93,93,New Haven,4/22/2021,2021,4,April,22,5,Thursday,15:59:00,15,21014844,A,"Injury of any type (Serious, Minor, Possible)",C,Possible Injury (C),2,0,2,3,State,4.31,10,10-S,10-S,WINTERGREEN AV,,,,,41.332642,-72.949187,14,Motor Vehicle in Operation,3,Angle,1,On Roadway,1,Clear,88,Not Applicable,1,Daylight,1,Dry,0,None,88,Not Applicable,88,Not Applicable,0,None,88,Not Applicable,88,Not Applicable,2,Intersection,3,T-Intersection,1,No,1,No,88,Not Applicable,88,Not Applicable,88,Not Applicable,88,Not Applicable,FALSE,1,Public Road,1,"Trafficway, On Road",CT0009300,New Haven PD,402,49:46.0,C,Closed,53:21.0,,4,10600,4,MINOR ARTERIAL - NEW HPMS,2,Urban
885926,1,Complete,885926,885926,41.320828,-72.873821,3388024,New Haven,93,93,New Haven,4/22/2021,2021,4,April,22,5,Thursday,18:27:00,18,21014903,A,"Injury of any type (Serious, Minor, Possible)",C,Possible Injury (C),2,0,0,3,State,0.44,80,80-E,80-E,103-N,,,,,41.320828,-72.873821,14,Motor Vehicle in Operation,1,Front to rear,1,On Roadway,1,Clear,88,Not Applicable,1,Daylight,1,Dry,0,None,88,Not Applicable,88,Not Applicable,0,None,88,Not Applicable,88,Not Applicable,3,Intersection-Related,2,Four-Way Intersection,1,No,1,No,88,Not Applicable,88,Not Applicable,88,Not Applicable,88,Not Applicable,FALSE,1,Public Road,1,"Trafficway, On Road",CT0009300,New Haven PD,971,49:58.0,C,Closed,53:35.0,21-014903,4,32100,3,PRINCIPAL ARTERIAL - OTHER - NEW HPMS,2,Urban
885927,1,Complete,885927,885927,41.297178,-72.948513,3388025,New Haven,93,93,New Haven,4/22/2021,2021,4,April,22,5,Thursday,19:30:00,19,21014911,A,"Injury of any type (Serious, Minor, Possible)",C,Possible Injury (C),2,0,0,3,State,1.44,10,10-N,10-N,,COLUMBUS AVE,100,Feet,S,41.297178,-72.948513,14,Motor Vehicle in Operation,1,Front to rear,1,On Roadway,1,Clear,88,Not Applicable,1,Daylight,1,Dry,0,None,88,Not Applicable,88,Not Applicable,0,None,88,Not Applicable,88,Not Applicable,1,Non-Junction,1,Not at Intersection,1,No,1,No,88,Not Applicable,88,Not Applicable,88,Not Applicable,88,Not Applicable,FALSE,1,Public Road,1,"Trafficway, On Road",CT0009300,New Haven PD,966,33:14.0,C,Closed,53:33.0,,4,20700,3,PRINCIPAL ARTERIAL - OTHER - NEW HPMS,2,Urban
885930,1,Complete,885930,885930,41.325926,-72.929559,3388028,New Haven,93,93,New Haven,4/23/2021,2021,4,April,23,6,Friday,2:57:00,2,21014942,A,"Injury of any type (Serious, Minor, Possible)",C,Possible Injury (C),2,0,0,4,Local,0.3,151,DIVISION ST,DIVISION ST,NEWHALL ST,,,,,41.325926,-72.929559,14,Motor Vehicle in Operation,1,Front to rear,1,On Roadway,1,Clear,88,Not Applicable,4,Dark-Lighted,1,Dry,0,None,88,Not Applicable,88,Not Applicable,0,None,88,Not Applicable,88,Not Applicable,2,Intersection,3,T-Intersection,1,No,1,No,88,Not Applicable,88,Not Applicable,88,Not Applicable,88,Not Applicable,TRUE,1,Public Road,1,"Trafficway, On Road",CT0009300,New Haven PD,40790,55:34.0,C,Closed,53:25.0,,,,,,,
885931,1,Complete,885931,885931,41.289131,-72.894819,3388029,New Haven,93,93,New Haven,4/23/2021,2021,4,April,23,6,Friday,13:03:00,13,21014980,A,"Injury of any type (Serious, Minor, Possible)",A,Suspected Serious Injury (A),2,0,0,4,Local,1.31,678,WOODWARD AV,WOODWARD AV,ALLEN PL,,,,,41.289131,-72.894819,14,Motor Vehicle in Operation,4,"Sideswipe, same direction",1,On Roadway,1,Clear,88,Not Applicable,1,Daylight,1,Dry,0,None,88,Not Applicable,88,Not Applicable,0,None,88,Not Applicable,88,Not Applicable,2,Intersection,2,Four-Way Intersection,1,No,1,No,88,Not Applicable,88,Not Applicable,88,Not Applicable,88,Not Applicable,FALSE,1,Public Road,1,"Trafficway, On Road",CT0009300,New Haven PD,42044,40:23.0,C,Closed,53:39.0,,,,,,,
885932,1,Complete,885932,885932,41.31427,-72.93577,3388030,New Haven,93,93,New Haven,4/23/2021,2021,4,April,23,6,Friday,13:47:00,13,21014983,A,"Injury of any type (Serious, Minor, Possible)",B,Suspected Minor Injury (B),2,0,2,4,Local,0.76,653,WHALLEY AV,WHALLEY AV,SPERRY ST,,,,,41.31427,-72.93577,14,Motor Vehicle in Operation,3,Angle,1,On Roadway,1,Clear,88,Not Applicable,1,Daylight,1,Dry,0,None,88,Not Applicable,88,Not Applicable,0,None,88,Not Applicable,88,Not Applicable,2,Intersection,3,T-Intersection,1,No,1,No,88,Not Applicable,88,Not Applicable,88,Not Applicable,88,Not Applicable,FALSE,1,Public Road,1,"Trafficway, On Road",CT0009300,New Haven PD,326,21:27.0,C,Closed,53:31.0,,,,,,,
885936,1,Complete,885936,885936,41.307546,-72.895248,3388034,New Haven,93,93,New Haven,4/23/2021,2021,4,April,23,6,Friday,15:57:00,15,21014993,A,"Injury of any type (Serious, Minor, Possible)",B,Suspected Minor Injury (B),1,1,1,4,Local,0.84,213,FERRY ST,FERRY ST,EXCHANGE ST,,,,,41.307546,-72.895248,9,Pedestrian,88,Not Applicable,1,On Roadway,1,Clear,88,Not Applicable,1,Daylight,1,Dry,0,None,88,Not Applicable,88,Not Applicable,0,None,88,Not Applicable,88,Not Applicable,3,Intersection-Related,2,Four-Way Intersection,1,No,1,No,88,Not Applicable,88,Not Applicable,88,Not Applicable,88,Not Applicable,FALSE,1,Public Road,1,"Trafficway, On Road",CT0009300,New Haven PD,971,49:46.0,C,Closed,53:32.0,21-014992,2,13500,4,MINOR ARTERIAL - NEW HPMS,2,Urban
885941,1,Complete,885941,885941,41.3057081,-72.937535,3388039,New Haven,93,93,New Haven,4/23/2021,2021,4,April,23,6,Friday,21:02:00,21,21015137,A,"Injury of any type (Serious, Minor, Possible)",C,Possible Injury (C),2,0,0,4,Local,0.03,308,HOWARD AV,HOWARD AV,,S FRONTAGE RD,100,Feet,S,41.3057081,-72.937535,14,Motor Vehicle in Operation,1,Front to rear,1,On Roadway,1,Clear,88,Not Applicable,4,Dark-Lighted,1,Dry,99,Unknown,88,Not Applicable,88,Not Applicable,99,Unknown,88,Not Applicable,88,Not Applicable,1,Non-Junction,1,Not at Intersection,1,No,1,No,88,Not Applicable,88,Not Applicable,88,Not Applicable,88,Not Applicable,FALSE,1,Public Road,1,"Trafficway, On Road",CT0009300,New Haven PD,40947,16:12.0,C,Closed,53:43.0,,,,,,,
885944,1,Complete,885944,885944,41.314995,-72.951052,3388042,New Haven,93,93,New Haven,4/24/2021,2021,4,April,24,7,Saturday,2:46:00,2,21015159,A,"Injury of any type (Serious, Minor, Possible)",C,Possible Injury (C),2,0,0,3,State,2.74,10,10-N,10-N,EDGEWOOD AV,,,,,41.314995,-72.951052,14,Motor Vehicle in Operation,3,Angle,1,On Roadway,1,Clear,88,Not Applicable,4,Dark-Lighted,1,Dry,0,None,88,Not Applicable,88,Not Applicable,0,None,88,Not Applicable,88,Not Applicable,2,Intersection,2,Four-Way Intersection,1,No,1,No,88,Not Applicable,88,Not Applicable,88,Not Applicable,88,Not Applicable,FALSE,1,Public Road,1,"Trafficway, On Road",CT0009300,New Haven PD,296,27:57.0,C,Closed,53:36.0,,2,16800,3,PRINCIPAL ARTERIAL - OTHER - NEW HPMS,2,Urban
885947,1,Complete,885947,885947,41.297411,-72.950079,3388045,New Haven,93,93,New Haven,4/24/2021,2021,4,April,24,7,Saturday,13:59:00,13,21015184,A,"Injury of any type (Serious, Minor, Possible)",C,Possible Injury (C),2,0,0,2,USRoute,46.58,1,1-N,1-N,,ELLA T GRASSO BLVD,200,Feet,W,41.297411,-72.950079,14,Motor Vehicle in Operation,1,Front to rear,1,On Roadway,1,Clear,88,Not Applicable,1,Daylight,1,Dry,0,None,88,Not Applicable,88,Not Applicable,0,None,88,Not Applicable,88,Not Applicable,1,Non-Junction,1,Not at Intersection,1,No,1,No,88,Not Applicable,88,Not Applicable,88,Not Applicable,88,Not Applicable,FALSE,1,Public Road,1,"Trafficway, On Road",CT0009300,New Haven PD,40810,15:00.0,C,Closed,53:42.0,,4,20500,3,PRINCIPAL ARTERIAL - OTHER - NEW HPMS,2,Urban
885950,1,Complete,885950,885950,41.306933,-72.942466,3388048,New Haven,93,93,New Haven,4/24/2021,2021,4,April,24,7,Saturday,16:03:00,16,21015192,A,"Injury of any type (Serious, Minor, Possible)",C,Possible Injury (C),2,0,1,4,Local,1.02,809,REV DR MLK JR BLVD,REV DR MLK JR BLVD,ORCHARD ST,,,,,41.306933,-72.942466,14,Motor Vehicle in Operation,97,Other,1,On Roadway,1,Clear,88,Not Applicable,1,Daylight,1,Dry,0,None,88,Not Applicable,88,Not Applicable,0,None,88,Not Applicable,88,Not Applicable,2,Intersection,2,Four-Way Intersection,1,No,1,No,88,Not Applicable,88,Not Applicable,88,Not Applicable,88,Not Applicable,FALSE,1,Public Road,1,"Trafficway, On Road",CT0009300,New Haven PD,40951,35:17.0,C,Closed,53:45.0,,,,,,,
885952,1,Complete,885952,885952,41.312439,-72.900158,3388050,New Haven,93,93,New Haven,4/24/2021,2021,4,April,24,7,Saturday,18:57:00,18,21015212,A,"Injury of any type (Serious, Minor, Possible)",C,Possible Injury (C),2,0,1,4,Local,0.66,57,BLATCHLEY AV,BLATCHLEY AV,,PINE ST,275,Feet,S,41.312439,-72.900158,14,Motor Vehicle in Operation,2,Front to front,1,On Roadway,1,Clear,88,Not Applicable,3,Dusk,1,Dry,0,None,88,Not Applicable,88,Not Applicable,97,Other,88,Not Applicable,88,Not Applicable,97,Other,1,Not at Intersection,1,No,1,No,88,Not Applicable,88,Not Applicable,88,Not Applicable,88,Not Applicable,FALSE,1,Public Road,1,"Trafficway, On Road",CT0009300,New Haven PD,10,36:14.0,C,Closed,53:55.0,,,,,,,
885954,1,Complete,885954,885954,41.306065,-72.943205,3388052,New Haven,93,93,New Haven,4/24/2021,2021,4,April,24,7,Saturday,18:40:00,18,21015214,A,"Injury of any type (Serious, Minor, Possible)",A,Suspected Serious Injury (A),4,0,1,4,Local,0.49,360,LEGION AV-RT 34,LEGION AV-RT 34,,ORCHARD STREET,100,Feet,W,41.306065,-72.943205,14,Motor Vehicle in Operation,97,Other,2,Shoulder,1,Clear,88,Not Applicable,1,Daylight,1,Dry,0,None,88,Not Applicable,88,Not Applicable,0,None,88,Not Applicable,88,Not Applicable,1,Non-Junction,1,Not at Intersection,1,No,1,No,88,Not Applicable,88,Not Applicable,88,Not Applicable,88,Not Applicable,FALSE,1,Public Road,1,"Trafficway, On Road",CT0009300,New Haven PD,428,17:56.0,C,Closed,54:11.0,,,,,,,
885959,1,Complete,885959,885959,41.328873,-72.965329,3388057,New Haven,93,93,New Haven,4/24/2021,2021,4,April,24,7,Saturday,2:00:00,2,21015241,A,"Injury of any type (Serious, Minor, Possible)",C,Possible Injury (C),3,0,0,3,State,0.54,63,63-N,63-N,,,,,,41.328873,-72.965329,14,Motor Vehicle in Operation,3,Angle,1,On Roadway,1,Clear,88,Not Applicable,4,Dark-Lighted,1,Dry,0,None,88,Not Applicable,88,Not Applicable,0,None,88,Not Applicable,88,Not Applicable,3,Intersection-Related,3,T-Intersection,1,No,1,No,88,Not Applicable,88,Not Applicable,88,Not Applicable,88,Not Applicable,TRUE,1,Public Road,1,"Trafficway, On Road",CT0009300,New Haven PD,412,24:32.0,C,Closed,55:38.0,,3,20300,3,PRINCIPAL ARTERIAL - OTHER - NEW HPMS,2,Urban
885961,1,Complete,885961,885961,41.31203,-72.88068,3388059,New Haven,93,93,New Haven,4/25/2021,2021,4,April,25,1,Sunday,3:14:00,3,21015245,A,"Injury of any type (Serious, Minor, Possible)",C,Possible Injury (C),1,0,0,4,Local,1.52,498,QUINNIPIAC AV,QUINNIPIAC AV,,RUNO TERR,500,Feet,N,41.31203,-72.88068,32,Tree (standing),88,Not Applicable,1,On Roadway,4,Rain,88,Not Applicable,4,Dark-Lighted,2,Wet,0,None,88,Not Applicable,88,Not Applicable,0,None,88,Not Applicable,88,Not Applicable,1,Non-Junction,1,Not at Intersection,1,No,1,No,88,Not Applicable,88,Not Applicable,88,Not Applicable,88,Not Applicable,FALSE,1,Public Road,1,"Trafficway, On Road",CT0009300,New Haven PD,40807,25:54.0,C,Closed,53:48.0,,2,6400,4,MINOR ARTERIAL - NEW HPMS,2,Urban
885965,1,Complete,885965,885965,41.291,-72.941596,3388063,New Haven,93,93,New Haven,4/25/2021,2021,4,April,25,1,Sunday,14:05:00,14,21015286,A,"Injury of any type (Serious, Minor, Possible)",C,Possible Injury (C),2,0,0,3,State,0.89,10,10-N,10-N,,WASHINGTON AVE,50,Feet,N,41.291,-72.941596,14,Motor Vehicle in Operation,1,Front to rear,1,On Roadway,1,Clear,88,Not Applicable,1,Daylight,1,Dry,0,None,88,Not Applicable,88,Not Applicable,0,None,88,Not Applicable,88,Not Applicable,1,Non-Junction,1,Not at Intersection,1,No,1,No,88,Not Applicable,88,Not Applicable,88,Not Applicable,88,Not Applicable,FALSE,1,Public Road,1,"Trafficway, On Road",CT0009300,New Haven PD,966,10:04.0,C,Closed,53:53.0,,4,20200,3,PRINCIPAL ARTERIAL - OTHER - NEW HPMS,2,Urban
885992,1,Complete,885992,885992,41.325569,-72.927727,3388090,New Haven,93,93,New Haven,4/25/2021,2021,4,April,25,1,Sunday,22:29:00,22,21015330,A,"Injury of any type (Serious, Minor, Possible)",C,Possible Injury (C),2,0,0,4,Local,0.4,151,DIVISION ST,DIVISION ST,WINCHESTER AV,,,,,41.325569,-72.927727,14,Motor Vehicle in Operation,3,Angle,1,On Roadway,1,Clear,88,Not Applicable,4,Dark-Lighted,1,Dry,0,None,88,Not Applicable,88,Not Applicable,0,None,88,Not Applicable,88,Not Applicable,2,Intersection,2,Four-Way Intersection,1,No,1,No,88,Not Applicable,88,Not Applicable,88,Not Applicable,88,Not Applicable,FALSE,1,Public Road,1,"Trafficway, On Road",CT0009300,New Haven PD,40799,16:04.0,C,Closed,55:35.0,,,,,,,
885996,1,Complete,885996,885996,41.291559,-72.931084,3388094,New Haven,93,93,New Haven,4/26/2021,2021,4,April,26,2,Monday,7:58:00,7,21015352,A,"Injury of any type (Serious, Minor, Possible)",C,Possible Injury (C),2,0,0,4,Local,0.5,350,LAMBERTON ST,LAMBERTON ST,HALLOCK AV NO 1,,,,,41.291559,-72.931084,14,Motor Vehicle in Operation,3,Angle,1,On Roadway,1,Clear,88,Not Applicable,1,Daylight,1,Dry,0,None,88,Not Applicable,88,Not Applicable,0,None,88,Not Applicable,88,Not Applicable,2,Intersection,3,T-Intersection,1,No,1,No,88,Not Applicable,88,Not Applicable,88,Not Applicable,88,Not Applicable,FALSE,1,Public Road,1,"Trafficway, On Road",CT0009300,New Haven PD,40793,01:42.0,C,Closed,54:04.0,,,,,,,
886001,1,Complete,886001,886001,41.316191,-72.954376,3388099,New Haven,93,93,New Haven,4/26/2021,2021,4,April,26,2,Monday,17:45:00,17,21015425,A,"Injury of any type (Serious, Minor, Possible)",C,Possible Injury (C),3,0,0,4,Local,0.87,179,EDGEWOOD AV,EDGEWOOD AV,PENDLETON ST,,,,,41.316191,-72.954376,14,Motor Vehicle in Operation,3,Angle,1,On Roadway,1,Clear,88,Not Applicable,1,Daylight,1,Dry,0,None,88,Not Applicable,88,Not Applicable,0,None,88,Not Applicable,88,Not Applicable,3,Intersection-Related,2,Four-Way Intersection,1,No,1,No,88,Not Applicable,88,Not Applicable,88,Not Applicable,88,Not Applicable,FALSE,1,Public Road,1,"Trafficway, On Road",CT0009300,New Haven PD,72,38:04.0,C,Closed,54:08.0,,,,,,,
886005,1,Complete,886005,886005,41.315267,-72.952097,3388103,New Haven,93,93,New Haven,4/27/2021,2021,4,April,27,3,Tuesday,0:34:00,0,21015464,A,"Injury of any type (Serious, Minor, Possible)",C,Possible Injury (C),1,0,0,4,Local,1,179,EDGEWOOD AV,EDGEWOOD AV,,ELLA T. GRASSO BLVD,300,Feet,W,41.315267,-72.952097,33,Utility Pole/Light Support,88,Not Applicable,1,On Roadway,1,Clear,88,Not Applicable,4,Dark-Lighted,1,Dry,0,None,88,Not Applicable,88,Not Applicable,0,None,88,Not Applicable,88,Not Applicable,1,Non-Junction,1,Not at Intersection,1,No,1,No,88,Not Applicable,88,Not Applicable,88,Not Applicable,88,Not Applicable,FALSE,1,Public Road,1,"Trafficway, On Road",CT0009300,New Haven PD,11107,58:55.0,C,Closed,54:09.0,,4,3300,5,MAJOR COLLECTOR - NEW HPMS,2,Urban
886006,1,Complete,886006,886006,41.323814,-72.881495,3388104,New Haven,93,93,New Haven,4/27/2021,2021,4,April,27,3,Tuesday,7:55:00,7,21015479,A,"Injury of any type (Serious, Minor, Possible)",C,Possible Injury (C),2,0,0,3,State,0.22,17,17-N,17-N,80-W,,,,,41.323814,-72.881495,14,Motor Vehicle in Operation,1,Front to rear,1,On Roadway,1,Clear,88,Not Applicable,1,Daylight,1,Dry,0,None,88,Not Applicable,88,Not Applicable,0,None,88,Not Applicable,88,Not Applicable,2,Intersection,2,Four-Way Intersection,1,No,1,No,88,Not Applicable,88,Not Applicable,88,Not Applicable,88,Not Applicable,FALSE,1,Public Road,1,"Trafficway, On Road",CT0009300,New Haven PD,351,35:45.0,C,Closed,54:13.0,,1,8500,1,INTERSTATE - NEW HPMS,2,Urban
886007,1,Complete,886007,886007,41.3342,-72.94747,3388105,New Haven,93,93,New Haven,4/27/2021,2021,4,April,27,3,Tuesday,9:10:00,9,21015483,A,"Injury of any type (Serious, Minor, Possible)",C,Possible Injury (C),2,0,0,3,State,4.44,10,10-N,10-N,PINE ROCK AV,,,,,41.3342,-72.94747,14,Motor Vehicle in Operation,4,"Sideswipe, same direction",1,On Roadway,1,Clear,88,Not Applicable,1,Daylight,1,Dry,0,None,88,Not Applicable,88,Not Applicable,0,None,88,Not Applicable,88,Not Applicable,2,Intersection,3,T-Intersection,1,No,1,No,88,Not Applicable,88,Not Applicable,88,Not Applicable,88,Not Applicable,TRUE,1,Public Road,1,"Trafficway, On Road",CT0009300,New Haven PD,90,50:39.0,C,Closed,54:18.0,,4,10600,4,MINOR ARTERIAL - NEW HPMS,2,Urban
886015,1,Complete,886015,886015,41.311453,-72.873728,3388113,New Haven,93,93,New Haven,4/27/2021,2021,4,April,27,3,Tuesday,19:03:00,19,21015566,A,"Injury of any type (Serious, Minor, Possible)",C,Possible Injury (C),4,0,1,4,Local,0.32,167,EASTERN ST,EASTERN ST,,BOUCHET LN,100,Feet,N,41.311453,-72.873728,14,Motor Vehicle in Operation,3,Angle,1,On Roadway,1,Clear,88,Not Applicable,1,Daylight,1,Dry,0,None,88,Not Applicable,88,Not Applicable,0,None,88,Not Applicable,88,Not Applicable,1,Non-Junction,1,Not at Intersection,1,No,1,No,88,Not Applicable,88,Not Applicable,88,Not Applicable,88,Not Applicable,FALSE,1,Public Road,1,"Trafficway, On Road",CT0009300,New Haven PD,409,47:27.0,C,Closed,54:21.0,,,,,,,
886016,1,Complete,886016,886016,41.313803,-72.92502,3388114,New Haven,93,93,New Haven,4/27/2021,2021,4,April,27,3,Tuesday,19:45:00,19,21015574,A,"Injury of any type (Serious, Minor, Possible)",A,Suspected Serious Injury (A),1,1,3,4,Local,0.15,495,PROSPECT ST,PROSPECT ST,TRUMBULL ST,,,,,41.313803,-72.92502,9,Pedestrian,88,Not Applicable,1,On Roadway,1,Clear,88,Not Applicable,4,Dark-Lighted,1,Dry,0,None,88,Not Applicable,88,Not Applicable,0,None,88,Not Applicable,88,Not Applicable,2,Intersection,2,Four-Way Intersection,1,No,1,No,88,Not Applicable,88,Not Applicable,88,Not Applicable,88,Not Applicable,FALSE,1,Public Road,1,"Trafficway, On Road",CT0009300,New Haven PD,241,56:33.0,C,Closed,54:28.0,,3,7200,4,MINOR ARTERIAL - NEW HPMS,2,Urban
886018,1,Complete,886018,886018,41.32016,-72.89313,3388116,New Haven,93,93,New Haven,4/28/2021,2021,4,April,28,4,Wednesday,1:12:00,1,21015595,A,"Injury of any type (Serious, Minor, Possible)",C,Possible Injury (C),3,0,0,4,Local,0.49,411,MIDDLETOWN AV,MIDDLETOWN AV,CLINTON AV,,,,,41.32016,-72.89313,14,Motor Vehicle in Operation,1,Front to rear,1,On Roadway,1,Clear,88,Not Applicable,4,Dark-Lighted,1,Dry,0,None,88,Not Applicable,88,Not Applicable,0,None,88,Not Applicable,88,Not Applicable,2,Intersection,2,Four-Way Intersection,1,No,1,No,88,Not Applicable,88,Not Applicable,88,Not Applicable,88,Not Applicable,FALSE,1,Public Road,1,"Trafficway, On Road",CT0009300,New Haven PD,353,17:18.0,C,Closed,54:23.0,,,,,,,
886021,1,Complete,886021,886021,41.309719,-72.927644,3388119,New Haven,93,93,New Haven,4/28/2021,2021,4,April,28,4,Wednesday,12:25:00,12,21015644,A,"Injury of any type (Serious, Minor, Possible)",C,Possible Injury (C),2,0,0,4,Local,0.35,726,ELM ST NO 2,ELM ST NO 2,,TEMPLE ST,150,Feet,W,41.309719,-72.927644,14,Motor Vehicle in Operation,1,Front to rear,1,On Roadway,1,Clear,88,Not Applicable,1,Daylight,1,Dry,0,None,88,Not Applicable,88,Not Applicable,0,None,88,Not Applicable,88,Not Applicable,1,Non-Junction,1,Not at Intersection,1,No,1,No,88,Not Applicable,88,Not Applicable,88,Not Applicable,88,Not Applicable,TRUE,1,Public Road,1,"Trafficway, On Road",CT0009300,New Haven PD,165,31:31.0,C,Closed,54:25.0,,,,,,,
886022,1,Complete,886022,886022,41.328986,-72.932441,3388120,New Haven,93,93,New Haven,4/28/2021,2021,4,April,28,4,Wednesday,13:13:00,13,21015662,A,"Injury of any type (Serious, Minor, Possible)",A,Suspected Serious Injury (A),2,0,1,4,Local,0.47,552,SHELTON AV,SHELTON AV,HAZEL ST,,,,,41.328986,-72.932441,14,Motor Vehicle in Operation,3,Angle,1,On Roadway,1,Clear,88,Not Applicable,1,Daylight,1,Dry,0,None,88,Not Applicable,88,Not Applicable,0,None,88,Not Applicable,88,Not Applicable,2,Intersection,2,Four-Way Intersection,1,No,1,No,88,Not Applicable,88,Not Applicable,88,Not Applicable,88,Not Applicable,TRUE,1,Public Road,1,"Trafficway, On Road",CT0009300,New Haven PD,324,24:46.0,O,Open,54:26.0,21015662,,,,,,
886030,1,Complete,886030,886030,41.328523,-72.957363,3388128,New Haven,93,93,New Haven,4/28/2021,2021,4,April,28,4,Wednesday,23:33:00,23,21015761,A,"Injury of any type (Serious, Minor, Possible)",C,Possible Injury (C),2,0,0,4,Local,0.81,56,BLAKE ST,BLAKE ST,STONE ST,,,,,41.328523,-72.957363,14,Motor Vehicle in Operation,5,"Sideswipe, opposite direction",1,On Roadway,4,Rain,88,Not Applicable,4,Dark-Lighted,2,Wet,0,None,88,Not Applicable,88,Not Applicable,0,None,88,Not Applicable,88,Not Applicable,2,Intersection,3,T-Intersection,1,No,1,No,88,Not Applicable,88,Not Applicable,88,Not Applicable,88,Not Applicable,FALSE,1,Public Road,1,"Trafficway, On Road",CT0009300,New Haven PD,40956,42:44.0,C,Closed,54:31.0,,,,,,,