CrashId,Fatal Case Status,Fatal Case Status Text Format,CrashId,CrashId,Latitude,Longitude,DOT Case Number,Town Name,Town Number,Town Number,Town Number Text Format,Date Of Crash,Year,Month,Month Text Format,Day,Day of the Week,Day of the Week Text Format,Time of Crash,Hour of the Day,Case Identifier,Crash Severity,Crash Severity Text Format,Most Severe Injury,Most Severe Injury Text Format,Number Of Motor Vehicles,Number Of Non-Motorist,Number Of Witnesses,Route Class,Route Class Text Format,Milemarker,Road Number,Road Description,Roadway Name,Intersecting Roadway Name,Landmark Description,Distance From Nearest Landmark,Unit Of Measure From Nearest Landmark,Direction From Nearest Landmark,Latitude,Longitude,First Harmful Event,First Harmful Event Text Format,Manner of Crash / Collision Impact,Manner of Crash / Collision Impact Text Format,Location of First Harmful Event,Location of First Harmful Event Text Format,Weather Condition,Weather Condition Text Format,Weather 2,Weather 2 Text Format,Light Condition,Light Condition Text Format,Road Surface Condition,Road Surface Condition Text Format,"Contributing Circumstances, Environment","Contributing Circumstances, Environment Text Format",Environment 2,Environment 2 Text Format,Environment 3,Environment 3 Text Format,"Contributing Circumstances, Road","Contributing Circumstances, Road Text Format",Road 2,Road 2 Text Format,Road 3,Road 3 Text Format,Crash Specific Location,Crash Specific Location Text Format,Type of Intersection,Type of Intersection Text Format,School Bus Related,School Bus Related Text Format,Work Zone Related,Work Zone Related Text Format,Location Of Crash Relative To Work Zone,Location Of Crash Relative To Work Zone Text Format,Type of Work Zone,Type of Work Zone Text Format,Worker Presence,Worker Presence Text Format,Law Enforcement Presence,Law Enforcement Presence Text Format,Were Vehicles Moved Prior To Police Arrival,Trafficway Ownership,Trafficway Ownership Text Format,Trafficway Class,Trafficway Class Text Format,Police Agency,Police Agency Text Format,Badge Number,Approval Date,Police Case Status,Police Case Status Text Format,Crash Report Submission Date,Related Case Identifiers,No. of Through Lanes (Log Dir.),Average Daily Traffic,Functional Classification,Functional Classification Text Format,Rural or Urban,Rural or Urban Text Format
886035,1,Complete,886035,886035,41.287422,-72.88964,3388133,New Haven,93,93,New Haven,4/29/2021,2021,4,April,29,5,Thursday,8:55:00,8,21015779,A,"Injury of any type (Serious, Minor, Possible)",B,Suspected Minor Injury (B),2,0,0,4,Local,0.18,388,MAIN ST NO 2,MAIN ST NO 2,OAKLEY ST NO 2,,,,,41.287422,-72.88964,14,Motor Vehicle in Operation,1,Front to rear,1,On Roadway,4,Rain,88,Not Applicable,1,Daylight,2,Wet,1,Weather Conditions,88,Not Applicable,88,Not Applicable,0,None,88,Not Applicable,88,Not Applicable,2,Intersection,2,Four-Way Intersection,1,No,1,No,88,Not Applicable,88,Not Applicable,88,Not Applicable,88,Not Applicable,FALSE,1,Public Road,1,"Trafficway, On Road",CT0009300,New Haven PD,42044,12:09.0,C,Closed,54:44.0,,,,,,,
886037,1,Complete,886037,886037,41.314829,-72.873353,3388135,New Haven,93,93,New Haven,4/30/2021,2021,4,April,30,6,Friday,9:30:00,9,21015781,A,"Injury of any type (Serious, Minor, Possible)",C,Possible Injury (C),2,0,0,4,Local,0.57,167,EASTERN ST,EASTERN ST,,HEMINGWAY AVE,50,Feet,N,41.314829,-72.873353,14,Motor Vehicle in Operation,1,Front to rear,1,On Roadway,1,Clear,88,Not Applicable,1,Daylight,1,Dry,0,None,88,Not Applicable,88,Not Applicable,0,None,88,Not Applicable,88,Not Applicable,3,Intersection-Related,3,T-Intersection,1,No,1,No,88,Not Applicable,88,Not Applicable,88,Not Applicable,88,Not Applicable,FALSE,1,Public Road,1,"Trafficway, On Road",CT0009300,New Haven PD,322,44:32.0,C,Closed,54:41.0,,,,,,,
886039,1,Complete,886039,886039,41.264117,-72.89313,3388137,New Haven,93,93,New Haven,4/29/2021,2021,4,April,29,5,Thursday,13:15:00,13,21015833,A,"Injury of any type (Serious, Minor, Possible)",B,Suspected Minor Injury (B),3,0,0,4,Local,0,432,NELSON ST,NELSON ST,CONCORD ST,,,,,41.264117,-72.89313,15,Parked Motor Vehicle,2,Front to front,1,On Roadway,1,Clear,88,Not Applicable,1,Daylight,1,Dry,0,None,88,Not Applicable,88,Not Applicable,0,None,88,Not Applicable,88,Not Applicable,2,Intersection,3,T-Intersection,1,No,1,No,88,Not Applicable,88,Not Applicable,88,Not Applicable,88,Not Applicable,FALSE,1,Public Road,1,"Trafficway, On Road",CT0009300,New Haven PD,42044,50:22.0,C,Closed,54:51.0,,,,,,,
886040,1,Complete,886040,886040,41.327454,-72.953336,3388138,New Haven,93,93,New Haven,4/29/2021,2021,4,April,29,5,Thursday,13:48:00,13,21015837,A,"Injury of any type (Serious, Minor, Possible)",C,Possible Injury (C),2,0,0,3,State,3.86,10,10-N,10-N,BLAKE ST,,,,,41.327454,-72.953336,14,Motor Vehicle in Operation,1,Front to rear,1,On Roadway,1,Clear,88,Not Applicable,1,Daylight,1,Dry,0,None,88,Not Applicable,88,Not Applicable,0,None,88,Not Applicable,88,Not Applicable,2,Intersection,2,Four-Way Intersection,1,No,1,No,88,Not Applicable,88,Not Applicable,88,Not Applicable,88,Not Applicable,TRUE,1,Public Road,1,"Trafficway, On Road",CT0009300,New Haven PD,90,08:33.0,C,Closed,54:35.0,,2,13100,4,MINOR ARTERIAL - NEW HPMS,2,Urban
886044,1,Complete,886044,886044,41.302922,-72.928561,3388142,New Haven,93,93,New Haven,4/29/2021,2021,4,April,29,5,Thursday,16:25:00,16,21015856,A,"Injury of any type (Serious, Minor, Possible)",C,Possible Injury (C),2,0,0,4,Local,0.21,809,REV DR MLK JR BLVD,REV DR MLK JR BLVD,,CHURCH ST,75,Feet,W,41.302922,-72.928561,14,Motor Vehicle in Operation,4,"Sideswipe, same direction",1,On Roadway,2,Cloudy,88,Not Applicable,1,Daylight,2,Wet,0,None,88,Not Applicable,88,Not Applicable,0,None,88,Not Applicable,88,Not Applicable,1,Non-Junction,1,Not at Intersection,1,No,1,No,88,Not Applicable,88,Not Applicable,88,Not Applicable,88,Not Applicable,FALSE,1,Public Road,1,"Trafficway, On Road",CT0009300,New Haven PD,40951,37:28.0,C,Closed,54:37.0,,,,,,,
886047,1,Complete,886047,886047,41.3324,-72.975007,921074,New Haven,93,93,New Haven,4/30/2021,2021,4,April,30,6,Friday,5:39:00,5,21015919,K,Fatal (Kill),K,Fatal Injury (K),1,1,1,3,State,1.12,63,63-N,63-N,EAST RAMSDELL ST,,,,,41.3324,-72.975007,9,Pedestrian,88,Not Applicable,1,On Roadway,1,Clear,88,Not Applicable,2,Dawn,1,Dry,0,None,88,Not Applicable,88,Not Applicable,0,None,88,Not Applicable,88,Not Applicable,2,Intersection,2,Four-Way Intersection,1,No,1,No,88,Not Applicable,88,Not Applicable,88,Not Applicable,88,Not Applicable,TRUE,1,Public Road,1,"Trafficway, On Road",CT0009300,New Haven PD,40794,55:59.0,O,Open,54:43.0,,4,22900,3,PRINCIPAL ARTERIAL - OTHER - NEW HPMS,2,Urban
886051,1,Complete,886051,886051,41.324445,-72.956161,3388149,New Haven,93,93,New Haven,4/30/2021,2021,4,April,30,6,Friday,12:05:00,12,21015951,A,"Injury of any type (Serious, Minor, Possible)",A,Suspected Serious Injury (A),1,0,3,3,State,3.56,10,10-N,10-N,JEWELL ST,,,,,41.324445,-72.956161,31,Other Traffic Barrier,88,Not Applicable,3,Median,1,Clear,88,Not Applicable,1,Daylight,1,Dry,0,None,88,Not Applicable,88,Not Applicable,0,None,88,Not Applicable,88,Not Applicable,2,Intersection,3,T-Intersection,1,No,1,No,88,Not Applicable,88,Not Applicable,88,Not Applicable,88,Not Applicable,FALSE,1,Public Road,1,"Trafficway, On Road",CT0009300,New Haven PD,90,21:46.0,C,Closed,54:56.0,,4,18000,3,PRINCIPAL ARTERIAL - OTHER - NEW HPMS,2,Urban
886067,1,Complete,886067,886067,41.308259,-72.903138,3388165,New Haven,93,93,New Haven,5/1/2021,2021,5,May,1,7,Saturday,12:27:00,12,21016122,A,"Injury of any type (Serious, Minor, Possible)",C,Possible Injury (C),2,0,0,4,Local,0.92,264,GRAND AV,GRAND AV,JAMES ST,,,,S,41.308259,-72.903138,14,Motor Vehicle in Operation,1,Front to rear,1,On Roadway,1,Clear,88,Not Applicable,1,Daylight,1,Dry,0,None,88,Not Applicable,88,Not Applicable,0,None,88,Not Applicable,88,Not Applicable,1,Non-Junction,1,Not at Intersection,1,No,1,No,88,Not Applicable,88,Not Applicable,88,Not Applicable,88,Not Applicable,FALSE,1,Public Road,1,"Trafficway, On Road",CT0009300,New Haven PD,40793,36:00.0,C,Closed,54:53.0,,,,,,,
886068,1,Complete,886068,886068,41.333622,-72.975917,3388166,New Haven,93,93,New Haven,5/1/2021,2021,5,May,1,7,Saturday,12:27:00,12,21016123,A,"Injury of any type (Serious, Minor, Possible)",B,Suspected Minor Injury (B),2,0,1,3,State,1.21,63,63-N,63-N,,EAST RAMSDELL,150,Feet,E,41.333622,-72.975917,14,Motor Vehicle in Operation,3,Angle,1,On Roadway,1,Clear,88,Not Applicable,1,Daylight,1,Dry,0,None,88,Not Applicable,88,Not Applicable,0,None,88,Not Applicable,88,Not Applicable,1,Non-Junction,1,Not at Intersection,1,No,1,No,88,Not Applicable,88,Not Applicable,88,Not Applicable,88,Not Applicable,FALSE,1,Public Road,1,"Trafficway, On Road",CT0009300,New Haven PD,42057,25:01.0,C,Closed,55:03.0,,4,26900,3,PRINCIPAL ARTERIAL - OTHER - NEW HPMS,2,Urban
886070,1,Complete,886070,886070,41.321732,-72.87671,3388168,New Haven,93,93,New Haven,5/1/2021,2021,5,May,1,7,Saturday,14:20:00,14,21016138,A,"Injury of any type (Serious, Minor, Possible)",C,Possible Injury (C),2,0,0,3,State,0.29,80,80-E,80-E,,WALMART ENTRANCE,100,Feet,W,41.321732,-72.87671,14,Motor Vehicle in Operation,1,Front to rear,1,On Roadway,1,Clear,88,Not Applicable,1,Daylight,1,Dry,0,None,88,Not Applicable,88,Not Applicable,0,None,88,Not Applicable,88,Not Applicable,1,Non-Junction,1,Not at Intersection,1,No,1,No,88,Not Applicable,88,Not Applicable,88,Not Applicable,88,Not Applicable,FALSE,1,Public Road,1,"Trafficway, On Road",CT0009300,New Haven PD,40807,14:29.0,C,Closed,54:54.0,,4,32100,3,PRINCIPAL ARTERIAL - OTHER - NEW HPMS,2,Urban
886079,1,Complete,886079,886079,41.308984,-72.89701,3388177,New Haven,93,93,New Haven,5/1/2021,2021,5,May,1,7,Saturday,18:58:00,18,21016172,A,"Injury of any type (Serious, Minor, Possible)",C,Possible Injury (C),2,0,0,4,Local,0.59,264,GRAND AV,GRAND AV,POPLAR ST,,,,,41.308984,-72.89701,14,Motor Vehicle in Operation,4,"Sideswipe, same direction",1,On Roadway,1,Clear,88,Not Applicable,1,Daylight,1,Dry,0,None,88,Not Applicable,88,Not Applicable,0,None,88,Not Applicable,88,Not Applicable,2,Intersection,2,Four-Way Intersection,1,No,1,No,88,Not Applicable,88,Not Applicable,88,Not Applicable,88,Not Applicable,FALSE,1,Public Road,1,"Trafficway, On Road",CT0009300,New Haven PD,83,39:26.0,O,Open,55:01.0,,,,,,,
886099,1,Complete,886099,886099,41.315897,-72.891354,3388197,New Haven,93,93,New Haven,5/2/2021,2021,5,May,2,1,Sunday,2:11:00,2,21016209,A,"Injury of any type (Serious, Minor, Possible)",B,Suspected Minor Injury (B),2,0,0,4,Local,0.67,379,LOMBARD ST,LOMBARD ST,,CLINTON AVE,150,Feet,E,41.315897,-72.891354,14,Motor Vehicle in Operation,1,Front to rear,1,On Roadway,1,Clear,88,Not Applicable,4,Dark-Lighted,1,Dry,99,Unknown,88,Not Applicable,88,Not Applicable,0,None,88,Not Applicable,88,Not Applicable,1,Non-Junction,1,Not at Intersection,1,No,1,No,88,Not Applicable,88,Not Applicable,88,Not Applicable,88,Not Applicable,FALSE,1,Public Road,1,"Trafficway, On Road",CT0009300,New Haven PD,42048,24:37.0,C,Closed,55:04.0,,,,,,,
886100,1,Complete,886100,886100,41.3087,-72.88315,3388198,New Haven,93,93,New Haven,5/2/2021,2021,5,May,2,1,Sunday,5:51:00,5,21016220,A,"Injury of any type (Serious, Minor, Possible)",C,Possible Injury (C),1,0,1,0,Unknown,99093,,CLIFTON ST,CLIFTON ST,,LENOX ST,500,Feet,W,41.3087,-72.88315,26,Ditch,88,Not Applicable,1,On Roadway,1,Clear,88,Not Applicable,2,Dawn,1,Dry,0,None,88,Not Applicable,88,Not Applicable,0,None,88,Not Applicable,88,Not Applicable,17,"Other Location Not Listed Above Within an Interchange Area (median, shoulder and roadside)",1,Not at Intersection,1,No,1,No,88,Not Applicable,88,Not Applicable,88,Not Applicable,88,Not Applicable,FALSE,1,Public Road,1,"Trafficway, On Road",CT0009300,New Haven PD,40807,03:49.0,O,Open,55:05.0,,,,,,,
886103,1,Complete,886103,886103,41.321046,-72.899326,3388201,New Haven,93,93,New Haven,5/2/2021,2021,5,May,2,1,Sunday,14:13:00,14,21016256,A,"Injury of any type (Serious, Minor, Possible)",B,Suspected Minor Injury (B),1,1,1,4,Local,0.03,262,GRACE ST,GRACE ST,,CEDAR HILL AVE,50,Feet,E,41.321046,-72.899326,14,Motor Vehicle in Operation,5,"Sideswipe, opposite direction",1,On Roadway,1,Clear,88,Not Applicable,1,Daylight,1,Dry,0,None,88,Not Applicable,88,Not Applicable,0,None,88,Not Applicable,88,Not Applicable,1,Non-Junction,1,Not at Intersection,1,No,1,No,88,Not Applicable,88,Not Applicable,88,Not Applicable,88,Not Applicable,FALSE,1,Public Road,1,"Trafficway, On Road",CT0009300,New Haven PD,42055,01:58.0,O,Open,55:09.0,,,,,,,
886107,1,Complete,886107,886107,41.3034,-72.941055,3388205,New Haven,93,93,New Haven,5/2/2021,2021,5,May,2,1,Sunday,17:53:00,17,21016290,A,"Injury of any type (Serious, Minor, Possible)",C,Possible Injury (C),3,0,0,4,Local,0.11,191,ELLIOTT ST,ELLIOTT ST,,DAVENPORT AVE,400,Feet,N,41.3034,-72.941055,14,Motor Vehicle in Operation,3,Angle,1,On Roadway,1,Clear,88,Not Applicable,1,Daylight,1,Dry,0,None,88,Not Applicable,88,Not Applicable,0,None,88,Not Applicable,88,Not Applicable,1,Non-Junction,1,Not at Intersection,1,No,1,No,88,Not Applicable,88,Not Applicable,88,Not Applicable,88,Not Applicable,FALSE,1,Public Road,1,"Trafficway, On Road",CT0009300,New Haven PD,42056,23:56.0,C,Closed,55:51.0,,,,,,,
886112,1,Complete,886112,886112,41.306533,-72.952781,3388210,New Haven,93,93,New Haven,5/3/2021,2021,5,May,3,2,Monday,0:22:00,0,21016326,A,"Injury of any type (Serious, Minor, Possible)",B,Suspected Minor Injury (B),2,0,0,3,State,2.13,10,10-N,10-N,REV DR MLK JR BLVD,,,,,41.306533,-72.952781,14,Motor Vehicle in Operation,1,Front to rear,1,On Roadway,1,Clear,1,Clear,4,Dark-Lighted,1,Dry,0,None,88,Not Applicable,88,Not Applicable,0,None,88,Not Applicable,88,Not Applicable,2,Intersection,2,Four-Way Intersection,1,No,1,No,88,Not Applicable,88,Not Applicable,88,Not Applicable,88,Not Applicable,FALSE,88,Not Applicable,1,"Trafficway, On Road",CT0009300,New Haven PD,40811,54:50.0,C,Closed,55:12.0,,2,3535,7,LOCAL - NEW HPMS,2,Urban
886114,1,Complete,886114,886114,41.310719,-72.941144,3388212,New Haven,93,93,New Haven,5/2/2021,2021,5,May,2,1,Sunday,23:29:00,23,21016330,A,"Injury of any type (Serious, Minor, Possible)",C,Possible Injury (C),1,0,0,4,Local,0.65,453,ORCHARD ST,ORCHARD ST,CHAPEL ST,,,,,41.310719,-72.941144,25,Curb,88,Not Applicable,1,On Roadway,1,Clear,88,Not Applicable,4,Dark-Lighted,1,Dry,0,None,88,Not Applicable,88,Not Applicable,0,None,88,Not Applicable,88,Not Applicable,2,Intersection,2,Four-Way Intersection,1,No,1,No,88,Not Applicable,88,Not Applicable,88,Not Applicable,88,Not Applicable,TRUE,1,Public Road,1,"Trafficway, On Road",CT0009300,New Haven PD,263,13:25.0,C,Closed,56:54.0,,2,7700,4,MINOR ARTERIAL - NEW HPMS,2,Urban
886115,1,Complete,886115,886115,41.306574,-72.952346,3388213,New Haven,93,93,New Haven,5/3/2021,2021,5,May,3,2,Monday,0:22:00,0,21016331,A,"Injury of any type (Serious, Minor, Possible)",C,Possible Injury (C),1,0,0,4,Local,1.53,809,REV DR MLK JR BLVD,REV DR MLK JR BLVD,,ELLA T GRASSO BLVD,50,Feet,E,41.306574,-72.952346,27,Embankment,88,Not Applicable,1,On Roadway,1,Clear,88,Not Applicable,4,Dark-Lighted,1,Dry,99,Unknown,88,Not Applicable,88,Not Applicable,0,None,88,Not Applicable,88,Not Applicable,1,Non-Junction,1,Not at Intersection,1,No,1,No,88,Not Applicable,88,Not Applicable,88,Not Applicable,88,Not Applicable,FALSE,1,Public Road,1,"Trafficway, On Road",CT0009300,New Haven PD,476,39:49.0,C,Closed,55:13.0,,2,13600,3,PRINCIPAL ARTERIAL - OTHER - NEW HPMS,2,Urban
886123,1,Complete,886123,886123,41.320818,-72.890858,3388221,New Haven,93,93,New Haven,5/3/2021,2021,5,May,3,2,Monday,18:42:00,18,21016439,A,"Injury of any type (Serious, Minor, Possible)",C,Possible Injury (C),2,0,0,4,Local,0.36,411,MIDDLETOWN AV,MIDDLETOWN AV,,FRONT ST,50,Feet,E,41.320818,-72.890858,14,Motor Vehicle in Operation,3,Angle,1,On Roadway,1,Clear,88,Not Applicable,1,Daylight,1,Dry,0,None,88,Not Applicable,88,Not Applicable,0,None,88,Not Applicable,88,Not Applicable,1,Non-Junction,1,Not at Intersection,1,No,1,No,88,Not Applicable,88,Not Applicable,88,Not Applicable,88,Not Applicable,FALSE,1,Public Road,1,"Trafficway, On Road",CT0009300,New Haven PD,193,14:42.0,C,Closed,55:16.0,,,,,,,
886125,1,Complete,886125,886125,41.338901,-72.976769,3388223,New Haven,93,93,New Haven,5/4/2021,2021,5,May,4,3,Tuesday,0:30:00,0,21016463,A,"Injury of any type (Serious, Minor, Possible)",C,Possible Injury (C),2,0,0,3,State,0.31,69,69-N,69-N,POND LILY AV,,,,,41.338901,-72.976769,14,Motor Vehicle in Operation,1,Front to rear,1,On Roadway,1,Clear,88,Not Applicable,4,Dark-Lighted,2,Wet,0,None,88,Not Applicable,88,Not Applicable,0,None,88,Not Applicable,88,Not Applicable,2,Intersection,3,T-Intersection,1,No,1,No,88,Not Applicable,88,Not Applicable,88,Not Applicable,88,Not Applicable,FALSE,1,Public Road,1,"Trafficway, On Road",CT0009300,New Haven PD,293,38:33.0,C,Closed,55:17.0,,3,21000,3,PRINCIPAL ARTERIAL - OTHER - NEW HPMS,2,Urban
886131,1,Complete,886131,886131,41.31057,-72.95147,3388229,New Haven,93,93,New Haven,5/4/2021,2021,5,May,4,3,Tuesday,12:47:00,12,21016505,A,"Injury of any type (Serious, Minor, Possible)",B,Suspected Minor Injury (B),1,0,0,4,Local,0.3,147,DERBY AV,DERBY AV,ELLSWORTH AV,,,,,41.31057,-72.95147,38,"Other Post, Pole or Support",88,Not Applicable,1,On Roadway,1,Clear,88,Not Applicable,1,Daylight,1,Dry,0,None,88,Not Applicable,88,Not Applicable,0,None,88,Not Applicable,88,Not Applicable,2,Intersection,2,Four-Way Intersection,1,No,1,No,88,Not Applicable,88,Not Applicable,88,Not Applicable,88,Not Applicable,FALSE,1,Public Road,1,"Trafficway, On Road",CT0009300,New Haven PD,359,29:30.0,C,Closed,55:24.0,,3,8000,4,MINOR ARTERIAL - NEW HPMS,2,Urban
886138,1,Complete,886138,886138,41.305409,-72.952536,3388236,New Haven,93,93,New Haven,5/4/2021,2021,5,May,4,3,Tuesday,20:04:00,20,21016541,A,"Injury of any type (Serious, Minor, Possible)",C,Possible Injury (C),2,0,1,3,State,2.05,10,10-N,10-N,LEGION AV-RT 34,,,,,41.305409,-72.952536,14,Motor Vehicle in Operation,3,Angle,1,On Roadway,1,Clear,88,Not Applicable,1,Daylight,1,Dry,0,None,88,Not Applicable,88,Not Applicable,0,None,88,Not Applicable,88,Not Applicable,2,Intersection,3,T-Intersection,1,No,1,No,88,Not Applicable,88,Not Applicable,88,Not Applicable,88,Not Applicable,TRUE,1,Public Road,1,"Trafficway, On Road",CT0009300,New Haven PD,319,47:45.0,C,Closed,55:20.0,,4,24400,3,PRINCIPAL ARTERIAL - OTHER - NEW HPMS,2,Urban
886145,1,Complete,886145,886145,41.32576,-72.958328,3388243,New Haven,93,93,New Haven,5/5/2021,2021,5,May,5,4,Wednesday,7:17:00,7,21016598,A,"Injury of any type (Serious, Minor, Possible)",C,Possible Injury (C),2,0,0,3,State,0.09,63,63-N,63-N,,WEST ROCK AVENUE,50,Feet,E,41.32576,-72.958328,14,Motor Vehicle in Operation,4,"Sideswipe, same direction",1,On Roadway,2,Cloudy,88,Not Applicable,1,Daylight,2,Wet,0,None,88,Not Applicable,88,Not Applicable,0,None,88,Not Applicable,88,Not Applicable,1,Non-Junction,1,Not at Intersection,1,No,1,No,88,Not Applicable,88,Not Applicable,88,Not Applicable,88,Not Applicable,TRUE,1,Public Road,1,"Trafficway, On Road",CT0009300,New Haven PD,381,16:12.0,C,Closed,55:27.0,,4,23100,3,PRINCIPAL ARTERIAL - OTHER - NEW HPMS,2,Urban
886147,1,Complete,886147,886147,41.320258,-72.97002,3388245,New Haven,93,93,New Haven,5/5/2021,2021,5,May,5,4,Wednesday,11:09:00,11,21016616,A,"Injury of any type (Serious, Minor, Possible)",C,Possible Injury (C),2,0,0,3,State,2.88,122,122-N,122-N,EDGEWOOD WAY,,,,,41.320258,-72.97002,14,Motor Vehicle in Operation,97,Other,1,On Roadway,4,Rain,88,Not Applicable,1,Daylight,2,Wet,99,Unknown,88,Not Applicable,88,Not Applicable,0,None,88,Not Applicable,88,Not Applicable,2,Intersection,2,Four-Way Intersection,1,No,1,No,88,Not Applicable,88,Not Applicable,88,Not Applicable,88,Not Applicable,FALSE,1,Public Road,1,"Trafficway, On Road",CT0009300,New Haven PD,90,19:01.0,C,Closed,55:32.0,,2,11700,4,MINOR ARTERIAL - NEW HPMS,2,Urban
886148,1,Complete,886148,886148,41.332398,-72.935142,3388246,New Haven,93,93,New Haven,5/5/2021,2021,5,May,5,4,Wednesday,11:43:00,11,21016621,A,"Injury of any type (Serious, Minor, Possible)",C,Possible Injury (C),2,0,0,4,Local,1.37,152,DIXWELL AV,DIXWELL AV,,BASSET ST,10,Feet,S,41.332398,-72.935142,14,Motor Vehicle in Operation,1,Front to rear,1,On Roadway,4,Rain,88,Not Applicable,1,Daylight,2,Wet,1,Weather Conditions,88,Not Applicable,88,Not Applicable,0,None,88,Not Applicable,88,Not Applicable,11,Through Roadway,1,Not at Intersection,1,No,1,No,88,Not Applicable,88,Not Applicable,88,Not Applicable,88,Not Applicable,FALSE,1,Public Road,1,"Trafficway, On Road",CT0009300,New Haven PD,40793,42:43.0,C,Closed,55:25.0,,,,,,,
886149,1,Complete,886149,886149,41.31979,-72.940375,3388247,New Haven,93,93,New Haven,5/5/2021,2021,5,May,5,4,Wednesday,12:30:00,12,21016625,A,"Injury of any type (Serious, Minor, Possible)",C,Possible Injury (C),2,0,0,4,Local,0,557,SHERMAN PKWY,SHERMAN PKWY,SHERMAN AV,,,,,41.31979,-72.940375,14,Motor Vehicle in Operation,3,Angle,1,On Roadway,4,Rain,88,Not Applicable,1,Daylight,2,Wet,0,None,88,Not Applicable,88,Not Applicable,0,None,88,Not Applicable,88,Not Applicable,2,Intersection,2,Four-Way Intersection,1,No,1,No,88,Not Applicable,88,Not Applicable,88,Not Applicable,88,Not Applicable,FALSE,1,Public Road,1,"Trafficway, On Road",CT0009300,New Haven PD,359,54:23.0,C,Closed,55:37.0,,,,,,,
886153,1,Complete,886153,886153,41.328351,-72.951772,3388251,New Haven,93,93,New Haven,5/5/2021,2021,5,May,5,4,Wednesday,15:35:00,15,21016644,A,"Injury of any type (Serious, Minor, Possible)",C,Possible Injury (C),2,0,0,3,State,3.97,10,10-N,10-N,DYER ST,,,,,41.328351,-72.951772,14,Motor Vehicle in Operation,3,Angle,1,On Roadway,4,Rain,88,Not Applicable,1,Daylight,2,Wet,0,None,88,Not Applicable,88,Not Applicable,0,None,88,Not Applicable,88,Not Applicable,2,Intersection,3,T-Intersection,1,No,1,No,88,Not Applicable,88,Not Applicable,88,Not Applicable,88,Not Applicable,TRUE,1,Public Road,1,"Trafficway, On Road",CT0009300,New Haven PD,402,37:46.0,C,Closed,55:27.0,,2,13100,4,MINOR ARTERIAL - NEW HPMS,2,Urban
886155,1,Complete,886155,886155,41.338858,-72.97674,3388253,New Haven,93,93,New Haven,5/5/2021,2021,5,May,5,4,Wednesday,16:02:00,16,21016649,A,"Injury of any type (Serious, Minor, Possible)",B,Suspected Minor Injury (B),2,0,0,3,State,0.31,69,69-N,69-N,POND LILY AV,,,,,41.338858,-72.97674,14,Motor Vehicle in Operation,3,Angle,1,On Roadway,4,Rain,88,Not Applicable,1,Daylight,2,Wet,0,None,88,Not Applicable,88,Not Applicable,0,None,88,Not Applicable,88,Not Applicable,3,Intersection-Related,2,Four-Way Intersection,1,No,1,No,88,Not Applicable,88,Not Applicable,88,Not Applicable,88,Not Applicable,FALSE,1,Public Road,1,"Trafficway, On Road",CT0009300,New Haven PD,40803,42:12.0,C,Closed,55:26.0,,3,21000,3,PRINCIPAL ARTERIAL - OTHER - NEW HPMS,2,Urban
886162,1,Complete,886162,886162,41.315242,-72.910337,3388260,New Haven,93,93,New Haven,5/5/2021,2021,5,May,5,4,Wednesday,19:13:00,19,21016688,A,"Injury of any type (Serious, Minor, Possible)",C,Possible Injury (C),2,0,0,4,Local,0.35,575,STATE ST,STATE ST,HINES PL,,,,,41.315242,-72.910337,14,Motor Vehicle in Operation,6,Rear to side,1,On Roadway,1,Clear,88,Not Applicable,3,Dusk,1,Dry,0,None,88,Not Applicable,88,Not Applicable,0,None,88,Not Applicable,88,Not Applicable,2,Intersection,3,T-Intersection,1,No,1,No,88,Not Applicable,88,Not Applicable,88,Not Applicable,88,Not Applicable,FALSE,1,Public Road,1,"Trafficway, On Road",CT0009300,New Haven PD,40799,15:13.0,C,Closed,56:11.0,,,,,,,
886166,1,Complete,886166,886166,41.300198,-72.924681,3388264,New Haven,93,93,New Haven,5/5/2021,2021,5,May,5,4,Wednesday,23:47:00,23,21016718,A,"Injury of any type (Serious, Minor, Possible)",C,Possible Injury (C),2,0,0,2,USRoute,48.18,1,1-N,1-N,,MEADOW ST,500,Feet,E,41.300198,-72.924681,14,Motor Vehicle in Operation,1,Front to rear,2,Shoulder,1,Clear,88,Not Applicable,4,Dark-Lighted,1,Dry,0,None,88,Not Applicable,88,Not Applicable,0,None,88,Not Applicable,88,Not Applicable,1,Non-Junction,1,Not at Intersection,1,No,1,No,88,Not Applicable,88,Not Applicable,88,Not Applicable,88,Not Applicable,FALSE,1,Public Road,1,"Trafficway, On Road",CT0009300,New Haven PD,746,57:32.0,C,Closed,55:30.0,,4,11600,3,PRINCIPAL ARTERIAL - OTHER - NEW HPMS,2,Urban
886167,1,Complete,886167,886167,41.337081,-72.972577,3388265,New Haven,93,93,New Haven,5/6/2021,2021,5,May,6,5,Thursday,0:01:00,0,21016721,A,"Injury of any type (Serious, Minor, Possible)",C,Possible Injury (C),1,1,0,4,Local,0.16,612,VALLEY ST NO 1,VALLEY ST NO 1,,MOUNTAIN RD,200,Feet,S,41.337081,-72.972577,9,Pedestrian,88,Not Applicable,1,On Roadway,1,Clear,88,Not Applicable,5,Dark-Not Lighted,1,Dry,99,Unknown,88,Not Applicable,88,Not Applicable,0,None,88,Not Applicable,88,Not Applicable,2,Intersection,3,T-Intersection,1,No,1,No,88,Not Applicable,88,Not Applicable,88,Not Applicable,88,Not Applicable,FALSE,1,Public Road,1,"Trafficway, On Road",CT0009300,New Haven PD,200,03:26.0,O,Open,56:31.0,,2,11500,5,MAJOR COLLECTOR - NEW HPMS,2,Urban