CrashId,Fatal Case Status,Fatal Case Status Text Format,CrashId,CrashId,Latitude,Longitude,DOT Case Number,Town Name,Town Number,Town Number,Town Number Text Format,Date Of Crash,Year,Month,Month Text Format,Day,Day of the Week,Day of the Week Text Format,Time of Crash,Hour of the Day,Case Identifier,Crash Severity,Crash Severity Text Format,Most Severe Injury,Most Severe Injury Text Format,Number Of Motor Vehicles,Number Of Non-Motorist,Number Of Witnesses,Route Class,Route Class Text Format,Milemarker,Road Number,Road Description,Roadway Name,Intersecting Roadway Name,Landmark Description,Distance From Nearest Landmark,Unit Of Measure From Nearest Landmark,Direction From Nearest Landmark,Latitude,Longitude,First Harmful Event,First Harmful Event Text Format,Manner of Crash / Collision Impact,Manner of Crash / Collision Impact Text Format,Location of First Harmful Event,Location of First Harmful Event Text Format,Weather Condition,Weather Condition Text Format,Weather 2,Weather 2 Text Format,Light Condition,Light Condition Text Format,Road Surface Condition,Road Surface Condition Text Format,"Contributing Circumstances, Environment","Contributing Circumstances, Environment Text Format",Environment 2,Environment 2 Text Format,Environment 3,Environment 3 Text Format,"Contributing Circumstances, Road","Contributing Circumstances, Road Text Format",Road 2,Road 2 Text Format,Road 3,Road 3 Text Format,Crash Specific Location,Crash Specific Location Text Format,Type of Intersection,Type of Intersection Text Format,School Bus Related,School Bus Related Text Format,Work Zone Related,Work Zone Related Text Format,Location Of Crash Relative To Work Zone,Location Of Crash Relative To Work Zone Text Format,Type of Work Zone,Type of Work Zone Text Format,Worker Presence,Worker Presence Text Format,Law Enforcement Presence,Law Enforcement Presence Text Format,Were Vehicles Moved Prior To Police Arrival,Trafficway Ownership,Trafficway Ownership Text Format,Trafficway Class,Trafficway Class Text Format,Police Agency,Police Agency Text Format,Badge Number,Approval Date,Police Case Status,Police Case Status Text Format,Crash Report Submission Date,Related Case Identifiers,No. of Through Lanes (Log Dir.),Average Daily Traffic,Functional Classification,Functional Classification Text Format,Rural or Urban,Rural or Urban Text Format
886176,1,Complete,886176,886176,41.318862,-72.933842,3388274,New Haven,93,93,New Haven,5/6/2021,2021,5,May,6,5,Thursday,14:19:00,14,21016824,A,"Injury of any type (Serious, Minor, Possible)",C,Possible Injury (C),2,0,0,4,Local,0.41,152,DIXWELL AV,DIXWELL AV,,ADMIRAL ST,300,Feet,S,41.318862,-72.933842,14,Motor Vehicle in Operation,97,Other,7,In Parking Lane or Zone,1,Clear,88,Not Applicable,1,Daylight,1,Dry,0,None,88,Not Applicable,88,Not Applicable,0,None,88,Not Applicable,88,Not Applicable,9,Driveway Access-Related,1,Not at Intersection,1,No,1,No,88,Not Applicable,88,Not Applicable,88,Not Applicable,88,Not Applicable,TRUE,1,Public Road,1,"Trafficway, On Road",CT0009300,New Haven PD,42042,43:27.0,C,Closed,55:50.0,,,,,,,
886187,1,Complete,886187,886187,41.311634,-72.899881,3388285,New Haven,93,93,New Haven,5/7/2021,2021,5,May,7,6,Friday,8:21:00,8,21016907,A,"Injury of any type (Serious, Minor, Possible)",C,Possible Injury (C),2,0,0,4,Local,0.6,57,BLATCHLEY AV,BLATCHLEY AV,PINE ST NO 1,,,,,41.311634,-72.899881,14,Motor Vehicle in Operation,1,Front to rear,1,On Roadway,1,Clear,88,Not Applicable,1,Daylight,1,Dry,0,None,88,Not Applicable,88,Not Applicable,0,None,88,Not Applicable,88,Not Applicable,2,Intersection,2,Four-Way Intersection,1,No,1,No,88,Not Applicable,88,Not Applicable,88,Not Applicable,88,Not Applicable,FALSE,1,Public Road,1,"Trafficway, On Road",CT0009300,New Haven PD,754,07:51.0,C,Closed,55:42.0,,,,,,,
886188,1,Complete,886188,886188,41.297304,-72.948705,3388286,New Haven,93,93,New Haven,5/7/2021,2021,5,May,7,6,Friday,8:21:00,8,21016909,A,"Injury of any type (Serious, Minor, Possible)",C,Possible Injury (C),2,0,0,3,State,1.47,10,10-N,10-N,1-N,,,,,41.297304,-72.948705,14,Motor Vehicle in Operation,1,Front to rear,1,On Roadway,1,Clear,88,Not Applicable,1,Daylight,1,Dry,0,None,88,Not Applicable,88,Not Applicable,0,None,88,Not Applicable,88,Not Applicable,3,Intersection-Related,2,Four-Way Intersection,1,No,1,No,88,Not Applicable,88,Not Applicable,88,Not Applicable,88,Not Applicable,TRUE,1,Public Road,1,"Trafficway, On Road",CT0009300,New Haven PD,26,40:23.0,C,Closed,12:23.0,,4,20700,3,PRINCIPAL ARTERIAL - OTHER - NEW HPMS,2,Urban
886189,1,Complete,886189,886189,41.31238,-72.92012,3388287,New Haven,93,93,New Haven,5/7/2021,2021,5,May,7,6,Friday,8:30:00,8,21016910,A,"Injury of any type (Serious, Minor, Possible)",C,Possible Injury (C),2,0,0,4,Local,0.27,601,TRUMBULL ST,TRUMBULL ST,LINCOLN ST,,,,,41.31238,-72.92012,14,Motor Vehicle in Operation,1,Front to rear,1,On Roadway,1,Clear,88,Not Applicable,1,Daylight,1,Dry,0,None,88,Not Applicable,88,Not Applicable,0,None,88,Not Applicable,88,Not Applicable,2,Intersection,2,Four-Way Intersection,1,No,1,No,88,Not Applicable,88,Not Applicable,88,Not Applicable,88,Not Applicable,FALSE,1,Public Road,1,"Trafficway, On Road",CT0009300,New Haven PD,87,29:30.0,C,Closed,55:48.0,,,,,,,
886190,1,Complete,886190,886190,41.318806,-72.897351,3388288,New Haven,93,93,New Haven,5/7/2021,2021,5,May,7,6,Friday,9:12:00,9,21016911,A,"Injury of any type (Serious, Minor, Possible)",C,Possible Injury (C),2,0,0,4,Local,0.73,411,MIDDLETOWN AV,MIDDLETOWN AV,,FERRY ST,20,Feet,E,41.318806,-72.897351,14,Motor Vehicle in Operation,3,Angle,1,On Roadway,1,Clear,88,Not Applicable,1,Daylight,1,Dry,0,None,88,Not Applicable,88,Not Applicable,0,None,88,Not Applicable,88,Not Applicable,1,Non-Junction,1,Not at Intersection,1,No,1,No,88,Not Applicable,88,Not Applicable,88,Not Applicable,88,Not Applicable,TRUE,1,Public Road,1,"Trafficway, On Road",CT0009300,New Haven PD,120,42:20.0,C,Closed,55:48.0,,,,,,,
886192,1,Complete,886192,886192,41.30808,-72.923826,3388290,New Haven,93,93,New Haven,5/7/2021,2021,5,May,7,6,Friday,12:43:00,12,21016959,A,"Injury of any type (Serious, Minor, Possible)",C,Possible Injury (C),2,0,0,4,Local,0.57,726,ELM ST NO 2,ELM ST NO 2,,CHURCH ST.,50,Feet,E,41.30808,-72.923826,14,Motor Vehicle in Operation,1,Front to rear,1,On Roadway,1,Clear,88,Not Applicable,1,Daylight,1,Dry,0,None,88,Not Applicable,88,Not Applicable,0,None,88,Not Applicable,88,Not Applicable,1,Non-Junction,1,Not at Intersection,1,No,1,No,88,Not Applicable,88,Not Applicable,88,Not Applicable,88,Not Applicable,FALSE,1,Public Road,1,"Trafficway, On Road",CT0009300,New Haven PD,106,34:46.0,C,Closed,55:41.0,,,,,,,
886193,1,Complete,886193,886193,41.338517,-72.973399,3388291,New Haven,93,93,New Haven,5/7/2021,2021,5,May,7,6,Friday,13:00:00,13,21016961,A,"Injury of any type (Serious, Minor, Possible)",C,Possible Injury (C),1,0,0,4,Local,0.1,612,VALLEY ST NO 1,VALLEY ST NO 1,HARPER AV,,,,,41.338517,-72.973399,34,Traffic Sign Support,88,Not Applicable,2,Shoulder,1,Clear,88,Not Applicable,1,Daylight,1,Dry,0,None,88,Not Applicable,88,Not Applicable,0,None,88,Not Applicable,88,Not Applicable,2,Intersection,2,Four-Way Intersection,1,No,1,No,88,Not Applicable,88,Not Applicable,88,Not Applicable,88,Not Applicable,FALSE,1,Public Road,1,"Trafficway, On Road",CT0009300,New Haven PD,40810,33:13.0,C,Closed,55:42.0,,2,11500,5,MAJOR COLLECTOR - NEW HPMS,2,Urban
886195,1,Complete,886195,886195,41.286365,-72.936222,3388293,New Haven,93,93,New Haven,5/7/2021,2021,5,May,7,6,Friday,13:53:00,13,21016968,A,"Injury of any type (Serious, Minor, Possible)",B,Suspected Minor Injury (B),2,0,0,3,State,0.46,10,10-N,10-N,745-E,,,,,41.286365,-72.936222,14,Motor Vehicle in Operation,1,Front to rear,1,On Roadway,1,Clear,88,Not Applicable,1,Daylight,1,Dry,0,None,88,Not Applicable,88,Not Applicable,0,None,88,Not Applicable,88,Not Applicable,2,Intersection,2,Four-Way Intersection,1,No,1,No,88,Not Applicable,88,Not Applicable,88,Not Applicable,88,Not Applicable,FALSE,1,Public Road,1,"Trafficway, On Road",CT0009300,New Haven PD,281,34:01.0,C,Closed,55:42.0,,4,18500,3,PRINCIPAL ARTERIAL - OTHER - NEW HPMS,2,Urban
886196,1,Complete,886196,886196,41.30847,-72.94386,3388294,New Haven,93,93,New Haven,5/7/2021,2021,5,May,7,6,Friday,14:24:00,14,21016973,A,"Injury of any type (Serious, Minor, Possible)",C,Possible Injury (C),2,0,0,4,Local,0.11,772,GREENWOOD ST NO 2,GREENWOOD ST NO 2,GILBERT AV,,,,,41.30847,-72.94386,14,Motor Vehicle in Operation,3,Angle,1,On Roadway,1,Clear,88,Not Applicable,1,Daylight,1,Dry,0,None,88,Not Applicable,88,Not Applicable,0,None,88,Not Applicable,88,Not Applicable,2,Intersection,2,Four-Way Intersection,1,No,1,No,88,Not Applicable,88,Not Applicable,88,Not Applicable,88,Not Applicable,TRUE,1,Public Road,1,"Trafficway, On Road",CT0009300,New Haven PD,261,50:50.0,C,Closed,55:45.0,,,,,,,
886197,1,Complete,886197,886197,41.323879,-72.881531,3388295,New Haven,93,93,New Haven,5/7/2021,2021,5,May,7,6,Friday,18:30:00,18,21016977,A,"Injury of any type (Serious, Minor, Possible)",B,Suspected Minor Injury (B),2,0,2,3,State,0.22,17,17-N,17-N,80-W,,,,,41.323879,-72.881531,14,Motor Vehicle in Operation,2,Front to front,1,On Roadway,1,Clear,88,Not Applicable,1,Daylight,1,Dry,0,None,88,Not Applicable,88,Not Applicable,0,None,88,Not Applicable,88,Not Applicable,2,Intersection,2,Four-Way Intersection,1,No,1,No,88,Not Applicable,88,Not Applicable,88,Not Applicable,88,Not Applicable,FALSE,1,Public Road,1,"Trafficway, On Road",CT0009300,New Haven PD,42365,24:04.0,C,Closed,55:48.0,,1,8500,1,INTERSTATE - NEW HPMS,2,Urban
886221,1,Complete,886221,886221,41.317923,-72.945928,3388319,New Haven,93,93,New Haven,5/7/2021,2021,5,May,7,6,Friday,19:14:00,19,21017018,A,"Injury of any type (Serious, Minor, Possible)",C,Possible Injury (C),2,0,0,4,Local,0.17,653,WHALLEY AV,WHALLEY AV,NORTON ST,,,,,41.317923,-72.945928,14,Motor Vehicle in Operation,3,Angle,1,On Roadway,1,Clear,88,Not Applicable,1,Daylight,1,Dry,0,None,88,Not Applicable,88,Not Applicable,0,None,88,Not Applicable,88,Not Applicable,2,Intersection,2,Four-Way Intersection,1,No,1,No,88,Not Applicable,88,Not Applicable,88,Not Applicable,88,Not Applicable,FALSE,1,Public Road,1,"Trafficway, On Road",CT0009300,New Haven PD,276,49:19.0,C,Closed,55:44.0,21017018,,,,,,
886222,1,Complete,886222,886222,41.319225,-72.875078,3388320,New Haven,93,93,New Haven,5/7/2021,2021,5,May,7,6,Friday,20:53:00,20,21017031,A,"Injury of any type (Serious, Minor, Possible)",C,Possible Injury (C),3,0,0,4,Local,2.1,498,QUINNIPIAC AV,QUINNIPIAC AV,,FOXON ST,100,Feet,S,41.319225,-72.875078,15,Parked Motor Vehicle,1,Front to rear,1,On Roadway,1,Clear,88,Not Applicable,4,Dark-Lighted,1,Dry,0,None,88,Not Applicable,88,Not Applicable,0,None,88,Not Applicable,88,Not Applicable,1,Non-Junction,1,Not at Intersection,1,No,1,No,88,Not Applicable,88,Not Applicable,88,Not Applicable,88,Not Applicable,FALSE,1,Public Road,1,"Trafficway, On Road",CT0009300,New Haven PD,42044,23:45.0,C,Closed,56:11.0,,,,,,,
886224,1,Complete,886224,886224,41.31137,-72.94456,3388322,New Haven,93,93,New Haven,5/7/2021,2021,5,May,7,6,Friday,22:47:00,22,21017045,A,"Injury of any type (Serious, Minor, Possible)",C,Possible Injury (C),2,0,0,4,Local,0.39,556,SHERMAN AV,SHERMAN AV,CHAPEL ST,,,,,41.31137,-72.94456,14,Motor Vehicle in Operation,1,Front to rear,1,On Roadway,1,Clear,88,Not Applicable,4,Dark-Lighted,1,Dry,0,None,88,Not Applicable,88,Not Applicable,0,None,88,Not Applicable,88,Not Applicable,2,Intersection,3,T-Intersection,1,No,1,No,88,Not Applicable,88,Not Applicable,88,Not Applicable,88,Not Applicable,TRUE,1,Public Road,1,"Trafficway, On Road",CT0009300,New Haven PD,39,29:15.0,O,Open,57:33.0,21017045,,,,,,
886226,1,Complete,886226,886226,41.325651,-72.952629,3388324,New Haven,93,93,New Haven,5/8/2021,2021,5,May,8,7,Saturday,0:37:00,0,21017057,A,"Injury of any type (Serious, Minor, Possible)",C,Possible Injury (C),2,0,0,4,Local,0.41,56,BLAKE ST,BLAKE ST,DIAMOND ST,,,,,41.325651,-72.952629,14,Motor Vehicle in Operation,1,Front to rear,1,On Roadway,2,Cloudy,88,Not Applicable,4,Dark-Lighted,1,Dry,0,None,88,Not Applicable,88,Not Applicable,0,None,88,Not Applicable,88,Not Applicable,2,Intersection,3,T-Intersection,1,No,1,No,88,Not Applicable,88,Not Applicable,88,Not Applicable,88,Not Applicable,FALSE,1,Public Road,1,"Trafficway, On Road",CT0009300,New Haven PD,40956,37:35.0,C,Closed,55:46.0,,,,,,,
886232,1,Complete,886232,886232,41.324109,-72.974854,3388330,New Haven,93,93,New Haven,5/8/2021,2021,5,May,8,7,Saturday,9:48:00,9,21017081,A,"Injury of any type (Serious, Minor, Possible)",B,Suspected Minor Injury (B),1,1,1,4,Local,0,124,CONRAD DR,CONRAD DR,BIRCH DR,,,,,41.324109,-72.974854,11,Other Non-motorist,88,Not Applicable,1,On Roadway,2,Cloudy,88,Not Applicable,1,Daylight,1,Dry,0,None,88,Not Applicable,88,Not Applicable,0,None,88,Not Applicable,88,Not Applicable,2,Intersection,2,Four-Way Intersection,1,No,1,No,88,Not Applicable,88,Not Applicable,88,Not Applicable,88,Not Applicable,TRUE,1,Public Road,1,"Trafficway, On Road",CT0009300,New Haven PD,313,50:27.0,C,Closed,55:53.0,,2,3744,7,LOCAL - NEW HPMS,2,Urban
886233,1,Complete,886233,886233,41.323142,-72.948741,3388331,New Haven,93,93,New Haven,5/8/2021,2021,5,May,8,7,Saturday,11:54:00,11,21017094,A,"Injury of any type (Serious, Minor, Possible)",C,Possible Injury (C),2,0,0,4,Local,0.28,690,ELLA T GRASSO BLVD,ELLA T GRASSO BLVD,GOFFE TER,,,,,41.323142,-72.948741,14,Motor Vehicle in Operation,3,Angle,1,On Roadway,1,Clear,88,Not Applicable,1,Daylight,1,Dry,0,None,88,Not Applicable,88,Not Applicable,0,None,88,Not Applicable,88,Not Applicable,2,Intersection,2,Four-Way Intersection,1,No,1,No,88,Not Applicable,88,Not Applicable,88,Not Applicable,88,Not Applicable,TRUE,1,Public Road,1,"Trafficway, On Road",CT0009300,New Haven PD,359,38:52.0,C,Closed,56:07.0,,,,,,,
886238,1,Complete,886238,886238,41.297396,-72.949519,3388336,New Haven,93,93,New Haven,5/8/2021,2021,5,May,8,7,Saturday,15:12:00,15,21017111,A,"Injury of any type (Serious, Minor, Possible)",C,Possible Injury (C),2,0,0,2,USRoute,46.61,1,1-N,1-N,,ELLA T GRASSO BLVD,100,Feet,W,41.297396,-72.949519,14,Motor Vehicle in Operation,1,Front to rear,1,On Roadway,1,Clear,88,Not Applicable,1,Daylight,1,Dry,0,None,88,Not Applicable,88,Not Applicable,0,None,88,Not Applicable,88,Not Applicable,1,Non-Junction,1,Not at Intersection,1,No,1,No,88,Not Applicable,88,Not Applicable,88,Not Applicable,88,Not Applicable,FALSE,1,Public Road,1,"Trafficway, On Road",CT0009300,New Haven PD,966,57:01.0,C,Closed,55:50.0,,4,20500,3,PRINCIPAL ARTERIAL - OTHER - NEW HPMS,2,Urban
886243,1,Complete,886243,886243,41.325078,-72.884414,3388341,New Haven,93,93,New Haven,5/9/2021,2021,5,May,9,1,Sunday,0:39:00,0,21017171,A,"Injury of any type (Serious, Minor, Possible)",B,Suspected Minor Injury (B),1,0,0,4,Local,0,721,DUMP RD,DUMP RD,,FRONT ST,300,Feet,E,41.325078,-72.884414,28,Guardrail Face,88,Not Applicable,2,Shoulder,1,Clear,88,Not Applicable,5,Dark-Not Lighted,1,Dry,0,None,88,Not Applicable,88,Not Applicable,0,None,88,Not Applicable,88,Not Applicable,1,Non-Junction,1,Not at Intersection,1,No,1,No,88,Not Applicable,88,Not Applicable,88,Not Applicable,88,Not Applicable,FALSE,1,Public Road,1,"Trafficway, On Road",CT0009300,New Haven PD,42057,58:29.0,C,Closed,55:52.0,,2,3099,7,LOCAL - NEW HPMS,2,Urban
886245,1,Complete,886245,886245,41.305691,-72.93365,3388343,New Haven,93,93,New Haven,5/9/2021,2021,5,May,9,1,Sunday,10:07:00,10,21017190,A,"Injury of any type (Serious, Minor, Possible)",C,Possible Injury (C),2,0,0,4,Local,0.23,766,YORK ST,YORK ST,,N FRONTAGE RD,30,Feet,S,41.305691,-72.93365,14,Motor Vehicle in Operation,97,Other,1,On Roadway,1,Clear,88,Not Applicable,1,Daylight,1,Dry,0,None,88,Not Applicable,88,Not Applicable,0,None,88,Not Applicable,88,Not Applicable,1,Non-Junction,1,Not at Intersection,1,No,1,No,88,Not Applicable,88,Not Applicable,88,Not Applicable,88,Not Applicable,FALSE,1,Public Road,1,"Trafficway, On Road",CT0009300,New Haven PD,42370,42:52.0,C,Closed,55:53.0,,,,,,,
886249,1,Complete,886249,886249,41.297718,-72.937537,3388347,New Haven,93,93,New Haven,5/9/2021,2021,5,May,9,1,Sunday,15:12:00,15,21017207,A,"Injury of any type (Serious, Minor, Possible)",C,Possible Injury (C),2,0,0,2,USRoute,47.22,1,1-N,1-N,WASHINGTON AV NO 1,,,,,41.297718,-72.937537,14,Motor Vehicle in Operation,3,Angle,1,On Roadway,1,Clear,88,Not Applicable,1,Daylight,1,Dry,0,None,88,Not Applicable,88,Not Applicable,0,None,88,Not Applicable,88,Not Applicable,2,Intersection,3,T-Intersection,1,No,1,No,88,Not Applicable,88,Not Applicable,88,Not Applicable,88,Not Applicable,FALSE,1,Public Road,1,"Trafficway, On Road",CT0009300,New Haven PD,966,58:51.0,C,Closed,55:55.0,,2,8600,3,PRINCIPAL ARTERIAL - OTHER - NEW HPMS,2,Urban
886251,1,Complete,886251,886251,41.30827,-72.92425,3388349,New Haven,93,93,New Haven,5/9/2021,2021,5,May,9,1,Sunday,19:15:00,19,21017238,A,"Injury of any type (Serious, Minor, Possible)",C,Possible Injury (C),2,0,0,4,Local,0.34,103,CHURCH ST,CHURCH ST,ELM ST NO 2,,,,,41.30827,-72.92425,14,Motor Vehicle in Operation,1,Front to rear,1,On Roadway,4,Rain,88,Not Applicable,1,Daylight,2,Wet,0,None,88,Not Applicable,88,Not Applicable,0,None,88,Not Applicable,88,Not Applicable,3,Intersection-Related,2,Four-Way Intersection,1,No,1,No,88,Not Applicable,88,Not Applicable,88,Not Applicable,88,Not Applicable,FALSE,1,Public Road,1,"Trafficway, On Road",CT0009300,New Haven PD,97,33:32.0,C,Closed,55:56.0,,,,,,,
886254,1,Complete,886254,886254,41.323778,-72.881579,3388352,New Haven,93,93,New Haven,5/12/2021,2021,5,May,12,4,Wednesday,19:35:00,19,21017247,A,"Injury of any type (Serious, Minor, Possible)",C,Possible Injury (C),2,0,0,3,State,0.22,17,17-N,17-N,80-W,,,,,41.323778,-72.881579,14,Motor Vehicle in Operation,3,Angle,1,On Roadway,4,Rain,88,Not Applicable,4,Dark-Lighted,2,Wet,0,None,88,Not Applicable,88,Not Applicable,0,None,88,Not Applicable,88,Not Applicable,2,Intersection,2,Four-Way Intersection,1,No,1,No,88,Not Applicable,88,Not Applicable,88,Not Applicable,88,Not Applicable,FALSE,1,Public Road,1,"Trafficway, On Road",CT0009300,New Haven PD,42044,34:16.0,C,Closed,56:27.0,,1,8500,1,INTERSTATE - NEW HPMS,2,Urban
886260,1,Complete,886260,886260,41.315978,-72.945193,3388358,New Haven,93,93,New Haven,5/9/2021,2021,5,May,9,1,Sunday,23:41:00,23,21017270,A,"Injury of any type (Serious, Minor, Possible)",C,Possible Injury (C),4,0,0,4,Local,0.67,194,ELM ST NO 1,ELM ST NO 1,WINTHROP AV NO 2,,,,,41.315978,-72.945193,14,Motor Vehicle in Operation,3,Angle,1,On Roadway,4,Rain,88,Not Applicable,6,Dark-Unknown Lighting,2,Wet,99,Unknown,88,Not Applicable,88,Not Applicable,99,Unknown,88,Not Applicable,88,Not Applicable,2,Intersection,2,Four-Way Intersection,1,No,1,No,88,Not Applicable,88,Not Applicable,88,Not Applicable,88,Not Applicable,FALSE,1,Public Road,1,"Trafficway, On Road",CT0009300,New Haven PD,200,28:17.0,C,Closed,56:13.0,,,,,,,
886268,1,Complete,886268,886268,41.3035,-72.9105,3388366,New Haven,93,93,New Haven,5/10/2021,2021,5,May,10,2,Monday,14:25:00,14,21017345,A,"Injury of any type (Serious, Minor, Possible)",B,Suspected Minor Injury (B),2,0,0,4,Local,0.87,165,EAST ST,EAST ST,CHAPEL ST,,,,,41.3035,-72.9105,14,Motor Vehicle in Operation,97,Other,1,On Roadway,1,Clear,88,Not Applicable,1,Daylight,1,Dry,0,None,88,Not Applicable,88,Not Applicable,0,None,88,Not Applicable,88,Not Applicable,2,Intersection,2,Four-Way Intersection,1,No,1,No,88,Not Applicable,88,Not Applicable,88,Not Applicable,88,Not Applicable,FALSE,1,Public Road,1,"Trafficway, On Road",CT0009300,New Haven PD,223,33:35.0,C,Closed,56:03.0,,,,,,,
886274,1,Complete,886274,886274,41.29093,-72.936998,3388372,New Haven,93,93,New Haven,5/10/2021,2021,5,May,10,2,Monday,21:44:00,21,21017400,A,"Injury of any type (Serious, Minor, Possible)",B,Suspected Minor Injury (B),2,1,1,4,Local,0.27,320,HURLBURT ST,HURLBURT ST,,LAMBERTON ST,75,Feet,N,41.29093,-72.936998,15,Parked Motor Vehicle,4,"Sideswipe, same direction",1,On Roadway,1,Clear,88,Not Applicable,4,Dark-Lighted,1,Dry,0,None,88,Not Applicable,88,Not Applicable,0,None,88,Not Applicable,88,Not Applicable,1,Non-Junction,1,Not at Intersection,1,No,1,No,88,Not Applicable,88,Not Applicable,88,Not Applicable,88,Not Applicable,FALSE,1,Public Road,1,"Trafficway, On Road",CT0009300,New Haven PD,40810,17:53.0,O,Open,56:05.0,,,,,,,
886275,1,Complete,886275,886275,41.294866,-72.917325,3388373,New Haven,93,93,New Haven,5/10/2021,2021,5,May,10,2,Monday,21:50:00,21,21017401,A,"Injury of any type (Serious, Minor, Possible)",B,Suspected Minor Injury (B),1,1,1,4,Local,0.75,513,LONG WHARF DR,LONG WHARF DR,,CANAL DOCK RD,300,Feet,W,41.294866,-72.917325,9,Pedestrian,88,Not Applicable,1,On Roadway,1,Clear,88,Not Applicable,4,Dark-Lighted,1,Dry,0,None,88,Not Applicable,88,Not Applicable,0,None,88,Not Applicable,88,Not Applicable,1,Non-Junction,1,Not at Intersection,1,No,1,No,88,Not Applicable,88,Not Applicable,88,Not Applicable,88,Not Applicable,FALSE,1,Public Road,1,"Trafficway, On Road",CT0009300,New Haven PD,476,15:33.0,C,Closed,56:00.0,,2,9100,4,MINOR ARTERIAL - NEW HPMS,2,Urban
886277,1,Complete,886277,886277,41.29783,-72.93427,3388375,New Haven,93,93,New Haven,5/11/2021,2021,5,May,11,3,Tuesday,6:45:00,6,21017420,A,"Injury of any type (Serious, Minor, Possible)",C,Possible Injury (C),2,0,0,2,USRoute,47.4,1,1-N,1-N,HOWARD AV,,,,,41.29783,-72.93427,14,Motor Vehicle in Operation,3,Angle,1,On Roadway,1,Clear,88,Not Applicable,1,Daylight,1,Dry,0,None,88,Not Applicable,88,Not Applicable,0,None,88,Not Applicable,88,Not Applicable,2,Intersection,2,Four-Way Intersection,1,No,1,No,88,Not Applicable,88,Not Applicable,88,Not Applicable,88,Not Applicable,FALSE,1,Public Road,1,"Trafficway, On Road",CT0009300,New Haven PD,293,23:52.0,C,Closed,12:24.0,,2,8400,3,PRINCIPAL ARTERIAL - OTHER - NEW HPMS,2,Urban
886292,1,Complete,886292,886292,41.3035,-72.9104,3388390,New Haven,93,93,New Haven,5/12/2021,2021,5,May,12,4,Wednesday,1:30:00,1,21017598,A,"Injury of any type (Serious, Minor, Possible)",B,Suspected Minor Injury (B),2,0,0,4,Local,0.87,165,EAST ST,EAST ST,CHAPEL ST,,,,,41.3035,-72.9104,14,Motor Vehicle in Operation,1,Front to rear,1,On Roadway,1,Clear,88,Not Applicable,4,Dark-Lighted,1,Dry,0,None,88,Not Applicable,88,Not Applicable,0,None,88,Not Applicable,88,Not Applicable,2,Intersection,2,Four-Way Intersection,1,No,1,No,88,Not Applicable,88,Not Applicable,88,Not Applicable,88,Not Applicable,FALSE,1,Public Road,1,"Trafficway, On Road",CT0009300,New Haven PD,40955,37:49.0,C,Closed,56:12.0,,,,,,,
886293,1,Complete,886293,886293,41.30136,-72.9353,3388391,New Haven,93,93,New Haven,5/12/2021,2021,5,May,12,4,Wednesday,5:02:00,5,21017605,A,"Injury of any type (Serious, Minor, Possible)",B,Suspected Minor Injury (B),1,1,0,4,Local,0.35,308,HOWARD AV,HOWARD AV,CONGRESS AV,,,,,41.30136,-72.9353,9,Pedestrian,88,Not Applicable,1,On Roadway,1,Clear,88,Not Applicable,4,Dark-Lighted,1,Dry,0,None,88,Not Applicable,88,Not Applicable,0,None,88,Not Applicable,88,Not Applicable,2,Intersection,2,Four-Way Intersection,1,No,1,No,88,Not Applicable,88,Not Applicable,88,Not Applicable,88,Not Applicable,FALSE,1,Public Road,1,"Trafficway, On Road",CT0009300,New Haven PD,476,49:03.0,C,Closed,56:08.0,,2,9300,4,MINOR ARTERIAL - NEW HPMS,2,Urban
886294,1,Complete,886294,886294,41.32042,-72.91846,3388392,New Haven,93,93,New Haven,5/12/2021,2021,5,May,12,4,Wednesday,9:30:00,9,21017611,A,"Injury of any type (Serious, Minor, Possible)",C,Possible Injury (C),1,1,0,4,Local,0.72,656,WHITNEY AV,WHITNEY AV,LAWRENCE ST NO 2,,,,,41.32042,-72.91846,14,Motor Vehicle in Operation,3,Angle,1,On Roadway,1,Clear,88,Not Applicable,1,Daylight,1,Dry,0,None,88,Not Applicable,88,Not Applicable,0,None,88,Not Applicable,88,Not Applicable,3,Intersection-Related,3,T-Intersection,1,No,1,No,88,Not Applicable,88,Not Applicable,88,Not Applicable,88,Not Applicable,FALSE,1,Public Road,1,"Trafficway, On Road",CT0009300,New Haven PD,991,46:36.0,C,Closed,56:09.0,,,,,,,
886296,1,Complete,886296,886296,41.308867,-72.953229,3388394,New Haven,93,93,New Haven,5/12/2021,2021,5,May,12,4,Wednesday,11:21:00,11,21017623,A,"Injury of any type (Serious, Minor, Possible)",C,Possible Injury (C),2,0,0,3,State,2.29,10,10-N,10-N,,DERBY AVE,400,Feet,S,41.308867,-72.953229,14,Motor Vehicle in Operation,1,Front to rear,1,On Roadway,1,Clear,88,Not Applicable,1,Daylight,1,Dry,0,None,88,Not Applicable,88,Not Applicable,0,None,88,Not Applicable,88,Not Applicable,1,Non-Junction,1,Not at Intersection,1,No,1,No,88,Not Applicable,88,Not Applicable,88,Not Applicable,88,Not Applicable,FALSE,1,Public Road,1,"Trafficway, On Road",CT0009300,New Haven PD,42370,01:41.0,C,Closed,56:08.0,,4,33100,3,PRINCIPAL ARTERIAL - OTHER - NEW HPMS,2,Urban
886308,1,Complete,886308,886308,41.31137,-72.94456,3388406,New Haven,93,93,New Haven,5/13/2021,2021,5,May,13,5,Thursday,12:12:00,12,21017735,A,"Injury of any type (Serious, Minor, Possible)",C,Possible Injury (C),2,0,0,4,Local,2.82,97,CHAPEL ST,CHAPEL ST,SHERMAN AV,,,,,41.31137,-72.94456,14,Motor Vehicle in Operation,3,Angle,1,On Roadway,1,Clear,88,Not Applicable,1,Daylight,1,Dry,0,None,88,Not Applicable,88,Not Applicable,0,None,88,Not Applicable,88,Not Applicable,2,Intersection,2,Four-Way Intersection,1,No,1,No,88,Not Applicable,88,Not Applicable,88,Not Applicable,88,Not Applicable,FALSE,1,Public Road,1,"Trafficway, On Road",CT0009300,New Haven PD,42370,26:08.0,C,Closed,56:14.0,,,,,,,