CrashId,Fatal Case Status,Fatal Case Status Text Format,CrashId,CrashId,Latitude,Longitude,DOT Case Number,Town Name,Town Number,Town Number,Town Number Text Format,Date Of Crash,Year,Month,Month Text Format,Day,Day of the Week,Day of the Week Text Format,Time of Crash,Hour of the Day,Case Identifier,Crash Severity,Crash Severity Text Format,Most Severe Injury,Most Severe Injury Text Format,Number Of Motor Vehicles,Number Of Non-Motorist,Number Of Witnesses,Route Class,Route Class Text Format,Milemarker,Road Number,Road Description,Roadway Name,Intersecting Roadway Name,Landmark Description,Distance From Nearest Landmark,Unit Of Measure From Nearest Landmark,Direction From Nearest Landmark,Latitude,Longitude,First Harmful Event,First Harmful Event Text Format,Manner of Crash / Collision Impact,Manner of Crash / Collision Impact Text Format,Location of First Harmful Event,Location of First Harmful Event Text Format,Weather Condition,Weather Condition Text Format,Weather 2,Weather 2 Text Format,Light Condition,Light Condition Text Format,Road Surface Condition,Road Surface Condition Text Format,"Contributing Circumstances, Environment","Contributing Circumstances, Environment Text Format",Environment 2,Environment 2 Text Format,Environment 3,Environment 3 Text Format,"Contributing Circumstances, Road","Contributing Circumstances, Road Text Format",Road 2,Road 2 Text Format,Road 3,Road 3 Text Format,Crash Specific Location,Crash Specific Location Text Format,Type of Intersection,Type of Intersection Text Format,School Bus Related,School Bus Related Text Format,Work Zone Related,Work Zone Related Text Format,Location Of Crash Relative To Work Zone,Location Of Crash Relative To Work Zone Text Format,Type of Work Zone,Type of Work Zone Text Format,Worker Presence,Worker Presence Text Format,Law Enforcement Presence,Law Enforcement Presence Text Format,Were Vehicles Moved Prior To Police Arrival,Trafficway Ownership,Trafficway Ownership Text Format,Trafficway Class,Trafficway Class Text Format,Police Agency,Police Agency Text Format,Badge Number,Approval Date,Police Case Status,Police Case Status Text Format,Crash Report Submission Date,Related Case Identifiers,No. of Through Lanes (Log Dir.),Average Daily Traffic,Functional Classification,Functional Classification Text Format,Rural or Urban,Rural or Urban Text Format
886342,1,Complete,886342,886342,41.333866,-72.935183,921108,New Haven,93,93,New Haven,5/13/2021,2021,5,May,13,5,Thursday,22:19:00,22,21017848,K,Fatal (Kill),K,Fatal Injury (K),2,0,3,4,Local,1.48,152,DIXWELL AV,DIXWELL AV,,DORMAN STREET,150,Feet,N,41.333866,-72.935183,14,Motor Vehicle in Operation,97,Other,1,On Roadway,1,Clear,88,Not Applicable,4,Dark-Lighted,1,Dry,99,Unknown,88,Not Applicable,88,Not Applicable,99,Unknown,88,Not Applicable,88,Not Applicable,1,Non-Junction,1,Not at Intersection,1,No,1,No,88,Not Applicable,88,Not Applicable,88,Not Applicable,88,Not Applicable,FALSE,1,Public Road,1,"Trafficway, On Road",CT0009300,New Haven PD,42042,06:51.0,O,Open,56:23.0,,2,15300,3,PRINCIPAL ARTERIAL - OTHER - NEW HPMS,2,Urban
886351,1,Complete,886351,886351,41.30887,-72.89703,3388449,New Haven,93,93,New Haven,5/14/2021,2021,5,May,14,6,Friday,12:42:00,12,21017904,A,"Injury of any type (Serious, Minor, Possible)",C,Possible Injury (C),2,0,0,4,Local,0.59,264,GRAND AV,GRAND AV,POPLAR ST,,,,,41.30887,-72.89703,14,Motor Vehicle in Operation,1,Front to rear,1,On Roadway,1,Clear,88,Not Applicable,1,Daylight,1,Dry,0,None,88,Not Applicable,88,Not Applicable,0,None,88,Not Applicable,88,Not Applicable,2,Intersection,2,Four-Way Intersection,1,No,1,No,88,Not Applicable,88,Not Applicable,88,Not Applicable,88,Not Applicable,FALSE,1,Public Road,1,"Trafficway, On Road",CT0009300,New Haven PD,40967,35:07.0,C,Closed,56:20.0,,,,,,,
886353,1,Complete,886353,886353,41.331806,-72.935199,3388451,New Haven,93,93,New Haven,5/14/2021,2021,5,May,14,6,Friday,16:42:00,16,21017920,A,"Injury of any type (Serious, Minor, Possible)",B,Suspected Minor Injury (B),1,1,1,4,Local,1.33,152,DIXWELL AV,DIXWELL AV,WILLIS ST,,,,,41.331806,-72.935199,14,Motor Vehicle in Operation,3,Angle,1,On Roadway,1,Clear,88,Not Applicable,1,Daylight,1,Dry,0,None,88,Not Applicable,88,Not Applicable,0,None,88,Not Applicable,88,Not Applicable,2,Intersection,3,T-Intersection,1,No,1,No,88,Not Applicable,88,Not Applicable,88,Not Applicable,88,Not Applicable,FALSE,1,Public Road,1,"Trafficway, On Road",CT0009300,New Haven PD,42042,37:48.0,C,Closed,56:29.0,,,,,,,
886355,1,Complete,886355,886355,41.32388,-72.881531,3388453,New Haven,93,93,New Haven,5/14/2021,2021,5,May,14,6,Friday,17:11:00,17,21017923,A,"Injury of any type (Serious, Minor, Possible)",C,Possible Injury (C),2,0,0,3,State,0.22,17,17-N,17-N,80-W,,,,,41.32388,-72.881531,14,Motor Vehicle in Operation,1,Front to rear,1,On Roadway,1,Clear,88,Not Applicable,99,Unknown,1,Dry,0,None,88,Not Applicable,88,Not Applicable,0,None,88,Not Applicable,88,Not Applicable,2,Intersection,4,Y-Intersection,1,No,1,No,88,Not Applicable,88,Not Applicable,88,Not Applicable,88,Not Applicable,FALSE,1,Public Road,1,"Trafficway, On Road",CT0009300,New Haven PD,42051,40:06.0,C,Closed,56:59.0,,1,8500,1,INTERSTATE - NEW HPMS,2,Urban
886356,1,Complete,886356,886356,41.324973,-72.956864,3388454,New Haven,93,93,New Haven,5/14/2021,2021,5,May,14,6,Friday,17:22:00,17,21017925,A,"Injury of any type (Serious, Minor, Possible)",A,Suspected Serious Injury (A),2,0,1,3,State,0,63,63-N,63-N,10-N,,,,,41.324973,-72.956864,14,Motor Vehicle in Operation,3,Angle,1,On Roadway,1,Clear,88,Not Applicable,1,Daylight,1,Dry,0,None,88,Not Applicable,88,Not Applicable,0,None,88,Not Applicable,88,Not Applicable,3,Intersection-Related,2,Four-Way Intersection,1,No,1,No,88,Not Applicable,88,Not Applicable,88,Not Applicable,88,Not Applicable,FALSE,1,Public Road,1,"Trafficway, On Road",CT0009300,New Haven PD,79,18:43.0,C,Closed,56:22.0,,4,23100,3,PRINCIPAL ARTERIAL - OTHER - NEW HPMS,2,Urban
886357,1,Complete,886357,886357,41.3158799,-72.9488118,3388455,New Haven,93,93,New Haven,5/14/2021,2021,5,May,14,6,Friday,17:19:00,17,21017928,A,"Injury of any type (Serious, Minor, Possible)",C,Possible Injury (C),2,0,0,4,Local,0.4,193,ELLSWORTH AV,ELLSWORTH AV,MAPLE ST,,,,,41.3158799,-72.9488118,14,Motor Vehicle in Operation,3,Angle,1,On Roadway,1,Clear,88,Not Applicable,1,Daylight,1,Dry,0,None,88,Not Applicable,88,Not Applicable,0,None,88,Not Applicable,88,Not Applicable,2,Intersection,2,Four-Way Intersection,1,No,1,No,88,Not Applicable,88,Not Applicable,88,Not Applicable,88,Not Applicable,FALSE,1,Public Road,1,"Trafficway, On Road",CT0009300,New Haven PD,11439,46:38.0,C,Closed,56:24.0,,,,,,,
886359,1,Complete,886359,886359,41.332644,-72.949152,3388457,New Haven,93,93,New Haven,5/14/2021,2021,5,May,14,6,Friday,16:13:00,16,21017938,A,"Injury of any type (Serious, Minor, Possible)",C,Possible Injury (C),3,0,0,3,State,4.31,10,10-S,10-S,WINTERGREEN AV,,,,,41.332644,-72.949152,14,Motor Vehicle in Operation,4,"Sideswipe, same direction",1,On Roadway,1,Clear,88,Not Applicable,1,Daylight,1,Dry,99,Unknown,88,Not Applicable,88,Not Applicable,99,Unknown,88,Not Applicable,88,Not Applicable,2,Intersection,3,T-Intersection,2,"Yes, School Bus Directly Involved",1,No,88,Not Applicable,88,Not Applicable,88,Not Applicable,88,Not Applicable,TRUE,1,Public Road,1,"Trafficway, On Road",CT0009300,New Haven PD,402,21:01.0,O,Open,56:21.0,,4,10600,4,MINOR ARTERIAL - NEW HPMS,2,Urban
886361,1,Complete,886361,886361,41.309,-72.896,3388459,New Haven,93,93,New Haven,5/14/2021,2021,5,May,14,6,Friday,20:42:00,20,21017958,A,"Injury of any type (Serious, Minor, Possible)",C,Possible Injury (C),3,0,0,4,Local,0.53,264,GRAND AV,GRAND AV,,FERRY ST,50,Feet,W,41.309,-72.896,14,Motor Vehicle in Operation,1,Front to rear,1,On Roadway,1,Clear,88,Not Applicable,4,Dark-Lighted,1,Dry,0,None,88,Not Applicable,88,Not Applicable,0,None,88,Not Applicable,88,Not Applicable,1,Non-Junction,1,Not at Intersection,1,No,1,No,88,Not Applicable,88,Not Applicable,88,Not Applicable,88,Not Applicable,TRUE,1,Public Road,1,"Trafficway, On Road",CT0009300,New Haven PD,971,36:38.0,C,Closed,56:54.0,21-17958,,,,,,
886363,1,Complete,886363,886363,41.3083646,-72.8952507,3388461,New Haven,93,93,New Haven,5/14/2021,2021,5,May,14,6,Friday,23:42:00,23,21017981,A,"Injury of any type (Serious, Minor, Possible)",C,Possible Injury (C),2,0,0,4,Local,0.79,213,FERRY ST,FERRY ST,,GRAND AVENUE,300,Feet,S,41.3083646,-72.8952507,14,Motor Vehicle in Operation,3,Angle,1,On Roadway,1,Clear,88,Not Applicable,4,Dark-Lighted,1,Dry,0,None,88,Not Applicable,88,Not Applicable,0,None,88,Not Applicable,88,Not Applicable,1,Non-Junction,1,Not at Intersection,1,No,1,No,88,Not Applicable,88,Not Applicable,88,Not Applicable,88,Not Applicable,FALSE,1,Public Road,1,"Trafficway, On Road",CT0009300,New Haven PD,370,49:56.0,O,Open,57:13.0,,,,,,,
886372,1,Complete,886372,886372,41.3157709,-72.9390553,3388470,New Haven,93,93,New Haven,5/15/2021,2021,5,May,15,7,Saturday,17:20:00,17,21018055,A,"Injury of any type (Serious, Minor, Possible)",B,Suspected Minor Injury (B),2,0,0,4,Local,1.03,453,ORCHARD ST,ORCHARD ST,,WHALLEY AVE,100,Feet,N,41.3157709,-72.9390553,14,Motor Vehicle in Operation,99,Unknown,1,On Roadway,1,Clear,88,Not Applicable,1,Daylight,1,Dry,0,None,88,Not Applicable,88,Not Applicable,0,None,88,Not Applicable,88,Not Applicable,1,Non-Junction,1,Not at Intersection,1,No,1,No,88,Not Applicable,88,Not Applicable,88,Not Applicable,88,Not Applicable,TRUE,1,Public Road,1,"Trafficway, On Road",CT0009300,New Haven PD,42053,25:18.0,C,Closed,56:28.0,,,,,,,
886373,1,Complete,886373,886373,41.32751,-72.93519,3388471,New Haven,93,93,New Haven,5/15/2021,2021,5,May,15,7,Saturday,18:43:00,18,21018066,A,"Injury of any type (Serious, Minor, Possible)",C,Possible Injury (C),2,0,0,4,Local,1.04,152,DIXWELL AV,DIXWELL AV,HARDING PL,,,,,41.32751,-72.93519,14,Motor Vehicle in Operation,3,Angle,1,On Roadway,1,Clear,88,Not Applicable,1,Daylight,1,Dry,0,None,88,Not Applicable,88,Not Applicable,0,None,88,Not Applicable,88,Not Applicable,2,Intersection,3,T-Intersection,1,No,1,No,88,Not Applicable,88,Not Applicable,88,Not Applicable,88,Not Applicable,TRUE,1,Public Road,1,"Trafficway, On Road",CT0009300,New Haven PD,42052,04:37.0,C,Closed,56:26.0,,,,,,,
886374,1,Complete,886374,886374,41.31557,-72.90091,3388472,New Haven,93,93,New Haven,5/16/2021,2021,5,May,16,1,Sunday,1:34:00,1,21018103,A,"Injury of any type (Serious, Minor, Possible)",C,Possible Injury (C),2,0,0,4,Local,0.88,57,BLATCHLEY AV,BLATCHLEY AV,PECK ST NO 1,,,,,41.31557,-72.90091,14,Motor Vehicle in Operation,3,Angle,1,On Roadway,1,Clear,88,Not Applicable,4,Dark-Lighted,1,Dry,99,Unknown,88,Not Applicable,88,Not Applicable,0,None,88,Not Applicable,88,Not Applicable,2,Intersection,2,Four-Way Intersection,1,No,1,No,88,Not Applicable,88,Not Applicable,1,No,88,Not Applicable,FALSE,1,Public Road,1,"Trafficway, On Road",CT0009300,New Haven PD,415,59:32.0,C,Closed,59:09.0,,,,,,,
886381,1,Complete,886381,886381,41.31487,-72.94562,3388479,New Haven,93,93,New Haven,5/16/2021,2021,5,May,16,1,Sunday,11:45:00,11,21018146,A,"Injury of any type (Serious, Minor, Possible)",B,Suspected Minor Injury (B),2,0,0,4,Local,0.12,393,MAPLE ST,MAPLE ST,WINTHROP AV NO 2,,,,,41.31487,-72.94562,14,Motor Vehicle in Operation,3,Angle,1,On Roadway,1,Clear,88,Not Applicable,1,Daylight,1,Dry,0,None,88,Not Applicable,88,Not Applicable,0,None,88,Not Applicable,88,Not Applicable,2,Intersection,2,Four-Way Intersection,1,No,1,No,88,Not Applicable,88,Not Applicable,88,Not Applicable,88,Not Applicable,FALSE,1,Public Road,1,"Trafficway, On Road",CT0009300,New Haven PD,238,51:50.0,C,Closed,56:48.0,,,,,,,
886386,1,Complete,886386,886386,41.297502,-72.93056,3388484,New Haven,93,93,New Haven,5/16/2021,2021,5,May,16,1,Sunday,16:02:00,16,21018170,A,"Injury of any type (Serious, Minor, Possible)",C,Possible Injury (C),2,0,0,4,Local,0.06,710,LIBERTY ST NO 1,LIBERTY ST NO 1,PORTSEA ST,,,,,41.297502,-72.93056,14,Motor Vehicle in Operation,3,Angle,1,On Roadway,2,Cloudy,88,Not Applicable,1,Daylight,1,Dry,0,None,88,Not Applicable,88,Not Applicable,0,None,88,Not Applicable,88,Not Applicable,2,Intersection,2,Four-Way Intersection,1,No,1,No,88,Not Applicable,88,Not Applicable,88,Not Applicable,88,Not Applicable,TRUE,1,Public Road,1,"Trafficway, On Road",CT0009300,New Haven PD,40947,11:31.0,C,Closed,56:29.0,,,,,,,
886388,1,Complete,886388,886388,41.296585,-72.928318,3388486,New Haven,93,93,New Haven,5/16/2021,2021,5,May,16,1,Sunday,17:47:00,17,21018182,A,"Injury of any type (Serious, Minor, Possible)",C,Possible Injury (C),2,0,0,2,USRoute,47.84,1,1-N,1-N,CHURCH ST SOUTH NO 2,,,,,41.296585,-72.928318,14,Motor Vehicle in Operation,1,Front to rear,1,On Roadway,1,Clear,88,Not Applicable,1,Daylight,1,Dry,0,None,88,Not Applicable,88,Not Applicable,0,None,88,Not Applicable,88,Not Applicable,2,Intersection,2,Four-Way Intersection,1,No,1,No,88,Not Applicable,88,Not Applicable,88,Not Applicable,88,Not Applicable,FALSE,1,Public Road,1,"Trafficway, On Road",CT0009300,New Haven PD,958,09:13.0,O,Open,56:30.0,21-018182,2,9500,3,PRINCIPAL ARTERIAL - OTHER - NEW HPMS,2,Urban
886391,1,Complete,886391,886391,41.320725,-72.874078,3388489,New Haven,93,93,New Haven,5/17/2021,2021,5,May,17,2,Monday,4:25:00,4,21018230,A,"Injury of any type (Serious, Minor, Possible)",B,Suspected Minor Injury (B),2,0,0,3,State,0.44,80,80-E,80-E,QUINNIPIAC AV,,,,,41.320725,-72.874078,14,Motor Vehicle in Operation,3,Angle,1,On Roadway,1,Clear,88,Not Applicable,4,Dark-Lighted,1,Dry,0,None,88,Not Applicable,88,Not Applicable,0,None,88,Not Applicable,88,Not Applicable,2,Intersection,3,T-Intersection,1,No,1,No,88,Not Applicable,88,Not Applicable,88,Not Applicable,88,Not Applicable,FALSE,1,Public Road,1,"Trafficway, On Road",CT0009300,New Haven PD,40807,53:27.0,O,Open,56:34.0,,4,32100,3,PRINCIPAL ARTERIAL - OTHER - NEW HPMS,2,Urban
886392,1,Complete,886392,886392,41.31919,-72.93399,3388490,New Haven,93,93,New Haven,5/17/2021,2021,5,May,17,2,Monday,8:29:00,8,21018242,A,"Injury of any type (Serious, Minor, Possible)",C,Possible Injury (C),2,0,0,4,Local,0.44,152,DIXWELL AV,DIXWELL AV,CHARLES ST,,,,,41.31919,-72.93399,14,Motor Vehicle in Operation,4,"Sideswipe, same direction",1,On Roadway,2,Cloudy,88,Not Applicable,1,Daylight,1,Dry,0,None,88,Not Applicable,88,Not Applicable,0,None,88,Not Applicable,88,Not Applicable,2,Intersection,3,T-Intersection,1,No,1,No,88,Not Applicable,88,Not Applicable,88,Not Applicable,88,Not Applicable,FALSE,1,Public Road,1,"Trafficway, On Road",CT0009300,New Haven PD,201,17:05.0,O,Open,56:34.0,,,,,,,
886393,1,Complete,886393,886393,41.319443,-72.970197,3388491,New Haven,93,93,New Haven,5/17/2021,2021,5,May,17,2,Monday,8:30:00,8,21018243,A,"Injury of any type (Serious, Minor, Possible)",C,Possible Injury (C),2,0,0,3,State,2.82,122,122-N,122-N,,EDGEWOOD WAY,100,Feet,S,41.319443,-72.970197,14,Motor Vehicle in Operation,4,"Sideswipe, same direction",1,On Roadway,1,Clear,88,Not Applicable,1,Daylight,1,Dry,0,None,88,Not Applicable,88,Not Applicable,0,None,88,Not Applicable,88,Not Applicable,9,Driveway Access-Related,1,Not at Intersection,1,No,1,No,88,Not Applicable,88,Not Applicable,88,Not Applicable,88,Not Applicable,TRUE,1,Public Road,1,"Trafficway, On Road",CT0009300,New Haven PD,313,42:29.0,C,Closed,56:39.0,,1,11700,4,MINOR ARTERIAL - NEW HPMS,2,Urban
886400,1,Complete,886400,886400,41.296966,-72.948267,3388498,New Haven,93,93,New Haven,5/17/2021,2021,5,May,17,2,Monday,15:35:00,15,21018311,A,"Injury of any type (Serious, Minor, Possible)",C,Possible Injury (C),2,0,0,3,State,1.42,10,10-N,10-N,,COLUMBUS AVE,225,Feet,S,41.296966,-72.948267,14,Motor Vehicle in Operation,1,Front to rear,1,On Roadway,1,Clear,88,Not Applicable,1,Daylight,1,Dry,0,None,88,Not Applicable,88,Not Applicable,0,None,88,Not Applicable,88,Not Applicable,2,Intersection,2,Four-Way Intersection,1,No,1,No,88,Not Applicable,88,Not Applicable,88,Not Applicable,88,Not Applicable,TRUE,1,Public Road,1,"Trafficway, On Road",CT0009300,New Haven PD,34,51:11.0,C,Closed,56:36.0,,4,20200,3,PRINCIPAL ARTERIAL - OTHER - NEW HPMS,2,Urban
886408,1,Complete,886408,886408,41.333095,-72.935182,3388506,New Haven,93,93,New Haven,5/17/2021,2021,5,May,17,2,Monday,18:20:00,18,21018354,A,"Injury of any type (Serious, Minor, Possible)",C,Possible Injury (C),2,0,0,4,Local,1.42,152,DIXWELL AV,DIXWELL AV,,BASSETT ST,200,Feet,N,41.333095,-72.935182,14,Motor Vehicle in Operation,1,Front to rear,1,On Roadway,1,Clear,88,Not Applicable,1,Daylight,1,Dry,0,None,88,Not Applicable,88,Not Applicable,0,None,88,Not Applicable,88,Not Applicable,1,Non-Junction,1,Not at Intersection,1,No,1,No,88,Not Applicable,88,Not Applicable,88,Not Applicable,88,Not Applicable,TRUE,1,Public Road,1,"Trafficway, On Road",CT0009300,New Haven PD,30,54:57.0,C,Closed,56:35.0,NONE,,,,,,
886412,1,Complete,886412,886412,41.322486,-72.878209,3388510,New Haven,93,93,New Haven,5/17/2021,2021,5,May,17,2,Monday,23:32:00,23,21018375,A,"Injury of any type (Serious, Minor, Possible)",C,Possible Injury (C),3,0,0,3,State,0.19,80,80-E,80-E,,QUINNIPIAC AVE,1260,Feet,W,41.322486,-72.878209,14,Motor Vehicle in Operation,3,Angle,1,On Roadway,1,Clear,88,Not Applicable,4,Dark-Lighted,1,Dry,0,None,88,Not Applicable,88,Not Applicable,0,None,88,Not Applicable,88,Not Applicable,2,Intersection,3,T-Intersection,1,No,1,No,88,Not Applicable,88,Not Applicable,88,Not Applicable,88,Not Applicable,TRUE,1,Public Road,1,"Trafficway, On Road",CT0009300,New Haven PD,42055,04:04.0,O,Open,57:02.0,,5,32100,3,PRINCIPAL ARTERIAL - OTHER - NEW HPMS,2,Urban
886418,1,Complete,886418,886418,41.307223,-72.938733,3388516,New Haven,93,93,New Haven,5/18/2021,2021,5,May,18,3,Tuesday,13:29:00,13,21018429,A,"Injury of any type (Serious, Minor, Possible)",C,Possible Injury (C),2,0,0,4,Local,0.51,160,DWIGHT ST,DWIGHT ST,,MLK Jr Blvd,45,Feet,N,41.307223,-72.938733,14,Motor Vehicle in Operation,1,Front to rear,1,On Roadway,1,Clear,88,Not Applicable,1,Daylight,1,Dry,0,None,88,Not Applicable,88,Not Applicable,0,None,88,Not Applicable,88,Not Applicable,3,Intersection-Related,2,Four-Way Intersection,1,No,1,No,88,Not Applicable,88,Not Applicable,88,Not Applicable,88,Not Applicable,FALSE,1,Public Road,1,"Trafficway, On Road",CT0009300,New Haven PD,381,05:51.0,C,Closed,56:40.0,,,,,,,
886419,1,Complete,886419,886419,41.311919,-72.946895,3388517,New Haven,93,93,New Haven,5/18/2021,2021,5,May,18,3,Tuesday,16:27:00,16,21018434,A,"Injury of any type (Serious, Minor, Possible)",C,Possible Injury (C),2,0,0,4,Local,2.95,97,CHAPEL ST,CHAPEL ST,WINTHROP AV NO 2,,,,,41.311919,-72.946895,14,Motor Vehicle in Operation,3,Angle,1,On Roadway,1,Clear,88,Not Applicable,1,Daylight,1,Dry,99,Unknown,88,Not Applicable,88,Not Applicable,0,None,88,Not Applicable,88,Not Applicable,2,Intersection,2,Four-Way Intersection,1,No,1,No,88,Not Applicable,88,Not Applicable,88,Not Applicable,88,Not Applicable,FALSE,1,Public Road,1,"Trafficway, On Road",CT0009300,New Haven PD,11439,12:34.0,C,Closed,56:41.0,,,,,,,
886422,1,Complete,886422,886422,41.297502,-72.948855,3388520,New Haven,93,93,New Haven,5/18/2021,2021,5,May,18,3,Tuesday,17:45:00,17,21018447,A,"Injury of any type (Serious, Minor, Possible)",C,Possible Injury (C),2,0,0,3,State,1.47,10,10-N,10-N,1-N,,,,,41.297502,-72.948855,14,Motor Vehicle in Operation,3,Angle,1,On Roadway,1,Clear,88,Not Applicable,1,Daylight,1,Dry,0,None,88,Not Applicable,88,Not Applicable,0,None,88,Not Applicable,88,Not Applicable,2,Intersection,2,Four-Way Intersection,1,No,1,No,88,Not Applicable,88,Not Applicable,88,Not Applicable,88,Not Applicable,FALSE,1,Public Road,1,"Trafficway, On Road",CT0009300,New Haven PD,266,53:56.0,C,Closed,56:42.0,,4,20700,3,PRINCIPAL ARTERIAL - OTHER - NEW HPMS,2,Urban
886428,1,Complete,886428,886428,41.314391,-72.936316,3388526,New Haven,93,93,New Haven,5/18/2021,2021,5,May,18,3,Tuesday,21:26:00,21,21018488,A,"Injury of any type (Serious, Minor, Possible)",A,Suspected Serious Injury (A),1,0,0,4,Local,0.73,653,WHALLEY AV,WHALLEY AV,,SPERRY ST,125,Feet,W,41.314391,-72.936316,33,Utility Pole/Light Support,88,Not Applicable,1,On Roadway,1,Clear,88,Not Applicable,4,Dark-Lighted,1,Dry,0,None,88,Not Applicable,88,Not Applicable,0,None,88,Not Applicable,88,Not Applicable,1,Non-Junction,1,Not at Intersection,1,No,1,No,88,Not Applicable,88,Not Applicable,88,Not Applicable,88,Not Applicable,FALSE,1,Public Road,1,"Trafficway, On Road",CT0009300,New Haven PD,503,30:26.0,C,Closed,57:26.0,,4,21100,3,PRINCIPAL ARTERIAL - OTHER - NEW HPMS,2,Urban
886447,1,Complete,886447,886447,41.292053,-72.921559,3388545,New Haven,93,93,New Haven,5/14/2021,2021,5,May,14,6,Friday,8:00:00,8,21018597,A,"Injury of any type (Serious, Minor, Possible)",C,Possible Injury (C),3,0,0,4,Local,0.63,359,SARGENT DR,SARGENT DR,CHURCH ST SOUTH NO 2,,,,,41.292053,-72.921559,14,Motor Vehicle in Operation,1,Front to rear,1,On Roadway,99,Unknown,88,Not Applicable,99,Unknown,99,Unknown,99,Unknown,88,Not Applicable,88,Not Applicable,99,Unknown,88,Not Applicable,88,Not Applicable,2,Intersection,3,T-Intersection,1,No,1,No,88,Not Applicable,88,Not Applicable,88,Not Applicable,88,Not Applicable,TRUE,1,Public Road,1,"Trafficway, On Road",CT0009300,New Haven PD,42366,40:58.0,C,Closed,56:55.0,,,,,,,
886449,1,Complete,886449,886449,41.327623,-72.932892,3388547,New Haven,93,93,New Haven,5/19/2021,2021,5,May,19,4,Wednesday,21:04:00,21,21018611,A,"Injury of any type (Serious, Minor, Possible)",C,Possible Injury (C),2,0,0,4,Local,0.38,552,SHELTON AV,SHELTON AV,THOMPSON ST,,,,,41.327623,-72.932892,14,Motor Vehicle in Operation,3,Angle,1,On Roadway,1,Clear,88,Not Applicable,1,Daylight,1,Dry,0,None,88,Not Applicable,88,Not Applicable,0,None,88,Not Applicable,88,Not Applicable,2,Intersection,2,Four-Way Intersection,1,No,1,No,88,Not Applicable,88,Not Applicable,88,Not Applicable,88,Not Applicable,FALSE,1,Public Road,1,"Trafficway, On Road",CT0009300,New Haven PD,42052,02:53.0,C,Closed,56:45.0,,,,,,,
886450,1,Complete,886450,886450,41.303503,-72.923758,3388548,New Haven,93,93,New Haven,5/19/2021,2021,5,May,19,4,Wednesday,23:19:00,23,21018619,A,"Injury of any type (Serious, Minor, Possible)",C,Possible Injury (C),2,0,0,4,Local,1.45,575,STATE ST,STATE ST,CROWN ST,,,,,41.303503,-72.923758,14,Motor Vehicle in Operation,3,Angle,1,On Roadway,1,Clear,88,Not Applicable,4,Dark-Lighted,1,Dry,0,None,88,Not Applicable,88,Not Applicable,0,None,88,Not Applicable,88,Not Applicable,2,Intersection,2,Four-Way Intersection,1,No,1,No,88,Not Applicable,88,Not Applicable,88,Not Applicable,88,Not Applicable,TRUE,1,Public Road,1,"Trafficway, On Road",CT0009300,New Haven PD,344,14:27.0,O,Open,56:46.0,21-018619,,,,,,
886452,1,Complete,886452,886452,41.2892,-72.9241,3388550,New Haven,93,93,New Haven,5/20/2021,2021,5,May,20,5,Thursday,2:03:00,2,21018631,A,"Injury of any type (Serious, Minor, Possible)",C,Possible Injury (C),2,0,0,1,Interstate,0.24,95,95-S-329,95-S-329,SARGENT DR,,,,,41.2892,-72.9241,14,Motor Vehicle in Operation,4,"Sideswipe, same direction",1,On Roadway,1,Clear,88,Not Applicable,4,Dark-Lighted,1,Dry,0,None,88,Not Applicable,88,Not Applicable,0,None,88,Not Applicable,88,Not Applicable,4,Entrance / Exit Ramp,1,Not at Intersection,1,No,1,No,88,Not Applicable,88,Not Applicable,88,Not Applicable,88,Not Applicable,FALSE,1,Public Road,1,"Trafficway, On Road",CT0009300,New Haven PD,40955,01:01.0,C,Closed,56:53.0,,2,9700,1,INTERSTATE - NEW HPMS,2,Urban
886453,1,Complete,886453,886453,41.329499,-72.969279,3388551,New Haven,93,93,New Haven,5/20/2021,2021,5,May,20,5,Thursday,9:35:00,9,21018648,A,"Injury of any type (Serious, Minor, Possible)",C,Possible Injury (C),2,0,1,3,State,0.75,63,63-N,63-N,,DAYTON ST,200,Feet,N,41.329499,-72.969279,14,Motor Vehicle in Operation,97,Other,1,On Roadway,1,Clear,88,Not Applicable,1,Daylight,1,Dry,0,None,88,Not Applicable,88,Not Applicable,0,None,88,Not Applicable,88,Not Applicable,9,Driveway Access-Related,1,Not at Intersection,1,No,1,No,88,Not Applicable,88,Not Applicable,88,Not Applicable,88,Not Applicable,FALSE,1,Public Road,1,"Trafficway, On Road",CT0009300,New Haven PD,90,30:10.0,C,Closed,56:49.0,,3,22900,3,PRINCIPAL ARTERIAL - OTHER - NEW HPMS,2,Urban
886459,1,Complete,886459,886459,41.305775,-72.925158,3388557,New Haven,93,93,New Haven,5/20/2021,2021,5,May,20,5,Thursday,14:59:00,14,21018684,A,"Injury of any type (Serious, Minor, Possible)",C,Possible Injury (C),2,0,0,4,Local,1.73,97,CHAPEL ST,CHAPEL ST,,CHURCH ST,200,Feet,E,41.305775,-72.925158,14,Motor Vehicle in Operation,3,Angle,1,On Roadway,1,Clear,88,Not Applicable,1,Daylight,1,Dry,0,None,88,Not Applicable,88,Not Applicable,0,None,88,Not Applicable,88,Not Applicable,1,Non-Junction,1,Not at Intersection,1,No,1,No,88,Not Applicable,88,Not Applicable,88,Not Applicable,88,Not Applicable,TRUE,1,Public Road,1,"Trafficway, On Road",CT0009300,New Haven PD,40952,31:05.0,C,Closed,57:02.0,,,,,,,