CrashId,Fatal Case Status,Fatal Case Status Text Format,CrashId,CrashId,Latitude,Longitude,DOT Case Number,Town Name,Town Number,Town Number,Town Number Text Format,Date Of Crash,Year,Month,Month Text Format,Day,Day of the Week,Day of the Week Text Format,Time of Crash,Hour of the Day,Case Identifier,Crash Severity,Crash Severity Text Format,Most Severe Injury,Most Severe Injury Text Format,Number Of Motor Vehicles,Number Of Non-Motorist,Number Of Witnesses,Route Class,Route Class Text Format,Milemarker,Road Number,Road Description,Roadway Name,Intersecting Roadway Name,Landmark Description,Distance From Nearest Landmark,Unit Of Measure From Nearest Landmark,Direction From Nearest Landmark,Latitude,Longitude,First Harmful Event,First Harmful Event Text Format,Manner of Crash / Collision Impact,Manner of Crash / Collision Impact Text Format,Location of First Harmful Event,Location of First Harmful Event Text Format,Weather Condition,Weather Condition Text Format,Weather 2,Weather 2 Text Format,Light Condition,Light Condition Text Format,Road Surface Condition,Road Surface Condition Text Format,"Contributing Circumstances, Environment","Contributing Circumstances, Environment Text Format",Environment 2,Environment 2 Text Format,Environment 3,Environment 3 Text Format,"Contributing Circumstances, Road","Contributing Circumstances, Road Text Format",Road 2,Road 2 Text Format,Road 3,Road 3 Text Format,Crash Specific Location,Crash Specific Location Text Format,Type of Intersection,Type of Intersection Text Format,School Bus Related,School Bus Related Text Format,Work Zone Related,Work Zone Related Text Format,Location Of Crash Relative To Work Zone,Location Of Crash Relative To Work Zone Text Format,Type of Work Zone,Type of Work Zone Text Format,Worker Presence,Worker Presence Text Format,Law Enforcement Presence,Law Enforcement Presence Text Format,Were Vehicles Moved Prior To Police Arrival,Trafficway Ownership,Trafficway Ownership Text Format,Trafficway Class,Trafficway Class Text Format,Police Agency,Police Agency Text Format,Badge Number,Approval Date,Police Case Status,Police Case Status Text Format,Crash Report Submission Date,Related Case Identifiers,No. of Through Lanes (Log Dir.),Average Daily Traffic,Functional Classification,Functional Classification Text Format,Rural or Urban,Rural or Urban Text Format
886460,1,Complete,886460,886460,41.314157,-72.903564,3388558,New Haven,93,93,New Haven,5/20/2021,2021,5,May,20,5,Thursday,16:38:00,16,21018688,A,"Injury of any type (Serious, Minor, Possible)",C,Possible Injury (C),2,0,0,4,Local,0.02,379,LOMBARD ST,LOMBARD ST,,JAMES ST.,110,Feet,E,41.314157,-72.903564,14,Motor Vehicle in Operation,1,Front to rear,1,On Roadway,1,Clear,88,Not Applicable,1,Daylight,1,Dry,0,None,88,Not Applicable,88,Not Applicable,0,None,88,Not Applicable,88,Not Applicable,1,Non-Junction,1,Not at Intersection,1,No,1,No,88,Not Applicable,88,Not Applicable,88,Not Applicable,88,Not Applicable,FALSE,1,Public Road,1,"Trafficway, On Road",CT0009300,New Haven PD,106,32:43.0,C,Closed,56:52.0,,,,,,,
886465,1,Complete,886465,886465,41.308464,-72.903193,3388563,New Haven,93,93,New Haven,5/20/2021,2021,5,May,20,5,Thursday,22:07:00,22,21018731,A,"Injury of any type (Serious, Minor, Possible)",C,Possible Injury (C),2,0,0,4,Local,0.92,264,GRAND AV,GRAND AV,JAMES ST,,,,,41.308464,-72.903193,14,Motor Vehicle in Operation,3,Angle,1,On Roadway,1,Clear,88,Not Applicable,4,Dark-Lighted,1,Dry,0,None,88,Not Applicable,88,Not Applicable,0,None,88,Not Applicable,88,Not Applicable,2,Intersection,2,Four-Way Intersection,1,No,1,No,88,Not Applicable,88,Not Applicable,88,Not Applicable,88,Not Applicable,FALSE,1,Public Road,1,"Trafficway, On Road",CT0009300,New Haven PD,40793,08:11.0,C,Closed,56:54.0,,,,,,,
886466,1,Complete,886466,886466,41.30418,-72.89635,3388564,New Haven,93,93,New Haven,5/21/2021,2021,5,May,21,6,Friday,2:54:00,2,21018749,A,"Injury of any type (Serious, Minor, Possible)",C,Possible Injury (C),2,0,0,4,Local,0.21,97,CHAPEL ST,CHAPEL ST,POPLAR ST,,,,,41.30418,-72.89635,14,Motor Vehicle in Operation,3,Angle,1,On Roadway,1,Clear,88,Not Applicable,4,Dark-Lighted,1,Dry,0,None,88,Not Applicable,88,Not Applicable,0,None,88,Not Applicable,88,Not Applicable,2,Intersection,2,Four-Way Intersection,1,No,1,No,88,Not Applicable,88,Not Applicable,88,Not Applicable,88,Not Applicable,TRUE,1,Public Road,1,"Trafficway, On Road",CT0009300,New Haven PD,105,48:01.0,C,Closed,57:28.0,,,,,,,
886467,1,Complete,886467,886467,41.29362,-72.937728,3388565,New Haven,93,93,New Haven,5/21/2021,2021,5,May,21,6,Friday,12:06:00,12,21018784,A,"Injury of any type (Serious, Minor, Possible)",C,Possible Injury (C),2,0,0,4,Local,0.09,571,SPRING ST,SPRING ST,HURLBURT ST,,,,,41.29362,-72.937728,14,Motor Vehicle in Operation,3,Angle,1,On Roadway,1,Clear,88,Not Applicable,1,Daylight,1,Dry,0,None,88,Not Applicable,88,Not Applicable,0,None,88,Not Applicable,88,Not Applicable,2,Intersection,2,Four-Way Intersection,1,No,1,No,88,Not Applicable,88,Not Applicable,88,Not Applicable,88,Not Applicable,TRUE,1,Public Road,1,"Trafficway, On Road",CT0009300,New Haven PD,281,22:22.0,C,Closed,56:55.0,,,,,,,
886476,1,Complete,886476,886476,41.319575,-72.905509,3388574,New Haven,93,93,New Haven,5/21/2021,2021,5,May,21,6,Friday,16:05:00,16,21018814,A,"Injury of any type (Serious, Minor, Possible)",C,Possible Injury (C),2,0,0,4,Local,0.26,666,WILLOW ST,WILLOW ST,,MITCHELL DRIVE,230,Feet,E,41.319575,-72.905509,14,Motor Vehicle in Operation,1,Front to rear,1,On Roadway,1,Clear,88,Not Applicable,1,Daylight,1,Dry,0,None,88,Not Applicable,88,Not Applicable,0,None,88,Not Applicable,88,Not Applicable,3,Intersection-Related,3,T-Intersection,1,No,1,No,88,Not Applicable,88,Not Applicable,88,Not Applicable,88,Not Applicable,TRUE,1,Public Road,1,"Trafficway, On Road",CT0009300,New Haven PD,42052,35:16.0,C,Closed,56:57.0,,,,,,,
886477,1,Complete,886477,886477,41.31532,-72.947086,3388575,New Haven,93,93,New Haven,5/21/2021,2021,5,May,21,6,Friday,16:30:00,16,21018819,A,"Injury of any type (Serious, Minor, Possible)",C,Possible Injury (C),3,0,1,4,Local,0.21,393,MAPLE ST,MAPLE ST,NORTON ST,,,,,41.31532,-72.947086,14,Motor Vehicle in Operation,3,Angle,1,On Roadway,1,Clear,88,Not Applicable,1,Daylight,1,Dry,0,None,88,Not Applicable,88,Not Applicable,0,None,88,Not Applicable,88,Not Applicable,2,Intersection,2,Four-Way Intersection,1,No,1,No,88,Not Applicable,88,Not Applicable,88,Not Applicable,88,Not Applicable,FALSE,1,Public Road,1,"Trafficway, On Road",CT0009300,New Haven PD,40821,23:03.0,C,Closed,56:56.0,,,,,,,
886480,1,Complete,886480,886480,41.313934,-72.912381,3388578,New Haven,93,93,New Haven,5/21/2021,2021,5,May,21,6,Friday,19:55:00,19,21018859,A,"Injury of any type (Serious, Minor, Possible)",C,Possible Injury (C),2,0,0,4,Local,0.49,575,STATE ST,STATE ST,,HUMPHREY ST,100,Feet,S,41.313934,-72.912381,14,Motor Vehicle in Operation,1,Front to rear,1,On Roadway,1,Clear,88,Not Applicable,1,Daylight,1,Dry,0,None,88,Not Applicable,88,Not Applicable,0,None,88,Not Applicable,88,Not Applicable,1,Non-Junction,1,Not at Intersection,1,No,1,No,88,Not Applicable,88,Not Applicable,88,Not Applicable,88,Not Applicable,TRUE,1,Public Road,1,"Trafficway, On Road",CT0009300,New Haven PD,800,02:14.0,C,Closed,56:56.0,,,,,,,
886483,1,Complete,886483,886483,41.32785,-72.95022,3388581,New Haven,93,93,New Haven,5/21/2021,2021,5,May,21,6,Friday,21:26:00,21,21018872,A,"Injury of any type (Serious, Minor, Possible)",C,Possible Injury (C),2,0,0,4,Local,0.21,149,DIAMOND ST,DIAMOND ST,DYER ST,,,,,41.32785,-72.95022,14,Motor Vehicle in Operation,3,Angle,1,On Roadway,1,Clear,88,Not Applicable,6,Dark-Unknown Lighting,1,Dry,0,None,88,Not Applicable,88,Not Applicable,0,None,88,Not Applicable,88,Not Applicable,2,Intersection,2,Four-Way Intersection,1,No,1,No,88,Not Applicable,88,Not Applicable,88,Not Applicable,88,Not Applicable,FALSE,1,Public Road,1,"Trafficway, On Road",CT0009300,New Haven PD,40821,41:49.0,C,Closed,56:59.0,,,,,,,
886484,1,Complete,886484,886484,41.332521,-72.97515,3388582,New Haven,93,93,New Haven,5/21/2021,2021,5,May,21,6,Friday,21:13:00,21,21018883,A,"Injury of any type (Serious, Minor, Possible)",C,Possible Injury (C),2,0,0,3,State,1.12,63,63-N,63-N,EAST RAMSDELL ST,,,,,41.332521,-72.97515,14,Motor Vehicle in Operation,3,Angle,1,On Roadway,1,Clear,88,Not Applicable,5,Dark-Not Lighted,1,Dry,0,None,88,Not Applicable,88,Not Applicable,0,None,88,Not Applicable,88,Not Applicable,2,Intersection,2,Four-Way Intersection,1,No,1,No,88,Not Applicable,88,Not Applicable,88,Not Applicable,88,Not Applicable,FALSE,1,Public Road,1,"Trafficway, On Road",CT0009300,New Haven PD,402,18:55.0,C,Closed,57:35.0,,4,22900,3,PRINCIPAL ARTERIAL - OTHER - NEW HPMS,2,Urban
886485,1,Complete,886485,886485,41.311698,-72.899885,3388583,New Haven,93,93,New Haven,5/22/2021,2021,5,May,22,7,Saturday,3:23:00,3,21018913,A,"Injury of any type (Serious, Minor, Possible)",C,Possible Injury (C),3,0,0,4,Local,0.6,57,BLATCHLEY AV,BLATCHLEY AV,PINE ST NO 1,,,,,41.311698,-72.899885,14,Motor Vehicle in Operation,3,Angle,1,On Roadway,1,Clear,88,Not Applicable,4,Dark-Lighted,1,Dry,0,None,88,Not Applicable,88,Not Applicable,0,None,88,Not Applicable,88,Not Applicable,2,Intersection,2,Four-Way Intersection,1,No,1,No,88,Not Applicable,88,Not Applicable,88,Not Applicable,88,Not Applicable,FALSE,1,Public Road,1,"Trafficway, On Road",CT0009300,New Haven PD,40805,56:51.0,C,Closed,57:28.0,,,,,,,
886487,1,Complete,886487,886487,41.302221,-72.928707,3388585,New Haven,93,93,New Haven,5/22/2021,2021,5,May,22,7,Saturday,5:00:00,5,21018919,A,"Injury of any type (Serious, Minor, Possible)",C,Possible Injury (C),2,0,0,4,Local,0.25,104,CHURCH ST SOUTH NO 1,CHURCH ST SOUTH NO 1,SOUTH FRONTAGE RD,,,,,41.302221,-72.928707,14,Motor Vehicle in Operation,3,Angle,1,On Roadway,1,Clear,88,Not Applicable,1,Daylight,1,Dry,0,None,88,Not Applicable,88,Not Applicable,0,None,88,Not Applicable,88,Not Applicable,2,Intersection,2,Four-Way Intersection,1,No,1,No,88,Not Applicable,88,Not Applicable,88,Not Applicable,88,Not Applicable,FALSE,1,Public Road,1,"Trafficway, On Road",CT0009300,New Haven PD,40955,48:55.0,C,Closed,57:01.0,,,,,,,
886491,1,Complete,886491,886491,41.28965,-72.89653,3388589,New Haven,93,93,New Haven,5/22/2021,2021,5,May,22,7,Saturday,15:59:00,15,21018951,A,"Injury of any type (Serious, Minor, Possible)",A,Suspected Serious Injury (A),2,0,0,1,Interstate,0.25,95,95-N-346,95-N-346,921-W,,,,,41.28965,-72.89653,14,Motor Vehicle in Operation,97,Other,1,On Roadway,1,Clear,88,Not Applicable,1,Daylight,1,Dry,0,None,88,Not Applicable,88,Not Applicable,0,None,88,Not Applicable,88,Not Applicable,2,Intersection,3,T-Intersection,1,No,1,No,88,Not Applicable,88,Not Applicable,88,Not Applicable,88,Not Applicable,FALSE,1,Public Road,1,"Trafficway, On Road",CT0009300,New Haven PD,279,49:03.0,O,Open,57:08.0,,2,9700,1,INTERSTATE - NEW HPMS,2,Urban
886492,1,Complete,886492,886492,41.3209377,-72.9423586,3388590,New Haven,93,93,New Haven,5/22/2021,2021,5,May,22,7,Saturday,16:30:00,16,21018954,A,"Injury of any type (Serious, Minor, Possible)",C,Possible Injury (C),2,0,0,4,Local,0.48,258,GOFFE TER,GOFFE TER,WINTHROP AV NO 2,,,,,41.3209377,-72.9423586,14,Motor Vehicle in Operation,3,Angle,1,On Roadway,1,Clear,88,Not Applicable,1,Daylight,1,Dry,99,Unknown,88,Not Applicable,88,Not Applicable,0,None,88,Not Applicable,88,Not Applicable,2,Intersection,2,Four-Way Intersection,1,No,1,No,88,Not Applicable,88,Not Applicable,88,Not Applicable,88,Not Applicable,FALSE,1,Public Road,1,"Trafficway, On Road",CT0009300,New Haven PD,11439,23:59.0,C,Closed,57:05.0,,,,,,,
886499,1,Complete,886499,886499,41.30855033,-72.90195382,921091,New Haven,93,93,New Haven,5/22/2021,2021,5,May,22,7,Saturday,21:51:00,21,21018995,K,Fatal (Kill),K,Fatal Injury (K),1,1,0,4,Local,0.85,,GRAND AV,GRAND AVE,,MALBY PL,25,Feet,E,41.30855033,-72.90195382,9,Pedestrian,88,Not Applicable,1,On Roadway,1,Clear,88,Not Applicable,4,Dark-Lighted,1,Dry,0,None,88,Not Applicable,88,Not Applicable,0,None,88,Not Applicable,88,Not Applicable,3,Intersection-Related,3,T-Intersection,1,No,1,No,88,Not Applicable,88,Not Applicable,88,Not Applicable,88,Not Applicable,FALSE,1,Public Road,1,"Trafficway, On Road",CT0009300,New Haven PD,971,27:12.0,O,Open,57:05.0,21018995,2,14400,4,MINOR ARTERIAL - NEW HPMS,2,Urban
886500,1,Complete,886500,886500,41.305336,-72.93099,3388598,New Haven,93,93,New Haven,5/22/2021,2021,5,May,22,7,Saturday,23:15:00,23,21019000,A,"Injury of any type (Serious, Minor, Possible)",A,Suspected Serious Injury (A),2,0,1,4,Local,1.07,248,GEORGE ST,GEORGE ST,,COLLEGE ST,200,Feet,W,41.305336,-72.93099,14,Motor Vehicle in Operation,1,Front to rear,1,On Roadway,1,Clear,88,Not Applicable,4,Dark-Lighted,1,Dry,0,None,88,Not Applicable,88,Not Applicable,0,None,88,Not Applicable,88,Not Applicable,1,Non-Junction,1,Not at Intersection,1,No,1,No,88,Not Applicable,88,Not Applicable,88,Not Applicable,88,Not Applicable,FALSE,1,Public Road,1,"Trafficway, On Road",CT0009300,New Haven PD,40790,51:08.0,C,Closed,57:06.0,,,,,,,
886502,1,Complete,886502,886502,41.32455,-72.916553,3388600,New Haven,93,93,New Haven,5/26/2021,2021,5,May,26,4,Wednesday,0:38:00,0,21019014,A,"Injury of any type (Serious, Minor, Possible)",C,Possible Injury (C),2,0,0,4,Local,1.04,656,WHITNEY AV,WHITNEY AV,CANNER ST,,,,,41.32455,-72.916553,14,Motor Vehicle in Operation,1,Front to rear,1,On Roadway,1,Clear,88,Not Applicable,4,Dark-Lighted,1,Dry,0,None,88,Not Applicable,88,Not Applicable,0,None,88,Not Applicable,88,Not Applicable,2,Intersection,2,Four-Way Intersection,1,No,1,No,88,Not Applicable,88,Not Applicable,88,Not Applicable,88,Not Applicable,FALSE,1,Public Road,1,"Trafficway, On Road",CT0009300,New Haven PD,104,43:58.0,C,Closed,08:52.0,,,,,,,
886504,1,Complete,886504,886504,41.327474,-72.960457,3388602,New Haven,93,93,New Haven,5/23/2021,2021,5,May,23,1,Sunday,2:41:00,2,21019017,A,"Injury of any type (Serious, Minor, Possible)",C,Possible Injury (C),2,0,1,3,State,0.25,63,63-N,63-N,BLAKE ST,,,,,41.327474,-72.960457,38,"Other Post, Pole or Support",97,Other,1,On Roadway,1,Clear,88,Not Applicable,4,Dark-Lighted,1,Dry,99,Unknown,88,Not Applicable,88,Not Applicable,0,None,88,Not Applicable,88,Not Applicable,2,Intersection,3,T-Intersection,1,No,1,No,88,Not Applicable,88,Not Applicable,88,Not Applicable,88,Not Applicable,FALSE,1,Public Road,1,"Trafficway, On Road",CT0009300,New Haven PD,160,39:43.0,C,Closed,57:12.0,,2,15400,3,PRINCIPAL ARTERIAL - OTHER - NEW HPMS,2,Urban
886505,1,Complete,886505,886505,41.312966,-72.932514,3388603,New Haven,93,93,New Haven,5/23/2021,2021,5,May,23,1,Sunday,3:33:00,3,21019020,A,"Injury of any type (Serious, Minor, Possible)",A,Suspected Serious Injury (A),1,0,0,4,Local,0.23,596,TOWER PKWY,TOWER PKWY,GOFFE ST,,,,,41.312966,-72.932514,30,Concrete Traffic Barrier,88,Not Applicable,1,On Roadway,1,Clear,88,Not Applicable,4,Dark-Lighted,1,Dry,0,None,88,Not Applicable,88,Not Applicable,0,None,88,Not Applicable,88,Not Applicable,2,Intersection,6,Traffic Circle,1,No,1,No,88,Not Applicable,88,Not Applicable,88,Not Applicable,88,Not Applicable,FALSE,1,Public Road,1,"Trafficway, On Road",CT0009300,New Haven PD,40790,10:04.0,C,Closed,57:12.0,,2,9600,3,PRINCIPAL ARTERIAL - OTHER - NEW HPMS,2,Urban
886506,1,Complete,886506,886506,41.30557,-72.9525,3388604,New Haven,93,93,New Haven,5/23/2021,2021,5,May,23,1,Sunday,5:24:00,5,21019024,A,"Injury of any type (Serious, Minor, Possible)",B,Suspected Minor Injury (B),1,0,0,3,State,2.05,10,10-N,10-N,LEGION AV-RT 34,,,,,41.30557,-72.9525,38,"Other Post, Pole or Support",88,Not Applicable,1,On Roadway,1,Clear,88,Not Applicable,1,Daylight,1,Dry,99,Unknown,88,Not Applicable,88,Not Applicable,0,None,88,Not Applicable,88,Not Applicable,2,Intersection,3,T-Intersection,1,No,1,No,88,Not Applicable,88,Not Applicable,88,Not Applicable,88,Not Applicable,FALSE,1,Public Road,2,"Trafficway, Not on Road",CT0009300,New Haven PD,88,09:30.0,C,Closed,57:07.0,,4,24400,3,PRINCIPAL ARTERIAL - OTHER - NEW HPMS,2,Urban
886512,1,Complete,886512,886512,41.314682,-72.939604,3388610,New Haven,93,93,New Haven,5/23/2021,2021,5,May,23,1,Sunday,15:43:00,15,21019071,A,"Injury of any type (Serious, Minor, Possible)",C,Possible Injury (C),2,0,0,4,Local,0.95,453,ORCHARD ST,ORCHARD ST,,ELM ST,200,Feet,N,41.314682,-72.939604,14,Motor Vehicle in Operation,3,Angle,1,On Roadway,1,Clear,88,Not Applicable,1,Daylight,1,Dry,0,None,88,Not Applicable,88,Not Applicable,0,None,88,Not Applicable,88,Not Applicable,2,Intersection,3,T-Intersection,1,No,1,No,88,Not Applicable,88,Not Applicable,88,Not Applicable,88,Not Applicable,FALSE,1,Public Road,1,"Trafficway, On Road",CT0009300,New Haven PD,7,00:33.0,C,Closed,57:10.0,,,,,,,
886513,1,Complete,886513,886513,41.307363,-72.896804,3388611,New Haven,93,93,New Haven,5/23/2021,2021,5,May,23,1,Sunday,13:44:00,13,21019073,A,"Injury of any type (Serious, Minor, Possible)",C,Possible Injury (C),2,0,0,4,Local,0.38,487,POPLAR ST,POPLAR ST,EXCHANGE ST,,,,,41.307363,-72.896804,14,Motor Vehicle in Operation,3,Angle,1,On Roadway,1,Clear,88,Not Applicable,1,Daylight,1,Dry,0,None,88,Not Applicable,88,Not Applicable,0,None,88,Not Applicable,88,Not Applicable,2,Intersection,2,Four-Way Intersection,1,No,1,No,88,Not Applicable,88,Not Applicable,88,Not Applicable,88,Not Applicable,FALSE,1,Public Road,1,"Trafficway, On Road",CT0009300,New Haven PD,83,59:06.0,C,Closed,57:10.0,,,,,,,
886521,1,Complete,886521,886521,41.2941838,-72.8943513,3388619,New Haven,93,93,New Haven,5/24/2021,2021,5,May,24,2,Monday,0:27:00,0,21019129,A,"Injury of any type (Serious, Minor, Possible)",B,Suspected Minor Injury (B),1,0,0,4,Local,0.15,95,CHAMBERLAIN ST,CHAMBERLAIN ST,,FAIRMONT AVENUE,300,Feet,W,41.2941838,-72.8943513,18,Other Non-Fixed Object,88,Not Applicable,1,On Roadway,1,Clear,88,Not Applicable,4,Dark-Lighted,1,Dry,0,None,88,Not Applicable,88,Not Applicable,0,None,88,Not Applicable,88,Not Applicable,1,Non-Junction,1,Not at Intersection,1,No,1,No,88,Not Applicable,88,Not Applicable,88,Not Applicable,88,Not Applicable,FALSE,1,Public Road,1,"Trafficway, On Road",CT0009300,New Haven PD,370,04:54.0,C,Closed,57:18.0,,2,654,7,LOCAL - NEW HPMS,2,Urban
886524,1,Complete,886524,886524,41.308799,-72.925648,3388622,New Haven,93,93,New Haven,5/24/2021,2021,5,May,24,2,Monday,16:42:00,16,21019224,A,"Injury of any type (Serious, Minor, Possible)",C,Possible Injury (C),2,0,0,4,Local,0.48,726,ELM ST NO 2,ELM ST NO 2,TEMPLE ST,,,,,41.308799,-72.925648,14,Motor Vehicle in Operation,1,Front to rear,1,On Roadway,1,Clear,88,Not Applicable,1,Daylight,1,Dry,0,None,88,Not Applicable,88,Not Applicable,0,None,88,Not Applicable,88,Not Applicable,2,Intersection,2,Four-Way Intersection,1,No,1,No,88,Not Applicable,88,Not Applicable,88,Not Applicable,88,Not Applicable,FALSE,1,Public Road,1,"Trafficway, On Road",CT0009300,New Haven PD,42042,58:17.0,C,Closed,57:16.0,,,,,,,
886533,1,Complete,886533,886533,41.297662,-72.934267,3388631,New Haven,93,93,New Haven,5/25/2021,2021,5,May,25,3,Tuesday,5:06:00,5,21019309,A,"Injury of any type (Serious, Minor, Possible)",C,Possible Injury (C),2,0,0,4,Local,0.62,308,HOWARD AV,HOWARD AV,,1-N,50,Feet,S,41.297662,-72.934267,14,Motor Vehicle in Operation,1,Front to rear,1,On Roadway,1,Clear,88,Not Applicable,1,Daylight,1,Dry,0,None,88,Not Applicable,88,Not Applicable,0,None,88,Not Applicable,88,Not Applicable,1,Non-Junction,1,Not at Intersection,1,No,1,No,88,Not Applicable,88,Not Applicable,88,Not Applicable,88,Not Applicable,FALSE,1,Public Road,1,"Trafficway, On Road",CT0009300,New Haven PD,40821,14:59.0,C,Closed,57:20.0,,,,,,,
886535,1,Complete,886535,886535,41.334297,-72.935226,3388633,New Haven,93,93,New Haven,5/25/2021,2021,5,May,25,3,Tuesday,12:54:00,12,21019350,A,"Injury of any type (Serious, Minor, Possible)",C,Possible Injury (C),2,0,0,4,Local,1.51,152,DIXWELL AV,DIXWELL AV,POND ST,,,,,41.334297,-72.935226,14,Motor Vehicle in Operation,1,Front to rear,1,On Roadway,1,Clear,88,Not Applicable,1,Daylight,1,Dry,0,None,88,Not Applicable,88,Not Applicable,0,None,88,Not Applicable,88,Not Applicable,2,Intersection,3,T-Intersection,1,No,1,No,88,Not Applicable,88,Not Applicable,88,Not Applicable,88,Not Applicable,FALSE,1,Public Road,1,"Trafficway, On Road",CT0009300,New Haven PD,2,04:53.0,C,Closed,57:24.0,,2,15300,3,PRINCIPAL ARTERIAL - OTHER - NEW HPMS,2,Urban
886548,1,Complete,886548,886548,41.31951,-72.967227,3388646,New Haven,93,93,New Haven,5/25/2021,2021,5,May,25,3,Tuesday,18:07:00,18,21019406,A,"Injury of any type (Serious, Minor, Possible)",B,Suspected Minor Injury (B),2,0,0,4,Local,0.16,179,EDGEWOOD AV,EDGEWOOD AV,MCKINLEY AV,,,,,41.31951,-72.967227,14,Motor Vehicle in Operation,3,Angle,1,On Roadway,1,Clear,88,Not Applicable,1,Daylight,1,Dry,0,None,88,Not Applicable,88,Not Applicable,0,None,88,Not Applicable,88,Not Applicable,2,Intersection,2,Four-Way Intersection,1,No,1,No,88,Not Applicable,88,Not Applicable,88,Not Applicable,88,Not Applicable,FALSE,1,Public Road,1,"Trafficway, On Road",CT0009300,New Haven PD,268,50:00.0,C,Closed,57:34.0,,,,,,,
886550,1,Complete,886550,886550,41.331192,-72.973124,3388648,New Haven,93,93,New Haven,5/25/2021,2021,5,May,25,3,Tuesday,18:15:00,18,21019411,A,"Injury of any type (Serious, Minor, Possible)",C,Possible Injury (C),2,0,1,3,State,0.99,63,63-N,63-N,,DAVIS ST,85,Feet,W,41.331192,-72.973124,14,Motor Vehicle in Operation,3,Angle,1,On Roadway,1,Clear,88,Not Applicable,1,Daylight,1,Dry,0,None,88,Not Applicable,88,Not Applicable,0,None,88,Not Applicable,88,Not Applicable,1,Non-Junction,1,Not at Intersection,1,No,1,No,88,Not Applicable,88,Not Applicable,88,Not Applicable,88,Not Applicable,FALSE,1,Public Road,1,"Trafficway, On Road",CT0009300,New Haven PD,42045,37:20.0,C,Closed,57:20.0,,4,22900,3,PRINCIPAL ARTERIAL - OTHER - NEW HPMS,2,Urban
886553,1,Complete,886553,886553,41.308021,-72.953091,3388651,New Haven,93,93,New Haven,5/25/2021,2021,5,May,25,3,Tuesday,19:04:00,19,21019420,A,"Injury of any type (Serious, Minor, Possible)",C,Possible Injury (C),2,0,0,3,State,2.24,10,10-N,10-N,JUDSON AV,,,,,41.308021,-72.953091,14,Motor Vehicle in Operation,1,Front to rear,1,On Roadway,1,Clear,88,Not Applicable,1,Daylight,1,Dry,0,None,88,Not Applicable,88,Not Applicable,0,None,88,Not Applicable,88,Not Applicable,2,Intersection,3,T-Intersection,1,No,1,No,88,Not Applicable,88,Not Applicable,88,Not Applicable,88,Not Applicable,FALSE,1,Public Road,1,"Trafficway, On Road",CT0009300,New Haven PD,40951,14:35.0,C,Closed,57:21.0,,4,33100,3,PRINCIPAL ARTERIAL - OTHER - NEW HPMS,2,Urban
886554,1,Complete,886554,886554,41.325566,-72.957703,3388652,New Haven,93,93,New Haven,5/25/2021,2021,5,May,25,3,Tuesday,21:09:00,21,21019435,A,"Injury of any type (Serious, Minor, Possible)",B,Suspected Minor Injury (B),2,0,1,3,State,0.06,63,63-N,63-N,,W ROCK AVE,100,Feet,E,41.325566,-72.957703,14,Motor Vehicle in Operation,97,Other,1,On Roadway,1,Clear,88,Not Applicable,4,Dark-Lighted,1,Dry,0,None,88,Not Applicable,88,Not Applicable,0,None,88,Not Applicable,88,Not Applicable,1,Non-Junction,1,Not at Intersection,1,No,1,No,88,Not Applicable,88,Not Applicable,88,Not Applicable,88,Not Applicable,FALSE,1,Public Road,1,"Trafficway, On Road",CT0009300,New Haven PD,243,43:01.0,C,Closed,57:27.0,,5,23100,3,PRINCIPAL ARTERIAL - OTHER - NEW HPMS,2,Urban
886555,1,Complete,886555,886555,41.3255498,-72.9277195,3388653,New Haven,93,93,New Haven,5/26/2021,2021,5,May,26,4,Wednesday,4:48:00,4,21019461,A,"Injury of any type (Serious, Minor, Possible)",B,Suspected Minor Injury (B),2,0,0,4,Local,0.68,669,WINCHESTER AV,WINCHESTER AV,DIVISION ST,,,,,41.3255498,-72.9277195,14,Motor Vehicle in Operation,3,Angle,1,On Roadway,1,Clear,88,Not Applicable,2,Dawn,1,Dry,0,None,88,Not Applicable,88,Not Applicable,0,None,88,Not Applicable,88,Not Applicable,2,Intersection,2,Four-Way Intersection,1,No,1,No,88,Not Applicable,88,Not Applicable,88,Not Applicable,88,Not Applicable,FALSE,1,Public Road,1,"Trafficway, On Road",CT0009300,New Haven PD,40812,01:21.0,C,Closed,57:22.0,,,,,,,
886560,1,Complete,886560,886560,41.327843,-72.960849,3388658,New Haven,93,93,New Haven,5/26/2021,2021,5,May,26,4,Wednesday,13:03:00,13,21019525,A,"Injury of any type (Serious, Minor, Possible)",C,Possible Injury (C),2,0,0,3,State,0.27,63,63-N,63-N,PHILIP ST,,,,,41.327843,-72.960849,14,Motor Vehicle in Operation,1,Front to rear,1,On Roadway,1,Clear,88,Not Applicable,1,Daylight,1,Dry,0,None,88,Not Applicable,88,Not Applicable,0,None,88,Not Applicable,88,Not Applicable,2,Intersection,3,T-Intersection,1,No,1,No,88,Not Applicable,88,Not Applicable,88,Not Applicable,88,Not Applicable,FALSE,1,Public Road,1,"Trafficway, On Road",CT0009300,New Haven PD,40953,56:49.0,C,Closed,57:24.0,,2,20300,3,PRINCIPAL ARTERIAL - OTHER - NEW HPMS,2,Urban