CrashId,Fatal Case Status,Fatal Case Status Text Format,CrashId,CrashId,Latitude,Longitude,DOT Case Number,Town Name,Town Number,Town Number,Town Number Text Format,Date Of Crash,Year,Month,Month Text Format,Day,Day of the Week,Day of the Week Text Format,Time of Crash,Hour of the Day,Case Identifier,Crash Severity,Crash Severity Text Format,Most Severe Injury,Most Severe Injury Text Format,Number Of Motor Vehicles,Number Of Non-Motorist,Number Of Witnesses,Route Class,Route Class Text Format,Milemarker,Road Number,Road Description,Roadway Name,Intersecting Roadway Name,Landmark Description,Distance From Nearest Landmark,Unit Of Measure From Nearest Landmark,Direction From Nearest Landmark,Latitude,Longitude,First Harmful Event,First Harmful Event Text Format,Manner of Crash / Collision Impact,Manner of Crash / Collision Impact Text Format,Location of First Harmful Event,Location of First Harmful Event Text Format,Weather Condition,Weather Condition Text Format,Weather 2,Weather 2 Text Format,Light Condition,Light Condition Text Format,Road Surface Condition,Road Surface Condition Text Format,"Contributing Circumstances, Environment","Contributing Circumstances, Environment Text Format",Environment 2,Environment 2 Text Format,Environment 3,Environment 3 Text Format,"Contributing Circumstances, Road","Contributing Circumstances, Road Text Format",Road 2,Road 2 Text Format,Road 3,Road 3 Text Format,Crash Specific Location,Crash Specific Location Text Format,Type of Intersection,Type of Intersection Text Format,School Bus Related,School Bus Related Text Format,Work Zone Related,Work Zone Related Text Format,Location Of Crash Relative To Work Zone,Location Of Crash Relative To Work Zone Text Format,Type of Work Zone,Type of Work Zone Text Format,Worker Presence,Worker Presence Text Format,Law Enforcement Presence,Law Enforcement Presence Text Format,Were Vehicles Moved Prior To Police Arrival,Trafficway Ownership,Trafficway Ownership Text Format,Trafficway Class,Trafficway Class Text Format,Police Agency,Police Agency Text Format,Badge Number,Approval Date,Police Case Status,Police Case Status Text Format,Crash Report Submission Date,Related Case Identifiers,No. of Through Lanes (Log Dir.),Average Daily Traffic,Functional Classification,Functional Classification Text Format,Rural or Urban,Rural or Urban Text Format
886563,1,Complete,886563,886563,41.291155,-72.941213,3388661,New Haven,93,93,New Haven,5/26/2021,2021,5,May,26,4,Wednesday,12:57:00,12,21019533,A,"Injury of any type (Serious, Minor, Possible)",C,Possible Injury (C),3,0,0,3,State,0.88,10,10-N,10-N,WASHINGTON AV NO 1,,,,,41.291155,-72.941213,14,Motor Vehicle in Operation,1,Front to rear,1,On Roadway,1,Clear,88,Not Applicable,1,Daylight,1,Dry,0,None,88,Not Applicable,88,Not Applicable,0,None,88,Not Applicable,88,Not Applicable,2,Intersection,2,Four-Way Intersection,1,No,1,No,88,Not Applicable,88,Not Applicable,88,Not Applicable,88,Not Applicable,TRUE,1,Public Road,1,"Trafficway, On Road",CT0009300,New Haven PD,313,13:12.0,O,Open,57:43.0,,4,20200,3,PRINCIPAL ARTERIAL - OTHER - NEW HPMS,2,Urban
886565,1,Complete,886565,886565,41.311762,-72.915795,3388663,New Haven,93,93,New Haven,5/26/2021,2021,5,May,26,4,Wednesday,19:08:00,19,21019575,A,"Injury of any type (Serious, Minor, Possible)",C,Possible Injury (C),2,0,0,4,Local,0.72,575,STATE ST,STATE ST,,BRADLEY ST,125,Feet,N,41.311762,-72.915795,14,Motor Vehicle in Operation,1,Front to rear,1,On Roadway,1,Clear,88,Not Applicable,1,Daylight,1,Dry,0,None,88,Not Applicable,88,Not Applicable,0,None,88,Not Applicable,88,Not Applicable,1,Non-Junction,1,Not at Intersection,1,No,1,No,88,Not Applicable,88,Not Applicable,88,Not Applicable,88,Not Applicable,TRUE,1,Public Road,1,"Trafficway, On Road",CT0009300,New Haven PD,30,29:21.0,C,Closed,57:30.0,NONE,,,,,,
886566,1,Complete,886566,886566,41.33245,-72.93527,3388664,New Haven,93,93,New Haven,5/26/2021,2021,5,May,26,4,Wednesday,20:04:00,20,21019583,A,"Injury of any type (Serious, Minor, Possible)",B,Suspected Minor Injury (B),2,0,1,4,Local,1.38,152,DIXWELL AV,DIXWELL AV,BASSETT ST,,,,,41.33245,-72.93527,14,Motor Vehicle in Operation,3,Angle,1,On Roadway,1,Clear,88,Not Applicable,1,Daylight,1,Dry,0,None,88,Not Applicable,88,Not Applicable,0,None,88,Not Applicable,88,Not Applicable,2,Intersection,2,Four-Way Intersection,1,No,1,No,88,Not Applicable,88,Not Applicable,88,Not Applicable,88,Not Applicable,FALSE,1,Public Road,1,"Trafficway, On Road",CT0009300,New Haven PD,42050,55:50.0,C,Closed,58:34.0,,,,,,,
886573,1,Complete,886573,886573,41.315571,-72.893795,3388671,New Haven,93,93,New Haven,5/27/2021,2021,5,May,27,5,Thursday,8:45:00,8,21019616,A,"Injury of any type (Serious, Minor, Possible)",C,Possible Injury (C),2,0,0,4,Local,0.54,379,LOMBARD ST,LOMBARD ST,ATWATER ST,,,,,41.315571,-72.893795,14,Motor Vehicle in Operation,3,Angle,1,On Roadway,1,Clear,88,Not Applicable,1,Daylight,1,Dry,0,None,88,Not Applicable,88,Not Applicable,0,None,88,Not Applicable,88,Not Applicable,2,Intersection,2,Four-Way Intersection,1,No,1,No,88,Not Applicable,88,Not Applicable,88,Not Applicable,88,Not Applicable,TRUE,1,Public Road,1,"Trafficway, On Road",CT0009300,New Haven PD,263,58:48.0,C,Closed,57:31.0,,,,,,,
886579,1,Complete,886579,886579,41.29381,-72.944827,3388677,New Haven,93,93,New Haven,5/27/2021,2021,5,May,27,5,Thursday,10:03:00,10,21019627,A,"Injury of any type (Serious, Minor, Possible)",A,Suspected Serious Injury (A),1,1,0,3,State,1.14,10,10-N,10-N,,ADELINE ST,340,Feet,N,41.29381,-72.944827,14,Motor Vehicle in Operation,1,Front to rear,1,On Roadway,1,Clear,88,Not Applicable,1,Daylight,1,Dry,0,None,88,Not Applicable,88,Not Applicable,0,None,88,Not Applicable,88,Not Applicable,1,Non-Junction,1,Not at Intersection,1,No,1,No,88,Not Applicable,88,Not Applicable,88,Not Applicable,88,Not Applicable,FALSE,1,Public Road,1,"Trafficway, On Road",CT0009300,New Haven PD,281,24:37.0,C,Closed,57:39.0,,4,20200,3,PRINCIPAL ARTERIAL - OTHER - NEW HPMS,2,Urban
886586,1,Complete,886586,886586,41.2974898,-72.9143263,3388684,New Haven,93,93,New Haven,5/27/2021,2021,5,May,27,5,Thursday,16:20:00,16,21019674,A,"Injury of any type (Serious, Minor, Possible)",A,Suspected Serious Injury (A),2,0,2,4,Local,1,513,LONG WHARF DR,LONG WHARF DR,,HAMILTON ST,300,Feet,W,41.2974898,-72.9143263,14,Motor Vehicle in Operation,3,Angle,1,On Roadway,1,Clear,88,Not Applicable,1,Daylight,1,Dry,0,None,88,Not Applicable,88,Not Applicable,0,None,88,Not Applicable,88,Not Applicable,8,Driveway Access,1,Not at Intersection,1,No,1,No,88,Not Applicable,88,Not Applicable,88,Not Applicable,88,Not Applicable,FALSE,1,Public Road,1,"Trafficway, On Road",CT0009300,New Haven PD,42053,20:31.0,C,Closed,57:42.0,,4,9100,4,MINOR ARTERIAL - NEW HPMS,2,Urban
886587,1,Complete,886587,886587,41.302845,-72.937367,3388685,New Haven,93,93,New Haven,5/27/2021,2021,5,May,27,5,Thursday,16:06:00,16,21019679,A,"Injury of any type (Serious, Minor, Possible)",C,Possible Injury (C),2,0,0,4,Local,0.66,141,DAVENPORT AV,DAVENPORT AV,VERNON ST,,,,,41.302845,-72.937367,14,Motor Vehicle in Operation,3,Angle,1,On Roadway,1,Clear,88,Not Applicable,1,Daylight,1,Dry,0,None,88,Not Applicable,88,Not Applicable,0,None,88,Not Applicable,88,Not Applicable,3,Intersection-Related,2,Four-Way Intersection,1,No,1,No,88,Not Applicable,88,Not Applicable,88,Not Applicable,88,Not Applicable,FALSE,1,Public Road,1,"Trafficway, On Road",CT0009300,New Haven PD,40814,25:56.0,C,Closed,57:34.0,,,,,,,
886592,1,Complete,886592,886592,41.316245,-72.895589,3388690,New Haven,93,93,New Haven,5/28/2021,2021,5,May,28,6,Friday,4:22:00,4,21019741,A,"Injury of any type (Serious, Minor, Possible)",C,Possible Injury (C),4,0,0,4,Local,0.27,531,ROWE ST,ROWE ST,,PECK ST,10,Feet,S,41.316245,-72.895589,14,Motor Vehicle in Operation,4,"Sideswipe, same direction",1,On Roadway,1,Clear,88,Not Applicable,4,Dark-Lighted,1,Dry,0,None,88,Not Applicable,88,Not Applicable,0,None,88,Not Applicable,88,Not Applicable,1,Non-Junction,1,Not at Intersection,1,No,1,No,88,Not Applicable,88,Not Applicable,88,Not Applicable,88,Not Applicable,FALSE,1,Public Road,1,"Trafficway, On Road",CT0009300,New Haven PD,105,10:02.0,C,Closed,57:38.0,,,,,,,
886598,1,Complete,886598,886598,41.317574,-72.937913,3388696,New Haven,93,93,New Haven,5/28/2021,2021,5,May,28,6,Friday,11:49:00,11,21019776,A,"Injury of any type (Serious, Minor, Possible)",C,Possible Injury (C),2,0,0,4,Local,1.17,453,ORCHARD ST,ORCHARD ST,,GOFFE ST,100,Feet,S,41.317574,-72.937913,14,Motor Vehicle in Operation,2,Front to front,1,On Roadway,1,Clear,88,Not Applicable,1,Daylight,1,Dry,0,None,88,Not Applicable,88,Not Applicable,0,None,88,Not Applicable,88,Not Applicable,1,Non-Junction,1,Not at Intersection,1,No,1,No,88,Not Applicable,88,Not Applicable,88,Not Applicable,88,Not Applicable,FALSE,1,Public Road,1,"Trafficway, On Road",CT0009300,New Haven PD,125,47:14.0,C,Closed,57:38.0,,,,,,,
886602,1,Complete,886602,886602,41.307359,-72.91925,3388700,New Haven,93,93,New Haven,5/28/2021,2021,5,May,28,6,Friday,14:49:00,14,21019803,A,"Injury of any type (Serious, Minor, Possible)",C,Possible Injury (C),2,0,3,4,Local,1.75,264,GRAND AV,GRAND AV,OLIVE ST,,,,,41.307359,-72.91925,14,Motor Vehicle in Operation,3,Angle,1,On Roadway,1,Clear,88,Not Applicable,1,Daylight,1,Dry,0,None,88,Not Applicable,88,Not Applicable,0,None,88,Not Applicable,88,Not Applicable,2,Intersection,2,Four-Way Intersection,1,No,1,No,88,Not Applicable,88,Not Applicable,88,Not Applicable,88,Not Applicable,FALSE,1,Public Road,1,"Trafficway, On Road",CT0009300,New Haven PD,106,45:51.0,C,Closed,57:44.0,,,,,,,
886603,1,Complete,886603,886603,41.304736,-72.922881,3388701,New Haven,93,93,New Haven,5/28/2021,2021,5,May,28,6,Friday,17:40:00,17,21019832,A,"Injury of any type (Serious, Minor, Possible)",C,Possible Injury (C),2,0,0,4,Local,1.34,575,STATE ST,STATE ST,CHAPEL ST,,,,,41.304736,-72.922881,14,Motor Vehicle in Operation,1,Front to rear,1,On Roadway,4,Rain,88,Not Applicable,1,Daylight,2,Wet,0,None,88,Not Applicable,88,Not Applicable,0,None,88,Not Applicable,88,Not Applicable,2,Intersection,2,Four-Way Intersection,1,No,1,No,88,Not Applicable,88,Not Applicable,88,Not Applicable,88,Not Applicable,FALSE,1,Public Road,1,"Trafficway, On Road",CT0009300,New Haven PD,243,32:21.0,C,Closed,57:42.0,,,,,,,
886604,1,Complete,886604,886604,41.33151,-72.935175,3388702,New Haven,93,93,New Haven,5/28/2021,2021,5,May,28,6,Friday,18:08:00,18,21019840,A,"Injury of any type (Serious, Minor, Possible)",B,Suspected Minor Injury (B),2,0,0,4,Local,1.31,152,DIXWELL AV,DIXWELL AV,BREWSTER ST,,,,,41.33151,-72.935175,14,Motor Vehicle in Operation,3,Angle,1,On Roadway,4,Rain,88,Not Applicable,3,Dusk,2,Wet,0,None,88,Not Applicable,88,Not Applicable,0,None,88,Not Applicable,88,Not Applicable,2,Intersection,2,Four-Way Intersection,1,No,1,No,88,Not Applicable,88,Not Applicable,88,Not Applicable,88,Not Applicable,FALSE,1,Public Road,1,"Trafficway, On Road",CT0009300,New Haven PD,40799,38:41.0,C,Closed,59:16.0,,,,,,,
886607,1,Complete,886607,886607,41.300826,-72.909538,3388705,New Haven,93,93,New Haven,5/28/2021,2021,5,May,28,6,Friday,21:49:00,21,21019857,A,"Injury of any type (Serious, Minor, Possible)",B,Suspected Minor Injury (B),1,0,0,2,USRoute,49.03,1,1-N,1-N,,EAST ST,300,Feet,E,41.300826,-72.909538,25,Curb,88,Not Applicable,2,Shoulder,4,Rain,88,Not Applicable,4,Dark-Lighted,2,Wet,1,Weather Conditions,88,Not Applicable,88,Not Applicable,5,"Road Surface Condition (wet, icy, snow, slush, etc.)",88,Not Applicable,88,Not Applicable,1,Non-Junction,1,Not at Intersection,1,No,1,No,88,Not Applicable,88,Not Applicable,88,Not Applicable,88,Not Applicable,FALSE,1,Public Road,1,"Trafficway, On Road",CT0009300,New Haven PD,220,16:43.0,C,Closed,58:27.0,,4,12400,3,PRINCIPAL ARTERIAL - OTHER - NEW HPMS,2,Urban
886611,1,Complete,886611,886611,41.32878,-72.96496,3388709,New Haven,93,93,New Haven,5/28/2021,2021,5,May,28,6,Friday,23:31:00,23,21019863,A,"Injury of any type (Serious, Minor, Possible)",C,Possible Injury (C),2,0,0,3,State,0.52,63,63-N,63-N,EMERSON ST NO 1,,,,,41.32878,-72.96496,14,Motor Vehicle in Operation,1,Front to rear,1,On Roadway,4,Rain,88,Not Applicable,4,Dark-Lighted,2,Wet,99,Unknown,88,Not Applicable,88,Not Applicable,99,Unknown,88,Not Applicable,88,Not Applicable,2,Intersection,2,Four-Way Intersection,1,No,1,No,88,Not Applicable,88,Not Applicable,88,Not Applicable,88,Not Applicable,FALSE,1,Public Road,1,"Trafficway, On Road",CT0009300,New Haven PD,160,43:32.0,C,Closed,57:42.0,,3,20300,3,PRINCIPAL ARTERIAL - OTHER - NEW HPMS,2,Urban
886619,1,Complete,886619,886619,41.28984,-72.892543,3388717,New Haven,93,93,New Haven,5/29/2021,2021,5,May,29,7,Saturday,13:41:00,13,21019893,A,"Injury of any type (Serious, Minor, Possible)",B,Suspected Minor Injury (B),2,0,0,2,USRoute,50.25,1,1-N,1-N,TOWNSEND AV,,,,,41.28984,-72.892543,14,Motor Vehicle in Operation,1,Front to rear,1,On Roadway,2,Cloudy,88,Not Applicable,1,Daylight,2,Wet,0,None,88,Not Applicable,88,Not Applicable,0,None,88,Not Applicable,88,Not Applicable,2,Intersection,3,T-Intersection,1,No,1,No,88,Not Applicable,88,Not Applicable,88,Not Applicable,88,Not Applicable,FALSE,1,Public Road,1,"Trafficway, On Road",CT0009300,New Haven PD,42365,09:50.0,C,Closed,57:51.0,,2,9100,3,PRINCIPAL ARTERIAL - OTHER - NEW HPMS,2,Urban
886624,1,Complete,886624,886624,41.312399,-72.944058,3388722,New Haven,93,93,New Haven,5/29/2021,2021,5,May,29,7,Saturday,17:43:00,17,21019918,A,"Injury of any type (Serious, Minor, Possible)",C,Possible Injury (C),3,0,0,4,Local,1.46,179,EDGEWOOD AV,EDGEWOOD AV,SHERMAN AV,,,,,41.312399,-72.944058,14,Motor Vehicle in Operation,3,Angle,1,On Roadway,4,Rain,88,Not Applicable,1,Daylight,2,Wet,1,Weather Conditions,88,Not Applicable,88,Not Applicable,0,None,88,Not Applicable,88,Not Applicable,2,Intersection,3,T-Intersection,1,No,1,No,88,Not Applicable,88,Not Applicable,88,Not Applicable,88,Not Applicable,FALSE,1,Public Road,1,"Trafficway, On Road",CT0009300,New Haven PD,40951,15:42.0,C,Closed,57:49.0,,,,,,,
886628,1,Complete,886628,886628,41.32283,-72.93524,3388726,New Haven,93,93,New Haven,5/30/2021,2021,5,May,30,1,Sunday,0:12:00,0,21019951,A,"Injury of any type (Serious, Minor, Possible)",C,Possible Injury (C),2,0,0,4,Local,1.55,453,ORCHARD ST,ORCHARD ST,MUNSON ST,,,,,41.32283,-72.93524,14,Motor Vehicle in Operation,1,Front to rear,1,On Roadway,1,Clear,88,Not Applicable,4,Dark-Lighted,1,Dry,0,None,88,Not Applicable,88,Not Applicable,0,None,88,Not Applicable,88,Not Applicable,2,Intersection,2,Four-Way Intersection,1,No,1,No,88,Not Applicable,88,Not Applicable,88,Not Applicable,88,Not Applicable,FALSE,1,Public Road,1,"Trafficway, On Road",CT0009300,New Haven PD,7,20:44.0,C,Closed,57:49.0,,,,,,,
886630,1,Complete,886630,886630,41.333011,-72.935213,3388728,New Haven,93,93,New Haven,5/30/2021,2021,5,May,30,1,Sunday,10:37:00,10,21019973,A,"Injury of any type (Serious, Minor, Possible)",C,Possible Injury (C),2,0,0,4,Local,1.42,152,DIXWELL AV,DIXWELL AV,,BASSETT ST,100,Feet,N,41.333011,-72.935213,14,Motor Vehicle in Operation,3,Angle,1,On Roadway,4,Rain,88,Not Applicable,1,Daylight,2,Wet,0,None,88,Not Applicable,88,Not Applicable,0,None,88,Not Applicable,88,Not Applicable,1,Non-Junction,1,Not at Intersection,1,No,1,No,88,Not Applicable,88,Not Applicable,88,Not Applicable,88,Not Applicable,TRUE,1,Public Road,1,"Trafficway, On Road",CT0009300,New Haven PD,182,25:58.0,C,Closed,57:51.0,,,,,,,
886631,1,Complete,886631,886631,41.315417,-72.962875,3388729,New Haven,93,93,New Haven,5/30/2021,2021,5,May,30,1,Sunday,11:37:00,11,21019979,A,"Injury of any type (Serious, Minor, Possible)",C,Possible Injury (C),2,0,0,4,Local,3.81,97,CHAPEL ST,CHAPEL ST,,CENTRAL AVE,172,Feet,E,41.315417,-72.962875,14,Motor Vehicle in Operation,1,Front to rear,1,On Roadway,4,Rain,88,Not Applicable,1,Daylight,2,Wet,99,Unknown,88,Not Applicable,88,Not Applicable,99,Unknown,88,Not Applicable,88,Not Applicable,1,Non-Junction,1,Not at Intersection,1,No,1,No,88,Not Applicable,88,Not Applicable,88,Not Applicable,88,Not Applicable,FALSE,1,Public Road,1,"Trafficway, On Road",CT0009300,New Haven PD,42370,44:54.0,C,Closed,57:51.0,,,,,,,
886643,1,Complete,886643,886643,41.303616,-72.912752,3388741,New Haven,93,93,New Haven,6/1/2021,2021,6,June,1,3,Tuesday,9:57:00,9,21020222,A,"Injury of any type (Serious, Minor, Possible)",B,Suspected Minor Injury (B),1,0,1,4,Local,1.05,97,CHAPEL ST,CHAPEL ST,,HAMILTON ST,50,Feet,E,41.303616,-72.912752,25,Curb,88,Not Applicable,1,On Roadway,1,Clear,88,Not Applicable,1,Daylight,1,Dry,0,None,88,Not Applicable,88,Not Applicable,0,None,88,Not Applicable,88,Not Applicable,3,Intersection-Related,3,T-Intersection,1,No,1,No,88,Not Applicable,88,Not Applicable,88,Not Applicable,88,Not Applicable,FALSE,1,Public Road,1,"Trafficway, On Road",CT0009300,New Haven PD,86,14:58.0,C,Closed,57:58.0,,2,7700,4,MINOR ARTERIAL - NEW HPMS,2,Urban
886645,1,Complete,886645,886645,41.311934,-72.933505,3388743,New Haven,93,93,New Haven,6/1/2021,2021,6,June,1,3,Tuesday,10:41:00,10,21020230,A,"Injury of any type (Serious, Minor, Possible)",C,Possible Injury (C),2,0,0,4,Local,0.44,310,HOWE ST,HOWE ST,ELM ST NO 1,,,,,41.311934,-72.933505,14,Motor Vehicle in Operation,3,Angle,1,On Roadway,1,Clear,88,Not Applicable,1,Daylight,1,Dry,0,None,88,Not Applicable,88,Not Applicable,0,None,88,Not Applicable,88,Not Applicable,2,Intersection,2,Four-Way Intersection,1,No,1,No,88,Not Applicable,88,Not Applicable,88,Not Applicable,88,Not Applicable,FALSE,1,Public Road,1,"Trafficway, On Road",CT0009300,New Haven PD,40803,24:08.0,C,Closed,57:57.0,,,,,,,
886647,1,Complete,886647,886647,41.324295,-72.896379,3388745,New Haven,93,93,New Haven,6/1/2021,2021,6,June,1,3,Tuesday,13:17:00,13,21020250,A,"Injury of any type (Serious, Minor, Possible)",A,Suspected Serious Injury (A),4,0,4,2,USRoute,0.74,5,5-N,5-N,LYMAN ST,,,,,41.324295,-72.896379,14,Motor Vehicle in Operation,1,Front to rear,1,On Roadway,1,Clear,88,Not Applicable,1,Daylight,1,Dry,0,None,88,Not Applicable,88,Not Applicable,0,None,88,Not Applicable,88,Not Applicable,2,Intersection,3,T-Intersection,1,No,1,No,88,Not Applicable,88,Not Applicable,88,Not Applicable,88,Not Applicable,FALSE,1,Public Road,1,"Trafficway, On Road",CT0009300,New Haven PD,2,41:32.0,C,Closed,58:11.0,,2,17300,4,MINOR ARTERIAL - NEW HPMS,2,Urban
886658,1,Complete,886658,886658,41.308843,-72.909806,3388756,New Haven,93,93,New Haven,6/1/2021,2021,6,June,1,3,Tuesday,14:30:00,14,21020251,A,"Injury of any type (Serious, Minor, Possible)",C,Possible Injury (C),2,0,1,4,Local,0.49,165,EAST ST,EAST ST,GRAND AV,,,,,41.308843,-72.909806,14,Motor Vehicle in Operation,4,"Sideswipe, same direction",1,On Roadway,1,Clear,88,Not Applicable,1,Daylight,1,Dry,0,None,88,Not Applicable,88,Not Applicable,8,Work Zone (construction / maintenance / utility),88,Not Applicable,88,Not Applicable,3,Intersection-Related,2,Four-Way Intersection,1,No,2,Yes,5,Termination Area,1,Lane Closure,2,Yes,2,Yes,TRUE,1,Public Road,1,"Trafficway, On Road",CT0009300,New Haven PD,165,05:11.0,C,Closed,58:10.0,,2,19000,4,MINOR ARTERIAL - NEW HPMS,2,Urban
886664,1,Complete,886664,886664,41.308803,-72.89823,3388762,New Haven,93,93,New Haven,6/1/2021,2021,6,June,1,3,Tuesday,19:06:00,19,21020279,A,"Injury of any type (Serious, Minor, Possible)",C,Possible Injury (C),2,0,0,4,Local,0.65,264,GRAND AV,GRAND AV,,FILMORE ST,9,Feet,W,41.308803,-72.89823,14,Motor Vehicle in Operation,3,Angle,1,On Roadway,1,Clear,88,Not Applicable,1,Daylight,1,Dry,0,None,88,Not Applicable,88,Not Applicable,97,Other,88,Not Applicable,88,Not Applicable,11,Through Roadway,1,Not at Intersection,1,No,1,No,88,Not Applicable,88,Not Applicable,88,Not Applicable,88,Not Applicable,FALSE,1,Public Road,1,"Trafficway, On Road",CT0009300,New Haven PD,40793,26:52.0,C,Closed,58:07.0,,,,,,,
886665,1,Complete,886665,886665,41.299024,-72.949635,3388763,New Haven,93,93,New Haven,6/1/2021,2021,6,June,1,3,Tuesday,17:00:00,17,21020282,A,"Injury of any type (Serious, Minor, Possible)",C,Possible Injury (C),2,0,0,3,State,1.58,10,10-N,10-N,,COLUMBUS AVENUE,400,Feet,N,41.299024,-72.949635,14,Motor Vehicle in Operation,1,Front to rear,1,On Roadway,1,Clear,88,Not Applicable,1,Daylight,1,Dry,99,Unknown,88,Not Applicable,88,Not Applicable,99,Unknown,88,Not Applicable,88,Not Applicable,1,Non-Junction,1,Not at Intersection,1,No,1,No,88,Not Applicable,88,Not Applicable,88,Not Applicable,88,Not Applicable,FALSE,1,Public Road,1,"Trafficway, On Road",CT0009300,New Haven PD,40947,21:18.0,C,Closed,58:03.0,,4,20700,3,PRINCIPAL ARTERIAL - OTHER - NEW HPMS,2,Urban
886667,1,Complete,886667,886667,41.308584,-72.901177,3388765,New Haven,93,93,New Haven,6/1/2021,2021,6,June,1,3,Tuesday,19:06:00,19,21020310,A,"Injury of any type (Serious, Minor, Possible)",A,Suspected Serious Injury (A),1,1,1,4,Local,0.81,264,GRAND AV,GRAND AV,,LLOYD ST,50,Feet,W,41.308584,-72.901177,9,Pedestrian,88,Not Applicable,8,"Off Roadway,  Location Unknown",1,Clear,88,Not Applicable,1,Daylight,1,Dry,0,None,88,Not Applicable,88,Not Applicable,0,None,88,Not Applicable,88,Not Applicable,97,Other,1,Not at Intersection,1,No,1,No,88,Not Applicable,88,Not Applicable,88,Not Applicable,88,Not Applicable,FALSE,1,Public Road,1,"Trafficway, On Road",CT0009300,New Haven PD,40788,46:30.0,O,Open,58:12.0,,2,14400,4,MINOR ARTERIAL - NEW HPMS,2,Urban
886668,1,Complete,886668,886668,41.312083,-72.90944,3388766,New Haven,93,93,New Haven,6/1/2021,2021,6,June,1,3,Tuesday,19:06:00,19,21020313,A,"Injury of any type (Serious, Minor, Possible)",C,Possible Injury (C),2,0,0,4,Local,0.27,165,EAST ST,EAST ST,WALNUT ST,,,,,41.312083,-72.90944,14,Motor Vehicle in Operation,97,Other,1,On Roadway,1,Clear,88,Not Applicable,1,Daylight,1,Dry,0,None,88,Not Applicable,88,Not Applicable,0,None,88,Not Applicable,88,Not Applicable,2,Intersection,2,Four-Way Intersection,1,No,1,No,88,Not Applicable,88,Not Applicable,88,Not Applicable,88,Not Applicable,TRUE,1,Public Road,1,"Trafficway, On Road",CT0009300,New Haven PD,381,37:35.0,C,Closed,58:00.0,,,,,,,
886669,1,Complete,886669,886669,41.297971,-72.934312,3388767,New Haven,93,93,New Haven,6/1/2021,2021,6,June,1,3,Tuesday,19:42:00,19,21020319,A,"Injury of any type (Serious, Minor, Possible)",C,Possible Injury (C),2,0,0,4,Local,0.6,308,HOWARD AV,HOWARD AV,RT 1,,,,,41.297971,-72.934312,14,Motor Vehicle in Operation,1,Front to rear,1,On Roadway,1,Clear,88,Not Applicable,1,Daylight,1,Dry,0,None,88,Not Applicable,88,Not Applicable,0,None,88,Not Applicable,88,Not Applicable,2,Intersection,2,Four-Way Intersection,1,No,1,No,88,Not Applicable,88,Not Applicable,88,Not Applicable,88,Not Applicable,TRUE,1,Public Road,1,"Trafficway, On Road",CT0009300,New Haven PD,319,15:46.0,O,Open,58:02.0,,,,,,,
886670,1,Complete,886670,886670,41.296156,-72.947447,3388768,New Haven,93,93,New Haven,6/1/2021,2021,6,June,1,3,Tuesday,21:28:00,21,21020329,A,"Injury of any type (Serious, Minor, Possible)",C,Possible Injury (C),3,0,0,3,State,1.36,10,10-N,10-N,LONGHINI LA,,,,,41.296156,-72.947447,14,Motor Vehicle in Operation,1,Front to rear,1,On Roadway,1,Clear,88,Not Applicable,4,Dark-Lighted,1,Dry,0,None,88,Not Applicable,88,Not Applicable,2,Backup Due to Prior Non-Recurring Incident,88,Not Applicable,88,Not Applicable,2,Intersection,3,T-Intersection,1,No,1,No,88,Not Applicable,88,Not Applicable,88,Not Applicable,88,Not Applicable,TRUE,1,Public Road,1,"Trafficway, On Road",CT0009300,New Haven PD,266,55:21.0,C,Closed,58:03.0,,4,20200,3,PRINCIPAL ARTERIAL - OTHER - NEW HPMS,2,Urban
886673,1,Complete,886673,886673,41.321024,-72.874577,3388771,New Haven,93,93,New Haven,6/2/2021,2021,6,June,2,4,Wednesday,7:30:00,7,21020354,A,"Injury of any type (Serious, Minor, Possible)",B,Suspected Minor Injury (B),2,0,0,3,State,0.41,80,80-E,80-E,,103-N,160,Feet,W,41.321024,-72.874577,14,Motor Vehicle in Operation,5,"Sideswipe, opposite direction",1,On Roadway,1,Clear,88,Not Applicable,1,Daylight,1,Dry,0,None,88,Not Applicable,88,Not Applicable,0,None,88,Not Applicable,88,Not Applicable,2,Intersection,2,Four-Way Intersection,1,No,1,No,88,Not Applicable,88,Not Applicable,88,Not Applicable,88,Not Applicable,FALSE,1,Public Road,1,"Trafficway, On Road",CT0009300,New Haven PD,42365,50:37.0,C,Closed,58:06.0,,4,32100,3,PRINCIPAL ARTERIAL - OTHER - NEW HPMS,2,Urban
886674,1,Complete,886674,886674,41.328417,-72.921972,3388772,New Haven,93,93,New Haven,6/2/2021,2021,6,June,2,4,Wednesday,8:00:00,8,21020355,A,"Injury of any type (Serious, Minor, Possible)",C,Possible Injury (C),2,0,0,4,Local,1.18,495,PROSPECT ST,PROSPECT ST,HIGHLAND ST,,,,,41.328417,-72.921972,14,Motor Vehicle in Operation,3,Angle,1,On Roadway,1,Clear,88,Not Applicable,1,Daylight,1,Dry,0,None,88,Not Applicable,88,Not Applicable,0,None,88,Not Applicable,88,Not Applicable,2,Intersection,2,Four-Way Intersection,1,No,1,No,88,Not Applicable,88,Not Applicable,88,Not Applicable,88,Not Applicable,FALSE,1,Public Road,1,"Trafficway, On Road",CT0009300,New Haven PD,991,14:31.0,C,Closed,58:08.0,,,,,,,