CrashId,Fatal Case Status,Fatal Case Status Text Format,CrashId,CrashId,Latitude,Longitude,DOT Case Number,Town Name,Town Number,Town Number,Town Number Text Format,Date Of Crash,Year,Month,Month Text Format,Day,Day of the Week,Day of the Week Text Format,Time of Crash,Hour of the Day,Case Identifier,Crash Severity,Crash Severity Text Format,Most Severe Injury,Most Severe Injury Text Format,Number Of Motor Vehicles,Number Of Non-Motorist,Number Of Witnesses,Route Class,Route Class Text Format,Milemarker,Road Number,Road Description,Roadway Name,Intersecting Roadway Name,Landmark Description,Distance From Nearest Landmark,Unit Of Measure From Nearest Landmark,Direction From Nearest Landmark,Latitude,Longitude,First Harmful Event,First Harmful Event Text Format,Manner of Crash / Collision Impact,Manner of Crash / Collision Impact Text Format,Location of First Harmful Event,Location of First Harmful Event Text Format,Weather Condition,Weather Condition Text Format,Weather 2,Weather 2 Text Format,Light Condition,Light Condition Text Format,Road Surface Condition,Road Surface Condition Text Format,"Contributing Circumstances, Environment","Contributing Circumstances, Environment Text Format",Environment 2,Environment 2 Text Format,Environment 3,Environment 3 Text Format,"Contributing Circumstances, Road","Contributing Circumstances, Road Text Format",Road 2,Road 2 Text Format,Road 3,Road 3 Text Format,Crash Specific Location,Crash Specific Location Text Format,Type of Intersection,Type of Intersection Text Format,School Bus Related,School Bus Related Text Format,Work Zone Related,Work Zone Related Text Format,Location Of Crash Relative To Work Zone,Location Of Crash Relative To Work Zone Text Format,Type of Work Zone,Type of Work Zone Text Format,Worker Presence,Worker Presence Text Format,Law Enforcement Presence,Law Enforcement Presence Text Format,Were Vehicles Moved Prior To Police Arrival,Trafficway Ownership,Trafficway Ownership Text Format,Trafficway Class,Trafficway Class Text Format,Police Agency,Police Agency Text Format,Badge Number,Approval Date,Police Case Status,Police Case Status Text Format,Crash Report Submission Date,Related Case Identifiers,No. of Through Lanes (Log Dir.),Average Daily Traffic,Functional Classification,Functional Classification Text Format,Rural or Urban,Rural or Urban Text Format
886675,1,Complete,886675,886675,41.305919,-72.946878,3388773,New Haven,93,93,New Haven,6/2/2021,2021,6,June,2,4,Wednesday,8:03:00,8,21020359,A,"Injury of any type (Serious, Minor, Possible)",C,Possible Injury (C),2,0,0,4,Local,0.29,360,LEGION AV-RT 34,LEGION AV-RT 34,SHERMAN AV,,,,,41.305919,-72.946878,14,Motor Vehicle in Operation,3,Angle,1,On Roadway,1,Clear,88,Not Applicable,1,Daylight,1,Dry,0,None,88,Not Applicable,88,Not Applicable,0,None,88,Not Applicable,88,Not Applicable,2,Intersection,2,Four-Way Intersection,1,No,1,No,88,Not Applicable,88,Not Applicable,88,Not Applicable,88,Not Applicable,TRUE,1,Public Road,1,"Trafficway, On Road",CT0009300,New Haven PD,319,24:17.0,C,Closed,58:06.0,,,,,,,
886678,1,Complete,886678,886678,41.315609,-72.934914,3388776,New Haven,93,93,New Haven,6/2/2021,2021,6,June,2,4,Wednesday,11:37:00,11,21020380,A,"Injury of any type (Serious, Minor, Possible)",C,Possible Injury (C),2,0,0,4,Local,0.48,257,GOFFE ST,GOFFE ST,WEBSTER ST,,,,,41.315609,-72.934914,14,Motor Vehicle in Operation,3,Angle,1,On Roadway,1,Clear,88,Not Applicable,1,Daylight,1,Dry,0,None,88,Not Applicable,88,Not Applicable,0,None,88,Not Applicable,88,Not Applicable,2,Intersection,2,Four-Way Intersection,1,No,1,No,88,Not Applicable,88,Not Applicable,88,Not Applicable,88,Not Applicable,FALSE,1,Public Road,1,"Trafficway, On Road",CT0009300,New Haven PD,201,59:10.0,O,Open,58:49.0,,,,,,,
886689,1,Complete,886689,886689,41.312078,-72.939353,3388787,New Haven,93,93,New Haven,6/3/2021,2021,6,June,3,5,Thursday,7:33:00,7,21020471,A,"Injury of any type (Serious, Minor, Possible)",C,Possible Injury (C),2,0,0,4,Local,1.71,179,EDGEWOOD AV,EDGEWOOD AV,KENSINGTON ST,,,,,41.312078,-72.939353,14,Motor Vehicle in Operation,3,Angle,1,On Roadway,2,Cloudy,88,Not Applicable,1,Daylight,1,Dry,0,None,88,Not Applicable,88,Not Applicable,0,None,88,Not Applicable,88,Not Applicable,2,Intersection,2,Four-Way Intersection,1,No,1,No,88,Not Applicable,88,Not Applicable,88,Not Applicable,88,Not Applicable,FALSE,1,Public Road,1,"Trafficway, On Road",CT0009300,New Haven PD,465,29:45.0,C,Closed,58:19.0,,,,,,,
886694,1,Complete,886694,886694,41.310398,-72.903486,3388792,New Haven,93,93,New Haven,6/3/2021,2021,6,June,3,5,Thursday,11:02:00,11,21020493,A,"Injury of any type (Serious, Minor, Possible)",C,Possible Injury (C),2,0,0,4,Local,0.41,327,JAMES ST,JAMES ST,,CLAY ST,100,Feet,N,41.310398,-72.903486,14,Motor Vehicle in Operation,3,Angle,1,On Roadway,4,Rain,88,Not Applicable,1,Daylight,2,Wet,0,None,88,Not Applicable,88,Not Applicable,0,None,88,Not Applicable,88,Not Applicable,1,Non-Junction,1,Not at Intersection,1,No,1,No,88,Not Applicable,88,Not Applicable,88,Not Applicable,88,Not Applicable,TRUE,1,Public Road,1,"Trafficway, On Road",CT0009300,New Haven PD,263,07:50.0,C,Closed,58:29.0,,,,,,,
886695,1,Complete,886695,886695,41.297719,-72.938953,3388793,New Haven,93,93,New Haven,6/3/2021,2021,6,June,3,5,Thursday,11:38:00,11,21020499,A,"Injury of any type (Serious, Minor, Possible)",C,Possible Injury (C),2,0,0,2,USRoute,47.17,1,1-N,1-N,WHITE ST,,,,,41.297719,-72.938953,14,Motor Vehicle in Operation,1,Front to rear,1,On Roadway,4,Rain,88,Not Applicable,1,Daylight,2,Wet,0,None,88,Not Applicable,88,Not Applicable,0,None,88,Not Applicable,88,Not Applicable,2,Intersection,3,T-Intersection,1,No,1,No,88,Not Applicable,88,Not Applicable,88,Not Applicable,88,Not Applicable,TRUE,1,Public Road,1,"Trafficway, On Road",CT0009300,New Haven PD,281,14:32.0,O,Open,58:32.0,,2,8600,3,PRINCIPAL ARTERIAL - OTHER - NEW HPMS,2,Urban
886703,1,Complete,886703,886703,41.310839,-72.930299,3388801,New Haven,93,93,New Haven,6/3/2021,2021,6,June,3,5,Thursday,14:24:00,14,21020523,A,"Injury of any type (Serious, Minor, Possible)",C,Possible Injury (C),2,0,0,4,Local,0,68,BROADWAY,BROADWAY,,YORK ST,50,Feet,W,41.310839,-72.930299,14,Motor Vehicle in Operation,1,Front to rear,1,On Roadway,2,Cloudy,88,Not Applicable,1,Daylight,1,Dry,0,None,88,Not Applicable,88,Not Applicable,0,None,88,Not Applicable,88,Not Applicable,1,Non-Junction,1,Not at Intersection,1,No,1,No,88,Not Applicable,88,Not Applicable,88,Not Applicable,88,Not Applicable,TRUE,1,Public Road,1,"Trafficway, On Road",CT0009300,New Haven PD,261,16:23.0,C,Closed,58:25.0,,,,,,,
886707,1,Complete,886707,886707,41.28733,-72.93738,3388805,New Haven,93,93,New Haven,6/3/2021,2021,6,June,3,5,Thursday,17:23:00,17,21020558,A,"Injury of any type (Serious, Minor, Possible)",C,Possible Injury (C),2,0,0,3,State,0.56,10,10-N,10-N,,PLYMOUTH STREET,150,Feet,N,41.28733,-72.93738,14,Motor Vehicle in Operation,1,Front to rear,1,On Roadway,97,Other,88,Not Applicable,99,Unknown,99,Unknown,0,None,88,Not Applicable,88,Not Applicable,0,None,88,Not Applicable,88,Not Applicable,1,Non-Junction,1,Not at Intersection,1,No,1,No,88,Not Applicable,88,Not Applicable,88,Not Applicable,88,Not Applicable,TRUE,1,Public Road,1,"Trafficway, On Road",CT0009300,New Haven PD,42051,15:29.0,C,Closed,58:36.0,21020558,4,17900,3,PRINCIPAL ARTERIAL - OTHER - NEW HPMS,2,Urban
886710,1,Complete,886710,886710,41.290812,-72.941313,3388808,New Haven,93,93,New Haven,6/3/2021,2021,6,June,3,5,Thursday,21:06:00,21,21020580,A,"Injury of any type (Serious, Minor, Possible)",C,Possible Injury (C),2,0,1,3,State,0.88,10,10-N,10-N,WASHINGTON AV NO 1,,,,,41.290812,-72.941313,14,Motor Vehicle in Operation,1,Front to rear,1,On Roadway,4,Rain,88,Not Applicable,6,Dark-Unknown Lighting,2,Wet,0,None,88,Not Applicable,88,Not Applicable,0,None,88,Not Applicable,88,Not Applicable,2,Intersection,2,Four-Way Intersection,1,No,1,No,88,Not Applicable,88,Not Applicable,88,Not Applicable,88,Not Applicable,FALSE,1,Public Road,1,"Trafficway, On Road",CT0009300,New Haven PD,958,42:40.0,C,Closed,58:27.0,21-020580,4,20200,3,PRINCIPAL ARTERIAL - OTHER - NEW HPMS,2,Urban
886719,1,Complete,886719,886719,41.284436,-72.9347,3388817,New Haven,93,93,New Haven,6/4/2021,2021,6,June,4,6,Friday,12:51:00,12,21020675,A,"Injury of any type (Serious, Minor, Possible)",C,Possible Injury (C),2,0,0,3,State,0.31,10,10-N,10-N,,95 SOUTH RAMP,10,Feet,S,41.284436,-72.9347,14,Motor Vehicle in Operation,4,"Sideswipe, same direction",1,On Roadway,1,Clear,88,Not Applicable,1,Daylight,1,Dry,0,None,88,Not Applicable,88,Not Applicable,0,None,88,Not Applicable,88,Not Applicable,11,Through Roadway,1,Not at Intersection,1,No,1,No,88,Not Applicable,88,Not Applicable,88,Not Applicable,88,Not Applicable,FALSE,1,Public Road,1,"Trafficway, On Road",CT0009300,New Haven PD,40793,15:19.0,C,Closed,58:31.0,,1,7000,1,INTERSTATE - NEW HPMS,2,Urban
886720,1,Complete,886720,886720,41.315585,-72.9008,3388818,New Haven,93,93,New Haven,6/4/2021,2021,6,June,4,6,Friday,13:30:00,13,21020682,A,"Injury of any type (Serious, Minor, Possible)",B,Suspected Minor Injury (B),2,0,0,4,Local,0.88,57,BLATCHLEY AV,BLATCHLEY AV,PECK ST NO 1,,,,,41.315585,-72.9008,14,Motor Vehicle in Operation,97,Other,1,On Roadway,1,Clear,88,Not Applicable,1,Daylight,1,Dry,0,None,88,Not Applicable,88,Not Applicable,0,None,88,Not Applicable,88,Not Applicable,2,Intersection,2,Four-Way Intersection,1,No,1,No,88,Not Applicable,88,Not Applicable,88,Not Applicable,88,Not Applicable,FALSE,1,Public Road,1,"Trafficway, On Road",CT0009300,New Haven PD,86,17:14.0,C,Closed,59:11.0,,,,,,,
886724,1,Complete,886724,886724,41.286244,-72.936042,3388822,New Haven,93,93,New Haven,6/4/2021,2021,6,June,4,6,Friday,17:30:00,17,21020706,A,"Injury of any type (Serious, Minor, Possible)",C,Possible Injury (C),2,0,0,3,State,0.46,10,10-N,10-N,745-E,,,,,41.286244,-72.936042,14,Motor Vehicle in Operation,1,Front to rear,1,On Roadway,1,Clear,88,Not Applicable,1,Daylight,1,Dry,0,None,88,Not Applicable,88,Not Applicable,0,None,88,Not Applicable,88,Not Applicable,2,Intersection,2,Four-Way Intersection,1,No,1,No,88,Not Applicable,88,Not Applicable,88,Not Applicable,88,Not Applicable,FALSE,1,Public Road,1,"Trafficway, On Road",CT0009300,New Haven PD,958,12:21.0,C,Closed,58:33.0,,4,18500,3,PRINCIPAL ARTERIAL - OTHER - NEW HPMS,2,Urban
886728,1,Complete,886728,886728,41.327236,-72.968077,3388826,New Haven,93,93,New Haven,6/5/2021,2021,6,June,5,7,Saturday,11:32:00,11,21020795,A,"Injury of any type (Serious, Minor, Possible)",C,Possible Injury (C),2,0,0,3,State,3.37,122,122-N,122-N,243-W,,,,,41.327236,-72.968077,14,Motor Vehicle in Operation,1,Front to rear,1,On Roadway,1,Clear,88,Not Applicable,1,Daylight,1,Dry,0,None,88,Not Applicable,88,Not Applicable,0,None,88,Not Applicable,88,Not Applicable,2,Intersection,3,T-Intersection,1,No,1,No,88,Not Applicable,88,Not Applicable,88,Not Applicable,88,Not Applicable,TRUE,1,Public Road,1,"Trafficway, On Road",CT0009300,New Haven PD,281,13:57.0,C,Closed,58:41.0,,1,11600,4,MINOR ARTERIAL - NEW HPMS,2,Urban
886732,1,Complete,886732,886732,41.303035,-72.893591,3388830,New Haven,93,93,New Haven,6/5/2021,2021,6,June,5,7,Saturday,13:18:00,13,21020808,A,"Injury of any type (Serious, Minor, Possible)",C,Possible Injury (C),2,0,0,4,Local,0.04,795,EAST FERRY ST,EAST FERRY ST,,RIVER ST,200,Feet,S,41.303035,-72.893591,14,Motor Vehicle in Operation,1,Front to rear,1,On Roadway,1,Clear,88,Not Applicable,1,Daylight,1,Dry,0,None,88,Not Applicable,88,Not Applicable,0,None,88,Not Applicable,88,Not Applicable,1,Non-Junction,1,Not at Intersection,1,No,1,No,88,Not Applicable,88,Not Applicable,88,Not Applicable,88,Not Applicable,TRUE,1,Public Road,1,"Trafficway, On Road",CT0009300,New Haven PD,980,25:03.0,C,Closed,59:01.0,,,,,,,
886734,1,Complete,886734,886734,41.31465,-72.97083,3388832,New Haven,93,93,New Haven,6/5/2021,2021,6,June,5,7,Saturday,20:49:00,20,21020815,A,"Injury of any type (Serious, Minor, Possible)",C,Possible Injury (C),2,0,0,3,State,2.48,122,122-N,122-N,ROGER RD,,,,,41.31465,-72.97083,14,Motor Vehicle in Operation,97,Other,1,On Roadway,1,Clear,88,Not Applicable,1,Daylight,1,Dry,0,None,88,Not Applicable,88,Not Applicable,0,None,88,Not Applicable,88,Not Applicable,2,Intersection,3,T-Intersection,1,No,1,No,88,Not Applicable,88,Not Applicable,88,Not Applicable,88,Not Applicable,TRUE,1,Public Road,1,"Trafficway, On Road",CT0009300,New Haven PD,42370,08:50.0,C,Closed,58:43.0,,2,11700,4,MINOR ARTERIAL - NEW HPMS,2,Urban
886736,1,Complete,886736,886736,41.321023,-72.933173,3388834,New Haven,93,93,New Haven,6/5/2021,2021,6,June,5,7,Saturday,17:50:00,17,21020838,A,"Injury of any type (Serious, Minor, Possible)",C,Possible Injury (C),2,0,0,4,Local,0.31,289,HENRY ST,HENRY ST,,DIXWELL AVE,150,Feet,E,41.321023,-72.933173,14,Motor Vehicle in Operation,3,Angle,1,On Roadway,1,Clear,88,Not Applicable,1,Daylight,1,Dry,0,None,88,Not Applicable,88,Not Applicable,0,None,88,Not Applicable,88,Not Applicable,1,Non-Junction,1,Not at Intersection,1,No,1,No,88,Not Applicable,88,Not Applicable,88,Not Applicable,88,Not Applicable,FALSE,1,Public Road,1,"Trafficway, On Road",CT0009300,New Haven PD,41103,26:55.0,C,Closed,58:46.0,,,,,,,
886740,1,Complete,886740,886740,41.307912,-72.899276,3388838,New Haven,93,93,New Haven,6/5/2021,2021,6,June,5,7,Saturday,23:58:00,23,21020881,A,"Injury of any type (Serious, Minor, Possible)",C,Possible Injury (C),2,0,0,4,Local,0.33,57,BLATCHLEY AV,BLATCHLEY AV,WOOLSEY ST,,,,,41.307912,-72.899276,14,Motor Vehicle in Operation,3,Angle,1,On Roadway,1,Clear,88,Not Applicable,4,Dark-Lighted,1,Dry,0,None,88,Not Applicable,88,Not Applicable,0,None,88,Not Applicable,88,Not Applicable,2,Intersection,2,Four-Way Intersection,1,No,1,No,88,Not Applicable,88,Not Applicable,88,Not Applicable,88,Not Applicable,FALSE,1,Public Road,1,"Trafficway, On Road",CT0009300,New Haven PD,370,24:03.0,C,Closed,59:00.0,,,,,,,
886745,1,Complete,886745,886745,41.292897,-72.920918,3388843,New Haven,93,93,New Haven,6/6/2021,2021,6,June,6,1,Sunday,15:04:00,15,21020936,A,"Injury of any type (Serious, Minor, Possible)",B,Suspected Minor Injury (B),2,0,2,4,Local,0.7,359,SARGENT DR,SARGENT DR,,CHURCH ST. SOUTH EXT,306,Feet,N,41.292897,-72.920918,14,Motor Vehicle in Operation,3,Angle,1,On Roadway,1,Clear,1,Clear,1,Daylight,1,Dry,0,None,88,Not Applicable,88,Not Applicable,0,None,88,Not Applicable,88,Not Applicable,9,Driveway Access-Related,1,Not at Intersection,1,No,1,No,88,Not Applicable,88,Not Applicable,88,Not Applicable,88,Not Applicable,FALSE,1,Public Road,1,"Trafficway, On Road",CT0009300,New Haven PD,301,54:30.0,C,Closed,01:41.0,,,,,,,
886747,1,Complete,886747,886747,41.304335,-72.952212,3388845,New Haven,93,93,New Haven,6/6/2021,2021,6,June,6,1,Sunday,19:00:00,19,21020944,A,"Injury of any type (Serious, Minor, Possible)",C,Possible Injury (C),2,0,0,3,State,1.97,10,10-N,10-N,,LEGION AVENUE,400,Feet,E,41.304335,-72.952212,14,Motor Vehicle in Operation,1,Front to rear,1,On Roadway,1,Clear,88,Not Applicable,1,Daylight,1,Dry,0,None,88,Not Applicable,88,Not Applicable,0,None,88,Not Applicable,88,Not Applicable,1,Non-Junction,1,Not at Intersection,1,No,1,No,88,Not Applicable,88,Not Applicable,88,Not Applicable,88,Not Applicable,TRUE,1,Public Road,1,"Trafficway, On Road",CT0009300,New Haven PD,42051,16:21.0,C,Closed,59:45.0,21020944,4,20700,3,PRINCIPAL ARTERIAL - OTHER - NEW HPMS,2,Urban
886753,1,Complete,886753,886753,41.307458,-72.938629,3388851,New Haven,93,93,New Haven,6/7/2021,2021,6,June,7,2,Monday,17:53:00,17,21021048,A,"Injury of any type (Serious, Minor, Possible)",C,Possible Injury (C),2,0,0,4,Local,0.49,160,DWIGHT ST,DWIGHT ST,,N FRONTAGE RD,150,Feet,N,41.307458,-72.938629,14,Motor Vehicle in Operation,4,"Sideswipe, same direction",1,On Roadway,1,Clear,88,Not Applicable,1,Daylight,1,Dry,0,None,88,Not Applicable,88,Not Applicable,0,None,88,Not Applicable,88,Not Applicable,1,Non-Junction,1,Not at Intersection,1,No,1,No,88,Not Applicable,88,Not Applicable,88,Not Applicable,88,Not Applicable,TRUE,1,Public Road,1,"Trafficway, On Road",CT0009300,New Haven PD,251,11:23.0,C,Closed,58:53.0,,,,,,,
886789,1,Complete,886789,886789,41.319131,-72.892881,3388887,New Haven,93,93,New Haven,6/7/2021,2021,6,June,7,2,Monday,16:20:00,16,21021056,A,"Injury of any type (Serious, Minor, Possible)",C,Possible Injury (C),3,0,0,4,Local,0.69,113,CLINTON AV,CLINTON AV,BAILEY ST,,,,,41.319131,-72.892881,14,Motor Vehicle in Operation,3,Angle,1,On Roadway,1,Clear,88,Not Applicable,1,Daylight,1,Dry,0,None,88,Not Applicable,88,Not Applicable,0,None,88,Not Applicable,88,Not Applicable,2,Intersection,2,Four-Way Intersection,1,No,1,No,88,Not Applicable,88,Not Applicable,88,Not Applicable,88,Not Applicable,FALSE,1,Public Road,1,"Trafficway, On Road",CT0009300,New Haven PD,971,08:01.0,C,Closed,59:56.0,21021056,,,,,,
886793,1,Complete,886793,886793,41.317149,-72.970926,3388891,New Haven,93,93,New Haven,6/7/2021,2021,6,June,7,2,Monday,18:52:00,18,21021080,A,"Injury of any type (Serious, Minor, Possible)",C,Possible Injury (C),2,0,0,3,State,2.65,122,122-N,122-N,CHAPEL ST,,,,,41.317149,-72.970926,14,Motor Vehicle in Operation,3,Angle,1,On Roadway,1,Clear,88,Not Applicable,1,Daylight,1,Dry,0,None,88,Not Applicable,88,Not Applicable,0,None,88,Not Applicable,88,Not Applicable,2,Intersection,3,T-Intersection,1,No,1,No,88,Not Applicable,88,Not Applicable,88,Not Applicable,88,Not Applicable,FALSE,1,Public Road,1,"Trafficway, On Road",CT0009300,New Haven PD,74,20:20.0,C,Closed,00:34.0,,2,11700,4,MINOR ARTERIAL - NEW HPMS,2,Urban
886799,1,Complete,886799,886799,41.283693,-72.937799,3388897,New Haven,93,93,New Haven,6/8/2021,2021,6,June,8,3,Tuesday,7:44:00,7,21021134,A,"Injury of any type (Serious, Minor, Possible)",C,Possible Injury (C),2,0,0,3,State,0,10,10-N,10-N,745-E,,,,,41.283693,-72.937799,14,Motor Vehicle in Operation,1,Front to rear,1,On Roadway,1,Clear,88,Not Applicable,1,Daylight,1,Dry,0,None,88,Not Applicable,88,Not Applicable,0,None,88,Not Applicable,88,Not Applicable,2,Intersection,3,T-Intersection,1,No,1,No,88,Not Applicable,88,Not Applicable,88,Not Applicable,88,Not Applicable,TRUE,1,Public Road,1,"Trafficway, On Road",CT0009300,New Haven PD,26,21:34.0,C,Closed,03:51.0,,2,1171,7,LOCAL - NEW HPMS,2,Urban
886807,1,Complete,886807,886807,41.326148,-72.915794,3388905,New Haven,93,93,New Haven,6/8/2021,2021,6,June,8,3,Tuesday,17:03:00,17,21021229,A,"Injury of any type (Serious, Minor, Possible)",B,Suspected Minor Injury (B),2,0,0,4,Local,1.15,656,WHITNEY AV,WHITNEY AV,COLD SPRING ST,,,,,41.326148,-72.915794,14,Motor Vehicle in Operation,1,Front to rear,1,On Roadway,4,Rain,88,Not Applicable,1,Daylight,2,Wet,0,None,88,Not Applicable,88,Not Applicable,0,None,88,Not Applicable,88,Not Applicable,2,Intersection,3,T-Intersection,1,No,1,No,88,Not Applicable,88,Not Applicable,88,Not Applicable,88,Not Applicable,FALSE,1,Public Road,1,"Trafficway, On Road",CT0009300,New Haven PD,241,16:09.0,C,Closed,59:03.0,,,,,,,
886812,1,Complete,886812,886812,41.334375,-72.976661,3388910,New Haven,93,93,New Haven,6/8/2021,2021,6,June,8,3,Tuesday,23:41:00,23,21021272,A,"Injury of any type (Serious, Minor, Possible)",B,Suspected Minor Injury (B),1,0,1,3,State,1.27,63,63-N,63-N,,Wright Ave,215,Feet,S,41.334375,-72.976661,38,"Other Post, Pole or Support",88,Not Applicable,4,Roadside,4,Rain,88,Not Applicable,4,Dark-Lighted,2,Wet,1,Weather Conditions,88,Not Applicable,88,Not Applicable,0,None,88,Not Applicable,88,Not Applicable,11,Through Roadway,1,Not at Intersection,1,No,1,No,88,Not Applicable,88,Not Applicable,88,Not Applicable,88,Not Applicable,FALSE,1,Public Road,1,"Trafficway, On Road",CT0009300,New Haven PD,160,10:51.0,C,Closed,00:25.0,,3,26900,3,PRINCIPAL ARTERIAL - OTHER - NEW HPMS,2,Urban
886816,1,Complete,886816,886816,41.32092,-72.934404,3388914,New Haven,93,93,New Haven,6/9/2021,2021,6,June,9,4,Wednesday,9:57:00,9,21021303,A,"Injury of any type (Serious, Minor, Possible)",C,Possible Injury (C),2,0,0,4,Local,0.56,152,DIXWELL AV,DIXWELL AV,HENRY ST,,,,,41.32092,-72.934404,14,Motor Vehicle in Operation,3,Angle,1,On Roadway,1,Clear,88,Not Applicable,1,Daylight,1,Dry,0,None,88,Not Applicable,88,Not Applicable,0,None,88,Not Applicable,88,Not Applicable,2,Intersection,2,Four-Way Intersection,1,No,1,No,88,Not Applicable,88,Not Applicable,88,Not Applicable,88,Not Applicable,FALSE,1,Public Road,1,"Trafficway, On Road",CT0009300,New Haven PD,32,39:40.0,C,Closed,59:12.0,,,,,,,
886819,1,Complete,886819,886819,41.288763,-72.931713,3388917,New Haven,93,93,New Haven,6/9/2021,2021,6,June,9,4,Wednesday,14:20:00,14,21021344,A,"Injury of any type (Serious, Minor, Possible)",B,Suspected Minor Injury (B),2,0,0,4,Local,1.24,308,HOWARD AV,HOWARD AV,,SECOND ST,50,Feet,S,41.288763,-72.931713,14,Motor Vehicle in Operation,3,Angle,1,On Roadway,1,Clear,88,Not Applicable,1,Daylight,1,Dry,0,None,88,Not Applicable,88,Not Applicable,0,None,88,Not Applicable,88,Not Applicable,1,Non-Junction,1,Not at Intersection,1,No,1,No,88,Not Applicable,88,Not Applicable,88,Not Applicable,88,Not Applicable,FALSE,1,Public Road,1,"Trafficway, On Road",CT0009300,New Haven PD,223,42:19.0,C,Closed,59:27.0,,,,,,,
886822,1,Complete,886822,886822,41.277463,-72.898861,3388920,New Haven,93,93,New Haven,6/9/2021,2021,6,June,9,4,Wednesday,16:35:00,16,21021366,A,"Injury of any type (Serious, Minor, Possible)",B,Suspected Minor Injury (B),1,1,2,4,Local,0.53,678,WOODWARD AV,WOODWARD AV,,RAYNHAM RD,50,Feet,S,41.277463,-72.898861,9,Pedestrian,88,Not Applicable,1,On Roadway,1,Clear,88,Not Applicable,1,Daylight,1,Dry,0,None,88,Not Applicable,88,Not Applicable,0,None,88,Not Applicable,88,Not Applicable,11,Through Roadway,1,Not at Intersection,1,No,1,No,88,Not Applicable,88,Not Applicable,88,Not Applicable,88,Not Applicable,FALSE,1,Public Road,1,"Trafficway, On Road",CT0009300,New Haven PD,279,48:05.0,C,Closed,59:43.0,,2,6700,7,LOCAL - NEW HPMS,2,Urban
886825,1,Complete,886825,886825,41.316635,-72.907218,3388923,New Haven,93,93,New Haven,6/9/2021,2021,6,June,9,4,Wednesday,17:33:00,17,21021382,A,"Injury of any type (Serious, Minor, Possible)",C,Possible Injury (C),2,0,0,4,Local,0.15,575,STATE ST,STATE ST,,MILL RIVER,150,Feet,N,41.316635,-72.907218,14,Motor Vehicle in Operation,97,Other,1,On Roadway,1,Clear,88,Not Applicable,1,Daylight,1,Dry,0,None,88,Not Applicable,88,Not Applicable,0,None,88,Not Applicable,88,Not Applicable,1,Non-Junction,1,Not at Intersection,1,No,1,No,88,Not Applicable,88,Not Applicable,88,Not Applicable,88,Not Applicable,FALSE,1,Public Road,1,"Trafficway, On Road",CT0009300,New Haven PD,241,15:09.0,C,Closed,59:18.0,,,,,,,
886827,1,Complete,886827,886827,41.348196,-72.954081,3388925,New Haven,93,93,New Haven,6/9/2021,2021,6,June,9,4,Wednesday,18:27:00,18,21021398,A,"Injury of any type (Serious, Minor, Possible)",C,Possible Injury (C),1,0,0,4,Local,0.02,800,BOSLEY ST,BOSLEY ST,,JENNINGS WAY,85,Feet,S,41.348196,-72.954081,25,Curb,88,Not Applicable,1,On Roadway,1,Clear,88,Not Applicable,1,Daylight,1,Dry,1,Weather Conditions,88,Not Applicable,88,Not Applicable,0,None,88,Not Applicable,88,Not Applicable,1,Non-Junction,1,Not at Intersection,1,No,1,No,88,Not Applicable,88,Not Applicable,88,Not Applicable,88,Not Applicable,FALSE,1,Public Road,2,"Trafficway, Not on Road",CT0009300,New Haven PD,751,26:07.0,C,Closed,59:33.0,,2,644,7,LOCAL - NEW HPMS,2,Urban
886839,1,Complete,886839,886839,41.299374,-72.9427,3388937,New Haven,93,93,New Haven,6/10/2021,2021,6,June,10,5,Thursday,13:22:00,13,21021477,A,"Injury of any type (Serious, Minor, Possible)",C,Possible Injury (C),2,0,0,4,Local,0.3,123,CONGRESS AV,CONGRESS AV,WEST ST,,,,,41.299374,-72.9427,14,Motor Vehicle in Operation,1,Front to rear,1,On Roadway,1,Clear,88,Not Applicable,1,Daylight,1,Dry,0,None,88,Not Applicable,88,Not Applicable,0,None,88,Not Applicable,88,Not Applicable,2,Intersection,2,Four-Way Intersection,1,No,1,No,88,Not Applicable,88,Not Applicable,88,Not Applicable,88,Not Applicable,TRUE,1,Public Road,1,"Trafficway, On Road",CT0009300,New Haven PD,26,50:25.0,C,Closed,12:03.0,,,,,,,
886841,1,Complete,886841,886841,41.29767052,-72.89260045,3388939,New Haven,93,93,New Haven,6/10/2021,2021,6,June,10,5,Thursday,13:50:00,13,21021508,A,"Injury of any type (Serious, Minor, Possible)",B,Suspected Minor Injury (B),2,0,0,4,Local,0.23,210,FARREN AV,Ferry St ,,Farren Ave ,50,Feet,E,41.29767052,-72.89260045,14,Motor Vehicle in Operation,1,Front to rear,1,On Roadway,1,Clear,88,Not Applicable,1,Daylight,1,Dry,0,None,88,Not Applicable,88,Not Applicable,0,None,88,Not Applicable,88,Not Applicable,3,Intersection-Related,4,Y-Intersection,1,No,1,No,88,Not Applicable,88,Not Applicable,88,Not Applicable,88,Not Applicable,FALSE,1,Public Road,1,"Trafficway, On Road",CT0009300,New Haven PD,42365,36:43.0,O,Open,00:04.0,,,,,,,
886844,1,Complete,886844,886844,41.307091,-72.921406,3388942,New Haven,93,93,New Haven,6/10/2021,2021,6,June,10,5,Thursday,14:55:00,14,21021514,A,"Injury of any type (Serious, Minor, Possible)",C,Possible Injury (C),2,0,0,4,Local,0.73,726,ELM ST NO 2,ELM ST NO 2,STATE ST,,,,,41.307091,-72.921406,14,Motor Vehicle in Operation,4,"Sideswipe, same direction",1,On Roadway,1,Clear,88,Not Applicable,1,Daylight,1,Dry,0,None,88,Not Applicable,88,Not Applicable,0,None,88,Not Applicable,88,Not Applicable,2,Intersection,2,Four-Way Intersection,1,No,1,No,88,Not Applicable,88,Not Applicable,88,Not Applicable,88,Not Applicable,TRUE,1,Public Road,1,"Trafficway, On Road",CT0009300,New Haven PD,97,58:11.0,C,Closed,00:24.0,,,,,,,