CrashId,Fatal Case Status,Fatal Case Status Text Format,CrashId,CrashId,Latitude,Longitude,DOT Case Number,Town Name,Town Number,Town Number,Town Number Text Format,Date Of Crash,Year,Month,Month Text Format,Day,Day of the Week,Day of the Week Text Format,Time of Crash,Hour of the Day,Case Identifier,Crash Severity,Crash Severity Text Format,Most Severe Injury,Most Severe Injury Text Format,Number Of Motor Vehicles,Number Of Non-Motorist,Number Of Witnesses,Route Class,Route Class Text Format,Milemarker,Road Number,Road Description,Roadway Name,Intersecting Roadway Name,Landmark Description,Distance From Nearest Landmark,Unit Of Measure From Nearest Landmark,Direction From Nearest Landmark,Latitude,Longitude,First Harmful Event,First Harmful Event Text Format,Manner of Crash / Collision Impact,Manner of Crash / Collision Impact Text Format,Location of First Harmful Event,Location of First Harmful Event Text Format,Weather Condition,Weather Condition Text Format,Weather 2,Weather 2 Text Format,Light Condition,Light Condition Text Format,Road Surface Condition,Road Surface Condition Text Format,"Contributing Circumstances, Environment","Contributing Circumstances, Environment Text Format",Environment 2,Environment 2 Text Format,Environment 3,Environment 3 Text Format,"Contributing Circumstances, Road","Contributing Circumstances, Road Text Format",Road 2,Road 2 Text Format,Road 3,Road 3 Text Format,Crash Specific Location,Crash Specific Location Text Format,Type of Intersection,Type of Intersection Text Format,School Bus Related,School Bus Related Text Format,Work Zone Related,Work Zone Related Text Format,Location Of Crash Relative To Work Zone,Location Of Crash Relative To Work Zone Text Format,Type of Work Zone,Type of Work Zone Text Format,Worker Presence,Worker Presence Text Format,Law Enforcement Presence,Law Enforcement Presence Text Format,Were Vehicles Moved Prior To Police Arrival,Trafficway Ownership,Trafficway Ownership Text Format,Trafficway Class,Trafficway Class Text Format,Police Agency,Police Agency Text Format,Badge Number,Approval Date,Police Case Status,Police Case Status Text Format,Crash Report Submission Date,Related Case Identifiers,No. of Through Lanes (Log Dir.),Average Daily Traffic,Functional Classification,Functional Classification Text Format,Rural or Urban,Rural or Urban Text Format
886850,1,Complete,886850,886850,41.318347,-72.949462,3388948,New Haven,93,93,New Haven,6/10/2021,2021,6,June,10,5,Thursday,19:26:00,19,21021554,A,"Injury of any type (Serious, Minor, Possible)",C,Possible Injury (C),2,0,0,3,State,2.98,10,10-N,10-N,,ARGONNE ST,30,Feet,N,41.318347,-72.949462,14,Motor Vehicle in Operation,1,Front to rear,1,On Roadway,1,Clear,88,Not Applicable,1,Daylight,1,Dry,0,None,0,None,88,Not Applicable,0,None,88,Not Applicable,88,Not Applicable,1,Non-Junction,1,Not at Intersection,1,No,1,No,88,Not Applicable,88,Not Applicable,88,Not Applicable,88,Not Applicable,FALSE,1,Public Road,1,"Trafficway, On Road",CT0009300,New Haven PD,40951,25:43.0,C,Closed,59:32.0,,2,10100,3,PRINCIPAL ARTERIAL - OTHER - NEW HPMS,2,Urban
886856,1,Complete,886856,886856,41.324083,-72.881304,3388954,New Haven,93,93,New Haven,6/11/2021,2021,6,June,11,6,Friday,8:56:00,8,21021599,A,"Injury of any type (Serious, Minor, Possible)",C,Possible Injury (C),2,0,0,3,State,0.22,17,17-N,17-N,80-W,,,,,41.324083,-72.881304,14,Motor Vehicle in Operation,1,Front to rear,1,On Roadway,1,Clear,88,Not Applicable,1,Daylight,1,Dry,0,None,88,Not Applicable,88,Not Applicable,0,None,88,Not Applicable,88,Not Applicable,3,Intersection-Related,2,Four-Way Intersection,1,No,1,No,88,Not Applicable,88,Not Applicable,88,Not Applicable,88,Not Applicable,FALSE,1,Public Road,1,"Trafficway, On Road",CT0009300,New Haven PD,322,16:07.0,C,Closed,00:42.0,,1,8500,1,INTERSTATE - NEW HPMS,2,Urban
886857,1,Complete,886857,886857,41.321071,-72.874492,3388955,New Haven,93,93,New Haven,6/11/2021,2021,6,June,11,6,Friday,10:00:00,10,21021620,A,"Injury of any type (Serious, Minor, Possible)",B,Suspected Minor Injury (B),2,0,0,3,State,0.41,80,80-E,80-E,,QUINNIPIAC AVE,100,Feet,W,41.321071,-72.874492,14,Motor Vehicle in Operation,1,Front to rear,1,On Roadway,1,Clear,88,Not Applicable,1,Daylight,1,Dry,0,None,88,Not Applicable,88,Not Applicable,0,None,88,Not Applicable,88,Not Applicable,1,Non-Junction,1,Not at Intersection,1,No,1,No,88,Not Applicable,88,Not Applicable,88,Not Applicable,88,Not Applicable,FALSE,1,Public Road,1,"Trafficway, On Road",CT0009300,New Haven PD,156,36:45.0,C,Closed,59:37.0,,4,32100,3,PRINCIPAL ARTERIAL - OTHER - NEW HPMS,2,Urban
886860,1,Complete,886860,886860,41.291205,-72.932401,3388958,New Haven,93,93,New Haven,6/11/2021,2021,6,June,11,6,Friday,11:12:00,11,21021630,A,"Injury of any type (Serious, Minor, Possible)",C,Possible Injury (C),2,0,0,4,Local,1.05,308,HOWARD AV,HOWARD AV,LAMBERTON ST,,,,,41.291205,-72.932401,14,Motor Vehicle in Operation,1,Front to rear,1,On Roadway,1,Clear,88,Not Applicable,1,Daylight,1,Dry,0,None,88,Not Applicable,88,Not Applicable,0,None,88,Not Applicable,88,Not Applicable,2,Intersection,2,Four-Way Intersection,1,No,1,No,88,Not Applicable,88,Not Applicable,88,Not Applicable,88,Not Applicable,FALSE,1,Public Road,1,"Trafficway, On Road",CT0009300,New Haven PD,40803,04:28.0,C,Closed,59:40.0,,,,,,,
886864,1,Complete,886864,886864,41.3305444,-72.8734815,3388962,New Haven,93,93,New Haven,6/11/2021,2021,6,June,11,6,Friday,16:35:00,16,21021663,A,"Injury of any type (Serious, Minor, Possible)",B,Suspected Minor Injury (B),2,0,0,4,Local,0.29,652,WEYBOSSET ST,WEYBOSSET ST,,CROSS ST,50,Feet,N,41.3305444,-72.8734815,14,Motor Vehicle in Operation,2,Front to front,1,On Roadway,1,Clear,88,Not Applicable,1,Daylight,1,Dry,0,None,88,Not Applicable,88,Not Applicable,0,None,88,Not Applicable,88,Not Applicable,1,Non-Junction,1,Not at Intersection,1,No,1,No,88,Not Applicable,88,Not Applicable,88,Not Applicable,88,Not Applicable,FALSE,1,Public Road,1,"Trafficway, On Road",CT0009300,New Haven PD,42055,50:06.0,C,Closed,59:47.0,,,,,,,
886867,1,Complete,886867,886867,41.33,-72.937926,3388965,New Haven,93,93,New Haven,6/11/2021,2021,6,June,11,6,Friday,21:08:00,21,21021703,A,"Injury of any type (Serious, Minor, Possible)",B,Suspected Minor Injury (B),2,0,0,4,Local,0.76,557,SHERMAN PKWY,WEST HAZEL ST,SHERMAN PKWY,,,,,41.33,-72.937926,14,Motor Vehicle in Operation,99,Unknown,1,On Roadway,1,Clear,88,Not Applicable,4,Dark-Lighted,1,Dry,0,None,88,Not Applicable,88,Not Applicable,0,None,88,Not Applicable,88,Not Applicable,2,Intersection,3,T-Intersection,1,No,1,No,88,Not Applicable,88,Not Applicable,88,Not Applicable,88,Not Applicable,TRUE,1,Public Road,1,"Trafficway, On Road",CT0009300,New Haven PD,42042,57:48.0,O,Open,00:01.0,,,,,,,
886871,1,Complete,886871,886871,41.306555,-72.953248,3388969,New Haven,93,93,New Haven,6/12/2021,2021,6,June,12,7,Saturday,2:59:00,2,21021732,A,"Injury of any type (Serious, Minor, Possible)",C,Possible Injury (C),1,0,0,3,State,2.13,10,10-N,10-N,REV DR MLK JR BLVD,,,,,41.306555,-72.953248,26,Ditch,88,Not Applicable,1,On Roadway,1,Clear,88,Not Applicable,4,Dark-Lighted,1,Dry,0,None,88,Not Applicable,88,Not Applicable,0,None,88,Not Applicable,88,Not Applicable,2,Intersection,3,T-Intersection,1,No,1,No,88,Not Applicable,88,Not Applicable,88,Not Applicable,88,Not Applicable,FALSE,1,Public Road,1,"Trafficway, On Road",CT0009300,New Haven PD,40800,16:27.0,C,Closed,00:08.0,,2,3535,7,LOCAL - NEW HPMS,2,Urban
886874,1,Complete,886874,886874,41.297857,-72.934263,3388972,New Haven,93,93,New Haven,6/12/2021,2021,6,June,12,7,Saturday,9:37:00,9,21021752,A,"Injury of any type (Serious, Minor, Possible)",B,Suspected Minor Injury (B),2,0,0,2,USRoute,47.4,1,1-N,1-N,HOWARD AV,,,,,41.297857,-72.934263,14,Motor Vehicle in Operation,3,Angle,1,On Roadway,4,Rain,88,Not Applicable,1,Daylight,2,Wet,0,None,88,Not Applicable,88,Not Applicable,0,None,88,Not Applicable,88,Not Applicable,2,Intersection,2,Four-Way Intersection,1,No,1,No,88,Not Applicable,88,Not Applicable,88,Not Applicable,88,Not Applicable,TRUE,1,Public Road,1,"Trafficway, On Road",CT0009300,New Haven PD,362,08:38.0,C,Closed,59:54.0,,2,8400,3,PRINCIPAL ARTERIAL - OTHER - NEW HPMS,2,Urban
886879,1,Complete,886879,886879,41.296251,-72.933784,3388977,New Haven,93,93,New Haven,6/12/2021,2021,6,June,12,7,Saturday,19:08:00,19,21021790,A,"Injury of any type (Serious, Minor, Possible)",C,Possible Injury (C),2,0,0,4,Local,0.72,308,HOWARD AV,HOWARD AV,CARLISLE ST,,,,,41.296251,-72.933784,14,Motor Vehicle in Operation,3,Angle,1,On Roadway,1,Clear,88,Not Applicable,1,Daylight,1,Dry,0,None,88,Not Applicable,88,Not Applicable,0,None,88,Not Applicable,88,Not Applicable,2,Intersection,3,T-Intersection,1,No,1,No,88,Not Applicable,88,Not Applicable,88,Not Applicable,88,Not Applicable,FALSE,1,Public Road,1,"Trafficway, On Road",CT0009300,New Haven PD,958,59:07.0,C,Closed,00:02.0,21-021790,,,,,,
886882,1,Complete,886882,886882,41.326331,-72.956059,3388980,New Haven,93,93,New Haven,6/13/2021,2021,6,June,13,1,Sunday,1:57:00,1,21021828,A,"Injury of any type (Serious, Minor, Possible)",B,Suspected Minor Injury (B),2,0,1,3,State,3.7,10,10-N,10-N,,WHALLEY AVE,1,TenthsofMile,N,41.326331,-72.956059,14,Motor Vehicle in Operation,3,Angle,1,On Roadway,1,Clear,88,Not Applicable,4,Dark-Lighted,1,Dry,0,None,88,Not Applicable,88,Not Applicable,0,None,88,Not Applicable,88,Not Applicable,9,Driveway Access-Related,1,Not at Intersection,1,No,1,No,88,Not Applicable,88,Not Applicable,88,Not Applicable,88,Not Applicable,FALSE,1,Public Road,1,"Trafficway, On Road",CT0009300,New Haven PD,40794,36:46.0,O,Open,00:03.0,21-021830,2,8800,4,MINOR ARTERIAL - NEW HPMS,2,Urban
886886,1,Complete,886886,886886,41.3129305,-72.9520361,3388984,New Haven,93,93,New Haven,6/13/2021,2021,6,June,13,1,Sunday,3:05:00,3,21021834,A,"Injury of any type (Serious, Minor, Possible)",C,Possible Injury (C),2,0,0,3,State,2.59,10,10-N,10-N,CHAPEL ST,,,,,41.3129305,-72.9520361,14,Motor Vehicle in Operation,1,Front to rear,1,On Roadway,1,Clear,88,Not Applicable,4,Dark-Lighted,1,Dry,0,None,88,Not Applicable,88,Not Applicable,0,None,88,Not Applicable,88,Not Applicable,2,Intersection,2,Four-Way Intersection,1,No,1,No,88,Not Applicable,88,Not Applicable,88,Not Applicable,88,Not Applicable,FALSE,1,Public Road,1,"Trafficway, On Road",CT0009300,New Haven PD,42053,37:04.0,C,Closed,00:08.0,,2,19700,3,PRINCIPAL ARTERIAL - OTHER - NEW HPMS,2,Urban
886954,1,Complete,886954,886954,41.31335,-72.953772,921130,New Haven,93,93,New Haven,6/13/2021,2021,6,June,13,1,Sunday,9:17:00,9,21021849,K,Fatal (Kill),K,Fatal Injury (K),1,0,1,4,Local,3.32,97,CHAPEL ST,CHAPEL ST,,ELLA T GRASSO BLVD,450,Feet,W,41.31335,-72.953772,33,Utility Pole/Light Support,88,Not Applicable,4,Roadside,1,Clear,88,Not Applicable,1,Daylight,1,Dry,99,Unknown,88,Not Applicable,88,Not Applicable,0,None,88,Not Applicable,88,Not Applicable,1,Non-Junction,1,Not at Intersection,1,No,1,No,88,Not Applicable,88,Not Applicable,88,Not Applicable,88,Not Applicable,FALSE,88,Not Applicable,1,"Trafficway, On Road",CT0009300,New Haven PD,332,22:01.0,O,Open,00:11.0,21021849,2,4100,5,MAJOR COLLECTOR - NEW HPMS,2,Urban
886960,1,Complete,886960,886960,41.288994,-72.931809,3389058,New Haven,93,93,New Haven,6/13/2021,2021,6,June,13,1,Sunday,16:49:00,16,21021896,A,"Injury of any type (Serious, Minor, Possible)",C,Possible Injury (C),1,1,1,4,Local,1.23,308,HOWARD AV,HOWARD AV,SECOND ST NO 1,,,,,41.288994,-72.931809,9,Pedestrian,88,Not Applicable,1,On Roadway,1,Clear,88,Not Applicable,1,Daylight,1,Dry,0,None,88,Not Applicable,88,Not Applicable,0,None,88,Not Applicable,88,Not Applicable,2,Intersection,2,Four-Way Intersection,1,No,1,No,88,Not Applicable,88,Not Applicable,88,Not Applicable,88,Not Applicable,FALSE,1,Public Road,1,"Trafficway, On Road",CT0009300,New Haven PD,40810,04:21.0,C,Closed,00:28.0,,2,5100,4,MINOR ARTERIAL - NEW HPMS,2,Urban
886962,1,Complete,886962,886962,41.3005835,-72.9431174,3389060,New Haven,93,93,New Haven,6/13/2021,2021,6,June,13,1,Sunday,18:22:00,18,21021908,A,"Injury of any type (Serious, Minor, Possible)",C,Possible Injury (C),2,0,0,4,Local,0.31,141,DAVENPORT AV,DAVENPORT AV,WINTHROP AV NO 1,,,,,41.3005835,-72.9431174,14,Motor Vehicle in Operation,1,Front to rear,1,On Roadway,1,Clear,88,Not Applicable,1,Daylight,1,Dry,0,None,88,Not Applicable,88,Not Applicable,0,None,88,Not Applicable,88,Not Applicable,2,Intersection,3,T-Intersection,1,No,1,No,88,Not Applicable,88,Not Applicable,88,Not Applicable,88,Not Applicable,TRUE,1,Public Road,1,"Trafficway, On Road",CT0009300,New Haven PD,42053,03:41.0,C,Closed,00:16.0,,,,,,,
886968,1,Complete,886968,886968,41.290576,-72.933674,3389066,New Haven,93,93,New Haven,6/14/2021,2021,6,June,14,2,Monday,9:12:00,9,21021978,A,"Injury of any type (Serious, Minor, Possible)",C,Possible Injury (C),3,0,0,4,Local,0.11,339,KIMBERLY AV,KIMBERLY AV,GREENWICH AV NO 1,,,,,41.290576,-72.933674,14,Motor Vehicle in Operation,3,Angle,1,On Roadway,4,Rain,88,Not Applicable,1,Daylight,2,Wet,0,None,88,Not Applicable,88,Not Applicable,0,None,88,Not Applicable,88,Not Applicable,2,Intersection,2,Four-Way Intersection,1,No,1,No,88,Not Applicable,88,Not Applicable,88,Not Applicable,88,Not Applicable,TRUE,1,Public Road,1,"Trafficway, On Road",CT0009300,New Haven PD,281,11:32.0,O,Open,00:31.0,,,,,,,
886975,1,Complete,886975,886975,41.326277,-72.87064,3389073,New Haven,93,93,New Haven,6/14/2021,2021,6,June,14,2,Monday,22:26:00,22,21022073,A,"Injury of any type (Serious, Minor, Possible)",B,Suspected Minor Injury (B),2,0,0,3,State,0.41,103,103-N,103-N,,HEMINGWAY PL,400,Feet,S,41.326277,-72.87064,14,Motor Vehicle in Operation,3,Angle,1,On Roadway,1,Clear,88,Not Applicable,4,Dark-Lighted,1,Dry,0,None,88,Not Applicable,88,Not Applicable,0,None,88,Not Applicable,88,Not Applicable,9,Driveway Access-Related,1,Not at Intersection,1,No,1,No,88,Not Applicable,88,Not Applicable,88,Not Applicable,88,Not Applicable,FALSE,1,Public Road,1,"Trafficway, On Road",CT0009300,New Haven PD,220,22:05.0,C,Closed,00:46.0,,2,9000,4,MINOR ARTERIAL - NEW HPMS,2,Urban
886981,1,Complete,886981,886981,41.297716,-72.937279,3389079,New Haven,93,93,New Haven,6/15/2021,2021,6,June,15,3,Tuesday,11:00:00,11,21022135,A,"Injury of any type (Serious, Minor, Possible)",C,Possible Injury (C),2,0,0,2,USRoute,47.24,1,1-N,1-N,,WASHINGTON AVE,75,Feet,E,41.297716,-72.937279,14,Motor Vehicle in Operation,1,Front to rear,1,On Roadway,1,Clear,88,Not Applicable,1,Daylight,1,Dry,0,None,88,Not Applicable,88,Not Applicable,0,None,88,Not Applicable,88,Not Applicable,3,Intersection-Related,2,Four-Way Intersection,1,No,1,No,88,Not Applicable,88,Not Applicable,88,Not Applicable,88,Not Applicable,FALSE,1,Public Road,1,"Trafficway, On Road",CT0009300,New Haven PD,26,00:14.0,O,Open,11:59.0,,2,8600,3,PRINCIPAL ARTERIAL - OTHER - NEW HPMS,2,Urban
886993,1,Complete,886993,886993,41.287922,-72.892834,3389091,New Haven,93,93,New Haven,6/15/2021,2021,6,June,15,3,Tuesday,20:12:00,20,21022206,A,"Injury of any type (Serious, Minor, Possible)",C,Possible Injury (C),2,0,0,3,State,0.13,337,337-E,337-E,,MAIN ST,300,Feet,S,41.287922,-72.892834,14,Motor Vehicle in Operation,3,Angle,1,On Roadway,1,Clear,88,Not Applicable,5,Dark-Not Lighted,1,Dry,0,None,88,Not Applicable,88,Not Applicable,0,None,88,Not Applicable,88,Not Applicable,1,Non-Junction,1,Not at Intersection,1,No,1,No,88,Not Applicable,88,Not Applicable,88,Not Applicable,88,Not Applicable,TRUE,1,Public Road,1,"Trafficway, On Road",CT0009300,New Haven PD,243,55:17.0,C,Closed,00:49.0,,2,9100,4,MINOR ARTERIAL - NEW HPMS,2,Urban
886996,1,Complete,886996,886996,41.31056,-72.941126,3389094,New Haven,93,93,New Haven,6/15/2021,2021,6,June,15,3,Tuesday,21:30:00,21,21022215,A,"Injury of any type (Serious, Minor, Possible)",C,Possible Injury (C),1,1,0,4,Local,2.63,97,CHAPEL ST,CHAPEL ST,,ORCHARD ST,75,Feet,E,41.31056,-72.941126,10,Pedalcycle/Pedalcyclist,97,Other,1,On Roadway,1,Clear,88,Not Applicable,6,Dark-Unknown Lighting,1,Dry,0,None,88,Not Applicable,88,Not Applicable,0,None,88,Not Applicable,88,Not Applicable,1,Non-Junction,1,Not at Intersection,1,No,1,No,88,Not Applicable,88,Not Applicable,88,Not Applicable,88,Not Applicable,FALSE,1,Public Road,1,"Trafficway, On Road",CT0009300,New Haven PD,40789,14:42.0,C,Closed,01:24.0,,,,,,,
886998,1,Complete,886998,886998,41.308626,-72.900611,3389096,New Haven,93,93,New Haven,6/16/2021,2021,6,June,16,4,Wednesday,6:33:00,6,21022227,A,"Injury of any type (Serious, Minor, Possible)",C,Possible Injury (C),2,0,0,4,Local,0.78,264,GRAND AV,GRAND AV,,SHELTER ST,100,Feet,W,41.308626,-72.900611,14,Motor Vehicle in Operation,3,Angle,1,On Roadway,1,Clear,88,Not Applicable,1,Daylight,1,Dry,0,None,88,Not Applicable,88,Not Applicable,0,None,88,Not Applicable,88,Not Applicable,1,Non-Junction,1,Not at Intersection,1,No,1,No,88,Not Applicable,88,Not Applicable,88,Not Applicable,88,Not Applicable,FALSE,1,Public Road,1,"Trafficway, On Road",CT0009300,New Haven PD,40807,32:30.0,C,Closed,01:01.0,,,,,,,
887000,1,Complete,887000,887000,41.285067,-72.932028,3389098,New Haven,93,93,New Haven,6/16/2021,2021,6,June,16,4,Wednesday,12:06:00,12,21022230,A,"Injury of any type (Serious, Minor, Possible)",C,Possible Injury (C),2,0,0,4,Local,0,215,FIFTH ST,FIFTH ST,GREENWICH AV NO 1,,,,,41.285067,-72.932028,14,Motor Vehicle in Operation,3,Angle,1,On Roadway,1,Clear,88,Not Applicable,1,Daylight,1,Dry,0,None,88,Not Applicable,88,Not Applicable,0,None,88,Not Applicable,88,Not Applicable,2,Intersection,3,T-Intersection,1,No,1,No,88,Not Applicable,88,Not Applicable,88,Not Applicable,88,Not Applicable,FALSE,1,Public Road,1,"Trafficway, On Road",CT0009300,New Haven PD,26,56:47.0,C,Closed,09:40.0,,,,,,,
887004,1,Complete,887004,887004,41.32285,-72.90679,3389102,New Haven,93,93,New Haven,6/16/2021,2021,6,June,16,4,Wednesday,13:28:00,13,21022261,A,"Injury of any type (Serious, Minor, Possible)",C,Possible Injury (C),2,0,0,4,Local,0.23,418,MITCHELL DR,MITCHELL DR,,NICHOLL ST,30,Feet,W,41.32285,-72.90679,14,Motor Vehicle in Operation,1,Front to rear,1,On Roadway,1,Clear,88,Not Applicable,1,Daylight,1,Dry,0,None,88,Not Applicable,88,Not Applicable,0,None,88,Not Applicable,88,Not Applicable,1,Non-Junction,1,Not at Intersection,1,No,1,No,88,Not Applicable,88,Not Applicable,88,Not Applicable,88,Not Applicable,TRUE,1,Public Road,1,"Trafficway, On Road",CT0009300,New Haven PD,47,24:16.0,C,Closed,02:27.0,,,,,,,
887005,1,Complete,887005,887005,41.332378,-72.976687,3389103,New Haven,93,93,New Haven,6/16/2021,2021,6,June,16,4,Wednesday,13:35:00,13,21022265,A,"Injury of any type (Serious, Minor, Possible)",C,Possible Injury (C),2,0,0,4,Local,0.24,641,WESTERLEIGH RD,WESTERLEIGH RD,,FREDERICK ST,75,Feet,S,41.332378,-72.976687,14,Motor Vehicle in Operation,7,Rear to rear,1,On Roadway,1,Clear,88,Not Applicable,1,Daylight,1,Dry,2,Visual Obstruction(s),88,Not Applicable,88,Not Applicable,0,None,88,Not Applicable,88,Not Applicable,1,Non-Junction,1,Not at Intersection,1,No,1,No,88,Not Applicable,88,Not Applicable,88,Not Applicable,88,Not Applicable,TRUE,1,Public Road,1,"Trafficway, On Road",CT0009300,New Haven PD,313,49:25.0,C,Closed,01:15.0,,,,,,,
887011,1,Complete,887011,887011,41.297463,-72.94891,3389109,New Haven,93,93,New Haven,6/16/2021,2021,6,June,16,4,Wednesday,17:54:00,17,21022307,A,"Injury of any type (Serious, Minor, Possible)",B,Suspected Minor Injury (B),2,0,0,3,State,1.47,10,10-N,10-N,1-N,,,,,41.297463,-72.94891,14,Motor Vehicle in Operation,3,Angle,1,On Roadway,1,Clear,88,Not Applicable,1,Daylight,1,Dry,0,None,88,Not Applicable,88,Not Applicable,0,None,88,Not Applicable,88,Not Applicable,2,Intersection,2,Four-Way Intersection,1,No,1,No,88,Not Applicable,88,Not Applicable,88,Not Applicable,88,Not Applicable,FALSE,1,Public Road,1,"Trafficway, On Road",CT0009300,New Haven PD,720,33:59.0,C,Closed,01:11.0,,4,20700,3,PRINCIPAL ARTERIAL - OTHER - NEW HPMS,2,Urban
887024,1,Complete,887024,887024,41.298412,-72.930717,3389122,New Haven,93,93,New Haven,6/17/2021,2021,6,June,17,5,Thursday,12:09:00,12,21022409,A,"Injury of any type (Serious, Minor, Possible)",C,Possible Injury (C),2,0,0,2,USRoute,47.59,1,1-N,1-N,LIBERTY ST NO 1,,,,,41.298412,-72.930717,14,Motor Vehicle in Operation,2,Front to front,1,On Roadway,1,Clear,88,Not Applicable,1,Daylight,1,Dry,0,None,88,Not Applicable,88,Not Applicable,0,None,88,Not Applicable,88,Not Applicable,2,Intersection,3,T-Intersection,1,No,1,No,88,Not Applicable,88,Not Applicable,88,Not Applicable,88,Not Applicable,FALSE,1,Public Road,1,"Trafficway, On Road",CT0009300,New Haven PD,26,14:53.0,C,Closed,12:23.0,,4,9000,3,PRINCIPAL ARTERIAL - OTHER - NEW HPMS,2,Urban
887027,1,Complete,887027,887027,41.313613,-72.925071,3389125,New Haven,93,93,New Haven,6/17/2021,2021,6,June,17,5,Thursday,13:34:00,13,21022418,A,"Injury of any type (Serious, Minor, Possible)",C,Possible Injury (C),2,0,0,4,Local,0.14,495,PROSPECT ST,PROSPECT ST,,TRUMBULL ST,50,Feet,S,41.313613,-72.925071,14,Motor Vehicle in Operation,1,Front to rear,1,On Roadway,1,Clear,88,Not Applicable,1,Daylight,1,Dry,0,None,88,Not Applicable,88,Not Applicable,0,None,88,Not Applicable,88,Not Applicable,3,Intersection-Related,2,Four-Way Intersection,1,No,1,No,88,Not Applicable,88,Not Applicable,88,Not Applicable,88,Not Applicable,FALSE,1,Public Road,1,"Trafficway, On Road",CT0009300,New Haven PD,279,59:02.0,C,Closed,01:27.0,,,,,,,
887029,1,Complete,887029,887029,41.3239343,-72.8815453,3389127,New Haven,93,93,New Haven,6/17/2021,2021,6,June,17,5,Thursday,16:01:00,16,21022436,A,"Injury of any type (Serious, Minor, Possible)",B,Suspected Minor Injury (B),2,0,2,3,State,0.22,17,17-N,17-N,80-W,,,,,41.3239343,-72.8815453,14,Motor Vehicle in Operation,3,Angle,1,On Roadway,1,Clear,88,Not Applicable,1,Daylight,1,Dry,0,None,88,Not Applicable,88,Not Applicable,0,None,88,Not Applicable,88,Not Applicable,2,Intersection,2,Four-Way Intersection,1,No,1,No,88,Not Applicable,88,Not Applicable,88,Not Applicable,88,Not Applicable,FALSE,1,Public Road,1,"Trafficway, On Road",CT0009300,New Haven PD,42055,43:19.0,C,Closed,01:22.0,,1,8500,1,INTERSTATE - NEW HPMS,2,Urban
887030,1,Complete,887030,887030,41.323466,-72.880486,3389128,New Haven,93,93,New Haven,6/17/2021,2021,6,June,17,5,Thursday,17:16:00,17,21022440,A,"Injury of any type (Serious, Minor, Possible)",C,Possible Injury (C),2,0,0,3,State,0.05,80,80-W,80-W,,MIDDELTOWN AVE,200,Feet,E,41.323466,-72.880486,14,Motor Vehicle in Operation,3,Angle,1,On Roadway,1,Clear,88,Not Applicable,1,Daylight,1,Dry,0,None,88,Not Applicable,88,Not Applicable,0,None,88,Not Applicable,88,Not Applicable,1,Non-Junction,1,Not at Intersection,1,No,1,No,88,Not Applicable,88,Not Applicable,88,Not Applicable,88,Not Applicable,FALSE,1,Public Road,1,"Trafficway, On Road",CT0009300,New Haven PD,42049,37:49.0,C,Closed,01:21.0,,4,32100,3,PRINCIPAL ARTERIAL - OTHER - NEW HPMS,2,Urban
887038,1,Complete,887038,887038,41.320468,-72.918449,3389136,New Haven,93,93,New Haven,6/18/2021,2021,6,June,18,6,Friday,12:16:00,12,21022507,A,"Injury of any type (Serious, Minor, Possible)",C,Possible Injury (C),2,0,0,4,Local,0.72,656,WHITNEY AV,WHITNEY AV,LAWRENCE ST NO 2,,,,,41.320468,-72.918449,14,Motor Vehicle in Operation,3,Angle,1,On Roadway,1,Clear,88,Not Applicable,1,Daylight,1,Dry,0,None,88,Not Applicable,88,Not Applicable,0,None,88,Not Applicable,88,Not Applicable,2,Intersection,2,Four-Way Intersection,1,No,1,No,88,Not Applicable,88,Not Applicable,88,Not Applicable,88,Not Applicable,FALSE,1,Public Road,1,"Trafficway, On Road",CT0009300,New Haven PD,40799,43:37.0,C,Closed,01:29.0,,,,,,,
887039,1,Complete,887039,887039,41.318879,-72.87167,3389137,New Haven,93,93,New Haven,6/18/2021,2021,6,June,18,6,Friday,12:16:00,12,21022509,A,"Injury of any type (Serious, Minor, Possible)",C,Possible Injury (C),2,0,0,4,Local,0.85,167,EASTERN ST,EASTERN ST,,FOXON BLVD,477,Feet,S,41.318879,-72.87167,14,Motor Vehicle in Operation,3,Angle,1,On Roadway,1,Clear,88,Not Applicable,1,Daylight,1,Dry,0,None,88,Not Applicable,88,Not Applicable,0,None,0,None,88,Not Applicable,1,Non-Junction,1,Not at Intersection,1,No,1,No,88,Not Applicable,88,Not Applicable,88,Not Applicable,88,Not Applicable,FALSE,1,Public Road,1,"Trafficway, On Road",CT0009300,New Haven PD,351,26:27.0,C,Closed,01:26.0,,,,,,,
887042,1,Complete,887042,887042,41.308059,-72.953115,3389140,New Haven,93,93,New Haven,6/18/2021,2021,6,June,18,6,Friday,17:11:00,17,21022529,A,"Injury of any type (Serious, Minor, Possible)",C,Possible Injury (C),2,0,0,3,State,2.24,10,10-N,10-N,JUDSON AV,,,,,41.308059,-72.953115,14,Motor Vehicle in Operation,3,Angle,1,On Roadway,1,Clear,88,Not Applicable,1,Daylight,1,Dry,0,None,88,Not Applicable,88,Not Applicable,0,None,88,Not Applicable,88,Not Applicable,3,Intersection-Related,3,T-Intersection,1,No,1,No,88,Not Applicable,88,Not Applicable,88,Not Applicable,88,Not Applicable,FALSE,1,Public Road,1,"Trafficway, On Road",CT0009300,New Haven PD,261,27:32.0,C,Closed,02:04.0,,4,33100,3,PRINCIPAL ARTERIAL - OTHER - NEW HPMS,2,Urban