CrashId,Fatal Case Status,Fatal Case Status Text Format,CrashId,CrashId,Latitude,Longitude,DOT Case Number,Town Name,Town Number,Town Number,Town Number Text Format,Date Of Crash,Year,Month,Month Text Format,Day,Day of the Week,Day of the Week Text Format,Time of Crash,Hour of the Day,Case Identifier,Crash Severity,Crash Severity Text Format,Most Severe Injury,Most Severe Injury Text Format,Number Of Motor Vehicles,Number Of Non-Motorist,Number Of Witnesses,Route Class,Route Class Text Format,Milemarker,Road Number,Road Description,Roadway Name,Intersecting Roadway Name,Landmark Description,Distance From Nearest Landmark,Unit Of Measure From Nearest Landmark,Direction From Nearest Landmark,Latitude,Longitude,First Harmful Event,First Harmful Event Text Format,Manner of Crash / Collision Impact,Manner of Crash / Collision Impact Text Format,Location of First Harmful Event,Location of First Harmful Event Text Format,Weather Condition,Weather Condition Text Format,Weather 2,Weather 2 Text Format,Light Condition,Light Condition Text Format,Road Surface Condition,Road Surface Condition Text Format,"Contributing Circumstances, Environment","Contributing Circumstances, Environment Text Format",Environment 2,Environment 2 Text Format,Environment 3,Environment 3 Text Format,"Contributing Circumstances, Road","Contributing Circumstances, Road Text Format",Road 2,Road 2 Text Format,Road 3,Road 3 Text Format,Crash Specific Location,Crash Specific Location Text Format,Type of Intersection,Type of Intersection Text Format,School Bus Related,School Bus Related Text Format,Work Zone Related,Work Zone Related Text Format,Location Of Crash Relative To Work Zone,Location Of Crash Relative To Work Zone Text Format,Type of Work Zone,Type of Work Zone Text Format,Worker Presence,Worker Presence Text Format,Law Enforcement Presence,Law Enforcement Presence Text Format,Were Vehicles Moved Prior To Police Arrival,Trafficway Ownership,Trafficway Ownership Text Format,Trafficway Class,Trafficway Class Text Format,Police Agency,Police Agency Text Format,Badge Number,Approval Date,Police Case Status,Police Case Status Text Format,Crash Report Submission Date,Related Case Identifiers,No. of Through Lanes (Log Dir.),Average Daily Traffic,Functional Classification,Functional Classification Text Format,Rural or Urban,Rural or Urban Text Format
887044,1,Complete,887044,887044,41.289054,-72.894776,3389142,New Haven,93,93,New Haven,6/18/2021,2021,6,June,18,6,Friday,21:00:00,21,21022558,A,"Injury of any type (Serious, Minor, Possible)",C,Possible Injury (C),2,0,0,1,Interstate,0.39,95,95-N-346,95-N-346,WOODWARD AV,,,,,41.289054,-72.894776,14,Motor Vehicle in Operation,4,"Sideswipe, same direction",1,On Roadway,1,Clear,88,Not Applicable,6,Dark-Unknown Lighting,1,Dry,0,None,88,Not Applicable,88,Not Applicable,0,None,88,Not Applicable,88,Not Applicable,2,Intersection,2,Four-Way Intersection,1,No,1,No,88,Not Applicable,88,Not Applicable,88,Not Applicable,88,Not Applicable,TRUE,1,Public Road,1,"Trafficway, On Road",CT0009300,New Haven PD,42055,01:03.0,C,Closed,01:44.0,,2,20600,1,INTERSTATE - NEW HPMS,,
887046,1,Complete,887046,887046,41.29448,-72.899526,3389144,New Haven,93,93,New Haven,6/18/2021,2021,6,June,18,6,Friday,23:55:00,23,21022580,A,"Injury of any type (Serious, Minor, Possible)",C,Possible Injury (C),2,0,0,2,USRoute,49.71,1,1-N,1-N,,STILES STREET,100,Feet,N,41.29448,-72.899526,14,Motor Vehicle in Operation,4,"Sideswipe, same direction",1,On Roadway,1,Clear,88,Not Applicable,4,Dark-Lighted,1,Dry,0,None,88,Not Applicable,88,Not Applicable,0,None,88,Not Applicable,88,Not Applicable,1,Non-Junction,1,Not at Intersection,1,No,1,No,88,Not Applicable,88,Not Applicable,88,Not Applicable,88,Not Applicable,FALSE,1,Public Road,1,"Trafficway, On Road",CT0009300,New Haven PD,180,37:50.0,O,Open,01:32.0,21-022580,4,9400,3,PRINCIPAL ARTERIAL - OTHER - NEW HPMS,2,Urban
887048,1,Complete,887048,887048,41.297434,-72.948809,3389146,New Haven,93,93,New Haven,6/19/2021,2021,6,June,19,7,Saturday,1:34:00,1,21022586,A,"Injury of any type (Serious, Minor, Possible)",C,Possible Injury (C),2,0,0,3,State,1.47,10,10-N,10-N,RT 1,,,,,41.297434,-72.948809,14,Motor Vehicle in Operation,3,Angle,1,On Roadway,1,Clear,88,Not Applicable,4,Dark-Lighted,1,Dry,0,None,88,Not Applicable,88,Not Applicable,0,None,88,Not Applicable,88,Not Applicable,2,Intersection,2,Four-Way Intersection,1,No,1,No,88,Not Applicable,88,Not Applicable,88,Not Applicable,88,Not Applicable,FALSE,1,Public Road,1,"Trafficway, On Road",CT0009300,New Haven PD,42056,02:54.0,O,Open,02:33.0,,4,20700,3,PRINCIPAL ARTERIAL - OTHER - NEW HPMS,2,Urban
887052,1,Complete,887052,887052,41.32459,-72.956304,3389150,New Haven,93,93,New Haven,6/19/2021,2021,6,June,19,7,Saturday,11:51:00,11,21022626,A,"Injury of any type (Serious, Minor, Possible)",C,Possible Injury (C),2,0,0,3,State,3.56,10,10-N,10-N,JEWELL ST,,,,,41.32459,-72.956304,14,Motor Vehicle in Operation,1,Front to rear,1,On Roadway,1,Clear,88,Not Applicable,1,Daylight,1,Dry,0,None,88,Not Applicable,88,Not Applicable,0,None,88,Not Applicable,88,Not Applicable,2,Intersection,3,T-Intersection,1,No,1,No,88,Not Applicable,88,Not Applicable,88,Not Applicable,88,Not Applicable,FALSE,1,Public Road,1,"Trafficway, On Road",CT0009300,New Haven PD,359,17:00.0,C,Closed,01:40.0,,4,18000,3,PRINCIPAL ARTERIAL - OTHER - NEW HPMS,2,Urban
887056,1,Complete,887056,887056,41.319622,-72.898417,3389154,New Haven,93,93,New Haven,6/19/2021,2021,6,June,19,7,Saturday,13:00:00,13,21022638,A,"Injury of any type (Serious, Minor, Possible)",C,Possible Injury (C),4,0,0,2,USRoute,0.39,5,5-N,5-N,,FERRY ST,100,Feet,N,41.319622,-72.898417,14,Motor Vehicle in Operation,3,Angle,1,On Roadway,1,Clear,88,Not Applicable,1,Daylight,1,Dry,0,None,88,Not Applicable,88,Not Applicable,0,None,88,Not Applicable,88,Not Applicable,1,Non-Junction,1,Not at Intersection,1,No,1,No,88,Not Applicable,88,Not Applicable,88,Not Applicable,88,Not Applicable,FALSE,1,Public Road,1,"Trafficway, On Road",CT0009300,New Haven PD,32,43:00.0,C,Closed,01:50.0,,3,19300,4,MINOR ARTERIAL - NEW HPMS,2,Urban
887062,1,Complete,887062,887062,41.309021,-72.925245,3389160,New Haven,93,93,New Haven,6/19/2021,2021,6,June,19,7,Saturday,16:11:00,16,21022648,A,"Injury of any type (Serious, Minor, Possible)",B,Suspected Minor Injury (B),2,0,0,4,Local,0.38,588,TEMPLE ST,TEMPLE ST,,ELM ST,100,Feet,N,41.309021,-72.925245,14,Motor Vehicle in Operation,1,Front to rear,1,On Roadway,1,Clear,1,Clear,1,Daylight,1,Dry,0,None,88,Not Applicable,88,Not Applicable,0,None,88,Not Applicable,88,Not Applicable,1,Non-Junction,1,Not at Intersection,1,No,1,No,88,Not Applicable,88,Not Applicable,88,Not Applicable,88,Not Applicable,FALSE,1,Public Road,1,"Trafficway, On Road",CT0009300,New Haven PD,41103,15:48.0,C,Closed,01:53.0,,,,,,,
887064,1,Complete,887064,887064,41.30889,-72.933503,3389162,New Haven,93,93,New Haven,6/19/2021,2021,6,June,19,7,Saturday,20:00:00,20,21022673,A,"Injury of any type (Serious, Minor, Possible)",C,Possible Injury (C),3,0,0,4,Local,0.19,463,PARK ST,PARK ST,CHAPEL ST,,,,,41.30889,-72.933503,14,Motor Vehicle in Operation,1,Front to rear,1,On Roadway,4,Rain,88,Not Applicable,4,Dark-Lighted,2,Wet,0,None,88,Not Applicable,88,Not Applicable,0,None,88,Not Applicable,0,None,2,Intersection,2,Four-Way Intersection,1,No,1,No,88,Not Applicable,88,Not Applicable,88,Not Applicable,88,Not Applicable,FALSE,1,Public Road,1,"Trafficway, On Road",CT0009300,New Haven PD,746,22:06.0,C,Closed,01:46.0,,,,,,,
887069,1,Complete,887069,887069,41.311322,-72.8819,3389167,New Haven,93,93,New Haven,6/19/2021,2021,6,June,19,7,Saturday,23:21:00,23,21022690,A,"Injury of any type (Serious, Minor, Possible)",B,Suspected Minor Injury (B),2,0,0,4,Local,1.43,498,QUINNIPIAC AV,QUINNIPIAC AV,RUNO TER,,,,,41.311322,-72.8819,14,Motor Vehicle in Operation,4,"Sideswipe, same direction",1,On Roadway,4,Rain,88,Not Applicable,4,Dark-Lighted,2,Wet,0,None,88,Not Applicable,88,Not Applicable,0,None,88,Not Applicable,88,Not Applicable,2,Intersection,3,T-Intersection,1,No,1,No,88,Not Applicable,88,Not Applicable,88,Not Applicable,88,Not Applicable,FALSE,1,Public Road,1,"Trafficway, On Road",CT0009300,New Haven PD,42057,28:49.0,C,Closed,02:00.0,,,,,,,
887070,1,Complete,887070,887070,41.294302,-72.933258,3389168,New Haven,93,93,New Haven,6/19/2021,2021,6,June,19,7,Saturday,2:05:00,2,21022691,A,"Injury of any type (Serious, Minor, Possible)",B,Suspected Minor Injury (B),2,0,0,4,Local,0.85,308,HOWARD AV,HOWARD AV,SPRING ST,,,,,41.294302,-72.933258,14,Motor Vehicle in Operation,1,Front to rear,1,On Roadway,1,Clear,88,Not Applicable,5,Dark-Not Lighted,1,Dry,0,None,88,Not Applicable,88,Not Applicable,0,None,88,Not Applicable,88,Not Applicable,2,Intersection,2,Four-Way Intersection,1,No,1,No,88,Not Applicable,88,Not Applicable,88,Not Applicable,88,Not Applicable,FALSE,1,Public Road,1,"Trafficway, On Road",CT0009300,New Haven PD,42054,01:42.0,C,Closed,03:55.0,,,,,,,
887074,1,Complete,887074,887074,41.328482,-72.921958,3389172,New Haven,93,93,New Haven,6/20/2021,2021,6,June,20,1,Sunday,14:02:00,14,21022734,A,"Injury of any type (Serious, Minor, Possible)",B,Suspected Minor Injury (B),3,0,1,4,Local,1.18,495,PROSPECT ST,PROSPECT ST,HIGHLAND ST,,,,,41.328482,-72.921958,14,Motor Vehicle in Operation,5,"Sideswipe, opposite direction",1,On Roadway,1,Clear,88,Not Applicable,1,Daylight,1,Dry,0,None,88,Not Applicable,88,Not Applicable,0,None,88,Not Applicable,88,Not Applicable,2,Intersection,2,Four-Way Intersection,1,No,1,No,88,Not Applicable,88,Not Applicable,88,Not Applicable,88,Not Applicable,FALSE,1,Public Road,1,"Trafficway, On Road",CT0009300,New Haven PD,286,45:49.0,C,Closed,03:57.0,,,,,,,
887075,1,Complete,887075,887075,41.296802,-72.948297,3389173,New Haven,93,93,New Haven,6/20/2021,2021,6,June,20,1,Sunday,15:03:00,15,21022740,A,"Injury of any type (Serious, Minor, Possible)",C,Possible Injury (C),2,0,0,3,State,1.42,10,10-N,10-N,,ORANGE AVE,300,Feet,S,41.296802,-72.948297,14,Motor Vehicle in Operation,3,Angle,1,On Roadway,1,Clear,88,Not Applicable,1,Daylight,1,Dry,0,None,88,Not Applicable,88,Not Applicable,0,None,88,Not Applicable,88,Not Applicable,1,Non-Junction,1,Not at Intersection,1,No,1,No,88,Not Applicable,88,Not Applicable,88,Not Applicable,88,Not Applicable,FALSE,1,Public Road,1,"Trafficway, On Road",CT0009300,New Haven PD,266,25:37.0,C,Closed,01:52.0,,4,20200,3,PRINCIPAL ARTERIAL - OTHER - NEW HPMS,2,Urban
887079,1,Complete,887079,887079,41.315202,-72.943113,3389177,New Haven,93,93,New Haven,6/20/2021,2021,6,June,20,1,Sunday,17:26:00,17,21022766,A,"Injury of any type (Serious, Minor, Possible)",B,Suspected Minor Injury (B),2,0,0,4,Local,0.67,556,SHERMAN AV,SHERMAN AV,ELM ST NO 1,,,,,41.315202,-72.943113,14,Motor Vehicle in Operation,1,Front to rear,1,On Roadway,1,Clear,1,Clear,1,Daylight,1,Dry,0,None,0,None,88,Not Applicable,0,None,88,Not Applicable,88,Not Applicable,2,Intersection,2,Four-Way Intersection,1,No,1,No,88,Not Applicable,88,Not Applicable,88,Not Applicable,88,Not Applicable,FALSE,1,Public Road,1,"Trafficway, On Road",CT0009300,New Haven PD,42046,30:20.0,C,Closed,02:55.0,,,,,,,
887080,1,Complete,887080,887080,41.2888137,-72.8926483,3389178,New Haven,93,93,New Haven,6/20/2021,2021,6,June,20,1,Sunday,17:54:00,17,21022768,A,"Injury of any type (Serious, Minor, Possible)",C,Possible Injury (C),2,0,0,3,State,0.07,337,337-E,337-E,MAIN ST NO 2,,,,,41.2888137,-72.8926483,14,Motor Vehicle in Operation,3,Angle,1,On Roadway,1,Clear,88,Not Applicable,1,Daylight,1,Dry,0,None,88,Not Applicable,88,Not Applicable,0,None,88,Not Applicable,88,Not Applicable,2,Intersection,2,Four-Way Intersection,1,No,1,No,88,Not Applicable,88,Not Applicable,88,Not Applicable,88,Not Applicable,TRUE,1,Public Road,1,"Trafficway, On Road",CT0009300,New Haven PD,42055,24:22.0,C,Closed,01:56.0,,4,14000,4,MINOR ARTERIAL - NEW HPMS,2,Urban
887085,1,Complete,887085,887085,41.30015,-72.926682,3389183,New Haven,93,93,New Haven,6/21/2021,2021,6,June,21,2,Monday,7:20:00,7,21022822,A,"Injury of any type (Serious, Minor, Possible)",C,Possible Injury (C),2,0,0,4,Local,0.14,627,WEST WATER ST,WEST WATER ST,SOUTH ORANGE ST,,,,,41.30015,-72.926682,14,Motor Vehicle in Operation,1,Front to rear,1,On Roadway,1,Clear,88,Not Applicable,1,Daylight,1,Dry,0,None,88,Not Applicable,88,Not Applicable,0,None,88,Not Applicable,88,Not Applicable,2,Intersection,3,T-Intersection,1,No,1,No,88,Not Applicable,88,Not Applicable,88,Not Applicable,88,Not Applicable,TRUE,1,Public Road,1,"Trafficway, On Road",CT0009300,New Haven PD,26,47:57.0,C,Closed,02:02.0,,,,,,,
887087,1,Complete,887087,887087,41.293289,-72.944097,3389185,New Haven,93,93,New Haven,6/21/2021,2021,6,June,21,2,Monday,8:41:00,8,21022832,A,"Injury of any type (Serious, Minor, Possible)",C,Possible Injury (C),2,0,0,3,State,1.09,10,10-N,10-N,,ADELINE ST,80,Feet,N,41.293289,-72.944097,14,Motor Vehicle in Operation,1,Front to rear,1,On Roadway,2,Cloudy,88,Not Applicable,1,Daylight,1,Dry,0,None,88,Not Applicable,88,Not Applicable,0,None,88,Not Applicable,88,Not Applicable,3,Intersection-Related,3,T-Intersection,1,No,1,No,88,Not Applicable,88,Not Applicable,88,Not Applicable,88,Not Applicable,FALSE,1,Public Road,1,"Trafficway, On Road",CT0009300,New Haven PD,516,43:19.0,C,Closed,02:01.0,,4,20200,3,PRINCIPAL ARTERIAL - OTHER - NEW HPMS,2,Urban
887088,1,Complete,887088,887088,41.291187,-72.941695,3389186,New Haven,93,93,New Haven,6/21/2021,2021,6,June,21,2,Monday,13:35:00,13,21022860,A,"Injury of any type (Serious, Minor, Possible)",B,Suspected Minor Injury (B),2,0,0,3,State,0.9,10,10-N,10-N,,WASHINGTON AVE,130,Feet,N,41.291187,-72.941695,14,Motor Vehicle in Operation,3,Angle,1,On Roadway,1,Clear,88,Not Applicable,1,Daylight,1,Dry,0,None,88,Not Applicable,88,Not Applicable,0,None,88,Not Applicable,88,Not Applicable,8,Driveway Access,1,Not at Intersection,1,No,1,No,88,Not Applicable,88,Not Applicable,88,Not Applicable,88,Not Applicable,TRUE,1,Public Road,1,"Trafficway, On Road",CT0009300,New Haven PD,301,31:06.0,C,Closed,02:03.0,,4,20200,3,PRINCIPAL ARTERIAL - OTHER - NEW HPMS,2,Urban
887089,1,Complete,887089,887089,41.3054784,-72.9223041,3389187,New Haven,93,93,New Haven,6/21/2021,2021,6,June,21,2,Monday,17:34:00,17,21022878,A,"Injury of any type (Serious, Minor, Possible)",C,Possible Injury (C),2,0,0,4,Local,1.3,575,STATE ST,STATE ST,PITKIN ALLEY TUNNEL,,,,,41.3054784,-72.9223041,14,Motor Vehicle in Operation,1,Front to rear,1,On Roadway,1,Clear,88,Not Applicable,1,Daylight,1,Dry,0,None,88,Not Applicable,88,Not Applicable,0,None,88,Not Applicable,88,Not Applicable,2,Intersection,3,T-Intersection,1,No,1,No,88,Not Applicable,88,Not Applicable,88,Not Applicable,88,Not Applicable,FALSE,1,Public Road,1,"Trafficway, On Road",CT0009300,New Haven PD,40952,28:39.0,C,Closed,02:07.0,,,,,,,
887098,1,Complete,887098,887098,41.282865,-72.934698,3389196,New Haven,93,93,New Haven,6/22/2021,2021,6,June,22,3,Tuesday,14:31:00,14,21023009,A,"Injury of any type (Serious, Minor, Possible)",C,Possible Injury (C),2,0,0,3,State,0.19,10,10-N,10-N,SEA ST,,,,,41.282865,-72.934698,14,Motor Vehicle in Operation,1,Front to rear,1,On Roadway,4,Rain,88,Not Applicable,1,Daylight,2,Wet,1,Weather Conditions,88,Not Applicable,88,Not Applicable,0,None,88,Not Applicable,88,Not Applicable,2,Intersection,2,Four-Way Intersection,1,No,1,No,88,Not Applicable,88,Not Applicable,88,Not Applicable,88,Not Applicable,FALSE,1,Public Road,1,"Trafficway, On Road",CT0009300,New Haven PD,958,52:41.0,C,Closed,02:12.0,,1,3800,1,INTERSTATE - NEW HPMS,2,Urban
887103,1,Complete,887103,887103,41.302351,-72.919387,3389201,New Haven,93,93,New Haven,6/23/2021,2021,6,June,23,4,Wednesday,0:07:00,0,21023058,A,"Injury of any type (Serious, Minor, Possible)",B,Suspected Minor Injury (B),1,0,0,4,Local,0.03,624,WARREN ST,WARREN ST,,WOOSTER ST #1,200,Feet,S,41.302351,-72.919387,36,Fence,88,Not Applicable,4,Roadside,1,Clear,88,Not Applicable,4,Dark-Lighted,1,Dry,0,None,88,Not Applicable,88,Not Applicable,0,None,88,Not Applicable,88,Not Applicable,9,Driveway Access-Related,1,Not at Intersection,1,No,1,No,88,Not Applicable,88,Not Applicable,88,Not Applicable,88,Not Applicable,FALSE,88,Not Applicable,4,Parking Lot,CT0009300,New Haven PD,221,23:31.0,O,Open,02:15.0,,,,,,,
887109,1,Complete,887109,887109,41.31309,-72.89647,3389207,New Haven,93,93,New Haven,6/23/2021,2021,6,June,23,4,Wednesday,13:35:00,13,21023121,A,"Injury of any type (Serious, Minor, Possible)",C,Possible Injury (C),2,0,0,4,Local,0.46,213,FERRY ST,FERRY ST,GRAFTON ST,,,,,41.31309,-72.89647,14,Motor Vehicle in Operation,4,"Sideswipe, same direction",1,On Roadway,1,Clear,88,Not Applicable,1,Daylight,1,Dry,0,None,88,Not Applicable,88,Not Applicable,0,None,88,Not Applicable,88,Not Applicable,2,Intersection,3,T-Intersection,1,No,1,No,88,Not Applicable,88,Not Applicable,88,Not Applicable,88,Not Applicable,FALSE,1,Public Road,1,"Trafficway, On Road",CT0009300,New Haven PD,86,06:09.0,C,Closed,02:40.0,,,,,,,
887113,1,Complete,887113,887113,41.319892,-72.906266,3389211,New Haven,93,93,New Haven,6/23/2021,2021,6,June,23,4,Wednesday,17:36:00,17,21023147,A,"Injury of any type (Serious, Minor, Possible)",C,Possible Injury (C),2,0,0,4,Local,0.31,666,WILLOW ST,WILLOW ST,MITCHELL DR,,,,,41.319892,-72.906266,14,Motor Vehicle in Operation,1,Front to rear,1,On Roadway,1,Clear,88,Not Applicable,1,Daylight,1,Dry,0,None,88,Not Applicable,88,Not Applicable,0,None,88,Not Applicable,88,Not Applicable,3,Intersection-Related,3,T-Intersection,1,No,1,No,88,Not Applicable,88,Not Applicable,88,Not Applicable,88,Not Applicable,TRUE,1,Public Road,1,"Trafficway, On Road",CT0009300,New Haven PD,30,43:15.0,C,Closed,02:21.0,NONE,,,,,,
887115,1,Complete,887115,887115,41.29022,-72.893972,3389213,New Haven,93,93,New Haven,6/23/2021,2021,6,June,23,4,Wednesday,20:43:00,20,21023172,A,"Injury of any type (Serious, Minor, Possible)",C,Possible Injury (C),2,0,0,2,USRoute,50.15,1,1-N,1-N,WOODWARD AV,,,,,41.29022,-72.893972,14,Motor Vehicle in Operation,3,Angle,1,On Roadway,1,Clear,88,Not Applicable,3,Dusk,1,Dry,0,None,88,Not Applicable,88,Not Applicable,0,None,88,Not Applicable,88,Not Applicable,2,Intersection,2,Four-Way Intersection,1,No,1,No,88,Not Applicable,88,Not Applicable,88,Not Applicable,88,Not Applicable,FALSE,1,Public Road,1,"Trafficway, On Road",CT0009300,New Haven PD,42049,07:11.0,C,Closed,03:11.0,,4,9400,3,PRINCIPAL ARTERIAL - OTHER - NEW HPMS,2,Urban
887116,1,Complete,887116,887116,41.31837,-72.95219,3389214,New Haven,93,93,New Haven,6/23/2021,2021,6,June,23,4,Wednesday,21:25:00,21,21023175,A,"Injury of any type (Serious, Minor, Possible)",C,Possible Injury (C),2,0,0,4,Local,1.08,194,ELM ST NO 1,ELM ST NO 1,HOBART ST,,,,,41.31837,-72.95219,14,Motor Vehicle in Operation,97,Other,1,On Roadway,1,Clear,88,Not Applicable,4,Dark-Lighted,1,Dry,0,None,88,Not Applicable,88,Not Applicable,0,None,88,Not Applicable,88,Not Applicable,2,Intersection,2,Four-Way Intersection,1,No,1,No,88,Not Applicable,88,Not Applicable,88,Not Applicable,88,Not Applicable,TRUE,1,Public Road,1,"Trafficway, On Road",CT0009300,New Haven PD,40951,44:01.0,C,Closed,02:22.0,,,,,,,
887117,1,Complete,887117,887117,41.3093118,-72.935522,3389215,New Haven,93,93,New Haven,6/23/2021,2021,6,June,23,4,Wednesday,21:45:00,21,21023180,A,"Injury of any type (Serious, Minor, Possible)",B,Suspected Minor Injury (B),2,0,0,4,Local,0.24,310,HOWE ST,HOWE ST,CHAPEL ST,,,,,41.3093118,-72.935522,14,Motor Vehicle in Operation,3,Angle,1,On Roadway,1,Clear,1,Clear,4,Dark-Lighted,1,Dry,0,None,88,Not Applicable,88,Not Applicable,0,None,88,Not Applicable,88,Not Applicable,2,Intersection,2,Four-Way Intersection,1,No,1,No,88,Not Applicable,88,Not Applicable,88,Not Applicable,88,Not Applicable,FALSE,1,Public Road,1,"Trafficway, On Road",CT0009300,New Haven PD,42046,29:39.0,C,Closed,02:23.0,,,,,,,
887121,1,Complete,887121,887121,41.33152,-72.930325,3389219,New Haven,93,93,New Haven,6/24/2021,2021,6,June,24,5,Thursday,8:23:00,8,21023217,A,"Injury of any type (Serious, Minor, Possible)",C,Possible Injury (C),2,0,0,4,Local,0.46,42,BASSETT ST,BASSETT ST,BUTLER ST,,,,,41.33152,-72.930325,14,Motor Vehicle in Operation,3,Angle,1,On Roadway,1,Clear,88,Not Applicable,1,Daylight,1,Dry,0,None,88,Not Applicable,88,Not Applicable,0,None,88,Not Applicable,88,Not Applicable,2,Intersection,2,Four-Way Intersection,1,No,1,No,88,Not Applicable,88,Not Applicable,88,Not Applicable,88,Not Applicable,FALSE,1,Public Road,1,"Trafficway, On Road",CT0009300,New Haven PD,32,42:23.0,C,Closed,02:29.0,,,,,,,
887132,1,Complete,887132,887132,41.330319,-72.9716,3389230,New Haven,93,93,New Haven,6/24/2021,2021,6,June,24,5,Thursday,19:55:00,19,21023296,A,"Injury of any type (Serious, Minor, Possible)",C,Possible Injury (C),2,0,0,3,State,0.89,63,63-N,63-N,,W PROSPECT ST,65,Feet,E,41.330319,-72.9716,14,Motor Vehicle in Operation,1,Front to rear,1,On Roadway,1,Clear,88,Not Applicable,3,Dusk,1,Dry,0,None,0,None,0,None,0,None,88,Not Applicable,88,Not Applicable,3,Intersection-Related,3,T-Intersection,1,No,1,No,88,Not Applicable,88,Not Applicable,88,Not Applicable,88,Not Applicable,FALSE,1,Public Road,1,"Trafficway, On Road",CT0009300,New Haven PD,55,13:09.0,C,Closed,02:43.0,,4,22900,3,PRINCIPAL ARTERIAL - OTHER - NEW HPMS,2,Urban
887134,1,Complete,887134,887134,41.327741,-72.869718,3389232,New Haven,93,93,New Haven,6/24/2021,2021,6,June,24,5,Thursday,22:13:00,22,21023308,A,"Injury of any type (Serious, Minor, Possible)",C,Possible Injury (C),2,0,0,3,State,0.52,103,103-N,103-N,,ASSUMPTION ST,165,Feet,S,41.327741,-72.869718,14,Motor Vehicle in Operation,1,Front to rear,1,On Roadway,1,Clear,88,Not Applicable,4,Dark-Lighted,1,Dry,0,None,88,Not Applicable,88,Not Applicable,0,None,88,Not Applicable,88,Not Applicable,1,Non-Junction,1,Not at Intersection,1,No,1,No,88,Not Applicable,88,Not Applicable,88,Not Applicable,88,Not Applicable,FALSE,1,Public Road,1,"Trafficway, On Road",CT0009300,New Haven PD,42055,12:15.0,C,Closed,02:50.0,,2,9000,4,MINOR ARTERIAL - NEW HPMS,2,Urban
887135,1,Complete,887135,887135,41.302211,-72.939324,3389233,New Haven,93,93,New Haven,6/25/2021,2021,6,June,25,6,Friday,7:00:00,7,21023321,A,"Injury of any type (Serious, Minor, Possible)",C,Possible Injury (C),2,0,0,4,Local,0.55,141,DAVENPORT AV,DAVENPORT AV,ASYLUM ST,,,,,41.302211,-72.939324,14,Motor Vehicle in Operation,3,Angle,1,On Roadway,4,Rain,2,Cloudy,1,Daylight,2,Wet,0,None,88,Not Applicable,88,Not Applicable,0,None,88,Not Applicable,88,Not Applicable,2,Intersection,2,Four-Way Intersection,1,No,1,No,88,Not Applicable,88,Not Applicable,88,Not Applicable,88,Not Applicable,TRUE,1,Public Road,1,"Trafficway, On Road",CT0009300,New Haven PD,204,55:01.0,C,Closed,02:38.0,,,,,,,
887136,1,Complete,887136,887136,41.308472,-72.903191,3389234,New Haven,93,93,New Haven,6/25/2021,2021,6,June,25,6,Friday,12:30:00,12,21023347,A,"Injury of any type (Serious, Minor, Possible)",B,Suspected Minor Injury (B),2,0,0,4,Local,0.92,264,GRAND AV,GRAND AV,JAMES ST,,,,,41.308472,-72.903191,14,Motor Vehicle in Operation,3,Angle,1,On Roadway,1,Clear,88,Not Applicable,1,Daylight,1,Dry,0,None,88,Not Applicable,88,Not Applicable,0,None,88,Not Applicable,88,Not Applicable,2,Intersection,2,Four-Way Intersection,1,No,1,No,88,Not Applicable,88,Not Applicable,88,Not Applicable,88,Not Applicable,TRUE,1,Public Road,1,"Trafficway, On Road",CT0009300,New Haven PD,86,15:51.0,C,Closed,02:50.0,,,,,,,
887137,1,Complete,887137,887137,41.308875,-72.88912,3389235,New Haven,93,93,New Haven,6/25/2021,2021,6,June,25,6,Friday,12:56:00,12,21023353,A,"Injury of any type (Serious, Minor, Possible)",B,Suspected Minor Injury (B),1,1,2,4,Local,0.94,240,FRONT ST,FRONT ST,,GRAND AVE,200,Feet,S,41.308875,-72.88912,9,Pedestrian,88,Not Applicable,1,On Roadway,1,Clear,88,Not Applicable,1,Daylight,1,Dry,0,None,88,Not Applicable,88,Not Applicable,0,None,88,Not Applicable,88,Not Applicable,1,Non-Junction,1,Not at Intersection,1,No,1,No,88,Not Applicable,88,Not Applicable,88,Not Applicable,88,Not Applicable,FALSE,1,Public Road,1,"Trafficway, On Road",CT0009300,New Haven PD,42366,14:33.0,C,Closed,02:43.0,,2,4249,7,LOCAL - NEW HPMS,2,Urban
887146,1,Complete,887146,887146,41.309167,-72.919319,3389244,New Haven,93,93,New Haven,6/25/2021,2021,6,June,25,6,Friday,23:28:00,23,21023429,A,"Injury of any type (Serious, Minor, Possible)",C,Possible Injury (C),2,0,0,4,Local,1,575,STATE ST,STATE ST,GROVE ST,,,,,41.309167,-72.919319,14,Motor Vehicle in Operation,4,"Sideswipe, same direction",1,On Roadway,1,Clear,88,Not Applicable,4,Dark-Lighted,1,Dry,0,None,88,Not Applicable,88,Not Applicable,0,None,88,Not Applicable,88,Not Applicable,3,Intersection-Related,2,Four-Way Intersection,1,No,1,No,88,Not Applicable,88,Not Applicable,88,Not Applicable,88,Not Applicable,TRUE,1,Public Road,1,"Trafficway, On Road",CT0009300,New Haven PD,344,20:50.0,C,Closed,02:45.0,21-023429,,,,,,