CrashId,Fatal Case Status,Fatal Case Status Text Format,CrashId,CrashId,Latitude,Longitude,DOT Case Number,Town Name,Town Number,Town Number,Town Number Text Format,Date Of Crash,Year,Month,Month Text Format,Day,Day of the Week,Day of the Week Text Format,Time of Crash,Hour of the Day,Case Identifier,Crash Severity,Crash Severity Text Format,Most Severe Injury,Most Severe Injury Text Format,Number Of Motor Vehicles,Number Of Non-Motorist,Number Of Witnesses,Route Class,Route Class Text Format,Milemarker,Road Number,Road Description,Roadway Name,Intersecting Roadway Name,Landmark Description,Distance From Nearest Landmark,Unit Of Measure From Nearest Landmark,Direction From Nearest Landmark,Latitude,Longitude,First Harmful Event,First Harmful Event Text Format,Manner of Crash / Collision Impact,Manner of Crash / Collision Impact Text Format,Location of First Harmful Event,Location of First Harmful Event Text Format,Weather Condition,Weather Condition Text Format,Weather 2,Weather 2 Text Format,Light Condition,Light Condition Text Format,Road Surface Condition,Road Surface Condition Text Format,"Contributing Circumstances, Environment","Contributing Circumstances, Environment Text Format",Environment 2,Environment 2 Text Format,Environment 3,Environment 3 Text Format,"Contributing Circumstances, Road","Contributing Circumstances, Road Text Format",Road 2,Road 2 Text Format,Road 3,Road 3 Text Format,Crash Specific Location,Crash Specific Location Text Format,Type of Intersection,Type of Intersection Text Format,School Bus Related,School Bus Related Text Format,Work Zone Related,Work Zone Related Text Format,Location Of Crash Relative To Work Zone,Location Of Crash Relative To Work Zone Text Format,Type of Work Zone,Type of Work Zone Text Format,Worker Presence,Worker Presence Text Format,Law Enforcement Presence,Law Enforcement Presence Text Format,Were Vehicles Moved Prior To Police Arrival,Trafficway Ownership,Trafficway Ownership Text Format,Trafficway Class,Trafficway Class Text Format,Police Agency,Police Agency Text Format,Badge Number,Approval Date,Police Case Status,Police Case Status Text Format,Crash Report Submission Date,Related Case Identifiers,No. of Through Lanes (Log Dir.),Average Daily Traffic,Functional Classification,Functional Classification Text Format,Rural or Urban,Rural or Urban Text Format
887147,1,Complete,887147,887147,41.321732,-72.95283,921148,New Haven,93,93,New Haven,6/26/2021,2021,6,June,26,7,Saturday,1:30:00,1,21023437,K,Fatal (Kill),K,Fatal Injury (K),2,0,0,3,State,3.3,10,10-N,10-N,HUBINGER ST,,,,,41.321732,-72.95283,14,Motor Vehicle in Operation,99,Unknown,1,On Roadway,1,Clear,88,Not Applicable,4,Dark-Lighted,1,Dry,0,None,88,Not Applicable,88,Not Applicable,0,None,88,Not Applicable,88,Not Applicable,2,Intersection,3,T-Intersection,1,No,1,No,88,Not Applicable,88,Not Applicable,88,Not Applicable,88,Not Applicable,TRUE,1,Public Road,1,"Trafficway, On Road",CT0009300,New Haven PD,82,31:34.0,O,Open,02:46.0,,4,18000,3,PRINCIPAL ARTERIAL - OTHER - NEW HPMS,2,Urban
887152,1,Complete,887152,887152,41.318014,-72.946347,3389250,New Haven,93,93,New Haven,6/26/2021,2021,6,June,26,7,Saturday,13:37:00,13,21023465,A,"Injury of any type (Serious, Minor, Possible)",C,Possible Injury (C),2,0,0,4,Local,0.15,653,WHALLEY AV,WHALLEY AV,,NORTON ST,90,Feet,W,41.318014,-72.946347,14,Motor Vehicle in Operation,1,Front to rear,1,On Roadway,1,Clear,88,Not Applicable,1,Daylight,1,Dry,0,None,88,Not Applicable,88,Not Applicable,0,None,88,Not Applicable,88,Not Applicable,2,Intersection,2,Four-Way Intersection,1,No,1,No,88,Not Applicable,88,Not Applicable,88,Not Applicable,88,Not Applicable,FALSE,1,Public Road,1,"Trafficway, On Road",CT0009300,New Haven PD,295,15:16.0,C,Closed,02:51.0,,,,,,,
887153,1,Complete,887153,887153,41.290227,-72.894068,3389251,New Haven,93,93,New Haven,6/26/2021,2021,6,June,26,7,Saturday,14:08:00,14,21023467,A,"Injury of any type (Serious, Minor, Possible)",B,Suspected Minor Injury (B),2,0,0,2,USRoute,50.15,1,1-N,1-N,WOODWARD AV,,,,,41.290227,-72.894068,14,Motor Vehicle in Operation,3,Angle,1,On Roadway,1,Clear,88,Not Applicable,1,Daylight,1,Dry,0,None,88,Not Applicable,88,Not Applicable,0,None,88,Not Applicable,88,Not Applicable,2,Intersection,2,Four-Way Intersection,1,No,1,No,88,Not Applicable,88,Not Applicable,88,Not Applicable,88,Not Applicable,FALSE,1,Public Road,1,"Trafficway, On Road",CT0009300,New Haven PD,42369,41:00.0,C,Closed,03:40.0,,4,9400,3,PRINCIPAL ARTERIAL - OTHER - NEW HPMS,2,Urban
887155,1,Complete,887155,887155,41.332479,-72.975123,3389253,New Haven,93,93,New Haven,6/26/2021,2021,6,June,26,7,Saturday,16:06:00,16,21023475,A,"Injury of any type (Serious, Minor, Possible)",C,Possible Injury (C),3,0,0,3,State,1.12,63,63-N,63-N,RAMSDELL ST,,,,,41.332479,-72.975123,14,Motor Vehicle in Operation,1,Front to rear,1,On Roadway,1,Clear,88,Not Applicable,1,Daylight,1,Dry,0,None,88,Not Applicable,88,Not Applicable,0,None,88,Not Applicable,88,Not Applicable,2,Intersection,2,Four-Way Intersection,1,No,1,No,88,Not Applicable,88,Not Applicable,88,Not Applicable,88,Not Applicable,FALSE,1,Public Road,1,"Trafficway, On Road",CT0009300,New Haven PD,402,03:17.0,C,Closed,02:56.0,,4,22900,3,PRINCIPAL ARTERIAL - OTHER - NEW HPMS,2,Urban
887163,1,Complete,887163,887163,41.312192,-72.948201,3389261,New Haven,93,93,New Haven,6/26/2021,2021,6,June,26,7,Saturday,19:23:00,19,21023495,A,"Injury of any type (Serious, Minor, Possible)",C,Possible Injury (C),1,1,0,4,Local,3.02,97,CHAPEL ST,CHAPEL ST,,NORTON ST,115,Feet,E,41.312192,-72.948201,10,Pedalcycle/Pedalcyclist,4,"Sideswipe, same direction",1,On Roadway,1,Clear,88,Not Applicable,1,Daylight,1,Dry,0,None,88,Not Applicable,88,Not Applicable,0,None,88,Not Applicable,88,Not Applicable,1,Non-Junction,1,Not at Intersection,1,No,1,No,88,Not Applicable,88,Not Applicable,88,Not Applicable,88,Not Applicable,FALSE,99,Unknown,1,"Trafficway, On Road",CT0009300,New Haven PD,261,37:16.0,C,Closed,03:01.0,,,,,,,
887164,1,Complete,887164,887164,41.263118,-72.890517,3389262,New Haven,93,93,New Haven,6/26/2021,2021,6,June,26,7,Saturday,19:27:00,19,21023496,A,"Injury of any type (Serious, Minor, Possible)",A,Suspected Serious Injury (A),1,0,0,4,Local,0.31,144,DEAN ST,DEAN ST,,ARDEN ST,130,Feet,S,41.263118,-72.890517,8,Other Non-Collision,88,Not Applicable,1,On Roadway,1,Clear,88,Not Applicable,1,Daylight,1,Dry,0,None,88,Not Applicable,88,Not Applicable,0,None,88,Not Applicable,88,Not Applicable,1,Non-Junction,1,Not at Intersection,1,No,1,No,88,Not Applicable,88,Not Applicable,88,Not Applicable,88,Not Applicable,FALSE,1,Public Road,1,"Trafficway, On Road",CT0009300,New Haven PD,416,42:02.0,C,Closed,02:54.0,,2,2578,7,LOCAL - NEW HPMS,2,Urban
887171,1,Complete,887171,887171,41.333703,-72.935151,3389269,New Haven,93,93,New Haven,6/27/2021,2021,6,June,27,1,Sunday,4:06:00,4,21023536,A,"Injury of any type (Serious, Minor, Possible)",C,Possible Injury (C),2,0,0,4,Local,1.47,152,DIXWELL AV,DIXWELL AV,,DOORMAN ST,100,Feet,N,41.333703,-72.935151,14,Motor Vehicle in Operation,1,Front to rear,2,Shoulder,1,Clear,88,Not Applicable,4,Dark-Lighted,1,Dry,0,None,88,Not Applicable,88,Not Applicable,0,None,88,Not Applicable,88,Not Applicable,1,Non-Junction,1,Not at Intersection,1,No,1,No,88,Not Applicable,88,Not Applicable,88,Not Applicable,88,Not Applicable,FALSE,1,Public Road,1,"Trafficway, On Road",CT0009300,New Haven PD,432,00:10.0,C,Closed,03:15.0,,,,,,,
887177,1,Complete,887177,887177,41.311013,-72.944684,3389275,New Haven,93,93,New Haven,6/27/2021,2021,6,June,27,1,Sunday,15:56:00,15,21023568,A,"Injury of any type (Serious, Minor, Possible)",C,Possible Injury (C),2,0,0,4,Local,0.37,556,SHERMAN AV,SHERMAN AV,,CHAPEL ST,140,Feet,S,41.311013,-72.944684,14,Motor Vehicle in Operation,1,Front to rear,1,On Roadway,1,Clear,88,Not Applicable,1,Daylight,1,Dry,0,None,88,Not Applicable,88,Not Applicable,0,None,88,Not Applicable,88,Not Applicable,1,Non-Junction,1,Not at Intersection,1,No,1,No,88,Not Applicable,88,Not Applicable,88,Not Applicable,88,Not Applicable,TRUE,1,Public Road,1,"Trafficway, On Road",CT0009300,New Haven PD,72,33:21.0,C,Closed,03:07.0,,,,,,,
887181,1,Complete,887181,887181,41.309378,-72.926825,3389279,New Haven,93,93,New Haven,6/27/2021,2021,6,June,27,1,Sunday,15:48:00,15,21023572,A,"Injury of any type (Serious, Minor, Possible)",A,Suspected Serious Injury (A),3,0,1,4,Local,0.39,726,ELM ST NO 2,ELM ST NO 2,,COLLEGE ST,50,Feet,E,41.309378,-72.926825,15,Parked Motor Vehicle,1,Front to rear,1,On Roadway,1,Clear,88,Not Applicable,1,Daylight,1,Dry,0,None,88,Not Applicable,88,Not Applicable,0,None,88,Not Applicable,88,Not Applicable,2,Intersection,2,Four-Way Intersection,1,No,1,No,88,Not Applicable,88,Not Applicable,88,Not Applicable,88,Not Applicable,FALSE,1,Public Road,1,"Trafficway, On Road",CT0009300,New Haven PD,42044,45:15.0,O,Open,03:27.0,,,,,,,
887183,1,Complete,887183,887183,41.324975,-72.871312,3389281,New Haven,93,93,New Haven,6/27/2021,2021,6,June,27,1,Sunday,18:09:00,18,21023584,A,"Injury of any type (Serious, Minor, Possible)",B,Suspected Minor Injury (B),2,0,0,3,State,0.31,103,103-N,103-N,,ST ANTHONY ST,100,Feet,S,41.324975,-72.871312,14,Motor Vehicle in Operation,3,Angle,1,On Roadway,1,Clear,1,Clear,1,Daylight,1,Dry,0,None,88,Not Applicable,88,Not Applicable,0,None,88,Not Applicable,88,Not Applicable,1,Non-Junction,1,Not at Intersection,1,No,1,No,88,Not Applicable,88,Not Applicable,88,Not Applicable,88,Not Applicable,TRUE,1,Public Road,1,"Trafficway, On Road",CT0009300,New Haven PD,409,29:35.0,C,Closed,03:14.0,,2,9000,4,MINOR ARTERIAL - NEW HPMS,2,Urban
887185,1,Complete,887185,887185,41.3159335,-72.8728224,3389283,New Haven,93,93,New Haven,6/27/2021,2021,6,June,27,1,Sunday,18:42:00,18,21023596,A,"Injury of any type (Serious, Minor, Possible)",C,Possible Injury (C),2,0,0,4,Local,0.55,167,EASTERN ST,EASTERN ST,HEMINGWAY ST,,,,,41.3159335,-72.8728224,14,Motor Vehicle in Operation,1,Front to rear,1,On Roadway,1,Clear,88,Not Applicable,1,Daylight,1,Dry,0,None,88,Not Applicable,88,Not Applicable,0,None,88,Not Applicable,88,Not Applicable,2,Intersection,3,T-Intersection,1,No,1,No,88,Not Applicable,88,Not Applicable,88,Not Applicable,88,Not Applicable,FALSE,1,Public Road,1,"Trafficway, On Road",CT0009300,New Haven PD,42055,58:27.0,C,Closed,03:18.0,,,,,,,
887186,1,Complete,887186,887186,41.3059,-72.946883,3389284,New Haven,93,93,New Haven,6/27/2021,2021,6,June,27,1,Sunday,19:00:00,19,21023598,A,"Injury of any type (Serious, Minor, Possible)",C,Possible Injury (C),2,0,1,4,Local,0.29,360,LEGION AV-RT 34,LEGION AV-RT 34,SHERMAN AV,,,,,41.3059,-72.946883,14,Motor Vehicle in Operation,3,Angle,1,On Roadway,1,Clear,88,Not Applicable,1,Daylight,1,Dry,0,None,88,Not Applicable,88,Not Applicable,0,None,88,Not Applicable,88,Not Applicable,2,Intersection,2,Four-Way Intersection,1,No,1,No,88,Not Applicable,88,Not Applicable,88,Not Applicable,88,Not Applicable,FALSE,1,Public Road,1,"Trafficway, On Road",CT0009300,New Haven PD,428,34:49.0,C,Closed,05:24.0,,,,,,,
887192,1,Complete,887192,887192,41.305192,-72.930642,3389290,New Haven,93,93,New Haven,6/28/2021,2021,6,June,28,2,Monday,12:41:00,12,21023663,A,"Injury of any type (Serious, Minor, Possible)",C,Possible Injury (C),2,0,0,4,Local,1.09,248,GEORGE ST,GEORGE ST,,COLLEGE ST,85,Feet,W,41.305192,-72.930642,14,Motor Vehicle in Operation,1,Front to rear,1,On Roadway,1,Clear,88,Not Applicable,1,Daylight,1,Dry,0,None,88,Not Applicable,88,Not Applicable,0,None,88,Not Applicable,88,Not Applicable,2,Intersection,2,Four-Way Intersection,1,No,1,No,88,Not Applicable,88,Not Applicable,88,Not Applicable,88,Not Applicable,TRUE,1,Public Road,1,"Trafficway, On Road",CT0009300,New Haven PD,441,52:54.0,C,Closed,03:17.0,,,,,,,
887198,1,Complete,887198,887198,41.31224,-72.94859,3389296,New Haven,93,93,New Haven,6/28/2021,2021,6,June,28,2,Monday,18:22:00,18,21023697,A,"Injury of any type (Serious, Minor, Possible)",C,Possible Injury (C),2,0,2,4,Local,3.04,97,CHAPEL ST,CHAPEL ST,NORTON ST,,,,,41.31224,-72.94859,14,Motor Vehicle in Operation,3,Angle,1,On Roadway,1,Clear,88,Not Applicable,1,Daylight,1,Dry,0,None,88,Not Applicable,88,Not Applicable,0,None,88,Not Applicable,88,Not Applicable,3,Intersection-Related,2,Four-Way Intersection,1,No,1,No,88,Not Applicable,88,Not Applicable,88,Not Applicable,88,Not Applicable,FALSE,1,Public Road,1,"Trafficway, On Road",CT0009300,New Haven PD,40951,24:13.0,C,Closed,03:23.0,,,,,,,
887199,1,Complete,887199,887199,41.308968,-72.896612,3389297,New Haven,93,93,New Haven,6/28/2021,2021,6,June,28,2,Monday,18:26:00,18,21023699,A,"Injury of any type (Serious, Minor, Possible)",C,Possible Injury (C),2,0,0,4,Local,0.57,264,GRAND AV,GRAND AV,,POPLAR ST,115,Feet,E,41.308968,-72.896612,14,Motor Vehicle in Operation,3,Angle,1,On Roadway,1,Clear,88,Not Applicable,1,Daylight,1,Dry,0,None,88,Not Applicable,88,Not Applicable,0,None,88,Not Applicable,88,Not Applicable,8,Driveway Access,1,Not at Intersection,1,No,1,No,88,Not Applicable,88,Not Applicable,88,Not Applicable,88,Not Applicable,FALSE,1,Public Road,1,"Trafficway, On Road",CT0009300,New Haven PD,40786,40:20.0,C,Closed,03:35.0,,,,,,,
887200,1,Complete,887200,887200,41.317477,-72.90144,3389298,New Haven,93,93,New Haven,6/28/2021,2021,6,June,28,2,Monday,20:07:00,20,21023709,A,"Injury of any type (Serious, Minor, Possible)",C,Possible Injury (C),3,0,0,2,USRoute,0.17,5,5-N,5-N,BLATCHLEY AV,,,,,41.317477,-72.90144,14,Motor Vehicle in Operation,1,Front to rear,1,On Roadway,1,Clear,88,Not Applicable,1,Daylight,1,Dry,0,None,88,Not Applicable,88,Not Applicable,0,None,88,Not Applicable,88,Not Applicable,3,Intersection-Related,2,Four-Way Intersection,1,No,1,No,88,Not Applicable,88,Not Applicable,88,Not Applicable,88,Not Applicable,FALSE,1,Public Road,1,"Trafficway, On Road",CT0009300,New Haven PD,40815,47:20.0,O,Open,03:36.0,,2,13900,4,MINOR ARTERIAL - NEW HPMS,2,Urban
887202,1,Complete,887202,887202,41.306948,-72.94211,3389300,New Haven,93,93,New Haven,6/28/2021,2021,6,June,28,2,Monday,21:49:00,21,21023725,A,"Injury of any type (Serious, Minor, Possible)",C,Possible Injury (C),2,0,0,4,Local,1,809,REV DR MLK JR BLVD,REV DR MLK JR BLVD,,ORCHARD ST,105,Feet,E,41.306948,-72.94211,14,Motor Vehicle in Operation,1,Front to rear,1,On Roadway,1,Clear,88,Not Applicable,4,Dark-Lighted,1,Dry,0,None,88,Not Applicable,88,Not Applicable,0,None,88,Not Applicable,88,Not Applicable,1,Non-Junction,1,Not at Intersection,1,No,1,No,88,Not Applicable,88,Not Applicable,88,Not Applicable,88,Not Applicable,FALSE,1,Public Road,1,"Trafficway, On Road",CT0009300,New Haven PD,746,01:17.0,C,Closed,03:25.0,,,,,,,
887204,1,Complete,887204,887204,41.3255225,-72.9526117,3389302,New Haven,93,93,New Haven,6/29/2021,2021,6,June,29,3,Tuesday,21:57:00,21,21023728,A,"Injury of any type (Serious, Minor, Possible)",C,Possible Injury (C),2,0,0,4,Local,0.41,56,BLAKE ST,BLAKE ST,DIAMOND ST,,,,,41.3255225,-72.9526117,14,Motor Vehicle in Operation,3,Angle,1,On Roadway,1,Clear,88,Not Applicable,4,Dark-Lighted,1,Dry,99,Unknown,88,Not Applicable,88,Not Applicable,99,Unknown,88,Not Applicable,88,Not Applicable,2,Intersection,3,T-Intersection,1,No,1,No,88,Not Applicable,88,Not Applicable,88,Not Applicable,88,Not Applicable,FALSE,1,Public Road,1,"Trafficway, On Road",CT0009300,New Haven PD,11439,26:57.0,C,Closed,03:33.0,,,,,,,
887205,1,Complete,887205,887205,41.308238,-72.924172,3389303,New Haven,93,93,New Haven,6/29/2021,2021,6,June,29,3,Tuesday,12:07:00,12,21023777,A,"Injury of any type (Serious, Minor, Possible)",C,Possible Injury (C),2,0,0,4,Local,0.34,103,CHURCH ST,CHURCH ST,ELM ST NO 2,,,,,41.308238,-72.924172,14,Motor Vehicle in Operation,3,Angle,1,On Roadway,1,Clear,88,Not Applicable,1,Daylight,1,Dry,0,None,88,Not Applicable,88,Not Applicable,0,None,88,Not Applicable,88,Not Applicable,2,Intersection,2,Four-Way Intersection,1,No,1,No,88,Not Applicable,88,Not Applicable,88,Not Applicable,88,Not Applicable,FALSE,1,Public Road,1,"Trafficway, On Road",CT0009300,New Haven PD,251,40:21.0,C,Closed,04:08.0,,,,,,,
887211,1,Complete,887211,887211,41.304336,-72.942599,3389309,New Haven,93,93,New Haven,6/29/2021,2021,6,June,29,3,Tuesday,18:14:00,18,21023825,A,"Injury of any type (Serious, Minor, Possible)",C,Possible Injury (C),2,0,0,4,Local,0.2,453,ORCHARD ST,ORCHARD ST,SYLVAN AV,,,,,41.304336,-72.942599,14,Motor Vehicle in Operation,2,Front to front,1,On Roadway,1,Clear,88,Not Applicable,1,Daylight,1,Dry,99,Unknown,88,Not Applicable,88,Not Applicable,99,Unknown,88,Not Applicable,88,Not Applicable,2,Intersection,2,Four-Way Intersection,1,No,1,No,88,Not Applicable,88,Not Applicable,88,Not Applicable,88,Not Applicable,TRUE,1,Public Road,1,"Trafficway, On Road",CT0009300,New Haven PD,40947,42:34.0,C,Closed,03:35.0,,,,,,,
887215,1,Complete,887215,887215,41.310064,-72.953299,3389313,New Haven,93,93,New Haven,6/30/2021,2021,6,June,30,4,Wednesday,0:20:00,0,21023861,A,"Injury of any type (Serious, Minor, Possible)",C,Possible Injury (C),2,0,0,3,State,2.38,10,10-N,10-N,DERBY AV,,,,,41.310064,-72.953299,14,Motor Vehicle in Operation,5,"Sideswipe, opposite direction",1,On Roadway,1,Clear,88,Not Applicable,4,Dark-Lighted,1,Dry,0,None,88,Not Applicable,88,Not Applicable,0,None,88,Not Applicable,88,Not Applicable,2,Intersection,2,Four-Way Intersection,1,No,1,No,88,Not Applicable,88,Not Applicable,88,Not Applicable,88,Not Applicable,FALSE,1,Public Road,1,"Trafficway, On Road",CT0009300,New Haven PD,11107,43:22.0,C,Closed,03:39.0,,4,33100,3,PRINCIPAL ARTERIAL - OTHER - NEW HPMS,2,Urban
887217,1,Complete,887217,887217,41.302647,-72.92351,3389315,New Haven,93,93,New Haven,6/30/2021,2021,6,June,30,4,Wednesday,6:16:00,6,21023878,A,"Injury of any type (Serious, Minor, Possible)",C,Possible Injury (C),2,0,0,4,Local,0.08,729,STATE ST NORTH,STATE ST NORTH,FAIR ST,,,,,41.302647,-72.92351,14,Motor Vehicle in Operation,3,Angle,1,On Roadway,1,Clear,88,Not Applicable,1,Daylight,1,Dry,0,None,88,Not Applicable,88,Not Applicable,0,None,88,Not Applicable,88,Not Applicable,2,Intersection,2,Four-Way Intersection,1,No,1,No,88,Not Applicable,88,Not Applicable,88,Not Applicable,88,Not Applicable,FALSE,1,Public Road,1,"Trafficway, On Road",CT0009300,New Haven PD,65,22:39.0,C,Closed,04:05.0,,,,,,,
887229,1,Complete,887229,887229,41.309711,-72.937283,3389327,New Haven,93,93,New Haven,6/30/2021,2021,6,June,30,4,Wednesday,17:02:00,17,21023960,A,"Injury of any type (Serious, Minor, Possible)",B,Suspected Minor Injury (B),1,1,0,4,Local,2.43,97,CHAPEL ST,CHAPEL ST,,DWIGHT ST,50,Feet,W,41.309711,-72.937283,14,Motor Vehicle in Operation,4,"Sideswipe, same direction",1,On Roadway,1,Clear,88,Not Applicable,1,Daylight,1,Dry,0,None,88,Not Applicable,88,Not Applicable,0,None,88,Not Applicable,88,Not Applicable,1,Non-Junction,1,Not at Intersection,1,No,1,No,88,Not Applicable,88,Not Applicable,88,Not Applicable,88,Not Applicable,TRUE,1,Public Road,1,"Trafficway, On Road",CT0009300,New Haven PD,503,35:05.0,O,Open,03:44.0,,,,,,,
887233,1,Complete,887233,887233,41.298019,-72.913237,3389331,New Haven,93,93,New Haven,6/30/2021,2021,6,June,30,4,Wednesday,21:00:00,21,21023996,A,"Injury of any type (Serious, Minor, Possible)",C,Possible Injury (C),3,0,1,4,Local,1.06,513,LONG WHARF DR,LONG WHARF DR,,CANAL OCK RD,100,Feet,E,41.298019,-72.913237,14,Motor Vehicle in Operation,3,Angle,1,On Roadway,1,Clear,88,Not Applicable,5,Dark-Not Lighted,1,Dry,0,None,88,Not Applicable,88,Not Applicable,0,None,88,Not Applicable,88,Not Applicable,1,Non-Junction,1,Not at Intersection,1,No,1,No,88,Not Applicable,88,Not Applicable,88,Not Applicable,88,Not Applicable,FALSE,1,Public Road,1,"Trafficway, On Road",CT0009300,New Haven PD,42043,55:00.0,C,Closed,04:22.0,,,,,,,
887238,1,Complete,887238,887238,41.315638,-72.939572,3389336,New Haven,93,93,New Haven,6/30/2021,2021,6,June,30,4,Wednesday,20:56:00,20,21024007,A,"Injury of any type (Serious, Minor, Possible)",A,Suspected Serious Injury (A),1,1,0,4,Local,0.54,653,WHALLEY AV,WHALLEY AV,,ORCHARD STREET,100,Feet,E,41.315638,-72.939572,9,Pedestrian,88,Not Applicable,1,On Roadway,1,Clear,88,Not Applicable,4,Dark-Lighted,1,Dry,0,None,88,Not Applicable,88,Not Applicable,0,None,88,Not Applicable,88,Not Applicable,1,Non-Junction,1,Not at Intersection,1,No,1,No,88,Not Applicable,88,Not Applicable,88,Not Applicable,88,Not Applicable,TRUE,1,Public Road,1,"Trafficway, On Road",CT0009300,New Haven PD,42051,55:11.0,C,Closed,04:00.0,,4,21100,3,PRINCIPAL ARTERIAL - OTHER - NEW HPMS,2,Urban
887239,1,Complete,887239,887239,41.28254,-72.93808,3389337,New Haven,93,93,New Haven,7/1/2021,2021,7,July,1,5,Thursday,2:50:00,2,21024026,A,"Injury of any type (Serious, Minor, Possible)",C,Possible Injury (C),2,0,0,3,State,0,10,10-N,10-N,745-E,,,,,41.28254,-72.93808,14,Motor Vehicle in Operation,1,Front to rear,1,On Roadway,1,Clear,88,Not Applicable,4,Dark-Lighted,1,Dry,0,None,88,Not Applicable,88,Not Applicable,0,None,88,Not Applicable,88,Not Applicable,2,Intersection,2,Four-Way Intersection,1,No,1,No,88,Not Applicable,88,Not Applicable,88,Not Applicable,88,Not Applicable,FALSE,1,Public Road,1,"Trafficway, On Road",CT0009300,New Haven PD,293,26:20.0,C,Closed,04:26.0,,2,1171,7,LOCAL - NEW HPMS,2,Urban
887242,1,Complete,887242,887242,41.308372,-72.886152,3389340,New Haven,93,93,New Haven,7/1/2021,2021,7,July,1,5,Thursday,10:46:00,10,21024053,A,"Injury of any type (Serious, Minor, Possible)",C,Possible Injury (C),2,0,0,4,Local,1.13,498,QUINNIPIAC AV,QUINNIPIAC AV,,E GRAND AVE,50,Feet,N,41.308372,-72.886152,14,Motor Vehicle in Operation,3,Angle,1,On Roadway,1,Clear,88,Not Applicable,1,Daylight,1,Dry,0,None,88,Not Applicable,88,Not Applicable,0,None,88,Not Applicable,88,Not Applicable,1,Non-Junction,1,Not at Intersection,1,No,1,No,88,Not Applicable,88,Not Applicable,88,Not Applicable,88,Not Applicable,FALSE,1,Public Road,1,"Trafficway, On Road",CT0009300,New Haven PD,322,43:34.0,C,Closed,03:50.0,,,,,,,
887246,1,Complete,887246,887246,41.292784,-72.900753,3389344,New Haven,93,93,New Haven,7/1/2021,2021,7,July,1,5,Thursday,11:50:00,11,21024068,A,"Injury of any type (Serious, Minor, Possible)",C,Possible Injury (C),1,0,0,1,Interstate,48.79,95,95-N,95-N,95-N-346,,,,,41.292784,-72.900753,1,Overturn/Rollover,88,Not Applicable,1,On Roadway,1,Clear,88,Not Applicable,1,Daylight,1,Dry,0,None,88,Not Applicable,88,Not Applicable,0,None,88,Not Applicable,88,Not Applicable,2,Intersection,2,Four-Way Intersection,1,No,1,No,88,Not Applicable,88,Not Applicable,88,Not Applicable,88,Not Applicable,FALSE,1,Public Road,1,"Trafficway, On Road",CT0009300,New Haven PD,351,56:36.0,C,Closed,03:52.0,,2,22811,7,LOCAL - NEW HPMS,2,Urban
887249,1,Complete,887249,887249,41.25404,-72.89782,3389347,New Haven,93,93,New Haven,7/1/2021,2021,7,July,1,5,Thursday,16:07:00,16,21024088,A,"Injury of any type (Serious, Minor, Possible)",B,Suspected Minor Injury (B),2,0,0,4,Local,0.46,370,LIGHTHOUSE RD,LIGHTHOUSE RD,RHEA ST,,,,,41.25404,-72.89782,14,Motor Vehicle in Operation,3,Angle,1,On Roadway,4,Rain,88,Not Applicable,1,Daylight,2,Wet,1,Weather Conditions,88,Not Applicable,88,Not Applicable,0,None,88,Not Applicable,88,Not Applicable,2,Intersection,3,T-Intersection,1,No,1,No,88,Not Applicable,88,Not Applicable,88,Not Applicable,88,Not Applicable,FALSE,1,Public Road,1,"Trafficway, On Road",CT0009300,New Haven PD,97,50:50.0,C,Closed,04:01.0,,,,,,,
887250,1,Complete,887250,887250,41.29937,-72.93469,3389348,New Haven,93,93,New Haven,7/1/2021,2021,7,July,1,5,Thursday,17:01:00,17,21024103,A,"Injury of any type (Serious, Minor, Possible)",C,Possible Injury (C),2,0,1,4,Local,0.5,308,HOWARD AV,HOWARD AV,WASHINGTON AV NO 2,,,,,41.29937,-72.93469,14,Motor Vehicle in Operation,3,Angle,1,On Roadway,1,Clear,88,Not Applicable,1,Daylight,1,Dry,0,None,88,Not Applicable,88,Not Applicable,0,None,88,Not Applicable,88,Not Applicable,2,Intersection,2,Four-Way Intersection,1,No,1,No,88,Not Applicable,88,Not Applicable,88,Not Applicable,88,Not Applicable,FALSE,1,Public Road,1,"Trafficway, On Road",CT0009300,New Haven PD,40810,17:18.0,C,Closed,03:59.0,,,,,,,
887253,1,Complete,887253,887253,41.308228,-72.924154,3389351,New Haven,93,93,New Haven,7/2/2021,2021,7,July,2,6,Friday,22:19:00,22,21024134,A,"Injury of any type (Serious, Minor, Possible)",C,Possible Injury (C),2,0,0,4,Local,0.34,103,CHURCH ST,CHURCH ST,ELM ST NO 2,,,,,41.308228,-72.924154,14,Motor Vehicle in Operation,3,Angle,1,On Roadway,4,Rain,88,Not Applicable,4,Dark-Lighted,2,Wet,0,None,88,Not Applicable,88,Not Applicable,0,None,88,Not Applicable,88,Not Applicable,2,Intersection,2,Four-Way Intersection,1,No,1,No,88,Not Applicable,88,Not Applicable,88,Not Applicable,88,Not Applicable,FALSE,1,Public Road,1,"Trafficway, On Road",CT0009300,New Haven PD,40808,53:45.0,O,Open,04:13.0,,,,,,,