CrashId,Fatal Case Status,Fatal Case Status Text Format,CrashId,CrashId,Latitude,Longitude,DOT Case Number,Town Name,Town Number,Town Number,Town Number Text Format,Date Of Crash,Year,Month,Month Text Format,Day,Day of the Week,Day of the Week Text Format,Time of Crash,Hour of the Day,Case Identifier,Crash Severity,Crash Severity Text Format,Most Severe Injury,Most Severe Injury Text Format,Number Of Motor Vehicles,Number Of Non-Motorist,Number Of Witnesses,Route Class,Route Class Text Format,Milemarker,Road Number,Road Description,Roadway Name,Intersecting Roadway Name,Landmark Description,Distance From Nearest Landmark,Unit Of Measure From Nearest Landmark,Direction From Nearest Landmark,Latitude,Longitude,First Harmful Event,First Harmful Event Text Format,Manner of Crash / Collision Impact,Manner of Crash / Collision Impact Text Format,Location of First Harmful Event,Location of First Harmful Event Text Format,Weather Condition,Weather Condition Text Format,Weather 2,Weather 2 Text Format,Light Condition,Light Condition Text Format,Road Surface Condition,Road Surface Condition Text Format,"Contributing Circumstances, Environment","Contributing Circumstances, Environment Text Format",Environment 2,Environment 2 Text Format,Environment 3,Environment 3 Text Format,"Contributing Circumstances, Road","Contributing Circumstances, Road Text Format",Road 2,Road 2 Text Format,Road 3,Road 3 Text Format,Crash Specific Location,Crash Specific Location Text Format,Type of Intersection,Type of Intersection Text Format,School Bus Related,School Bus Related Text Format,Work Zone Related,Work Zone Related Text Format,Location Of Crash Relative To Work Zone,Location Of Crash Relative To Work Zone Text Format,Type of Work Zone,Type of Work Zone Text Format,Worker Presence,Worker Presence Text Format,Law Enforcement Presence,Law Enforcement Presence Text Format,Were Vehicles Moved Prior To Police Arrival,Trafficway Ownership,Trafficway Ownership Text Format,Trafficway Class,Trafficway Class Text Format,Police Agency,Police Agency Text Format,Badge Number,Approval Date,Police Case Status,Police Case Status Text Format,Crash Report Submission Date,Related Case Identifiers,No. of Through Lanes (Log Dir.),Average Daily Traffic,Functional Classification,Functional Classification Text Format,Rural or Urban,Rural or Urban Text Format
887255,1,Complete,887255,887255,41.33811,-72.976593,3389353,New Haven,93,93,New Haven,7/2/2021,2021,7,July,2,6,Friday,9:49:00,9,21024162,A,"Injury of any type (Serious, Minor, Possible)",B,Suspected Minor Injury (B),2,0,1,3,State,0.1,15,15-N-114,15-N-114,69-N,,,,,41.33811,-72.976593,14,Motor Vehicle in Operation,3,Angle,1,On Roadway,1,Clear,88,Not Applicable,1,Daylight,1,Dry,0,None,88,Not Applicable,88,Not Applicable,0,None,88,Not Applicable,88,Not Applicable,2,Intersection,3,T-Intersection,1,No,1,No,88,Not Applicable,88,Not Applicable,88,Not Applicable,88,Not Applicable,FALSE,1,Public Road,1,"Trafficway, On Road",CT0009300,New Haven PD,40803,30:23.0,C,Closed,04:05.0,,1,5500,2,PRIN ART-OTHER FREEWAYS & EXPRESSWAYS - NEW HPMS,2,Urban
887291,1,Complete,887291,887291,41.311529,-72.941126,3389388,New Haven,93,93,New Haven,7/2/2021,2021,7,July,2,6,Friday,23:35:00,23,21024272,A,"Injury of any type (Serious, Minor, Possible)",C,Possible Injury (C),2,0,0,4,Local,0.71,453,ORCHARD ST,ORCHARD ST,,CHAPEL STREET,250,Feet,S,41.311529,-72.941126,14,Motor Vehicle in Operation,4,"Sideswipe, same direction",1,On Roadway,4,Rain,88,Not Applicable,4,Dark-Lighted,2,Wet,0,None,88,Not Applicable,88,Not Applicable,0,None,88,Not Applicable,88,Not Applicable,1,Non-Junction,1,Not at Intersection,1,No,1,No,88,Not Applicable,88,Not Applicable,88,Not Applicable,88,Not Applicable,TRUE,88,Not Applicable,1,"Trafficway, On Road",CT0009300,New Haven PD,11107,40:54.0,C,Closed,04:15.0,,,,,,,
887300,1,Complete,887300,887300,41.324242,-72.883986,3389397,New Haven,93,93,New Haven,7/3/2021,2021,7,July,3,7,Saturday,17:08:00,17,21024337,A,"Injury of any type (Serious, Minor, Possible)",C,Possible Injury (C),2,0,1,1,Interstate,0.29,91,91-S-18,91-S-18,17-S,,,,,41.324242,-72.883986,14,Motor Vehicle in Operation,3,Angle,1,On Roadway,2,Cloudy,88,Not Applicable,1,Daylight,1,Dry,0,None,88,Not Applicable,88,Not Applicable,0,None,88,Not Applicable,88,Not Applicable,3,Intersection-Related,3,T-Intersection,1,No,1,No,88,Not Applicable,88,Not Applicable,88,Not Applicable,88,Not Applicable,FALSE,1,Public Road,1,"Trafficway, On Road",CT0009300,New Haven PD,42366,37:56.0,C,Closed,04:21.0,,2,70300,1,INTERSTATE - NEW HPMS,2,Urban
887301,1,Complete,887301,887301,41.3258288,-72.9585293,3389398,New Haven,93,93,New Haven,7/3/2021,2021,7,July,3,7,Saturday,18:27:00,18,21024347,A,"Injury of any type (Serious, Minor, Possible)",C,Possible Injury (C),2,0,1,3,State,0.11,63,63-N,63-N,WEST ROCK AV NO 2,,,,,41.3258288,-72.9585293,14,Motor Vehicle in Operation,3,Angle,1,On Roadway,2,Cloudy,88,Not Applicable,1,Daylight,1,Dry,0,None,88,Not Applicable,88,Not Applicable,0,None,88,Not Applicable,88,Not Applicable,2,Intersection,3,T-Intersection,1,No,1,No,88,Not Applicable,88,Not Applicable,88,Not Applicable,88,Not Applicable,FALSE,1,Public Road,1,"Trafficway, On Road",CT0009300,New Haven PD,42053,58:35.0,C,Closed,04:23.0,,4,23100,3,PRINCIPAL ARTERIAL - OTHER - NEW HPMS,2,Urban
887304,1,Complete,887304,887304,41.29875,-72.935481,921162,New Haven,93,93,New Haven,7/3/2021,2021,7,July,3,7,Saturday,21:15:00,21,21024359,K,Fatal (Kill),K,Fatal Injury (K),3,1,0,4,Local,0.17,138,DAGGETT ST,DAGGETT ST,,WASHINGTON AV NO 2,50,Feet,N,41.29875,-72.935481,15,Parked Motor Vehicle,4,"Sideswipe, same direction",1,On Roadway,4,Rain,88,Not Applicable,5,Dark-Not Lighted,2,Wet,0,None,88,Not Applicable,88,Not Applicable,0,None,88,Not Applicable,88,Not Applicable,1,Non-Junction,1,Not at Intersection,1,No,1,No,88,Not Applicable,88,Not Applicable,88,Not Applicable,88,Not Applicable,FALSE,1,Public Road,1,"Trafficway, On Road",CT0009300,New Haven PD,42043,58:14.0,O,Open,04:29.0,,,,,,,
887305,1,Complete,887305,887305,41.314794,-72.878002,3389402,New Haven,93,93,New Haven,7/3/2021,2021,7,July,3,7,Saturday,22:17:00,22,21024367,A,"Injury of any type (Serious, Minor, Possible)",C,Possible Injury (C),2,0,0,4,Local,1.76,498,QUINNIPIAC AV,QUINNIPIAC AV,,HEMINGWAY AVE,100,Feet,N,41.314794,-72.878002,14,Motor Vehicle in Operation,3,Angle,1,On Roadway,1,Clear,88,Not Applicable,5,Dark-Not Lighted,2,Wet,0,None,88,Not Applicable,88,Not Applicable,0,None,88,Not Applicable,88,Not Applicable,1,Non-Junction,1,Not at Intersection,1,No,1,No,88,Not Applicable,88,Not Applicable,88,Not Applicable,88,Not Applicable,FALSE,1,Public Road,1,"Trafficway, On Road",CT0009300,New Haven PD,62,34:29.0,C,Closed,04:27.0,,,,,,,
887314,1,Complete,887314,887314,41.29921184,-72.94252293,3389411,New Haven,93,93,New Haven,7/4/2021,2021,7,July,4,1,Sunday,15:58:00,15,21024406,A,"Injury of any type (Serious, Minor, Possible)",C,Possible Injury (C),2,0,0,4,Local,0.3,123,CONGRESS AV,CONGRESS AV,WEST ST,,,,,41.29921184,-72.94252293,14,Motor Vehicle in Operation,3,Angle,1,On Roadway,1,Clear,1,Clear,1,Daylight,1,Dry,0,None,88,Not Applicable,88,Not Applicable,0,None,88,Not Applicable,88,Not Applicable,2,Intersection,2,Four-Way Intersection,1,No,1,No,88,Not Applicable,88,Not Applicable,88,Not Applicable,88,Not Applicable,TRUE,1,Public Road,1,"Trafficway, On Road",CT0009300,New Haven PD,301,48:14.0,C,Closed,08:07.0,,,,,,,
887315,1,Complete,887315,887315,41.308587,-72.8738,3389412,New Haven,93,93,New Haven,7/4/2021,2021,7,July,4,1,Sunday,15:30:00,15,21024410,A,"Injury of any type (Serious, Minor, Possible)",C,Possible Injury (C),2,0,0,4,Local,0.11,167,EASTERN ST,EASTERN ST,CLIFTON ST,,,,,41.308587,-72.8738,14,Motor Vehicle in Operation,3,Angle,1,On Roadway,1,Clear,88,Not Applicable,1,Daylight,1,Dry,0,None,88,Not Applicable,88,Not Applicable,0,None,88,Not Applicable,88,Not Applicable,2,Intersection,3,T-Intersection,1,No,1,No,88,Not Applicable,88,Not Applicable,88,Not Applicable,88,Not Applicable,FALSE,1,Public Road,1,"Trafficway, On Road",CT0009300,New Haven PD,322,41:42.0,C,Closed,04:34.0,,,,,,,
887319,1,Complete,887319,887319,41.287205,-72.936966,3389416,New Haven,93,93,New Haven,7/4/2021,2021,7,July,4,1,Sunday,17:42:00,17,21024424,A,"Injury of any type (Serious, Minor, Possible)",C,Possible Injury (C),2,0,0,3,State,0.54,10,10-N,10-N,PLYMOUTH ST,,,,,41.287205,-72.936966,14,Motor Vehicle in Operation,3,Angle,1,On Roadway,1,Clear,1,Clear,1,Daylight,1,Dry,0,None,88,Not Applicable,88,Not Applicable,0,None,88,Not Applicable,88,Not Applicable,2,Intersection,3,T-Intersection,1,No,1,No,88,Not Applicable,88,Not Applicable,88,Not Applicable,88,Not Applicable,TRUE,1,Public Road,1,"Trafficway, On Road",CT0009300,New Haven PD,301,53:40.0,C,Closed,10:21.0,,4,17900,3,PRINCIPAL ARTERIAL - OTHER - NEW HPMS,2,Urban
887321,1,Complete,887321,887321,41.298686,-72.929203,3389418,New Haven,93,93,New Haven,7/4/2021,2021,7,July,4,1,Sunday,23:27:00,23,21024450,A,"Injury of any type (Serious, Minor, Possible)",C,Possible Injury (C),2,0,0,4,Local,0,767,COLUMBUS AV NO 1,COLUMBUS AV NO 1,,CHURCH ST S,50,Feet,W,41.298686,-72.929203,14,Motor Vehicle in Operation,1,Front to rear,1,On Roadway,1,Clear,88,Not Applicable,4,Dark-Lighted,1,Dry,0,None,88,Not Applicable,88,Not Applicable,0,None,88,Not Applicable,88,Not Applicable,1,Non-Junction,1,Not at Intersection,1,No,1,No,88,Not Applicable,88,Not Applicable,88,Not Applicable,88,Not Applicable,FALSE,1,Public Road,1,"Trafficway, On Road",CT0009300,New Haven PD,293,23:54.0,C,Closed,05:06.0,,,,,,,
887326,1,Complete,887326,887326,41.296993,-72.89272,3389423,New Haven,93,93,New Haven,7/5/2021,2021,7,July,5,2,Monday,3:50:00,3,21024463,A,"Injury of any type (Serious, Minor, Possible)",C,Possible Injury (C),2,0,0,4,Local,0.18,210,FARREN AV,FARREN AV,FULTON ST,,,,,41.296993,-72.89272,14,Motor Vehicle in Operation,3,Angle,1,On Roadway,1,Clear,88,Not Applicable,4,Dark-Lighted,1,Dry,0,None,88,Not Applicable,88,Not Applicable,99,Unknown,88,Not Applicable,88,Not Applicable,2,Intersection,2,Four-Way Intersection,1,No,1,No,88,Not Applicable,88,Not Applicable,88,Not Applicable,88,Not Applicable,FALSE,1,Public Road,1,"Trafficway, On Road",CT0009300,New Haven PD,221,31:43.0,O,Open,05:14.0,,,,,,,
887334,1,Complete,887334,887334,41.31325,-72.87375,3389431,New Haven,93,93,New Haven,7/5/2021,2021,7,July,5,2,Monday,20:30:00,20,21024545,A,"Injury of any type (Serious, Minor, Possible)",B,Suspected Minor Injury (B),1,0,1,4,Local,0.45,167,EASTERN ST,EASTERN ST,,HEMINGWAY ST,500,Feet,S,41.31325,-72.87375,8,Other Non-Collision,88,Not Applicable,1,On Roadway,1,Clear,88,Not Applicable,4,Dark-Lighted,1,Dry,0,None,88,Not Applicable,88,Not Applicable,0,None,88,Not Applicable,88,Not Applicable,1,Non-Junction,1,Not at Intersection,1,No,1,No,88,Not Applicable,88,Not Applicable,88,Not Applicable,88,Not Applicable,FALSE,1,Public Road,1,"Trafficway, On Road",CT0009300,New Haven PD,42366,44:47.0,C,Closed,04:44.0,,2,11800,5,MAJOR COLLECTOR - NEW HPMS,2,Urban
887338,1,Complete,887338,887338,41.300467,-72.890197,3389435,New Haven,93,93,New Haven,7/6/2021,2021,7,July,6,3,Tuesday,10:07:00,10,21024593,A,"Injury of any type (Serious, Minor, Possible)",C,Possible Injury (C),2,0,0,4,Local,0.55,498,QUINNIPIAC AV,QUINNIPIAC AV,QUINNIPIAC AV,,,,,41.300467,-72.890197,14,Motor Vehicle in Operation,1,Front to rear,1,On Roadway,1,Clear,88,Not Applicable,1,Daylight,1,Dry,0,None,88,Not Applicable,88,Not Applicable,0,None,88,Not Applicable,88,Not Applicable,2,Intersection,7,Roundabout,1,No,1,No,88,Not Applicable,88,Not Applicable,88,Not Applicable,88,Not Applicable,FALSE,1,Public Road,1,"Trafficway, On Road",CT0009300,New Haven PD,416,22:43.0,C,Closed,04:45.0,,,,,,,
887347,1,Complete,887347,887347,41.306277,-72.935479,3389444,New Haven,93,93,New Haven,7/6/2021,2021,7,July,6,3,Tuesday,17:28:00,17,21024650,A,"Injury of any type (Serious, Minor, Possible)",B,Suspected Minor Injury (B),2,0,0,4,Local,0.64,809,REV DR MLK JR BLVD,REV DR MLK JR BLVD,PARK ST,,,,,41.306277,-72.935479,14,Motor Vehicle in Operation,3,Angle,1,On Roadway,2,Cloudy,88,Not Applicable,1,Daylight,1,Dry,0,None,88,Not Applicable,88,Not Applicable,0,None,88,Not Applicable,88,Not Applicable,2,Intersection,2,Four-Way Intersection,1,No,1,No,88,Not Applicable,88,Not Applicable,88,Not Applicable,88,Not Applicable,FALSE,1,Public Road,1,"Trafficway, On Road",CT0009300,New Haven PD,42369,27:50.0,C,Closed,04:52.0,,,,,,,
887348,1,Complete,887348,887348,41.305549,-72.933743,3389445,New Haven,93,93,New Haven,7/6/2021,2021,7,July,6,3,Tuesday,17:33:00,17,21024657,A,"Injury of any type (Serious, Minor, Possible)",C,Possible Injury (C),2,0,0,4,Local,0.54,809,REV DR MLK JR BLVD,REV DR MLK JR BLVD,,YORK STREET,300,Feet,E,41.305549,-72.933743,14,Motor Vehicle in Operation,1,Front to rear,1,On Roadway,1,Clear,88,Not Applicable,1,Daylight,1,Dry,99,Unknown,88,Not Applicable,88,Not Applicable,99,Unknown,88,Not Applicable,88,Not Applicable,1,Non-Junction,1,Not at Intersection,1,No,1,No,88,Not Applicable,88,Not Applicable,88,Not Applicable,88,Not Applicable,TRUE,1,Public Road,1,"Trafficway, On Road",CT0009300,New Haven PD,40947,36:40.0,C,Closed,04:48.0,,,,,,,
887353,1,Complete,887353,887353,41.309333,-72.902219,3389450,New Haven,93,93,New Haven,7/7/2021,2021,7,July,7,4,Wednesday,2:04:00,2,21024695,A,"Injury of any type (Serious, Minor, Possible)",B,Suspected Minor Injury (B),3,0,0,4,Local,0.05,389,MALTBY PL,MALTBY PL,,CLAY STREET,341.2000122,Feet,S,41.309333,-72.902219,14,Motor Vehicle in Operation,1,Front to rear,1,On Roadway,1,Clear,88,Not Applicable,4,Dark-Lighted,1,Dry,0,None,88,Not Applicable,88,Not Applicable,0,None,88,Not Applicable,88,Not Applicable,1,Non-Junction,1,Not at Intersection,1,No,1,No,88,Not Applicable,88,Not Applicable,88,Not Applicable,88,Not Applicable,FALSE,1,Public Road,1,"Trafficway, On Road",CT0009300,New Haven PD,370,27:30.0,C,Closed,05:52.0,,,,,,,
887354,1,Complete,887354,887354,41.30428,-72.9309,3389451,New Haven,93,93,New Haven,7/7/2021,2021,7,July,7,4,Wednesday,3:10:00,3,21024696,A,"Injury of any type (Serious, Minor, Possible)",C,Possible Injury (C),2,0,0,4,Local,0.52,117,COLLEGE ST,COLLEGE ST,GEORGE ST,,,,,41.30428,-72.9309,14,Motor Vehicle in Operation,3,Angle,1,On Roadway,1,Clear,88,Not Applicable,4,Dark-Lighted,2,Wet,0,None,88,Not Applicable,88,Not Applicable,0,None,88,Not Applicable,88,Not Applicable,3,Intersection-Related,3,T-Intersection,1,No,1,No,88,Not Applicable,88,Not Applicable,88,Not Applicable,88,Not Applicable,TRUE,1,Public Road,1,"Trafficway, On Road",CT0009300,New Haven PD,40800,36:59.0,C,Closed,04:54.0,,,,,,,
887358,1,Complete,887358,887358,41.32937,-72.94951,3389455,New Haven,93,93,New Haven,7/7/2021,2021,7,July,7,4,Wednesday,9:42:00,9,21024717,A,"Injury of any type (Serious, Minor, Possible)",C,Possible Injury (C),2,0,0,4,Local,0.32,149,DIAMOND ST,DIAMOND ST,,DYER ST,100,Feet,N,41.32937,-72.94951,14,Motor Vehicle in Operation,3,Angle,1,On Roadway,1,Clear,88,Not Applicable,1,Daylight,1,Dry,0,None,88,Not Applicable,88,Not Applicable,0,None,88,Not Applicable,88,Not Applicable,1,Non-Junction,1,Not at Intersection,1,No,1,No,88,Not Applicable,88,Not Applicable,88,Not Applicable,88,Not Applicable,FALSE,1,Public Road,1,"Trafficway, On Road",CT0009300,New Haven PD,772,46:22.0,C,Closed,05:18.0,,,,,,,
887360,1,Complete,887360,887360,41.33367,-72.975994,3389457,New Haven,93,93,New Haven,7/7/2021,2021,7,July,7,4,Wednesday,11:54:00,11,21024739,A,"Injury of any type (Serious, Minor, Possible)",B,Suspected Minor Injury (B),3,0,0,3,State,1.22,63,63-N,63-N,,WESTERLEIGH AVENUE,100,Feet,W,41.33367,-72.975994,14,Motor Vehicle in Operation,4,"Sideswipe, same direction",1,On Roadway,1,Clear,88,Not Applicable,1,Daylight,1,Dry,0,None,88,Not Applicable,88,Not Applicable,0,None,88,Not Applicable,88,Not Applicable,1,Non-Junction,1,Not at Intersection,1,No,1,No,88,Not Applicable,88,Not Applicable,88,Not Applicable,88,Not Applicable,TRUE,1,Public Road,1,"Trafficway, On Road",CT0009300,New Haven PD,90,02:46.0,C,Closed,05:00.0,,3,26900,3,PRINCIPAL ARTERIAL - OTHER - NEW HPMS,2,Urban
887362,1,Complete,887362,887362,41.307494,-72.93684,3389459,New Haven,93,93,New Haven,7/7/2021,2021,7,July,7,4,Wednesday,15:37:00,15,21024761,A,"Injury of any type (Serious, Minor, Possible)",C,Possible Injury (C),2,0,0,4,Local,0.1,310,HOWE ST,HOWE ST,,GEORGE ST,90,Feet,S,41.307494,-72.93684,14,Motor Vehicle in Operation,1,Front to rear,1,On Roadway,1,Clear,88,Not Applicable,1,Daylight,1,Dry,0,None,88,Not Applicable,88,Not Applicable,0,None,88,Not Applicable,88,Not Applicable,1,Non-Junction,1,Not at Intersection,1,No,1,No,88,Not Applicable,88,Not Applicable,88,Not Applicable,88,Not Applicable,FALSE,1,Public Road,1,"Trafficway, On Road",CT0009300,New Haven PD,39,00:51.0,C,Closed,05:41.0,,,,,,,
887364,1,Complete,887364,887364,41.32345,-72.880476,3389461,New Haven,93,93,New Haven,7/7/2021,2021,7,July,7,4,Wednesday,16:42:00,16,21024767,A,"Injury of any type (Serious, Minor, Possible)",B,Suspected Minor Injury (B),2,0,0,3,State,0.05,80,80-W,80-W,,MIDDLETOWN AVE,300,Feet,E,41.32345,-72.880476,14,Motor Vehicle in Operation,3,Angle,1,On Roadway,1,Clear,88,Not Applicable,1,Daylight,1,Dry,0,None,88,Not Applicable,88,Not Applicable,0,None,88,Not Applicable,88,Not Applicable,1,Non-Junction,1,Not at Intersection,1,No,1,No,88,Not Applicable,88,Not Applicable,88,Not Applicable,88,Not Applicable,FALSE,1,Public Road,1,"Trafficway, On Road",CT0009300,New Haven PD,220,33:00.0,C,Closed,05:03.0,,4,32100,3,PRINCIPAL ARTERIAL - OTHER - NEW HPMS,2,Urban
887366,1,Complete,887366,887366,41.3324792,-72.9351717,3389463,New Haven,93,93,New Haven,7/7/2021,2021,7,July,7,4,Wednesday,18:15:00,18,21024783,A,"Injury of any type (Serious, Minor, Possible)",C,Possible Injury (C),2,0,0,4,Local,1.38,152,DIXWELL AV,DIXWELL AV,BASSETT ST,,,,,41.3324792,-72.9351717,14,Motor Vehicle in Operation,3,Angle,1,On Roadway,1,Clear,88,Not Applicable,1,Daylight,1,Dry,0,None,88,Not Applicable,88,Not Applicable,0,None,88,Not Applicable,88,Not Applicable,2,Intersection,2,Four-Way Intersection,1,No,1,No,88,Not Applicable,88,Not Applicable,88,Not Applicable,88,Not Applicable,TRUE,1,Public Road,1,"Trafficway, On Road",CT0009300,New Haven PD,40952,14:48.0,O,Open,05:01.0,,,,,,,
887370,1,Complete,887370,887370,41.315277,-72.943029,3389467,New Haven,93,93,New Haven,7/7/2021,2021,7,July,7,4,Wednesday,20:07:00,20,21024795,A,"Injury of any type (Serious, Minor, Possible)",C,Possible Injury (C),2,0,0,4,Local,0.68,556,SHERMAN AV,SHERMAN AV,,ELM ST,20,Feet,N,41.315277,-72.943029,14,Motor Vehicle in Operation,1,Front to rear,1,On Roadway,1,Clear,88,Not Applicable,1,Daylight,1,Dry,0,None,88,Not Applicable,88,Not Applicable,0,None,88,Not Applicable,88,Not Applicable,1,Non-Junction,1,Not at Intersection,1,No,1,No,88,Not Applicable,88,Not Applicable,88,Not Applicable,88,Not Applicable,FALSE,1,Public Road,1,"Trafficway, On Road",CT0009300,New Haven PD,503,45:44.0,C,Closed,05:10.0,,,,,,,
887407,1,Complete,887407,887407,41.314423,-72.936063,3389504,New Haven,93,93,New Haven,7/8/2021,2021,7,July,8,5,Thursday,10:22:00,10,21024838,A,"Injury of any type (Serious, Minor, Possible)",C,Possible Injury (C),3,0,0,4,Local,0.74,653,WHALLEY AV,WHALLEY AV,,SPERRY ST,100,Feet,W,41.314423,-72.936063,14,Motor Vehicle in Operation,1,Front to rear,1,On Roadway,1,Clear,88,Not Applicable,1,Daylight,1,Dry,0,None,88,Not Applicable,88,Not Applicable,0,None,88,Not Applicable,88,Not Applicable,1,Non-Junction,1,Not at Intersection,1,No,1,No,88,Not Applicable,88,Not Applicable,88,Not Applicable,88,Not Applicable,FALSE,1,Public Road,1,"Trafficway, On Road",CT0009300,New Haven PD,62,06:42.0,C,Closed,05:07.0,,,,,,,
887410,1,Complete,887410,887410,41.334509,-72.926956,3389507,New Haven,93,93,New Haven,7/8/2021,2021,7,July,8,5,Thursday,14:10:00,14,21024923,A,"Injury of any type (Serious, Minor, Possible)",C,Possible Injury (C),3,0,0,4,Local,0.01,434,NEWHALL ST,NEWHALL ST,,LANDER ST,140,Feet,N,41.334509,-72.926956,14,Motor Vehicle in Operation,4,"Sideswipe, same direction",1,On Roadway,1,Clear,88,Not Applicable,1,Daylight,1,Dry,0,None,88,Not Applicable,88,Not Applicable,0,None,88,Not Applicable,88,Not Applicable,1,Non-Junction,1,Not at Intersection,1,No,1,No,88,Not Applicable,88,Not Applicable,88,Not Applicable,88,Not Applicable,TRUE,1,Public Road,1,"Trafficway, On Road",CT0009300,New Haven PD,30,42:19.0,O,Open,05:14.0,NONE,,,,,,
887411,1,Complete,887411,887411,41.289749,-72.892342,3389508,New Haven,93,93,New Haven,7/8/2021,2021,7,July,8,5,Thursday,16:29:00,16,21024924,A,"Injury of any type (Serious, Minor, Possible)",C,Possible Injury (C),2,0,0,3,State,0,337,337-E,337-E,RT 1,,,,,41.289749,-72.892342,14,Motor Vehicle in Operation,3,Angle,1,On Roadway,4,Rain,88,Not Applicable,1,Daylight,2,Wet,0,None,88,Not Applicable,88,Not Applicable,0,None,88,Not Applicable,88,Not Applicable,2,Intersection,2,Four-Way Intersection,1,No,1,No,88,Not Applicable,88,Not Applicable,88,Not Applicable,88,Not Applicable,FALSE,1,Public Road,1,"Trafficway, On Road",CT0009300,New Haven PD,279,35:47.0,C,Closed,05:24.0,,4,17500,3,PRINCIPAL ARTERIAL - OTHER - NEW HPMS,2,Urban
887414,1,Complete,887414,887414,41.315762,-72.95072,3389511,New Haven,93,93,New Haven,7/8/2021,2021,7,July,8,5,Thursday,16:30:00,16,21024933,A,"Injury of any type (Serious, Minor, Possible)",C,Possible Injury (C),2,0,0,3,State,2.79,10,10-N,10-N,,EDGEWOOD AVE,170,Feet,N,41.315762,-72.95072,14,Motor Vehicle in Operation,1,Front to rear,1,On Roadway,4,Rain,88,Not Applicable,1,Daylight,2,Wet,1,Weather Conditions,88,Not Applicable,88,Not Applicable,0,None,88,Not Applicable,88,Not Applicable,1,Non-Junction,1,Not at Intersection,1,No,1,No,88,Not Applicable,88,Not Applicable,88,Not Applicable,88,Not Applicable,TRUE,1,Public Road,1,"Trafficway, On Road",CT0009300,New Haven PD,503,47:19.0,C,Closed,05:09.0,,2,10100,3,PRINCIPAL ARTERIAL - OTHER - NEW HPMS,2,Urban
887417,1,Complete,887417,887417,41.3276692,-72.9530124,3389514,New Haven,93,93,New Haven,7/8/2021,2021,7,July,8,5,Thursday,18:40:00,18,21024950,A,"Injury of any type (Serious, Minor, Possible)",B,Suspected Minor Injury (B),1,0,0,3,State,3.86,10,10-N,10-N,BLAKE ST,,,,,41.3276692,-72.9530124,33,Utility Pole/Light Support,88,Not Applicable,2,Shoulder,4,Rain,88,Not Applicable,3,Dusk,2,Wet,0,None,88,Not Applicable,88,Not Applicable,0,None,88,Not Applicable,88,Not Applicable,1,Non-Junction,1,Not at Intersection,1,No,1,No,88,Not Applicable,88,Not Applicable,88,Not Applicable,88,Not Applicable,FALSE,1,Public Road,1,"Trafficway, On Road",CT0009300,New Haven PD,40812,49:36.0,C,Closed,05:12.0,,2,13100,4,MINOR ARTERIAL - NEW HPMS,2,Urban
887421,1,Complete,887421,887421,41.26499,-72.89655,3389518,New Haven,93,93,New Haven,7/9/2021,2021,7,July,9,6,Friday,2:18:00,2,21024976,A,"Injury of any type (Serious, Minor, Possible)",B,Suspected Minor Injury (B),1,0,0,3,State,1.73,337,337-E,337-E,,BURR ST,228,Feet,N,41.26499,-72.89655,33,Utility Pole/Light Support,88,Not Applicable,1,On Roadway,4,Rain,88,Not Applicable,4,Dark-Lighted,2,Wet,99,Unknown,88,Not Applicable,88,Not Applicable,99,Unknown,88,Not Applicable,88,Not Applicable,1,Non-Junction,1,Not at Intersection,1,No,1,No,88,Not Applicable,88,Not Applicable,88,Not Applicable,88,Not Applicable,FALSE,1,Public Road,1,"Trafficway, On Road",CT0009300,New Haven PD,415,06:33.0,C,Closed,05:17.0,,2,5400,4,MINOR ARTERIAL - NEW HPMS,2,Urban
887422,1,Complete,887422,887422,41.317427,-72.901436,3389519,New Haven,93,93,New Haven,7/9/2021,2021,7,July,9,6,Friday,7:24:00,7,21024984,A,"Injury of any type (Serious, Minor, Possible)",C,Possible Injury (C),2,0,0,4,Local,0,666,BLATCHLEY AV,Blatchley Ave,5-N,,,,,41.317427,-72.901436,14,Motor Vehicle in Operation,3,Angle,1,On Roadway,4,Rain,88,Not Applicable,1,Daylight,2,Wet,1,Weather Conditions,88,Not Applicable,88,Not Applicable,0,None,88,Not Applicable,88,Not Applicable,2,Intersection,2,Four-Way Intersection,1,No,1,No,88,Not Applicable,88,Not Applicable,88,Not Applicable,88,Not Applicable,FALSE,1,Public Road,1,"Trafficway, On Road",CT0009300,New Haven PD,40793,02:13.0,O,Open,05:19.0,21-024984,,,,,,
887428,1,Complete,887428,887428,41.289185,-72.924072,3389525,New Haven,93,93,New Haven,7/9/2021,2021,7,July,9,6,Friday,14:19:00,14,21025017,A,"Injury of any type (Serious, Minor, Possible)",A,Suspected Serious Injury (A),2,0,0,1,Interstate,0.24,95,95-S-329,95-S-329,SARGENT DR,,,,,41.289185,-72.924072,14,Motor Vehicle in Operation,3,Angle,1,On Roadway,1,Clear,88,Not Applicable,1,Daylight,1,Dry,99,Unknown,88,Not Applicable,88,Not Applicable,0,None,88,Not Applicable,88,Not Applicable,2,Intersection,2,Four-Way Intersection,1,No,1,No,88,Not Applicable,88,Not Applicable,88,Not Applicable,88,Not Applicable,FALSE,1,Public Road,1,"Trafficway, On Road",CT0009300,New Haven PD,352,02:58.0,C,Closed,05:56.0,,2,9700,1,INTERSTATE - NEW HPMS,2,Urban
887435,1,Complete,887435,887435,41.313592,-72.924006,3389532,New Haven,93,93,New Haven,7/9/2021,2021,7,July,9,6,Friday,20:59:00,20,21025080,A,"Injury of any type (Serious, Minor, Possible)",C,Possible Injury (C),3,0,0,4,Local,0.08,601,TRUMBULL ST,TRUMBULL ST,HILLHOUSE AV,,,,,41.313592,-72.924006,14,Motor Vehicle in Operation,1,Front to rear,1,On Roadway,1,Clear,88,Not Applicable,1,Daylight,1,Dry,0,None,88,Not Applicable,88,Not Applicable,0,None,88,Not Applicable,88,Not Applicable,2,Intersection,2,Four-Way Intersection,1,No,1,No,88,Not Applicable,88,Not Applicable,88,Not Applicable,88,Not Applicable,FALSE,1,Public Road,1,"Trafficway, On Road",CT0009300,New Haven PD,42052,45:25.0,C,Closed,05:37.0,,,,,,,