CrashId,Fatal Case Status,Fatal Case Status Text Format,CrashId,CrashId,Latitude,Longitude,DOT Case Number,Town Name,Town Number,Town Number,Town Number Text Format,Date Of Crash,Year,Month,Month Text Format,Day,Day of the Week,Day of the Week Text Format,Time of Crash,Hour of the Day,Case Identifier,Crash Severity,Crash Severity Text Format,Most Severe Injury,Most Severe Injury Text Format,Number Of Motor Vehicles,Number Of Non-Motorist,Number Of Witnesses,Route Class,Route Class Text Format,Milemarker,Road Number,Road Description,Roadway Name,Intersecting Roadway Name,Landmark Description,Distance From Nearest Landmark,Unit Of Measure From Nearest Landmark,Direction From Nearest Landmark,Latitude,Longitude,First Harmful Event,First Harmful Event Text Format,Manner of Crash / Collision Impact,Manner of Crash / Collision Impact Text Format,Location of First Harmful Event,Location of First Harmful Event Text Format,Weather Condition,Weather Condition Text Format,Weather 2,Weather 2 Text Format,Light Condition,Light Condition Text Format,Road Surface Condition,Road Surface Condition Text Format,"Contributing Circumstances, Environment","Contributing Circumstances, Environment Text Format",Environment 2,Environment 2 Text Format,Environment 3,Environment 3 Text Format,"Contributing Circumstances, Road","Contributing Circumstances, Road Text Format",Road 2,Road 2 Text Format,Road 3,Road 3 Text Format,Crash Specific Location,Crash Specific Location Text Format,Type of Intersection,Type of Intersection Text Format,School Bus Related,School Bus Related Text Format,Work Zone Related,Work Zone Related Text Format,Location Of Crash Relative To Work Zone,Location Of Crash Relative To Work Zone Text Format,Type of Work Zone,Type of Work Zone Text Format,Worker Presence,Worker Presence Text Format,Law Enforcement Presence,Law Enforcement Presence Text Format,Were Vehicles Moved Prior To Police Arrival,Trafficway Ownership,Trafficway Ownership Text Format,Trafficway Class,Trafficway Class Text Format,Police Agency,Police Agency Text Format,Badge Number,Approval Date,Police Case Status,Police Case Status Text Format,Crash Report Submission Date,Related Case Identifiers,No. of Through Lanes (Log Dir.),Average Daily Traffic,Functional Classification,Functional Classification Text Format,Rural or Urban,Rural or Urban Text Format
887655,1,Complete,887655,887655,41.324055,-72.881832,3389752,New Haven,93,93,New Haven,7/22/2021,2021,7,July,22,5,Thursday,19:51:00,19,21026684,A,"Injury of any type (Serious, Minor, Possible)",B,Suspected Minor Injury (B),2,0,0,3,State,0.22,17,17-N,17-N,80-W,,,,,41.324055,-72.881832,14,Motor Vehicle in Operation,1,Front to rear,1,On Roadway,1,Clear,88,Not Applicable,1,Daylight,1,Dry,0,None,88,Not Applicable,88,Not Applicable,0,None,88,Not Applicable,88,Not Applicable,2,Intersection,2,Four-Way Intersection,1,No,1,No,88,Not Applicable,88,Not Applicable,88,Not Applicable,88,Not Applicable,FALSE,1,Public Road,1,"Trafficway, On Road",CT0009300,New Haven PD,42054,24:43.0,C,Closed,08:20.0,21026684,1,8500,1,INTERSTATE - NEW HPMS,2,Urban
887656,1,Complete,887656,887656,41.304891,-72.923112,3389753,New Haven,93,93,New Haven,7/22/2021,2021,7,July,22,5,Thursday,20:12:00,20,21026686,A,"Injury of any type (Serious, Minor, Possible)",C,Possible Injury (C),1,1,0,4,Local,1.6,97,CHAPEL ST,CHAPEL ST,,STATE ST,80,Feet,W,41.304891,-72.923112,9,Pedestrian,88,Not Applicable,1,On Roadway,1,Clear,88,Not Applicable,3,Dusk,1,Dry,0,None,88,Not Applicable,88,Not Applicable,0,None,88,Not Applicable,88,Not Applicable,2,Intersection,2,Four-Way Intersection,1,No,1,No,88,Not Applicable,88,Not Applicable,88,Not Applicable,88,Not Applicable,FALSE,1,Public Road,1,"Trafficway, On Road",CT0009300,New Haven PD,20,39:00.0,C,Closed,07:37.0,NONE,4,10200,3,PRINCIPAL ARTERIAL - OTHER - NEW HPMS,2,Urban
887657,1,Complete,887657,887657,41.318251,-72.94588,3389754,New Haven,93,93,New Haven,7/22/2021,2021,7,July,22,5,Thursday,20:27:00,20,21026687,A,"Injury of any type (Serious, Minor, Possible)",C,Possible Injury (C),2,0,0,4,Local,0.56,439,NORTON ST,NORTON ST,,WHALLEY AVE,75,Feet,N,41.318251,-72.94588,14,Motor Vehicle in Operation,3,Angle,1,On Roadway,1,Clear,88,Not Applicable,4,Dark-Lighted,1,Dry,0,None,88,Not Applicable,88,Not Applicable,0,None,88,Not Applicable,88,Not Applicable,1,Non-Junction,1,Not at Intersection,1,No,1,No,88,Not Applicable,88,Not Applicable,88,Not Applicable,88,Not Applicable,FALSE,99,Unknown,1,"Trafficway, On Road",CT0009300,New Haven PD,40804,44:10.0,C,Closed,07:30.0,,,,,,,
887660,1,Complete,887660,887660,41.325349,-72.912705,3389757,New Haven,93,93,New Haven,7/23/2021,2021,7,July,23,6,Friday,7:53:00,7,21026735,A,"Injury of any type (Serious, Minor, Possible)",C,Possible Injury (C),2,0,0,4,Local,0.16,116,COLD SPRING ST,COLD SPRING ST,LIVINGSTON ST,,,,,41.325349,-72.912705,14,Motor Vehicle in Operation,3,Angle,1,On Roadway,1,Clear,88,Not Applicable,1,Daylight,1,Dry,0,None,88,Not Applicable,88,Not Applicable,0,None,88,Not Applicable,88,Not Applicable,2,Intersection,2,Four-Way Intersection,1,No,1,No,88,Not Applicable,88,Not Applicable,88,Not Applicable,88,Not Applicable,FALSE,1,Public Road,1,"Trafficway, On Road",CT0009300,New Haven PD,87,46:38.0,C,Closed,07:37.0,,,,,,,
887668,1,Complete,887668,887668,41.333503,-72.937834,3389765,New Haven,93,93,New Haven,7/23/2021,2021,7,July,23,6,Friday,16:02:00,16,21026779,A,"Injury of any type (Serious, Minor, Possible)",C,Possible Injury (C),2,0,0,4,Local,1.01,557,SHERMAN PKWY,SHERMAN PKWY,DORMAN ST NO 2,,,,,41.333503,-72.937834,14,Motor Vehicle in Operation,97,Other,1,On Roadway,1,Clear,88,Not Applicable,1,Daylight,1,Dry,0,None,88,Not Applicable,88,Not Applicable,0,None,88,Not Applicable,88,Not Applicable,2,Intersection,2,Four-Way Intersection,1,No,1,No,88,Not Applicable,88,Not Applicable,88,Not Applicable,88,Not Applicable,FALSE,1,Public Road,1,"Trafficway, On Road",CT0009300,New Haven PD,42042,30:43.0,O,Open,07:38.0,,,,,,,
887671,1,Complete,887671,887671,41.303492,-72.909593,3389768,New Haven,93,93,New Haven,7/23/2021,2021,7,July,23,6,Friday,17:25:00,17,21026785,A,"Injury of any type (Serious, Minor, Possible)",C,Possible Injury (C),2,0,0,4,Local,0.89,97,CHAPEL ST,CHAPEL ST,,EAST STREET,100,Feet,W,41.303492,-72.909593,14,Motor Vehicle in Operation,1,Front to rear,1,On Roadway,1,Clear,88,Not Applicable,1,Daylight,1,Dry,0,None,88,Not Applicable,88,Not Applicable,0,None,88,Not Applicable,88,Not Applicable,1,Non-Junction,1,Not at Intersection,1,No,1,No,88,Not Applicable,88,Not Applicable,88,Not Applicable,88,Not Applicable,FALSE,1,Public Road,1,"Trafficway, On Road",CT0009300,New Haven PD,42057,10:26.0,C,Closed,07:41.0,,,,,,,
887677,1,Complete,887677,887677,41.299921,-72.944251,3389774,New Haven,93,93,New Haven,7/24/2021,2021,7,July,24,7,Saturday,0:53:00,0,21026832,A,"Injury of any type (Serious, Minor, Possible)",C,Possible Injury (C),2,0,2,4,Local,0.25,141,DAVENPORT AV,DAVENPORT AV,,WEST ST,150,Feet,W,41.299921,-72.944251,14,Motor Vehicle in Operation,1,Front to rear,1,On Roadway,1,Clear,88,Not Applicable,4,Dark-Lighted,1,Dry,0,None,88,Not Applicable,88,Not Applicable,0,None,88,Not Applicable,88,Not Applicable,1,Non-Junction,1,Not at Intersection,1,No,1,No,88,Not Applicable,88,Not Applicable,88,Not Applicable,88,Not Applicable,FALSE,1,Public Road,1,"Trafficway, On Road",CT0009300,New Haven PD,476,09:51.0,C,Closed,07:43.0,,,,,,,
887679,1,Complete,887679,887679,41.319312,-72.95474,3389776,New Haven,93,93,New Haven,7/24/2021,2021,7,July,24,7,Saturday,3:57:00,3,21026844,A,"Injury of any type (Serious, Minor, Possible)",C,Possible Injury (C),2,0,0,4,Local,1.22,194,ELM ST NO 1,ELM ST NO 1,,HUBINGER ST,100,Feet,W,41.319312,-72.95474,15,Parked Motor Vehicle,1,Front to rear,2,Shoulder,2,Cloudy,88,Not Applicable,4,Dark-Lighted,1,Dry,4,Animal(s) in Roadway,88,Not Applicable,88,Not Applicable,0,None,88,Not Applicable,88,Not Applicable,1,Non-Junction,1,Not at Intersection,1,No,1,No,88,Not Applicable,88,Not Applicable,88,Not Applicable,88,Not Applicable,FALSE,1,Public Road,2,"Trafficway, Not on Road",CT0009300,New Haven PD,40956,17:59.0,C,Closed,07:49.0,,,,,,,
887680,1,Complete,887680,887680,41.31869,-72.92371,3389777,New Haven,93,93,New Haven,7/24/2021,2021,7,July,24,7,Saturday,10:29:00,10,21026859,A,"Injury of any type (Serious, Minor, Possible)",C,Possible Injury (C),2,0,0,4,Local,0.49,495,PROSPECT ST,PROSPECT ST,,EDWARDS STREET,100,Feet,N,41.31869,-72.92371,14,Motor Vehicle in Operation,4,"Sideswipe, same direction",1,On Roadway,2,Cloudy,88,Not Applicable,1,Daylight,1,Dry,0,None,88,Not Applicable,88,Not Applicable,0,None,88,Not Applicable,88,Not Applicable,1,Non-Junction,1,Not at Intersection,1,No,1,No,88,Not Applicable,88,Not Applicable,88,Not Applicable,88,Not Applicable,FALSE,1,Public Road,1,"Trafficway, On Road",CT0009300,New Haven PD,201,39:31.0,O,Open,07:44.0,,,,,,,
887681,1,Complete,887681,887681,41.308574,-72.901689,3389778,New Haven,93,93,New Haven,7/24/2021,2021,7,July,24,7,Saturday,12:46:00,12,21026863,A,"Injury of any type (Serious, Minor, Possible)",C,Possible Injury (C),2,0,1,4,Local,0.84,264,GRAND AV,GRAND AV,,LLOYD ST,75,Feet,W,41.308574,-72.901689,14,Motor Vehicle in Operation,3,Angle,1,On Roadway,1,Clear,88,Not Applicable,1,Daylight,1,Dry,0,None,88,Not Applicable,88,Not Applicable,0,None,88,Not Applicable,88,Not Applicable,1,Non-Junction,1,Not at Intersection,1,No,1,No,88,Not Applicable,88,Not Applicable,88,Not Applicable,88,Not Applicable,TRUE,1,Public Road,1,"Trafficway, On Road",CT0009300,New Haven PD,980,52:46.0,C,Closed,07:52.0,,,,,,,
887683,1,Complete,887683,887683,41.335423,-72.97674,3389780,New Haven,93,93,New Haven,7/24/2021,2021,7,July,24,7,Saturday,16:27:00,16,21026874,A,"Injury of any type (Serious, Minor, Possible)",C,Possible Injury (C),2,0,0,3,State,0.06,69,69-N,69-N,,AMITY RD,200,Feet,N,41.335423,-72.97674,14,Motor Vehicle in Operation,4,"Sideswipe, same direction",1,On Roadway,1,Clear,88,Not Applicable,1,Daylight,1,Dry,0,None,88,Not Applicable,88,Not Applicable,0,None,88,Not Applicable,88,Not Applicable,1,Non-Junction,1,Not at Intersection,1,No,1,No,88,Not Applicable,88,Not Applicable,88,Not Applicable,88,Not Applicable,FALSE,1,Public Road,1,"Trafficway, On Road",CT0009300,New Haven PD,79,50:53.0,C,Closed,07:46.0,,3,18000,3,PRINCIPAL ARTERIAL - OTHER - NEW HPMS,2,Urban
887685,1,Complete,887685,887685,41.306486,-72.881702,3389782,New Haven,93,93,New Haven,7/24/2021,2021,7,July,24,7,Saturday,15:45:00,15,21026882,A,"Injury of any type (Serious, Minor, Possible)",C,Possible Injury (C),2,0,0,4,Local,0.27,168,EAST GRAND AV,EAST GRAND AV,,SUMMIT ST,180,Feet,W,41.306486,-72.881702,14,Motor Vehicle in Operation,3,Angle,1,On Roadway,1,Clear,88,Not Applicable,1,Daylight,1,Dry,0,None,88,Not Applicable,88,Not Applicable,0,None,88,Not Applicable,88,Not Applicable,1,Non-Junction,1,Not at Intersection,1,No,1,No,88,Not Applicable,88,Not Applicable,88,Not Applicable,88,Not Applicable,FALSE,1,Public Road,1,"Trafficway, On Road",CT0009300,New Haven PD,42055,59:01.0,O,Open,07:46.0,,,,,,,
887689,1,Complete,887689,887689,41.297435,-72.949119,3389786,New Haven,93,93,New Haven,7/24/2021,2021,7,July,24,7,Saturday,23:26:00,23,21026909,A,"Injury of any type (Serious, Minor, Possible)",B,Suspected Minor Injury (B),1,1,0,3,State,1.47,10,10-N,10-N,1-N,,,,,41.297435,-72.949119,9,Pedestrian,88,Not Applicable,1,On Roadway,1,Clear,88,Not Applicable,4,Dark-Lighted,1,Dry,0,None,88,Not Applicable,88,Not Applicable,0,None,88,Not Applicable,88,Not Applicable,3,Intersection-Related,2,Four-Way Intersection,1,No,1,No,88,Not Applicable,88,Not Applicable,88,Not Applicable,88,Not Applicable,FALSE,1,Public Road,1,"Trafficway, On Road",CT0009300,New Haven PD,42366,14:26.0,C,Closed,07:54.0,,4,20700,3,PRINCIPAL ARTERIAL - OTHER - NEW HPMS,2,Urban
887690,1,Complete,887690,887690,41.303219,-72.936312,3389787,New Haven,93,93,New Haven,7/24/2021,2021,7,July,24,7,Saturday,23:19:00,23,21026918,A,"Injury of any type (Serious, Minor, Possible)",C,Possible Injury (C),2,0,0,4,Local,0,766,YORK ST,YORK ST,DAVENPORT AV,,,,,41.303219,-72.936312,14,Motor Vehicle in Operation,1,Front to rear,1,On Roadway,1,Clear,88,Not Applicable,4,Dark-Lighted,1,Dry,0,None,88,Not Applicable,88,Not Applicable,0,None,88,Not Applicable,88,Not Applicable,2,Intersection,2,Four-Way Intersection,1,No,1,No,88,Not Applicable,88,Not Applicable,88,Not Applicable,88,Not Applicable,FALSE,1,Public Road,1,"Trafficway, On Road",CT0009300,New Haven PD,754,16:20.0,C,Closed,07:49.0,,,,,,,
887696,1,Complete,887696,887696,41.313605,-72.89824,3389793,New Haven,93,93,New Haven,7/25/2021,2021,7,July,25,1,Sunday,3:31:00,3,21026939,A,"Injury of any type (Serious, Minor, Possible)",A,Suspected Serious Injury (A),1,1,0,4,Local,0.82,487,POPLAR ST,POPLAR ST,,CHATHAM ST,107,Feet,S,41.313605,-72.89824,9,Pedestrian,88,Not Applicable,1,On Roadway,1,Clear,88,Not Applicable,4,Dark-Lighted,1,Dry,0,None,88,Not Applicable,88,Not Applicable,0,None,88,Not Applicable,88,Not Applicable,1,Non-Junction,1,Not at Intersection,1,No,1,No,88,Not Applicable,88,Not Applicable,88,Not Applicable,88,Not Applicable,TRUE,1,Public Road,1,"Trafficway, On Road",CT0009300,New Haven PD,416,51:29.0,O,Open,07:51.0,,1,3209,7,LOCAL - NEW HPMS,2,Urban
887697,1,Complete,887697,887697,41.304298,-72.943011,3389794,New Haven,93,93,New Haven,7/25/2021,2021,7,July,25,1,Sunday,2:44:00,2,21026941,A,"Injury of any type (Serious, Minor, Possible)",B,Suspected Minor Injury (B),1,1,3,4,Local,0.3,585,SYLVAN AV,SYLVAN AV,,ORCHARD ST,100,Feet,W,41.304298,-72.943011,9,Pedestrian,88,Not Applicable,1,On Roadway,1,Clear,88,Not Applicable,4,Dark-Lighted,1,Dry,99,Unknown,88,Not Applicable,88,Not Applicable,99,Unknown,88,Not Applicable,88,Not Applicable,1,Non-Junction,1,Not at Intersection,1,No,1,No,88,Not Applicable,88,Not Applicable,88,Not Applicable,88,Not Applicable,FALSE,1,Public Road,1,"Trafficway, On Road",CT0009300,New Haven PD,42366,30:51.0,C,Closed,07:54.0,,2,3301,7,LOCAL - NEW HPMS,2,Urban
887699,1,Complete,887699,887699,41.301439,-72.92302,3389796,New Haven,93,93,New Haven,7/25/2021,2021,7,July,25,1,Sunday,12:37:00,12,21026954,A,"Injury of any type (Serious, Minor, Possible)",C,Possible Injury (C),2,0,0,2,USRoute,48.32,1,1-N,1-N,UNION ST,,,,,41.301439,-72.92302,14,Motor Vehicle in Operation,3,Angle,1,On Roadway,1,Clear,88,Not Applicable,1,Daylight,1,Dry,0,None,88,Not Applicable,88,Not Applicable,0,None,88,Not Applicable,88,Not Applicable,2,Intersection,3,T-Intersection,1,No,1,No,88,Not Applicable,88,Not Applicable,88,Not Applicable,88,Not Applicable,FALSE,1,Public Road,1,"Trafficway, On Road",CT0009300,New Haven PD,279,33:35.0,C,Closed,08:43.0,,3,7100,3,PRINCIPAL ARTERIAL - OTHER - NEW HPMS,2,Urban
887700,1,Complete,887700,887700,41.30794,-72.941241,3389797,New Haven,93,93,New Haven,7/25/2021,2021,7,July,25,1,Sunday,16:25:00,16,21026966,A,"Injury of any type (Serious, Minor, Possible)",C,Possible Injury (C),2,0,0,4,Local,0,250,GILBERT AV,GILBERT AV,WAVERLY ST,,,,,41.30794,-72.941241,14,Motor Vehicle in Operation,3,Angle,1,On Roadway,1,Clear,88,Not Applicable,1,Daylight,1,Dry,0,None,88,Not Applicable,88,Not Applicable,0,None,88,Not Applicable,88,Not Applicable,2,Intersection,3,T-Intersection,1,No,1,No,88,Not Applicable,88,Not Applicable,88,Not Applicable,88,Not Applicable,FALSE,1,Public Road,1,"Trafficway, On Road",CT0009300,New Haven PD,40951,24:34.0,C,Closed,07:57.0,,,,,,,
887704,1,Complete,887704,887704,41.3069478,-72.9372328,3389801,New Haven,93,93,New Haven,7/25/2021,2021,7,July,25,1,Sunday,19:45:00,19,21026990,A,"Injury of any type (Serious, Minor, Possible)",C,Possible Injury (C),2,0,0,4,Local,0.74,809,REV DR MLK JR BLVD,REV DR MLK JR BLVD,HOWE ST,,,,,41.3069478,-72.9372328,14,Motor Vehicle in Operation,1,Front to rear,1,On Roadway,1,Clear,88,Not Applicable,1,Daylight,1,Dry,99,Unknown,88,Not Applicable,88,Not Applicable,99,Unknown,88,Not Applicable,88,Not Applicable,2,Intersection,2,Four-Way Intersection,1,No,1,No,88,Not Applicable,88,Not Applicable,88,Not Applicable,88,Not Applicable,FALSE,1,Public Road,1,"Trafficway, On Road",CT0009300,New Haven PD,11439,10:19.0,C,Closed,08:03.0,,,,,,,
887707,1,Complete,887707,887707,41.321587,-72.929673,3389804,New Haven,93,93,New Haven,7/26/2021,2021,7,July,26,2,Monday,7:18:00,7,21027022,A,"Injury of any type (Serious, Minor, Possible)",B,Suspected Minor Injury (B),1,1,0,4,Local,0.21,429,MUNSON ST,MUNSON ST,CANAL ST NO 1,,,,,41.321587,-72.929673,9,Pedestrian,88,Not Applicable,1,On Roadway,1,Clear,88,Not Applicable,1,Daylight,1,Dry,0,None,88,Not Applicable,88,Not Applicable,0,None,88,Not Applicable,88,Not Applicable,2,Intersection,2,Four-Way Intersection,1,No,1,No,88,Not Applicable,88,Not Applicable,88,Not Applicable,88,Not Applicable,FALSE,1,Public Road,1,"Trafficway, On Road",CT0009300,New Haven PD,40802,59:06.0,C,Closed,09:24.0,,2,8600,4,MINOR ARTERIAL - NEW HPMS,2,Urban
887714,1,Complete,887714,887714,41.30423,-72.894418,3389811,New Haven,93,93,New Haven,7/27/2021,2021,7,July,27,3,Tuesday,1:09:00,1,21027148,A,"Injury of any type (Serious, Minor, Possible)",A,Suspected Serious Injury (A),1,1,0,4,Local,1.1,213,FERRY ST,FERRY ST,,CHAPEL ST,50,Feet,S,41.30423,-72.894418,14,Motor Vehicle in Operation,97,Other,1,On Roadway,1,Clear,88,Not Applicable,4,Dark-Lighted,1,Dry,0,None,88,Not Applicable,88,Not Applicable,0,None,88,Not Applicable,88,Not Applicable,3,Intersection-Related,2,Four-Way Intersection,1,No,1,No,88,Not Applicable,88,Not Applicable,88,Not Applicable,88,Not Applicable,FALSE,1,Public Road,1,"Trafficway, On Road",CT0009300,New Haven PD,86,37:56.0,C,Closed,09:28.0,,,,,,,
887724,1,Complete,887724,887724,41.322245,-72.953526,3389821,New Haven,93,93,New Haven,7/27/2021,2021,7,July,27,3,Tuesday,8:38:00,8,21027161,A,"Injury of any type (Serious, Minor, Possible)",C,Possible Injury (C),2,0,0,3,State,3.35,10,10-N,10-N,OSBORN AV,,,,,41.322245,-72.953526,14,Motor Vehicle in Operation,1,Front to rear,1,On Roadway,1,Clear,88,Not Applicable,1,Daylight,1,Dry,0,None,88,Not Applicable,88,Not Applicable,0,None,88,Not Applicable,88,Not Applicable,2,Intersection,3,T-Intersection,1,No,1,No,88,Not Applicable,88,Not Applicable,88,Not Applicable,88,Not Applicable,TRUE,1,Public Road,1,"Trafficway, On Road",CT0009300,New Haven PD,324,49:08.0,C,Closed,08:07.0,21027161,4,18000,3,PRINCIPAL ARTERIAL - OTHER - NEW HPMS,2,Urban
887725,1,Complete,887725,887725,41.286257,-72.936068,3389822,New Haven,93,93,New Haven,7/27/2021,2021,7,July,27,3,Tuesday,9:48:00,9,21027170,A,"Injury of any type (Serious, Minor, Possible)",C,Possible Injury (C),2,0,0,3,State,0.46,10,10-N,10-N,745-E,,,,,41.286257,-72.936068,14,Motor Vehicle in Operation,3,Angle,1,On Roadway,1,Clear,88,Not Applicable,1,Daylight,1,Dry,0,None,88,Not Applicable,88,Not Applicable,0,None,88,Not Applicable,88,Not Applicable,2,Intersection,2,Four-Way Intersection,1,No,1,No,88,Not Applicable,88,Not Applicable,88,Not Applicable,88,Not Applicable,FALSE,1,Public Road,1,"Trafficway, On Road",CT0009300,New Haven PD,281,26:32.0,C,Closed,08:09.0,,4,18500,3,PRINCIPAL ARTERIAL - OTHER - NEW HPMS,2,Urban
887727,1,Complete,887727,887727,41.307996,-72.915565,3389824,New Haven,93,93,New Haven,7/27/2021,2021,7,July,27,3,Tuesday,10:53:00,10,21027182,A,"Injury of any type (Serious, Minor, Possible)",C,Possible Injury (C),2,0,0,4,Local,1.55,264,GRAND AV,GRAND AV,,JEFFERSON ST,30,Feet,W,41.307996,-72.915565,14,Motor Vehicle in Operation,3,Angle,1,On Roadway,1,Clear,88,Not Applicable,1,Daylight,1,Dry,0,None,88,Not Applicable,88,Not Applicable,0,None,88,Not Applicable,88,Not Applicable,9,Driveway Access-Related,1,Not at Intersection,1,No,1,No,88,Not Applicable,88,Not Applicable,88,Not Applicable,88,Not Applicable,TRUE,1,Public Road,1,"Trafficway, On Road",CT0009300,New Haven PD,221,58:16.0,C,Closed,08:08.0,,,,,,,
887732,1,Complete,887732,887732,41.320315,-72.946497,3389829,New Haven,93,93,New Haven,7/27/2021,2021,7,July,27,3,Tuesday,20:25:00,20,21027254,A,"Injury of any type (Serious, Minor, Possible)",A,Suspected Serious Injury (A),2,0,0,4,Local,0.73,193,ELLSWORTH AV,ELLSWORTH AV,,WHALLEY AVE,530,Feet,N,41.320315,-72.946497,14,Motor Vehicle in Operation,1,Front to rear,1,On Roadway,4,Rain,2,Cloudy,5,Dark-Not Lighted,2,Wet,1,Weather Conditions,88,Not Applicable,88,Not Applicable,0,None,88,Not Applicable,88,Not Applicable,1,Non-Junction,1,Not at Intersection,1,No,1,No,88,Not Applicable,88,Not Applicable,88,Not Applicable,88,Not Applicable,FALSE,1,Public Road,1,"Trafficway, On Road",CT0009300,New Haven PD,40812,00:12.0,C,Closed,08:12.0,,,,,,,
887735,1,Complete,887735,887735,41.312521,-72.941158,3389832,New Haven,93,93,New Haven,7/28/2021,2021,7,July,28,4,Wednesday,8:22:00,8,21027281,A,"Injury of any type (Serious, Minor, Possible)",C,Possible Injury (C),2,0,0,4,Local,1.61,179,EDGEWOOD AV,EDGEWOOD AV,,EDGEWOOD AVE,200,Feet,N,41.312521,-72.941158,14,Motor Vehicle in Operation,1,Front to rear,1,On Roadway,1,Clear,88,Not Applicable,1,Daylight,1,Dry,0,None,88,Not Applicable,88,Not Applicable,0,None,88,Not Applicable,88,Not Applicable,1,Non-Junction,1,Not at Intersection,1,No,1,No,88,Not Applicable,88,Not Applicable,88,Not Applicable,88,Not Applicable,FALSE,1,Public Road,1,"Trafficway, On Road",CT0009300,New Haven PD,11107,05:02.0,C,Closed,08:17.0,,,,,,,
887739,1,Complete,887739,887739,41.324128,-72.88132,3389836,New Haven,93,93,New Haven,7/28/2021,2021,7,July,28,4,Wednesday,13:25:00,13,21027362,A,"Injury of any type (Serious, Minor, Possible)",C,Possible Injury (C),2,0,0,3,State,0.26,17,17-N,17-N,17-S,,,,,41.324128,-72.88132,14,Motor Vehicle in Operation,3,Angle,1,On Roadway,1,Clear,88,Not Applicable,1,Daylight,1,Dry,0,None,88,Not Applicable,88,Not Applicable,0,None,88,Not Applicable,88,Not Applicable,2,Intersection,2,Four-Way Intersection,1,No,1,No,88,Not Applicable,88,Not Applicable,88,Not Applicable,88,Not Applicable,FALSE,1,Public Road,1,"Trafficway, On Road",CT0009300,New Haven PD,430,23:33.0,C,Closed,08:27.0,,1,8500,1,INTERSTATE - NEW HPMS,2,Urban
887759,1,Complete,887759,887759,41.3027,-72.9281,3389856,New Haven,93,93,New Haven,7/29/2021,2021,7,July,29,5,Thursday,19:47:00,19,21027507,A,"Injury of any type (Serious, Minor, Possible)",B,Suspected Minor Injury (B),1,2,4,4,Local,0.29,104,CHURCH ST SOUTH NO 1,CHURCH ST SOUTH NO 1,REV DR MLK JR BLVD,,,,,41.3027,-72.9281,9,Pedestrian,88,Not Applicable,1,On Roadway,4,Rain,88,Not Applicable,4,Dark-Lighted,2,Wet,0,None,88,Not Applicable,88,Not Applicable,0,None,88,Not Applicable,88,Not Applicable,2,Intersection,2,Four-Way Intersection,1,No,1,No,88,Not Applicable,88,Not Applicable,88,Not Applicable,88,Not Applicable,TRUE,1,Public Road,1,"Trafficway, On Road",CT0009300,New Haven PD,40790,33:58.0,C,Closed,08:35.0,,3,21900,3,PRINCIPAL ARTERIAL - OTHER - NEW HPMS,2,Urban
887760,1,Complete,887760,887760,41.32769,-72.96069,3389857,New Haven,93,93,New Haven,7/30/2021,2021,7,July,30,6,Friday,0:19:00,0,21027528,A,"Injury of any type (Serious, Minor, Possible)",C,Possible Injury (C),3,0,0,3,State,0.27,63,63-N,63-N,PHILIP ST,,,,,41.32769,-72.96069,14,Motor Vehicle in Operation,1,Front to rear,1,On Roadway,1,Clear,88,Not Applicable,4,Dark-Lighted,2,Wet,0,None,88,Not Applicable,88,Not Applicable,0,None,88,Not Applicable,88,Not Applicable,2,Intersection,3,T-Intersection,1,No,1,No,88,Not Applicable,88,Not Applicable,88,Not Applicable,88,Not Applicable,FALSE,1,Public Road,1,"Trafficway, On Road",CT0009300,New Haven PD,40805,47:54.0,C,Closed,08:37.0,,2,20300,3,PRINCIPAL ARTERIAL - OTHER - NEW HPMS,2,Urban
887761,1,Complete,887761,887761,41.33102,-72.97285,3389858,New Haven,93,93,New Haven,7/30/2021,2021,7,July,30,6,Friday,6:57:00,6,21027538,A,"Injury of any type (Serious, Minor, Possible)",C,Possible Injury (C),2,0,2,3,State,0.97,63,63-N,63-N,DAVIS ST,,,,,41.33102,-72.97285,14,Motor Vehicle in Operation,3,Angle,1,On Roadway,1,Clear,88,Not Applicable,1,Daylight,1,Dry,0,None,88,Not Applicable,88,Not Applicable,0,None,88,Not Applicable,88,Not Applicable,2,Intersection,3,T-Intersection,1,No,1,No,88,Not Applicable,88,Not Applicable,88,Not Applicable,88,Not Applicable,FALSE,1,Public Road,1,"Trafficway, On Road",CT0009300,New Haven PD,40800,51:04.0,C,Closed,09:11.0,,4,22900,3,PRINCIPAL ARTERIAL - OTHER - NEW HPMS,2,Urban
887763,1,Complete,887763,887763,41.327568,-72.974521,3389860,New Haven,93,93,New Haven,7/30/2021,2021,7,July,30,6,Friday,8:14:00,8,21027542,A,"Injury of any type (Serious, Minor, Possible)",C,Possible Injury (C),2,0,0,3,State,5.88,243,243-E,243-E,DAVIS ST,,,,,41.327568,-72.974521,14,Motor Vehicle in Operation,5,"Sideswipe, opposite direction",1,On Roadway,1,Clear,88,Not Applicable,1,Daylight,1,Dry,0,None,88,Not Applicable,88,Not Applicable,0,None,88,Not Applicable,88,Not Applicable,2,Intersection,2,Four-Way Intersection,2,"Yes, School Bus Directly Involved",1,No,88,Not Applicable,88,Not Applicable,88,Not Applicable,88,Not Applicable,FALSE,1,Public Road,1,"Trafficway, On Road",CT0009300,New Haven PD,40955,15:25.0,C,Closed,08:41.0,,2,10800,4,MINOR ARTERIAL - NEW HPMS,2,Urban