CrashId,Fatal Case Status,Fatal Case Status Text Format,CrashId,CrashId,Latitude,Longitude,DOT Case Number,Town Name,Town Number,Town Number,Town Number Text Format,Date Of Crash,Year,Month,Month Text Format,Day,Day of the Week,Day of the Week Text Format,Time of Crash,Hour of the Day,Case Identifier,Crash Severity,Crash Severity Text Format,Most Severe Injury,Most Severe Injury Text Format,Number Of Motor Vehicles,Number Of Non-Motorist,Number Of Witnesses,Route Class,Route Class Text Format,Milemarker,Road Number,Road Description,Roadway Name,Intersecting Roadway Name,Landmark Description,Distance From Nearest Landmark,Unit Of Measure From Nearest Landmark,Direction From Nearest Landmark,Latitude,Longitude,First Harmful Event,First Harmful Event Text Format,Manner of Crash / Collision Impact,Manner of Crash / Collision Impact Text Format,Location of First Harmful Event,Location of First Harmful Event Text Format,Weather Condition,Weather Condition Text Format,Weather 2,Weather 2 Text Format,Light Condition,Light Condition Text Format,Road Surface Condition,Road Surface Condition Text Format,"Contributing Circumstances, Environment","Contributing Circumstances, Environment Text Format",Environment 2,Environment 2 Text Format,Environment 3,Environment 3 Text Format,"Contributing Circumstances, Road","Contributing Circumstances, Road Text Format",Road 2,Road 2 Text Format,Road 3,Road 3 Text Format,Crash Specific Location,Crash Specific Location Text Format,Type of Intersection,Type of Intersection Text Format,School Bus Related,School Bus Related Text Format,Work Zone Related,Work Zone Related Text Format,Location Of Crash Relative To Work Zone,Location Of Crash Relative To Work Zone Text Format,Type of Work Zone,Type of Work Zone Text Format,Worker Presence,Worker Presence Text Format,Law Enforcement Presence,Law Enforcement Presence Text Format,Were Vehicles Moved Prior To Police Arrival,Trafficway Ownership,Trafficway Ownership Text Format,Trafficway Class,Trafficway Class Text Format,Police Agency,Police Agency Text Format,Badge Number,Approval Date,Police Case Status,Police Case Status Text Format,Crash Report Submission Date,Related Case Identifiers,No. of Through Lanes (Log Dir.),Average Daily Traffic,Functional Classification,Functional Classification Text Format,Rural or Urban,Rural or Urban Text Format
888139,1,Complete,888139,888139,41.306067,-72.925761,3390236,New Haven,93,93,New Haven,8/21/2021,2021,8,August,21,7,Saturday,16:51:00,16,21030354,A,"Injury of any type (Serious, Minor, Possible)",C,Possible Injury (C),2,0,0,4,Local,0.17,103,CHURCH ST,CHURCH ST,CHAPEL ST,,,,,41.306067,-72.925761,14,Motor Vehicle in Operation,3,Angle,1,On Roadway,1,Clear,88,Not Applicable,1,Daylight,1,Dry,0,None,88,Not Applicable,88,Not Applicable,0,None,88,Not Applicable,88,Not Applicable,2,Intersection,2,Four-Way Intersection,1,No,1,No,88,Not Applicable,88,Not Applicable,88,Not Applicable,88,Not Applicable,FALSE,1,Public Road,1,"Trafficway, On Road",CT0009300,New Haven PD,383,36:09.0,C,Closed,11:19.0,,,,,,,
888159,1,Complete,888159,888159,41.307492,-72.918648,3390256,New Haven,93,93,New Haven,8/21/2021,2021,8,August,21,7,Saturday,20:36:00,20,21030375,A,"Injury of any type (Serious, Minor, Possible)",C,Possible Injury (C),1,0,0,4,Local,1.72,264,GRAND AV,GRAND AV,,OLIVE ST,150,Feet,E,41.307492,-72.918648,8,Other Non-Collision,88,Not Applicable,1,On Roadway,1,Clear,88,Not Applicable,1,Daylight,1,Dry,0,None,88,Not Applicable,88,Not Applicable,97,Other,88,Not Applicable,88,Not Applicable,1,Non-Junction,1,Not at Intersection,1,No,1,No,88,Not Applicable,88,Not Applicable,88,Not Applicable,88,Not Applicable,FALSE,1,Public Road,1,"Trafficway, On Road",CT0009300,New Haven PD,42044,33:12.0,C,Closed,11:43.0,,2,9100,4,MINOR ARTERIAL - NEW HPMS,2,Urban
888161,1,Complete,888161,888161,41.2888169,-72.8925593,3390258,New Haven,93,93,New Haven,8/21/2021,2021,8,August,21,7,Saturday,22:45:00,22,21030387,A,"Injury of any type (Serious, Minor, Possible)",C,Possible Injury (C),2,0,0,3,State,0.07,337,337-E,337-E,MAIN ST NO 2,,,,,41.2888169,-72.8925593,14,Motor Vehicle in Operation,3,Angle,1,On Roadway,1,Clear,88,Not Applicable,4,Dark-Lighted,1,Dry,0,None,88,Not Applicable,88,Not Applicable,0,None,88,Not Applicable,88,Not Applicable,2,Intersection,2,Four-Way Intersection,1,No,1,No,88,Not Applicable,88,Not Applicable,88,Not Applicable,88,Not Applicable,TRUE,1,Public Road,1,"Trafficway, On Road",CT0009300,New Haven PD,42055,26:13.0,C,Closed,11:20.0,,4,14000,4,MINOR ARTERIAL - NEW HPMS,2,Urban
888165,1,Complete,888165,888165,41.308425,-72.912923,3390262,New Haven,93,93,New Haven,8/22/2021,2021,8,August,22,1,Sunday,12:28:00,12,21030433,A,"Injury of any type (Serious, Minor, Possible)",C,Possible Injury (C),2,0,0,4,Local,1.42,264,GRAND AV,GRAND AV,,HAMILTON ST,150,Feet,W,41.308425,-72.912923,14,Motor Vehicle in Operation,1,Front to rear,1,On Roadway,4,Rain,88,Not Applicable,1,Daylight,2,Wet,1,Weather Conditions,88,Not Applicable,88,Not Applicable,5,"Road Surface Condition (wet, icy, snow, slush, etc.)",88,Not Applicable,88,Not Applicable,3,Intersection-Related,3,T-Intersection,1,No,1,No,88,Not Applicable,88,Not Applicable,88,Not Applicable,88,Not Applicable,FALSE,1,Public Road,1,"Trafficway, On Road",CT0009300,New Haven PD,40815,47:31.0,C,Closed,11:22.0,21030433,,,,,,
888166,1,Complete,888166,888166,41.308786,-72.8856,3390263,New Haven,93,93,New Haven,8/22/2021,2021,8,August,22,1,Sunday,15:19:00,15,21030445,A,"Injury of any type (Serious, Minor, Possible)",C,Possible Injury (C),2,0,0,4,Local,1.17,498,QUINNIPIAC AV,QUINNIPIAC AV,,E GRAND AVE,100,Feet,N,41.308786,-72.8856,14,Motor Vehicle in Operation,3,Angle,1,On Roadway,2,Cloudy,88,Not Applicable,1,Daylight,1,Dry,0,None,88,Not Applicable,88,Not Applicable,0,None,88,Not Applicable,88,Not Applicable,1,Non-Junction,1,Not at Intersection,1,No,1,No,88,Not Applicable,88,Not Applicable,88,Not Applicable,88,Not Applicable,FALSE,1,Public Road,1,"Trafficway, On Road",CT0009300,New Haven PD,409,06:40.0,C,Closed,11:28.0,,,,,,,
888168,1,Complete,888168,888168,41.32465,-72.90989,3390265,New Haven,93,93,New Haven,8/22/2021,2021,8,August,22,1,Sunday,16:44:00,16,21030452,A,"Injury of any type (Serious, Minor, Possible)",A,Suspected Serious Injury (A),2,0,0,4,Local,0,116,COLD SPRING ST,COLD SPRING ST,MITCHELL DR,,,,,41.32465,-72.90989,14,Motor Vehicle in Operation,3,Angle,1,On Roadway,4,Rain,88,Not Applicable,1,Daylight,2,Wet,0,None,88,Not Applicable,88,Not Applicable,0,None,88,Not Applicable,88,Not Applicable,2,Intersection,2,Four-Way Intersection,1,No,1,No,88,Not Applicable,88,Not Applicable,88,Not Applicable,88,Not Applicable,FALSE,1,Public Road,1,"Trafficway, On Road",CT0009300,New Haven PD,40801,01:47.0,C,Closed,11:23.0,,,,,,,
888170,1,Complete,888170,888170,41.3143,-72.93572,3390267,New Haven,93,93,New Haven,8/23/2021,2021,8,August,23,2,Monday,9:20:00,9,21030506,A,"Injury of any type (Serious, Minor, Possible)",B,Suspected Minor Injury (B),2,0,0,4,Local,0.76,653,WHALLEY AV,WHALLEY AV,SPERRY ST,,,,,41.3143,-72.93572,14,Motor Vehicle in Operation,3,Angle,1,On Roadway,4,Rain,88,Not Applicable,1,Daylight,2,Wet,99,Unknown,88,Not Applicable,88,Not Applicable,0,None,88,Not Applicable,88,Not Applicable,2,Intersection,3,T-Intersection,1,No,1,No,88,Not Applicable,88,Not Applicable,88,Not Applicable,88,Not Applicable,FALSE,1,Public Road,1,"Trafficway, On Road",CT0009300,New Haven PD,91,10:45.0,C,Closed,11:26.0,,,,,,,
888172,1,Complete,888172,888172,41.296312,-72.917805,3390269,New Haven,93,93,New Haven,8/23/2021,2021,8,August,23,2,Monday,12:39:00,12,21030525,A,"Injury of any type (Serious, Minor, Possible)",C,Possible Injury (C),2,0,0,4,Local,0.99,359,SARGENT DR,SARGENT DR,CANAL DOCK RD,,,,,41.296312,-72.917805,14,Motor Vehicle in Operation,1,Front to rear,1,On Roadway,4,Rain,88,Not Applicable,1,Daylight,2,Wet,0,None,88,Not Applicable,88,Not Applicable,0,None,88,Not Applicable,88,Not Applicable,2,Intersection,2,Four-Way Intersection,1,No,1,No,88,Not Applicable,88,Not Applicable,88,Not Applicable,88,Not Applicable,TRUE,1,Public Road,1,"Trafficway, On Road",CT0009300,New Haven PD,281,18:23.0,O,Open,11:27.0,,,,,,,
888173,1,Complete,888173,888173,41.298693,-72.949543,3390270,New Haven,93,93,New Haven,8/23/2021,2021,8,August,23,2,Monday,15:30:00,15,21030538,A,"Injury of any type (Serious, Minor, Possible)",C,Possible Injury (C),2,0,0,3,State,1.56,10,10-N,10-N,,COLUMBUS AVE,420,Feet,N,41.298693,-72.949543,14,Motor Vehicle in Operation,4,"Sideswipe, same direction",1,On Roadway,1,Clear,88,Not Applicable,1,Daylight,1,Dry,0,None,88,Not Applicable,88,Not Applicable,0,None,88,Not Applicable,88,Not Applicable,1,Non-Junction,1,Not at Intersection,1,No,1,No,88,Not Applicable,88,Not Applicable,88,Not Applicable,88,Not Applicable,FALSE,1,Public Road,1,"Trafficway, On Road",CT0009300,New Haven PD,428,37:53.0,O,Open,11:37.0,,4,20700,3,PRINCIPAL ARTERIAL - OTHER - NEW HPMS,2,Urban
888178,1,Complete,888178,888178,41.31557,-72.90091,3390275,New Haven,93,93,New Haven,8/24/2021,2021,8,August,24,3,Tuesday,14:30:00,14,21030656,A,"Injury of any type (Serious, Minor, Possible)",B,Suspected Minor Injury (B),2,0,0,4,Local,0.88,57,BLATCHLEY AV,BLATCHLEY AV,PECK ST NO 1,,,,,41.31557,-72.90091,14,Motor Vehicle in Operation,3,Angle,1,On Roadway,1,Clear,88,Not Applicable,1,Daylight,1,Dry,0,None,88,Not Applicable,88,Not Applicable,0,None,88,Not Applicable,88,Not Applicable,2,Intersection,2,Four-Way Intersection,1,No,1,No,88,Not Applicable,88,Not Applicable,88,Not Applicable,88,Not Applicable,FALSE,1,Public Road,1,"Trafficway, On Road",CT0009300,New Haven PD,42367,57:15.0,C,Closed,11:52.0,,,,,,,
888183,1,Complete,888183,888183,41.31892,-72.89933,3390280,New Haven,93,93,New Haven,8/24/2021,2021,8,August,24,3,Tuesday,17:16:00,17,21030699,A,"Injury of any type (Serious, Minor, Possible)",B,Suspected Minor Injury (B),2,0,0,2,USRoute,0.31,5,5-N,5-N,,WARREN PL,500,Feet,N,41.31892,-72.89933,14,Motor Vehicle in Operation,97,Other,1,On Roadway,1,Clear,88,Not Applicable,1,Daylight,1,Dry,0,None,88,Not Applicable,88,Not Applicable,0,None,88,Not Applicable,88,Not Applicable,1,Non-Junction,1,Not at Intersection,1,No,1,No,88,Not Applicable,88,Not Applicable,88,Not Applicable,88,Not Applicable,FALSE,1,Public Road,1,"Trafficway, On Road",CT0009300,New Haven PD,241,35:27.0,C,Closed,11:30.0,,2,19000,4,MINOR ARTERIAL - NEW HPMS,2,Urban
888186,1,Complete,888186,888186,41.30544,-72.93348,3390283,New Haven,93,93,New Haven,8/24/2021,2021,8,August,24,3,Tuesday,17:45:00,17,21030709,A,"Injury of any type (Serious, Minor, Possible)",C,Possible Injury (C),2,0,0,4,Local,0.52,809,REV DR MLK JR BLVD,REV DR MLK JR BLVD,,York,75,Feet,E,41.30544,-72.93348,14,Motor Vehicle in Operation,1,Front to rear,1,On Roadway,1,Clear,88,Not Applicable,1,Daylight,1,Dry,0,None,88,Not Applicable,88,Not Applicable,0,None,88,Not Applicable,88,Not Applicable,1,Non-Junction,1,Not at Intersection,1,No,1,No,88,Not Applicable,88,Not Applicable,88,Not Applicable,88,Not Applicable,FALSE,1,Public Road,1,"Trafficway, On Road",CT0009300,New Haven PD,40808,21:25.0,C,Closed,11:32.0,,,,,,,
888190,1,Complete,888190,888190,41.308608,-72.901052,3390287,New Haven,93,93,New Haven,8/24/2021,2021,8,August,24,3,Tuesday,21:43:00,21,21030736,A,"Injury of any type (Serious, Minor, Possible)",C,Possible Injury (C),2,0,2,4,Local,0.8,264,GRAND AV,GRAND AV,LLOYD ST,,,,,41.308608,-72.901052,14,Motor Vehicle in Operation,5,"Sideswipe, opposite direction",1,On Roadway,1,Clear,88,Not Applicable,4,Dark-Lighted,1,Dry,0,None,88,Not Applicable,88,Not Applicable,0,None,88,Not Applicable,88,Not Applicable,2,Intersection,2,Four-Way Intersection,1,No,1,No,88,Not Applicable,88,Not Applicable,88,Not Applicable,88,Not Applicable,FALSE,1,Public Road,1,"Trafficway, On Road",CT0009300,New Haven PD,42369,16:39.0,C,Closed,11:53.0,,,,,,,
888194,1,Complete,888194,888194,41.31746,-72.90145,3390291,New Haven,93,93,New Haven,8/25/2021,2021,8,August,25,4,Wednesday,0:18:00,0,21030746,A,"Injury of any type (Serious, Minor, Possible)",C,Possible Injury (C),2,0,0,2,USRoute,0.17,5,5-N,5-N,BLATCHLEY AV,,,,,41.31746,-72.90145,14,Motor Vehicle in Operation,97,Other,1,On Roadway,1,Clear,88,Not Applicable,4,Dark-Lighted,1,Dry,0,None,88,Not Applicable,88,Not Applicable,0,None,88,Not Applicable,88,Not Applicable,3,Intersection-Related,2,Four-Way Intersection,1,No,1,No,88,Not Applicable,88,Not Applicable,88,Not Applicable,88,Not Applicable,FALSE,1,Public Road,1,"Trafficway, On Road",CT0009300,New Haven PD,40815,54:25.0,O,Open,11:50.0,21030746,2,13900,4,MINOR ARTERIAL - NEW HPMS,2,Urban
888196,1,Complete,888196,888196,41.30824,-72.93797,3390293,New Haven,93,93,New Haven,8/25/2021,2021,8,August,25,4,Wednesday,4:21:00,4,21030760,A,"Injury of any type (Serious, Minor, Possible)",C,Possible Injury (C),2,0,0,4,Local,0.64,248,GEORGE ST,GEORGE ST,DWIGHT ST,,,,,41.30824,-72.93797,14,Motor Vehicle in Operation,3,Angle,1,On Roadway,1,Clear,88,Not Applicable,3,Dusk,1,Dry,0,None,88,Not Applicable,88,Not Applicable,0,None,88,Not Applicable,88,Not Applicable,2,Intersection,2,Four-Way Intersection,1,No,1,No,88,Not Applicable,88,Not Applicable,88,Not Applicable,88,Not Applicable,FALSE,1,Public Road,1,"Trafficway, On Road",CT0009300,New Haven PD,40789,20:20.0,C,Closed,11:38.0,,,,,,,
888199,1,Complete,888199,888199,41.308472,-72.903191,3390296,New Haven,93,93,New Haven,8/25/2021,2021,8,August,25,4,Wednesday,12:19:00,12,21030796,A,"Injury of any type (Serious, Minor, Possible)",C,Possible Injury (C),2,0,0,4,Local,0.92,264,GRAND AV,GRAND AV,JAMES ST,,,,,41.308472,-72.903191,14,Motor Vehicle in Operation,97,Other,1,On Roadway,1,Clear,88,Not Applicable,1,Daylight,1,Dry,0,None,88,Not Applicable,88,Not Applicable,0,None,88,Not Applicable,88,Not Applicable,2,Intersection,2,Four-Way Intersection,1,No,1,No,88,Not Applicable,88,Not Applicable,88,Not Applicable,88,Not Applicable,FALSE,1,Public Road,1,"Trafficway, On Road",CT0009300,New Haven PD,86,21:10.0,C,Closed,11:41.0,,,,,,,
888200,1,Complete,888200,888200,41.330673,-72.921434,3390297,New Haven,93,93,New Haven,8/26/2021,2021,8,August,26,5,Thursday,8:54:00,8,21030799,A,"Injury of any type (Serious, Minor, Possible)",C,Possible Injury (C),2,0,1,4,Local,1.33,495,PROSPECT ST,PROSPECT ST,HUNTINGTON ST,,,,,41.330673,-72.921434,14,Motor Vehicle in Operation,3,Angle,1,On Roadway,1,Clear,88,Not Applicable,1,Daylight,1,Dry,0,None,88,Not Applicable,88,Not Applicable,0,None,88,Not Applicable,88,Not Applicable,2,Intersection,2,Four-Way Intersection,1,No,1,No,88,Not Applicable,88,Not Applicable,88,Not Applicable,88,Not Applicable,TRUE,1,Public Road,1,"Trafficway, On Road",CT0009300,New Haven PD,2,24:13.0,O,Open,11:40.0,,,,,,,
888210,1,Complete,888210,888210,41.300821,-72.909335,3390307,New Haven,93,93,New Haven,8/25/2021,2021,8,August,25,4,Wednesday,17:29:00,17,21030843,A,"Injury of any type (Serious, Minor, Possible)",A,Suspected Serious Injury (A),1,0,0,2,USRoute,49.04,1,1-N,1-N,,EAST ST,250,Feet,E,41.300821,-72.909335,6,Fell/Jumped from Vehicle,88,Not Applicable,1,On Roadway,1,Clear,88,Not Applicable,1,Daylight,1,Dry,0,None,88,Not Applicable,88,Not Applicable,0,None,88,Not Applicable,88,Not Applicable,1,Non-Junction,1,Not at Intersection,1,No,1,No,88,Not Applicable,88,Not Applicable,88,Not Applicable,88,Not Applicable,TRUE,1,Public Road,1,"Trafficway, On Road",CT0009300,New Haven PD,409,40:37.0,C,Closed,11:36.0,,4,12400,3,PRINCIPAL ARTERIAL - OTHER - NEW HPMS,2,Urban
888215,1,Complete,888215,888215,41.290028,-72.940332,3390312,New Haven,93,93,New Haven,8/25/2021,2021,8,August,25,4,Wednesday,20:19:00,20,21030869,A,"Injury of any type (Serious, Minor, Possible)",C,Possible Injury (C),2,0,0,3,State,0.8,10,10-N,10-N,LAMBERTON ST,,,,,41.290028,-72.940332,14,Motor Vehicle in Operation,3,Angle,1,On Roadway,1,Clear,88,Not Applicable,4,Dark-Lighted,1,Dry,0,None,88,Not Applicable,88,Not Applicable,0,None,88,Not Applicable,88,Not Applicable,2,Intersection,3,T-Intersection,1,No,1,No,88,Not Applicable,88,Not Applicable,88,Not Applicable,88,Not Applicable,FALSE,1,Public Road,1,"Trafficway, On Road",CT0009300,New Haven PD,958,37:28.0,C,Closed,11:37.0,21-030869,4,17900,3,PRINCIPAL ARTERIAL - OTHER - NEW HPMS,2,Urban
888217,1,Complete,888217,888217,41.31618,-72.90887,3390314,New Haven,93,93,New Haven,8/25/2021,2021,8,August,25,4,Wednesday,23:00:00,23,21030888,A,"Injury of any type (Serious, Minor, Possible)",B,Suspected Minor Injury (B),2,0,0,4,Local,0.25,575,STATE ST,STATE ST,MECHANIC ST,,,,,41.31618,-72.90887,14,Motor Vehicle in Operation,3,Angle,1,On Roadway,1,Clear,88,Not Applicable,4,Dark-Lighted,1,Dry,0,None,88,Not Applicable,88,Not Applicable,0,None,88,Not Applicable,88,Not Applicable,2,Intersection,2,Four-Way Intersection,1,No,1,No,88,Not Applicable,88,Not Applicable,88,Not Applicable,88,Not Applicable,FALSE,1,Public Road,1,"Trafficway, On Road",CT0009300,New Haven PD,383,41:29.0,C,Closed,11:45.0,,,,,,,
888226,1,Complete,888226,888226,41.338764,-72.976726,3390323,New Haven,93,93,New Haven,8/26/2021,2021,8,August,26,5,Thursday,14:28:00,14,21030940,A,"Injury of any type (Serious, Minor, Possible)",B,Suspected Minor Injury (B),2,0,0,3,State,0.3,69,69-N,69-N,,POND LILY AVE,50,Feet,E,41.338764,-72.976726,14,Motor Vehicle in Operation,3,Angle,1,On Roadway,1,Clear,1,Clear,1,Daylight,1,Dry,0,None,0,None,88,Not Applicable,0,None,88,Not Applicable,88,Not Applicable,1,Non-Junction,1,Not at Intersection,1,No,1,No,88,Not Applicable,88,Not Applicable,88,Not Applicable,88,Not Applicable,FALSE,1,Public Road,1,"Trafficway, On Road",CT0009300,New Haven PD,42046,53:42.0,C,Closed,12:28.0,,3,21000,3,PRINCIPAL ARTERIAL - OTHER - NEW HPMS,2,Urban
888228,1,Complete,888228,888228,41.29672,-72.89391,3390325,New Haven,93,93,New Haven,8/26/2021,2021,8,August,26,5,Thursday,15:05:00,15,21030952,A,"Injury of any type (Serious, Minor, Possible)",C,Possible Injury (C),2,0,1,4,Local,0.15,242,FULTON ST,FULTON ST,FAIRMONT AV,,,,,41.29672,-72.89391,14,Motor Vehicle in Operation,3,Angle,1,On Roadway,1,Clear,88,Not Applicable,1,Daylight,1,Dry,0,None,88,Not Applicable,88,Not Applicable,0,None,88,Not Applicable,88,Not Applicable,2,Intersection,2,Four-Way Intersection,1,No,1,No,88,Not Applicable,88,Not Applicable,88,Not Applicable,88,Not Applicable,FALSE,1,Public Road,1,"Trafficway, On Road",CT0009300,New Haven PD,40793,41:56.0,C,Closed,11:45.0,,,,,,,
888230,1,Complete,888230,888230,41.299624,-72.950001,3390327,New Haven,93,93,New Haven,8/26/2021,2021,8,August,26,5,Thursday,15:51:00,15,21030961,A,"Injury of any type (Serious, Minor, Possible)",C,Possible Injury (C),2,0,0,3,State,1.63,10,10-N,10-N,,COLUMBUS AVE,700,Feet,N,41.299624,-72.950001,14,Motor Vehicle in Operation,1,Front to rear,1,On Roadway,1,Clear,88,Not Applicable,1,Daylight,1,Dry,0,None,88,Not Applicable,88,Not Applicable,3,Backup Due to Regular Congestion,88,Not Applicable,88,Not Applicable,1,Non-Junction,1,Not at Intersection,1,No,1,No,88,Not Applicable,88,Not Applicable,88,Not Applicable,88,Not Applicable,FALSE,1,Public Road,1,"Trafficway, On Road",CT0009300,New Haven PD,958,22:21.0,C,Closed,11:44.0,,4,20700,3,PRINCIPAL ARTERIAL - OTHER - NEW HPMS,2,Urban
888233,1,Complete,888233,888233,41.320264,-72.892831,3390330,New Haven,93,93,New Haven,8/26/2021,2021,8,August,26,5,Thursday,16:58:00,16,21030988,A,"Injury of any type (Serious, Minor, Possible)",C,Possible Injury (C),2,0,1,4,Local,0.49,411,MIDDLETOWN AV,MIDDLETOWN AV,CLINTON AV,,,,,41.320264,-72.892831,14,Motor Vehicle in Operation,1,Front to rear,1,On Roadway,1,Clear,88,Not Applicable,1,Daylight,1,Dry,99,Unknown,88,Not Applicable,88,Not Applicable,0,None,88,Not Applicable,88,Not Applicable,3,Intersection-Related,2,Four-Way Intersection,1,No,1,No,88,Not Applicable,88,Not Applicable,88,Not Applicable,88,Not Applicable,TRUE,1,Public Road,1,"Trafficway, On Road",CT0009300,New Haven PD,980,40:27.0,C,Closed,11:45.0,,,,,,,
888238,1,Complete,888238,888238,41.346524,-72.953919,3390335,New Haven,93,93,New Haven,8/27/2021,2021,8,August,27,6,Friday,1:07:00,1,21031030,A,"Injury of any type (Serious, Minor, Possible)",B,Suspected Minor Injury (B),4,0,0,4,Local,0.02,798,SOLOMON CROSSING,SOLOMON CROSSING,,JENNINGS WAY,100,Feet,E,41.346524,-72.953919,14,Motor Vehicle in Operation,1,Front to rear,7,In Parking Lane or Zone,1,Clear,88,Not Applicable,4,Dark-Lighted,1,Dry,99,Unknown,88,Not Applicable,88,Not Applicable,0,None,88,Not Applicable,88,Not Applicable,11,Through Roadway,1,Not at Intersection,1,No,1,No,88,Not Applicable,88,Not Applicable,88,Not Applicable,88,Not Applicable,FALSE,1,Public Road,2,"Trafficway, Not on Road",CT0009300,New Haven PD,160,59:21.0,C,Closed,11:48.0,21-031030,,,,,,
888243,1,Complete,888243,888243,41.298684,-72.929018,3390340,New Haven,93,93,New Haven,8/27/2021,2021,8,August,27,6,Friday,12:05:00,12,21031067,A,"Injury of any type (Serious, Minor, Possible)",C,Possible Injury (C),2,0,0,2,USRoute,47.67,1,1-S,1-S,COLUMBUS AV NO 1,,,,,41.298684,-72.929018,14,Motor Vehicle in Operation,1,Front to rear,1,On Roadway,1,Clear,88,Not Applicable,1,Daylight,1,Dry,0,None,88,Not Applicable,88,Not Applicable,0,None,88,Not Applicable,88,Not Applicable,2,Intersection,2,Four-Way Intersection,1,No,1,No,88,Not Applicable,88,Not Applicable,88,Not Applicable,88,Not Applicable,FALSE,1,Public Road,1,"Trafficway, On Road",CT0009300,New Haven PD,295,00:26.0,C,Closed,11:50.0,,4,9000,3,PRINCIPAL ARTERIAL - OTHER - NEW HPMS,2,Urban
888245,1,Complete,888245,888245,41.3342,-72.94747,3390342,New Haven,93,93,New Haven,8/27/2021,2021,8,August,27,6,Friday,14:53:00,14,21031085,A,"Injury of any type (Serious, Minor, Possible)",A,Suspected Serious Injury (A),3,0,0,3,State,4.44,10,10-N,10-N,PINE ROCK AV,,,,,41.3342,-72.94747,14,Motor Vehicle in Operation,3,Angle,1,On Roadway,1,Clear,88,Not Applicable,1,Daylight,1,Dry,0,None,88,Not Applicable,88,Not Applicable,0,None,88,Not Applicable,88,Not Applicable,2,Intersection,2,Four-Way Intersection,1,No,1,No,88,Not Applicable,88,Not Applicable,88,Not Applicable,88,Not Applicable,FALSE,1,Public Road,1,"Trafficway, On Road",CT0009300,New Haven PD,42367,12:33.0,C,Closed,11:56.0,,4,10600,4,MINOR ARTERIAL - NEW HPMS,2,Urban
888264,1,Complete,888264,888264,41.316672,-72.942471,3390361,New Haven,93,93,New Haven,8/27/2021,2021,8,August,27,6,Friday,22:58:00,22,21031177,A,"Injury of any type (Serious, Minor, Possible)",C,Possible Injury (C),2,0,1,4,Local,0.38,653,WHALLEY AV,WHALLEY AV,SHERMAN AV,,,,,41.316672,-72.942471,14,Motor Vehicle in Operation,4,"Sideswipe, same direction",1,On Roadway,2,Cloudy,88,Not Applicable,4,Dark-Lighted,1,Dry,0,None,88,Not Applicable,88,Not Applicable,0,None,88,Not Applicable,88,Not Applicable,3,Intersection-Related,2,Four-Way Intersection,1,No,1,No,88,Not Applicable,88,Not Applicable,88,Not Applicable,88,Not Applicable,TRUE,1,Public Road,1,"Trafficway, On Road",CT0009300,New Haven PD,40956,19:48.0,C,Closed,11:54.0,,,,,,,
888265,1,Complete,888265,888265,41.287298,-72.92572,3390362,New Haven,93,93,New Haven,8/28/2021,2021,8,August,28,7,Saturday,2:51:00,2,21031185,A,"Injury of any type (Serious, Minor, Possible)",C,Possible Injury (C),2,0,0,4,Local,0.23,359,SARGENT DR,SARGENT DR,LONG WHARF DR EXT,,,,,41.287298,-72.92572,14,Motor Vehicle in Operation,3,Angle,1,On Roadway,1,Clear,88,Not Applicable,4,Dark-Lighted,1,Dry,0,None,88,Not Applicable,88,Not Applicable,0,None,88,Not Applicable,88,Not Applicable,2,Intersection,2,Four-Way Intersection,1,No,1,No,88,Not Applicable,88,Not Applicable,88,Not Applicable,88,Not Applicable,FALSE,1,Public Road,1,"Trafficway, On Road",CT0009300,New Haven PD,42366,41:06.0,O,Open,11:55.0,,,,,,,
888277,1,Complete,888277,888277,41.297767,-72.937548,3390374,New Haven,93,93,New Haven,8/28/2021,2021,8,August,28,7,Saturday,19:57:00,19,21031297,A,"Injury of any type (Serious, Minor, Possible)",B,Suspected Minor Injury (B),2,0,0,2,USRoute,47.22,1,1-N,1-N,WASHINGTON AV NO 1,,,,,41.297767,-72.937548,14,Motor Vehicle in Operation,3,Angle,1,On Roadway,1,Clear,88,Not Applicable,6,Dark-Unknown Lighting,1,Dry,0,None,88,Not Applicable,88,Not Applicable,0,None,88,Not Applicable,88,Not Applicable,2,Intersection,2,Four-Way Intersection,1,No,1,No,88,Not Applicable,88,Not Applicable,88,Not Applicable,88,Not Applicable,FALSE,1,Public Road,1,"Trafficway, On Road",CT0009300,New Haven PD,958,35:02.0,C,Closed,12:01.0,,2,8600,3,PRINCIPAL ARTERIAL - OTHER - NEW HPMS,2,Urban
888278,1,Complete,888278,888278,41.329183,-72.87672,3390375,New Haven,93,93,New Haven,8/28/2021,2021,8,August,28,7,Saturday,20:28:00,20,21031299,A,"Injury of any type (Serious, Minor, Possible)",C,Possible Injury (C),2,0,0,3,State,0.67,17,17-N,17-N,,ELLIS ST,100,Feet,S,41.329183,-72.87672,14,Motor Vehicle in Operation,3,Angle,1,On Roadway,1,Clear,88,Not Applicable,4,Dark-Lighted,1,Dry,0,None,88,Not Applicable,88,Not Applicable,0,None,88,Not Applicable,88,Not Applicable,1,Non-Junction,1,Not at Intersection,1,No,1,No,88,Not Applicable,88,Not Applicable,88,Not Applicable,88,Not Applicable,TRUE,1,Public Road,1,"Trafficway, On Road",CT0009300,New Haven PD,42055,00:07.0,C,Closed,12:01.0,,2,14200,3,PRINCIPAL ARTERIAL - OTHER - NEW HPMS,2,Urban