CrashId,Fatal Case Status,Fatal Case Status Text Format,CrashId,CrashId,Latitude,Longitude,DOT Case Number,Town Name,Town Number,Town Number,Town Number Text Format,Date Of Crash,Year,Month,Month Text Format,Day,Day of the Week,Day of the Week Text Format,Time of Crash,Hour of the Day,Case Identifier,Crash Severity,Crash Severity Text Format,Most Severe Injury,Most Severe Injury Text Format,Number Of Motor Vehicles,Number Of Non-Motorist,Number Of Witnesses,Route Class,Route Class Text Format,Milemarker,Road Number,Road Description,Roadway Name,Intersecting Roadway Name,Landmark Description,Distance From Nearest Landmark,Unit Of Measure From Nearest Landmark,Direction From Nearest Landmark,Latitude,Longitude,First Harmful Event,First Harmful Event Text Format,Manner of Crash / Collision Impact,Manner of Crash / Collision Impact Text Format,Location of First Harmful Event,Location of First Harmful Event Text Format,Weather Condition,Weather Condition Text Format,Weather 2,Weather 2 Text Format,Light Condition,Light Condition Text Format,Road Surface Condition,Road Surface Condition Text Format,"Contributing Circumstances, Environment","Contributing Circumstances, Environment Text Format",Environment 2,Environment 2 Text Format,Environment 3,Environment 3 Text Format,"Contributing Circumstances, Road","Contributing Circumstances, Road Text Format",Road 2,Road 2 Text Format,Road 3,Road 3 Text Format,Crash Specific Location,Crash Specific Location Text Format,Type of Intersection,Type of Intersection Text Format,School Bus Related,School Bus Related Text Format,Work Zone Related,Work Zone Related Text Format,Location Of Crash Relative To Work Zone,Location Of Crash Relative To Work Zone Text Format,Type of Work Zone,Type of Work Zone Text Format,Worker Presence,Worker Presence Text Format,Law Enforcement Presence,Law Enforcement Presence Text Format,Were Vehicles Moved Prior To Police Arrival,Trafficway Ownership,Trafficway Ownership Text Format,Trafficway Class,Trafficway Class Text Format,Police Agency,Police Agency Text Format,Badge Number,Approval Date,Police Case Status,Police Case Status Text Format,Crash Report Submission Date,Related Case Identifiers,No. of Through Lanes (Log Dir.),Average Daily Traffic,Functional Classification,Functional Classification Text Format,Rural or Urban,Rural or Urban Text Format
888281,1,Complete,888281,888281,41.322765,-72.934873,3390378,New Haven,93,93,New Haven,8/29/2021,2021,8,August,29,1,Sunday,3:16:00,3,21031336,A,"Injury of any type (Serious, Minor, Possible)",C,Possible Injury (C),2,0,0,4,Local,0.7,152,DIXWELL AV,DIXWELL AV,,MUNSON ST,20,Feet,S,41.322765,-72.934873,14,Motor Vehicle in Operation,1,Front to rear,1,On Roadway,1,Clear,88,Not Applicable,4,Dark-Lighted,1,Dry,0,None,88,Not Applicable,88,Not Applicable,0,None,88,Not Applicable,88,Not Applicable,1,Non-Junction,1,Not at Intersection,1,No,1,No,88,Not Applicable,88,Not Applicable,88,Not Applicable,88,Not Applicable,TRUE,1,Public Road,1,"Trafficway, On Road",CT0009300,New Haven PD,42054,08:34.0,C,Closed,12:05.0,,,,,,,
888283,1,Complete,888283,888283,41.29737944,-72.92724601,3390380,New Haven,93,93,New Haven,8/29/2021,2021,8,August,29,1,Sunday,14:42:00,14,21031366,A,"Injury of any type (Serious, Minor, Possible)",B,Suspected Minor Injury (B),2,0,0,2,USRoute,47.94,1,1-N,1-N,,CHURCH ST SOUTH,489,Feet,N,41.29737944,-72.92724601,14,Motor Vehicle in Operation,3,Angle,1,On Roadway,1,Clear,88,Not Applicable,1,Daylight,1,Dry,0,None,88,Not Applicable,88,Not Applicable,0,None,88,Not Applicable,88,Not Applicable,8,Driveway Access,1,Not at Intersection,1,No,1,No,88,Not Applicable,88,Not Applicable,88,Not Applicable,88,Not Applicable,TRUE,1,Public Road,1,"Trafficway, On Road",CT0009300,New Haven PD,301,40:29.0,C,Closed,12:44.0,,4,9500,3,PRINCIPAL ARTERIAL - OTHER - NEW HPMS,2,Urban
888285,1,Complete,888285,888285,41.3155,-72.9348,3390382,New Haven,93,93,New Haven,8/29/2021,2021,8,August,29,1,Sunday,15:56:00,15,21031371,A,"Injury of any type (Serious, Minor, Possible)",B,Suspected Minor Injury (B),2,0,1,4,Local,0.48,257,GOFFE ST,GOFFE ST,GOFFE ST,,,,,41.3155,-72.9348,14,Motor Vehicle in Operation,3,Angle,1,On Roadway,1,Clear,88,Not Applicable,1,Daylight,1,Dry,0,None,88,Not Applicable,88,Not Applicable,0,None,88,Not Applicable,88,Not Applicable,2,Intersection,2,Four-Way Intersection,1,No,1,No,88,Not Applicable,88,Not Applicable,88,Not Applicable,88,Not Applicable,TRUE,1,Public Road,1,"Trafficway, On Road",CT0009300,New Haven PD,40790,20:20.0,C,Closed,12:04.0,,,,,,,
888287,1,Complete,888287,888287,41.323454,-72.940762,3390384,New Haven,93,93,New Haven,8/29/2021,2021,8,August,29,1,Sunday,19:50:00,19,21031392,A,"Injury of any type (Serious, Minor, Possible)",B,Suspected Minor Injury (B),1,0,0,4,Local,0.21,133,CRESCENT ST,CRESCENT ST,WINTHROP AV NO 2,,,,,41.323454,-72.940762,39,"Other Fixed Object (wall, building, tunnel, etc.)",88,Not Applicable,1,On Roadway,1,Clear,88,Not Applicable,1,Daylight,1,Dry,0,None,88,Not Applicable,88,Not Applicable,0,None,88,Not Applicable,88,Not Applicable,2,Intersection,2,Four-Way Intersection,1,No,1,No,88,Not Applicable,88,Not Applicable,88,Not Applicable,88,Not Applicable,FALSE,1,Public Road,1,"Trafficway, On Road",CT0009300,New Haven PD,42365,24:35.0,C,Closed,12:05.0,,2,6000,5,MAJOR COLLECTOR - NEW HPMS,2,Urban
888288,1,Complete,888288,888288,41.308253,-72.953132,3390385,New Haven,93,93,New Haven,8/29/2021,2021,8,August,29,1,Sunday,19:41:00,19,21031396,A,"Injury of any type (Serious, Minor, Possible)",B,Suspected Minor Injury (B),2,0,0,3,State,2.25,10,10-N,10-N,,JUDSON AVE,30,Feet,N,41.308253,-72.953132,14,Motor Vehicle in Operation,4,"Sideswipe, same direction",1,On Roadway,1,Clear,88,Not Applicable,3,Dusk,1,Dry,0,None,88,Not Applicable,88,Not Applicable,0,None,88,Not Applicable,88,Not Applicable,1,Non-Junction,1,Not at Intersection,1,No,1,No,88,Not Applicable,88,Not Applicable,88,Not Applicable,88,Not Applicable,TRUE,1,Public Road,1,"Trafficway, On Road",CT0009300,New Haven PD,261,25:03.0,C,Closed,12:06.0,,4,33100,3,PRINCIPAL ARTERIAL - OTHER - NEW HPMS,2,Urban
888292,1,Complete,888292,888292,41.330967,-72.95656,3390389,New Haven,93,93,New Haven,8/30/2021,2021,8,August,30,2,Monday,0:04:00,0,21031418,A,"Injury of any type (Serious, Minor, Possible)",C,Possible Injury (C),2,0,0,4,Local,0.17,572,SPRINGSIDE AV,SPRINGSIDE AV,,HARD ST,50,Feet,N,41.330967,-72.95656,14,Motor Vehicle in Operation,4,"Sideswipe, same direction",1,On Roadway,1,Clear,88,Not Applicable,4,Dark-Lighted,1,Dry,99,Unknown,88,Not Applicable,88,Not Applicable,99,Unknown,88,Not Applicable,88,Not Applicable,1,Non-Junction,1,Not at Intersection,1,No,1,No,88,Not Applicable,88,Not Applicable,88,Not Applicable,88,Not Applicable,FALSE,1,Public Road,1,"Trafficway, On Road",CT0009300,New Haven PD,200,18:59.0,O,Open,14:56.0,,,,,,,
888302,1,Complete,888302,888302,41.321043,-72.874606,3390399,New Haven,93,93,New Haven,8/30/2021,2021,8,August,30,2,Monday,15:38:00,15,21031516,A,"Injury of any type (Serious, Minor, Possible)",C,Possible Injury (C),2,0,0,3,State,0.41,80,80-E,80-E,,QUINNIPIAC AVE,100,Feet,W,41.321043,-72.874606,14,Motor Vehicle in Operation,3,Angle,1,On Roadway,1,Clear,88,Not Applicable,1,Daylight,1,Dry,0,None,88,Not Applicable,88,Not Applicable,3,Backup Due to Regular Congestion,88,Not Applicable,88,Not Applicable,3,Intersection-Related,2,Four-Way Intersection,1,No,1,No,88,Not Applicable,88,Not Applicable,88,Not Applicable,88,Not Applicable,TRUE,1,Public Road,1,"Trafficway, On Road",CT0009300,New Haven PD,409,27:32.0,C,Closed,12:13.0,,4,32100,3,PRINCIPAL ARTERIAL - OTHER - NEW HPMS,2,Urban
888306,1,Complete,888306,888306,41.333551,-72.950615,3390403,New Haven,93,93,New Haven,8/30/2021,2021,8,August,30,2,Monday,14:09:00,14,21031545,A,"Injury of any type (Serious, Minor, Possible)",C,Possible Injury (C),2,0,1,4,Local,0,208,FARNHAM AV,FARNHAM AV,WINTERGREEN AV,,,,,41.333551,-72.950615,14,Motor Vehicle in Operation,3,Angle,1,On Roadway,1,Clear,88,Not Applicable,1,Daylight,1,Dry,0,None,88,Not Applicable,88,Not Applicable,0,None,88,Not Applicable,88,Not Applicable,2,Intersection,3,T-Intersection,1,No,1,No,88,Not Applicable,88,Not Applicable,88,Not Applicable,88,Not Applicable,TRUE,1,Public Road,1,"Trafficway, On Road",CT0009300,New Haven PD,55,47:49.0,C,Closed,12:21.0,,,,,,,
888307,1,Complete,888307,888307,41.289977,-72.89421,3390404,New Haven,93,93,New Haven,8/30/2021,2021,8,August,30,2,Monday,17:34:00,17,21031571,A,"Injury of any type (Serious, Minor, Possible)",A,Suspected Serious Injury (A),2,0,0,4,Local,1.43,678,WOODWARD AV,WOODWARD AV,,FORBES AVE,50,Feet,S,41.289977,-72.89421,14,Motor Vehicle in Operation,2,Front to front,1,On Roadway,1,Clear,88,Not Applicable,1,Daylight,1,Dry,0,None,88,Not Applicable,88,Not Applicable,0,None,88,Not Applicable,88,Not Applicable,1,Non-Junction,1,Not at Intersection,1,No,1,No,88,Not Applicable,88,Not Applicable,88,Not Applicable,88,Not Applicable,FALSE,1,Public Road,1,"Trafficway, On Road",CT0009300,New Haven PD,42367,59:40.0,C,Closed,12:10.0,,,,,,,
888315,1,Complete,888315,888315,41.30468,-72.946128,3390412,New Haven,93,93,New Haven,8/31/2021,2021,8,August,31,3,Tuesday,11:28:00,11,21031653,A,"Injury of any type (Serious, Minor, Possible)",C,Possible Injury (C),3,0,0,4,Local,0.32,672,WINTHROP AV NO 1,WINTHROP AV NO 1,,SYLVAN AVE,270,Feet,N,41.30468,-72.946128,14,Motor Vehicle in Operation,97,Other,1,On Roadway,1,Clear,88,Not Applicable,1,Daylight,1,Dry,0,None,88,Not Applicable,88,Not Applicable,0,None,88,Not Applicable,88,Not Applicable,9,Driveway Access-Related,1,Not at Intersection,1,No,1,No,88,Not Applicable,88,Not Applicable,88,Not Applicable,88,Not Applicable,FALSE,1,Public Road,1,"Trafficway, On Road",CT0009300,New Haven PD,241,30:31.0,C,Closed,14:09.0,,,,,,,
888316,1,Complete,888316,888316,41.312932,-72.932033,3390413,New Haven,93,93,New Haven,8/31/2021,2021,8,August,31,3,Tuesday,12:00:00,12,21031656,A,"Injury of any type (Serious, Minor, Possible)",C,Possible Injury (C),2,0,0,4,Local,0.2,596,TOWER PKWY,TOWER PKWY,GOFFE ST,,,,,41.312932,-72.932033,14,Motor Vehicle in Operation,1,Front to rear,1,On Roadway,1,Clear,88,Not Applicable,1,Daylight,1,Dry,0,None,88,Not Applicable,88,Not Applicable,0,None,88,Not Applicable,88,Not Applicable,2,Intersection,2,Four-Way Intersection,1,No,1,No,88,Not Applicable,88,Not Applicable,88,Not Applicable,88,Not Applicable,FALSE,1,Public Road,1,"Trafficway, On Road",CT0009300,New Haven PD,40810,25:44.0,C,Closed,12:15.0,,,,,,,
888318,1,Complete,888318,888318,41.292694,-72.939852,3390415,New Haven,93,93,New Haven,8/31/2021,2021,8,August,31,3,Tuesday,12:57:00,12,21031659,A,"Injury of any type (Serious, Minor, Possible)",C,Possible Injury (C),2,0,0,4,Local,0.28,626,WASHINGTON AV NO 1,WASHINGTON AV NO 1,MORRIS ST,,,,,41.292694,-72.939852,14,Motor Vehicle in Operation,1,Front to rear,1,On Roadway,1,Clear,88,Not Applicable,1,Daylight,1,Dry,0,None,88,Not Applicable,88,Not Applicable,0,None,88,Not Applicable,88,Not Applicable,2,Intersection,2,Four-Way Intersection,1,No,1,No,88,Not Applicable,88,Not Applicable,88,Not Applicable,88,Not Applicable,FALSE,1,Public Road,1,"Trafficway, On Road",CT0009300,New Haven PD,251,24:06.0,C,Closed,12:17.0,,,,,,,
888324,1,Complete,888324,888324,41.305431,-72.924242,3390421,New Haven,93,93,New Haven,9/1/2021,2021,9,September,1,4,Wednesday,14:53:00,14,21031680,A,"Injury of any type (Serious, Minor, Possible)",C,Possible Injury (C),3,0,0,4,Local,1.68,97,CHAPEL ST,CHAPEL ST,ORANGE ST NO 1,,,,,41.305431,-72.924242,14,Motor Vehicle in Operation,3,Angle,1,On Roadway,1,Clear,88,Not Applicable,1,Daylight,1,Dry,0,None,88,Not Applicable,88,Not Applicable,0,None,88,Not Applicable,88,Not Applicable,2,Intersection,2,Four-Way Intersection,1,No,1,No,88,Not Applicable,88,Not Applicable,88,Not Applicable,88,Not Applicable,FALSE,1,Public Road,1,"Trafficway, On Road",CT0009300,New Haven PD,40808,25:13.0,C,Closed,12:31.0,,,,,,,
888326,1,Complete,888326,888326,41.302112,-72.928603,3390423,New Haven,93,93,New Haven,8/31/2021,2021,8,August,31,3,Tuesday,17:15:00,17,21031693,A,"Injury of any type (Serious, Minor, Possible)",C,Possible Injury (C),2,0,0,4,Local,0.28,564,SOUTH FRONTAGE RD,SOUTH FRONTAGE RD,CHURCH ST SOUTH NO 1,,,,,41.302112,-72.928603,14,Motor Vehicle in Operation,4,"Sideswipe, same direction",1,On Roadway,1,Clear,88,Not Applicable,1,Daylight,1,Dry,0,None,88,Not Applicable,88,Not Applicable,8,Work Zone (construction / maintenance / utility),88,Not Applicable,88,Not Applicable,2,Intersection,2,Four-Way Intersection,1,No,2,Yes,99,Unknown,3,Work on Shoulder or Median,1,No,1,No,FALSE,1,Public Road,1,"Trafficway, On Road",CT0009300,New Haven PD,42366,52:02.0,C,Closed,12:18.0,,,,,,,
888328,1,Complete,888328,888328,41.321856,-72.873393,3390425,New Haven,93,93,New Haven,8/31/2021,2021,8,August,31,3,Tuesday,17:22:00,17,21031701,A,"Injury of any type (Serious, Minor, Possible)",C,Possible Injury (C),2,0,0,3,State,0.07,103,103-N,103-N,BARNES AV,,,,,41.321856,-72.873393,14,Motor Vehicle in Operation,1,Front to rear,1,On Roadway,1,Clear,88,Not Applicable,1,Daylight,1,Dry,0,None,88,Not Applicable,88,Not Applicable,3,Backup Due to Regular Congestion,88,Not Applicable,88,Not Applicable,3,Intersection-Related,3,T-Intersection,1,No,1,No,88,Not Applicable,88,Not Applicable,88,Not Applicable,88,Not Applicable,FALSE,1,Public Road,1,"Trafficway, On Road",CT0009300,New Haven PD,409,07:55.0,C,Closed,12:21.0,,2,9000,4,MINOR ARTERIAL - NEW HPMS,2,Urban
888332,1,Complete,888332,888332,41.303589,-72.942207,3390429,New Haven,93,93,New Haven,8/31/2021,2021,8,August,31,3,Tuesday,23:08:00,23,21031735,A,"Injury of any type (Serious, Minor, Possible)",B,Suspected Minor Injury (B),5,0,0,4,Local,0.14,453,ORCHARD ST,ORCHARD ST,,SYLVAN AVE,100,Feet,S,41.303589,-72.942207,14,Motor Vehicle in Operation,3,Angle,1,On Roadway,1,Clear,88,Not Applicable,4,Dark-Lighted,1,Dry,0,None,88,Not Applicable,88,Not Applicable,0,None,88,Not Applicable,88,Not Applicable,1,Non-Junction,1,Not at Intersection,1,No,1,No,88,Not Applicable,88,Not Applicable,88,Not Applicable,88,Not Applicable,FALSE,1,Public Road,1,"Trafficway, On Road",CT0009300,New Haven PD,476,35:49.0,C,Closed,12:22.0,,,,,,,
888338,1,Complete,888338,888338,41.327941,-72.959592,3390435,New Haven,93,93,New Haven,9/1/2021,2021,9,September,1,4,Wednesday,12:13:00,12,21031755,A,"Injury of any type (Serious, Minor, Possible)",C,Possible Injury (C),2,0,0,4,Local,0.95,56,BLAKE ST,BLAKE ST,VALLEY ST NO 1,,,,,41.327941,-72.959592,14,Motor Vehicle in Operation,1,Front to rear,1,On Roadway,4,Rain,88,Not Applicable,1,Daylight,2,Wet,0,None,88,Not Applicable,88,Not Applicable,0,None,88,Not Applicable,88,Not Applicable,2,Intersection,3,T-Intersection,1,No,1,No,88,Not Applicable,88,Not Applicable,88,Not Applicable,88,Not Applicable,FALSE,1,Public Road,1,"Trafficway, On Road",CT0009300,New Haven PD,381,47:29.0,C,Closed,12:39.0,,,,,,,
888339,1,Complete,888339,888339,41.287066,-72.925401,3390436,New Haven,93,93,New Haven,8/27/2021,2021,8,August,27,6,Friday,15:00:00,15,21031777,A,"Injury of any type (Serious, Minor, Possible)",C,Possible Injury (C),2,0,0,4,Local,0.03,513,LONG WHARF DR,LONG WHARF DR,,SARGENT DR,100,Feet,E,41.287066,-72.925401,14,Motor Vehicle in Operation,3,Angle,1,On Roadway,99,Unknown,88,Not Applicable,99,Unknown,99,Unknown,99,Unknown,88,Not Applicable,88,Not Applicable,99,Unknown,88,Not Applicable,88,Not Applicable,1,Non-Junction,1,Not at Intersection,1,No,1,No,88,Not Applicable,88,Not Applicable,88,Not Applicable,88,Not Applicable,TRUE,1,Public Road,1,"Trafficway, On Road",CT0009300,New Haven PD,166,48:39.0,O,Open,12:26.0,,,,,,,
888344,1,Complete,888344,888344,41.322615,-72.878552,3390441,New Haven,93,93,New Haven,9/1/2021,2021,9,September,1,4,Wednesday,15:20:00,15,21031807,A,"Injury of any type (Serious, Minor, Possible)",C,Possible Injury (C),2,0,0,3,State,0.17,80,80-E,80-E,,QUINNIPIAC AVE,300,Feet,W,41.322615,-72.878552,14,Motor Vehicle in Operation,3,Angle,1,On Roadway,4,Rain,88,Not Applicable,1,Daylight,2,Wet,0,None,88,Not Applicable,88,Not Applicable,3,Backup Due to Regular Congestion,88,Not Applicable,88,Not Applicable,1,Non-Junction,1,Not at Intersection,1,No,1,No,88,Not Applicable,88,Not Applicable,88,Not Applicable,88,Not Applicable,FALSE,1,Public Road,1,"Trafficway, On Road",CT0009300,New Haven PD,409,41:56.0,C,Closed,12:29.0,,5,32100,3,PRINCIPAL ARTERIAL - OTHER - NEW HPMS,2,Urban
888357,1,Complete,888357,888357,41.332188,-72.974679,3390454,New Haven,93,93,New Haven,9/2/2021,2021,9,September,2,5,Thursday,11:06:00,11,21031885,A,"Injury of any type (Serious, Minor, Possible)",A,Suspected Serious Injury (A),2,0,2,3,State,1.09,63,63-N,63-N,,E RAMSDELL ST,75,Feet,E,41.332188,-72.974679,14,Motor Vehicle in Operation,4,"Sideswipe, same direction",1,On Roadway,1,Clear,88,Not Applicable,1,Daylight,1,Dry,0,None,88,Not Applicable,88,Not Applicable,0,None,88,Not Applicable,88,Not Applicable,1,Non-Junction,1,Not at Intersection,1,No,1,No,88,Not Applicable,88,Not Applicable,88,Not Applicable,88,Not Applicable,FALSE,1,Public Road,1,"Trafficway, On Road",CT0009300,New Haven PD,62,30:36.0,C,Closed,12:32.0,,4,22900,3,PRINCIPAL ARTERIAL - OTHER - NEW HPMS,2,Urban
888366,1,Complete,888366,888366,41.313456,-72.932392,3390463,New Haven,93,93,New Haven,9/2/2021,2021,9,September,2,5,Thursday,11:46:00,11,21031889,A,"Injury of any type (Serious, Minor, Possible)",C,Possible Injury (C),2,0,0,4,Local,0.03,152,DIXWELL AV,DIXWELL AV,,LAKE PL,100,Feet,S,41.313456,-72.932392,14,Motor Vehicle in Operation,3,Angle,1,On Roadway,1,Clear,88,Not Applicable,1,Daylight,1,Dry,0,None,88,Not Applicable,88,Not Applicable,0,None,88,Not Applicable,88,Not Applicable,1,Non-Junction,1,Not at Intersection,1,No,1,No,88,Not Applicable,88,Not Applicable,88,Not Applicable,88,Not Applicable,FALSE,1,Public Road,1,"Trafficway, On Road",CT0009300,New Haven PD,2,06:41.0,C,Closed,12:34.0,,,,,,,
888375,1,Complete,888375,888375,41.303895,-72.888694,3390472,New Haven,93,93,New Haven,9/2/2021,2021,9,September,2,5,Thursday,17:23:00,17,21031952,A,"Injury of any type (Serious, Minor, Possible)",B,Suspected Minor Injury (B),2,0,0,4,Local,0.8,498,QUINNIPIAC AV,QUINNIPIAC AV,OXFORD ST,,,,,41.303895,-72.888694,14,Motor Vehicle in Operation,3,Angle,1,On Roadway,1,Clear,88,Not Applicable,1,Daylight,1,Dry,0,None,88,Not Applicable,88,Not Applicable,0,None,88,Not Applicable,88,Not Applicable,2,Intersection,3,T-Intersection,1,No,1,No,88,Not Applicable,88,Not Applicable,88,Not Applicable,88,Not Applicable,FALSE,1,Public Road,1,"Trafficway, On Road",CT0009300,New Haven PD,220,40:27.0,C,Closed,13:16.0,,,,,,,
888379,1,Complete,888379,888379,41.321393,-72.928818,3390476,New Haven,93,93,New Haven,9/2/2021,2021,9,September,2,5,Thursday,17:53:00,17,21031977,A,"Injury of any type (Serious, Minor, Possible)",C,Possible Injury (C),2,0,0,4,Local,0.38,669,WINCHESTER AV,WINCHESTER AV,MUNSON ST,,,,,41.321393,-72.928818,14,Motor Vehicle in Operation,1,Front to rear,1,On Roadway,1,Clear,88,Not Applicable,1,Daylight,1,Dry,0,None,88,Not Applicable,88,Not Applicable,0,None,88,Not Applicable,88,Not Applicable,1,Non-Junction,1,Not at Intersection,1,No,1,No,88,Not Applicable,88,Not Applicable,88,Not Applicable,88,Not Applicable,FALSE,1,Public Road,1,"Trafficway, On Road",CT0009300,New Haven PD,125,42:22.0,C,Closed,12:36.0,,,,,,,
888381,1,Complete,888381,888381,41.320187,-72.906024,3390478,New Haven,93,93,New Haven,9/2/2021,2021,9,September,2,5,Thursday,18:56:00,18,21031989,A,"Injury of any type (Serious, Minor, Possible)",B,Suspected Minor Injury (B),2,0,0,4,Local,0.02,418,MITCHELL DR,MITCHELL DR,,WILLOW ST,115,Feet,N,41.320187,-72.906024,14,Motor Vehicle in Operation,3,Angle,1,On Roadway,1,Clear,88,Not Applicable,1,Daylight,1,Dry,0,None,88,Not Applicable,88,Not Applicable,0,None,88,Not Applicable,88,Not Applicable,1,Non-Junction,1,Not at Intersection,1,No,1,No,88,Not Applicable,88,Not Applicable,88,Not Applicable,88,Not Applicable,FALSE,1,Public Road,1,"Trafficway, On Road",CT0009300,New Haven PD,42054,10:32.0,C,Closed,13:01.0,21031990,,,,,,
888389,1,Complete,888389,888389,41.29468,-72.899769,3390486,New Haven,93,93,New Haven,9/3/2021,2021,9,September,3,6,Friday,8:54:00,8,21032028,A,"Injury of any type (Serious, Minor, Possible)",C,Possible Injury (C),2,0,0,2,USRoute,49.69,1,1-N,1-N,STILES ST,,,,,41.29468,-72.899769,14,Motor Vehicle in Operation,3,Angle,1,On Roadway,1,Clear,88,Not Applicable,1,Daylight,1,Dry,0,None,88,Not Applicable,88,Not Applicable,0,None,88,Not Applicable,88,Not Applicable,9,Driveway Access-Related,1,Not at Intersection,1,No,1,No,88,Not Applicable,88,Not Applicable,88,Not Applicable,88,Not Applicable,FALSE,1,Public Road,1,"Trafficway, On Road",CT0009300,New Haven PD,156,18:39.0,C,Closed,12:41.0,,2,9400,3,PRINCIPAL ARTERIAL - OTHER - NEW HPMS,2,Urban
888391,1,Complete,888391,888391,41.296795,-72.948235,3390488,New Haven,93,93,New Haven,9/3/2021,2021,9,September,3,6,Friday,11:59:00,11,21032035,A,"Injury of any type (Serious, Minor, Possible)",C,Possible Injury (C),2,0,0,3,State,1.42,10,10-N,10-N,,LOGHINI LN,300,Feet,S,41.296795,-72.948235,14,Motor Vehicle in Operation,3,Angle,1,On Roadway,1,Clear,88,Not Applicable,1,Daylight,1,Dry,0,None,88,Not Applicable,88,Not Applicable,0,None,88,Not Applicable,88,Not Applicable,1,Non-Junction,1,Not at Intersection,1,No,1,No,88,Not Applicable,88,Not Applicable,88,Not Applicable,88,Not Applicable,TRUE,88,Not Applicable,1,"Trafficway, On Road",CT0009300,New Haven PD,295,02:48.0,C,Closed,12:40.0,,4,20200,3,PRINCIPAL ARTERIAL - OTHER - NEW HPMS,2,Urban
888394,1,Complete,888394,888394,41.308847,-72.945627,3390491,New Haven,93,93,New Haven,9/3/2021,2021,9,September,3,6,Friday,14:20:00,14,21032056,A,"Injury of any type (Serious, Minor, Possible)",C,Possible Injury (C),2,0,0,4,Local,0.21,556,SHERMAN AV,SHERMAN AV,GILBERT AV,,,,,41.308847,-72.945627,14,Motor Vehicle in Operation,3,Angle,1,On Roadway,1,Clear,88,Not Applicable,1,Daylight,1,Dry,0,None,88,Not Applicable,88,Not Applicable,0,None,88,Not Applicable,88,Not Applicable,2,Intersection,2,Four-Way Intersection,1,No,1,No,88,Not Applicable,88,Not Applicable,88,Not Applicable,88,Not Applicable,FALSE,1,Public Road,1,"Trafficway, On Road",CT0009300,New Haven PD,709,47:26.0,C,Closed,13:35.0,,,,,,,
888397,1,Complete,888397,888397,41.314037,-72.943446,3390494,New Haven,93,93,New Haven,9/2/2021,2021,9,September,2,5,Thursday,23:00:00,23,21032075,A,"Injury of any type (Serious, Minor, Possible)",B,Suspected Minor Injury (B),1,1,0,4,Local,0.59,556,SHERMAN AV,SHERMAN AV,,MAPLE ST,50,Feet,S,41.314037,-72.943446,9,Pedestrian,88,Not Applicable,1,On Roadway,1,Clear,88,Not Applicable,4,Dark-Lighted,1,Dry,97,Other,88,Not Applicable,88,Not Applicable,0,None,88,Not Applicable,88,Not Applicable,1,Non-Junction,1,Not at Intersection,1,No,1,No,88,Not Applicable,88,Not Applicable,88,Not Applicable,88,Not Applicable,FALSE,1,Public Road,1,"Trafficway, On Road",CT0009300,New Haven PD,772,15:54.0,C,Closed,14:39.0,,4,10900,4,MINOR ARTERIAL - NEW HPMS,2,Urban
888411,1,Complete,888411,888411,41.333681,-72.948523,3390508,New Haven,93,93,New Haven,9/4/2021,2021,9,September,4,7,Saturday,2:21:00,2,21032216,A,"Injury of any type (Serious, Minor, Possible)",A,Suspected Serious Injury (A),1,0,0,3,State,4.38,10,10-N,10-N,,PINE ROCK AVE,292,Feet,W,41.333681,-72.948523,25,Curb,88,Not Applicable,3,Median,2,Cloudy,88,Not Applicable,4,Dark-Lighted,1,Dry,0,None,88,Not Applicable,88,Not Applicable,0,None,88,Not Applicable,88,Not Applicable,1,Non-Junction,1,Not at Intersection,1,No,1,No,88,Not Applicable,88,Not Applicable,88,Not Applicable,88,Not Applicable,FALSE,1,Public Road,1,"Trafficway, On Road",CT0009300,New Haven PD,40956,30:35.0,C,Closed,12:51.0,,3,10600,4,MINOR ARTERIAL - NEW HPMS,2,Urban
888412,1,Complete,888412,888412,41.323947,-72.91685,3390509,New Haven,93,93,New Haven,9/4/2021,2021,9,September,4,7,Saturday,3:51:00,3,21032219,A,"Injury of any type (Serious, Minor, Possible)",C,Possible Injury (C),1,0,0,4,Local,0.97,656,WHITNEY AV,WHITNEY AV,,WILLOW ST,10,Feet,E,41.323947,-72.91685,39,"Other Fixed Object (wall, building, tunnel, etc.)",88,Not Applicable,1,On Roadway,1,Clear,88,Not Applicable,4,Dark-Lighted,1,Dry,0,None,88,Not Applicable,88,Not Applicable,0,None,88,Not Applicable,88,Not Applicable,1,Non-Junction,1,Not at Intersection,1,No,1,No,88,Not Applicable,88,Not Applicable,88,Not Applicable,88,Not Applicable,FALSE,1,Public Road,1,"Trafficway, On Road",CT0009300,New Haven PD,42048,41:46.0,C,Closed,12:52.0,,4,11100,3,PRINCIPAL ARTERIAL - OTHER - NEW HPMS,2,Urban