CrashId,Fatal Case Status,Fatal Case Status Text Format,CrashId,CrashId,Latitude,Longitude,DOT Case Number,Town Name,Town Number,Town Number,Town Number Text Format,Date Of Crash,Year,Month,Month Text Format,Day,Day of the Week,Day of the Week Text Format,Time of Crash,Hour of the Day,Case Identifier,Crash Severity,Crash Severity Text Format,Most Severe Injury,Most Severe Injury Text Format,Number Of Motor Vehicles,Number Of Non-Motorist,Number Of Witnesses,Route Class,Route Class Text Format,Milemarker,Road Number,Road Description,Roadway Name,Intersecting Roadway Name,Landmark Description,Distance From Nearest Landmark,Unit Of Measure From Nearest Landmark,Direction From Nearest Landmark,Latitude,Longitude,First Harmful Event,First Harmful Event Text Format,Manner of Crash / Collision Impact,Manner of Crash / Collision Impact Text Format,Location of First Harmful Event,Location of First Harmful Event Text Format,Weather Condition,Weather Condition Text Format,Weather 2,Weather 2 Text Format,Light Condition,Light Condition Text Format,Road Surface Condition,Road Surface Condition Text Format,"Contributing Circumstances, Environment","Contributing Circumstances, Environment Text Format",Environment 2,Environment 2 Text Format,Environment 3,Environment 3 Text Format,"Contributing Circumstances, Road","Contributing Circumstances, Road Text Format",Road 2,Road 2 Text Format,Road 3,Road 3 Text Format,Crash Specific Location,Crash Specific Location Text Format,Type of Intersection,Type of Intersection Text Format,School Bus Related,School Bus Related Text Format,Work Zone Related,Work Zone Related Text Format,Location Of Crash Relative To Work Zone,Location Of Crash Relative To Work Zone Text Format,Type of Work Zone,Type of Work Zone Text Format,Worker Presence,Worker Presence Text Format,Law Enforcement Presence,Law Enforcement Presence Text Format,Were Vehicles Moved Prior To Police Arrival,Trafficway Ownership,Trafficway Ownership Text Format,Trafficway Class,Trafficway Class Text Format,Police Agency,Police Agency Text Format,Badge Number,Approval Date,Police Case Status,Police Case Status Text Format,Crash Report Submission Date,Related Case Identifiers,No. of Through Lanes (Log Dir.),Average Daily Traffic,Functional Classification,Functional Classification Text Format,Rural or Urban,Rural or Urban Text Format
888765,1,Complete,888765,888765,41.310921,-72.890911,3390862,New Haven,93,93,New Haven,9/17/2021,2021,9,September,17,6,Friday,7:52:00,7,21033769,A,"Injury of any type (Serious, Minor, Possible)",B,Suspected Minor Injury (B),4,0,0,4,Local,0.11,113,CLINTON AV,CLINTON AV,,GRAND AVE,500,Feet,N,41.310921,-72.890911,14,Motor Vehicle in Operation,1,Front to rear,1,On Roadway,1,Clear,88,Not Applicable,1,Daylight,1,Dry,0,None,88,Not Applicable,88,Not Applicable,0,None,88,Not Applicable,88,Not Applicable,3,Intersection-Related,3,T-Intersection,1,No,1,No,88,Not Applicable,88,Not Applicable,88,Not Applicable,88,Not Applicable,FALSE,1,Public Road,1,"Trafficway, On Road",CT0009300,New Haven PD,86,12:52.0,C,Closed,15:29.0,,,,,,,
888766,1,Complete,888766,888766,41.297076,-72.892464,3390863,New Haven,93,93,New Haven,9/17/2021,2021,9,September,17,6,Friday,9:22:00,9,21033775,A,"Injury of any type (Serious, Minor, Possible)",C,Possible Injury (C),3,0,0,4,Local,0.08,242,FULTON ST,FULTON ST,,Farren Ave ,50,Feet,E,41.297076,-72.892464,14,Motor Vehicle in Operation,1,Front to rear,1,On Roadway,1,Clear,88,Not Applicable,1,Daylight,1,Dry,0,None,88,Not Applicable,88,Not Applicable,0,None,88,Not Applicable,88,Not Applicable,1,Non-Junction,1,Not at Intersection,1,No,1,No,88,Not Applicable,88,Not Applicable,88,Not Applicable,88,Not Applicable,FALSE,1,Public Road,1,"Trafficway, On Road",CT0009300,New Haven PD,156,56:50.0,C,Closed,15:30.0,,,,,,,
888768,1,Complete,888768,888768,41.298656,-72.929156,3390865,New Haven,93,93,New Haven,9/17/2021,2021,9,September,17,6,Friday,10:10:00,10,21033798,A,"Injury of any type (Serious, Minor, Possible)",C,Possible Injury (C),2,0,0,2,USRoute,47.67,1,1-S,1-S,COLUMBUS AV NO 1,,,,,41.298656,-72.929156,14,Motor Vehicle in Operation,97,Other,1,On Roadway,1,Clear,88,Not Applicable,1,Daylight,1,Dry,0,None,88,Not Applicable,88,Not Applicable,0,None,88,Not Applicable,88,Not Applicable,2,Intersection,2,Four-Way Intersection,1,No,1,No,88,Not Applicable,88,Not Applicable,88,Not Applicable,88,Not Applicable,FALSE,1,Public Road,1,"Trafficway, On Road",CT0009300,New Haven PD,295,56:36.0,C,Closed,15:30.0,,4,9000,3,PRINCIPAL ARTERIAL - OTHER - NEW HPMS,2,Urban
888774,1,Complete,888774,888774,41.30939,-72.89056,3390871,New Haven,93,93,New Haven,9/17/2021,2021,9,September,17,6,Friday,15:58:00,15,21033848,A,"Injury of any type (Serious, Minor, Possible)",C,Possible Injury (C),2,0,0,4,Local,0.25,264,GRAND AV,GRAND AV,CLINTON AV,,,,,41.30939,-72.89056,14,Motor Vehicle in Operation,1,Front to rear,1,On Roadway,1,Clear,88,Not Applicable,1,Daylight,1,Dry,0,None,88,Not Applicable,88,Not Applicable,0,None,88,Not Applicable,88,Not Applicable,2,Intersection,3,T-Intersection,1,No,1,No,88,Not Applicable,88,Not Applicable,88,Not Applicable,88,Not Applicable,TRUE,1,Public Road,1,"Trafficway, On Road",CT0009300,New Haven PD,150,39:03.0,O,Open,15:42.0,,,,,,,
888795,1,Complete,888795,888795,41.308575,-72.900982,3390892,New Haven,93,93,New Haven,9/18/2021,2021,9,September,18,7,Saturday,12:51:00,12,21033948,A,"Injury of any type (Serious, Minor, Possible)",C,Possible Injury (C),2,0,0,4,Local,0.8,264,GRAND AV,GRAND AV,LLOYD ST,,,,,41.308575,-72.900982,14,Motor Vehicle in Operation,3,Angle,1,On Roadway,1,Clear,88,Not Applicable,1,Daylight,1,Dry,0,None,88,Not Applicable,88,Not Applicable,0,None,88,Not Applicable,88,Not Applicable,2,Intersection,2,Four-Way Intersection,1,No,1,No,88,Not Applicable,88,Not Applicable,88,Not Applicable,88,Not Applicable,FALSE,1,Public Road,1,"Trafficway, On Road",CT0009300,New Haven PD,263,43:39.0,C,Closed,15:55.0,,,,,,,
888796,1,Complete,888796,888796,41.316572,-72.903671,3390893,New Haven,93,93,New Haven,9/18/2021,2021,9,September,18,7,Saturday,12:54:00,12,21033952,A,"Injury of any type (Serious, Minor, Possible)",B,Suspected Minor Injury (B),2,0,1,2,USRoute,0.04,5,5-N,5-N,,JAMES ST,200,Feet,E,41.316572,-72.903671,14,Motor Vehicle in Operation,1,Front to rear,2,Shoulder,1,Clear,88,Not Applicable,1,Daylight,1,Dry,0,None,88,Not Applicable,88,Not Applicable,0,None,88,Not Applicable,88,Not Applicable,3,Intersection-Related,3,T-Intersection,1,No,1,No,88,Not Applicable,88,Not Applicable,88,Not Applicable,88,Not Applicable,TRUE,1,Public Road,1,"Trafficway, On Road",CT0009300,New Haven PD,86,38:28.0,C,Closed,15:58.0,,2,11300,1,INTERSTATE - NEW HPMS,2,Urban
888798,1,Complete,888798,888798,41.314201,-72.896824,3390895,New Haven,93,93,New Haven,9/18/2021,2021,9,September,18,7,Saturday,14:37:00,14,21033955,A,"Injury of any type (Serious, Minor, Possible)",C,Possible Injury (C),2,0,0,4,Local,0.38,213,FERRY ST,FERRY ST,CHATHAM ST,,,,,41.314201,-72.896824,14,Motor Vehicle in Operation,1,Front to rear,1,On Roadway,1,Clear,88,Not Applicable,1,Daylight,1,Dry,0,None,88,Not Applicable,88,Not Applicable,0,None,88,Not Applicable,88,Not Applicable,11,Through Roadway,1,Not at Intersection,1,No,1,No,88,Not Applicable,88,Not Applicable,88,Not Applicable,88,Not Applicable,FALSE,1,Public Road,1,"Trafficway, On Road",CT0009300,New Haven PD,40793,17:17.0,C,Closed,15:42.0,,,,,,,
888808,1,Complete,888808,888808,41.258705,-72.892046,3390905,New Haven,93,93,New Haven,9/19/2021,2021,9,September,19,1,Sunday,1:32:00,1,21034014,A,"Injury of any type (Serious, Minor, Possible)",C,Possible Injury (C),3,0,0,3,State,2.23,337,337-E,337-E,MORRIS COVE RD,,,,,41.258705,-72.892046,1,Overturn/Rollover,4,"Sideswipe, same direction",1,On Roadway,2,Cloudy,88,Not Applicable,5,Dark-Not Lighted,1,Dry,0,None,88,Not Applicable,88,Not Applicable,0,None,88,Not Applicable,88,Not Applicable,2,Intersection,4,Y-Intersection,1,No,1,No,88,Not Applicable,88,Not Applicable,88,Not Applicable,88,Not Applicable,FALSE,1,Public Road,1,"Trafficway, On Road",CT0009300,New Haven PD,42054,06:51.0,C,Closed,16:52.0,21034014,2,5400,4,MINOR ARTERIAL - NEW HPMS,2,Urban
888816,1,Complete,888816,888816,41.323052,-72.900779,3390913,New Haven,93,93,New Haven,9/19/2021,2021,9,September,19,1,Sunday,14:42:00,14,21034058,A,"Injury of any type (Serious, Minor, Possible)",C,Possible Injury (C),1,1,1,4,Local,0.04,200,ENGLISH DR,ENGLISH DR,,VIEW ST,200,Feet,N,41.323052,-72.900779,9,Pedestrian,88,Not Applicable,2,Shoulder,1,Clear,88,Not Applicable,1,Daylight,1,Dry,0,None,88,Not Applicable,88,Not Applicable,0,None,88,Not Applicable,88,Not Applicable,1,Non-Junction,1,Not at Intersection,1,No,1,No,88,Not Applicable,88,Not Applicable,88,Not Applicable,88,Not Applicable,FALSE,1,Public Road,1,"Trafficway, On Road",CT0009300,New Haven PD,65,12:57.0,C,Closed,15:57.0,,2,4215,7,LOCAL - NEW HPMS,2,Urban
888823,1,Complete,888823,888823,41.3250611,-72.8808184,3390920,New Haven,93,93,New Haven,9/19/2021,2021,9,September,19,1,Sunday,19:44:00,19,21034086,A,"Injury of any type (Serious, Minor, Possible)",C,Possible Injury (C),2,0,0,3,State,0.32,17,17-N,17-N,,FOXON BLVD,100,Feet,N,41.3250611,-72.8808184,14,Motor Vehicle in Operation,1,Front to rear,1,On Roadway,1,Clear,88,Not Applicable,6,Dark-Unknown Lighting,1,Dry,0,None,88,Not Applicable,88,Not Applicable,0,None,88,Not Applicable,88,Not Applicable,1,Non-Junction,1,Not at Intersection,1,No,1,No,88,Not Applicable,88,Not Applicable,88,Not Applicable,88,Not Applicable,FALSE,1,Public Road,1,"Trafficway, On Road",CT0009300,New Haven PD,42369,44:02.0,C,Closed,15:56.0,,3,21500,3,PRINCIPAL ARTERIAL - OTHER - NEW HPMS,2,Urban
888828,1,Complete,888828,888828,41.323879,-72.881531,3390925,New Haven,93,93,New Haven,9/20/2021,2021,9,September,20,2,Monday,8:56:00,8,21034121,A,"Injury of any type (Serious, Minor, Possible)",C,Possible Injury (C),2,0,0,3,State,0.22,17,17-N,17-N,80-W,,,,,41.323879,-72.881531,14,Motor Vehicle in Operation,97,Other,1,On Roadway,1,Clear,88,Not Applicable,1,Daylight,1,Dry,0,None,88,Not Applicable,88,Not Applicable,0,None,88,Not Applicable,88,Not Applicable,3,Intersection-Related,2,Four-Way Intersection,1,No,1,No,88,Not Applicable,88,Not Applicable,88,Not Applicable,88,Not Applicable,FALSE,1,Public Road,1,"Trafficway, On Road",CT0009300,New Haven PD,279,40:40.0,C,Closed,16:03.0,,1,8500,1,INTERSTATE - NEW HPMS,2,Urban
888833,1,Complete,888833,888833,41.318154,-72.914679,3390930,New Haven,93,93,New Haven,9/20/2021,2021,9,September,20,2,Monday,15:06:00,15,21034160,A,"Injury of any type (Serious, Minor, Possible)",B,Suspected Minor Injury (B),2,0,1,4,Local,0.71,450,ORANGE ST NO 1,ORANGE ST NO 1,EDWARDS ST,,,,,41.318154,-72.914679,14,Motor Vehicle in Operation,3,Angle,1,On Roadway,1,Clear,88,Not Applicable,1,Daylight,1,Dry,0,None,88,Not Applicable,88,Not Applicable,0,None,88,Not Applicable,88,Not Applicable,2,Intersection,2,Four-Way Intersection,1,No,1,No,88,Not Applicable,88,Not Applicable,88,Not Applicable,88,Not Applicable,FALSE,1,Public Road,1,"Trafficway, On Road",CT0009300,New Haven PD,87,49:52.0,C,Closed,15:54.0,,,,,,,
888837,1,Complete,888837,888837,41.306891,-72.936942,3390934,New Haven,93,93,New Haven,9/20/2021,2021,9,September,20,2,Monday,17:05:00,17,21034172,A,"Injury of any type (Serious, Minor, Possible)",C,Possible Injury (C),2,0,0,4,Local,0.73,809,REV DR MLK JR BLVD,REV DR MLK JR BLVD,,HOWE ST,75,Feet,E,41.306891,-72.936942,14,Motor Vehicle in Operation,1,Front to rear,1,On Roadway,1,Clear,88,Not Applicable,1,Daylight,1,Dry,0,None,88,Not Applicable,88,Not Applicable,0,None,88,Not Applicable,88,Not Applicable,1,Non-Junction,1,Not at Intersection,1,No,1,No,88,Not Applicable,88,Not Applicable,88,Not Applicable,88,Not Applicable,FALSE,1,Public Road,1,"Trafficway, On Road",CT0009300,New Haven PD,42370,13:51.0,C,Closed,15:53.0,,,,,,,
888842,1,Complete,888842,888842,41.31336,-72.909331,3390939,New Haven,93,93,New Haven,9/21/2021,2021,9,September,21,3,Tuesday,8:30:00,8,21034251,A,"Injury of any type (Serious, Minor, Possible)",B,Suspected Minor Injury (B),2,0,2,4,Local,0.19,165,EAST ST,EAST ST,HUMPHREY ST,,,,,41.31336,-72.909331,14,Motor Vehicle in Operation,3,Angle,1,On Roadway,1,Clear,88,Not Applicable,1,Daylight,1,Dry,0,None,88,Not Applicable,88,Not Applicable,0,None,88,Not Applicable,88,Not Applicable,2,Intersection,2,Four-Way Intersection,1,No,1,No,88,Not Applicable,88,Not Applicable,88,Not Applicable,88,Not Applicable,TRUE,1,Public Road,1,"Trafficway, On Road",CT0009300,New Haven PD,980,20:21.0,C,Closed,15:58.0,,,,,,,
888846,1,Complete,888846,888846,41.313981,-72.896689,3390943,New Haven,93,93,New Haven,9/21/2021,2021,9,September,21,3,Tuesday,14:24:00,14,21034284,A,"Injury of any type (Serious, Minor, Possible)",C,Possible Injury (C),2,0,0,4,Local,0.39,213,FERRY ST,FERRY ST,,CHATHAM ST,50,Feet,S,41.313981,-72.896689,14,Motor Vehicle in Operation,1,Front to rear,1,On Roadway,1,Clear,88,Not Applicable,1,Daylight,1,Dry,0,None,88,Not Applicable,88,Not Applicable,0,None,88,Not Applicable,88,Not Applicable,1,Non-Junction,1,Not at Intersection,1,No,1,No,88,Not Applicable,88,Not Applicable,88,Not Applicable,88,Not Applicable,FALSE,1,Public Road,1,"Trafficway, On Road",CT0009300,New Haven PD,40815,02:27.0,C,Closed,15:58.0,21-034284,,,,,,
888847,1,Complete,888847,888847,41.323191,-72.948757,3390944,New Haven,93,93,New Haven,9/21/2021,2021,9,September,21,3,Tuesday,16:21:00,16,21034286,A,"Injury of any type (Serious, Minor, Possible)",C,Possible Injury (C),2,0,1,4,Local,0.28,690,ELLA T GRASSO BLVD,ELLA T GRASSO BLVD,GOFFE TER,,,,,41.323191,-72.948757,14,Motor Vehicle in Operation,3,Angle,1,On Roadway,1,Clear,88,Not Applicable,1,Daylight,1,Dry,0,None,88,Not Applicable,88,Not Applicable,0,None,88,Not Applicable,88,Not Applicable,2,Intersection,2,Four-Way Intersection,1,No,1,No,88,Not Applicable,88,Not Applicable,88,Not Applicable,88,Not Applicable,FALSE,1,Public Road,1,"Trafficway, On Road",CT0009300,New Haven PD,40821,42:43.0,O,Open,15:59.0,,,,,,,
888849,1,Complete,888849,888849,41.305919,-72.925857,3390946,New Haven,93,93,New Haven,9/21/2021,2021,9,September,21,3,Tuesday,14:51:00,14,21034289,A,"Injury of any type (Serious, Minor, Possible)",C,Possible Injury (C),2,0,0,4,Local,0.17,103,CHURCH ST,CHURCH ST,CHAPEL ST,,,,,41.305919,-72.925857,14,Motor Vehicle in Operation,1,Front to rear,1,On Roadway,1,Clear,88,Not Applicable,1,Daylight,1,Dry,0,None,88,Not Applicable,88,Not Applicable,0,None,88,Not Applicable,88,Not Applicable,2,Intersection,3,T-Intersection,1,No,1,No,88,Not Applicable,88,Not Applicable,88,Not Applicable,88,Not Applicable,FALSE,1,Public Road,1,"Trafficway, On Road",CT0009300,New Haven PD,40808,32:41.0,C,Closed,16:01.0,,,,,,,
888851,1,Complete,888851,888851,41.30609,-72.941479,3390948,New Haven,93,93,New Haven,9/21/2021,2021,9,September,21,3,Tuesday,17:43:00,17,21034305,A,"Injury of any type (Serious, Minor, Possible)",C,Possible Injury (C),2,0,0,4,Local,0.58,360,LEGION AV-RT 34,LEGION AV-RT 34,,ORCHARD ST,100,Feet,E,41.30609,-72.941479,14,Motor Vehicle in Operation,3,Angle,1,On Roadway,1,Clear,88,Not Applicable,1,Daylight,1,Dry,99,Unknown,88,Not Applicable,88,Not Applicable,99,Unknown,88,Not Applicable,88,Not Applicable,1,Non-Junction,1,Not at Intersection,1,No,1,No,88,Not Applicable,88,Not Applicable,88,Not Applicable,88,Not Applicable,TRUE,1,Public Road,1,"Trafficway, On Road",CT0009300,New Haven PD,40947,22:48.0,C,Closed,16:00.0,,,,,,,
888854,1,Complete,888854,888854,41.331818,-72.935277,3390951,New Haven,93,93,New Haven,9/21/2021,2021,9,September,21,3,Tuesday,19:13:00,19,21034319,A,"Injury of any type (Serious, Minor, Possible)",C,Possible Injury (C),1,1,0,4,Local,1.33,152,DIXWELL AV,DIXWELL AV,WILLIS ST,,,,,41.331818,-72.935277,9,Pedestrian,88,Not Applicable,1,On Roadway,1,Clear,88,Not Applicable,4,Dark-Lighted,1,Dry,0,None,88,Not Applicable,88,Not Applicable,0,None,88,Not Applicable,88,Not Applicable,2,Intersection,5,L-Intersection,1,No,1,No,88,Not Applicable,88,Not Applicable,88,Not Applicable,88,Not Applicable,TRUE,1,Public Road,1,"Trafficway, On Road",CT0009300,New Haven PD,43614,10:43.0,C,Closed,16:03.0,,2,10900,3,PRINCIPAL ARTERIAL - OTHER - NEW HPMS,2,Urban
888855,1,Complete,888855,888855,41.31113,-72.93583,3390952,New Haven,93,93,New Haven,9/21/2021,2021,9,September,21,3,Tuesday,23:57:00,23,21034337,A,"Injury of any type (Serious, Minor, Possible)",A,Suspected Serious Injury (A),2,0,0,4,Local,1.91,179,EDGEWOOD AV,EDGEWOOD AV,DWIGHT ST,,,,,41.31113,-72.93583,14,Motor Vehicle in Operation,3,Angle,1,On Roadway,1,Clear,88,Not Applicable,4,Dark-Lighted,1,Dry,0,None,88,Not Applicable,88,Not Applicable,0,None,88,Not Applicable,88,Not Applicable,2,Intersection,2,Four-Way Intersection,1,No,1,No,88,Not Applicable,88,Not Applicable,88,Not Applicable,88,Not Applicable,FALSE,1,Public Road,1,"Trafficway, On Road",CT0009300,New Haven PD,23,04:38.0,O,Open,16:01.0,,,,,,,
888858,1,Complete,888858,888858,41.33262,-72.93118,3390955,New Haven,93,93,New Haven,9/22/2021,2021,9,September,22,4,Wednesday,7:43:00,7,21034357,A,"Injury of any type (Serious, Minor, Possible)",C,Possible Injury (C),2,0,1,4,Local,0.74,552,SHELTON AV,SHELTON AV,HUNTINGTON ST,,,,,41.33262,-72.93118,14,Motor Vehicle in Operation,3,Angle,1,On Roadway,2,Cloudy,88,Not Applicable,1,Daylight,1,Dry,0,None,88,Not Applicable,88,Not Applicable,0,None,88,Not Applicable,88,Not Applicable,2,Intersection,3,T-Intersection,1,No,1,No,88,Not Applicable,88,Not Applicable,88,Not Applicable,88,Not Applicable,FALSE,1,Public Road,1,"Trafficway, On Road",CT0009300,New Haven PD,182,53:15.0,C,Closed,16:05.0,,,,,,,
888860,1,Complete,888860,888860,41.302744,-72.944449,3390957,New Haven,93,93,New Haven,9/22/2021,2021,9,September,22,4,Wednesday,9:30:00,9,21034367,A,"Injury of any type (Serious, Minor, Possible)",C,Possible Injury (C),1,1,0,4,Local,0.16,672,WINTHROP AV NO 1,WINTHROP AV NO 1,,DAVENPORT AVE,870,Feet,N,41.302744,-72.944449,10,Pedalcycle/Pedalcyclist,4,"Sideswipe, same direction",1,On Roadway,1,Clear,88,Not Applicable,1,Daylight,1,Dry,0,None,88,Not Applicable,88,Not Applicable,0,None,88,Not Applicable,88,Not Applicable,1,Non-Junction,1,Not at Intersection,1,No,1,No,88,Not Applicable,88,Not Applicable,88,Not Applicable,88,Not Applicable,TRUE,1,Public Road,1,"Trafficway, On Road",CT0009300,New Haven PD,281,50:42.0,O,Open,16:06.0,,,,,,,
888867,1,Complete,888867,888867,41.306685,-72.927354,3390964,New Haven,93,93,New Haven,9/22/2021,2021,9,September,22,4,Wednesday,19:37:00,19,21034450,A,"Injury of any type (Serious, Minor, Possible)",C,Possible Injury (C),2,0,0,4,Local,1.86,97,CHAPEL ST,CHAPEL ST,,TEMPLE STREET,150,Feet,W,41.306685,-72.927354,14,Motor Vehicle in Operation,4,"Sideswipe, same direction",1,On Roadway,1,Clear,88,Not Applicable,4,Dark-Lighted,1,Dry,0,None,88,Not Applicable,88,Not Applicable,0,None,88,Not Applicable,88,Not Applicable,1,Non-Junction,1,Not at Intersection,1,No,1,No,88,Not Applicable,88,Not Applicable,88,Not Applicable,88,Not Applicable,FALSE,1,Public Road,1,"Trafficway, On Road",CT0009300,New Haven PD,40808,18:14.0,C,Closed,16:16.0,,,,,,,
888869,1,Complete,888869,888869,41.31322,-72.94379,3390966,New Haven,93,93,New Haven,9/22/2021,2021,9,September,22,4,Wednesday,20:46:00,20,21034459,A,"Injury of any type (Serious, Minor, Possible)",C,Possible Injury (C),2,0,1,4,Local,1.46,179,EDGEWOOD AV,EDGEWOOD AV,SHERMAN AV,,,,,41.31322,-72.94379,14,Motor Vehicle in Operation,1,Front to rear,1,On Roadway,1,Clear,88,Not Applicable,4,Dark-Lighted,1,Dry,0,None,88,Not Applicable,88,Not Applicable,0,None,88,Not Applicable,88,Not Applicable,2,Intersection,2,Four-Way Intersection,1,No,1,No,88,Not Applicable,88,Not Applicable,88,Not Applicable,88,Not Applicable,TRUE,1,Public Road,1,"Trafficway, On Road",CT0009300,New Haven PD,503,51:31.0,O,Open,16:46.0,,,,,,,
888882,1,Complete,888882,888882,41.31958,-72.91886,3390979,New Haven,93,93,New Haven,9/23/2021,2021,9,September,23,5,Thursday,14:24:00,14,21034526,A,"Injury of any type (Serious, Minor, Possible)",C,Possible Injury (C),2,0,0,4,Local,0.66,656,WHITNEY AV,WHITNEY AV,EDWARDS ST,,,,,41.31958,-72.91886,14,Motor Vehicle in Operation,4,"Sideswipe, same direction",1,On Roadway,1,Clear,88,Not Applicable,1,Daylight,1,Dry,0,None,88,Not Applicable,88,Not Applicable,0,None,88,Not Applicable,88,Not Applicable,2,Intersection,2,Four-Way Intersection,1,No,1,No,88,Not Applicable,88,Not Applicable,88,Not Applicable,88,Not Applicable,TRUE,1,Public Road,1,"Trafficway, On Road",CT0009300,New Haven PD,182,13:39.0,C,Closed,16:26.0,,,,,,,
888900,1,Complete,888900,888900,41.314531,-72.958945,3390997,New Haven,93,93,New Haven,9/23/2021,2021,9,September,23,5,Thursday,22:29:00,22,21034565,A,"Injury of any type (Serious, Minor, Possible)",B,Suspected Minor Injury (B),2,0,0,4,Local,3.61,97,CHAPEL ST,CHAPEL ST,YALE AV,,,,,41.314531,-72.958945,14,Motor Vehicle in Operation,3,Angle,1,On Roadway,4,Rain,88,Not Applicable,4,Dark-Lighted,2,Wet,0,None,88,Not Applicable,88,Not Applicable,0,None,88,Not Applicable,88,Not Applicable,2,Intersection,2,Four-Way Intersection,1,No,1,No,88,Not Applicable,88,Not Applicable,88,Not Applicable,88,Not Applicable,FALSE,1,Public Road,1,"Trafficway, On Road",CT0009300,New Haven PD,55,02:51.0,C,Closed,16:17.0,,,,,,,
888904,1,Complete,888904,888904,41.321412,-72.930559,3391001,New Haven,93,93,New Haven,9/24/2021,2021,9,September,24,6,Friday,8:14:00,8,21034590,A,"Injury of any type (Serious, Minor, Possible)",C,Possible Injury (C),2,0,0,4,Local,0.45,289,HENRY ST,HENRY ST,ASHMUN ST NO 1,,,,,41.321412,-72.930559,14,Motor Vehicle in Operation,3,Angle,1,On Roadway,4,Rain,88,Not Applicable,1,Daylight,2,Wet,0,None,88,Not Applicable,88,Not Applicable,0,None,88,Not Applicable,88,Not Applicable,2,Intersection,2,Four-Way Intersection,1,No,1,No,88,Not Applicable,88,Not Applicable,88,Not Applicable,88,Not Applicable,FALSE,1,Public Road,1,"Trafficway, On Road",CT0009300,New Haven PD,42055,33:26.0,C,Closed,16:13.0,,,,,,,
888905,1,Complete,888905,888905,41.31179,-72.918823,3391002,New Haven,93,93,New Haven,9/24/2021,2021,9,September,24,6,Friday,8:34:00,8,21034592,A,"Injury of any type (Serious, Minor, Possible)",C,Possible Injury (C),2,0,0,1,Interstate,0,91,91-N-136,91-N-136,TRUMBULL ST,,,,E,41.31179,-72.918823,14,Motor Vehicle in Operation,4,"Sideswipe, same direction",1,On Roadway,4,Rain,88,Not Applicable,1,Daylight,2,Wet,0,None,88,Not Applicable,88,Not Applicable,0,None,88,Not Applicable,88,Not Applicable,1,Non-Junction,1,Not at Intersection,1,No,1,No,88,Not Applicable,88,Not Applicable,88,Not Applicable,88,Not Applicable,FALSE,1,Public Road,1,"Trafficway, On Road",CT0009300,New Haven PD,263,33:16.0,C,Closed,16:13.0,,1,7400,1,INTERSTATE - NEW HPMS,2,Urban
888910,1,Complete,888910,888910,41.28636,-72.9361,3391007,New Haven,93,93,New Haven,9/24/2021,2021,9,September,24,6,Friday,11:19:00,11,21034610,A,"Injury of any type (Serious, Minor, Possible)",B,Suspected Minor Injury (B),2,0,0,3,State,0.46,10,10-N,10-N,745-E,,,,,41.28636,-72.9361,14,Motor Vehicle in Operation,3,Angle,1,On Roadway,4,Rain,88,Not Applicable,1,Daylight,2,Wet,0,None,88,Not Applicable,88,Not Applicable,0,None,88,Not Applicable,88,Not Applicable,2,Intersection,2,Four-Way Intersection,1,No,1,No,88,Not Applicable,88,Not Applicable,88,Not Applicable,88,Not Applicable,FALSE,1,Public Road,1,"Trafficway, On Road",CT0009300,New Haven PD,295,26:37.0,C,Closed,16:14.0,,4,18500,3,PRINCIPAL ARTERIAL - OTHER - NEW HPMS,2,Urban
888911,1,Complete,888911,888911,41.3054875,-72.9114826,3391008,New Haven,93,93,New Haven,9/24/2021,2021,9,September,24,6,Friday,12:17:00,12,21034612,A,"Injury of any type (Serious, Minor, Possible)",C,Possible Injury (C),2,0,0,4,Local,0.06,325,IVES PL,IVES PL,SOUTH WALLACE ST,,,,S,41.3054875,-72.9114826,14,Motor Vehicle in Operation,1,Front to rear,1,On Roadway,1,Clear,88,Not Applicable,1,Daylight,1,Dry,0,None,88,Not Applicable,88,Not Applicable,0,None,88,Not Applicable,88,Not Applicable,3,Intersection-Related,3,T-Intersection,1,No,1,No,88,Not Applicable,88,Not Applicable,88,Not Applicable,88,Not Applicable,FALSE,1,Public Road,1,"Trafficway, On Road",CT0009300,New Haven PD,86,21:45.0,C,Closed,16:14.0,,,,,,,
888924,1,Complete,888924,888924,41.297819,-72.934403,3391021,New Haven,93,93,New Haven,9/25/2021,2021,9,September,25,7,Saturday,7:41:00,7,21034697,A,"Injury of any type (Serious, Minor, Possible)",C,Possible Injury (C),2,0,0,2,USRoute,47.4,1,1-N,1-N,HOWARD AV,,,,,41.297819,-72.934403,14,Motor Vehicle in Operation,1,Front to rear,1,On Roadway,1,Clear,88,Not Applicable,1,Daylight,1,Dry,0,None,88,Not Applicable,88,Not Applicable,0,None,88,Not Applicable,88,Not Applicable,2,Intersection,2,Four-Way Intersection,1,No,1,No,88,Not Applicable,88,Not Applicable,88,Not Applicable,88,Not Applicable,TRUE,1,Public Road,1,"Trafficway, On Road",CT0009300,New Haven PD,295,10:09.0,C,Closed,16:20.0,,2,8400,3,PRINCIPAL ARTERIAL - OTHER - NEW HPMS,2,Urban
888930,1,Complete,888930,888930,41.292135,-72.921559,3391027,New Haven,93,93,New Haven,9/25/2021,2021,9,September,25,7,Saturday,12:00:00,12,21034717,A,"Injury of any type (Serious, Minor, Possible)",B,Suspected Minor Injury (B),2,0,0,4,Local,0.63,359,SARGENT DR,SARGENT DR,CHURCH ST SOUTH NO 2,,,,,41.292135,-72.921559,14,Motor Vehicle in Operation,3,Angle,1,On Roadway,1,Clear,88,Not Applicable,1,Daylight,1,Dry,0,None,88,Not Applicable,88,Not Applicable,0,None,88,Not Applicable,88,Not Applicable,2,Intersection,3,T-Intersection,1,No,1,No,88,Not Applicable,88,Not Applicable,88,Not Applicable,88,Not Applicable,FALSE,1,Public Road,1,"Trafficway, On Road",CT0009300,New Haven PD,295,58:10.0,C,Closed,16:21.0,,,,,,,