CrashId,Fatal Case Status,Fatal Case Status Text Format,CrashId,CrashId,Latitude,Longitude,DOT Case Number,Town Name,Town Number,Town Number,Town Number Text Format,Date Of Crash,Year,Month,Month Text Format,Day,Day of the Week,Day of the Week Text Format,Time of Crash,Hour of the Day,Case Identifier,Crash Severity,Crash Severity Text Format,Most Severe Injury,Most Severe Injury Text Format,Number Of Motor Vehicles,Number Of Non-Motorist,Number Of Witnesses,Route Class,Route Class Text Format,Milemarker,Road Number,Road Description,Roadway Name,Intersecting Roadway Name,Landmark Description,Distance From Nearest Landmark,Unit Of Measure From Nearest Landmark,Direction From Nearest Landmark,Latitude,Longitude,First Harmful Event,First Harmful Event Text Format,Manner of Crash / Collision Impact,Manner of Crash / Collision Impact Text Format,Location of First Harmful Event,Location of First Harmful Event Text Format,Weather Condition,Weather Condition Text Format,Weather 2,Weather 2 Text Format,Light Condition,Light Condition Text Format,Road Surface Condition,Road Surface Condition Text Format,"Contributing Circumstances, Environment","Contributing Circumstances, Environment Text Format",Environment 2,Environment 2 Text Format,Environment 3,Environment 3 Text Format,"Contributing Circumstances, Road","Contributing Circumstances, Road Text Format",Road 2,Road 2 Text Format,Road 3,Road 3 Text Format,Crash Specific Location,Crash Specific Location Text Format,Type of Intersection,Type of Intersection Text Format,School Bus Related,School Bus Related Text Format,Work Zone Related,Work Zone Related Text Format,Location Of Crash Relative To Work Zone,Location Of Crash Relative To Work Zone Text Format,Type of Work Zone,Type of Work Zone Text Format,Worker Presence,Worker Presence Text Format,Law Enforcement Presence,Law Enforcement Presence Text Format,Were Vehicles Moved Prior To Police Arrival,Trafficway Ownership,Trafficway Ownership Text Format,Trafficway Class,Trafficway Class Text Format,Police Agency,Police Agency Text Format,Badge Number,Approval Date,Police Case Status,Police Case Status Text Format,Crash Report Submission Date,Related Case Identifiers,No. of Through Lanes (Log Dir.),Average Daily Traffic,Functional Classification,Functional Classification Text Format,Rural or Urban,Rural or Urban Text Format
888934,1,Complete,888934,888934,41.32091,-72.94235,3391031,New Haven,93,93,New Haven,9/25/2021,2021,9,September,25,7,Saturday,16:14:00,16,21034749,A,"Injury of any type (Serious, Minor, Possible)",C,Possible Injury (C),2,0,0,4,Local,0.48,258,GOFFE TER,GOFFE TER,WINTHROP AV NO 2,,,,,41.32091,-72.94235,14,Motor Vehicle in Operation,3,Angle,1,On Roadway,1,Clear,88,Not Applicable,1,Daylight,1,Dry,0,None,88,Not Applicable,88,Not Applicable,0,None,88,Not Applicable,88,Not Applicable,2,Intersection,2,Four-Way Intersection,1,No,1,No,88,Not Applicable,88,Not Applicable,88,Not Applicable,88,Not Applicable,FALSE,1,Public Road,1,"Trafficway, On Road",CT0009300,New Haven PD,359,08:18.0,C,Closed,16:22.0,,,,,,,
888937,1,Complete,888937,888937,41.322323,-72.946239,3391034,New Haven,93,93,New Haven,9/25/2021,2021,9,September,25,7,Saturday,23:49:00,23,21034779,A,"Injury of any type (Serious, Minor, Possible)",A,Suspected Serious Injury (A),1,1,0,4,Local,0.26,258,GOFFE TER,GOFFE TER,,COLONY RD,166,Feet,E,41.322323,-72.946239,9,Pedestrian,88,Not Applicable,1,On Roadway,1,Clear,88,Not Applicable,4,Dark-Lighted,1,Dry,0,None,88,Not Applicable,88,Not Applicable,0,None,88,Not Applicable,88,Not Applicable,1,Non-Junction,1,Not at Intersection,1,No,1,No,88,Not Applicable,88,Not Applicable,88,Not Applicable,88,Not Applicable,TRUE,1,Public Road,1,"Trafficway, On Road",CT0009300,New Haven PD,40956,44:13.0,C,Closed,16:25.0,,2,6700,4,MINOR ARTERIAL - NEW HPMS,2,Urban
888941,1,Complete,888941,888941,41.332191,-72.956117,3391038,New Haven,93,93,New Haven,9/26/2021,2021,9,September,26,1,Sunday,4:00:00,4,21034800,A,"Injury of any type (Serious, Minor, Possible)",A,Suspected Serious Injury (A),1,0,0,4,Local,0.25,572,SPRINGSIDE AV,SPRINGSIDE AV,,HARD ST,500,Feet,N,41.332191,-72.956117,32,Tree (standing),88,Not Applicable,2,Shoulder,99,Unknown,88,Not Applicable,99,Unknown,99,Unknown,99,Unknown,88,Not Applicable,88,Not Applicable,99,Unknown,88,Not Applicable,88,Not Applicable,1,Non-Junction,1,Not at Intersection,1,No,1,No,88,Not Applicable,88,Not Applicable,88,Not Applicable,88,Not Applicable,TRUE,1,Public Road,1,"Trafficway, On Road",CT0009300,New Haven PD,313,30:38.0,C,Closed,16:26.0,,2,4266,7,LOCAL - NEW HPMS,2,Urban
888943,1,Complete,888943,888943,41.3104139,-72.952483,3391040,New Haven,93,93,New Haven,9/26/2021,2021,9,September,26,1,Sunday,13:14:00,13,21034824,A,"Injury of any type (Serious, Minor, Possible)",C,Possible Injury (C),1,2,0,,,,,,CASA BLANCA PARKING LOT,DERBY AVE,,,,,41.3104139,-72.952483,9,Pedestrian,88,Not Applicable,1,On Roadway,1,Clear,88,Not Applicable,1,Daylight,1,Dry,0,None,88,Not Applicable,88,Not Applicable,0,None,88,Not Applicable,88,Not Applicable,1,Non-Junction,1,Not at Intersection,1,No,1,No,88,Not Applicable,88,Not Applicable,88,Not Applicable,88,Not Applicable,TRUE,88,Not Applicable,4,Parking Lot,CT0009300,New Haven PD,42055,06:00.0,O,Open,16:27.0,,,,,,,
888953,1,Complete,888953,888953,41.30665,-72.93113,3391050,New Haven,93,93,New Haven,9/27/2021,2021,9,September,27,2,Monday,12:39:00,12,21034931,A,"Injury of any type (Serious, Minor, Possible)",B,Suspected Minor Injury (B),1,1,0,4,Local,0.46,136,CROWN ST,CROWN ST,,HIGH ST,5,Feet,E,41.30665,-72.93113,10,Pedalcycle/Pedalcyclist,97,Other,1,On Roadway,1,Clear,88,Not Applicable,1,Daylight,1,Dry,0,None,88,Not Applicable,88,Not Applicable,0,None,88,Not Applicable,88,Not Applicable,1,Non-Junction,1,Not at Intersection,1,No,1,No,88,Not Applicable,88,Not Applicable,88,Not Applicable,88,Not Applicable,FALSE,1,Public Road,1,"Trafficway, On Road",CT0009300,New Haven PD,106,37:59.0,C,Closed,16:33.0,,,,,,,
888958,1,Complete,888958,888958,41.32106,-72.8972,3391055,New Haven,93,93,New Haven,9/27/2021,2021,9,September,27,2,Monday,16:49:00,16,21034955,A,"Injury of any type (Serious, Minor, Possible)",C,Possible Injury (C),2,0,0,2,USRoute,0.5,5,5-N,5-N,ROCK ST,,,,,41.32106,-72.8972,14,Motor Vehicle in Operation,3,Angle,1,On Roadway,1,Clear,88,Not Applicable,1,Daylight,1,Dry,0,None,88,Not Applicable,88,Not Applicable,0,None,88,Not Applicable,88,Not Applicable,2,Intersection,3,T-Intersection,1,No,1,No,88,Not Applicable,88,Not Applicable,88,Not Applicable,88,Not Applicable,TRUE,1,Public Road,1,"Trafficway, On Road",CT0009300,New Haven PD,40801,57:09.0,C,Closed,16:34.0,,2,17300,4,MINOR ARTERIAL - NEW HPMS,2,Urban
888959,1,Complete,888959,888959,41.317254,-72.944004,3391056,New Haven,93,93,New Haven,9/27/2021,2021,9,September,27,2,Monday,16:47:00,16,21034957,A,"Injury of any type (Serious, Minor, Possible)",C,Possible Injury (C),2,0,0,4,Local,0.29,653,WHALLEY AV,WHALLEY AV,,WINTHROP AVE,150,Feet,E,41.317254,-72.944004,14,Motor Vehicle in Operation,1,Front to rear,1,On Roadway,1,Clear,88,Not Applicable,1,Daylight,1,Dry,0,None,88,Not Applicable,88,Not Applicable,0,None,88,Not Applicable,88,Not Applicable,3,Intersection-Related,2,Four-Way Intersection,1,No,1,No,88,Not Applicable,88,Not Applicable,88,Not Applicable,88,Not Applicable,FALSE,1,Public Road,1,"Trafficway, On Road",CT0009300,New Haven PD,40804,03:36.0,C,Closed,16:35.0,,,,,,,
888962,1,Complete,888962,888962,41.31221,-72.93229,3391059,New Haven,93,93,New Haven,9/27/2021,2021,9,September,27,2,Monday,18:07:00,18,21034968,A,"Injury of any type (Serious, Minor, Possible)",B,Suspected Minor Injury (B),1,1,1,4,Local,0.13,68,BROADWAY,BROADWAY,,HOWE ST,267,Feet,W,41.31221,-72.93229,9,Pedestrian,88,Not Applicable,1,On Roadway,1,Clear,88,Not Applicable,1,Daylight,1,Dry,0,None,88,Not Applicable,88,Not Applicable,0,None,88,Not Applicable,88,Not Applicable,1,Non-Junction,1,Not at Intersection,1,No,1,No,88,Not Applicable,88,Not Applicable,88,Not Applicable,88,Not Applicable,FALSE,1,Public Road,1,"Trafficway, On Road",CT0009300,New Haven PD,503,42:59.0,C,Closed,16:36.0,,3,21100,3,PRINCIPAL ARTERIAL - OTHER - NEW HPMS,2,Urban
888963,1,Complete,888963,888963,41.3286746,-72.9782724,3391060,New Haven,93,93,New Haven,9/27/2021,2021,9,September,27,2,Monday,19:35:00,19,21034975,A,"Injury of any type (Serious, Minor, Possible)",C,Possible Injury (C),2,0,0,3,State,5.66,243,243-E,243-E,LOWIN AV,,,,,41.3286746,-72.9782724,14,Motor Vehicle in Operation,1,Front to rear,1,On Roadway,1,Clear,88,Not Applicable,4,Dark-Lighted,1,Dry,0,None,88,Not Applicable,88,Not Applicable,0,None,88,Not Applicable,88,Not Applicable,3,Intersection-Related,3,T-Intersection,1,No,1,No,88,Not Applicable,88,Not Applicable,88,Not Applicable,88,Not Applicable,FALSE,1,Public Road,1,"Trafficway, On Road",CT0009300,New Haven PD,40815,55:37.0,C,Closed,16:37.0,,2,9700,4,MINOR ARTERIAL - NEW HPMS,2,Urban
888964,1,Complete,888964,888964,41.33943,-72.97375,3391061,New Haven,93,93,New Haven,9/27/2021,2021,9,September,27,2,Monday,19:57:00,19,21034980,A,"Injury of any type (Serious, Minor, Possible)",C,Possible Injury (C),2,0,0,4,Local,0.03,612,VALLEY ST NO 1,VALLEY ST NO 1,,POND LILY AVE,100,Feet,E,41.33943,-72.97375,14,Motor Vehicle in Operation,3,Angle,1,On Roadway,1,Clear,88,Not Applicable,4,Dark-Lighted,1,Dry,0,None,88,Not Applicable,88,Not Applicable,0,None,88,Not Applicable,88,Not Applicable,1,Non-Junction,1,Not at Intersection,1,No,1,No,88,Not Applicable,88,Not Applicable,88,Not Applicable,88,Not Applicable,TRUE,1,Public Road,1,"Trafficway, On Road",CT0009300,New Haven PD,170,22:21.0,C,Closed,16:42.0,,,,,,,
888973,1,Complete,888973,888973,41.3119613,-72.8978146,3391070,New Haven,93,93,New Haven,9/28/2021,2021,9,September,28,3,Tuesday,13:43:00,13,21035032,A,"Injury of any type (Serious, Minor, Possible)",C,Possible Injury (C),2,0,0,4,Local,0.08,479,PINE ST NO 1,PINE ST NO 1,POPLAR ST,,,,,41.3119613,-72.8978146,14,Motor Vehicle in Operation,3,Angle,1,On Roadway,4,Rain,88,Not Applicable,1,Daylight,2,Wet,0,None,88,Not Applicable,88,Not Applicable,0,None,88,Not Applicable,88,Not Applicable,2,Intersection,2,Four-Way Intersection,1,No,1,No,88,Not Applicable,88,Not Applicable,88,Not Applicable,88,Not Applicable,FALSE,1,Public Road,1,"Trafficway, On Road",CT0009300,New Haven PD,42048,58:28.0,C,Closed,16:40.0,,,,,,,
888975,1,Complete,888975,888975,41.31791,-72.94599,3391072,New Haven,93,93,New Haven,9/28/2021,2021,9,September,28,3,Tuesday,16:03:00,16,21035040,A,"Injury of any type (Serious, Minor, Possible)",C,Possible Injury (C),2,0,0,4,Local,0.17,653,WHALLEY AV,WHALLEY AV,NORTON ST,,,,,41.31791,-72.94599,14,Motor Vehicle in Operation,3,Angle,1,On Roadway,1,Clear,88,Not Applicable,1,Daylight,1,Dry,0,None,88,Not Applicable,88,Not Applicable,0,None,88,Not Applicable,88,Not Applicable,2,Intersection,2,Four-Way Intersection,1,No,1,No,88,Not Applicable,88,Not Applicable,88,Not Applicable,88,Not Applicable,FALSE,1,Public Road,1,"Trafficway, On Road",CT0009300,New Haven PD,79,27:03.0,C,Closed,16:43.0,,,,,,,
888978,1,Complete,888978,888978,41.32413793,-72.88134869,3391075,New Haven,93,93,New Haven,9/28/2021,2021,9,September,28,3,Tuesday,16:56:00,16,21035052,A,"Injury of any type (Serious, Minor, Possible)",C,Possible Injury (C),2,0,0,3,State,0.25,17,17-N,17-N,on con fr 80-W,,,,,41.32413793,-72.88134869,14,Motor Vehicle in Operation,1,Front to rear,1,On Roadway,1,Clear,88,Not Applicable,1,Daylight,1,Dry,0,None,88,Not Applicable,88,Not Applicable,0,None,88,Not Applicable,88,Not Applicable,2,Intersection,2,Four-Way Intersection,1,No,1,No,88,Not Applicable,88,Not Applicable,88,Not Applicable,88,Not Applicable,FALSE,1,Public Road,1,"Trafficway, On Road",CT0009300,New Haven PD,156,09:23.0,C,Closed,16:45.0,,1,8500,1,INTERSTATE - NEW HPMS,2,Urban
888981,1,Complete,888981,888981,41.313814,-72.92521,3391078,New Haven,93,93,New Haven,9/29/2021,2021,9,September,29,4,Wednesday,4:28:00,4,21035087,A,"Injury of any type (Serious, Minor, Possible)",C,Possible Injury (C),2,0,0,4,Local,0.15,495,PROSPECT ST,PROSPECT ST,TRUMBULL ST,,,,,41.313814,-72.92521,16,"Struck by Falling, Shifting Cargo or Anything Set in Motion by Motor Vehicle",88,Not Applicable,97,Other,1,Clear,88,Not Applicable,4,Dark-Lighted,1,Dry,0,None,88,Not Applicable,88,Not Applicable,0,None,88,Not Applicable,88,Not Applicable,3,Intersection-Related,2,Four-Way Intersection,1,No,1,No,88,Not Applicable,88,Not Applicable,88,Not Applicable,88,Not Applicable,FALSE,1,Public Road,1,"Trafficway, On Road",CT0009300,New Haven PD,65,39:30.0,O,Open,16:46.0,,,,,,,
888988,1,Complete,888988,888988,41.315619,-72.934901,3391085,New Haven,93,93,New Haven,9/29/2021,2021,9,September,29,4,Wednesday,14:19:00,14,21035154,A,"Injury of any type (Serious, Minor, Possible)",C,Possible Injury (C),2,0,0,4,Local,0.48,257,GOFFE ST,GOFFE ST,sperry st ,,,,,41.315619,-72.934901,14,Motor Vehicle in Operation,4,"Sideswipe, same direction",1,On Roadway,1,Clear,88,Not Applicable,1,Daylight,1,Dry,0,None,88,Not Applicable,88,Not Applicable,0,None,88,Not Applicable,88,Not Applicable,2,Intersection,2,Four-Way Intersection,1,No,1,No,88,Not Applicable,88,Not Applicable,88,Not Applicable,88,Not Applicable,FALSE,1,Public Road,1,"Trafficway, On Road",CT0009300,New Haven PD,40807,24:13.0,C,Closed,16:49.0,,,,,,,
888989,1,Complete,888989,888989,41.304597,-72.902456,3391086,New Haven,93,93,New Haven,9/29/2021,2021,9,September,29,4,Wednesday,15:17:00,15,21035157,A,"Injury of any type (Serious, Minor, Possible)",C,Possible Injury (C),1,1,0,4,Local,0.4,542,SALTONSTALL AV,SALTONSTALL AV,,JAMES ST,42,Feet,E,41.304597,-72.902456,9,Pedestrian,88,Not Applicable,1,On Roadway,1,Clear,88,Not Applicable,1,Daylight,1,Dry,0,None,88,Not Applicable,88,Not Applicable,0,None,88,Not Applicable,88,Not Applicable,11,Through Roadway,1,Not at Intersection,1,No,1,No,88,Not Applicable,88,Not Applicable,88,Not Applicable,88,Not Applicable,FALSE,1,Public Road,1,"Trafficway, On Road",CT0009300,New Haven PD,40793,33:52.0,C,Closed,17:40.0,,2,2507,7,LOCAL - NEW HPMS,2,Urban
889015,1,Complete,889015,889015,41.322434,-72.906919,3391112,New Haven,93,93,New Haven,9/29/2021,2021,9,September,29,4,Wednesday,18:00:00,18,21035197,A,"Injury of any type (Serious, Minor, Possible)",B,Suspected Minor Injury (B),1,1,1,4,Local,0.46,435,NICOLL ST,NICOLL ST,,MITCHELL ST,35,Feet,S,41.322434,-72.906919,9,Pedestrian,88,Not Applicable,1,On Roadway,1,Clear,88,Not Applicable,1,Daylight,1,Dry,2,Visual Obstruction(s),88,Not Applicable,88,Not Applicable,0,None,88,Not Applicable,88,Not Applicable,3,Intersection-Related,3,T-Intersection,1,No,1,No,88,Not Applicable,88,Not Applicable,88,Not Applicable,88,Not Applicable,TRUE,1,Public Road,1,"Trafficway, On Road",CT0009300,New Haven PD,40801,23:01.0,O,Open,16:52.0,,2,10200,5,MAJOR COLLECTOR - NEW HPMS,2,Urban
889030,1,Complete,889030,889030,41.307241,-72.924894,3391127,New Haven,93,93,New Haven,9/30/2021,2021,9,September,30,5,Thursday,13:16:00,13,21035278,A,"Injury of any type (Serious, Minor, Possible)",C,Possible Injury (C),2,0,0,4,Local,0.26,103,CHURCH ST,CHURCH ST,,ELM ST,300,Feet,S,41.307241,-72.924894,14,Motor Vehicle in Operation,1,Front to rear,1,On Roadway,1,Clear,88,Not Applicable,1,Daylight,1,Dry,0,None,88,Not Applicable,88,Not Applicable,0,None,88,Not Applicable,88,Not Applicable,1,Non-Junction,1,Not at Intersection,1,No,1,No,88,Not Applicable,88,Not Applicable,88,Not Applicable,88,Not Applicable,TRUE,1,Public Road,1,"Trafficway, On Road",CT0009300,New Haven PD,165,38:39.0,C,Closed,16:55.0,,,,,,,
889032,1,Complete,889032,889032,41.31094,-72.942639,3391129,New Haven,93,93,New Haven,9/30/2021,2021,9,September,30,5,Thursday,14:00:00,14,21035283,A,"Injury of any type (Serious, Minor, Possible)",C,Possible Injury (C),1,1,0,4,Local,2.71,97,CHAPEL ST,CHAPEL ST,BEERS ST,,,,,41.31094,-72.942639,14,Motor Vehicle in Operation,2,Front to front,1,On Roadway,1,Clear,88,Not Applicable,1,Daylight,1,Dry,0,None,88,Not Applicable,88,Not Applicable,0,None,88,Not Applicable,88,Not Applicable,2,Intersection,3,T-Intersection,1,No,1,No,88,Not Applicable,88,Not Applicable,88,Not Applicable,88,Not Applicable,TRUE,1,Public Road,1,"Trafficway, On Road",CT0009300,New Haven PD,38715,52:04.0,C,Closed,17:09.0,21-35283,,,,,,
889039,1,Complete,889039,889039,41.308126,-72.896009,3391136,New Haven,93,93,New Haven,9/30/2021,2021,9,September,30,5,Thursday,21:16:00,21,21035341,A,"Injury of any type (Serious, Minor, Possible)",A,Suspected Serious Injury (A),1,0,0,,,,,, FERRY ST,,GRAND AVE,295,Feet,S,41.308126,-72.896009,18,Other Non-Fixed Object,88,Not Applicable,7,In Parking Lane or Zone,1,Clear,88,Not Applicable,4,Dark-Lighted,1,Dry,0,None,88,Not Applicable,88,Not Applicable,0,None,88,Not Applicable,88,Not Applicable,11,Through Roadway,1,Not at Intersection,1,No,1,No,88,Not Applicable,88,Not Applicable,88,Not Applicable,88,Not Applicable,FALSE,2,Private Road,2,"Trafficway, Not on Road",CT0009300,New Haven PD,150,41:47.0,C,Closed,17:03.0,,,,,,,
889044,1,Complete,889044,889044,41.306193,-72.935283,3391141,New Haven,93,93,New Haven,10/1/2021,2021,10,October,1,6,Friday,9:59:00,9,21035381,A,"Injury of any type (Serious, Minor, Possible)",C,Possible Injury (C),2,0,0,4,Local,0.64,809,REV DR MLK JR BLVD,REV DR MLK JR BLVD,PARK ST,,,,,41.306193,-72.935283,14,Motor Vehicle in Operation,1,Front to rear,1,On Roadway,1,Clear,88,Not Applicable,1,Daylight,1,Dry,0,None,88,Not Applicable,88,Not Applicable,0,None,88,Not Applicable,88,Not Applicable,2,Intersection,2,Four-Way Intersection,1,No,1,No,88,Not Applicable,88,Not Applicable,88,Not Applicable,88,Not Applicable,TRUE,1,Public Road,1,"Trafficway, On Road",CT0009300,New Haven PD,301,55:37.0,C,Closed,17:02.0,,,,,,,
889048,1,Complete,889048,889048,41.298366,-72.930877,3391145,New Haven,93,93,New Haven,10/1/2021,2021,10,October,1,6,Friday,12:56:00,12,21035401,A,"Injury of any type (Serious, Minor, Possible)",C,Possible Injury (C),3,0,0,2,USRoute,47.58,1,1-N,1-N,,LIBERTY STREET,25,Feet,W,41.298366,-72.930877,14,Motor Vehicle in Operation,1,Front to rear,1,On Roadway,1,Clear,88,Not Applicable,1,Daylight,1,Dry,0,None,88,Not Applicable,88,Not Applicable,0,None,88,Not Applicable,88,Not Applicable,1,Non-Junction,1,Not at Intersection,1,No,1,No,88,Not Applicable,88,Not Applicable,88,Not Applicable,88,Not Applicable,FALSE,1,Public Road,1,"Trafficway, On Road",CT0009300,New Haven PD,223,38:17.0,C,Closed,17:17.0,,2,8400,3,PRINCIPAL ARTERIAL - OTHER - NEW HPMS,2,Urban
889050,1,Complete,889050,889050,41.328733,-72.964506,3391147,New Haven,93,93,New Haven,10/1/2021,2021,10,October,1,6,Friday,13:14:00,13,21035414,A,"Injury of any type (Serious, Minor, Possible)",C,Possible Injury (C),2,0,0,3,State,0.49,63,63-N,63-N,,EMERSON ST,125,Feet,E,41.328733,-72.964506,14,Motor Vehicle in Operation,1,Front to rear,1,On Roadway,1,Clear,88,Not Applicable,1,Daylight,1,Dry,0,None,88,Not Applicable,88,Not Applicable,0,None,88,Not Applicable,88,Not Applicable,1,Non-Junction,1,Not at Intersection,1,No,1,No,88,Not Applicable,88,Not Applicable,88,Not Applicable,88,Not Applicable,FALSE,1,Public Road,1,"Trafficway, On Road",CT0009300,New Haven PD,402,37:04.0,C,Closed,17:04.0,,3,20300,3,PRINCIPAL ARTERIAL - OTHER - NEW HPMS,2,Urban
889055,1,Complete,889055,889055,41.321699,-72.930432,3391152,New Haven,93,93,New Haven,10/1/2021,2021,10,October,1,6,Friday,17:37:00,17,21035445,A,"Injury of any type (Serious, Minor, Possible)",B,Suspected Minor Injury (B),1,1,0,4,Local,0.24,429,MUNSON ST,MUNSON ST,,CANAL ST,170,Feet,W,41.321699,-72.930432,9,Pedestrian,88,Not Applicable,1,On Roadway,1,Clear,88,Not Applicable,1,Daylight,1,Dry,99,Unknown,88,Not Applicable,88,Not Applicable,0,None,88,Not Applicable,88,Not Applicable,1,Non-Junction,1,Not at Intersection,1,No,1,No,88,Not Applicable,88,Not Applicable,88,Not Applicable,88,Not Applicable,FALSE,1,Public Road,1,"Trafficway, On Road",CT0009300,New Haven PD,42054,22:08.0,C,Closed,17:07.0,21035445,2,8600,7,LOCAL - NEW HPMS,2,Urban
889060,1,Complete,889060,889060,41.322447,-72.878259,3391157,New Haven,93,93,New Haven,10/1/2021,2021,10,October,1,6,Friday,19:18:00,19,21035469,A,"Injury of any type (Serious, Minor, Possible)",C,Possible Injury (C),2,0,1,3,State,0.19,80,80-E,80-E,,QUINNIPIAC AVE,1265,Feet,W,41.322447,-72.878259,14,Motor Vehicle in Operation,3,Angle,1,On Roadway,1,Clear,88,Not Applicable,4,Dark-Lighted,1,Dry,0,None,88,Not Applicable,88,Not Applicable,0,None,88,Not Applicable,88,Not Applicable,1,Non-Junction,1,Not at Intersection,1,No,1,No,88,Not Applicable,88,Not Applicable,88,Not Applicable,88,Not Applicable,TRUE,1,Public Road,1,"Trafficway, On Road",CT0009300,New Haven PD,409,25:50.0,C,Closed,17:07.0,,5,32100,3,PRINCIPAL ARTERIAL - OTHER - NEW HPMS,2,Urban
889067,1,Complete,889067,889067,41.314129,-72.935475,3391164,New Haven,93,93,New Haven,10/2/2021,2021,10,October,2,7,Saturday,13:23:00,13,21035529,A,"Injury of any type (Serious, Minor, Possible)",C,Possible Injury (C),2,0,0,4,Local,0.78,653,WHALLEY AV,WHALLEY AV,,SPERRY ST,85,Feet,E,41.314129,-72.935475,14,Motor Vehicle in Operation,4,"Sideswipe, same direction",1,On Roadway,1,Clear,88,Not Applicable,1,Daylight,1,Dry,0,None,88,Not Applicable,88,Not Applicable,0,None,88,Not Applicable,88,Not Applicable,1,Non-Junction,1,Not at Intersection,1,No,1,No,88,Not Applicable,88,Not Applicable,88,Not Applicable,88,Not Applicable,FALSE,1,Public Road,1,"Trafficway, On Road",CT0009300,New Haven PD,324,50:38.0,C,Closed,17:10.0,21035529,,,,,,
889070,1,Complete,889070,889070,41.339306,-72.975794,3391167,New Haven,93,93,New Haven,10/2/2021,2021,10,October,2,7,Saturday,14:18:00,14,21035533,A,"Injury of any type (Serious, Minor, Possible)",B,Suspected Minor Injury (B),2,0,0,4,Local,0.06,485,POND LILY AV,POND LILY AV,BANK ST,,,,,41.339306,-72.975794,14,Motor Vehicle in Operation,3,Angle,1,On Roadway,1,Clear,1,Clear,1,Daylight,1,Dry,0,None,88,Not Applicable,88,Not Applicable,0,None,88,Not Applicable,88,Not Applicable,2,Intersection,3,T-Intersection,1,No,1,No,88,Not Applicable,88,Not Applicable,88,Not Applicable,88,Not Applicable,FALSE,1,Public Road,1,"Trafficway, On Road",CT0009300,New Haven PD,74,03:26.0,C,Closed,17:11.0,,,,,,,
889077,1,Complete,889077,889077,41.317508,-72.949785,3391174,New Haven,93,93,New Haven,10/3/2021,2021,10,October,3,1,Sunday,2:23:00,2,21035596,A,"Injury of any type (Serious, Minor, Possible)",C,Possible Injury (C),3,0,1,3,State,2.92,10,10-N,10-N,ELM ST NO 1,,,,,41.317508,-72.949785,14,Motor Vehicle in Operation,3,Angle,1,On Roadway,1,Clear,88,Not Applicable,4,Dark-Lighted,1,Dry,0,None,88,Not Applicable,88,Not Applicable,0,None,88,Not Applicable,88,Not Applicable,2,Intersection,2,Four-Way Intersection,1,No,1,No,88,Not Applicable,88,Not Applicable,88,Not Applicable,88,Not Applicable,FALSE,1,Public Road,1,"Trafficway, On Road",CT0009300,New Haven PD,105,48:09.0,C,Closed,17:13.0,,2,10100,3,PRINCIPAL ARTERIAL - OTHER - NEW HPMS,2,Urban
889079,1,Complete,889079,889079,41.304789,-72.893934,3391176,New Haven,93,93,New Haven,10/3/2021,2021,10,October,3,1,Sunday,9:55:00,9,21035618,A,"Injury of any type (Serious, Minor, Possible)",C,Possible Injury (C),1,1,0,4,Local,0.18,307,HOUSTON ST NO 1,HOUSTON ST NO 1,SANFORD ST,,,,,41.304789,-72.893934,9,Pedestrian,88,Not Applicable,1,On Roadway,1,Clear,88,Not Applicable,1,Daylight,1,Dry,2,Visual Obstruction(s),88,Not Applicable,88,Not Applicable,0,None,88,Not Applicable,88,Not Applicable,2,Intersection,3,T-Intersection,1,No,1,No,88,Not Applicable,88,Not Applicable,88,Not Applicable,88,Not Applicable,FALSE,1,Public Road,1,"Trafficway, On Road",CT0009300,New Haven PD,40786,36:15.0,C,Closed,17:21.0,,2,7700,7,LOCAL - NEW HPMS,2,Urban
889081,1,Complete,889081,889081,41.31299,-72.952,3391178,New Haven,93,93,New Haven,10/3/2021,2021,10,October,3,1,Sunday,19:07:00,19,21035679,A,"Injury of any type (Serious, Minor, Possible)",C,Possible Injury (C),2,0,0,3,State,2.59,10,10-N,10-N,CHAPEL ST,,,,,41.31299,-72.952,14,Motor Vehicle in Operation,3,Angle,1,On Roadway,1,Clear,88,Not Applicable,4,Dark-Lighted,1,Dry,0,None,88,Not Applicable,88,Not Applicable,0,None,88,Not Applicable,88,Not Applicable,2,Intersection,2,Four-Way Intersection,1,No,1,No,88,Not Applicable,88,Not Applicable,88,Not Applicable,88,Not Applicable,FALSE,1,Public Road,1,"Trafficway, On Road",CT0009300,New Haven PD,7,31:10.0,C,Closed,17:15.0,,2,19700,3,PRINCIPAL ARTERIAL - OTHER - NEW HPMS,2,Urban
889086,1,Complete,889086,889086,41.303861,-72.918518,3391183,New Haven,93,93,New Haven,10/4/2021,2021,10,October,4,2,Monday,9:17:00,9,21035724,A,"Injury of any type (Serious, Minor, Possible)",C,Possible Injury (C),2,0,1,4,Local,1.35,97,CHAPEL ST,CHAPEL ST,ACADEMY ST,,,,,41.303861,-72.918518,14,Motor Vehicle in Operation,3,Angle,1,On Roadway,4,Rain,88,Not Applicable,1,Daylight,2,Wet,0,None,88,Not Applicable,88,Not Applicable,0,None,88,Not Applicable,88,Not Applicable,2,Intersection,3,T-Intersection,1,No,1,No,88,Not Applicable,88,Not Applicable,88,Not Applicable,88,Not Applicable,TRUE,1,Public Road,1,"Trafficway, On Road",CT0009300,New Haven PD,2,40:42.0,C,Closed,17:19.0,,,,,,,