CrashId,Fatal Case Status,Fatal Case Status Text Format,CrashId,CrashId,Latitude,Longitude,DOT Case Number,Town Name,Town Number,Town Number,Town Number Text Format,Date Of Crash,Year,Month,Month Text Format,Day,Day of the Week,Day of the Week Text Format,Time of Crash,Hour of the Day,Case Identifier,Crash Severity,Crash Severity Text Format,Most Severe Injury,Most Severe Injury Text Format,Number Of Motor Vehicles,Number Of Non-Motorist,Number Of Witnesses,Route Class,Route Class Text Format,Milemarker,Road Number,Road Description,Roadway Name,Intersecting Roadway Name,Landmark Description,Distance From Nearest Landmark,Unit Of Measure From Nearest Landmark,Direction From Nearest Landmark,Latitude,Longitude,First Harmful Event,First Harmful Event Text Format,Manner of Crash / Collision Impact,Manner of Crash / Collision Impact Text Format,Location of First Harmful Event,Location of First Harmful Event Text Format,Weather Condition,Weather Condition Text Format,Weather 2,Weather 2 Text Format,Light Condition,Light Condition Text Format,Road Surface Condition,Road Surface Condition Text Format,"Contributing Circumstances, Environment","Contributing Circumstances, Environment Text Format",Environment 2,Environment 2 Text Format,Environment 3,Environment 3 Text Format,"Contributing Circumstances, Road","Contributing Circumstances, Road Text Format",Road 2,Road 2 Text Format,Road 3,Road 3 Text Format,Crash Specific Location,Crash Specific Location Text Format,Type of Intersection,Type of Intersection Text Format,School Bus Related,School Bus Related Text Format,Work Zone Related,Work Zone Related Text Format,Location Of Crash Relative To Work Zone,Location Of Crash Relative To Work Zone Text Format,Type of Work Zone,Type of Work Zone Text Format,Worker Presence,Worker Presence Text Format,Law Enforcement Presence,Law Enforcement Presence Text Format,Were Vehicles Moved Prior To Police Arrival,Trafficway Ownership,Trafficway Ownership Text Format,Trafficway Class,Trafficway Class Text Format,Police Agency,Police Agency Text Format,Badge Number,Approval Date,Police Case Status,Police Case Status Text Format,Crash Report Submission Date,Related Case Identifiers,No. of Through Lanes (Log Dir.),Average Daily Traffic,Functional Classification,Functional Classification Text Format,Rural or Urban,Rural or Urban Text Format
889249,1,Complete,889249,889249,41.29768,-72.94091,3391346,New Haven,93,93,New Haven,10/12/2021,2021,10,October,12,3,Tuesday,11:52:00,11,21036804,A,"Injury of any type (Serious, Minor, Possible)",B,Suspected Minor Injury (B),2,0,0,2,USRoute,47.05,1,1-N,1-N,WEST ST,,,,,41.29768,-72.94091,14,Motor Vehicle in Operation,1,Front to rear,1,On Roadway,1,Clear,88,Not Applicable,1,Daylight,1,Dry,0,None,88,Not Applicable,88,Not Applicable,0,None,88,Not Applicable,88,Not Applicable,2,Intersection,2,Four-Way Intersection,1,No,1,No,88,Not Applicable,88,Not Applicable,88,Not Applicable,88,Not Applicable,TRUE,1,Public Road,1,"Trafficway, On Road",CT0009300,New Haven PD,251,29:56.0,C,Closed,18:08.0,,2,8600,3,PRINCIPAL ARTERIAL - OTHER - NEW HPMS,2,Urban
889252,1,Complete,889252,889252,41.281839,-72.889014,3391349,New Haven,93,93,New Haven,10/12/2021,2021,10,October,12,3,Tuesday,13:16:00,13,21036821,A,"Injury of any type (Serious, Minor, Possible)",C,Possible Injury (C),2,0,0,4,Local,0,59,BOSTON AV,BOSTON AV,CLARENDON ST NO 1,,,,,41.281839,-72.889014,14,Motor Vehicle in Operation,3,Angle,1,On Roadway,1,Clear,88,Not Applicable,1,Daylight,1,Dry,0,None,88,Not Applicable,88,Not Applicable,0,None,88,Not Applicable,88,Not Applicable,2,Intersection,2,Four-Way Intersection,1,No,1,No,88,Not Applicable,88,Not Applicable,88,Not Applicable,88,Not Applicable,FALSE,1,Public Road,1,"Trafficway, On Road",CT0009300,New Haven PD,65,07:16.0,C,Closed,18:35.0,,,,,,,
889254,1,Complete,889254,889254,41.32452,-72.93518,3391351,New Haven,93,93,New Haven,10/12/2021,2021,10,October,12,3,Tuesday,13:20:00,13,21036825,A,"Injury of any type (Serious, Minor, Possible)",C,Possible Injury (C),2,0,0,4,Local,0.83,152,DIXWELL AV,DIXWELL AV,ARGYLE ST,,,,,41.32452,-72.93518,14,Motor Vehicle in Operation,1,Front to rear,1,On Roadway,1,Clear,88,Not Applicable,1,Daylight,1,Dry,0,None,88,Not Applicable,88,Not Applicable,0,None,88,Not Applicable,88,Not Applicable,2,Intersection,3,T-Intersection,1,No,1,No,88,Not Applicable,88,Not Applicable,88,Not Applicable,88,Not Applicable,TRUE,1,Public Road,1,"Trafficway, On Road",CT0009300,New Haven PD,182,08:18.0,C,Closed,18:11.0,,,,,,,
889257,1,Complete,889257,889257,41.31987,-72.9404,3391354,New Haven,93,93,New Haven,10/12/2021,2021,10,October,12,3,Tuesday,16:03:00,16,21036851,A,"Injury of any type (Serious, Minor, Possible)",C,Possible Injury (C),2,0,0,4,Local,0,557,SHERMAN PKWY,SHERMAN PKWY,SHERMAN AV,,,,,41.31987,-72.9404,14,Motor Vehicle in Operation,1,Front to rear,1,On Roadway,1,Clear,88,Not Applicable,1,Daylight,1,Dry,0,None,88,Not Applicable,88,Not Applicable,0,None,88,Not Applicable,88,Not Applicable,2,Intersection,2,Four-Way Intersection,1,No,1,No,88,Not Applicable,88,Not Applicable,88,Not Applicable,88,Not Applicable,FALSE,1,Public Road,1,"Trafficway, On Road",CT0009300,New Haven PD,11439,29:24.0,C,Closed,18:05.0,,,,,,,
889264,1,Complete,889264,889264,41.2871,-72.926082,3391361,New Haven,93,93,New Haven,10/12/2021,2021,10,October,12,3,Tuesday,19:00:00,19,21036880,A,"Injury of any type (Serious, Minor, Possible)",C,Possible Injury (C),4,0,0,4,Local,0.21,359,SARGENT DR,SARGENT DR,,LONG WHARF DR,101,Feet,S,41.2871,-72.926082,14,Motor Vehicle in Operation,1,Front to rear,1,On Roadway,1,Clear,88,Not Applicable,4,Dark-Lighted,1,Dry,0,None,88,Not Applicable,88,Not Applicable,0,None,88,Not Applicable,88,Not Applicable,3,Intersection-Related,3,T-Intersection,1,No,1,No,88,Not Applicable,88,Not Applicable,88,Not Applicable,88,Not Applicable,FALSE,1,Public Road,1,"Trafficway, On Road",CT0009300,New Haven PD,40819,06:19.0,C,Closed,18:10.0,,,,,,,
889265,1,Complete,889265,889265,41.305527,-72.952797,3391362,New Haven,93,93,New Haven,10/12/2021,2021,10,October,12,3,Tuesday,21:16:00,21,21036894,A,"Injury of any type (Serious, Minor, Possible)",C,Possible Injury (C),2,0,0,4,Local,0,360,LEGION AV-RT 34,LEGION AV-RT 34,10-N,,,,,41.305527,-72.952797,14,Motor Vehicle in Operation,99,Unknown,1,On Roadway,1,Clear,88,Not Applicable,4,Dark-Lighted,1,Dry,99,Unknown,88,Not Applicable,88,Not Applicable,99,Unknown,88,Not Applicable,88,Not Applicable,2,Intersection,3,T-Intersection,1,No,1,No,88,Not Applicable,88,Not Applicable,88,Not Applicable,88,Not Applicable,FALSE,1,Public Road,1,"Trafficway, On Road",CT0009300,New Haven PD,40947,18:29.0,O,Open,18:09.0,,,,,,,
889266,1,Complete,889266,889266,41.32105659,-72.936043,3391363,New Haven,93,93,New Haven,10/12/2021,2021,10,October,12,3,Tuesday,21:00:00,21,21036895,A,"Injury of any type (Serious, Minor, Possible)",B,Suspected Minor Injury (B),2,0,0,4,Local,1.42,453,ORCHARD ST,ORCHARD ST,HENRY ST,,,,,41.32105659,-72.936043,14,Motor Vehicle in Operation,3,Angle,1,On Roadway,1,Clear,88,Not Applicable,4,Dark-Lighted,1,Dry,99,Unknown,88,Not Applicable,88,Not Applicable,99,Unknown,88,Not Applicable,88,Not Applicable,2,Intersection,2,Four-Way Intersection,1,No,1,No,88,Not Applicable,88,Not Applicable,88,Not Applicable,88,Not Applicable,TRUE,1,Public Road,1,"Trafficway, On Road",CT0009300,New Haven PD,40801,09:24.0,C,Closed,18:09.0,,,,,,,
889268,1,Complete,889268,889268,41.31488,-72.93712,3391365,New Haven,93,93,New Haven,10/13/2021,2021,10,October,13,4,Wednesday,4:07:00,4,21036909,A,"Injury of any type (Serious, Minor, Possible)",A,Suspected Serious Injury (A),1,0,0,4,Local,0.68,653,WHALLEY AV,WHALLEY AV,,SPERRY,200,Feet,W,41.31488,-72.93712,25,Curb,88,Not Applicable,2,Shoulder,1,Clear,88,Not Applicable,4,Dark-Lighted,1,Dry,0,None,88,Not Applicable,88,Not Applicable,0,None,88,Not Applicable,88,Not Applicable,1,Non-Junction,1,Not at Intersection,1,No,1,No,88,Not Applicable,88,Not Applicable,88,Not Applicable,88,Not Applicable,FALSE,1,Public Road,1,"Trafficway, On Road",CT0009300,New Haven PD,82,42:42.0,C,Closed,18:11.0,,4,21100,3,PRINCIPAL ARTERIAL - OTHER - NEW HPMS,2,Urban
889274,1,Complete,889274,889274,41.320265,-72.872049,3391371,New Haven,93,93,New Haven,10/13/2021,2021,10,October,13,4,Wednesday,9:36:00,9,21036929,A,"Injury of any type (Serious, Minor, Possible)",C,Possible Injury (C),2,0,0,3,State,0.57,80,80-E,80-E,EASTERN ST,,,,,41.320265,-72.872049,14,Motor Vehicle in Operation,1,Front to rear,1,On Roadway,1,Clear,88,Not Applicable,1,Daylight,1,Dry,0,None,88,Not Applicable,88,Not Applicable,0,None,88,Not Applicable,88,Not Applicable,2,Intersection,2,Four-Way Intersection,1,No,1,No,88,Not Applicable,88,Not Applicable,88,Not Applicable,88,Not Applicable,FALSE,1,Public Road,1,"Trafficway, On Road",CT0009300,New Haven PD,156,58:38.0,C,Closed,18:12.0,,4,32100,3,PRINCIPAL ARTERIAL - OTHER - NEW HPMS,2,Urban
889282,1,Complete,889282,889282,41.297758,-72.926913,3391379,New Haven,93,93,New Haven,10/13/2021,2021,10,October,13,4,Wednesday,18:30:00,18,21037006,A,"Injury of any type (Serious, Minor, Possible)",B,Suspected Minor Injury (B),1,1,0,2,USRoute,47.98,1,1-N,1-N,,CHURCH STREET SOUTH,300,Feet,E,41.297758,-72.926913,4,Jackknife,3,Angle,1,On Roadway,1,Clear,88,Not Applicable,4,Dark-Lighted,1,Dry,97,Other,88,Not Applicable,88,Not Applicable,0,None,88,Not Applicable,88,Not Applicable,9,Driveway Access-Related,1,Not at Intersection,1,No,1,No,88,Not Applicable,88,Not Applicable,88,Not Applicable,88,Not Applicable,FALSE,1,Public Road,1,"Trafficway, On Road",CT0009300,New Haven PD,290,35:50.0,C,Closed,20:00.0,NA,2,9500,3,PRINCIPAL ARTERIAL - OTHER - NEW HPMS,2,Urban
889284,1,Complete,889284,889284,41.314524,-72.891721,3391381,New Haven,93,93,New Haven,10/13/2021,2021,10,October,13,4,Wednesday,18:31:00,18,21037008,A,"Injury of any type (Serious, Minor, Possible)",C,Possible Injury (C),2,0,0,4,Local,0.36,113,CLINTON AV,CLINTON AV,,CHATHAM ST,200,Feet,S,41.314524,-72.891721,14,Motor Vehicle in Operation,1,Front to rear,1,On Roadway,1,Clear,88,Not Applicable,4,Dark-Lighted,1,Dry,0,None,88,Not Applicable,88,Not Applicable,0,None,88,Not Applicable,88,Not Applicable,1,Non-Junction,1,Not at Intersection,1,No,1,No,88,Not Applicable,88,Not Applicable,88,Not Applicable,88,Not Applicable,TRUE,1,Public Road,1,"Trafficway, On Road",CT0009300,New Haven PD,416,41:26.0,C,Closed,18:16.0,,,,,,,
889291,1,Complete,889291,889291,41.310057,-72.924519,3391388,New Haven,93,93,New Haven,10/14/2021,2021,10,October,14,5,Thursday,13:50:00,13,21037103,A,"Injury of any type (Serious, Minor, Possible)",C,Possible Injury (C),2,0,4,4,Local,0.3,588,TEMPLE ST,TEMPLE ST,WALL ST NO 2,,,,,41.310057,-72.924519,14,Motor Vehicle in Operation,5,"Sideswipe, opposite direction",1,On Roadway,1,Clear,88,Not Applicable,1,Daylight,1,Dry,0,None,88,Not Applicable,88,Not Applicable,0,None,88,Not Applicable,88,Not Applicable,2,Intersection,2,Four-Way Intersection,1,No,1,No,88,Not Applicable,88,Not Applicable,88,Not Applicable,88,Not Applicable,TRUE,1,Public Road,1,"Trafficway, On Road",CT0009300,New Haven PD,441,02:50.0,C,Closed,19:16.0,,,,,,,
889294,1,Complete,889294,889294,41.293653,-72.897616,3391391,New Haven,93,93,New Haven,10/14/2021,2021,10,October,14,5,Thursday,17:02:00,17,21037127,A,"Injury of any type (Serious, Minor, Possible)",C,Possible Injury (C),1,1,0,2,USRoute,49.82,1,1-N,1-N,FULTON TER,,,,,41.293653,-72.897616,9,Pedestrian,88,Not Applicable,1,On Roadway,1,Clear,88,Not Applicable,1,Daylight,1,Dry,0,None,88,Not Applicable,88,Not Applicable,0,None,88,Not Applicable,88,Not Applicable,3,Intersection-Related,2,Four-Way Intersection,1,No,1,No,88,Not Applicable,88,Not Applicable,88,Not Applicable,88,Not Applicable,TRUE,1,Public Road,1,"Trafficway, On Road",CT0009300,New Haven PD,409,21:49.0,C,Closed,18:29.0,,4,9400,3,PRINCIPAL ARTERIAL - OTHER - NEW HPMS,2,Urban
889300,1,Complete,889300,889300,41.331203,-72.972995,3391397,New Haven,93,93,New Haven,10/14/2021,2021,10,October,14,5,Thursday,21:51:00,21,21037166,A,"Injury of any type (Serious, Minor, Possible)",C,Possible Injury (C),2,0,0,3,State,0.98,63,63-N,63-N,,DAVIS ST,80,Feet,N,41.331203,-72.972995,14,Motor Vehicle in Operation,3,Angle,1,On Roadway,1,Clear,88,Not Applicable,4,Dark-Lighted,1,Dry,0,None,88,Not Applicable,88,Not Applicable,0,None,88,Not Applicable,88,Not Applicable,9,Driveway Access-Related,1,Not at Intersection,1,No,1,No,88,Not Applicable,88,Not Applicable,88,Not Applicable,88,Not Applicable,FALSE,1,Public Road,1,"Trafficway, On Road",CT0009300,New Haven PD,55,44:11.0,O,Open,18:32.0,,4,22900,3,PRINCIPAL ARTERIAL - OTHER - NEW HPMS,2,Urban
889302,1,Complete,889302,889302,41.322949,-72.954395,3391399,New Haven,93,93,New Haven,10/15/2021,2021,10,October,15,6,Friday,8:59:00,8,21037195,A,"Injury of any type (Serious, Minor, Possible)",C,Possible Injury (C),2,0,0,3,State,3.42,10,10-N,10-N,WEST PARK AV,,,,,41.322949,-72.954395,14,Motor Vehicle in Operation,1,Front to rear,1,On Roadway,1,Clear,88,Not Applicable,1,Daylight,1,Dry,0,None,88,Not Applicable,88,Not Applicable,0,None,88,Not Applicable,88,Not Applicable,3,Intersection-Related,3,T-Intersection,1,No,1,No,88,Not Applicable,88,Not Applicable,88,Not Applicable,88,Not Applicable,FALSE,1,Public Road,1,"Trafficway, On Road",CT0009300,New Haven PD,42366,35:41.0,C,Closed,18:24.0,,4,18000,3,PRINCIPAL ARTERIAL - OTHER - NEW HPMS,2,Urban
889306,1,Complete,889306,889306,41.327433,-72.935151,3391403,New Haven,93,93,New Haven,10/15/2021,2021,10,October,15,6,Friday,12:56:00,12,21037224,A,"Injury of any type (Serious, Minor, Possible)",C,Possible Injury (C),2,0,0,4,Local,1.03,152,DIXWELL AV,DIXWELL AV,,HARDING PL.,45,Feet,S,41.327433,-72.935151,14,Motor Vehicle in Operation,1,Front to rear,1,On Roadway,1,Clear,88,Not Applicable,1,Daylight,1,Dry,0,None,88,Not Applicable,88,Not Applicable,0,None,88,Not Applicable,88,Not Applicable,1,Non-Junction,1,Not at Intersection,1,No,1,No,88,Not Applicable,88,Not Applicable,88,Not Applicable,88,Not Applicable,FALSE,1,Public Road,1,"Trafficway, On Road",CT0009300,New Haven PD,87,54:41.0,C,Closed,18:26.0,,,,,,,
889312,1,Complete,889312,889312,41.29954,-72.92525,3391409,New Haven,93,93,New Haven,10/15/2021,2021,10,October,15,6,Friday,17:39:00,17,21037268,A,"Injury of any type (Serious, Minor, Possible)",C,Possible Injury (C),3,0,0,2,USRoute,48.13,1,1-N,1-N,,MEADOW ST,115,Feet,N,41.29954,-72.92525,14,Motor Vehicle in Operation,1,Front to rear,1,On Roadway,1,Clear,88,Not Applicable,99,Unknown,1,Dry,0,None,88,Not Applicable,88,Not Applicable,0,None,88,Not Applicable,88,Not Applicable,1,Non-Junction,1,Not at Intersection,1,No,1,No,88,Not Applicable,88,Not Applicable,88,Not Applicable,88,Not Applicable,FALSE,1,Public Road,1,"Trafficway, On Road",CT0009300,New Haven PD,42366,00:14.0,C,Closed,18:29.0,,4,11600,3,PRINCIPAL ARTERIAL - OTHER - NEW HPMS,2,Urban
889314,1,Complete,889314,889314,41.30986,-72.92098,3391411,New Haven,93,93,New Haven,10/15/2021,2021,10,October,15,6,Friday,19:46:00,19,21037299,A,"Injury of any type (Serious, Minor, Possible)",C,Possible Injury (C),3,0,1,4,Local,1.38,450,ORANGE ST NO 1,ORANGE ST NO 1,GROVE ST,,,,,41.30986,-72.92098,14,Motor Vehicle in Operation,1,Front to rear,1,On Roadway,1,Clear,88,Not Applicable,4,Dark-Lighted,1,Dry,0,None,88,Not Applicable,88,Not Applicable,0,None,88,Not Applicable,88,Not Applicable,1,Non-Junction,1,Not at Intersection,1,No,1,No,88,Not Applicable,88,Not Applicable,88,Not Applicable,88,Not Applicable,FALSE,1,Public Road,1,"Trafficway, On Road",CT0009300,New Haven PD,40808,12:39.0,C,Closed,18:37.0,,,,,,,
889319,1,Complete,889319,889319,41.325381,-72.96867,3391416,New Haven,93,93,New Haven,10/16/2021,2021,10,October,16,7,Saturday,14:23:00,14,21037367,A,"Injury of any type (Serious, Minor, Possible)",C,Possible Injury (C),2,0,1,3,State,3.28,122,122-N,122-N,WILLARD ST,,,,,41.325381,-72.96867,14,Motor Vehicle in Operation,3,Angle,1,On Roadway,1,Clear,88,Not Applicable,1,Daylight,1,Dry,0,None,88,Not Applicable,88,Not Applicable,0,None,88,Not Applicable,88,Not Applicable,3,Intersection-Related,3,T-Intersection,1,No,1,No,88,Not Applicable,88,Not Applicable,88,Not Applicable,88,Not Applicable,FALSE,1,Public Road,1,"Trafficway, On Road",CT0009300,New Haven PD,42366,02:47.0,C,Closed,18:37.0,,2,11500,4,MINOR ARTERIAL - NEW HPMS,2,Urban
889320,1,Complete,889320,889320,41.2978,-72.926913,3391417,New Haven,93,93,New Haven,10/16/2021,2021,10,October,16,7,Saturday,16:20:00,16,21037375,A,"Injury of any type (Serious, Minor, Possible)",B,Suspected Minor Injury (B),1,1,0,2,USRoute,47.98,1,1-N,1-N,,COLUMBUS AVE,350,Feet,S,41.2978,-72.926913,9,Pedestrian,88,Not Applicable,1,On Roadway,1,Clear,88,Not Applicable,3,Dusk,1,Dry,0,None,88,Not Applicable,88,Not Applicable,0,None,88,Not Applicable,88,Not Applicable,1,Non-Junction,1,Not at Intersection,1,No,1,No,88,Not Applicable,88,Not Applicable,88,Not Applicable,88,Not Applicable,FALSE,1,Public Road,1,"Trafficway, On Road",CT0009300,New Haven PD,42366,03:04.0,C,Closed,18:38.0,,4,9500,3,PRINCIPAL ARTERIAL - OTHER - NEW HPMS,2,Urban
889321,1,Complete,889321,889321,41.33429,-72.867246,3391418,New Haven,93,93,New Haven,10/16/2021,2021,10,October,16,7,Saturday,16:29:00,16,21037377,A,"Injury of any type (Serious, Minor, Possible)",C,Possible Injury (C),2,0,0,3,State,1,103,103-N,103-N,,WESTMINSTER ST,50,Feet,N,41.33429,-72.867246,14,Motor Vehicle in Operation,3,Angle,1,On Roadway,1,Clear,88,Not Applicable,1,Daylight,1,Dry,0,None,88,Not Applicable,88,Not Applicable,0,None,88,Not Applicable,88,Not Applicable,1,Non-Junction,1,Not at Intersection,1,No,1,No,88,Not Applicable,88,Not Applicable,88,Not Applicable,88,Not Applicable,FALSE,1,Public Road,1,"Trafficway, On Road",CT0009300,New Haven PD,42369,19:17.0,C,Closed,18:39.0,,2,6500,4,MINOR ARTERIAL - NEW HPMS,2,Urban
889328,1,Complete,889328,889328,41.29917,-72.89228,3391425,New Haven,93,93,New Haven,10/17/2021,2021,10,October,17,1,Sunday,0:16:00,0,21037424,A,"Injury of any type (Serious, Minor, Possible)",C,Possible Injury (C),2,0,0,4,Local,0.33,210,FARREN AV,FARREN AV,,LANCRAFT ST,500,Feet,N,41.29917,-72.89228,14,Motor Vehicle in Operation,1,Front to rear,1,On Roadway,4,Rain,88,Not Applicable,4,Dark-Lighted,2,Wet,0,None,88,Not Applicable,88,Not Applicable,0,None,88,Not Applicable,88,Not Applicable,1,Non-Junction,1,Not at Intersection,1,No,1,No,88,Not Applicable,88,Not Applicable,88,Not Applicable,88,Not Applicable,FALSE,1,Public Road,1,"Trafficway, On Road",CT0009300,New Haven PD,40807,58:27.0,C,Closed,18:42.0,,,,,,,
889333,1,Complete,889333,889333,41.303602,-72.903485,3391430,New Haven,93,93,New Haven,10/17/2021,2021,10,October,17,1,Sunday,13:23:00,13,21037462,A,"Injury of any type (Serious, Minor, Possible)",C,Possible Injury (C),2,0,0,4,Local,0.57,97,CHAPEL ST,CHAPEL ST,,MILL ST,50,Feet,E,41.303602,-72.903485,14,Motor Vehicle in Operation,3,Angle,2,Shoulder,1,Clear,88,Not Applicable,1,Daylight,1,Dry,0,None,88,Not Applicable,88,Not Applicable,0,None,88,Not Applicable,88,Not Applicable,3,Intersection-Related,3,T-Intersection,1,No,1,No,88,Not Applicable,88,Not Applicable,88,Not Applicable,88,Not Applicable,FALSE,1,Public Road,1,"Trafficway, On Road",CT0009300,New Haven PD,86,29:44.0,C,Closed,18:53.0,,,,,,,
889336,1,Complete,889336,889336,41.33245,-72.93521,3391433,New Haven,93,93,New Haven,10/17/2021,2021,10,October,17,1,Sunday,13:55:00,13,21037467,A,"Injury of any type (Serious, Minor, Possible)",C,Possible Injury (C),2,0,0,4,Local,1.38,152,DIXWELL AV,DIXWELL AV,BASSETT ST,,,,,41.33245,-72.93521,14,Motor Vehicle in Operation,2,Front to front,1,On Roadway,1,Clear,88,Not Applicable,1,Daylight,1,Dry,0,None,88,Not Applicable,88,Not Applicable,0,None,88,Not Applicable,88,Not Applicable,2,Intersection,2,Four-Way Intersection,1,No,1,No,88,Not Applicable,88,Not Applicable,88,Not Applicable,88,Not Applicable,FALSE,1,Public Road,1,"Trafficway, On Road",CT0009300,New Haven PD,40819,01:51.0,C,Closed,20:10.0,,,,,,,
889337,1,Complete,889337,889337,41.310864,-72.941397,3391434,New Haven,93,93,New Haven,10/17/2021,2021,10,October,17,1,Sunday,13:52:00,13,21037474,A,"Injury of any type (Serious, Minor, Possible)",C,Possible Injury (C),2,0,0,4,Local,0.66,453,ORCHARD ST,ORCHARD ST,,CHAPEL ST,10,Feet,N,41.310864,-72.941397,14,Motor Vehicle in Operation,1,Front to rear,1,On Roadway,1,Clear,88,Not Applicable,1,Daylight,1,Dry,0,None,88,Not Applicable,88,Not Applicable,0,None,88,Not Applicable,88,Not Applicable,1,Non-Junction,1,Not at Intersection,1,No,1,No,88,Not Applicable,88,Not Applicable,88,Not Applicable,88,Not Applicable,TRUE,1,Public Road,1,"Trafficway, On Road",CT0009300,New Haven PD,261,16:13.0,C,Closed,18:48.0,,,,,,,
889338,1,Complete,889338,889338,41.29868,-72.94953,3391435,New Haven,93,93,New Haven,10/17/2021,2021,10,October,17,1,Sunday,15:45:00,15,21037475,A,"Injury of any type (Serious, Minor, Possible)",C,Possible Injury (C),3,0,0,3,State,1.56,10,10-N,10-N,,ORANGE AVE,200,Feet,N,41.29868,-72.94953,14,Motor Vehicle in Operation,1,Front to rear,1,On Roadway,1,Clear,1,Clear,1,Daylight,1,Dry,0,None,88,Not Applicable,88,Not Applicable,0,None,88,Not Applicable,88,Not Applicable,1,Non-Junction,1,Not at Intersection,1,No,1,No,88,Not Applicable,88,Not Applicable,88,Not Applicable,88,Not Applicable,FALSE,1,Public Road,1,"Trafficway, On Road",CT0009300,New Haven PD,428,13:00.0,C,Closed,19:46.0,,4,20700,3,PRINCIPAL ARTERIAL - OTHER - NEW HPMS,2,Urban
889340,1,Complete,889340,889340,41.2918355,-72.8922523,3391437,New Haven,93,93,New Haven,10/17/2021,2021,10,October,17,1,Sunday,17:22:00,17,21037486,A,"Injury of any type (Serious, Minor, Possible)",B,Suspected Minor Injury (B),1,0,1,4,Local,0.1,597,TOWNSEND AV,TOWNSEND AV,,IRVINGTON ST,300,Feet,N,41.2918355,-72.8922523,1,Overturn/Rollover,88,Not Applicable,4,Roadside,1,Clear,88,Not Applicable,1,Daylight,1,Dry,0,None,88,Not Applicable,88,Not Applicable,0,None,88,Not Applicable,88,Not Applicable,1,Non-Junction,1,Not at Intersection,1,No,1,No,88,Not Applicable,88,Not Applicable,88,Not Applicable,88,Not Applicable,FALSE,1,Public Road,1,"Trafficway, On Road",CT0009300,New Haven PD,42055,02:03.0,C,Closed,18:47.0,,4,8900,4,MINOR ARTERIAL - NEW HPMS,2,Urban
889341,1,Complete,889341,889341,41.29074,-72.93677,3391438,New Haven,93,93,New Haven,10/23/2021,2021,10,October,23,7,Saturday,18:00:00,18,21037488,A,"Injury of any type (Serious, Minor, Possible)",C,Possible Injury (C),2,0,0,4,Local,0.29,320,HURLBURT ST,HURLBURT ST,LAMBERTON ST,,,,,41.29074,-72.93677,14,Motor Vehicle in Operation,3,Angle,1,On Roadway,1,Clear,88,Not Applicable,1,Daylight,1,Dry,0,None,88,Not Applicable,88,Not Applicable,0,None,88,Not Applicable,88,Not Applicable,3,Intersection-Related,3,T-Intersection,1,No,1,No,88,Not Applicable,88,Not Applicable,88,Not Applicable,88,Not Applicable,FALSE,1,Public Road,1,"Trafficway, On Road",CT0009300,New Haven PD,42056,17:47.0,C,Closed,20:36.0,,,,,,,
889354,1,Complete,889354,889354,41.314127,-72.896771,3391451,New Haven,93,93,New Haven,10/17/2021,2021,10,October,17,1,Sunday,20:45:00,20,21037509,A,"Injury of any type (Serious, Minor, Possible)",C,Possible Injury (C),2,0,0,4,Local,0.38,213,FERRY ST,FERRY ST,CHATHAM ST,,,,,41.314127,-72.896771,14,Motor Vehicle in Operation,3,Angle,1,On Roadway,1,Clear,88,Not Applicable,4,Dark-Lighted,1,Dry,0,None,88,Not Applicable,88,Not Applicable,0,None,88,Not Applicable,88,Not Applicable,2,Intersection,2,Four-Way Intersection,1,No,1,No,88,Not Applicable,88,Not Applicable,88,Not Applicable,88,Not Applicable,FALSE,1,Public Road,1,"Trafficway, On Road",CT0009300,New Haven PD,42057,36:41.0,C,Closed,18:50.0,,,,,,,
889357,1,Complete,889357,889357,41.324909,-72.956947,3391454,New Haven,93,93,New Haven,10/18/2021,2021,10,October,18,2,Monday,7:32:00,7,21037533,A,"Injury of any type (Serious, Minor, Possible)",B,Suspected Minor Injury (B),2,0,0,3,State,0,63,63-N,63-N,10-N,,,,,41.324909,-72.956947,14,Motor Vehicle in Operation,3,Angle,1,On Roadway,1,Clear,88,Not Applicable,1,Daylight,1,Dry,0,None,88,Not Applicable,88,Not Applicable,0,None,88,Not Applicable,88,Not Applicable,2,Intersection,2,Four-Way Intersection,1,No,1,No,88,Not Applicable,88,Not Applicable,88,Not Applicable,88,Not Applicable,FALSE,1,Public Road,1,"Trafficway, On Road",CT0009300,New Haven PD,238,12:50.0,C,Closed,18:54.0,,4,23100,3,PRINCIPAL ARTERIAL - OTHER - NEW HPMS,2,Urban
889363,1,Complete,889363,889363,41.32729,-72.92705,3391460,New Haven,93,93,New Haven,10/18/2021,2021,10,October,18,2,Monday,15:37:00,15,21037580,A,"Injury of any type (Serious, Minor, Possible)",C,Possible Injury (C),1,1,0,4,Local,0.81,669,WINCHESTER AV,WINCHESTER AV,STARR ST NO 2,,,,,41.32729,-72.92705,9,Pedestrian,88,Not Applicable,1,On Roadway,2,Cloudy,88,Not Applicable,1,Daylight,1,Dry,0,None,88,Not Applicable,88,Not Applicable,0,None,88,Not Applicable,88,Not Applicable,3,Intersection-Related,2,Four-Way Intersection,1,No,1,No,88,Not Applicable,88,Not Applicable,88,Not Applicable,88,Not Applicable,FALSE,1,Public Road,1,"Trafficway, On Road",CT0009300,New Haven PD,516,16:42.0,C,Closed,18:55.0,,1,5400,5,MAJOR COLLECTOR - NEW HPMS,2,Urban