CrashId,Fatal Case Status,Fatal Case Status Text Format,CrashId,CrashId,Latitude,Longitude,DOT Case Number,Town Name,Town Number,Town Number,Town Number Text Format,Date Of Crash,Year,Month,Month Text Format,Day,Day of the Week,Day of the Week Text Format,Time of Crash,Hour of the Day,Case Identifier,Crash Severity,Crash Severity Text Format,Most Severe Injury,Most Severe Injury Text Format,Number Of Motor Vehicles,Number Of Non-Motorist,Number Of Witnesses,Route Class,Route Class Text Format,Milemarker,Road Number,Road Description,Roadway Name,Intersecting Roadway Name,Landmark Description,Distance From Nearest Landmark,Unit Of Measure From Nearest Landmark,Direction From Nearest Landmark,Latitude,Longitude,First Harmful Event,First Harmful Event Text Format,Manner of Crash / Collision Impact,Manner of Crash / Collision Impact Text Format,Location of First Harmful Event,Location of First Harmful Event Text Format,Weather Condition,Weather Condition Text Format,Weather 2,Weather 2 Text Format,Light Condition,Light Condition Text Format,Road Surface Condition,Road Surface Condition Text Format,"Contributing Circumstances, Environment","Contributing Circumstances, Environment Text Format",Environment 2,Environment 2 Text Format,Environment 3,Environment 3 Text Format,"Contributing Circumstances, Road","Contributing Circumstances, Road Text Format",Road 2,Road 2 Text Format,Road 3,Road 3 Text Format,Crash Specific Location,Crash Specific Location Text Format,Type of Intersection,Type of Intersection Text Format,School Bus Related,School Bus Related Text Format,Work Zone Related,Work Zone Related Text Format,Location Of Crash Relative To Work Zone,Location Of Crash Relative To Work Zone Text Format,Type of Work Zone,Type of Work Zone Text Format,Worker Presence,Worker Presence Text Format,Law Enforcement Presence,Law Enforcement Presence Text Format,Were Vehicles Moved Prior To Police Arrival,Trafficway Ownership,Trafficway Ownership Text Format,Trafficway Class,Trafficway Class Text Format,Police Agency,Police Agency Text Format,Badge Number,Approval Date,Police Case Status,Police Case Status Text Format,Crash Report Submission Date,Related Case Identifiers,No. of Through Lanes (Log Dir.),Average Daily Traffic,Functional Classification,Functional Classification Text Format,Rural or Urban,Rural or Urban Text Format
889371,1,Complete,889371,889371,41.287687,-72.892862,3391468,New Haven,93,93,New Haven,10/19/2021,2021,10,October,19,3,Tuesday,2:49:00,2,21037649,A,"Injury of any type (Serious, Minor, Possible)",C,Possible Injury (C),2,0,0,3,State,0.2,337,337-E,337-E,JOHN ST,,,,,41.287687,-72.892862,14,Motor Vehicle in Operation,4,"Sideswipe, same direction",1,On Roadway,1,Clear,88,Not Applicable,4,Dark-Lighted,1,Dry,0,None,88,Not Applicable,88,Not Applicable,0,None,88,Not Applicable,88,Not Applicable,2,Intersection,2,Four-Way Intersection,1,No,1,No,88,Not Applicable,88,Not Applicable,88,Not Applicable,88,Not Applicable,FALSE,1,Public Road,1,"Trafficway, On Road",CT0009300,New Haven PD,415,39:43.0,C,Closed,19:09.0,,2,9100,4,MINOR ARTERIAL - NEW HPMS,2,Urban
889372,1,Complete,889372,889372,41.318643,-72.919253,3391469,New Haven,93,93,New Haven,10/19/2021,2021,10,October,19,3,Tuesday,8:41:00,8,21037672,A,"Injury of any type (Serious, Minor, Possible)",B,Suspected Minor Injury (B),1,1,1,4,Local,0.59,656,WHITNEY AV,WHITNEY AV,BISHOP ST,,,,,41.318643,-72.919253,9,Pedestrian,88,Not Applicable,1,On Roadway,1,Clear,88,Not Applicable,1,Daylight,1,Dry,0,None,88,Not Applicable,88,Not Applicable,9,"Worn, Travel-Polished Surface",88,Not Applicable,88,Not Applicable,2,Intersection,3,T-Intersection,1,No,1,No,88,Not Applicable,88,Not Applicable,88,Not Applicable,88,Not Applicable,FALSE,1,Public Road,1,"Trafficway, On Road",CT0009300,New Haven PD,199,35:48.0,C,Closed,19:10.0,,2,12700,3,PRINCIPAL ARTERIAL - OTHER - NEW HPMS,2,Urban
889376,1,Complete,889376,889376,41.297278,-72.948631,3391473,New Haven,93,93,New Haven,10/19/2021,2021,10,October,19,3,Tuesday,13:00:00,13,21037712,A,"Injury of any type (Serious, Minor, Possible)",C,Possible Injury (C),2,0,0,3,State,1.45,10,10-N,10-N,,1-N,95,Feet,S,41.297278,-72.948631,14,Motor Vehicle in Operation,1,Front to rear,1,On Roadway,1,Clear,88,Not Applicable,1,Daylight,1,Dry,0,None,88,Not Applicable,88,Not Applicable,0,None,88,Not Applicable,88,Not Applicable,2,Intersection,2,Four-Way Intersection,1,No,1,No,88,Not Applicable,88,Not Applicable,88,Not Applicable,88,Not Applicable,FALSE,1,Public Road,1,"Trafficway, On Road",CT0009300,New Haven PD,295,30:04.0,C,Closed,19:58.0,,4,20700,3,PRINCIPAL ARTERIAL - OTHER - NEW HPMS,2,Urban
889377,1,Complete,889377,889377,41.301348,-72.93525,3391474,New Haven,93,93,New Haven,10/19/2021,2021,10,October,19,3,Tuesday,13:41:00,13,21037714,A,"Injury of any type (Serious, Minor, Possible)",C,Possible Injury (C),2,0,0,4,Local,0.35,308,HOWARD AV,HOWARD AV,CONGRESS AV,,,,,41.301348,-72.93525,14,Motor Vehicle in Operation,3,Angle,1,On Roadway,1,Clear,88,Not Applicable,1,Daylight,1,Dry,0,None,88,Not Applicable,88,Not Applicable,0,None,88,Not Applicable,88,Not Applicable,2,Intersection,2,Four-Way Intersection,1,No,1,No,88,Not Applicable,88,Not Applicable,88,Not Applicable,88,Not Applicable,FALSE,1,Public Road,1,"Trafficway, On Road",CT0009300,New Haven PD,295,05:31.0,C,Closed,19:03.0,,,,,,,
889381,1,Complete,889381,889381,41.328862,-72.955583,3391478,New Haven,93,93,New Haven,10/19/2021,2021,10,October,19,3,Tuesday,15:49:00,15,21037752,A,"Injury of any type (Serious, Minor, Possible)",C,Possible Injury (C),2,0,0,4,Local,0.7,56,BLAKE ST,BLAKE ST,SPRINGSIDE AV,,,,,41.328862,-72.955583,14,Motor Vehicle in Operation,1,Front to rear,1,On Roadway,1,Clear,88,Not Applicable,1,Daylight,1,Dry,0,None,88,Not Applicable,88,Not Applicable,0,None,88,Not Applicable,88,Not Applicable,2,Intersection,3,T-Intersection,2,"Yes, School Bus Directly Involved",1,No,88,Not Applicable,88,Not Applicable,88,Not Applicable,88,Not Applicable,FALSE,1,Public Road,1,"Trafficway, On Road",CT0009300,New Haven PD,402,16:28.0,C,Closed,19:06.0,,2,7000,5,MAJOR COLLECTOR - NEW HPMS,2,Urban
889388,1,Complete,889388,889388,41.31608,-72.89722,3391485,New Haven,93,93,New Haven,10/19/2021,2021,10,October,19,3,Tuesday,22:52:00,22,21037824,A,"Injury of any type (Serious, Minor, Possible)",C,Possible Injury (C),2,0,0,4,Local,0.25,213,FERRY ST,FERRY ST,PECK ST NO 2,,,,,41.31608,-72.89722,14,Motor Vehicle in Operation,3,Angle,1,On Roadway,1,Clear,88,Not Applicable,4,Dark-Lighted,1,Dry,0,None,88,Not Applicable,88,Not Applicable,0,None,88,Not Applicable,88,Not Applicable,2,Intersection,3,T-Intersection,1,No,1,No,88,Not Applicable,88,Not Applicable,88,Not Applicable,88,Not Applicable,FALSE,2,Private Road,1,"Trafficway, On Road",CT0009300,New Haven PD,370,35:52.0,C,Closed,20:30.0,,,,,,,
889396,1,Complete,889396,889396,41.297533,-72.948914,3391493,New Haven,93,93,New Haven,10/20/2021,2021,10,October,20,4,Wednesday,21:52:00,21,21037969,A,"Injury of any type (Serious, Minor, Possible)",C,Possible Injury (C),2,0,1,3,State,1.47,10,10-N,10-N,1-N,,,,,41.297533,-72.948914,14,Motor Vehicle in Operation,3,Angle,1,On Roadway,1,Clear,88,Not Applicable,4,Dark-Lighted,1,Dry,99,Unknown,88,Not Applicable,88,Not Applicable,0,None,88,Not Applicable,88,Not Applicable,3,Intersection-Related,2,Four-Way Intersection,1,No,1,No,88,Not Applicable,88,Not Applicable,88,Not Applicable,88,Not Applicable,FALSE,1,Public Road,1,"Trafficway, On Road",CT0009300,New Haven PD,40814,14:37.0,C,Closed,20:05.0,,4,20700,3,PRINCIPAL ARTERIAL - OTHER - NEW HPMS,2,Urban
889398,1,Complete,889398,889398,41.334338,-72.947379,3391495,New Haven,93,93,New Haven,10/21/2021,2021,10,October,21,5,Thursday,7:22:00,7,21037986,A,"Injury of any type (Serious, Minor, Possible)",C,Possible Injury (C),2,0,0,3,State,4.44,10,10-N,10-N,PINE ROCK AV,,,,,41.334338,-72.947379,14,Motor Vehicle in Operation,3,Angle,1,On Roadway,1,Clear,88,Not Applicable,1,Daylight,1,Dry,0,None,88,Not Applicable,88,Not Applicable,0,None,88,Not Applicable,88,Not Applicable,2,Intersection,4,Y-Intersection,1,No,1,No,88,Not Applicable,88,Not Applicable,88,Not Applicable,88,Not Applicable,FALSE,1,Public Road,1,"Trafficway, On Road",CT0009300,New Haven PD,313,48:50.0,C,Closed,19:17.0,,4,10600,4,MINOR ARTERIAL - NEW HPMS,2,Urban
889408,1,Complete,889408,889408,41.293564,-72.8977,3391505,New Haven,93,93,New Haven,10/21/2021,2021,10,October,21,5,Thursday,15:54:00,15,21038093,A,"Injury of any type (Serious, Minor, Possible)",A,Suspected Serious Injury (A),2,0,0,2,USRoute,49.82,1,1-N,1-N,FULTON TER,,,,,41.293564,-72.8977,14,Motor Vehicle in Operation,3,Angle,1,On Roadway,1,Clear,88,Not Applicable,1,Daylight,1,Dry,0,None,88,Not Applicable,88,Not Applicable,0,None,88,Not Applicable,88,Not Applicable,2,Intersection,2,Four-Way Intersection,1,No,1,No,88,Not Applicable,88,Not Applicable,88,Not Applicable,88,Not Applicable,FALSE,1,Public Road,1,"Trafficway, On Road",CT0009300,New Haven PD,409,59:28.0,C,Closed,19:26.0,,2,9400,3,PRINCIPAL ARTERIAL - OTHER - NEW HPMS,2,Urban
889412,1,Complete,889412,889412,41.301445,-72.92378,3391509,New Haven,93,93,New Haven,10/21/2021,2021,10,October,21,5,Thursday,17:40:00,17,21038125,A,"Injury of any type (Serious, Minor, Possible)",C,Possible Injury (C),1,1,1,4,Local,0,729,STATE ST NORTH,STATE ST NORTH,1-N,,,,,41.301445,-72.92378,9,Pedestrian,88,Not Applicable,1,On Roadway,1,Clear,88,Not Applicable,1,Daylight,1,Dry,0,None,88,Not Applicable,88,Not Applicable,0,None,88,Not Applicable,88,Not Applicable,2,Intersection,2,Four-Way Intersection,1,No,1,No,88,Not Applicable,88,Not Applicable,88,Not Applicable,88,Not Applicable,TRUE,1,Public Road,1,"Trafficway, On Road",CT0009300,New Haven PD,221,09:57.0,O,Open,19:26.0,,4,11600,3,PRINCIPAL ARTERIAL - OTHER - NEW HPMS,2,Urban
889414,1,Complete,889414,889414,41.3325,-72.975147,3391511,New Haven,93,93,New Haven,10/21/2021,2021,10,October,21,5,Thursday,18:15:00,18,21038131,A,"Injury of any type (Serious, Minor, Possible)",A,Suspected Serious Injury (A),2,0,1,3,State,1.12,63,63-N,63-N,RAMSDELL ST,,,,,41.3325,-72.975147,14,Motor Vehicle in Operation,3,Angle,1,On Roadway,1,Clear,88,Not Applicable,4,Dark-Lighted,1,Dry,0,None,88,Not Applicable,88,Not Applicable,0,None,88,Not Applicable,88,Not Applicable,2,Intersection,2,Four-Way Intersection,1,No,1,No,88,Not Applicable,88,Not Applicable,88,Not Applicable,88,Not Applicable,FALSE,1,Public Road,1,"Trafficway, On Road",CT0009300,New Haven PD,40803,44:50.0,O,Open,19:32.0,,4,22900,3,PRINCIPAL ARTERIAL - OTHER - NEW HPMS,2,Urban
889415,1,Complete,889415,889415,41.305524,-72.924615,921252,New Haven,93,93,New Haven,10/21/2021,2021,10,October,21,5,Thursday,18:43:00,18,21038135,K,Fatal (Kill),K,Fatal Injury (K),1,1,1,4,Local,1.7,97,CHAPEL ST,CHAPEL ST,,ORANGE ST,75,Feet,W,41.305524,-72.924615,9,Pedestrian,88,Not Applicable,1,On Roadway,1,Clear,88,Not Applicable,4,Dark-Lighted,1,Dry,0,None,88,Not Applicable,88,Not Applicable,0,None,88,Not Applicable,88,Not Applicable,1,Non-Junction,1,Not at Intersection,1,No,1,No,88,Not Applicable,88,Not Applicable,88,Not Applicable,88,Not Applicable,FALSE,1,Public Road,1,"Trafficway, On Road",CT0009300,New Haven PD,40809,35:17.0,O,Open,19:25.0,,3,7700,4,MINOR ARTERIAL - NEW HPMS,2,Urban
889417,1,Complete,889417,889417,41.317023,-72.94337,3391514,New Haven,93,93,New Haven,10/21/2021,2021,10,October,21,5,Thursday,22:20:00,22,21038152,A,"Injury of any type (Serious, Minor, Possible)",C,Possible Injury (C),1,1,0,4,Local,0.33,653,WHALLEY AV,WHALLEY AV,,CARMEL ST,30,Feet,E,41.317023,-72.94337,9,Pedestrian,88,Not Applicable,1,On Roadway,1,Clear,88,Not Applicable,4,Dark-Lighted,1,Dry,0,None,88,Not Applicable,88,Not Applicable,0,None,88,Not Applicable,88,Not Applicable,1,Non-Junction,1,Not at Intersection,1,No,1,No,88,Not Applicable,88,Not Applicable,88,Not Applicable,88,Not Applicable,FALSE,1,Public Road,1,"Trafficway, On Road",CT0009300,New Haven PD,40956,51:42.0,C,Closed,19:25.0,,4,21100,3,PRINCIPAL ARTERIAL - OTHER - NEW HPMS,2,Urban
889420,1,Complete,889420,889420,41.306547,-72.952859,3391517,New Haven,93,93,New Haven,10/22/2021,2021,10,October,22,6,Friday,2:04:00,2,21038166,A,"Injury of any type (Serious, Minor, Possible)",C,Possible Injury (C),2,0,0,3,State,2.13,10,10-N,10-N,REV DR MLK JR BLVD,,,,,41.306547,-72.952859,1,Overturn/Rollover,3,Angle,1,On Roadway,1,Clear,88,Not Applicable,3,Dusk,1,Dry,0,None,88,Not Applicable,88,Not Applicable,0,None,88,Not Applicable,88,Not Applicable,2,Intersection,3,T-Intersection,1,No,1,No,88,Not Applicable,88,Not Applicable,88,Not Applicable,88,Not Applicable,FALSE,1,Public Road,1,"Trafficway, On Road",CT0009300,New Haven PD,40789,28:39.0,C,Closed,19:39.0,,2,3535,7,LOCAL - NEW HPMS,2,Urban
889422,1,Complete,889422,889422,41.331196,-72.949101,3391519,New Haven,93,93,New Haven,10/22/2021,2021,10,October,22,6,Friday,8:36:00,8,21038175,A,"Injury of any type (Serious, Minor, Possible)",C,Possible Injury (C),2,0,0,4,Local,1.02,133,CRESCENT ST,CRESCENT ST,,FITCH STREET,100,Feet,E,41.331196,-72.949101,14,Motor Vehicle in Operation,1,Front to rear,1,On Roadway,1,Clear,88,Not Applicable,1,Daylight,1,Dry,0,None,88,Not Applicable,88,Not Applicable,0,None,88,Not Applicable,88,Not Applicable,1,Non-Junction,1,Not at Intersection,1,No,1,No,88,Not Applicable,88,Not Applicable,88,Not Applicable,88,Not Applicable,FALSE,1,Public Road,1,"Trafficway, On Road",CT0009300,New Haven PD,42051,14:50.0,C,Closed,19:29.0,,,,,,,
889423,1,Complete,889423,889423,41.312133,-72.939669,3391520,New Haven,93,93,New Haven,10/22/2021,2021,10,October,22,6,Friday,8:41:00,8,21038177,A,"Injury of any type (Serious, Minor, Possible)",C,Possible Injury (C),2,0,0,4,Local,1.71,179,EDGEWOOD AV,EDGEWOOD AV,,KENSINGTON ST,65,Feet,W,41.312133,-72.939669,14,Motor Vehicle in Operation,3,Angle,1,On Roadway,1,Clear,88,Not Applicable,1,Daylight,1,Dry,0,None,88,Not Applicable,88,Not Applicable,0,None,88,Not Applicable,88,Not Applicable,3,Intersection-Related,2,Four-Way Intersection,1,No,1,No,88,Not Applicable,88,Not Applicable,88,Not Applicable,88,Not Applicable,TRUE,88,Not Applicable,1,"Trafficway, On Road",CT0009300,New Haven PD,349,59:59.0,C,Closed,19:30.0,,2,4700,4,MINOR ARTERIAL - NEW HPMS,2,Urban
889428,1,Complete,889428,889428,41.31573,-72.95048,3391525,New Haven,93,93,New Haven,10/22/2021,2021,10,October,22,6,Friday,16:53:00,16,21038242,A,"Injury of any type (Serious, Minor, Possible)",C,Possible Injury (C),4,0,0,3,State,2.8,10,10-N,10-N,,EDGEWOOD AVE,25,Feet,N,41.31573,-72.95048,14,Motor Vehicle in Operation,1,Front to rear,1,On Roadway,1,Clear,88,Not Applicable,1,Daylight,1,Dry,0,None,88,Not Applicable,88,Not Applicable,0,None,88,Not Applicable,88,Not Applicable,1,Non-Junction,1,Not at Intersection,1,No,1,No,88,Not Applicable,88,Not Applicable,88,Not Applicable,88,Not Applicable,TRUE,1,Public Road,1,"Trafficway, On Road",CT0009300,New Haven PD,503,41:13.0,C,Closed,19:33.0,,2,10100,3,PRINCIPAL ARTERIAL - OTHER - NEW HPMS,2,Urban
889431,1,Complete,889431,889431,41.31667,-72.933609,3391528,New Haven,93,93,New Haven,10/22/2021,2021,10,October,22,6,Friday,19:35:00,19,21038274,A,"Injury of any type (Serious, Minor, Possible)",C,Possible Injury (C),2,0,0,4,Local,0.34,631,WEBSTER ST,WEBSTER ST,,DIXWELL AVE,90,Feet,W,41.31667,-72.933609,14,Motor Vehicle in Operation,1,Front to rear,1,On Roadway,1,Clear,88,Not Applicable,4,Dark-Lighted,1,Dry,0,None,88,Not Applicable,88,Not Applicable,0,None,88,Not Applicable,88,Not Applicable,1,Non-Junction,1,Not at Intersection,1,No,1,No,88,Not Applicable,88,Not Applicable,88,Not Applicable,88,Not Applicable,FALSE,1,Public Road,1,"Trafficway, On Road",CT0009300,New Haven PD,125,37:31.0,C,Closed,19:31.0,,,,,,,
889432,1,Complete,889432,889432,41.304831,-72.937151,3391529,New Haven,93,93,New Haven,10/22/2021,2021,10,October,22,6,Friday,20:31:00,20,21038285,A,"Injury of any type (Serious, Minor, Possible)",C,Possible Injury (C),1,1,1,4,Local,0.09,308,HOWARD AV,HOWARD AV,SOUTH ST,,,,,41.304831,-72.937151,14,Motor Vehicle in Operation,3,Angle,1,On Roadway,1,Clear,88,Not Applicable,4,Dark-Lighted,1,Dry,99,Unknown,88,Not Applicable,88,Not Applicable,99,Unknown,88,Not Applicable,88,Not Applicable,2,Intersection,2,Four-Way Intersection,1,No,1,No,88,Not Applicable,88,Not Applicable,88,Not Applicable,88,Not Applicable,FALSE,1,Public Road,1,"Trafficway, On Road",CT0009300,New Haven PD,40947,02:09.0,C,Closed,19:34.0,,,,,,,
889443,1,Complete,889443,889443,41.34310187,-72.96201946,3391540,New Haven,93,93,New Haven,10/23/2021,2021,10,October,23,7,Saturday,10:15:00,10,21038337,A,"Injury of any type (Serious, Minor, Possible)",C,Possible Injury (C),2,0,0,4,Local,0,722,LEVEL ST,LEVEL ST,WINTERGREEN AV,,,,,41.34310187,-72.96201946,14,Motor Vehicle in Operation,3,Angle,1,On Roadway,1,Clear,88,Not Applicable,1,Daylight,1,Dry,0,None,88,Not Applicable,88,Not Applicable,0,None,88,Not Applicable,88,Not Applicable,2,Intersection,2,Four-Way Intersection,1,No,1,No,88,Not Applicable,88,Not Applicable,88,Not Applicable,88,Not Applicable,FALSE,1,Public Road,1,"Trafficway, On Road",CT0009300,New Haven PD,62,45:01.0,C,Closed,19:42.0,,,,,,,
889468,1,Complete,889468,889468,41.3261,-72.9159,3391565,New Haven,93,93,New Haven,10/24/2021,2021,10,October,24,1,Sunday,2:28:00,2,21038428,A,"Injury of any type (Serious, Minor, Possible)",C,Possible Injury (C),1,0,0,4,Local,1.15,656,WHITNEY AV,WHITNEY AV,COLD SPRING ST,,,,,41.3261,-72.9159,27,Embankment,88,Not Applicable,1,On Roadway,1,Clear,88,Not Applicable,4,Dark-Lighted,2,Wet,0,None,88,Not Applicable,88,Not Applicable,0,None,88,Not Applicable,88,Not Applicable,2,Intersection,3,T-Intersection,1,No,1,No,88,Not Applicable,88,Not Applicable,88,Not Applicable,88,Not Applicable,FALSE,1,Public Road,1,"Trafficway, On Road",CT0009300,New Haven PD,41104,45:45.0,C,Closed,19:51.0,,2,11100,3,PRINCIPAL ARTERIAL - OTHER - NEW HPMS,2,Urban
889469,1,Complete,889469,889469,41.329005,-72.942553,3391566,New Haven,93,93,New Haven,10/24/2021,2021,10,October,24,1,Sunday,2:52:00,2,21038434,A,"Injury of any type (Serious, Minor, Possible)",C,Possible Injury (C),1,0,0,4,Local,0.62,133,CRESCENT ST,CRESCENT ST,FOURNIER ST NO 1,,,,,41.329005,-72.942553,32,Tree (standing),88,Not Applicable,1,On Roadway,4,Rain,88,Not Applicable,5,Dark-Not Lighted,2,Wet,0,None,88,Not Applicable,88,Not Applicable,0,None,88,Not Applicable,88,Not Applicable,3,Intersection-Related,3,T-Intersection,1,No,1,No,88,Not Applicable,88,Not Applicable,88,Not Applicable,88,Not Applicable,FALSE,1,Public Road,1,"Trafficway, On Road",CT0009300,New Haven PD,38715,34:07.0,C,Closed,19:57.0,21-038434,2,9200,4,MINOR ARTERIAL - NEW HPMS,2,Urban
889470,1,Complete,889470,889470,41.312649,-72.950417,3391567,New Haven,93,93,New Haven,10/24/2021,2021,10,October,24,1,Sunday,3:37:00,3,21038436,A,"Injury of any type (Serious, Minor, Possible)",C,Possible Injury (C),1,0,0,4,Local,3.14,97,CHAPEL ST,CHAPEL ST,ELLSWORTH AV,,,,,41.312649,-72.950417,39,"Other Fixed Object (wall, building, tunnel, etc.)",88,Not Applicable,1,On Roadway,1,Clear,88,Not Applicable,4,Dark-Lighted,1,Dry,0,None,88,Not Applicable,88,Not Applicable,0,None,88,Not Applicable,88,Not Applicable,2,Intersection,2,Four-Way Intersection,1,No,1,No,88,Not Applicable,88,Not Applicable,88,Not Applicable,88,Not Applicable,FALSE,1,Public Road,1,"Trafficway, On Road",CT0009300,New Haven PD,40789,40:45.0,C,Closed,20:45.0,,2,7700,5,MAJOR COLLECTOR - NEW HPMS,2,Urban
889483,1,Complete,889483,889483,41.329272,-72.968869,3391580,New Haven,93,93,New Haven,10/25/2021,2021,10,October,25,2,Monday,9:08:00,9,21038542,A,"Injury of any type (Serious, Minor, Possible)",C,Possible Injury (C),4,0,0,3,State,0.71,63,63-N,63-N,122-N,,,,,41.329272,-72.968869,14,Motor Vehicle in Operation,3,Angle,1,On Roadway,1,Clear,88,Not Applicable,1,Daylight,1,Dry,0,None,88,Not Applicable,88,Not Applicable,0,None,88,Not Applicable,88,Not Applicable,2,Intersection,3,T-Intersection,1,No,1,No,88,Not Applicable,88,Not Applicable,88,Not Applicable,88,Not Applicable,TRUE,1,Public Road,1,"Trafficway, On Road",CT0009300,New Haven PD,324,35:07.0,C,Closed,20:01.0,21038542,3,20300,3,PRINCIPAL ARTERIAL - OTHER - NEW HPMS,2,Urban
889487,1,Complete,889487,889487,41.316678,-72.954316,3391584,New Haven,93,93,New Haven,10/25/2021,2021,10,October,25,2,Monday,15:34:00,15,21038599,A,"Injury of any type (Serious, Minor, Possible)",C,Possible Injury (C),1,1,0,4,Local,0.04,472,PENDLETON ST,PENDLETON ST,WEST PARK AV,,,,,41.316678,-72.954316,9,Pedestrian,88,Not Applicable,1,On Roadway,2,Cloudy,88,Not Applicable,1,Daylight,1,Dry,0,None,88,Not Applicable,88,Not Applicable,0,None,88,Not Applicable,88,Not Applicable,3,Intersection-Related,4,Y-Intersection,1,No,1,No,88,Not Applicable,88,Not Applicable,88,Not Applicable,88,Not Applicable,FALSE,1,Public Road,1,"Trafficway, On Road",CT0009300,New Haven PD,40956,05:11.0,C,Closed,20:04.0,,2,3300,5,MAJOR COLLECTOR - NEW HPMS,2,Urban
889489,1,Complete,889489,889489,41.310495,-72.95336,3391586,New Haven,93,93,New Haven,10/25/2021,2021,10,October,25,2,Monday,16:26:00,16,21038615,A,"Injury of any type (Serious, Minor, Possible)",C,Possible Injury (C),2,0,0,3,State,2.4,10,10-N,10-N,,DERBY AVE,150,Feet,N,41.310495,-72.95336,14,Motor Vehicle in Operation,1,Front to rear,1,On Roadway,1,Clear,88,Not Applicable,1,Daylight,1,Dry,0,None,88,Not Applicable,88,Not Applicable,0,None,88,Not Applicable,88,Not Applicable,3,Intersection-Related,2,Four-Way Intersection,1,No,1,No,88,Not Applicable,88,Not Applicable,88,Not Applicable,88,Not Applicable,TRUE,1,Public Road,1,"Trafficway, On Road",CT0009300,New Haven PD,39,29:33.0,C,Closed,22:22.0,21038615,4,19700,3,PRINCIPAL ARTERIAL - OTHER - NEW HPMS,2,Urban
889490,1,Complete,889490,889490,41.30398,-72.91998,3391587,New Haven,93,93,New Haven,10/25/2021,2021,10,October,25,2,Monday,16:30:00,16,21038621,A,"Injury of any type (Serious, Minor, Possible)",C,Possible Injury (C),2,0,0,4,Local,1.45,97,CHAPEL ST,CHAPEL ST,OLIVE ST,,,,,41.30398,-72.91998,14,Motor Vehicle in Operation,3,Angle,1,On Roadway,1,Clear,88,Not Applicable,1,Daylight,1,Dry,0,None,88,Not Applicable,88,Not Applicable,0,None,88,Not Applicable,88,Not Applicable,2,Intersection,2,Four-Way Intersection,1,No,1,No,88,Not Applicable,88,Not Applicable,88,Not Applicable,88,Not Applicable,FALSE,1,Public Road,1,"Trafficway, On Road",CT0009300,New Haven PD,40808,45:46.0,C,Closed,20:08.0,,,,,,,
889494,1,Complete,889494,889494,41.314124,-72.939911,3391591,New Haven,93,93,New Haven,10/25/2021,2021,10,October,25,2,Monday,19:09:00,19,21038652,A,"Injury of any type (Serious, Minor, Possible)",C,Possible Injury (C),2,0,0,4,Local,0.9,453,ORCHARD ST,ORCHARD ST,ELM ST NO 1,,,,,41.314124,-72.939911,14,Motor Vehicle in Operation,3,Angle,1,On Roadway,1,Clear,88,Not Applicable,4,Dark-Lighted,1,Dry,0,None,88,Not Applicable,88,Not Applicable,0,None,88,Not Applicable,88,Not Applicable,2,Intersection,2,Four-Way Intersection,1,No,1,No,88,Not Applicable,88,Not Applicable,88,Not Applicable,88,Not Applicable,TRUE,1,Public Road,1,"Trafficway, On Road",CT0009300,New Haven PD,7,39:58.0,C,Closed,20:07.0,,,,,,,
889495,1,Complete,889495,889495,41.3223023,-72.9288312,3391592,New Haven,93,93,New Haven,10/25/2021,2021,10,October,25,2,Monday,19:26:00,19,21038654,A,"Injury of any type (Serious, Minor, Possible)",B,Suspected Minor Injury (B),1,0,0,4,Local,0.45,669,WINCHESTER AV,WINCHESTER AV,,MUNSON ST,200,Feet,N,41.3223023,-72.9288312,39,"Other Fixed Object (wall, building, tunnel, etc.)",88,Not Applicable,1,On Roadway,1,Clear,88,Not Applicable,4,Dark-Lighted,1,Dry,0,None,88,Not Applicable,88,Not Applicable,0,None,88,Not Applicable,88,Not Applicable,1,Non-Junction,1,Not at Intersection,1,No,1,No,88,Not Applicable,88,Not Applicable,88,Not Applicable,88,Not Applicable,FALSE,1,Public Road,1,"Trafficway, On Road",CT0009300,New Haven PD,40952,43:59.0,C,Closed,20:07.0,,2,5400,5,MAJOR COLLECTOR - NEW HPMS,2,Urban
889497,1,Complete,889497,889497,41.293576,-72.920266,3391594,New Haven,93,93,New Haven,10/25/2021,2021,10,October,25,2,Monday,21:02:00,21,21038664,A,"Injury of any type (Serious, Minor, Possible)",C,Possible Injury (C),2,0,0,4,Local,0.76,359,SARGENT DR,SARGENT DR,,,,,,41.293576,-72.920266,14,Motor Vehicle in Operation,1,Front to rear,1,On Roadway,1,Clear,88,Not Applicable,4,Dark-Lighted,1,Dry,0,None,88,Not Applicable,88,Not Applicable,0,None,88,Not Applicable,88,Not Applicable,3,Intersection-Related,3,T-Intersection,1,No,1,No,88,Not Applicable,88,Not Applicable,88,Not Applicable,88,Not Applicable,FALSE,1,Public Road,1,"Trafficway, On Road",CT0009300,New Haven PD,42366,53:30.0,C,Closed,20:09.0,,,,,,,