CrashId,Fatal Case Status,Fatal Case Status Text Format,CrashId,CrashId,Latitude,Longitude,DOT Case Number,Town Name,Town Number,Town Number,Town Number Text Format,Date Of Crash,Year,Month,Month Text Format,Day,Day of the Week,Day of the Week Text Format,Time of Crash,Hour of the Day,Case Identifier,Crash Severity,Crash Severity Text Format,Most Severe Injury,Most Severe Injury Text Format,Number Of Motor Vehicles,Number Of Non-Motorist,Number Of Witnesses,Route Class,Route Class Text Format,Milemarker,Road Number,Road Description,Roadway Name,Intersecting Roadway Name,Landmark Description,Distance From Nearest Landmark,Unit Of Measure From Nearest Landmark,Direction From Nearest Landmark,Latitude,Longitude,First Harmful Event,First Harmful Event Text Format,Manner of Crash / Collision Impact,Manner of Crash / Collision Impact Text Format,Location of First Harmful Event,Location of First Harmful Event Text Format,Weather Condition,Weather Condition Text Format,Weather 2,Weather 2 Text Format,Light Condition,Light Condition Text Format,Road Surface Condition,Road Surface Condition Text Format,"Contributing Circumstances, Environment","Contributing Circumstances, Environment Text Format",Environment 2,Environment 2 Text Format,Environment 3,Environment 3 Text Format,"Contributing Circumstances, Road","Contributing Circumstances, Road Text Format",Road 2,Road 2 Text Format,Road 3,Road 3 Text Format,Crash Specific Location,Crash Specific Location Text Format,Type of Intersection,Type of Intersection Text Format,School Bus Related,School Bus Related Text Format,Work Zone Related,Work Zone Related Text Format,Location Of Crash Relative To Work Zone,Location Of Crash Relative To Work Zone Text Format,Type of Work Zone,Type of Work Zone Text Format,Worker Presence,Worker Presence Text Format,Law Enforcement Presence,Law Enforcement Presence Text Format,Were Vehicles Moved Prior To Police Arrival,Trafficway Ownership,Trafficway Ownership Text Format,Trafficway Class,Trafficway Class Text Format,Police Agency,Police Agency Text Format,Badge Number,Approval Date,Police Case Status,Police Case Status Text Format,Crash Report Submission Date,Related Case Identifiers,No. of Through Lanes (Log Dir.),Average Daily Traffic,Functional Classification,Functional Classification Text Format,Rural or Urban,Rural or Urban Text Format
889510,1,Complete,889510,889510,41.311673,-72.9222,3391607,New Haven,93,93,New Haven,10/26/2021,2021,10,October,26,3,Tuesday,12:15:00,12,21038741,A,"Injury of any type (Serious, Minor, Possible)",C,Possible Injury (C),1,1,0,4,Local,0.08,656,WHITNEY AV,WHITNEY AV,,AUDUBON ST,45,Feet,S,41.311673,-72.9222,9,Pedestrian,88,Not Applicable,1,On Roadway,4,Rain,88,Not Applicable,1,Daylight,2,Wet,1,Weather Conditions,88,Not Applicable,88,Not Applicable,0,None,88,Not Applicable,88,Not Applicable,3,Intersection-Related,3,T-Intersection,1,No,1,No,88,Not Applicable,88,Not Applicable,88,Not Applicable,88,Not Applicable,FALSE,1,Public Road,1,"Trafficway, On Road",CT0009300,New Haven PD,106,03:01.0,C,Closed,21:14.0,,1,6400,3,PRINCIPAL ARTERIAL - OTHER - NEW HPMS,2,Urban
889513,1,Complete,889513,889513,41.325895,-72.922768,3391610,New Haven,93,93,New Haven,10/26/2021,2021,10,October,26,3,Tuesday,16:07:00,16,21038766,A,"Injury of any type (Serious, Minor, Possible)",C,Possible Injury (C),2,0,0,4,Local,0.99,495,PROSPECT ST,PROSPECT ST,,CANNER ST,100,Feet,N,41.325895,-72.922768,14,Motor Vehicle in Operation,3,Angle,1,On Roadway,4,Rain,88,Not Applicable,1,Daylight,2,Wet,0,None,88,Not Applicable,88,Not Applicable,0,None,88,Not Applicable,88,Not Applicable,1,Non-Junction,1,Not at Intersection,1,No,1,No,88,Not Applicable,88,Not Applicable,88,Not Applicable,88,Not Applicable,FALSE,1,Public Road,1,"Trafficway, On Road",CT0009300,New Haven PD,516,12:35.0,C,Closed,20:19.0,,,,,,,
889516,1,Complete,889516,889516,41.3304,-72.97186,3391613,New Haven,93,93,New Haven,10/26/2021,2021,10,October,26,3,Tuesday,17:15:00,17,21038784,A,"Injury of any type (Serious, Minor, Possible)",C,Possible Injury (C),2,0,0,3,State,0.9,63,63-N,63-N,WEST PROSPECT ST,,,,,41.3304,-72.97186,14,Motor Vehicle in Operation,1,Front to rear,1,On Roadway,4,Rain,88,Not Applicable,1,Daylight,2,Wet,1,Weather Conditions,88,Not Applicable,88,Not Applicable,0,None,88,Not Applicable,88,Not Applicable,2,Intersection,3,T-Intersection,1,No,1,No,88,Not Applicable,88,Not Applicable,88,Not Applicable,88,Not Applicable,FALSE,1,Public Road,1,"Trafficway, On Road",CT0009300,New Haven PD,11439,08:39.0,C,Closed,20:18.0,,4,22900,3,PRINCIPAL ARTERIAL - OTHER - NEW HPMS,2,Urban
889523,1,Complete,889523,889523,41.312806,-72.932874,3391620,New Haven,93,93,New Haven,10/26/2021,2021,10,October,26,3,Tuesday,22:55:00,22,21038826,A,"Injury of any type (Serious, Minor, Possible)",C,Possible Injury (C),2,0,0,4,Local,0.95,653,WHALLEY AV,WHALLEY AV,HOWE ST,,,,,41.312806,-72.932874,14,Motor Vehicle in Operation,3,Angle,1,On Roadway,4,Rain,88,Not Applicable,99,Unknown,2,Wet,0,None,88,Not Applicable,88,Not Applicable,0,None,88,Not Applicable,88,Not Applicable,2,Intersection,3,T-Intersection,1,No,1,No,88,Not Applicable,88,Not Applicable,88,Not Applicable,88,Not Applicable,TRUE,1,Public Road,1,"Trafficway, On Road",CT0009300,New Haven PD,11107,25:16.0,C,Closed,21:10.0,,,,,,,
889527,1,Complete,889527,889527,41.305067,-72.92248,3391624,New Haven,93,93,New Haven,10/27/2021,2021,10,October,27,4,Wednesday,13:29:00,13,21038891,A,"Injury of any type (Serious, Minor, Possible)",C,Possible Injury (C),2,0,0,4,Local,1.34,575,STATE ST,STATE ST,CHAPEL ST,,,,,41.305067,-72.92248,14,Motor Vehicle in Operation,1,Front to rear,1,On Roadway,1,Clear,1,Clear,1,Daylight,1,Dry,0,None,88,Not Applicable,88,Not Applicable,0,None,88,Not Applicable,88,Not Applicable,2,Intersection,2,Four-Way Intersection,1,No,1,No,88,Not Applicable,88,Not Applicable,88,Not Applicable,88,Not Applicable,FALSE,1,Public Road,1,"Trafficway, On Road",CT0009300,New Haven PD,10,12:58.0,O,Open,20:38.0,,,,,,,
889532,1,Complete,889532,889532,41.308144,-72.942266,3391629,New Haven,93,93,New Haven,10/27/2021,2021,10,October,27,4,Wednesday,20:25:00,20,21038956,A,"Injury of any type (Serious, Minor, Possible)",C,Possible Injury (C),2,0,1,4,Local,0.46,453,ORCHARD ST,ORCHARD ST,GILBERT AV,,,,,41.308144,-72.942266,14,Motor Vehicle in Operation,3,Angle,1,On Roadway,1,Clear,88,Not Applicable,4,Dark-Lighted,1,Dry,0,None,88,Not Applicable,88,Not Applicable,0,None,88,Not Applicable,88,Not Applicable,2,Intersection,2,Four-Way Intersection,1,No,1,No,88,Not Applicable,88,Not Applicable,88,Not Applicable,88,Not Applicable,FALSE,1,Public Road,1,"Trafficway, On Road",CT0009300,New Haven PD,261,38:25.0,C,Closed,20:28.0,,,,,,,
889534,1,Complete,889534,889534,41.29357,-72.89767,3391631,New Haven,93,93,New Haven,10/28/2021,2021,10,October,28,5,Thursday,6:25:00,6,21038984,A,"Injury of any type (Serious, Minor, Possible)",B,Suspected Minor Injury (B),2,0,0,2,USRoute,49.82,1,1-N,1-N,FULTON TER,,,,,41.29357,-72.89767,14,Motor Vehicle in Operation,97,Other,1,On Roadway,1,Clear,88,Not Applicable,4,Dark-Lighted,1,Dry,0,None,88,Not Applicable,88,Not Applicable,0,None,88,Not Applicable,88,Not Applicable,2,Intersection,2,Four-Way Intersection,1,No,1,No,88,Not Applicable,88,Not Applicable,88,Not Applicable,88,Not Applicable,FALSE,1,Public Road,1,"Trafficway, On Road",CT0009300,New Haven PD,180,52:27.0,C,Closed,20:31.0,21038984,2,9400,3,PRINCIPAL ARTERIAL - OTHER - NEW HPMS,2,Urban
889537,1,Complete,889537,889537,41.30774,-72.92276,3391634,New Haven,93,93,New Haven,10/28/2021,2021,10,October,28,5,Thursday,10:04:00,10,21038997,A,"Injury of any type (Serious, Minor, Possible)",C,Possible Injury (C),2,0,0,4,Local,0.64,726,ELM ST NO 2,ELM ST NO 2,ORANGE ST NO 1,,,,,41.30774,-72.92276,14,Motor Vehicle in Operation,4,"Sideswipe, same direction",1,On Roadway,1,Clear,88,Not Applicable,1,Daylight,1,Dry,0,None,88,Not Applicable,88,Not Applicable,0,None,88,Not Applicable,88,Not Applicable,2,Intersection,2,Four-Way Intersection,1,No,1,No,88,Not Applicable,88,Not Applicable,88,Not Applicable,88,Not Applicable,TRUE,1,Public Road,1,"Trafficway, On Road",CT0009300,New Haven PD,746,49:42.0,C,Closed,20:34.0,,,,,,,
889540,1,Complete,889540,889540,41.320576,-72.873109,3391637,New Haven,93,93,New Haven,10/28/2021,2021,10,October,28,5,Thursday,10:53:00,10,21039007,A,"Injury of any type (Serious, Minor, Possible)",C,Possible Injury (C),2,0,0,3,State,0.49,80,80-E,80-E,,EASTERN ST,400,Feet,W,41.320576,-72.873109,14,Motor Vehicle in Operation,1,Front to rear,1,On Roadway,1,Clear,88,Not Applicable,1,Daylight,1,Dry,0,None,88,Not Applicable,88,Not Applicable,0,None,88,Not Applicable,88,Not Applicable,1,Non-Junction,1,Not at Intersection,1,No,1,No,88,Not Applicable,88,Not Applicable,88,Not Applicable,88,Not Applicable,FALSE,1,Public Road,1,"Trafficway, On Road",CT0009300,New Haven PD,40807,41:57.0,C,Closed,20:32.0,,4,32100,3,PRINCIPAL ARTERIAL - OTHER - NEW HPMS,2,Urban
889547,1,Complete,889547,889547,41.314998,-72.904086,3391644,New Haven,93,93,New Haven,10/28/2021,2021,10,October,28,5,Thursday,16:35:00,16,21039054,A,"Injury of any type (Serious, Minor, Possible)",B,Suspected Minor Injury (B),2,0,0,4,Local,0.09,327,JAMES ST,JAMES ST,,LOMBARD ST,200,Feet,N,41.314998,-72.904086,14,Motor Vehicle in Operation,97,Other,1,On Roadway,1,Clear,88,Not Applicable,1,Daylight,1,Dry,0,None,88,Not Applicable,88,Not Applicable,0,None,88,Not Applicable,88,Not Applicable,1,Non-Junction,1,Not at Intersection,1,No,1,No,88,Not Applicable,88,Not Applicable,88,Not Applicable,88,Not Applicable,TRUE,1,Public Road,1,"Trafficway, On Road",CT0009300,New Haven PD,40786,56:27.0,C,Closed,20:41.0,,,,,,,
889549,1,Complete,889549,889549,41.307149,-72.938819,3391646,New Haven,93,93,New Haven,10/28/2021,2021,10,October,28,5,Thursday,16:52:00,16,21039059,A,"Injury of any type (Serious, Minor, Possible)",C,Possible Injury (C),2,0,0,4,Local,0.42,160,DWIGHT ST,DWIGHT ST,GEORGE ST,,,,,41.307149,-72.938819,14,Motor Vehicle in Operation,1,Front to rear,1,On Roadway,1,Clear,88,Not Applicable,1,Daylight,1,Dry,0,None,88,Not Applicable,88,Not Applicable,0,None,88,Not Applicable,88,Not Applicable,2,Intersection,3,T-Intersection,1,No,1,No,88,Not Applicable,88,Not Applicable,88,Not Applicable,88,Not Applicable,FALSE,1,Public Road,1,"Trafficway, On Road",CT0009300,New Haven PD,39,23:22.0,C,Closed,20:41.0,,,,,,,
889552,1,Complete,889552,889552,41.320466,-72.874245,3391649,New Haven,93,93,New Haven,10/28/2021,2021,10,October,28,5,Thursday,16:37:00,16,21039068,A,"Injury of any type (Serious, Minor, Possible)",C,Possible Injury (C),2,0,0,4,Local,2.19,498,QUINNIPIAC AV,QUINNIPIAC AV,,FOXON BLVD,50,Feet,S,41.320466,-72.874245,14,Motor Vehicle in Operation,1,Front to rear,1,On Roadway,2,Cloudy,88,Not Applicable,1,Daylight,1,Dry,0,None,88,Not Applicable,88,Not Applicable,0,None,88,Not Applicable,88,Not Applicable,9,Driveway Access-Related,1,Not at Intersection,1,No,1,No,88,Not Applicable,88,Not Applicable,88,Not Applicable,88,Not Applicable,TRUE,1,Public Road,1,"Trafficway, On Road",CT0009300,New Haven PD,40951,59:38.0,O,Open,20:40.0,,,,,,,
889560,1,Complete,889560,889560,41.3316201,-72.92551175,3391657,New Haven,93,93,New Haven,10/28/2021,2021,10,October,28,5,Thursday,20:39:00,20,21039102,A,"Injury of any type (Serious, Minor, Possible)",C,Possible Injury (C),2,0,0,4,Local,1.11,669,WINCHESTER AV,WINCHESTER AV,HUNTINGTON ST,,,,,41.3316201,-72.92551175,14,Motor Vehicle in Operation,3,Angle,1,On Roadway,1,Clear,88,Not Applicable,4,Dark-Lighted,1,Dry,0,None,88,Not Applicable,88,Not Applicable,0,None,88,Not Applicable,88,Not Applicable,2,Intersection,2,Four-Way Intersection,1,No,1,No,88,Not Applicable,88,Not Applicable,88,Not Applicable,88,Not Applicable,TRUE,1,Public Road,1,"Trafficway, On Road",CT0009300,New Haven PD,40801,42:12.0,C,Closed,20:42.0,,,,,,,
889578,1,Complete,889578,889578,41.317461,-72.897556,3391675,New Haven,93,93,New Haven,10/29/2021,2021,10,October,29,6,Friday,7:33:00,7,21039133,A,"Injury of any type (Serious, Minor, Possible)",C,Possible Injury (C),2,0,0,4,Local,0.16,213,FERRY ST,FERRY ST,DOVER ST,,,,,41.317461,-72.897556,14,Motor Vehicle in Operation,97,Other,1,On Roadway,1,Clear,88,Not Applicable,1,Daylight,1,Dry,0,None,88,Not Applicable,88,Not Applicable,0,None,88,Not Applicable,88,Not Applicable,3,Intersection-Related,3,T-Intersection,1,No,1,No,88,Not Applicable,88,Not Applicable,88,Not Applicable,88,Not Applicable,FALSE,1,Public Road,1,"Trafficway, On Road",CT0009300,New Haven PD,43614,07:56.0,C,Closed,20:58.0,,,,,,,
889583,1,Complete,889583,889583,41.3022,-72.9286,3391680,New Haven,93,93,New Haven,10/29/2021,2021,10,October,29,6,Friday,13:01:00,13,21039179,A,"Injury of any type (Serious, Minor, Possible)",C,Possible Injury (C),2,0,0,4,Local,0.25,104,CHURCH ST SOUTH NO 1,CHURCH ST SOUTH NO 1,SOUTH FRONTAGE RD,,,,,41.3022,-72.9286,14,Motor Vehicle in Operation,1,Front to rear,1,On Roadway,1,Clear,88,Not Applicable,1,Daylight,1,Dry,0,None,88,Not Applicable,88,Not Applicable,0,None,88,Not Applicable,88,Not Applicable,2,Intersection,2,Four-Way Intersection,1,No,1,No,88,Not Applicable,88,Not Applicable,88,Not Applicable,88,Not Applicable,TRUE,1,Public Road,1,"Trafficway, On Road",CT0009300,New Haven PD,40790,46:55.0,C,Closed,20:51.0,,,,,,,
889590,1,Complete,889590,889590,41.312742,-72.940622,3391687,New Haven,93,93,New Haven,10/29/2021,2021,10,October,29,6,Friday,16:01:00,16,21039215,A,"Injury of any type (Serious, Minor, Possible)",C,Possible Injury (C),1,1,2,4,Local,0.8,453,ORCHARD ST,ORCHARD ST,,EDGEWOOD AVE,120,Feet,N,41.312742,-72.940622,9,Pedestrian,88,Not Applicable,1,On Roadway,2,Cloudy,88,Not Applicable,1,Daylight,1,Dry,0,None,88,Not Applicable,88,Not Applicable,0,None,88,Not Applicable,88,Not Applicable,1,Non-Junction,1,Not at Intersection,1,No,1,No,88,Not Applicable,88,Not Applicable,88,Not Applicable,88,Not Applicable,TRUE,1,Public Road,1,"Trafficway, On Road",CT0009300,New Haven PD,40951,06:37.0,C,Closed,20:53.0,,2,4200,4,MINOR ARTERIAL - NEW HPMS,2,Urban
889596,1,Complete,889596,889596,41.3113074,-72.9472151,3391693,New Haven,93,93,New Haven,10/29/2021,2021,10,October,29,6,Friday,20:06:00,20,21039259,A,"Injury of any type (Serious, Minor, Possible)",C,Possible Injury (C),2,0,0,4,Local,0.07,147,DERBY AV,DERBY AV,WINTHROP AV NO 2,,,,,41.3113074,-72.9472151,14,Motor Vehicle in Operation,3,Angle,1,On Roadway,1,Clear,1,Clear,4,Dark-Lighted,1,Dry,0,None,88,Not Applicable,88,Not Applicable,0,None,88,Not Applicable,88,Not Applicable,2,Intersection,2,Four-Way Intersection,1,No,1,No,88,Not Applicable,88,Not Applicable,88,Not Applicable,88,Not Applicable,FALSE,1,Public Road,1,"Trafficway, On Road",CT0009300,New Haven PD,42046,40:14.0,O,Open,20:58.0,,,,,,,
889599,1,Complete,889599,889599,41.299044,-72.943251,3391696,New Haven,93,93,New Haven,10/30/2021,2021,10,October,30,7,Saturday,0:37:00,0,21039283,A,"Injury of any type (Serious, Minor, Possible)",B,Suspected Minor Injury (B),2,0,0,4,Local,0.25,123,CONGRESS AV,CONGRESS AV,,WEST ST,200,Feet,W,41.299044,-72.943251,14,Motor Vehicle in Operation,2,Front to front,1,On Roadway,4,Rain,88,Not Applicable,5,Dark-Not Lighted,2,Wet,99,Unknown,88,Not Applicable,88,Not Applicable,0,None,88,Not Applicable,88,Not Applicable,1,Non-Junction,1,Not at Intersection,1,No,1,No,88,Not Applicable,88,Not Applicable,88,Not Applicable,88,Not Applicable,FALSE,1,Public Road,1,"Trafficway, On Road",CT0009300,New Haven PD,42043,06:11.0,C,Closed,21:13.0,,,,,,,
889604,1,Complete,889604,889604,41.3070556,-72.9209995,3391701,New Haven,93,93,New Haven,10/30/2021,2021,10,October,30,7,Saturday,2:09:00,2,21039299,A,"Injury of any type (Serious, Minor, Possible)",C,Possible Injury (C),1,0,0,4,Local,1.17,575,STATE ST,STATE ST,GRAND AV,,,,,41.3070556,-72.9209995,31,Other Traffic Barrier,88,Not Applicable,1,On Roadway,4,Rain,88,Not Applicable,4,Dark-Lighted,2,Wet,1,Weather Conditions,88,Not Applicable,88,Not Applicable,0,None,88,Not Applicable,88,Not Applicable,1,Non-Junction,1,Not at Intersection,1,No,1,No,88,Not Applicable,88,Not Applicable,88,Not Applicable,88,Not Applicable,FALSE,1,Public Road,1,"Trafficway, On Road",CT0009300,New Haven PD,42048,20:28.0,C,Closed,21:22.0,,4,10200,3,PRINCIPAL ARTERIAL - OTHER - NEW HPMS,2,Urban
889619,1,Complete,889619,889619,41.288896,-72.888089,3391716,New Haven,93,93,New Haven,10/30/2021,2021,10,October,30,7,Saturday,18:13:00,18,21039362,A,"Injury of any type (Serious, Minor, Possible)",C,Possible Injury (C),2,0,0,3,State,0.16,916,916-E,916-E,1-S,,,,,41.288896,-72.888089,14,Motor Vehicle in Operation,4,"Sideswipe, same direction",1,On Roadway,4,Rain,88,Not Applicable,4,Dark-Lighted,2,Wet,0,None,88,Not Applicable,88,Not Applicable,0,None,88,Not Applicable,88,Not Applicable,2,Intersection,3,T-Intersection,1,No,1,No,88,Not Applicable,88,Not Applicable,88,Not Applicable,88,Not Applicable,TRUE,1,Public Road,1,"Trafficway, On Road",CT0009300,New Haven PD,42055,49:24.0,O,Open,21:06.0,,1,100,3,PRINCIPAL ARTERIAL - OTHER - NEW HPMS,2,Urban
889631,1,Complete,889631,889631,41.319763,-72.87469,3391728,New Haven,93,93,New Haven,10/31/2021,2021,10,October,31,1,Sunday,15:49:00,15,21039448,A,"Injury of any type (Serious, Minor, Possible)",C,Possible Injury (C),1,0,0,4,Local,2.14,498,QUINNIPIAC AV,QUINNIPIAC AV,,FOXON ST,30,Feet,N,41.319763,-72.87469,33,Utility Pole/Light Support,88,Not Applicable,1,On Roadway,1,Clear,88,Not Applicable,1,Daylight,1,Dry,0,None,88,Not Applicable,88,Not Applicable,0,None,88,Not Applicable,88,Not Applicable,1,Non-Junction,1,Not at Intersection,1,No,1,No,88,Not Applicable,88,Not Applicable,88,Not Applicable,88,Not Applicable,FALSE,1,Public Road,1,"Trafficway, On Road",CT0009300,New Haven PD,221,37:40.0,C,Closed,21:23.0,,2,6400,4,MINOR ARTERIAL - NEW HPMS,2,Urban
889639,1,Complete,889639,889639,41.312184,-72.880537,3391736,New Haven,93,93,New Haven,10/31/2021,2021,10,October,31,1,Sunday,21:21:00,21,21039487,A,"Injury of any type (Serious, Minor, Possible)",C,Possible Injury (C),2,0,0,4,Local,1.53,498,QUINNIPIAC AV,QUINNIPIAC AV,,RUNO TERRACE,0.25,TenthsofMile,N,41.312184,-72.880537,14,Motor Vehicle in Operation,1,Front to rear,1,On Roadway,1,Clear,88,Not Applicable,4,Dark-Lighted,1,Dry,0,None,88,Not Applicable,88,Not Applicable,0,None,88,Not Applicable,88,Not Applicable,1,Non-Junction,1,Not at Intersection,1,No,1,No,88,Not Applicable,88,Not Applicable,88,Not Applicable,88,Not Applicable,FALSE,1,Public Road,1,"Trafficway, On Road",CT0009300,New Haven PD,42055,24:43.0,C,Closed,22:48.0,,,,,,,
889647,1,Complete,889647,889647,41.322204,-72.953423,3391744,New Haven,93,93,New Haven,11/1/2021,2021,11,November,1,2,Monday,9:54:00,9,21039535,A,"Injury of any type (Serious, Minor, Possible)",B,Suspected Minor Injury (B),2,0,0,3,State,3.35,10,10-N,10-N,OSBORN AV,,,,,41.322204,-72.953423,14,Motor Vehicle in Operation,3,Angle,1,On Roadway,1,Clear,88,Not Applicable,1,Daylight,1,Dry,0,None,88,Not Applicable,88,Not Applicable,0,None,88,Not Applicable,88,Not Applicable,97,Other,1,Not at Intersection,1,No,1,No,88,Not Applicable,88,Not Applicable,88,Not Applicable,88,Not Applicable,FALSE,1,Public Road,1,"Trafficway, On Road",CT0009300,New Haven PD,238,48:55.0,C,Closed,21:31.0,,4,18000,3,PRINCIPAL ARTERIAL - OTHER - NEW HPMS,2,Urban
889651,1,Complete,889651,889651,41.324275,-72.871744,3391748,New Haven,93,93,New Haven,11/1/2021,2021,11,November,1,2,Monday,12:55:00,12,21039550,A,"Injury of any type (Serious, Minor, Possible)",C,Possible Injury (C),2,0,0,3,State,0.26,103,103-N,103-N,,EASTERN STREET,500,Feet,N,41.324275,-72.871744,14,Motor Vehicle in Operation,6,Rear to side,1,On Roadway,1,Clear,88,Not Applicable,1,Daylight,1,Dry,0,None,88,Not Applicable,88,Not Applicable,0,None,88,Not Applicable,88,Not Applicable,1,Non-Junction,1,Not at Intersection,1,No,1,No,88,Not Applicable,88,Not Applicable,88,Not Applicable,88,Not Applicable,FALSE,1,Public Road,1,"Trafficway, On Road",CT0009300,New Haven PD,351,49:20.0,C,Closed,21:33.0,,2,9000,4,MINOR ARTERIAL - NEW HPMS,2,Urban
889653,1,Complete,889653,889653,41.31611,-72.92643,3391750,New Haven,93,93,New Haven,11/1/2021,2021,11,November,1,2,Monday,13:45:00,13,21039557,A,"Injury of any type (Serious, Minor, Possible)",C,Possible Injury (C),1,1,0,4,Local,0.3,536,SACHEM ST,SACHEM ST,WINCHESTER AV,,,,,41.31611,-72.92643,10,Pedalcycle/Pedalcyclist,3,Angle,1,On Roadway,1,Clear,88,Not Applicable,1,Daylight,1,Dry,0,None,88,Not Applicable,88,Not Applicable,99,Unknown,88,Not Applicable,88,Not Applicable,3,Intersection-Related,5,L-Intersection,1,No,1,No,88,Not Applicable,88,Not Applicable,88,Not Applicable,88,Not Applicable,FALSE,1,Public Road,1,"Trafficway, On Road",CT0009300,New Haven PD,991,48:53.0,C,Closed,22:05.0,,,,,,,
889654,1,Complete,889654,889654,41.311061,-72.941246,3391751,New Haven,93,93,New Haven,12/8/2021,2021,12,December,8,4,Wednesday,15:20:00,15,21039564,A,"Injury of any type (Serious, Minor, Possible)",C,Possible Injury (C),2,0,0,4,Local,0.68,453,ORCHARD ST,ORCHARD ST,,CHAPEL ST,30,Feet,N,41.311061,-72.941246,14,Motor Vehicle in Operation,1,Front to rear,1,On Roadway,1,Clear,88,Not Applicable,1,Daylight,1,Dry,0,None,88,Not Applicable,88,Not Applicable,0,None,88,Not Applicable,88,Not Applicable,1,Non-Junction,1,Not at Intersection,1,No,1,No,88,Not Applicable,88,Not Applicable,88,Not Applicable,88,Not Applicable,TRUE,1,Public Road,1,"Trafficway, On Road",CT0009300,New Haven PD,261,24:15.0,C,Closed,27:45.0,,,,,,,
889665,1,Complete,889665,889665,41.30891,-72.90986,3391762,New Haven,93,93,New Haven,11/2/2021,2021,11,November,2,3,Tuesday,9:33:00,9,21039641,A,"Injury of any type (Serious, Minor, Possible)",C,Possible Injury (C),2,0,0,4,Local,0.49,165,EAST ST,EAST ST,GRAND AV,,,,,41.30891,-72.90986,14,Motor Vehicle in Operation,1,Front to rear,1,On Roadway,1,Clear,88,Not Applicable,1,Daylight,1,Dry,0,None,88,Not Applicable,88,Not Applicable,0,None,88,Not Applicable,88,Not Applicable,2,Intersection,2,Four-Way Intersection,1,No,1,No,88,Not Applicable,88,Not Applicable,88,Not Applicable,88,Not Applicable,FALSE,1,Public Road,1,"Trafficway, On Road",CT0009300,New Haven PD,263,21:32.0,C,Closed,21:42.0,,2,19000,4,MINOR ARTERIAL - NEW HPMS,2,Urban
889667,1,Complete,889667,889667,41.32762474,-72.93522479,3391764,New Haven,93,93,New Haven,11/2/2021,2021,11,November,2,3,Tuesday,11:28:00,11,21039656,A,"Injury of any type (Serious, Minor, Possible)",C,Possible Injury (C),2,0,0,4,Local,1.04,152,DIXWELL AV,DIXWELL AV,HARDING PL,,,,,41.32762474,-72.93522479,14,Motor Vehicle in Operation,4,"Sideswipe, same direction",1,On Roadway,1,Clear,88,Not Applicable,1,Daylight,1,Dry,0,None,88,Not Applicable,88,Not Applicable,0,None,88,Not Applicable,88,Not Applicable,3,Intersection-Related,3,T-Intersection,1,No,1,No,88,Not Applicable,88,Not Applicable,88,Not Applicable,88,Not Applicable,FALSE,1,Public Road,1,"Trafficway, On Road",CT0009300,New Haven PD,62,11:52.0,C,Closed,21:41.0,,,,,,,
889668,1,Complete,889668,889668,41.300851,-72.892093,3391765,New Haven,93,93,New Haven,11/2/2021,2021,11,November,2,3,Tuesday,14:05:00,14,21039679,A,"Injury of any type (Serious, Minor, Possible)",C,Possible Injury (C),2,0,0,4,Local,0.2,795,EAST FERRY ST,EAST FERRY ST,FAIRMONT AV,,,,,41.300851,-72.892093,14,Motor Vehicle in Operation,1,Front to rear,1,On Roadway,1,Clear,88,Not Applicable,1,Daylight,1,Dry,0,None,88,Not Applicable,88,Not Applicable,0,None,88,Not Applicable,88,Not Applicable,2,Intersection,4,Y-Intersection,1,No,1,No,88,Not Applicable,88,Not Applicable,88,Not Applicable,88,Not Applicable,TRUE,1,Public Road,1,"Trafficway, On Road",CT0009300,New Haven PD,263,36:43.0,C,Closed,21:48.0,,,,,,,
889669,1,Complete,889669,889669,41.305506,-72.952668,3391766,New Haven,93,93,New Haven,11/2/2021,2021,11,November,2,3,Tuesday,15:00:00,15,21039681,A,"Injury of any type (Serious, Minor, Possible)",C,Possible Injury (C),2,0,0,4,Local,0,360,LEGION AV-RT 34,LEGION AV-RT 34,10-N,,,,,41.305506,-72.952668,14,Motor Vehicle in Operation,3,Angle,1,On Roadway,1,Clear,88,Not Applicable,1,Daylight,1,Dry,0,None,88,Not Applicable,88,Not Applicable,0,None,88,Not Applicable,88,Not Applicable,2,Intersection,3,T-Intersection,1,No,1,No,88,Not Applicable,88,Not Applicable,88,Not Applicable,88,Not Applicable,TRUE,1,Public Road,1,"Trafficway, On Road",CT0009300,New Haven PD,428,31:40.0,C,Closed,22:21.0,,,,,,,
889672,1,Complete,889672,889672,41.333263,-72.867697,3391769,New Haven,93,93,New Haven,11/5/2021,2021,11,November,5,6,Friday,18:37:00,18,21039708,A,"Injury of any type (Serious, Minor, Possible)",C,Possible Injury (C),2,0,1,3,State,0.93,103,103-N,103-N,,GLEN HAVEN RD,130,Feet,N,41.333263,-72.867697,14,Motor Vehicle in Operation,5,"Sideswipe, opposite direction",1,On Roadway,2,Cloudy,88,Not Applicable,1,Daylight,1,Dry,0,None,88,Not Applicable,88,Not Applicable,0,None,88,Not Applicable,88,Not Applicable,1,Non-Junction,1,Not at Intersection,1,No,1,No,88,Not Applicable,88,Not Applicable,88,Not Applicable,88,Not Applicable,FALSE,1,Public Road,1,"Trafficway, On Road",CT0009300,New Haven PD,409,39:26.0,C,Closed,22:28.0,,2,6500,4,MINOR ARTERIAL - NEW HPMS,2,Urban