CrashId,Fatal Case Status,Fatal Case Status Text Format,CrashId,CrashId,Latitude,Longitude,DOT Case Number,Town Name,Town Number,Town Number,Town Number Text Format,Date Of Crash,Year,Month,Month Text Format,Day,Day of the Week,Day of the Week Text Format,Time of Crash,Hour of the Day,Case Identifier,Crash Severity,Crash Severity Text Format,Most Severe Injury,Most Severe Injury Text Format,Number Of Motor Vehicles,Number Of Non-Motorist,Number Of Witnesses,Route Class,Route Class Text Format,Milemarker,Road Number,Road Description,Roadway Name,Intersecting Roadway Name,Landmark Description,Distance From Nearest Landmark,Unit Of Measure From Nearest Landmark,Direction From Nearest Landmark,Latitude,Longitude,First Harmful Event,First Harmful Event Text Format,Manner of Crash / Collision Impact,Manner of Crash / Collision Impact Text Format,Location of First Harmful Event,Location of First Harmful Event Text Format,Weather Condition,Weather Condition Text Format,Weather 2,Weather 2 Text Format,Light Condition,Light Condition Text Format,Road Surface Condition,Road Surface Condition Text Format,"Contributing Circumstances, Environment","Contributing Circumstances, Environment Text Format",Environment 2,Environment 2 Text Format,Environment 3,Environment 3 Text Format,"Contributing Circumstances, Road","Contributing Circumstances, Road Text Format",Road 2,Road 2 Text Format,Road 3,Road 3 Text Format,Crash Specific Location,Crash Specific Location Text Format,Type of Intersection,Type of Intersection Text Format,School Bus Related,School Bus Related Text Format,Work Zone Related,Work Zone Related Text Format,Location Of Crash Relative To Work Zone,Location Of Crash Relative To Work Zone Text Format,Type of Work Zone,Type of Work Zone Text Format,Worker Presence,Worker Presence Text Format,Law Enforcement Presence,Law Enforcement Presence Text Format,Were Vehicles Moved Prior To Police Arrival,Trafficway Ownership,Trafficway Ownership Text Format,Trafficway Class,Trafficway Class Text Format,Police Agency,Police Agency Text Format,Badge Number,Approval Date,Police Case Status,Police Case Status Text Format,Crash Report Submission Date,Related Case Identifiers,No. of Through Lanes (Log Dir.),Average Daily Traffic,Functional Classification,Functional Classification Text Format,Rural or Urban,Rural or Urban Text Format
889684,1,Complete,889684,889684,41.323134,-72.948726,3391781,New Haven,93,93,New Haven,11/3/2021,2021,11,November,3,4,Wednesday,11:15:00,11,21039782,A,"Injury of any type (Serious, Minor, Possible)",C,Possible Injury (C),1,0,1,4,Local,0.28,690,ELLA T GRASSO BLVD,ELLA T GRASSO BLVD,GOFFE TER,,,,,41.323134,-72.948726,38,"Other Post, Pole or Support",88,Not Applicable,1,On Roadway,1,Clear,88,Not Applicable,1,Daylight,1,Dry,0,None,88,Not Applicable,88,Not Applicable,0,None,88,Not Applicable,88,Not Applicable,2,Intersection,2,Four-Way Intersection,1,No,1,No,88,Not Applicable,88,Not Applicable,88,Not Applicable,88,Not Applicable,FALSE,1,Public Road,1,"Trafficway, On Road",CT0009300,New Haven PD,324,33:51.0,C,Closed,23:01.0,21039782,2,6700,4,MINOR ARTERIAL - NEW HPMS,2,Urban
889688,1,Complete,889688,889688,41.31884,-72.94914,3391785,New Haven,93,93,New Haven,11/3/2021,2021,11,November,3,4,Wednesday,16:16:00,16,21039823,A,"Injury of any type (Serious, Minor, Possible)",C,Possible Injury (C),2,0,0,3,State,3.02,10,10-N,10-N,,WHALLEY AVE,30,Feet,S,41.31884,-72.94914,14,Motor Vehicle in Operation,1,Front to rear,1,On Roadway,1,Clear,88,Not Applicable,1,Daylight,1,Dry,0,None,88,Not Applicable,88,Not Applicable,0,None,88,Not Applicable,88,Not Applicable,1,Non-Junction,1,Not at Intersection,1,No,1,No,88,Not Applicable,88,Not Applicable,88,Not Applicable,88,Not Applicable,FALSE,1,Public Road,1,"Trafficway, On Road",CT0009300,New Haven PD,40951,55:58.0,C,Closed,21:53.0,,4,19800,3,PRINCIPAL ARTERIAL - OTHER - NEW HPMS,2,Urban
889689,1,Complete,889689,889689,41.320323,-72.868458,3391786,New Haven,93,93,New Haven,11/3/2021,2021,11,November,3,4,Wednesday,16:40:00,16,21039828,A,"Injury of any type (Serious, Minor, Possible)",C,Possible Injury (C),2,0,0,3,State,0.73,80,80-E,80-E,OLD FOXON RD,,,,,41.320323,-72.868458,14,Motor Vehicle in Operation,1,Front to rear,1,On Roadway,1,Clear,88,Not Applicable,1,Daylight,1,Dry,0,None,88,Not Applicable,88,Not Applicable,0,None,88,Not Applicable,88,Not Applicable,2,Intersection,3,T-Intersection,1,No,1,No,88,Not Applicable,88,Not Applicable,88,Not Applicable,88,Not Applicable,FALSE,1,Public Road,1,"Trafficway, On Road",CT0009300,New Haven PD,42049,04:45.0,O,Open,22:04.0,,4,32100,3,PRINCIPAL ARTERIAL - OTHER - NEW HPMS,2,Urban
889699,1,Complete,889699,889699,41.312334,-72.940545,3391796,New Haven,93,93,New Haven,11/3/2021,2021,11,November,3,4,Wednesday,15:15:00,15,21039853,A,"Injury of any type (Serious, Minor, Possible)",C,Possible Injury (C),2,0,0,4,Local,1.64,179,EDGEWOOD AV,EDGEWOOD AV,,ORCHARD ST,50,Feet,E,41.312334,-72.940545,14,Motor Vehicle in Operation,1,Front to rear,1,On Roadway,1,Clear,88,Not Applicable,1,Daylight,1,Dry,0,None,88,Not Applicable,88,Not Applicable,0,None,88,Not Applicable,88,Not Applicable,1,Non-Junction,1,Not at Intersection,1,No,1,No,88,Not Applicable,88,Not Applicable,88,Not Applicable,88,Not Applicable,FALSE,1,Public Road,1,"Trafficway, On Road",CT0009300,New Haven PD,7,09:53.0,C,Closed,22:08.0,,,,,,,
889702,1,Complete,889702,889702,41.29204,-72.94268,3391799,New Haven,93,93,New Haven,11/4/2021,2021,11,November,4,5,Thursday,1:59:00,1,21039887,A,"Injury of any type (Serious, Minor, Possible)",C,Possible Injury (C),2,0,0,3,State,0.98,10,10-N,10-N,,TRUMAN ST,50,Feet,N,41.29204,-72.94268,14,Motor Vehicle in Operation,3,Angle,1,On Roadway,1,Clear,88,Not Applicable,4,Dark-Lighted,1,Dry,0,None,88,Not Applicable,88,Not Applicable,0,None,88,Not Applicable,88,Not Applicable,1,Non-Junction,1,Not at Intersection,1,No,1,No,88,Not Applicable,88,Not Applicable,88,Not Applicable,88,Not Applicable,FALSE,1,Public Road,1,"Trafficway, On Road",CT0009300,New Haven PD,40955,32:29.0,C,Closed,22:51.0,,4,20200,3,PRINCIPAL ARTERIAL - OTHER - NEW HPMS,2,Urban
889706,1,Complete,889706,889706,41.3245,-72.9633,3391803,New Haven,93,93,New Haven,11/4/2021,2021,11,November,4,5,Thursday,9:21:00,9,21039909,A,"Injury of any type (Serious, Minor, Possible)",B,Suspected Minor Injury (B),2,0,0,4,Local,0.14,6,ALDEN AV,ALDEN AV,WILLARD ST,,,,,41.3245,-72.9633,14,Motor Vehicle in Operation,3,Angle,1,On Roadway,1,Clear,88,Not Applicable,1,Daylight,1,Dry,0,None,88,Not Applicable,88,Not Applicable,0,None,88,Not Applicable,88,Not Applicable,2,Intersection,2,Four-Way Intersection,1,No,1,No,88,Not Applicable,88,Not Applicable,88,Not Applicable,88,Not Applicable,TRUE,1,Public Road,1,"Trafficway, On Road",CT0009300,New Haven PD,40790,57:59.0,C,Closed,22:01.0,,,,,,,
889708,1,Complete,889708,889708,41.305863,-72.902779,3391805,New Haven,93,93,New Haven,11/4/2021,2021,11,November,4,5,Thursday,12:10:00,12,21039925,A,"Injury of any type (Serious, Minor, Possible)",C,Possible Injury (C),2,0,0,4,Local,0.73,327,JAMES ST,JAMES ST,WOLCOTT ST,,,,,41.305863,-72.902779,14,Motor Vehicle in Operation,3,Angle,1,On Roadway,1,Clear,88,Not Applicable,1,Daylight,1,Dry,0,None,88,Not Applicable,88,Not Applicable,0,None,88,Not Applicable,88,Not Applicable,2,Intersection,2,Four-Way Intersection,1,No,1,No,88,Not Applicable,88,Not Applicable,88,Not Applicable,88,Not Applicable,FALSE,1,Public Road,1,"Trafficway, On Road",CT0009300,New Haven PD,42052,24:04.0,C,Closed,22:01.0,,,,,,,
889712,1,Complete,889712,889712,41.312816,-72.932938,3391809,New Haven,93,93,New Haven,11/4/2021,2021,11,November,4,5,Thursday,14:26:00,14,21039942,A,"Injury of any type (Serious, Minor, Possible)",C,Possible Injury (C),3,0,0,4,Local,0.95,653,WHALLEY AV,WHALLEY AV,HOWE ST,,,,,41.312816,-72.932938,14,Motor Vehicle in Operation,1,Front to rear,1,On Roadway,1,Clear,88,Not Applicable,1,Daylight,1,Dry,0,None,88,Not Applicable,88,Not Applicable,0,None,88,Not Applicable,88,Not Applicable,2,Intersection,3,T-Intersection,1,No,1,No,88,Not Applicable,88,Not Applicable,88,Not Applicable,88,Not Applicable,FALSE,1,Public Road,1,"Trafficway, On Road",CT0009300,New Haven PD,79,51:25.0,C,Closed,22:06.0,,,,,,,
889714,1,Complete,889714,889714,41.31683,-72.90308,3391811,New Haven,93,93,New Haven,11/4/2021,2021,11,November,4,5,Thursday,16:15:00,16,21039946,A,"Injury of any type (Serious, Minor, Possible)",C,Possible Injury (C),2,0,0,2,USRoute,0.07,5,5-N,5-N,,BLATCHLEY AVE,100,Feet,W,41.31683,-72.90308,14,Motor Vehicle in Operation,1,Front to rear,1,On Roadway,1,Clear,88,Not Applicable,1,Daylight,1,Dry,0,None,88,Not Applicable,88,Not Applicable,0,None,88,Not Applicable,88,Not Applicable,1,Non-Junction,1,Not at Intersection,1,No,1,No,88,Not Applicable,88,Not Applicable,88,Not Applicable,88,Not Applicable,FALSE,1,Public Road,1,"Trafficway, On Road",CT0009300,New Haven PD,40815,15:32.0,O,Open,22:02.0,21039946,2,12800,4,MINOR ARTERIAL - NEW HPMS,2,Urban
889720,1,Complete,889720,889720,41.31466,-72.91723,3391817,New Haven,93,93,New Haven,11/5/2021,2021,11,November,5,6,Friday,8:58:00,8,21040035,A,"Injury of any type (Serious, Minor, Possible)",C,Possible Injury (C),2,0,0,4,Local,1,450,ORANGE ST NO 1,ORANGE ST NO 1,PEARL ST,,,,,41.31466,-72.91723,14,Motor Vehicle in Operation,1,Front to rear,1,On Roadway,1,Clear,88,Not Applicable,1,Daylight,1,Dry,0,None,88,Not Applicable,88,Not Applicable,0,None,88,Not Applicable,88,Not Applicable,2,Intersection,2,Four-Way Intersection,1,No,1,No,88,Not Applicable,88,Not Applicable,88,Not Applicable,88,Not Applicable,FALSE,1,Public Road,1,"Trafficway, On Road",CT0009300,New Haven PD,42052,46:46.0,C,Closed,22:14.0,,,,,,,
889732,1,Complete,889732,889732,41.300108,-72.924725,3391829,New Haven,93,93,New Haven,11/5/2021,2021,11,November,5,6,Friday,16:40:00,16,21040077,A,"Injury of any type (Serious, Minor, Possible)",C,Possible Injury (C),2,0,0,2,USRoute,48.17,1,1-N,1-N,,COLLUMBUS AVE,500,Feet,E,41.300108,-72.924725,14,Motor Vehicle in Operation,1,Front to rear,1,On Roadway,1,Clear,88,Not Applicable,1,Daylight,1,Dry,0,None,88,Not Applicable,88,Not Applicable,0,None,88,Not Applicable,88,Not Applicable,1,Non-Junction,1,Not at Intersection,1,No,1,No,88,Not Applicable,88,Not Applicable,88,Not Applicable,88,Not Applicable,FALSE,1,Public Road,1,"Trafficway, On Road",CT0009300,New Haven PD,42056,11:50.0,C,Closed,23:28.0,,4,11600,3,PRINCIPAL ARTERIAL - OTHER - NEW HPMS,2,Urban
889734,1,Complete,889734,889734,41.337527,-72.976575,3391831,New Haven,93,93,New Haven,11/5/2021,2021,11,November,5,6,Friday,15:20:00,15,21040084,A,"Injury of any type (Serious, Minor, Possible)",B,Suspected Minor Injury (B),2,0,0,3,State,0.21,69,69-N,69-N,,15-N-114,205,Feet,S,41.337527,-72.976575,14,Motor Vehicle in Operation,3,Angle,1,On Roadway,1,Clear,1,Clear,1,Daylight,1,Dry,0,None,0,None,0,None,0,None,0,None,0,None,1,Non-Junction,1,Not at Intersection,1,No,1,No,88,Not Applicable,88,Not Applicable,88,Not Applicable,88,Not Applicable,TRUE,1,Public Road,1,"Trafficway, On Road",CT0009300,New Haven PD,55,57:33.0,C,Closed,22:35.0,,3,18000,3,PRINCIPAL ARTERIAL - OTHER - NEW HPMS,2,Urban
889742,1,Complete,889742,889742,41.291172,-72.888612,3391839,New Haven,93,93,New Haven,11/5/2021,2021,11,November,5,6,Friday,20:52:00,20,21040115,A,"Injury of any type (Serious, Minor, Possible)",C,Possible Injury (C),3,0,0,4,Local,0.06,442,OAKLEY ST NO 1,OAKLEY ST NO 1,CHESTER ST,,,,,41.291172,-72.888612,14,Motor Vehicle in Operation,3,Angle,1,On Roadway,1,Clear,88,Not Applicable,5,Dark-Not Lighted,1,Dry,0,None,88,Not Applicable,88,Not Applicable,0,None,88,Not Applicable,88,Not Applicable,3,Intersection-Related,2,Four-Way Intersection,1,No,1,No,88,Not Applicable,88,Not Applicable,88,Not Applicable,88,Not Applicable,FALSE,1,Public Road,1,"Trafficway, On Road",CT0009300,New Haven PD,165,58:52.0,C,Closed,22:23.0,,,,,,,
889745,1,Complete,889745,889745,41.317463,-72.944586,3391842,New Haven,93,93,New Haven,11/6/2021,2021,11,November,6,7,Saturday,0:34:00,0,21040134,A,"Injury of any type (Serious, Minor, Possible)",C,Possible Injury (C),2,0,0,4,Local,0.26,653,WHALLEY AV,WHALLEY AV,WINTHROP AV NO 2,,,,,41.317463,-72.944586,14,Motor Vehicle in Operation,3,Angle,1,On Roadway,1,Clear,88,Not Applicable,6,Dark-Unknown Lighting,1,Dry,0,None,88,Not Applicable,88,Not Applicable,0,None,88,Not Applicable,88,Not Applicable,2,Intersection,2,Four-Way Intersection,1,No,1,No,88,Not Applicable,88,Not Applicable,88,Not Applicable,88,Not Applicable,FALSE,1,Public Road,1,"Trafficway, On Road",CT0009300,New Haven PD,40789,31:38.0,C,Closed,22:50.0,,,,,,,
889753,1,Complete,889753,889753,41.315446,-72.93918,3391850,New Haven,93,93,New Haven,11/6/2021,2021,11,November,6,7,Saturday,16:24:00,16,21040188,A,"Injury of any type (Serious, Minor, Possible)",C,Possible Injury (C),2,0,0,4,Local,0.56,653,WHALLEY AV,WHALLEY AV,ORCHARD ST,,,,,41.315446,-72.93918,14,Motor Vehicle in Operation,3,Angle,1,On Roadway,1,Clear,88,Not Applicable,1,Daylight,1,Dry,0,None,88,Not Applicable,88,Not Applicable,0,None,88,Not Applicable,88,Not Applicable,2,Intersection,2,Four-Way Intersection,1,No,1,No,88,Not Applicable,88,Not Applicable,88,Not Applicable,88,Not Applicable,FALSE,1,Public Road,1,"Trafficway, On Road",CT0009300,New Haven PD,11439,23:03.0,C,Closed,22:35.0,,,,,,,
889762,1,Complete,889762,889762,41.315258,-72.895353,3391859,New Haven,93,93,New Haven,11/8/2021,2021,11,November,8,2,Monday,15:07:00,15,21040230,A,"Injury of any type (Serious, Minor, Possible)",A,Suspected Serious Injury (A),6,0,0,4,Local,0.45,379,LOMBARD ST,LOMBARD ST,ROWE ST,,,,,41.315258,-72.895353,14,Motor Vehicle in Operation,1,Front to rear,1,On Roadway,1,Clear,88,Not Applicable,4,Dark-Lighted,1,Dry,0,None,88,Not Applicable,88,Not Applicable,0,None,88,Not Applicable,88,Not Applicable,2,Intersection,2,Four-Way Intersection,1,No,1,No,88,Not Applicable,88,Not Applicable,88,Not Applicable,88,Not Applicable,FALSE,1,Public Road,1,"Trafficway, On Road",CT0009300,New Haven PD,370,50:32.0,O,Open,24:36.0,,,,,,,
889765,1,Complete,889765,889765,41.3208272,-72.8740323,3391862,New Haven,93,93,New Haven,11/7/2021,2021,11,November,7,1,Sunday,1:51:00,1,21040242,A,"Injury of any type (Serious, Minor, Possible)",C,Possible Injury (C),2,0,0,3,State,0.44,80,80-E,80-E,QUINNIPIAC AV,,,,,41.3208272,-72.8740323,14,Motor Vehicle in Operation,3,Angle,1,On Roadway,1,Clear,88,Not Applicable,4,Dark-Lighted,1,Dry,0,None,88,Not Applicable,88,Not Applicable,0,None,88,Not Applicable,88,Not Applicable,2,Intersection,2,Four-Way Intersection,1,No,1,No,88,Not Applicable,88,Not Applicable,88,Not Applicable,88,Not Applicable,FALSE,1,Public Road,1,"Trafficway, On Road",CT0009300,New Haven PD,42048,41:23.0,C,Closed,22:42.0,,4,32100,3,PRINCIPAL ARTERIAL - OTHER - NEW HPMS,2,Urban
889768,1,Complete,889768,889768,41.302783,-72.928232,3391865,New Haven,93,93,New Haven,11/7/2021,2021,11,November,7,1,Sunday,4:00:00,4,21040251,A,"Injury of any type (Serious, Minor, Possible)",C,Possible Injury (C),2,0,0,4,Local,0.29,104,CHURCH ST SOUTH NO 1,CHURCH ST SOUTH NO 1,REV DR MLK JR BLVD,,,,,41.302783,-72.928232,14,Motor Vehicle in Operation,3,Angle,1,On Roadway,1,Clear,88,Not Applicable,4,Dark-Lighted,1,Dry,0,None,88,Not Applicable,88,Not Applicable,0,None,88,Not Applicable,88,Not Applicable,2,Intersection,2,Four-Way Intersection,1,No,1,No,88,Not Applicable,88,Not Applicable,88,Not Applicable,88,Not Applicable,FALSE,2,Private Road,1,"Trafficway, On Road",CT0009300,New Haven PD,40801,56:54.0,C,Closed,23:27.0,,,,,,,
889779,1,Complete,889779,889779,41.316839,-72.942836,3391876,New Haven,93,93,New Haven,11/7/2021,2021,11,November,7,1,Sunday,22:31:00,22,21040314,A,"Injury of any type (Serious, Minor, Possible)",C,Possible Injury (C),2,0,0,4,Local,0.35,653,WHALLEY AV,WHALLEY AV,,SHERMAN AVE,105,Feet,W,41.316839,-72.942836,14,Motor Vehicle in Operation,3,Angle,1,On Roadway,1,Clear,88,Not Applicable,4,Dark-Lighted,1,Dry,0,None,88,Not Applicable,88,Not Applicable,0,None,88,Not Applicable,88,Not Applicable,8,Driveway Access,1,Not at Intersection,1,No,1,No,88,Not Applicable,88,Not Applicable,88,Not Applicable,88,Not Applicable,FALSE,1,Public Road,1,"Trafficway, On Road",CT0009300,New Haven PD,11439,20:37.0,C,Closed,22:57.0,,,,,,,
889808,1,Complete,889808,889808,41.309481,-72.890634,3391905,New Haven,93,93,New Haven,11/8/2021,2021,11,November,8,2,Monday,13:16:00,13,21040383,A,"Injury of any type (Serious, Minor, Possible)",C,Possible Injury (C),2,0,0,4,Local,0.25,264,GRAND AV,GRAND AV,CLINTON AV,,,,,41.309481,-72.890634,14,Motor Vehicle in Operation,1,Front to rear,1,On Roadway,1,Clear,88,Not Applicable,1,Daylight,1,Dry,0,None,88,Not Applicable,88,Not Applicable,0,None,88,Not Applicable,88,Not Applicable,2,Intersection,2,Four-Way Intersection,1,No,1,No,88,Not Applicable,88,Not Applicable,88,Not Applicable,88,Not Applicable,TRUE,1,Public Road,1,"Trafficway, On Road",CT0009300,New Haven PD,263,16:24.0,C,Closed,22:56.0,,,,,,,
889813,1,Complete,889813,889813,41.329645,-72.935141,3391910,New Haven,93,93,New Haven,11/9/2021,2021,11,November,9,3,Tuesday,7:18:00,7,21040470,A,"Injury of any type (Serious, Minor, Possible)",C,Possible Injury (C),2,0,0,4,Local,1.19,152,DIXWELL AV,DIXWELL AV,,WEST HAZEL,75,Feet,S,41.329645,-72.935141,14,Motor Vehicle in Operation,3,Angle,1,On Roadway,1,Clear,88,Not Applicable,1,Daylight,1,Dry,0,None,88,Not Applicable,88,Not Applicable,0,None,88,Not Applicable,88,Not Applicable,1,Non-Junction,1,Not at Intersection,1,No,1,No,88,Not Applicable,88,Not Applicable,88,Not Applicable,88,Not Applicable,FALSE,1,Public Road,1,"Trafficway, On Road",CT0009300,New Haven PD,199,57:57.0,C,Closed,23:04.0,,,,,,,
889818,1,Complete,889818,889818,41.329366,-72.96906,3391915,New Haven,93,93,New Haven,11/9/2021,2021,11,November,9,3,Tuesday,11:35:00,11,21040529,A,"Injury of any type (Serious, Minor, Possible)",C,Possible Injury (C),2,0,0,3,State,0.74,63,63-N,63-N,,122-N,140,Feet,W,41.329366,-72.96906,14,Motor Vehicle in Operation,3,Angle,1,On Roadway,1,Clear,88,Not Applicable,1,Daylight,1,Dry,0,None,88,Not Applicable,88,Not Applicable,0,None,88,Not Applicable,88,Not Applicable,1,Non-Junction,1,Not at Intersection,1,No,1,No,88,Not Applicable,88,Not Applicable,88,Not Applicable,88,Not Applicable,FALSE,1,Public Road,1,"Trafficway, On Road",CT0009300,New Haven PD,62,14:24.0,C,Closed,23:06.0,,3,22900,3,PRINCIPAL ARTERIAL - OTHER - NEW HPMS,2,Urban
889819,1,Complete,889819,889819,41.297901,-72.934162,3391916,New Haven,93,93,New Haven,11/9/2021,2021,11,November,9,3,Tuesday,12:24:00,12,21040530,A,"Injury of any type (Serious, Minor, Possible)",C,Possible Injury (C),2,0,0,2,USRoute,47.4,1,1-N,1-N,HOWARD AV,,,,,41.297901,-72.934162,14,Motor Vehicle in Operation,1,Front to rear,1,On Roadway,1,Clear,88,Not Applicable,1,Daylight,1,Dry,0,None,88,Not Applicable,88,Not Applicable,0,None,88,Not Applicable,88,Not Applicable,2,Intersection,2,Four-Way Intersection,1,No,1,No,88,Not Applicable,88,Not Applicable,88,Not Applicable,88,Not Applicable,FALSE,1,Public Road,1,"Trafficway, On Road",CT0009300,New Haven PD,319,45:19.0,C,Closed,23:09.0,,2,8400,3,PRINCIPAL ARTERIAL - OTHER - NEW HPMS,2,Urban
889822,1,Complete,889822,889822,41.301468,-72.923945,3391919,New Haven,93,93,New Haven,11/9/2021,2021,11,November,9,3,Tuesday,14:42:00,14,21040554,A,"Injury of any type (Serious, Minor, Possible)",C,Possible Injury (C),2,0,0,2,USRoute,48.27,1,1-N,1-N,State Street North,,,,,41.301468,-72.923945,14,Motor Vehicle in Operation,3,Angle,1,On Roadway,1,Clear,88,Not Applicable,1,Daylight,1,Dry,3,Glare,88,Not Applicable,88,Not Applicable,0,None,88,Not Applicable,88,Not Applicable,2,Intersection,8,"Five-Point, or More",1,No,1,No,88,Not Applicable,88,Not Applicable,88,Not Applicable,88,Not Applicable,FALSE,1,Public Road,1,"Trafficway, On Road",CT0009300,New Haven PD,980,15:11.0,C,Closed,23:08.0,,1,11600,3,PRINCIPAL ARTERIAL - OTHER - NEW HPMS,2,Urban
889829,1,Complete,889829,889829,41.319288,-72.949502,3391926,New Haven,93,93,New Haven,11/9/2021,2021,11,November,9,3,Tuesday,20:38:00,20,21040617,A,"Injury of any type (Serious, Minor, Possible)",C,Possible Injury (C),2,0,0,3,State,3.04,10,10-N,10-N,ELLA T GRASSO BLVD,,,,,41.319288,-72.949502,14,Motor Vehicle in Operation,1,Front to rear,1,On Roadway,1,Clear,88,Not Applicable,4,Dark-Lighted,1,Dry,0,None,88,Not Applicable,88,Not Applicable,0,None,88,Not Applicable,88,Not Applicable,2,Intersection,2,Four-Way Intersection,1,No,1,No,88,Not Applicable,88,Not Applicable,88,Not Applicable,88,Not Applicable,FALSE,1,Public Road,1,"Trafficway, On Road",CT0009300,New Haven PD,40804,23:38.0,C,Closed,23:11.0,,4,19800,3,PRINCIPAL ARTERIAL - OTHER - NEW HPMS,2,Urban
889831,1,Complete,889831,889831,41.297796,-72.934425,3391928,New Haven,93,93,New Haven,11/10/2021,2021,11,November,10,4,Wednesday,0:43:00,0,21040630,A,"Injury of any type (Serious, Minor, Possible)",C,Possible Injury (C),2,0,0,2,USRoute,47.4,1,1-N,1-N,HOWARD AV,,,,,41.297796,-72.934425,14,Motor Vehicle in Operation,1,Front to rear,1,On Roadway,1,Clear,88,Not Applicable,4,Dark-Lighted,1,Dry,0,None,88,Not Applicable,88,Not Applicable,0,None,88,Not Applicable,88,Not Applicable,2,Intersection,2,Four-Way Intersection,1,No,1,No,88,Not Applicable,88,Not Applicable,88,Not Applicable,88,Not Applicable,FALSE,1,Public Road,1,"Trafficway, On Road",CT0009300,New Haven PD,40819,50:44.0,O,Open,23:13.0,,2,8400,3,PRINCIPAL ARTERIAL - OTHER - NEW HPMS,2,Urban
889837,1,Complete,889837,889837,41.329445,-72.969249,3391934,New Haven,93,93,New Haven,11/10/2021,2021,11,November,10,4,Wednesday,9:12:00,9,21040654,A,"Injury of any type (Serious, Minor, Possible)",A,Suspected Serious Injury (A),2,0,1,3,State,0.75,63,63-N,63-N,,DAYTON ST,150,Feet,W,41.329445,-72.969249,14,Motor Vehicle in Operation,3,Angle,1,On Roadway,1,Clear,88,Not Applicable,1,Daylight,1,Dry,0,None,88,Not Applicable,88,Not Applicable,0,None,88,Not Applicable,88,Not Applicable,8,Driveway Access,1,Not at Intersection,1,No,1,No,88,Not Applicable,88,Not Applicable,88,Not Applicable,88,Not Applicable,FALSE,1,Public Road,1,"Trafficway, On Road",CT0009300,New Haven PD,359,25:01.0,C,Closed,23:17.0,,3,22900,3,PRINCIPAL ARTERIAL - OTHER - NEW HPMS,2,Urban
889844,1,Complete,889844,889844,41.29895,-72.93995,3391941,New Haven,93,93,New Haven,11/10/2021,2021,11,November,10,4,Wednesday,14:28:00,14,21040685,A,"Injury of any type (Serious, Minor, Possible)",C,Possible Injury (C),2,0,0,4,Local,0.1,655,WHITE ST,WHITE ST,,CONGRESS AVE,350,Feet,S,41.29895,-72.93995,14,Motor Vehicle in Operation,1,Front to rear,1,On Roadway,1,Clear,88,Not Applicable,1,Daylight,1,Dry,0,None,88,Not Applicable,88,Not Applicable,0,None,88,Not Applicable,88,Not Applicable,1,Non-Junction,1,Not at Intersection,1,No,1,No,88,Not Applicable,88,Not Applicable,88,Not Applicable,88,Not Applicable,TRUE,1,Public Road,1,"Trafficway, On Road",CT0009300,New Haven PD,708,58:26.0,C,Closed,23:29.0,,,,,,,
889846,1,Complete,889846,889846,41.315921,-72.872878,3391943,New Haven,93,93,New Haven,11/10/2021,2021,11,November,10,4,Wednesday,15:40:00,15,21040697,A,"Injury of any type (Serious, Minor, Possible)",B,Suspected Minor Injury (B),2,0,1,4,Local,0.64,167,EASTERN ST,EASTERN ST,,HEMINGWAY ST,500,Feet,N,41.315921,-72.872878,14,Motor Vehicle in Operation,97,Other,1,On Roadway,1,Clear,88,Not Applicable,1,Daylight,1,Dry,0,None,88,Not Applicable,88,Not Applicable,0,None,88,Not Applicable,88,Not Applicable,1,Non-Junction,1,Not at Intersection,1,No,1,No,88,Not Applicable,88,Not Applicable,88,Not Applicable,88,Not Applicable,FALSE,1,Public Road,1,"Trafficway, On Road",CT0009300,New Haven PD,416,26:01.0,C,Closed,23:24.0,,,,,,,
889848,1,Complete,889848,889848,41.334942,-72.977165,3391945,New Haven,93,93,New Haven,11/10/2021,2021,11,November,10,4,Wednesday,16:00:00,16,21040709,A,"Injury of any type (Serious, Minor, Possible)",C,Possible Injury (C),2,0,0,3,State,1.31,63,63-N,63-N,WRIGHT ST,,,,,41.334942,-72.977165,14,Motor Vehicle in Operation,4,"Sideswipe, same direction",1,On Roadway,1,Clear,88,Not Applicable,5,Dark-Not Lighted,1,Dry,0,None,88,Not Applicable,88,Not Applicable,3,Backup Due to Regular Congestion,88,Not Applicable,88,Not Applicable,2,Intersection,4,Y-Intersection,1,No,1,No,88,Not Applicable,88,Not Applicable,88,Not Applicable,88,Not Applicable,TRUE,1,Public Road,1,"Trafficway, On Road",CT0009300,New Haven PD,402,24:26.0,C,Closed,23:22.0,,3,17100,3,PRINCIPAL ARTERIAL - OTHER - NEW HPMS,2,Urban
889851,1,Complete,889851,889851,41.2923254,-72.921247,3391948,New Haven,93,93,New Haven,11/11/2021,2021,11,November,11,5,Thursday,12:07:00,12,21040735,A,"Injury of any type (Serious, Minor, Possible)",B,Suspected Minor Injury (B),2,0,0,4,Local,0.63,359,SARGENT DR,SARGENT DR,CHURCH ST SOUTH NO 2,,,,,41.2923254,-72.921247,14,Motor Vehicle in Operation,1,Front to rear,1,On Roadway,1,Clear,88,Not Applicable,1,Daylight,1,Dry,0,None,88,Not Applicable,88,Not Applicable,0,None,88,Not Applicable,88,Not Applicable,2,Intersection,3,T-Intersection,1,No,1,No,88,Not Applicable,88,Not Applicable,88,Not Applicable,88,Not Applicable,FALSE,1,Public Road,1,"Trafficway, On Road",CT0009300,New Haven PD,42046,25:12.0,C,Closed,23:35.0,,,,,,,