CrashId,Fatal Case Status,Fatal Case Status Text Format,CrashId,CrashId,Latitude,Longitude,DOT Case Number,Town Name,Town Number,Town Number,Town Number Text Format,Date Of Crash,Year,Month,Month Text Format,Day,Day of the Week,Day of the Week Text Format,Time of Crash,Hour of the Day,Case Identifier,Crash Severity,Crash Severity Text Format,Most Severe Injury,Most Severe Injury Text Format,Number Of Motor Vehicles,Number Of Non-Motorist,Number Of Witnesses,Route Class,Route Class Text Format,Milemarker,Road Number,Road Description,Roadway Name,Intersecting Roadway Name,Landmark Description,Distance From Nearest Landmark,Unit Of Measure From Nearest Landmark,Direction From Nearest Landmark,Latitude,Longitude,First Harmful Event,First Harmful Event Text Format,Manner of Crash / Collision Impact,Manner of Crash / Collision Impact Text Format,Location of First Harmful Event,Location of First Harmful Event Text Format,Weather Condition,Weather Condition Text Format,Weather 2,Weather 2 Text Format,Light Condition,Light Condition Text Format,Road Surface Condition,Road Surface Condition Text Format,"Contributing Circumstances, Environment","Contributing Circumstances, Environment Text Format",Environment 2,Environment 2 Text Format,Environment 3,Environment 3 Text Format,"Contributing Circumstances, Road","Contributing Circumstances, Road Text Format",Road 2,Road 2 Text Format,Road 3,Road 3 Text Format,Crash Specific Location,Crash Specific Location Text Format,Type of Intersection,Type of Intersection Text Format,School Bus Related,School Bus Related Text Format,Work Zone Related,Work Zone Related Text Format,Location Of Crash Relative To Work Zone,Location Of Crash Relative To Work Zone Text Format,Type of Work Zone,Type of Work Zone Text Format,Worker Presence,Worker Presence Text Format,Law Enforcement Presence,Law Enforcement Presence Text Format,Were Vehicles Moved Prior To Police Arrival,Trafficway Ownership,Trafficway Ownership Text Format,Trafficway Class,Trafficway Class Text Format,Police Agency,Police Agency Text Format,Badge Number,Approval Date,Police Case Status,Police Case Status Text Format,Crash Report Submission Date,Related Case Identifiers,No. of Through Lanes (Log Dir.),Average Daily Traffic,Functional Classification,Functional Classification Text Format,Rural or Urban,Rural or Urban Text Format
889965,1,Complete,889965,889965,41.31664,-72.94238,3392062,New Haven,93,93,New Haven,11/16/2021,2021,11,November,16,3,Tuesday,7:34:00,7,21041427,A,"Injury of any type (Serious, Minor, Possible)",C,Possible Injury (C),2,0,0,4,Local,0.77,556,SHERMAN AV,SHERMAN AV,,WHALLEY AVE,100,Feet,S,41.31664,-72.94238,14,Motor Vehicle in Operation,3,Angle,1,On Roadway,1,Clear,88,Not Applicable,1,Daylight,1,Dry,0,None,88,Not Applicable,88,Not Applicable,13,Non-Highway Work,88,Not Applicable,88,Not Applicable,8,Driveway Access,1,Not at Intersection,1,No,1,No,88,Not Applicable,88,Not Applicable,88,Not Applicable,88,Not Applicable,FALSE,1,Public Road,1,"Trafficway, On Road",CT0009300,New Haven PD,238,14:17.0,C,Closed,24:23.0,,,,,,,
889968,1,Complete,889968,889968,41.306251,-72.935571,3392065,New Haven,93,93,New Haven,11/16/2021,2021,11,November,16,3,Tuesday,10:02:00,10,21041464,A,"Injury of any type (Serious, Minor, Possible)",A,Suspected Serious Injury (A),2,0,1,4,Local,0.34,463,PARK ST,PARK ST,GEORGE ST,,,,,41.306251,-72.935571,14,Motor Vehicle in Operation,3,Angle,1,On Roadway,1,Clear,88,Not Applicable,1,Daylight,1,Dry,0,None,88,Not Applicable,88,Not Applicable,0,None,88,Not Applicable,88,Not Applicable,2,Intersection,2,Four-Way Intersection,1,No,1,No,88,Not Applicable,88,Not Applicable,88,Not Applicable,88,Not Applicable,FALSE,1,Public Road,1,"Trafficway, On Road",CT0009300,New Haven PD,324,09:44.0,C,Closed,24:28.0,21041464,,,,,,
889970,1,Complete,889970,889970,41.312915,-72.932181,3392067,New Haven,93,93,New Haven,11/16/2021,2021,11,November,16,3,Tuesday,13:38:00,13,21041505,A,"Injury of any type (Serious, Minor, Possible)",C,Possible Injury (C),2,0,1,4,Local,0.21,596,TOWER PKWY,TOWER PKWY,Dixwell Ave,,,,,41.312915,-72.932181,14,Motor Vehicle in Operation,4,"Sideswipe, same direction",1,On Roadway,1,Clear,88,Not Applicable,1,Daylight,1,Dry,0,None,88,Not Applicable,88,Not Applicable,0,None,88,Not Applicable,88,Not Applicable,2,Intersection,2,Four-Way Intersection,1,No,1,No,88,Not Applicable,88,Not Applicable,88,Not Applicable,88,Not Applicable,FALSE,1,Public Road,1,"Trafficway, On Road",CT0009300,New Haven PD,359,04:11.0,C,Closed,24:30.0,,2,9600,3,PRINCIPAL ARTERIAL - OTHER - NEW HPMS,2,Urban
889974,1,Complete,889974,889974,41.31267,-72.9286,3392071,New Haven,93,93,New Haven,11/16/2021,2021,11,November,16,3,Tuesday,17:45:00,17,21041546,A,"Injury of any type (Serious, Minor, Possible)",C,Possible Injury (C),2,0,0,4,Local,0,596,TOWER PKWY,TOWER PKWY,,BROADWAY,20,Feet,W,41.31267,-72.9286,14,Motor Vehicle in Operation,1,Front to rear,1,On Roadway,1,Clear,88,Not Applicable,1,Daylight,1,Dry,0,None,88,Not Applicable,88,Not Applicable,0,None,88,Not Applicable,88,Not Applicable,1,Non-Junction,1,Not at Intersection,1,No,1,No,88,Not Applicable,88,Not Applicable,88,Not Applicable,88,Not Applicable,FALSE,1,Public Road,1,"Trafficway, On Road",CT0009300,New Haven PD,40808,44:10.0,C,Closed,24:35.0,,,,,,,
889977,1,Complete,889977,889977,41.313874,-72.905363,3392074,New Haven,93,93,New Haven,11/17/2021,2021,11,November,17,4,Wednesday,5:45:00,5,21041601,A,"Injury of any type (Serious, Minor, Possible)",B,Suspected Minor Injury (B),1,1,0,4,Local,0.85,316,HUMPHREY ST,HUMPHREY ST,,James St,350,Feet,W,41.313874,-72.905363,9,Pedestrian,88,Not Applicable,2,Shoulder,1,Clear,88,Not Applicable,5,Dark-Not Lighted,1,Dry,0,None,88,Not Applicable,88,Not Applicable,0,None,88,Not Applicable,88,Not Applicable,1,Non-Junction,1,Not at Intersection,1,No,1,No,88,Not Applicable,88,Not Applicable,88,Not Applicable,88,Not Applicable,FALSE,1,Public Road,1,"Trafficway, On Road",CT0009300,New Haven PD,971,59:13.0,C,Closed,24:27.0,21041601,4,5800,5,MAJOR COLLECTOR - NEW HPMS,2,Urban
889983,1,Complete,889983,889983,41.276103,-72.895981,3392080,New Haven,93,93,New Haven,11/17/2021,2021,11,November,17,4,Wednesday,12:36:00,12,21041629,A,"Injury of any type (Serious, Minor, Possible)",C,Possible Injury (C),1,0,0,3,State,0.96,337,337-E,337-E,,RAYNHAM RD,50,Feet,S,41.276103,-72.895981,33,Utility Pole/Light Support,88,Not Applicable,1,On Roadway,1,Clear,88,Not Applicable,1,Daylight,1,Dry,0,None,0,None,88,Not Applicable,0,None,88,Not Applicable,88,Not Applicable,3,Intersection-Related,3,T-Intersection,1,No,1,No,88,Not Applicable,88,Not Applicable,88,Not Applicable,88,Not Applicable,FALSE,1,Public Road,1,"Trafficway, On Road",CT0009300,New Haven PD,351,18:31.0,C,Closed,24:37.0,,2,9100,4,MINOR ARTERIAL - NEW HPMS,2,Urban
889987,1,Complete,889987,889987,41.308889,-72.909842,3392084,New Haven,93,93,New Haven,11/17/2021,2021,11,November,17,4,Wednesday,15:11:00,15,21041643,A,"Injury of any type (Serious, Minor, Possible)",A,Suspected Serious Injury (A),1,0,2,4,Local,0.49,165,EAST ST,EAST ST,GRAND AV,,,,,41.308889,-72.909842,8,Other Non-Collision,88,Not Applicable,1,On Roadway,1,Clear,88,Not Applicable,1,Daylight,1,Dry,0,None,88,Not Applicable,88,Not Applicable,0,None,88,Not Applicable,88,Not Applicable,2,Intersection,2,Four-Way Intersection,1,No,1,No,88,Not Applicable,88,Not Applicable,88,Not Applicable,88,Not Applicable,FALSE,1,Public Road,1,"Trafficway, On Road",CT0009300,New Haven PD,150,12:20.0,C,Closed,24:32.0,,2,19000,4,MINOR ARTERIAL - NEW HPMS,2,Urban
889992,1,Complete,889992,889992,41.331736,-72.931481,3392089,New Haven,93,93,New Haven,11/18/2021,2021,11,November,18,5,Thursday,1:32:00,1,21041707,A,"Injury of any type (Serious, Minor, Possible)",C,Possible Injury (C),2,0,0,4,Local,0.67,552,SHELTON AV,SHELTON AV,BASSETT ST,,,,,41.331736,-72.931481,14,Motor Vehicle in Operation,3,Angle,1,On Roadway,1,Clear,88,Not Applicable,4,Dark-Lighted,1,Dry,0,None,88,Not Applicable,88,Not Applicable,0,None,88,Not Applicable,88,Not Applicable,2,Intersection,2,Four-Way Intersection,1,No,1,No,88,Not Applicable,88,Not Applicable,88,Not Applicable,88,Not Applicable,FALSE,1,Public Road,1,"Trafficway, On Road",CT0009300,New Haven PD,65,39:48.0,C,Closed,26:39.0,,,,,,,
889993,1,Complete,889993,889993,41.323904,-72.881253,3392090,New Haven,93,93,New Haven,11/18/2021,2021,11,November,18,5,Thursday,7:36:00,7,21041715,A,"Injury of any type (Serious, Minor, Possible)",C,Possible Injury (C),2,0,0,3,State,0.22,17,17-N,17-N,80-W,,,,,41.323904,-72.881253,14,Motor Vehicle in Operation,1,Front to rear,1,On Roadway,1,Clear,88,Not Applicable,1,Daylight,1,Dry,0,None,88,Not Applicable,88,Not Applicable,0,None,88,Not Applicable,88,Not Applicable,2,Intersection,2,Four-Way Intersection,1,No,1,No,88,Not Applicable,88,Not Applicable,88,Not Applicable,88,Not Applicable,TRUE,1,Public Road,1,"Trafficway, On Road",CT0009300,New Haven PD,416,59:33.0,C,Closed,24:41.0,,1,8500,1,INTERSTATE - NEW HPMS,2,Urban
890000,1,Complete,890000,890000,41.315465,-72.942913,3392097,New Haven,93,93,New Haven,11/18/2021,2021,11,November,18,5,Thursday,13:53:00,13,21041758,A,"Injury of any type (Serious, Minor, Possible)",C,Possible Injury (C),2,0,0,4,Local,0.67,556,SHERMAN AV,SHERMAN AV,ELM ST NO 1,,,,,41.315465,-72.942913,14,Motor Vehicle in Operation,3,Angle,1,On Roadway,1,Clear,88,Not Applicable,1,Daylight,1,Dry,0,None,88,Not Applicable,88,Not Applicable,0,None,88,Not Applicable,88,Not Applicable,2,Intersection,2,Four-Way Intersection,1,No,1,No,88,Not Applicable,88,Not Applicable,88,Not Applicable,88,Not Applicable,FALSE,1,Public Road,1,"Trafficway, On Road",CT0009300,New Haven PD,182,40:57.0,C,Closed,24:39.0,,,,,,,
890001,1,Complete,890001,890001,41.328708,-72.956815,3392098,New Haven,93,93,New Haven,11/18/2021,2021,11,November,18,5,Thursday,14:33:00,14,21041761,A,"Injury of any type (Serious, Minor, Possible)",C,Possible Injury (C),2,0,2,4,Local,0.78,56,BLAKE ST,BLAKE ST,,AUSTIN ST,100,Feet,W,41.328708,-72.956815,14,Motor Vehicle in Operation,3,Angle,1,On Roadway,1,Clear,88,Not Applicable,1,Daylight,1,Dry,0,None,88,Not Applicable,88,Not Applicable,0,None,88,Not Applicable,88,Not Applicable,9,Driveway Access-Related,1,Not at Intersection,1,No,1,No,88,Not Applicable,88,Not Applicable,88,Not Applicable,88,Not Applicable,TRUE,1,Public Road,1,"Trafficway, On Road",CT0009300,New Haven PD,281,10:56.0,C,Closed,25:22.0,,,,,,,
890002,1,Complete,890002,890002,41.307344,-72.896888,3392099,New Haven,93,93,New Haven,11/18/2021,2021,11,November,18,5,Thursday,16:14:00,16,21041771,A,"Injury of any type (Serious, Minor, Possible)",B,Suspected Minor Injury (B),2,0,0,4,Local,0.38,487,POPLAR ST,POPLAR ST,EXCHANGE ST,,,,,41.307344,-72.896888,14,Motor Vehicle in Operation,3,Angle,1,On Roadway,1,Clear,88,Not Applicable,99,Unknown,1,Dry,0,None,88,Not Applicable,88,Not Applicable,0,None,88,Not Applicable,88,Not Applicable,2,Intersection,2,Four-Way Intersection,1,No,1,No,88,Not Applicable,88,Not Applicable,88,Not Applicable,88,Not Applicable,FALSE,1,Public Road,1,"Trafficway, On Road",CT0009300,New Haven PD,42057,56:27.0,C,Closed,24:45.0,,,,,,,
890014,1,Complete,890014,890014,41.32612,-72.915799,3392111,New Haven,93,93,New Haven,11/19/2021,2021,11,November,19,6,Friday,7:21:00,7,21041839,A,"Injury of any type (Serious, Minor, Possible)",C,Possible Injury (C),2,0,0,4,Local,1.15,656,WHITNEY AV,WHITNEY AV,COLD SPRING ST,,,,,41.32612,-72.915799,14,Motor Vehicle in Operation,3,Angle,1,On Roadway,1,Clear,88,Not Applicable,1,Daylight,2,Wet,0,None,88,Not Applicable,88,Not Applicable,0,None,88,Not Applicable,88,Not Applicable,2,Intersection,3,T-Intersection,1,No,1,No,88,Not Applicable,88,Not Applicable,88,Not Applicable,88,Not Applicable,FALSE,1,Public Road,1,"Trafficway, On Road",CT0009300,New Haven PD,87,37:51.0,C,Closed,24:47.0,,,,,,,
890015,1,Complete,890015,890015,41.30444,-72.93115,3392112,New Haven,93,93,New Haven,11/19/2021,2021,11,November,19,6,Friday,7:04:00,7,21041840,A,"Injury of any type (Serious, Minor, Possible)",C,Possible Injury (C),2,0,0,4,Local,0.39,809,REV DR MLK JR BLVD,REV DR MLK JR BLVD,,,,,,41.30444,-72.93115,14,Motor Vehicle in Operation,1,Front to rear,1,On Roadway,1,Clear,88,Not Applicable,1,Daylight,1,Dry,0,None,88,Not Applicable,88,Not Applicable,0,None,88,Not Applicable,88,Not Applicable,2,Intersection,2,Four-Way Intersection,1,No,1,No,88,Not Applicable,88,Not Applicable,88,Not Applicable,88,Not Applicable,FALSE,1,Public Road,1,"Trafficway, On Road",CT0009300,New Haven PD,26,42:35.0,C,Closed,24:55.0,,,,,,,
890016,1,Complete,890016,890016,41.320226,-72.871738,3392113,New Haven,93,93,New Haven,11/19/2021,2021,11,November,19,6,Friday,7:34:00,7,21041844,A,"Injury of any type (Serious, Minor, Possible)",C,Possible Injury (C),2,0,0,3,State,0.57,80,80-E,80-E,EASTERN ST,,,,,41.320226,-72.871738,14,Motor Vehicle in Operation,3,Angle,1,On Roadway,1,Clear,88,Not Applicable,1,Daylight,1,Dry,0,None,88,Not Applicable,88,Not Applicable,0,None,88,Not Applicable,88,Not Applicable,2,Intersection,2,Four-Way Intersection,1,No,1,No,88,Not Applicable,88,Not Applicable,88,Not Applicable,88,Not Applicable,FALSE,1,Public Road,1,"Trafficway, On Road",CT0009300,New Haven PD,416,51:52.0,O,Open,24:50.0,,4,32100,3,PRINCIPAL ARTERIAL - OTHER - NEW HPMS,2,Urban
890017,1,Complete,890017,890017,41.320328,-72.871894,3392114,New Haven,93,93,New Haven,11/19/2021,2021,11,November,19,6,Friday,8:13:00,8,21041845,A,"Injury of any type (Serious, Minor, Possible)",C,Possible Injury (C),2,0,0,3,State,0.57,80,80-E,80-E,EASTERN ST,,,,,41.320328,-72.871894,14,Motor Vehicle in Operation,97,Other,1,On Roadway,1,Clear,88,Not Applicable,1,Daylight,1,Dry,0,None,88,Not Applicable,88,Not Applicable,1,Backup Due to Prior Crash,88,Not Applicable,88,Not Applicable,2,Intersection,2,Four-Way Intersection,1,No,1,No,88,Not Applicable,88,Not Applicable,88,Not Applicable,88,Not Applicable,TRUE,1,Public Road,1,"Trafficway, On Road",CT0009300,New Haven PD,416,59:13.0,C,Closed,24:50.0,21041845,4,32100,3,PRINCIPAL ARTERIAL - OTHER - NEW HPMS,2,Urban
890020,1,Complete,890020,890020,41.255773,-72.892622,3392117,New Haven,93,93,New Haven,11/19/2021,2021,11,November,19,6,Friday,10:01:00,10,21041859,A,"Injury of any type (Serious, Minor, Possible)",C,Possible Injury (C),1,0,0,4,Local,0.16,370,LIGHTHOUSE RD,LIGHTHOUSE RD,,COVE STREET,80,Feet,W,41.255773,-72.892622,33,Utility Pole/Light Support,88,Not Applicable,1,On Roadway,1,Clear,1,Clear,1,Daylight,1,Dry,0,None,88,Not Applicable,88,Not Applicable,0,None,88,Not Applicable,88,Not Applicable,2,Intersection,3,T-Intersection,1,No,1,No,88,Not Applicable,88,Not Applicable,88,Not Applicable,88,Not Applicable,FALSE,1,Public Road,1,"Trafficway, On Road",CT0009300,New Haven PD,351,48:22.0,C,Closed,24:46.0,,2,2500,5,MAJOR COLLECTOR - NEW HPMS,2,Urban
890022,1,Complete,890022,890022,41.307439,-72.919194,3392119,New Haven,93,93,New Haven,11/19/2021,2021,11,November,19,6,Friday,11:37:00,11,21041868,A,"Injury of any type (Serious, Minor, Possible)",C,Possible Injury (C),2,0,0,4,Local,1.75,264,GRAND AV,GRAND AV,OLIVE ST,,,,,41.307439,-72.919194,14,Motor Vehicle in Operation,3,Angle,1,On Roadway,1,Clear,88,Not Applicable,1,Daylight,1,Dry,0,None,88,Not Applicable,88,Not Applicable,0,None,88,Not Applicable,88,Not Applicable,3,Intersection-Related,2,Four-Way Intersection,1,No,1,No,88,Not Applicable,88,Not Applicable,88,Not Applicable,88,Not Applicable,FALSE,1,Public Road,1,"Trafficway, On Road",CT0009300,New Haven PD,106,49:54.0,C,Closed,26:31.0,,,,,,,
890050,1,Complete,890050,890050,41.287416,-72.935477,3392147,New Haven,93,93,New Haven,11/19/2021,2021,11,November,19,6,Friday,17:30:00,17,21041911,A,"Injury of any type (Serious, Minor, Possible)",C,Possible Injury (C),2,0,0,4,Local,0.35,339,KIMBERLY AV,KIMBERLY AV,,ELLA T GRASSO BLVD,400,Feet,N,41.287416,-72.935477,14,Motor Vehicle in Operation,1,Front to rear,1,On Roadway,1,Clear,88,Not Applicable,5,Dark-Not Lighted,1,Dry,0,None,88,Not Applicable,88,Not Applicable,3,Backup Due to Regular Congestion,88,Not Applicable,88,Not Applicable,1,Non-Junction,1,Not at Intersection,1,No,1,No,88,Not Applicable,88,Not Applicable,88,Not Applicable,88,Not Applicable,FALSE,1,Public Road,1,"Trafficway, On Road",CT0009300,New Haven PD,42043,26:06.0,C,Closed,25:00.0,,,,,,,
890064,1,Complete,890064,890064,41.301267,-72.935564,3392161,New Haven,93,93,New Haven,11/20/2021,2021,11,November,20,7,Saturday,12:09:00,12,21041987,A,"Injury of any type (Serious, Minor, Possible)",C,Possible Injury (C),2,0,0,4,Local,0.35,308,HOWARD AV,HOWARD AV,CONGRESS AV,,,,,41.301267,-72.935564,14,Motor Vehicle in Operation,1,Front to rear,1,On Roadway,1,Clear,88,Not Applicable,1,Daylight,1,Dry,0,None,88,Not Applicable,88,Not Applicable,0,None,88,Not Applicable,88,Not Applicable,2,Intersection,2,Four-Way Intersection,1,No,1,No,88,Not Applicable,88,Not Applicable,88,Not Applicable,88,Not Applicable,TRUE,1,Public Road,1,"Trafficway, On Road",CT0009300,New Haven PD,251,46:23.0,C,Closed,25:14.0,,,,,,,
890066,1,Complete,890066,890066,41.331265,-72.967881,3392163,New Haven,93,93,New Haven,11/20/2021,2021,11,November,20,7,Saturday,13:15:00,13,21041998,A,"Injury of any type (Serious, Minor, Possible)",C,Possible Injury (C),2,0,0,4,Local,0.7,612,VALLEY ST NO 1,VALLEY ST NO 1,,STRONG ST,100,Feet,W,41.331265,-72.967881,14,Motor Vehicle in Operation,1,Front to rear,1,On Roadway,1,Clear,88,Not Applicable,1,Daylight,1,Dry,0,None,88,Not Applicable,88,Not Applicable,0,None,88,Not Applicable,88,Not Applicable,1,Non-Junction,1,Not at Intersection,1,No,1,No,88,Not Applicable,88,Not Applicable,88,Not Applicable,88,Not Applicable,FALSE,1,Public Road,1,"Trafficway, On Road",CT0009300,New Haven PD,313,44:54.0,C,Closed,25:12.0,,,,,,,
890068,1,Complete,890068,890068,41.29476,-72.93814,3392165,New Haven,93,93,New Haven,11/20/2021,2021,11,November,20,7,Saturday,18:15:00,18,21042008,A,"Injury of any type (Serious, Minor, Possible)",B,Suspected Minor Injury (B),1,1,2,4,Local,0.01,320,HURLBURT ST,HURLBURT ST,PUTNMAN ST,,,,,41.29476,-72.93814,9,Pedestrian,88,Not Applicable,1,On Roadway,1,Clear,88,Not Applicable,4,Dark-Lighted,1,Dry,0,None,88,Not Applicable,88,Not Applicable,0,None,88,Not Applicable,88,Not Applicable,2,Intersection,2,Four-Way Intersection,1,No,1,No,88,Not Applicable,88,Not Applicable,88,Not Applicable,88,Not Applicable,FALSE,1,Public Road,1,"Trafficway, On Road",CT0009300,New Haven PD,40810,51:09.0,O,Open,25:07.0,,1,3900,4,MINOR ARTERIAL - NEW HPMS,2,Urban
890072,1,Complete,890072,890072,41.331507,-72.925491,3392169,New Haven,93,93,New Haven,11/20/2021,2021,11,November,20,7,Saturday,21:06:00,21,21042026,A,"Injury of any type (Serious, Minor, Possible)",C,Possible Injury (C),2,0,0,4,Local,1.11,669,WINCHESTER AV,WINCHESTER AV,HUNTINGTON ST,,,,,41.331507,-72.925491,14,Motor Vehicle in Operation,97,Other,1,On Roadway,1,Clear,88,Not Applicable,4,Dark-Lighted,1,Dry,0,None,88,Not Applicable,88,Not Applicable,0,None,88,Not Applicable,88,Not Applicable,2,Intersection,2,Four-Way Intersection,1,No,1,No,88,Not Applicable,88,Not Applicable,88,Not Applicable,88,Not Applicable,FALSE,1,Public Road,1,"Trafficway, On Road",CT0009300,New Haven PD,42042,28:32.0,C,Closed,25:09.0,,,,,,,
890074,1,Complete,890074,890074,41.310091,-72.930551,3392171,New Haven,93,93,New Haven,11/21/2021,2021,11,November,21,1,Sunday,1:01:00,1,21042046,A,"Injury of any type (Serious, Minor, Possible)",C,Possible Injury (C),2,0,0,4,Local,0.58,766,YORK ST,YORK ST,,ELM ST,235,Feet,S,41.310091,-72.930551,14,Motor Vehicle in Operation,1,Front to rear,1,On Roadway,1,Clear,88,Not Applicable,4,Dark-Lighted,1,Dry,0,None,88,Not Applicable,88,Not Applicable,0,None,88,Not Applicable,88,Not Applicable,1,Non-Junction,1,Not at Intersection,1,No,1,No,88,Not Applicable,88,Not Applicable,88,Not Applicable,88,Not Applicable,FALSE,1,Public Road,1,"Trafficway, On Road",CT0009300,New Haven PD,7,07:36.0,C,Closed,25:10.0,,,,,,,
890080,1,Complete,890080,890080,41.3121748,-72.8962433,3392177,New Haven,93,93,New Haven,11/21/2021,2021,11,November,21,1,Sunday,10:14:00,10,21042066,A,"Injury of any type (Serious, Minor, Possible)",B,Suspected Minor Injury (B),2,0,0,4,Local,0.53,213,FERRY ST,FERRY ST,PINE ST NO 2,,,,,41.3121748,-72.8962433,14,Motor Vehicle in Operation,5,"Sideswipe, opposite direction",1,On Roadway,1,Clear,88,Not Applicable,1,Daylight,1,Dry,0,None,88,Not Applicable,88,Not Applicable,0,None,88,Not Applicable,88,Not Applicable,2,Intersection,2,Four-Way Intersection,1,No,1,No,88,Not Applicable,88,Not Applicable,88,Not Applicable,88,Not Applicable,FALSE,1,Public Road,1,"Trafficway, On Road",CT0009300,New Haven PD,286,17:07.0,C,Closed,25:47.0,,,,,,,
890084,1,Complete,890084,890084,41.325704,-72.914243,3392181,New Haven,93,93,New Haven,11/21/2021,2021,11,November,21,1,Sunday,17:13:00,17,21042099,A,"Injury of any type (Serious, Minor, Possible)",C,Possible Injury (C),2,0,0,4,Local,0.24,116,COLD SPRING ST,COLD SPRING ST,,EVERIT ST,65,Feet,W,41.325704,-72.914243,14,Motor Vehicle in Operation,1,Front to rear,1,On Roadway,1,Clear,88,Not Applicable,4,Dark-Lighted,1,Dry,0,None,88,Not Applicable,88,Not Applicable,0,None,88,Not Applicable,88,Not Applicable,3,Intersection-Related,2,Four-Way Intersection,1,No,1,No,88,Not Applicable,88,Not Applicable,88,Not Applicable,88,Not Applicable,FALSE,1,Public Road,1,"Trafficway, On Road",CT0009300,New Haven PD,42048,57:56.0,C,Closed,25:16.0,,,,,,,
890087,1,Complete,890087,890087,41.3035,-72.91045,3392184,New Haven,93,93,New Haven,11/21/2021,2021,11,November,21,1,Sunday,20:56:00,20,21042121,A,"Injury of any type (Serious, Minor, Possible)",C,Possible Injury (C),1,1,0,4,Local,0.93,97,CHAPEL ST,CHAPEL ST,EAST ST,,,,,41.3035,-72.91045,9,Pedestrian,88,Not Applicable,1,On Roadway,4,Rain,88,Not Applicable,4,Dark-Lighted,2,Wet,0,None,88,Not Applicable,88,Not Applicable,0,None,88,Not Applicable,88,Not Applicable,2,Intersection,2,Four-Way Intersection,1,No,1,No,88,Not Applicable,88,Not Applicable,88,Not Applicable,88,Not Applicable,FALSE,1,Public Road,1,"Trafficway, On Road",CT0009300,New Haven PD,42057,56:51.0,C,Closed,25:17.0,,2,19000,4,MINOR ARTERIAL - NEW HPMS,2,Urban
890091,1,Complete,890091,890091,41.32625,-72.936826,3392188,New Haven,93,93,New Haven,11/22/2021,2021,11,November,22,2,Monday,7:30:00,7,21042138,A,"Injury of any type (Serious, Minor, Possible)",B,Suspected Minor Injury (B),2,0,0,4,Local,0.49,557,SHERMAN PKWY,SHERMAN PKWY,,WEST DIVISION ST,190,Feet,S,41.32625,-72.936826,14,Motor Vehicle in Operation,3,Angle,1,On Roadway,4,Rain,88,Not Applicable,1,Daylight,2,Wet,0,None,88,Not Applicable,88,Not Applicable,0,None,88,Not Applicable,88,Not Applicable,1,Non-Junction,1,Not at Intersection,1,No,1,No,88,Not Applicable,88,Not Applicable,88,Not Applicable,88,Not Applicable,FALSE,1,Public Road,1,"Trafficway, On Road",CT0009300,New Haven PD,87,03:06.0,C,Closed,25:20.0,,,,,,,
890093,1,Complete,890093,890093,41.312755,-72.932856,3392190,New Haven,93,93,New Haven,11/22/2021,2021,11,November,22,2,Monday,9:16:00,9,21042146,A,"Injury of any type (Serious, Minor, Possible)",C,Possible Injury (C),2,0,1,4,Local,0.95,653,WHALLEY AV,WHALLEY AV,HOWE ST,,,,,41.312755,-72.932856,14,Motor Vehicle in Operation,3,Angle,1,On Roadway,4,Rain,88,Not Applicable,1,Daylight,2,Wet,0,None,88,Not Applicable,88,Not Applicable,0,None,88,Not Applicable,88,Not Applicable,2,Intersection,3,T-Intersection,1,No,1,No,88,Not Applicable,88,Not Applicable,88,Not Applicable,88,Not Applicable,FALSE,1,Public Road,1,"Trafficway, On Road",CT0009300,New Haven PD,465,29:51.0,C,Closed,25:22.0,,,,,,,
890094,1,Complete,890094,890094,41.323879,-72.881531,3392191,New Haven,93,93,New Haven,11/22/2021,2021,11,November,22,2,Monday,10:03:00,10,21042148,A,"Injury of any type (Serious, Minor, Possible)",C,Possible Injury (C),3,0,2,3,State,0.22,17,17-N,17-N,80-W,,,,,41.323879,-72.881531,14,Motor Vehicle in Operation,3,Angle,1,On Roadway,4,Rain,88,Not Applicable,1,Daylight,2,Wet,0,None,88,Not Applicable,88,Not Applicable,0,None,88,Not Applicable,88,Not Applicable,2,Intersection,2,Four-Way Intersection,1,No,1,No,88,Not Applicable,88,Not Applicable,88,Not Applicable,88,Not Applicable,FALSE,1,Public Road,1,"Trafficway, On Road",CT0009300,New Haven PD,40807,31:05.0,C,Closed,25:52.0,,1,8500,1,INTERSTATE - NEW HPMS,2,Urban
890097,1,Complete,890097,890097,41.318751,-72.948264,3392194,New Haven,93,93,New Haven,11/22/2021,2021,11,November,22,2,Monday,16:08:00,16,21042188,A,"Injury of any type (Serious, Minor, Possible)",C,Possible Injury (C),1,2,0,4,Local,0.04,653,WHALLEY AV,WHALLEY AV,,10-N,240,Feet,E,41.318751,-72.948264,9,Pedestrian,88,Not Applicable,1,On Roadway,1,Clear,88,Not Applicable,1,Daylight,1,Dry,99,Unknown,88,Not Applicable,88,Not Applicable,0,None,88,Not Applicable,88,Not Applicable,2,Intersection,2,Four-Way Intersection,1,No,1,No,88,Not Applicable,88,Not Applicable,88,Not Applicable,88,Not Applicable,FALSE,1,Public Road,1,"Trafficway, On Road",CT0009300,New Haven PD,11439,52:13.0,C,Closed,25:28.0,,2,21100,3,PRINCIPAL ARTERIAL - OTHER - NEW HPMS,2,Urban