CrashId,Fatal Case Status,Fatal Case Status Text Format,CrashId,CrashId,Latitude,Longitude,DOT Case Number,Town Name,Town Number,Town Number,Town Number Text Format,Date Of Crash,Year,Month,Month Text Format,Day,Day of the Week,Day of the Week Text Format,Time of Crash,Hour of the Day,Case Identifier,Crash Severity,Crash Severity Text Format,Most Severe Injury,Most Severe Injury Text Format,Number Of Motor Vehicles,Number Of Non-Motorist,Number Of Witnesses,Route Class,Route Class Text Format,Milemarker,Road Number,Road Description,Roadway Name,Intersecting Roadway Name,Landmark Description,Distance From Nearest Landmark,Unit Of Measure From Nearest Landmark,Direction From Nearest Landmark,Latitude,Longitude,First Harmful Event,First Harmful Event Text Format,Manner of Crash / Collision Impact,Manner of Crash / Collision Impact Text Format,Location of First Harmful Event,Location of First Harmful Event Text Format,Weather Condition,Weather Condition Text Format,Weather 2,Weather 2 Text Format,Light Condition,Light Condition Text Format,Road Surface Condition,Road Surface Condition Text Format,"Contributing Circumstances, Environment","Contributing Circumstances, Environment Text Format",Environment 2,Environment 2 Text Format,Environment 3,Environment 3 Text Format,"Contributing Circumstances, Road","Contributing Circumstances, Road Text Format",Road 2,Road 2 Text Format,Road 3,Road 3 Text Format,Crash Specific Location,Crash Specific Location Text Format,Type of Intersection,Type of Intersection Text Format,School Bus Related,School Bus Related Text Format,Work Zone Related,Work Zone Related Text Format,Location Of Crash Relative To Work Zone,Location Of Crash Relative To Work Zone Text Format,Type of Work Zone,Type of Work Zone Text Format,Worker Presence,Worker Presence Text Format,Law Enforcement Presence,Law Enforcement Presence Text Format,Were Vehicles Moved Prior To Police Arrival,Trafficway Ownership,Trafficway Ownership Text Format,Trafficway Class,Trafficway Class Text Format,Police Agency,Police Agency Text Format,Badge Number,Approval Date,Police Case Status,Police Case Status Text Format,Crash Report Submission Date,Related Case Identifiers,No. of Through Lanes (Log Dir.),Average Daily Traffic,Functional Classification,Functional Classification Text Format,Rural or Urban,Rural or Urban Text Format
890099,1,Complete,890099,890099,41.302358,-72.932346,3392196,New Haven,93,93,New Haven,11/22/2021,2021,11,November,22,2,Monday,19:37:00,19,21042230,A,"Injury of any type (Serious, Minor, Possible)",C,Possible Injury (C),2,0,0,4,Local,0.74,117,COLLEGE ST,COLLEGE ST,,CONGRESS AVE,30,Feet,N,41.302358,-72.932346,14,Motor Vehicle in Operation,1,Front to rear,1,On Roadway,1,Clear,88,Not Applicable,4,Dark-Lighted,1,Dry,0,None,88,Not Applicable,88,Not Applicable,0,None,88,Not Applicable,88,Not Applicable,1,Non-Junction,1,Not at Intersection,1,No,1,No,88,Not Applicable,88,Not Applicable,88,Not Applicable,88,Not Applicable,FALSE,1,Public Road,1,"Trafficway, On Road",CT0009300,New Haven PD,42370,53:25.0,C,Closed,25:29.0,,,,,,,
890104,1,Complete,890104,890104,41.320226,-72.970038,3392201,New Haven,93,93,New Haven,11/23/2021,2021,11,November,23,3,Tuesday,10:44:00,10,21042290,A,"Injury of any type (Serious, Minor, Possible)",C,Possible Injury (C),2,0,0,3,State,2.88,122,122-N,122-N,EDGEWOOD AV,,,,,41.320226,-72.970038,14,Motor Vehicle in Operation,3,Angle,1,On Roadway,1,Clear,88,Not Applicable,1,Daylight,1,Dry,0,None,88,Not Applicable,88,Not Applicable,0,None,88,Not Applicable,88,Not Applicable,2,Intersection,2,Four-Way Intersection,1,No,1,No,88,Not Applicable,88,Not Applicable,88,Not Applicable,88,Not Applicable,FALSE,1,Public Road,1,"Trafficway, On Road",CT0009300,New Haven PD,324,58:45.0,C,Closed,25:31.0,21042290,2,11700,4,MINOR ARTERIAL - NEW HPMS,2,Urban
890106,1,Complete,890106,890106,41.33342,-72.94862,3392203,New Haven,93,93,New Haven,11/23/2021,2021,11,November,23,3,Tuesday,11:30:00,11,21042304,A,"Injury of any type (Serious, Minor, Possible)",B,Suspected Minor Injury (B),2,0,0,3,State,4.36,10,10-N,10-N,,PINE ROCK AVENUE,300,Feet,S,41.33342,-72.94862,14,Motor Vehicle in Operation,3,Angle,1,On Roadway,1,Clear,88,Not Applicable,1,Daylight,1,Dry,0,None,88,Not Applicable,88,Not Applicable,8,Work Zone (construction / maintenance / utility),88,Not Applicable,88,Not Applicable,1,Non-Junction,1,Not at Intersection,1,No,2,Yes,4,Activity Area,97,Other,2,Yes,1,No,TRUE,1,Public Road,1,"Trafficway, On Road",CT0009300,New Haven PD,381,38:56.0,C,Closed,26:24.0,,4,10600,4,MINOR ARTERIAL - NEW HPMS,2,Urban
890109,1,Complete,890109,890109,41.291005,-72.930916,3392206,New Haven,93,93,New Haven,11/23/2021,2021,11,November,23,3,Tuesday,15:32:00,15,21042326,A,"Injury of any type (Serious, Minor, Possible)",B,Suspected Minor Injury (B),2,0,0,4,Local,0.39,273,HALLOCK AV NO 1,HALLOCK AV NO 1,,LAMBERTON ST,300,Feet,S,41.291005,-72.930916,14,Motor Vehicle in Operation,1,Front to rear,1,On Roadway,1,Clear,88,Not Applicable,1,Daylight,1,Dry,0,None,88,Not Applicable,88,Not Applicable,0,None,88,Not Applicable,88,Not Applicable,1,Non-Junction,1,Not at Intersection,1,No,1,No,88,Not Applicable,88,Not Applicable,88,Not Applicable,88,Not Applicable,FALSE,1,Public Road,1,"Trafficway, On Road",CT0009300,New Haven PD,40810,50:58.0,C,Closed,25:35.0,,,,,,,
890114,1,Complete,890114,890114,41.318621,-72.945675,3392211,New Haven,93,93,New Haven,11/23/2021,2021,11,November,23,3,Tuesday,15:27:00,15,21042348,A,"Injury of any type (Serious, Minor, Possible)",C,Possible Injury (C),2,0,0,4,Local,0.59,439,NORTON ST,NORTON ST,,WHALLEY AVENUE,100,Feet,N,41.318621,-72.945675,14,Motor Vehicle in Operation,1,Front to rear,2,Shoulder,1,Clear,88,Not Applicable,1,Daylight,1,Dry,0,None,88,Not Applicable,88,Not Applicable,0,None,88,Not Applicable,88,Not Applicable,1,Non-Junction,1,Not at Intersection,1,No,1,No,88,Not Applicable,88,Not Applicable,88,Not Applicable,88,Not Applicable,TRUE,1,Public Road,1,"Trafficway, On Road",CT0009300,New Haven PD,42045,25:25.0,C,Closed,25:38.0,,,,,,,
890117,1,Complete,890117,890117,41.313588,-72.919404,3392214,New Haven,93,93,New Haven,11/23/2021,2021,11,November,23,3,Tuesday,17:03:00,17,21042361,A,"Injury of any type (Serious, Minor, Possible)",B,Suspected Minor Injury (B),1,2,0,4,Local,0.12,373,LINCOLN ST,LINCOLN ST,BRADLEY ST NO 1,,,,,41.313588,-72.919404,9,Pedestrian,88,Not Applicable,1,On Roadway,1,Clear,88,Not Applicable,4,Dark-Lighted,1,Dry,0,None,88,Not Applicable,88,Not Applicable,0,None,88,Not Applicable,88,Not Applicable,2,Intersection,2,Four-Way Intersection,1,No,1,No,88,Not Applicable,88,Not Applicable,88,Not Applicable,88,Not Applicable,FALSE,1,Public Road,1,"Trafficway, On Road",CT0009300,New Haven PD,42048,12:36.0,O,Open,25:33.0,,2,2567,7,LOCAL - NEW HPMS,2,Urban
890119,1,Complete,890119,890119,41.316185,-72.916272,3392216,New Haven,93,93,New Haven,11/23/2021,2021,11,November,23,3,Tuesday,17:26:00,17,21042365,A,"Injury of any type (Serious, Minor, Possible)",C,Possible Injury (C),2,0,0,4,Local,0.88,450,ORANGE ST NO 1,ORANGE ST NO 1,HUMPHREY ST,,,,,41.316185,-72.916272,14,Motor Vehicle in Operation,3,Angle,1,On Roadway,1,Clear,88,Not Applicable,4,Dark-Lighted,1,Dry,0,None,88,Not Applicable,88,Not Applicable,0,None,88,Not Applicable,88,Not Applicable,2,Intersection,2,Four-Way Intersection,1,No,1,No,88,Not Applicable,88,Not Applicable,88,Not Applicable,88,Not Applicable,FALSE,1,Public Road,1,"Trafficway, On Road",CT0009300,New Haven PD,125,50:27.0,C,Closed,25:37.0,,,,,,,
890124,1,Complete,890124,890124,41.305832,-72.921928,3392221,New Haven,93,93,New Haven,11/24/2021,2021,11,November,24,4,Wednesday,9:51:00,9,21042432,A,"Injury of any type (Serious, Minor, Possible)",C,Possible Injury (C),2,0,0,4,Local,1.26,575,STATE ST,STATE ST,COURT ST NO 2,,,,,41.305832,-72.921928,14,Motor Vehicle in Operation,3,Angle,1,On Roadway,1,Clear,88,Not Applicable,1,Daylight,1,Dry,0,None,88,Not Applicable,88,Not Applicable,0,None,88,Not Applicable,88,Not Applicable,2,Intersection,2,Four-Way Intersection,1,No,1,No,88,Not Applicable,88,Not Applicable,88,Not Applicable,88,Not Applicable,FALSE,1,Public Road,1,"Trafficway, On Road",CT0009300,New Haven PD,991,40:14.0,C,Closed,25:44.0,,,,,,,
890130,1,Complete,890130,890130,41.321352,-72.952336,3392227,New Haven,93,93,New Haven,11/24/2021,2021,11,November,24,4,Wednesday,14:20:00,14,21042473,A,"Injury of any type (Serious, Minor, Possible)",C,Possible Injury (C),3,0,0,3,State,3.27,10,10-N,10-N,,WHITTLESEY AVE,100,Feet,N,41.321352,-72.952336,14,Motor Vehicle in Operation,1,Front to rear,1,On Roadway,1,Clear,88,Not Applicable,1,Daylight,1,Dry,0,None,88,Not Applicable,88,Not Applicable,0,None,88,Not Applicable,88,Not Applicable,1,Non-Junction,1,Not at Intersection,1,No,1,No,88,Not Applicable,88,Not Applicable,88,Not Applicable,88,Not Applicable,FALSE,1,Public Road,1,"Trafficway, On Road",CT0009300,New Haven PD,42057,52:21.0,C,Closed,25:48.0,,4,18000,3,PRINCIPAL ARTERIAL - OTHER - NEW HPMS,2,Urban
890134,1,Complete,890134,890134,41.317326,-72.938074,3392231,New Haven,93,93,New Haven,11/24/2021,2021,11,November,24,4,Wednesday,17:16:00,17,21042492,A,"Injury of any type (Serious, Minor, Possible)",C,Possible Injury (C),1,1,0,4,Local,1.15,453,ORCHARD ST,ORCHARD ST,,GOFFE STREET,200,Feet,S,41.317326,-72.938074,9,Pedestrian,88,Not Applicable,1,On Roadway,1,Clear,88,Not Applicable,4,Dark-Lighted,1,Dry,0,None,88,Not Applicable,88,Not Applicable,0,None,88,Not Applicable,88,Not Applicable,1,Non-Junction,1,Not at Intersection,1,No,1,No,88,Not Applicable,88,Not Applicable,88,Not Applicable,88,Not Applicable,FALSE,1,Public Road,1,"Trafficway, On Road",CT0009300,New Haven PD,276,43:28.0,C,Closed,25:49.0,21042492,2,4200,4,MINOR ARTERIAL - NEW HPMS,2,Urban
890140,1,Complete,890140,890140,41.31134,-72.90153,3392237,New Haven,93,93,New Haven,11/25/2021,2021,11,November,25,5,Thursday,4:17:00,4,21042558,A,"Injury of any type (Serious, Minor, Possible)",C,Possible Injury (C),2,0,0,4,Local,0.2,397,MARKET ST,MARKET ST,,MONROE STREET,250,Feet,W,41.31134,-72.90153,14,Motor Vehicle in Operation,1,Front to rear,1,On Roadway,1,Clear,88,Not Applicable,4,Dark-Lighted,1,Dry,0,None,88,Not Applicable,88,Not Applicable,0,None,88,Not Applicable,88,Not Applicable,1,Non-Junction,1,Not at Intersection,1,No,1,No,88,Not Applicable,88,Not Applicable,88,Not Applicable,88,Not Applicable,FALSE,1,Public Road,1,"Trafficway, On Road",CT0009300,New Haven PD,370,46:49.0,C,Closed,28:12.0,,,,,,,
890153,1,Complete,890153,890153,41.305622,-72.933938,3392250,New Haven,93,93,New Haven,11/25/2021,2021,11,November,25,5,Thursday,12:45:00,12,21042584,A,"Injury of any type (Serious, Minor, Possible)",C,Possible Injury (C),2,0,0,4,Local,0.27,766,YORK ST,YORK ST,GEORGE ST,,,,,41.305622,-72.933938,14,Motor Vehicle in Operation,1,Front to rear,1,On Roadway,2,Cloudy,88,Not Applicable,1,Daylight,1,Dry,0,None,88,Not Applicable,88,Not Applicable,0,None,88,Not Applicable,88,Not Applicable,2,Intersection,2,Four-Way Intersection,1,No,1,No,88,Not Applicable,88,Not Applicable,88,Not Applicable,88,Not Applicable,FALSE,1,Public Road,1,"Trafficway, On Road",CT0009300,New Haven PD,137,50:34.0,C,Closed,25:55.0,,,,,,,
890155,1,Complete,890155,890155,41.299114,-72.906492,3392252,New Haven,93,93,New Haven,11/25/2021,2021,11,November,25,5,Thursday,16:00:00,16,21042589,A,"Injury of any type (Serious, Minor, Possible)",A,Suspected Serious Injury (A),1,0,0,2,USRoute,49.23,1,1-N,1-N,,EAST ST,1400,Feet,E,41.299114,-72.906492,22,Bridge Rail,88,Not Applicable,1,On Roadway,1,Clear,88,Not Applicable,1,Daylight,1,Dry,0,None,88,Not Applicable,88,Not Applicable,0,None,88,Not Applicable,88,Not Applicable,1,Non-Junction,1,Not at Intersection,1,No,1,No,88,Not Applicable,88,Not Applicable,88,Not Applicable,88,Not Applicable,FALSE,1,Public Road,1,"Trafficway, On Road",CT0009300,New Haven PD,416,58:20.0,O,Open,25:58.0,,4,12400,3,PRINCIPAL ARTERIAL - OTHER - NEW HPMS,2,Urban
890156,1,Complete,890156,890156,41.288771,-72.892624,3392253,New Haven,93,93,New Haven,11/25/2021,2021,11,November,25,5,Thursday,18:10:00,18,21042594,A,"Injury of any type (Serious, Minor, Possible)",C,Possible Injury (C),2,0,0,3,State,0.07,337,337-E,337-E,MAIN ST NO 2,,,,,41.288771,-72.892624,14,Motor Vehicle in Operation,3,Angle,1,On Roadway,1,Clear,88,Not Applicable,4,Dark-Lighted,1,Dry,0,None,88,Not Applicable,88,Not Applicable,0,None,88,Not Applicable,88,Not Applicable,2,Intersection,2,Four-Way Intersection,1,No,1,No,88,Not Applicable,88,Not Applicable,88,Not Applicable,88,Not Applicable,FALSE,1,Public Road,1,"Trafficway, On Road",CT0009300,New Haven PD,42049,17:34.0,C,Closed,25:57.0,,4,14000,4,MINOR ARTERIAL - NEW HPMS,2,Urban
890160,1,Complete,890160,890160,41.328414,-72.962034,3392257,New Haven,93,93,New Haven,11/27/2021,2021,11,November,27,7,Saturday,0:44:00,0,21042614,A,"Injury of any type (Serious, Minor, Possible)",C,Possible Injury (C),2,0,0,3,State,0.36,63,63-N,63-N,HARRISON ST,,,,,41.328414,-72.962034,14,Motor Vehicle in Operation,3,Angle,1,On Roadway,4,Rain,88,Not Applicable,4,Dark-Lighted,2,Wet,0,None,88,Not Applicable,88,Not Applicable,0,None,88,Not Applicable,88,Not Applicable,2,Intersection,2,Four-Way Intersection,1,No,1,No,88,Not Applicable,88,Not Applicable,88,Not Applicable,88,Not Applicable,FALSE,1,Public Road,1,"Trafficway, On Road",CT0009300,New Haven PD,42056,14:48.0,C,Closed,27:05.0,,2,20300,3,PRINCIPAL ARTERIAL - OTHER - NEW HPMS,2,Urban
890161,1,Complete,890161,890161,41.288642,-72.892574,3392258,New Haven,93,93,New Haven,11/26/2021,2021,11,November,26,6,Friday,6:59:00,6,21042627,A,"Injury of any type (Serious, Minor, Possible)",C,Possible Injury (C),2,0,0,3,State,0.07,337,337-E,337-E,MAIN ST NO 2,,,,,41.288642,-72.892574,14,Motor Vehicle in Operation,1,Front to rear,1,On Roadway,4,Rain,88,Not Applicable,1,Daylight,2,Wet,0,None,88,Not Applicable,88,Not Applicable,0,None,88,Not Applicable,88,Not Applicable,2,Intersection,2,Four-Way Intersection,1,No,1,No,88,Not Applicable,88,Not Applicable,88,Not Applicable,88,Not Applicable,TRUE,1,Public Road,1,"Trafficway, On Road",CT0009300,New Haven PD,416,02:22.0,O,Open,26:02.0,,4,14000,4,MINOR ARTERIAL - NEW HPMS,2,Urban
890163,1,Complete,890163,890163,41.293132,-72.943886,3392260,New Haven,93,93,New Haven,11/26/2021,2021,11,November,26,6,Friday,12:10:00,12,21042651,A,"Injury of any type (Serious, Minor, Possible)",C,Possible Injury (C),2,0,0,3,State,1.07,10,10-N,10-N,ADELINE ST,,,,,41.293132,-72.943886,14,Motor Vehicle in Operation,3,Angle,1,On Roadway,4,Rain,4,Rain,1,Daylight,2,Wet,0,None,88,Not Applicable,88,Not Applicable,0,None,88,Not Applicable,88,Not Applicable,2,Intersection,3,T-Intersection,1,No,1,No,88,Not Applicable,88,Not Applicable,88,Not Applicable,88,Not Applicable,FALSE,1,Public Road,1,"Trafficway, On Road",CT0009300,New Haven PD,301,56:52.0,C,Closed,26:03.0,,4,20200,3,PRINCIPAL ARTERIAL - OTHER - NEW HPMS,2,Urban
890167,1,Complete,890167,890167,41.31172,-72.899894,3392264,New Haven,93,93,New Haven,11/26/2021,2021,11,November,26,6,Friday,17:39:00,17,21042673,A,"Injury of any type (Serious, Minor, Possible)",C,Possible Injury (C),2,0,0,4,Local,0.6,57,BLATCHLEY AV,BLATCHLEY AV,PINE ST NO 1,,,,,41.31172,-72.899894,14,Motor Vehicle in Operation,97,Other,1,On Roadway,1,Clear,88,Not Applicable,4,Dark-Lighted,1,Dry,0,None,88,Not Applicable,88,Not Applicable,0,None,88,Not Applicable,88,Not Applicable,3,Intersection-Related,2,Four-Way Intersection,1,No,1,No,88,Not Applicable,88,Not Applicable,88,Not Applicable,88,Not Applicable,FALSE,1,Public Road,1,"Trafficway, On Road",CT0009300,New Haven PD,40815,45:52.0,C,Closed,26:05.0,,,,,,,
890169,1,Complete,890169,890169,41.313045,-72.952123,3392266,New Haven,93,93,New Haven,11/26/2021,2021,11,November,26,6,Friday,19:57:00,19,21042684,A,"Injury of any type (Serious, Minor, Possible)",C,Possible Injury (C),2,0,0,3,State,2.59,10,10-N,10-N,CHAPEL ST,,,,,41.313045,-72.952123,14,Motor Vehicle in Operation,3,Angle,1,On Roadway,1,Clear,88,Not Applicable,4,Dark-Lighted,1,Dry,0,None,88,Not Applicable,88,Not Applicable,0,None,88,Not Applicable,88,Not Applicable,2,Intersection,2,Four-Way Intersection,1,No,1,No,88,Not Applicable,88,Not Applicable,88,Not Applicable,88,Not Applicable,FALSE,1,Public Road,1,"Trafficway, On Road",CT0009300,New Haven PD,261,39:35.0,C,Closed,26:07.0,,2,19700,3,PRINCIPAL ARTERIAL - OTHER - NEW HPMS,2,Urban
890173,1,Complete,890173,890173,41.302804,-72.928256,3392270,New Haven,93,93,New Haven,11/26/2021,2021,11,November,26,6,Friday,23:46:00,23,21042704,A,"Injury of any type (Serious, Minor, Possible)",C,Possible Injury (C),2,0,1,4,Local,0.19,809,REV DR MLK JR BLVD,REV DR MLK JR BLVD,CHURCH ST SOUTH NO 1,,,,,41.302804,-72.928256,14,Motor Vehicle in Operation,3,Angle,1,On Roadway,1,Clear,88,Not Applicable,4,Dark-Lighted,1,Dry,0,None,88,Not Applicable,88,Not Applicable,0,None,88,Not Applicable,88,Not Applicable,2,Intersection,2,Four-Way Intersection,1,No,1,No,88,Not Applicable,88,Not Applicable,88,Not Applicable,88,Not Applicable,FALSE,1,Public Road,1,"Trafficway, On Road",CT0009300,New Haven PD,42055,51:55.0,O,Open,26:09.0,,,,,,,
890179,1,Complete,890179,890179,41.301714,-72.927689,3392276,New Haven,93,93,New Haven,11/27/2021,2021,11,November,27,7,Saturday,11:53:00,11,21042741,A,"Injury of any type (Serious, Minor, Possible)",C,Possible Injury (C),2,0,0,4,Local,0.34,564,SOUTH FRONTAGE RD,SOUTH FRONTAGE RD,,S ORANGE ST,100,Feet,N,41.301714,-72.927689,14,Motor Vehicle in Operation,4,"Sideswipe, same direction",1,On Roadway,1,Clear,88,Not Applicable,1,Daylight,1,Dry,0,None,88,Not Applicable,88,Not Applicable,0,None,88,Not Applicable,88,Not Applicable,4,Entrance / Exit Ramp,1,Not at Intersection,1,No,1,No,88,Not Applicable,88,Not Applicable,88,Not Applicable,88,Not Applicable,FALSE,1,Public Road,1,"Trafficway, On Road",CT0009300,New Haven PD,295,32:14.0,C,Closed,26:13.0,,,,,,,
890181,1,Complete,890181,890181,41.305719,-72.933621,3392278,New Haven,93,93,New Haven,11/27/2021,2021,11,November,27,7,Saturday,14:12:00,14,21042750,A,"Injury of any type (Serious, Minor, Possible)",C,Possible Injury (C),2,0,0,4,Local,0.23,766,YORK ST,YORK ST,,N  FRONTAGE RD,40,Feet,N,41.305719,-72.933621,14,Motor Vehicle in Operation,1,Front to rear,1,On Roadway,2,Cloudy,88,Not Applicable,1,Daylight,1,Dry,0,None,88,Not Applicable,88,Not Applicable,0,None,88,Not Applicable,88,Not Applicable,1,Non-Junction,1,Not at Intersection,1,No,1,No,88,Not Applicable,88,Not Applicable,88,Not Applicable,88,Not Applicable,TRUE,1,Public Road,1,"Trafficway, On Road",CT0009300,New Haven PD,40956,57:20.0,C,Closed,26:14.0,,,,,,,
890185,1,Complete,890185,890185,41.326598,-72.946662,3392282,New Haven,93,93,New Haven,11/27/2021,2021,11,November,27,7,Saturday,21:46:00,21,21042801,A,"Injury of any type (Serious, Minor, Possible)",C,Possible Injury (C),3,0,0,4,Local,0.54,690,ELLA T GRASSO BLVD,ELLA T GRASSO BLVD,DYER ST,,,,,41.326598,-72.946662,14,Motor Vehicle in Operation,3,Angle,1,On Roadway,1,Clear,88,Not Applicable,4,Dark-Lighted,1,Dry,0,None,88,Not Applicable,88,Not Applicable,0,None,88,Not Applicable,88,Not Applicable,2,Intersection,2,Four-Way Intersection,1,No,1,No,88,Not Applicable,88,Not Applicable,88,Not Applicable,88,Not Applicable,FALSE,1,Public Road,1,"Trafficway, On Road",CT0009300,New Haven PD,11439,15:11.0,C,Closed,26:17.0,,,,,,,
890186,1,Complete,890186,890186,41.305708,-72.950251,3392283,New Haven,93,93,New Haven,11/27/2021,2021,11,November,27,7,Saturday,23:04:00,23,21042810,A,"Injury of any type (Serious, Minor, Possible)",A,Suspected Serious Injury (A),1,0,0,4,Local,0.11,360,LEGION AV-RT 34,LEGION AV-RT 34,,TYLER ST,60,Feet,W,41.305708,-72.950251,32,Tree (standing),88,Not Applicable,1,On Roadway,1,Clear,88,Not Applicable,4,Dark-Lighted,1,Dry,99,Unknown,88,Not Applicable,88,Not Applicable,0,None,88,Not Applicable,88,Not Applicable,1,Non-Junction,1,Not at Intersection,1,No,1,No,88,Not Applicable,88,Not Applicable,88,Not Applicable,88,Not Applicable,FALSE,1,Public Road,1,"Trafficway, On Road",CT0009300,New Haven PD,476,14:01.0,C,Closed,26:17.0,,2,12200,3,PRINCIPAL ARTERIAL - OTHER - NEW HPMS,2,Urban
890187,1,Complete,890187,890187,41.290993,-72.941411,3392284,New Haven,93,93,New Haven,11/28/2021,2021,11,November,28,1,Sunday,1:58:00,1,21042814,A,"Injury of any type (Serious, Minor, Possible)",C,Possible Injury (C),2,0,0,3,State,0.88,10,10-N,10-N,WASHINGTON AV NO 1,,,,,41.290993,-72.941411,14,Motor Vehicle in Operation,3,Angle,1,On Roadway,1,Clear,88,Not Applicable,4,Dark-Lighted,1,Dry,0,None,88,Not Applicable,88,Not Applicable,0,None,88,Not Applicable,88,Not Applicable,2,Intersection,2,Four-Way Intersection,1,No,1,No,88,Not Applicable,88,Not Applicable,88,Not Applicable,88,Not Applicable,FALSE,1,Public Road,1,"Trafficway, On Road",CT0009300,New Haven PD,40789,15:31.0,C,Closed,26:18.0,,4,20200,3,PRINCIPAL ARTERIAL - OTHER - NEW HPMS,2,Urban
890188,1,Complete,890188,890188,41.331926,-72.93152,3392285,New Haven,93,93,New Haven,11/28/2021,2021,11,November,28,1,Sunday,2:21:00,2,21042817,A,"Injury of any type (Serious, Minor, Possible)",C,Possible Injury (C),1,0,0,4,Local,0.68,552,SHELTON AV,SHELTON AV,,BASSETT ST,65,Feet,N,41.331926,-72.93152,32,Tree (standing),88,Not Applicable,1,On Roadway,1,Clear,88,Not Applicable,6,Dark-Unknown Lighting,1,Dry,0,None,88,Not Applicable,88,Not Applicable,0,None,88,Not Applicable,88,Not Applicable,3,Intersection-Related,2,Four-Way Intersection,1,No,1,No,88,Not Applicable,88,Not Applicable,88,Not Applicable,88,Not Applicable,FALSE,1,Public Road,1,"Trafficway, On Road",CT0009300,New Haven PD,42369,16:50.0,C,Closed,26:20.0,,2,6200,5,MAJOR COLLECTOR - NEW HPMS,2,Urban
890191,1,Complete,890191,890191,41.332503,-72.935584,3392288,New Haven,93,93,New Haven,11/28/2021,2021,11,November,28,1,Sunday,13:14:00,13,21042835,A,"Injury of any type (Serious, Minor, Possible)",C,Possible Injury (C),2,0,0,4,Local,0.19,42,BASSETT ST,BASSETT ST,,DIXWELL AVE,105,Feet,W,41.332503,-72.935584,14,Motor Vehicle in Operation,3,Angle,1,On Roadway,2,Cloudy,88,Not Applicable,1,Daylight,2,Wet,0,None,88,Not Applicable,88,Not Applicable,0,None,88,Not Applicable,88,Not Applicable,3,Intersection-Related,2,Four-Way Intersection,1,No,1,No,88,Not Applicable,88,Not Applicable,88,Not Applicable,88,Not Applicable,FALSE,1,Public Road,1,"Trafficway, On Road",CT0009300,New Haven PD,87,24:29.0,C,Closed,27:29.0,,,,,,,
890193,1,Complete,890193,890193,41.297481,-72.947889,3392290,New Haven,93,93,New Haven,11/28/2021,2021,11,November,28,1,Sunday,15:56:00,15,21042843,A,"Injury of any type (Serious, Minor, Possible)",C,Possible Injury (C),2,0,0,2,USRoute,46.69,1,1-N,1-N,DAVENPORT AV,,,,,41.297481,-72.947889,14,Motor Vehicle in Operation,4,"Sideswipe, same direction",1,On Roadway,1,Clear,88,Not Applicable,1,Daylight,1,Dry,0,None,88,Not Applicable,88,Not Applicable,0,None,88,Not Applicable,88,Not Applicable,2,Intersection,3,T-Intersection,1,No,1,No,88,Not Applicable,88,Not Applicable,88,Not Applicable,88,Not Applicable,TRUE,1,Public Road,1,"Trafficway, On Road",CT0009300,New Haven PD,476,14:33.0,C,Closed,26:22.0,,4,20700,3,PRINCIPAL ARTERIAL - OTHER - NEW HPMS,2,Urban
890195,1,Complete,890195,890195,41.29768,-72.94091,3392292,New Haven,93,93,New Haven,11/28/2021,2021,11,November,28,1,Sunday,18:04:00,18,21042861,A,"Injury of any type (Serious, Minor, Possible)",C,Possible Injury (C),2,0,0,2,USRoute,47.05,1,1-N,1-N,WEST ST,,,,,41.29768,-72.94091,14,Motor Vehicle in Operation,1,Front to rear,1,On Roadway,1,Clear,88,Not Applicable,3,Dusk,1,Dry,0,None,88,Not Applicable,88,Not Applicable,0,None,88,Not Applicable,88,Not Applicable,2,Intersection,2,Four-Way Intersection,1,No,1,No,88,Not Applicable,88,Not Applicable,88,Not Applicable,88,Not Applicable,FALSE,1,Public Road,1,"Trafficway, On Road",CT0009300,New Haven PD,42370,51:40.0,O,Open,26:21.0,,2,8600,3,PRINCIPAL ARTERIAL - OTHER - NEW HPMS,2,Urban
890196,1,Complete,890196,890196,41.308878,-72.897156,3392293,New Haven,93,93,New Haven,11/28/2021,2021,11,November,28,1,Sunday,19:20:00,19,21042866,A,"Injury of any type (Serious, Minor, Possible)",C,Possible Injury (C),1,1,0,4,Local,0.59,264,GRAND AV,GRAND AV,POPLAR ST,,,,,41.308878,-72.897156,9,Pedestrian,88,Not Applicable,1,On Roadway,1,Clear,88,Not Applicable,4,Dark-Lighted,1,Dry,0,None,88,Not Applicable,88,Not Applicable,0,None,88,Not Applicable,88,Not Applicable,11,Through Roadway,1,Not at Intersection,1,No,1,No,88,Not Applicable,88,Not Applicable,88,Not Applicable,88,Not Applicable,FALSE,1,Public Road,1,"Trafficway, On Road",CT0009300,New Haven PD,40793,58:17.0,O,Open,26:23.0,21-042866,2,14400,4,MINOR ARTERIAL - NEW HPMS,2,Urban