CrashId,Fatal Case Status,Fatal Case Status Text Format,CrashId,CrashId,Latitude,Longitude,DOT Case Number,Town Name,Town Number,Town Number,Town Number Text Format,Date Of Crash,Year,Month,Month Text Format,Day,Day of the Week,Day of the Week Text Format,Time of Crash,Hour of the Day,Case Identifier,Crash Severity,Crash Severity Text Format,Most Severe Injury,Most Severe Injury Text Format,Number Of Motor Vehicles,Number Of Non-Motorist,Number Of Witnesses,Route Class,Route Class Text Format,Milemarker,Road Number,Road Description,Roadway Name,Intersecting Roadway Name,Landmark Description,Distance From Nearest Landmark,Unit Of Measure From Nearest Landmark,Direction From Nearest Landmark,Latitude,Longitude,First Harmful Event,First Harmful Event Text Format,Manner of Crash / Collision Impact,Manner of Crash / Collision Impact Text Format,Location of First Harmful Event,Location of First Harmful Event Text Format,Weather Condition,Weather Condition Text Format,Weather 2,Weather 2 Text Format,Light Condition,Light Condition Text Format,Road Surface Condition,Road Surface Condition Text Format,"Contributing Circumstances, Environment","Contributing Circumstances, Environment Text Format",Environment 2,Environment 2 Text Format,Environment 3,Environment 3 Text Format,"Contributing Circumstances, Road","Contributing Circumstances, Road Text Format",Road 2,Road 2 Text Format,Road 3,Road 3 Text Format,Crash Specific Location,Crash Specific Location Text Format,Type of Intersection,Type of Intersection Text Format,School Bus Related,School Bus Related Text Format,Work Zone Related,Work Zone Related Text Format,Location Of Crash Relative To Work Zone,Location Of Crash Relative To Work Zone Text Format,Type of Work Zone,Type of Work Zone Text Format,Worker Presence,Worker Presence Text Format,Law Enforcement Presence,Law Enforcement Presence Text Format,Were Vehicles Moved Prior To Police Arrival,Trafficway Ownership,Trafficway Ownership Text Format,Trafficway Class,Trafficway Class Text Format,Police Agency,Police Agency Text Format,Badge Number,Approval Date,Police Case Status,Police Case Status Text Format,Crash Report Submission Date,Related Case Identifiers,No. of Through Lanes (Log Dir.),Average Daily Traffic,Functional Classification,Functional Classification Text Format,Rural or Urban,Rural or Urban Text Format
890198,1,Complete,890198,890198,41.2969,-72.94823,3392295,New Haven,93,93,New Haven,11/29/2021,2021,11,November,29,2,Monday,16:12:00,16,21042990,A,"Injury of any type (Serious, Minor, Possible)",C,Possible Injury (C),2,0,0,3,State,1.42,10,10-N,10-N,,RT 1,350,Feet,S,41.2969,-72.94823,14,Motor Vehicle in Operation,4,"Sideswipe, same direction",1,On Roadway,1,Clear,88,Not Applicable,99,Unknown,1,Dry,0,None,88,Not Applicable,88,Not Applicable,0,None,88,Not Applicable,88,Not Applicable,3,Intersection-Related,2,Four-Way Intersection,1,No,1,No,88,Not Applicable,88,Not Applicable,88,Not Applicable,88,Not Applicable,FALSE,1,Public Road,1,"Trafficway, On Road",CT0009300,New Haven PD,42366,45:32.0,C,Closed,26:26.0,,4,20200,3,PRINCIPAL ARTERIAL - OTHER - NEW HPMS,2,Urban
890202,1,Complete,890202,890202,41.312909,-72.932093,3392299,New Haven,93,93,New Haven,11/29/2021,2021,11,November,29,2,Monday,17:55:00,17,21043004,A,"Injury of any type (Serious, Minor, Possible)",C,Possible Injury (C),2,0,0,4,Local,0.23,596,TOWER PKWY,TOWER PKWY,GOFFE ST,,,,,41.312909,-72.932093,14,Motor Vehicle in Operation,1,Front to rear,1,On Roadway,1,Clear,88,Not Applicable,4,Dark-Lighted,1,Dry,0,None,88,Not Applicable,88,Not Applicable,0,None,88,Not Applicable,88,Not Applicable,3,Intersection-Related,4,Y-Intersection,1,No,1,No,88,Not Applicable,88,Not Applicable,88,Not Applicable,88,Not Applicable,TRUE,1,Public Road,1,"Trafficway, On Road",CT0009300,New Haven PD,97,01:34.0,C,Closed,26:27.0,,,,,,,
890203,1,Complete,890203,890203,41.30158,-72.94119,3392300,New Haven,93,93,New Haven,11/29/2021,2021,11,November,29,2,Monday,17:28:00,17,21043006,A,"Injury of any type (Serious, Minor, Possible)",C,Possible Injury (C),2,0,0,4,Local,0,453,ORCHARD ST,ORCHARD ST,DAVENPORT AV,,,,,41.30158,-72.94119,14,Motor Vehicle in Operation,3,Angle,1,On Roadway,1,Clear,88,Not Applicable,5,Dark-Not Lighted,1,Dry,0,None,88,Not Applicable,88,Not Applicable,0,None,88,Not Applicable,88,Not Applicable,2,Intersection,3,T-Intersection,1,No,1,No,88,Not Applicable,88,Not Applicable,88,Not Applicable,88,Not Applicable,FALSE,1,Public Road,1,"Trafficway, On Road",CT0009300,New Haven PD,42370,30:15.0,C,Closed,26:28.0,,,,,,,
890206,1,Complete,890206,890206,41.32088,-72.874044,3392303,New Haven,93,93,New Haven,11/29/2021,2021,11,November,29,2,Monday,19:45:00,19,21043018,A,"Injury of any type (Serious, Minor, Possible)",C,Possible Injury (C),2,0,0,3,State,0.44,80,80-E,80-E,103-N,,,,,41.32088,-72.874044,14,Motor Vehicle in Operation,3,Angle,1,On Roadway,1,Clear,88,Not Applicable,4,Dark-Lighted,1,Dry,0,None,88,Not Applicable,88,Not Applicable,0,None,88,Not Applicable,88,Not Applicable,2,Intersection,2,Four-Way Intersection,1,No,1,No,88,Not Applicable,88,Not Applicable,88,Not Applicable,88,Not Applicable,FALSE,1,Public Road,1,"Trafficway, On Road",CT0009300,New Haven PD,409,24:46.0,C,Closed,26:36.0,,4,32100,3,PRINCIPAL ARTERIAL - OTHER - NEW HPMS,2,Urban
890213,1,Complete,890213,890213,41.322639,-72.947074,3392310,New Haven,93,93,New Haven,11/30/2021,2021,11,November,30,3,Tuesday,15:00:00,15,21043141,A,"Injury of any type (Serious, Minor, Possible)",A,Suspected Serious Injury (A),1,0,0,4,Local,0.21,258,GOFFE TER,GOFFE TER,,COLONY RD,50,Feet,W,41.322639,-72.947074,33,Utility Pole/Light Support,88,Not Applicable,1,On Roadway,1,Clear,88,Not Applicable,1,Daylight,1,Dry,0,None,88,Not Applicable,88,Not Applicable,0,None,88,Not Applicable,88,Not Applicable,1,Non-Junction,1,Not at Intersection,1,No,1,No,88,Not Applicable,88,Not Applicable,88,Not Applicable,88,Not Applicable,FALSE,1,Public Road,1,"Trafficway, On Road",CT0009300,New Haven PD,40803,22:25.0,O,Open,26:37.0,,2,6700,4,MINOR ARTERIAL - NEW HPMS,2,Urban
890217,1,Complete,890217,890217,41.327717,-72.937073,921294,New Haven,93,93,New Haven,11/30/2021,2021,11,November,30,3,Tuesday,20:14:00,20,21043183,K,Fatal (Kill),K,Fatal Injury (K),1,0,2,4,Local,0.59,557,SHERMAN PKWY,SHERMAN PKWY,,HARDING PL,30,Feet,N,41.327717,-72.937073,32,Tree (standing),88,Not Applicable,4,Roadside,1,Clear,88,Not Applicable,4,Dark-Lighted,1,Dry,0,None,88,Not Applicable,88,Not Applicable,0,None,88,Not Applicable,88,Not Applicable,1,Non-Junction,1,Not at Intersection,1,No,1,No,88,Not Applicable,88,Not Applicable,88,Not Applicable,88,Not Applicable,FALSE,1,Public Road,1,"Trafficway, On Road",CT0009300,New Haven PD,991,39:07.0,O,Open,26:39.0,,4,6300,4,MINOR ARTERIAL - NEW HPMS,2,Urban
890221,1,Complete,890221,890221,41.325233,-72.956804,3392318,New Haven,93,93,New Haven,12/1/2021,2021,12,December,1,4,Wednesday,10:48:00,10,21043237,A,"Injury of any type (Serious, Minor, Possible)",C,Possible Injury (C),2,0,0,3,State,3.62,10,10-N,10-N,,63-N,100,Feet,E,41.325233,-72.956804,14,Motor Vehicle in Operation,1,Front to rear,1,On Roadway,1,Clear,88,Not Applicable,1,Daylight,1,Dry,0,None,88,Not Applicable,88,Not Applicable,0,None,88,Not Applicable,88,Not Applicable,2,Intersection,3,T-Intersection,1,No,1,No,88,Not Applicable,88,Not Applicable,88,Not Applicable,88,Not Applicable,FALSE,1,Public Road,1,"Trafficway, On Road",CT0009300,New Haven PD,324,40:15.0,C,Closed,26:53.0,,2,8800,4,MINOR ARTERIAL - NEW HPMS,2,Urban
890230,1,Complete,890230,890230,41.32745,-72.953455,3392327,New Haven,93,93,New Haven,12/1/2021,2021,12,December,1,4,Wednesday,17:00:00,17,21043299,A,"Injury of any type (Serious, Minor, Possible)",C,Possible Injury (C),2,0,0,3,State,3.86,10,10-N,10-N,BLAKE ST,,,,,41.32745,-72.953455,14,Motor Vehicle in Operation,3,Angle,1,On Roadway,1,Clear,88,Not Applicable,1,Daylight,1,Dry,0,None,88,Not Applicable,88,Not Applicable,3,Backup Due to Regular Congestion,88,Not Applicable,88,Not Applicable,2,Intersection,2,Four-Way Intersection,1,No,1,No,88,Not Applicable,88,Not Applicable,88,Not Applicable,88,Not Applicable,TRUE,1,Public Road,1,"Trafficway, On Road",CT0009300,New Haven PD,40803,19:57.0,C,Closed,26:46.0,,2,13100,4,MINOR ARTERIAL - NEW HPMS,2,Urban
890237,1,Complete,890237,890237,41.333098,-72.96711,3392334,New Haven,93,93,New Haven,12/2/2021,2021,12,December,2,5,Thursday,3:01:00,3,21043360,A,"Injury of any type (Serious, Minor, Possible)",C,Possible Injury (C),3,0,0,4,Local,0.25,519,ROCK CREEK RD NO 1,ROCK CREEK RD NO 1,,STRONG ST,400,Feet,N,41.333098,-72.96711,14,Motor Vehicle in Operation,2,Front to front,1,On Roadway,4,Rain,88,Not Applicable,4,Dark-Lighted,2,Wet,1,Weather Conditions,88,Not Applicable,88,Not Applicable,5,"Road Surface Condition (wet, icy, snow, slush, etc.)",88,Not Applicable,88,Not Applicable,3,Intersection-Related,3,T-Intersection,1,No,1,No,88,Not Applicable,88,Not Applicable,88,Not Applicable,88,Not Applicable,FALSE,1,Public Road,1,"Trafficway, On Road",CT0009300,New Haven PD,86,25:20.0,C,Closed,26:51.0,,,,,,,
890239,1,Complete,890239,890239,41.331892,-72.974191,3392336,New Haven,93,93,New Haven,12/2/2021,2021,12,December,2,5,Thursday,9:02:00,9,21043372,A,"Injury of any type (Serious, Minor, Possible)",B,Suspected Minor Injury (B),2,0,0,3,State,1.06,63,63-N,63-N,ANTHONY ST,,,,,41.331892,-72.974191,14,Motor Vehicle in Operation,3,Angle,1,On Roadway,1,Clear,88,Not Applicable,1,Daylight,1,Dry,2,Visual Obstruction(s),88,Not Applicable,88,Not Applicable,0,None,88,Not Applicable,88,Not Applicable,2,Intersection,3,T-Intersection,1,No,1,No,88,Not Applicable,88,Not Applicable,88,Not Applicable,88,Not Applicable,FALSE,1,Public Road,1,"Trafficway, On Road",CT0009300,New Haven PD,313,25:30.0,C,Closed,26:52.0,,4,22900,3,PRINCIPAL ARTERIAL - OTHER - NEW HPMS,2,Urban
890244,1,Complete,890244,890244,41.28716,-72.9371,3392341,New Haven,93,93,New Haven,12/2/2021,2021,12,December,2,5,Thursday,15:58:00,15,21043432,A,"Injury of any type (Serious, Minor, Possible)",C,Possible Injury (C),2,0,0,3,State,0.54,10,10-N,10-N,PLYMOUTH ST,,,,,41.28716,-72.9371,14,Motor Vehicle in Operation,3,Angle,1,On Roadway,1,Clear,88,Not Applicable,1,Daylight,1,Dry,0,None,88,Not Applicable,88,Not Applicable,0,None,88,Not Applicable,88,Not Applicable,2,Intersection,3,T-Intersection,1,No,1,No,88,Not Applicable,88,Not Applicable,88,Not Applicable,88,Not Applicable,FALSE,1,Public Road,1,"Trafficway, On Road",CT0009300,New Haven PD,40819,04:03.0,C,Closed,27:00.0,,4,17900,3,PRINCIPAL ARTERIAL - OTHER - NEW HPMS,2,Urban
890245,1,Complete,890245,890245,41.293763,-72.936823,3392342,New Haven,93,93,New Haven,12/2/2021,2021,12,December,2,5,Thursday,16:12:00,16,21043433,A,"Injury of any type (Serious, Minor, Possible)",B,Suspected Minor Injury (B),2,0,0,4,Local,0.13,571,SPRING ST,SPRING ST,BUTTON ST,,,,,41.293763,-72.936823,14,Motor Vehicle in Operation,3,Angle,1,On Roadway,1,Clear,88,Not Applicable,3,Dusk,1,Dry,0,None,88,Not Applicable,88,Not Applicable,0,None,88,Not Applicable,88,Not Applicable,2,Intersection,2,Four-Way Intersection,1,No,1,No,88,Not Applicable,88,Not Applicable,88,Not Applicable,88,Not Applicable,FALSE,1,Public Road,1,"Trafficway, On Road",CT0009300,New Haven PD,40810,30:58.0,C,Closed,26:56.0,,,,,,,
890248,1,Complete,890248,890248,41.314822,-72.898576,3392345,New Haven,93,93,New Haven,12/2/2021,2021,12,December,2,5,Thursday,17:14:00,17,21043449,A,"Injury of any type (Serious, Minor, Possible)",C,Possible Injury (C),2,0,0,4,Local,0.29,379,LOMBARD ST,LOMBARD ST,POPLAR ST,,,,,41.314822,-72.898576,14,Motor Vehicle in Operation,4,"Sideswipe, same direction",1,On Roadway,1,Clear,88,Not Applicable,4,Dark-Lighted,1,Dry,0,None,88,Not Applicable,88,Not Applicable,0,None,88,Not Applicable,88,Not Applicable,3,Intersection-Related,3,T-Intersection,1,No,1,No,88,Not Applicable,88,Not Applicable,88,Not Applicable,88,Not Applicable,FALSE,1,Public Road,1,"Trafficway, On Road",CT0009300,New Haven PD,40786,19:16.0,C,Closed,27:03.0,,,,,,,
890376,1,Complete,890376,890376,41.3155,-72.93921,3392473,New Haven,93,93,New Haven,12/2/2021,2021,12,December,2,5,Thursday,17:24:00,17,21043464,A,"Injury of any type (Serious, Minor, Possible)",C,Possible Injury (C),2,0,1,4,Local,0.56,653,WHALLEY AV,WHALLEY AV,ORCHARD ST,,,,,41.3155,-72.93921,14,Motor Vehicle in Operation,3,Angle,1,On Roadway,1,Clear,88,Not Applicable,4,Dark-Lighted,1,Dry,0,None,88,Not Applicable,88,Not Applicable,0,None,88,Not Applicable,88,Not Applicable,2,Intersection,2,Four-Way Intersection,1,No,1,No,88,Not Applicable,88,Not Applicable,88,Not Applicable,88,Not Applicable,FALSE,1,Public Road,1,"Trafficway, On Road",CT0009300,New Haven PD,40804,15:48.0,C,Closed,26:58.0,,,,,,,
890387,1,Complete,890387,890387,41.327296,-72.972157,3392484,New Haven,93,93,New Haven,12/3/2021,2021,12,December,3,6,Friday,16:31:00,16,21043561,A,"Injury of any type (Serious, Minor, Possible)",C,Possible Injury (C),2,0,0,4,Local,0.21,648,WEST PROSPECT ST,WEST PROSPECT ST,,FOUNTAIN STREET,20,Feet,N,41.327296,-72.972157,14,Motor Vehicle in Operation,1,Front to rear,1,On Roadway,1,Clear,88,Not Applicable,4,Dark-Lighted,1,Dry,0,None,88,Not Applicable,88,Not Applicable,0,None,88,Not Applicable,88,Not Applicable,3,Intersection-Related,2,Four-Way Intersection,1,No,1,No,88,Not Applicable,88,Not Applicable,88,Not Applicable,88,Not Applicable,FALSE,1,Public Road,1,"Trafficway, On Road",CT0009300,New Haven PD,42045,53:29.0,C,Closed,27:04.0,,2,10800,4,MINOR ARTERIAL - NEW HPMS,2,Urban
890392,1,Complete,890392,890392,41.317976,-72.961503,3392489,New Haven,93,93,New Haven,12/3/2021,2021,12,December,3,6,Friday,17:17:00,17,21043576,A,"Injury of any type (Serious, Minor, Possible)",C,Possible Injury (C),2,0,0,4,Local,0.47,179,EDGEWOOD AV,EDGEWOOD AV,WEST ROCK AV NO 1,,,,,41.317976,-72.961503,14,Motor Vehicle in Operation,3,Angle,1,On Roadway,1,Clear,88,Not Applicable,4,Dark-Lighted,1,Dry,0,None,88,Not Applicable,88,Not Applicable,0,None,88,Not Applicable,88,Not Applicable,2,Intersection,2,Four-Way Intersection,1,No,1,No,88,Not Applicable,88,Not Applicable,88,Not Applicable,88,Not Applicable,FALSE,1,Public Road,1,"Trafficway, On Road",CT0009300,New Haven PD,402,07:49.0,C,Closed,27:05.0,,2,3300,5,MAJOR COLLECTOR - NEW HPMS,2,Urban
890394,1,Complete,890394,890394,41.288858,-72.892575,3392491,New Haven,93,93,New Haven,12/3/2021,2021,12,December,3,6,Friday,23:20:00,23,21043604,A,"Injury of any type (Serious, Minor, Possible)",B,Suspected Minor Injury (B),2,0,0,3,State,0.07,337,337-E,337-E,MAIN ST NO 2,,,,,41.288858,-72.892575,14,Motor Vehicle in Operation,97,Other,1,On Roadway,1,Clear,88,Not Applicable,4,Dark-Lighted,1,Dry,0,None,88,Not Applicable,88,Not Applicable,0,None,88,Not Applicable,88,Not Applicable,2,Intersection,2,Four-Way Intersection,1,No,1,No,88,Not Applicable,88,Not Applicable,88,Not Applicable,88,Not Applicable,FALSE,1,Public Road,1,"Trafficway, On Road",CT0009300,New Haven PD,370,15:29.0,C,Closed,27:34.0,,4,14000,4,MINOR ARTERIAL - NEW HPMS,2,Urban
890395,1,Complete,890395,890395,41.2825,-72.9381,3392492,New Haven,93,93,New Haven,12/4/2021,2021,12,December,4,7,Saturday,0:11:00,0,21043609,A,"Injury of any type (Serious, Minor, Possible)",C,Possible Injury (C),2,0,0,3,State,0,10,10-N,10-N,745-E,,,,,41.2825,-72.9381,14,Motor Vehicle in Operation,3,Angle,1,On Roadway,1,Clear,88,Not Applicable,4,Dark-Lighted,1,Dry,99,Unknown,88,Not Applicable,88,Not Applicable,99,Unknown,88,Not Applicable,88,Not Applicable,2,Intersection,3,T-Intersection,1,No,1,No,88,Not Applicable,88,Not Applicable,88,Not Applicable,88,Not Applicable,FALSE,1,Public Road,1,"Trafficway, On Road",CT0009300,New Haven PD,40947,54:41.0,C,Closed,27:11.0,,2,1171,7,LOCAL - NEW HPMS,2,Urban
890397,1,Complete,890397,890397,41.3058746,-72.8948138,3392494,New Haven,93,93,New Haven,12/4/2021,2021,12,December,4,7,Saturday,14:49:00,14,21043652,A,"Injury of any type (Serious, Minor, Possible)",B,Suspected Minor Injury (B),3,0,2,4,Local,0.98,213,FERRY ST,FERRY ST,,CHAMBERS ST,50,Feet,S,41.3058746,-72.8948138,1,Overturn/Rollover,3,Angle,1,On Roadway,1,Clear,88,Not Applicable,1,Daylight,1,Dry,0,None,88,Not Applicable,88,Not Applicable,0,None,88,Not Applicable,88,Not Applicable,1,Non-Junction,1,Not at Intersection,1,No,1,No,88,Not Applicable,88,Not Applicable,88,Not Applicable,88,Not Applicable,FALSE,1,Public Road,1,"Trafficway, On Road",CT0009300,New Haven PD,40815,58:59.0,C,Closed,27:13.0,,4,13500,4,MINOR ARTERIAL - NEW HPMS,2,Urban
890399,1,Complete,890399,890399,41.3193038,-72.9048195,3392496,New Haven,93,93,New Haven,12/6/2021,2021,12,December,6,2,Monday,17:14:00,17,21043676,A,"Injury of any type (Serious, Minor, Possible)",C,Possible Injury (C),2,0,0,4,Local,0.22,666,WILLOW ST,WILLOW ST,,I91 SOUTHBOUND,20,Feet,W,41.3193038,-72.9048195,14,Motor Vehicle in Operation,1,Front to rear,1,On Roadway,1,Clear,88,Not Applicable,4,Dark-Lighted,1,Dry,0,None,88,Not Applicable,88,Not Applicable,0,None,88,Not Applicable,88,Not Applicable,1,Non-Junction,1,Not at Intersection,1,No,1,No,88,Not Applicable,88,Not Applicable,88,Not Applicable,88,Not Applicable,FALSE,1,Public Road,1,"Trafficway, On Road",CT0009300,New Haven PD,42048,30:49.0,O,Open,27:31.0,,,,,,,
890402,1,Complete,890402,890402,41.30603,-72.94261,3392499,New Haven,93,93,New Haven,12/4/2021,2021,12,December,4,7,Saturday,21:51:00,21,21043708,A,"Injury of any type (Serious, Minor, Possible)",C,Possible Injury (C),2,0,0,4,Local,0.33,453,ORCHARD ST,ORCHARD ST,,LEGION AVE,50,Feet,S,41.30603,-72.94261,14,Motor Vehicle in Operation,1,Front to rear,1,On Roadway,1,Clear,88,Not Applicable,4,Dark-Lighted,1,Dry,0,None,88,Not Applicable,88,Not Applicable,0,None,88,Not Applicable,88,Not Applicable,3,Intersection-Related,2,Four-Way Intersection,1,No,1,No,88,Not Applicable,88,Not Applicable,88,Not Applicable,88,Not Applicable,TRUE,1,Public Road,1,"Trafficway, On Road",CT0009300,New Haven PD,476,01:05.0,C,Closed,27:17.0,,,,,,,
890405,1,Complete,890405,890405,41.331168,-72.972916,3392502,New Haven,93,93,New Haven,12/5/2021,2021,12,December,5,1,Sunday,1:43:00,1,21043721,A,"Injury of any type (Serious, Minor, Possible)",B,Suspected Minor Injury (B),1,0,0,3,State,0.98,63,63-N,63-N,,DAVIS ST,40,Feet,N,41.331168,-72.972916,25,Curb,88,Not Applicable,1,On Roadway,1,Clear,88,Not Applicable,4,Dark-Lighted,1,Dry,99,Unknown,88,Not Applicable,88,Not Applicable,99,Unknown,88,Not Applicable,88,Not Applicable,1,Non-Junction,1,Not at Intersection,1,No,1,No,88,Not Applicable,88,Not Applicable,88,Not Applicable,88,Not Applicable,FALSE,1,Public Road,1,"Trafficway, On Road",CT0009300,New Haven PD,9,40:41.0,C,Closed,27:23.0,,4,22900,3,PRINCIPAL ARTERIAL - OTHER - NEW HPMS,2,Urban
890407,1,Complete,890407,890407,41.3219,-72.89652,3392504,New Haven,93,93,New Haven,12/5/2021,2021,12,December,5,1,Sunday,3:07:00,3,21043728,A,"Injury of any type (Serious, Minor, Possible)",B,Suspected Minor Injury (B),2,0,0,2,USRoute,0.57,5,5-N,5-N,,LYMAN ST,849,Feet,S,41.3219,-72.89652,14,Motor Vehicle in Operation,3,Angle,1,On Roadway,1,Clear,88,Not Applicable,5,Dark-Not Lighted,1,Dry,0,None,88,Not Applicable,88,Not Applicable,0,None,88,Not Applicable,88,Not Applicable,1,Non-Junction,1,Not at Intersection,1,No,1,No,88,Not Applicable,88,Not Applicable,88,Not Applicable,88,Not Applicable,FALSE,1,Public Road,1,"Trafficway, On Road",CT0009300,New Haven PD,38715,48:13.0,C,Closed,27:18.0,21-043728,2,17300,4,MINOR ARTERIAL - NEW HPMS,2,Urban
890421,1,Complete,890421,890421,41.320934,-72.874406,3392518,New Haven,93,93,New Haven,12/5/2021,2021,12,December,5,1,Sunday,22:14:00,22,21043824,A,"Injury of any type (Serious, Minor, Possible)",C,Possible Injury (C),2,0,0,3,State,0.42,80,80-E,80-E,,QUINNIPIAC AVE,105,Feet,E,41.320934,-72.874406,14,Motor Vehicle in Operation,3,Angle,1,On Roadway,1,Clear,88,Not Applicable,4,Dark-Lighted,1,Dry,0,None,88,Not Applicable,88,Not Applicable,0,None,88,Not Applicable,88,Not Applicable,8,Driveway Access,1,Not at Intersection,1,No,1,No,88,Not Applicable,88,Not Applicable,88,Not Applicable,88,Not Applicable,FALSE,1,Public Road,1,"Trafficway, On Road",CT0009300,New Haven PD,42055,08:41.0,C,Closed,27:26.0,,4,32100,3,PRINCIPAL ARTERIAL - OTHER - NEW HPMS,2,Urban
890426,1,Complete,890426,890426,41.32015,-72.893087,3392523,New Haven,93,93,New Haven,12/6/2021,2021,12,December,6,2,Monday,9:50:00,9,21043862,A,"Injury of any type (Serious, Minor, Possible)",C,Possible Injury (C),3,0,0,4,Local,0.49,411,MIDDLETOWN AV,MIDDLETOWN AV,CLINTON AV,,,,,41.32015,-72.893087,14,Motor Vehicle in Operation,1,Front to rear,1,On Roadway,1,Clear,88,Not Applicable,1,Daylight,2,Wet,0,None,88,Not Applicable,88,Not Applicable,0,None,88,Not Applicable,88,Not Applicable,1,Non-Junction,1,Not at Intersection,2,"Yes, School Bus Directly Involved",1,No,88,Not Applicable,88,Not Applicable,88,Not Applicable,88,Not Applicable,FALSE,1,Public Road,1,"Trafficway, On Road",CT0009300,New Haven PD,322,08:27.0,C,Closed,28:45.0,,2,10600,3,PRINCIPAL ARTERIAL - OTHER - NEW HPMS,2,Urban
890428,1,Complete,890428,890428,41.325373,-72.912832,3392525,New Haven,93,93,New Haven,12/6/2021,2021,12,December,6,2,Monday,8:51:00,8,21043879,A,"Injury of any type (Serious, Minor, Possible)",C,Possible Injury (C),2,0,0,4,Local,0.16,116,COLD SPRING ST,COLD SPRING ST,LIVINGSTON ST,,,,,41.325373,-72.912832,14,Motor Vehicle in Operation,3,Angle,1,On Roadway,2,Cloudy,88,Not Applicable,1,Daylight,1,Dry,0,None,88,Not Applicable,88,Not Applicable,0,None,88,Not Applicable,88,Not Applicable,2,Intersection,2,Four-Way Intersection,1,No,1,No,88,Not Applicable,88,Not Applicable,88,Not Applicable,88,Not Applicable,FALSE,1,Public Road,1,"Trafficway, On Road",CT0009300,New Haven PD,32,46:25.0,C,Closed,27:28.0,,,,,,,
890431,1,Complete,890431,890431,41.310696,-72.895908,3392528,New Haven,93,93,New Haven,12/6/2021,2021,12,December,6,2,Monday,16:38:00,16,21043927,A,"Injury of any type (Serious, Minor, Possible)",C,Possible Injury (C),2,0,0,4,Local,0.63,213,FERRY ST,FERRY ST,,CLAY ST,80,Feet,S,41.310696,-72.895908,14,Motor Vehicle in Operation,1,Front to rear,1,On Roadway,1,Clear,88,Not Applicable,1,Daylight,1,Dry,0,None,88,Not Applicable,88,Not Applicable,0,None,88,Not Applicable,88,Not Applicable,3,Intersection-Related,3,T-Intersection,1,No,1,No,88,Not Applicable,88,Not Applicable,88,Not Applicable,88,Not Applicable,FALSE,1,Public Road,1,"Trafficway, On Road",CT0009300,New Haven PD,150,48:55.0,C,Closed,27:39.0,,,,,,,
890446,1,Complete,890446,890446,41.303381,-72.893878,3392543,New Haven,93,93,New Haven,12/7/2021,2021,12,December,7,3,Tuesday,17:06:00,17,21044059,A,"Injury of any type (Serious, Minor, Possible)",C,Possible Injury (C),3,0,0,4,Local,1.16,213,FERRY ST,FERRY ST,,RIVER ST,25,Feet,S,41.303381,-72.893878,14,Motor Vehicle in Operation,1,Front to rear,1,On Roadway,1,Clear,88,Not Applicable,4,Dark-Lighted,1,Dry,0,None,88,Not Applicable,88,Not Applicable,0,None,88,Not Applicable,88,Not Applicable,11,Through Roadway,1,Not at Intersection,1,No,1,No,88,Not Applicable,88,Not Applicable,88,Not Applicable,88,Not Applicable,FALSE,1,Public Road,1,"Trafficway, On Road",CT0009300,New Haven PD,40793,48:52.0,C,Closed,27:41.0,,,,,,,
890451,1,Complete,890451,890451,41.33726,-72.97659,3392548,New Haven,93,93,New Haven,12/7/2021,2021,12,December,7,3,Tuesday,20:47:00,20,21044084,A,"Injury of any type (Serious, Minor, Possible)",C,Possible Injury (C),1,1,0,3,State,0.19,69,69-N,69-N,,15-N-114,300,Feet,S,41.33726,-72.97659,9,Pedestrian,88,Not Applicable,1,On Roadway,1,Clear,88,Not Applicable,4,Dark-Lighted,1,Dry,0,None,0,None,0,None,0,None,0,None,0,None,1,Non-Junction,1,Not at Intersection,1,No,1,No,88,Not Applicable,88,Not Applicable,88,Not Applicable,88,Not Applicable,FALSE,1,Public Road,1,"Trafficway, On Road",CT0009300,New Haven PD,55,43:11.0,C,Closed,27:43.0,,3,18000,3,PRINCIPAL ARTERIAL - OTHER - NEW HPMS,2,Urban
890456,1,Complete,890456,890456,41.297272,-72.94862,3392553,New Haven,93,93,New Haven,12/8/2021,2021,12,December,8,4,Wednesday,9:09:00,9,21044126,A,"Injury of any type (Serious, Minor, Possible)",B,Suspected Minor Injury (B),2,0,0,3,State,1.45,10,10-N,10-N,,COLUMBUS AVE,105,Feet,S,41.297272,-72.94862,14,Motor Vehicle in Operation,1,Front to rear,1,On Roadway,2,Cloudy,88,Not Applicable,1,Daylight,1,Dry,0,None,88,Not Applicable,88,Not Applicable,0,None,88,Not Applicable,88,Not Applicable,2,Intersection,2,Four-Way Intersection,1,No,1,No,88,Not Applicable,88,Not Applicable,88,Not Applicable,88,Not Applicable,TRUE,1,Public Road,1,"Trafficway, On Road",CT0009300,New Haven PD,362,04:18.0,C,Closed,27:45.0,,4,20700,3,PRINCIPAL ARTERIAL - OTHER - NEW HPMS,2,Urban
890462,1,Complete,890462,890462,41.316279,-72.96692,3392559,New Haven,93,93,New Haven,12/8/2021,2021,12,December,8,4,Wednesday,16:49:00,16,21044188,A,"Injury of any type (Serious, Minor, Possible)",C,Possible Injury (C),2,0,0,4,Local,4.05,97,CHAPEL ST,CHAPEL ST,ALDEN AV,,,,,41.316279,-72.96692,14,Motor Vehicle in Operation,3,Angle,1,On Roadway,7,Snow,88,Not Applicable,5,Dark-Not Lighted,2,Wet,0,None,88,Not Applicable,88,Not Applicable,0,None,88,Not Applicable,88,Not Applicable,2,Intersection,2,Four-Way Intersection,1,No,1,No,88,Not Applicable,88,Not Applicable,88,Not Applicable,88,Not Applicable,TRUE,1,Public Road,1,"Trafficway, On Road",CT0009300,New Haven PD,55,30:45.0,C,Closed,30:08.0,,,,,,,