CrashId,Fatal Case Status,Fatal Case Status Text Format,CrashId,CrashId,Latitude,Longitude,DOT Case Number,Town Name,Town Number,Town Number,Town Number Text Format,Date Of Crash,Year,Month,Month Text Format,Day,Day of the Week,Day of the Week Text Format,Time of Crash,Hour of the Day,Case Identifier,Crash Severity,Crash Severity Text Format,Most Severe Injury,Most Severe Injury Text Format,Number Of Motor Vehicles,Number Of Non-Motorist,Number Of Witnesses,Route Class,Route Class Text Format,Milemarker,Road Number,Road Description,Roadway Name,Intersecting Roadway Name,Landmark Description,Distance From Nearest Landmark,Unit Of Measure From Nearest Landmark,Direction From Nearest Landmark,Latitude,Longitude,First Harmful Event,First Harmful Event Text Format,Manner of Crash / Collision Impact,Manner of Crash / Collision Impact Text Format,Location of First Harmful Event,Location of First Harmful Event Text Format,Weather Condition,Weather Condition Text Format,Weather 2,Weather 2 Text Format,Light Condition,Light Condition Text Format,Road Surface Condition,Road Surface Condition Text Format,"Contributing Circumstances, Environment","Contributing Circumstances, Environment Text Format",Environment 2,Environment 2 Text Format,Environment 3,Environment 3 Text Format,"Contributing Circumstances, Road","Contributing Circumstances, Road Text Format",Road 2,Road 2 Text Format,Road 3,Road 3 Text Format,Crash Specific Location,Crash Specific Location Text Format,Type of Intersection,Type of Intersection Text Format,School Bus Related,School Bus Related Text Format,Work Zone Related,Work Zone Related Text Format,Location Of Crash Relative To Work Zone,Location Of Crash Relative To Work Zone Text Format,Type of Work Zone,Type of Work Zone Text Format,Worker Presence,Worker Presence Text Format,Law Enforcement Presence,Law Enforcement Presence Text Format,Were Vehicles Moved Prior To Police Arrival,Trafficway Ownership,Trafficway Ownership Text Format,Trafficway Class,Trafficway Class Text Format,Police Agency,Police Agency Text Format,Badge Number,Approval Date,Police Case Status,Police Case Status Text Format,Crash Report Submission Date,Related Case Identifiers,No. of Through Lanes (Log Dir.),Average Daily Traffic,Functional Classification,Functional Classification Text Format,Rural or Urban,Rural or Urban Text Format
890469,1,Complete,890469,890469,41.300933,-72.909363,3392566,New Haven,93,93,New Haven,12/9/2021,2021,12,December,9,5,Thursday,1:46:00,1,21044226,A,"Injury of any type (Serious, Minor, Possible)",B,Suspected Minor Injury (B),1,0,0,2,USRoute,49.04,1,1-N,1-N,,EAST ST,390,Feet,E,41.300933,-72.909363,36,Fence,88,Not Applicable,1,On Roadway,1,Clear,88,Not Applicable,4,Dark-Lighted,5,Ice / Frost,1,Weather Conditions,97,Other,88,Not Applicable,0,None,88,Not Applicable,88,Not Applicable,2,Intersection,2,Four-Way Intersection,1,No,1,No,88,Not Applicable,88,Not Applicable,88,Not Applicable,88,Not Applicable,FALSE,1,Public Road,1,"Trafficway, On Road",CT0009300,New Haven PD,40952,18:52.0,C,Closed,27:52.0,,4,12400,3,PRINCIPAL ARTERIAL - OTHER - NEW HPMS,2,Urban
890473,1,Complete,890473,890473,41.321477,-72.928558,3392570,New Haven,93,93,New Haven,12/9/2021,2021,12,December,9,5,Thursday,5:34:00,5,21044233,A,"Injury of any type (Serious, Minor, Possible)",C,Possible Injury (C),1,0,0,4,Local,0.16,429,MUNSON ST,MUNSON ST,WINCHESTER AV,,,,,41.321477,-72.928558,33,Utility Pole/Light Support,88,Not Applicable,1,On Roadway,6,Freezing Rain or Freezing Drizzle,88,Not Applicable,4,Dark-Lighted,5,Ice / Frost,1,Weather Conditions,88,Not Applicable,88,Not Applicable,0,None,88,Not Applicable,88,Not Applicable,2,Intersection,2,Four-Way Intersection,1,No,1,No,88,Not Applicable,88,Not Applicable,88,Not Applicable,88,Not Applicable,FALSE,1,Public Road,1,"Trafficway, On Road",CT0009300,New Haven PD,41103,18:33.0,C,Closed,27:54.0,,2,8600,4,MINOR ARTERIAL - NEW HPMS,2,Urban
890712,1,Complete,890712,890712,41.316163,-72.926497,3392809,New Haven,93,93,New Haven,12/9/2021,2021,12,December,9,5,Thursday,6:47:00,6,21044239,A,"Injury of any type (Serious, Minor, Possible)",C,Possible Injury (C),2,0,0,4,Local,0.3,536,SACHEM ST,SACHEM ST,WINCHESTER AV,,,,,41.316163,-72.926497,14,Motor Vehicle in Operation,3,Angle,1,On Roadway,1,Clear,88,Not Applicable,1,Daylight,5,Ice / Frost,1,Weather Conditions,88,Not Applicable,88,Not Applicable,0,None,88,Not Applicable,88,Not Applicable,2,Intersection,5,L-Intersection,1,No,1,No,88,Not Applicable,88,Not Applicable,88,Not Applicable,88,Not Applicable,FALSE,1,Public Road,1,"Trafficway, On Road",CT0009300,New Haven PD,125,12:45.0,C,Closed,27:54.0,,,,,,,
890715,1,Complete,890715,890715,41.31507,-72.92649,3392812,New Haven,93,93,New Haven,12/9/2021,2021,12,December,9,5,Thursday,7:19:00,7,21044243,A,"Injury of any type (Serious, Minor, Possible)",C,Possible Injury (C),2,0,0,4,Local,0,782,CANAL ST NO 2,CANAL ST NO 2,LOCK ST,,,,,41.31507,-72.92649,14,Motor Vehicle in Operation,1,Front to rear,1,On Roadway,1,Clear,88,Not Applicable,1,Daylight,5,Ice / Frost,0,None,88,Not Applicable,88,Not Applicable,0,None,88,Not Applicable,88,Not Applicable,2,Intersection,5,L-Intersection,2,"Yes, School Bus Directly Involved",1,No,88,Not Applicable,88,Not Applicable,88,Not Applicable,88,Not Applicable,FALSE,1,Public Road,1,"Trafficway, On Road",CT0009300,New Haven PD,40810,45:15.0,C,Closed,27:55.0,,,,,,,
890717,1,Complete,890717,890717,41.290361,-72.894127,3392814,New Haven,93,93,New Haven,12/9/2021,2021,12,December,9,5,Thursday,8:28:00,8,21044251,A,"Injury of any type (Serious, Minor, Possible)",C,Possible Injury (C),2,0,0,4,Local,1.46,678,WOODWARD AV,WOODWARD AV,FORBES AVE,,,,,41.290361,-72.894127,14,Motor Vehicle in Operation,1,Front to rear,1,On Roadway,6,Freezing Rain or Freezing Drizzle,88,Not Applicable,1,Daylight,5,Ice / Frost,1,Weather Conditions,88,Not Applicable,88,Not Applicable,0,None,88,Not Applicable,88,Not Applicable,11,Through Roadway,1,Not at Intersection,2,"Yes, School Bus Directly Involved",1,No,88,Not Applicable,88,Not Applicable,88,Not Applicable,88,Not Applicable,FALSE,1,Public Road,1,"Trafficway, On Road",CT0009300,New Haven PD,40793,53:24.0,C,Closed,27:56.0,,,,,,,
890725,1,Complete,890725,890725,41.319197,-72.892967,3392822,New Haven,93,93,New Haven,12/9/2021,2021,12,December,9,5,Thursday,13:57:00,13,21044300,A,"Injury of any type (Serious, Minor, Possible)",C,Possible Injury (C),2,0,0,4,Local,0.18,36,BAILEY ST,BAILEY ST,CLINTON AV,,,,,41.319197,-72.892967,14,Motor Vehicle in Operation,3,Angle,1,On Roadway,1,Clear,88,Not Applicable,1,Daylight,1,Dry,0,None,88,Not Applicable,88,Not Applicable,0,None,88,Not Applicable,88,Not Applicable,2,Intersection,2,Four-Way Intersection,1,No,1,No,88,Not Applicable,88,Not Applicable,88,Not Applicable,88,Not Applicable,TRUE,1,Public Road,1,"Trafficway, On Road",CT0009300,New Haven PD,263,48:38.0,C,Closed,28:17.0,,,,,,,
890731,1,Complete,890731,890731,41.297747,-72.936095,3392828,New Haven,93,93,New Haven,12/9/2021,2021,12,December,9,5,Thursday,18:19:00,18,21044319,A,"Injury of any type (Serious, Minor, Possible)",C,Possible Injury (C),2,0,0,2,USRoute,47.31,1,1-N,1-N,HALLOCK ST,,,,,41.297747,-72.936095,14,Motor Vehicle in Operation,1,Front to rear,1,On Roadway,1,Clear,88,Not Applicable,1,Daylight,1,Dry,0,None,88,Not Applicable,88,Not Applicable,0,None,88,Not Applicable,88,Not Applicable,3,Intersection-Related,3,T-Intersection,1,No,1,No,88,Not Applicable,88,Not Applicable,88,Not Applicable,88,Not Applicable,TRUE,1,Public Road,1,"Trafficway, On Road",CT0009300,New Haven PD,40814,13:26.0,C,Closed,28:12.0,,2,8600,3,PRINCIPAL ARTERIAL - OTHER - NEW HPMS,2,Urban
890734,1,Complete,890734,890734,41.303993,-72.934859,3392831,New Haven,93,93,New Haven,12/9/2021,2021,12,December,9,5,Thursday,18:19:00,18,21044328,A,"Injury of any type (Serious, Minor, Possible)",C,Possible Injury (C),1,1,0,4,Local,0.1,766,YORK ST,YORK ST,,CEDAR ST,10,Feet,N,41.303993,-72.934859,9,Pedestrian,88,Not Applicable,1,On Roadway,1,Clear,88,Not Applicable,4,Dark-Lighted,1,Dry,0,None,88,Not Applicable,88,Not Applicable,0,None,88,Not Applicable,88,Not Applicable,1,Non-Junction,1,Not at Intersection,1,No,1,No,88,Not Applicable,88,Not Applicable,88,Not Applicable,88,Not Applicable,FALSE,1,Public Road,1,"Trafficway, On Road",CT0009300,New Haven PD,40818,39:03.0,C,Closed,28:10.0,,2,5600,4,MINOR ARTERIAL - NEW HPMS,2,Urban
890735,1,Complete,890735,890735,41.301048,-72.942262,3392832,New Haven,93,93,New Haven,12/9/2021,2021,12,December,9,5,Thursday,18:28:00,18,21044339,A,"Injury of any type (Serious, Minor, Possible)",C,Possible Injury (C),2,0,0,4,Local,0.37,141,DAVENPORT AV,DAVENPORT AV,STEVENS ST,,,,,41.301048,-72.942262,14,Motor Vehicle in Operation,4,"Sideswipe, same direction",1,On Roadway,1,Clear,88,Not Applicable,4,Dark-Lighted,1,Dry,97,Other,88,Not Applicable,88,Not Applicable,0,None,88,Not Applicable,88,Not Applicable,2,Intersection,3,T-Intersection,1,No,1,No,88,Not Applicable,88,Not Applicable,88,Not Applicable,88,Not Applicable,FALSE,1,Public Road,1,"Trafficway, On Road",CT0009300,New Haven PD,34,35:42.0,C,Closed,28:19.0,,,,,,,
890738,1,Complete,890738,890738,41.329292,-72.928483,3392835,New Haven,93,93,New Haven,12/10/2021,2021,12,December,10,6,Friday,6:35:00,6,21044370,A,"Injury of any type (Serious, Minor, Possible)",B,Suspected Minor Injury (B),2,0,0,4,Local,0.38,434,NEWHALL ST,NEWHALL ST,,IVY ST,75,Feet,N,41.329292,-72.928483,15,Parked Motor Vehicle,1,Front to rear,1,On Roadway,1,Clear,88,Not Applicable,2,Dawn,1,Dry,0,None,88,Not Applicable,88,Not Applicable,0,None,88,Not Applicable,88,Not Applicable,1,Non-Junction,1,Not at Intersection,1,No,1,No,88,Not Applicable,88,Not Applicable,88,Not Applicable,1,No,FALSE,1,Public Road,1,"Trafficway, On Road",CT0009300,New Haven PD,41103,22:37.0,C,Closed,28:18.0,,,,,,,
890744,1,Complete,890744,890744,41.330792,-72.966685,3392841,New Haven,93,93,New Haven,12/10/2021,2021,12,December,10,6,Friday,14:49:00,14,21044410,A,"Injury of any type (Serious, Minor, Possible)",A,Suspected Serious Injury (A),2,0,0,4,Local,0.77,612,VALLEY ST NO 1,VALLEY ST NO 1,,W HILLS RD,95,Feet,W,41.330792,-72.966685,14,Motor Vehicle in Operation,1,Front to rear,1,On Roadway,1,Clear,1,Clear,1,Daylight,1,Dry,0,None,88,Not Applicable,88,Not Applicable,0,None,88,Not Applicable,88,Not Applicable,3,Intersection-Related,3,T-Intersection,1,No,1,No,88,Not Applicable,88,Not Applicable,88,Not Applicable,88,Not Applicable,FALSE,1,Public Road,1,"Trafficway, On Road",CT0009300,New Haven PD,74,49:56.0,C,Closed,28:20.0,,,,,,,
890753,1,Complete,890753,890753,41.327546,-72.937172,3392850,New Haven,93,93,New Haven,12/10/2021,2021,12,December,10,6,Friday,20:53:00,20,21044446,A,"Injury of any type (Serious, Minor, Possible)",C,Possible Injury (C),1,1,0,4,Local,0.58,557,SHERMAN PKWY,SHERMAN PKWY,HARDING PL,,,,,41.327546,-72.937172,9,Pedestrian,88,Not Applicable,1,On Roadway,1,Clear,88,Not Applicable,4,Dark-Lighted,1,Dry,0,None,88,Not Applicable,88,Not Applicable,0,None,88,Not Applicable,88,Not Applicable,2,Intersection,3,T-Intersection,1,No,1,No,88,Not Applicable,88,Not Applicable,88,Not Applicable,88,Not Applicable,FALSE,1,Public Road,1,"Trafficway, On Road",CT0009300,New Haven PD,42042,19:52.0,C,Closed,28:36.0,,1,6300,4,MINOR ARTERIAL - NEW HPMS,2,Urban
890755,1,Complete,890755,890755,41.328375,-72.951744,3392852,New Haven,93,93,New Haven,12/10/2021,2021,12,December,10,6,Friday,20:36:00,20,21044452,A,"Injury of any type (Serious, Minor, Possible)",C,Possible Injury (C),2,0,0,3,State,3.97,10,10-N,10-N,DYER ST,,,,,41.328375,-72.951744,14,Motor Vehicle in Operation,1,Front to rear,1,On Roadway,1,Clear,88,Not Applicable,5,Dark-Not Lighted,1,Dry,0,None,88,Not Applicable,88,Not Applicable,0,None,88,Not Applicable,88,Not Applicable,2,Intersection,3,T-Intersection,1,No,1,No,88,Not Applicable,88,Not Applicable,88,Not Applicable,88,Not Applicable,FALSE,1,Public Road,1,"Trafficway, On Road",CT0009300,New Haven PD,402,44:45.0,C,Closed,28:22.0,,2,13100,4,MINOR ARTERIAL - NEW HPMS,2,Urban
890756,1,Complete,890756,890756,41.324975,-72.95695,3392853,New Haven,93,93,New Haven,12/10/2021,2021,12,December,10,6,Friday,22:52:00,22,21044464,A,"Injury of any type (Serious, Minor, Possible)",A,Suspected Serious Injury (A),2,0,0,3,State,0,63,63-N,63-N,10-N,,,,,41.324975,-72.95695,14,Motor Vehicle in Operation,3,Angle,1,On Roadway,2,Cloudy,88,Not Applicable,4,Dark-Lighted,1,Dry,0,None,88,Not Applicable,88,Not Applicable,0,None,88,Not Applicable,88,Not Applicable,2,Intersection,3,T-Intersection,1,No,1,No,88,Not Applicable,88,Not Applicable,88,Not Applicable,88,Not Applicable,FALSE,1,Public Road,1,"Trafficway, On Road",CT0009300,New Haven PD,40956,37:39.0,C,Closed,28:25.0,,4,23100,3,PRINCIPAL ARTERIAL - OTHER - NEW HPMS,2,Urban
890758,1,Complete,890758,890758,41.3209,-72.93606,3392855,New Haven,93,93,New Haven,12/11/2021,2021,12,December,11,7,Saturday,9:05:00,9,21044495,A,"Injury of any type (Serious, Minor, Possible)",C,Possible Injury (C),3,0,0,4,Local,1.42,453,ORCHARD ST,ORCHARD ST,HENRY ST,,,,,41.3209,-72.93606,14,Motor Vehicle in Operation,3,Angle,1,On Roadway,4,Rain,88,Not Applicable,1,Daylight,2,Wet,99,Unknown,88,Not Applicable,88,Not Applicable,0,None,88,Not Applicable,88,Not Applicable,3,Intersection-Related,2,Four-Way Intersection,1,No,1,No,88,Not Applicable,88,Not Applicable,88,Not Applicable,88,Not Applicable,FALSE,1,Public Road,1,"Trafficway, On Road",CT0009300,New Haven PD,991,27:46.0,C,Closed,28:46.0,,,,,,,
890769,1,Complete,890769,890769,41.29482,-72.93825,3392866,New Haven,93,93,New Haven,12/11/2021,2021,12,December,11,7,Saturday,18:36:00,18,21044552,A,"Injury of any type (Serious, Minor, Possible)",C,Possible Injury (C),2,1,0,4,Local,0.45,626,WASHINGTON AV NO 1,WASHINGTON AV NO 1,HURLBURT ST,,,Feet,,41.29482,-72.93825,14,Motor Vehicle in Operation,1,Front to rear,1,On Roadway,2,Cloudy,88,Not Applicable,4,Dark-Lighted,2,Wet,0,None,88,Not Applicable,88,Not Applicable,0,None,88,Not Applicable,88,Not Applicable,2,Intersection,3,T-Intersection,1,No,1,No,88,Not Applicable,88,Not Applicable,88,Not Applicable,88,Not Applicable,TRUE,1,Public Road,1,"Trafficway, On Road",CT0009300,New Haven PD,251,29:38.0,C,Closed,28:40.0,,,,,,,
890771,1,Complete,890771,890771,41.328068,-72.935159,3392868,New Haven,93,93,New Haven,12/11/2021,2021,12,December,11,7,Saturday,18:58:00,18,21044557,A,"Injury of any type (Serious, Minor, Possible)",B,Suspected Minor Injury (B),2,0,0,4,Local,1.07,152,DIXWELL AV,DIXWELL AV,THOMPSON ST,,,,N,41.328068,-72.935159,14,Motor Vehicle in Operation,3,Angle,1,On Roadway,2,Cloudy,88,Not Applicable,4,Dark-Lighted,2,Wet,0,None,88,Not Applicable,88,Not Applicable,0,None,88,Not Applicable,88,Not Applicable,1,Non-Junction,1,Not at Intersection,1,No,1,No,88,Not Applicable,88,Not Applicable,88,Not Applicable,88,Not Applicable,TRUE,1,Public Road,1,"Trafficway, On Road",CT0009300,New Haven PD,42054,28:49.0,C,Closed,28:33.0,,,,,,,
890772,1,Complete,890772,890772,41.31846,-72.94752,3392869,New Haven,93,93,New Haven,12/11/2021,2021,12,December,11,7,Saturday,20:46:00,20,21044567,A,"Injury of any type (Serious, Minor, Possible)",B,Suspected Minor Injury (B),2,0,0,4,Local,0.08,653,WHALLEY AV,WHALLEY AV,ELLSWORTH AV,,,,,41.31846,-72.94752,14,Motor Vehicle in Operation,3,Angle,1,On Roadway,4,Rain,88,Not Applicable,4,Dark-Lighted,2,Wet,99,Unknown,88,Not Applicable,88,Not Applicable,99,Unknown,88,Not Applicable,88,Not Applicable,2,Intersection,2,Four-Way Intersection,1,No,1,No,88,Not Applicable,88,Not Applicable,88,Not Applicable,88,Not Applicable,FALSE,1,Public Road,1,"Trafficway, On Road",CT0009300,New Haven PD,9,53:46.0,O,Open,28:41.0,,,,,,,
890776,1,Complete,890776,890776,41.305652,-72.894773,3392873,New Haven,93,93,New Haven,12/12/2021,2021,12,December,12,1,Sunday,3:06:00,3,21044601,A,"Injury of any type (Serious, Minor, Possible)",C,Possible Injury (C),2,2,0,4,Local,0.99,213,FERRY ST,FERRY ST,,CHAMBERS STREET,300,Feet,S,41.305652,-72.894773,14,Motor Vehicle in Operation,5,"Sideswipe, opposite direction",1,On Roadway,1,Clear,88,Not Applicable,4,Dark-Lighted,1,Dry,0,None,88,Not Applicable,88,Not Applicable,0,None,88,Not Applicable,88,Not Applicable,1,Non-Junction,1,Not at Intersection,1,No,1,No,88,Not Applicable,88,Not Applicable,88,Not Applicable,88,Not Applicable,FALSE,1,Public Road,1,"Trafficway, On Road",CT0009300,New Haven PD,370,52:31.0,C,Closed,28:45.0,,,,,,,
890783,1,Complete,890783,890783,41.315695,-72.934993,3392880,New Haven,93,93,New Haven,12/12/2021,2021,12,December,12,1,Sunday,19:27:00,19,21044653,A,"Injury of any type (Serious, Minor, Possible)",C,Possible Injury (C),2,0,0,4,Local,0.48,257,GOFFE ST,GOFFE ST,GOFFE ST,,,,,41.315695,-72.934993,14,Motor Vehicle in Operation,1,Front to rear,1,On Roadway,1,Clear,88,Not Applicable,4,Dark-Lighted,1,Dry,0,None,88,Not Applicable,88,Not Applicable,0,None,88,Not Applicable,88,Not Applicable,2,Intersection,2,Four-Way Intersection,1,No,1,No,88,Not Applicable,88,Not Applicable,88,Not Applicable,88,Not Applicable,FALSE,1,Public Road,1,"Trafficway, On Road",CT0009300,New Haven PD,9,17:18.0,C,Closed,28:50.0,,,,,,,
890799,1,Complete,890799,890799,41.31411,-72.89666,3392896,New Haven,93,93,New Haven,12/13/2021,2021,12,December,13,2,Monday,21:15:00,21,21044765,A,"Injury of any type (Serious, Minor, Possible)",C,Possible Injury (C),2,0,0,4,Local,0.38,213,FERRY ST,FERRY ST,CHATHAM ST,,,,,41.31411,-72.89666,14,Motor Vehicle in Operation,1,Front to rear,1,On Roadway,1,Clear,88,Not Applicable,4,Dark-Lighted,1,Dry,0,None,88,Not Applicable,88,Not Applicable,0,None,88,Not Applicable,88,Not Applicable,2,Intersection,2,Four-Way Intersection,1,No,1,No,88,Not Applicable,88,Not Applicable,88,Not Applicable,88,Not Applicable,FALSE,1,Public Road,1,"Trafficway, On Road",CT0009300,New Haven PD,754,57:52.0,C,Closed,29:51.0,,,,,,,
890803,1,Complete,890803,890803,41.320863,-72.918243,3392900,New Haven,93,93,New Haven,12/14/2021,2021,12,December,14,3,Tuesday,5:10:00,5,21044791,A,"Injury of any type (Serious, Minor, Possible)",C,Possible Injury (C),3,0,0,4,Local,0.76,656,WHITNEY AV,WHITNEY AV,,LAWRENCE ST,50,Feet,N,41.320863,-72.918243,14,Motor Vehicle in Operation,3,Angle,2,Shoulder,1,Clear,88,Not Applicable,4,Dark-Lighted,1,Dry,0,None,88,Not Applicable,88,Not Applicable,0,None,88,Not Applicable,88,Not Applicable,1,Non-Junction,1,Not at Intersection,1,No,1,No,88,Not Applicable,88,Not Applicable,88,Not Applicable,88,Not Applicable,FALSE,1,Public Road,1,"Trafficway, On Road",CT0009300,New Haven PD,65,15:13.0,C,Closed,31:11.0,,,,,,,
890877,1,Complete,890877,890877,41.31456,-72.949442,3392974,New Haven,93,93,New Haven,12/14/2021,2021,12,December,14,3,Tuesday,13:32:00,13,21044827,A,"Injury of any type (Serious, Minor, Possible)",B,Suspected Minor Injury (B),2,0,0,4,Local,1.15,179,EDGEWOOD AV,EDGEWOOD AV,ELLSWORTH AV,,,,,41.31456,-72.949442,14,Motor Vehicle in Operation,3,Angle,1,On Roadway,1,Clear,88,Not Applicable,1,Daylight,1,Dry,0,None,88,Not Applicable,88,Not Applicable,0,None,88,Not Applicable,88,Not Applicable,2,Intersection,2,Four-Way Intersection,1,No,1,No,88,Not Applicable,88,Not Applicable,88,Not Applicable,88,Not Applicable,TRUE,1,Public Road,1,"Trafficway, On Road",CT0009300,New Haven PD,362,26:02.0,C,Closed,29:11.0,,,,,,,
890881,1,Complete,890881,890881,41.3108,-72.9224,3392978,New Haven,93,93,New Haven,12/14/2021,2021,12,December,14,3,Tuesday,13:42:00,13,21044852,A,"Injury of any type (Serious, Minor, Possible)",C,Possible Injury (C),2,0,0,4,Local,0.02,656,WHITNEY AV,WHITNEY AV,,GROVE ST,25,Feet,N,41.3108,-72.9224,14,Motor Vehicle in Operation,4,"Sideswipe, same direction",1,On Roadway,1,Clear,88,Not Applicable,1,Daylight,1,Dry,0,None,88,Not Applicable,88,Not Applicable,0,None,88,Not Applicable,88,Not Applicable,1,Non-Junction,1,Not at Intersection,1,No,1,No,88,Not Applicable,88,Not Applicable,88,Not Applicable,88,Not Applicable,TRUE,1,Public Road,1,"Trafficway, On Road",CT0009300,New Haven PD,40790,24:48.0,C,Closed,29:05.0,,,,,,,
890882,1,Complete,890882,890882,41.298631,-72.929335,3392979,New Haven,93,93,New Haven,12/14/2021,2021,12,December,14,3,Tuesday,17:29:00,17,21044869,A,"Injury of any type (Serious, Minor, Possible)",C,Possible Injury (C),2,0,0,2,USRoute,47.68,1,1-S,1-S,,,,,,41.298631,-72.929335,14,Motor Vehicle in Operation,3,Angle,1,On Roadway,1,Clear,88,Not Applicable,4,Dark-Lighted,1,Dry,0,None,88,Not Applicable,88,Not Applicable,0,None,88,Not Applicable,88,Not Applicable,2,Intersection,2,Four-Way Intersection,1,No,1,No,88,Not Applicable,88,Not Applicable,88,Not Applicable,88,Not Applicable,TRUE,1,Public Road,1,"Trafficway, On Road",CT0009300,New Haven PD,281,05:50.0,O,Open,29:08.0,,3,9000,3,PRINCIPAL ARTERIAL - OTHER - NEW HPMS,2,Urban
890888,1,Complete,890888,890888,41.2909026,-72.9415701,3392985,New Haven,93,93,New Haven,12/14/2021,2021,12,December,14,3,Tuesday,0:00:00,0,21044905,A,"Injury of any type (Serious, Minor, Possible)",C,Possible Injury (C),2,0,0,3,State,0.88,10,10-N,10-N,WASHINGTON AV NO 1,,,,,41.2909026,-72.9415701,14,Motor Vehicle in Operation,3,Angle,1,On Roadway,1,Clear,88,Not Applicable,4,Dark-Lighted,1,Dry,0,None,88,Not Applicable,88,Not Applicable,0,None,88,Not Applicable,88,Not Applicable,2,Intersection,2,Four-Way Intersection,1,No,1,No,88,Not Applicable,88,Not Applicable,88,Not Applicable,88,Not Applicable,TRUE,1,Public Road,1,"Trafficway, On Road",CT0009300,New Haven PD,40952,32:27.0,O,Open,29:10.0,,4,20200,3,PRINCIPAL ARTERIAL - OTHER - NEW HPMS,2,Urban
890892,1,Complete,890892,890892,41.320706,-72.874186,3392989,New Haven,93,93,New Haven,12/15/2021,2021,12,December,15,4,Wednesday,10:01:00,10,21044934,A,"Injury of any type (Serious, Minor, Possible)",C,Possible Injury (C),2,0,0,3,State,0.44,80,80-E,80-E,,QUINNIPIAC AVE,500,Feet,W,41.320706,-72.874186,14,Motor Vehicle in Operation,3,Angle,1,On Roadway,1,Clear,88,Not Applicable,1,Daylight,1,Dry,0,None,88,Not Applicable,88,Not Applicable,0,None,88,Not Applicable,88,Not Applicable,1,Non-Junction,1,Not at Intersection,1,No,1,No,88,Not Applicable,88,Not Applicable,88,Not Applicable,88,Not Applicable,TRUE,1,Public Road,1,"Trafficway, On Road",CT0009300,New Haven PD,175,09:44.0,C,Closed,30:25.0,,4,32100,3,PRINCIPAL ARTERIAL - OTHER - NEW HPMS,2,Urban
890902,1,Complete,890902,890902,41.320558,-72.951156,3392999,New Haven,93,93,New Haven,12/15/2021,2021,12,December,15,4,Wednesday,17:27:00,17,21044992,A,"Injury of any type (Serious, Minor, Possible)",C,Possible Injury (C),1,1,0,3,State,3.18,10,10-N,10-N,,HOBART ST,20,Feet,W,41.320558,-72.951156,9,Pedestrian,88,Not Applicable,1,On Roadway,2,Cloudy,88,Not Applicable,5,Dark-Not Lighted,1,Dry,0,None,88,Not Applicable,88,Not Applicable,0,None,88,Not Applicable,88,Not Applicable,1,Non-Junction,1,Not at Intersection,1,No,1,No,88,Not Applicable,88,Not Applicable,88,Not Applicable,88,Not Applicable,FALSE,1,Public Road,1,"Trafficway, On Road",CT0009300,New Haven PD,40812,10:03.0,C,Closed,29:25.0,,4,18000,3,PRINCIPAL ARTERIAL - OTHER - NEW HPMS,2,Urban
890909,1,Complete,890909,890909,41.308032,-72.915583,3393006,New Haven,93,93,New Haven,12/16/2021,2021,12,December,16,5,Thursday,8:33:00,8,21045044,A,"Injury of any type (Serious, Minor, Possible)",C,Possible Injury (C),1,0,0,4,Local,1.55,264,GRAND AV,GRAND AV,,JEFFERSON ST,85,Feet,E,41.308032,-72.915583,25,Curb,88,Not Applicable,4,Roadside,2,Cloudy,88,Not Applicable,1,Daylight,2,Wet,0,None,88,Not Applicable,88,Not Applicable,0,None,88,Not Applicable,88,Not Applicable,1,Non-Junction,1,Not at Intersection,1,No,1,No,88,Not Applicable,88,Not Applicable,88,Not Applicable,88,Not Applicable,FALSE,1,Public Road,1,"Trafficway, On Road",CT0009300,New Haven PD,469,10:40.0,C,Closed,29:41.0,,2,9100,4,MINOR ARTERIAL - NEW HPMS,2,Urban
890911,1,Complete,890911,890911,41.312096,-72.919342,3393008,New Haven,93,93,New Haven,12/16/2021,2021,12,December,16,5,Thursday,10:39:00,10,21045054,A,"Injury of any type (Serious, Minor, Possible)",C,Possible Injury (C),1,1,0,1,Interstate,0.53,91,91-N-134,Orange St ,TRUMBULL ST,,,,,41.312096,-72.919342,8,Other Non-Collision,88,Not Applicable,1,On Roadway,1,Clear,88,Not Applicable,1,Daylight,1,Dry,0,None,88,Not Applicable,88,Not Applicable,0,None,88,Not Applicable,88,Not Applicable,2,Intersection,2,Four-Way Intersection,1,No,1,No,88,Not Applicable,88,Not Applicable,88,Not Applicable,88,Not Applicable,FALSE,1,Public Road,1,"Trafficway, On Road",CT0009300,New Haven PD,32,42:07.0,C,Closed,29:27.0,,2,900,3,PRINCIPAL ARTERIAL - OTHER - NEW HPMS,2,Urban
890912,1,Complete,890912,890912,41.288776,-72.892355,3393009,New Haven,93,93,New Haven,12/16/2021,2021,12,December,16,5,Thursday,11:01:00,11,21045055,A,"Injury of any type (Serious, Minor, Possible)",C,Possible Injury (C),2,0,0,3,State,0.07,337,337-E,337-E,MAIN ST NO 2,,,,,41.288776,-72.892355,14,Motor Vehicle in Operation,3,Angle,1,On Roadway,1,Clear,88,Not Applicable,1,Daylight,1,Dry,0,None,88,Not Applicable,88,Not Applicable,0,None,88,Not Applicable,88,Not Applicable,2,Intersection,2,Four-Way Intersection,1,No,1,No,88,Not Applicable,88,Not Applicable,88,Not Applicable,88,Not Applicable,FALSE,1,Public Road,1,"Trafficway, On Road",CT0009300,New Haven PD,40953,15:40.0,C,Closed,30:00.0,,4,14000,4,MINOR ARTERIAL - NEW HPMS,2,Urban