CrashId,Fatal Case Status,Fatal Case Status Text Format,CrashId,CrashId,Latitude,Longitude,DOT Case Number,Town Name,Town Number,Town Number,Town Number Text Format,Date Of Crash,Year,Month,Month Text Format,Day,Day of the Week,Day of the Week Text Format,Time of Crash,Hour of the Day,Case Identifier,Crash Severity,Crash Severity Text Format,Most Severe Injury,Most Severe Injury Text Format,Number Of Motor Vehicles,Number Of Non-Motorist,Number Of Witnesses,Route Class,Route Class Text Format,Milemarker,Road Number,Road Description,Roadway Name,Intersecting Roadway Name,Landmark Description,Distance From Nearest Landmark,Unit Of Measure From Nearest Landmark,Direction From Nearest Landmark,Latitude,Longitude,First Harmful Event,First Harmful Event Text Format,Manner of Crash / Collision Impact,Manner of Crash / Collision Impact Text Format,Location of First Harmful Event,Location of First Harmful Event Text Format,Weather Condition,Weather Condition Text Format,Weather 2,Weather 2 Text Format,Light Condition,Light Condition Text Format,Road Surface Condition,Road Surface Condition Text Format,"Contributing Circumstances, Environment","Contributing Circumstances, Environment Text Format",Environment 2,Environment 2 Text Format,Environment 3,Environment 3 Text Format,"Contributing Circumstances, Road","Contributing Circumstances, Road Text Format",Road 2,Road 2 Text Format,Road 3,Road 3 Text Format,Crash Specific Location,Crash Specific Location Text Format,Type of Intersection,Type of Intersection Text Format,School Bus Related,School Bus Related Text Format,Work Zone Related,Work Zone Related Text Format,Location Of Crash Relative To Work Zone,Location Of Crash Relative To Work Zone Text Format,Type of Work Zone,Type of Work Zone Text Format,Worker Presence,Worker Presence Text Format,Law Enforcement Presence,Law Enforcement Presence Text Format,Were Vehicles Moved Prior To Police Arrival,Trafficway Ownership,Trafficway Ownership Text Format,Trafficway Class,Trafficway Class Text Format,Police Agency,Police Agency Text Format,Badge Number,Approval Date,Police Case Status,Police Case Status Text Format,Crash Report Submission Date,Related Case Identifiers,No. of Through Lanes (Log Dir.),Average Daily Traffic,Functional Classification,Functional Classification Text Format,Rural or Urban,Rural or Urban Text Format
891170,1,Complete,891170,891170,41.328827,-72.965404,3393267,New Haven,93,93,New Haven,1/6/2021,2021,1,January,6,4,Wednesday,15:41:00,15,21000605,A,"Injury of any type (Serious, Minor, Possible)",C,Possible Injury (C),3,0,0,3,State,0.54,63,63-N,63-N,,EMERSON ST,60,Feet,W,41.328827,-72.965404,14,Motor Vehicle in Operation,1,Front to rear,1,On Roadway,1,Clear,1,Clear,1,Daylight,1,Dry,0,None,0,None,88,Not Applicable,0,None,88,Not Applicable,88,Not Applicable,3,Intersection-Related,3,T-Intersection,1,No,1,No,88,Not Applicable,88,Not Applicable,88,Not Applicable,88,Not Applicable,TRUE,1,Public Road,1,"Trafficway, On Road",CT0009300,New Haven PD,74,36:45.0,C,Closed,16:37.0,,3,20300,3,PRINCIPAL ARTERIAL - OTHER - NEW HPMS,2,Urban
891178,1,Complete,891178,891178,41.312778,-72.932792,3393275,New Haven,93,93,New Haven,1/24/2021,2021,1,January,24,1,Sunday,7:25:00,7,21002785,A,"Injury of any type (Serious, Minor, Possible)",C,Possible Injury (C),2,0,0,4,Local,0.95,653,WHALLEY AV,WHALLEY AV,HOWE ST,,,,,41.312778,-72.932792,14,Motor Vehicle in Operation,3,Angle,1,On Roadway,1,Clear,88,Not Applicable,1,Daylight,1,Dry,0,None,88,Not Applicable,88,Not Applicable,0,None,88,Not Applicable,88,Not Applicable,2,Intersection,3,T-Intersection,1,No,1,No,88,Not Applicable,88,Not Applicable,88,Not Applicable,88,Not Applicable,FALSE,1,Public Road,1,"Trafficway, On Road",CT0009300,New Haven PD,465,01:12.0,C,Closed,16:43.0,,,,,,,
891180,1,Complete,891180,891180,41.3088935,-72.8973468,3393277,New Haven,93,93,New Haven,1/25/2021,2021,1,January,25,2,Monday,8:38:00,8,21002883,A,"Injury of any type (Serious, Minor, Possible)",C,Possible Injury (C),2,0,1,4,Local,0.6,264,GRAND AV,GRAND AV,,POPLAR ST,50,Feet,W,41.3088935,-72.8973468,14,Motor Vehicle in Operation,3,Angle,1,On Roadway,1,Clear,88,Not Applicable,1,Daylight,1,Dry,0,None,88,Not Applicable,88,Not Applicable,0,None,88,Not Applicable,88,Not Applicable,1,Non-Junction,1,Not at Intersection,1,No,1,No,88,Not Applicable,88,Not Applicable,88,Not Applicable,88,Not Applicable,FALSE,1,Public Road,1,"Trafficway, On Road",CT0009300,New Haven PD,40815,28:54.0,C,Closed,16:44.0,21-002883,,,,,,
891185,1,Complete,891185,891185,41.312954,-72.933023,3393282,New Haven,93,93,New Haven,2/5/2021,2021,2,February,5,6,Friday,14:03:00,14,21004357,A,"Injury of any type (Serious, Minor, Possible)",C,Possible Injury (C),2,0,1,4,Local,0.95,653,WHALLEY AV,WHALLEY AV,HOWE ST,,,,,41.312954,-72.933023,14,Motor Vehicle in Operation,3,Angle,1,On Roadway,1,Clear,88,Not Applicable,1,Daylight,2,Wet,0,None,88,Not Applicable,88,Not Applicable,0,None,88,Not Applicable,88,Not Applicable,3,Intersection-Related,8,"Five-Point, or More",1,No,1,No,88,Not Applicable,88,Not Applicable,88,Not Applicable,88,Not Applicable,FALSE,1,Public Road,1,"Trafficway, On Road",CT0009300,New Haven PD,238,07:48.0,C,Closed,16:51.0,,2,21100,3,PRINCIPAL ARTERIAL - OTHER - NEW HPMS,2,Urban
891186,1,Complete,891186,891186,41.313967,-72.949776,3393283,New Haven,93,93,New Haven,2/10/2021,2021,2,February,10,4,Wednesday,8:17:00,8,21004934,A,"Injury of any type (Serious, Minor, Possible)",C,Possible Injury (C),2,0,0,4,Local,0.25,193,ELLSWORTH AV,ELLSWORTH AV,,STANLEY ST,200,Feet,N,41.313967,-72.949776,14,Motor Vehicle in Operation,3,Angle,1,On Roadway,2,Cloudy,88,Not Applicable,1,Daylight,3,Snow,0,None,88,Not Applicable,88,Not Applicable,0,None,88,Not Applicable,88,Not Applicable,9,Driveway Access-Related,1,Not at Intersection,1,No,1,No,88,Not Applicable,88,Not Applicable,88,Not Applicable,88,Not Applicable,FALSE,1,Public Road,1,"Trafficway, On Road",CT0009300,New Haven PD,349,41:14.0,C,Closed,16:50.0,,4,3565,7,LOCAL - NEW HPMS,2,Urban
891190,1,Complete,891190,891190,41.319788,-72.950145,3393287,New Haven,93,93,New Haven,2/23/2021,2021,2,February,23,3,Tuesday,18:57:00,18,21006738,A,"Injury of any type (Serious, Minor, Possible)",B,Suspected Minor Injury (B),1,1,2,3,State,3.12,10,10-N,10-N,BLAKE ST,,,,,41.319788,-72.950145,9,Pedestrian,88,Not Applicable,1,On Roadway,1,Clear,88,Not Applicable,4,Dark-Lighted,1,Dry,0,None,88,Not Applicable,88,Not Applicable,0,None,88,Not Applicable,88,Not Applicable,2,Intersection,2,Four-Way Intersection,1,No,1,No,88,Not Applicable,88,Not Applicable,88,Not Applicable,88,Not Applicable,FALSE,1,Public Road,1,"Trafficway, On Road",CT0009300,New Haven PD,40812,45:43.0,C,Closed,16:54.0,,4,19800,3,PRINCIPAL ARTERIAL - OTHER - NEW HPMS,2,Urban
891195,1,Complete,891195,891195,41.331978,-72.927931,3393292,New Haven,93,93,New Haven,3/7/2021,2021,3,March,7,1,Sunday,17:46:00,17,21008397,A,"Injury of any type (Serious, Minor, Possible)",B,Suspected Minor Injury (B),2,0,0,4,Local,0.74,319,HUNTINGTON ST,HUNTINGTON ST,,NEWHALL ST,100,Feet,W,41.331978,-72.927931,15,Parked Motor Vehicle,3,Angle,1,On Roadway,1,Clear,88,Not Applicable,3,Dusk,1,Dry,0,None,88,Not Applicable,88,Not Applicable,0,None,88,Not Applicable,88,Not Applicable,1,Non-Junction,1,Not at Intersection,1,No,1,No,88,Not Applicable,88,Not Applicable,88,Not Applicable,88,Not Applicable,FALSE,1,Public Road,1,"Trafficway, On Road",CT0009300,New Haven PD,42053,59:23.0,C,Closed,16:58.0,,2,1515,7,LOCAL - NEW HPMS,2,Urban
891196,1,Complete,891196,891196,41.31344,-72.943742,3393293,New Haven,93,93,New Haven,3/11/2021,2021,3,March,11,5,Thursday,7:29:00,7,21008952,A,"Injury of any type (Serious, Minor, Possible)",C,Possible Injury (C),2,0,1,4,Local,0.54,556,SHERMAN AV,SHERMAN AV,,EDGEWOOD AVE,75,Feet,N,41.31344,-72.943742,14,Motor Vehicle in Operation,1,Front to rear,1,On Roadway,1,Clear,88,Not Applicable,1,Daylight,1,Dry,0,None,88,Not Applicable,88,Not Applicable,0,None,88,Not Applicable,88,Not Applicable,3,Intersection-Related,2,Four-Way Intersection,1,No,1,No,88,Not Applicable,88,Not Applicable,88,Not Applicable,88,Not Applicable,FALSE,1,Public Road,1,"Trafficway, On Road",CT0009300,New Haven PD,465,13:03.0,C,Closed,16:59.0,,2,10900,4,MINOR ARTERIAL - NEW HPMS,2,Urban
891199,1,Complete,891199,891199,41.2863,-72.936156,3393296,New Haven,93,93,New Haven,3/15/2021,2021,3,March,15,2,Monday,9:07:00,9,21009486,A,"Injury of any type (Serious, Minor, Possible)",C,Possible Injury (C),2,0,0,3,State,0.46,10,10-N,10-N,745-E,,,,,41.2863,-72.936156,14,Motor Vehicle in Operation,3,Angle,1,On Roadway,1,Clear,88,Not Applicable,1,Daylight,1,Dry,0,None,88,Not Applicable,88,Not Applicable,0,None,88,Not Applicable,88,Not Applicable,2,Intersection,2,Four-Way Intersection,1,No,1,No,88,Not Applicable,88,Not Applicable,88,Not Applicable,88,Not Applicable,TRUE,1,Public Road,1,"Trafficway, On Road",CT0009300,New Haven PD,281,57:30.0,C,Closed,17:01.0,,4,18500,3,PRINCIPAL ARTERIAL - OTHER - NEW HPMS,2,Urban
891201,1,Complete,891201,891201,41.30569,-72.92895,3393298,New Haven,93,93,New Haven,3/20/2021,2021,3,March,20,7,Saturday,2:17:00,2,21010144,A,"Injury of any type (Serious, Minor, Possible)",C,Possible Injury (C),1,0,0,4,Local,0.34,136,CROWN ST,CROWN ST,,COLLEGE ST,200,Feet,E,41.30569,-72.92895,38,"Other Post, Pole or Support",88,Not Applicable,1,On Roadway,1,Clear,88,Not Applicable,4,Dark-Lighted,1,Dry,0,None,88,Not Applicable,88,Not Applicable,0,None,88,Not Applicable,88,Not Applicable,1,Non-Junction,1,Not at Intersection,1,No,1,No,88,Not Applicable,88,Not Applicable,88,Not Applicable,88,Not Applicable,FALSE,1,Public Road,1,"Trafficway, On Road",CT0009300,New Haven PD,344,03:17.0,C,Closed,17:03.0,,2,4500,5,MAJOR COLLECTOR - NEW HPMS,2,Urban
891204,1,Complete,891204,891204,41.31581,-72.94286,3393301,New Haven,93,93,New Haven,3/23/2021,2021,3,March,23,3,Tuesday,20:51:00,20,21010655,A,"Injury of any type (Serious, Minor, Possible)",B,Suspected Minor Injury (B),1,1,0,4,Local,0.71,556,SHERMAN AV,SHERMAN AV,,ELM ST,100,Feet,N,41.31581,-72.94286,9,Pedestrian,88,Not Applicable,1,On Roadway,1,Clear,88,Not Applicable,4,Dark-Lighted,1,Dry,0,None,88,Not Applicable,88,Not Applicable,0,None,88,Not Applicable,88,Not Applicable,1,Non-Junction,1,Not at Intersection,1,No,1,No,88,Not Applicable,88,Not Applicable,88,Not Applicable,88,Not Applicable,FALSE,1,Public Road,1,"Trafficway, On Road",CT0009300,New Haven PD,42051,08:01.0,O,Open,17:06.0,21010655,4,10900,4,MINOR ARTERIAL - NEW HPMS,2,Urban
891210,1,Complete,891210,891210,41.28534,-72.896,3393307,New Haven,93,93,New Haven,4/9/2021,2021,4,April,9,6,Friday,0:52:00,0,21012934,A,"Injury of any type (Serious, Minor, Possible)",C,Possible Injury (C),1,0,0,4,Local,1.1,678,WOODWARD AV,WOODWARD AV,,PARK ST,5,Feet,S,41.28534,-72.896,38,"Other Post, Pole or Support",88,Not Applicable,2,Shoulder,1,Clear,88,Not Applicable,4,Dark-Lighted,1,Dry,0,None,88,Not Applicable,88,Not Applicable,0,None,88,Not Applicable,88,Not Applicable,1,Non-Junction,1,Not at Intersection,1,No,1,No,88,Not Applicable,88,Not Applicable,88,Not Applicable,88,Not Applicable,FALSE,1,Public Road,1,"Trafficway, On Road",CT0009300,New Haven PD,415,40:51.0,C,Closed,17:16.0,,2,6700,7,LOCAL - NEW HPMS,2,Urban
891211,1,Complete,891211,891211,41.315174,-72.943022,3393308,New Haven,93,93,New Haven,4/13/2021,2021,4,April,13,3,Tuesday,14:18:00,14,21013520,A,"Injury of any type (Serious, Minor, Possible)",C,Possible Injury (C),2,0,0,4,Local,0.67,556,SHERMAN AV,SHERMAN AV,ELM ST NO 1,,,,,41.315174,-72.943022,14,Motor Vehicle in Operation,3,Angle,1,On Roadway,2,Cloudy,88,Not Applicable,1,Daylight,1,Dry,0,None,88,Not Applicable,88,Not Applicable,0,None,88,Not Applicable,88,Not Applicable,2,Intersection,2,Four-Way Intersection,1,No,1,No,88,Not Applicable,88,Not Applicable,88,Not Applicable,88,Not Applicable,FALSE,1,Public Road,1,"Trafficway, On Road",CT0009300,New Haven PD,42054,52:15.0,C,Closed,17:10.0,,,,,,,
891213,1,Complete,891213,891213,41.332523,-72.97514,921062,New Haven,93,93,New Haven,4/16/2021,2021,4,April,16,6,Friday,21:35:00,21,21014029,K,Fatal (Kill),K,Fatal Injury (K),2,0,0,3,State,1.12,63,63-N,63-N,EAST RAMSDELL ST,,,,,41.332523,-72.97514,14,Motor Vehicle in Operation,97,Other,1,On Roadway,1,Clear,88,Not Applicable,4,Dark-Lighted,1,Dry,0,None,88,Not Applicable,88,Not Applicable,0,None,88,Not Applicable,88,Not Applicable,2,Intersection,2,Four-Way Intersection,1,No,1,No,88,Not Applicable,88,Not Applicable,88,Not Applicable,88,Not Applicable,FALSE,1,Public Road,1,"Trafficway, On Road",CT0009300,New Haven PD,751,29:57.0,O,Open,17:11.0,,4,22900,3,PRINCIPAL ARTERIAL - OTHER - NEW HPMS,2,Urban
891214,1,Complete,891214,891214,41.318489,-72.945727,3393311,New Haven,93,93,New Haven,4/17/2021,2021,4,April,17,7,Saturday,10:38:00,10,21014065,A,"Injury of any type (Serious, Minor, Possible)",C,Possible Injury (C),2,0,0,4,Local,0.58,439,NORTON ST,NORTON ST,,WHALLEY AVE,200,Feet,N,41.318489,-72.945727,14,Motor Vehicle in Operation,7,Rear to rear,1,On Roadway,1,Clear,88,Not Applicable,1,Daylight,1,Dry,0,None,88,Not Applicable,88,Not Applicable,0,None,88,Not Applicable,88,Not Applicable,1,Non-Junction,1,Not at Intersection,1,No,1,No,88,Not Applicable,88,Not Applicable,88,Not Applicable,88,Not Applicable,FALSE,1,Public Road,1,"Trafficway, On Road",CT0009300,New Haven PD,62,22:00.0,C,Closed,17:13.0,,,,,,,
891218,1,Complete,891218,891218,41.307948,-72.934279,3393315,New Haven,93,93,New Haven,4/22/2021,2021,4,April,22,5,Thursday,8:45:00,8,21014751,A,"Injury of any type (Serious, Minor, Possible)",C,Possible Injury (C),2,0,1,4,Local,0.27,463,PARK ST,PARK ST,CROWN ST,,,,,41.307948,-72.934279,14,Motor Vehicle in Operation,3,Angle,1,On Roadway,1,Clear,88,Not Applicable,1,Daylight,1,Dry,0,None,88,Not Applicable,88,Not Applicable,0,None,88,Not Applicable,88,Not Applicable,2,Intersection,2,Four-Way Intersection,1,No,1,No,88,Not Applicable,88,Not Applicable,88,Not Applicable,88,Not Applicable,FALSE,1,Public Road,1,"Trafficway, On Road",CT0009300,New Haven PD,295,28:05.0,C,Closed,17:17.0,,,,,,,
891219,1,Complete,891219,891219,41.332996,-72.975461,3393316,New Haven,93,93,New Haven,4/22/2021,2021,4,April,22,5,Thursday,13:54:00,13,21014824,A,"Injury of any type (Serious, Minor, Possible)",A,Suspected Serious Injury (A),1,1,1,3,State,1.16,63,63-N,63-N,WESTERLEIGH RD,,,,,41.332996,-72.975461,9,Pedestrian,88,Not Applicable,1,On Roadway,1,Clear,88,Not Applicable,1,Daylight,1,Dry,0,None,88,Not Applicable,88,Not Applicable,0,None,88,Not Applicable,88,Not Applicable,2,Intersection,3,T-Intersection,1,No,1,No,88,Not Applicable,88,Not Applicable,88,Not Applicable,88,Not Applicable,TRUE,1,Public Road,1,"Trafficway, On Road",CT0009300,New Haven PD,90,31:16.0,O,Open,17:18.0,,5,26900,3,PRINCIPAL ARTERIAL - OTHER - NEW HPMS,2,Urban
891221,1,Complete,891221,891221,41.322744,-72.934578,3393318,New Haven,93,93,New Haven,5/1/2021,2021,5,May,1,7,Saturday,20:50:00,20,21016189,A,"Injury of any type (Serious, Minor, Possible)",C,Possible Injury (C),3,0,1,4,Local,0.02,552,SHELTON AV,SHELTON AV,MUNSON ST,,,,,41.322744,-72.934578,14,Motor Vehicle in Operation,97,Other,1,On Roadway,1,Clear,88,Not Applicable,3,Dusk,1,Dry,0,None,88,Not Applicable,88,Not Applicable,0,None,88,Not Applicable,88,Not Applicable,2,Intersection,2,Four-Way Intersection,1,No,1,No,88,Not Applicable,88,Not Applicable,88,Not Applicable,88,Not Applicable,TRUE,1,Public Road,1,"Trafficway, On Road",CT0009300,New Haven PD,42042,30:12.0,C,Closed,17:21.0,,,,,,,
891223,1,Complete,891223,891223,41.312805,-72.93294,3393320,New Haven,93,93,New Haven,5/2/2021,2021,5,May,2,1,Sunday,21:35:00,21,21016316,A,"Injury of any type (Serious, Minor, Possible)",A,Suspected Serious Injury (A),2,0,1,4,Local,0.95,653,WHALLEY AV,WHALLEY AV,HOWE ST,,,,,41.312805,-72.93294,14,Motor Vehicle in Operation,3,Angle,1,On Roadway,1,Clear,88,Not Applicable,4,Dark-Lighted,1,Dry,0,None,88,Not Applicable,88,Not Applicable,0,None,88,Not Applicable,88,Not Applicable,2,Intersection,3,T-Intersection,1,No,1,No,88,Not Applicable,88,Not Applicable,88,Not Applicable,88,Not Applicable,FALSE,1,Public Road,1,"Trafficway, On Road",CT0009300,New Haven PD,42045,14:08.0,C,Closed,17:23.0,,2,21100,3,PRINCIPAL ARTERIAL - OTHER - NEW HPMS,2,Urban
891224,1,Complete,891224,891224,41.297082,-72.892725,3393321,New Haven,93,93,New Haven,5/8/2021,2021,5,May,8,7,Saturday,1:50:00,1,21017066,A,"Injury of any type (Serious, Minor, Possible)",A,Suspected Serious Injury (A),2,2,1,4,Local,0.18,210,FARREN AV,FARREN AV,FULTON ST,,,,,41.297082,-72.892725,14,Motor Vehicle in Operation,97,Other,1,On Roadway,1,Clear,88,Not Applicable,4,Dark-Lighted,1,Dry,0,None,88,Not Applicable,88,Not Applicable,0,None,88,Not Applicable,88,Not Applicable,2,Intersection,2,Four-Way Intersection,1,No,1,No,88,Not Applicable,88,Not Applicable,88,Not Applicable,88,Not Applicable,FALSE,1,Public Road,1,"Trafficway, On Road",CT0009300,New Haven PD,180,55:47.0,O,Open,17:24.0,21017066,,,,,,
891225,1,Complete,891225,891225,41.320909,-72.8739369,3393322,New Haven,93,93,New Haven,5/13/2021,2021,5,May,13,5,Thursday,19:52:00,19,21017824,A,"Injury of any type (Serious, Minor, Possible)",C,Possible Injury (C),2,0,0,3,State,0.44,80,80-E,80-E,QUINNIPIAC AV,,,,,41.320909,-72.8739369,14,Motor Vehicle in Operation,3,Angle,1,On Roadway,1,Clear,88,Not Applicable,3,Dusk,1,Dry,3,Glare,88,Not Applicable,88,Not Applicable,0,None,88,Not Applicable,88,Not Applicable,2,Intersection,2,Four-Way Intersection,1,No,1,No,88,Not Applicable,88,Not Applicable,88,Not Applicable,88,Not Applicable,FALSE,1,Public Road,1,"Trafficway, On Road",CT0009300,New Haven PD,42055,23:34.0,C,Closed,17:25.0,,4,32100,3,PRINCIPAL ARTERIAL - OTHER - NEW HPMS,2,Urban
891226,1,Complete,891226,891226,41.326392,-72.940886,3393323,New Haven,93,93,New Haven,5/16/2021,2021,5,May,16,1,Sunday,16:56:00,16,21018167,A,"Injury of any type (Serious, Minor, Possible)",C,Possible Injury (C),2,0,0,4,Local,0.41,133,CRESCENT ST,CRESCENT ST,NORTON PKWY,,,,,41.326392,-72.940886,14,Motor Vehicle in Operation,3,Angle,1,On Roadway,1,Clear,88,Not Applicable,1,Daylight,1,Dry,0,None,88,Not Applicable,88,Not Applicable,0,None,88,Not Applicable,88,Not Applicable,3,Intersection-Related,3,T-Intersection,1,No,1,No,88,Not Applicable,88,Not Applicable,88,Not Applicable,88,Not Applicable,FALSE,1,Public Road,1,"Trafficway, On Road",CT0009300,New Haven PD,40951,25:26.0,C,Closed,17:26.0,,,,,,,
891227,1,Complete,891227,891227,41.315508,-72.939147,3393324,New Haven,93,93,New Haven,5/17/2021,2021,5,May,17,2,Monday,9:51:00,9,21018271,A,"Injury of any type (Serious, Minor, Possible)",B,Suspected Minor Injury (B),2,0,0,4,Local,0.56,653,WHALLEY AV,WHALLEY AV,ORCHARD ST,,,,,41.315508,-72.939147,14,Motor Vehicle in Operation,3,Angle,1,On Roadway,1,Clear,88,Not Applicable,1,Daylight,1,Dry,0,None,88,Not Applicable,88,Not Applicable,0,None,88,Not Applicable,88,Not Applicable,2,Intersection,2,Four-Way Intersection,1,No,1,No,88,Not Applicable,88,Not Applicable,88,Not Applicable,88,Not Applicable,FALSE,1,Public Road,1,"Trafficway, On Road",CT0009300,New Haven PD,332,32:22.0,C,Closed,17:26.0,,,,,,,
891229,1,Complete,891229,891229,41.293728,-72.936866,3393326,New Haven,93,93,New Haven,5/24/2021,2021,5,May,24,2,Monday,19:31:00,19,21019275,A,"Injury of any type (Serious, Minor, Possible)",C,Possible Injury (C),2,0,0,4,Local,0.13,571,SPRING ST,SPRING ST,BUTTON ST,,,,,41.293728,-72.936866,14,Motor Vehicle in Operation,97,Other,1,On Roadway,1,Clear,88,Not Applicable,1,Daylight,1,Dry,0,None,88,Not Applicable,88,Not Applicable,0,None,88,Not Applicable,88,Not Applicable,3,Intersection-Related,2,Four-Way Intersection,1,No,1,No,88,Not Applicable,88,Not Applicable,88,Not Applicable,88,Not Applicable,FALSE,1,Public Road,1,"Trafficway, On Road",CT0009300,New Haven PD,381,49:02.0,C,Closed,17:28.0,,,,,,,
891232,1,Complete,891232,891232,41.3324573,-72.9351221,3393329,New Haven,93,93,New Haven,6/5/2021,2021,6,June,5,7,Saturday,13:41:00,13,21020683,A,"Injury of any type (Serious, Minor, Possible)",C,Possible Injury (C),2,0,0,4,Local,1.38,152,DIXWELL AV,DIXWELL AV,BASSETT ST,,,,,41.3324573,-72.9351221,14,Motor Vehicle in Operation,3,Angle,1,On Roadway,1,Clear,88,Not Applicable,1,Daylight,1,Dry,0,None,88,Not Applicable,88,Not Applicable,0,None,88,Not Applicable,88,Not Applicable,2,Intersection,2,Four-Way Intersection,1,No,1,No,88,Not Applicable,88,Not Applicable,88,Not Applicable,88,Not Applicable,FALSE,1,Public Road,1,"Trafficway, On Road",CT0009300,New Haven PD,40952,48:25.0,C,Closed,17:30.0,,,,,,,
891234,1,Complete,891234,891234,41.312091,-72.919258,3393331,New Haven,93,93,New Haven,6/5/2021,2021,6,June,5,7,Saturday,23:02:00,23,21020878,A,"Injury of any type (Serious, Minor, Possible)",C,Possible Injury (C),2,0,0,4,Local,1.18,450,ORANGE ST NO 1,ORANGE ST NO 1,TRUMBULL ST,,,,,41.312091,-72.919258,14,Motor Vehicle in Operation,3,Angle,1,On Roadway,1,Clear,88,Not Applicable,4,Dark-Lighted,1,Dry,0,None,88,Not Applicable,88,Not Applicable,0,None,88,Not Applicable,88,Not Applicable,2,Intersection,2,Four-Way Intersection,1,No,1,No,88,Not Applicable,88,Not Applicable,88,Not Applicable,88,Not Applicable,FALSE,1,Public Road,1,"Trafficway, On Road",CT0009300,New Haven PD,432,23:50.0,C,Closed,17:32.0,,1,7400,1,INTERSTATE - NEW HPMS,2,Urban
891236,1,Complete,891236,891236,41.306915,-72.921415,3393333,New Haven,93,93,New Haven,6/13/2021,2021,6,June,13,1,Sunday,11:10:00,11,21021861,A,"Injury of any type (Serious, Minor, Possible)",C,Possible Injury (C),2,0,0,4,Local,1.17,575,STATE ST,STATE ST,GRAND AV,,,,,41.306915,-72.921415,14,Motor Vehicle in Operation,3,Angle,1,On Roadway,1,Clear,88,Not Applicable,1,Daylight,1,Dry,0,None,88,Not Applicable,88,Not Applicable,0,None,88,Not Applicable,88,Not Applicable,2,Intersection,2,Four-Way Intersection,1,No,1,No,88,Not Applicable,88,Not Applicable,88,Not Applicable,88,Not Applicable,FALSE,1,Public Road,1,"Trafficway, On Road",CT0009300,New Haven PD,106,24:52.0,C,Closed,17:34.0,,,,,,,
891237,1,Complete,891237,891237,41.31098,-72.9238,3393334,New Haven,93,93,New Haven,6/15/2021,2021,6,June,15,3,Tuesday,16:03:00,16,21022162,A,"Injury of any type (Serious, Minor, Possible)",C,Possible Injury (C),2,0,0,4,Local,0.24,271,GROVE ST,GROVE ST,TEMPLE ST,,,,,41.31098,-72.9238,14,Motor Vehicle in Operation,3,Angle,1,On Roadway,1,Clear,88,Not Applicable,1,Daylight,1,Dry,0,None,88,Not Applicable,88,Not Applicable,0,None,88,Not Applicable,88,Not Applicable,2,Intersection,2,Four-Way Intersection,2,"Yes, School Bus Directly Involved",1,No,88,Not Applicable,88,Not Applicable,88,Not Applicable,88,Not Applicable,FALSE,1,Public Road,1,"Trafficway, On Road",CT0009300,New Haven PD,97,41:15.0,C,Closed,17:34.0,,2,7700,3,PRINCIPAL ARTERIAL - OTHER - NEW HPMS,2,Urban
891238,1,Complete,891238,891238,41.30903,-72.895438,3393335,New Haven,93,93,New Haven,6/16/2021,2021,6,June,16,4,Wednesday,12:47:00,12,21022255,A,"Injury of any type (Serious, Minor, Possible)",B,Suspected Minor Injury (B),1,1,0,4,Local,0.75,213,FERRY ST,FERRY ST,GRAND AV,,,,,41.30903,-72.895438,9,Pedestrian,88,Not Applicable,1,On Roadway,1,Clear,88,Not Applicable,1,Daylight,1,Dry,0,None,88,Not Applicable,88,Not Applicable,0,None,88,Not Applicable,88,Not Applicable,3,Intersection-Related,2,Four-Way Intersection,1,No,1,No,88,Not Applicable,88,Not Applicable,88,Not Applicable,88,Not Applicable,FALSE,1,Public Road,1,"Trafficway, On Road",CT0009300,New Haven PD,42366,57:49.0,C,Closed,17:35.0,,2,14400,4,MINOR ARTERIAL - NEW HPMS,2,Urban
891241,1,Complete,891241,891241,41.308268,-72.92432,3393338,New Haven,93,93,New Haven,6/30/2021,2021,6,June,30,4,Wednesday,13:35:00,13,21023939,A,"Injury of any type (Serious, Minor, Possible)",C,Possible Injury (C),2,0,2,4,Local,0.34,103,CHURCH ST,CHURCH ST,ELM ST NO 2,,,,,41.308268,-72.92432,14,Motor Vehicle in Operation,3,Angle,1,On Roadway,1,Clear,88,Not Applicable,1,Daylight,1,Dry,0,None,88,Not Applicable,88,Not Applicable,0,None,88,Not Applicable,88,Not Applicable,2,Intersection,2,Four-Way Intersection,1,No,1,No,88,Not Applicable,88,Not Applicable,88,Not Applicable,88,Not Applicable,TRUE,1,Public Road,1,"Trafficway, On Road",CT0009300,New Haven PD,441,54:57.0,C,Closed,17:42.0,,,,,,,
891244,1,Complete,891244,891244,41.296993,-72.89272,3393341,New Haven,93,93,New Haven,7/5/2021,2021,7,July,5,2,Monday,3:50:00,3,21024461,A,"Injury of any type (Serious, Minor, Possible)",B,Suspected Minor Injury (B),2,0,0,4,Local,0.18,210,FARREN AV,FARREN AV,FULTON ST,,,,,41.296993,-72.89272,14,Motor Vehicle in Operation,3,Angle,1,On Roadway,1,Clear,88,Not Applicable,4,Dark-Lighted,1,Dry,0,None,88,Not Applicable,88,Not Applicable,99,Unknown,88,Not Applicable,88,Not Applicable,2,Intersection,2,Four-Way Intersection,1,No,1,No,88,Not Applicable,88,Not Applicable,88,Not Applicable,88,Not Applicable,FALSE,1,Public Road,1,"Trafficway, On Road",CT0009300,New Haven PD,221,07:50.0,O,Open,17:40.0,,,,,,,