CrashId,Fatal Case Status,Fatal Case Status Text Format,CrashId,CrashId,Latitude,Longitude,DOT Case Number,Town Name,Town Number,Town Number,Town Number Text Format,Date Of Crash,Year,Month,Month Text Format,Day,Day of the Week,Day of the Week Text Format,Time of Crash,Hour of the Day,Case Identifier,Crash Severity,Crash Severity Text Format,Most Severe Injury,Most Severe Injury Text Format,Number Of Motor Vehicles,Number Of Non-Motorist,Number Of Witnesses,Route Class,Route Class Text Format,Milemarker,Road Number,Road Description,Roadway Name,Intersecting Roadway Name,Landmark Description,Distance From Nearest Landmark,Unit Of Measure From Nearest Landmark,Direction From Nearest Landmark,Latitude,Longitude,First Harmful Event,First Harmful Event Text Format,Manner of Crash / Collision Impact,Manner of Crash / Collision Impact Text Format,Location of First Harmful Event,Location of First Harmful Event Text Format,Weather Condition,Weather Condition Text Format,Weather 2,Weather 2 Text Format,Light Condition,Light Condition Text Format,Road Surface Condition,Road Surface Condition Text Format,"Contributing Circumstances, Environment","Contributing Circumstances, Environment Text Format",Environment 2,Environment 2 Text Format,Environment 3,Environment 3 Text Format,"Contributing Circumstances, Road","Contributing Circumstances, Road Text Format",Road 2,Road 2 Text Format,Road 3,Road 3 Text Format,Crash Specific Location,Crash Specific Location Text Format,Type of Intersection,Type of Intersection Text Format,School Bus Related,School Bus Related Text Format,Work Zone Related,Work Zone Related Text Format,Location Of Crash Relative To Work Zone,Location Of Crash Relative To Work Zone Text Format,Type of Work Zone,Type of Work Zone Text Format,Worker Presence,Worker Presence Text Format,Law Enforcement Presence,Law Enforcement Presence Text Format,Were Vehicles Moved Prior To Police Arrival,Trafficway Ownership,Trafficway Ownership Text Format,Trafficway Class,Trafficway Class Text Format,Police Agency,Police Agency Text Format,Badge Number,Approval Date,Police Case Status,Police Case Status Text Format,Crash Report Submission Date,Related Case Identifiers,No. of Through Lanes (Log Dir.),Average Daily Traffic,Functional Classification,Functional Classification Text Format,Rural or Urban,Rural or Urban Text Format
891245,1,Complete,891245,891245,41.3084,-72.903258,3393342,New Haven,93,93,New Haven,7/6/2021,2021,7,July,6,3,Tuesday,10:43:00,10,21024599,A,"Injury of any type (Serious, Minor, Possible)",C,Possible Injury (C),3,0,0,4,Local,0.92,264,GRAND AV,GRAND AV,JAMES ST,,,,,41.3084,-72.903258,14,Motor Vehicle in Operation,3,Angle,1,On Roadway,1,Clear,88,Not Applicable,1,Daylight,1,Dry,0,None,88,Not Applicable,88,Not Applicable,0,None,88,Not Applicable,88,Not Applicable,2,Intersection,2,Four-Way Intersection,1,No,1,No,88,Not Applicable,88,Not Applicable,88,Not Applicable,88,Not Applicable,FALSE,1,Public Road,1,"Trafficway, On Road",CT0009300,New Haven PD,263,25:48.0,C,Closed,17:43.0,,,,,,,
891248,1,Complete,891248,891248,41.326976,-72.87944,3393345,New Haven,93,93,New Haven,7/22/2021,2021,7,July,22,5,Thursday,21:17:00,21,21026712,A,"Injury of any type (Serious, Minor, Possible)",C,Possible Injury (C),2,0,0,3,State,0.45,17,17-N,17-N,BARNES AV,,,,,41.326976,-72.87944,14,Motor Vehicle in Operation,1,Front to rear,1,On Roadway,1,Clear,88,Not Applicable,4,Dark-Lighted,1,Dry,0,None,88,Not Applicable,88,Not Applicable,0,None,88,Not Applicable,88,Not Applicable,2,Intersection,3,T-Intersection,1,No,1,No,88,Not Applicable,88,Not Applicable,88,Not Applicable,88,Not Applicable,FALSE,1,Public Road,1,"Trafficway, On Road",CT0009300,New Haven PD,40807,30:16.0,C,Closed,17:45.0,,3,21500,3,PRINCIPAL ARTERIAL - OTHER - NEW HPMS,2,Urban
891251,1,Complete,891251,891251,41.334379,-72.937305,3393348,New Haven,93,93,New Haven,7/28/2021,2021,7,July,28,4,Wednesday,12:29:00,12,21027357,A,"Injury of any type (Serious, Minor, Possible)",C,Possible Injury (C),2,0,0,4,Local,0.1,484,POND ST,POND ST,,SHERMANK PKWY,100,Feet,E,41.334379,-72.937305,14,Motor Vehicle in Operation,3,Angle,1,On Roadway,1,Clear,88,Not Applicable,1,Daylight,1,Dry,99,Unknown,88,Not Applicable,88,Not Applicable,0,None,88,Not Applicable,88,Not Applicable,1,Non-Junction,1,Not at Intersection,1,No,1,No,88,Not Applicable,88,Not Applicable,88,Not Applicable,88,Not Applicable,FALSE,1,Public Road,1,"Trafficway, On Road",CT0009300,New Haven PD,2,35:42.0,C,Closed,17:49.0,,,,,,,
891253,1,Complete,891253,891253,41.317824,-72.937744,3393350,New Haven,93,93,New Haven,8/2/2021,2021,8,August,2,2,Monday,10:34:00,10,21027951,A,"Injury of any type (Serious, Minor, Possible)",C,Possible Injury (C),2,0,0,4,Local,0.27,257,GOFFE ST,GOFFE ST,ORCHARD ST,,,,,41.317824,-72.937744,14,Motor Vehicle in Operation,3,Angle,1,On Roadway,1,Clear,88,Not Applicable,1,Daylight,1,Dry,0,None,88,Not Applicable,88,Not Applicable,0,None,88,Not Applicable,88,Not Applicable,2,Intersection,2,Four-Way Intersection,1,No,1,No,88,Not Applicable,88,Not Applicable,88,Not Applicable,88,Not Applicable,FALSE,1,Public Road,1,"Trafficway, On Road",CT0009300,New Haven PD,201,34:30.0,C,Closed,17:51.0,,,,,,,
891255,1,Complete,891255,891255,41.285248,-72.930719,3393352,New Haven,93,93,New Haven,8/7/2021,2021,8,August,7,7,Saturday,4:47:00,4,21028635,A,"Injury of any type (Serious, Minor, Possible)",C,Possible Injury (C),2,0,0,4,Local,1.48,308,HOWARD AV,HOWARD AV,FIFTH ST,,,,,41.285248,-72.930719,14,Motor Vehicle in Operation,5,"Sideswipe, opposite direction",1,On Roadway,1,Clear,88,Not Applicable,4,Dark-Lighted,1,Dry,0,None,88,Not Applicable,88,Not Applicable,0,None,88,Not Applicable,88,Not Applicable,2,Intersection,2,Four-Way Intersection,1,No,1,No,88,Not Applicable,88,Not Applicable,88,Not Applicable,88,Not Applicable,FALSE,1,Public Road,1,"Trafficway, On Road",CT0009300,New Haven PD,88,24:08.0,O,Open,17:52.0,,,,,,,
891256,1,Complete,891256,891256,41.313044,-72.952198,3393353,New Haven,93,93,New Haven,8/11/2021,2021,8,August,11,4,Wednesday,22:30:00,22,21029200,A,"Injury of any type (Serious, Minor, Possible)",C,Possible Injury (C),3,0,0,3,State,2.59,10,10-N,10-N,CHAPEL ST,,,,,41.313044,-72.952198,14,Motor Vehicle in Operation,3,Angle,1,On Roadway,1,Clear,88,Not Applicable,4,Dark-Lighted,1,Dry,0,None,88,Not Applicable,88,Not Applicable,0,None,88,Not Applicable,88,Not Applicable,2,Intersection,2,Four-Way Intersection,1,No,1,No,88,Not Applicable,88,Not Applicable,88,Not Applicable,88,Not Applicable,FALSE,1,Public Road,1,"Trafficway, On Road",CT0009300,New Haven PD,746,08:13.0,C,Closed,17:53.0,,2,19700,3,PRINCIPAL ARTERIAL - OTHER - NEW HPMS,2,Urban
891258,1,Complete,891258,891258,41.30706,-72.92154,3393355,New Haven,93,93,New Haven,8/24/2021,2021,8,August,24,3,Tuesday,11:48:00,11,21030644,A,"Injury of any type (Serious, Minor, Possible)",B,Suspected Minor Injury (B),2,0,0,4,Local,0.71,726,ELM ST NO 2,ELM ST NO 2,,STATE ST,50,Feet,N,41.30706,-72.92154,14,Motor Vehicle in Operation,1,Front to rear,1,On Roadway,1,Clear,88,Not Applicable,1,Daylight,1,Dry,0,None,88,Not Applicable,88,Not Applicable,0,None,88,Not Applicable,88,Not Applicable,3,Intersection-Related,2,Four-Way Intersection,1,No,1,No,88,Not Applicable,88,Not Applicable,88,Not Applicable,88,Not Applicable,FALSE,1,Public Road,1,"Trafficway, On Road",CT0009300,New Haven PD,322,37:46.0,C,Closed,17:59.0,,,,,,,
891259,1,Complete,891259,891259,41.282508,-72.938082,3393356,New Haven,93,93,New Haven,8/25/2021,2021,8,August,25,4,Wednesday,16:41:00,16,21030832,A,"Injury of any type (Serious, Minor, Possible)",B,Suspected Minor Injury (B),3,0,0,3,State,0,10,10-N,10-N,745-E,,,,,41.282508,-72.938082,14,Motor Vehicle in Operation,3,Angle,1,On Roadway,1,Clear,88,Not Applicable,1,Daylight,1,Dry,0,None,88,Not Applicable,88,Not Applicable,0,None,88,Not Applicable,88,Not Applicable,2,Intersection,3,T-Intersection,1,No,1,No,88,Not Applicable,88,Not Applicable,88,Not Applicable,88,Not Applicable,FALSE,1,Public Road,1,"Trafficway, On Road",CT0009300,New Haven PD,958,37:18.0,C,Closed,17:55.0,,2,1171,7,LOCAL - NEW HPMS,2,Urban
891283,1,Complete,891283,891283,41.290609,-72.933667,3393380,New Haven,93,93,New Haven,9/6/2021,2021,9,September,6,2,Monday,14:20:00,14,21032511,A,"Injury of any type (Serious, Minor, Possible)",A,Suspected Serious Injury (A),2,0,0,4,Local,0.11,339,KIMBERLY AV,KIMBERLY AV,GREENWICH AV NO 1,,,,,41.290609,-72.933667,14,Motor Vehicle in Operation,3,Angle,2,Shoulder,1,Clear,88,Not Applicable,1,Daylight,1,Dry,0,None,88,Not Applicable,88,Not Applicable,0,None,88,Not Applicable,88,Not Applicable,2,Intersection,2,Four-Way Intersection,1,No,1,No,88,Not Applicable,88,Not Applicable,88,Not Applicable,88,Not Applicable,FALSE,1,Public Road,1,"Trafficway, On Road",CT0009300,New Haven PD,281,59:10.0,O,Open,18:01.0,,,,,,,
891297,1,Complete,891297,891297,41.327309,-72.968582,3393394,New Haven,93,93,New Haven,10/3/2021,2021,10,October,3,1,Sunday,19:07:00,19,21035682,A,"Injury of any type (Serious, Minor, Possible)",B,Suspected Minor Injury (B),2,0,1,3,State,6.19,243,243-E,243-E,DAYTON ST,,,,,41.327309,-72.968582,14,Motor Vehicle in Operation,2,Front to front,1,On Roadway,1,Clear,88,Not Applicable,4,Dark-Lighted,1,Dry,0,None,88,Not Applicable,88,Not Applicable,0,None,88,Not Applicable,88,Not Applicable,2,Intersection,3,T-Intersection,1,No,1,No,88,Not Applicable,88,Not Applicable,88,Not Applicable,88,Not Applicable,FALSE,1,Public Road,1,"Trafficway, On Road",CT0009300,New Haven PD,42045,03:52.0,C,Closed,18:12.0,,2,11500,4,MINOR ARTERIAL - NEW HPMS,2,Urban
891302,1,Complete,891302,891302,41.31846,-72.94752,3393399,New Haven,93,93,New Haven,10/12/2021,2021,10,October,12,3,Tuesday,5:28:00,5,21036739,A,"Injury of any type (Serious, Minor, Possible)",C,Possible Injury (C),2,0,0,4,Local,0.08,653,WHALLEY AV,WHALLEY AV,ELLSWORTH AV,,,,,41.31846,-72.94752,14,Motor Vehicle in Operation,3,Angle,1,On Roadway,1,Clear,88,Not Applicable,4,Dark-Lighted,1,Dry,0,None,88,Not Applicable,88,Not Applicable,0,None,88,Not Applicable,88,Not Applicable,2,Intersection,2,Four-Way Intersection,1,No,1,No,88,Not Applicable,88,Not Applicable,88,Not Applicable,88,Not Applicable,FALSE,1,Public Road,1,"Trafficway, On Road",CT0009300,New Haven PD,82,56:14.0,C,Closed,18:21.0,,,,,,,
891309,1,Complete,891309,891309,41.29278,-72.896435,3393406,New Haven,93,93,New Haven,10/30/2021,2021,10,October,30,7,Saturday,1:54:00,1,21039296,A,"Injury of any type (Serious, Minor, Possible)",B,Suspected Minor Injury (B),3,0,0,2,USRoute,49.91,1,1-N,1-N,CHAMBERLAIN ST,,,,,41.29278,-72.896435,14,Motor Vehicle in Operation,5,"Sideswipe, opposite direction",1,On Roadway,4,Rain,88,Not Applicable,4,Dark-Lighted,2,Wet,99,Unknown,88,Not Applicable,88,Not Applicable,0,None,88,Not Applicable,88,Not Applicable,3,Intersection-Related,3,T-Intersection,1,No,1,No,88,Not Applicable,88,Not Applicable,88,Not Applicable,88,Not Applicable,FALSE,1,Public Road,1,"Trafficway, On Road",CT0009300,New Haven PD,86,49:36.0,O,Open,18:26.0,,4,9400,3,PRINCIPAL ARTERIAL - OTHER - NEW HPMS,2,Urban
891310,1,Complete,891310,891310,41.296913,-72.915677,3393407,New Haven,93,93,New Haven,10/31/2021,2021,10,October,31,1,Sunday,13:28:00,13,21039437,A,"Injury of any type (Serious, Minor, Possible)",B,Suspected Minor Injury (B),1,0,0,4,Local,0.92,513,LONG WHARF DR,LONG WHARF DR,,Hamilton St,750,Feet,W,41.296913,-72.915677,25,Curb,88,Not Applicable,2,Shoulder,1,Clear,88,Not Applicable,1,Daylight,1,Dry,0,None,88,Not Applicable,88,Not Applicable,0,None,88,Not Applicable,88,Not Applicable,1,Non-Junction,1,Not at Intersection,1,No,1,No,88,Not Applicable,88,Not Applicable,88,Not Applicable,88,Not Applicable,FALSE,1,Public Road,1,"Trafficway, On Road",CT0009300,New Haven PD,281,46:18.0,C,Closed,18:28.0,,4,9100,4,MINOR ARTERIAL - NEW HPMS,2,Urban
891311,1,Complete,891311,891311,41.3174,-72.94452,3393408,New Haven,93,93,New Haven,10/31/2021,2021,10,October,31,1,Sunday,17:19:00,17,21039464,A,"Injury of any type (Serious, Minor, Possible)",A,Suspected Serious Injury (A),1,1,2,4,Local,0.26,653,WHALLEY AV,WHALLEY AV,WINTHROP AV NO 2,,,,,41.3174,-72.94452,14,Motor Vehicle in Operation,3,Angle,1,On Roadway,1,Clear,88,Not Applicable,1,Daylight,1,Dry,0,None,88,Not Applicable,88,Not Applicable,0,None,88,Not Applicable,88,Not Applicable,2,Intersection,2,Four-Way Intersection,1,No,1,No,88,Not Applicable,88,Not Applicable,88,Not Applicable,88,Not Applicable,FALSE,1,Public Road,1,"Trafficway, On Road",CT0009300,New Haven PD,40821,59:56.0,C,Closed,18:27.0,,,,,,,
891314,1,Complete,891314,891314,41.310751,-72.950241,3393411,New Haven,93,93,New Haven,11/4/2021,2021,11,November,4,5,Thursday,10:20:00,10,21039911,A,"Injury of any type (Serious, Minor, Possible)",C,Possible Injury (C),3,0,0,4,Local,0.22,147,DERBY AV,DERBY AV,,NORTON ST,222,Feet,W,41.310751,-72.950241,14,Motor Vehicle in Operation,3,Angle,1,On Roadway,1,Clear,88,Not Applicable,1,Daylight,1,Dry,0,None,88,Not Applicable,88,Not Applicable,0,None,88,Not Applicable,88,Not Applicable,1,Non-Junction,1,Not at Intersection,1,No,1,No,88,Not Applicable,88,Not Applicable,88,Not Applicable,88,Not Applicable,FALSE,1,Public Road,1,"Trafficway, On Road",CT0009300,New Haven PD,324,34:04.0,C,Closed,18:37.0,21039911,,,,,,
891315,1,Complete,891315,891315,41.305578,-72.933827,3393412,New Haven,93,93,New Haven,11/4/2021,2021,11,November,4,5,Thursday,23:41:00,23,21040013,A,"Injury of any type (Serious, Minor, Possible)",B,Suspected Minor Injury (B),2,0,1,4,Local,0.54,809,REV DR MLK JR BLVD,REV DR MLK JR BLVD,YORK ST,,,,,41.305578,-72.933827,14,Motor Vehicle in Operation,1,Front to rear,1,On Roadway,1,Clear,88,Not Applicable,4,Dark-Lighted,1,Dry,0,None,88,Not Applicable,88,Not Applicable,0,None,88,Not Applicable,88,Not Applicable,3,Intersection-Related,2,Four-Way Intersection,1,No,1,No,88,Not Applicable,88,Not Applicable,88,Not Applicable,88,Not Applicable,FALSE,1,Public Road,1,"Trafficway, On Road",CT0009300,New Haven PD,838,48:07.0,C,Closed,18:30.0,,,,,,,
891316,1,Complete,891316,891316,41.308875,-72.945622,3393413,New Haven,93,93,New Haven,11/5/2021,2021,11,November,5,6,Friday,17:14:00,17,21040091,A,"Injury of any type (Serious, Minor, Possible)",C,Possible Injury (C),2,0,0,4,Local,0.21,556,SHERMAN AV,SHERMAN AV,GILBERT AV,,,,,41.308875,-72.945622,14,Motor Vehicle in Operation,3,Angle,1,On Roadway,1,Clear,88,Not Applicable,1,Daylight,1,Dry,0,None,88,Not Applicable,88,Not Applicable,99,Unknown,88,Not Applicable,88,Not Applicable,2,Intersection,2,Four-Way Intersection,1,No,1,No,88,Not Applicable,88,Not Applicable,88,Not Applicable,88,Not Applicable,FALSE,1,Public Road,1,"Trafficway, On Road",CT0009300,New Haven PD,11439,33:49.0,C,Closed,18:31.0,,,,,,,
891317,1,Complete,891317,891317,41.329191,-72.868862,3393414,New Haven,93,93,New Haven,11/6/2021,2021,11,November,6,7,Saturday,20:07:00,20,21040212,A,"Injury of any type (Serious, Minor, Possible)",C,Possible Injury (C),4,0,1,3,State,0.63,103,103-N,103-N,,FIORE STREET,300,Feet,S,41.329191,-72.868862,14,Motor Vehicle in Operation,97,Other,1,On Roadway,1,Clear,88,Not Applicable,4,Dark-Lighted,1,Dry,0,None,88,Not Applicable,88,Not Applicable,0,None,88,Not Applicable,88,Not Applicable,1,Non-Junction,1,Not at Intersection,1,No,1,No,88,Not Applicable,88,Not Applicable,88,Not Applicable,88,Not Applicable,FALSE,1,Public Road,1,"Trafficway, On Road",CT0009300,New Haven PD,42052,09:37.0,C,Closed,18:32.0,,2,9000,4,MINOR ARTERIAL - NEW HPMS,2,Urban
891320,1,Complete,891320,891320,41.291013,-72.941646,3393417,New Haven,93,93,New Haven,11/8/2021,2021,11,November,8,2,Monday,11:34:00,11,21040366,A,"Injury of any type (Serious, Minor, Possible)",C,Possible Injury (C),2,0,0,3,State,0.88,10,10-N,10-N,WASHINGTON AV NO 1,,,,,41.291013,-72.941646,14,Motor Vehicle in Operation,1,Front to rear,1,On Roadway,1,Clear,88,Not Applicable,1,Daylight,1,Dry,0,None,88,Not Applicable,88,Not Applicable,0,None,88,Not Applicable,88,Not Applicable,2,Intersection,2,Four-Way Intersection,1,No,1,No,88,Not Applicable,88,Not Applicable,88,Not Applicable,88,Not Applicable,FALSE,1,Public Road,1,"Trafficway, On Road",CT0009300,New Haven PD,295,31:32.0,C,Closed,18:33.0,,4,20200,3,PRINCIPAL ARTERIAL - OTHER - NEW HPMS,2,Urban
891321,1,Complete,891321,891321,41.317494,-72.894217,3393418,New Haven,93,93,New Haven,11/10/2021,2021,11,November,10,4,Wednesday,8:34:00,8,21040650,A,"Injury of any type (Serious, Minor, Possible)",C,Possible Injury (C),1,1,1,4,Local,0.07,29,ATWATER ST,ATWATER ST,,CLINTON PL,10,Feet,N,41.317494,-72.894217,9,Pedestrian,88,Not Applicable,1,On Roadway,1,Clear,88,Not Applicable,1,Daylight,1,Dry,0,None,88,Not Applicable,88,Not Applicable,0,None,88,Not Applicable,88,Not Applicable,11,Through Roadway,1,Not at Intersection,1,No,1,No,88,Not Applicable,88,Not Applicable,88,Not Applicable,88,Not Applicable,FALSE,1,Public Road,1,"Trafficway, On Road",CT0009300,New Haven PD,40793,36:52.0,C,Closed,18:37.0,21-040650,2,2476,7,LOCAL - NEW HPMS,2,Urban
891324,1,Complete,891324,891324,41.297668,-72.940575,3393421,New Haven,93,93,New Haven,11/23/2021,2021,11,November,23,3,Tuesday,15:32:00,15,21042345,A,"Injury of any type (Serious, Minor, Possible)",C,Possible Injury (C),2,0,0,2,USRoute,47.07,1,1-N,1-N,,WEST ST,50,Feet,E,41.297668,-72.940575,14,Motor Vehicle in Operation,1,Front to rear,1,On Roadway,1,Clear,88,Not Applicable,1,Daylight,1,Dry,0,None,88,Not Applicable,88,Not Applicable,0,None,88,Not Applicable,88,Not Applicable,1,Non-Junction,1,Not at Intersection,1,No,1,No,88,Not Applicable,88,Not Applicable,88,Not Applicable,88,Not Applicable,FALSE,1,Public Road,1,"Trafficway, On Road",CT0009300,New Haven PD,42370,49:01.0,C,Closed,18:39.0,,2,8600,3,PRINCIPAL ARTERIAL - OTHER - NEW HPMS,2,Urban
891325,1,Complete,891325,891325,41.30852,-72.90323,3393422,New Haven,93,93,New Haven,11/24/2021,2021,11,November,24,4,Wednesday,19:07:00,19,21042490,A,"Injury of any type (Serious, Minor, Possible)",C,Possible Injury (C),2,0,0,4,Local,0.55,327,JAMES ST,JAMES ST,GRAND AVE,,,,,41.30852,-72.90323,14,Motor Vehicle in Operation,1,Front to rear,1,On Roadway,1,Clear,88,Not Applicable,1,Daylight,1,Dry,0,None,88,Not Applicable,88,Not Applicable,0,None,88,Not Applicable,88,Not Applicable,2,Intersection,2,Four-Way Intersection,1,No,1,No,88,Not Applicable,88,Not Applicable,88,Not Applicable,88,Not Applicable,TRUE,1,Public Road,1,"Trafficway, On Road",CT0009300,New Haven PD,83,16:45.0,C,Closed,18:41.0,,,,,,,
891328,1,Complete,891328,891328,41.32849,-72.92195,3393425,New Haven,93,93,New Haven,11/27/2021,2021,11,November,27,7,Saturday,3:28:00,3,21042714,A,"Injury of any type (Serious, Minor, Possible)",B,Suspected Minor Injury (B),2,0,1,4,Local,1.18,495,PROSPECT ST,PROSPECT ST,HIGHLAND ST,,,,,41.32849,-72.92195,14,Motor Vehicle in Operation,3,Angle,1,On Roadway,1,Clear,88,Not Applicable,4,Dark-Lighted,1,Dry,0,None,88,Not Applicable,88,Not Applicable,0,None,88,Not Applicable,88,Not Applicable,2,Intersection,2,Four-Way Intersection,1,No,1,No,88,Not Applicable,88,Not Applicable,88,Not Applicable,88,Not Applicable,FALSE,1,Public Road,1,"Trafficway, On Road",CT0009300,New Haven PD,97,26:52.0,C,Closed,18:42.0,,,,,,,
891329,1,Complete,891329,891329,41.286219,-72.926888,3393426,New Haven,93,93,New Haven,12/1/2021,2021,12,December,1,4,Wednesday,19:53:00,19,21043319,A,"Injury of any type (Serious, Minor, Possible)",C,Possible Injury (C),2,0,0,4,Local,0.14,359,SARGENT DR,SARGENT DR,,LONG WHARF DR,500,Feet,S,41.286219,-72.926888,14,Motor Vehicle in Operation,3,Angle,1,On Roadway,1,Clear,88,Not Applicable,99,Unknown,1,Dry,0,None,88,Not Applicable,88,Not Applicable,0,None,88,Not Applicable,88,Not Applicable,4,Entrance / Exit Ramp,1,Not at Intersection,1,No,1,No,88,Not Applicable,88,Not Applicable,88,Not Applicable,88,Not Applicable,FALSE,1,Public Road,1,"Trafficway, On Road",CT0009300,New Haven PD,319,24:55.0,C,Closed,18:45.0,,,,,,,
891333,1,Complete,891333,891333,41.294292,-72.89314,3393430,New Haven,93,93,New Haven,12/3/2021,2021,12,December,3,6,Friday,17:32:00,17,21043569,A,"Injury of any type (Serious, Minor, Possible)",C,Possible Injury (C),2,0,0,4,Local,0.49,207,FAIRMONT AV,FAIRMONT AV,,CHAMBERLAIN ST,50,Feet,S,41.294292,-72.89314,14,Motor Vehicle in Operation,1,Front to rear,1,On Roadway,1,Clear,88,Not Applicable,4,Dark-Lighted,1,Dry,0,None,88,Not Applicable,88,Not Applicable,0,None,88,Not Applicable,88,Not Applicable,1,Non-Junction,1,Not at Intersection,1,No,1,No,88,Not Applicable,88,Not Applicable,88,Not Applicable,88,Not Applicable,FALSE,1,Public Road,1,"Trafficway, On Road",CT0009300,New Haven PD,42055,01:30.0,C,Closed,18:47.0,,2,12700,4,MINOR ARTERIAL - NEW HPMS,2,Urban
891336,1,Complete,891336,891336,41.31306,-72.92178,3393433,New Haven,93,93,New Haven,12/12/2021,2021,12,December,12,1,Sunday,19:58:00,19,21044654,A,"Injury of any type (Serious, Minor, Possible)",C,Possible Injury (C),2,0,2,4,Local,0.17,601,TRUMBULL ST,TRUMBULL ST,WHITNEY AV,,,,,41.31306,-72.92178,14,Motor Vehicle in Operation,3,Angle,1,On Roadway,1,Clear,88,Not Applicable,4,Dark-Lighted,1,Dry,0,None,88,Not Applicable,88,Not Applicable,0,None,88,Not Applicable,88,Not Applicable,2,Intersection,2,Four-Way Intersection,1,No,1,No,88,Not Applicable,88,Not Applicable,88,Not Applicable,88,Not Applicable,FALSE,1,Public Road,1,"Trafficway, On Road",CT0009300,New Haven PD,516,14:57.0,C,Closed,18:50.0,,,,,,,
891337,1,Complete,891337,891337,41.30104,-72.94227,3393434,New Haven,93,93,New Haven,12/13/2021,2021,12,December,13,2,Monday,16:42:00,16,21044734,A,"Injury of any type (Serious, Minor, Possible)",C,Possible Injury (C),2,0,0,4,Local,0.37,141,DAVENPORT AV,DAVENPORT AV,STEVENS ST,,,,,41.30104,-72.94227,14,Motor Vehicle in Operation,3,Angle,1,On Roadway,1,Clear,88,Not Applicable,1,Daylight,1,Dry,0,None,88,Not Applicable,88,Not Applicable,0,None,88,Not Applicable,88,Not Applicable,2,Intersection,3,T-Intersection,1,No,1,No,88,Not Applicable,88,Not Applicable,88,Not Applicable,88,Not Applicable,FALSE,1,Public Road,1,"Trafficway, On Road",CT0009300,New Haven PD,42370,19:12.0,C,Closed,18:50.0,,,,,,,
891339,1,Complete,891339,891339,41.328355,-72.935187,3393436,New Haven,93,93,New Haven,12/16/2021,2021,12,December,16,5,Thursday,13:17:00,13,21045071,A,"Injury of any type (Serious, Minor, Possible)",C,Possible Injury (C),2,0,0,4,Local,1.1,152,DIXWELL AV,DIXWELL AV,FORD ST,,,,,41.328355,-72.935187,14,Motor Vehicle in Operation,3,Angle,1,On Roadway,1,Clear,88,Not Applicable,1,Daylight,1,Dry,0,None,88,Not Applicable,88,Not Applicable,0,None,88,Not Applicable,88,Not Applicable,2,Intersection,3,T-Intersection,1,No,1,No,88,Not Applicable,88,Not Applicable,88,Not Applicable,88,Not Applicable,FALSE,1,Public Road,1,"Trafficway, On Road",CT0009300,New Haven PD,199,59:50.0,C,Closed,29:38.0,,,,,,,
891352,1,Complete,891352,891352,41.30947,-72.92706,3393449,New Haven,93,93,New Haven,12/17/2021,2021,12,December,17,6,Friday,8:42:00,8,21045170,A,"Injury of any type (Serious, Minor, Possible)",A,Suspected Serious Injury (A),1,1,0,4,Local,0.17,117,COLLEGE ST,COLLEGE ST,ELM ST NO 2,,,,,41.30947,-72.92706,9,Pedestrian,88,Not Applicable,1,On Roadway,1,Clear,88,Not Applicable,1,Daylight,1,Dry,0,None,88,Not Applicable,88,Not Applicable,0,None,88,Not Applicable,88,Not Applicable,2,Intersection,2,Four-Way Intersection,1,No,1,No,88,Not Applicable,88,Not Applicable,88,Not Applicable,88,Not Applicable,FALSE,1,Public Road,1,"Trafficway, On Road",CT0009300,New Haven PD,42044,51:20.0,C,Closed,29:47.0,,2,18200,3,PRINCIPAL ARTERIAL - OTHER - NEW HPMS,2,Urban
891364,1,Complete,891364,891364,41.310533,-72.89851,3393461,New Haven,93,93,New Haven,12/17/2021,2021,12,December,17,6,Friday,18:19:00,18,21045228,A,"Injury of any type (Serious, Minor, Possible)",C,Possible Injury (C),3,0,0,4,Local,0.05,734,CLAY ST NO 2,CLAY ST NO 2,FILLMORE ST,,,,,41.310533,-72.89851,14,Motor Vehicle in Operation,3,Angle,1,On Roadway,1,Clear,88,Not Applicable,6,Dark-Unknown Lighting,1,Dry,0,None,88,Not Applicable,88,Not Applicable,0,None,88,Not Applicable,88,Not Applicable,2,Intersection,2,Four-Way Intersection,1,No,1,No,88,Not Applicable,88,Not Applicable,88,Not Applicable,88,Not Applicable,FALSE,1,Public Road,1,"Trafficway, On Road",CT0009300,New Haven PD,42369,04:40.0,C,Closed,30:10.0,,,,,,,
891388,1,Complete,891388,891388,41.327503,-72.878904,3393485,New Haven,93,93,New Haven,12/18/2021,2021,12,December,18,7,Saturday,13:33:00,13,21045305,A,"Injury of any type (Serious, Minor, Possible)",C,Possible Injury (C),2,0,0,3,State,0.51,17,17-N,17-N,91-N-19,,,,,41.327503,-72.878904,14,Motor Vehicle in Operation,1,Front to rear,1,On Roadway,4,Rain,88,Not Applicable,1,Daylight,2,Wet,0,None,88,Not Applicable,88,Not Applicable,0,None,88,Not Applicable,88,Not Applicable,2,Intersection,4,Y-Intersection,1,No,1,No,88,Not Applicable,88,Not Applicable,88,Not Applicable,88,Not Applicable,TRUE,1,Public Road,1,"Trafficway, On Road",CT0009300,New Haven PD,40815,22:12.0,O,Open,29:54.0,,3,21500,3,PRINCIPAL ARTERIAL - OTHER - NEW HPMS,2,Urban