CrashId,Fatal Case Status,Fatal Case Status Text Format,CrashId,CrashId,Latitude,Longitude,DOT Case Number,Town Name,Town Number,Town Number,Town Number Text Format,Date Of Crash,Year,Month,Month Text Format,Day,Day of the Week,Day of the Week Text Format,Time of Crash,Hour of the Day,Case Identifier,Crash Severity,Crash Severity Text Format,Most Severe Injury,Most Severe Injury Text Format,Number Of Motor Vehicles,Number Of Non-Motorist,Number Of Witnesses,Route Class,Route Class Text Format,Milemarker,Road Number,Road Description,Roadway Name,Intersecting Roadway Name,Landmark Description,Distance From Nearest Landmark,Unit Of Measure From Nearest Landmark,Direction From Nearest Landmark,Latitude,Longitude,First Harmful Event,First Harmful Event Text Format,Manner of Crash / Collision Impact,Manner of Crash / Collision Impact Text Format,Location of First Harmful Event,Location of First Harmful Event Text Format,Weather Condition,Weather Condition Text Format,Weather 2,Weather 2 Text Format,Light Condition,Light Condition Text Format,Road Surface Condition,Road Surface Condition Text Format,"Contributing Circumstances, Environment","Contributing Circumstances, Environment Text Format",Environment 2,Environment 2 Text Format,Environment 3,Environment 3 Text Format,"Contributing Circumstances, Road","Contributing Circumstances, Road Text Format",Road 2,Road 2 Text Format,Road 3,Road 3 Text Format,Crash Specific Location,Crash Specific Location Text Format,Type of Intersection,Type of Intersection Text Format,School Bus Related,School Bus Related Text Format,Work Zone Related,Work Zone Related Text Format,Location Of Crash Relative To Work Zone,Location Of Crash Relative To Work Zone Text Format,Type of Work Zone,Type of Work Zone Text Format,Worker Presence,Worker Presence Text Format,Law Enforcement Presence,Law Enforcement Presence Text Format,Were Vehicles Moved Prior To Police Arrival,Trafficway Ownership,Trafficway Ownership Text Format,Trafficway Class,Trafficway Class Text Format,Police Agency,Police Agency Text Format,Badge Number,Approval Date,Police Case Status,Police Case Status Text Format,Crash Report Submission Date,Related Case Identifiers,No. of Through Lanes (Log Dir.),Average Daily Traffic,Functional Classification,Functional Classification Text Format,Rural or Urban,Rural or Urban Text Format
891389,1,Complete,891389,891389,41.332312,-72.87291,3393486,New Haven,93,93,New Haven,12/18/2021,2021,12,December,18,7,Saturday,15:16:00,15,21045309,A,"Injury of any type (Serious, Minor, Possible)",C,Possible Injury (C),2,0,1,3,State,0.96,17,17-N,17-N,,CRANSTON ST,30,Feet,E,41.332312,-72.87291,14,Motor Vehicle in Operation,3,Angle,1,On Roadway,4,Rain,88,Not Applicable,1,Daylight,2,Wet,1,Weather Conditions,88,Not Applicable,88,Not Applicable,0,None,88,Not Applicable,88,Not Applicable,11,Through Roadway,1,Not at Intersection,1,No,1,No,88,Not Applicable,88,Not Applicable,88,Not Applicable,88,Not Applicable,FALSE,1,Public Road,1,"Trafficway, On Road",CT0009300,New Haven PD,40793,50:48.0,C,Closed,29:53.0,,2,9800,3,PRINCIPAL ARTERIAL - OTHER - NEW HPMS,2,Urban
891395,1,Complete,891395,891395,41.32382,-72.88154,3393492,New Haven,93,93,New Haven,12/18/2021,2021,12,December,18,7,Saturday,22:41:00,22,21045341,A,"Injury of any type (Serious, Minor, Possible)",C,Possible Injury (C),2,0,0,3,State,0.22,17,17-N,17-N,80-W,,,,,41.32382,-72.88154,14,Motor Vehicle in Operation,97,Other,1,On Roadway,1,Clear,88,Not Applicable,4,Dark-Lighted,1,Dry,0,None,88,Not Applicable,88,Not Applicable,0,None,88,Not Applicable,88,Not Applicable,2,Intersection,2,Four-Way Intersection,1,No,1,No,88,Not Applicable,88,Not Applicable,88,Not Applicable,88,Not Applicable,FALSE,1,Public Road,1,"Trafficway, On Road",CT0009300,New Haven PD,370,42:10.0,O,Open,18:54.0,,1,8500,1,INTERSTATE - NEW HPMS,2,Urban
891397,1,Complete,891397,891397,41.3097745,-72.9452064,3393494,New Haven,93,93,New Haven,12/18/2021,2021,12,December,18,7,Saturday,23:18:00,23,21045343,A,"Injury of any type (Serious, Minor, Possible)",B,Suspected Minor Injury (B),3,0,0,4,Local,0.26,248,GEORGE ST,GEORGE ST,SHERMAN AV,,,,,41.3097745,-72.9452064,14,Motor Vehicle in Operation,3,Angle,1,On Roadway,4,Rain,88,Not Applicable,4,Dark-Lighted,2,Wet,0,None,88,Not Applicable,88,Not Applicable,0,None,88,Not Applicable,88,Not Applicable,2,Intersection,2,Four-Way Intersection,1,No,1,No,88,Not Applicable,88,Not Applicable,88,Not Applicable,88,Not Applicable,FALSE,1,Public Road,1,"Trafficway, On Road",CT0009300,New Haven PD,42046,18:45.0,O,Open,30:04.0,,,,,,,
891399,1,Complete,891399,891399,41.291224,-72.93332,3393496,New Haven,93,93,New Haven,12/18/2021,2021,12,December,18,7,Saturday,23:58:00,23,21045345,A,"Injury of any type (Serious, Minor, Possible)",A,Suspected Serious Injury (A),3,0,0,4,Local,0.07,339,KIMBERLY AV,KIMBERLY AV,LAMBERTON ST,,,,,41.291224,-72.93332,14,Motor Vehicle in Operation,1,Front to rear,1,On Roadway,4,Rain,88,Not Applicable,4,Dark-Lighted,2,Wet,0,None,88,Not Applicable,88,Not Applicable,0,None,88,Not Applicable,88,Not Applicable,2,Intersection,2,Four-Way Intersection,1,No,1,No,88,Not Applicable,88,Not Applicable,88,Not Applicable,88,Not Applicable,FALSE,1,Public Road,1,"Trafficway, On Road",CT0009300,New Haven PD,40955,41:08.0,O,Open,30:03.0,,2,7500,4,MINOR ARTERIAL - NEW HPMS,2,Urban
891402,1,Complete,891402,891402,41.312861,-72.872602,3393499,New Haven,93,93,New Haven,12/19/2021,2021,12,December,19,1,Sunday,13:48:00,13,21045390,A,"Injury of any type (Serious, Minor, Possible)",C,Possible Injury (C),2,0,0,,,,,,JACKSON LN,,,,,,41.312861,-72.872602,14,Motor Vehicle in Operation,5,"Sideswipe, opposite direction",7,In Parking Lane or Zone,1,Clear,88,Not Applicable,1,Daylight,1,Dry,0,None,88,Not Applicable,88,Not Applicable,0,None,88,Not Applicable,88,Not Applicable,1,Non-Junction,1,Not at Intersection,1,No,1,No,88,Not Applicable,88,Not Applicable,88,Not Applicable,88,Not Applicable,FALSE,88,Not Applicable,4,Parking Lot,CT0009300,New Haven PD,156,45:36.0,C,Closed,30:01.0,,,,,,,
891404,1,Complete,891404,891404,41.322471,-72.949153,3393501,New Haven,93,93,New Haven,12/20/2021,2021,12,December,20,2,Monday,6:04:00,6,21045434,A,"Injury of any type (Serious, Minor, Possible)",B,Suspected Minor Injury (B),1,1,1,4,Local,0.23,690,ELLA T GRASSO BLVD,ELLA T GRASSO BLVD,,ANITA ST,105,Feet,N,41.322471,-72.949153,9,Pedestrian,88,Not Applicable,1,On Roadway,1,Clear,88,Not Applicable,4,Dark-Lighted,1,Dry,0,None,88,Not Applicable,88,Not Applicable,0,None,88,Not Applicable,88,Not Applicable,1,Non-Junction,1,Not at Intersection,1,No,1,No,88,Not Applicable,88,Not Applicable,88,Not Applicable,88,Not Applicable,FALSE,1,Public Road,1,"Trafficway, On Road",CT0009300,New Haven PD,7,19:06.0,C,Closed,30:05.0,,4,5300,4,MINOR ARTERIAL - NEW HPMS,2,Urban
891411,1,Complete,891411,891411,41.328831,-72.965391,3393508,New Haven,93,93,New Haven,12/20/2021,2021,12,December,20,2,Monday,11:59:00,11,21045463,A,"Injury of any type (Serious, Minor, Possible)",C,Possible Injury (C),2,0,0,3,State,0.53,63,63-N,63-N,EMERSON ST NO 2,,,,,41.328831,-72.965391,14,Motor Vehicle in Operation,1,Front to rear,1,On Roadway,1,Clear,88,Not Applicable,1,Daylight,1,Dry,0,None,88,Not Applicable,88,Not Applicable,0,None,88,Not Applicable,88,Not Applicable,2,Intersection,3,T-Intersection,1,No,1,No,88,Not Applicable,88,Not Applicable,88,Not Applicable,88,Not Applicable,TRUE,1,Public Road,1,"Trafficway, On Road",CT0009300,New Haven PD,381,59:36.0,C,Closed,30:13.0,,3,20300,3,PRINCIPAL ARTERIAL - OTHER - NEW HPMS,2,Urban
891416,1,Complete,891416,891416,41.310654,-72.949642,3393513,New Haven,93,93,New Haven,12/20/2021,2021,12,December,20,2,Monday,20:18:00,20,21045515,A,"Injury of any type (Serious, Minor, Possible)",C,Possible Injury (C),2,0,0,4,Local,0.03,248,GEORGE ST,GEORGE ST,NORTON ST,,,,,41.310654,-72.949642,14,Motor Vehicle in Operation,1,Front to rear,4,Roadside,1,Clear,88,Not Applicable,4,Dark-Lighted,1,Dry,0,None,88,Not Applicable,88,Not Applicable,99,Unknown,88,Not Applicable,88,Not Applicable,2,Intersection,4,Y-Intersection,1,No,1,No,88,Not Applicable,88,Not Applicable,88,Not Applicable,88,Not Applicable,FALSE,1,Public Road,3,Non-trafficway,CT0009300,New Haven PD,11439,26:41.0,C,Closed,31:00.0,,,,,,,
891426,1,Complete,891426,891426,41.30888,-72.90981,3393523,New Haven,93,93,New Haven,12/21/2021,2021,12,December,21,3,Tuesday,13:24:00,13,21045571,A,"Injury of any type (Serious, Minor, Possible)",C,Possible Injury (C),2,0,0,4,Local,1.26,264,GRAND AV,GRAND AV,EAST ST,,,,,41.30888,-72.90981,14,Motor Vehicle in Operation,4,"Sideswipe, same direction",1,On Roadway,1,Clear,88,Not Applicable,1,Daylight,1,Dry,0,None,88,Not Applicable,88,Not Applicable,0,None,88,Not Applicable,88,Not Applicable,11,Through Roadway,1,Not at Intersection,1,No,1,No,88,Not Applicable,88,Not Applicable,88,Not Applicable,88,Not Applicable,FALSE,1,Public Road,1,"Trafficway, On Road",CT0009300,New Haven PD,40793,00:46.0,C,Closed,30:26.0,,2,9100,4,MINOR ARTERIAL - NEW HPMS,2,Urban
891428,1,Complete,891428,891428,41.320101,-72.893289,3393525,New Haven,93,93,New Haven,12/21/2021,2021,12,December,21,3,Tuesday,14:21:00,14,21045575,A,"Injury of any type (Serious, Minor, Possible)",C,Possible Injury (C),2,0,1,4,Local,0.5,411,MIDDLETOWN AV,MIDDLETOWN AV,,,,,,41.320101,-72.893289,14,Motor Vehicle in Operation,97,Other,1,On Roadway,1,Clear,88,Not Applicable,1,Daylight,1,Dry,0,None,88,Not Applicable,88,Not Applicable,0,None,88,Not Applicable,88,Not Applicable,2,Intersection,2,Four-Way Intersection,1,No,1,No,88,Not Applicable,88,Not Applicable,88,Not Applicable,88,Not Applicable,TRUE,1,Public Road,1,"Trafficway, On Road",CT0009300,New Haven PD,980,52:35.0,C,Closed,30:19.0,,,,,,,
891429,1,Complete,891429,891429,41.32882,-72.968619,3393526,New Haven,93,93,New Haven,12/21/2021,2021,12,December,21,3,Tuesday,15:36:00,15,21045576,A,"Injury of any type (Serious, Minor, Possible)",C,Possible Injury (C),2,0,0,3,State,3.49,122,122-N,122-N,FAIRFIELD ST NO 2,,,,,41.32882,-72.968619,14,Motor Vehicle in Operation,3,Angle,1,On Roadway,1,Clear,88,Not Applicable,1,Daylight,1,Dry,0,None,88,Not Applicable,88,Not Applicable,0,None,88,Not Applicable,88,Not Applicable,2,Intersection,3,T-Intersection,1,No,1,No,88,Not Applicable,88,Not Applicable,88,Not Applicable,88,Not Applicable,TRUE,1,Public Road,1,"Trafficway, On Road",CT0009300,New Haven PD,170,10:45.0,C,Closed,30:28.0,,2,11500,4,MINOR ARTERIAL - NEW HPMS,2,Urban
891433,1,Complete,891433,891433,41.30259,-72.951297,3393530,New Haven,93,93,New Haven,12/21/2021,2021,12,December,21,3,Tuesday,18:35:00,18,21045598,A,"Injury of any type (Serious, Minor, Possible)",C,Possible Injury (C),3,0,0,3,State,1.84,10,10-N,10-N,,LEGION AVE,1115,Feet,S,41.30259,-72.951297,14,Motor Vehicle in Operation,1,Front to rear,1,On Roadway,1,Clear,88,Not Applicable,4,Dark-Lighted,1,Dry,0,None,88,Not Applicable,88,Not Applicable,0,None,88,Not Applicable,88,Not Applicable,1,Non-Junction,1,Not at Intersection,1,No,1,No,88,Not Applicable,88,Not Applicable,88,Not Applicable,88,Not Applicable,FALSE,1,Public Road,1,"Trafficway, On Road",CT0009300,New Haven PD,42370,13:24.0,C,Closed,30:19.0,,4,20700,3,PRINCIPAL ARTERIAL - OTHER - NEW HPMS,2,Urban
891442,1,Complete,891442,891442,41.305899,-72.946731,3393539,New Haven,93,93,New Haven,12/22/2021,2021,12,December,22,4,Wednesday,11:00:00,11,21045654,A,"Injury of any type (Serious, Minor, Possible)",C,Possible Injury (C),2,0,0,4,Local,0.29,360,LEGION AV-RT 34,LEGION AV-RT 34,SHERMAN AV,,,,,41.305899,-72.946731,14,Motor Vehicle in Operation,1,Front to rear,1,On Roadway,4,Rain,88,Not Applicable,1,Daylight,2,Wet,0,None,88,Not Applicable,88,Not Applicable,0,None,88,Not Applicable,88,Not Applicable,2,Intersection,2,Four-Way Intersection,1,No,1,No,88,Not Applicable,88,Not Applicable,88,Not Applicable,88,Not Applicable,FALSE,1,Public Road,1,"Trafficway, On Road",CT0009300,New Haven PD,251,18:53.0,C,Closed,30:35.0,,,,,,,
891448,1,Complete,891448,891448,41.31383,-72.92505,3393545,New Haven,93,93,New Haven,12/22/2021,2021,12,December,22,4,Wednesday,16:59:00,16,21045697,A,"Injury of any type (Serious, Minor, Possible)",B,Suspected Minor Injury (B),1,1,1,4,Local,0.15,495,PROSPECT ST,PROSPECT ST,TRUMBULL ST,,,,,41.31383,-72.92505,9,Pedestrian,88,Not Applicable,1,On Roadway,1,Clear,88,Not Applicable,4,Dark-Lighted,2,Wet,0,None,88,Not Applicable,88,Not Applicable,0,None,88,Not Applicable,88,Not Applicable,2,Intersection,2,Four-Way Intersection,1,No,1,No,88,Not Applicable,88,Not Applicable,88,Not Applicable,88,Not Applicable,FALSE,1,Public Road,1,"Trafficway, On Road",CT0009300,New Haven PD,991,47:02.0,C,Closed,18:54.0,,3,7200,4,MINOR ARTERIAL - NEW HPMS,2,Urban
891450,1,Complete,891450,891450,41.316948,-72.942296,3393547,New Haven,93,93,New Haven,12/22/2021,2021,12,December,22,4,Wednesday,18:44:00,18,21045710,A,"Injury of any type (Serious, Minor, Possible)",C,Possible Injury (C),4,0,0,4,Local,0.79,556,SHERMAN AV,SHERMAN AV,,WHALLEY AVE,105,Feet,N,41.316948,-72.942296,14,Motor Vehicle in Operation,1,Front to rear,1,On Roadway,1,Clear,88,Not Applicable,4,Dark-Lighted,1,Dry,0,None,88,Not Applicable,88,Not Applicable,0,None,88,Not Applicable,88,Not Applicable,1,Non-Junction,1,Not at Intersection,1,No,1,No,88,Not Applicable,88,Not Applicable,88,Not Applicable,88,Not Applicable,FALSE,1,Public Road,1,"Trafficway, On Road",CT0009300,New Haven PD,40821,44:16.0,C,Closed,30:42.0,,,,,,,
891455,1,Complete,891455,891455,41.293653,-72.937704,3393552,New Haven,93,93,New Haven,12/23/2021,2021,12,December,23,5,Thursday,11:05:00,11,21045757,A,"Injury of any type (Serious, Minor, Possible)",B,Suspected Minor Injury (B),4,0,0,4,Local,0.09,571,SPRING ST,SPRING ST,HURLBURT ST,,,,,41.293653,-72.937704,14,Motor Vehicle in Operation,3,Angle,1,On Roadway,1,Clear,88,Not Applicable,1,Daylight,1,Dry,0,None,88,Not Applicable,88,Not Applicable,0,None,88,Not Applicable,88,Not Applicable,2,Intersection,2,Four-Way Intersection,1,No,1,No,88,Not Applicable,88,Not Applicable,88,Not Applicable,88,Not Applicable,FALSE,1,Public Road,1,"Trafficway, On Road",CT0009300,New Haven PD,362,35:18.0,C,Closed,30:45.0,,,,,,,
891462,1,Complete,891462,891462,41.2888621,-72.892548,3393559,New Haven,93,93,New Haven,12/23/2021,2021,12,December,23,5,Thursday,17:45:00,17,21045802,A,"Injury of any type (Serious, Minor, Possible)",C,Possible Injury (C),2,0,0,3,State,0.07,337,337-E,337-E,MAIN ST NO 2,,,,,41.2888621,-72.892548,14,Motor Vehicle in Operation,1,Front to rear,1,On Roadway,1,Clear,88,Not Applicable,4,Dark-Lighted,1,Dry,0,None,88,Not Applicable,88,Not Applicable,0,None,88,Not Applicable,88,Not Applicable,2,Intersection,2,Four-Way Intersection,1,No,1,No,88,Not Applicable,88,Not Applicable,88,Not Applicable,88,Not Applicable,TRUE,1,Public Road,1,"Trafficway, On Road",CT0009300,New Haven PD,42055,55:59.0,C,Closed,30:46.0,,4,14000,4,MINOR ARTERIAL - NEW HPMS,2,Urban
891467,1,Complete,891467,891467,41.294435,-72.931968,3393564,New Haven,93,93,New Haven,12/23/2021,2021,12,December,23,5,Thursday,23:14:00,23,21045837,A,"Injury of any type (Serious, Minor, Possible)",C,Possible Injury (C),2,0,0,4,Local,0.38,571,SPRING ST,SPRING ST,EDGAR ST,,,,,41.294435,-72.931968,14,Motor Vehicle in Operation,2,Front to front,1,On Roadway,1,Clear,88,Not Applicable,4,Dark-Lighted,1,Dry,97,Other,88,Not Applicable,88,Not Applicable,0,None,88,Not Applicable,88,Not Applicable,3,Intersection-Related,5,L-Intersection,1,No,1,No,88,Not Applicable,88,Not Applicable,88,Not Applicable,88,Not Applicable,FALSE,1,Public Road,1,"Trafficway, On Road",CT0009300,New Haven PD,838,16:04.0,C,Closed,30:53.0,,,,,,,
891472,1,Complete,891472,891472,41.311734,-72.8960758,3393569,New Haven,93,93,New Haven,12/24/2021,2021,12,December,24,6,Friday,2:58:00,2,21045852,A,"Injury of any type (Serious, Minor, Possible)",C,Possible Injury (C),1,0,0,4,Local,0.56,213,FERRY ST,FERRY ST,,PINE ST,300,Feet,S,41.311734,-72.8960758,16,"Struck by Falling, Shifting Cargo or Anything Set in Motion by Motor Vehicle",88,Not Applicable,1,On Roadway,7,Snow,88,Not Applicable,4,Dark-Lighted,3,Snow,1,Weather Conditions,88,Not Applicable,88,Not Applicable,0,None,88,Not Applicable,88,Not Applicable,1,Non-Junction,1,Not at Intersection,1,No,1,No,88,Not Applicable,88,Not Applicable,88,Not Applicable,88,Not Applicable,FALSE,1,Public Road,1,"Trafficway, On Road",CT0009300,New Haven PD,42055,50:36.0,C,Closed,19:26.0,,4,13500,4,MINOR ARTERIAL - NEW HPMS,2,Urban
891474,1,Complete,891474,891474,41.331129,-72.948951,3393571,New Haven,93,93,New Haven,12/24/2021,2021,12,December,24,6,Friday,6:42:00,6,21045857,A,"Injury of any type (Serious, Minor, Possible)",C,Possible Injury (C),2,0,0,4,Local,1.01,133,CRESCENT ST,CRESCENT ST,,FITCH ST,200,Feet,E,41.331129,-72.948951,14,Motor Vehicle in Operation,2,Front to front,1,On Roadway,7,Snow,88,Not Applicable,1,Daylight,3,Snow,0,None,88,Not Applicable,88,Not Applicable,0,None,88,Not Applicable,88,Not Applicable,1,Non-Junction,1,Not at Intersection,1,No,1,No,88,Not Applicable,88,Not Applicable,88,Not Applicable,88,Not Applicable,FALSE,1,Public Road,1,"Trafficway, On Road",CT0009300,New Haven PD,349,28:40.0,C,Closed,30:54.0,,,,,,,
891480,1,Complete,891480,891480,41.324533,-72.916543,3393577,New Haven,93,93,New Haven,12/24/2021,2021,12,December,24,6,Friday,13:17:00,13,21045882,A,"Injury of any type (Serious, Minor, Possible)",C,Possible Injury (C),2,0,0,4,Local,1.04,656,WHITNEY AV,WHITNEY AV,CANNER ST,,,,,41.324533,-72.916543,14,Motor Vehicle in Operation,3,Angle,1,On Roadway,2,Cloudy,88,Not Applicable,1,Daylight,2,Wet,0,None,88,Not Applicable,88,Not Applicable,0,None,88,Not Applicable,88,Not Applicable,2,Intersection,2,Four-Way Intersection,1,No,1,No,88,Not Applicable,88,Not Applicable,88,Not Applicable,88,Not Applicable,TRUE,1,Public Road,1,"Trafficway, On Road",CT0009300,New Haven PD,42048,55:33.0,C,Closed,31:00.0,,,,,,,
891506,1,Complete,891506,891506,41.31587,-72.94021,3393603,New Haven,93,93,New Haven,12/24/2021,2021,12,December,24,6,Friday,17:50:00,17,21045902,A,"Injury of any type (Serious, Minor, Possible)",C,Possible Injury (C),3,0,0,4,Local,0.51,653,WHALLEY AV,WHALLEY AV,COUNTY ST NO 1,,,,,41.31587,-72.94021,14,Motor Vehicle in Operation,1,Front to rear,1,On Roadway,1,Clear,88,Not Applicable,4,Dark-Lighted,1,Dry,0,None,88,Not Applicable,88,Not Applicable,0,None,88,Not Applicable,88,Not Applicable,2,Intersection,5,L-Intersection,1,No,1,No,88,Not Applicable,88,Not Applicable,88,Not Applicable,88,Not Applicable,FALSE,1,Public Road,1,"Trafficway, On Road",CT0009300,New Haven PD,40804,08:25.0,C,Closed,31:04.0,,,,,,,
891509,1,Complete,891509,891509,41.332044,-72.932678,3393606,New Haven,93,93,New Haven,12/24/2021,2021,12,December,24,6,Friday,19:25:00,19,21045906,A,"Injury of any type (Serious, Minor, Possible)",C,Possible Injury (C),2,0,0,4,Local,0.34,42,BASSETT ST,BASSETT ST,GOODYEAR ST,,,,,41.332044,-72.932678,14,Motor Vehicle in Operation,3,Angle,1,On Roadway,1,Clear,88,Not Applicable,4,Dark-Lighted,2,Wet,0,None,88,Not Applicable,88,Not Applicable,0,None,88,Not Applicable,88,Not Applicable,3,Intersection-Related,3,T-Intersection,1,No,1,No,88,Not Applicable,88,Not Applicable,88,Not Applicable,88,Not Applicable,TRUE,1,Public Road,1,"Trafficway, On Road",CT0009300,New Haven PD,30,42:44.0,C,Closed,31:08.0,NONE,,,,,,
891512,1,Complete,891512,891512,41.295314,-72.946563,3393609,New Haven,93,93,New Haven,12/25/2021,2021,12,December,25,7,Saturday,2:20:00,2,21045931,A,"Injury of any type (Serious, Minor, Possible)",C,Possible Injury (C),2,0,0,3,State,1.28,10,10-N,10-N,PRINTERS LA,,,,,41.295314,-72.946563,14,Motor Vehicle in Operation,3,Angle,1,On Roadway,1,Clear,88,Not Applicable,4,Dark-Lighted,1,Dry,0,None,88,Not Applicable,88,Not Applicable,0,None,88,Not Applicable,88,Not Applicable,2,Intersection,3,T-Intersection,1,No,1,No,88,Not Applicable,88,Not Applicable,88,Not Applicable,88,Not Applicable,TRUE,1,Public Road,1,"Trafficway, On Road",CT0009300,New Haven PD,263,43:04.0,C,Closed,31:15.0,,4,20200,3,PRINCIPAL ARTERIAL - OTHER - NEW HPMS,2,Urban
891516,1,Complete,891516,891516,41.324083,-72.881385,3393613,New Haven,93,93,New Haven,12/25/2021,2021,12,December,25,7,Saturday,11:03:00,11,21045956,A,"Injury of any type (Serious, Minor, Possible)",C,Possible Injury (C),2,0,0,3,State,0.22,17,17-N,17-N,80-W,,,,,41.324083,-72.881385,14,Motor Vehicle in Operation,1,Front to rear,1,On Roadway,4,Rain,88,Not Applicable,1,Daylight,2,Wet,0,None,88,Not Applicable,88,Not Applicable,0,None,88,Not Applicable,88,Not Applicable,2,Intersection,2,Four-Way Intersection,1,No,1,No,88,Not Applicable,88,Not Applicable,88,Not Applicable,88,Not Applicable,FALSE,1,Public Road,1,"Trafficway, On Road",CT0009300,New Haven PD,42057,34:01.0,C,Closed,31:12.0,,1,8500,1,INTERSTATE - NEW HPMS,2,Urban
891518,1,Complete,891518,891518,41.330939,-72.940361,3393615,New Haven,93,93,New Haven,12/25/2021,2021,12,December,25,7,Saturday,13:17:00,13,21045963,A,"Injury of any type (Serious, Minor, Possible)",C,Possible Injury (C),2,0,0,4,Local,0.19,230,FOURNIER ST NO 1,FOURNIER ST NO 1,,BASSETT ST,0.200000003,TenthsofMile,S,41.330939,-72.940361,14,Motor Vehicle in Operation,3,Angle,1,On Roadway,4,Rain,99,Unknown,1,Daylight,2,Wet,0,None,88,Not Applicable,88,Not Applicable,0,None,88,Not Applicable,88,Not Applicable,1,Non-Junction,1,Not at Intersection,1,No,1,No,88,Not Applicable,88,Not Applicable,88,Not Applicable,88,Not Applicable,FALSE,1,Public Road,1,"Trafficway, On Road",CT0009300,New Haven PD,199,51:18.0,C,Closed,31:26.0,,,,,,,
891521,1,Complete,891521,891521,41.310582,-72.956911,3393618,New Haven,93,93,New Haven,12/26/2021,2021,12,December,26,1,Sunday,7:42:00,7,21046005,A,"Injury of any type (Serious, Minor, Possible)",C,Possible Injury (C),1,0,0,3,State,21.7,34,34-E,34-E,,YALE AVE,250,Feet,E,41.310582,-72.956911,32,Tree (standing),88,Not Applicable,1,On Roadway,1,Clear,88,Not Applicable,1,Daylight,5,Ice / Frost,0,None,88,Not Applicable,88,Not Applicable,5,"Road Surface Condition (wet, icy, snow, slush, etc.)",88,Not Applicable,88,Not Applicable,11,Through Roadway,1,Not at Intersection,1,No,1,No,88,Not Applicable,88,Not Applicable,88,Not Applicable,88,Not Applicable,FALSE,1,Public Road,1,"Trafficway, On Road",CT0009300,New Haven PD,359,48:14.0,C,Closed,31:19.0,,4,22100,3,PRINCIPAL ARTERIAL - OTHER - NEW HPMS,2,Urban
891524,1,Complete,891524,891524,41.322821,-72.896315,3393621,New Haven,93,93,New Haven,12/26/2021,2021,12,December,26,1,Sunday,10:47:00,10,21046018,A,"Injury of any type (Serious, Minor, Possible)",C,Possible Injury (C),2,0,0,2,USRoute,0.64,5,5-N,5-N,,ROCK ST,684,Feet,N,41.322821,-72.896315,14,Motor Vehicle in Operation,3,Angle,1,On Roadway,1,Clear,88,Not Applicable,1,Daylight,1,Dry,0,None,88,Not Applicable,88,Not Applicable,0,None,88,Not Applicable,88,Not Applicable,1,Non-Junction,1,Not at Intersection,1,No,1,No,88,Not Applicable,88,Not Applicable,88,Not Applicable,88,Not Applicable,FALSE,1,Public Road,1,"Trafficway, On Road",CT0009300,New Haven PD,42054,00:38.0,C,Closed,31:21.0,21046018,2,17300,4,MINOR ARTERIAL - NEW HPMS,2,Urban
891527,1,Complete,891527,891527,41.28975,-72.89234,3393624,New Haven,93,93,New Haven,12/26/2021,2021,12,December,26,1,Sunday,17:13:00,17,21046037,A,"Injury of any type (Serious, Minor, Possible)",C,Possible Injury (C),2,0,0,2,USRoute,50.25,1,1-N,1-N,TOWNSEND AV,,,,E,41.28975,-72.89234,14,Motor Vehicle in Operation,3,Angle,1,On Roadway,1,Clear,88,Not Applicable,4,Dark-Lighted,1,Dry,0,None,88,Not Applicable,88,Not Applicable,0,None,88,Not Applicable,88,Not Applicable,1,Non-Junction,1,Not at Intersection,1,No,1,No,88,Not Applicable,88,Not Applicable,88,Not Applicable,88,Not Applicable,FALSE,1,Public Road,1,"Trafficway, On Road",CT0009300,New Haven PD,42049,03:35.0,C,Closed,31:25.0,,2,9100,3,PRINCIPAL ARTERIAL - OTHER - NEW HPMS,2,Urban
891529,1,Complete,891529,891529,41.2995398,-72.8921916,921315,New Haven,93,93,New Haven,12/26/2021,2021,12,December,26,1,Sunday,18:18:00,18,21046042,K,Fatal (Kill),K,Fatal Injury (K),1,1,1,4,Local,0.35,210,FARREN AV,FARREN AV,,LANCRAFT ST,400,Feet,N,41.2995398,-72.8921916,9,Pedestrian,88,Not Applicable,1,On Roadway,1,Clear,88,Not Applicable,4,Dark-Lighted,1,Dry,0,None,88,Not Applicable,88,Not Applicable,0,None,88,Not Applicable,88,Not Applicable,1,Non-Junction,1,Not at Intersection,1,No,1,No,88,Not Applicable,88,Not Applicable,88,Not Applicable,88,Not Applicable,TRUE,1,Public Road,1,"Trafficway, On Road",CT0009300,New Haven PD,42055,13:25.0,O,Open,18:55.0,,2,11400,4,MINOR ARTERIAL - NEW HPMS,2,Urban
891531,1,Complete,891531,891531,41.32369,-72.881136,3393628,New Haven,93,93,New Haven,12/29/2021,2021,12,December,29,4,Wednesday,9:16:00,9,21046080,A,"Injury of any type (Serious, Minor, Possible)",C,Possible Injury (C),3,0,0,3,State,0.22,17,17-N,17-N,80-W,,,,,41.32369,-72.881136,14,Motor Vehicle in Operation,3,Angle,1,On Roadway,1,Clear,88,Not Applicable,1,Daylight,1,Dry,0,None,88,Not Applicable,88,Not Applicable,0,None,88,Not Applicable,88,Not Applicable,2,Intersection,2,Four-Way Intersection,1,No,1,No,88,Not Applicable,88,Not Applicable,88,Not Applicable,88,Not Applicable,FALSE,1,Public Road,1,"Trafficway, On Road",CT0009300,New Haven PD,42057,12:27.0,C,Closed,19:04.0,,1,8500,1,INTERSTATE - NEW HPMS,2,Urban