CrashId,Fatal Case Status,Fatal Case Status Text Format,CrashId,CrashId,Latitude,Longitude,DOT Case Number,Town Name,Town Number,Town Number,Town Number Text Format,Date Of Crash,Year,Month,Month Text Format,Day,Day of the Week,Day of the Week Text Format,Time of Crash,Hour of the Day,Case Identifier,Crash Severity,Crash Severity Text Format,Most Severe Injury,Most Severe Injury Text Format,Number Of Motor Vehicles,Number Of Non-Motorist,Number Of Witnesses,Route Class,Route Class Text Format,Milemarker,Road Number,Road Description,Roadway Name,Intersecting Roadway Name,Landmark Description,Distance From Nearest Landmark,Unit Of Measure From Nearest Landmark,Direction From Nearest Landmark,Latitude,Longitude,First Harmful Event,First Harmful Event Text Format,Manner of Crash / Collision Impact,Manner of Crash / Collision Impact Text Format,Location of First Harmful Event,Location of First Harmful Event Text Format,Weather Condition,Weather Condition Text Format,Weather 2,Weather 2 Text Format,Light Condition,Light Condition Text Format,Road Surface Condition,Road Surface Condition Text Format,"Contributing Circumstances, Environment","Contributing Circumstances, Environment Text Format",Environment 2,Environment 2 Text Format,Environment 3,Environment 3 Text Format,"Contributing Circumstances, Road","Contributing Circumstances, Road Text Format",Road 2,Road 2 Text Format,Road 3,Road 3 Text Format,Crash Specific Location,Crash Specific Location Text Format,Type of Intersection,Type of Intersection Text Format,School Bus Related,School Bus Related Text Format,Work Zone Related,Work Zone Related Text Format,Location Of Crash Relative To Work Zone,Location Of Crash Relative To Work Zone Text Format,Type of Work Zone,Type of Work Zone Text Format,Worker Presence,Worker Presence Text Format,Law Enforcement Presence,Law Enforcement Presence Text Format,Were Vehicles Moved Prior To Police Arrival,Trafficway Ownership,Trafficway Ownership Text Format,Trafficway Class,Trafficway Class Text Format,Police Agency,Police Agency Text Format,Badge Number,Approval Date,Police Case Status,Police Case Status Text Format,Crash Report Submission Date,Related Case Identifiers,No. of Through Lanes (Log Dir.),Average Daily Traffic,Functional Classification,Functional Classification Text Format,Rural or Urban,Rural or Urban Text Format
891532,1,Complete,891532,891532,41.32577,-72.880291,3393629,New Haven,93,93,New Haven,12/27/2021,2021,12,December,27,2,Monday,7:18:00,7,21046081,A,"Injury of any type (Serious, Minor, Possible)",C,Possible Injury (C),2,0,0,3,State,0.37,17,17-N,17-N,,BARNES AVE,429,Feet,S,41.32577,-72.880291,14,Motor Vehicle in Operation,4,"Sideswipe, same direction",1,On Roadway,1,Clear,88,Not Applicable,1,Daylight,1,Dry,0,None,88,Not Applicable,88,Not Applicable,1,Backup Due to Prior Crash,88,Not Applicable,88,Not Applicable,1,Non-Junction,1,Not at Intersection,1,No,1,No,88,Not Applicable,88,Not Applicable,88,Not Applicable,88,Not Applicable,TRUE,1,Public Road,1,"Trafficway, On Road",CT0009300,New Haven PD,416,21:50.0,C,Closed,31:27.0,,3,21500,3,PRINCIPAL ARTERIAL - OTHER - NEW HPMS,2,Urban
891534,1,Complete,891534,891534,41.316373,-72.970888,3393631,New Haven,93,93,New Haven,12/27/2021,2021,12,December,27,2,Monday,13:20:00,13,21046120,A,"Injury of any type (Serious, Minor, Possible)",C,Possible Injury (C),2,0,1,3,State,2.6,122,122-N,122-N,OLIVER RD,,,,,41.316373,-72.970888,14,Motor Vehicle in Operation,3,Angle,1,On Roadway,1,Clear,88,Not Applicable,1,Daylight,1,Dry,0,None,88,Not Applicable,88,Not Applicable,0,None,88,Not Applicable,88,Not Applicable,2,Intersection,3,T-Intersection,1,No,1,No,88,Not Applicable,88,Not Applicable,88,Not Applicable,88,Not Applicable,FALSE,1,Public Road,1,"Trafficway, On Road",CT0009300,New Haven PD,65,37:04.0,C,Closed,18:57.0,,2,11700,4,MINOR ARTERIAL - NEW HPMS,2,Urban
891537,1,Complete,891537,891537,41.304329,-72.936913,3393634,New Haven,93,93,New Haven,12/27/2021,2021,12,December,27,2,Monday,18:07:00,18,21046140,A,"Injury of any type (Serious, Minor, Possible)",C,Possible Injury (C),2,0,0,4,Local,0.13,308,HOWARD AV,HOWARD AV,,PARK ST,20,Feet,S,41.304329,-72.936913,14,Motor Vehicle in Operation,1,Front to rear,1,On Roadway,1,Clear,88,Not Applicable,4,Dark-Lighted,1,Dry,0,None,88,Not Applicable,88,Not Applicable,0,None,88,Not Applicable,88,Not Applicable,1,Non-Junction,1,Not at Intersection,1,No,1,No,88,Not Applicable,88,Not Applicable,88,Not Applicable,88,Not Applicable,FALSE,1,Public Road,1,"Trafficway, On Road",CT0009300,New Haven PD,476,09:28.0,C,Closed,31:30.0,,,,,,,
891540,1,Complete,891540,891540,41.30627,-72.93547,3393637,New Haven,93,93,New Haven,12/27/2021,2021,12,December,27,2,Monday,20:25:00,20,21046153,A,"Injury of any type (Serious, Minor, Possible)",C,Possible Injury (C),2,0,1,4,Local,0.64,809,REV DR MLK JR BLVD,REV DR MLK JR BLVD,PARK ST,,,,,41.30627,-72.93547,14,Motor Vehicle in Operation,3,Angle,1,On Roadway,4,Rain,88,Not Applicable,4,Dark-Lighted,2,Wet,0,None,88,Not Applicable,88,Not Applicable,0,None,88,Not Applicable,88,Not Applicable,2,Intersection,2,Four-Way Intersection,1,No,1,No,88,Not Applicable,88,Not Applicable,88,Not Applicable,88,Not Applicable,FALSE,1,Public Road,1,"Trafficway, On Road",CT0009300,New Haven PD,7,59:25.0,C,Closed,31:32.0,,,,,,,
891543,1,Complete,891543,891543,41.319833,-72.920583,3393640,New Haven,93,93,New Haven,12/28/2021,2021,12,December,28,3,Tuesday,11:30:00,11,21046191,A,"Injury of any type (Serious, Minor, Possible)",C,Possible Injury (C),2,0,0,4,Local,0.14,184,EDWARDS ST,EDWARDS ST,,,,,,41.319833,-72.920583,14,Motor Vehicle in Operation,1,Front to rear,1,On Roadway,1,Clear,88,Not Applicable,1,Daylight,1,Dry,0,None,88,Not Applicable,88,Not Applicable,0,None,88,Not Applicable,88,Not Applicable,3,Intersection-Related,3,T-Intersection,1,No,1,No,88,Not Applicable,88,Not Applicable,88,Not Applicable,88,Not Applicable,FALSE,1,Public Road,1,"Trafficway, On Road",CT0009300,New Haven PD,150,36:46.0,C,Closed,19:00.0,,,,,,,
891547,1,Complete,891547,891547,41.279453,-72.895318,3393644,New Haven,93,93,New Haven,12/28/2021,2021,12,December,28,3,Tuesday,18:08:00,18,21046220,A,"Injury of any type (Serious, Minor, Possible)",C,Possible Injury (C),1,0,0,3,State,0.73,337,337-E,337-E,SOUNDVIEW TER,,,,,41.279453,-72.895318,32,Tree (standing),88,Not Applicable,1,On Roadway,1,Clear,88,Not Applicable,4,Dark-Lighted,1,Dry,0,None,88,Not Applicable,88,Not Applicable,0,None,88,Not Applicable,88,Not Applicable,2,Intersection,3,T-Intersection,1,No,1,No,88,Not Applicable,88,Not Applicable,88,Not Applicable,88,Not Applicable,FALSE,1,Public Road,2,"Trafficway, Not on Road",CT0009300,New Haven PD,178,37:34.0,C,Closed,18:59.0,,2,9100,4,MINOR ARTERIAL - NEW HPMS,2,Urban
891548,1,Complete,891548,891548,41.322429,-72.878491,3393645,New Haven,93,93,New Haven,12/28/2021,2021,12,December,28,3,Tuesday,22:15:00,22,21046236,A,"Injury of any type (Serious, Minor, Possible)",C,Possible Injury (C),2,0,0,3,State,0.18,80,80-E,80-E,,315 FOXON BLVD,100,Feet,W,41.322429,-72.878491,14,Motor Vehicle in Operation,3,Angle,1,On Roadway,4,Rain,88,Not Applicable,5,Dark-Not Lighted,2,Wet,0,None,88,Not Applicable,88,Not Applicable,0,None,88,Not Applicable,88,Not Applicable,1,Non-Junction,1,Not at Intersection,1,No,1,No,88,Not Applicable,88,Not Applicable,88,Not Applicable,88,Not Applicable,FALSE,1,Public Road,1,"Trafficway, On Road",CT0009300,New Haven PD,42367,51:58.0,C,Closed,19:03.0,,5,32100,3,PRINCIPAL ARTERIAL - OTHER - NEW HPMS,2,Urban
891549,1,Complete,891549,891549,41.290322,-72.89415,3393646,New Haven,93,93,New Haven,12/29/2021,2021,12,December,29,4,Wednesday,5:26:00,5,21046249,A,"Injury of any type (Serious, Minor, Possible)",C,Possible Injury (C),1,1,0,2,USRoute,50.15,1,1-N,1-N,WOODWARD AV,,,,,41.290322,-72.89415,10,Pedalcycle/Pedalcyclist,3,Angle,1,On Roadway,1,Clear,88,Not Applicable,2,Dawn,1,Dry,0,None,88,Not Applicable,88,Not Applicable,0,None,88,Not Applicable,88,Not Applicable,2,Intersection,2,Four-Way Intersection,1,No,1,No,88,Not Applicable,88,Not Applicable,88,Not Applicable,88,Not Applicable,FALSE,1,Public Road,1,"Trafficway, On Road",CT0009300,New Haven PD,40807,47:38.0,C,Closed,19:05.0,,4,9400,3,PRINCIPAL ARTERIAL - OTHER - NEW HPMS,2,Urban
891561,1,Complete,891561,891561,41.317518,-72.919131,3393658,New Haven,93,93,New Haven,12/29/2021,2021,12,December,29,4,Wednesday,21:46:00,21,21046324,A,"Injury of any type (Serious, Minor, Possible)",C,Possible Injury (C),2,0,0,4,Local,0.04,316,HUMPHREY ST,HUMPHREY ST,,WHITNEY AVE,162,Feet,E,41.317518,-72.919131,14,Motor Vehicle in Operation,3,Angle,1,On Roadway,4,Rain,88,Not Applicable,4,Dark-Lighted,2,Wet,0,None,88,Not Applicable,88,Not Applicable,0,None,88,Not Applicable,88,Not Applicable,1,Non-Junction,1,Not at Intersection,1,No,1,No,88,Not Applicable,88,Not Applicable,88,Not Applicable,88,Not Applicable,FALSE,1,Public Road,1,"Trafficway, On Road",CT0009300,New Haven PD,30,23:40.0,C,Closed,19:09.0,NONE,,,,,,
891565,1,Complete,891565,891565,41.326968,-72.935121,3393662,New Haven,93,93,New Haven,12/30/2021,2021,12,December,30,5,Thursday,10:11:00,10,21046353,A,"Injury of any type (Serious, Minor, Possible)",B,Suspected Minor Injury (B),2,0,0,4,Local,1,152,DIXWELL AV,DIXWELL AV,DIVISION ST,,,,,41.326968,-72.935121,14,Motor Vehicle in Operation,3,Angle,1,On Roadway,1,Clear,4,Rain,1,Daylight,2,Wet,0,None,88,Not Applicable,88,Not Applicable,0,None,88,Not Applicable,88,Not Applicable,2,Intersection,2,Four-Way Intersection,1,No,1,No,88,Not Applicable,88,Not Applicable,88,Not Applicable,88,Not Applicable,FALSE,1,Public Road,1,"Trafficway, On Road",CT0009300,New Haven PD,42046,58:21.0,O,Open,19:14.0,,,,,,,
891567,1,Complete,891567,891567,41.306659,-72.946518,3393664,New Haven,93,93,New Haven,12/30/2021,2021,12,December,30,5,Thursday,12:42:00,12,21046360,A,"Injury of any type (Serious, Minor, Possible)",C,Possible Injury (C),2,0,1,4,Local,0.05,556,SHERMAN AV,SHERMAN AV,,,,,,41.306659,-72.946518,14,Motor Vehicle in Operation,1,Front to rear,1,On Roadway,4,Rain,88,Not Applicable,1,Daylight,2,Wet,0,None,88,Not Applicable,88,Not Applicable,0,None,88,Not Applicable,88,Not Applicable,2,Intersection,2,Four-Way Intersection,1,No,1,No,88,Not Applicable,88,Not Applicable,88,Not Applicable,88,Not Applicable,TRUE,1,Public Road,1,"Trafficway, On Road",CT0009300,New Haven PD,301,04:25.0,C,Closed,19:20.0,,,,,,,
891570,1,Complete,891570,891570,41.308824,-72.898295,3393667,New Haven,93,93,New Haven,12/30/2021,2021,12,December,30,5,Thursday,16:38:00,16,21046382,A,"Injury of any type (Serious, Minor, Possible)",C,Possible Injury (C),1,1,0,4,Local,0.65,264,GRAND AV,GRAND AV,,,,,,41.308824,-72.898295,9,Pedestrian,88,Not Applicable,1,On Roadway,1,Clear,88,Not Applicable,3,Dusk,1,Dry,0,None,88,Not Applicable,88,Not Applicable,0,None,88,Not Applicable,88,Not Applicable,2,Intersection,3,T-Intersection,1,No,1,No,88,Not Applicable,88,Not Applicable,88,Not Applicable,88,Not Applicable,FALSE,1,Public Road,1,"Trafficway, On Road",CT0009300,New Haven PD,40788,06:51.0,C,Closed,19:13.0,,1,14400,4,MINOR ARTERIAL - NEW HPMS,2,Urban
891571,1,Complete,891571,891571,41.285453,-72.936652,3393668,New Haven,93,93,New Haven,12/30/2021,2021,12,December,30,5,Thursday,19:56:00,19,21046400,A,"Injury of any type (Serious, Minor, Possible)",C,Possible Injury (C),2,0,0,3,State,1.15,745,745-E,745-E,,ELLA T. GRASSO BLVD.,300,Feet,S,41.285453,-72.936652,14,Motor Vehicle in Operation,3,Angle,1,On Roadway,1,Clear,88,Not Applicable,4,Dark-Lighted,1,Dry,0,None,88,Not Applicable,88,Not Applicable,0,None,88,Not Applicable,88,Not Applicable,1,Non-Junction,1,Not at Intersection,1,No,1,No,88,Not Applicable,88,Not Applicable,88,Not Applicable,88,Not Applicable,FALSE,1,Public Road,1,"Trafficway, On Road",CT0009300,New Haven PD,40810,03:21.0,C,Closed,19:20.0,,1,15100,4,MINOR ARTERIAL - NEW HPMS,2,Urban
891573,1,Complete,891573,891573,41.316587,-72.942462,3393670,New Haven,93,93,New Haven,12/30/2021,2021,12,December,30,5,Thursday,22:14:00,22,21046413,A,"Injury of any type (Serious, Minor, Possible)",B,Suspected Minor Injury (B),1,1,0,4,Local,0.38,653,WHALLEY AV,WHALLEY AV,SHERMAN AV,,,,,41.316587,-72.942462,9,Pedestrian,88,Not Applicable,1,On Roadway,4,Rain,88,Not Applicable,4,Dark-Lighted,2,Wet,1,Weather Conditions,88,Not Applicable,88,Not Applicable,0,None,88,Not Applicable,88,Not Applicable,2,Intersection,2,Four-Way Intersection,1,No,1,No,88,Not Applicable,88,Not Applicable,88,Not Applicable,88,Not Applicable,FALSE,1,Public Road,1,"Trafficway, On Road",CT0009300,New Haven PD,261,24:32.0,C,Closed,19:31.0,,2,21100,3,PRINCIPAL ARTERIAL - OTHER - NEW HPMS,2,Urban
891578,1,Complete,891578,891578,41.296948,-72.892703,3393675,New Haven,93,93,New Haven,12/31/2021,2021,12,December,31,6,Friday,7:26:00,7,21046434,A,"Injury of any type (Serious, Minor, Possible)",C,Possible Injury (C),2,0,0,4,Local,0.18,210,FARREN AV,FARREN AV,FULTON ST,,,,,41.296948,-72.892703,14,Motor Vehicle in Operation,3,Angle,1,On Roadway,1,Clear,88,Not Applicable,1,Daylight,2,Wet,0,None,88,Not Applicable,88,Not Applicable,0,None,88,Not Applicable,88,Not Applicable,2,Intersection,2,Four-Way Intersection,1,No,1,No,88,Not Applicable,88,Not Applicable,88,Not Applicable,88,Not Applicable,FALSE,1,Public Road,1,"Trafficway, On Road",CT0009300,New Haven PD,42367,15:46.0,C,Closed,19:21.0,,,,,,,
891579,1,Complete,891579,891579,41.33176,-72.931657,3393676,New Haven,93,93,New Haven,12/31/2021,2021,12,December,31,6,Friday,8:26:00,8,21046438,A,"Injury of any type (Serious, Minor, Possible)",C,Possible Injury (C),2,0,0,4,Local,0.39,42,BASSETT ST,BASSETT ST,,SHELTON AVE,20,Feet,W,41.33176,-72.931657,14,Motor Vehicle in Operation,1,Front to rear,1,On Roadway,1,Clear,88,Not Applicable,1,Daylight,1,Dry,0,None,88,Not Applicable,88,Not Applicable,0,None,88,Not Applicable,88,Not Applicable,11,Through Roadway,1,Not at Intersection,1,No,1,No,88,Not Applicable,88,Not Applicable,88,Not Applicable,88,Not Applicable,FALSE,1,Public Road,1,"Trafficway, On Road",CT0009300,New Haven PD,40793,03:39.0,C,Closed,19:19.0,,,,,,,
891580,1,Complete,891580,891580,41.332541,-72.936123,3393677,New Haven,93,93,New Haven,12/31/2021,2021,12,December,31,6,Friday,8:56:00,8,21046440,A,"Injury of any type (Serious, Minor, Possible)",C,Possible Injury (C),2,0,0,4,Local,0.16,42,BASSETT ST,BASSETT ST,,DIXWELL AVE,0.100000001,TenthsofMile,W,41.332541,-72.936123,14,Motor Vehicle in Operation,3,Angle,1,On Roadway,1,Clear,88,Not Applicable,1,Daylight,1,Dry,0,None,88,Not Applicable,88,Not Applicable,0,None,88,Not Applicable,88,Not Applicable,1,Non-Junction,1,Not at Intersection,1,No,1,No,88,Not Applicable,88,Not Applicable,88,Not Applicable,88,Not Applicable,FALSE,1,Public Road,2,"Trafficway, Not on Road",CT0009300,New Haven PD,199,37:19.0,C,Closed,19:28.0,,,,,,,
891581,1,Complete,891581,891581,41.30586,-72.9028,3393678,New Haven,93,93,New Haven,12/31/2021,2021,12,December,31,6,Friday,10:06:00,10,21046443,A,"Injury of any type (Serious, Minor, Possible)",C,Possible Injury (C),2,0,0,4,Local,0.73,327,JAMES ST,JAMES ST,WOLCOTT ST,,,,,41.30586,-72.9028,14,Motor Vehicle in Operation,1,Front to rear,1,On Roadway,1,Clear,88,Not Applicable,1,Daylight,2,Wet,0,None,88,Not Applicable,88,Not Applicable,0,None,88,Not Applicable,88,Not Applicable,2,Intersection,2,Four-Way Intersection,1,No,1,No,88,Not Applicable,88,Not Applicable,88,Not Applicable,88,Not Applicable,FALSE,1,Public Road,1,"Trafficway, On Road",CT0009300,New Haven PD,150,33:57.0,C,Closed,19:24.0,,,,,,,
891583,1,Complete,891583,891583,41.32294,-72.9543,3393680,New Haven,93,93,New Haven,12/31/2021,2021,12,December,31,6,Friday,18:02:00,18,21046484,A,"Injury of any type (Serious, Minor, Possible)",C,Possible Injury (C),2,0,0,3,State,3.42,10,10-N,10-N,WEST PARK AV,,,,,41.32294,-72.9543,14,Motor Vehicle in Operation,3,Angle,1,On Roadway,1,Clear,88,Not Applicable,4,Dark-Lighted,1,Dry,0,None,88,Not Applicable,88,Not Applicable,0,None,88,Not Applicable,88,Not Applicable,2,Intersection,3,T-Intersection,1,No,1,No,88,Not Applicable,88,Not Applicable,88,Not Applicable,88,Not Applicable,FALSE,1,Public Road,1,"Trafficway, On Road",CT0009300,New Haven PD,40821,55:04.0,C,Closed,19:25.0,,4,18000,3,PRINCIPAL ARTERIAL - OTHER - NEW HPMS,2,Urban
891584,1,Complete,891584,891584,41.3155165,-72.9390277,3393681,New Haven,93,93,New Haven,12/31/2021,2021,12,December,31,6,Friday,21:56:00,21,21046499,A,"Injury of any type (Serious, Minor, Possible)",C,Possible Injury (C),2,0,0,4,Local,0.56,653,WHALLEY AV,WHALLEY AV,ORCHARD ST,,,,,41.3155165,-72.9390277,14,Motor Vehicle in Operation,1,Front to rear,1,On Roadway,2,Cloudy,88,Not Applicable,4,Dark-Lighted,2,Wet,0,None,88,Not Applicable,88,Not Applicable,0,None,88,Not Applicable,88,Not Applicable,2,Intersection,2,Four-Way Intersection,1,No,1,No,88,Not Applicable,88,Not Applicable,88,Not Applicable,88,Not Applicable,FALSE,1,Public Road,1,"Trafficway, On Road",CT0009300,New Haven PD,40812,58:35.0,C,Closed,19:25.0,,,,,,,
891585,1,Complete,891585,891585,41.32388,-72.88153,3393682,New Haven,93,93,New Haven,1/1/2022,2022,1,January,1,7,Saturday,1:31:00,1,22000014,A,"Injury of any type (Serious, Minor, Possible)",C,Possible Injury (C),2,0,0,3,State,0.22,17,17-N,17-N,80-W,,,,,41.32388,-72.88153,14,Motor Vehicle in Operation,97,Other,1,On Roadway,4,Rain,88,Not Applicable,4,Dark-Lighted,2,Wet,0,None,88,Not Applicable,88,Not Applicable,0,None,88,Not Applicable,88,Not Applicable,2,Intersection,2,Four-Way Intersection,1,No,1,No,88,Not Applicable,88,Not Applicable,88,Not Applicable,88,Not Applicable,FALSE,1,Public Road,1,"Trafficway, On Road",CT0009300,New Haven PD,180,07:01.0,C,Closed,19:27.0,22000014,1,21600,3,PRINCIPAL ARTERIAL - OTHER - NEW HPMS,1,Rural
891589,1,Complete,891589,891589,41.328599,-72.926616,3393686,New Haven,93,93,New Haven,1/1/2022,2022,1,January,1,7,Saturday,15:41:00,15,22000063,A,"Injury of any type (Serious, Minor, Possible)",C,Possible Injury (C),1,1,1,4,Local,0.9,669,WINCHESTER AV,WINCHESTER AV,,IVY ST,25,Feet,S,41.328599,-72.926616,9,Pedestrian,88,Not Applicable,1,On Roadway,3,"Fog, Smog, Smoke",88,Not Applicable,3,Dusk,2,Wet,0,None,88,Not Applicable,88,Not Applicable,0,None,88,Not Applicable,88,Not Applicable,3,Intersection-Related,3,T-Intersection,1,No,1,No,88,Not Applicable,88,Not Applicable,88,Not Applicable,88,Not Applicable,FALSE,1,Public Road,1,"Trafficway, On Road",CT0009300,New Haven PD,516,37:26.0,C,Closed,19:30.0,,2,5400,5,MAJOR COLLECTOR - NEW HPMS,2,Urban
891591,1,Complete,891591,891591,41.3335,-72.93214,3393688,New Haven,93,93,New Haven,1/1/2022,2022,1,January,1,7,Saturday,18:18:00,18,22000080,A,"Injury of any type (Serious, Minor, Possible)",C,Possible Injury (C),1,1,0,4,Local,0.12,261,GOODYEAR ST,GOODYEAR ST,WEST READ ST,,,,,41.3335,-72.93214,9,Pedestrian,88,Not Applicable,1,On Roadway,4,Rain,88,Not Applicable,4,Dark-Lighted,2,Wet,0,None,88,Not Applicable,88,Not Applicable,0,None,88,Not Applicable,88,Not Applicable,3,Intersection-Related,3,T-Intersection,1,No,1,No,88,Not Applicable,88,Not Applicable,88,Not Applicable,88,Not Applicable,FALSE,1,Public Road,1,"Trafficway, On Road",CT0009300,New Haven PD,713,27:24.0,O,Open,19:34.0,,2,1467,7,LOCAL - NEW HPMS,2,Urban
891595,1,Complete,891595,891595,41.287192,-72.895227,3393692,New Haven,93,93,New Haven,1/2/2022,2022,1,January,2,1,Sunday,13:26:00,13,22000126,A,"Injury of any type (Serious, Minor, Possible)",C,Possible Injury (C),2,0,0,4,Local,1.23,678,WOODWARD AV,WOODWARD AV,JOHN ST,,,,,41.287192,-72.895227,14,Motor Vehicle in Operation,3,Angle,1,On Roadway,1,Clear,88,Not Applicable,1,Daylight,2,Wet,0,None,88,Not Applicable,88,Not Applicable,0,None,88,Not Applicable,88,Not Applicable,3,Intersection-Related,3,T-Intersection,1,No,1,No,88,Not Applicable,88,Not Applicable,88,Not Applicable,88,Not Applicable,FALSE,1,Public Road,1,"Trafficway, On Road",CT0009300,New Haven PD,430,23:32.0,C,Closed,19:34.0,,,,,,,
891597,1,Complete,891597,891597,41.32315,-72.94877,3393694,New Haven,93,93,New Haven,1/2/2022,2022,1,January,2,1,Sunday,20:53:00,20,22000155,A,"Injury of any type (Serious, Minor, Possible)",C,Possible Injury (C),2,0,0,4,Local,0.28,690,ELLA T GRASSO BLVD,ELLA T GRASSO BLVD,GOFFE TER,,,,,41.32315,-72.94877,14,Motor Vehicle in Operation,3,Angle,1,On Roadway,1,Clear,88,Not Applicable,4,Dark-Lighted,1,Dry,0,None,88,Not Applicable,88,Not Applicable,0,None,88,Not Applicable,88,Not Applicable,3,Intersection-Related,2,Four-Way Intersection,1,No,1,No,88,Not Applicable,88,Not Applicable,88,Not Applicable,88,Not Applicable,FALSE,1,Public Road,1,"Trafficway, On Road",CT0009300,New Haven PD,79,35:49.0,O,Open,19:38.0,,,,,,,
891599,1,Complete,891599,891599,41.30978,-72.945239,3393696,New Haven,93,93,New Haven,1/3/2022,2022,1,January,3,2,Monday,12:20:00,12,22000197,A,"Injury of any type (Serious, Minor, Possible)",B,Suspected Minor Injury (B),4,0,2,4,Local,0.28,556,SHERMAN AV,SHERMAN AV,GEORGE ST,,,,,41.30978,-72.945239,14,Motor Vehicle in Operation,1,Front to rear,1,On Roadway,2,Cloudy,88,Not Applicable,1,Daylight,1,Dry,0,None,88,Not Applicable,88,Not Applicable,0,None,88,Not Applicable,88,Not Applicable,2,Intersection,2,Four-Way Intersection,1,No,1,No,88,Not Applicable,88,Not Applicable,88,Not Applicable,88,Not Applicable,FALSE,1,Public Road,1,"Trafficway, On Road",CT0009300,New Haven PD,40951,23:14.0,C,Closed,19:36.0,,,,,,,
891601,1,Complete,891601,891601,41.315252,-72.928908,3393698,New Haven,93,93,New Haven,1/3/2022,2022,1,January,3,2,Monday,14:26:00,14,22000211,A,"Injury of any type (Serious, Minor, Possible)",A,Suspected Serious Injury (A),2,0,0,4,Local,0.29,736,ASHMUN ST NO 2,ASHMUN ST NO 2,LOCK ST,,,,,41.315252,-72.928908,14,Motor Vehicle in Operation,1,Front to rear,1,On Roadway,1,Clear,88,Not Applicable,1,Daylight,99,Unknown,97,Other,88,Not Applicable,88,Not Applicable,0,None,88,Not Applicable,88,Not Applicable,2,Intersection,3,T-Intersection,1,No,1,No,88,Not Applicable,88,Not Applicable,88,Not Applicable,88,Not Applicable,FALSE,1,Public Road,1,"Trafficway, On Road",CT0009300,New Haven PD,2,52:25.0,C,Closed,19:39.0,,,,,,,
891626,1,Complete,891626,891626,41.28482,-72.93734,3393723,New Haven,93,93,New Haven,1/6/2021,2021,1,January,6,4,Wednesday,14:00:00,14,202100022,A,"Injury of any type (Serious, Minor, Possible)",C,Possible Injury (C),2,0,0,,,,,,317 KIMBERLY AVE,PRIVATE PROPERTY,,,,,41.28482,-72.93734,14,Motor Vehicle in Operation,2,Front to front,7,In Parking Lane or Zone,1,Clear,88,Not Applicable,1,Daylight,1,Dry,97,Other,88,Not Applicable,88,Not Applicable,0,None,88,Not Applicable,88,Not Applicable,17,"Other Location Not Listed Above Within an Interchange Area (median, shoulder and roadside)",1,Not at Intersection,1,No,1,No,88,Not Applicable,88,Not Applicable,88,Not Applicable,88,Not Applicable,FALSE,88,Not Applicable,4,Parking Lot,CT0009300,New Haven PD,993,30:43.0,C,Closed,35:35.0,,,,,,,
891627,1,Complete,891627,891627,41.307466,-72.928614,3393724,New Haven,93,93,New Haven,3/23/2021,2021,3,March,23,3,Tuesday,13:09:00,13,202100260,A,"Injury of any type (Serious, Minor, Possible)",A,Suspected Serious Injury (A),2,0,0,4,Local,0.34,117,COLLEGE ST,COLLEGE ST,CHAPEL ST,,,,,41.307466,-72.928614,14,Motor Vehicle in Operation,1,Front to rear,1,On Roadway,1,Clear,88,Not Applicable,1,Daylight,1,Dry,0,None,88,Not Applicable,88,Not Applicable,0,None,88,Not Applicable,88,Not Applicable,2,Intersection,2,Four-Way Intersection,1,No,1,No,88,Not Applicable,88,Not Applicable,88,Not Applicable,88,Not Applicable,FALSE,1,Public Road,1,"Trafficway, On Road",CT0009300,New Haven PD,993,12:27.0,C,Closed,35:36.0,N/A,2,3500,3,PRINCIPAL ARTERIAL - OTHER - NEW HPMS,2,Urban
891628,1,Complete,891628,891628,41.30199,-72.93512,3393725,New Haven,93,93,New Haven,5/12/2021,2021,5,May,12,4,Wednesday,14:42:00,14,202100412,A,"Injury of any type (Serious, Minor, Possible)",C,Possible Injury (C),2,0,1,,,,,,789 HOWARD AVENUE,,CONGRESS AVENUE,,Feet,E,41.30199,-72.93512,15,Parked Motor Vehicle,4,"Sideswipe, same direction",8,"Off Roadway,  Location Unknown",1,Clear,88,Not Applicable,1,Daylight,1,Dry,0,None,88,Not Applicable,88,Not Applicable,0,None,88,Not Applicable,88,Not Applicable,9,Driveway Access-Related,1,Not at Intersection,1,No,1,No,88,Not Applicable,88,Not Applicable,88,Not Applicable,88,Not Applicable,FALSE,2,Private Road,4,Parking Lot,CT0009300,New Haven PD,406,14:01.0,C,Closed,35:37.0,2021-00412,,,,,,
891873,1,Complete,891873,891873,41.334353,-72.947404,3393970,New Haven,93,93,New Haven,8/6/2021,2021,8,August,6,6,Friday,14:41:00,14,21028555,A,"Injury of any type (Serious, Minor, Possible)",C,Possible Injury (C),2,0,1,3,State,4.44,10,10-N,10-N,PINE ROCK AV,,,,,41.334353,-72.947404,14,Motor Vehicle in Operation,97,Other,1,On Roadway,1,Clear,88,Not Applicable,1,Daylight,1,Dry,0,None,88,Not Applicable,88,Not Applicable,0,None,88,Not Applicable,88,Not Applicable,2,Intersection,3,T-Intersection,1,No,1,No,88,Not Applicable,88,Not Applicable,88,Not Applicable,88,Not Applicable,FALSE,1,Public Road,1,"Trafficway, On Road",CT0009300,New Haven PD,751,32:39.0,C,Closed,01:56.0,,4,10600,4,MINOR ARTERIAL - NEW HPMS,2,Urban