CrashId,Fatal Case Status,Fatal Case Status Text Format,CrashId,CrashId,Latitude,Longitude,DOT Case Number,Town Name,Town Number,Town Number,Town Number Text Format,Date Of Crash,Year,Month,Month Text Format,Day,Day of the Week,Day of the Week Text Format,Time of Crash,Hour of the Day,Case Identifier,Crash Severity,Crash Severity Text Format,Most Severe Injury,Most Severe Injury Text Format,Number Of Motor Vehicles,Number Of Non-Motorist,Number Of Witnesses,Route Class,Route Class Text Format,Milemarker,Road Number,Road Description,Roadway Name,Intersecting Roadway Name,Landmark Description,Distance From Nearest Landmark,Unit Of Measure From Nearest Landmark,Direction From Nearest Landmark,Latitude,Longitude,First Harmful Event,First Harmful Event Text Format,Manner of Crash / Collision Impact,Manner of Crash / Collision Impact Text Format,Location of First Harmful Event,Location of First Harmful Event Text Format,Weather Condition,Weather Condition Text Format,Weather 2,Weather 2 Text Format,Light Condition,Light Condition Text Format,Road Surface Condition,Road Surface Condition Text Format,"Contributing Circumstances, Environment","Contributing Circumstances, Environment Text Format",Environment 2,Environment 2 Text Format,Environment 3,Environment 3 Text Format,"Contributing Circumstances, Road","Contributing Circumstances, Road Text Format",Road 2,Road 2 Text Format,Road 3,Road 3 Text Format,Crash Specific Location,Crash Specific Location Text Format,Type of Intersection,Type of Intersection Text Format,School Bus Related,School Bus Related Text Format,Work Zone Related,Work Zone Related Text Format,Location Of Crash Relative To Work Zone,Location Of Crash Relative To Work Zone Text Format,Type of Work Zone,Type of Work Zone Text Format,Worker Presence,Worker Presence Text Format,Law Enforcement Presence,Law Enforcement Presence Text Format,Were Vehicles Moved Prior To Police Arrival,Trafficway Ownership,Trafficway Ownership Text Format,Trafficway Class,Trafficway Class Text Format,Police Agency,Police Agency Text Format,Badge Number,Approval Date,Police Case Status,Police Case Status Text Format,Crash Report Submission Date,Related Case Identifiers,No. of Through Lanes (Log Dir.),Average Daily Traffic,Functional Classification,Functional Classification Text Format,Rural or Urban,Rural or Urban Text Format
891874,1,Complete,891874,891874,41.308882,-72.925677,3393971,New Haven,93,93,New Haven,9/9/2021,2021,9,September,9,5,Thursday,19:34:00,19,21032910,A,"Injury of any type (Serious, Minor, Possible)",C,Possible Injury (C),2,0,1,4,Local,0.48,726,ELM ST NO 2,ELM ST NO 2,TEMPLE ST,,,,,41.308882,-72.925677,14,Motor Vehicle in Operation,3,Angle,1,On Roadway,4,Rain,88,Not Applicable,4,Dark-Lighted,2,Wet,0,None,88,Not Applicable,88,Not Applicable,0,None,88,Not Applicable,88,Not Applicable,2,Intersection,2,Four-Way Intersection,1,No,1,No,88,Not Applicable,88,Not Applicable,88,Not Applicable,88,Not Applicable,FALSE,1,Public Road,1,"Trafficway, On Road",CT0009300,New Haven PD,383,32:19.0,C,Closed,01:57.0,,,,,,,
891875,1,Complete,891875,891875,41.309031,-72.895396,3393972,New Haven,93,93,New Haven,9/15/2021,2021,9,September,15,4,Wednesday,21:51:00,21,21033620,A,"Injury of any type (Serious, Minor, Possible)",C,Possible Injury (C),2,0,0,4,Local,0.75,213,FERRY ST,FERRY ST,GRAND AV,,,,,41.309031,-72.895396,14,Motor Vehicle in Operation,2,Front to front,1,On Roadway,1,Clear,88,Not Applicable,4,Dark-Lighted,1,Dry,0,None,88,Not Applicable,88,Not Applicable,0,None,88,Not Applicable,88,Not Applicable,2,Intersection,2,Four-Way Intersection,1,No,1,No,88,Not Applicable,88,Not Applicable,88,Not Applicable,88,Not Applicable,FALSE,1,Public Road,1,"Trafficway, On Road",CT0009300,New Haven PD,193,39:45.0,O,Open,01:57.0,,,,,,,
891878,1,Complete,891878,891878,41.295079,-72.9462757,3393975,New Haven,93,93,New Haven,12/29/2021,2021,12,December,29,4,Wednesday,14:06:00,14,21046285,A,"Injury of any type (Serious, Minor, Possible)",C,Possible Injury (C),2,0,0,3,State,1.25,10,10-N,10-N,,PRINTERS LANE,50,Feet,S,41.295079,-72.9462757,14,Motor Vehicle in Operation,1,Front to rear,1,On Roadway,2,Cloudy,88,Not Applicable,1,Daylight,2,Wet,0,None,88,Not Applicable,88,Not Applicable,0,None,88,Not Applicable,88,Not Applicable,1,Non-Junction,1,Not at Intersection,1,No,1,No,88,Not Applicable,88,Not Applicable,88,Not Applicable,88,Not Applicable,FALSE,1,Public Road,1,"Trafficway, On Road",CT0009300,New Haven PD,40815,32:10.0,C,Closed,02:04.0,,4,20200,3,PRINCIPAL ARTERIAL - OTHER - NEW HPMS,2,Urban
891884,1,Complete,891884,891884,41.308306,-72.924214,3393981,New Haven,93,93,New Haven,1/4/2022,2022,1,January,4,3,Tuesday,7:49:00,7,22000258,A,"Injury of any type (Serious, Minor, Possible)",C,Possible Injury (C),2,0,0,4,Local,0.34,103,CHURCH ST,CHURCH ST,ELM ST NO 2,,,,,41.308306,-72.924214,14,Motor Vehicle in Operation,3,Angle,1,On Roadway,1,Clear,88,Not Applicable,1,Daylight,1,Dry,3,Glare,88,Not Applicable,88,Not Applicable,0,None,88,Not Applicable,88,Not Applicable,3,Intersection-Related,2,Four-Way Intersection,1,No,1,No,88,Not Applicable,88,Not Applicable,88,Not Applicable,88,Not Applicable,FALSE,1,Public Road,1,"Trafficway, On Road",CT0009300,New Haven PD,165,09:05.0,C,Closed,02:07.0,,,,,,,
891888,1,Complete,891888,891888,41.299151,-72.949691,3393985,New Haven,93,93,New Haven,1/4/2022,2022,1,January,4,3,Tuesday,15:17:00,15,22000291,A,"Injury of any type (Serious, Minor, Possible)",C,Possible Injury (C),2,0,0,3,State,1.59,10,10-N,10-N,,COLUMBUS AVE,1000,Feet,N,41.299151,-72.949691,14,Motor Vehicle in Operation,1,Front to rear,1,On Roadway,1,Clear,88,Not Applicable,1,Daylight,1,Dry,0,None,88,Not Applicable,88,Not Applicable,0,None,88,Not Applicable,88,Not Applicable,1,Non-Junction,1,Not at Intersection,1,No,1,No,88,Not Applicable,88,Not Applicable,88,Not Applicable,88,Not Applicable,FALSE,1,Public Road,1,"Trafficway, On Road",CT0009300,New Haven PD,966,11:23.0,C,Closed,02:08.0,,2,20800,3,PRINCIPAL ARTERIAL - OTHER - NEW HPMS,2,Urban
892239,1,Complete,892239,892239,41.32292,-72.96961,3394335,New Haven,93,93,New Haven,1/2/2022,2022,1,January,2,1,Sunday,22:29:00,22,22000162,A,"Injury of any type (Serious, Minor, Possible)",C,Possible Injury (C),2,0,0,3,State,3.06,122,122-N,122-N,,WHALLEY AVENUE,0.5,TenthsofMile,E,41.32292,-72.96961,14,Motor Vehicle in Operation,2,Front to front,1,On Roadway,1,Clear,88,Not Applicable,5,Dark-Not Lighted,1,Dry,0,None,88,Not Applicable,88,Not Applicable,0,None,88,Not Applicable,88,Not Applicable,1,Non-Junction,1,Not at Intersection,1,No,1,No,88,Not Applicable,88,Not Applicable,88,Not Applicable,88,Not Applicable,FALSE,1,Public Road,1,"Trafficway, On Road",CT0009300,New Haven PD,42052,43:09.0,C,Closed,01:44.0,,1,11600,4,MINOR ARTERIAL - NEW HPMS,1,Rural
892242,1,Complete,892242,892242,41.315392,-72.939217,3394338,New Haven,93,93,New Haven,1/4/2022,2022,1,January,4,3,Tuesday,16:40:00,16,22000318,A,"Injury of any type (Serious, Minor, Possible)",C,Possible Injury (C),2,0,0,4,Local,1,453,ORCHARD ST,ORCHARD ST,,WHALLEY AVE,50,Feet,N,41.315392,-72.939217,14,Motor Vehicle in Operation,3,Angle,1,On Roadway,1,Clear,88,Not Applicable,1,Daylight,1,Dry,0,None,88,Not Applicable,88,Not Applicable,0,None,88,Not Applicable,88,Not Applicable,8,Driveway Access,1,Not at Intersection,1,No,1,No,88,Not Applicable,88,Not Applicable,88,Not Applicable,88,Not Applicable,TRUE,1,Public Road,1,"Trafficway, On Road",CT0009300,New Haven PD,381,41:04.0,C,Closed,01:42.0,,,,,,,
892244,1,Complete,892244,892244,41.290451,-72.940917,3394340,New Haven,93,93,New Haven,1/5/2022,2022,1,January,5,4,Wednesday,7:00:00,7,22000375,A,"Injury of any type (Serious, Minor, Possible)",C,Possible Injury (C),2,0,0,3,State,0.84,10,10-N,10-N,,LAMBERTON ST,200,Feet,N,41.290451,-72.940917,14,Motor Vehicle in Operation,1,Front to rear,1,On Roadway,4,Rain,88,Not Applicable,2,Dawn,5,Ice / Frost,1,Weather Conditions,88,Not Applicable,88,Not Applicable,0,None,88,Not Applicable,88,Not Applicable,1,Non-Junction,1,Not at Intersection,1,No,1,No,88,Not Applicable,88,Not Applicable,88,Not Applicable,88,Not Applicable,FALSE,1,Public Road,1,"Trafficway, On Road",CT0009300,New Haven PD,137,05:26.0,C,Closed,01:31.0,,2,18000,3,PRINCIPAL ARTERIAL - OTHER - NEW HPMS,2,Urban
892248,1,Complete,892248,892248,41.323892,-72.881545,3394344,New Haven,93,93,New Haven,1/5/2022,2022,1,January,5,4,Wednesday,7:35:00,7,22000382,A,"Injury of any type (Serious, Minor, Possible)",C,Possible Injury (C),2,0,0,3,State,0.22,17,17-N,17-N,80-W,,,,,41.323892,-72.881545,14,Motor Vehicle in Operation,5,"Sideswipe, opposite direction",1,On Roadway,4,Rain,88,Not Applicable,1,Daylight,2,Wet,1,Weather Conditions,0,None,88,Not Applicable,0,None,88,Not Applicable,88,Not Applicable,2,Intersection,2,Four-Way Intersection,1,No,1,No,88,Not Applicable,88,Not Applicable,88,Not Applicable,88,Not Applicable,FALSE,1,Public Road,1,"Trafficway, On Road",CT0009300,New Haven PD,351,31:29.0,C,Closed,01:34.0,,1,21600,3,PRINCIPAL ARTERIAL - OTHER - NEW HPMS,1,Rural
892253,1,Complete,892253,892253,41.335774,-72.944146,3394349,New Haven,93,93,New Haven,1/5/2022,2022,1,January,5,4,Wednesday,7:26:00,7,22000390,A,"Injury of any type (Serious, Minor, Possible)",C,Possible Injury (C),3,0,0,3,State,4.65,10,10-N,10-N,,PINE ROCK AVE,1070,Feet,E,41.335774,-72.944146,14,Motor Vehicle in Operation,1,Front to rear,1,On Roadway,4,Rain,88,Not Applicable,1,Daylight,5,Ice / Frost,1,Weather Conditions,88,Not Applicable,88,Not Applicable,5,"Road Surface Condition (wet, icy, snow, slush, etc.)",88,Not Applicable,88,Not Applicable,1,Non-Junction,1,Not at Intersection,1,No,1,No,88,Not Applicable,88,Not Applicable,88,Not Applicable,88,Not Applicable,TRUE,1,Public Road,1,"Trafficway, On Road",CT0009300,New Haven PD,313,55:48.0,C,Closed,01:38.0,,1,10700,4,MINOR ARTERIAL - NEW HPMS,1,Rural
892259,1,Complete,892259,892259,41.320313,-72.897829,3394355,New Haven,93,93,New Haven,1/5/2022,2022,1,January,5,4,Wednesday,12:53:00,12,22000408,A,"Injury of any type (Serious, Minor, Possible)",C,Possible Injury (C),2,0,0,4,Local,0.11,262,GRACE ST,GRACE ST,,GRACE ST,115,Feet,N,41.320313,-72.897829,14,Motor Vehicle in Operation,3,Angle,1,On Roadway,4,Rain,88,Not Applicable,1,Daylight,2,Wet,0,None,88,Not Applicable,88,Not Applicable,0,None,88,Not Applicable,88,Not Applicable,1,Non-Junction,1,Not at Intersection,1,No,1,No,88,Not Applicable,88,Not Applicable,88,Not Applicable,88,Not Applicable,TRUE,1,Public Road,1,"Trafficway, On Road",CT0009300,New Haven PD,182,19:13.0,C,Closed,01:39.0,,,,,,,
892706,1,Complete,892706,892706,41.319538,-72.905424,3394802,New Haven,93,93,New Haven,1/5/2022,2022,1,January,5,4,Wednesday,7:46:00,7,22000387,A,"Injury of any type (Serious, Minor, Possible)",B,Suspected Minor Injury (B),11,0,0,4,Local,0.26,666,WILLOW ST,WILLOW ST,,91-S-139,175,Feet,W,41.319538,-72.905424,14,Motor Vehicle in Operation,97,Other,1,On Roadway,6,Freezing Rain or Freezing Drizzle,88,Not Applicable,1,Daylight,5,Ice / Frost,1,Weather Conditions,88,Not Applicable,88,Not Applicable,97,Other,88,Not Applicable,88,Not Applicable,2,Intersection,3,T-Intersection,1,No,1,No,88,Not Applicable,88,Not Applicable,88,Not Applicable,88,Not Applicable,FALSE,1,Public Road,1,"Trafficway, On Road",CT0009300,New Haven PD,286,17:27.0,C,Closed,01:17.0,,,,,,,
892709,1,Complete,892709,892709,41.313877,-72.925308,3394805,New Haven,93,93,New Haven,1/6/2022,2022,1,January,6,5,Thursday,4:57:00,4,22000480,A,"Injury of any type (Serious, Minor, Possible)",C,Possible Injury (C),2,0,0,4,Local,0.12,782,CANAL ST NO 2,CANAL ST NO 2,,PROSPECT ST,50,Feet,W,41.313877,-72.925308,14,Motor Vehicle in Operation,3,Angle,1,On Roadway,1,Clear,88,Not Applicable,99,Unknown,5,Ice / Frost,99,Unknown,88,Not Applicable,88,Not Applicable,0,None,88,Not Applicable,88,Not Applicable,3,Intersection-Related,2,Four-Way Intersection,1,No,1,No,88,Not Applicable,88,Not Applicable,88,Not Applicable,88,Not Applicable,FALSE,1,Public Road,1,"Trafficway, On Road",CT0009300,New Haven PD,42046,00:39.0,O,Open,01:19.0,,,,,,,
892710,1,Complete,892710,892710,41.299934,-72.944225,3394806,New Haven,93,93,New Haven,1/6/2022,2022,1,January,6,5,Thursday,7:28:00,7,22000484,A,"Injury of any type (Serious, Minor, Possible)",B,Suspected Minor Injury (B),2,0,0,4,Local,0.25,141,DAVENPORT AV,DAVENPORT AV,,WEST ST,200,Feet,W,41.299934,-72.944225,14,Motor Vehicle in Operation,1,Front to rear,1,On Roadway,1,Clear,88,Not Applicable,1,Daylight,1,Dry,0,None,88,Not Applicable,88,Not Applicable,0,None,88,Not Applicable,88,Not Applicable,1,Non-Junction,1,Not at Intersection,1,No,1,No,88,Not Applicable,88,Not Applicable,88,Not Applicable,88,Not Applicable,FALSE,1,Public Road,1,"Trafficway, On Road",CT0009300,New Haven PD,137,37:27.0,C,Closed,01:18.0,,,,,,,
893224,1,Complete,893224,893224,41.317743,-72.959978,3395320,New Haven,93,93,New Haven,11/9/2021,2021,11,November,9,3,Tuesday,13:54:00,13,21040548,A,"Injury of any type (Serious, Minor, Possible)",C,Possible Injury (C),1,1,0,4,Local,0.55,179,EDGEWOOD AV,EDGEWOOD AV,YALE AV,,,,,41.317743,-72.959978,10,Pedalcycle/Pedalcyclist,97,Other,1,On Roadway,1,Clear,88,Not Applicable,1,Daylight,1,Dry,0,None,88,Not Applicable,88,Not Applicable,0,None,88,Not Applicable,88,Not Applicable,2,Intersection,2,Four-Way Intersection,1,No,1,No,88,Not Applicable,88,Not Applicable,88,Not Applicable,88,Not Applicable,TRUE,1,Public Road,1,"Trafficway, On Road",CT0009300,New Haven PD,381,48:20.0,C,Closed,00:06.0,,,,,,,
893228,1,Complete,893228,893228,41.325138,-72.9787,3395324,New Haven,93,93,New Haven,12/2/2021,2021,12,December,2,5,Thursday,16:53:00,16,21043450,A,"Injury of any type (Serious, Minor, Possible)",A,Suspected Serious Injury (A),2,0,1,4,Local,0.05,502,RAY RD,RAY RD,JUDWIN AV,,,,,41.325138,-72.9787,14,Motor Vehicle in Operation,3,Angle,1,On Roadway,1,Clear,88,Not Applicable,4,Dark-Lighted,1,Dry,0,None,88,Not Applicable,88,Not Applicable,0,None,88,Not Applicable,88,Not Applicable,2,Intersection,2,Four-Way Intersection,1,No,1,No,88,Not Applicable,88,Not Applicable,88,Not Applicable,88,Not Applicable,FALSE,1,Public Road,1,"Trafficway, On Road",CT0009300,New Haven PD,74,46:36.0,C,Closed,00:07.0,,,,,,,
893229,1,Complete,893229,893229,41.30611,-72.92732,3395325,New Haven,93,93,New Haven,1/3/2022,2022,1,January,3,2,Monday,12:48:00,12,22000201,A,"Injury of any type (Serious, Minor, Possible)",C,Possible Injury (C),1,1,0,4,Local,0.61,588,TEMPLE ST,TEMPLE ST,,CHAPEL ST,150,Feet,S,41.30611,-72.92732,9,Pedestrian,88,Not Applicable,1,On Roadway,2,Cloudy,88,Not Applicable,1,Daylight,1,Dry,0,None,88,Not Applicable,88,Not Applicable,8,Work Zone (construction / maintenance / utility),88,Not Applicable,88,Not Applicable,1,Non-Junction,1,Not at Intersection,1,No,2,Yes,4,Activity Area,1,Lane Closure,2,Yes,1,No,TRUE,1,Public Road,1,"Trafficway, On Road",CT0009300,New Haven PD,166,31:02.0,O,Open,00:12.0,,2,5200,3,PRINCIPAL ARTERIAL - OTHER - NEW HPMS,2,Urban
893239,1,Complete,893239,893239,41.290206,-72.894228,3395335,New Haven,93,93,New Haven,1/7/2022,2022,1,January,7,6,Friday,13:30:00,13,22000578,A,"Injury of any type (Serious, Minor, Possible)",C,Possible Injury (C),2,0,0,2,USRoute,50.15,1,1-N,1-N,WOODWARD AV,,,,,41.290206,-72.894228,14,Motor Vehicle in Operation,3,Angle,1,On Roadway,8,Blowing Snow,88,Not Applicable,1,Daylight,3,Snow,0,None,88,Not Applicable,88,Not Applicable,0,None,88,Not Applicable,88,Not Applicable,2,Intersection,2,Four-Way Intersection,1,No,1,No,88,Not Applicable,88,Not Applicable,88,Not Applicable,88,Not Applicable,FALSE,1,Public Road,1,"Trafficway, On Road",CT0009300,New Haven PD,322,17:00.0,C,Closed,00:16.0,,2,9400,3,PRINCIPAL ARTERIAL - OTHER - NEW HPMS,2,Urban
893240,1,Complete,893240,893240,41.3282081,-72.8779485,3395336,New Haven,93,93,New Haven,1/7/2022,2022,1,January,7,6,Friday,16:28:00,16,22000587,A,"Injury of any type (Serious, Minor, Possible)",C,Possible Injury (C),2,0,0,3,State,0.58,17,17-N,17-N,,FLINT ST,115,Feet,N,41.3282081,-72.8779485,14,Motor Vehicle in Operation,4,"Sideswipe, same direction",1,On Roadway,1,Clear,88,Not Applicable,1,Daylight,2,Wet,0,None,88,Not Applicable,88,Not Applicable,0,None,88,Not Applicable,88,Not Applicable,1,Non-Junction,1,Not at Intersection,1,No,1,No,88,Not Applicable,88,Not Applicable,88,Not Applicable,88,Not Applicable,TRUE,1,Public Road,1,"Trafficway, On Road",CT0009300,New Haven PD,42055,37:48.0,O,Open,00:25.0,,1,14300,3,PRINCIPAL ARTERIAL - OTHER - NEW HPMS,1,Rural
893241,1,Complete,893241,893241,41.305108,-72.930314,3395337,New Haven,93,93,New Haven,1/7/2022,2022,1,January,7,6,Friday,10:20:00,10,22000591,A,"Injury of any type (Serious, Minor, Possible)",C,Possible Injury (C),1,1,0,4,Local,0.52,117,COLLEGE ST,COLLEGE ST,GEORGE ST,,,,,41.305108,-72.930314,14,Motor Vehicle in Operation,4,"Sideswipe, same direction",1,On Roadway,7,Snow,88,Not Applicable,1,Daylight,3,Snow,0,None,88,Not Applicable,88,Not Applicable,0,None,88,Not Applicable,88,Not Applicable,2,Intersection,2,Four-Way Intersection,1,No,1,No,88,Not Applicable,88,Not Applicable,88,Not Applicable,88,Not Applicable,TRUE,1,Public Road,1,"Trafficway, On Road",CT0009300,New Haven PD,34,05:39.0,C,Closed,00:18.0,,,,,,,
893242,1,Complete,893242,893242,41.308667,-72.895978,3395338,New Haven,93,93,New Haven,1/7/2022,2022,1,January,7,6,Friday,18:33:00,18,22000597,A,"Injury of any type (Serious, Minor, Possible)",C,Possible Injury (C),2,1,0,,,,,,218 GRAND AVE,,FERRY ST,160,Feet,W,41.308667,-72.895978,14,Motor Vehicle in Operation,1,Front to rear,1,On Roadway,1,Clear,88,Not Applicable,4,Dark-Lighted,2,Wet,0,None,88,Not Applicable,88,Not Applicable,0,None,88,Not Applicable,88,Not Applicable,11,Through Roadway,1,Not at Intersection,1,No,1,No,88,Not Applicable,88,Not Applicable,88,Not Applicable,88,Not Applicable,FALSE,1,Public Road,4,Parking Lot,CT0009300,New Haven PD,150,48:46.0,O,Open,00:22.0,,,,,,,
893243,1,Complete,893243,893243,41.309073,-72.895452,3395339,New Haven,93,93,New Haven,1/7/2022,2022,1,January,7,6,Friday,20:52:00,20,22000604,A,"Injury of any type (Serious, Minor, Possible)",C,Possible Injury (C),1,1,0,4,Local,0.75,213,FERRY ST,FERRY ST,GRAND AV,,,,,41.309073,-72.895452,9,Pedestrian,88,Not Applicable,1,On Roadway,1,Clear,88,Not Applicable,4,Dark-Lighted,2,Wet,0,None,88,Not Applicable,88,Not Applicable,0,None,88,Not Applicable,88,Not Applicable,2,Intersection,2,Four-Way Intersection,1,No,1,No,88,Not Applicable,88,Not Applicable,88,Not Applicable,88,Not Applicable,TRUE,1,Public Road,1,"Trafficway, On Road",CT0009300,New Haven PD,150,14:49.0,O,Open,00:18.0,,2,14400,4,MINOR ARTERIAL - NEW HPMS,2,Urban
893247,1,Complete,893247,893247,41.297427,-72.949279,3395343,New Haven,93,93,New Haven,1/8/2022,2022,1,January,8,7,Saturday,13:26:00,13,22000658,A,"Injury of any type (Serious, Minor, Possible)",C,Possible Injury (C),2,0,0,2,USRoute,46.62,1,1-N,1-N,,Ella T Grasso Blvd,50,Feet,W,41.297427,-72.949279,14,Motor Vehicle in Operation,4,"Sideswipe, same direction",1,On Roadway,1,Clear,88,Not Applicable,1,Daylight,1,Dry,0,None,88,Not Applicable,88,Not Applicable,0,None,88,Not Applicable,88,Not Applicable,3,Intersection-Related,2,Four-Way Intersection,1,No,1,No,88,Not Applicable,88,Not Applicable,88,Not Applicable,88,Not Applicable,TRUE,1,Public Road,1,"Trafficway, On Road",CT0009300,New Haven PD,281,52:03.0,C,Closed,00:20.0,,2,20300,3,PRINCIPAL ARTERIAL - OTHER - NEW HPMS,2,Urban
893252,1,Complete,893252,893252,41.32103311,-72.87455591,3395348,New Haven,93,93,New Haven,1/8/2022,2022,1,January,8,7,Saturday,17:10:00,17,22000682,A,"Injury of any type (Serious, Minor, Possible)",C,Possible Injury (C),2,0,0,3,State,0.41,80,80-E,80-E,,QUINNIPIAC AVE,180,Feet,N,41.32103311,-72.87455591,14,Motor Vehicle in Operation,3,Angle,1,On Roadway,1,Clear,88,Not Applicable,3,Dusk,1,Dry,0,None,88,Not Applicable,88,Not Applicable,0,None,88,Not Applicable,88,Not Applicable,3,Intersection-Related,2,Four-Way Intersection,1,No,1,No,88,Not Applicable,88,Not Applicable,88,Not Applicable,88,Not Applicable,TRUE,1,Public Road,1,"Trafficway, On Road",CT0009300,New Haven PD,42055,50:48.0,O,Open,00:31.0,,2,32300,3,PRINCIPAL ARTERIAL - OTHER - NEW HPMS,2,Urban
893259,1,Complete,893259,893259,41.308188,-72.886303,3395355,New Haven,93,93,New Haven,1/9/2022,2022,1,January,9,1,Sunday,17:52:00,17,22000764,A,"Injury of any type (Serious, Minor, Possible)",C,Possible Injury (C),2,0,0,4,Local,1.12,498,QUINNIPIAC AV,QUINNIPIAC AV,GRAND AV,,,,,41.308188,-72.886303,14,Motor Vehicle in Operation,1,Front to rear,1,On Roadway,4,Rain,88,Not Applicable,4,Dark-Lighted,2,Wet,0,None,88,Not Applicable,88,Not Applicable,0,None,88,Not Applicable,88,Not Applicable,2,Intersection,2,Four-Way Intersection,1,No,1,No,88,Not Applicable,88,Not Applicable,88,Not Applicable,88,Not Applicable,FALSE,1,Public Road,1,"Trafficway, On Road",CT0009300,New Haven PD,42367,04:47.0,C,Closed,00:30.0,,,,,,,
894186,1,Complete,894186,894186,41.304735,-72.93438,3396282,New Haven,93,93,New Haven,1/10/2022,2022,1,January,10,2,Monday,15:20:00,15,22000852,A,"Injury of any type (Serious, Minor, Possible)",C,Possible Injury (C),2,0,0,4,Local,0.19,565,SOUTH FRONTAGE RD-RT 34,SOUTH FRONTAGE RD-RT 34,YORK ST,,,,,41.304735,-72.93438,14,Motor Vehicle in Operation,1,Front to rear,1,On Roadway,1,Clear,88,Not Applicable,1,Daylight,1,Dry,0,None,88,Not Applicable,88,Not Applicable,0,None,88,Not Applicable,88,Not Applicable,2,Intersection,3,T-Intersection,1,No,1,No,88,Not Applicable,88,Not Applicable,88,Not Applicable,88,Not Applicable,FALSE,1,Public Road,1,"Trafficway, On Road",CT0009300,New Haven PD,10,14:09.0,C,Closed,00:15.0,,,,,,,
894540,1,Complete,894540,894540,41.31137,-72.94456,3396636,New Haven,93,93,New Haven,12/29/2021,2021,12,December,29,4,Wednesday,19:32:00,19,21046312,A,"Injury of any type (Serious, Minor, Possible)",A,Suspected Serious Injury (A),1,1,0,4,Local,2.82,97,CHAPEL ST,CHAPEL ST,SHERMAN AV,,,,,41.31137,-72.94456,10,Pedalcycle/Pedalcyclist,97,Other,1,On Roadway,4,Rain,88,Not Applicable,4,Dark-Lighted,2,Wet,0,None,88,Not Applicable,88,Not Applicable,0,None,88,Not Applicable,88,Not Applicable,2,Intersection,2,Four-Way Intersection,1,No,1,No,88,Not Applicable,88,Not Applicable,88,Not Applicable,88,Not Applicable,TRUE,1,Public Road,1,"Trafficway, On Road",CT0009300,New Haven PD,503,39:55.0,O,Open,00:53.0,,,,,,,
894545,1,Complete,894545,894545,41.28845,-72.927501,3396641,New Haven,93,93,New Haven,1/10/2022,2022,1,January,10,2,Monday,14:00:00,14,22000902,A,"Injury of any type (Serious, Minor, Possible)",C,Possible Injury (C),2,0,0,4,Local,0.13,770,LONG WHARF DR EXT,LONG WHARF DR EXT,,SARGENT DRIVE,1,TenthsofMile,E,41.28845,-72.927501,14,Motor Vehicle in Operation,4,"Sideswipe, same direction",1,On Roadway,1,Clear,88,Not Applicable,1,Daylight,1,Dry,0,None,88,Not Applicable,88,Not Applicable,0,None,88,Not Applicable,88,Not Applicable,1,Non-Junction,1,Not at Intersection,1,No,1,No,88,Not Applicable,88,Not Applicable,88,Not Applicable,88,Not Applicable,FALSE,1,Public Road,1,"Trafficway, On Road",CT0009300,New Haven PD,40819,58:40.0,O,Open,00:44.0,,,,,,,
894547,1,Complete,894547,894547,41.3206972,-72.8741196,3396643,New Haven,93,93,New Haven,1/11/2022,2022,1,January,11,3,Tuesday,8:34:00,8,22000921,A,"Injury of any type (Serious, Minor, Possible)",C,Possible Injury (C),2,0,0,3,State,0.44,80,80-E,80-E,103-N,,,,,41.3206972,-72.8741196,14,Motor Vehicle in Operation,1,Front to rear,1,On Roadway,1,Clear,88,Not Applicable,1,Daylight,1,Dry,0,None,88,Not Applicable,88,Not Applicable,0,None,88,Not Applicable,88,Not Applicable,2,Intersection,2,Four-Way Intersection,1,No,1,No,88,Not Applicable,88,Not Applicable,88,Not Applicable,88,Not Applicable,FALSE,1,Public Road,1,"Trafficway, On Road",CT0009300,New Haven PD,40815,02:28.0,O,Open,00:45.0,22000921,2,32300,3,PRINCIPAL ARTERIAL - OTHER - NEW HPMS,2,Urban
894548,1,Complete,894548,894548,41.310887,-72.949201,3396644,New Haven,93,93,New Haven,1/11/2022,2022,1,January,11,3,Tuesday,7:49:00,7,22000922,A,"Injury of any type (Serious, Minor, Possible)",C,Possible Injury (C),1,0,0,4,Local,0.18,147,DERBY AV,DERBY AV,NORTON ST,,,,,41.310887,-72.949201,33,Utility Pole/Light Support,88,Not Applicable,1,On Roadway,1,Clear,88,Not Applicable,1,Daylight,1,Dry,0,None,88,Not Applicable,88,Not Applicable,5,"Road Surface Condition (wet, icy, snow, slush, etc.)",88,Not Applicable,88,Not Applicable,2,Intersection,4,Y-Intersection,1,No,1,No,88,Not Applicable,88,Not Applicable,88,Not Applicable,88,Not Applicable,FALSE,1,Public Road,1,"Trafficway, On Road",CT0009300,New Haven PD,40804,33:47.0,C,Closed,00:46.0,,2,9500,4,MINOR ARTERIAL - NEW HPMS,2,Urban