CrashId,Fatal Case Status,Fatal Case Status Text Format,CrashId,CrashId,Latitude,Longitude,DOT Case Number,Town Name,Town Number,Town Number,Town Number Text Format,Date Of Crash,Year,Month,Month Text Format,Day,Day of the Week,Day of the Week Text Format,Time of Crash,Hour of the Day,Case Identifier,Crash Severity,Crash Severity Text Format,Most Severe Injury,Most Severe Injury Text Format,Number Of Motor Vehicles,Number Of Non-Motorist,Number Of Witnesses,Route Class,Route Class Text Format,Milemarker,Road Number,Road Description,Roadway Name,Intersecting Roadway Name,Landmark Description,Distance From Nearest Landmark,Unit Of Measure From Nearest Landmark,Direction From Nearest Landmark,Latitude,Longitude,First Harmful Event,First Harmful Event Text Format,Manner of Crash / Collision Impact,Manner of Crash / Collision Impact Text Format,Location of First Harmful Event,Location of First Harmful Event Text Format,Weather Condition,Weather Condition Text Format,Weather 2,Weather 2 Text Format,Light Condition,Light Condition Text Format,Road Surface Condition,Road Surface Condition Text Format,"Contributing Circumstances, Environment","Contributing Circumstances, Environment Text Format",Environment 2,Environment 2 Text Format,Environment 3,Environment 3 Text Format,"Contributing Circumstances, Road","Contributing Circumstances, Road Text Format",Road 2,Road 2 Text Format,Road 3,Road 3 Text Format,Crash Specific Location,Crash Specific Location Text Format,Type of Intersection,Type of Intersection Text Format,School Bus Related,School Bus Related Text Format,Work Zone Related,Work Zone Related Text Format,Location Of Crash Relative To Work Zone,Location Of Crash Relative To Work Zone Text Format,Type of Work Zone,Type of Work Zone Text Format,Worker Presence,Worker Presence Text Format,Law Enforcement Presence,Law Enforcement Presence Text Format,Were Vehicles Moved Prior To Police Arrival,Trafficway Ownership,Trafficway Ownership Text Format,Trafficway Class,Trafficway Class Text Format,Police Agency,Police Agency Text Format,Badge Number,Approval Date,Police Case Status,Police Case Status Text Format,Crash Report Submission Date,Related Case Identifiers,No. of Through Lanes (Log Dir.),Average Daily Traffic,Functional Classification,Functional Classification Text Format,Rural or Urban,Rural or Urban Text Format
894903,1,Complete,894903,894903,41.298297,-72.912489,3396999,New Haven,93,93,New Haven,1/11/2022,2022,1,January,11,3,Tuesday,23:08:00,23,22001019,A,"Injury of any type (Serious, Minor, Possible)",C,Possible Injury (C),1,0,0,4,Local,1.11,513,LONG WHARF DR,LONG WHARF DR,,HAMILTON ST NO 1,215,Feet,E,41.298297,-72.912489,32,Tree (standing),88,Not Applicable,1,On Roadway,1,Clear,88,Not Applicable,6,Dark-Unknown Lighting,1,Dry,0,None,88,Not Applicable,88,Not Applicable,0,None,88,Not Applicable,88,Not Applicable,1,Non-Junction,1,Not at Intersection,1,No,1,No,88,Not Applicable,88,Not Applicable,88,Not Applicable,88,Not Applicable,FALSE,1,Public Road,1,"Trafficway, On Road",CT0009300,New Haven PD,40815,18:41.0,C,Closed,00:10.0,22-001019,4,9100,4,MINOR ARTERIAL - NEW HPMS,2,Urban
894908,1,Complete,894908,894908,41.315483,-72.939285,3397004,New Haven,93,93,New Haven,1/12/2022,2022,1,January,12,4,Wednesday,17:45:00,17,22001118,A,"Injury of any type (Serious, Minor, Possible)",C,Possible Injury (C),2,0,0,4,Local,0.56,653,WHALLEY AV,WHALLEY AV,ORCHARD ST,,,,,41.315483,-72.939285,14,Motor Vehicle in Operation,1,Front to rear,1,On Roadway,1,Clear,88,Not Applicable,4,Dark-Lighted,1,Dry,0,None,88,Not Applicable,88,Not Applicable,0,None,88,Not Applicable,88,Not Applicable,2,Intersection,2,Four-Way Intersection,1,No,1,No,88,Not Applicable,88,Not Applicable,88,Not Applicable,88,Not Applicable,FALSE,1,Public Road,1,"Trafficway, On Road",CT0009300,New Haven PD,79,42:55.0,C,Closed,00:13.0,,,,,,,
895214,1,Complete,895214,895214,41.308583,-72.900696,3397310,New Haven,93,93,New Haven,1/13/2022,2022,1,January,13,5,Thursday,2:05:00,2,22001031,A,"Injury of any type (Serious, Minor, Possible)",A,Suspected Serious Injury (A),1,0,0,4,Local,0.79,264,GRAND AV,GRAND AV,,LLOYD STREET,60,Feet,E,41.308583,-72.900696,33,Utility Pole/Light Support,88,Not Applicable,1,On Roadway,1,Clear,88,Not Applicable,4,Dark-Lighted,1,Dry,0,None,88,Not Applicable,88,Not Applicable,0,None,88,Not Applicable,88,Not Applicable,2,Intersection,2,Four-Way Intersection,1,No,1,No,88,Not Applicable,88,Not Applicable,88,Not Applicable,88,Not Applicable,FALSE,1,Public Road,1,"Trafficway, On Road",CT0009300,New Haven PD,370,04:19.0,O,Open,00:50.0,,2,14400,4,MINOR ARTERIAL - NEW HPMS,2,Urban
895221,1,Complete,895221,895221,41.30434,-72.94261,3397317,New Haven,93,93,New Haven,1/13/2022,2022,1,January,13,5,Thursday,9:18:00,9,22001171,A,"Injury of any type (Serious, Minor, Possible)",B,Suspected Minor Injury (B),1,1,0,4,Local,0.2,453,ORCHARD ST,ORCHARD ST,SYLVAN AV,,,,,41.30434,-72.94261,9,Pedestrian,88,Not Applicable,1,On Roadway,1,Clear,88,Not Applicable,1,Daylight,1,Dry,0,None,88,Not Applicable,88,Not Applicable,0,None,88,Not Applicable,88,Not Applicable,2,Intersection,2,Four-Way Intersection,1,No,1,No,88,Not Applicable,88,Not Applicable,88,Not Applicable,88,Not Applicable,FALSE,1,Public Road,1,"Trafficway, On Road",CT0009300,New Haven PD,251,40:09.0,C,Closed,00:52.0,,2,4200,4,MINOR ARTERIAL - NEW HPMS,2,Urban
895222,1,Complete,895222,895222,41.289122,-72.92244,3397318,New Haven,93,93,New Haven,1/13/2022,2022,1,January,13,5,Thursday,10:14:00,10,22001176,A,"Injury of any type (Serious, Minor, Possible)",C,Possible Injury (C),2,0,0,1,Interstate,0.18,95,95-N-326,95-N-326,LONG WHARF DR,,,,,41.289122,-72.92244,14,Motor Vehicle in Operation,3,Angle,1,On Roadway,1,Clear,88,Not Applicable,1,Daylight,1,Dry,0,None,88,Not Applicable,88,Not Applicable,0,None,88,Not Applicable,88,Not Applicable,2,Intersection,3,T-Intersection,1,No,1,No,88,Not Applicable,88,Not Applicable,88,Not Applicable,88,Not Applicable,FALSE,1,Public Road,1,"Trafficway, On Road",CT0009300,New Haven PD,281,38:49.0,C,Closed,00:56.0,,1,5400,1,INTERSTATE - NEW HPMS,,
895603,1,Complete,895603,895603,41.304809,-72.922791,3397699,New Haven,93,93,New Haven,1/14/2022,2022,1,January,14,6,Friday,12:03:00,12,22000944,A,"Injury of any type (Serious, Minor, Possible)",C,Possible Injury (C),2,0,0,4,Local,1.34,575,STATE ST,STATE ST,CHAPEL ST,,,,,41.304809,-72.922791,14,Motor Vehicle in Operation,3,Angle,1,On Roadway,1,Clear,88,Not Applicable,1,Daylight,1,Dry,0,None,88,Not Applicable,88,Not Applicable,0,None,88,Not Applicable,88,Not Applicable,2,Intersection,2,Four-Way Intersection,1,No,1,No,88,Not Applicable,88,Not Applicable,88,Not Applicable,88,Not Applicable,FALSE,1,Public Road,1,"Trafficway, On Road",CT0009300,New Haven PD,469,16:17.0,C,Closed,00:19.0,,,,,,,
895609,1,Complete,895609,895609,41.323723,-72.885658,3397705,New Haven,93,93,New Haven,1/13/2022,2022,1,January,13,5,Thursday,16:47:00,16,22001224,A,"Injury of any type (Serious, Minor, Possible)",C,Possible Injury (C),2,0,0,4,Local,0.01,411,MIDDLETOWN AV,MIDDLETOWN AV,,DUMP RD,45,Feet,W,41.323723,-72.885658,14,Motor Vehicle in Operation,3,Angle,1,On Roadway,1,Clear,88,Not Applicable,1,Daylight,1,Dry,0,None,88,Not Applicable,88,Not Applicable,0,None,88,Not Applicable,88,Not Applicable,1,Non-Junction,1,Not at Intersection,1,No,1,No,88,Not Applicable,88,Not Applicable,88,Not Applicable,88,Not Applicable,TRUE,1,Public Road,1,"Trafficway, On Road",CT0009300,New Haven PD,42055,51:49.0,C,Closed,00:14.0,,,,,,,
895613,1,Complete,895613,895613,41.297681,-72.949146,3397709,New Haven,93,93,New Haven,1/14/2022,2022,1,January,14,6,Friday,0:57:00,0,22001268,A,"Injury of any type (Serious, Minor, Possible)",B,Suspected Minor Injury (B),2,0,0,3,State,1.49,10,10-N,10-N,,,,,,41.297681,-72.949146,14,Motor Vehicle in Operation,1,Front to rear,1,On Roadway,1,Clear,88,Not Applicable,4,Dark-Lighted,1,Dry,0,None,88,Not Applicable,88,Not Applicable,0,None,88,Not Applicable,88,Not Applicable,2,Intersection,2,Four-Way Intersection,1,No,1,No,88,Not Applicable,88,Not Applicable,88,Not Applicable,88,Not Applicable,FALSE,1,Public Road,1,"Trafficway, On Road",CT0009300,New Haven PD,40955,51:42.0,C,Closed,00:18.0,,2,20800,3,PRINCIPAL ARTERIAL - OTHER - NEW HPMS,2,Urban
895629,1,Complete,895629,895629,41.3327,-72.9378,3397725,New Haven,93,93,New Haven,1/15/2022,2022,1,January,15,7,Saturday,0:18:00,0,22001369,A,"Injury of any type (Serious, Minor, Possible)",C,Possible Injury (C),1,0,0,4,Local,0.95,557,SHERMAN PKWY,SHERMAN PKWY,BASSETT ST,,,,,41.3327,-72.9378,33,Utility Pole/Light Support,88,Not Applicable,1,On Roadway,1,Clear,88,Not Applicable,4,Dark-Lighted,1,Dry,0,None,88,Not Applicable,88,Not Applicable,0,None,88,Not Applicable,88,Not Applicable,2,Intersection,2,Four-Way Intersection,1,No,1,No,88,Not Applicable,88,Not Applicable,88,Not Applicable,88,Not Applicable,FALSE,1,Public Road,1,"Trafficway, On Road",CT0009300,New Haven PD,41104,53:50.0,C,Closed,00:17.0,,2,6300,4,MINOR ARTERIAL - NEW HPMS,2,Urban
895632,1,Complete,895632,895632,41.329175,-72.968442,3397728,New Haven,93,93,New Haven,1/15/2022,2022,1,January,15,7,Saturday,10:57:00,10,22001386,A,"Injury of any type (Serious, Minor, Possible)",C,Possible Injury (C),2,0,0,3,State,3.49,122,122-N,122-N,FAIRFIELD ST NO 2,,,,,41.329175,-72.968442,14,Motor Vehicle in Operation,1,Front to rear,1,On Roadway,1,Clear,88,Not Applicable,1,Daylight,1,Dry,0,None,88,Not Applicable,88,Not Applicable,0,None,88,Not Applicable,88,Not Applicable,2,Intersection,3,T-Intersection,1,No,1,No,88,Not Applicable,88,Not Applicable,88,Not Applicable,88,Not Applicable,FALSE,1,Public Road,1,"Trafficway, On Road",CT0009300,New Haven PD,381,45:50.0,C,Closed,00:20.0,,1,7500,4,MINOR ARTERIAL - NEW HPMS,1,Rural
895635,1,Complete,895635,895635,41.30437,-72.894472,3397731,New Haven,93,93,New Haven,1/15/2022,2022,1,January,15,7,Saturday,14:45:00,14,22001409,A,"Injury of any type (Serious, Minor, Possible)",C,Possible Injury (C),1,1,0,4,Local,1.09,213,FERRY ST,FERRY ST,CHAPEL ST,,,,,41.30437,-72.894472,9,Pedestrian,88,Not Applicable,1,On Roadway,1,Clear,88,Not Applicable,1,Daylight,1,Dry,99,Unknown,88,Not Applicable,88,Not Applicable,0,None,88,Not Applicable,88,Not Applicable,2,Intersection,2,Four-Way Intersection,1,No,1,No,88,Not Applicable,88,Not Applicable,88,Not Applicable,88,Not Applicable,FALSE,1,Public Road,1,"Trafficway, On Road",CT0009300,New Haven PD,322,30:29.0,C,Closed,00:29.0,,2,13500,4,MINOR ARTERIAL - NEW HPMS,2,Urban
895640,1,Complete,895640,895640,41.304016,-72.898694,3397736,New Haven,93,93,New Haven,1/15/2022,2022,1,January,15,7,Saturday,17:58:00,17,22001429,A,"Injury of any type (Serious, Minor, Possible)",C,Possible Injury (C),2,0,0,4,Local,0.32,97,CHAPEL ST,CHAPEL ST,BLATCHLEY AV,,,,,41.304016,-72.898694,14,Motor Vehicle in Operation,3,Angle,1,On Roadway,1,Clear,88,Not Applicable,4,Dark-Lighted,1,Dry,0,None,88,Not Applicable,88,Not Applicable,0,None,88,Not Applicable,88,Not Applicable,2,Intersection,2,Four-Way Intersection,1,No,1,No,88,Not Applicable,88,Not Applicable,88,Not Applicable,88,Not Applicable,FALSE,1,Public Road,1,"Trafficway, On Road",CT0009300,New Haven PD,40788,00:30.0,C,Closed,00:22.0,,,,,,,
895642,1,Complete,895642,895642,41.300744,-72.892048,3397738,New Haven,93,93,New Haven,1/15/2022,2022,1,January,15,7,Saturday,20:02:00,20,22001439,A,"Injury of any type (Serious, Minor, Possible)",C,Possible Injury (C),2,0,0,4,Local,0.22,795,EAST FERRY ST,EAST FERRY ST,FARREN AV,,,,,41.300744,-72.892048,14,Motor Vehicle in Operation,1,Front to rear,1,On Roadway,1,Clear,88,Not Applicable,4,Dark-Lighted,1,Dry,0,None,88,Not Applicable,88,Not Applicable,0,None,88,Not Applicable,88,Not Applicable,2,Intersection,2,Four-Way Intersection,1,No,1,No,88,Not Applicable,88,Not Applicable,88,Not Applicable,88,Not Applicable,TRUE,1,Public Road,1,"Trafficway, On Road",CT0009300,New Haven PD,409,20:44.0,C,Closed,00:32.0,,,,,,,
895643,1,Complete,895643,895643,41.311893,-72.873804,3397739,New Haven,93,93,New Haven,1/16/2022,2022,1,January,16,1,Sunday,1:34:00,1,22001460,A,"Injury of any type (Serious, Minor, Possible)",C,Possible Injury (C),1,0,0,4,Local,0.36,167,EASTERN ST,EASTERN ST,,JACKSON LN,50,Feet,S,41.311893,-72.873804,33,Utility Pole/Light Support,88,Not Applicable,1,On Roadway,1,Clear,88,Not Applicable,6,Dark-Unknown Lighting,1,Dry,99,Unknown,88,Not Applicable,88,Not Applicable,99,Unknown,88,Not Applicable,88,Not Applicable,1,Non-Junction,1,Not at Intersection,1,No,1,No,88,Not Applicable,88,Not Applicable,88,Not Applicable,88,Not Applicable,FALSE,1,Public Road,1,"Trafficway, On Road",CT0009300,New Haven PD,40792,23:04.0,C,Closed,00:26.0,,2,11800,5,MAJOR COLLECTOR - NEW HPMS,2,Urban
895644,1,Complete,895644,895644,41.313287,-72.951865,3397740,New Haven,93,93,New Haven,1/16/2022,2022,1,January,16,1,Sunday,1:58:00,1,22001461,A,"Injury of any type (Serious, Minor, Possible)",C,Possible Injury (C),2,0,0,3,State,2.61,10,10-N,10-N,,CHAPEL STREET,100,Feet,N,41.313287,-72.951865,14,Motor Vehicle in Operation,2,Front to front,1,On Roadway,1,Clear,88,Not Applicable,4,Dark-Lighted,1,Dry,0,None,88,Not Applicable,88,Not Applicable,0,None,88,Not Applicable,88,Not Applicable,1,Non-Junction,1,Not at Intersection,1,No,1,No,88,Not Applicable,88,Not Applicable,88,Not Applicable,88,Not Applicable,FALSE,1,Public Road,1,"Trafficway, On Road",CT0009300,New Haven PD,11107,44:22.0,C,Closed,00:27.0,,1,16900,3,PRINCIPAL ARTERIAL - OTHER - NEW HPMS,1,Rural
895648,1,Complete,895648,895648,41.302103,-72.928689,3397744,New Haven,93,93,New Haven,1/16/2022,2022,1,January,16,1,Sunday,14:55:00,14,22001489,A,"Injury of any type (Serious, Minor, Possible)",C,Possible Injury (C),2,0,0,4,Local,0.28,564,SOUTH FRONTAGE RD,SOUTH FRONTAGE RD,CHURCH ST SOUTH NO 1,,,,,41.302103,-72.928689,14,Motor Vehicle in Operation,3,Angle,1,On Roadway,1,Clear,88,Not Applicable,1,Daylight,1,Dry,0,None,88,Not Applicable,88,Not Applicable,0,None,88,Not Applicable,88,Not Applicable,2,Intersection,2,Four-Way Intersection,1,No,1,No,88,Not Applicable,88,Not Applicable,88,Not Applicable,88,Not Applicable,TRUE,1,Public Road,1,"Trafficway, On Road",CT0009300,New Haven PD,221,04:16.0,O,Open,00:32.0,,,,,,,
896134,1,Complete,896134,896134,41.309105,-72.884254,3398230,New Haven,93,93,New Haven,1/15/2022,2022,1,January,15,7,Saturday,14:47:00,14,22001408,A,"Injury of any type (Serious, Minor, Possible)",C,Possible Injury (C),3,0,0,4,Local,0.61,112,CLIFTON ST,CLIFTON ST,LENOX ST,,,,,41.309105,-72.884254,14,Motor Vehicle in Operation,1,Front to rear,1,On Roadway,1,Clear,88,Not Applicable,1,Daylight,1,Dry,0,None,88,Not Applicable,88,Not Applicable,0,None,88,Not Applicable,88,Not Applicable,2,Intersection,3,T-Intersection,1,No,1,No,88,Not Applicable,88,Not Applicable,88,Not Applicable,88,Not Applicable,FALSE,1,Public Road,1,"Trafficway, On Road",CT0009300,New Haven PD,156,54:09.0,C,Closed,00:47.0,,,,,,,
896140,1,Complete,896140,896140,41.306782,-72.946483,3398236,New Haven,93,93,New Haven,1/17/2022,2022,1,January,17,2,Monday,14:30:00,14,22001572,A,"Injury of any type (Serious, Minor, Possible)",C,Possible Injury (C),2,0,1,4,Local,1.23,809,REV DR MLK JR BLVD,REV DR MLK JR BLVD,SHERMAN AV,,,,,41.306782,-72.946483,14,Motor Vehicle in Operation,3,Angle,1,On Roadway,2,Cloudy,88,Not Applicable,1,Daylight,2,Wet,0,None,88,Not Applicable,88,Not Applicable,0,None,88,Not Applicable,88,Not Applicable,2,Intersection,2,Four-Way Intersection,1,No,1,No,88,Not Applicable,88,Not Applicable,88,Not Applicable,88,Not Applicable,TRUE,1,Public Road,1,"Trafficway, On Road",CT0009300,New Haven PD,261,34:29.0,C,Closed,00:50.0,,,,,,,
896488,1,Complete,896488,896488,41.325921,-72.958556,3398583,New Haven,93,93,New Haven,9/25/2021,2021,9,September,25,7,Saturday,0:21:00,0,21034680,A,"Injury of any type (Serious, Minor, Possible)",C,Possible Injury (C),2,0,1,3,State,0.11,63,63-N,63-N,WEST ROCK AV NO 2,,,,,41.325921,-72.958556,14,Motor Vehicle in Operation,3,Angle,1,On Roadway,1,Clear,88,Not Applicable,4,Dark-Lighted,1,Dry,0,None,88,Not Applicable,88,Not Applicable,0,None,88,Not Applicable,88,Not Applicable,2,Intersection,2,Four-Way Intersection,1,No,1,No,88,Not Applicable,88,Not Applicable,88,Not Applicable,88,Not Applicable,FALSE,1,Public Road,1,"Trafficway, On Road",CT0009300,New Haven PD,40805,37:54.0,C,Closed,01:26.0,,4,23100,3,PRINCIPAL ARTERIAL - OTHER - NEW HPMS,2,Urban
896824,1,Complete,896824,896824,41.316201,-72.926574,3398919,New Haven,93,93,New Haven,1/5/2022,2022,1,January,5,4,Wednesday,7:19:00,7,22000378,A,"Injury of any type (Serious, Minor, Possible)",C,Possible Injury (C),1,0,0,4,Local,0.01,669,WINCHESTER AV,WINCHESTER AV,,SACHEM ST,30,Feet,N,41.316201,-72.926574,38,"Other Post, Pole or Support",88,Not Applicable,1,On Roadway,5,Sleet or Hail ,88,Not Applicable,1,Daylight,5,Ice / Frost,1,Weather Conditions,88,Not Applicable,88,Not Applicable,5,"Road Surface Condition (wet, icy, snow, slush, etc.)",88,Not Applicable,88,Not Applicable,3,Intersection-Related,5,L-Intersection,1,No,1,No,88,Not Applicable,88,Not Applicable,88,Not Applicable,88,Not Applicable,FALSE,1,Public Road,1,"Trafficway, On Road",CT0009300,New Haven PD,991,01:12.0,C,Closed,00:15.0,,2,6500,7,LOCAL - NEW HPMS,2,Urban
896825,1,Complete,896825,896825,41.317742,-72.945529,3398920,New Haven,93,93,New Haven,1/9/2022,2022,1,January,9,1,Sunday,20:57:00,20,22000776,A,"Injury of any type (Serious, Minor, Possible)",C,Possible Injury (C),2,0,0,4,Local,0.2,653,WHALLEY AV,WHALLEY AV,,NORTON ST,150,Feet,E,41.317742,-72.945529,14,Motor Vehicle in Operation,1,Front to rear,1,On Roadway,1,Clear,88,Not Applicable,4,Dark-Lighted,1,Dry,0,None,88,Not Applicable,88,Not Applicable,0,None,88,Not Applicable,88,Not Applicable,1,Non-Junction,1,Not at Intersection,1,No,1,No,88,Not Applicable,88,Not Applicable,88,Not Applicable,88,Not Applicable,TRUE,1,Public Road,1,"Trafficway, On Road",CT0009300,New Haven PD,503,18:36.0,O,Open,00:26.0,,,,,,,
896830,1,Complete,896830,896830,41.297886,-72.949098,3398925,New Haven,93,93,New Haven,1/18/2022,2022,1,January,18,3,Tuesday,17:35:00,17,22001681,A,"Injury of any type (Serious, Minor, Possible)",C,Possible Injury (C),2,0,0,3,State,1.47,10,10-N,10-N,1-N,,,,,41.297886,-72.949098,14,Motor Vehicle in Operation,1,Front to rear,1,On Roadway,1,Clear,88,Not Applicable,5,Dark-Not Lighted,1,Dry,0,None,88,Not Applicable,88,Not Applicable,0,None,88,Not Applicable,88,Not Applicable,2,Intersection,2,Four-Way Intersection,1,No,1,No,88,Not Applicable,88,Not Applicable,88,Not Applicable,88,Not Applicable,FALSE,1,Public Road,1,"Trafficway, On Road",CT0009300,New Haven PD,495,06:43.0,C,Closed,00:17.0,,2,20300,3,PRINCIPAL ARTERIAL - OTHER - NEW HPMS,2,Urban
896835,1,Complete,896835,896835,41.317289,-72.901343,3398930,New Haven,93,93,New Haven,1/19/2022,2022,1,January,19,4,Wednesday,7:16:00,7,22001724,A,"Injury of any type (Serious, Minor, Possible)",C,Possible Injury (C),2,0,0,4,Local,0.99,57,BLATCHLEY AV,BLATCHLEY AV,,STATE ST,80,Feet,S,41.317289,-72.901343,14,Motor Vehicle in Operation,1,Front to rear,1,On Roadway,1,Clear,88,Not Applicable,1,Daylight,2,Wet,0,None,88,Not Applicable,88,Not Applicable,0,None,88,Not Applicable,88,Not Applicable,1,Non-Junction,1,Not at Intersection,1,No,1,No,88,Not Applicable,88,Not Applicable,88,Not Applicable,88,Not Applicable,TRUE,1,Public Road,1,"Trafficway, On Road",CT0009300,New Haven PD,980,56:16.0,C,Closed,00:16.0,,,,,,,
896843,1,Complete,896843,896843,41.305595,-72.935978,3398938,New Haven,93,93,New Haven,1/19/2022,2022,1,January,19,4,Wednesday,16:53:00,16,22001763,A,"Injury of any type (Serious, Minor, Possible)",A,Suspected Serious Injury (A),2,0,0,4,Local,0.64,809,REV DR MLK JR BLVD,REV DR MLK JR BLVD,PARK ST,,,,,41.305595,-72.935978,14,Motor Vehicle in Operation,3,Angle,1,On Roadway,1,Clear,88,Not Applicable,1,Daylight,1,Dry,0,None,88,Not Applicable,88,Not Applicable,0,None,88,Not Applicable,88,Not Applicable,2,Intersection,2,Four-Way Intersection,1,No,1,No,88,Not Applicable,88,Not Applicable,88,Not Applicable,88,Not Applicable,FALSE,1,Public Road,1,"Trafficway, On Road",CT0009300,New Haven PD,966,47:13.0,C,Closed,00:20.0,,,,,,,
896847,1,Complete,896847,896847,41.296104,-72.928147,3398942,New Haven,93,93,New Haven,1/19/2022,2022,1,January,19,4,Wednesday,21:47:00,21,22001796,A,"Injury of any type (Serious, Minor, Possible)",C,Possible Injury (C),1,0,0,4,Local,0.44,759,CHURCH ST SOUTH NO 2,CHURCH ST SOUTH NO 2,,UNION AVE,70,Feet,E,41.296104,-72.928147,25,Curb,88,Not Applicable,1,On Roadway,1,Clear,88,Not Applicable,4,Dark-Lighted,1,Dry,0,None,88,Not Applicable,88,Not Applicable,0,None,88,Not Applicable,88,Not Applicable,2,Intersection,4,Y-Intersection,1,No,1,No,88,Not Applicable,88,Not Applicable,88,Not Applicable,88,Not Applicable,FALSE,1,Public Road,1,"Trafficway, On Road",CT0009300,New Haven PD,42056,17:08.0,C,Closed,00:25.0,,2,9500,3,PRINCIPAL ARTERIAL - OTHER - NEW HPMS,2,Urban
897296,1,Complete,897296,897296,41.296954,-72.927624,3399391,New Haven,93,93,New Haven,1/16/2022,2022,1,January,16,1,Sunday,17:15:00,17,22001498,A,"Injury of any type (Serious, Minor, Possible)",B,Suspected Minor Injury (B),2,0,2,2,USRoute,47.9,1,1-N,1-N,,CHURCH ST SOUTH,300,Feet,N,41.296954,-72.927624,14,Motor Vehicle in Operation,2,Front to front,1,On Roadway,1,Clear,88,Not Applicable,3,Dusk,1,Dry,0,None,88,Not Applicable,88,Not Applicable,0,None,88,Not Applicable,88,Not Applicable,1,Non-Junction,1,Not at Intersection,1,No,1,No,88,Not Applicable,88,Not Applicable,88,Not Applicable,88,Not Applicable,FALSE,1,Public Road,1,"Trafficway, On Road",CT0009300,New Haven PD,42043,41:02.0,C,Closed,01:35.0,,1,9500,3,PRINCIPAL ARTERIAL - OTHER - NEW HPMS,1,Rural
897302,1,Complete,897302,897302,41.3293,-72.9263,3399397,New Haven,93,93,New Haven,1/20/2022,2022,1,January,20,5,Thursday,5:31:00,5,22001811,A,"Injury of any type (Serious, Minor, Possible)",C,Possible Injury (C),1,1,0,4,Local,0.95,669,WINCHESTER AV,WINCHESTER AV,HIGHLAND ST,,,,,41.3293,-72.9263,9,Pedestrian,88,Not Applicable,1,On Roadway,4,Rain,88,Not Applicable,4,Dark-Lighted,2,Wet,1,Weather Conditions,88,Not Applicable,88,Not Applicable,0,None,88,Not Applicable,88,Not Applicable,2,Intersection,3,T-Intersection,1,No,1,No,88,Not Applicable,88,Not Applicable,88,Not Applicable,88,Not Applicable,FALSE,1,Public Road,1,"Trafficway, On Road",CT0009300,New Haven PD,41104,22:07.0,C,Closed,01:30.0,,2,5400,5,MAJOR COLLECTOR - NEW HPMS,2,Urban
897303,1,Complete,897303,897303,41.307999,-72.924328,3399398,New Haven,93,93,New Haven,1/20/2022,2022,1,January,20,5,Thursday,10:16:00,10,22001824,A,"Injury of any type (Serious, Minor, Possible)",C,Possible Injury (C),1,1,0,4,Local,0.32,103,CHURCH ST,CHURCH ST,,ELM ST,30,Feet,S,41.307999,-72.924328,9,Pedestrian,88,Not Applicable,1,On Roadway,7,Snow,88,Not Applicable,1,Daylight,2,Wet,0,None,88,Not Applicable,88,Not Applicable,0,None,88,Not Applicable,88,Not Applicable,1,Non-Junction,1,Not at Intersection,1,No,1,No,88,Not Applicable,88,Not Applicable,88,Not Applicable,88,Not Applicable,TRUE,1,Public Road,1,"Trafficway, On Road",CT0009300,New Haven PD,165,42:43.0,O,Open,01:32.0,,3,8400,3,PRINCIPAL ARTERIAL - OTHER - NEW HPMS,2,Urban
897310,1,Complete,897310,897310,41.302165,-72.928715,3399405,New Haven,93,93,New Haven,1/20/2022,2022,1,January,20,5,Thursday,20:58:00,20,22001874,A,"Injury of any type (Serious, Minor, Possible)",C,Possible Injury (C),2,0,0,4,Local,0.28,564,SOUTH FRONTAGE RD,SOUTH FRONTAGE RD,CHURCH ST SOUTH NO 1,,,,,41.302165,-72.928715,14,Motor Vehicle in Operation,3,Angle,1,On Roadway,1,Clear,88,Not Applicable,4,Dark-Lighted,1,Dry,0,None,88,Not Applicable,88,Not Applicable,0,None,88,Not Applicable,88,Not Applicable,2,Intersection,2,Four-Way Intersection,1,No,1,No,88,Not Applicable,88,Not Applicable,88,Not Applicable,88,Not Applicable,FALSE,1,Public Road,1,"Trafficway, On Road",CT0009300,New Haven PD,40810,52:49.0,C,Closed,01:38.0,,,,,,,
897705,1,Complete,897705,897705,41.30213,-72.92873,3399800,New Haven,93,93,New Haven,12/22/2021,2021,12,December,22,4,Wednesday,7:24:00,7,21045636,A,"Injury of any type (Serious, Minor, Possible)",C,Possible Injury (C),3,0,0,4,Local,0.28,564,SOUTH FRONTAGE RD,SOUTH FRONTAGE RD,CHURCH ST SOUTH NO 1,,,,,41.30213,-72.92873,14,Motor Vehicle in Operation,3,Angle,1,On Roadway,4,Rain,88,Not Applicable,1,Daylight,2,Wet,0,None,88,Not Applicable,88,Not Applicable,0,None,88,Not Applicable,88,Not Applicable,2,Intersection,2,Four-Way Intersection,1,No,1,No,88,Not Applicable,88,Not Applicable,88,Not Applicable,88,Not Applicable,FALSE,1,Public Road,1,"Trafficway, On Road",CT0009300,New Haven PD,26,33:39.0,C,Closed,00:23.0,,,,,,,
897706,1,Complete,897706,897706,41.29022,-72.940695,3399801,New Haven,93,93,New Haven,1/13/2022,2022,1,January,13,5,Thursday,0:18:00,0,22001153,A,"Injury of any type (Serious, Minor, Possible)",B,Suspected Minor Injury (B),2,0,0,3,State,0.82,10,10-N,10-N,,LAMBERTON ST,100,Feet,N,41.29022,-72.940695,14,Motor Vehicle in Operation,1,Front to rear,1,On Roadway,1,Clear,88,Not Applicable,4,Dark-Lighted,1,Dry,0,None,88,Not Applicable,88,Not Applicable,0,None,88,Not Applicable,88,Not Applicable,1,Non-Junction,1,Not at Intersection,1,No,1,No,88,Not Applicable,88,Not Applicable,88,Not Applicable,88,Not Applicable,TRUE,1,Public Road,1,"Trafficway, On Road",CT0009300,New Haven PD,39,23:04.0,C,Closed,00:39.0,22001153,2,18000,3,PRINCIPAL ARTERIAL - OTHER - NEW HPMS,2,Urban