CrashId,Fatal Case Status,Fatal Case Status Text Format,CrashId,CrashId,Latitude,Longitude,DOT Case Number,Town Name,Town Number,Town Number,Town Number Text Format,Date Of Crash,Year,Month,Month Text Format,Day,Day of the Week,Day of the Week Text Format,Time of Crash,Hour of the Day,Case Identifier,Crash Severity,Crash Severity Text Format,Most Severe Injury,Most Severe Injury Text Format,Number Of Motor Vehicles,Number Of Non-Motorist,Number Of Witnesses,Route Class,Route Class Text Format,Milemarker,Road Number,Road Description,Roadway Name,Intersecting Roadway Name,Landmark Description,Distance From Nearest Landmark,Unit Of Measure From Nearest Landmark,Direction From Nearest Landmark,Latitude,Longitude,First Harmful Event,First Harmful Event Text Format,Manner of Crash / Collision Impact,Manner of Crash / Collision Impact Text Format,Location of First Harmful Event,Location of First Harmful Event Text Format,Weather Condition,Weather Condition Text Format,Weather 2,Weather 2 Text Format,Light Condition,Light Condition Text Format,Road Surface Condition,Road Surface Condition Text Format,"Contributing Circumstances, Environment","Contributing Circumstances, Environment Text Format",Environment 2,Environment 2 Text Format,Environment 3,Environment 3 Text Format,"Contributing Circumstances, Road","Contributing Circumstances, Road Text Format",Road 2,Road 2 Text Format,Road 3,Road 3 Text Format,Crash Specific Location,Crash Specific Location Text Format,Type of Intersection,Type of Intersection Text Format,School Bus Related,School Bus Related Text Format,Work Zone Related,Work Zone Related Text Format,Location Of Crash Relative To Work Zone,Location Of Crash Relative To Work Zone Text Format,Type of Work Zone,Type of Work Zone Text Format,Worker Presence,Worker Presence Text Format,Law Enforcement Presence,Law Enforcement Presence Text Format,Were Vehicles Moved Prior To Police Arrival,Trafficway Ownership,Trafficway Ownership Text Format,Trafficway Class,Trafficway Class Text Format,Police Agency,Police Agency Text Format,Badge Number,Approval Date,Police Case Status,Police Case Status Text Format,Crash Report Submission Date,Related Case Identifiers,No. of Through Lanes (Log Dir.),Average Daily Traffic,Functional Classification,Functional Classification Text Format,Rural or Urban,Rural or Urban Text Format
897723,1,Complete,897723,897723,41.320475,-72.872538,3399818,New Haven,93,93,New Haven,1/21/2022,2022,1,January,21,6,Friday,15:39:00,15,22001939,A,"Injury of any type (Serious, Minor, Possible)",C,Possible Injury (C),2,0,0,3,State,0.52,80,80-E,80-E,,QUINNIPIAC AVE,300,Feet,E,41.320475,-72.872538,14,Motor Vehicle in Operation,1,Front to rear,1,On Roadway,1,Clear,88,Not Applicable,1,Daylight,1,Dry,0,None,88,Not Applicable,88,Not Applicable,3,Backup Due to Regular Congestion,88,Not Applicable,88,Not Applicable,1,Non-Junction,1,Not at Intersection,1,No,1,No,88,Not Applicable,88,Not Applicable,88,Not Applicable,88,Not Applicable,FALSE,1,Public Road,1,"Trafficway, On Road",CT0009300,New Haven PD,409,23:26.0,C,Closed,00:27.0,,2,32300,3,PRINCIPAL ARTERIAL - OTHER - NEW HPMS,2,Urban
897728,1,Complete,897728,897728,41.3137,-72.940097,3399823,New Haven,93,93,New Haven,1/21/2022,2022,1,January,21,6,Friday,21:17:00,21,22001980,A,"Injury of any type (Serious, Minor, Possible)",C,Possible Injury (C),3,0,0,4,Local,0.87,453,ORCHARD ST,ORCHARD ST,,ELM ST,150,Feet,S,41.3137,-72.940097,14,Motor Vehicle in Operation,3,Angle,1,On Roadway,1,Clear,1,Clear,4,Dark-Lighted,1,Dry,0,None,88,Not Applicable,88,Not Applicable,0,None,88,Not Applicable,88,Not Applicable,1,Non-Junction,1,Not at Intersection,1,No,1,No,88,Not Applicable,88,Not Applicable,88,Not Applicable,88,Not Applicable,FALSE,1,Public Road,1,"Trafficway, On Road",CT0009300,New Haven PD,42046,13:13.0,C,Closed,00:37.0,,,,,,,
897731,1,Complete,897731,897731,41.286315,-72.936136,3399826,New Haven,93,93,New Haven,1/22/2022,2022,1,January,22,7,Saturday,1:11:00,1,22002001,A,"Injury of any type (Serious, Minor, Possible)",C,Possible Injury (C),3,0,0,3,State,0.46,10,10-N,10-N,745-E,,,,,41.286315,-72.936136,14,Motor Vehicle in Operation,1,Front to rear,1,On Roadway,1,Clear,88,Not Applicable,5,Dark-Not Lighted,1,Dry,0,None,88,Not Applicable,88,Not Applicable,0,None,88,Not Applicable,88,Not Applicable,2,Intersection,2,Four-Way Intersection,1,No,1,No,88,Not Applicable,88,Not Applicable,88,Not Applicable,88,Not Applicable,FALSE,1,Public Road,1,"Trafficway, On Road",CT0009300,New Haven PD,40789,51:48.0,C,Closed,00:32.0,,2,18600,3,PRINCIPAL ARTERIAL - OTHER - NEW HPMS,2,Urban
897732,1,Complete,897732,897732,41.310887,-72.949313,3399827,New Haven,93,93,New Haven,1/22/2022,2022,1,January,22,7,Saturday,3:48:00,3,22002006,A,"Injury of any type (Serious, Minor, Possible)",C,Possible Injury (C),3,0,0,4,Local,0.18,147,DERBY AV,DERBY AV,NORTON ST,,,,,41.310887,-72.949313,14,Motor Vehicle in Operation,4,"Sideswipe, same direction",7,In Parking Lane or Zone,1,Clear,88,Not Applicable,4,Dark-Lighted,1,Dry,0,None,88,Not Applicable,88,Not Applicable,0,None,88,Not Applicable,88,Not Applicable,2,Intersection,4,Y-Intersection,1,No,1,No,88,Not Applicable,88,Not Applicable,88,Not Applicable,88,Not Applicable,FALSE,1,Public Road,1,"Trafficway, On Road",CT0009300,New Haven PD,11439,20:47.0,C,Closed,00:32.0,,,,,,,
897733,1,Complete,897733,897733,41.31107,-72.93051,3399828,New Haven,93,93,New Haven,1/22/2022,2022,1,January,22,7,Saturday,9:03:00,9,22002013,A,"Injury of any type (Serious, Minor, Possible)",C,Possible Injury (C),2,0,0,4,Local,0,68,BROADWAY,BROADWAY,ELM ST NO 2,,,,,41.31107,-72.93051,14,Motor Vehicle in Operation,3,Angle,1,On Roadway,1,Clear,88,Not Applicable,1,Daylight,1,Dry,0,None,88,Not Applicable,88,Not Applicable,0,None,88,Not Applicable,88,Not Applicable,2,Intersection,3,T-Intersection,1,No,1,No,88,Not Applicable,88,Not Applicable,88,Not Applicable,88,Not Applicable,TRUE,1,Public Road,1,"Trafficway, On Road",CT0009300,New Haven PD,166,51:27.0,C,Closed,00:33.0,,,,,,,
897736,1,Complete,897736,897736,41.299508,-72.949857,3399831,New Haven,93,93,New Haven,1/22/2022,2022,1,January,22,7,Saturday,11:58:00,11,22002024,A,"Injury of any type (Serious, Minor, Possible)",B,Suspected Minor Injury (B),1,0,1,3,State,1.62,10,10-N,10-N,,COLUMBUS AVE,731,Feet,N,41.299508,-72.949857,33,Utility Pole/Light Support,88,Not Applicable,1,On Roadway,1,Clear,88,Not Applicable,1,Daylight,1,Dry,0,None,88,Not Applicable,88,Not Applicable,0,None,88,Not Applicable,88,Not Applicable,1,Non-Junction,1,Not at Intersection,1,No,1,No,88,Not Applicable,88,Not Applicable,88,Not Applicable,88,Not Applicable,FALSE,1,Public Road,1,"Trafficway, On Road",CT0009300,New Haven PD,362,09:35.0,C,Closed,00:42.0,,4,20700,3,PRINCIPAL ARTERIAL - OTHER - NEW HPMS,2,Urban
897741,1,Complete,897741,897741,41.314841,-72.891768,3399836,New Haven,93,93,New Haven,1/22/2022,2022,1,January,22,7,Saturday,17:43:00,17,22002050,A,"Injury of any type (Serious, Minor, Possible)",C,Possible Injury (C),2,0,0,4,Local,0.38,113,CLINTON AV,CLINTON AV,CHATHAM ST,,,,,41.314841,-72.891768,14,Motor Vehicle in Operation,5,"Sideswipe, opposite direction",1,On Roadway,1,Clear,88,Not Applicable,4,Dark-Lighted,1,Dry,0,None,88,Not Applicable,88,Not Applicable,0,None,88,Not Applicable,88,Not Applicable,2,Intersection,2,Four-Way Intersection,1,No,1,No,88,Not Applicable,88,Not Applicable,88,Not Applicable,88,Not Applicable,FALSE,1,Public Road,1,"Trafficway, On Road",CT0009300,New Haven PD,40788,21:50.0,C,Closed,00:38.0,,,,,,,
897742,1,Complete,897742,897742,41.316656,-72.907143,3399837,New Haven,93,93,New Haven,1/22/2022,2022,1,January,22,7,Saturday,17:56:00,17,22002053,A,"Injury of any type (Serious, Minor, Possible)",C,Possible Injury (C),2,0,0,4,Local,0.14,575,STATE ST,STATE ST,,LAWRENCE ST,250,Feet,E,41.316656,-72.907143,14,Motor Vehicle in Operation,3,Angle,1,On Roadway,2,Cloudy,88,Not Applicable,4,Dark-Lighted,1,Dry,0,None,88,Not Applicable,88,Not Applicable,0,None,88,Not Applicable,88,Not Applicable,1,Non-Junction,1,Not at Intersection,1,No,1,No,88,Not Applicable,88,Not Applicable,88,Not Applicable,88,Not Applicable,FALSE,1,Public Road,1,"Trafficway, On Road",CT0009300,New Haven PD,516,20:36.0,C,Closed,00:39.0,,,,,,,
897744,1,Complete,897744,897744,41.308221,-72.924131,3399839,New Haven,93,93,New Haven,1/22/2022,2022,1,January,22,7,Saturday,20:26:00,20,22002075,A,"Injury of any type (Serious, Minor, Possible)",C,Possible Injury (C),2,0,2,4,Local,0.34,103,CHURCH ST,CHURCH ST,ELM ST NO 2,,,,,41.308221,-72.924131,14,Motor Vehicle in Operation,3,Angle,1,On Roadway,1,Clear,88,Not Applicable,4,Dark-Lighted,1,Dry,0,None,88,Not Applicable,88,Not Applicable,0,None,88,Not Applicable,88,Not Applicable,2,Intersection,3,T-Intersection,1,No,1,No,88,Not Applicable,88,Not Applicable,88,Not Applicable,88,Not Applicable,FALSE,1,Public Road,1,"Trafficway, On Road",CT0009300,New Haven PD,40808,59:16.0,C,Closed,00:45.0,,,,,,,
897752,1,Complete,897752,897752,41.308695,-72.900126,3399847,New Haven,93,93,New Haven,1/23/2022,2022,1,January,23,1,Sunday,20:01:00,20,22002169,A,"Injury of any type (Serious, Minor, Possible)",C,Possible Injury (C),1,1,0,4,Local,0.76,264,GRAND AV,GRAND AV,SHELTER ST,,,,,41.308695,-72.900126,9,Pedestrian,88,Not Applicable,1,On Roadway,1,Clear,88,Not Applicable,4,Dark-Lighted,1,Dry,0,None,88,Not Applicable,88,Not Applicable,0,None,88,Not Applicable,88,Not Applicable,2,Intersection,3,T-Intersection,1,No,1,No,88,Not Applicable,88,Not Applicable,88,Not Applicable,88,Not Applicable,FALSE,1,Public Road,1,"Trafficway, On Road",CT0009300,New Haven PD,40788,58:23.0,O,Open,00:44.0,,2,14400,4,MINOR ARTERIAL - NEW HPMS,2,Urban
898320,1,Complete,898320,898320,41.293083,-72.943871,3400415,New Haven,93,93,New Haven,1/22/2022,2022,1,January,22,7,Saturday,1:01:00,1,22001996,A,"Injury of any type (Serious, Minor, Possible)",A,Suspected Serious Injury (A),2,0,0,3,State,1.07,10,10-N,10-N,ADELINE ST,,,,,41.293083,-72.943871,14,Motor Vehicle in Operation,4,"Sideswipe, same direction",1,On Roadway,1,Clear,88,Not Applicable,4,Dark-Lighted,1,Dry,0,None,88,Not Applicable,88,Not Applicable,0,None,88,Not Applicable,88,Not Applicable,2,Intersection,3,T-Intersection,1,No,1,No,88,Not Applicable,88,Not Applicable,88,Not Applicable,88,Not Applicable,FALSE,1,Public Road,1,"Trafficway, On Road",CT0009300,New Haven PD,40955,18:06.0,O,Open,00:43.0,,2,20300,3,PRINCIPAL ARTERIAL - OTHER - NEW HPMS,2,Urban
898321,1,Complete,898321,898321,41.30712,-72.92154,3400416,New Haven,93,93,New Haven,1/22/2022,2022,1,January,22,7,Saturday,11:18:00,11,22002022,A,"Injury of any type (Serious, Minor, Possible)",C,Possible Injury (C),2,0,0,4,Local,0.71,726,ELM ST NO 2,ELM ST NO 2,,STATE ST,91,Feet,W,41.30712,-72.92154,14,Motor Vehicle in Operation,1,Front to rear,1,On Roadway,1,Clear,88,Not Applicable,1,Daylight,1,Dry,0,None,88,Not Applicable,88,Not Applicable,0,None,88,Not Applicable,88,Not Applicable,1,Non-Junction,1,Not at Intersection,1,No,1,No,88,Not Applicable,88,Not Applicable,88,Not Applicable,88,Not Applicable,FALSE,1,Public Road,1,"Trafficway, On Road",CT0009300,New Haven PD,166,35:58.0,C,Closed,00:45.0,,,,,,,
898329,1,Complete,898329,898329,41.31844,-72.9413,3400424,New Haven,93,93,New Haven,1/24/2022,2022,1,January,24,2,Monday,18:22:00,18,22002301,A,"Injury of any type (Serious, Minor, Possible)",B,Suspected Minor Injury (B),3,0,0,4,Local,0.91,556,SHERMAN AV,SHERMAN AV,PERCIVAL ST,,,,,41.31844,-72.9413,14,Motor Vehicle in Operation,4,"Sideswipe, same direction",1,On Roadway,1,Clear,88,Not Applicable,4,Dark-Lighted,1,Dry,0,None,88,Not Applicable,88,Not Applicable,0,None,88,Not Applicable,88,Not Applicable,2,Intersection,3,T-Intersection,1,No,1,No,88,Not Applicable,88,Not Applicable,88,Not Applicable,88,Not Applicable,TRUE,1,Public Road,1,"Trafficway, On Road",CT0009300,New Haven PD,182,03:34.0,C,Closed,00:49.0,,,,,,,
898796,1,Complete,898796,898796,41.306608,-72.92694,3400891,New Haven,93,93,New Haven,1/23/2022,2022,1,January,23,1,Sunday,14:14:00,14,22002134,A,"Injury of any type (Serious, Minor, Possible)",C,Possible Injury (C),1,1,0,4,Local,0.57,588,TEMPLE ST,TEMPLE ST,CHAPEL ST,,,,,41.306608,-72.92694,9,Pedestrian,88,Not Applicable,1,On Roadway,1,Clear,1,Clear,1,Daylight,1,Dry,0,None,88,Not Applicable,88,Not Applicable,0,None,88,Not Applicable,88,Not Applicable,2,Intersection,2,Four-Way Intersection,1,No,1,No,88,Not Applicable,88,Not Applicable,88,Not Applicable,88,Not Applicable,TRUE,1,Public Road,1,"Trafficway, On Road",CT0009300,New Haven PD,301,06:34.0,C,Closed,01:23.0,,4,5200,3,PRINCIPAL ARTERIAL - OTHER - NEW HPMS,2,Urban
898797,1,Complete,898797,898797,41.293638,-72.937658,3400892,New Haven,93,93,New Haven,1/24/2022,2022,1,January,24,2,Monday,7:30:00,7,22002197,A,"Injury of any type (Serious, Minor, Possible)",C,Possible Injury (C),2,0,0,4,Local,0.09,571,SPRING ST,SPRING ST,HURLBURT ST,,,,,41.293638,-72.937658,14,Motor Vehicle in Operation,3,Angle,1,On Roadway,1,Clear,88,Not Applicable,1,Daylight,1,Dry,0,None,88,Not Applicable,88,Not Applicable,0,None,88,Not Applicable,88,Not Applicable,2,Intersection,2,Four-Way Intersection,1,No,1,No,88,Not Applicable,88,Not Applicable,88,Not Applicable,88,Not Applicable,TRUE,1,Public Road,1,"Trafficway, On Road",CT0009300,New Haven PD,295,45:08.0,C,Closed,01:19.0,,,,,,,
898801,1,Complete,898801,898801,41.3113,-72.94715,3400896,New Haven,93,93,New Haven,1/25/2022,2022,1,January,25,3,Tuesday,8:01:00,8,22002343,A,"Injury of any type (Serious, Minor, Possible)",C,Possible Injury (C),2,0,0,4,Local,0.07,147,DERBY AV,DERBY AV,WINTHROP AV NO 2,,,,,41.3113,-72.94715,14,Motor Vehicle in Operation,1,Front to rear,1,On Roadway,7,Snow,88,Not Applicable,1,Daylight,5,Ice / Frost,0,None,88,Not Applicable,88,Not Applicable,0,None,88,Not Applicable,88,Not Applicable,2,Intersection,3,T-Intersection,1,No,1,No,88,Not Applicable,88,Not Applicable,88,Not Applicable,88,Not Applicable,FALSE,1,Public Road,1,"Trafficway, On Road",CT0009300,New Haven PD,251,50:55.0,C,Closed,01:22.0,,,,,,,
899163,1,Complete,899163,899163,41.315881,-72.892005,3401258,New Haven,93,93,New Haven,1/25/2022,2022,1,January,25,3,Tuesday,6:24:00,6,22002337,A,"Injury of any type (Serious, Minor, Possible)",C,Possible Injury (C),2,0,1,4,Local,0.45,113,CLINTON AV,CLINTON AV,LOMBARD ST,,,,,41.315881,-72.892005,14,Motor Vehicle in Operation,3,Angle,1,On Roadway,7,Snow,88,Not Applicable,4,Dark-Lighted,5,Ice / Frost,1,Weather Conditions,88,Not Applicable,88,Not Applicable,0,None,88,Not Applicable,88,Not Applicable,2,Intersection,2,Four-Way Intersection,1,No,1,No,88,Not Applicable,88,Not Applicable,88,Not Applicable,88,Not Applicable,FALSE,1,Public Road,1,"Trafficway, On Road",CT0009300,New Haven PD,374,41:53.0,C,Closed,00:06.0,,,,,,,
899165,1,Complete,899165,899165,41.31132,-72.944664,3401260,New Haven,93,93,New Haven,1/25/2022,2022,1,January,25,3,Tuesday,12:05:00,12,22002391,A,"Injury of any type (Serious, Minor, Possible)",C,Possible Injury (C),2,0,0,4,Local,2.82,97,CHAPEL ST,CHAPEL ST,SHERMAN AV,,,,,41.31132,-72.944664,14,Motor Vehicle in Operation,3,Angle,1,On Roadway,1,Clear,88,Not Applicable,1,Daylight,1,Dry,0,None,88,Not Applicable,88,Not Applicable,0,None,88,Not Applicable,88,Not Applicable,2,Intersection,2,Four-Way Intersection,1,No,1,No,88,Not Applicable,88,Not Applicable,88,Not Applicable,88,Not Applicable,FALSE,1,Public Road,1,"Trafficway, On Road",CT0009300,New Haven PD,91,06:34.0,C,Closed,00:07.0,,,,,,,
899166,1,Complete,899166,899166,41.319365,-72.898702,3401261,New Haven,93,93,New Haven,1/26/2022,2022,1,January,26,4,Wednesday,8:23:00,8,22002478,A,"Injury of any type (Serious, Minor, Possible)",C,Possible Injury (C),2,0,0,2,USRoute,0.37,5,5-N,5-N,FERRY ST,,,,,41.319365,-72.898702,14,Motor Vehicle in Operation,4,"Sideswipe, same direction",2,Shoulder,1,Clear,88,Not Applicable,1,Daylight,1,Dry,0,None,88,Not Applicable,88,Not Applicable,0,None,88,Not Applicable,88,Not Applicable,2,Intersection,2,Four-Way Intersection,2,"Yes, School Bus Directly Involved",1,No,88,Not Applicable,88,Not Applicable,88,Not Applicable,88,Not Applicable,TRUE,1,Public Road,1,"Trafficway, On Road",CT0009300,New Haven PD,182,41:01.0,C,Closed,00:08.0,,1,19200,4,MINOR ARTERIAL - NEW HPMS,1,Rural
899169,1,Complete,899169,899169,41.297344,-72.891245,3401264,New Haven,93,93,New Haven,1/26/2022,2022,1,January,26,4,Wednesday,16:36:00,16,22002706,A,"Injury of any type (Serious, Minor, Possible)",B,Suspected Minor Injury (B),1,1,0,4,Local,0.3,498,QUINNIPIAC AV,QUINNIPIAC AV,FULTON ST,,,,,41.297344,-72.891245,9,Pedestrian,88,Not Applicable,1,On Roadway,1,Clear,88,Not Applicable,2,Dawn,1,Dry,0,None,88,Not Applicable,88,Not Applicable,0,None,88,Not Applicable,88,Not Applicable,2,Intersection,4,Y-Intersection,1,No,1,No,88,Not Applicable,88,Not Applicable,88,Not Applicable,88,Not Applicable,FALSE,1,Public Road,1,"Trafficway, On Road",CT0009300,New Haven PD,42057,46:11.0,C,Closed,00:11.0,,2,6400,4,MINOR ARTERIAL - NEW HPMS,2,Urban
899171,1,Complete,899171,899171,41.31001,-72.95336,3401266,New Haven,93,93,New Haven,1/26/2022,2022,1,January,26,4,Wednesday,17:21:00,17,22002721,A,"Injury of any type (Serious, Minor, Possible)",C,Possible Injury (C),2,0,0,3,State,2.37,10,10-N,10-N,,DERBY AVENUE,20,Feet,S,41.31001,-72.95336,14,Motor Vehicle in Operation,1,Front to rear,1,On Roadway,1,Clear,88,Not Applicable,1,Daylight,1,Dry,0,None,88,Not Applicable,88,Not Applicable,0,None,88,Not Applicable,88,Not Applicable,3,Intersection-Related,2,Four-Way Intersection,1,No,1,No,88,Not Applicable,88,Not Applicable,88,Not Applicable,88,Not Applicable,TRUE,1,Public Road,1,"Trafficway, On Road",CT0009300,New Haven PD,261,30:28.0,C,Closed,00:10.0,,2,33300,3,PRINCIPAL ARTERIAL - OTHER - NEW HPMS,2,Urban
899429,1,Complete,899429,899429,41.298044,-72.949185,3401524,New Haven,93,93,New Haven,1/27/2022,2022,1,January,27,5,Thursday,11:27:00,11,22002787,A,"Injury of any type (Serious, Minor, Possible)",C,Possible Injury (C),2,0,0,3,State,1.51,10,10-N,10-N,,COLUMBUS AVE,200,Feet,N,41.298044,-72.949185,14,Motor Vehicle in Operation,1,Front to rear,1,On Roadway,1,Clear,88,Not Applicable,1,Daylight,1,Dry,0,None,88,Not Applicable,88,Not Applicable,0,None,88,Not Applicable,88,Not Applicable,1,Non-Junction,1,Not at Intersection,1,No,1,No,88,Not Applicable,88,Not Applicable,88,Not Applicable,88,Not Applicable,FALSE,1,Public Road,1,"Trafficway, On Road",CT0009300,New Haven PD,137,52:24.0,C,Closed,00:55.0,,2,20800,3,PRINCIPAL ARTERIAL - OTHER - NEW HPMS,2,Urban
899433,1,Complete,899433,899433,41.316821,-72.933341,3401528,New Haven,93,93,New Haven,1/27/2022,2022,1,January,27,5,Thursday,16:53:00,16,22002825,A,"Injury of any type (Serious, Minor, Possible)",B,Suspected Minor Injury (B),2,0,0,4,Local,0.28,152,DIXWELL AV,DIXWELL AV,WEBSTER ST,,,,,41.316821,-72.933341,14,Motor Vehicle in Operation,3,Angle,1,On Roadway,1,Clear,88,Not Applicable,1,Daylight,1,Dry,0,None,88,Not Applicable,88,Not Applicable,0,None,88,Not Applicable,88,Not Applicable,2,Intersection,2,Four-Way Intersection,1,No,1,No,88,Not Applicable,88,Not Applicable,88,Not Applicable,88,Not Applicable,FALSE,1,Public Road,1,"Trafficway, On Road",CT0009300,New Haven PD,125,13:06.0,C,Closed,00:59.0,,,,,,,
899435,1,Complete,899435,899435,41.32084,-72.93438,3401530,New Haven,93,93,New Haven,1/27/2022,2022,1,January,27,5,Thursday,21:09:00,21,22002855,A,"Injury of any type (Serious, Minor, Possible)",C,Possible Injury (C),2,0,0,4,Local,0.56,152,DIXWELL AV,DIXWELL AV,HENRY ST,,,,,41.32084,-72.93438,14,Motor Vehicle in Operation,1,Front to rear,1,On Roadway,1,Clear,88,Not Applicable,4,Dark-Lighted,1,Dry,0,None,88,Not Applicable,88,Not Applicable,0,None,88,Not Applicable,88,Not Applicable,2,Intersection,2,Four-Way Intersection,1,No,1,No,88,Not Applicable,88,Not Applicable,88,Not Applicable,88,Not Applicable,FALSE,1,Public Road,1,"Trafficway, On Road",CT0009300,New Haven PD,42052,38:15.0,C,Closed,01:00.0,,,,,,,
899812,1,Complete,899812,899812,41.316386,-72.904697,3401907,New Haven,93,93,New Haven,1/27/2022,2022,1,January,27,5,Thursday,22:54:00,22,22002862,A,"Injury of any type (Serious, Minor, Possible)",A,Suspected Serious Injury (A),1,1,1,4,Local,0.02,575,STATE ST,STATE ST,,JAMES STREET,100,Feet,W,41.316386,-72.904697,9,Pedestrian,88,Not Applicable,1,On Roadway,1,Clear,88,Not Applicable,4,Dark-Lighted,1,Dry,0,None,88,Not Applicable,88,Not Applicable,0,None,88,Not Applicable,88,Not Applicable,1,Non-Junction,1,Not at Intersection,1,No,1,No,88,Not Applicable,88,Not Applicable,88,Not Applicable,88,Not Applicable,FALSE,1,Public Road,1,"Trafficway, On Road",CT0009300,New Haven PD,42052,52:50.0,C,Closed,02:01.0,,4,10200,4,MINOR ARTERIAL - NEW HPMS,2,Urban
899813,1,Complete,899813,899813,41.264934,-72.896691,3401908,New Haven,93,93,New Haven,1/28/2022,2022,1,January,28,6,Friday,1:30:00,1,22002872,A,"Injury of any type (Serious, Minor, Possible)",B,Suspected Minor Injury (B),1,0,0,3,State,1.74,337,337-E,337-E,,MYRON ST,213,Feet,S,41.264934,-72.896691,38,"Other Post, Pole or Support",88,Not Applicable,4,Roadside,1,Clear,88,Not Applicable,5,Dark-Not Lighted,1,Dry,0,None,88,Not Applicable,88,Not Applicable,0,None,88,Not Applicable,88,Not Applicable,1,Non-Junction,1,Not at Intersection,1,No,1,No,88,Not Applicable,88,Not Applicable,88,Not Applicable,88,Not Applicable,FALSE,1,Public Road,1,"Trafficway, On Road",CT0009300,New Haven PD,42043,27:35.0,C,Closed,01:50.0,,2,5400,4,MINOR ARTERIAL - NEW HPMS,2,Urban
899814,1,Complete,899814,899814,41.323774,-72.885539,3401909,New Haven,93,93,New Haven,1/28/2022,2022,1,January,28,6,Friday,9:34:00,9,22002890,A,"Injury of any type (Serious, Minor, Possible)",C,Possible Injury (C),2,0,0,4,Local,0,411,MIDDLETOWN AV,MIDDLETOWN AV,DUMP RD,,,,,41.323774,-72.885539,14,Motor Vehicle in Operation,1,Front to rear,1,On Roadway,1,Clear,88,Not Applicable,1,Daylight,1,Dry,0,None,88,Not Applicable,88,Not Applicable,0,None,88,Not Applicable,88,Not Applicable,2,Intersection,5,L-Intersection,2,"Yes, School Bus Directly Involved",1,No,88,Not Applicable,88,Not Applicable,88,Not Applicable,88,Not Applicable,FALSE,1,Public Road,1,"Trafficway, On Road",CT0009300,New Haven PD,351,12:28.0,C,Closed,01:50.0,,,,,,,
899816,1,Complete,899816,899816,41.306942,-72.894995,3401911,New Haven,93,93,New Haven,1/28/2022,2022,1,January,28,6,Friday,11:09:00,11,22002894,A,"Injury of any type (Serious, Minor, Possible)",C,Possible Injury (C),3,0,0,4,Local,0.9,213,FERRY ST,FERRY ST,PIERPONT ST,,,,,41.306942,-72.894995,14,Motor Vehicle in Operation,1,Front to rear,1,On Roadway,1,Clear,88,Not Applicable,1,Daylight,1,Dry,0,None,88,Not Applicable,88,Not Applicable,0,None,88,Not Applicable,88,Not Applicable,3,Intersection-Related,3,T-Intersection,1,No,1,No,88,Not Applicable,88,Not Applicable,88,Not Applicable,88,Not Applicable,TRUE,1,Public Road,1,"Trafficway, On Road",CT0009300,New Haven PD,980,37:02.0,C,Closed,01:52.0,,,,,,,
899818,1,Complete,899818,899818,41.308345,-72.929989,3401913,New Haven,93,93,New Haven,1/28/2022,2022,1,January,28,6,Friday,13:00:00,13,22002899,A,"Injury of any type (Serious, Minor, Possible)",C,Possible Injury (C),1,0,0,4,Local,0.2,291,HIGH ST,HIGH ST,,,,,,41.308345,-72.929989,33,Utility Pole/Light Support,88,Not Applicable,1,On Roadway,2,Cloudy,88,Not Applicable,1,Daylight,1,Dry,0,None,88,Not Applicable,88,Not Applicable,0,None,88,Not Applicable,88,Not Applicable,2,Intersection,3,T-Intersection,1,No,1,No,88,Not Applicable,88,Not Applicable,88,Not Applicable,88,Not Applicable,FALSE,1,Public Road,2,"Trafficway, Not on Road",CT0009300,New Haven PD,465,49:07.0,C,Closed,01:58.0,,2,7700,4,MINOR ARTERIAL - NEW HPMS,2,Urban
900383,1,Complete,900383,900383,41.327202,-72.968132,3402478,New Haven,93,93,New Haven,1/30/2022,2022,1,January,30,1,Sunday,21:41:00,21,22003056,A,"Injury of any type (Serious, Minor, Possible)",C,Possible Injury (C),3,0,0,3,State,3.37,122,122-N,122-N,243-W,,,,,41.327202,-72.968132,14,Motor Vehicle in Operation,1,Front to rear,1,On Roadway,1,Clear,88,Not Applicable,4,Dark-Lighted,5,Ice / Frost,0,None,88,Not Applicable,88,Not Applicable,0,None,88,Not Applicable,88,Not Applicable,2,Intersection,2,Four-Way Intersection,1,No,1,No,88,Not Applicable,88,Not Applicable,88,Not Applicable,88,Not Applicable,FALSE,1,Public Road,1,"Trafficway, On Road",CT0009300,New Haven PD,40803,15:22.0,C,Closed,01:55.0,,1,11600,4,MINOR ARTERIAL - NEW HPMS,1,Rural
900387,1,Complete,900387,900387,41.32135,-72.94353,3402482,New Haven,93,93,New Haven,1/31/2022,2022,1,January,31,2,Monday,8:03:00,8,22003076,A,"Injury of any type (Serious, Minor, Possible)",B,Suspected Minor Injury (B),1,1,0,4,Local,0.42,258,GOFFE TER,GOFFE TER,,NORTON ST,80,Feet,E,41.32135,-72.94353,9,Pedestrian,88,Not Applicable,1,On Roadway,1,Clear,1,Clear,1,Daylight,1,Dry,0,None,88,Not Applicable,88,Not Applicable,0,None,88,Not Applicable,88,Not Applicable,11,Through Roadway,1,Not at Intersection,1,No,1,No,88,Not Applicable,88,Not Applicable,88,Not Applicable,88,Not Applicable,FALSE,1,Public Road,1,"Trafficway, On Road",CT0009300,New Haven PD,40793,47:42.0,C,Closed,01:51.0,22003076,2,6700,4,MINOR ARTERIAL - NEW HPMS,2,Urban