CrashId,Fatal Case Status,Fatal Case Status Text Format,CrashId,CrashId,Latitude,Longitude,DOT Case Number,Town Name,Town Number,Town Number,Town Number Text Format,Date Of Crash,Year,Month,Month Text Format,Day,Day of the Week,Day of the Week Text Format,Time of Crash,Hour of the Day,Case Identifier,Crash Severity,Crash Severity Text Format,Most Severe Injury,Most Severe Injury Text Format,Number Of Motor Vehicles,Number Of Non-Motorist,Number Of Witnesses,Route Class,Route Class Text Format,Milemarker,Road Number,Road Description,Roadway Name,Intersecting Roadway Name,Landmark Description,Distance From Nearest Landmark,Unit Of Measure From Nearest Landmark,Direction From Nearest Landmark,Latitude,Longitude,First Harmful Event,First Harmful Event Text Format,Manner of Crash / Collision Impact,Manner of Crash / Collision Impact Text Format,Location of First Harmful Event,Location of First Harmful Event Text Format,Weather Condition,Weather Condition Text Format,Weather 2,Weather 2 Text Format,Light Condition,Light Condition Text Format,Road Surface Condition,Road Surface Condition Text Format,"Contributing Circumstances, Environment","Contributing Circumstances, Environment Text Format",Environment 2,Environment 2 Text Format,Environment 3,Environment 3 Text Format,"Contributing Circumstances, Road","Contributing Circumstances, Road Text Format",Road 2,Road 2 Text Format,Road 3,Road 3 Text Format,Crash Specific Location,Crash Specific Location Text Format,Type of Intersection,Type of Intersection Text Format,School Bus Related,School Bus Related Text Format,Work Zone Related,Work Zone Related Text Format,Location Of Crash Relative To Work Zone,Location Of Crash Relative To Work Zone Text Format,Type of Work Zone,Type of Work Zone Text Format,Worker Presence,Worker Presence Text Format,Law Enforcement Presence,Law Enforcement Presence Text Format,Were Vehicles Moved Prior To Police Arrival,Trafficway Ownership,Trafficway Ownership Text Format,Trafficway Class,Trafficway Class Text Format,Police Agency,Police Agency Text Format,Badge Number,Approval Date,Police Case Status,Police Case Status Text Format,Crash Report Submission Date,Related Case Identifiers,No. of Through Lanes (Log Dir.),Average Daily Traffic,Functional Classification,Functional Classification Text Format,Rural or Urban,Rural or Urban Text Format
900391,1,Complete,900391,900391,41.332875,-72.949202,3402486,New Haven,93,93,New Haven,1/31/2022,2022,1,January,31,2,Monday,10:30:00,10,22003100,A,"Injury of any type (Serious, Minor, Possible)",C,Possible Injury (C),2,0,0,3,State,4.31,10,10-S,10-S,WINTERGREEN AV,,,,,41.332875,-72.949202,14,Motor Vehicle in Operation,1,Front to rear,1,On Roadway,1,Clear,88,Not Applicable,1,Daylight,4,Slush,0,None,88,Not Applicable,88,Not Applicable,5,"Road Surface Condition (wet, icy, snow, slush, etc.)",88,Not Applicable,88,Not Applicable,2,Intersection,3,T-Intersection,1,No,1,No,88,Not Applicable,88,Not Applicable,88,Not Applicable,88,Not Applicable,FALSE,1,Public Road,1,"Trafficway, On Road",CT0009300,New Haven PD,66,54:18.0,C,Closed,01:53.0,,2,10700,4,MINOR ARTERIAL - NEW HPMS,2,Urban
900397,1,Complete,900397,900397,41.327703,-72.926908,3402492,New Haven,93,93,New Haven,1/31/2022,2022,1,January,31,2,Monday,18:48:00,18,22003154,A,"Injury of any type (Serious, Minor, Possible)",C,Possible Injury (C),2,0,0,4,Local,0.84,669,WINCHESTER AV,WINCHESTER AV,,HAZEL ST,50,Feet,S,41.327703,-72.926908,14,Motor Vehicle in Operation,1,Front to rear,1,On Roadway,1,Clear,88,Not Applicable,4,Dark-Lighted,4,Slush,0,None,88,Not Applicable,88,Not Applicable,0,None,88,Not Applicable,88,Not Applicable,1,Non-Junction,1,Not at Intersection,1,No,1,No,88,Not Applicable,88,Not Applicable,88,Not Applicable,88,Not Applicable,TRUE,1,Public Road,1,"Trafficway, On Road",CT0009300,New Haven PD,30,45:09.0,O,Open,01:57.0,NONE,,,,,,
900399,1,Complete,900399,900399,41.313085,-72.932449,3402494,New Haven,93,93,New Haven,1/31/2022,2022,1,January,31,2,Monday,21:52:00,21,22003180,A,"Injury of any type (Serious, Minor, Possible)",B,Suspected Minor Injury (B),1,0,0,4,Local,0.69,257,GOFFE ST,GOFFE ST,TOWER PKY,,,,,41.313085,-72.932449,30,Concrete Traffic Barrier,88,Not Applicable,1,On Roadway,1,Clear,88,Not Applicable,4,Dark-Lighted,3,Snow,1,Weather Conditions,88,Not Applicable,88,Not Applicable,5,"Road Surface Condition (wet, icy, snow, slush, etc.)",88,Not Applicable,88,Not Applicable,2,Intersection,6,Traffic Circle,1,No,1,No,88,Not Applicable,88,Not Applicable,88,Not Applicable,88,Not Applicable,FALSE,1,Public Road,1,"Trafficway, On Road",CT0009300,New Haven PD,114,24:07.0,C,Closed,01:56.0,,2,9600,3,PRINCIPAL ARTERIAL - OTHER - NEW HPMS,2,Urban
902716,1,Complete,902716,902716,41.295625,-72.916781,3402845,New Haven,93,93,New Haven,1/26/2022,2022,1,January,26,4,Wednesday,11:17:00,11,22002512,A,"Injury of any type (Serious, Minor, Possible)",C,Possible Injury (C),2,0,0,4,Local,0.81,513,LONG WHARF DR,LONG WHARF DR,CANAL DOCK RD,,,,,41.295625,-72.916781,14,Motor Vehicle in Operation,4,"Sideswipe, same direction",1,On Roadway,1,Clear,88,Not Applicable,1,Daylight,1,Dry,0,None,88,Not Applicable,88,Not Applicable,0,None,88,Not Applicable,88,Not Applicable,2,Intersection,3,T-Intersection,1,No,1,No,88,Not Applicable,88,Not Applicable,88,Not Applicable,88,Not Applicable,TRUE,1,Public Road,1,"Trafficway, On Road",CT0009300,New Haven PD,295,46:36.0,C,Closed,01:07.0,,,,,,,
902717,1,Complete,902717,902717,41.31883841,-72.8995869,3402846,New Haven,93,93,New Haven,1/26/2022,2022,1,January,26,4,Wednesday,19:18:00,19,22002727,A,"Injury of any type (Serious, Minor, Possible)",B,Suspected Minor Injury (B),1,1,1,2,USRoute,0.3,5,5-N,5-N,WARREN PLACE,,,,,41.31883841,-72.8995869,9,Pedestrian,88,Not Applicable,1,On Roadway,1,Clear,88,Not Applicable,4,Dark-Lighted,2,Wet,99,Unknown,88,Not Applicable,88,Not Applicable,0,None,88,Not Applicable,88,Not Applicable,2,Intersection,4,Y-Intersection,1,No,1,No,88,Not Applicable,88,Not Applicable,88,Not Applicable,88,Not Applicable,TRUE,1,Public Road,1,"Trafficway, On Road",CT0009300,New Haven PD,40801,08:13.0,C,Closed,01:12.0,,2,19300,4,MINOR ARTERIAL - NEW HPMS,2,Urban
902723,1,Complete,902723,902723,41.326688,-72.963552,3402852,New Haven,93,93,New Haven,1/31/2022,2022,1,January,31,2,Monday,15:01:00,15,22003133,A,"Injury of any type (Serious, Minor, Possible)",C,Possible Injury (C),2,0,0,3,State,6.45,243,243-E,243-E,243-W,,,,,41.326688,-72.963552,14,Motor Vehicle in Operation,3,Angle,1,On Roadway,1,Clear,88,Not Applicable,1,Daylight,1,Dry,0,None,88,Not Applicable,88,Not Applicable,0,None,88,Not Applicable,88,Not Applicable,2,Intersection,3,T-Intersection,1,No,1,No,88,Not Applicable,88,Not Applicable,88,Not Applicable,88,Not Applicable,FALSE,1,Public Road,1,"Trafficway, On Road",CT0009300,New Haven PD,74,37:48.0,C,Closed,01:09.0,,1,10500,4,MINOR ARTERIAL - NEW HPMS,1,Rural
903059,1,Complete,903059,903059,41.312438,-72.880208,3403188,New Haven,93,93,New Haven,1/20/2022,2022,1,January,20,5,Thursday,15:40:00,15,22001843,A,"Injury of any type (Serious, Minor, Possible)",C,Possible Injury (C),2,0,0,4,Local,1.56,498,QUINNIPIAC AV,QUINNIPIAC AV,,HEMINGWAY ST,300,Feet,S,41.312438,-72.880208,14,Motor Vehicle in Operation,6,Rear to side,1,On Roadway,1,Clear,88,Not Applicable,1,Daylight,1,Dry,0,None,88,Not Applicable,88,Not Applicable,0,None,88,Not Applicable,88,Not Applicable,1,Non-Junction,1,Not at Intersection,1,No,1,No,88,Not Applicable,88,Not Applicable,88,Not Applicable,88,Not Applicable,FALSE,1,Public Road,1,"Trafficway, On Road",CT0009300,New Haven PD,279,28:33.0,C,Closed,00:12.0,,,,,,,
903065,1,Complete,903065,903065,41.329553,-72.941467,3403194,New Haven,93,93,New Haven,2/2/2022,2022,2,February,2,4,Wednesday,12:57:00,12,22003336,A,"Injury of any type (Serious, Minor, Possible)",C,Possible Injury (C),1,0,0,4,Local,0.31,230,FOURNIER ST NO 1,FOURNIER ST NO 1,,CRESCENT ST,300,Feet,N,41.329553,-72.941467,32,Tree (standing),88,Not Applicable,1,On Roadway,1,Clear,88,Not Applicable,1,Daylight,1,Dry,0,None,88,Not Applicable,88,Not Applicable,0,None,88,Not Applicable,88,Not Applicable,1,Non-Junction,1,Not at Intersection,1,No,1,No,88,Not Applicable,88,Not Applicable,88,Not Applicable,88,Not Applicable,FALSE,1,Public Road,1,"Trafficway, On Road",CT0009300,New Haven PD,326,51:29.0,C,Closed,00:18.0,,2,6600,5,MAJOR COLLECTOR - NEW HPMS,2,Urban
903074,1,Complete,903074,903074,41.32073493,-72.9083272,3403203,New Haven,93,93,New Haven,2/2/2022,2022,2,February,2,4,Wednesday,18:12:00,18,22003374,A,"Injury of any type (Serious, Minor, Possible)",C,Possible Injury (C),1,1,0,4,Local,0.42,666,WILLOW ST,WILLOW ST,NICOLL ST,,,,,41.32073493,-72.9083272,9,Pedestrian,88,Not Applicable,1,On Roadway,1,Clear,88,Not Applicable,4,Dark-Lighted,2,Wet,3,Glare,88,Not Applicable,88,Not Applicable,0,None,88,Not Applicable,88,Not Applicable,2,Intersection,2,Four-Way Intersection,1,No,1,No,88,Not Applicable,88,Not Applicable,88,Not Applicable,88,Not Applicable,FALSE,1,Public Road,1,"Trafficway, On Road",CT0009300,New Haven PD,40801,36:54.0,C,Closed,00:17.0,,2,6500,4,MINOR ARTERIAL - NEW HPMS,2,Urban
903426,1,Complete,903426,903426,41.3062783,-72.9033781,3403555,New Haven,93,93,New Haven,2/3/2022,2022,2,February,3,5,Thursday,8:54:00,8,22003424,A,"Injury of any type (Serious, Minor, Possible)",C,Possible Injury (C),2,0,0,,,,,,JAMES ST,,,,,,41.3062783,-72.9033781,14,Motor Vehicle in Operation,1,Front to rear,7,In Parking Lane or Zone,4,Rain,88,Not Applicable,1,Daylight,2,Wet,0,None,88,Not Applicable,88,Not Applicable,0,None,88,Not Applicable,88,Not Applicable,1,Non-Junction,1,Not at Intersection,1,No,1,No,88,Not Applicable,88,Not Applicable,88,Not Applicable,88,Not Applicable,TRUE,2,Private Road,4,Parking Lot,CT0009300,New Haven PD,40812,03:46.0,C,Closed,01:28.0,,,,,,,
903428,1,Complete,903428,903428,41.298804,-72.944164,3403557,New Haven,93,93,New Haven,2/3/2022,2022,2,February,3,5,Thursday,11:59:00,11,22003436,A,"Injury of any type (Serious, Minor, Possible)",C,Possible Injury (C),2,0,0,4,Local,0.2,123,CONGRESS AV,CONGRESS AV,DOWNES ST,,,,,41.298804,-72.944164,14,Motor Vehicle in Operation,3,Angle,1,On Roadway,4,Rain,88,Not Applicable,1,Daylight,2,Wet,0,None,88,Not Applicable,88,Not Applicable,0,None,88,Not Applicable,88,Not Applicable,2,Intersection,3,T-Intersection,1,No,1,No,88,Not Applicable,88,Not Applicable,88,Not Applicable,88,Not Applicable,FALSE,1,Public Road,1,"Trafficway, On Road",CT0009300,New Haven PD,137,23:26.0,C,Closed,01:29.0,,,,,,,
903430,1,Complete,903430,903430,41.314595,-72.958985,3403559,New Haven,93,93,New Haven,2/3/2022,2022,2,February,3,5,Thursday,13:15:00,13,22003443,A,"Injury of any type (Serious, Minor, Possible)",C,Possible Injury (C),2,0,0,4,Local,3.61,97,CHAPEL ST,CHAPEL ST,YALE AV,,,,,41.314595,-72.958985,14,Motor Vehicle in Operation,3,Angle,1,On Roadway,4,Rain,88,Not Applicable,1,Daylight,2,Wet,0,None,88,Not Applicable,88,Not Applicable,0,None,88,Not Applicable,88,Not Applicable,2,Intersection,2,Four-Way Intersection,1,No,1,No,88,Not Applicable,88,Not Applicable,88,Not Applicable,88,Not Applicable,TRUE,1,Public Road,1,"Trafficway, On Road",CT0009300,New Haven PD,313,05:18.0,C,Closed,01:31.0,,,,,,,
903431,1,Complete,903431,903431,41.319387,-72.898658,3403560,New Haven,93,93,New Haven,2/3/2022,2022,2,February,3,5,Thursday,15:43:00,15,22003469,A,"Injury of any type (Serious, Minor, Possible)",C,Possible Injury (C),2,0,0,4,Local,0,213,FERRY ST,FERRY ST,5-N,,,,,41.319387,-72.898658,14,Motor Vehicle in Operation,1,Front to rear,1,On Roadway,1,Clear,88,Not Applicable,1,Daylight,2,Wet,0,None,88,Not Applicable,88,Not Applicable,0,None,88,Not Applicable,88,Not Applicable,2,Intersection,3,T-Intersection,1,No,1,No,88,Not Applicable,88,Not Applicable,88,Not Applicable,88,Not Applicable,FALSE,1,Public Road,1,"Trafficway, On Road",CT0009300,New Haven PD,42052,41:33.0,C,Closed,01:32.0,,,,,,,
903867,1,Complete,903867,903867,41.293547,-72.897734,3403996,New Haven,93,93,New Haven,1/31/2022,2022,1,January,31,2,Monday,8:30:00,8,22003077,A,"Injury of any type (Serious, Minor, Possible)",C,Possible Injury (C),2,0,0,2,USRoute,49.82,1,1-N,1-N,FULTON TER,,,,,41.293547,-72.897734,14,Motor Vehicle in Operation,3,Angle,1,On Roadway,1,Clear,88,Not Applicable,1,Daylight,8,"Mud, Dirt, Gravel",3,Glare,88,Not Applicable,88,Not Applicable,0,None,88,Not Applicable,88,Not Applicable,2,Intersection,2,Four-Way Intersection,1,No,1,No,88,Not Applicable,88,Not Applicable,88,Not Applicable,88,Not Applicable,FALSE,1,Public Road,1,"Trafficway, On Road",CT0009300,New Haven PD,322,09:38.0,C,Closed,00:28.0,,2,9400,3,PRINCIPAL ARTERIAL - OTHER - NEW HPMS,2,Urban
903871,1,Complete,903871,903871,41.290856,-72.941451,3404000,New Haven,93,93,New Haven,2/1/2022,2022,2,February,1,3,Tuesday,10:00:00,10,22003213,A,"Injury of any type (Serious, Minor, Possible)",C,Possible Injury (C),2,0,0,3,State,0.88,10,10-N,10-N,WASHINGTON AV NO 1,,,,,41.290856,-72.941451,14,Motor Vehicle in Operation,3,Angle,1,On Roadway,1,Clear,88,Not Applicable,1,Daylight,1,Dry,0,None,88,Not Applicable,88,Not Applicable,0,None,88,Not Applicable,0,None,2,Intersection,2,Four-Way Intersection,1,No,1,No,88,Not Applicable,88,Not Applicable,88,Not Applicable,88,Not Applicable,TRUE,1,Public Road,1,"Trafficway, On Road",CT0009300,New Haven PD,295,54:12.0,C,Closed,00:20.0,,2,18000,3,PRINCIPAL ARTERIAL - OTHER - NEW HPMS,2,Urban
903872,1,Complete,903872,903872,41.296988,-72.94836,3404001,New Haven,93,93,New Haven,2/1/2022,2022,2,February,1,3,Tuesday,22:39:00,22,22003288,A,"Injury of any type (Serious, Minor, Possible)",B,Suspected Minor Injury (B),2,0,0,3,State,1.43,10,10-N,10-N,,COLUMBUS AVE,200,Feet,S,41.296988,-72.94836,14,Motor Vehicle in Operation,2,Front to front,1,On Roadway,1,Clear,88,Not Applicable,4,Dark-Lighted,1,Dry,0,None,88,Not Applicable,88,Not Applicable,0,None,88,Not Applicable,88,Not Applicable,3,Intersection-Related,2,Four-Way Intersection,1,No,1,No,88,Not Applicable,88,Not Applicable,88,Not Applicable,88,Not Applicable,FALSE,1,Public Road,1,"Trafficway, On Road",CT0009300,New Haven PD,42366,48:00.0,C,Closed,00:31.0,,2,20300,3,PRINCIPAL ARTERIAL - OTHER - NEW HPMS,2,Urban
903873,1,Complete,903873,903873,41.306961,-72.926725,3404002,New Haven,93,93,New Haven,2/2/2022,2022,2,February,2,4,Wednesday,15:41:00,15,22003353,A,"Injury of any type (Serious, Minor, Possible)",C,Possible Injury (C),1,1,1,4,Local,0.54,588,TEMPLE ST,TEMPLE ST,,CHAPEL ST,125,Feet,N,41.306961,-72.926725,9,Pedestrian,88,Not Applicable,1,On Roadway,2,Cloudy,88,Not Applicable,1,Daylight,2,Wet,0,None,88,Not Applicable,88,Not Applicable,0,None,88,Not Applicable,88,Not Applicable,1,Non-Junction,1,Not at Intersection,1,No,1,No,88,Not Applicable,88,Not Applicable,88,Not Applicable,88,Not Applicable,TRUE,1,Public Road,1,"Trafficway, On Road",CT0009300,New Haven PD,97,12:31.0,C,Closed,00:22.0,,1,5200,3,PRINCIPAL ARTERIAL - OTHER - NEW HPMS,2,Urban
903879,1,Complete,903879,903879,41.314399,-72.935712,3404008,New Haven,93,93,New Haven,2/3/2022,2022,2,February,3,5,Thursday,18:24:00,18,22003491,A,"Injury of any type (Serious, Minor, Possible)",B,Suspected Minor Injury (B),1,2,0,4,Local,0.76,653,WHALLEY AV,WHALLEY AV,SPERRY ST,,,,,41.314399,-72.935712,9,Pedestrian,88,Not Applicable,1,On Roadway,4,Rain,88,Not Applicable,4,Dark-Lighted,2,Wet,0,None,88,Not Applicable,88,Not Applicable,0,None,88,Not Applicable,88,Not Applicable,2,Intersection,3,T-Intersection,1,No,1,No,88,Not Applicable,88,Not Applicable,88,Not Applicable,88,Not Applicable,FALSE,1,Public Road,1,"Trafficway, On Road",CT0009300,New Haven PD,40812,16:23.0,C,Closed,00:29.0,,4,21100,3,PRINCIPAL ARTERIAL - OTHER - NEW HPMS,2,Urban
903882,1,Complete,903882,903882,41.320948,-72.936033,3404011,New Haven,93,93,New Haven,2/3/2022,2022,2,February,3,5,Thursday,18:41:00,18,22003494,A,"Injury of any type (Serious, Minor, Possible)",B,Suspected Minor Injury (B),1,1,2,4,Local,1.42,453,ORCHARD ST,ORCHARD ST,HENRY ST,,,,,41.320948,-72.936033,9,Pedestrian,88,Not Applicable,1,On Roadway,4,Rain,88,Not Applicable,4,Dark-Lighted,2,Wet,99,Unknown,88,Not Applicable,88,Not Applicable,99,Unknown,88,Not Applicable,88,Not Applicable,2,Intersection,2,Four-Way Intersection,1,No,1,No,88,Not Applicable,88,Not Applicable,88,Not Applicable,88,Not Applicable,TRUE,1,Public Road,1,"Trafficway, On Road",CT0009300,New Haven PD,42042,21:36.0,C,Closed,00:28.0,,2,4200,4,MINOR ARTERIAL - NEW HPMS,2,Urban
903887,1,Complete,903887,903887,41.300332,-72.890152,3404016,New Haven,93,93,New Haven,2/4/2022,2022,2,February,4,6,Friday,1:11:00,1,22003522,A,"Injury of any type (Serious, Minor, Possible)",C,Possible Injury (C),1,0,0,4,Local,0.54,498,QUINNIPIAC AV,QUINNIPIAC AV,,E FERRY ST,20,Feet,N,41.300332,-72.890152,31,Other Traffic Barrier,88,Not Applicable,1,On Roadway,4,Rain,88,Not Applicable,4,Dark-Lighted,2,Wet,99,Unknown,88,Not Applicable,88,Not Applicable,99,Unknown,88,Not Applicable,88,Not Applicable,1,Non-Junction,1,Not at Intersection,1,No,1,No,88,Not Applicable,88,Not Applicable,88,Not Applicable,88,Not Applicable,FALSE,1,Public Road,1,"Trafficway, On Road",CT0009300,New Haven PD,40792,48:49.0,C,Closed,00:22.0,,2,6400,4,MINOR ARTERIAL - NEW HPMS,2,Urban
903892,1,Complete,903892,903892,41.314871,-72.94935,3404021,New Haven,93,93,New Haven,2/4/2022,2022,2,February,4,6,Friday,16:20:00,16,22003572,A,"Injury of any type (Serious, Minor, Possible)",C,Possible Injury (C),2,0,0,4,Local,1.15,179,EDGEWOOD AV,EDGEWOOD AV,ELLSWORTH AV,,,,,41.314871,-72.94935,14,Motor Vehicle in Operation,97,Other,1,On Roadway,4,Rain,88,Not Applicable,1,Daylight,2,Wet,0,None,88,Not Applicable,88,Not Applicable,0,None,88,Not Applicable,88,Not Applicable,2,Intersection,2,Four-Way Intersection,1,No,1,No,88,Not Applicable,88,Not Applicable,88,Not Applicable,88,Not Applicable,FALSE,1,Public Road,1,"Trafficway, On Road",CT0009300,New Haven PD,40951,21:09.0,C,Closed,00:30.0,,,,,,,
903893,1,Complete,903893,903893,41.305877,-72.93352,3404022,New Haven,93,93,New Haven,2/4/2022,2022,2,February,4,6,Friday,14:22:00,14,22003575,A,"Injury of any type (Serious, Minor, Possible)",C,Possible Injury (C),2,0,0,4,Local,0.24,766,YORK ST,YORK ST,,N FRONTAGE RD,20,Feet,S,41.305877,-72.93352,14,Motor Vehicle in Operation,1,Front to rear,1,On Roadway,4,Rain,88,Not Applicable,1,Daylight,2,Wet,0,None,88,Not Applicable,88,Not Applicable,0,None,88,Not Applicable,88,Not Applicable,1,Non-Junction,1,Not at Intersection,1,No,1,No,88,Not Applicable,88,Not Applicable,88,Not Applicable,88,Not Applicable,FALSE,1,Public Road,1,"Trafficway, On Road",CT0009300,New Haven PD,40808,29:02.0,C,Closed,00:46.0,,,,,,,
903894,1,Complete,903894,903894,41.317893,-72.945812,3404023,New Haven,93,93,New Haven,2/4/2022,2022,2,February,4,6,Friday,17:34:00,17,22003582,A,"Injury of any type (Serious, Minor, Possible)",C,Possible Injury (C),3,0,0,4,Local,0.18,653,WHALLEY AV,WHALLEY AV,,WINTHROP AVE,120,Feet,W,41.317893,-72.945812,14,Motor Vehicle in Operation,1,Front to rear,1,On Roadway,4,Rain,88,Not Applicable,4,Dark-Lighted,2,Wet,0,None,88,Not Applicable,88,Not Applicable,0,None,88,Not Applicable,88,Not Applicable,1,Non-Junction,1,Not at Intersection,1,No,1,No,88,Not Applicable,88,Not Applicable,88,Not Applicable,88,Not Applicable,FALSE,1,Public Road,1,"Trafficway, On Road",CT0009300,New Haven PD,40821,05:49.0,C,Closed,00:34.0,,,,,,,
903896,1,Complete,903896,903896,41.30723,-72.895127,3404025,New Haven,93,93,New Haven,2/4/2022,2022,2,February,4,6,Friday,19:02:00,19,22003596,A,"Injury of any type (Serious, Minor, Possible)",C,Possible Injury (C),1,1,0,4,Local,0.87,213,FERRY ST,FERRY ST,,EXCHANGE ST,25,Feet,S,41.30723,-72.895127,9,Pedestrian,88,Not Applicable,1,On Roadway,4,Rain,88,Not Applicable,4,Dark-Lighted,2,Wet,0,None,88,Not Applicable,88,Not Applicable,0,None,88,Not Applicable,88,Not Applicable,11,Through Roadway,1,Not at Intersection,1,No,1,No,88,Not Applicable,88,Not Applicable,88,Not Applicable,88,Not Applicable,FALSE,1,Public Road,1,"Trafficway, On Road",CT0009300,New Haven PD,150,35:30.0,O,Open,00:32.0,,4,13500,4,MINOR ARTERIAL - NEW HPMS,2,Urban
903899,1,Complete,903899,903899,41.30563,-72.936038,3404028,New Haven,93,93,New Haven,2/5/2022,2022,2,February,5,7,Saturday,6:53:00,6,22003624,A,"Injury of any type (Serious, Minor, Possible)",C,Possible Injury (C),2,0,1,4,Local,0.08,565,SOUTH FRONTAGE RD-RT 34,SOUTH FRONTAGE RD-RT 34,PARK ST,,,,,41.30563,-72.936038,14,Motor Vehicle in Operation,3,Angle,1,On Roadway,1,Clear,88,Not Applicable,1,Daylight,1,Dry,0,None,88,Not Applicable,88,Not Applicable,0,None,88,Not Applicable,88,Not Applicable,2,Intersection,2,Four-Way Intersection,1,No,1,No,88,Not Applicable,88,Not Applicable,88,Not Applicable,88,Not Applicable,FALSE,1,Public Road,1,"Trafficway, On Road",CT0009300,New Haven PD,38715,41:09.0,C,Closed,00:43.0,22-003624,,,,,,
903908,1,Complete,903908,903908,41.292558,-72.898638,3404037,New Haven,93,93,New Haven,2/6/2022,2022,2,February,6,1,Sunday,12:18:00,12,22003727,A,"Injury of any type (Serious, Minor, Possible)",C,Possible Injury (C),2,0,0,4,Local,0.08,243,FULTON TER,FULTON TER,KENDALL ST,,,,,41.292558,-72.898638,14,Motor Vehicle in Operation,5,"Sideswipe, opposite direction",1,On Roadway,1,Clear,1,Clear,1,Daylight,1,Dry,0,None,88,Not Applicable,88,Not Applicable,0,None,88,Not Applicable,88,Not Applicable,2,Intersection,2,Four-Way Intersection,1,No,1,No,88,Not Applicable,88,Not Applicable,88,Not Applicable,88,Not Applicable,FALSE,1,Public Road,1,"Trafficway, On Road",CT0009300,New Haven PD,351,24:13.0,C,Closed,00:44.0,,,,,,,
903910,1,Complete,903910,903910,41.300909,-72.892252,3404039,New Haven,93,93,New Haven,2/6/2022,2022,2,February,6,1,Sunday,15:35:00,15,22003736,A,"Injury of any type (Serious, Minor, Possible)",B,Suspected Minor Injury (B),1,0,0,4,Local,0.2,795,EAST FERRY ST,EAST FERRY ST,FAIRMONT AV,,,,,41.300909,-72.892252,33,Utility Pole/Light Support,88,Not Applicable,1,On Roadway,1,Clear,88,Not Applicable,1,Daylight,1,Dry,0,None,88,Not Applicable,88,Not Applicable,0,None,88,Not Applicable,88,Not Applicable,3,Intersection-Related,2,Four-Way Intersection,1,No,1,No,88,Not Applicable,88,Not Applicable,88,Not Applicable,88,Not Applicable,FALSE,1,Public Road,1,"Trafficway, On Road",CT0009300,New Haven PD,409,07:48.0,C,Closed,00:48.0,,2,11400,4,MINOR ARTERIAL - NEW HPMS,2,Urban
903913,1,Complete,903913,903913,41.319344,-72.904843,3404042,New Haven,93,93,New Haven,2/6/2022,2022,2,February,6,1,Sunday,19:30:00,19,22003755,A,"Injury of any type (Serious, Minor, Possible)",C,Possible Injury (C),2,0,0,1,Interstate,0,91,91-S-139,91-S-139,WILLOW ST,,,,,41.319344,-72.904843,14,Motor Vehicle in Operation,3,Angle,1,On Roadway,1,Clear,88,Not Applicable,4,Dark-Lighted,1,Dry,99,Unknown,88,Not Applicable,88,Not Applicable,0,None,88,Not Applicable,88,Not Applicable,2,Intersection,3,T-Intersection,1,No,1,No,88,Not Applicable,88,Not Applicable,88,Not Applicable,88,Not Applicable,FALSE,1,Public Road,1,"Trafficway, On Road",CT0009300,New Haven PD,42042,15:09.0,C,Closed,00:49.0,,2,28800,1,INTERSTATE - NEW HPMS,2,Urban
904514,1,Complete,904514,904514,41.320591,-72.941271,3404643,New Haven,93,93,New Haven,2/5/2022,2022,2,February,5,7,Saturday,12:47:00,12,22003649,A,"Injury of any type (Serious, Minor, Possible)",C,Possible Injury (C),2,0,0,4,Local,0.55,258,GOFFE TER,GOFFE TER,CRESCENT ST,,,,,41.320591,-72.941271,14,Motor Vehicle in Operation,3,Angle,1,On Roadway,1,Clear,88,Not Applicable,1,Daylight,1,Dry,0,None,88,Not Applicable,88,Not Applicable,0,None,88,Not Applicable,88,Not Applicable,2,Intersection,2,Four-Way Intersection,1,No,1,No,88,Not Applicable,88,Not Applicable,88,Not Applicable,88,Not Applicable,FALSE,1,Public Road,1,"Trafficway, On Road",CT0009300,New Haven PD,156,08:11.0,C,Closed,01:29.0,,,,,,,
904515,1,Complete,904515,904515,41.29089,-72.941313,3404644,New Haven,93,93,New Haven,2/5/2022,2022,2,February,5,7,Saturday,19:20:00,19,22003682,A,"Injury of any type (Serious, Minor, Possible)",A,Suspected Serious Injury (A),1,1,1,3,State,0.88,10,10-N,10-N,WASHINGTON AV NO 1,,,,,41.29089,-72.941313,9,Pedestrian,88,Not Applicable,1,On Roadway,1,Clear,88,Not Applicable,5,Dark-Not Lighted,5,Ice / Frost,99,Unknown,88,Not Applicable,88,Not Applicable,9,"Worn, Travel-Polished Surface",88,Not Applicable,88,Not Applicable,2,Intersection,2,Four-Way Intersection,1,No,1,No,88,Not Applicable,88,Not Applicable,88,Not Applicable,88,Not Applicable,FALSE,1,Public Road,1,"Trafficway, On Road",CT0009300,New Haven PD,428,31:17.0,O,Open,01:32.0,,4,20200,3,PRINCIPAL ARTERIAL - OTHER - NEW HPMS,2,Urban