CrashId,Fatal Case Status,Fatal Case Status Text Format,CrashId,CrashId,Latitude,Longitude,DOT Case Number,Town Name,Town Number,Town Number,Town Number Text Format,Date Of Crash,Year,Month,Month Text Format,Day,Day of the Week,Day of the Week Text Format,Time of Crash,Hour of the Day,Case Identifier,Crash Severity,Crash Severity Text Format,Most Severe Injury,Most Severe Injury Text Format,Number Of Motor Vehicles,Number Of Non-Motorist,Number Of Witnesses,Route Class,Route Class Text Format,Milemarker,Road Number,Road Description,Roadway Name,Intersecting Roadway Name,Landmark Description,Distance From Nearest Landmark,Unit Of Measure From Nearest Landmark,Direction From Nearest Landmark,Latitude,Longitude,First Harmful Event,First Harmful Event Text Format,Manner of Crash / Collision Impact,Manner of Crash / Collision Impact Text Format,Location of First Harmful Event,Location of First Harmful Event Text Format,Weather Condition,Weather Condition Text Format,Weather 2,Weather 2 Text Format,Light Condition,Light Condition Text Format,Road Surface Condition,Road Surface Condition Text Format,"Contributing Circumstances, Environment","Contributing Circumstances, Environment Text Format",Environment 2,Environment 2 Text Format,Environment 3,Environment 3 Text Format,"Contributing Circumstances, Road","Contributing Circumstances, Road Text Format",Road 2,Road 2 Text Format,Road 3,Road 3 Text Format,Crash Specific Location,Crash Specific Location Text Format,Type of Intersection,Type of Intersection Text Format,School Bus Related,School Bus Related Text Format,Work Zone Related,Work Zone Related Text Format,Location Of Crash Relative To Work Zone,Location Of Crash Relative To Work Zone Text Format,Type of Work Zone,Type of Work Zone Text Format,Worker Presence,Worker Presence Text Format,Law Enforcement Presence,Law Enforcement Presence Text Format,Were Vehicles Moved Prior To Police Arrival,Trafficway Ownership,Trafficway Ownership Text Format,Trafficway Class,Trafficway Class Text Format,Police Agency,Police Agency Text Format,Badge Number,Approval Date,Police Case Status,Police Case Status Text Format,Crash Report Submission Date,Related Case Identifiers,No. of Through Lanes (Log Dir.),Average Daily Traffic,Functional Classification,Functional Classification Text Format,Rural or Urban,Rural or Urban Text Format
904802,1,Complete,904802,904802,41.326041,-72.935164,3404931,New Haven,93,93,New Haven,2/5/2022,2022,2,February,5,7,Saturday,10:51:00,10,22003640,A,"Injury of any type (Serious, Minor, Possible)",B,Suspected Minor Injury (B),2,0,0,4,Local,0.93,152,DIXWELL AV,DIXWELL AV,GIBBS ST,,,,,41.326041,-72.935164,14,Motor Vehicle in Operation,1,Front to rear,1,On Roadway,1,Clear,88,Not Applicable,1,Daylight,1,Dry,0,None,88,Not Applicable,88,Not Applicable,0,None,88,Not Applicable,88,Not Applicable,2,Intersection,3,T-Intersection,1,No,1,No,88,Not Applicable,88,Not Applicable,88,Not Applicable,88,Not Applicable,FALSE,1,Public Road,1,"Trafficway, On Road",CT0009300,New Haven PD,87,48:29.0,C,Closed,00:37.0,,,,,,,
904803,1,Complete,904803,904803,41.330997,-72.937933,3404932,New Haven,93,93,New Haven,2/7/2022,2022,2,February,7,2,Monday,6:03:00,6,22003782,A,"Injury of any type (Serious, Minor, Possible)",A,Suspected Serious Injury (A),6,0,0,4,Local,0.83,557,SHERMAN PKWY,SHERMAN PKWY,,W IVY ST,50,Feet,N,41.330997,-72.937933,14,Motor Vehicle in Operation,3,Angle,1,On Roadway,1,Clear,88,Not Applicable,4,Dark-Lighted,1,Dry,0,None,88,Not Applicable,88,Not Applicable,0,None,88,Not Applicable,88,Not Applicable,1,Non-Junction,1,Not at Intersection,1,No,1,No,88,Not Applicable,88,Not Applicable,88,Not Applicable,88,Not Applicable,FALSE,1,Public Road,1,"Trafficway, On Road",CT0009300,New Haven PD,41103,02:01.0,C,Closed,00:33.0,,,,,,,
904810,1,Complete,904810,904810,41.30136,-72.9353,3404939,New Haven,93,93,New Haven,2/8/2022,2022,2,February,8,3,Tuesday,8:35:00,8,22003912,A,"Injury of any type (Serious, Minor, Possible)",C,Possible Injury (C),2,0,0,4,Local,0.35,308,HOWARD AV,HOWARD AV,CONGRESS AV,,,,,41.30136,-72.9353,14,Motor Vehicle in Operation,1,Front to rear,1,On Roadway,1,Clear,88,Not Applicable,1,Daylight,2,Wet,0,None,88,Not Applicable,88,Not Applicable,0,None,88,Not Applicable,88,Not Applicable,2,Intersection,2,Four-Way Intersection,1,No,1,No,88,Not Applicable,88,Not Applicable,88,Not Applicable,88,Not Applicable,TRUE,1,Public Road,1,"Trafficway, On Road",CT0009300,New Haven PD,251,32:54.0,C,Closed,00:35.0,,,,,,,
904812,1,Complete,904812,904812,41.3036826,-72.9025352,3404941,New Haven,93,93,New Haven,2/8/2022,2022,2,February,8,3,Tuesday,8:44:00,8,22003916,A,"Injury of any type (Serious, Minor, Possible)",C,Possible Injury (C),2,0,0,4,Local,0.88,327,JAMES ST,JAMES ST,CHAPEL ST,,,,,41.3036826,-72.9025352,14,Motor Vehicle in Operation,1,Front to rear,1,On Roadway,1,Clear,88,Not Applicable,1,Daylight,2,Wet,0,None,88,Not Applicable,88,Not Applicable,0,None,88,Not Applicable,88,Not Applicable,2,Intersection,2,Four-Way Intersection,1,No,1,No,88,Not Applicable,88,Not Applicable,88,Not Applicable,88,Not Applicable,FALSE,1,Public Road,1,"Trafficway, On Road",CT0009300,New Haven PD,120,28:31.0,C,Closed,00:36.0,,,,,,,
904814,1,Complete,904814,904814,41.300553,-72.943144,3404943,New Haven,93,93,New Haven,2/8/2022,2022,2,February,8,3,Tuesday,20:38:00,20,22003998,A,"Injury of any type (Serious, Minor, Possible)",C,Possible Injury (C),2,0,0,4,Local,0.31,141,DAVENPORT AV,DAVENPORT AV,WINTHROP AV NO 1,,,,,41.300553,-72.943144,14,Motor Vehicle in Operation,97,Other,1,On Roadway,1,Clear,88,Not Applicable,4,Dark-Lighted,1,Dry,0,None,88,Not Applicable,88,Not Applicable,0,None,88,Not Applicable,88,Not Applicable,2,Intersection,3,T-Intersection,1,No,1,No,88,Not Applicable,88,Not Applicable,88,Not Applicable,88,Not Applicable,FALSE,1,Public Road,1,"Trafficway, On Road",CT0009300,New Haven PD,40811,39:12.0,C,Closed,00:41.0,,,,,,,
907050,1,Complete,907050,907050,41.314144,-72.93994,3405193,New Haven,93,93,New Haven,2/3/2022,2022,2,February,3,5,Thursday,19:35:00,19,22003363,A,"Injury of any type (Serious, Minor, Possible)",C,Possible Injury (C),2,0,0,4,Local,0.9,453,ORCHARD ST,ORCHARD ST,ELM ST NO 1,,,,,41.314144,-72.93994,14,Motor Vehicle in Operation,1,Front to rear,1,On Roadway,1,Clear,88,Not Applicable,2,Dawn,2,Wet,0,None,88,Not Applicable,88,Not Applicable,0,None,88,Not Applicable,88,Not Applicable,2,Intersection,2,Four-Way Intersection,1,No,1,No,88,Not Applicable,88,Not Applicable,88,Not Applicable,88,Not Applicable,FALSE,1,Public Road,1,"Trafficway, On Road",CT0009300,New Haven PD,42051,39:53.0,C,Closed,01:45.0,,,,,,,
907057,1,Complete,907057,907057,41.310119,-72.953437,3405200,New Haven,93,93,New Haven,2/9/2022,2022,2,February,9,4,Wednesday,7:12:00,7,22004027,A,"Injury of any type (Serious, Minor, Possible)",C,Possible Injury (C),2,0,0,3,State,2.38,10,10-N,10-N,DERBY AV,,,,,41.310119,-72.953437,14,Motor Vehicle in Operation,3,Angle,1,On Roadway,1,Clear,88,Not Applicable,1,Daylight,1,Dry,99,Unknown,88,Not Applicable,88,Not Applicable,0,None,88,Not Applicable,88,Not Applicable,2,Intersection,2,Four-Way Intersection,1,No,1,No,88,Not Applicable,88,Not Applicable,88,Not Applicable,88,Not Applicable,FALSE,1,Public Road,1,"Trafficway, On Road",CT0009300,New Haven PD,91,02:34.0,C,Closed,01:43.0,,2,33300,3,PRINCIPAL ARTERIAL - OTHER - NEW HPMS,2,Urban
907061,1,Complete,907061,907061,41.282506,-72.938057,3405204,New Haven,93,93,New Haven,2/9/2022,2022,2,February,9,4,Wednesday,12:06:00,12,22004050,A,"Injury of any type (Serious, Minor, Possible)",C,Possible Injury (C),2,0,0,3,State,0,10,10-N,10-N,745-E,,,,,41.282506,-72.938057,14,Motor Vehicle in Operation,3,Angle,1,On Roadway,4,Rain,88,Not Applicable,1,Daylight,2,Wet,0,None,88,Not Applicable,88,Not Applicable,0,None,88,Not Applicable,88,Not Applicable,2,Intersection,2,Four-Way Intersection,1,No,1,No,88,Not Applicable,88,Not Applicable,88,Not Applicable,88,Not Applicable,TRUE,1,Public Road,1,"Trafficway, On Road",CT0009300,New Haven PD,295,03:06.0,C,Closed,01:44.0,,2,15100,3,PRINCIPAL ARTERIAL - OTHER - NEW HPMS,1,Rural
907272,1,Complete,907272,907272,41.319193,-72.898979,3405414,New Haven,93,93,New Haven,2/10/2022,2022,2,February,10,5,Thursday,18:32:00,18,22004210,A,"Injury of any type (Serious, Minor, Possible)",C,Possible Injury (C),2,0,0,2,USRoute,0.34,5,5-N,5-N,,MAY STREET,68,Feet,S,41.319193,-72.898979,14,Motor Vehicle in Operation,1,Front to rear,1,On Roadway,1,Clear,88,Not Applicable,6,Dark-Unknown Lighting,1,Dry,99,Unknown,88,Not Applicable,88,Not Applicable,99,Unknown,88,Not Applicable,88,Not Applicable,1,Non-Junction,1,Not at Intersection,1,No,1,No,88,Not Applicable,88,Not Applicable,88,Not Applicable,88,Not Applicable,TRUE,1,Public Road,1,"Trafficway, On Road",CT0009300,New Haven PD,40816,23:59.0,C,Closed,01:15.0,,1,19200,4,MINOR ARTERIAL - NEW HPMS,1,Rural
907670,1,Complete,907670,907670,41.327199,-72.972101,3405812,New Haven,93,93,New Haven,1/14/2022,2022,1,January,14,6,Friday,14:01:00,14,22001320,A,"Injury of any type (Serious, Minor, Possible)",C,Possible Injury (C),2,0,0,3,State,6.01,243,243-E,243-E,WEST PROSPECT ST,,,,,41.327199,-72.972101,14,Motor Vehicle in Operation,3,Angle,1,On Roadway,1,Clear,88,Not Applicable,1,Daylight,1,Dry,0,None,88,Not Applicable,88,Not Applicable,0,None,88,Not Applicable,88,Not Applicable,2,Intersection,3,T-Intersection,1,No,1,No,88,Not Applicable,88,Not Applicable,88,Not Applicable,88,Not Applicable,FALSE,1,Public Road,1,"Trafficway, On Road",CT0009300,New Haven PD,402,46:29.0,C,Closed,00:14.0,,1,10900,4,MINOR ARTERIAL - NEW HPMS,1,Rural
907673,1,Complete,907673,907673,41.315596,-72.963566,922028,New Haven,93,93,New Haven,2/7/2022,2022,2,February,7,2,Monday,12:14:00,12,22003832,K,Fatal (Kill),K,Fatal Injury (K),2,0,2,4,Local,3.85,97,CHAPEL ST,CHAPEL ST,CENTRAL AV,,,,,41.315596,-72.963566,14,Motor Vehicle in Operation,3,Angle,1,On Roadway,4,Rain,88,Not Applicable,1,Daylight,2,Wet,0,None,88,Not Applicable,88,Not Applicable,0,None,88,Not Applicable,88,Not Applicable,2,Intersection,2,Four-Way Intersection,1,No,1,No,88,Not Applicable,88,Not Applicable,88,Not Applicable,88,Not Applicable,FALSE,1,Public Road,1,"Trafficway, On Road",CT0009300,New Haven PD,62,50:16.0,O,Open,00:16.0,,2,4100,5,MAJOR COLLECTOR - NEW HPMS,2,Urban
907675,1,Complete,907675,907675,41.308339,-72.913771,3405817,New Haven,93,93,New Haven,2/7/2022,2022,2,February,7,2,Monday,23:07:00,23,22003895,A,"Injury of any type (Serious, Minor, Possible)",C,Possible Injury (C),2,0,0,4,Local,1.47,264,GRAND AV,GRAND AV,FRANKLIN ST NO 2,,,,,41.308339,-72.913771,14,Motor Vehicle in Operation,1,Front to rear,1,On Roadway,4,Rain,88,Not Applicable,4,Dark-Lighted,2,Wet,0,None,88,Not Applicable,88,Not Applicable,0,None,88,Not Applicable,88,Not Applicable,1,Non-Junction,1,Not at Intersection,1,No,1,No,88,Not Applicable,88,Not Applicable,88,Not Applicable,88,Not Applicable,FALSE,1,Public Road,1,"Trafficway, On Road",CT0009300,New Haven PD,40788,48:49.0,C,Closed,00:33.0,,,,,,,
907677,1,Complete,907677,907677,41.290104,-72.940369,3405819,New Haven,93,93,New Haven,2/9/2022,2022,2,February,9,4,Wednesday,15:06:00,15,22004062,A,"Injury of any type (Serious, Minor, Possible)",B,Suspected Minor Injury (B),2,0,0,3,State,0.8,10,10-N,10-N,LAMBERTON ST,,,,,41.290104,-72.940369,14,Motor Vehicle in Operation,3,Angle,1,On Roadway,1,Clear,88,Not Applicable,1,Daylight,1,Dry,0,None,88,Not Applicable,88,Not Applicable,0,None,88,Not Applicable,88,Not Applicable,2,Intersection,3,T-Intersection,1,No,1,No,88,Not Applicable,88,Not Applicable,88,Not Applicable,88,Not Applicable,FALSE,1,Public Road,1,"Trafficway, On Road",CT0009300,New Haven PD,251,46:07.0,C,Closed,00:21.0,,2,18000,3,PRINCIPAL ARTERIAL - OTHER - NEW HPMS,2,Urban
907678,1,Complete,907678,907678,41.322764,-72.943234,3405820,New Haven,93,93,New Haven,2/10/2022,2022,2,February,10,5,Thursday,14:53:00,14,22004168,A,"Injury of any type (Serious, Minor, Possible)",C,Possible Injury (C),2,0,0,4,Local,0.09,438,NORTON PKWY,NORTON PKWY,MORELAND RD,,,,,41.322764,-72.943234,14,Motor Vehicle in Operation,3,Angle,1,On Roadway,1,Clear,88,Not Applicable,1,Daylight,1,Dry,99,Unknown,88,Not Applicable,88,Not Applicable,0,None,88,Not Applicable,88,Not Applicable,2,Intersection,2,Four-Way Intersection,1,No,1,No,88,Not Applicable,88,Not Applicable,88,Not Applicable,88,Not Applicable,FALSE,1,Public Road,1,"Trafficway, On Road",CT0009300,New Haven PD,9,01:46.0,C,Closed,00:22.0,,,,,,,
907683,1,Complete,907683,907683,41.305525,-72.952448,3405825,New Haven,93,93,New Haven,2/11/2022,2022,2,February,11,6,Friday,8:01:00,8,22004260,A,"Injury of any type (Serious, Minor, Possible)",C,Possible Injury (C),2,0,0,4,Local,0.01,360,LEGION AV-RT 34,LEGION AV-RT 34,,ELLA T GRASSO BLVD,48,Feet,E,41.305525,-72.952448,14,Motor Vehicle in Operation,3,Angle,1,On Roadway,1,Clear,88,Not Applicable,1,Daylight,1,Dry,0,None,88,Not Applicable,88,Not Applicable,0,None,88,Not Applicable,88,Not Applicable,3,Intersection-Related,3,T-Intersection,1,No,1,No,88,Not Applicable,88,Not Applicable,88,Not Applicable,88,Not Applicable,TRUE,1,Public Road,1,"Trafficway, On Road",CT0009300,New Haven PD,349,48:00.0,O,Open,00:19.0,,,,,,,
907694,1,Complete,907694,907694,41.31628,-72.96691,3405836,New Haven,93,93,New Haven,2/11/2022,2022,2,February,11,6,Friday,14:25:00,14,22004314,A,"Injury of any type (Serious, Minor, Possible)",C,Possible Injury (C),2,0,0,4,Local,4.05,97,CHAPEL ST,CHAPEL ST,ALDEN AV,,,,,41.31628,-72.96691,14,Motor Vehicle in Operation,3,Angle,1,On Roadway,1,Clear,88,Not Applicable,1,Daylight,1,Dry,0,None,88,Not Applicable,88,Not Applicable,0,None,88,Not Applicable,88,Not Applicable,2,Intersection,3,T-Intersection,1,No,1,No,88,Not Applicable,88,Not Applicable,88,Not Applicable,88,Not Applicable,FALSE,1,Public Road,1,"Trafficway, On Road",CT0009300,New Haven PD,170,24:47.0,C,Closed,00:22.0,,,,,,,
907695,1,Complete,907695,907695,41.312087,-72.919289,3405837,New Haven,93,93,New Haven,2/11/2022,2022,2,February,11,6,Friday,15:13:00,15,22004322,A,"Injury of any type (Serious, Minor, Possible)",C,Possible Injury (C),2,0,0,1,Interstate,0.53,91,91-N-134,91-N-134,TRUMBULL ST,,,,,41.312087,-72.919289,14,Motor Vehicle in Operation,3,Angle,1,On Roadway,1,Clear,88,Not Applicable,1,Daylight,1,Dry,0,None,88,Not Applicable,88,Not Applicable,0,None,88,Not Applicable,88,Not Applicable,2,Intersection,3,T-Intersection,1,No,1,No,88,Not Applicable,88,Not Applicable,88,Not Applicable,88,Not Applicable,FALSE,1,Public Road,1,"Trafficway, On Road",CT0009300,New Haven PD,40808,24:10.0,C,Closed,00:34.0,,3,101400,1,INTERSTATE - NEW HPMS,3,Unknown
907696,1,Complete,907696,907696,41.302677,-72.928018,3405838,New Haven,93,93,New Haven,2/11/2022,2022,2,February,11,6,Friday,17:28:00,17,22004331,A,"Injury of any type (Serious, Minor, Possible)",C,Possible Injury (C),3,0,1,4,Local,0.18,809,REV DR MLK JR BLVD,REV DR MLK JR BLVD,,CHURCH ST S,84,Feet,,41.302677,-72.928018,14,Motor Vehicle in Operation,1,Front to rear,1,On Roadway,1,Clear,88,Not Applicable,1,Daylight,1,Dry,0,None,88,Not Applicable,88,Not Applicable,0,None,88,Not Applicable,88,Not Applicable,2,Intersection,2,Four-Way Intersection,1,No,1,No,88,Not Applicable,88,Not Applicable,88,Not Applicable,88,Not Applicable,TRUE,1,Public Road,1,"Trafficway, On Road",CT0009300,New Haven PD,40790,37:53.0,C,Closed,00:27.0,,,,,,,
907697,1,Complete,907697,907697,41.293908,-72.918121,3405839,New Haven,93,93,New Haven,2/11/2022,2022,2,February,11,6,Friday,17:54:00,17,22004333,A,"Injury of any type (Serious, Minor, Possible)",B,Suspected Minor Injury (B),2,0,0,4,Local,0.67,513,LONG WHARF DR,LONG WHARF DR,,I95 NORTH BOUND RAMP,1000,Feet,W,41.293908,-72.918121,14,Motor Vehicle in Operation,1,Front to rear,1,On Roadway,1,Clear,88,Not Applicable,4,Dark-Lighted,1,Dry,0,None,88,Not Applicable,88,Not Applicable,0,None,88,Not Applicable,88,Not Applicable,1,Non-Junction,1,Not at Intersection,1,No,1,No,88,Not Applicable,88,Not Applicable,88,Not Applicable,88,Not Applicable,FALSE,1,Public Road,1,"Trafficway, On Road",CT0009300,New Haven PD,114,31:50.0,C,Closed,00:23.0,,,,,,,
907699,1,Complete,907699,907699,41.320978,-72.934401,3405841,New Haven,93,93,New Haven,2/11/2022,2022,2,February,11,6,Friday,20:57:00,20,22004353,A,"Injury of any type (Serious, Minor, Possible)",C,Possible Injury (C),2,0,0,4,Local,0.56,152,DIXWELL AV,DIXWELL AV,HENRY ST,,,,,41.320978,-72.934401,14,Motor Vehicle in Operation,4,"Sideswipe, same direction",1,On Roadway,1,Clear,88,Not Applicable,4,Dark-Lighted,1,Dry,0,None,88,Not Applicable,88,Not Applicable,0,None,88,Not Applicable,88,Not Applicable,1,Non-Junction,1,Not at Intersection,1,No,1,No,88,Not Applicable,88,Not Applicable,88,Not Applicable,88,Not Applicable,FALSE,1,Public Road,1,"Trafficway, On Road",CT0009300,New Haven PD,40953,42:32.0,O,Open,00:28.0,,,,,,,
907706,1,Complete,907706,907706,41.323681,-72.937312,3405848,New Haven,93,93,New Haven,2/12/2022,2022,2,February,12,7,Saturday,13:51:00,13,22004421,A,"Injury of any type (Serious, Minor, Possible)",B,Suspected Minor Injury (B),2,0,0,4,Local,0.31,557,SHERMAN PKWY,SHERMAN PKWY,,MUNSON STREET,300,Feet,N,41.323681,-72.937312,14,Motor Vehicle in Operation,2,Front to front,1,On Roadway,1,Clear,88,Not Applicable,1,Daylight,1,Dry,0,None,88,Not Applicable,88,Not Applicable,0,None,88,Not Applicable,88,Not Applicable,97,Other,1,Not at Intersection,1,No,1,No,88,Not Applicable,88,Not Applicable,88,Not Applicable,88,Not Applicable,FALSE,1,Public Road,1,"Trafficway, On Road",CT0009300,New Haven PD,704,07:26.0,C,Closed,00:32.0,,,,,,,
907709,1,Complete,907709,907709,41.2825,-72.938059,3405851,New Haven,93,93,New Haven,2/12/2022,2022,2,February,12,7,Saturday,16:18:00,16,22004436,A,"Injury of any type (Serious, Minor, Possible)",B,Suspected Minor Injury (B),2,0,0,3,State,0,10,10-N,10-N,745-E,,,,,41.2825,-72.938059,14,Motor Vehicle in Operation,3,Angle,1,On Roadway,1,Clear,88,Not Applicable,2,Dawn,1,Dry,0,None,88,Not Applicable,88,Not Applicable,0,None,88,Not Applicable,88,Not Applicable,3,Intersection-Related,3,T-Intersection,1,No,1,No,88,Not Applicable,88,Not Applicable,88,Not Applicable,88,Not Applicable,FALSE,1,Public Road,1,"Trafficway, On Road",CT0009300,New Haven PD,42366,30:18.0,C,Closed,00:33.0,,2,15100,3,PRINCIPAL ARTERIAL - OTHER - NEW HPMS,1,Rural
907711,1,Complete,907711,907711,41.323508,-72.880791,3405853,New Haven,93,93,New Haven,2/13/2022,2022,2,February,13,1,Sunday,0:25:00,0,22004477,A,"Injury of any type (Serious, Minor, Possible)",C,Possible Injury (C),2,0,0,3,State,0.05,80,80-E,80-E,,MIDDLETOWN AVENUE,250,Feet,E,41.323508,-72.880791,14,Motor Vehicle in Operation,4,"Sideswipe, same direction",2,Shoulder,1,Clear,88,Not Applicable,4,Dark-Lighted,1,Dry,0,None,88,Not Applicable,88,Not Applicable,0,None,88,Not Applicable,88,Not Applicable,8,Driveway Access,1,Not at Intersection,1,No,1,No,88,Not Applicable,88,Not Applicable,88,Not Applicable,88,Not Applicable,FALSE,2,Private Road,4,Parking Lot,CT0009300,New Haven PD,180,27:45.0,C,Closed,00:40.0,22004477,2,32300,3,PRINCIPAL ARTERIAL - OTHER - NEW HPMS,2,Urban
907713,1,Complete,907713,907713,41.3113,-72.94715,3405855,New Haven,93,93,New Haven,2/13/2022,2022,2,February,13,1,Sunday,2:52:00,2,22004487,A,"Injury of any type (Serious, Minor, Possible)",C,Possible Injury (C),2,0,0,4,Local,0.07,147,DERBY AV,DERBY AV,WINTHROP AV NO 2,,,,,41.3113,-72.94715,14,Motor Vehicle in Operation,1,Front to rear,1,On Roadway,1,Clear,88,Not Applicable,4,Dark-Lighted,1,Dry,0,None,88,Not Applicable,88,Not Applicable,0,None,88,Not Applicable,88,Not Applicable,2,Intersection,2,Four-Way Intersection,1,No,1,No,88,Not Applicable,88,Not Applicable,88,Not Applicable,88,Not Applicable,FALSE,1,Public Road,1,"Trafficway, On Road",CT0009300,New Haven PD,11107,51:13.0,C,Closed,00:37.0,,,,,,,
907715,1,Complete,907715,907715,41.2877707,-72.895039,3405857,New Haven,93,93,New Haven,2/13/2022,2022,2,February,13,1,Sunday,15:36:00,15,22004531,A,"Injury of any type (Serious, Minor, Possible)",C,Possible Injury (C),2,0,0,4,Local,1.27,678,WOODWARD AV,WOODWARD AV,,MAIN ST ANNEX,200,Feet,S,41.2877707,-72.895039,14,Motor Vehicle in Operation,1,Front to rear,1,On Roadway,1,Clear,88,Not Applicable,1,Daylight,2,Wet,0,None,88,Not Applicable,88,Not Applicable,0,None,88,Not Applicable,88,Not Applicable,1,Non-Junction,1,Not at Intersection,1,No,1,No,88,Not Applicable,88,Not Applicable,88,Not Applicable,88,Not Applicable,TRUE,1,Public Road,1,"Trafficway, On Road",CT0009300,New Haven PD,42055,38:32.0,O,Open,00:45.0,,,,,,,
908455,1,Complete,908455,908455,41.320755,-72.873821,3406597,New Haven,93,93,New Haven,2/14/2022,2022,2,February,14,2,Monday,11:40:00,11,22004615,A,"Injury of any type (Serious, Minor, Possible)",C,Possible Injury (C),2,0,0,3,State,0.44,80,80-E,80-E,103-N,,,,,41.320755,-72.873821,14,Motor Vehicle in Operation,3,Angle,1,On Roadway,1,Clear,88,Not Applicable,1,Daylight,1,Dry,0,None,88,Not Applicable,88,Not Applicable,0,None,88,Not Applicable,88,Not Applicable,2,Intersection,2,Four-Way Intersection,1,No,1,No,88,Not Applicable,88,Not Applicable,88,Not Applicable,88,Not Applicable,FALSE,1,Public Road,1,"Trafficway, On Road",CT0009300,New Haven PD,351,17:07.0,C,Closed,01:31.0,,2,32300,3,PRINCIPAL ARTERIAL - OTHER - NEW HPMS,2,Urban
908459,1,Complete,908459,908459,41.310361,-72.91789,3406601,New Haven,93,93,New Haven,2/14/2022,2022,2,February,14,2,Monday,17:56:00,17,22004669,A,"Injury of any type (Serious, Minor, Possible)",C,Possible Injury (C),2,0,0,4,Local,0.87,575,STATE ST,STATE ST,,AUDUBON STREET,50,Feet,N,41.310361,-72.91789,14,Motor Vehicle in Operation,3,Angle,1,On Roadway,1,Clear,88,Not Applicable,1,Daylight,1,Dry,0,None,88,Not Applicable,88,Not Applicable,0,None,88,Not Applicable,88,Not Applicable,1,Non-Junction,1,Not at Intersection,1,No,1,No,88,Not Applicable,88,Not Applicable,88,Not Applicable,88,Not Applicable,FALSE,1,Public Road,1,"Trafficway, On Road",CT0009300,New Haven PD,40808,16:05.0,C,Closed,01:40.0,,,,,,,
908461,1,Complete,908461,908461,41.3202113,-72.8717351,3406603,New Haven,93,93,New Haven,2/14/2022,2022,2,February,14,2,Monday,19:12:00,19,22004678,A,"Injury of any type (Serious, Minor, Possible)",C,Possible Injury (C),2,0,0,3,State,0.57,80,80-E,80-E,EASTERN ST,,,,,41.3202113,-72.8717351,14,Motor Vehicle in Operation,1,Front to rear,1,On Roadway,1,Clear,88,Not Applicable,4,Dark-Lighted,1,Dry,0,None,88,Not Applicable,88,Not Applicable,0,None,88,Not Applicable,88,Not Applicable,2,Intersection,2,Four-Way Intersection,1,No,1,No,88,Not Applicable,88,Not Applicable,88,Not Applicable,88,Not Applicable,FALSE,1,Public Road,1,"Trafficway, On Road",CT0009300,New Haven PD,42055,07:54.0,C,Closed,01:37.0,,2,32300,3,PRINCIPAL ARTERIAL - OTHER - NEW HPMS,2,Urban
908754,1,Complete,908754,908754,41.323777,-72.916836,3406896,New Haven,93,93,New Haven,2/15/2022,2022,2,February,15,3,Tuesday,8:09:00,8,22004710,A,"Injury of any type (Serious, Minor, Possible)",C,Possible Injury (C),2,0,0,4,Local,0.96,656,WHITNEY AV,WHITNEY AV,WILLOW ST,,,,,41.323777,-72.916836,14,Motor Vehicle in Operation,3,Angle,1,On Roadway,1,Clear,88,Not Applicable,1,Daylight,1,Dry,0,None,88,Not Applicable,88,Not Applicable,0,None,88,Not Applicable,88,Not Applicable,2,Intersection,3,T-Intersection,1,No,1,No,88,Not Applicable,88,Not Applicable,88,Not Applicable,88,Not Applicable,FALSE,1,Public Road,1,"Trafficway, On Road",CT0009300,New Haven PD,199,47:26.0,O,Open,00:47.0,,,,,,,
908755,1,Complete,908755,908755,41.319041,-72.914017,3406897,New Haven,93,93,New Haven,2/15/2022,2022,2,February,15,3,Tuesday,8:21:00,8,22004711,A,"Injury of any type (Serious, Minor, Possible)",C,Possible Injury (C),2,0,0,4,Local,0.64,450,LAWRENCE ST NO 1,LAWRENCE ST NO 1,ORANGE ST NO 1,,,,,41.319041,-72.914017,14,Motor Vehicle in Operation,3,Angle,1,On Roadway,1,Clear,88,Not Applicable,1,Daylight,1,Dry,0,None,88,Not Applicable,88,Not Applicable,0,None,88,Not Applicable,88,Not Applicable,2,Intersection,2,Four-Way Intersection,1,No,1,No,88,Not Applicable,88,Not Applicable,88,Not Applicable,88,Not Applicable,FALSE,1,Public Road,1,"Trafficway, On Road",CT0009300,New Haven PD,32,53:55.0,C,Closed,00:47.0,,,,,,,
908756,1,Complete,908756,908756,41.313023,-72.952059,3406898,New Haven,93,93,New Haven,1/21/2022,2022,1,January,21,6,Friday,15:39:00,15,22004737,A,"Injury of any type (Serious, Minor, Possible)",C,Possible Injury (C),2,0,0,3,State,2.59,10,10-N,10-N,CHAPEL ST,,,,,41.313023,-72.952059,14,Motor Vehicle in Operation,1,Front to rear,1,On Roadway,1,Clear,88,Not Applicable,1,Daylight,1,Dry,0,None,88,Not Applicable,88,Not Applicable,2,Backup Due to Prior Non-Recurring Incident,88,Not Applicable,88,Not Applicable,2,Intersection,2,Four-Way Intersection,1,No,1,No,88,Not Applicable,88,Not Applicable,88,Not Applicable,88,Not Applicable,TRUE,1,Public Road,1,"Trafficway, On Road",CT0009300,New Haven PD,72,18:58.0,C,Closed,00:48.0,,1,19800,3,PRINCIPAL ARTERIAL - OTHER - NEW HPMS,1,Rural