CrashId,Fatal Case Status,Fatal Case Status Text Format,CrashId,CrashId,Latitude,Longitude,DOT Case Number,Town Name,Town Number,Town Number,Town Number Text Format,Date Of Crash,Year,Month,Month Text Format,Day,Day of the Week,Day of the Week Text Format,Time of Crash,Hour of the Day,Case Identifier,Crash Severity,Crash Severity Text Format,Most Severe Injury,Most Severe Injury Text Format,Number Of Motor Vehicles,Number Of Non-Motorist,Number Of Witnesses,Route Class,Route Class Text Format,Milemarker,Road Number,Road Description,Roadway Name,Intersecting Roadway Name,Landmark Description,Distance From Nearest Landmark,Unit Of Measure From Nearest Landmark,Direction From Nearest Landmark,Latitude,Longitude,First Harmful Event,First Harmful Event Text Format,Manner of Crash / Collision Impact,Manner of Crash / Collision Impact Text Format,Location of First Harmful Event,Location of First Harmful Event Text Format,Weather Condition,Weather Condition Text Format,Weather 2,Weather 2 Text Format,Light Condition,Light Condition Text Format,Road Surface Condition,Road Surface Condition Text Format,"Contributing Circumstances, Environment","Contributing Circumstances, Environment Text Format",Environment 2,Environment 2 Text Format,Environment 3,Environment 3 Text Format,"Contributing Circumstances, Road","Contributing Circumstances, Road Text Format",Road 2,Road 2 Text Format,Road 3,Road 3 Text Format,Crash Specific Location,Crash Specific Location Text Format,Type of Intersection,Type of Intersection Text Format,School Bus Related,School Bus Related Text Format,Work Zone Related,Work Zone Related Text Format,Location Of Crash Relative To Work Zone,Location Of Crash Relative To Work Zone Text Format,Type of Work Zone,Type of Work Zone Text Format,Worker Presence,Worker Presence Text Format,Law Enforcement Presence,Law Enforcement Presence Text Format,Were Vehicles Moved Prior To Police Arrival,Trafficway Ownership,Trafficway Ownership Text Format,Trafficway Class,Trafficway Class Text Format,Police Agency,Police Agency Text Format,Badge Number,Approval Date,Police Case Status,Police Case Status Text Format,Crash Report Submission Date,Related Case Identifiers,No. of Through Lanes (Log Dir.),Average Daily Traffic,Functional Classification,Functional Classification Text Format,Rural or Urban,Rural or Urban Text Format
908758,1,Complete,908758,908758,41.3203585,-72.9069748,3406900,New Haven,93,93,New Haven,2/15/2022,2022,2,February,15,3,Tuesday,17:32:00,17,22004794,A,"Injury of any type (Serious, Minor, Possible)",C,Possible Injury (C),1,0,0,4,Local,0.36,666,WILLOW ST,WILLOW ST,,NICOLL ST,40,Feet,W,41.3203585,-72.9069748,30,Concrete Traffic Barrier,88,Not Applicable,7,In Parking Lane or Zone,1,Clear,88,Not Applicable,3,Dusk,1,Dry,97,Other,88,Not Applicable,88,Not Applicable,99,Unknown,88,Not Applicable,88,Not Applicable,1,Non-Junction,1,Not at Intersection,1,No,1,No,88,Not Applicable,88,Not Applicable,88,Not Applicable,88,Not Applicable,FALSE,2,Private Road,4,Parking Lot,CT0009300,New Haven PD,42048,25:10.0,C,Closed,00:49.0,,,,,,,
908760,1,Complete,908760,908760,41.320378,-72.950993,3406902,New Haven,93,93,New Haven,2/15/2022,2022,2,February,15,3,Tuesday,19:41:00,19,22004809,A,"Injury of any type (Serious, Minor, Possible)",B,Suspected Minor Injury (B),1,1,0,3,State,3.16,10,10-N,10-N,HOBART ST,,,,,41.320378,-72.950993,9,Pedestrian,88,Not Applicable,1,On Roadway,1,Clear,88,Not Applicable,4,Dark-Lighted,1,Dry,0,None,88,Not Applicable,88,Not Applicable,0,None,88,Not Applicable,88,Not Applicable,2,Intersection,5,L-Intersection,1,No,1,No,88,Not Applicable,88,Not Applicable,88,Not Applicable,88,Not Applicable,FALSE,1,Public Road,1,"Trafficway, On Road",CT0009300,New Haven PD,40804,15:59.0,C,Closed,00:50.0,,4,18000,3,PRINCIPAL ARTERIAL - OTHER - NEW HPMS,2,Urban
908761,1,Complete,908761,908761,41.296144,-72.928107,3406903,New Haven,93,93,New Haven,2/15/2022,2022,2,February,15,3,Tuesday,19:39:00,19,22004810,A,"Injury of any type (Serious, Minor, Possible)",C,Possible Injury (C),2,0,0,2,USRoute,47.84,1,1-S,1-S,CHURCH ST SOUTH NO 2,,,,,41.296144,-72.928107,14,Motor Vehicle in Operation,1,Front to rear,1,On Roadway,1,Clear,88,Not Applicable,4,Dark-Lighted,1,Dry,0,None,88,Not Applicable,88,Not Applicable,0,None,88,Not Applicable,88,Not Applicable,2,Intersection,2,Four-Way Intersection,1,No,1,No,88,Not Applicable,88,Not Applicable,88,Not Applicable,88,Not Applicable,FALSE,1,Public Road,1,"Trafficway, On Road",CT0009300,New Haven PD,40810,12:32.0,O,Open,00:51.0,,1,9500,3,PRINCIPAL ARTERIAL - OTHER - NEW HPMS,1,Rural
909029,1,Complete,909029,909029,41.330969,-72.93054,3407171,New Haven,93,93,New Haven,2/13/2022,2022,2,February,13,1,Sunday,23:25:00,23,22004572,A,"Injury of any type (Serious, Minor, Possible)",C,Possible Injury (C),1,0,0,4,Local,0.09,77,BUTLER ST,BUTLER ST,,LILAC ST,50,Feet,S,41.330969,-72.93054,32,Tree (standing),88,Not Applicable,2,Shoulder,1,Clear,88,Not Applicable,4,Dark-Lighted,1,Dry,0,None,88,Not Applicable,88,Not Applicable,99,Unknown,88,Not Applicable,88,Not Applicable,1,Non-Junction,1,Not at Intersection,1,No,1,No,88,Not Applicable,88,Not Applicable,88,Not Applicable,88,Not Applicable,TRUE,1,Public Road,1,"Trafficway, On Road",CT0009300,New Haven PD,432,46:15.0,C,Closed,01:35.0,,2,1527,7,LOCAL - NEW HPMS,2,Urban
909031,1,Complete,909031,909031,41.33105,-72.97282,3407173,New Haven,93,93,New Haven,2/15/2022,2022,2,February,15,3,Tuesday,15:35:00,15,22004769,A,"Injury of any type (Serious, Minor, Possible)",C,Possible Injury (C),1,1,0,3,State,0.97,63,63-N,63-N,DAVIS ST,,,,,41.33105,-72.97282,9,Pedestrian,88,Not Applicable,1,On Roadway,1,Clear,1,Clear,1,Daylight,1,Dry,0,None,88,Not Applicable,88,Not Applicable,0,None,88,Not Applicable,88,Not Applicable,2,Intersection,3,T-Intersection,1,No,1,No,88,Not Applicable,88,Not Applicable,88,Not Applicable,88,Not Applicable,FALSE,1,Public Road,1,"Trafficway, On Road",CT0009300,New Haven PD,55,13:21.0,O,Open,01:39.0,,4,22900,3,PRINCIPAL ARTERIAL - OTHER - NEW HPMS,2,Urban
909033,1,Complete,909033,909033,41.3278353,-72.9597997,3407175,New Haven,93,93,New Haven,2/16/2022,2022,2,February,16,4,Wednesday,9:01:00,9,22004845,A,"Injury of any type (Serious, Minor, Possible)",C,Possible Injury (C),2,0,0,4,Local,0.95,56,BLAKE ST,BLAKE ST,VALLEY ST NO 1,,,,,41.3278353,-72.9597997,14,Motor Vehicle in Operation,1,Front to rear,1,On Roadway,1,Clear,88,Not Applicable,1,Daylight,1,Dry,0,None,88,Not Applicable,88,Not Applicable,0,None,88,Not Applicable,88,Not Applicable,2,Intersection,3,T-Intersection,1,No,1,No,88,Not Applicable,88,Not Applicable,88,Not Applicable,88,Not Applicable,TRUE,1,Public Road,1,"Trafficway, On Road",CT0009300,New Haven PD,10,18:54.0,C,Closed,01:38.0,,,,,,,
909034,1,Complete,909034,909034,41.298298,-72.892467,3407176,New Haven,93,93,New Haven,2/16/2022,2022,2,February,16,4,Wednesday,16:50:00,16,22004901,A,"Injury of any type (Serious, Minor, Possible)",C,Possible Injury (C),2,0,0,4,Local,0.27,210,FARREN AV,FARREN AV,,LANCRAFT ST,10,Feet,S,41.298298,-72.892467,14,Motor Vehicle in Operation,1,Front to rear,1,On Roadway,1,Clear,88,Not Applicable,1,Daylight,1,Dry,0,None,88,Not Applicable,88,Not Applicable,0,None,88,Not Applicable,88,Not Applicable,1,Non-Junction,1,Not at Intersection,1,No,1,No,88,Not Applicable,88,Not Applicable,88,Not Applicable,88,Not Applicable,FALSE,1,Public Road,1,"Trafficway, On Road",CT0009300,New Haven PD,42049,05:30.0,O,Open,01:38.0,,,,,,,
909035,1,Complete,909035,909035,41.319587,-72.91884834,3407177,New Haven,93,93,New Haven,2/16/2022,2022,2,February,16,4,Wednesday,17:41:00,17,22004917,A,"Injury of any type (Serious, Minor, Possible)",C,Possible Injury (C),2,0,0,4,Local,0.66,656,WHITNEY AV,WHITNEY AV,EDWARDS ST,,,,,41.319587,-72.91884834,14,Motor Vehicle in Operation,3,Angle,1,On Roadway,1,Clear,88,Not Applicable,4,Dark-Lighted,1,Dry,0,None,88,Not Applicable,88,Not Applicable,0,None,88,Not Applicable,88,Not Applicable,2,Intersection,2,Four-Way Intersection,1,No,1,No,88,Not Applicable,88,Not Applicable,88,Not Applicable,88,Not Applicable,TRUE,1,Public Road,1,"Trafficway, On Road",CT0009300,New Haven PD,40801,55:23.0,C,Closed,01:40.0,,,,,,,
909353,1,Complete,909353,909353,41.298498,-72.92626,3407494,New Haven,93,93,New Haven,2/8/2022,2022,2,February,8,3,Tuesday,12:42:00,12,22003947,A,"Injury of any type (Serious, Minor, Possible)",C,Possible Injury (C),2,0,0,2,USRoute,48.04,1,1-N,1-N,,COLUMBUS AVE,100,Feet,N,41.298498,-72.92626,14,Motor Vehicle in Operation,3,Angle,1,On Roadway,1,Clear,88,Not Applicable,1,Daylight,1,Dry,0,None,88,Not Applicable,88,Not Applicable,0,None,88,Not Applicable,88,Not Applicable,1,Non-Junction,1,Not at Intersection,1,No,1,No,88,Not Applicable,88,Not Applicable,88,Not Applicable,88,Not Applicable,TRUE,1,Public Road,1,"Trafficway, On Road",CT0009300,New Haven PD,295,50:40.0,C,Closed,00:30.0,,2,9500,3,PRINCIPAL ARTERIAL - OTHER - NEW HPMS,2,Urban
909362,1,Complete,909362,909362,41.315346,-72.895366,3407503,New Haven,93,93,New Haven,2/17/2022,2022,2,February,17,5,Thursday,11:50:00,11,22005002,A,"Injury of any type (Serious, Minor, Possible)",C,Possible Injury (C),2,0,0,4,Local,0.45,379,LOMBARD ST,LOMBARD ST,ROWE ST,,,,,41.315346,-72.895366,14,Motor Vehicle in Operation,3,Angle,1,On Roadway,1,Clear,88,Not Applicable,1,Daylight,1,Dry,0,None,88,Not Applicable,88,Not Applicable,0,None,88,Not Applicable,88,Not Applicable,2,Intersection,2,Four-Way Intersection,1,No,1,No,88,Not Applicable,88,Not Applicable,88,Not Applicable,88,Not Applicable,FALSE,1,Public Road,1,"Trafficway, On Road",CT0009300,New Haven PD,193,51:24.0,C,Closed,00:34.0,,,,,,,
909368,1,Complete,909368,909368,41.3121621,-72.8963303,3407509,New Haven,93,93,New Haven,2/17/2022,2022,2,February,17,5,Thursday,22:31:00,22,22005044,A,"Injury of any type (Serious, Minor, Possible)",C,Possible Injury (C),1,1,0,4,Local,0.53,213,FERRY ST,FERRY ST,PINE ST NO 2,,,,,41.3121621,-72.8963303,9,Pedestrian,88,Not Applicable,1,On Roadway,4,Rain,88,Not Applicable,5,Dark-Not Lighted,2,Wet,99,Unknown,88,Not Applicable,88,Not Applicable,99,Unknown,88,Not Applicable,88,Not Applicable,2,Intersection,2,Four-Way Intersection,1,No,1,No,88,Not Applicable,88,Not Applicable,88,Not Applicable,88,Not Applicable,FALSE,1,Public Road,1,"Trafficway, On Road",CT0009300,New Haven PD,40815,54:14.0,O,Open,00:37.0,22005044,2,13500,4,MINOR ARTERIAL - NEW HPMS,2,Urban
909680,1,Complete,909680,909680,41.320729,-72.873332,3407821,New Haven,93,93,New Haven,2/16/2022,2022,2,February,16,4,Wednesday,15:55:00,15,22004893,A,"Injury of any type (Serious, Minor, Possible)",C,Possible Injury (C),2,0,0,3,State,0.48,80,80-E,80-E,,QUINNIPIAC AVE,170,Feet,E,41.320729,-72.873332,14,Motor Vehicle in Operation,97,Other,1,On Roadway,1,Clear,88,Not Applicable,1,Daylight,1,Dry,0,None,88,Not Applicable,88,Not Applicable,0,None,88,Not Applicable,88,Not Applicable,9,Driveway Access-Related,1,Not at Intersection,1,No,1,No,88,Not Applicable,88,Not Applicable,88,Not Applicable,88,Not Applicable,FALSE,1,Public Road,1,"Trafficway, On Road",CT0009300,New Haven PD,279,37:16.0,C,Closed,00:28.0,,2,32300,3,PRINCIPAL ARTERIAL - OTHER - NEW HPMS,2,Urban
909681,1,Complete,909681,909681,41.3153,-72.95092,3407822,New Haven,93,93,New Haven,2/17/2022,2022,2,February,17,5,Thursday,14:01:00,14,22004991,A,"Injury of any type (Serious, Minor, Possible)",B,Suspected Minor Injury (B),2,0,0,3,State,2.76,10,10-N,10-N,EDGEWOOD AV,,,,,41.3153,-72.95092,14,Motor Vehicle in Operation,3,Angle,1,On Roadway,1,Clear,88,Not Applicable,1,Daylight,1,Dry,0,None,88,Not Applicable,88,Not Applicable,0,None,88,Not Applicable,88,Not Applicable,2,Intersection,2,Four-Way Intersection,1,No,1,No,88,Not Applicable,88,Not Applicable,88,Not Applicable,88,Not Applicable,FALSE,1,Public Road,1,"Trafficway, On Road",CT0009300,New Haven PD,42044,03:47.0,C,Closed,00:05.0,,1,10200,3,PRINCIPAL ARTERIAL - OTHER - NEW HPMS,1,Rural
909682,1,Complete,909682,909682,41.309429,-72.919077,3407823,New Haven,93,93,New Haven,2/17/2022,2022,2,February,17,5,Thursday,17:34:00,17,22005009,A,"Injury of any type (Serious, Minor, Possible)",C,Possible Injury (C),2,0,0,4,Local,1,575,STATE ST,STATE ST,GROVE ST,,,,,41.309429,-72.919077,14,Motor Vehicle in Operation,3,Angle,1,On Roadway,1,Clear,88,Not Applicable,4,Dark-Lighted,1,Dry,0,None,88,Not Applicable,88,Not Applicable,0,None,88,Not Applicable,88,Not Applicable,2,Intersection,2,Four-Way Intersection,1,No,1,No,88,Not Applicable,88,Not Applicable,88,Not Applicable,88,Not Applicable,FALSE,1,Public Road,1,"Trafficway, On Road",CT0009300,New Haven PD,40790,02:50.0,C,Closed,00:02.0,,4,10300,3,PRINCIPAL ARTERIAL - OTHER - NEW HPMS,2,Urban
909689,1,Complete,909689,909689,41.303599,-72.894034,3407830,New Haven,93,93,New Haven,2/18/2022,2022,2,February,18,6,Friday,11:10:00,11,22005086,A,"Injury of any type (Serious, Minor, Possible)",C,Possible Injury (C),2,0,0,4,Local,1.15,213,FERRY ST,FERRY ST,RIVER ST,,,,,41.303599,-72.894034,14,Motor Vehicle in Operation,97,Other,1,On Roadway,1,Clear,88,Not Applicable,1,Daylight,1,Dry,0,None,88,Not Applicable,88,Not Applicable,0,None,88,Not Applicable,88,Not Applicable,3,Intersection-Related,3,T-Intersection,1,No,1,No,88,Not Applicable,88,Not Applicable,88,Not Applicable,88,Not Applicable,FALSE,1,Public Road,1,"Trafficway, On Road",CT0009300,New Haven PD,86,45:53.0,C,Closed,00:09.0,,,,,,,
909697,1,Complete,909697,909697,41.30929,-72.935443,3407838,New Haven,93,93,New Haven,2/18/2022,2022,2,February,18,6,Friday,19:09:00,19,22005156,A,"Injury of any type (Serious, Minor, Possible)",C,Possible Injury (C),2,0,0,4,Local,0.24,310,HOWE ST,HOWE ST,CHAPEL ST,,,,,41.30929,-72.935443,14,Motor Vehicle in Operation,1,Front to rear,1,On Roadway,1,Clear,88,Not Applicable,4,Dark-Lighted,1,Dry,0,None,88,Not Applicable,88,Not Applicable,0,None,88,Not Applicable,88,Not Applicable,2,Intersection,2,Four-Way Intersection,1,No,1,No,88,Not Applicable,88,Not Applicable,88,Not Applicable,88,Not Applicable,TRUE,1,Public Road,1,"Trafficway, On Road",CT0009300,New Haven PD,114,28:30.0,O,Open,00:11.0,,,,,,,
909704,1,Complete,909704,909704,41.3113961,-72.9446214,3407845,New Haven,93,93,New Haven,2/19/2022,2022,2,February,19,7,Saturday,17:28:00,17,22005227,A,"Injury of any type (Serious, Minor, Possible)",B,Suspected Minor Injury (B),2,0,1,4,Local,0.39,556,SHERMAN AV,SHERMAN AV,CHAPEL ST,,,,,41.3113961,-72.9446214,14,Motor Vehicle in Operation,3,Angle,1,On Roadway,4,Rain,88,Not Applicable,1,Daylight,2,Wet,0,None,88,Not Applicable,88,Not Applicable,0,None,88,Not Applicable,88,Not Applicable,2,Intersection,2,Four-Way Intersection,1,No,1,No,88,Not Applicable,88,Not Applicable,88,Not Applicable,88,Not Applicable,FALSE,1,Public Road,1,"Trafficway, On Road",CT0009300,New Haven PD,42045,06:46.0,C,Closed,00:23.0,,,,,,,
909713,1,Complete,909713,909713,41.29096,-72.94162,3407854,New Haven,93,93,New Haven,2/20/2022,2022,2,February,20,1,Sunday,2:29:00,2,22005268,A,"Injury of any type (Serious, Minor, Possible)",C,Possible Injury (C),2,0,0,3,State,0.88,10,10-N,10-N,WASHINGTON AV NO 1,,,,,41.29096,-72.94162,14,Motor Vehicle in Operation,1,Front to rear,1,On Roadway,1,Clear,88,Not Applicable,4,Dark-Lighted,1,Dry,0,None,88,Not Applicable,88,Not Applicable,0,None,88,Not Applicable,88,Not Applicable,3,Intersection-Related,2,Four-Way Intersection,1,No,1,No,88,Not Applicable,88,Not Applicable,88,Not Applicable,88,Not Applicable,FALSE,1,Public Road,1,"Trafficway, On Road",CT0009300,New Haven PD,42366,01:53.0,C,Closed,00:23.0,,2,18000,3,PRINCIPAL ARTERIAL - OTHER - NEW HPMS,2,Urban
909717,1,Complete,909717,909717,41.319355,-72.904826,3407858,New Haven,93,93,New Haven,2/20/2022,2022,2,February,20,1,Sunday,23:42:00,23,22005349,A,"Injury of any type (Serious, Minor, Possible)",A,Suspected Serious Injury (A),2,0,0,1,Interstate,0,91,91-S-139,91-S-139,WILLOW ST,,,,,41.319355,-72.904826,14,Motor Vehicle in Operation,2,Front to front,1,On Roadway,1,Clear,88,Not Applicable,4,Dark-Lighted,1,Dry,0,None,88,Not Applicable,88,Not Applicable,0,None,88,Not Applicable,88,Not Applicable,2,Intersection,3,T-Intersection,1,No,1,No,88,Not Applicable,88,Not Applicable,88,Not Applicable,88,Not Applicable,FALSE,1,Public Road,1,"Trafficway, On Road",CT0009300,New Haven PD,114,53:06.0,C,Closed,00:30.0,,2,28800,1,INTERSTATE - NEW HPMS,2,Urban
909718,1,Complete,909718,909718,41.299594,-72.941309,3407859,New Haven,93,93,New Haven,2/21/2022,2022,2,February,21,2,Monday,1:06:00,1,22005355,A,"Injury of any type (Serious, Minor, Possible)",C,Possible Injury (C),1,0,0,4,Local,0.36,123,CONGRESS AV,CONGRESS AV,,REDFIELD ST,20,Feet,E,41.299594,-72.941309,33,Utility Pole/Light Support,88,Not Applicable,4,Roadside,1,Clear,88,Not Applicable,4,Dark-Lighted,1,Dry,0,None,88,Not Applicable,88,Not Applicable,0,None,88,Not Applicable,88,Not Applicable,1,Non-Junction,1,Not at Intersection,1,No,1,No,88,Not Applicable,88,Not Applicable,88,Not Applicable,88,Not Applicable,FALSE,1,Public Road,1,"Trafficway, On Road",CT0009300,New Haven PD,42370,02:24.0,C,Closed,00:29.0,,2,5800,4,MINOR ARTERIAL - NEW HPMS,2,Urban
910345,1,Complete,910345,910345,41.286121,-72.935927,3408486,New Haven,93,93,New Haven,2/20/2022,2022,2,February,20,1,Sunday,6:23:00,6,22005273,A,"Injury of any type (Serious, Minor, Possible)",C,Possible Injury (C),2,0,0,3,State,0.44,10,10-N,10-N,,KIMBERLY AVE,50,Feet,S,41.286121,-72.935927,14,Motor Vehicle in Operation,5,"Sideswipe, opposite direction",1,On Roadway,1,Clear,88,Not Applicable,1,Daylight,1,Dry,0,None,88,Not Applicable,88,Not Applicable,0,None,88,Not Applicable,88,Not Applicable,3,Intersection-Related,2,Four-Way Intersection,1,No,1,No,88,Not Applicable,88,Not Applicable,88,Not Applicable,88,Not Applicable,TRUE,1,Public Road,1,"Trafficway, On Road",CT0009300,New Haven PD,42366,31:05.0,C,Closed,00:54.0,,2,18600,3,PRINCIPAL ARTERIAL - OTHER - NEW HPMS,2,Urban
910348,1,Complete,910348,910348,41.326488,-72.932283,3408489,New Haven,93,93,New Haven,2/21/2022,2022,2,February,21,2,Monday,1:09:00,1,22005354,A,"Injury of any type (Serious, Minor, Possible)",C,Possible Injury (C),2,0,0,4,Local,0.15,151,DIVISION ST,DIVISION ST,,SHELTON AVE,150,Feet,E,41.326488,-72.932283,14,Motor Vehicle in Operation,3,Angle,1,On Roadway,1,Clear,88,Not Applicable,4,Dark-Lighted,1,Dry,0,None,88,Not Applicable,88,Not Applicable,0,None,88,Not Applicable,88,Not Applicable,1,Non-Junction,1,Not at Intersection,1,No,1,No,88,Not Applicable,88,Not Applicable,88,Not Applicable,88,Not Applicable,FALSE,1,Public Road,1,"Trafficway, On Road",CT0009300,New Haven PD,41104,04:42.0,C,Closed,00:48.0,,,,,,,
910353,1,Complete,910353,910353,41.319028,-72.949052,3408494,New Haven,93,93,New Haven,2/21/2022,2022,2,February,21,2,Monday,10:41:00,10,22005389,A,"Injury of any type (Serious, Minor, Possible)",B,Suspected Minor Injury (B),1,1,0,4,Local,0,653,WHALLEY AV,WHALLEY AV,10-N,,,,,41.319028,-72.949052,14,Motor Vehicle in Operation,3,Angle,1,On Roadway,1,Clear,88,Not Applicable,1,Daylight,1,Dry,0,None,88,Not Applicable,88,Not Applicable,0,None,88,Not Applicable,88,Not Applicable,2,Intersection,2,Four-Way Intersection,1,No,1,No,88,Not Applicable,88,Not Applicable,88,Not Applicable,88,Not Applicable,TRUE,1,Public Road,1,"Trafficway, On Road",CT0009300,New Haven PD,38715,27:02.0,C,Closed,00:57.0,22-005389,,,,,,
910356,1,Complete,910356,910356,41.318965,-72.940936,3408497,New Haven,93,93,New Haven,2/21/2022,2022,2,February,21,2,Monday,15:30:00,15,22005465,A,"Injury of any type (Serious, Minor, Possible)",C,Possible Injury (C),2,0,0,4,Local,0.95,556,SHERMAN AV,SHERMAN AV,,GOFFE ST,330,Feet,S,41.318965,-72.940936,14,Motor Vehicle in Operation,1,Front to rear,1,On Roadway,1,Clear,88,Not Applicable,1,Daylight,1,Dry,0,None,88,Not Applicable,88,Not Applicable,3,Backup Due to Regular Congestion,88,Not Applicable,88,Not Applicable,1,Non-Junction,1,Not at Intersection,1,No,1,No,88,Not Applicable,88,Not Applicable,88,Not Applicable,88,Not Applicable,FALSE,1,Public Road,1,"Trafficway, On Road",CT0009300,New Haven PD,40956,31:02.0,C,Closed,00:56.0,,,,,,,
910357,1,Complete,910357,910357,41.330653,-72.91366,3408498,New Haven,93,93,New Haven,2/21/2022,2022,2,February,21,2,Monday,16:55:00,16,22005483,A,"Injury of any type (Serious, Minor, Possible)",C,Possible Injury (C),1,0,0,4,Local,1.48,656,WHITNEY AV,WHITNEY AV,EAST ROCK RD,,,,,41.330653,-72.91366,38,"Other Post, Pole or Support",88,Not Applicable,1,On Roadway,1,Clear,88,Not Applicable,1,Daylight,1,Dry,0,None,88,Not Applicable,88,Not Applicable,0,None,88,Not Applicable,88,Not Applicable,3,Intersection-Related,2,Four-Way Intersection,1,No,1,No,88,Not Applicable,88,Not Applicable,88,Not Applicable,88,Not Applicable,FALSE,1,Public Road,1,"Trafficway, On Road",CT0009300,New Haven PD,42048,59:47.0,C,Closed,00:55.0,,2,14700,3,PRINCIPAL ARTERIAL - OTHER - NEW HPMS,2,Urban
910359,1,Complete,910359,910359,41.302855,-72.937396,3408500,New Haven,93,93,New Haven,2/21/2022,2022,2,February,21,2,Monday,22:01:00,22,22005517,A,"Injury of any type (Serious, Minor, Possible)",C,Possible Injury (C),2,0,0,4,Local,0.66,141,DAVENPORT AV,DAVENPORT AV,VERNON ST,,,,,41.302855,-72.937396,14,Motor Vehicle in Operation,3,Angle,1,On Roadway,1,Clear,88,Not Applicable,4,Dark-Lighted,1,Dry,0,None,88,Not Applicable,88,Not Applicable,0,None,88,Not Applicable,88,Not Applicable,2,Intersection,2,Four-Way Intersection,1,No,1,No,88,Not Applicable,88,Not Applicable,88,Not Applicable,88,Not Applicable,FALSE,1,Public Road,1,"Trafficway, On Road",CT0009300,New Haven PD,40818,30:46.0,C,Closed,00:56.0,,,,,,,
910772,1,Complete,910772,910772,41.272098,-72.890493,3408913,New Haven,93,93,New Haven,2/21/2022,2022,2,February,21,2,Monday,23:15:00,23,22005520,A,"Injury of any type (Serious, Minor, Possible)",C,Possible Injury (C),2,0,0,4,Local,0.05,272,HALL ST,HALL ST,,BURR ST,250,Feet,W,41.272098,-72.890493,14,Motor Vehicle in Operation,3,Angle,1,On Roadway,1,Clear,88,Not Applicable,6,Dark-Unknown Lighting,1,Dry,99,Unknown,88,Not Applicable,88,Not Applicable,99,Unknown,88,Not Applicable,88,Not Applicable,1,Non-Junction,1,Not at Intersection,1,No,1,No,88,Not Applicable,88,Not Applicable,88,Not Applicable,88,Not Applicable,TRUE,1,Public Road,1,"Trafficway, On Road",CT0009300,New Haven PD,40792,49:32.0,C,Closed,01:59.0,,,,,,,
910773,1,Complete,910773,910773,41.306699,-72.932969,3408914,New Haven,93,93,New Haven,2/22/2022,2022,2,February,22,3,Tuesday,1:48:00,1,22005529,A,"Injury of any type (Serious, Minor, Possible)",C,Possible Injury (C),1,1,0,4,Local,0.3,766,YORK ST,YORK ST,,CROWN STREET,160,Feet,N,41.306699,-72.932969,9,Pedestrian,88,Not Applicable,1,On Roadway,1,Clear,88,Not Applicable,4,Dark-Lighted,1,Dry,0,None,88,Not Applicable,88,Not Applicable,0,None,88,Not Applicable,88,Not Applicable,1,Non-Junction,1,Not at Intersection,1,No,1,No,88,Not Applicable,88,Not Applicable,88,Not Applicable,88,Not Applicable,TRUE,1,Public Road,1,"Trafficway, On Road",CT0009300,New Haven PD,11107,44:17.0,C,Closed,02:01.0,,2,5600,4,MINOR ARTERIAL - NEW HPMS,2,Urban
910779,1,Complete,910779,910779,41.328732,-72.964233,3408920,New Haven,93,93,New Haven,2/22/2022,2022,2,February,22,3,Tuesday,17:19:00,17,22005606,A,"Injury of any type (Serious, Minor, Possible)",C,Possible Injury (C),1,1,0,3,State,0.48,63,63-N,63-N,,EMMERSON ST,214,Feet,E,41.328732,-72.964233,9,Pedestrian,88,Not Applicable,1,On Roadway,4,Rain,4,Rain,4,Dark-Lighted,2,Wet,0,None,88,Not Applicable,88,Not Applicable,0,None,88,Not Applicable,88,Not Applicable,1,Non-Junction,1,Not at Intersection,1,No,1,No,88,Not Applicable,88,Not Applicable,88,Not Applicable,88,Not Applicable,TRUE,1,Public Road,1,"Trafficway, On Road",CT0009300,New Haven PD,55,09:30.0,C,Closed,02:05.0,,2,20300,3,PRINCIPAL ARTERIAL - OTHER - NEW HPMS,2,Urban
911118,1,Complete,911118,911118,41.318545,-72.938627,3409258,New Haven,93,93,New Haven,2/21/2022,2022,2,February,21,2,Monday,12:07:00,12,22005437,A,"Injury of any type (Serious, Minor, Possible)",C,Possible Injury (C),2,0,0,4,Local,0.2,257,GOFFE ST,GOFFE ST,COUNTY ST NO 1,,,,,41.318545,-72.938627,14,Motor Vehicle in Operation,5,"Sideswipe, opposite direction",1,On Roadway,1,Clear,88,Not Applicable,1,Daylight,1,Dry,0,None,88,Not Applicable,88,Not Applicable,0,None,88,Not Applicable,88,Not Applicable,2,Intersection,2,Four-Way Intersection,1,No,1,No,88,Not Applicable,88,Not Applicable,88,Not Applicable,88,Not Applicable,TRUE,1,Public Road,1,"Trafficway, On Road",CT0009300,New Haven PD,201,33:26.0,C,Closed,00:47.0,,,,,,,
911119,1,Complete,911119,911119,41.287691,-72.93142,3409259,New Haven,93,93,New Haven,2/22/2022,2022,2,February,22,3,Tuesday,13:30:00,13,22005581,A,"Injury of any type (Serious, Minor, Possible)",C,Possible Injury (C),2,0,1,4,Local,1.31,308,HOWARD AV,HOWARD AV,THIRD ST,,,,,41.287691,-72.93142,14,Motor Vehicle in Operation,3,Angle,1,On Roadway,1,Clear,88,Not Applicable,1,Daylight,1,Dry,0,None,88,Not Applicable,88,Not Applicable,0,None,88,Not Applicable,88,Not Applicable,2,Intersection,2,Four-Way Intersection,1,No,1,No,88,Not Applicable,88,Not Applicable,88,Not Applicable,88,Not Applicable,FALSE,1,Public Road,1,"Trafficway, On Road",CT0009300,New Haven PD,281,11:19.0,C,Closed,00:48.0,,,,,,,