CrashId,Fatal Case Status,Fatal Case Status Text Format,CrashId,CrashId,Latitude,Longitude,DOT Case Number,Town Name,Town Number,Town Number,Town Number Text Format,Date Of Crash,Year,Month,Month Text Format,Day,Day of the Week,Day of the Week Text Format,Time of Crash,Hour of the Day,Case Identifier,Crash Severity,Crash Severity Text Format,Most Severe Injury,Most Severe Injury Text Format,Number Of Motor Vehicles,Number Of Non-Motorist,Number Of Witnesses,Route Class,Route Class Text Format,Milemarker,Road Number,Road Description,Roadway Name,Intersecting Roadway Name,Landmark Description,Distance From Nearest Landmark,Unit Of Measure From Nearest Landmark,Direction From Nearest Landmark,Latitude,Longitude,First Harmful Event,First Harmful Event Text Format,Manner of Crash / Collision Impact,Manner of Crash / Collision Impact Text Format,Location of First Harmful Event,Location of First Harmful Event Text Format,Weather Condition,Weather Condition Text Format,Weather 2,Weather 2 Text Format,Light Condition,Light Condition Text Format,Road Surface Condition,Road Surface Condition Text Format,"Contributing Circumstances, Environment","Contributing Circumstances, Environment Text Format",Environment 2,Environment 2 Text Format,Environment 3,Environment 3 Text Format,"Contributing Circumstances, Road","Contributing Circumstances, Road Text Format",Road 2,Road 2 Text Format,Road 3,Road 3 Text Format,Crash Specific Location,Crash Specific Location Text Format,Type of Intersection,Type of Intersection Text Format,School Bus Related,School Bus Related Text Format,Work Zone Related,Work Zone Related Text Format,Location Of Crash Relative To Work Zone,Location Of Crash Relative To Work Zone Text Format,Type of Work Zone,Type of Work Zone Text Format,Worker Presence,Worker Presence Text Format,Law Enforcement Presence,Law Enforcement Presence Text Format,Were Vehicles Moved Prior To Police Arrival,Trafficway Ownership,Trafficway Ownership Text Format,Trafficway Class,Trafficway Class Text Format,Police Agency,Police Agency Text Format,Badge Number,Approval Date,Police Case Status,Police Case Status Text Format,Crash Report Submission Date,Related Case Identifiers,No. of Through Lanes (Log Dir.),Average Daily Traffic,Functional Classification,Functional Classification Text Format,Rural or Urban,Rural or Urban Text Format
913058,1,Complete,913058,913058,41.285877,-72.935566,3411198,New Haven,93,93,New Haven,3/1/2022,2022,3,March,1,3,Tuesday,14:06:00,14,22006352,A,"Injury of any type (Serious, Minor, Possible)",C,Possible Injury (C),2,0,0,3,State,0.42,10,10-N,10-N,,KIMBERLY AVE,230,Feet,S,41.285877,-72.935566,14,Motor Vehicle in Operation,4,"Sideswipe, same direction",1,On Roadway,1,Clear,88,Not Applicable,1,Daylight,1,Dry,0,None,88,Not Applicable,88,Not Applicable,0,None,88,Not Applicable,88,Not Applicable,1,Non-Junction,1,Not at Intersection,1,No,1,No,88,Not Applicable,88,Not Applicable,88,Not Applicable,88,Not Applicable,TRUE,1,Public Road,1,"Trafficway, On Road",CT0009300,New Haven PD,281,07:27.0,C,Closed,00:06.0,,2,18600,3,PRINCIPAL ARTERIAL - OTHER - NEW HPMS,2,Urban
913321,1,Complete,913321,913321,41.315252,-72.95088,3411461,New Haven,93,93,New Haven,2/27/2022,2022,2,February,27,1,Sunday,22:30:00,22,22006051,A,"Injury of any type (Serious, Minor, Possible)",B,Suspected Minor Injury (B),2,0,0,3,State,2.76,10,10-N,10-N,EDGEWOOD AV,,,,,41.315252,-72.95088,14,Motor Vehicle in Operation,1,Front to rear,1,On Roadway,1,Clear,88,Not Applicable,4,Dark-Lighted,1,Dry,0,None,88,Not Applicable,88,Not Applicable,0,None,88,Not Applicable,88,Not Applicable,2,Intersection,2,Four-Way Intersection,1,No,1,No,88,Not Applicable,88,Not Applicable,88,Not Applicable,88,Not Applicable,TRUE,1,Public Road,1,"Trafficway, On Road",CT0009300,New Haven PD,503,01:22.0,O,Open,01:40.0,,1,10200,3,PRINCIPAL ARTERIAL - OTHER - NEW HPMS,1,Rural
913322,1,Complete,913322,913322,41.327467,-72.953267,3411462,New Haven,93,93,New Haven,3/2/2022,2022,3,March,2,4,Wednesday,1:04:00,1,22006409,A,"Injury of any type (Serious, Minor, Possible)",C,Possible Injury (C),2,0,0,3,State,3.86,10,10-N,10-N,BLAKE ST,,,,,41.327467,-72.953267,14,Motor Vehicle in Operation,97,Other,1,On Roadway,4,Rain,88,Not Applicable,4,Dark-Lighted,2,Wet,0,None,88,Not Applicable,88,Not Applicable,0,None,88,Not Applicable,88,Not Applicable,2,Intersection,2,Four-Way Intersection,1,No,1,No,88,Not Applicable,88,Not Applicable,88,Not Applicable,88,Not Applicable,FALSE,1,Public Road,1,"Trafficway, On Road",CT0009300,New Haven PD,43614,02:53.0,C,Closed,01:33.0,,1,8900,4,MINOR ARTERIAL - NEW HPMS,1,Rural
913323,1,Complete,913323,913323,41.316635,-72.956535,3411463,New Haven,93,93,New Haven,3/2/2022,2022,3,March,2,4,Wednesday,14:13:00,14,22006489,A,"Injury of any type (Serious, Minor, Possible)",B,Suspected Minor Injury (B),2,0,1,4,Local,0.77,179,EDGEWOOD AV,EDGEWOOD AV,,PENDLETON ST,200,Feet,W,41.316635,-72.956535,14,Motor Vehicle in Operation,3,Angle,1,On Roadway,1,Clear,88,Not Applicable,1,Daylight,1,Dry,0,None,88,Not Applicable,88,Not Applicable,0,None,88,Not Applicable,88,Not Applicable,1,Non-Junction,1,Not at Intersection,1,No,1,No,88,Not Applicable,88,Not Applicable,88,Not Applicable,88,Not Applicable,FALSE,1,Public Road,1,"Trafficway, On Road",CT0009300,New Haven PD,313,41:15.0,C,Closed,01:36.0,,,,,,,
913334,1,Complete,913334,913334,41.319016,-72.948895,3411474,New Haven,93,93,New Haven,3/3/2022,2022,3,March,3,5,Thursday,19:04:00,19,22006643,A,"Injury of any type (Serious, Minor, Possible)",C,Possible Injury (C),2,0,0,4,Local,0.01,653,WHALLEY AV,WHALLEY AV,10-N,,,,,41.319016,-72.948895,14,Motor Vehicle in Operation,1,Front to rear,1,On Roadway,1,Clear,88,Not Applicable,4,Dark-Lighted,1,Dry,0,None,88,Not Applicable,88,Not Applicable,0,None,88,Not Applicable,88,Not Applicable,2,Intersection,2,Four-Way Intersection,1,No,1,No,88,Not Applicable,88,Not Applicable,88,Not Applicable,88,Not Applicable,FALSE,1,Public Road,1,"Trafficway, On Road",CT0009300,New Haven PD,40953,17:34.0,C,Closed,01:39.0,,,,,,,
913744,1,Complete,913744,913744,41.308833,-72.910152,3411884,New Haven,93,93,New Haven,3/2/2022,2022,3,March,2,4,Wednesday,16:22:00,16,22006503,A,"Injury of any type (Serious, Minor, Possible)",C,Possible Injury (C),2,0,0,4,Local,1.28,264,GRAND AV,GRAND AV,,EAST ST,90,Feet,W,41.308833,-72.910152,14,Motor Vehicle in Operation,1,Front to rear,1,On Roadway,1,Clear,88,Not Applicable,1,Daylight,1,Dry,0,None,88,Not Applicable,88,Not Applicable,0,None,88,Not Applicable,88,Not Applicable,2,Intersection,2,Four-Way Intersection,1,No,1,No,88,Not Applicable,88,Not Applicable,88,Not Applicable,88,Not Applicable,FALSE,1,Public Road,1,"Trafficway, On Road",CT0009300,New Haven PD,150,30:32.0,C,Closed,02:00.0,,,,,,,
913748,1,Complete,913748,913748,41.3108788,-72.8926094,3411888,New Haven,93,93,New Haven,3/3/2022,2022,3,March,3,5,Thursday,20:57:00,20,22006652,A,"Injury of any type (Serious, Minor, Possible)",C,Possible Injury (C),1,0,0,4,Local,0.54,29,ATWATER ST,ATWATER ST,,GRAND AVE,500,Feet,N,41.3108788,-72.8926094,32,Tree (standing),88,Not Applicable,4,Roadside,1,Clear,88,Not Applicable,4,Dark-Lighted,1,Dry,0,None,88,Not Applicable,88,Not Applicable,0,None,88,Not Applicable,88,Not Applicable,1,Non-Junction,1,Not at Intersection,1,No,1,No,88,Not Applicable,88,Not Applicable,88,Not Applicable,88,Not Applicable,FALSE,1,Public Road,1,"Trafficway, On Road",CT0009300,New Haven PD,42053,04:38.0,C,Closed,01:44.0,,2,2476,7,LOCAL - NEW HPMS,2,Urban
913749,1,Complete,913749,913749,41.31137,-72.94456,3411889,New Haven,93,93,New Haven,3/3/2022,2022,3,March,3,5,Thursday,22:54:00,22,22006662,A,"Injury of any type (Serious, Minor, Possible)",C,Possible Injury (C),3,0,1,4,Local,2.82,97,CHAPEL ST,CHAPEL ST,SHERMAN AV,,,,,41.31137,-72.94456,15,Parked Motor Vehicle,97,Other,1,On Roadway,1,Clear,88,Not Applicable,4,Dark-Lighted,1,Dry,0,None,88,Not Applicable,88,Not Applicable,0,None,88,Not Applicable,88,Not Applicable,2,Intersection,2,Four-Way Intersection,1,No,1,No,88,Not Applicable,88,Not Applicable,88,Not Applicable,88,Not Applicable,FALSE,1,Public Road,1,"Trafficway, On Road",CT0009300,New Haven PD,11107,25:36.0,C,Closed,01:44.0,,,,,,,
913750,1,Complete,913750,913750,41.3141287,-72.9398719,3411890,New Haven,93,93,New Haven,3/4/2022,2022,3,March,4,6,Friday,0:45:00,0,22006666,A,"Injury of any type (Serious, Minor, Possible)",C,Possible Injury (C),2,0,0,4,Local,0.9,453,ORCHARD ST,ORCHARD ST,ELM ST NO 1,,,,,41.3141287,-72.9398719,14,Motor Vehicle in Operation,3,Angle,1,On Roadway,1,Clear,88,Not Applicable,5,Dark-Not Lighted,1,Dry,0,None,88,Not Applicable,88,Not Applicable,11,"Traffic Control Device Inoperative, Missing, or Obscured",88,Not Applicable,88,Not Applicable,2,Intersection,3,T-Intersection,1,No,1,No,88,Not Applicable,88,Not Applicable,88,Not Applicable,88,Not Applicable,FALSE,1,Public Road,1,"Trafficway, On Road",CT0009300,New Haven PD,42053,12:52.0,C,Closed,01:48.0,,,,,,,
913753,1,Complete,913753,913753,41.323556,-72.949901,3411893,New Haven,93,93,New Haven,3/4/2022,2022,3,March,4,6,Friday,15:27:00,15,22006780,A,"Injury of any type (Serious, Minor, Possible)",C,Possible Injury (C),1,0,0,4,Local,0.05,258,GOFFE TER,GOFFE TER,ROYDON RD,,,,,41.323556,-72.949901,36,Fence,88,Not Applicable,4,Roadside,1,Clear,88,Not Applicable,1,Daylight,1,Dry,97,Other,88,Not Applicable,88,Not Applicable,0,None,88,Not Applicable,88,Not Applicable,3,Intersection-Related,3,T-Intersection,1,No,1,No,88,Not Applicable,88,Not Applicable,88,Not Applicable,88,Not Applicable,FALSE,1,Public Road,1,"Trafficway, On Road",CT0009300,New Haven PD,9,29:50.0,C,Closed,01:50.0,,2,6700,5,MAJOR COLLECTOR - NEW HPMS,2,Urban
913761,1,Complete,913761,913761,41.30211,-72.92867,3411901,New Haven,93,93,New Haven,3/4/2022,2022,3,March,4,6,Friday,22:25:00,22,22006825,A,"Injury of any type (Serious, Minor, Possible)",B,Suspected Minor Injury (B),1,1,1,4,Local,0.28,564,SOUTH FRONTAGE RD,SOUTH FRONTAGE RD,CHURCH ST SOUTH NO 1,,,,,41.30211,-72.92867,9,Pedestrian,88,Not Applicable,1,On Roadway,1,Clear,88,Not Applicable,4,Dark-Lighted,1,Dry,0,None,88,Not Applicable,88,Not Applicable,0,None,88,Not Applicable,88,Not Applicable,2,Intersection,2,Four-Way Intersection,1,No,1,No,88,Not Applicable,88,Not Applicable,88,Not Applicable,88,Not Applicable,FALSE,1,Public Road,1,"Trafficway, On Road",CT0009300,New Haven PD,42056,14:34.0,C,Closed,02:05.0,,5,15300,3,PRINCIPAL ARTERIAL - OTHER - NEW HPMS,2,Urban
913763,1,Complete,913763,913763,41.313487,-72.923575,3411903,New Haven,93,93,New Haven,3/5/2022,2022,3,March,5,7,Saturday,0:43:00,0,22006852,A,"Injury of any type (Serious, Minor, Possible)",C,Possible Injury (C),2,0,0,4,Local,0.08,601,TRUMBULL ST,TRUMBULL ST,HILLHOUSE AV,,,,,41.313487,-72.923575,14,Motor Vehicle in Operation,3,Angle,1,On Roadway,1,Clear,88,Not Applicable,4,Dark-Lighted,1,Dry,0,None,88,Not Applicable,88,Not Applicable,0,None,88,Not Applicable,88,Not Applicable,2,Intersection,2,Four-Way Intersection,1,No,1,No,88,Not Applicable,88,Not Applicable,88,Not Applicable,88,Not Applicable,FALSE,1,Public Road,1,"Trafficway, On Road",CT0009300,New Haven PD,40799,53:17.0,C,Closed,01:54.0,,,,,,,
913771,1,Complete,913771,913771,41.29067,-72.9369,3411911,New Haven,93,93,New Haven,3/5/2022,2022,3,March,5,7,Saturday,14:04:00,14,22006898,A,"Injury of any type (Serious, Minor, Possible)",B,Suspected Minor Injury (B),2,0,0,4,Local,0.19,350,LAMBERTON ST,LAMBERTON ST,HURLBURT ST,,,,,41.29067,-72.9369,14,Motor Vehicle in Operation,3,Angle,1,On Roadway,1,Clear,88,Not Applicable,1,Daylight,1,Dry,0,None,88,Not Applicable,88,Not Applicable,0,None,88,Not Applicable,88,Not Applicable,2,Intersection,3,T-Intersection,1,No,1,No,88,Not Applicable,88,Not Applicable,88,Not Applicable,88,Not Applicable,FALSE,1,Public Road,1,"Trafficway, On Road",CT0009300,New Haven PD,268,05:38.0,C,Closed,01:59.0,,,,,,,
913782,1,Complete,913782,913782,41.306198,-72.935233,3411922,New Haven,93,93,New Haven,3/5/2022,2022,3,March,5,7,Saturday,22:00:00,22,22007011,A,"Injury of any type (Serious, Minor, Possible)",C,Possible Injury (C),2,0,0,4,Local,0.64,809,REV DR MLK JR BLVD,REV DR MLK JR BLVD,PARK ST,,,,,41.306198,-72.935233,14,Motor Vehicle in Operation,4,"Sideswipe, same direction",1,On Roadway,1,Clear,88,Not Applicable,4,Dark-Lighted,1,Dry,0,None,88,Not Applicable,88,Not Applicable,0,None,88,Not Applicable,88,Not Applicable,2,Intersection,2,Four-Way Intersection,1,No,1,No,88,Not Applicable,88,Not Applicable,88,Not Applicable,88,Not Applicable,FALSE,1,Public Road,1,"Trafficway, On Road",CT0009300,New Haven PD,40810,19:44.0,O,Open,02:08.0,,,,,,,
914425,1,Complete,914425,914425,41.302597,-72.928073,3412565,New Haven,93,93,New Haven,3/7/2022,2022,3,March,7,2,Monday,5:39:00,5,22007044,A,"Injury of any type (Serious, Minor, Possible)",C,Possible Injury (C),2,0,0,4,Local,0.18,809,REV DR MLK JR BLVD,REV DR MLK JR BLVD,,CHURCH STREET S,50,Feet,W,41.302597,-72.928073,14,Motor Vehicle in Operation,4,"Sideswipe, same direction",1,On Roadway,1,Clear,88,Not Applicable,1,Daylight,1,Dry,0,None,88,Not Applicable,88,Not Applicable,0,None,88,Not Applicable,88,Not Applicable,1,Non-Junction,1,Not at Intersection,1,No,1,No,88,Not Applicable,88,Not Applicable,88,Not Applicable,88,Not Applicable,FALSE,1,Public Road,1,"Trafficway, On Road",CT0009300,New Haven PD,42370,22:51.0,C,Closed,00:38.0,,,,,,,
914426,1,Complete,914426,914426,41.297767,-72.937074,3412566,New Haven,93,93,New Haven,3/7/2022,2022,3,March,7,2,Monday,9:47:00,9,22007054,A,"Injury of any type (Serious, Minor, Possible)",C,Possible Injury (C),1,1,0,2,USRoute,47.25,1,1-N,1-N,,ARCH ST,130,Feet,E,41.297767,-72.937074,14,Motor Vehicle in Operation,3,Angle,4,Roadside,1,Clear,88,Not Applicable,1,Daylight,1,Dry,0,None,88,Not Applicable,88,Not Applicable,0,None,88,Not Applicable,88,Not Applicable,9,Driveway Access-Related,1,Not at Intersection,1,No,1,No,88,Not Applicable,88,Not Applicable,88,Not Applicable,88,Not Applicable,TRUE,1,Public Road,1,"Trafficway, On Road",CT0009300,New Haven PD,281,29:19.0,C,Closed,00:44.0,,1,8600,3,PRINCIPAL ARTERIAL - OTHER - NEW HPMS,1,Rural
914428,1,Complete,914428,914428,41.308942,-72.935736,3412568,New Haven,93,93,New Haven,3/7/2022,2022,3,March,7,2,Monday,12:22:00,12,22007071,A,"Injury of any type (Serious, Minor, Possible)",C,Possible Injury (C),2,0,0,4,Local,0.21,310,HOWE ST,HOWE ST,,CHAPEL ST,300,Feet,S,41.308942,-72.935736,14,Motor Vehicle in Operation,3,Angle,1,On Roadway,1,Clear,88,Not Applicable,1,Daylight,1,Dry,0,None,88,Not Applicable,88,Not Applicable,0,None,88,Not Applicable,88,Not Applicable,1,Non-Junction,1,Not at Intersection,1,No,1,No,88,Not Applicable,88,Not Applicable,88,Not Applicable,88,Not Applicable,FALSE,1,Public Road,1,"Trafficway, On Road",CT0009300,New Haven PD,349,34:11.0,C,Closed,00:39.0,,,,,,,
914434,1,Complete,914434,914434,41.308686,-72.899812,3412574,New Haven,93,93,New Haven,3/7/2022,2022,3,March,7,2,Monday,18:40:00,18,22007112,A,"Injury of any type (Serious, Minor, Possible)",B,Suspected Minor Injury (B),1,1,1,4,Local,0.74,264,GRAND AV,GRAND AV,,BLATCHLEY AVE,130,Feet,W,41.308686,-72.899812,9,Pedestrian,88,Not Applicable,1,On Roadway,1,Clear,88,Not Applicable,4,Dark-Lighted,1,Dry,0,None,88,Not Applicable,88,Not Applicable,0,None,88,Not Applicable,88,Not Applicable,11,Through Roadway,1,Not at Intersection,1,No,1,No,88,Not Applicable,88,Not Applicable,88,Not Applicable,88,Not Applicable,FALSE,1,Public Road,1,"Trafficway, On Road",CT0009300,New Haven PD,40793,09:09.0,C,Closed,00:45.0,,2,14400,4,MINOR ARTERIAL - NEW HPMS,2,Urban
914435,1,Complete,914435,914435,41.305507,-72.952596,3412575,New Haven,93,93,New Haven,3/7/2022,2022,3,March,7,2,Monday,19:23:00,19,22007114,A,"Injury of any type (Serious, Minor, Possible)",C,Possible Injury (C),2,0,0,3,State,2.05,10,10-N,10-N,LEGION AV-RT 34,,,,,41.305507,-72.952596,14,Motor Vehicle in Operation,3,Angle,1,On Roadway,1,Clear,88,Not Applicable,4,Dark-Lighted,2,Wet,0,None,88,Not Applicable,88,Not Applicable,0,None,88,Not Applicable,88,Not Applicable,2,Intersection,3,T-Intersection,1,No,1,No,88,Not Applicable,88,Not Applicable,88,Not Applicable,88,Not Applicable,FALSE,1,Public Road,1,"Trafficway, On Road",CT0009300,New Haven PD,114,32:45.0,C,Closed,00:43.0,,2,20800,3,PRINCIPAL ARTERIAL - OTHER - NEW HPMS,2,Urban
915697,1,Complete,915697,915697,41.33191,-72.93576,3412854,New Haven,93,93,New Haven,3/6/2022,2022,3,March,6,1,Sunday,7:30:00,7,22006958,A,"Injury of any type (Serious, Minor, Possible)",C,Possible Injury (C),4,0,0,4,Local,0.03,664,WILLIS ST,WILLIS ST,,DIXWELL AVE,50,Feet,W,41.33191,-72.93576,14,Motor Vehicle in Operation,4,"Sideswipe, same direction",2,Shoulder,4,Rain,88,Not Applicable,1,Daylight,2,Wet,0,None,88,Not Applicable,88,Not Applicable,0,None,88,Not Applicable,88,Not Applicable,3,Intersection-Related,3,T-Intersection,1,No,1,No,88,Not Applicable,88,Not Applicable,88,Not Applicable,88,Not Applicable,FALSE,1,Public Road,1,"Trafficway, On Road",CT0009300,New Haven PD,322,03:08.0,O,Open,02:06.0,,,,,,,
915700,1,Complete,915700,915700,41.313865,-72.911562,3412857,New Haven,93,93,New Haven,3/8/2022,2022,3,March,8,3,Tuesday,8:15:00,8,22007145,A,"Injury of any type (Serious, Minor, Possible)",C,Possible Injury (C),2,0,0,4,Local,0.5,316,HUMPHREY ST,HUMPHREY ST,91-S-137,,,,,41.313865,-72.911562,14,Motor Vehicle in Operation,3,Angle,1,On Roadway,1,Clear,88,Not Applicable,1,Daylight,1,Dry,0,None,88,Not Applicable,88,Not Applicable,0,None,88,Not Applicable,88,Not Applicable,4,Entrance / Exit Ramp,1,Not at Intersection,1,No,1,No,88,Not Applicable,88,Not Applicable,88,Not Applicable,88,Not Applicable,FALSE,1,Public Road,1,"Trafficway, On Road",CT0009300,New Haven PD,199,47:46.0,C,Closed,01:58.0,,,,,,,
916022,1,Complete,916022,916022,41.293694,-72.944674,3413179,New Haven,93,93,New Haven,2/27/2022,2022,2,February,27,1,Sunday,13:39:00,13,22006084,A,"Injury of any type (Serious, Minor, Possible)",A,Suspected Serious Injury (A),2,0,0,3,State,1.13,10,10-S,10-S,,ADELINE STREET,300,Feet,N,41.293694,-72.944674,14,Motor Vehicle in Operation,4,"Sideswipe, same direction",1,On Roadway,1,Clear,88,Not Applicable,1,Daylight,1,Dry,0,None,88,Not Applicable,88,Not Applicable,0,None,88,Not Applicable,88,Not Applicable,1,Non-Junction,1,Not at Intersection,1,No,1,No,88,Not Applicable,88,Not Applicable,88,Not Applicable,88,Not Applicable,FALSE,1,Public Road,1,"Trafficway, On Road",CT0009300,New Haven PD,370,51:17.0,C,Closed,01:08.0,,2,20300,3,PRINCIPAL ARTERIAL - OTHER - NEW HPMS,2,Urban
916024,1,Complete,916024,916024,41.29003,-72.94043,3413181,New Haven,93,93,New Haven,3/6/2022,2022,3,March,6,1,Sunday,3:42:00,3,22006948,A,"Injury of any type (Serious, Minor, Possible)",C,Possible Injury (C),2,0,0,3,State,0.8,10,10-N,10-N,LAMBERTON ST,,,,,41.29003,-72.94043,14,Motor Vehicle in Operation,3,Angle,1,On Roadway,1,Clear,88,Not Applicable,4,Dark-Lighted,1,Dry,0,None,88,Not Applicable,88,Not Applicable,0,None,88,Not Applicable,88,Not Applicable,2,Intersection,3,T-Intersection,1,No,1,No,88,Not Applicable,88,Not Applicable,88,Not Applicable,88,Not Applicable,FALSE,1,Public Road,1,"Trafficway, On Road",CT0009300,New Haven PD,293,07:05.0,C,Closed,01:07.0,,2,18000,3,PRINCIPAL ARTERIAL - OTHER - NEW HPMS,2,Urban
916025,1,Complete,916025,916025,41.32856,-72.93756,3413182,New Haven,93,93,New Haven,3/8/2022,2022,3,March,8,3,Tuesday,12:52:00,12,22007184,A,"Injury of any type (Serious, Minor, Possible)",C,Possible Injury (C),2,0,1,4,Local,0.66,557,SHERMAN PKWY,SHERMAN PKWY,,FORD ST,50,Feet,N,41.32856,-72.93756,14,Motor Vehicle in Operation,3,Angle,1,On Roadway,1,Clear,88,Not Applicable,1,Daylight,1,Dry,0,None,88,Not Applicable,88,Not Applicable,0,None,88,Not Applicable,88,Not Applicable,1,Non-Junction,1,Not at Intersection,1,No,1,No,88,Not Applicable,88,Not Applicable,88,Not Applicable,88,Not Applicable,FALSE,1,Public Road,1,"Trafficway, On Road",CT0009300,New Haven PD,432,27:30.0,C,Closed,01:09.0,,,,,,,
916030,1,Complete,916030,916030,41.32053,-72.94128,3413187,New Haven,93,93,New Haven,3/9/2022,2022,3,March,9,4,Wednesday,8:09:00,8,22007265,A,"Injury of any type (Serious, Minor, Possible)",B,Suspected Minor Injury (B),2,0,1,4,Local,0.55,258,GOFFE TER,GOFFE TER,CARMEL ST,,,,,41.32053,-72.94128,14,Motor Vehicle in Operation,3,Angle,1,On Roadway,1,Clear,88,Not Applicable,1,Daylight,1,Dry,0,None,88,Not Applicable,88,Not Applicable,0,None,88,Not Applicable,88,Not Applicable,2,Intersection,2,Four-Way Intersection,1,No,1,No,88,Not Applicable,88,Not Applicable,88,Not Applicable,88,Not Applicable,FALSE,1,Public Road,1,"Trafficway, On Road",CT0009300,New Haven PD,238,11:07.0,C,Closed,01:10.0,,,,,,,
916033,1,Complete,916033,916033,41.308394,-72.913091,3413190,New Haven,93,93,New Haven,3/9/2022,2022,3,March,9,4,Wednesday,11:13:00,11,22007303,A,"Injury of any type (Serious, Minor, Possible)",C,Possible Injury (C),2,0,0,4,Local,1.43,264,GRAND AV,GRAND AV,,FRANKLIN STREET,200,Feet,E,41.308394,-72.913091,14,Motor Vehicle in Operation,1,Front to rear,1,On Roadway,7,Snow,88,Not Applicable,1,Daylight,2,Wet,0,None,88,Not Applicable,88,Not Applicable,0,None,88,Not Applicable,88,Not Applicable,1,Non-Junction,1,Not at Intersection,1,No,1,No,88,Not Applicable,88,Not Applicable,88,Not Applicable,88,Not Applicable,FALSE,1,Public Road,1,"Trafficway, On Road",CT0009300,New Haven PD,351,46:04.0,C,Closed,01:11.0,,,,,,,
916034,1,Complete,916034,916034,41.309593,-72.93087,3413191,New Haven,93,93,New Haven,3/9/2022,2022,3,March,9,4,Wednesday,12:23:00,12,22007308,A,"Injury of any type (Serious, Minor, Possible)",C,Possible Injury (C),1,1,1,4,Local,0.54,766,YORK ST,YORK ST,,ELM ST,468,Feet,S,41.309593,-72.93087,9,Pedestrian,88,Not Applicable,1,On Roadway,7,Snow,88,Not Applicable,1,Daylight,2,Wet,0,None,88,Not Applicable,88,Not Applicable,0,None,88,Not Applicable,88,Not Applicable,1,Non-Junction,1,Not at Intersection,1,No,1,No,88,Not Applicable,88,Not Applicable,88,Not Applicable,88,Not Applicable,TRUE,1,Public Road,1,"Trafficway, On Road",CT0009300,New Haven PD,165,25:52.0,C,Closed,01:13.0,,2,5600,4,MINOR ARTERIAL - NEW HPMS,2,Urban
916036,1,Complete,916036,916036,41.33148,-72.92549,3413193,New Haven,93,93,New Haven,3/9/2022,2022,3,March,9,4,Wednesday,16:51:00,16,22007332,A,"Injury of any type (Serious, Minor, Possible)",C,Possible Injury (C),2,0,0,4,Local,1.11,669,WINCHESTER AV,WINCHESTER AV,HUNTINGTON ST,,,,,41.33148,-72.92549,14,Motor Vehicle in Operation,1,Front to rear,1,On Roadway,4,Rain,88,Not Applicable,1,Daylight,2,Wet,0,None,88,Not Applicable,88,Not Applicable,0,None,88,Not Applicable,88,Not Applicable,2,Intersection,2,Four-Way Intersection,1,No,1,No,88,Not Applicable,88,Not Applicable,88,Not Applicable,88,Not Applicable,FALSE,1,Public Road,1,"Trafficway, On Road",CT0009300,New Haven PD,42052,40:46.0,C,Closed,01:15.0,,,,,,,
916038,1,Complete,916038,916038,41.31911,-72.9492,3413195,New Haven,93,93,New Haven,3/9/2022,2022,3,March,9,4,Wednesday,22:02:00,22,22007378,A,"Injury of any type (Serious, Minor, Possible)",C,Possible Injury (C),2,0,0,4,Local,0,653,WHALLEY AV,WHALLEY AV,10-N,,,,,41.31911,-72.9492,14,Motor Vehicle in Operation,1,Front to rear,1,On Roadway,1,Clear,88,Not Applicable,4,Dark-Lighted,2,Wet,0,None,88,Not Applicable,88,Not Applicable,0,None,88,Not Applicable,88,Not Applicable,2,Intersection,2,Four-Way Intersection,1,No,1,No,88,Not Applicable,88,Not Applicable,88,Not Applicable,88,Not Applicable,FALSE,1,Public Road,1,"Trafficway, On Road",CT0009300,New Haven PD,40804,51:00.0,C,Closed,01:19.0,,,,,,,
916613,1,Complete,916613,916613,41.30933,-72.8888,3413770,New Haven,93,93,New Haven,3/5/2022,2022,3,March,5,7,Saturday,2:07:00,2,22006857,A,"Injury of any type (Serious, Minor, Possible)",C,Possible Injury (C),2,0,0,4,Local,0.15,264,GRAND AV,GRAND AV,FRONT ST,,,,,41.30933,-72.8888,14,Motor Vehicle in Operation,5,"Sideswipe, opposite direction",1,On Roadway,4,Rain,88,Not Applicable,4,Dark-Lighted,2,Wet,0,None,88,Not Applicable,88,Not Applicable,0,None,88,Not Applicable,88,Not Applicable,2,Intersection,2,Four-Way Intersection,1,No,1,No,88,Not Applicable,88,Not Applicable,88,Not Applicable,88,Not Applicable,FALSE,1,Public Road,1,"Trafficway, On Road",CT0009300,New Haven PD,370,15:12.0,O,Open,01:48.0,,,,,,,
916614,1,Complete,916614,916614,41.319804,-72.871295,3413771,New Haven,93,93,New Haven,3/6/2022,2022,3,March,6,1,Sunday,16:25:00,16,22006984,A,"Injury of any type (Serious, Minor, Possible)",C,Possible Injury (C),2,0,0,,,,,,WALGREENS PARKING LOT,,FOXON BLVD,50,Feet,S,41.319804,-72.871295,14,Motor Vehicle in Operation,7,Rear to rear,7,In Parking Lane or Zone,1,Clear,88,Not Applicable,1,Daylight,1,Dry,0,None,88,Not Applicable,88,Not Applicable,0,None,88,Not Applicable,88,Not Applicable,1,Non-Junction,1,Not at Intersection,1,No,1,No,88,Not Applicable,88,Not Applicable,88,Not Applicable,88,Not Applicable,TRUE,88,Not Applicable,4,Parking Lot,CT0009300,New Haven PD,42055,41:50.0,O,Open,00:43.0,,,,,,,
916618,1,Complete,916618,916618,41.32803,-72.93513,3413775,New Haven,93,93,New Haven,3/8/2022,2022,3,March,8,3,Tuesday,7:37:00,7,22007144,A,"Injury of any type (Serious, Minor, Possible)",C,Possible Injury (C),2,0,0,4,Local,0.41,592,THOMPSON ST,THOMPSON ST,DIXWELL AVE,,,,,41.32803,-72.93513,14,Motor Vehicle in Operation,1,Front to rear,1,On Roadway,1,Clear,88,Not Applicable,1,Daylight,1,Dry,0,None,88,Not Applicable,88,Not Applicable,0,None,88,Not Applicable,88,Not Applicable,1,Non-Junction,1,Not at Intersection,1,No,1,No,88,Not Applicable,88,Not Applicable,88,Not Applicable,88,Not Applicable,TRUE,1,Public Road,1,"Trafficway, On Road",CT0009300,New Haven PD,432,49:09.0,C,Closed,00:44.0,,,,,,,