CrashId,Fatal Case Status,Fatal Case Status Text Format,CrashId,CrashId,Latitude,Longitude,DOT Case Number,Town Name,Town Number,Town Number,Town Number Text Format,Date Of Crash,Year,Month,Month Text Format,Day,Day of the Week,Day of the Week Text Format,Time of Crash,Hour of the Day,Case Identifier,Crash Severity,Crash Severity Text Format,Most Severe Injury,Most Severe Injury Text Format,Number Of Motor Vehicles,Number Of Non-Motorist,Number Of Witnesses,Route Class,Route Class Text Format,Milemarker,Road Number,Road Description,Roadway Name,Intersecting Roadway Name,Landmark Description,Distance From Nearest Landmark,Unit Of Measure From Nearest Landmark,Direction From Nearest Landmark,Latitude,Longitude,First Harmful Event,First Harmful Event Text Format,Manner of Crash / Collision Impact,Manner of Crash / Collision Impact Text Format,Location of First Harmful Event,Location of First Harmful Event Text Format,Weather Condition,Weather Condition Text Format,Weather 2,Weather 2 Text Format,Light Condition,Light Condition Text Format,Road Surface Condition,Road Surface Condition Text Format,"Contributing Circumstances, Environment","Contributing Circumstances, Environment Text Format",Environment 2,Environment 2 Text Format,Environment 3,Environment 3 Text Format,"Contributing Circumstances, Road","Contributing Circumstances, Road Text Format",Road 2,Road 2 Text Format,Road 3,Road 3 Text Format,Crash Specific Location,Crash Specific Location Text Format,Type of Intersection,Type of Intersection Text Format,School Bus Related,School Bus Related Text Format,Work Zone Related,Work Zone Related Text Format,Location Of Crash Relative To Work Zone,Location Of Crash Relative To Work Zone Text Format,Type of Work Zone,Type of Work Zone Text Format,Worker Presence,Worker Presence Text Format,Law Enforcement Presence,Law Enforcement Presence Text Format,Were Vehicles Moved Prior To Police Arrival,Trafficway Ownership,Trafficway Ownership Text Format,Trafficway Class,Trafficway Class Text Format,Police Agency,Police Agency Text Format,Badge Number,Approval Date,Police Case Status,Police Case Status Text Format,Crash Report Submission Date,Related Case Identifiers,No. of Through Lanes (Log Dir.),Average Daily Traffic,Functional Classification,Functional Classification Text Format,Rural or Urban,Rural or Urban Text Format
918494,1,Complete,918494,918494,41.314308,-72.921318,3415651,New Haven,93,93,New Haven,3/20/2022,2022,3,March,20,1,Sunday,20:47:00,20,22008683,A,"Injury of any type (Serious, Minor, Possible)",C,Possible Injury (C),1,0,0,4,Local,0.27,656,WHITNEY AV,WHITNEY AV,BRADLEY ST NO 2,,,,,41.314308,-72.921318,33,Utility Pole/Light Support,88,Not Applicable,8,"Off Roadway,  Location Unknown",1,Clear,88,Not Applicable,4,Dark-Lighted,1,Dry,0,None,88,Not Applicable,88,Not Applicable,0,None,88,Not Applicable,88,Not Applicable,2,Intersection,3,T-Intersection,1,No,1,No,88,Not Applicable,88,Not Applicable,88,Not Applicable,88,Not Applicable,FALSE,1,Public Road,1,"Trafficway, On Road",CT0009300,New Haven PD,30,41:00.0,C,Closed,01:40.0,NONE,4,12100,3,PRINCIPAL ARTERIAL - OTHER - NEW HPMS,2,Urban
919367,1,Complete,919367,919367,41.308222,-72.92405,3416524,New Haven,93,93,New Haven,3/10/2022,2022,3,March,10,5,Thursday,15:25:00,15,22007449,A,"Injury of any type (Serious, Minor, Possible)",B,Suspected Minor Injury (B),2,1,2,4,Local,0.34,103,CHURCH ST,CHURCH ST,ELM ST NO 2,,,,,41.308222,-72.92405,14,Motor Vehicle in Operation,4,"Sideswipe, same direction",1,On Roadway,2,Cloudy,88,Not Applicable,1,Daylight,1,Dry,0,None,88,Not Applicable,88,Not Applicable,0,None,88,Not Applicable,88,Not Applicable,2,Intersection,2,Four-Way Intersection,1,No,1,No,88,Not Applicable,88,Not Applicable,88,Not Applicable,88,Not Applicable,TRUE,1,Public Road,1,"Trafficway, On Road",CT0009300,New Haven PD,97,22:52.0,C,Closed,00:01.0,,,,,,,
919371,1,Complete,919371,919371,41.28632,-72.93614,3416528,New Haven,93,93,New Haven,3/21/2022,2022,3,March,21,2,Monday,20:28:00,20,22008819,A,"Injury of any type (Serious, Minor, Possible)",C,Possible Injury (C),2,0,1,3,State,0.46,10,10-N,10-N,745-E,,,,,41.28632,-72.93614,14,Motor Vehicle in Operation,3,Angle,1,On Roadway,1,Clear,88,Not Applicable,4,Dark-Lighted,1,Dry,0,None,88,Not Applicable,88,Not Applicable,0,None,88,Not Applicable,88,Not Applicable,2,Intersection,2,Four-Way Intersection,1,No,1,No,88,Not Applicable,88,Not Applicable,88,Not Applicable,88,Not Applicable,TRUE,1,Public Road,1,"Trafficway, On Road",CT0009300,New Haven PD,980,50:03.0,C,Closed,00:08.0,,2,18600,3,PRINCIPAL ARTERIAL - OTHER - NEW HPMS,2,Urban
919373,1,Complete,919373,919373,41.305275,-72.933238,3416530,New Haven,93,93,New Haven,3/21/2022,2022,3,March,21,2,Monday,22:55:00,22,22008834,A,"Injury of any type (Serious, Minor, Possible)",C,Possible Injury (C),2,0,0,4,Local,0.51,809,REV DR MLK JR BLVD,REV DR MLK JR BLVD,,YORK ST,60,Feet,E,41.305275,-72.933238,14,Motor Vehicle in Operation,4,"Sideswipe, same direction",1,On Roadway,1,Clear,88,Not Applicable,4,Dark-Lighted,1,Dry,0,None,88,Not Applicable,88,Not Applicable,0,None,88,Not Applicable,88,Not Applicable,8,Driveway Access,1,Not at Intersection,1,No,1,No,88,Not Applicable,88,Not Applicable,88,Not Applicable,88,Not Applicable,FALSE,1,Public Road,1,"Trafficway, On Road",CT0009300,New Haven PD,281,07:12.0,C,Closed,00:05.0,,,,,,,
919379,1,Complete,919379,919379,41.334154,-72.924921,3416536,New Haven,93,93,New Haven,3/22/2022,2022,3,March,22,3,Tuesday,15:10:00,15,22008903,A,"Injury of any type (Serious, Minor, Possible)",C,Possible Injury (C),1,1,0,4,Local,1.3,669,WINCHESTER AV,WINCHESTER AV,,LANDER ST,25,Feet,N,41.334154,-72.924921,9,Pedestrian,88,Not Applicable,1,On Roadway,1,Clear,88,Not Applicable,1,Daylight,1,Dry,0,None,88,Not Applicable,88,Not Applicable,0,None,88,Not Applicable,88,Not Applicable,1,Non-Junction,1,Not at Intersection,1,No,1,No,88,Not Applicable,88,Not Applicable,88,Not Applicable,88,Not Applicable,TRUE,1,Public Road,1,"Trafficway, On Road",CT0009300,New Haven PD,30,31:17.0,C,Closed,00:10.0,NONE,2,5400,5,MAJOR COLLECTOR - NEW HPMS,2,Urban
919380,1,Complete,919380,919380,41.31866,-72.89966,3416537,New Haven,93,93,New Haven,3/22/2022,2022,3,March,22,3,Tuesday,15:20:00,15,22008909,A,"Injury of any type (Serious, Minor, Possible)",C,Possible Injury (C),2,0,0,2,USRoute,0.29,5,5-N,5-N,,WARREN PL,35,Feet,W,41.31866,-72.89966,14,Motor Vehicle in Operation,1,Front to rear,1,On Roadway,1,Clear,88,Not Applicable,1,Daylight,1,Dry,0,None,88,Not Applicable,88,Not Applicable,0,None,88,Not Applicable,88,Not Applicable,11,Through Roadway,1,Not at Intersection,1,No,1,No,88,Not Applicable,88,Not Applicable,88,Not Applicable,88,Not Applicable,TRUE,1,Public Road,1,"Trafficway, On Road",CT0009300,New Haven PD,150,01:16.0,O,Open,00:09.0,,1,14100,4,MINOR ARTERIAL - NEW HPMS,1,Rural
919382,1,Complete,919382,919382,41.330963,-72.927897,3416539,New Haven,93,93,New Haven,3/22/2022,2022,3,March,22,3,Tuesday,14:23:00,14,22008930,A,"Injury of any type (Serious, Minor, Possible)",C,Possible Injury (C),2,0,0,4,Local,0.26,434,NEWHALL ST,NEWHALL ST,BASSETT ST,,,,,41.330963,-72.927897,14,Motor Vehicle in Operation,1,Front to rear,1,On Roadway,1,Clear,88,Not Applicable,1,Daylight,1,Dry,0,None,88,Not Applicable,88,Not Applicable,0,None,88,Not Applicable,88,Not Applicable,2,Intersection,2,Four-Way Intersection,2,"Yes, School Bus Directly Involved",1,No,88,Not Applicable,88,Not Applicable,88,Not Applicable,88,Not Applicable,FALSE,1,Public Road,1,"Trafficway, On Road",CT0009300,New Haven PD,87,51:58.0,C,Closed,00:11.0,,,,,,,
919703,1,Complete,919703,919703,41.31152,-72.881594,3416860,New Haven,93,93,New Haven,1/17/2022,2022,1,January,17,2,Monday,10:50:00,10,22001549,A,"Injury of any type (Serious, Minor, Possible)",C,Possible Injury (C),3,0,0,4,Local,1.45,498,QUINNIPIAC AV,QUINNIPIAC AV,,RUNO TER,274,Feet,N,41.31152,-72.881594,1,Overturn/Rollover,1,Front to rear,1,On Roadway,1,Clear,88,Not Applicable,1,Daylight,2,Wet,0,None,88,Not Applicable,88,Not Applicable,0,None,88,Not Applicable,88,Not Applicable,1,Non-Junction,1,Not at Intersection,1,No,1,No,88,Not Applicable,88,Not Applicable,88,Not Applicable,88,Not Applicable,TRUE,1,Public Road,1,"Trafficway, On Road",CT0009300,New Haven PD,416,10:37.0,C,Closed,01:39.0,,2,6500,4,MINOR ARTERIAL - NEW HPMS,2,Urban
919708,1,Complete,919708,919708,41.29744,-72.9494,3416865,New Haven,93,93,New Haven,3/22/2022,2022,3,March,22,3,Tuesday,16:38:00,16,22008940,A,"Injury of any type (Serious, Minor, Possible)",C,Possible Injury (C),2,0,0,2,USRoute,46.61,1,1-N,1-N,,ELLA T GRASSO BLVD,15,Feet,W,41.29744,-72.9494,14,Motor Vehicle in Operation,1,Front to rear,1,On Roadway,1,Clear,88,Not Applicable,1,Daylight,1,Dry,0,None,88,Not Applicable,88,Not Applicable,0,None,88,Not Applicable,88,Not Applicable,1,Non-Junction,1,Not at Intersection,1,No,1,No,88,Not Applicable,88,Not Applicable,88,Not Applicable,88,Not Applicable,FALSE,1,Public Road,1,"Trafficway, On Road",CT0009300,New Haven PD,223,15:16.0,C,Closed,01:44.0,,2,20700,3,PRINCIPAL ARTERIAL - OTHER - NEW HPMS,2,Urban
920002,1,Complete,920002,920002,41.2864,-72.9361,3417159,New Haven,93,93,New Haven,3/23/2022,2022,3,March,23,4,Wednesday,18:57:00,18,22009114,A,"Injury of any type (Serious, Minor, Possible)",C,Possible Injury (C),2,0,0,4,Local,0.42,339,KIMBERLY AV,KIMBERLY AV,,ELLA T GRASSO BLVD,15,Feet,E,41.2864,-72.9361,14,Motor Vehicle in Operation,1,Front to rear,1,On Roadway,1,Clear,88,Not Applicable,1,Daylight,1,Dry,0,None,88,Not Applicable,88,Not Applicable,0,None,88,Not Applicable,88,Not Applicable,1,Non-Junction,1,Not at Intersection,1,No,1,No,88,Not Applicable,88,Not Applicable,88,Not Applicable,88,Not Applicable,FALSE,1,Public Road,1,"Trafficway, On Road",CT0009300,New Haven PD,223,42:00.0,C,Closed,01:04.0,,,,,,,
920003,1,Complete,920003,920003,41.31238,-72.89495,3417160,New Haven,93,93,New Haven,3/23/2022,2022,3,March,23,4,Wednesday,21:24:00,21,22009125,A,"Injury of any type (Serious, Minor, Possible)",C,Possible Injury (C),1,0,0,4,Local,0.22,65,BRIGHT ST,BRIGHT ST,PINE ST NO 2,,,,,41.31238,-72.89495,39,"Other Fixed Object (wall, building, tunnel, etc.)",88,Not Applicable,1,On Roadway,1,Clear,88,Not Applicable,4,Dark-Lighted,1,Dry,97,Other,88,Not Applicable,88,Not Applicable,97,Other,88,Not Applicable,88,Not Applicable,2,Intersection,3,T-Intersection,1,No,1,No,88,Not Applicable,88,Not Applicable,88,Not Applicable,88,Not Applicable,FALSE,1,Public Road,1,"Trafficway, On Road",CT0009300,New Haven PD,40788,59:21.0,C,Closed,01:02.0,,1,1904,7,LOCAL - NEW HPMS,2,Urban
920009,1,Complete,920009,920009,41.315421,-72.938857,3417166,New Haven,93,93,New Haven,3/24/2022,2022,3,March,24,5,Thursday,16:37:00,16,22009196,A,"Injury of any type (Serious, Minor, Possible)",C,Possible Injury (C),2,0,0,4,Local,0.58,653,WHALLEY AV,WHALLEY AV,,ORCHARD ST,105,Feet,E,41.315421,-72.938857,14,Motor Vehicle in Operation,3,Angle,1,On Roadway,2,Cloudy,88,Not Applicable,1,Daylight,2,Wet,0,None,88,Not Applicable,88,Not Applicable,3,Backup Due to Regular Congestion,88,Not Applicable,88,Not Applicable,1,Non-Junction,1,Not at Intersection,1,No,1,No,88,Not Applicable,88,Not Applicable,88,Not Applicable,88,Not Applicable,TRUE,1,Public Road,1,"Trafficway, On Road",CT0009300,New Haven PD,40812,39:35.0,C,Closed,01:05.0,,,,,,,
920373,1,Complete,920373,920373,41.322421,-72.878255,3417530,New Haven,93,93,New Haven,1/16/2022,2022,1,January,16,1,Sunday,16:44:00,16,22001494,A,"Injury of any type (Serious, Minor, Possible)",B,Suspected Minor Injury (B),2,0,1,3,State,0.19,80,80-E,80-E,,QUINNIPIAC AVE,1260,Feet,W,41.322421,-72.878255,14,Motor Vehicle in Operation,3,Angle,1,On Roadway,1,Clear,88,Not Applicable,1,Daylight,1,Dry,0,None,88,Not Applicable,88,Not Applicable,0,None,88,Not Applicable,88,Not Applicable,9,Driveway Access-Related,1,Not at Intersection,1,No,1,No,88,Not Applicable,88,Not Applicable,88,Not Applicable,88,Not Applicable,FALSE,1,Public Road,1,"Trafficway, On Road",CT0009300,New Haven PD,42055,51:54.0,C,Closed,01:00.0,,3,32300,3,PRINCIPAL ARTERIAL - OTHER - NEW HPMS,2,Urban
920378,1,Complete,920378,920378,41.30892,-72.897053,3417535,New Haven,93,93,New Haven,3/19/2022,2022,3,March,19,7,Saturday,3:29:00,3,22008527,A,"Injury of any type (Serious, Minor, Possible)",B,Suspected Minor Injury (B),1,1,0,4,Local,0.59,264,GRAND AV,GRAND AV,POPLAR ST,POPLAR STREET,6,Feet,N,41.30892,-72.897053,14,Motor Vehicle in Operation,1,Front to rear,1,On Roadway,1,Clear,88,Not Applicable,4,Dark-Lighted,1,Dry,0,None,88,Not Applicable,88,Not Applicable,0,None,88,Not Applicable,88,Not Applicable,3,Intersection-Related,2,Four-Way Intersection,1,No,1,No,88,Not Applicable,88,Not Applicable,88,Not Applicable,88,Not Applicable,FALSE,1,Public Road,1,"Trafficway, On Road",CT0009300,New Haven PD,370,56:38.0,O,Open,01:03.0,,,,,,,
920383,1,Complete,920383,920383,41.306082,-72.92587,3417540,New Haven,93,93,New Haven,3/25/2022,2022,3,March,25,6,Friday,6:30:00,6,22009274,A,"Injury of any type (Serious, Minor, Possible)",A,Suspected Serious Injury (A),1,1,0,4,Local,1.77,97,CHAPEL ST,CHAPEL ST,,CHURCH ST,20,Feet,W,41.306082,-72.92587,9,Pedestrian,88,Not Applicable,1,On Roadway,99,Unknown,88,Not Applicable,99,Unknown,99,Unknown,0,None,88,Not Applicable,88,Not Applicable,0,None,88,Not Applicable,88,Not Applicable,1,Non-Junction,1,Not at Intersection,1,No,1,No,88,Not Applicable,88,Not Applicable,88,Not Applicable,88,Not Applicable,TRUE,1,Public Road,1,"Trafficway, On Road",CT0009300,New Haven PD,166,22:00.0,C,Closed,01:04.0,,4,7700,4,MINOR ARTERIAL - NEW HPMS,2,Urban
920386,1,Complete,920386,920386,41.336004,-72.978025,3417543,New Haven,93,93,New Haven,3/25/2022,2022,3,March,25,6,Friday,14:00:00,14,22009348,A,"Injury of any type (Serious, Minor, Possible)",C,Possible Injury (C),2,0,1,3,State,1.41,63,63-N,63-N,,POND LILY AVE,500,Feet,E,41.336004,-72.978025,14,Motor Vehicle in Operation,1,Front to rear,1,On Roadway,1,Clear,88,Not Applicable,1,Daylight,1,Dry,0,None,88,Not Applicable,88,Not Applicable,0,None,88,Not Applicable,88,Not Applicable,1,Non-Junction,1,Not at Intersection,1,No,1,No,88,Not Applicable,88,Not Applicable,88,Not Applicable,88,Not Applicable,FALSE,1,Public Road,1,"Trafficway, On Road",CT0009300,New Haven PD,66,21:51.0,C,Closed,01:13.0,,1,17200,3,PRINCIPAL ARTERIAL - OTHER - NEW HPMS,1,Rural
920392,1,Complete,920392,920392,41.32094,-72.94235,3417549,New Haven,93,93,New Haven,3/25/2022,2022,3,March,25,6,Friday,20:44:00,20,22009404,A,"Injury of any type (Serious, Minor, Possible)",C,Possible Injury (C),2,0,0,4,Local,0.48,258,GOFFE TER,GOFFE TER,WINTHROP AV NO 2,,,,,41.32094,-72.94235,14,Motor Vehicle in Operation,3,Angle,1,On Roadway,1,Clear,88,Not Applicable,4,Dark-Lighted,1,Dry,0,None,88,Not Applicable,88,Not Applicable,0,None,88,Not Applicable,88,Not Applicable,2,Intersection,2,Four-Way Intersection,1,No,1,No,88,Not Applicable,88,Not Applicable,88,Not Applicable,88,Not Applicable,FALSE,1,Public Road,1,"Trafficway, On Road",CT0009300,New Haven PD,11439,56:43.0,C,Closed,01:14.0,,,,,,,
920400,1,Complete,920400,920400,41.304356,-72.926988,3417557,New Haven,93,93,New Haven,3/26/2022,2022,3,March,26,7,Saturday,22:11:00,22,22009513,A,"Injury of any type (Serious, Minor, Possible)",B,Suspected Minor Injury (B),1,1,0,4,Local,0.04,103,CHURCH ST,CHURCH ST,,CROWN ST,80,Feet,S,41.304356,-72.926988,9,Pedestrian,88,Not Applicable,1,On Roadway,4,Rain,88,Not Applicable,4,Dark-Lighted,2,Wet,0,None,88,Not Applicable,88,Not Applicable,0,None,88,Not Applicable,88,Not Applicable,1,Non-Junction,1,Not at Intersection,1,No,1,No,88,Not Applicable,88,Not Applicable,88,Not Applicable,88,Not Applicable,TRUE,1,Public Road,1,"Trafficway, On Road",CT0009300,New Haven PD,42054,50:59.0,C,Closed,01:18.0,22009513,3,14000,3,PRINCIPAL ARTERIAL - OTHER - NEW HPMS,2,Urban
920401,1,Complete,920401,920401,41.307,-72.9211,3417558,New Haven,93,93,New Haven,3/26/2022,2022,3,March,26,7,Saturday,22:22:00,22,22009515,A,"Injury of any type (Serious, Minor, Possible)",B,Suspected Minor Injury (B),2,0,1,4,Local,1.17,575,STATE ST,STATE ST,ELM ST NO 2,,,,,41.307,-72.9211,14,Motor Vehicle in Operation,3,Angle,1,On Roadway,4,Rain,88,Not Applicable,4,Dark-Lighted,2,Wet,0,None,88,Not Applicable,88,Not Applicable,0,None,88,Not Applicable,88,Not Applicable,2,Intersection,2,Four-Way Intersection,1,No,1,No,88,Not Applicable,88,Not Applicable,88,Not Applicable,88,Not Applicable,TRUE,1,Public Road,1,"Trafficway, On Road",CT0009300,New Haven PD,40790,46:26.0,C,Closed,01:21.0,,,,,,,
920404,1,Complete,920404,920404,41.2825,-72.9381,3417561,New Haven,93,93,New Haven,3/27/2022,2022,3,March,27,1,Sunday,2:35:00,2,22009522,A,"Injury of any type (Serious, Minor, Possible)",C,Possible Injury (C),2,0,0,3,State,0,10,10-N,10-N,745-E,,,,,41.2825,-72.9381,14,Motor Vehicle in Operation,3,Angle,1,On Roadway,4,Rain,88,Not Applicable,4,Dark-Lighted,2,Wet,0,None,88,Not Applicable,88,Not Applicable,0,None,88,Not Applicable,88,Not Applicable,2,Intersection,3,T-Intersection,1,No,1,No,88,Not Applicable,88,Not Applicable,88,Not Applicable,88,Not Applicable,FALSE,1,Public Road,1,"Trafficway, On Road",CT0009300,New Haven PD,40955,12:31.0,C,Closed,01:18.0,,2,15100,3,PRINCIPAL ARTERIAL - OTHER - NEW HPMS,1,Rural
920409,1,Complete,920409,920409,41.298129,-72.932362,3417566,New Haven,93,93,New Haven,3/27/2022,2022,3,March,27,1,Sunday,11:05:00,11,22009559,A,"Injury of any type (Serious, Minor, Possible)",C,Possible Injury (C),2,0,1,2,USRoute,47.5,1,1-N,1-N,,CEDAR ST No 2,100,Feet,S,41.298129,-72.932362,15,Parked Motor Vehicle,4,"Sideswipe, same direction",1,On Roadway,2,Cloudy,88,Not Applicable,1,Daylight,1,Dry,0,None,88,Not Applicable,88,Not Applicable,0,None,88,Not Applicable,88,Not Applicable,2,Intersection,3,T-Intersection,1,No,1,No,88,Not Applicable,88,Not Applicable,88,Not Applicable,88,Not Applicable,FALSE,1,Public Road,1,"Trafficway, On Road",CT0009300,New Haven PD,295,43:10.0,C,Closed,01:20.0,,1,8400,3,PRINCIPAL ARTERIAL - OTHER - NEW HPMS,1,Rural
920960,1,Complete,920960,920960,41.320803,-72.89075,3418117,New Haven,93,93,New Haven,3/25/2022,2022,3,March,25,6,Friday,2:15:00,2,22009268,A,"Injury of any type (Serious, Minor, Possible)",C,Possible Injury (C),2,0,0,4,Local,0.36,411,MIDDLETOWN AV,MIDDLETOWN AV,,FRONT STREET,100,Feet,E,41.320803,-72.89075,14,Motor Vehicle in Operation,1,Front to rear,2,Shoulder,4,Rain,88,Not Applicable,5,Dark-Not Lighted,2,Wet,0,None,88,Not Applicable,88,Not Applicable,0,None,88,Not Applicable,88,Not Applicable,1,Non-Junction,1,Not at Intersection,1,No,1,No,88,Not Applicable,88,Not Applicable,88,Not Applicable,88,Not Applicable,FALSE,1,Public Road,1,"Trafficway, On Road",CT0009300,New Haven PD,180,37:14.0,C,Closed,01:45.0,22009268,,,,,,
920966,1,Complete,920966,920966,41.299723,-72.889973,3418123,New Haven,93,93,New Haven,3/28/2022,2022,3,March,28,2,Monday,7:44:00,7,22009617,A,"Injury of any type (Serious, Minor, Possible)",C,Possible Injury (C),1,0,0,4,Local,0.49,498,QUINNIPIAC AV,QUINNIPIAC AV,,Lenox St,160,Feet,N,41.299723,-72.889973,33,Utility Pole/Light Support,88,Not Applicable,1,On Roadway,2,Cloudy,88,Not Applicable,1,Daylight,5,Ice / Frost,1,Weather Conditions,88,Not Applicable,88,Not Applicable,0,None,88,Not Applicable,88,Not Applicable,1,Non-Junction,1,Not at Intersection,1,No,1,No,88,Not Applicable,88,Not Applicable,88,Not Applicable,88,Not Applicable,FALSE,1,Public Road,1,"Trafficway, On Road",CT0009300,New Haven PD,351,08:05.0,C,Closed,01:49.0,,2,6400,4,MINOR ARTERIAL - NEW HPMS,2,Urban
920975,1,Complete,920975,920975,41.309921,-72.945163,3418132,New Haven,93,93,New Haven,3/28/2022,2022,3,March,28,2,Monday,10:58:00,10,22009643,A,"Injury of any type (Serious, Minor, Possible)",C,Possible Injury (C),2,0,0,4,Local,0.28,556,SHERMAN AV,SHERMAN AV,GEORGE ST,,,,,41.309921,-72.945163,14,Motor Vehicle in Operation,1,Front to rear,1,On Roadway,1,Clear,88,Not Applicable,1,Daylight,1,Dry,0,None,88,Not Applicable,88,Not Applicable,0,None,88,Not Applicable,88,Not Applicable,3,Intersection-Related,2,Four-Way Intersection,1,No,1,No,88,Not Applicable,88,Not Applicable,88,Not Applicable,88,Not Applicable,TRUE,1,Public Road,1,"Trafficway, On Road",CT0009300,New Haven PD,349,18:46.0,C,Closed,01:52.0,,,,,,,
920979,1,Complete,920979,920979,41.305815,-72.94261,3418136,New Haven,93,93,New Haven,3/28/2022,2022,3,March,28,2,Monday,14:13:00,14,22009679,A,"Injury of any type (Serious, Minor, Possible)",C,Possible Injury (C),2,0,0,4,Local,0.31,453,ORCHARD ST,ORCHARD ST,,LEGION AVE,50,Feet,S,41.305815,-72.94261,14,Motor Vehicle in Operation,1,Front to rear,1,On Roadway,1,Clear,88,Not Applicable,1,Daylight,1,Dry,0,None,88,Not Applicable,88,Not Applicable,0,None,88,Not Applicable,88,Not Applicable,1,Non-Junction,1,Not at Intersection,1,No,1,No,88,Not Applicable,88,Not Applicable,88,Not Applicable,88,Not Applicable,FALSE,1,Public Road,1,"Trafficway, On Road",CT0009300,New Haven PD,476,16:20.0,C,Closed,01:55.0,,,,,,,
920980,1,Complete,920980,920980,41.31428,-72.93576,3418137,New Haven,93,93,New Haven,3/28/2022,2022,3,March,28,2,Monday,15:11:00,15,22009684,A,"Injury of any type (Serious, Minor, Possible)",C,Possible Injury (C),2,0,0,4,Local,0.76,653,WHALLEY AV,WHALLEY AV,SPERRY ST,,,,,41.31428,-72.93576,14,Motor Vehicle in Operation,1,Front to rear,1,On Roadway,1,Clear,88,Not Applicable,1,Daylight,1,Dry,99,Unknown,88,Not Applicable,88,Not Applicable,99,Unknown,88,Not Applicable,88,Not Applicable,2,Intersection,3,T-Intersection,1,No,1,No,88,Not Applicable,88,Not Applicable,88,Not Applicable,88,Not Applicable,FALSE,1,Public Road,1,"Trafficway, On Road",CT0009300,New Haven PD,11439,56:20.0,O,Open,01:58.0,,,,,,,
921268,1,Complete,921268,921268,41.301294,-72.935271,3418425,New Haven,93,93,New Haven,3/29/2022,2022,3,March,29,3,Tuesday,6:55:00,6,22009751,A,"Injury of any type (Serious, Minor, Possible)",B,Suspected Minor Injury (B),1,1,0,4,Local,0.71,123,CONGRESS AV,CONGRESS AV,HOWARD AV,,,,,41.301294,-72.935271,9,Pedestrian,88,Not Applicable,1,On Roadway,1,Clear,88,Not Applicable,1,Daylight,1,Dry,0,None,88,Not Applicable,88,Not Applicable,0,None,88,Not Applicable,88,Not Applicable,2,Intersection,2,Four-Way Intersection,1,No,1,No,88,Not Applicable,88,Not Applicable,88,Not Applicable,88,Not Applicable,FALSE,1,Public Road,1,"Trafficway, On Road",CT0009300,New Haven PD,137,44:15.0,C,Closed,01:42.0,,2,9300,4,MINOR ARTERIAL - NEW HPMS,2,Urban
921272,1,Complete,921272,921272,41.3068,-72.931544,3418429,New Haven,93,93,New Haven,3/29/2022,2022,3,March,29,3,Tuesday,15:45:00,15,22009798,A,"Injury of any type (Serious, Minor, Possible)",C,Possible Injury (C),2,0,0,4,Local,0.49,136,CROWN ST,CROWN ST,,HIGH ST,100,Feet,W,41.3068,-72.931544,14,Motor Vehicle in Operation,3,Angle,1,On Roadway,1,Clear,88,Not Applicable,1,Daylight,1,Dry,0,None,88,Not Applicable,88,Not Applicable,0,None,88,Not Applicable,88,Not Applicable,1,Non-Junction,1,Not at Intersection,1,No,1,No,88,Not Applicable,88,Not Applicable,88,Not Applicable,88,Not Applicable,TRUE,1,Public Road,1,"Trafficway, On Road",CT0009300,New Haven PD,40790,16:09.0,C,Closed,01:46.0,,,,,,,
921273,1,Complete,921273,921273,41.30976,-72.945112,3418430,New Haven,93,93,New Haven,3/29/2022,2022,3,March,29,3,Tuesday,15:45:00,15,22009804,A,"Injury of any type (Serious, Minor, Possible)",C,Possible Injury (C),2,0,0,4,Local,0.28,556,SHERMAN AV,SHERMAN AV,,GEORGE ST,20,Feet,N,41.30976,-72.945112,14,Motor Vehicle in Operation,1,Front to rear,1,On Roadway,1,Clear,88,Not Applicable,1,Daylight,1,Dry,0,None,88,Not Applicable,88,Not Applicable,0,None,88,Not Applicable,88,Not Applicable,1,Non-Junction,1,Not at Intersection,1,No,1,No,88,Not Applicable,88,Not Applicable,88,Not Applicable,88,Not Applicable,TRUE,1,Public Road,1,"Trafficway, On Road",CT0009300,New Haven PD,503,26:21.0,C,Closed,01:46.0,,,,,,,
921274,1,Complete,921274,921274,41.3155649,-72.9008979,3418431,New Haven,93,93,New Haven,3/29/2022,2022,3,March,29,3,Tuesday,17:57:00,17,22009815,A,"Injury of any type (Serious, Minor, Possible)",C,Possible Injury (C),2,0,0,4,Local,0.88,57,BLATCHLEY AV,BLATCHLEY AV,PECK ST NO 1,,,,,41.3155649,-72.9008979,14,Motor Vehicle in Operation,3,Angle,1,On Roadway,1,Clear,88,Not Applicable,1,Daylight,1,Dry,0,None,88,Not Applicable,88,Not Applicable,0,None,88,Not Applicable,88,Not Applicable,3,Intersection-Related,2,Four-Way Intersection,1,No,1,No,88,Not Applicable,88,Not Applicable,88,Not Applicable,88,Not Applicable,FALSE,1,Public Road,1,"Trafficway, On Road",CT0009300,New Haven PD,40815,35:27.0,C,Closed,01:47.0,,,,,,,
921521,1,Complete,921521,921521,41.298741,-72.949595,3418678,New Haven,93,93,New Haven,3/29/2022,2022,3,March,29,3,Tuesday,13:04:00,13,22009780,A,"Injury of any type (Serious, Minor, Possible)",C,Possible Injury (C),3,0,0,3,State,1.56,10,10-N,10-N,,1-N,485,Feet,N,41.298741,-72.949595,14,Motor Vehicle in Operation,1,Front to rear,1,On Roadway,1,Clear,88,Not Applicable,1,Daylight,1,Dry,0,None,88,Not Applicable,88,Not Applicable,0,None,88,Not Applicable,88,Not Applicable,1,Non-Junction,1,Not at Intersection,1,No,1,No,88,Not Applicable,88,Not Applicable,88,Not Applicable,88,Not Applicable,FALSE,1,Public Road,1,"Trafficway, On Road",CT0009300,New Haven PD,137,24:40.0,C,Closed,01:25.0,,2,20800,3,PRINCIPAL ARTERIAL - OTHER - NEW HPMS,2,Urban