CrashId,Fatal Case Status,Fatal Case Status Text Format,CrashId,CrashId,Latitude,Longitude,DOT Case Number,Town Name,Town Number,Town Number,Town Number Text Format,Date Of Crash,Year,Month,Month Text Format,Day,Day of the Week,Day of the Week Text Format,Time of Crash,Hour of the Day,Case Identifier,Crash Severity,Crash Severity Text Format,Most Severe Injury,Most Severe Injury Text Format,Number Of Motor Vehicles,Number Of Non-Motorist,Number Of Witnesses,Route Class,Route Class Text Format,Milemarker,Road Number,Road Description,Roadway Name,Intersecting Roadway Name,Landmark Description,Distance From Nearest Landmark,Unit Of Measure From Nearest Landmark,Direction From Nearest Landmark,Latitude,Longitude,First Harmful Event,First Harmful Event Text Format,Manner of Crash / Collision Impact,Manner of Crash / Collision Impact Text Format,Location of First Harmful Event,Location of First Harmful Event Text Format,Weather Condition,Weather Condition Text Format,Weather 2,Weather 2 Text Format,Light Condition,Light Condition Text Format,Road Surface Condition,Road Surface Condition Text Format,"Contributing Circumstances, Environment","Contributing Circumstances, Environment Text Format",Environment 2,Environment 2 Text Format,Environment 3,Environment 3 Text Format,"Contributing Circumstances, Road","Contributing Circumstances, Road Text Format",Road 2,Road 2 Text Format,Road 3,Road 3 Text Format,Crash Specific Location,Crash Specific Location Text Format,Type of Intersection,Type of Intersection Text Format,School Bus Related,School Bus Related Text Format,Work Zone Related,Work Zone Related Text Format,Location Of Crash Relative To Work Zone,Location Of Crash Relative To Work Zone Text Format,Type of Work Zone,Type of Work Zone Text Format,Worker Presence,Worker Presence Text Format,Law Enforcement Presence,Law Enforcement Presence Text Format,Were Vehicles Moved Prior To Police Arrival,Trafficway Ownership,Trafficway Ownership Text Format,Trafficway Class,Trafficway Class Text Format,Police Agency,Police Agency Text Format,Badge Number,Approval Date,Police Case Status,Police Case Status Text Format,Crash Report Submission Date,Related Case Identifiers,No. of Through Lanes (Log Dir.),Average Daily Traffic,Functional Classification,Functional Classification Text Format,Rural or Urban,Rural or Urban Text Format
921535,1,Complete,921535,921535,41.289104,-72.924309,3418692,New Haven,93,93,New Haven,3/30/2022,2022,3,March,30,4,Wednesday,19:20:00,19,22009957,A,"Injury of any type (Serious, Minor, Possible)",C,Possible Injury (C),2,0,0,1,Interstate,0.24,95,95-S-329,95-S-329,SARGENT DR,,,,,41.289104,-72.924309,14,Motor Vehicle in Operation,3,Angle,1,On Roadway,1,Clear,88,Not Applicable,1,Daylight,1,Dry,0,None,88,Not Applicable,88,Not Applicable,0,None,88,Not Applicable,88,Not Applicable,5,Entrance / Exit Ramp-Related,1,Not at Intersection,1,No,1,No,88,Not Applicable,88,Not Applicable,88,Not Applicable,88,Not Applicable,FALSE,1,Public Road,1,"Trafficway, On Road",CT0009300,New Haven PD,42056,20:36.0,C,Closed,01:34.0,,2,9600,1,INTERSTATE - NEW HPMS,,
921821,1,Complete,921821,921821,41.288445,-72.92481,3418978,New Haven,93,93,New Haven,3/23/2022,2022,3,March,23,4,Wednesday,23:19:00,23,22009129,A,"Injury of any type (Serious, Minor, Possible)",C,Possible Injury (C),2,0,0,4,Local,0.33,359,SARGENT DR,SARGENT DR,,LONGWARF DRIVE,500,Feet,N,41.288445,-72.92481,14,Motor Vehicle in Operation,1,Front to rear,1,On Roadway,1,Clear,88,Not Applicable,4,Dark-Lighted,1,Dry,0,None,88,Not Applicable,88,Not Applicable,0,None,88,Not Applicable,88,Not Applicable,1,Non-Junction,1,Not at Intersection,1,No,1,No,88,Not Applicable,88,Not Applicable,88,Not Applicable,88,Not Applicable,FALSE,1,Public Road,1,"Trafficway, On Road",CT0009300,New Haven PD,42056,34:47.0,C,Closed,01:01.0,,,,,,,
921823,1,Complete,921823,921823,41.30603,-72.94261,3418980,New Haven,93,93,New Haven,3/29/2022,2022,3,March,29,3,Tuesday,11:02:00,11,22009765,A,"Injury of any type (Serious, Minor, Possible)",C,Possible Injury (C),2,0,0,4,Local,0.52,360,LEGION AV-RT 34,LEGION AV-RT 34,,,,,,41.30603,-72.94261,14,Motor Vehicle in Operation,2,Front to front,1,On Roadway,1,Clear,88,Not Applicable,1,Daylight,1,Dry,0,None,88,Not Applicable,88,Not Applicable,0,None,88,Not Applicable,88,Not Applicable,2,Intersection,3,T-Intersection,1,No,1,No,88,Not Applicable,88,Not Applicable,88,Not Applicable,88,Not Applicable,FALSE,1,Public Road,1,"Trafficway, On Road",CT0009300,New Haven PD,251,01:41.0,C,Closed,01:00.0,,,,,,,
921826,1,Complete,921826,921826,41.318909,-72.9491,3418983,New Haven,93,93,New Haven,3/30/2022,2022,3,March,30,4,Wednesday,14:10:00,14,22009910,A,"Injury of any type (Serious, Minor, Possible)",C,Possible Injury (C),2,0,0,3,State,3.03,10,10-N,10-N,WHALLEY AV,,,,,41.318909,-72.9491,14,Motor Vehicle in Operation,1,Front to rear,1,On Roadway,1,Clear,88,Not Applicable,1,Daylight,1,Dry,0,None,88,Not Applicable,88,Not Applicable,0,None,88,Not Applicable,88,Not Applicable,2,Intersection,2,Four-Way Intersection,1,No,1,No,88,Not Applicable,88,Not Applicable,88,Not Applicable,88,Not Applicable,FALSE,1,Public Road,1,"Trafficway, On Road",CT0009300,New Haven PD,324,22:21.0,O,Open,01:05.0,22009910,1,10200,3,PRINCIPAL ARTERIAL - OTHER - NEW HPMS,1,Rural
922211,1,Complete,922211,922211,41.308697,-72.9111,3419368,New Haven,93,93,New Haven,3/31/2022,2022,3,March,31,5,Thursday,9:53:00,9,22010004,A,"Injury of any type (Serious, Minor, Possible)",C,Possible Injury (C),2,0,0,4,Local,1.32,264,GRAND AV,GRAND AV,WALLACE ST,,,,,41.308697,-72.9111,14,Motor Vehicle in Operation,3,Angle,1,On Roadway,1,Clear,88,Not Applicable,1,Daylight,1,Dry,0,None,88,Not Applicable,88,Not Applicable,0,None,88,Not Applicable,88,Not Applicable,2,Intersection,2,Four-Way Intersection,1,No,1,No,88,Not Applicable,88,Not Applicable,88,Not Applicable,88,Not Applicable,FALSE,1,Public Road,1,"Trafficway, On Road",CT0009300,New Haven PD,980,02:52.0,C,Closed,00:51.0,,,,,,,
922213,1,Complete,922213,922213,41.307275,-72.928591,3419370,New Haven,93,93,New Haven,3/30/2022,2022,3,March,30,4,Wednesday,15:20:00,15,22010026,A,"Injury of any type (Serious, Minor, Possible)",B,Suspected Minor Injury (B),1,1,1,4,Local,0.34,117,COLLEGE ST,COLLEGE ST,CHAPEL ST,,,,,41.307275,-72.928591,14,Motor Vehicle in Operation,97,Other,1,On Roadway,1,Clear,88,Not Applicable,1,Daylight,1,Dry,0,None,88,Not Applicable,88,Not Applicable,0,None,88,Not Applicable,88,Not Applicable,3,Intersection-Related,2,Four-Way Intersection,1,No,1,No,88,Not Applicable,88,Not Applicable,88,Not Applicable,88,Not Applicable,FALSE,1,Public Road,1,"Trafficway, On Road",CT0009300,New Haven PD,106,26:09.0,C,Closed,01:02.0,,,,,,,
922218,1,Complete,922218,922218,41.308736,-72.899245,3419375,New Haven,93,93,New Haven,4/1/2022,2022,4,April,1,6,Friday,9:48:00,9,22010129,A,"Injury of any type (Serious, Minor, Possible)",C,Possible Injury (C),1,1,0,4,Local,0.71,264,GRAND AV,GRAND AV,BLATCHLEY AV,,,,,41.308736,-72.899245,14,Motor Vehicle in Operation,97,Other,1,On Roadway,1,Clear,88,Not Applicable,1,Daylight,1,Dry,0,None,88,Not Applicable,88,Not Applicable,0,None,88,Not Applicable,88,Not Applicable,3,Intersection-Related,2,Four-Way Intersection,1,No,1,No,88,Not Applicable,88,Not Applicable,88,Not Applicable,88,Not Applicable,FALSE,1,Public Road,1,"Trafficway, On Road",CT0009300,New Haven PD,86,53:07.0,C,Closed,00:52.0,,,,,,,
922220,1,Complete,922220,922220,41.290028,-72.940326,3419377,New Haven,93,93,New Haven,4/1/2022,2022,4,April,1,6,Friday,12:10:00,12,22010149,A,"Injury of any type (Serious, Minor, Possible)",C,Possible Injury (C),2,0,0,3,State,0.8,10,10-N,10-N,LAMBERTON ST,,,,,41.290028,-72.940326,14,Motor Vehicle in Operation,5,"Sideswipe, opposite direction",1,On Roadway,1,Clear,88,Not Applicable,1,Daylight,1,Dry,0,None,88,Not Applicable,88,Not Applicable,0,None,88,Not Applicable,88,Not Applicable,2,Intersection,2,Four-Way Intersection,1,No,1,No,88,Not Applicable,88,Not Applicable,88,Not Applicable,88,Not Applicable,TRUE,1,Public Road,1,"Trafficway, On Road",CT0009300,New Haven PD,295,21:22.0,C,Closed,00:50.0,,2,18000,3,PRINCIPAL ARTERIAL - OTHER - NEW HPMS,2,Urban
922221,1,Complete,922221,922221,41.305556,-72.933769,3419378,New Haven,93,93,New Haven,4/1/2022,2022,4,April,1,6,Friday,12:02:00,12,22010150,A,"Injury of any type (Serious, Minor, Possible)",C,Possible Injury (C),2,0,0,4,Local,0.54,809,REV DR MLK JR BLVD,REV DR MLK JR BLVD,YORK ST,,,,,41.305556,-72.933769,14,Motor Vehicle in Operation,1,Front to rear,1,On Roadway,1,Clear,88,Not Applicable,1,Daylight,1,Dry,0,None,88,Not Applicable,88,Not Applicable,0,None,88,Not Applicable,88,Not Applicable,2,Intersection,2,Four-Way Intersection,1,No,1,No,88,Not Applicable,88,Not Applicable,88,Not Applicable,88,Not Applicable,TRUE,1,Public Road,1,"Trafficway, On Road",CT0009300,New Haven PD,301,42:43.0,C,Closed,01:01.0,,,,,,,
922235,1,Complete,922235,922235,41.32844,-72.94178,3419392,New Haven,93,93,New Haven,4/2/2022,2022,4,April,2,7,Saturday,12:59:00,12,22010312,A,"Injury of any type (Serious, Minor, Possible)",A,Suspected Serious Injury (A),2,0,1,4,Local,0.57,133,CRESCENT ST,CRESCENT ST,ELLSWORTH AV,,,,,41.32844,-72.94178,14,Motor Vehicle in Operation,3,Angle,1,On Roadway,1,Clear,88,Not Applicable,1,Daylight,1,Dry,0,None,88,Not Applicable,88,Not Applicable,0,None,88,Not Applicable,88,Not Applicable,2,Intersection,3,T-Intersection,1,No,1,No,88,Not Applicable,88,Not Applicable,88,Not Applicable,88,Not Applicable,FALSE,1,Public Road,1,"Trafficway, On Road",CT0009300,New Haven PD,326,46:45.0,O,Open,01:03.0,,,,,,,
922239,1,Complete,922239,922239,41.318478,-72.947535,3419396,New Haven,93,93,New Haven,4/2/2022,2022,4,April,2,7,Saturday,18:49:00,18,22010359,A,"Injury of any type (Serious, Minor, Possible)",C,Possible Injury (C),2,0,1,4,Local,0.08,653,WHALLEY AV,WHALLEY AV,ELLSWORTH AV,,,,,41.318478,-72.947535,14,Motor Vehicle in Operation,3,Angle,1,On Roadway,1,Clear,88,Not Applicable,2,Dawn,1,Dry,0,None,88,Not Applicable,88,Not Applicable,0,None,88,Not Applicable,88,Not Applicable,2,Intersection,2,Four-Way Intersection,1,No,1,No,88,Not Applicable,88,Not Applicable,88,Not Applicable,88,Not Applicable,FALSE,1,Public Road,1,"Trafficway, On Road",CT0009300,New Haven PD,276,19:23.0,C,Closed,01:06.0,22010359,,,,,,
922242,1,Complete,922242,922242,41.323191,-72.94877,3419399,New Haven,93,93,New Haven,4/2/2022,2022,4,April,2,7,Saturday,22:44:00,22,22010386,A,"Injury of any type (Serious, Minor, Possible)",C,Possible Injury (C),2,0,0,4,Local,0.28,690,ELLA T GRASSO BLVD,ELLA T GRASSO BLVD,GOFFE TER,,,,,41.323191,-72.94877,14,Motor Vehicle in Operation,3,Angle,1,On Roadway,1,Clear,88,Not Applicable,4,Dark-Lighted,1,Dry,0,None,88,Not Applicable,88,Not Applicable,0,None,88,Not Applicable,88,Not Applicable,2,Intersection,2,Four-Way Intersection,1,No,1,No,88,Not Applicable,88,Not Applicable,88,Not Applicable,88,Not Applicable,FALSE,1,Public Road,1,"Trafficway, On Road",CT0009300,New Haven PD,40956,22:48.0,C,Closed,01:07.0,,,,,,,
922244,1,Complete,922244,922244,41.305129,-72.894626,3419401,New Haven,93,93,New Haven,4/3/2022,2022,4,April,3,1,Sunday,6:35:00,6,22010407,A,"Injury of any type (Serious, Minor, Possible)",C,Possible Injury (C),3,0,0,4,Local,1.03,213,FERRY ST,FERRY ST,,SALTONSTALL AVE,50,Feet,S,41.305129,-72.894626,14,Motor Vehicle in Operation,1,Front to rear,1,On Roadway,1,Clear,88,Not Applicable,1,Daylight,1,Dry,0,None,88,Not Applicable,88,Not Applicable,0,None,88,Not Applicable,88,Not Applicable,1,Non-Junction,1,Not at Intersection,1,No,1,No,88,Not Applicable,88,Not Applicable,88,Not Applicable,88,Not Applicable,FALSE,1,Public Road,1,"Trafficway, On Road",CT0009300,New Haven PD,374,33:48.0,C,Closed,01:10.0,,,,,,,
922246,1,Complete,922246,922246,41.29362,-72.937739,3419403,New Haven,93,93,New Haven,4/3/2022,2022,4,April,3,1,Sunday,10:13:00,10,22010420,A,"Injury of any type (Serious, Minor, Possible)",C,Possible Injury (C),2,0,0,4,Local,0.09,571,SPRING ST,SPRING ST,HURLBURT ST,,,,,41.29362,-72.937739,14,Motor Vehicle in Operation,3,Angle,1,On Roadway,2,Cloudy,88,Not Applicable,1,Daylight,1,Dry,0,None,88,Not Applicable,88,Not Applicable,0,None,88,Not Applicable,88,Not Applicable,2,Intersection,2,Four-Way Intersection,1,No,1,No,88,Not Applicable,88,Not Applicable,88,Not Applicable,88,Not Applicable,FALSE,1,Public Road,1,"Trafficway, On Road",CT0009300,New Haven PD,295,00:48.0,C,Closed,01:11.0,,,,,,,
922795,1,Complete,922795,922795,41.310535,-72.898504,3419952,New Haven,93,93,New Haven,3/19/2022,2022,3,March,19,7,Saturday,20:05:00,20,22008600,A,"Injury of any type (Serious, Minor, Possible)",C,Possible Injury (C),1,2,0,4,Local,0.05,734,CLAY ST NO 2,CLAY ST NO 2,FILLMORE ST,,,,,41.310535,-72.898504,9,Pedestrian,88,Not Applicable,1,On Roadway,1,Clear,88,Not Applicable,4,Dark-Lighted,1,Dry,0,None,88,Not Applicable,88,Not Applicable,0,None,88,Not Applicable,88,Not Applicable,2,Intersection,2,Four-Way Intersection,1,No,1,No,88,Not Applicable,88,Not Applicable,88,Not Applicable,88,Not Applicable,FALSE,1,Public Road,1,"Trafficway, On Road",CT0009300,New Haven PD,193,18:57.0,O,Open,02:02.0,,1,3525,7,LOCAL - NEW HPMS,2,Urban
922799,1,Complete,922799,922799,41.31541,-72.91675,3419956,New Haven,93,93,New Haven,4/2/2022,2022,4,April,2,7,Saturday,18:43:00,18,22010353,A,"Injury of any type (Serious, Minor, Possible)",C,Possible Injury (C),2,0,0,4,Local,0.93,450,ORANGE ST NO 1,ORANGE ST NO 1,CLARK ST,,,,,41.31541,-72.91675,14,Motor Vehicle in Operation,1,Front to rear,1,On Roadway,1,Clear,88,Not Applicable,1,Daylight,1,Dry,0,None,88,Not Applicable,88,Not Applicable,0,None,88,Not Applicable,88,Not Applicable,2,Intersection,2,Four-Way Intersection,1,No,1,No,88,Not Applicable,88,Not Applicable,88,Not Applicable,88,Not Applicable,FALSE,1,Public Road,1,"Trafficway, On Road",CT0009300,New Haven PD,40811,13:52.0,C,Closed,01:53.0,,,,,,,
922803,1,Complete,922803,922803,41.302567,-72.928028,3419960,New Haven,93,93,New Haven,4/4/2022,2022,4,April,4,2,Monday,7:54:00,7,22010516,A,"Injury of any type (Serious, Minor, Possible)",C,Possible Injury (C),2,0,0,4,Local,0.19,809,REV DR MLK JR BLVD,REV DR MLK JR BLVD,CHURCH ST SOUTH NO 1,,,,,41.302567,-72.928028,14,Motor Vehicle in Operation,1,Front to rear,1,On Roadway,1,Clear,88,Not Applicable,1,Daylight,1,Dry,0,None,88,Not Applicable,88,Not Applicable,0,None,88,Not Applicable,88,Not Applicable,2,Intersection,2,Four-Way Intersection,1,No,1,No,88,Not Applicable,88,Not Applicable,88,Not Applicable,88,Not Applicable,FALSE,1,Public Road,1,"Trafficway, On Road",CT0009300,New Haven PD,137,13:42.0,C,Closed,01:57.0,,,,,,,
922807,1,Complete,922807,922807,41.298082,-72.937875,3419964,New Haven,93,93,New Haven,4/4/2022,2022,4,April,4,2,Monday,16:30:00,16,22010584,A,"Injury of any type (Serious, Minor, Possible)",C,Possible Injury (C),2,0,0,4,Local,0.15,19,ARCH ST,ARCH ST,,1-N,150,Feet,N,41.298082,-72.937875,14,Motor Vehicle in Operation,4,"Sideswipe, same direction",1,On Roadway,1,Clear,88,Not Applicable,1,Daylight,1,Dry,0,None,88,Not Applicable,88,Not Applicable,0,None,88,Not Applicable,88,Not Applicable,1,Non-Junction,1,Not at Intersection,1,No,1,No,88,Not Applicable,88,Not Applicable,88,Not Applicable,88,Not Applicable,TRUE,1,Public Road,1,"Trafficway, On Road",CT0009300,New Haven PD,42366,25:49.0,C,Closed,02:00.0,,,,,,,
923061,1,Complete,923061,923061,41.310644,-72.930075,3420218,New Haven,93,93,New Haven,4/4/2022,2022,4,April,4,2,Monday,20:07:00,20,22010620,A,"Injury of any type (Serious, Minor, Possible)",C,Possible Injury (C),2,0,0,4,Local,0.62,766,YORK ST,YORK ST,Elm St No 2,,,,,41.310644,-72.930075,14,Motor Vehicle in Operation,4,"Sideswipe, same direction",1,On Roadway,1,Clear,88,Not Applicable,4,Dark-Lighted,1,Dry,0,None,88,Not Applicable,88,Not Applicable,0,None,88,Not Applicable,88,Not Applicable,2,Intersection,2,Four-Way Intersection,1,No,1,No,88,Not Applicable,88,Not Applicable,88,Not Applicable,88,Not Applicable,TRUE,1,Public Road,1,"Trafficway, On Road",CT0009300,New Haven PD,40790,30:48.0,C,Closed,01:26.0,,,,,,,
923067,1,Complete,923067,923067,41.33226,-72.9755,3420224,New Haven,93,93,New Haven,4/5/2022,2022,4,April,5,3,Tuesday,15:17:00,15,22010747,A,"Injury of any type (Serious, Minor, Possible)",C,Possible Injury (C),2,0,0,4,Local,0.29,501,RAMSDELL ST,RAMSDELL ST,,WHALLEY AVE,50,Feet,S,41.33226,-72.9755,14,Motor Vehicle in Operation,3,Angle,1,On Roadway,1,Clear,88,Not Applicable,1,Daylight,1,Dry,0,None,88,Not Applicable,88,Not Applicable,0,None,88,Not Applicable,88,Not Applicable,1,Non-Junction,1,Not at Intersection,1,No,1,No,88,Not Applicable,88,Not Applicable,88,Not Applicable,88,Not Applicable,TRUE,1,Public Road,1,"Trafficway, On Road",CT0009300,New Haven PD,170,30:54.0,C,Closed,01:23.0,,,,,,,
923255,1,Complete,923255,923255,41.31166683,-72.92543918,921285,New Haven,93,93,New Haven,11/7/2021,2021,11,November,7,1,Sunday,17:41:00,17,21040304,K,Fatal (Kill),K,Fatal Injury (K),1,1,0,4,Local,0,117,COLLEGE ST,COLLEGE ST,GROVE ST,,,,,41.31166683,-72.92543918,10,Pedalcycle/Pedalcyclist,88,Not Applicable,1,On Roadway,1,Clear,,,4,Dark-Lighted,1,Dry,0,None,,,,,0,None,,,,,3,Intersection-Related,2,Four-Way Intersection,1,No,1,No,88,Not Applicable,88,Not Applicable,88,Not Applicable,88,Not Applicable,,1,Public Road,1,"Trafficway, On Road",CT0009300,New Haven PD,221,11:00.0,O,Open,48:00.0,,,,,,,
923396,1,Complete,923396,923396,41.32185,-72.87889,3420551,New Haven,93,93,New Haven,4/1/2022,2022,4,April,1,6,Friday,17:10:00,17,22010248,A,"Injury of any type (Serious, Minor, Possible)",C,Possible Injury (C),1,0,0,,,,,,270 FOXON BLVD,,QUINNIPIAC AVE,100,Feet,W,41.32185,-72.87889,39,"Other Fixed Object (wall, building, tunnel, etc.)",88,Not Applicable,7,In Parking Lane or Zone,1,Clear,88,Not Applicable,1,Daylight,1,Dry,0,None,88,Not Applicable,88,Not Applicable,0,None,88,Not Applicable,88,Not Applicable,97,Other,1,Not at Intersection,1,No,1,No,88,Not Applicable,88,Not Applicable,88,Not Applicable,88,Not Applicable,FALSE,88,Not Applicable,4,Parking Lot,CT0009300,New Haven PD,42049,08:01.0,C,Closed,00:34.0,,,,,,,
923401,1,Complete,923401,923401,41.31255,-72.94074,3420556,New Haven,93,93,New Haven,4/5/2022,2022,4,April,5,3,Tuesday,19:47:00,19,22010797,A,"Injury of any type (Serious, Minor, Possible)",C,Possible Injury (C),2,0,0,4,Local,0.79,453,ORCHARD ST,ORCHARD ST,,ELM ST,30,Feet,N,41.31255,-72.94074,14,Motor Vehicle in Operation,1,Front to rear,1,On Roadway,1,Clear,88,Not Applicable,1,Daylight,1,Dry,0,None,88,Not Applicable,88,Not Applicable,0,None,88,Not Applicable,88,Not Applicable,1,Non-Junction,1,Not at Intersection,1,No,1,No,88,Not Applicable,88,Not Applicable,88,Not Applicable,88,Not Applicable,TRUE,1,Public Road,1,"Trafficway, On Road",CT0009300,New Haven PD,503,58:53.0,C,Closed,00:40.0,,,,,,,
923402,1,Complete,923402,923402,41.316364,-72.966898,3420557,New Haven,93,93,New Haven,4/5/2022,2022,4,April,5,3,Tuesday,23:03:00,23,22010813,A,"Injury of any type (Serious, Minor, Possible)",A,Suspected Serious Injury (A),2,0,0,4,Local,4.05,97,CHAPEL ST,CHAPEL ST,ALDEN AV,,,,,41.316364,-72.966898,14,Motor Vehicle in Operation,3,Angle,1,On Roadway,1,Clear,1,Clear,4,Dark-Lighted,1,Dry,0,None,88,Not Applicable,88,Not Applicable,0,None,88,Not Applicable,88,Not Applicable,2,Intersection,2,Four-Way Intersection,1,No,1,No,88,Not Applicable,88,Not Applicable,88,Not Applicable,88,Not Applicable,FALSE,1,Public Road,1,"Trafficway, On Road",CT0009300,New Haven PD,55,58:13.0,C,Closed,00:39.0,,,,,,,
923406,1,Complete,923406,923406,41.31456,-72.9338,3420561,New Haven,93,93,New Haven,4/6/2022,2022,4,April,6,4,Wednesday,10:28:00,10,22010857,A,"Injury of any type (Serious, Minor, Possible)",C,Possible Injury (C),2,0,1,4,Local,0.57,257,GOFFE ST,GOFFE ST,,DIXWELL AVE,150,Feet,W,41.31456,-72.9338,14,Motor Vehicle in Operation,3,Angle,1,On Roadway,4,Rain,88,Not Applicable,1,Daylight,2,Wet,0,None,88,Not Applicable,88,Not Applicable,0,None,88,Not Applicable,88,Not Applicable,11,Through Roadway,1,Not at Intersection,1,No,1,No,88,Not Applicable,88,Not Applicable,88,Not Applicable,88,Not Applicable,FALSE,1,Public Road,1,"Trafficway, On Road",CT0009300,New Haven PD,991,15:06.0,C,Closed,00:31.0,,,,,,,
923724,1,Complete,923724,923724,41.30953,-72.927234,3420879,New Haven,93,93,New Haven,4/7/2022,2022,4,April,7,5,Thursday,10:51:00,10,22010995,A,"Injury of any type (Serious, Minor, Possible)",C,Possible Injury (C),2,0,0,4,Local,0.37,726,ELM ST NO 2,ELM ST NO 2,,COLLEGE ST,45,Feet,W,41.30953,-72.927234,14,Motor Vehicle in Operation,1,Front to rear,1,On Roadway,2,Cloudy,88,Not Applicable,1,Daylight,1,Dry,0,None,88,Not Applicable,88,Not Applicable,0,None,88,Not Applicable,88,Not Applicable,1,Non-Junction,1,Not at Intersection,1,No,1,No,88,Not Applicable,88,Not Applicable,88,Not Applicable,88,Not Applicable,TRUE,1,Public Road,1,"Trafficway, On Road",CT0009300,New Haven PD,165,04:02.0,C,Closed,00:30.0,,,,,,,
924112,1,Complete,924112,924112,41.31172,-72.93282,3421267,New Haven,93,93,New Haven,4/7/2022,2022,4,April,7,5,Thursday,15:20:00,15,22011021,A,"Injury of any type (Serious, Minor, Possible)",B,Suspected Minor Injury (B),2,0,0,4,Local,0.04,726,ELM ST NO 2,ELM ST NO 2,,LYNWOOD PL,20,Feet,W,41.31172,-72.93282,14,Motor Vehicle in Operation,4,"Sideswipe, same direction",1,On Roadway,4,Rain,88,Not Applicable,1,Daylight,2,Wet,0,None,88,Not Applicable,88,Not Applicable,0,None,88,Not Applicable,88,Not Applicable,1,Non-Junction,1,Not at Intersection,1,No,1,No,88,Not Applicable,88,Not Applicable,88,Not Applicable,88,Not Applicable,TRUE,1,Public Road,1,"Trafficway, On Road",CT0009300,New Haven PD,381,43:40.0,C,Closed,00:27.0,,,,,,,
924121,1,Complete,924121,924121,41.311671,-72.899895,3421276,New Haven,93,93,New Haven,4/8/2022,2022,4,April,8,6,Friday,15:47:00,15,22011168,A,"Injury of any type (Serious, Minor, Possible)",C,Possible Injury (C),2,0,0,4,Local,0.6,57,BLATCHLEY AV,BLATCHLEY AV,PINE ST NO 1,,,,,41.311671,-72.899895,14,Motor Vehicle in Operation,3,Angle,1,On Roadway,1,Clear,88,Not Applicable,1,Daylight,1,Dry,0,None,88,Not Applicable,88,Not Applicable,0,None,88,Not Applicable,88,Not Applicable,2,Intersection,2,Four-Way Intersection,1,No,1,No,88,Not Applicable,88,Not Applicable,88,Not Applicable,88,Not Applicable,FALSE,1,Public Road,1,"Trafficway, On Road",CT0009300,New Haven PD,40788,51:45.0,C,Closed,00:31.0,,,,,,,
924123,1,Complete,924123,924123,41.319821,-72.950307,3421278,New Haven,93,93,New Haven,4/8/2022,2022,4,April,8,6,Friday,18:23:00,18,22011199,A,"Injury of any type (Serious, Minor, Possible)",C,Possible Injury (C),2,0,0,3,State,3.11,10,10-N,10-N,BROWNELL ST,,,,,41.319821,-72.950307,14,Motor Vehicle in Operation,4,"Sideswipe, same direction",1,On Roadway,1,Clear,88,Not Applicable,1,Daylight,1,Dry,0,None,88,Not Applicable,88,Not Applicable,0,None,88,Not Applicable,88,Not Applicable,2,Intersection,2,Four-Way Intersection,1,No,1,No,88,Not Applicable,88,Not Applicable,88,Not Applicable,88,Not Applicable,TRUE,1,Public Road,1,"Trafficway, On Road",CT0009300,New Haven PD,261,07:36.0,C,Closed,00:33.0,,2,19900,3,PRINCIPAL ARTERIAL - OTHER - NEW HPMS,1,Rural
924126,1,Complete,924126,924126,41.322189,-72.953508,3421281,New Haven,93,93,New Haven,4/8/2022,2022,4,April,8,6,Friday,20:16:00,20,22011220,A,"Injury of any type (Serious, Minor, Possible)",C,Possible Injury (C),2,0,0,3,State,3.35,10,10-N,10-N,OSBORN AV,,,,,41.322189,-72.953508,14,Motor Vehicle in Operation,1,Front to rear,1,On Roadway,1,Clear,88,Not Applicable,4,Dark-Lighted,1,Dry,0,None,88,Not Applicable,88,Not Applicable,0,None,88,Not Applicable,88,Not Applicable,3,Intersection-Related,3,T-Intersection,1,No,1,No,88,Not Applicable,88,Not Applicable,88,Not Applicable,88,Not Applicable,FALSE,1,Public Road,1,"Trafficway, On Road",CT0009300,New Haven PD,42366,43:19.0,C,Closed,00:49.0,,2,18100,3,PRINCIPAL ARTERIAL - OTHER - NEW HPMS,2,Urban
924129,1,Complete,924129,924129,41.30230173,-72.93241299,922086,New Haven,93,93,New Haven,4/9/2022,2022,4,April,9,7,Saturday,3:32:00,3,22011249,K,Fatal (Kill),K,Fatal Injury (K),1,0,1,4,Local,0.75,117,COLLEGE ST,COLLEGE ST,CONGRESS AV,,,,,41.30230173,-72.93241299,18,Other Non-Fixed Object,88,Not Applicable,4,Roadside,1,Clear,88,Not Applicable,4,Dark-Lighted,1,Dry,99,Unknown,88,Not Applicable,88,Not Applicable,0,None,88,Not Applicable,88,Not Applicable,3,Intersection-Related,4,Y-Intersection,1,No,1,No,88,Not Applicable,88,Not Applicable,88,Not Applicable,88,Not Applicable,FALSE,1,Public Road,1,"Trafficway, On Road",CT0009300,New Haven PD,40952,23:33.0,O,Open,00:38.0,,2,5400,3,PRINCIPAL ARTERIAL - OTHER - NEW HPMS,2,Urban