CrashId,Fatal Case Status,Fatal Case Status Text Format,CrashId,CrashId,Latitude,Longitude,DOT Case Number,Town Name,Town Number,Town Number,Town Number Text Format,Date Of Crash,Year,Month,Month Text Format,Day,Day of the Week,Day of the Week Text Format,Time of Crash,Hour of the Day,Case Identifier,Crash Severity,Crash Severity Text Format,Most Severe Injury,Most Severe Injury Text Format,Number Of Motor Vehicles,Number Of Non-Motorist,Number Of Witnesses,Route Class,Route Class Text Format,Milemarker,Road Number,Road Description,Roadway Name,Intersecting Roadway Name,Landmark Description,Distance From Nearest Landmark,Unit Of Measure From Nearest Landmark,Direction From Nearest Landmark,Latitude,Longitude,First Harmful Event,First Harmful Event Text Format,Manner of Crash / Collision Impact,Manner of Crash / Collision Impact Text Format,Location of First Harmful Event,Location of First Harmful Event Text Format,Weather Condition,Weather Condition Text Format,Weather 2,Weather 2 Text Format,Light Condition,Light Condition Text Format,Road Surface Condition,Road Surface Condition Text Format,"Contributing Circumstances, Environment","Contributing Circumstances, Environment Text Format",Environment 2,Environment 2 Text Format,Environment 3,Environment 3 Text Format,"Contributing Circumstances, Road","Contributing Circumstances, Road Text Format",Road 2,Road 2 Text Format,Road 3,Road 3 Text Format,Crash Specific Location,Crash Specific Location Text Format,Type of Intersection,Type of Intersection Text Format,School Bus Related,School Bus Related Text Format,Work Zone Related,Work Zone Related Text Format,Location Of Crash Relative To Work Zone,Location Of Crash Relative To Work Zone Text Format,Type of Work Zone,Type of Work Zone Text Format,Worker Presence,Worker Presence Text Format,Law Enforcement Presence,Law Enforcement Presence Text Format,Were Vehicles Moved Prior To Police Arrival,Trafficway Ownership,Trafficway Ownership Text Format,Trafficway Class,Trafficway Class Text Format,Police Agency,Police Agency Text Format,Badge Number,Approval Date,Police Case Status,Police Case Status Text Format,Crash Report Submission Date,Related Case Identifiers,No. of Through Lanes (Log Dir.),Average Daily Traffic,Functional Classification,Functional Classification Text Format,Rural or Urban,Rural or Urban Text Format
928075,1,Complete,928075,928075,41.317324,-72.944204,3425229,New Haven,93,93,New Haven,4/23/2022,2022,4,April,23,7,Saturday,19:13:00,19,22013332,A,"Injury of any type (Serious, Minor, Possible)",C,Possible Injury (C),2,0,1,4,Local,0.28,653,WHALLEY AV,WHALLEY AV,,WINTHROP AVE,90,Feet,E,41.317324,-72.944204,14,Motor Vehicle in Operation,3,Angle,1,On Roadway,1,Clear,88,Not Applicable,1,Daylight,1,Dry,0,None,88,Not Applicable,88,Not Applicable,0,None,88,Not Applicable,88,Not Applicable,1,Non-Junction,1,Not at Intersection,1,No,1,No,88,Not Applicable,88,Not Applicable,88,Not Applicable,88,Not Applicable,FALSE,1,Public Road,1,"Trafficway, On Road",CT0009300,New Haven PD,40812,13:23.0,C,Closed,01:39.0,,,,,,,
928076,1,Complete,928076,928076,41.2976856,-72.8926416,3425230,New Haven,93,93,New Haven,4/24/2022,2022,4,April,24,1,Sunday,0:31:00,0,22013354,A,"Injury of any type (Serious, Minor, Possible)",C,Possible Injury (C),3,0,1,4,Local,0.23,210,FARREN AV,FARREN AV,,FULTON ST,260,Feet,N,41.2976856,-72.8926416,14,Motor Vehicle in Operation,1,Front to rear,1,On Roadway,1,Clear,88,Not Applicable,4,Dark-Lighted,1,Dry,0,None,88,Not Applicable,88,Not Applicable,0,None,88,Not Applicable,88,Not Applicable,1,Non-Junction,1,Not at Intersection,1,No,1,No,88,Not Applicable,88,Not Applicable,88,Not Applicable,88,Not Applicable,FALSE,1,Public Road,1,"Trafficway, On Road",CT0009300,New Haven PD,42055,35:15.0,C,Closed,01:43.0,,,,,,,
928077,1,Complete,928077,928077,41.306264,-72.933182,3425231,New Haven,93,93,New Haven,4/24/2022,2022,4,April,24,1,Sunday,0:31:00,0,22013361,A,"Injury of any type (Serious, Minor, Possible)",A,Suspected Serious Injury (A),2,0,0,4,Local,0.27,766,YORK ST,YORK ST,GEORGE ST,,,,,41.306264,-72.933182,14,Motor Vehicle in Operation,3,Angle,1,On Roadway,1,Clear,88,Not Applicable,4,Dark-Lighted,1,Dry,0,None,88,Not Applicable,88,Not Applicable,0,None,88,Not Applicable,88,Not Applicable,2,Intersection,2,Four-Way Intersection,1,No,1,No,88,Not Applicable,88,Not Applicable,88,Not Applicable,88,Not Applicable,FALSE,1,Public Road,1,"Trafficway, On Road",CT0009300,New Haven PD,344,26:11.0,O,Open,01:41.0,22013361,,,,,,
928078,1,Complete,928078,928078,41.2871,-72.937,3425232,New Haven,93,93,New Haven,4/24/2022,2022,4,April,24,1,Sunday,1:17:00,1,22013367,A,"Injury of any type (Serious, Minor, Possible)",A,Suspected Serious Injury (A),1,1,0,3,State,0.54,10,10-N,10-N,PLYMOUTH ST,,,,,41.2871,-72.937,9,Pedestrian,88,Not Applicable,1,On Roadway,1,Clear,88,Not Applicable,4,Dark-Lighted,1,Dry,0,None,88,Not Applicable,88,Not Applicable,0,None,88,Not Applicable,88,Not Applicable,2,Intersection,3,T-Intersection,1,No,1,No,88,Not Applicable,88,Not Applicable,88,Not Applicable,88,Not Applicable,FALSE,1,Public Road,1,"Trafficway, On Road",CT0009300,New Haven PD,40955,50:32.0,O,Open,01:41.0,,4,17900,3,PRINCIPAL ARTERIAL - OTHER - NEW HPMS,2,Urban
928614,1,Complete,928614,928614,41.32107,-72.93273,3425768,New Haven,93,93,New Haven,4/24/2022,2022,4,April,24,1,Sunday,9:33:00,9,22013384,A,"Injury of any type (Serious, Minor, Possible)",C,Possible Injury (C),2,0,0,4,Local,0.34,289,HENRY ST,HENRY ST,,DIXWELL AVE,150,Feet,E,41.32107,-72.93273,14,Motor Vehicle in Operation,3,Angle,1,On Roadway,1,Clear,88,Not Applicable,1,Daylight,1,Dry,0,None,88,Not Applicable,88,Not Applicable,0,None,88,Not Applicable,88,Not Applicable,11,Through Roadway,1,Not at Intersection,1,No,1,No,88,Not Applicable,88,Not Applicable,88,Not Applicable,88,Not Applicable,FALSE,1,Public Road,1,"Trafficway, On Road",CT0009300,New Haven PD,991,36:43.0,C,Closed,01:27.0,,,,,,,
928616,1,Complete,928616,928616,41.32493,-72.95694,3425770,New Haven,93,93,New Haven,4/24/2022,2022,4,April,24,1,Sunday,22:48:00,22,22013462,A,"Injury of any type (Serious, Minor, Possible)",B,Suspected Minor Injury (B),2,0,1,3,State,0,63,63-N,63-N,10-N,,,,,41.32493,-72.95694,14,Motor Vehicle in Operation,3,Angle,1,On Roadway,1,Clear,88,Not Applicable,4,Dark-Lighted,1,Dry,0,None,88,Not Applicable,88,Not Applicable,0,None,88,Not Applicable,88,Not Applicable,2,Intersection,3,T-Intersection,1,No,1,No,88,Not Applicable,88,Not Applicable,88,Not Applicable,88,Not Applicable,FALSE,1,Public Road,1,"Trafficway, On Road",CT0009300,New Haven PD,251,09:37.0,C,Closed,01:36.0,,2,23200,3,PRINCIPAL ARTERIAL - OTHER - NEW HPMS,2,Urban
928619,1,Complete,928619,928619,41.31747,-72.94471,3425773,New Haven,93,93,New Haven,4/25/2022,2022,4,April,25,2,Monday,10:40:00,10,22013507,A,"Injury of any type (Serious, Minor, Possible)",B,Suspected Minor Injury (B),2,0,0,4,Local,0.25,653,WHALLEY AV,WHALLEY AV,,,,,,41.31747,-72.94471,14,Motor Vehicle in Operation,1,Front to rear,1,On Roadway,1,Clear,88,Not Applicable,1,Daylight,1,Dry,0,None,88,Not Applicable,88,Not Applicable,0,None,88,Not Applicable,88,Not Applicable,2,Intersection,2,Four-Way Intersection,1,No,1,No,88,Not Applicable,88,Not Applicable,88,Not Applicable,88,Not Applicable,FALSE,1,Public Road,1,"Trafficway, On Road",CT0009300,New Haven PD,238,51:17.0,C,Closed,01:28.0,,,,,,,
928624,1,Complete,928624,928624,41.321619,-72.867183,3425778,New Haven,93,93,New Haven,4/25/2022,2022,4,April,25,2,Monday,15:45:00,15,22013573,A,"Injury of any type (Serious, Minor, Possible)",C,Possible Injury (C),2,0,0,4,Local,0.05,145,DELL DR,DELL DR,DANIEL DR,,,,,41.321619,-72.867183,14,Motor Vehicle in Operation,4,"Sideswipe, same direction",1,On Roadway,1,Clear,88,Not Applicable,1,Daylight,1,Dry,0,None,88,Not Applicable,88,Not Applicable,0,None,88,Not Applicable,88,Not Applicable,3,Intersection-Related,3,T-Intersection,1,No,1,No,88,Not Applicable,88,Not Applicable,88,Not Applicable,88,Not Applicable,FALSE,1,Public Road,1,"Trafficway, On Road",CT0009300,New Haven PD,42367,34:36.0,C,Closed,01:34.0,,,,,,,
928626,1,Complete,928626,928626,41.32793,-72.9525,3425780,New Haven,93,93,New Haven,4/25/2022,2022,4,April,25,2,Monday,16:02:00,16,22013580,A,"Injury of any type (Serious, Minor, Possible)",C,Possible Injury (C),2,0,0,3,State,3.92,10,10-N,10-N,,BLAKE ST,100,Feet,N,41.32793,-72.9525,14,Motor Vehicle in Operation,1,Front to rear,1,On Roadway,1,Clear,88,Not Applicable,1,Daylight,1,Dry,0,None,88,Not Applicable,88,Not Applicable,0,None,88,Not Applicable,88,Not Applicable,1,Non-Junction,1,Not at Intersection,1,No,1,No,88,Not Applicable,88,Not Applicable,88,Not Applicable,88,Not Applicable,TRUE,1,Public Road,1,"Trafficway, On Road",CT0009300,New Haven PD,170,01:01.0,C,Closed,01:31.0,,1,13200,4,MINOR ARTERIAL - NEW HPMS,1,Rural
928631,1,Complete,928631,928631,41.33183,-72.97395,3425785,New Haven,93,93,New Haven,4/25/2022,2022,4,April,25,2,Monday,20:13:00,20,22013612,A,"Injury of any type (Serious, Minor, Possible)",C,Possible Injury (C),2,0,0,3,State,1.05,63,63-N,63-N,,ANTHONY ST,50,Feet,E,41.33183,-72.97395,14,Motor Vehicle in Operation,3,Angle,1,On Roadway,1,Clear,88,Not Applicable,4,Dark-Lighted,1,Dry,0,None,88,Not Applicable,88,Not Applicable,0,None,88,Not Applicable,88,Not Applicable,9,Driveway Access-Related,1,Not at Intersection,1,No,1,No,88,Not Applicable,88,Not Applicable,88,Not Applicable,88,Not Applicable,FALSE,1,Public Road,1,"Trafficway, On Road",CT0009300,New Haven PD,313,23:22.0,C,Closed,01:34.0,,2,23000,3,PRINCIPAL ARTERIAL - OTHER - NEW HPMS,2,Urban
928632,1,Complete,928632,928632,41.3318496,-72.9110523,3425786,New Haven,93,93,New Haven,4/25/2022,2022,4,April,25,2,Monday,22:10:00,22,22013619,A,"Injury of any type (Serious, Minor, Possible)",B,Suspected Minor Injury (B),2,0,0,4,Local,0.11,172,EAST ROCK PARK RD,EAST ROCK PARK RD,,EAST ROCK RD,500,Feet,N,41.3318496,-72.9110523,14,Motor Vehicle in Operation,1,Front to rear,1,On Roadway,1,Clear,88,Not Applicable,5,Dark-Not Lighted,1,Dry,0,None,88,Not Applicable,88,Not Applicable,0,None,88,Not Applicable,88,Not Applicable,1,Non-Junction,1,Not at Intersection,1,No,1,No,88,Not Applicable,88,Not Applicable,88,Not Applicable,88,Not Applicable,FALSE,1,Public Road,1,"Trafficway, On Road",CT0009300,New Haven PD,42053,07:02.0,C,Closed,01:37.0,,,,,,,
928931,1,Complete,928931,928931,41.29748,-72.94882,3426085,New Haven,93,93,New Haven,4/22/2022,2022,4,April,22,6,Friday,23:53:00,23,22013214,A,"Injury of any type (Serious, Minor, Possible)",B,Suspected Minor Injury (B),2,0,2,3,State,1.47,10,10-N,10-N,1-N,,,,,41.29748,-72.94882,14,Motor Vehicle in Operation,3,Angle,1,On Roadway,1,Clear,88,Not Applicable,4,Dark-Lighted,1,Dry,0,None,88,Not Applicable,88,Not Applicable,0,None,88,Not Applicable,88,Not Applicable,2,Intersection,2,Four-Way Intersection,1,No,1,No,88,Not Applicable,88,Not Applicable,88,Not Applicable,88,Not Applicable,FALSE,1,Public Road,1,"Trafficway, On Road",CT0009300,New Haven PD,293,58:45.0,O,Open,01:32.0,,2,20300,3,PRINCIPAL ARTERIAL - OTHER - NEW HPMS,2,Urban
928935,1,Complete,928935,928935,41.289033,-72.894783,3426089,New Haven,93,93,New Haven,4/26/2022,2022,4,April,26,3,Tuesday,7:26:00,7,22013636,A,"Injury of any type (Serious, Minor, Possible)",B,Suspected Minor Injury (B),2,0,0,1,Interstate,0.38,95,95-N-346,95-N-346,,,,,,41.289033,-72.894783,14,Motor Vehicle in Operation,2,Front to front,1,On Roadway,2,Cloudy,88,Not Applicable,1,Daylight,1,Dry,0,None,88,Not Applicable,88,Not Applicable,0,None,88,Not Applicable,88,Not Applicable,2,Intersection,2,Four-Way Intersection,1,No,1,No,88,Not Applicable,88,Not Applicable,88,Not Applicable,88,Not Applicable,FALSE,1,Public Road,1,"Trafficway, On Road",CT0009300,New Haven PD,263,23:48.0,C,Closed,01:22.0,,1,11900,1,INTERSTATE - NEW HPMS,,
928937,1,Complete,928937,928937,41.31056,-72.89852,3426091,New Haven,93,93,New Haven,4/26/2022,2022,4,April,26,3,Tuesday,9:19:00,9,22013656,A,"Injury of any type (Serious, Minor, Possible)",A,Suspected Serious Injury (A),3,0,0,4,Local,0.05,734,CLAY ST NO 2,CLAY ST NO 2,FILLMORE ST,,,,,41.31056,-72.89852,14,Motor Vehicle in Operation,3,Angle,1,On Roadway,2,Cloudy,88,Not Applicable,1,Daylight,1,Dry,0,None,88,Not Applicable,88,Not Applicable,0,None,88,Not Applicable,88,Not Applicable,2,Intersection,2,Four-Way Intersection,1,No,1,No,88,Not Applicable,88,Not Applicable,88,Not Applicable,88,Not Applicable,FALSE,1,Public Road,1,"Trafficway, On Road",CT0009300,New Haven PD,40790,54:10.0,C,Closed,01:23.0,,,,,,,
928940,1,Complete,928940,928940,41.32065,-72.94153,3426094,New Haven,93,93,New Haven,4/26/2022,2022,4,April,26,3,Tuesday,10:56:00,10,22013671,A,"Injury of any type (Serious, Minor, Possible)",C,Possible Injury (C),2,0,0,4,Local,0.53,258,GOFFE TER,GOFFE TER,,CARMEL ST,50,Feet,W,41.32065,-72.94153,14,Motor Vehicle in Operation,1,Front to rear,1,On Roadway,4,Rain,88,Not Applicable,1,Daylight,2,Wet,0,None,88,Not Applicable,88,Not Applicable,0,None,88,Not Applicable,88,Not Applicable,3,Intersection-Related,2,Four-Way Intersection,1,No,1,No,88,Not Applicable,88,Not Applicable,88,Not Applicable,88,Not Applicable,TRUE,1,Public Road,1,"Trafficway, On Road",CT0009300,New Haven PD,238,22:54.0,C,Closed,01:25.0,,,,,,,
928947,1,Complete,928947,928947,41.32695,-72.93518,3426101,New Haven,93,93,New Haven,4/26/2022,2022,4,April,26,3,Tuesday,19:40:00,19,22013778,A,"Injury of any type (Serious, Minor, Possible)",C,Possible Injury (C),2,0,0,4,Local,1,152,DIXWELL AV,DIXWELL AV,DIVISION ST,,,,,41.32695,-72.93518,14,Motor Vehicle in Operation,3,Angle,1,On Roadway,1,Clear,88,Not Applicable,1,Daylight,1,Dry,0,None,88,Not Applicable,88,Not Applicable,0,None,88,Not Applicable,88,Not Applicable,2,Intersection,3,T-Intersection,1,No,1,No,88,Not Applicable,88,Not Applicable,88,Not Applicable,88,Not Applicable,FALSE,1,Public Road,1,"Trafficway, On Road",CT0009300,New Haven PD,40804,17:48.0,O,Open,01:31.0,,,,,,,
929190,1,Complete,929190,929190,41.31489,-72.943164,3426344,New Haven,93,93,New Haven,4/24/2022,2022,4,April,24,1,Sunday,14:18:00,14,22013411,A,"Injury of any type (Serious, Minor, Possible)",C,Possible Injury (C),1,1,0,4,Local,0.65,556,SHERMAN AV,SHERMAN AV,,ELM ST,100,Feet,S,41.31489,-72.943164,14,Motor Vehicle in Operation,3,Angle,2,Shoulder,1,Clear,88,Not Applicable,1,Daylight,1,Dry,0,None,88,Not Applicable,88,Not Applicable,0,None,88,Not Applicable,88,Not Applicable,1,Non-Junction,1,Not at Intersection,1,No,1,No,88,Not Applicable,88,Not Applicable,88,Not Applicable,88,Not Applicable,FALSE,1,Public Road,1,"Trafficway, On Road",CT0009300,New Haven PD,326,20:49.0,C,Closed,00:57.0,,,,,,,
929191,1,Complete,929191,929191,41.331998,-72.92097,3426345,New Haven,93,93,New Haven,4/27/2022,2022,4,April,27,4,Wednesday,2:53:00,2,22013807,A,"Injury of any type (Serious, Minor, Possible)",A,Suspected Serious Injury (A),1,0,0,4,Local,1.42,495,PROSPECT ST,PROSPECT ST,EAST ROCK RD,,,,,41.331998,-72.92097,27,Embankment,88,Not Applicable,1,On Roadway,4,Rain,88,Not Applicable,5,Dark-Not Lighted,2,Wet,0,None,88,Not Applicable,88,Not Applicable,0,None,88,Not Applicable,88,Not Applicable,2,Intersection,3,T-Intersection,1,No,1,No,88,Not Applicable,88,Not Applicable,88,Not Applicable,88,Not Applicable,TRUE,1,Public Road,1,"Trafficway, On Road",CT0009300,New Haven PD,40953,11:40.0,C,Closed,00:53.0,,2,7200,4,MINOR ARTERIAL - NEW HPMS,2,Urban
929195,1,Complete,929195,929195,41.301361,-72.92691,3426349,New Haven,93,93,New Haven,4/27/2022,2022,4,April,27,4,Wednesday,10:08:00,10,22013827,A,"Injury of any type (Serious, Minor, Possible)",B,Suspected Minor Injury (B),2,0,0,4,Local,0.36,564,SOUTH FRONTAGE RD,SOUTH FRONTAGE RD,,,,,,41.301361,-72.92691,14,Motor Vehicle in Operation,3,Angle,1,On Roadway,1,Clear,88,Not Applicable,1,Daylight,1,Dry,0,None,88,Not Applicable,88,Not Applicable,0,None,88,Not Applicable,88,Not Applicable,2,Intersection,2,Four-Way Intersection,1,No,1,No,88,Not Applicable,88,Not Applicable,88,Not Applicable,88,Not Applicable,FALSE,1,Public Road,1,"Trafficway, On Road",CT0009300,New Haven PD,268,25:09.0,C,Closed,00:58.0,,,,,,,
929197,1,Complete,929197,929197,41.324021,-72.896363,3426351,New Haven,93,93,New Haven,4/27/2022,2022,4,April,27,4,Wednesday,10:34:00,10,22013833,A,"Injury of any type (Serious, Minor, Possible)",B,Suspected Minor Injury (B),1,0,0,2,USRoute,0.72,5,5-N,5-N,,LYMAN ST,100,Feet,S,41.324021,-72.896363,32,Tree (standing),88,Not Applicable,1,On Roadway,1,Clear,88,Not Applicable,1,Daylight,1,Dry,0,None,88,Not Applicable,88,Not Applicable,0,None,88,Not Applicable,88,Not Applicable,1,Non-Junction,1,Not at Intersection,1,No,1,No,88,Not Applicable,88,Not Applicable,88,Not Applicable,88,Not Applicable,FALSE,1,Public Road,1,"Trafficway, On Road",CT0009300,New Haven PD,42049,08:29.0,C,Closed,00:58.0,,2,17300,4,MINOR ARTERIAL - NEW HPMS,2,Urban
929203,1,Complete,929203,929203,41.31825,-72.93744,3426357,New Haven,93,93,New Haven,4/27/2022,2022,4,April,27,4,Wednesday,15:24:00,15,22013889,A,"Injury of any type (Serious, Minor, Possible)",C,Possible Injury (C),2,0,0,4,Local,1.21,453,ORCHARD ST,ORCHARD ST,ORCHARD PL,,,,,41.31825,-72.93744,14,Motor Vehicle in Operation,4,"Sideswipe, same direction",1,On Roadway,1,Clear,88,Not Applicable,1,Daylight,1,Dry,0,None,88,Not Applicable,88,Not Applicable,0,None,88,Not Applicable,88,Not Applicable,2,Intersection,5,L-Intersection,1,No,1,No,88,Not Applicable,88,Not Applicable,88,Not Applicable,88,Not Applicable,FALSE,1,Public Road,1,"Trafficway, On Road",CT0009300,New Haven PD,991,34:38.0,C,Closed,01:04.0,,,,,,,
929774,1,Complete,929774,929774,41.32528,-72.956785,3426928,New Haven,93,93,New Haven,4/24/2022,2022,4,April,24,1,Sunday,23:25:00,23,22013466,A,"Injury of any type (Serious, Minor, Possible)",C,Possible Injury (C),3,0,0,3,State,3.62,10,10-N,10-N,,WHALLEY AVE,100,Feet,N,41.32528,-72.956785,14,Motor Vehicle in Operation,1,Front to rear,1,On Roadway,1,Clear,88,Not Applicable,4,Dark-Lighted,1,Dry,0,None,88,Not Applicable,88,Not Applicable,0,None,88,Not Applicable,88,Not Applicable,1,Non-Junction,1,Not at Intersection,1,No,1,No,88,Not Applicable,88,Not Applicable,88,Not Applicable,88,Not Applicable,TRUE,1,Public Road,1,"Trafficway, On Road",CT0009300,New Haven PD,39,18:19.0,C,Closed,00:58.0,22013466,1,8900,4,MINOR ARTERIAL - NEW HPMS,1,Rural
929777,1,Complete,929777,929777,41.31618,-72.89733,3426931,New Haven,93,93,New Haven,4/26/2022,2022,4,April,26,3,Tuesday,17:32:00,17,22013769,A,"Injury of any type (Serious, Minor, Possible)",C,Possible Injury (C),2,0,0,4,Local,0.24,213,FERRY ST,FERRY ST,PECK ST NO 1,,,,,41.31618,-72.89733,14,Motor Vehicle in Operation,2,Front to front,1,On Roadway,4,Rain,88,Not Applicable,1,Daylight,2,Wet,0,None,88,Not Applicable,88,Not Applicable,0,None,88,Not Applicable,88,Not Applicable,2,Intersection,2,Four-Way Intersection,1,No,1,No,88,Not Applicable,88,Not Applicable,88,Not Applicable,88,Not Applicable,FALSE,1,Public Road,1,"Trafficway, On Road",CT0009300,New Haven PD,42057,03:04.0,O,Open,00:46.0,,,,,,,
929779,1,Complete,929779,929779,41.289086,-72.894459,3426933,New Haven,93,93,New Haven,4/26/2022,2022,4,April,26,3,Tuesday,22:30:00,22,22013851,A,"Injury of any type (Serious, Minor, Possible)",C,Possible Injury (C),2,0,0,1,Interstate,0.39,95,95-N-346,95-N-346,741-E,,,,,41.289086,-72.894459,14,Motor Vehicle in Operation,4,"Sideswipe, same direction",1,On Roadway,1,Clear,88,Not Applicable,4,Dark-Lighted,2,Wet,0,None,88,Not Applicable,88,Not Applicable,0,None,88,Not Applicable,88,Not Applicable,2,Intersection,2,Four-Way Intersection,1,No,1,No,88,Not Applicable,88,Not Applicable,88,Not Applicable,88,Not Applicable,TRUE,1,Public Road,1,"Trafficway, On Road",CT0009300,New Haven PD,281,43:59.0,O,Open,00:51.0,,1,11900,1,INTERSTATE - NEW HPMS,,
929787,1,Complete,929787,929787,41.32746475,-72.9605198,3426941,New Haven,93,93,New Haven,4/28/2022,2022,4,April,28,5,Thursday,11:07:00,11,22013977,A,"Injury of any type (Serious, Minor, Possible)",C,Possible Injury (C),2,0,0,3,State,0.25,63,63-N,63-N,BLAKE ST,,,,,41.32746475,-72.9605198,14,Motor Vehicle in Operation,4,"Sideswipe, same direction",1,On Roadway,1,Clear,88,Not Applicable,1,Daylight,1,Dry,0,None,88,Not Applicable,88,Not Applicable,0,None,88,Not Applicable,88,Not Applicable,2,Intersection,3,T-Intersection,1,No,1,No,88,Not Applicable,88,Not Applicable,88,Not Applicable,88,Not Applicable,TRUE,1,Public Road,1,"Trafficway, On Road",CT0009300,New Haven PD,313,12:56.0,C,Closed,00:53.0,,1,15500,3,PRINCIPAL ARTERIAL - OTHER - NEW HPMS,1,Rural
929790,1,Complete,929790,929790,41.30276,-72.92822,3426944,New Haven,93,93,New Haven,4/28/2022,2022,4,April,28,5,Thursday,12:45:00,12,22013983,A,"Injury of any type (Serious, Minor, Possible)",C,Possible Injury (C),2,0,0,4,Local,0.29,104,CHURCH ST SOUTH NO 1,CHURCH ST SOUTH NO 1,REV DR MLK JR BLVD,,,,,41.30276,-72.92822,14,Motor Vehicle in Operation,1,Front to rear,1,On Roadway,1,Clear,88,Not Applicable,1,Daylight,1,Dry,0,None,88,Not Applicable,88,Not Applicable,0,None,88,Not Applicable,88,Not Applicable,2,Intersection,2,Four-Way Intersection,1,No,1,No,88,Not Applicable,88,Not Applicable,88,Not Applicable,88,Not Applicable,FALSE,1,Public Road,1,"Trafficway, On Road",CT0009300,New Haven PD,319,47:06.0,C,Closed,00:49.0,,,,,,,
929800,1,Complete,929800,929800,41.269095,-72.896886,3426954,New Haven,93,93,New Haven,4/28/2022,2022,4,April,28,5,Thursday,21:05:00,21,22014048,A,"Injury of any type (Serious, Minor, Possible)",C,Possible Injury (C),2,0,0,3,State,1.45,337,337-E,337-E,,LEY ST,150,Feet,N,41.269095,-72.896886,14,Motor Vehicle in Operation,3,Angle,1,On Roadway,1,Clear,88,Not Applicable,4,Dark-Lighted,1,Dry,0,None,88,Not Applicable,88,Not Applicable,0,None,88,Not Applicable,88,Not Applicable,1,Non-Junction,1,Not at Intersection,1,No,1,No,88,Not Applicable,88,Not Applicable,88,Not Applicable,88,Not Applicable,TRUE,1,Public Road,1,"Trafficway, On Road",CT0009300,New Haven PD,409,25:01.0,C,Closed,01:10.0,,1,8200,4,MINOR ARTERIAL - NEW HPMS,1,Rural
929802,1,Complete,929802,929802,41.290878,-72.941384,3426956,New Haven,93,93,New Haven,4/29/2022,2022,4,April,29,6,Friday,1:07:00,1,22014058,A,"Injury of any type (Serious, Minor, Possible)",B,Suspected Minor Injury (B),1,0,0,3,State,0.88,10,10-N,10-N,WASHINGTON AV NO 1,,,,,41.290878,-72.941384,36,Fence,88,Not Applicable,1,On Roadway,1,Clear,88,Not Applicable,5,Dark-Not Lighted,1,Dry,0,None,88,Not Applicable,88,Not Applicable,0,None,88,Not Applicable,88,Not Applicable,2,Intersection,2,Four-Way Intersection,1,No,1,No,88,Not Applicable,88,Not Applicable,88,Not Applicable,88,Not Applicable,FALSE,1,Public Road,1,"Trafficway, On Road",CT0009300,New Haven PD,38715,28:36.0,C,Closed,01:17.0,22-014058,4,20200,3,PRINCIPAL ARTERIAL - OTHER - NEW HPMS,2,Urban
929803,1,Complete,929803,929803,41.313193,-72.952822,3426957,New Haven,93,93,New Haven,4/29/2022,2022,4,April,29,6,Friday,1:51:00,1,22014060,A,"Injury of any type (Serious, Minor, Possible)",C,Possible Injury (C),1,0,0,4,Local,3.27,97,CHAPEL ST,CHAPEL ST,,ELLA  T GRASS BLVD,300,Feet,W,41.313193,-72.952822,33,Utility Pole/Light Support,88,Not Applicable,1,On Roadway,1,Clear,88,Not Applicable,4,Dark-Lighted,1,Dry,0,None,88,Not Applicable,88,Not Applicable,0,None,88,Not Applicable,88,Not Applicable,1,Non-Junction,1,Not at Intersection,1,No,1,No,88,Not Applicable,88,Not Applicable,88,Not Applicable,88,Not Applicable,FALSE,1,Public Road,1,"Trafficway, On Road",CT0009300,New Haven PD,40789,56:33.0,C,Closed,00:51.0,,2,4100,5,MAJOR COLLECTOR - NEW HPMS,2,Urban
929806,1,Complete,929806,929806,41.304762,-72.926589,3426960,New Haven,93,93,New Haven,4/29/2022,2022,4,April,29,6,Friday,11:14:00,11,22014102,A,"Injury of any type (Serious, Minor, Possible)",C,Possible Injury (C),2,0,0,4,Local,0.07,103,CHURCH ST,CHURCH ST,CROWN ST,,,,,41.304762,-72.926589,14,Motor Vehicle in Operation,1,Front to rear,1,On Roadway,1,Clear,88,Not Applicable,1,Daylight,1,Dry,0,None,88,Not Applicable,88,Not Applicable,0,None,88,Not Applicable,88,Not Applicable,3,Intersection-Related,2,Four-Way Intersection,1,No,1,No,88,Not Applicable,88,Not Applicable,88,Not Applicable,88,Not Applicable,FALSE,1,Public Road,1,"Trafficway, On Road",CT0009300,New Haven PD,106,49:41.0,C,Closed,00:54.0,,,,,,,
929807,1,Complete,929807,929807,41.31602,-72.89839,3426961,New Haven,93,93,New Haven,4/29/2022,2022,4,April,29,6,Friday,13:04:00,13,22014121,A,"Injury of any type (Serious, Minor, Possible)",C,Possible Injury (C),2,0,0,4,Local,0.06,470,PECK ST NO 1,PECK ST NO 1,,FERRY ST,300,Feet,W,41.31602,-72.89839,14,Motor Vehicle in Operation,4,"Sideswipe, same direction",1,On Roadway,1,Clear,88,Not Applicable,1,Daylight,1,Dry,0,None,88,Not Applicable,88,Not Applicable,0,None,88,Not Applicable,88,Not Applicable,9,Driveway Access-Related,1,Not at Intersection,1,No,1,No,88,Not Applicable,88,Not Applicable,88,Not Applicable,88,Not Applicable,TRUE,1,Public Road,1,"Trafficway, On Road",CT0009300,New Haven PD,980,54:48.0,C,Closed,01:02.0,,,,,,,