CrashId,Fatal Case Status,Fatal Case Status Text Format,CrashId,CrashId,Latitude,Longitude,DOT Case Number,Town Name,Town Number,Town Number,Town Number Text Format,Date Of Crash,Year,Month,Month Text Format,Day,Day of the Week,Day of the Week Text Format,Time of Crash,Hour of the Day,Case Identifier,Crash Severity,Crash Severity Text Format,Most Severe Injury,Most Severe Injury Text Format,Number Of Motor Vehicles,Number Of Non-Motorist,Number Of Witnesses,Route Class,Route Class Text Format,Milemarker,Road Number,Road Description,Roadway Name,Intersecting Roadway Name,Landmark Description,Distance From Nearest Landmark,Unit Of Measure From Nearest Landmark,Direction From Nearest Landmark,Latitude,Longitude,First Harmful Event,First Harmful Event Text Format,Manner of Crash / Collision Impact,Manner of Crash / Collision Impact Text Format,Location of First Harmful Event,Location of First Harmful Event Text Format,Weather Condition,Weather Condition Text Format,Weather 2,Weather 2 Text Format,Light Condition,Light Condition Text Format,Road Surface Condition,Road Surface Condition Text Format,"Contributing Circumstances, Environment","Contributing Circumstances, Environment Text Format",Environment 2,Environment 2 Text Format,Environment 3,Environment 3 Text Format,"Contributing Circumstances, Road","Contributing Circumstances, Road Text Format",Road 2,Road 2 Text Format,Road 3,Road 3 Text Format,Crash Specific Location,Crash Specific Location Text Format,Type of Intersection,Type of Intersection Text Format,School Bus Related,School Bus Related Text Format,Work Zone Related,Work Zone Related Text Format,Location Of Crash Relative To Work Zone,Location Of Crash Relative To Work Zone Text Format,Type of Work Zone,Type of Work Zone Text Format,Worker Presence,Worker Presence Text Format,Law Enforcement Presence,Law Enforcement Presence Text Format,Were Vehicles Moved Prior To Police Arrival,Trafficway Ownership,Trafficway Ownership Text Format,Trafficway Class,Trafficway Class Text Format,Police Agency,Police Agency Text Format,Badge Number,Approval Date,Police Case Status,Police Case Status Text Format,Crash Report Submission Date,Related Case Identifiers,No. of Through Lanes (Log Dir.),Average Daily Traffic,Functional Classification,Functional Classification Text Format,Rural or Urban,Rural or Urban Text Format
931978,1,Complete,931978,931978,41.297442,-72.949374,3429131,New Haven,93,93,New Haven,5/5/2022,2022,5,May,5,5,Thursday,12:45:00,12,22014856,A,"Injury of any type (Serious, Minor, Possible)",C,Possible Injury (C),2,0,0,2,USRoute,46.62,1,1-N,1-N,,10-N,80,Feet,W,41.297442,-72.949374,14,Motor Vehicle in Operation,1,Front to rear,1,On Roadway,1,Clear,88,Not Applicable,1,Daylight,1,Dry,0,None,88,Not Applicable,88,Not Applicable,0,None,88,Not Applicable,88,Not Applicable,3,Intersection-Related,2,Four-Way Intersection,1,No,1,No,88,Not Applicable,88,Not Applicable,88,Not Applicable,88,Not Applicable,FALSE,1,Public Road,1,"Trafficway, On Road",CT0009300,New Haven PD,159,17:07.0,C,Closed,02:07.0,,2,20300,3,PRINCIPAL ARTERIAL - OTHER - NEW HPMS,2,Urban
931982,1,Complete,931982,931982,41.293489,-72.938891,3429135,New Haven,93,93,New Haven,5/5/2022,2022,5,May,5,5,Thursday,20:02:00,20,22014891,A,"Injury of any type (Serious, Minor, Possible)",B,Suspected Minor Injury (B),4,0,1,4,Local,0.03,571,SPRING ST,SPRING ST,,WASHINGTON AVE,100,Feet,E,41.293489,-72.938891,14,Motor Vehicle in Operation,4,"Sideswipe, same direction",1,On Roadway,1,Clear,88,Not Applicable,1,Daylight,1,Dry,0,None,88,Not Applicable,88,Not Applicable,0,None,88,Not Applicable,88,Not Applicable,1,Non-Junction,1,Not at Intersection,1,No,1,No,88,Not Applicable,88,Not Applicable,88,Not Applicable,88,Not Applicable,TRUE,1,Public Road,1,"Trafficway, On Road",CT0009300,New Haven PD,281,02:58.0,C,Closed,02:10.0,,,,,,,
931996,1,Complete,931996,931996,41.3319756,-72.9209245,3429149,New Haven,93,93,New Haven,5/6/2022,2022,5,May,6,6,Friday,19:03:00,19,22015026,A,"Injury of any type (Serious, Minor, Possible)",C,Possible Injury (C),3,0,0,4,Local,1.42,495,PROSPECT ST,PROSPECT ST,EAST ROCK RD,,,,,41.3319756,-72.9209245,14,Motor Vehicle in Operation,1,Front to rear,1,On Roadway,4,Rain,88,Not Applicable,2,Dawn,2,Wet,0,None,88,Not Applicable,88,Not Applicable,0,None,88,Not Applicable,88,Not Applicable,3,Intersection-Related,3,T-Intersection,1,No,1,No,88,Not Applicable,88,Not Applicable,88,Not Applicable,88,Not Applicable,FALSE,1,Public Road,1,"Trafficway, On Road",CT0009300,New Haven PD,42048,30:53.0,O,Open,02:26.0,,,,,,,
932002,1,Complete,932002,932002,41.31577,-72.93913,3429155,New Haven,93,93,New Haven,5/7/2022,2022,5,May,7,7,Saturday,1:13:00,1,22015054,A,"Injury of any type (Serious, Minor, Possible)",B,Suspected Minor Injury (B),2,0,0,4,Local,0.56,653,WHALLEY AV,WHALLEY AV,ORCHARD ST,,,,,41.31577,-72.93913,14,Motor Vehicle in Operation,1,Front to rear,1,On Roadway,4,Rain,88,Not Applicable,4,Dark-Lighted,2,Wet,0,None,88,Not Applicable,88,Not Applicable,0,None,88,Not Applicable,88,Not Applicable,2,Intersection,2,Four-Way Intersection,1,No,1,No,88,Not Applicable,88,Not Applicable,88,Not Applicable,88,Not Applicable,FALSE,1,Public Road,1,"Trafficway, On Road",CT0009300,New Haven PD,82,14:23.0,C,Closed,02:19.0,,,,,,,
932010,1,Complete,932010,932010,41.324873,-72.870449,3429163,New Haven,93,93,New Haven,5/7/2022,2022,5,May,7,7,Saturday,14:04:00,14,22015092,A,"Injury of any type (Serious, Minor, Possible)",C,Possible Injury (C),2,0,0,,,,,,1425 QUNNIPIAC AV,,QUINNIPIAC AV,200,Feet,E,41.324873,-72.870449,14,Motor Vehicle in Operation,6,Rear to side,7,In Parking Lane or Zone,4,Rain,88,Not Applicable,1,Daylight,2,Wet,0,None,88,Not Applicable,88,Not Applicable,0,None,88,Not Applicable,88,Not Applicable,97,Other,1,Not at Intersection,1,No,1,No,88,Not Applicable,88,Not Applicable,88,Not Applicable,88,Not Applicable,FALSE,2,Private Road,4,Parking Lot,CT0009300,New Haven PD,42367,54:57.0,C,Closed,02:25.0,,,,,,,
932019,1,Complete,932019,932019,41.312709,-72.932942,3429172,New Haven,93,93,New Haven,5/8/2022,2022,5,May,8,1,Sunday,12:06:00,12,22015170,A,"Injury of any type (Serious, Minor, Possible)",C,Possible Injury (C),2,0,0,4,Local,0.95,653,WHALLEY AV,WHALLEY AV,HOWE ST,,,,,41.312709,-72.932942,14,Motor Vehicle in Operation,1,Front to rear,1,On Roadway,1,Clear,88,Not Applicable,1,Daylight,1,Dry,0,None,88,Not Applicable,88,Not Applicable,0,None,88,Not Applicable,88,Not Applicable,1,Non-Junction,1,Not at Intersection,1,No,1,No,88,Not Applicable,88,Not Applicable,88,Not Applicable,88,Not Applicable,FALSE,1,Public Road,1,"Trafficway, On Road",CT0009300,New Haven PD,42367,44:14.0,C,Closed,02:32.0,,,,,,,
932020,1,Complete,932020,932020,41.31114,-72.93587,3429173,New Haven,93,93,New Haven,5/8/2022,2022,5,May,8,1,Sunday,12:06:00,12,22015171,A,"Injury of any type (Serious, Minor, Possible)",C,Possible Injury (C),2,0,0,4,Local,1.91,179,EDGEWOOD AV,EDGEWOOD AV,DWIGHT ST,,,,,41.31114,-72.93587,14,Motor Vehicle in Operation,3,Angle,1,On Roadway,1,Clear,88,Not Applicable,1,Daylight,1,Dry,0,None,88,Not Applicable,88,Not Applicable,0,None,88,Not Applicable,88,Not Applicable,2,Intersection,2,Four-Way Intersection,1,No,1,No,88,Not Applicable,88,Not Applicable,88,Not Applicable,88,Not Applicable,FALSE,1,Public Road,1,"Trafficway, On Road",CT0009300,New Haven PD,11439,43:33.0,C,Closed,02:32.0,,,,,,,
932024,1,Complete,932024,932024,41.31007,-72.928552,3429177,New Haven,93,93,New Haven,5/8/2022,2022,5,May,8,1,Sunday,17:26:00,17,22015206,A,"Injury of any type (Serious, Minor, Possible)",C,Possible Injury (C),1,1,0,4,Local,0.29,726,ELM ST NO 2,ELM ST NO 2,,HIGH ST,20,Feet,E,41.31007,-72.928552,14,Motor Vehicle in Operation,1,Front to rear,1,On Roadway,1,Clear,88,Not Applicable,1,Daylight,1,Dry,0,None,88,Not Applicable,88,Not Applicable,0,None,88,Not Applicable,88,Not Applicable,1,Non-Junction,1,Not at Intersection,1,No,1,No,88,Not Applicable,88,Not Applicable,88,Not Applicable,88,Not Applicable,TRUE,1,Public Road,1,"Trafficway, On Road",CT0009300,New Haven PD,221,23:42.0,O,Open,02:34.0,,,,,,,
932694,1,Complete,932694,932694,41.28659,-72.93604,3429847,New Haven,93,93,New Haven,5/8/2022,2022,5,May,8,1,Sunday,2:44:00,2,22015146,A,"Injury of any type (Serious, Minor, Possible)",B,Suspected Minor Injury (B),2,0,0,4,Local,0.41,339,KIMBERLY AV,KIMBERLY AV,,ELLA T GRASSO BLVD,100,Feet,N,41.28659,-72.93604,14,Motor Vehicle in Operation,1,Front to rear,1,On Roadway,1,Clear,88,Not Applicable,4,Dark-Lighted,1,Dry,0,None,88,Not Applicable,88,Not Applicable,0,None,88,Not Applicable,88,Not Applicable,2,Intersection,2,Four-Way Intersection,1,No,1,No,88,Not Applicable,88,Not Applicable,88,Not Applicable,88,Not Applicable,FALSE,1,Public Road,1,"Trafficway, On Road",CT0009300,New Haven PD,40955,07:34.0,C,Closed,01:01.0,,,,,,,
932702,1,Complete,932702,932702,41.32395479,-72.88167976,3429855,New Haven,93,93,New Haven,5/9/2022,2022,5,May,9,2,Monday,12:00:00,12,22015267,A,"Injury of any type (Serious, Minor, Possible)",C,Possible Injury (C),2,0,0,3,State,0.22,17,17-N,17-N,80-W,,,,,41.32395479,-72.88167976,14,Motor Vehicle in Operation,4,"Sideswipe, same direction",1,On Roadway,1,Clear,88,Not Applicable,1,Daylight,1,Dry,0,None,88,Not Applicable,88,Not Applicable,0,None,88,Not Applicable,88,Not Applicable,3,Intersection-Related,2,Four-Way Intersection,1,No,1,No,88,Not Applicable,88,Not Applicable,88,Not Applicable,88,Not Applicable,FALSE,1,Public Road,1,"Trafficway, On Road",CT0009300,New Haven PD,430,04:17.0,C,Closed,01:06.0,,1,21600,3,PRINCIPAL ARTERIAL - OTHER - NEW HPMS,1,Rural
932704,1,Complete,932704,932704,41.315955,-72.945189,3429857,New Haven,93,93,New Haven,5/9/2022,2022,5,May,9,2,Monday,15:38:00,15,22015291,A,"Injury of any type (Serious, Minor, Possible)",C,Possible Injury (C),2,0,1,4,Local,0.64,775,WINTHROP AV NO 2,WINTHROP AV NO 2,ELM ST NO 1,,,,,41.315955,-72.945189,14,Motor Vehicle in Operation,3,Angle,1,On Roadway,1,Clear,88,Not Applicable,1,Daylight,1,Dry,0,None,88,Not Applicable,88,Not Applicable,0,None,88,Not Applicable,88,Not Applicable,2,Intersection,2,Four-Way Intersection,1,No,1,No,88,Not Applicable,88,Not Applicable,88,Not Applicable,88,Not Applicable,FALSE,1,Public Road,1,"Trafficway, On Road",CT0009300,New Haven PD,276,00:12.0,C,Closed,01:09.0,22015291,,,,,,
932710,1,Complete,932710,932710,41.29439,-72.93333,3429863,New Haven,93,93,New Haven,5/9/2022,2022,5,May,9,2,Monday,20:59:00,20,22015334,A,"Injury of any type (Serious, Minor, Possible)",C,Possible Injury (C),1,1,0,4,Local,0.84,308,HOWARD AV,HOWARD AV,,SPRING ST,50,Feet,N,41.29439,-72.93333,9,Pedestrian,88,Not Applicable,1,On Roadway,1,Clear,88,Not Applicable,4,Dark-Lighted,1,Dry,0,None,88,Not Applicable,88,Not Applicable,0,None,88,Not Applicable,88,Not Applicable,1,Non-Junction,1,Not at Intersection,1,No,1,No,88,Not Applicable,88,Not Applicable,88,Not Applicable,88,Not Applicable,FALSE,1,Public Road,1,"Trafficway, On Road",CT0009300,New Haven PD,40956,31:53.0,C,Closed,01:10.0,,4,7100,4,MINOR ARTERIAL - NEW HPMS,2,Urban
933057,1,Complete,933057,933057,41.301043,-72.926104,3430210,New Haven,93,93,New Haven,5/2/2022,2022,5,May,2,2,Monday,12:13:00,12,22014487,A,"Injury of any type (Serious, Minor, Possible)",C,Possible Injury (C),2,0,0,3,State,0.05,34,34-E-8,34-E-8,,S ORANGE ST,30,Feet,N,41.301043,-72.926104,14,Motor Vehicle in Operation,1,Front to rear,1,On Roadway,2,Cloudy,88,Not Applicable,1,Daylight,1,Dry,0,None,88,Not Applicable,88,Not Applicable,0,None,88,Not Applicable,88,Not Applicable,2,Intersection,2,Four-Way Intersection,1,No,1,No,88,Not Applicable,88,Not Applicable,88,Not Applicable,88,Not Applicable,FALSE,1,Public Road,1,"Trafficway, On Road",CT0009300,New Haven PD,295,10:23.0,C,Closed,00:38.0,,1,3900,5,MAJOR COLLECTOR - NEW HPMS,2,Urban
933058,1,Complete,933058,933058,41.313188,-72.94385,3430211,New Haven,93,93,New Haven,5/9/2022,2022,5,May,9,2,Monday,12:16:00,12,22015270,A,"Injury of any type (Serious, Minor, Possible)",C,Possible Injury (C),3,0,1,4,Local,1.46,179,EDGEWOOD AV,EDGEWOOD AV,SHERMAN AV,,,,,41.313188,-72.94385,14,Motor Vehicle in Operation,3,Angle,1,On Roadway,1,Clear,88,Not Applicable,1,Daylight,1,Dry,0,None,88,Not Applicable,88,Not Applicable,0,None,88,Not Applicable,88,Not Applicable,2,Intersection,2,Four-Way Intersection,1,No,1,No,88,Not Applicable,88,Not Applicable,88,Not Applicable,88,Not Applicable,FALSE,1,Public Road,1,"Trafficway, On Road",CT0009300,New Haven PD,91,42:14.0,C,Closed,00:37.0,,,,,,,
933062,1,Complete,933062,933062,41.30684,-72.92116,3430215,New Haven,93,93,New Haven,5/10/2022,2022,5,May,10,3,Tuesday,7:40:00,7,22015369,A,"Injury of any type (Serious, Minor, Possible)",C,Possible Injury (C),4,0,0,4,Local,1.17,575,STATE ST,STATE ST,GRAND AV,,,,,41.30684,-72.92116,14,Motor Vehicle in Operation,5,"Sideswipe, opposite direction",1,On Roadway,1,Clear,88,Not Applicable,1,Daylight,1,Dry,0,None,88,Not Applicable,88,Not Applicable,0,None,88,Not Applicable,88,Not Applicable,2,Intersection,2,Four-Way Intersection,1,No,1,No,88,Not Applicable,88,Not Applicable,88,Not Applicable,88,Not Applicable,FALSE,1,Public Road,1,"Trafficway, On Road",CT0009300,New Haven PD,344,52:01.0,C,Closed,00:39.0,22015369,,,,,,
933069,1,Complete,933069,933069,41.306619,-72.952795,3430222,New Haven,93,93,New Haven,5/10/2022,2022,5,May,10,3,Tuesday,21:05:00,21,22015476,A,"Injury of any type (Serious, Minor, Possible)",A,Suspected Serious Injury (A),1,1,2,3,State,2.13,10,10-N,10-N,REV DR MLK JR BLVD,,,,,41.306619,-72.952795,9,Pedestrian,88,Not Applicable,1,On Roadway,1,Clear,88,Not Applicable,4,Dark-Lighted,1,Dry,0,None,88,Not Applicable,88,Not Applicable,0,None,88,Not Applicable,88,Not Applicable,3,Intersection-Related,3,T-Intersection,1,No,1,No,88,Not Applicable,88,Not Applicable,88,Not Applicable,88,Not Applicable,FALSE,1,Public Road,1,"Trafficway, On Road",CT0009300,New Haven PD,170,17:20.0,C,Closed,00:42.0,,4,24400,3,PRINCIPAL ARTERIAL - OTHER - NEW HPMS,2,Urban
933334,1,Complete,933334,933334,41.3201,-72.87141,3430485,New Haven,93,93,New Haven,5/9/2022,2022,5,May,9,2,Monday,16:46:00,16,22015342,A,"Injury of any type (Serious, Minor, Possible)",C,Possible Injury (C),2,0,0,3,State,0.59,80,80-E,80-E,,,,,,41.3201,-72.87141,14,Motor Vehicle in Operation,1,Front to rear,1,On Roadway,1,Clear,88,Not Applicable,1,Daylight,1,Dry,0,None,88,Not Applicable,88,Not Applicable,0,None,88,Not Applicable,88,Not Applicable,2,Intersection,2,Four-Way Intersection,1,No,1,No,88,Not Applicable,88,Not Applicable,88,Not Applicable,88,Not Applicable,FALSE,1,Public Road,1,"Trafficway, On Road",CT0009300,New Haven PD,156,33:11.0,C,Closed,01:42.0,,2,32300,3,PRINCIPAL ARTERIAL - OTHER - NEW HPMS,2,Urban
933337,1,Complete,933337,933337,41.30366,-72.90278,3430488,New Haven,93,93,New Haven,5/10/2022,2022,5,May,10,3,Tuesday,16:16:00,16,22015433,A,"Injury of any type (Serious, Minor, Possible)",A,Suspected Serious Injury (A),2,0,0,4,Local,0.53,97,CHAPEL ST,CHAPEL ST,,,,,,41.30366,-72.90278,14,Motor Vehicle in Operation,2,Front to front,1,On Roadway,1,Clear,88,Not Applicable,1,Daylight,1,Dry,0,None,88,Not Applicable,88,Not Applicable,0,None,88,Not Applicable,88,Not Applicable,2,Intersection,2,Four-Way Intersection,1,No,1,No,88,Not Applicable,88,Not Applicable,88,Not Applicable,88,Not Applicable,FALSE,1,Public Road,1,"Trafficway, On Road",CT0009300,New Haven PD,193,59:04.0,C,Closed,01:47.0,,,,,,,
933339,1,Complete,933339,933339,41.29123,-72.93333,3430490,New Haven,93,93,New Haven,5/11/2022,2022,5,May,11,4,Wednesday,15:09:00,15,22015567,A,"Injury of any type (Serious, Minor, Possible)",A,Suspected Serious Injury (A),2,0,0,4,Local,0.07,339,KIMBERLY AV,KIMBERLY AV,LAMBERTON ST,,,,,41.29123,-72.93333,14,Motor Vehicle in Operation,3,Angle,1,On Roadway,1,Clear,88,Not Applicable,1,Daylight,1,Dry,0,None,88,Not Applicable,88,Not Applicable,0,None,88,Not Applicable,88,Not Applicable,2,Intersection,2,Four-Way Intersection,1,No,1,No,88,Not Applicable,88,Not Applicable,88,Not Applicable,88,Not Applicable,TRUE,1,Public Road,1,"Trafficway, On Road",CT0009300,New Haven PD,43690,40:22.0,O,Open,01:43.0,,,,,,,
933631,1,Complete,933631,933631,41.314239,-72.904039,3430781,New Haven,93,93,New Haven,5/1/2022,2022,5,May,1,1,Sunday,0:06:00,0,22014326,A,"Injury of any type (Serious, Minor, Possible)",C,Possible Injury (C),2,0,0,4,Local,0.14,327,JAMES ST,JAMES ST,LOMBARD ST,,,,,41.314239,-72.904039,14,Motor Vehicle in Operation,3,Angle,1,On Roadway,1,Clear,88,Not Applicable,4,Dark-Lighted,1,Dry,0,None,88,Not Applicable,88,Not Applicable,0,None,88,Not Applicable,88,Not Applicable,2,Intersection,2,Four-Way Intersection,1,No,1,No,88,Not Applicable,88,Not Applicable,88,Not Applicable,88,Not Applicable,FALSE,1,Public Road,1,"Trafficway, On Road",CT0009300,New Haven PD,42044,02:25.0,O,Open,00:45.0,,,,,,,
933636,1,Complete,933636,933636,41.31639,-72.93423,3430786,New Haven,93,93,New Haven,5/11/2022,2022,5,May,11,4,Wednesday,11:19:00,11,22015539,A,"Injury of any type (Serious, Minor, Possible)",C,Possible Injury (C),1,0,0,4,Local,0.38,631,WEBSTER ST,WEBSTER ST,WINTER ST,,,,,41.31639,-72.93423,39,"Other Fixed Object (wall, building, tunnel, etc.)",88,Not Applicable,1,On Roadway,1,Clear,88,Not Applicable,1,Daylight,1,Dry,0,None,88,Not Applicable,88,Not Applicable,0,None,88,Not Applicable,88,Not Applicable,3,Intersection-Related,3,T-Intersection,1,No,1,No,88,Not Applicable,88,Not Applicable,88,Not Applicable,88,Not Applicable,FALSE,1,Public Road,1,"Trafficway, On Road",CT0009300,New Haven PD,991,25:27.0,C,Closed,00:46.0,,2,6825,7,LOCAL - NEW HPMS,2,Urban
933638,1,Complete,933638,933638,41.312886,-72.932253,3430788,New Haven,93,93,New Haven,5/11/2022,2022,5,May,11,4,Wednesday,18:52:00,18,22015610,A,"Injury of any type (Serious, Minor, Possible)",B,Suspected Minor Injury (B),2,0,0,4,Local,0.17,68,BROADWAY,BROADWAY,DIXWELL AV,,,,,41.312886,-72.932253,14,Motor Vehicle in Operation,1,Front to rear,1,On Roadway,1,Clear,88,Not Applicable,1,Daylight,1,Dry,0,None,88,Not Applicable,88,Not Applicable,0,None,88,Not Applicable,88,Not Applicable,2,Intersection,8,"Five-Point, or More",1,No,1,No,88,Not Applicable,88,Not Applicable,88,Not Applicable,88,Not Applicable,TRUE,1,Public Road,1,"Trafficway, On Road",CT0009300,New Haven PD,42054,38:16.0,C,Closed,00:51.0,,,,,,,
933640,1,Complete,933640,933640,41.3041954,-72.9441004,3430790,New Haven,93,93,New Haven,5/11/2022,2022,5,May,11,4,Wednesday,21:10:00,21,22015632,A,"Injury of any type (Serious, Minor, Possible)",B,Suspected Minor Injury (B),1,0,0,4,Local,0.23,576,STEVENS ST,STEVENS ST,SYLVAN AV,,,,,41.3041954,-72.9441004,36,Fence,88,Not Applicable,2,Shoulder,1,Clear,88,Not Applicable,5,Dark-Not Lighted,1,Dry,0,None,88,Not Applicable,88,Not Applicable,0,None,88,Not Applicable,88,Not Applicable,2,Intersection,3,T-Intersection,1,No,1,No,88,Not Applicable,88,Not Applicable,88,Not Applicable,88,Not Applicable,FALSE,1,Public Road,1,"Trafficway, On Road",CT0009300,New Haven PD,42043,01:29.0,C,Closed,00:50.0,,2,3301,7,LOCAL - NEW HPMS,2,Urban
933642,1,Complete,933642,933642,41.31024,-72.928816,3430792,New Haven,93,93,New Haven,5/12/2022,2022,5,May,12,5,Thursday,13:52:00,13,22015685,A,"Injury of any type (Serious, Minor, Possible)",C,Possible Injury (C),2,0,0,4,Local,0.28,726,ELM ST NO 2,ELM ST NO 2,HIGH ST,,,,,41.31024,-72.928816,14,Motor Vehicle in Operation,4,"Sideswipe, same direction",1,On Roadway,1,Clear,88,Not Applicable,1,Daylight,1,Dry,0,None,88,Not Applicable,88,Not Applicable,0,None,88,Not Applicable,88,Not Applicable,2,Intersection,2,Four-Way Intersection,2,"Yes, School Bus Directly Involved",1,No,88,Not Applicable,88,Not Applicable,88,Not Applicable,88,Not Applicable,FALSE,1,Public Road,1,"Trafficway, On Road",CT0009300,New Haven PD,40790,00:29.0,C,Closed,00:48.0,,,,,,,
933646,1,Complete,933646,933646,41.31555,-72.90905,3430796,New Haven,93,93,New Haven,5/12/2022,2022,5,May,12,5,Thursday,19:23:00,19,22015727,A,"Injury of any type (Serious, Minor, Possible)",C,Possible Injury (C),2,0,0,4,Local,0.04,165,EAST ST,EAST ST,,STATE ST,100,Feet,E,41.31555,-72.90905,14,Motor Vehicle in Operation,3,Angle,1,On Roadway,1,Clear,1,Clear,1,Daylight,1,Dry,0,None,88,Not Applicable,88,Not Applicable,0,None,88,Not Applicable,88,Not Applicable,9,Driveway Access-Related,1,Not at Intersection,1,No,1,No,88,Not Applicable,88,Not Applicable,88,Not Applicable,88,Not Applicable,FALSE,1,Public Road,1,"Trafficway, On Road",CT0009300,New Haven PD,30,10:45.0,C,Closed,00:53.0,NONE,,,,,,
933647,1,Complete,933647,933647,41.30821,-72.89574,3430797,New Haven,93,93,New Haven,5/12/2022,2022,5,May,12,5,Thursday,20:42:00,20,22015728,A,"Injury of any type (Serious, Minor, Possible)",C,Possible Injury (C),2,0,0,,,99093,,,308 FERRY ST,,GRAND AVE,50,Feet,S,41.30821,-72.89574,15,Parked Motor Vehicle,1,Front to rear,7,In Parking Lane or Zone,1,Clear,88,Not Applicable,1,Daylight,1,Dry,0,None,88,Not Applicable,88,Not Applicable,0,None,88,Not Applicable,88,Not Applicable,8,Driveway Access,1,Not at Intersection,1,No,1,No,88,Not Applicable,88,Not Applicable,88,Not Applicable,88,Not Applicable,FALSE,1,Public Road,4,Parking Lot,CT0009300,New Haven PD,40793,30:20.0,C,Closed,00:52.0,,,,,,,
933649,1,Complete,933649,933649,41.293567,-72.89778,3430799,New Haven,93,93,New Haven,5/12/2022,2022,5,May,12,5,Thursday,23:42:00,23,22015754,A,"Injury of any type (Serious, Minor, Possible)",C,Possible Injury (C),2,0,0,2,USRoute,49.82,1,1-N,1-N,FULTON TER,,,,,41.293567,-72.89778,14,Motor Vehicle in Operation,3,Angle,1,On Roadway,1,Clear,88,Not Applicable,6,Dark-Unknown Lighting,1,Dry,99,Unknown,88,Not Applicable,88,Not Applicable,99,Unknown,88,Not Applicable,88,Not Applicable,2,Intersection,2,Four-Way Intersection,1,No,1,No,88,Not Applicable,88,Not Applicable,88,Not Applicable,88,Not Applicable,FALSE,1,Public Road,1,"Trafficway, On Road",CT0009300,New Haven PD,40792,08:10.0,C,Closed,00:55.0,,2,9400,3,PRINCIPAL ARTERIAL - OTHER - NEW HPMS,2,Urban
934063,1,Complete,934063,934063,41.303635,-72.931426,3431214,New Haven,93,93,New Haven,5/9/2022,2022,5,May,9,2,Monday,8:01:00,8,22015255,A,"Injury of any type (Serious, Minor, Possible)",C,Possible Injury (C),2,0,0,4,Local,0.09,564,SOUTH FRONTAGE RD,SOUTH FRONTAGE RD,COLLEGE ST,,,,,41.303635,-72.931426,1,Overturn/Rollover,1,Front to rear,1,On Roadway,1,Clear,88,Not Applicable,1,Daylight,1,Dry,0,None,88,Not Applicable,88,Not Applicable,0,None,88,Not Applicable,88,Not Applicable,2,Intersection,2,Four-Way Intersection,1,No,1,No,88,Not Applicable,88,Not Applicable,88,Not Applicable,88,Not Applicable,TRUE,1,Public Road,1,"Trafficway, On Road",CT0009300,New Haven PD,301,15:49.0,C,Closed,01:07.0,,,,,,,
934065,1,Complete,934065,934065,41.33247,-72.93526,3431216,New Haven,93,93,New Haven,5/9/2022,2022,5,May,9,2,Monday,19:20:00,19,22015333,A,"Injury of any type (Serious, Minor, Possible)",C,Possible Injury (C),2,0,0,4,Local,1.38,152,DIXWELL AV,DIXWELL AV,BASSETT ST,,,,,41.33247,-72.93526,14,Motor Vehicle in Operation,2,Front to front,1,On Roadway,1,Clear,88,Not Applicable,4,Dark-Lighted,1,Dry,0,None,88,Not Applicable,88,Not Applicable,0,None,88,Not Applicable,88,Not Applicable,2,Intersection,2,Four-Way Intersection,1,No,1,No,88,Not Applicable,88,Not Applicable,88,Not Applicable,88,Not Applicable,FALSE,1,Public Road,1,"Trafficway, On Road",CT0009300,New Haven PD,42048,50:21.0,C,Closed,01:11.0,,,,,,,
934067,1,Complete,934067,934067,41.32637,-72.89735,3431218,New Haven,93,93,New Haven,5/11/2022,2022,5,May,11,4,Wednesday,13:31:00,13,22015561,A,"Injury of any type (Serious, Minor, Possible)",C,Possible Injury (C),1,1,2,2,USRoute,0.89,5,5-N,5-N,ALBERT ST,,,,,41.32637,-72.89735,10,Pedalcycle/Pedalcyclist,3,Angle,1,On Roadway,1,Clear,88,Not Applicable,1,Daylight,1,Dry,0,None,88,Not Applicable,88,Not Applicable,0,None,88,Not Applicable,88,Not Applicable,2,Intersection,3,T-Intersection,1,No,1,No,88,Not Applicable,88,Not Applicable,88,Not Applicable,88,Not Applicable,FALSE,1,Public Road,1,"Trafficway, On Road",CT0009300,New Haven PD,199,33:12.0,C,Closed,01:13.0,,1,17500,4,MINOR ARTERIAL - NEW HPMS,1,Rural
934077,1,Complete,934077,934077,41.315654,-72.953529,3431228,New Haven,93,93,New Haven,5/13/2022,2022,5,May,13,6,Friday,7:30:00,7,22015769,A,"Injury of any type (Serious, Minor, Possible)",C,Possible Injury (C),2,0,0,4,Local,0.92,179,EDGEWOOD AV,EDGEWOOD AV,HOBART ST,,,,,41.315654,-72.953529,14,Motor Vehicle in Operation,3,Angle,1,On Roadway,3,"Fog, Smog, Smoke",88,Not Applicable,1,Daylight,2,Wet,0,None,88,Not Applicable,88,Not Applicable,0,None,88,Not Applicable,88,Not Applicable,2,Intersection,3,T-Intersection,1,No,1,No,88,Not Applicable,88,Not Applicable,88,Not Applicable,88,Not Applicable,FALSE,1,Public Road,1,"Trafficway, On Road",CT0009300,New Haven PD,465,44:46.0,C,Closed,00:59.0,,,,,,,