CrashId,Fatal Case Status,Fatal Case Status Text Format,CrashId,CrashId,Latitude,Longitude,DOT Case Number,Town Name,Town Number,Town Number,Town Number Text Format,Date Of Crash,Year,Month,Month Text Format,Day,Day of the Week,Day of the Week Text Format,Time of Crash,Hour of the Day,Case Identifier,Crash Severity,Crash Severity Text Format,Most Severe Injury,Most Severe Injury Text Format,Number Of Motor Vehicles,Number Of Non-Motorist,Number Of Witnesses,Route Class,Route Class Text Format,Milemarker,Road Number,Road Description,Roadway Name,Intersecting Roadway Name,Landmark Description,Distance From Nearest Landmark,Unit Of Measure From Nearest Landmark,Direction From Nearest Landmark,Latitude,Longitude,First Harmful Event,First Harmful Event Text Format,Manner of Crash / Collision Impact,Manner of Crash / Collision Impact Text Format,Location of First Harmful Event,Location of First Harmful Event Text Format,Weather Condition,Weather Condition Text Format,Weather 2,Weather 2 Text Format,Light Condition,Light Condition Text Format,Road Surface Condition,Road Surface Condition Text Format,"Contributing Circumstances, Environment","Contributing Circumstances, Environment Text Format",Environment 2,Environment 2 Text Format,Environment 3,Environment 3 Text Format,"Contributing Circumstances, Road","Contributing Circumstances, Road Text Format",Road 2,Road 2 Text Format,Road 3,Road 3 Text Format,Crash Specific Location,Crash Specific Location Text Format,Type of Intersection,Type of Intersection Text Format,School Bus Related,School Bus Related Text Format,Work Zone Related,Work Zone Related Text Format,Location Of Crash Relative To Work Zone,Location Of Crash Relative To Work Zone Text Format,Type of Work Zone,Type of Work Zone Text Format,Worker Presence,Worker Presence Text Format,Law Enforcement Presence,Law Enforcement Presence Text Format,Were Vehicles Moved Prior To Police Arrival,Trafficway Ownership,Trafficway Ownership Text Format,Trafficway Class,Trafficway Class Text Format,Police Agency,Police Agency Text Format,Badge Number,Approval Date,Police Case Status,Police Case Status Text Format,Crash Report Submission Date,Related Case Identifiers,No. of Through Lanes (Log Dir.),Average Daily Traffic,Functional Classification,Functional Classification Text Format,Rural or Urban,Rural or Urban Text Format
934080,1,Complete,934080,934080,41.36688,-72.90786,3431231,New Haven,93,93,New Haven,5/13/2022,2022,5,May,13,6,Friday,14:15:00,14,22015799,A,"Injury of any type (Serious, Minor, Possible)",C,Possible Injury (C),2,0,1,3,State,2.44,707,707-N,707-N,SHORT HILL RD,,,,,41.36688,-72.90786,14,Motor Vehicle in Operation,3,Angle,1,On Roadway,1,Clear,88,Not Applicable,1,Daylight,1,Dry,0,None,88,Not Applicable,88,Not Applicable,0,None,88,Not Applicable,88,Not Applicable,2,Intersection,2,Four-Way Intersection,1,No,1,No,88,Not Applicable,88,Not Applicable,88,Not Applicable,88,Not Applicable,FALSE,1,Public Road,1,"Trafficway, On Road",CT0009300,New Haven PD,32,14:03.0,C,Closed,01:19.0,,,,,,,
934086,1,Complete,934086,934086,41.329,-72.93247,3431237,New Haven,93,93,New Haven,5/13/2022,2022,5,May,13,6,Friday,21:20:00,21,22015850,A,"Injury of any type (Serious, Minor, Possible)",C,Possible Injury (C),2,0,0,4,Local,0.47,552,SHELTON AV,SHELTON AV,HAZEL ST,,,,,41.329,-72.93247,14,Motor Vehicle in Operation,3,Angle,1,On Roadway,1,Clear,88,Not Applicable,5,Dark-Not Lighted,1,Dry,0,None,88,Not Applicable,88,Not Applicable,0,None,88,Not Applicable,88,Not Applicable,2,Intersection,3,T-Intersection,1,No,1,No,88,Not Applicable,88,Not Applicable,88,Not Applicable,88,Not Applicable,TRUE,1,Public Road,1,"Trafficway, On Road",CT0009300,New Haven PD,40953,53:30.0,C,Closed,01:03.0,,,,,,,
934087,1,Complete,934087,934087,41.334462,-72.971096,3431238,New Haven,93,93,New Haven,5/13/2022,2022,5,May,13,6,Friday,22:20:00,22,22015855,A,"Injury of any type (Serious, Minor, Possible)",C,Possible Injury (C),2,0,0,4,Local,0.41,612,VALLEY ST NO 1,VALLEY ST NO 1,EAST RAMSDELL ST,,,,,41.334462,-72.971096,14,Motor Vehicle in Operation,1,Front to rear,4,Roadside,1,Clear,1,Clear,4,Dark-Lighted,1,Dry,0,None,0,None,0,None,0,None,88,Not Applicable,88,Not Applicable,1,Non-Junction,1,Not at Intersection,1,No,1,No,88,Not Applicable,88,Not Applicable,88,Not Applicable,88,Not Applicable,FALSE,1,Public Road,1,"Trafficway, On Road",CT0009300,New Haven PD,55,19:03.0,C,Closed,01:14.0,,,,,,,
934097,1,Complete,934097,934097,41.329678,-72.958403,3431248,New Haven,93,93,New Haven,5/14/2022,2022,5,May,14,7,Saturday,10:24:00,10,22015894,A,"Injury of any type (Serious, Minor, Possible)",C,Possible Injury (C),1,0,0,4,Local,0.09,581,STONE ST,STONE ST,HARD ST,,,,,41.329678,-72.958403,32,Tree (standing),88,Not Applicable,4,Roadside,2,Cloudy,88,Not Applicable,1,Daylight,1,Dry,0,None,88,Not Applicable,88,Not Applicable,0,None,88,Not Applicable,88,Not Applicable,2,Intersection,5,L-Intersection,1,No,1,No,88,Not Applicable,88,Not Applicable,88,Not Applicable,88,Not Applicable,FALSE,1,Public Road,1,"Trafficway, On Road",CT0009300,New Haven PD,381,00:58.0,C,Closed,01:06.0,,1,856,7,LOCAL - NEW HPMS,2,Urban
934106,1,Complete,934106,934106,41.292575,-72.921199,3431257,New Haven,93,93,New Haven,5/14/2022,2022,5,May,14,7,Saturday,23:47:00,23,22015958,A,"Injury of any type (Serious, Minor, Possible)",C,Possible Injury (C),2,0,0,4,Local,0.67,359,SARGENT DR,SARGENT DR,,CHURCH ST,200,Feet,E,41.292575,-72.921199,14,Motor Vehicle in Operation,3,Angle,1,On Roadway,4,Rain,88,Not Applicable,4,Dark-Lighted,2,Wet,99,Unknown,88,Not Applicable,88,Not Applicable,0,None,88,Not Applicable,88,Not Applicable,1,Non-Junction,1,Not at Intersection,1,No,1,No,88,Not Applicable,88,Not Applicable,88,Not Applicable,88,Not Applicable,FALSE,1,Public Road,1,"Trafficway, On Road",CT0009300,New Haven PD,476,00:49.0,C,Closed,01:16.0,,,,,,,
934112,1,Complete,934112,934112,41.305914,-72.946901,3431263,New Haven,93,93,New Haven,5/15/2022,2022,5,May,15,1,Sunday,17:24:00,17,22016020,A,"Injury of any type (Serious, Minor, Possible)",C,Possible Injury (C),3,0,0,4,Local,0.29,360,LEGION AV-RT 34,LEGION AV-RT 34,WINTHROP AV NO 1,,,,,41.305914,-72.946901,14,Motor Vehicle in Operation,1,Front to rear,1,On Roadway,1,Clear,88,Not Applicable,1,Daylight,1,Dry,0,None,88,Not Applicable,88,Not Applicable,0,None,88,Not Applicable,88,Not Applicable,2,Intersection,2,Four-Way Intersection,1,No,1,No,88,Not Applicable,88,Not Applicable,88,Not Applicable,88,Not Applicable,FALSE,1,Public Road,1,"Trafficway, On Road",CT0009300,New Haven PD,158,14:24.0,C,Closed,01:21.0,,,,,,,
934114,1,Complete,934114,934114,41.308245,-72.93403,3431265,New Haven,93,93,New Haven,5/15/2022,2022,5,May,15,1,Sunday,19:14:00,19,22016044,A,"Injury of any type (Serious, Minor, Possible)",C,Possible Injury (C),2,0,0,4,Local,0.24,463,PARK ST,PARK ST,,CHAPEL ST,265,Feet,S,41.308245,-72.93403,15,Parked Motor Vehicle,3,Angle,1,On Roadway,1,Clear,88,Not Applicable,1,Daylight,1,Dry,0,None,88,Not Applicable,88,Not Applicable,0,None,88,Not Applicable,88,Not Applicable,1,Non-Junction,1,Not at Intersection,1,No,1,No,88,Not Applicable,88,Not Applicable,88,Not Applicable,88,Not Applicable,TRUE,1,Public Road,1,"Trafficway, On Road",CT0009300,New Haven PD,40803,57:59.0,C,Closed,01:23.0,,,,,,,
934115,1,Complete,934115,934115,41.31745,-72.90144,3431266,New Haven,93,93,New Haven,5/16/2022,2022,5,May,16,2,Monday,0:16:00,0,22016082,A,"Injury of any type (Serious, Minor, Possible)",C,Possible Injury (C),2,0,1,2,USRoute,0.17,5,5-N,5-N,WILLOW ST,,,,,41.31745,-72.90144,14,Motor Vehicle in Operation,3,Angle,1,On Roadway,2,Cloudy,88,Not Applicable,4,Dark-Lighted,1,Dry,0,None,88,Not Applicable,88,Not Applicable,0,None,88,Not Applicable,88,Not Applicable,2,Intersection,2,Four-Way Intersection,1,No,1,No,88,Not Applicable,88,Not Applicable,88,Not Applicable,88,Not Applicable,FALSE,1,Public Road,1,"Trafficway, On Road",CT0009300,New Haven PD,42369,16:24.0,C,Closed,01:24.0,,1,12900,4,MINOR ARTERIAL - NEW HPMS,1,Rural
934667,1,Complete,934667,934667,41.33499,-72.97137,3431818,New Haven,93,93,New Haven,3/21/2022,2022,3,March,21,2,Monday,22:37:00,22,22008833,A,"Injury of any type (Serious, Minor, Possible)",C,Possible Injury (C),2,0,0,4,Local,0.36,612,VALLEY ST NO 1,VALLEY ST NO 1,,E. RAMDELL ST,250,Feet,W,41.33499,-72.97137,14,Motor Vehicle in Operation,3,Angle,1,On Roadway,1,Clear,88,Not Applicable,4,Dark-Lighted,1,Dry,0,None,88,Not Applicable,88,Not Applicable,0,None,88,Not Applicable,88,Not Applicable,1,Non-Junction,1,Not at Intersection,1,No,1,No,88,Not Applicable,88,Not Applicable,88,Not Applicable,88,Not Applicable,FALSE,1,Public Road,1,"Trafficway, On Road",CT0009300,New Haven PD,40803,10:12.0,C,Closed,00:11.0,,2,11600,5,MAJOR COLLECTOR - NEW HPMS,2,Urban
934674,1,Complete,934674,934674,41.31208,-72.90099,3431825,New Haven,93,93,New Haven,5/16/2022,2022,5,May,16,2,Monday,12:01:00,12,22016132,A,"Injury of any type (Serious, Minor, Possible)",B,Suspected Minor Injury (B),1,0,2,4,Local,0.23,419,MONROE ST,MONROE ST,CASTLE ST,,,,,41.31208,-72.90099,6,Fell/Jumped from Vehicle,88,Not Applicable,1,On Roadway,1,Clear,88,Not Applicable,1,Daylight,1,Dry,0,None,88,Not Applicable,88,Not Applicable,0,None,88,Not Applicable,88,Not Applicable,3,Intersection-Related,3,T-Intersection,1,No,1,No,88,Not Applicable,88,Not Applicable,88,Not Applicable,88,Not Applicable,TRUE,1,Public Road,1,"Trafficway, On Road",CT0009300,New Haven PD,86,20:48.0,C,Closed,00:15.0,,1,3404,7,LOCAL - NEW HPMS,2,Urban
934676,1,Complete,934676,934676,41.29476,-72.93826,3431827,New Haven,93,93,New Haven,5/16/2022,2022,5,May,16,2,Monday,13:55:00,13,22016152,A,"Injury of any type (Serious, Minor, Possible)",C,Possible Injury (C),2,0,0,4,Local,0.45,626,WASHINGTON AV NO 1,WASHINGTON AV NO 1,PUTNAM ST NO 2,,,,,41.29476,-72.93826,14,Motor Vehicle in Operation,4,"Sideswipe, same direction",1,On Roadway,1,Clear,88,Not Applicable,1,Daylight,1,Dry,0,None,88,Not Applicable,88,Not Applicable,0,None,88,Not Applicable,88,Not Applicable,3,Intersection-Related,2,Four-Way Intersection,1,No,1,No,88,Not Applicable,88,Not Applicable,88,Not Applicable,88,Not Applicable,FALSE,1,Public Road,1,"Trafficway, On Road",CT0009300,New Haven PD,158,46:06.0,C,Closed,00:17.0,,,,,,,
934933,1,Complete,934933,934933,41.331832,-72.927694,3432084,New Haven,93,93,New Haven,5/17/2022,2022,5,May,17,3,Tuesday,6:59:00,6,22016227,A,"Injury of any type (Serious, Minor, Possible)",B,Suspected Minor Injury (B),4,0,0,4,Local,0.19,434,NEWHALL ST,NEWHALL ST,HUNTINGTON ST,,,,,41.331832,-72.927694,14,Motor Vehicle in Operation,3,Angle,1,On Roadway,1,Clear,1,Clear,1,Daylight,1,Dry,0,None,88,Not Applicable,88,Not Applicable,0,None,88,Not Applicable,88,Not Applicable,2,Intersection,2,Four-Way Intersection,1,No,1,No,88,Not Applicable,88,Not Applicable,88,Not Applicable,88,Not Applicable,FALSE,88,Not Applicable,1,"Trafficway, On Road",CT0009300,New Haven PD,199,28:38.0,C,Closed,01:15.0,,,,,,,
934934,1,Complete,934934,934934,41.28735,-72.89518,3432085,New Haven,93,93,New Haven,5/17/2022,2022,5,May,17,3,Tuesday,8:17:00,8,22016232,A,"Injury of any type (Serious, Minor, Possible)",C,Possible Injury (C),3,0,0,4,Local,1.23,678,WOODWARD AV,WOODWARD AV,JOHN ST,,,,,41.28735,-72.89518,14,Motor Vehicle in Operation,1,Front to rear,1,On Roadway,1,Clear,88,Not Applicable,1,Daylight,1,Dry,0,None,88,Not Applicable,88,Not Applicable,0,None,88,Not Applicable,88,Not Applicable,3,Intersection-Related,3,T-Intersection,1,No,1,No,88,Not Applicable,88,Not Applicable,88,Not Applicable,88,Not Applicable,FALSE,1,Public Road,1,"Trafficway, On Road",CT0009300,New Haven PD,430,34:23.0,C,Closed,01:14.0,,,,,,,
934935,1,Complete,934935,934935,41.309419,-72.941974,3432086,New Haven,93,93,New Haven,5/17/2022,2022,5,May,17,3,Tuesday,8:20:00,8,22016233,A,"Injury of any type (Serious, Minor, Possible)",C,Possible Injury (C),2,0,0,4,Local,0.56,453,ORCHARD ST,ORCHARD ST,,GEORGE ST,100,Feet,N,41.309419,-72.941974,14,Motor Vehicle in Operation,3,Angle,1,On Roadway,1,Clear,88,Not Applicable,1,Daylight,1,Dry,0,None,88,Not Applicable,88,Not Applicable,0,None,88,Not Applicable,88,Not Applicable,3,Intersection-Related,2,Four-Way Intersection,1,No,1,No,88,Not Applicable,88,Not Applicable,88,Not Applicable,88,Not Applicable,TRUE,1,Public Road,1,"Trafficway, On Road",CT0009300,New Haven PD,225,30:39.0,C,Closed,01:19.0,,,,,,,
934942,1,Complete,934942,934942,41.29091,-72.94143,3432093,New Haven,93,93,New Haven,5/17/2022,2022,5,May,17,3,Tuesday,15:43:00,15,22016351,A,"Injury of any type (Serious, Minor, Possible)",C,Possible Injury (C),2,0,0,3,State,0.88,10,10-N,10-N,WASHINGTON AV NO 1,,,,,41.29091,-72.94143,14,Motor Vehicle in Operation,3,Angle,1,On Roadway,1,Clear,88,Not Applicable,1,Daylight,1,Dry,99,Unknown,88,Not Applicable,88,Not Applicable,99,Unknown,88,Not Applicable,88,Not Applicable,2,Intersection,2,Four-Way Intersection,1,No,1,No,88,Not Applicable,88,Not Applicable,88,Not Applicable,88,Not Applicable,FALSE,1,Public Road,1,"Trafficway, On Road",CT0009300,New Haven PD,40947,06:09.0,C,Closed,01:21.0,,2,18000,3,PRINCIPAL ARTERIAL - OTHER - NEW HPMS,2,Urban
935552,1,Complete,935552,935552,41.29878,-72.92906,3432703,New Haven,93,93,New Haven,5/2/2022,2022,5,May,2,2,Monday,16:01:00,16,22014500,A,"Injury of any type (Serious, Minor, Possible)",C,Possible Injury (C),1,1,0,4,Local,0.01,104,CHURCH ST SOUTH NO 1,CHURCH ST SOUTH NO 1,COLUMBUS AVE,,,,,41.29878,-72.92906,9,Pedestrian,88,Not Applicable,1,On Roadway,4,Rain,88,Not Applicable,1,Daylight,2,Wet,0,None,88,Not Applicable,88,Not Applicable,0,None,88,Not Applicable,88,Not Applicable,2,Intersection,2,Four-Way Intersection,1,No,1,No,88,Not Applicable,88,Not Applicable,88,Not Applicable,88,Not Applicable,FALSE,1,Public Road,1,"Trafficway, On Road",CT0009300,New Haven PD,319,42:38.0,C,Closed,00:22.0,,4,9000,3,PRINCIPAL ARTERIAL - OTHER - NEW HPMS,2,Urban
935554,1,Complete,935554,935554,41.28629,-72.936161,3432705,New Haven,93,93,New Haven,5/10/2022,2022,5,May,10,3,Tuesday,17:01:00,17,22015438,A,"Injury of any type (Serious, Minor, Possible)",B,Suspected Minor Injury (B),2,0,0,3,State,0.46,10,10-N,10-N,745-E,,,,,41.28629,-72.936161,14,Motor Vehicle in Operation,3,Angle,1,On Roadway,1,Clear,88,Not Applicable,1,Daylight,1,Dry,0,None,88,Not Applicable,88,Not Applicable,0,None,88,Not Applicable,88,Not Applicable,2,Intersection,2,Four-Way Intersection,1,No,1,No,88,Not Applicable,88,Not Applicable,88,Not Applicable,88,Not Applicable,FALSE,1,Public Road,1,"Trafficway, On Road",CT0009300,New Haven PD,40811,24:57.0,C,Closed,00:39.0,,2,18600,3,PRINCIPAL ARTERIAL - OTHER - NEW HPMS,2,Urban
935555,1,Complete,935555,935555,41.29025,-72.89413,3432706,New Haven,93,93,New Haven,5/12/2022,2022,5,May,12,5,Thursday,19:57:00,19,22015733,A,"Injury of any type (Serious, Minor, Possible)",C,Possible Injury (C),2,0,0,2,USRoute,50.15,1,1-N,1-N,WOODWARD AV,,,,,41.29025,-72.89413,14,Motor Vehicle in Operation,3,Angle,1,On Roadway,1,Clear,88,Not Applicable,1,Daylight,1,Dry,0,None,88,Not Applicable,88,Not Applicable,0,None,88,Not Applicable,88,Not Applicable,3,Intersection-Related,2,Four-Way Intersection,1,No,1,No,88,Not Applicable,88,Not Applicable,88,Not Applicable,88,Not Applicable,FALSE,1,Public Road,1,"Trafficway, On Road",CT0009300,New Haven PD,279,09:36.0,C,Closed,00:32.0,,2,9400,3,PRINCIPAL ARTERIAL - OTHER - NEW HPMS,2,Urban
935556,1,Complete,935556,935556,41.310314,-72.952219,3432707,New Haven,93,93,New Haven,5/16/2022,2022,5,May,16,2,Monday,6:47:00,6,22016091,A,"Injury of any type (Serious, Minor, Possible)",C,Possible Injury (C),3,0,0,4,Local,0.34,147,DERBY AV,DERBY AV,,ELLA T GRASSO BLVD,300,Feet,E,41.310314,-72.952219,14,Motor Vehicle in Operation,1,Front to rear,1,On Roadway,1,Clear,88,Not Applicable,1,Daylight,1,Dry,0,None,88,Not Applicable,88,Not Applicable,0,None,88,Not Applicable,88,Not Applicable,1,Non-Junction,1,Not at Intersection,1,No,1,No,88,Not Applicable,88,Not Applicable,88,Not Applicable,88,Not Applicable,FALSE,1,Public Road,1,"Trafficway, On Road",CT0009300,New Haven PD,40789,11:47.0,C,Closed,00:28.0,,,,,,,
935560,1,Complete,935560,935560,41.322729,-72.954457,3432711,New Haven,93,93,New Haven,5/17/2022,2022,5,May,17,3,Tuesday,17:15:00,17,22016379,A,"Injury of any type (Serious, Minor, Possible)",C,Possible Injury (C),2,0,0,4,Local,0.45,646,WEST PARK AV,WEST PARK AV,,WHALLEY AVE,50,Feet,S,41.322729,-72.954457,14,Motor Vehicle in Operation,1,Front to rear,1,On Roadway,1,Clear,88,Not Applicable,1,Daylight,1,Dry,0,None,88,Not Applicable,88,Not Applicable,0,None,88,Not Applicable,88,Not Applicable,1,Non-Junction,1,Not at Intersection,1,No,1,No,88,Not Applicable,88,Not Applicable,88,Not Applicable,88,Not Applicable,FALSE,1,Public Road,1,"Trafficway, On Road",CT0009300,New Haven PD,9,44:43.0,C,Closed,00:38.0,,,,,,,
935561,1,Complete,935561,935561,41.30434,-72.89448,3432712,New Haven,93,93,New Haven,5/17/2022,2022,5,May,17,3,Tuesday,21:31:00,21,22016415,A,"Injury of any type (Serious, Minor, Possible)",C,Possible Injury (C),2,0,0,4,Local,1.09,213,FERRY ST,FERRY ST,CHAPEL ST,,,,,41.30434,-72.89448,14,Motor Vehicle in Operation,3,Angle,1,On Roadway,1,Clear,88,Not Applicable,4,Dark-Lighted,1,Dry,0,None,88,Not Applicable,88,Not Applicable,0,None,88,Not Applicable,88,Not Applicable,2,Intersection,2,Four-Way Intersection,1,No,1,No,88,Not Applicable,88,Not Applicable,88,Not Applicable,88,Not Applicable,FALSE,1,Public Road,1,"Trafficway, On Road",CT0009300,New Haven PD,42057,15:54.0,C,Closed,00:31.0,,,,,,,
935564,1,Complete,935564,935564,41.32219,-72.95345,3432715,New Haven,93,93,New Haven,5/17/2022,2022,5,May,17,3,Tuesday,11:40:00,11,22016422,A,"Injury of any type (Serious, Minor, Possible)",C,Possible Injury (C),2,0,0,3,State,3.35,10,10-N,10-N,OSBORN AV,,,,,41.32219,-72.95345,14,Motor Vehicle in Operation,97,Other,1,On Roadway,1,Clear,88,Not Applicable,99,Unknown,1,Dry,0,None,88,Not Applicable,88,Not Applicable,0,None,88,Not Applicable,88,Not Applicable,2,Intersection,3,T-Intersection,1,No,1,No,88,Not Applicable,88,Not Applicable,88,Not Applicable,88,Not Applicable,FALSE,1,Public Road,1,"Trafficway, On Road",CT0009300,New Haven PD,43614,06:32.0,C,Closed,00:21.0,,2,18100,3,PRINCIPAL ARTERIAL - OTHER - NEW HPMS,2,Urban
935567,1,Complete,935567,935567,41.284519,-72.93466,3432718,New Haven,93,93,New Haven,5/18/2022,2022,5,May,18,4,Wednesday,10:19:00,10,22016458,A,"Injury of any type (Serious, Minor, Possible)",C,Possible Injury (C),2,0,2,3,State,0.31,10,10-N,10-N,95-S-368,,,,,41.284519,-72.93466,14,Motor Vehicle in Operation,3,Angle,1,On Roadway,1,Clear,88,Not Applicable,1,Daylight,1,Dry,0,None,88,Not Applicable,88,Not Applicable,0,None,88,Not Applicable,88,Not Applicable,2,Intersection,2,Four-Way Intersection,1,No,1,No,88,Not Applicable,88,Not Applicable,88,Not Applicable,88,Not Applicable,FALSE,1,Public Road,1,"Trafficway, On Road",CT0009300,New Haven PD,26,25:32.0,C,Closed,00:37.0,,2,18600,3,PRINCIPAL ARTERIAL - OTHER - NEW HPMS,2,Urban
935931,1,Complete,935931,935931,41.284531,-72.934512,3433082,New Haven,93,93,New Haven,5/10/2022,2022,5,May,10,3,Tuesday,11:04:00,11,22015388,A,"Injury of any type (Serious, Minor, Possible)",C,Possible Injury (C),2,0,0,1,Interstate,0,95,95-S-366,95-S-366,95-S-368,,,,,41.284531,-72.934512,14,Motor Vehicle in Operation,1,Front to rear,1,On Roadway,1,Clear,88,Not Applicable,1,Daylight,1,Dry,0,None,0,None,88,Not Applicable,0,None,88,Not Applicable,88,Not Applicable,2,Intersection,3,T-Intersection,1,No,1,No,88,Not Applicable,88,Not Applicable,88,Not Applicable,88,Not Applicable,TRUE,1,Public Road,1,"Trafficway, On Road",CT0009300,New Haven PD,26,38:10.0,C,Closed,01:00.0,,6,121300,1,INTERSTATE - NEW HPMS,2,Urban
935933,1,Complete,935933,935933,41.329475,-72.935176,3433084,New Haven,93,93,New Haven,5/13/2022,2022,5,May,13,6,Friday,7:00:00,7,22015940,A,"Injury of any type (Serious, Minor, Possible)",C,Possible Injury (C),2,0,0,4,Local,1.18,152,DIXWELL AV,DIXWELL AV,HAZEL ST,,,,,41.329475,-72.935176,14,Motor Vehicle in Operation,1,Front to rear,1,On Roadway,1,Clear,88,Not Applicable,2,Dawn,1,Dry,0,None,88,Not Applicable,88,Not Applicable,0,None,88,Not Applicable,88,Not Applicable,1,Non-Junction,1,Not at Intersection,1,No,1,No,88,Not Applicable,88,Not Applicable,88,Not Applicable,88,Not Applicable,FALSE,1,Public Road,1,"Trafficway, On Road",CT0009300,New Haven PD,42048,26:45.0,C,Closed,01:20.0,,,,,,,
935938,1,Complete,935938,935938,41.302776,-72.928291,3433089,New Haven,93,93,New Haven,5/19/2022,2022,5,May,19,5,Thursday,10:21:00,10,22016618,A,"Injury of any type (Serious, Minor, Possible)",C,Possible Injury (C),2,0,0,4,Local,0.19,809,REV DR MLK JR BLVD,REV DR MLK JR BLVD,CHURCH ST SOUTH NO 1,,,,,41.302776,-72.928291,14,Motor Vehicle in Operation,3,Angle,1,On Roadway,4,Rain,88,Not Applicable,1,Daylight,2,Wet,1,Weather Conditions,88,Not Applicable,88,Not Applicable,0,None,88,Not Applicable,88,Not Applicable,2,Intersection,2,Four-Way Intersection,1,No,1,No,88,Not Applicable,88,Not Applicable,88,Not Applicable,88,Not Applicable,FALSE,1,Public Road,1,"Trafficway, On Road",CT0009300,New Haven PD,281,27:08.0,C,Closed,01:09.0,,,,,,,
935940,1,Complete,935940,935940,41.30618,-72.93337,3433091,New Haven,93,93,New Haven,5/19/2022,2022,5,May,19,5,Thursday,16:29:00,16,22016654,A,"Injury of any type (Serious, Minor, Possible)",C,Possible Injury (C),2,0,0,4,Local,0.27,766,YORK ST,YORK ST,GEORGE ST,,,,,41.30618,-72.93337,14,Motor Vehicle in Operation,1,Front to rear,1,On Roadway,1,Clear,88,Not Applicable,1,Daylight,2,Wet,0,None,88,Not Applicable,88,Not Applicable,0,None,88,Not Applicable,88,Not Applicable,2,Intersection,2,Four-Way Intersection,1,No,1,No,88,Not Applicable,88,Not Applicable,88,Not Applicable,88,Not Applicable,TRUE,1,Public Road,1,"Trafficway, On Road",CT0009300,New Haven PD,281,54:53.0,C,Closed,01:10.0,,,,,,,
935941,1,Complete,935941,935941,41.313,-72.93625,3433092,New Haven,93,93,New Haven,5/19/2022,2022,5,May,19,5,Thursday,17:00:00,17,22016663,A,"Injury of any type (Serious, Minor, Possible)",C,Possible Injury (C),2,0,0,4,Local,0.11,607,UNIVERSITY PL,UNIVERSITY PL,,,,,,41.313,-72.93625,14,Motor Vehicle in Operation,1,Front to rear,1,On Roadway,1,Clear,88,Not Applicable,1,Daylight,2,Wet,0,None,88,Not Applicable,88,Not Applicable,0,None,88,Not Applicable,88,Not Applicable,2,Intersection,3,T-Intersection,1,No,1,No,88,Not Applicable,88,Not Applicable,88,Not Applicable,88,Not Applicable,TRUE,1,Public Road,1,"Trafficway, On Road",CT0009300,New Haven PD,281,15:09.0,C,Closed,01:12.0,,,,,,,
935943,1,Complete,935943,935943,41.31563,-72.93954,3433094,New Haven,93,93,New Haven,5/19/2022,2022,5,May,19,5,Thursday,20:31:00,20,22016685,A,"Injury of any type (Serious, Minor, Possible)",C,Possible Injury (C),1,1,1,4,Local,0.54,653,WHALLEY AV,WHALLEY AV,,ORCHARD ST,75,Feet,E,41.31563,-72.93954,9,Pedestrian,88,Not Applicable,1,On Roadway,1,Clear,88,Not Applicable,4,Dark-Lighted,1,Dry,0,None,88,Not Applicable,88,Not Applicable,0,None,88,Not Applicable,88,Not Applicable,1,Non-Junction,1,Not at Intersection,1,No,1,No,88,Not Applicable,88,Not Applicable,88,Not Applicable,88,Not Applicable,FALSE,1,Public Road,1,"Trafficway, On Road",CT0009300,New Haven PD,9,19:54.0,C,Closed,01:04.0,,4,21100,3,PRINCIPAL ARTERIAL - OTHER - NEW HPMS,2,Urban
935949,1,Complete,935949,935949,41.28708,-72.937062,3433100,New Haven,93,93,New Haven,5/20/2022,2022,5,May,20,6,Friday,11:08:00,11,22016748,A,"Injury of any type (Serious, Minor, Possible)",B,Suspected Minor Injury (B),1,1,0,3,State,0.54,10,10-N,10-N,PLYMOUTH ST,,,,,41.28708,-72.937062,14,Motor Vehicle in Operation,4,"Sideswipe, same direction",1,On Roadway,1,Clear,88,Not Applicable,1,Daylight,1,Dry,0,None,88,Not Applicable,88,Not Applicable,0,None,88,Not Applicable,88,Not Applicable,2,Intersection,3,T-Intersection,1,No,1,No,88,Not Applicable,88,Not Applicable,88,Not Applicable,88,Not Applicable,TRUE,1,Public Road,1,"Trafficway, On Road",CT0009300,New Haven PD,26,54:27.0,C,Closed,01:01.0,,2,18000,3,PRINCIPAL ARTERIAL - OTHER - NEW HPMS,2,Urban
935951,1,Complete,935951,935951,41.30809,-72.92378,3433102,New Haven,93,93,New Haven,5/20/2022,2022,5,May,20,6,Friday,12:53:00,12,22016779,A,"Injury of any type (Serious, Minor, Possible)",C,Possible Injury (C),2,0,0,4,Local,0.57,726,ELM ST NO 2,ELM ST NO 2,,CHURCH ST,50,Feet,E,41.30809,-72.92378,14,Motor Vehicle in Operation,4,"Sideswipe, same direction",1,On Roadway,4,Rain,88,Not Applicable,1,Daylight,2,Wet,0,None,88,Not Applicable,88,Not Applicable,0,None,88,Not Applicable,88,Not Applicable,1,Non-Junction,1,Not at Intersection,1,No,1,No,88,Not Applicable,88,Not Applicable,88,Not Applicable,88,Not Applicable,TRUE,1,Public Road,1,"Trafficway, On Road",CT0009300,New Haven PD,40790,23:23.0,C,Closed,01:10.0,,,,,,,
935953,1,Complete,935953,935953,41.332471,-72.935083,3433104,New Haven,93,93,New Haven,5/20/2022,2022,5,May,20,6,Friday,16:06:00,16,22016788,A,"Injury of any type (Serious, Minor, Possible)",C,Possible Injury (C),1,2,2,4,Local,1.38,152,DIXWELL AV,DIXWELL AV,BASSETT ST,,,,,41.332471,-72.935083,9,Pedestrian,88,Not Applicable,1,On Roadway,1,Clear,88,Not Applicable,1,Daylight,1,Dry,0,None,88,Not Applicable,88,Not Applicable,0,None,88,Not Applicable,88,Not Applicable,3,Intersection-Related,2,Four-Way Intersection,1,No,1,No,88,Not Applicable,88,Not Applicable,88,Not Applicable,88,Not Applicable,TRUE,1,Public Road,1,"Trafficway, On Road",CT0009300,New Haven PD,30,24:10.0,C,Closed,01:05.0,NONE,2,15300,3,PRINCIPAL ARTERIAL - OTHER - NEW HPMS,2,Urban