CrashId,Fatal Case Status,Fatal Case Status Text Format,CrashId,CrashId,Latitude,Longitude,DOT Case Number,Town Name,Town Number,Town Number,Town Number Text Format,Date Of Crash,Year,Month,Month Text Format,Day,Day of the Week,Day of the Week Text Format,Time of Crash,Hour of the Day,Case Identifier,Crash Severity,Crash Severity Text Format,Most Severe Injury,Most Severe Injury Text Format,Number Of Motor Vehicles,Number Of Non-Motorist,Number Of Witnesses,Route Class,Route Class Text Format,Milemarker,Road Number,Road Description,Roadway Name,Intersecting Roadway Name,Landmark Description,Distance From Nearest Landmark,Unit Of Measure From Nearest Landmark,Direction From Nearest Landmark,Latitude,Longitude,First Harmful Event,First Harmful Event Text Format,Manner of Crash / Collision Impact,Manner of Crash / Collision Impact Text Format,Location of First Harmful Event,Location of First Harmful Event Text Format,Weather Condition,Weather Condition Text Format,Weather 2,Weather 2 Text Format,Light Condition,Light Condition Text Format,Road Surface Condition,Road Surface Condition Text Format,"Contributing Circumstances, Environment","Contributing Circumstances, Environment Text Format",Environment 2,Environment 2 Text Format,Environment 3,Environment 3 Text Format,"Contributing Circumstances, Road","Contributing Circumstances, Road Text Format",Road 2,Road 2 Text Format,Road 3,Road 3 Text Format,Crash Specific Location,Crash Specific Location Text Format,Type of Intersection,Type of Intersection Text Format,School Bus Related,School Bus Related Text Format,Work Zone Related,Work Zone Related Text Format,Location Of Crash Relative To Work Zone,Location Of Crash Relative To Work Zone Text Format,Type of Work Zone,Type of Work Zone Text Format,Worker Presence,Worker Presence Text Format,Law Enforcement Presence,Law Enforcement Presence Text Format,Were Vehicles Moved Prior To Police Arrival,Trafficway Ownership,Trafficway Ownership Text Format,Trafficway Class,Trafficway Class Text Format,Police Agency,Police Agency Text Format,Badge Number,Approval Date,Police Case Status,Police Case Status Text Format,Crash Report Submission Date,Related Case Identifiers,No. of Through Lanes (Log Dir.),Average Daily Traffic,Functional Classification,Functional Classification Text Format,Rural or Urban,Rural or Urban Text Format
947643,1,Complete,947643,947643,41.31742,-72.89756,3444785,New Haven,93,93,New Haven,6/29/2022,2022,6,June,29,4,Wednesday,14:10:00,14,22021682,A,"Injury of any type (Serious, Minor, Possible)",C,Possible Injury (C),2,0,0,4,Local,0.16,213,FERRY ST,FERRY ST,DOVER ST,,,,,41.31742,-72.89756,14,Motor Vehicle in Operation,3,Angle,1,On Roadway,1,Clear,88,Not Applicable,1,Daylight,1,Dry,0,None,88,Not Applicable,88,Not Applicable,0,None,88,Not Applicable,88,Not Applicable,2,Intersection,3,T-Intersection,1,No,1,No,88,Not Applicable,88,Not Applicable,88,Not Applicable,88,Not Applicable,TRUE,1,Public Road,1,"Trafficway, On Road",CT0009300,New Haven PD,980,49:01.0,C,Closed,01:24.0,,,,,,,
947644,1,Complete,947644,947644,41.331,-72.97822,3444786,New Haven,93,93,New Haven,6/29/2022,2022,6,June,29,4,Wednesday,16:23:00,16,22021696,A,"Injury of any type (Serious, Minor, Possible)",C,Possible Injury (C),1,0,0,4,Local,0.2,206,FAIRFIELD ST NO 1,FAIRFIELD ST NO 1,WESTERLEIGH RD,,,,,41.331,-72.97822,32,Tree (standing),88,Not Applicable,1,On Roadway,1,Clear,88,Not Applicable,1,Daylight,1,Dry,0,None,88,Not Applicable,88,Not Applicable,0,None,88,Not Applicable,88,Not Applicable,2,Intersection,2,Four-Way Intersection,1,No,1,No,88,Not Applicable,88,Not Applicable,88,Not Applicable,88,Not Applicable,FALSE,1,Public Road,1,"Trafficway, On Road",CT0009300,New Haven PD,74,38:16.0,C,Closed,01:27.0,,2,1932,7,LOCAL - NEW HPMS,2,Urban
947645,1,Complete,947645,947645,41.33276,-72.86776,3444787,New Haven,93,93,New Haven,6/29/2022,2022,6,June,29,4,Wednesday,14:39:00,14,22021699,A,"Injury of any type (Serious, Minor, Possible)",B,Suspected Minor Injury (B),2,0,0,3,State,0.9,103,103-N,103-N,GLEN HAVEN RD,,,,,41.33276,-72.86776,14,Motor Vehicle in Operation,3,Angle,1,On Roadway,1,Clear,88,Not Applicable,1,Daylight,1,Dry,0,None,88,Not Applicable,88,Not Applicable,0,None,88,Not Applicable,88,Not Applicable,2,Intersection,3,T-Intersection,1,No,1,No,88,Not Applicable,88,Not Applicable,88,Not Applicable,88,Not Applicable,FALSE,1,Public Road,1,"Trafficway, On Road",CT0009300,New Haven PD,42049,37:31.0,C,Closed,01:29.0,,1,6600,4,MINOR ARTERIAL - NEW HPMS,1,Rural
947920,1,Complete,947920,947920,41.3146,-72.90065,3445062,New Haven,93,93,New Haven,6/15/2022,2022,6,June,15,4,Wednesday,18:04:00,18,22020106,A,"Injury of any type (Serious, Minor, Possible)",C,Possible Injury (C),2,0,0,4,Local,0.18,379,LOMBARD ST,LOMBARD ST,BLATCHLEY AV,,,,,41.3146,-72.90065,14,Motor Vehicle in Operation,5,"Sideswipe, opposite direction",1,On Roadway,1,Clear,88,Not Applicable,1,Daylight,1,Dry,0,None,88,Not Applicable,88,Not Applicable,0,None,88,Not Applicable,88,Not Applicable,2,Intersection,2,Four-Way Intersection,1,No,1,No,88,Not Applicable,88,Not Applicable,88,Not Applicable,88,Not Applicable,FALSE,1,Public Road,1,"Trafficway, On Road",CT0009300,New Haven PD,40788,38:30.0,C,Closed,00:38.0,,,,,,,
947925,1,Complete,947925,947925,41.310624,-72.949406,3445067,New Haven,93,93,New Haven,6/30/2022,2022,6,June,30,5,Thursday,8:31:00,8,22021762,A,"Injury of any type (Serious, Minor, Possible)",C,Possible Injury (C),1,1,1,4,Local,0.03,248,GEORGE ST,GEORGE ST,NORTON ST,,,,,41.310624,-72.949406,9,Pedestrian,88,Not Applicable,1,On Roadway,1,Clear,88,Not Applicable,1,Daylight,1,Dry,0,None,88,Not Applicable,88,Not Applicable,0,None,88,Not Applicable,88,Not Applicable,2,Intersection,3,T-Intersection,1,No,1,No,88,Not Applicable,88,Not Applicable,88,Not Applicable,88,Not Applicable,FALSE,1,Public Road,1,"Trafficway, On Road",CT0009300,New Haven PD,137,53:17.0,C,Closed,00:37.0,,2,9500,4,MINOR ARTERIAL - NEW HPMS,2,Urban
948399,1,Complete,948399,948399,41.30968,-72.93694,3445541,New Haven,93,93,New Haven,6/15/2022,2022,6,June,15,4,Wednesday,21:18:00,21,22020120,A,"Injury of any type (Serious, Minor, Possible)",C,Possible Injury (C),2,0,0,4,Local,2.41,97,CHAPEL ST,CHAPEL ST,DWIGHT ST,,,,,41.30968,-72.93694,14,Motor Vehicle in Operation,1,Front to rear,1,On Roadway,1,Clear,88,Not Applicable,4,Dark-Lighted,1,Dry,0,None,88,Not Applicable,88,Not Applicable,0,None,88,Not Applicable,88,Not Applicable,2,Intersection,3,T-Intersection,1,No,1,No,88,Not Applicable,88,Not Applicable,88,Not Applicable,88,Not Applicable,TRUE,1,Public Road,1,"Trafficway, On Road",CT0009300,New Haven PD,39,49:45.0,C,Closed,01:47.0,22020120,,,,,,
948403,1,Complete,948403,948403,41.29769081,-72.89260619,3445545,New Haven,93,93,New Haven,6/26/2022,2022,6,June,26,1,Sunday,22:35:00,22,22021386,A,"Injury of any type (Serious, Minor, Possible)",B,Suspected Minor Injury (B),3,0,0,4,Local,0.18,210,FARREN AV,FARREN AV,FULTON ST,,,,,41.29769081,-72.89260619,15,Parked Motor Vehicle,1,Front to rear,1,On Roadway,1,Clear,88,Not Applicable,4,Dark-Lighted,1,Dry,0,None,88,Not Applicable,88,Not Applicable,0,None,88,Not Applicable,88,Not Applicable,3,Intersection-Related,2,Four-Way Intersection,1,No,1,No,88,Not Applicable,88,Not Applicable,88,Not Applicable,88,Not Applicable,FALSE,1,Public Road,1,"Trafficway, On Road",CT0009300,New Haven PD,430,04:44.0,C,Closed,01:46.0,,,,,,,
948411,1,Complete,948411,948411,41.320688,-72.934329,3445553,New Haven,93,93,New Haven,6/30/2022,2022,6,June,30,5,Thursday,15:26:00,15,22021803,A,"Injury of any type (Serious, Minor, Possible)",C,Possible Injury (C),3,0,0,4,Local,0.56,152,DIXWELL AV,DIXWELL AV,HENRY ST,,,,,41.320688,-72.934329,14,Motor Vehicle in Operation,2,Front to front,1,On Roadway,1,Clear,88,Not Applicable,1,Daylight,1,Dry,0,None,88,Not Applicable,88,Not Applicable,0,None,88,Not Applicable,88,Not Applicable,2,Intersection,2,Four-Way Intersection,1,No,1,No,88,Not Applicable,88,Not Applicable,88,Not Applicable,88,Not Applicable,TRUE,1,Public Road,1,"Trafficway, On Road",CT0009300,New Haven PD,42054,13:36.0,C,Closed,01:25.0,22021803,,,,,,
948413,1,Complete,948413,948413,41.316078,-72.897217,3445555,New Haven,93,93,New Haven,6/30/2022,2022,6,June,30,5,Thursday,23:09:00,23,22021852,A,"Injury of any type (Serious, Minor, Possible)",C,Possible Injury (C),3,0,0,4,Local,0.25,213,FERRY ST,FERRY ST,PECK ST NO 2,,,,,41.316078,-72.897217,14,Motor Vehicle in Operation,2,Front to front,1,On Roadway,1,Clear,88,Not Applicable,4,Dark-Lighted,1,Dry,0,None,88,Not Applicable,88,Not Applicable,0,None,88,Not Applicable,88,Not Applicable,2,Intersection,2,Four-Way Intersection,1,No,1,No,88,Not Applicable,88,Not Applicable,88,Not Applicable,88,Not Applicable,FALSE,1,Public Road,1,"Trafficway, On Road",CT0009300,New Haven PD,370,56:54.0,C,Closed,01:43.0,,,,,,,
948420,1,Complete,948420,948420,41.310331,-72.953382,3445562,New Haven,93,93,New Haven,7/1/2022,2022,7,July,1,6,Friday,23:23:00,23,22021920,A,"Injury of any type (Serious, Minor, Possible)",C,Possible Injury (C),2,0,0,3,State,2.39,10,10-N,10-N,,DERBY AVE,50,Feet,N,41.310331,-72.953382,14,Motor Vehicle in Operation,1,Front to rear,1,On Roadway,1,Clear,88,Not Applicable,6,Dark-Unknown Lighting,1,Dry,0,None,88,Not Applicable,88,Not Applicable,0,None,88,Not Applicable,88,Not Applicable,1,Non-Junction,1,Not at Intersection,1,No,1,No,88,Not Applicable,88,Not Applicable,88,Not Applicable,88,Not Applicable,FALSE,1,Public Road,1,"Trafficway, On Road",CT0009300,New Haven PD,38715,57:06.0,C,Closed,01:39.0,22-021920,,,,,,
948426,1,Complete,948426,948426,41.314677,-72.899607,3445568,New Haven,93,93,New Haven,7/1/2022,2022,7,July,1,6,Friday,17:09:00,17,22021948,A,"Injury of any type (Serious, Minor, Possible)",B,Suspected Minor Injury (B),1,1,0,4,Local,0.23,379,LOMBARD ST,LOMBARD ST,FILLMORE ST,,,,,41.314677,-72.899607,9,Pedestrian,88,Not Applicable,1,On Roadway,1,Clear,88,Not Applicable,1,Daylight,1,Dry,0,None,88,Not Applicable,88,Not Applicable,0,None,88,Not Applicable,88,Not Applicable,2,Intersection,2,Four-Way Intersection,1,No,1,No,88,Not Applicable,88,Not Applicable,88,Not Applicable,88,Not Applicable,TRUE,1,Public Road,1,"Trafficway, On Road",CT0009300,New Haven PD,42054,24:19.0,O,Open,01:23.0,22021948,1,7500,5,MAJOR COLLECTOR - NEW HPMS,2,Urban
948428,1,Complete,948428,948428,41.320468,-72.95112,3445570,New Haven,93,93,New Haven,7/1/2022,2022,7,July,1,6,Friday,21:05:00,21,22021973,A,"Injury of any type (Serious, Minor, Possible)",C,Possible Injury (C),2,0,0,3,State,3.17,10,10-N,10-N,,HOBART ST,20,Feet,W,41.320468,-72.95112,14,Motor Vehicle in Operation,4,"Sideswipe, same direction",1,On Roadway,1,Clear,88,Not Applicable,4,Dark-Lighted,1,Dry,0,None,88,Not Applicable,88,Not Applicable,0,None,88,Not Applicable,88,Not Applicable,1,Non-Junction,1,Not at Intersection,1,No,1,No,88,Not Applicable,88,Not Applicable,88,Not Applicable,88,Not Applicable,FALSE,1,Public Road,1,"Trafficway, On Road",CT0009300,New Haven PD,276,28:40.0,C,Closed,01:33.0,22021973,2,18100,3,PRINCIPAL ARTERIAL - OTHER - NEW HPMS,2,Urban
948429,1,Complete,948429,948429,41.314115,-72.904031,3445571,New Haven,93,93,New Haven,7/2/2022,2022,7,July,2,7,Saturday,18:07:00,18,22021976,A,"Injury of any type (Serious, Minor, Possible)",C,Possible Injury (C),2,0,0,4,Local,0,379,LOMBARD ST,LOMBARD ST,HUMPHREY ST,,,,,41.314115,-72.904031,14,Motor Vehicle in Operation,3,Angle,1,On Roadway,99,Unknown,88,Not Applicable,97,Other,1,Dry,99,Unknown,88,Not Applicable,88,Not Applicable,99,Unknown,88,Not Applicable,88,Not Applicable,2,Intersection,2,Four-Way Intersection,1,No,1,No,88,Not Applicable,88,Not Applicable,88,Not Applicable,88,Not Applicable,FALSE,1,Public Road,1,"Trafficway, On Road",CT0009300,New Haven PD,43689,14:04.0,C,Closed,01:40.0,,,,,,,
948434,1,Complete,948434,948434,41.303527,-72.910476,3445576,New Haven,93,93,New Haven,7/2/2022,2022,7,July,2,7,Saturday,3:01:00,3,22022002,A,"Injury of any type (Serious, Minor, Possible)",C,Possible Injury (C),2,0,0,4,Local,0.87,165,EAST ST,EAST ST,CHAPEL ST,,,,,41.303527,-72.910476,14,Motor Vehicle in Operation,2,Front to front,1,On Roadway,1,Clear,88,Not Applicable,4,Dark-Lighted,1,Dry,0,None,88,Not Applicable,88,Not Applicable,0,None,88,Not Applicable,88,Not Applicable,2,Intersection,2,Four-Way Intersection,1,No,1,No,88,Not Applicable,88,Not Applicable,88,Not Applicable,88,Not Applicable,FALSE,1,Public Road,1,"Trafficway, On Road",CT0009300,New Haven PD,374,20:07.0,C,Closed,01:28.0,,,,,,,
948437,1,Complete,948437,948437,41.333302,-72.935158,3445579,New Haven,93,93,New Haven,7/2/2022,2022,7,July,2,7,Saturday,17:10:00,17,22022051,A,"Injury of any type (Serious, Minor, Possible)",C,Possible Injury (C),2,0,0,4,Local,1.44,152,DIXWELL AV,DIXWELL AV,,DORMAN ST,30,Feet,S,41.333302,-72.935158,14,Motor Vehicle in Operation,3,Angle,1,On Roadway,1,Clear,88,Not Applicable,1,Daylight,1,Dry,0,None,88,Not Applicable,88,Not Applicable,99,Unknown,88,Not Applicable,88,Not Applicable,1,Non-Junction,1,Not at Intersection,1,No,1,No,88,Not Applicable,88,Not Applicable,88,Not Applicable,88,Not Applicable,FALSE,1,Public Road,1,"Trafficway, On Road",CT0009300,New Haven PD,40953,12:42.0,C,Closed,01:32.0,,,,,,,
948440,1,Complete,948440,948440,41.332692,-72.935221,3445582,New Haven,93,93,New Haven,7/2/2022,2022,7,July,2,7,Saturday,21:28:00,21,22022078,A,"Injury of any type (Serious, Minor, Possible)",C,Possible Injury (C),2,0,0,4,Local,1.4,152,DIXWELL AV,DIXWELL AV,,Bassett St,50,Feet,N,41.332692,-72.935221,14,Motor Vehicle in Operation,1,Front to rear,1,On Roadway,1,Clear,88,Not Applicable,4,Dark-Lighted,1,Dry,0,None,88,Not Applicable,88,Not Applicable,0,None,88,Not Applicable,88,Not Applicable,2,Intersection,2,Four-Way Intersection,1,No,1,No,88,Not Applicable,88,Not Applicable,88,Not Applicable,88,Not Applicable,TRUE,1,Public Road,1,"Trafficway, On Road",CT0009300,New Haven PD,42052,17:23.0,C,Closed,01:37.0,,,,,,,
948441,1,Complete,948441,948441,41.306599,-72.946518,3445583,New Haven,93,93,New Haven,7/2/2022,2022,7,July,2,7,Saturday,21:54:00,21,22022082,A,"Injury of any type (Serious, Minor, Possible)",B,Suspected Minor Injury (B),2,0,0,4,Local,0.05,556,SHERMAN AV,SHERMAN AV,,REV DR MARTIN LUTHER,75,Feet,S,41.306599,-72.946518,14,Motor Vehicle in Operation,1,Front to rear,1,On Roadway,1,Clear,88,Not Applicable,4,Dark-Lighted,1,Dry,0,None,88,Not Applicable,88,Not Applicable,0,None,88,Not Applicable,88,Not Applicable,1,Non-Junction,1,Not at Intersection,1,No,1,No,88,Not Applicable,88,Not Applicable,88,Not Applicable,88,Not Applicable,FALSE,1,Public Road,1,"Trafficway, On Road",CT0009300,New Haven PD,503,19:32.0,C,Closed,01:36.0,,,,,,,
948443,1,Complete,948443,948443,41.28705,-72.9358,3445585,New Haven,93,93,New Haven,7/2/2022,2022,7,July,2,7,Saturday,23:15:00,23,22022089,A,"Injury of any type (Serious, Minor, Possible)",C,Possible Injury (C),2,0,0,4,Local,0.38,339,KIMBERLY AV,KIMBERLY AV,,GRANT ST,500,Feet,S,41.28705,-72.9358,14,Motor Vehicle in Operation,1,Front to rear,1,On Roadway,1,Clear,88,Not Applicable,4,Dark-Lighted,1,Dry,0,None,88,Not Applicable,88,Not Applicable,0,None,88,Not Applicable,88,Not Applicable,1,Non-Junction,1,Not at Intersection,1,No,1,No,88,Not Applicable,88,Not Applicable,88,Not Applicable,88,Not Applicable,TRUE,1,Public Road,1,"Trafficway, On Road",CT0009300,New Haven PD,42366,18:13.0,C,Closed,01:38.0,,,,,,,
948444,1,Complete,948444,948444,41.3037,-72.90249,3445586,New Haven,93,93,New Haven,7/3/2022,2022,7,July,3,1,Sunday,1:59:00,1,22022103,A,"Injury of any type (Serious, Minor, Possible)",C,Possible Injury (C),2,0,0,4,Local,0.88,327,JAMES ST,JAMES ST,CHAPEL ST,,,,,41.3037,-72.90249,14,Motor Vehicle in Operation,3,Angle,1,On Roadway,1,Clear,88,Not Applicable,4,Dark-Lighted,1,Dry,0,None,88,Not Applicable,88,Not Applicable,0,None,88,Not Applicable,88,Not Applicable,2,Intersection,2,Four-Way Intersection,1,No,1,No,88,Not Applicable,88,Not Applicable,88,Not Applicable,88,Not Applicable,FALSE,1,Public Road,1,"Trafficway, On Road",CT0009300,New Haven PD,41104,58:12.0,C,Closed,01:41.0,,,,,,,
948447,1,Complete,948447,948447,41.28297,-72.934739,3445589,New Haven,93,93,New Haven,7/3/2022,2022,7,July,3,1,Sunday,6:55:00,6,22022115,A,"Injury of any type (Serious, Minor, Possible)",C,Possible Injury (C),2,0,0,3,State,0.19,10,10-N,10-N,SEA ST,,,,,41.28297,-72.934739,14,Motor Vehicle in Operation,2,Front to front,1,On Roadway,1,Clear,88,Not Applicable,1,Daylight,1,Dry,0,None,88,Not Applicable,88,Not Applicable,0,None,88,Not Applicable,88,Not Applicable,2,Intersection,2,Four-Way Intersection,1,No,1,No,88,Not Applicable,88,Not Applicable,88,Not Applicable,88,Not Applicable,FALSE,1,Public Road,1,"Trafficway, On Road",CT0009300,New Haven PD,26,15:28.0,C,Closed,01:42.0,,2,15100,3,PRINCIPAL ARTERIAL - OTHER - NEW HPMS,2,Urban
948995,1,Complete,948995,948995,41.32374,-72.95968,3446137,New Haven,93,93,New Haven,6/24/2022,2022,6,June,24,6,Friday,22:45:00,22,22021193,A,"Injury of any type (Serious, Minor, Possible)",C,Possible Injury (C),2,0,0,4,Local,0.6,650,WEST ROCK AV NO 1,WEST ROCK AV NO 1,,YALE AVE,25,Feet,N,41.32374,-72.95968,32,Tree (standing),1,Front to rear,1,On Roadway,1,Clear,88,Not Applicable,4,Dark-Lighted,1,Dry,0,None,88,Not Applicable,88,Not Applicable,0,None,88,Not Applicable,88,Not Applicable,17,"Other Location Not Listed Above Within an Interchange Area (median, shoulder and roadside)",1,Not at Intersection,1,No,1,No,88,Not Applicable,88,Not Applicable,88,Not Applicable,88,Not Applicable,FALSE,1,Public Road,1,"Trafficway, On Road",CT0009300,New Haven PD,713,12:36.0,C,Closed,02:02.0,,,,,,,
948998,1,Complete,948998,948998,41.30314,-72.92044,3446140,New Haven,93,93,New Haven,7/1/2022,2022,7,July,1,6,Friday,9:00:00,9,22021890,A,"Injury of any type (Serious, Minor, Possible)",C,Possible Injury (C),2,0,0,4,Local,0.13,447,OLIVE ST,OLIVE ST,,WOOSTER ST,50,Feet,S,41.30314,-72.92044,14,Motor Vehicle in Operation,1,Front to rear,1,On Roadway,1,Clear,88,Not Applicable,1,Daylight,1,Dry,99,Unknown,88,Not Applicable,88,Not Applicable,0,None,88,Not Applicable,88,Not Applicable,1,Non-Junction,1,Not at Intersection,1,No,1,No,88,Not Applicable,88,Not Applicable,88,Not Applicable,88,Not Applicable,FALSE,1,Public Road,1,"Trafficway, On Road",CT0009300,New Haven PD,240,38:01.0,C,Closed,02:01.0,,,,,,,
949004,1,Complete,949004,949004,41.31295,-72.95202,3446146,New Haven,93,93,New Haven,7/4/2022,2022,7,July,4,2,Monday,19:29:00,19,22022251,A,"Injury of any type (Serious, Minor, Possible)",C,Possible Injury (C),2,0,0,3,State,2.59,10,10-N,10-N,CHAPEL ST,,,,,41.31295,-72.95202,14,Motor Vehicle in Operation,2,Front to front,1,On Roadway,1,Clear,88,Not Applicable,1,Daylight,1,Dry,0,None,88,Not Applicable,88,Not Applicable,0,None,88,Not Applicable,88,Not Applicable,2,Intersection,2,Four-Way Intersection,1,No,1,No,88,Not Applicable,88,Not Applicable,88,Not Applicable,88,Not Applicable,FALSE,1,Public Road,1,"Trafficway, On Road",CT0009300,New Haven PD,349,13:11.0,O,Open,02:00.0,,1,19800,3,PRINCIPAL ARTERIAL - OTHER - NEW HPMS,1,Rural
949337,1,Complete,949337,949337,41.293099,-72.943942,3446479,New Haven,93,93,New Haven,6/19/2022,2022,6,June,19,1,Sunday,12:45:00,12,22020529,A,"Injury of any type (Serious, Minor, Possible)",C,Possible Injury (C),4,0,0,3,State,1.07,10,10-N,10-N,ADELINE ST,,,,,41.293099,-72.943942,14,Motor Vehicle in Operation,4,"Sideswipe, same direction",1,On Roadway,1,Clear,88,Not Applicable,1,Daylight,1,Dry,0,None,88,Not Applicable,88,Not Applicable,0,None,88,Not Applicable,88,Not Applicable,3,Intersection-Related,3,T-Intersection,1,No,1,No,88,Not Applicable,88,Not Applicable,88,Not Applicable,88,Not Applicable,TRUE,1,Public Road,1,"Trafficway, On Road",CT0009300,New Haven PD,26,38:44.0,C,Closed,00:42.0,,2,20300,3,PRINCIPAL ARTERIAL - OTHER - NEW HPMS,2,Urban
949340,1,Complete,949340,949340,41.31216,-72.919389,3446482,New Haven,93,93,New Haven,6/29/2022,2022,6,June,29,4,Wednesday,20:07:00,20,22021731,A,"Injury of any type (Serious, Minor, Possible)",C,Possible Injury (C),2,0,0,4,Local,0.31,601,TRUMBULL ST,TRUMBULL ST,ORANGE ST,,,,,41.31216,-72.919389,14,Motor Vehicle in Operation,1,Front to rear,1,On Roadway,2,Cloudy,88,Not Applicable,1,Daylight,1,Dry,0,None,88,Not Applicable,88,Not Applicable,0,None,88,Not Applicable,88,Not Applicable,2,Intersection,2,Four-Way Intersection,1,No,1,No,88,Not Applicable,88,Not Applicable,88,Not Applicable,88,Not Applicable,TRUE,1,Public Road,1,"Trafficway, On Road",CT0009300,New Haven PD,381,05:10.0,C,Closed,00:40.0,,,,,,,
949345,1,Complete,949345,949345,41.327384,-72.969699,3446487,New Haven,93,93,New Haven,7/4/2022,2022,7,July,4,2,Monday,22:44:00,22,22022268,A,"Injury of any type (Serious, Minor, Possible)",C,Possible Injury (C),2,0,0,3,State,6.14,243,243-E,243-E,,PARDEE PL,37,Feet,W,41.327384,-72.969699,15,Parked Motor Vehicle,1,Front to rear,1,On Roadway,1,Clear,88,Not Applicable,4,Dark-Lighted,1,Dry,0,None,88,Not Applicable,88,Not Applicable,0,None,88,Not Applicable,88,Not Applicable,1,Non-Junction,1,Not at Intersection,1,No,1,No,88,Not Applicable,88,Not Applicable,88,Not Applicable,88,Not Applicable,FALSE,1,Public Road,1,"Trafficway, On Road",CT0009300,New Haven PD,42367,16:57.0,C,Closed,00:39.0,,1,10900,4,MINOR ARTERIAL - NEW HPMS,1,Rural
949346,1,Complete,949346,949346,41.32996,-72.92753,3446488,New Haven,93,93,New Haven,7/5/2022,2022,7,July,5,3,Tuesday,2:33:00,2,22022285,A,"Injury of any type (Serious, Minor, Possible)",B,Suspected Minor Injury (B),4,0,0,4,Local,0.07,371,LILAC ST,LILAC ST,,WINCHESTER AVE,380,Feet,W,41.32996,-72.92753,1,Overturn/Rollover,4,"Sideswipe, same direction",1,On Roadway,1,Clear,88,Not Applicable,4,Dark-Lighted,1,Dry,0,None,88,Not Applicable,88,Not Applicable,0,None,88,Not Applicable,88,Not Applicable,1,Non-Junction,1,Not at Intersection,1,No,1,No,88,Not Applicable,88,Not Applicable,88,Not Applicable,88,Not Applicable,FALSE,1,Public Road,1,"Trafficway, On Road",CT0009300,New Haven PD,65,12:29.0,C,Closed,00:40.0,,,,,,,
949351,1,Complete,949351,949351,41.32948669,-72.92633745,3446493,New Haven,93,93,New Haven,7/4/2022,2022,7,July,4,2,Monday,23:00:00,23,22022364,A,"Injury of any type (Serious, Minor, Possible)",C,Possible Injury (C),2,0,0,4,Local,0.95,669,WINCHESTER AV,WINCHESTER AV,HIGHLAND ST,,,,,41.32948669,-72.92633745,14,Motor Vehicle in Operation,3,Angle,1,On Roadway,1,Clear,88,Not Applicable,4,Dark-Lighted,1,Dry,0,None,88,Not Applicable,88,Not Applicable,3,Backup Due to Regular Congestion,88,Not Applicable,88,Not Applicable,2,Intersection,3,T-Intersection,1,No,1,No,88,Not Applicable,88,Not Applicable,88,Not Applicable,88,Not Applicable,TRUE,1,Public Road,1,"Trafficway, On Road",CT0009300,New Haven PD,40801,12:47.0,C,Closed,00:45.0,,,,,,,
949352,1,Complete,949352,949352,41.31934109,-72.90484702,3446494,New Haven,93,93,New Haven,7/5/2022,2022,7,July,5,3,Tuesday,20:47:00,20,22022402,A,"Injury of any type (Serious, Minor, Possible)",B,Suspected Minor Injury (B),2,0,0,1,Interstate,0,91,91-S-139,91-S-139,WILLOW ST,,,,,41.31934109,-72.90484702,14,Motor Vehicle in Operation,3,Angle,1,On Roadway,2,Cloudy,88,Not Applicable,4,Dark-Lighted,2,Wet,0,None,88,Not Applicable,88,Not Applicable,0,None,88,Not Applicable,88,Not Applicable,2,Intersection,3,T-Intersection,1,No,1,No,88,Not Applicable,88,Not Applicable,88,Not Applicable,88,Not Applicable,FALSE,1,Public Road,1,"Trafficway, On Road",CT0009300,New Haven PD,40801,46:08.0,C,Closed,00:47.0,,2,28800,1,INTERSTATE - NEW HPMS,2,Urban
949652,1,Complete,949652,949652,41.328731,-72.964407,3446794,New Haven,93,93,New Haven,7/6/2022,2022,7,July,6,4,Wednesday,17:44:00,17,22022482,A,"Injury of any type (Serious, Minor, Possible)",C,Possible Injury (C),2,0,0,3,State,0.49,63,63-N,63-N,,EMERSON ST,200,Feet,E,41.328731,-72.964407,14,Motor Vehicle in Operation,1,Front to rear,1,On Roadway,1,Clear,88,Not Applicable,1,Daylight,1,Dry,0,None,88,Not Applicable,88,Not Applicable,3,Backup Due to Regular Congestion,88,Not Applicable,88,Not Applicable,1,Non-Junction,1,Not at Intersection,1,No,1,No,88,Not Applicable,88,Not Applicable,88,Not Applicable,88,Not Applicable,FALSE,1,Public Road,1,"Trafficway, On Road",CT0009300,New Haven PD,402,36:12.0,C,Closed,01:40.0,,1,20400,3,PRINCIPAL ARTERIAL - OTHER - NEW HPMS,1,Rural
949653,1,Complete,949653,949653,41.31608,-72.89722,3446795,New Haven,93,93,New Haven,7/6/2022,2022,7,July,6,4,Wednesday,18:54:00,18,22022488,A,"Injury of any type (Serious, Minor, Possible)",C,Possible Injury (C),2,0,0,4,Local,0.25,213,FERRY ST,FERRY ST,PECK ST NO 2,,,,,41.31608,-72.89722,14,Motor Vehicle in Operation,3,Angle,1,On Roadway,1,Clear,88,Not Applicable,1,Daylight,1,Dry,0,None,88,Not Applicable,88,Not Applicable,0,None,88,Not Applicable,88,Not Applicable,2,Intersection,2,Four-Way Intersection,1,No,1,No,88,Not Applicable,88,Not Applicable,88,Not Applicable,88,Not Applicable,TRUE,1,Public Road,1,"Trafficway, On Road",CT0009300,New Haven PD,150,53:22.0,C,Closed,01:39.0,,,,,,,