CrashId,Fatal Case Status,Fatal Case Status Text Format,CrashId,CrashId,Latitude,Longitude,DOT Case Number,Town Name,Town Number,Town Number,Town Number Text Format,Date Of Crash,Year,Month,Month Text Format,Day,Day of the Week,Day of the Week Text Format,Time of Crash,Hour of the Day,Case Identifier,Crash Severity,Crash Severity Text Format,Most Severe Injury,Most Severe Injury Text Format,Number Of Motor Vehicles,Number Of Non-Motorist,Number Of Witnesses,Route Class,Route Class Text Format,Milemarker,Road Number,Road Description,Roadway Name,Intersecting Roadway Name,Landmark Description,Distance From Nearest Landmark,Unit Of Measure From Nearest Landmark,Direction From Nearest Landmark,Latitude,Longitude,First Harmful Event,First Harmful Event Text Format,Manner of Crash / Collision Impact,Manner of Crash / Collision Impact Text Format,Location of First Harmful Event,Location of First Harmful Event Text Format,Weather Condition,Weather Condition Text Format,Weather 2,Weather 2 Text Format,Light Condition,Light Condition Text Format,Road Surface Condition,Road Surface Condition Text Format,"Contributing Circumstances, Environment","Contributing Circumstances, Environment Text Format",Environment 2,Environment 2 Text Format,Environment 3,Environment 3 Text Format,"Contributing Circumstances, Road","Contributing Circumstances, Road Text Format",Road 2,Road 2 Text Format,Road 3,Road 3 Text Format,Crash Specific Location,Crash Specific Location Text Format,Type of Intersection,Type of Intersection Text Format,School Bus Related,School Bus Related Text Format,Work Zone Related,Work Zone Related Text Format,Location Of Crash Relative To Work Zone,Location Of Crash Relative To Work Zone Text Format,Type of Work Zone,Type of Work Zone Text Format,Worker Presence,Worker Presence Text Format,Law Enforcement Presence,Law Enforcement Presence Text Format,Were Vehicles Moved Prior To Police Arrival,Trafficway Ownership,Trafficway Ownership Text Format,Trafficway Class,Trafficway Class Text Format,Police Agency,Police Agency Text Format,Badge Number,Approval Date,Police Case Status,Police Case Status Text Format,Crash Report Submission Date,Related Case Identifiers,No. of Through Lanes (Log Dir.),Average Daily Traffic,Functional Classification,Functional Classification Text Format,Rural or Urban,Rural or Urban Text Format
950014,1,Complete,950014,950014,41.3174927,-72.9014459,3447155,New Haven,93,93,New Haven,7/7/2022,2022,7,July,7,5,Thursday,5:32:00,5,22022526,A,"Injury of any type (Serious, Minor, Possible)",C,Possible Injury (C),2,0,0,4,Local,0,666,WILLOW ST,WILLOW ST,5-N,,,,,41.3174927,-72.9014459,14,Motor Vehicle in Operation,3,Angle,1,On Roadway,1,Clear,88,Not Applicable,1,Daylight,1,Dry,0,None,88,Not Applicable,88,Not Applicable,0,None,88,Not Applicable,88,Not Applicable,2,Intersection,2,Four-Way Intersection,1,No,1,No,88,Not Applicable,88,Not Applicable,88,Not Applicable,88,Not Applicable,FALSE,1,Public Road,1,"Trafficway, On Road",CT0009300,New Haven PD,42053,54:35.0,C,Closed,00:11.0,,,,,,,
950015,1,Complete,950015,950015,41.309137,-72.927302,3447156,New Haven,93,93,New Haven,7/7/2022,2022,7,July,7,5,Thursday,9:06:00,9,22022535,A,"Injury of any type (Serious, Minor, Possible)",C,Possible Injury (C),2,0,0,4,Local,0.19,117,COLLEGE ST,COLLEGE ST,,ELM ST,120,Feet,S,41.309137,-72.927302,14,Motor Vehicle in Operation,1,Front to rear,1,On Roadway,1,Clear,88,Not Applicable,1,Daylight,1,Dry,0,None,88,Not Applicable,88,Not Applicable,0,None,88,Not Applicable,88,Not Applicable,1,Non-Junction,1,Not at Intersection,1,No,1,No,88,Not Applicable,88,Not Applicable,88,Not Applicable,88,Not Applicable,TRUE,1,Public Road,1,"Trafficway, On Road",CT0009300,New Haven PD,165,35:17.0,C,Closed,00:09.0,,,,,,,
950020,1,Complete,950020,950020,41.318345,-72.949448,3447161,New Haven,93,93,New Haven,7/7/2022,2022,7,July,7,5,Thursday,14:25:00,14,22022574,A,"Injury of any type (Serious, Minor, Possible)",C,Possible Injury (C),2,0,0,3,State,2.98,10,10-N,10-N,,WHALLEY AVE,300,Feet,S,41.318345,-72.949448,14,Motor Vehicle in Operation,3,Angle,1,On Roadway,1,Clear,88,Not Applicable,1,Daylight,1,Dry,0,None,88,Not Applicable,88,Not Applicable,0,None,88,Not Applicable,88,Not Applicable,1,Non-Junction,1,Not at Intersection,1,No,1,No,88,Not Applicable,88,Not Applicable,88,Not Applicable,88,Not Applicable,FALSE,1,Public Road,1,"Trafficway, On Road",CT0009300,New Haven PD,40804,33:27.0,C,Closed,00:12.0,,1,10200,3,PRINCIPAL ARTERIAL - OTHER - NEW HPMS,1,Rural
950022,1,Complete,950022,950022,41.33056,-72.91367,3447163,New Haven,93,93,New Haven,7/7/2022,2022,7,July,7,5,Thursday,17:29:00,17,22022579,A,"Injury of any type (Serious, Minor, Possible)",B,Suspected Minor Injury (B),1,1,0,4,Local,1.48,656,WHITNEY AV,WHITNEY AV,EAST ROCK RD,,,,,41.33056,-72.91367,14,Motor Vehicle in Operation,3,Angle,1,On Roadway,1,Clear,88,Not Applicable,1,Daylight,1,Dry,0,None,88,Not Applicable,88,Not Applicable,0,None,88,Not Applicable,88,Not Applicable,2,Intersection,2,Four-Way Intersection,1,No,1,No,88,Not Applicable,88,Not Applicable,88,Not Applicable,88,Not Applicable,TRUE,1,Public Road,1,"Trafficway, On Road",CT0009300,New Haven PD,281,30:59.0,C,Closed,00:13.0,,,,,,,
950023,1,Complete,950023,950023,41.30384,-72.92749,3447164,New Haven,93,93,New Haven,7/7/2022,2022,7,July,7,5,Thursday,15:27:00,15,22022582,A,"Injury of any type (Serious, Minor, Possible)",C,Possible Injury (C),2,0,0,4,Local,0,103,CHURCH ST,CHURCH ST,GEORGE ST,,,,,41.30384,-72.92749,14,Motor Vehicle in Operation,4,"Sideswipe, same direction",1,On Roadway,1,Clear,88,Not Applicable,1,Daylight,1,Dry,0,None,88,Not Applicable,88,Not Applicable,0,None,88,Not Applicable,88,Not Applicable,2,Intersection,2,Four-Way Intersection,1,No,1,No,88,Not Applicable,88,Not Applicable,88,Not Applicable,88,Not Applicable,TRUE,1,Public Road,1,"Trafficway, On Road",CT0009300,New Haven PD,324,36:37.0,O,Open,00:13.0,22022582,,,,,,
950024,1,Complete,950024,950024,41.303619,-72.91295,3447165,New Haven,93,93,New Haven,7/7/2022,2022,7,July,7,5,Thursday,20:18:00,20,22022600,A,"Injury of any type (Serious, Minor, Possible)",C,Possible Injury (C),2,0,0,4,Local,0,275,HAMILTON ST NO 2,HAMILTON ST NO 2,CHAPEL ST,,,,,41.303619,-72.91295,14,Motor Vehicle in Operation,1,Front to rear,1,On Roadway,1,Clear,88,Not Applicable,99,Unknown,1,Dry,99,Unknown,88,Not Applicable,88,Not Applicable,99,Unknown,88,Not Applicable,88,Not Applicable,2,Intersection,3,T-Intersection,1,No,1,No,88,Not Applicable,88,Not Applicable,88,Not Applicable,88,Not Applicable,FALSE,1,Public Road,1,"Trafficway, On Road",CT0009300,New Haven PD,43689,04:25.0,C,Closed,00:17.0,,,,,,,
950474,1,Complete,950474,950474,41.319274,-72.898426,3447614,New Haven,93,93,New Haven,7/9/2021,2021,7,July,9,6,Friday,9:30:00,9,21024994,A,"Injury of any type (Serious, Minor, Possible)",C,Possible Injury (C),3,0,1,4,Local,0.01,213,FERRY ST,FERRY ST,,STATE ST,60,Feet,E,41.319274,-72.898426,14,Motor Vehicle in Operation,1,Front to rear,1,On Roadway,4,Rain,88,Not Applicable,1,Daylight,2,Wet,0,None,88,Not Applicable,88,Not Applicable,0,None,88,Not Applicable,88,Not Applicable,1,Non-Junction,1,Not at Intersection,1,No,1,No,88,Not Applicable,88,Not Applicable,88,Not Applicable,88,Not Applicable,FALSE,1,Public Road,1,"Trafficway, On Road",CT0009300,New Haven PD,87,04:21.0,C,Closed,01:16.0,,4,16500,3,PRINCIPAL ARTERIAL - OTHER - NEW HPMS,2,Urban
950480,1,Complete,950480,950480,41.316618,-72.942307,3447620,New Haven,93,93,New Haven,7/6/2022,2022,7,July,6,4,Wednesday,20:59:00,20,22022508,A,"Injury of any type (Serious, Minor, Possible)",C,Possible Injury (C),2,0,0,4,Local,0.38,653,WHALLEY AV,WHALLEY AV,SHERMAN AV,,,,,41.316618,-72.942307,14,Motor Vehicle in Operation,1,Front to rear,1,On Roadway,1,Clear,88,Not Applicable,4,Dark-Lighted,1,Dry,0,None,88,Not Applicable,88,Not Applicable,0,None,88,Not Applicable,88,Not Applicable,2,Intersection,2,Four-Way Intersection,1,No,1,No,88,Not Applicable,88,Not Applicable,88,Not Applicable,88,Not Applicable,FALSE,1,Public Road,1,"Trafficway, On Road",CT0009300,New Haven PD,276,40:49.0,C,Closed,01:21.0,22022508,,,,,,
950481,1,Complete,950481,950481,41.31138,-72.9412,3447621,New Haven,93,93,New Haven,7/7/2022,2022,7,July,7,5,Thursday,7:16:00,7,22022529,A,"Injury of any type (Serious, Minor, Possible)",B,Suspected Minor Injury (B),2,0,0,4,Local,0.7,453,ORCHARD ST,ORCHARD ST,,CHAPEL ST,100,Feet,N,41.31138,-72.9412,14,Motor Vehicle in Operation,4,"Sideswipe, same direction",1,On Roadway,1,Clear,88,Not Applicable,1,Daylight,1,Dry,0,None,88,Not Applicable,88,Not Applicable,0,None,88,Not Applicable,88,Not Applicable,17,"Other Location Not Listed Above Within an Interchange Area (median, shoulder and roadside)",1,Not at Intersection,1,No,1,No,88,Not Applicable,88,Not Applicable,88,Not Applicable,88,Not Applicable,FALSE,1,Public Road,1,"Trafficway, On Road",CT0009300,New Haven PD,238,21:54.0,C,Closed,01:28.0,,,,,,,
950483,1,Complete,950483,950483,41.327541,-72.97792,3447623,New Haven,93,93,New Haven,7/7/2022,2022,7,July,7,5,Thursday,23:52:00,23,22022618,A,"Injury of any type (Serious, Minor, Possible)",C,Possible Injury (C),1,1,0,4,Local,0.06,115,COLBY CT,COLBY CT,,fountain st,355,Feet,S,41.327541,-72.97792,9,Pedestrian,88,Not Applicable,7,In Parking Lane or Zone,1,Clear,88,Not Applicable,4,Dark-Lighted,1,Dry,0,None,88,Not Applicable,88,Not Applicable,0,None,88,Not Applicable,88,Not Applicable,1,Non-Junction,1,Not at Intersection,1,No,1,No,88,Not Applicable,88,Not Applicable,88,Not Applicable,88,Not Applicable,TRUE,1,Public Road,2,"Trafficway, Not on Road",CT0009300,New Haven PD,43614,22:00.0,O,Open,01:24.0,,2,655,7,LOCAL - NEW HPMS,2,Urban
950484,1,Complete,950484,950484,41.306503,-72.95304,3447624,New Haven,93,93,New Haven,7/8/2022,2022,7,July,8,6,Friday,0:45:00,0,22022623,A,"Injury of any type (Serious, Minor, Possible)",C,Possible Injury (C),1,0,0,3,State,2.13,10,10-N,10-N,REV DR MLK JR BLVD,,,,,41.306503,-72.95304,26,Ditch,88,Not Applicable,1,On Roadway,1,Clear,88,Not Applicable,4,Dark-Lighted,1,Dry,0,None,88,Not Applicable,88,Not Applicable,0,None,88,Not Applicable,88,Not Applicable,2,Intersection,3,T-Intersection,1,No,1,No,88,Not Applicable,88,Not Applicable,88,Not Applicable,88,Not Applicable,FALSE,1,Public Road,1,"Trafficway, On Road",CT0009300,New Haven PD,42370,06:17.0,C,Closed,01:18.0,,4,24400,3,PRINCIPAL ARTERIAL - OTHER - NEW HPMS,2,Urban
950487,1,Complete,950487,950487,41.329545,-72.969483,3447627,New Haven,93,93,New Haven,7/8/2022,2022,7,July,8,6,Friday,13:10:00,13,22022672,A,"Injury of any type (Serious, Minor, Possible)",C,Possible Injury (C),2,0,0,3,State,0.76,63,63-N,63-N,,DAYTON ST,280,Feet,W,41.329545,-72.969483,14,Motor Vehicle in Operation,3,Angle,1,On Roadway,1,Clear,88,Not Applicable,1,Daylight,1,Dry,0,None,88,Not Applicable,88,Not Applicable,0,None,88,Not Applicable,88,Not Applicable,11,Through Roadway,1,Not at Intersection,1,No,1,No,88,Not Applicable,88,Not Applicable,88,Not Applicable,88,Not Applicable,FALSE,1,Public Road,1,"Trafficway, On Road",CT0009300,New Haven PD,991,49:01.0,C,Closed,01:22.0,,2,23000,3,PRINCIPAL ARTERIAL - OTHER - NEW HPMS,1,Rural
950488,1,Complete,950488,950488,41.319106,-72.899028,3447628,New Haven,93,93,New Haven,7/8/2022,2022,7,July,8,6,Friday,15:11:00,15,22022679,A,"Injury of any type (Serious, Minor, Possible)",C,Possible Injury (C),1,1,0,2,USRoute,0.34,5,5-N,5-N,,MAY ST,100,Feet,S,41.319106,-72.899028,9,Pedestrian,88,Not Applicable,1,On Roadway,1,Clear,88,Not Applicable,1,Daylight,1,Dry,99,Unknown,88,Not Applicable,88,Not Applicable,0,None,88,Not Applicable,88,Not Applicable,1,Non-Junction,1,Not at Intersection,1,No,1,No,88,Not Applicable,88,Not Applicable,88,Not Applicable,88,Not Applicable,FALSE,1,Public Road,1,"Trafficway, On Road",CT0009300,New Haven PD,42052,24:58.0,C,Closed,01:20.0,,2,19000,4,MINOR ARTERIAL - NEW HPMS,2,Urban
950494,1,Complete,950494,950494,41.32473,-72.91041,3447634,New Haven,93,93,New Haven,7/9/2022,2022,7,July,9,7,Saturday,7:43:00,7,22022756,A,"Injury of any type (Serious, Minor, Possible)",C,Possible Injury (C),2,0,0,4,Local,0,116,COLD SPRING ST,COLD SPRING ST,MITCHELL DR,,,,,41.32473,-72.91041,14,Motor Vehicle in Operation,4,"Sideswipe, same direction",1,On Roadway,1,Clear,88,Not Applicable,1,Daylight,1,Dry,0,None,88,Not Applicable,88,Not Applicable,0,None,88,Not Applicable,88,Not Applicable,2,Intersection,2,Four-Way Intersection,1,No,1,No,88,Not Applicable,88,Not Applicable,88,Not Applicable,88,Not Applicable,TRUE,1,Public Road,1,"Trafficway, On Road",CT0009300,New Haven PD,42052,13:26.0,O,Open,01:27.0,,,,,,,
950508,1,Complete,950508,950508,41.32198,-72.87706,3447648,New Haven,93,93,New Haven,7/10/2022,2022,7,July,10,1,Sunday,0:57:00,0,22022853,A,"Injury of any type (Serious, Minor, Possible)",C,Possible Injury (C),2,0,0,3,State,0.26,80,80-E,80-E,,QUINNIPIAC AVE,500,Feet,E,41.32198,-72.87706,14,Motor Vehicle in Operation,4,"Sideswipe, same direction",1,On Roadway,1,Clear,88,Not Applicable,4,Dark-Lighted,1,Dry,0,None,88,Not Applicable,88,Not Applicable,0,None,88,Not Applicable,88,Not Applicable,1,Non-Junction,1,Not at Intersection,1,No,1,No,88,Not Applicable,88,Not Applicable,88,Not Applicable,88,Not Applicable,FALSE,1,Public Road,1,"Trafficway, On Road",CT0009300,New Haven PD,432,25:03.0,C,Closed,01:36.0,,3,32300,3,PRINCIPAL ARTERIAL - OTHER - NEW HPMS,2,Urban
950513,1,Complete,950513,950513,41.33215,-72.93341,3447653,New Haven,93,93,New Haven,7/10/2022,2022,7,July,10,1,Sunday,17:56:00,17,22022931,A,"Injury of any type (Serious, Minor, Possible)",C,Possible Injury (C),2,0,0,4,Local,0.3,42,BASSETT ST,BASSETT ST,,WATSON ST,50,Feet,E,41.33215,-72.93341,14,Motor Vehicle in Operation,3,Angle,2,Shoulder,1,Clear,88,Not Applicable,1,Daylight,1,Dry,0,None,88,Not Applicable,88,Not Applicable,0,None,88,Not Applicable,88,Not Applicable,1,Non-Junction,1,Not at Intersection,1,No,1,No,88,Not Applicable,88,Not Applicable,88,Not Applicable,88,Not Applicable,FALSE,1,Public Road,1,"Trafficway, On Road",CT0009300,New Haven PD,40801,44:43.0,C,Closed,01:38.0,,,,,,,
951103,1,Complete,951103,951103,41.28046,-72.89501,3448243,New Haven,93,93,New Haven,7/8/2022,2022,7,July,8,6,Friday,0:44:00,0,22022624,A,"Injury of any type (Serious, Minor, Possible)",B,Suspected Minor Injury (B),2,0,0,3,State,0.65,337,337-E,337-E,UPSON TER,,,,,41.28046,-72.89501,14,Motor Vehicle in Operation,3,Angle,1,On Roadway,1,Clear,88,Not Applicable,5,Dark-Not Lighted,1,Dry,0,None,88,Not Applicable,88,Not Applicable,0,None,88,Not Applicable,88,Not Applicable,2,Intersection,2,Four-Way Intersection,1,No,1,No,88,Not Applicable,88,Not Applicable,88,Not Applicable,88,Not Applicable,FALSE,1,Public Road,1,"Trafficway, On Road",CT0009300,New Haven PD,42367,30:46.0,C,Closed,01:21.0,,1,9200,4,MINOR ARTERIAL - NEW HPMS,1,Rural
951104,1,Complete,951104,951104,41.304276,-72.921376,3448244,New Haven,93,93,New Haven,7/8/2022,2022,7,July,8,6,Friday,18:49:00,18,22022700,A,"Injury of any type (Serious, Minor, Possible)",C,Possible Injury (C),2,0,0,4,Local,1.51,97,CHAPEL ST,CHAPEL ST,,Union St,50,Feet,E,41.304276,-72.921376,14,Motor Vehicle in Operation,1,Front to rear,1,On Roadway,1,Clear,88,Not Applicable,1,Daylight,1,Dry,0,None,88,Not Applicable,88,Not Applicable,0,None,88,Not Applicable,88,Not Applicable,2,Intersection,3,T-Intersection,1,No,1,No,88,Not Applicable,88,Not Applicable,88,Not Applicable,88,Not Applicable,FALSE,1,Public Road,1,"Trafficway, On Road",CT0009300,New Haven PD,91,26:20.0,C,Closed,01:24.0,,,,,,,
951110,1,Complete,951110,951110,41.328508,-72.921748,3448250,New Haven,93,93,New Haven,7/11/2022,2022,7,July,11,2,Monday,16:53:00,16,22023023,A,"Injury of any type (Serious, Minor, Possible)",C,Possible Injury (C),2,0,0,4,Local,0.25,292,HIGHLAND ST,HIGHLAND ST,,Prospect St ,40,,E,41.328508,-72.921748,14,Motor Vehicle in Operation,1,Front to rear,1,On Roadway,1,Clear,88,Not Applicable,1,Daylight,1,Dry,0,None,88,Not Applicable,88,Not Applicable,0,None,88,Not Applicable,88,Not Applicable,3,Intersection-Related,2,Four-Way Intersection,1,No,1,No,88,Not Applicable,88,Not Applicable,88,Not Applicable,88,Not Applicable,TRUE,1,Public Road,1,"Trafficway, On Road",CT0009300,New Haven PD,30,12:41.0,C,Closed,01:29.0,NONE,,,,,,
951111,1,Complete,951111,951111,41.31939,-72.90509,3448251,New Haven,93,93,New Haven,7/11/2022,2022,7,July,11,2,Monday,17:33:00,17,22023038,A,"Injury of any type (Serious, Minor, Possible)",B,Suspected Minor Injury (B),3,0,0,1,Interstate,0,91,91-S-139,91-S-139,WILLOW ST,,,,,41.31939,-72.90509,14,Motor Vehicle in Operation,1,Front to rear,1,On Roadway,1,Clear,88,Not Applicable,1,Daylight,1,Dry,0,None,88,Not Applicable,88,Not Applicable,0,None,88,Not Applicable,88,Not Applicable,3,Intersection-Related,3,T-Intersection,1,No,1,No,88,Not Applicable,88,Not Applicable,88,Not Applicable,88,Not Applicable,TRUE,1,Public Road,1,"Trafficway, On Road",CT0009300,New Haven PD,30,56:43.0,C,Closed,01:26.0,NONE,2,28800,1,INTERSTATE - NEW HPMS,2,Urban
951112,1,Complete,951112,951112,41.325579,-72.952648,3448252,New Haven,93,93,New Haven,7/11/2022,2022,7,July,11,2,Monday,17:29:00,17,22023041,A,"Injury of any type (Serious, Minor, Possible)",C,Possible Injury (C),2,0,1,4,Local,0.41,56,BLAKE ST,BLAKE ST,,DIAMOND ST,10,Feet,E,41.325579,-72.952648,14,Motor Vehicle in Operation,3,Angle,1,On Roadway,1,Clear,88,Not Applicable,1,Daylight,1,Dry,0,None,88,Not Applicable,88,Not Applicable,0,None,88,Not Applicable,88,Not Applicable,11,Through Roadway,1,Not at Intersection,1,No,1,No,88,Not Applicable,88,Not Applicable,88,Not Applicable,88,Not Applicable,FALSE,1,Public Road,1,"Trafficway, On Road",CT0009300,New Haven PD,40793,06:04.0,O,Open,01:29.0,,,,,,,
951115,1,Complete,951115,951115,41.31974,-72.95015,3448255,New Haven,93,93,New Haven,7/11/2022,2022,7,July,11,2,Monday,19:44:00,19,22023057,A,"Injury of any type (Serious, Minor, Possible)",A,Suspected Serious Injury (A),2,0,0,3,State,3.11,10,10-N,10-N,BROWNELL ST,,,,,41.31974,-72.95015,14,Motor Vehicle in Operation,3,Angle,1,On Roadway,1,Clear,88,Not Applicable,1,Daylight,1,Dry,0,None,88,Not Applicable,88,Not Applicable,0,None,88,Not Applicable,88,Not Applicable,2,Intersection,5,L-Intersection,1,No,1,No,88,Not Applicable,88,Not Applicable,88,Not Applicable,88,Not Applicable,FALSE,1,Public Road,1,"Trafficway, On Road",CT0009300,New Haven PD,42367,32:23.0,C,Closed,01:31.0,,2,19900,3,PRINCIPAL ARTERIAL - OTHER - NEW HPMS,1,Rural
951480,1,Complete,951480,951480,41.29209,-72.92169,3448620,New Haven,93,93,New Haven,7/10/2022,2022,7,July,10,1,Sunday,4:08:00,4,22022871,A,"Injury of any type (Serious, Minor, Possible)",C,Possible Injury (C),2,0,0,4,Local,0.63,359,SARGENT DR,SARGENT DR,CHURCH ST SOUTH NO 2,,,,,41.29209,-72.92169,14,Motor Vehicle in Operation,3,Angle,1,On Roadway,1,Clear,88,Not Applicable,4,Dark-Lighted,1,Dry,0,None,88,Not Applicable,88,Not Applicable,0,None,88,Not Applicable,88,Not Applicable,2,Intersection,2,Four-Way Intersection,1,No,1,No,88,Not Applicable,88,Not Applicable,88,Not Applicable,88,Not Applicable,FALSE,1,Public Road,1,"Trafficway, On Road",CT0009300,New Haven PD,193,34:32.0,C,Closed,00:19.0,,,,,,,
951483,1,Complete,951483,951483,41.29613,-72.93948,3448623,New Haven,93,93,New Haven,7/11/2022,2022,7,July,11,2,Monday,20:02:00,20,22023065,A,"Injury of any type (Serious, Minor, Possible)",C,Possible Injury (C),2,0,0,4,Local,0.32,237,FRANK ST,FRANK ST,WEST ST,,,,,41.29613,-72.93948,14,Motor Vehicle in Operation,3,Angle,1,On Roadway,1,Clear,88,Not Applicable,3,Dusk,1,Dry,0,None,88,Not Applicable,88,Not Applicable,0,None,88,Not Applicable,88,Not Applicable,2,Intersection,2,Four-Way Intersection,1,No,1,No,88,Not Applicable,88,Not Applicable,88,Not Applicable,88,Not Applicable,FALSE,1,Public Road,1,"Trafficway, On Road",CT0009300,New Haven PD,91,27:02.0,C,Closed,00:14.0,,,,,,,
951486,1,Complete,951486,951486,41.31292,-72.93252,3448626,New Haven,93,93,New Haven,7/12/2022,2022,7,July,12,3,Tuesday,10:24:00,10,22023115,A,"Injury of any type (Serious, Minor, Possible)",C,Possible Injury (C),2,0,0,4,Local,0.93,653,WHALLEY AV,WHALLEY AV,TOWER PKWY,,,,,41.31292,-72.93252,14,Motor Vehicle in Operation,1,Front to rear,1,On Roadway,1,Clear,88,Not Applicable,1,Daylight,1,Dry,0,None,88,Not Applicable,88,Not Applicable,0,None,88,Not Applicable,88,Not Applicable,2,Intersection,4,Y-Intersection,1,No,1,No,88,Not Applicable,88,Not Applicable,88,Not Applicable,88,Not Applicable,FALSE,88,Not Applicable,1,"Trafficway, On Road",CT0009300,New Haven PD,11439,12:47.0,C,Closed,00:23.0,,,,,,,
951488,1,Complete,951488,951488,41.3162,-72.88972,3448628,New Haven,93,93,New Haven,7/12/2022,2022,7,July,12,3,Tuesday,16:01:00,16,22023151,A,"Injury of any type (Serious, Minor, Possible)",C,Possible Injury (C),2,0,0,4,Local,0.76,379,LOMBARD ST,LOMBARD ST,,DOWNING ST,20,Feet,W,41.3162,-72.88972,14,Motor Vehicle in Operation,4,"Sideswipe, same direction",1,On Roadway,1,Clear,88,Not Applicable,1,Daylight,1,Dry,0,None,88,Not Applicable,88,Not Applicable,0,None,88,Not Applicable,88,Not Applicable,11,Through Roadway,1,Not at Intersection,1,No,1,No,88,Not Applicable,88,Not Applicable,88,Not Applicable,88,Not Applicable,TRUE,1,Public Road,1,"Trafficway, On Road",CT0009300,New Haven PD,150,05:05.0,C,Closed,00:18.0,,,,,,,
951771,1,Complete,951771,951771,41.3015,-72.9271,3448911,New Haven,93,93,New Haven,7/10/2022,2022,7,July,10,1,Sunday,1:48:00,1,22022854,A,"Injury of any type (Serious, Minor, Possible)",C,Possible Injury (C),2,0,0,4,Local,0.36,564,SOUTH FRONTAGE RD,SOUTH FRONTAGE RD,,S ORANGE ST,100,Feet,W,41.3015,-72.9271,14,Motor Vehicle in Operation,1,Front to rear,1,On Roadway,1,Clear,88,Not Applicable,4,Dark-Lighted,1,Dry,0,None,88,Not Applicable,88,Not Applicable,0,None,88,Not Applicable,88,Not Applicable,1,Non-Junction,1,Not at Intersection,1,No,1,No,88,Not Applicable,88,Not Applicable,88,Not Applicable,88,Not Applicable,FALSE,1,Public Road,1,"Trafficway, On Road",CT0009300,New Haven PD,40955,28:01.0,C,Closed,01:24.0,,,,,,,
951776,1,Complete,951776,951776,41.32791,-72.95963,3448916,New Haven,93,93,New Haven,7/13/2022,2022,7,July,13,4,Wednesday,9:32:00,9,22023237,A,"Injury of any type (Serious, Minor, Possible)",C,Possible Injury (C),4,0,0,4,Local,0.94,56,BLAKE ST,BLAKE ST,,VALLEY ST,50,Feet,E,41.32791,-72.95963,14,Motor Vehicle in Operation,1,Front to rear,1,On Roadway,1,Clear,88,Not Applicable,1,Daylight,1,Dry,0,None,88,Not Applicable,88,Not Applicable,0,None,88,Not Applicable,88,Not Applicable,3,Intersection-Related,3,T-Intersection,1,No,1,No,88,Not Applicable,88,Not Applicable,88,Not Applicable,88,Not Applicable,FALSE,1,Public Road,1,"Trafficway, On Road",CT0009300,New Haven PD,44068,46:12.0,C,Closed,01:26.0,,,,,,,
951780,1,Complete,951780,951780,41.307129,-72.924982,3448920,New Haven,93,93,New Haven,7/13/2022,2022,7,July,13,4,Wednesday,17:55:00,17,22023312,A,"Injury of any type (Serious, Minor, Possible)",C,Possible Injury (C),2,0,1,4,Local,0.25,103,CHURCH ST,CHURCH ST,,ELM ST,50,Feet,S,41.307129,-72.924982,14,Motor Vehicle in Operation,1,Front to rear,1,On Roadway,1,Clear,88,Not Applicable,1,Daylight,1,Dry,0,None,88,Not Applicable,88,Not Applicable,0,None,88,Not Applicable,88,Not Applicable,1,Non-Junction,1,Not at Intersection,1,No,1,No,88,Not Applicable,88,Not Applicable,88,Not Applicable,88,Not Applicable,TRUE,1,Public Road,1,"Trafficway, On Road",CT0009300,New Haven PD,221,21:46.0,C,Closed,01:29.0,,,,,,,
952050,1,Complete,952050,952050,41.29729,-72.89137,3449190,New Haven,93,93,New Haven,7/12/2022,2022,7,July,12,3,Tuesday,16:11:00,16,22023152,A,"Injury of any type (Serious, Minor, Possible)",C,Possible Injury (C),2,0,0,4,Local,0.01,242,FULTON ST,FULTON ST,,QUINNIPIAC AVE,75,Feet,W,41.29729,-72.89137,14,Motor Vehicle in Operation,97,Other,1,On Roadway,1,Clear,88,Not Applicable,1,Daylight,1,Dry,0,None,88,Not Applicable,88,Not Applicable,0,None,88,Not Applicable,88,Not Applicable,3,Intersection-Related,3,T-Intersection,1,No,1,No,88,Not Applicable,88,Not Applicable,88,Not Applicable,88,Not Applicable,FALSE,1,Public Road,1,"Trafficway, On Road",CT0009300,New Haven PD,43776,18:00.0,C,Closed,00:05.0,,,,,,,
952051,1,Complete,952051,952051,41.30435,-72.92848,3449191,New Haven,93,93,New Haven,7/13/2022,2022,7,July,13,4,Wednesday,14:25:00,14,22023269,A,"Injury of any type (Serious, Minor, Possible)",C,Possible Injury (C),1,1,2,4,Local,0.75,588,TEMPLE ST,TEMPLE ST,GEORGE ST,,,,,41.30435,-72.92848,9,Pedestrian,88,Not Applicable,1,On Roadway,1,Clear,88,Not Applicable,1,Daylight,1,Dry,0,None,88,Not Applicable,88,Not Applicable,0,None,88,Not Applicable,88,Not Applicable,3,Intersection-Related,2,Four-Way Intersection,1,No,1,No,88,Not Applicable,88,Not Applicable,88,Not Applicable,88,Not Applicable,FALSE,1,Public Road,1,"Trafficway, On Road",CT0009300,New Haven PD,106,59:37.0,C,Closed,00:08.0,,3,5200,3,PRINCIPAL ARTERIAL - OTHER - NEW HPMS,2,Urban