CrashId,Fatal Case Status,Fatal Case Status Text Format,CrashId,CrashId,Latitude,Longitude,DOT Case Number,Town Name,Town Number,Town Number,Town Number Text Format,Date Of Crash,Year,Month,Month Text Format,Day,Day of the Week,Day of the Week Text Format,Time of Crash,Hour of the Day,Case Identifier,Crash Severity,Crash Severity Text Format,Most Severe Injury,Most Severe Injury Text Format,Number Of Motor Vehicles,Number Of Non-Motorist,Number Of Witnesses,Route Class,Route Class Text Format,Milemarker,Road Number,Road Description,Roadway Name,Intersecting Roadway Name,Landmark Description,Distance From Nearest Landmark,Unit Of Measure From Nearest Landmark,Direction From Nearest Landmark,Latitude,Longitude,First Harmful Event,First Harmful Event Text Format,Manner of Crash / Collision Impact,Manner of Crash / Collision Impact Text Format,Location of First Harmful Event,Location of First Harmful Event Text Format,Weather Condition,Weather Condition Text Format,Weather 2,Weather 2 Text Format,Light Condition,Light Condition Text Format,Road Surface Condition,Road Surface Condition Text Format,"Contributing Circumstances, Environment","Contributing Circumstances, Environment Text Format",Environment 2,Environment 2 Text Format,Environment 3,Environment 3 Text Format,"Contributing Circumstances, Road","Contributing Circumstances, Road Text Format",Road 2,Road 2 Text Format,Road 3,Road 3 Text Format,Crash Specific Location,Crash Specific Location Text Format,Type of Intersection,Type of Intersection Text Format,School Bus Related,School Bus Related Text Format,Work Zone Related,Work Zone Related Text Format,Location Of Crash Relative To Work Zone,Location Of Crash Relative To Work Zone Text Format,Type of Work Zone,Type of Work Zone Text Format,Worker Presence,Worker Presence Text Format,Law Enforcement Presence,Law Enforcement Presence Text Format,Were Vehicles Moved Prior To Police Arrival,Trafficway Ownership,Trafficway Ownership Text Format,Trafficway Class,Trafficway Class Text Format,Police Agency,Police Agency Text Format,Badge Number,Approval Date,Police Case Status,Police Case Status Text Format,Crash Report Submission Date,Related Case Identifiers,No. of Through Lanes (Log Dir.),Average Daily Traffic,Functional Classification,Functional Classification Text Format,Rural or Urban,Rural or Urban Text Format
952053,1,Complete,952053,952053,41.3229,-72.88655,3449193,New Haven,93,93,New Haven,7/13/2022,2022,7,July,13,4,Wednesday,18:28:00,18,22023335,A,"Injury of any type (Serious, Minor, Possible)",A,Suspected Serious Injury (A),2,0,1,4,Local,0.08,411,MIDDLETOWN AV,MIDDLETOWN AV,,FOXON BLVD,0.3,TenthsofMile,W,41.3229,-72.88655,14,Motor Vehicle in Operation,2,Front to front,1,On Roadway,1,Clear,88,Not Applicable,1,Daylight,1,Dry,0,None,88,Not Applicable,88,Not Applicable,0,None,88,Not Applicable,88,Not Applicable,1,Non-Junction,1,Not at Intersection,1,No,1,No,88,Not Applicable,88,Not Applicable,88,Not Applicable,88,Not Applicable,FALSE,1,Public Road,1,"Trafficway, On Road",CT0009300,New Haven PD,43776,01:36.0,C,Closed,00:06.0,,,,,,,
952055,1,Complete,952055,952055,41.29094,-72.94135,3449195,New Haven,93,93,New Haven,7/14/2022,2022,7,July,14,5,Thursday,12:43:00,12,22023400,A,"Injury of any type (Serious, Minor, Possible)",C,Possible Injury (C),2,0,0,3,State,0.88,10,10-N,10-N,WASHINGTON AV NO 1,,,,,41.29094,-72.94135,14,Motor Vehicle in Operation,3,Angle,1,On Roadway,1,Clear,88,Not Applicable,1,Daylight,1,Dry,0,None,88,Not Applicable,88,Not Applicable,0,None,88,Not Applicable,88,Not Applicable,2,Intersection,2,Four-Way Intersection,1,No,1,No,88,Not Applicable,88,Not Applicable,88,Not Applicable,88,Not Applicable,FALSE,1,Public Road,1,"Trafficway, On Road",CT0009300,New Haven PD,137,55:59.0,C,Closed,00:09.0,,2,18000,3,PRINCIPAL ARTERIAL - OTHER - NEW HPMS,2,Urban
952453,1,Complete,952453,952453,41.28262,-72.93801,3449593,New Haven,93,93,New Haven,7/6/2022,2022,7,July,6,4,Wednesday,15:14:00,15,22022469,A,"Injury of any type (Serious, Minor, Possible)",C,Possible Injury (C),2,0,0,3,State,0,10,10-N,10-N,745-E,,,,,41.28262,-72.93801,14,Motor Vehicle in Operation,3,Angle,1,On Roadway,1,Clear,88,Not Applicable,1,Daylight,1,Dry,0,None,88,Not Applicable,88,Not Applicable,0,None,88,Not Applicable,88,Not Applicable,2,Intersection,3,T-Intersection,1,No,1,No,88,Not Applicable,88,Not Applicable,88,Not Applicable,88,Not Applicable,FALSE,1,Public Road,1,"Trafficway, On Road",CT0009300,New Haven PD,223,51:08.0,C,Closed,01:20.0,,2,15100,3,PRINCIPAL ARTERIAL - OTHER - NEW HPMS,1,Rural
952466,1,Complete,952466,952466,41.27517,-72.89975,3449606,New Haven,93,93,New Haven,7/15/2022,2022,7,July,15,6,Friday,15:15:00,15,22023567,A,"Injury of any type (Serious, Minor, Possible)",B,Suspected Minor Injury (B),1,0,1,4,Local,0.37,678,WOODWARD AV,WOODWARD AV,,HERVEY ST,200,Feet,W,41.27517,-72.89975,31,Other Traffic Barrier,88,Not Applicable,8,"Off Roadway,  Location Unknown",1,Clear,88,Not Applicable,1,Daylight,1,Dry,0,None,88,Not Applicable,88,Not Applicable,0,None,88,Not Applicable,88,Not Applicable,1,Non-Junction,1,Not at Intersection,1,No,1,No,88,Not Applicable,88,Not Applicable,88,Not Applicable,88,Not Applicable,TRUE,2,Private Road,4,Parking Lot,CT0009300,New Haven PD,43776,48:49.0,C,Closed,01:23.0,,,,,,,
952467,1,Complete,952467,952467,41.314988,-72.951068,3449607,New Haven,93,93,New Haven,7/15/2022,2022,7,July,15,6,Friday,15:30:00,15,22023568,A,"Injury of any type (Serious, Minor, Possible)",B,Suspected Minor Injury (B),2,0,0,3,State,2.74,10,10-N,10-N,EDGEWOOD AV,,,,,41.314988,-72.951068,14,Motor Vehicle in Operation,3,Angle,1,On Roadway,1,Clear,88,Not Applicable,1,Daylight,1,Dry,0,None,88,Not Applicable,88,Not Applicable,0,None,88,Not Applicable,88,Not Applicable,2,Intersection,2,Four-Way Intersection,1,No,1,No,88,Not Applicable,88,Not Applicable,88,Not Applicable,88,Not Applicable,FALSE,1,Public Road,1,"Trafficway, On Road",CT0009300,New Haven PD,313,42:42.0,C,Closed,01:18.0,,1,16900,3,PRINCIPAL ARTERIAL - OTHER - NEW HPMS,1,Rural
952470,1,Complete,952470,952470,41.31599,-72.89722,3449610,New Haven,93,93,New Haven,7/15/2022,2022,7,July,15,6,Friday,16:40:00,16,22023575,A,"Injury of any type (Serious, Minor, Possible)",C,Possible Injury (C),2,0,0,4,Local,0.25,213,FERRY ST,FERRY ST,PECK ST NO 2,,,,,41.31599,-72.89722,14,Motor Vehicle in Operation,1,Front to rear,1,On Roadway,1,Clear,88,Not Applicable,1,Daylight,1,Dry,0,None,88,Not Applicable,88,Not Applicable,0,None,88,Not Applicable,88,Not Applicable,2,Intersection,2,Four-Way Intersection,1,No,1,No,88,Not Applicable,88,Not Applicable,88,Not Applicable,88,Not Applicable,FALSE,1,Public Road,1,"Trafficway, On Road",CT0009300,New Haven PD,36335,01:16.0,C,Closed,01:20.0,,,,,,,
952471,1,Complete,952471,952471,41.32971,-72.98274,3449611,New Haven,93,93,New Haven,7/15/2022,2022,7,July,15,6,Friday,16:34:00,16,22023577,A,"Injury of any type (Serious, Minor, Possible)",C,Possible Injury (C),2,0,0,3,State,5.43,243,243-E,243-E,FOUNTAIN TER,,,,,41.32971,-72.98274,14,Motor Vehicle in Operation,1,Front to rear,1,On Roadway,1,Clear,88,Not Applicable,1,Daylight,1,Dry,0,None,88,Not Applicable,88,Not Applicable,0,None,88,Not Applicable,88,Not Applicable,3,Intersection-Related,3,T-Intersection,1,No,1,No,88,Not Applicable,88,Not Applicable,88,Not Applicable,88,Not Applicable,TRUE,1,Public Road,1,"Trafficway, On Road",CT0009300,New Haven PD,402,39:28.0,C,Closed,01:19.0,,1,8300,4,MINOR ARTERIAL - NEW HPMS,1,Rural
952479,1,Complete,952479,952479,41.28417,-72.89639,3449619,New Haven,93,93,New Haven,7/15/2022,2022,7,July,15,6,Friday,23:13:00,23,22023621,A,"Injury of any type (Serious, Minor, Possible)",B,Suspected Minor Injury (B),1,0,0,4,Local,1.02,678,WOODWARD AV,WOODWARD AV,,MAIN ST ANX,2000,Feet,S,41.28417,-72.89639,32,Tree (standing),88,Not Applicable,4,Roadside,1,Clear,88,Not Applicable,5,Dark-Not Lighted,1,Dry,0,None,88,Not Applicable,88,Not Applicable,0,None,88,Not Applicable,88,Not Applicable,1,Non-Junction,1,Not at Intersection,1,No,1,No,88,Not Applicable,88,Not Applicable,88,Not Applicable,88,Not Applicable,FALSE,1,Public Road,1,"Trafficway, On Road",CT0009300,New Haven PD,42367,39:53.0,C,Closed,01:24.0,,2,6700,7,LOCAL - NEW HPMS,2,Urban
952480,1,Complete,952480,952480,41.30257,-72.92809,3449620,New Haven,93,93,New Haven,7/15/2022,2022,7,July,15,6,Friday,22:00:00,22,22023642,A,"Injury of any type (Serious, Minor, Possible)",C,Possible Injury (C),2,0,0,4,Local,0.19,809,REV DR MLK JR BLVD,REV DR MLK JR BLVD,CHURCH ST SOUTH NO 1,,,,,41.30257,-72.92809,14,Motor Vehicle in Operation,1,Front to rear,1,On Roadway,1,Clear,88,Not Applicable,4,Dark-Lighted,1,Dry,99,Unknown,88,Not Applicable,88,Not Applicable,99,Unknown,88,Not Applicable,88,Not Applicable,2,Intersection,2,Four-Way Intersection,1,No,1,No,88,Not Applicable,88,Not Applicable,88,Not Applicable,88,Not Applicable,FALSE,1,Public Road,1,"Trafficway, On Road",CT0009300,New Haven PD,137,15:03.0,C,Closed,01:27.0,,,,,,,
952485,1,Complete,952485,952485,41.32177,-72.87343,3449625,New Haven,93,93,New Haven,7/16/2022,2022,7,July,16,7,Saturday,15:35:00,15,22023678,A,"Injury of any type (Serious, Minor, Possible)",C,Possible Injury (C),2,0,0,3,State,0.07,103,103-N,103-N,BARNES AV,,,,,41.32177,-72.87343,14,Motor Vehicle in Operation,4,"Sideswipe, same direction",1,On Roadway,2,Cloudy,88,Not Applicable,1,Daylight,2,Wet,0,None,88,Not Applicable,88,Not Applicable,0,None,88,Not Applicable,88,Not Applicable,2,Intersection,3,T-Intersection,1,No,1,No,88,Not Applicable,88,Not Applicable,88,Not Applicable,88,Not Applicable,TRUE,1,Public Road,1,"Trafficway, On Road",CT0009300,New Haven PD,201,20:46.0,O,Open,01:31.0,,1,9100,4,MINOR ARTERIAL - NEW HPMS,1,Rural
952491,1,Complete,952491,952491,41.30788,-72.89918,3449631,New Haven,93,93,New Haven,7/17/2022,2022,7,July,17,1,Sunday,16:52:00,16,22023791,A,"Injury of any type (Serious, Minor, Possible)",C,Possible Injury (C),2,0,0,4,Local,0.33,57,BLATCHLEY AV,BLATCHLEY AV,WOOLSEY ST,,,,,41.30788,-72.89918,14,Motor Vehicle in Operation,3,Angle,1,On Roadway,1,Clear,88,Not Applicable,1,Daylight,1,Dry,0,None,88,Not Applicable,88,Not Applicable,0,None,88,Not Applicable,88,Not Applicable,2,Intersection,2,Four-Way Intersection,1,No,1,No,88,Not Applicable,88,Not Applicable,88,Not Applicable,88,Not Applicable,FALSE,1,Public Road,1,"Trafficway, On Road",CT0009300,New Haven PD,33016,14:32.0,C,Closed,01:37.0,,,,,,,
952495,1,Complete,952495,952495,41.28645,-72.93618,3449635,New Haven,93,93,New Haven,7/17/2022,2022,7,July,17,1,Sunday,20:22:00,20,22023816,A,"Injury of any type (Serious, Minor, Possible)",C,Possible Injury (C),2,0,0,3,State,0.46,10,10-N,10-N,745-E,,,,,41.28645,-72.93618,14,Motor Vehicle in Operation,3,Angle,1,On Roadway,1,Clear,88,Not Applicable,1,Daylight,1,Dry,99,Unknown,88,Not Applicable,88,Not Applicable,99,Unknown,88,Not Applicable,88,Not Applicable,2,Intersection,2,Four-Way Intersection,1,No,1,No,88,Not Applicable,88,Not Applicable,88,Not Applicable,88,Not Applicable,TRUE,1,Public Road,1,"Trafficway, On Road",CT0009300,New Haven PD,40947,40:22.0,C,Closed,01:36.0,,2,18600,3,PRINCIPAL ARTERIAL - OTHER - NEW HPMS,2,Urban
953079,1,Complete,953079,953079,41.289961,-72.892393,3450219,New Haven,93,93,New Haven,7/8/2022,2022,7,July,8,6,Friday,15:11:00,15,22022675,A,"Injury of any type (Serious, Minor, Possible)",C,Possible Injury (C),2,0,0,4,Local,0.23,597,TOWNSEND AV,TOWNSEND AV,FORBES AVE,,,,,41.289961,-72.892393,14,Motor Vehicle in Operation,1,Front to rear,1,On Roadway,1,Clear,88,Not Applicable,1,Daylight,1,Dry,0,None,88,Not Applicable,88,Not Applicable,0,None,88,Not Applicable,88,Not Applicable,3,Intersection-Related,2,Four-Way Intersection,1,No,1,No,88,Not Applicable,88,Not Applicable,88,Not Applicable,88,Not Applicable,FALSE,1,Public Road,1,"Trafficway, On Road",CT0009300,New Haven PD,193,03:29.0,C,Closed,01:51.0,,,,,,,
953080,1,Complete,953080,953080,41.308405,-72.904199,3450220,New Haven,93,93,New Haven,7/15/2022,2022,7,July,15,6,Friday,13:33:00,13,22023560,A,"Injury of any type (Serious, Minor, Possible)",C,Possible Injury (C),2,0,0,4,Local,0.97,264,GRAND AV,GRAND AV,HAVEN ST,,,,,41.308405,-72.904199,14,Motor Vehicle in Operation,1,Front to rear,1,On Roadway,1,Clear,88,Not Applicable,1,Daylight,1,Dry,0,None,88,Not Applicable,88,Not Applicable,0,None,88,Not Applicable,88,Not Applicable,3,Intersection-Related,2,Four-Way Intersection,1,No,1,No,88,Not Applicable,88,Not Applicable,88,Not Applicable,88,Not Applicable,TRUE,1,Public Road,1,"Trafficway, On Road",CT0009300,New Haven PD,86,13:02.0,C,Closed,01:46.0,,,,,,,
953082,1,Complete,953082,953082,41.33055,-72.97209,3450222,New Haven,93,93,New Haven,7/17/2022,2022,7,July,17,1,Sunday,2:12:00,2,22023735,A,"Injury of any type (Serious, Minor, Possible)",A,Suspected Serious Injury (A),2,0,1,3,State,0.92,63,63-N,63-N,,W PROSPECT ST,20,Feet,W,41.33055,-72.97209,14,Motor Vehicle in Operation,99,Unknown,1,On Roadway,1,Clear,88,Not Applicable,99,Unknown,1,Dry,99,Unknown,88,Not Applicable,88,Not Applicable,99,Unknown,88,Not Applicable,88,Not Applicable,99,Unknown,1,Not at Intersection,1,No,1,No,88,Not Applicable,88,Not Applicable,88,Not Applicable,88,Not Applicable,FALSE,1,Public Road,1,"Trafficway, On Road",CT0009300,New Haven PD,43689,07:24.0,O,Open,01:44.0,,2,23000,3,PRINCIPAL ARTERIAL - OTHER - NEW HPMS,2,Urban
953084,1,Complete,953084,953084,41.32872,-72.97841,3450224,New Haven,93,93,New Haven,7/17/2022,2022,7,July,17,1,Sunday,4:30:00,4,22023739,A,"Injury of any type (Serious, Minor, Possible)",C,Possible Injury (C),3,0,0,3,State,5.66,243,243-E,243-E,LOWIN AV,,,,,41.32872,-72.97841,14,Motor Vehicle in Operation,1,Front to rear,1,On Roadway,1,Clear,88,Not Applicable,4,Dark-Lighted,1,Dry,0,None,88,Not Applicable,88,Not Applicable,0,None,88,Not Applicable,88,Not Applicable,2,Intersection,3,T-Intersection,1,No,1,No,88,Not Applicable,88,Not Applicable,88,Not Applicable,88,Not Applicable,FALSE,1,Public Road,1,"Trafficway, On Road",CT0009300,New Haven PD,42370,30:50.0,C,Closed,01:42.0,,1,9800,4,MINOR ARTERIAL - NEW HPMS,1,Rural
953087,1,Complete,953087,953087,41.287639,-72.890444,3450227,New Haven,93,93,New Haven,7/17/2022,2022,7,July,17,1,Sunday,21:02:00,21,22023794,A,"Injury of any type (Serious, Minor, Possible)",B,Suspected Minor Injury (B),1,1,0,4,Local,0.35,295,HILLSIDE AV,HILLSIDE AV,,MAIN ST ANNX,100,Feet,S,41.287639,-72.890444,9,Pedestrian,88,Not Applicable,1,On Roadway,1,Clear,88,Not Applicable,1,Daylight,1,Dry,0,None,88,Not Applicable,88,Not Applicable,0,None,88,Not Applicable,88,Not Applicable,1,Non-Junction,1,Not at Intersection,1,No,1,No,88,Not Applicable,88,Not Applicable,88,Not Applicable,88,Not Applicable,FALSE,1,Public Road,1,"Trafficway, On Road",CT0009300,New Haven PD,42049,03:28.0,C,Closed,01:44.0,,2,1811,7,LOCAL - NEW HPMS,2,Urban
953088,1,Complete,953088,953088,41.305197,-72.887997,3450228,New Haven,93,93,New Haven,7/17/2022,2022,7,July,17,1,Sunday,19:21:00,19,22023807,A,"Injury of any type (Serious, Minor, Possible)",C,Possible Injury (C),1,0,0,4,Local,0.9,498,QUINNIPIAC AV,QUINNIPIAC AV,,ANER ST,100,Feet,S,41.305197,-72.887997,33,Utility Pole/Light Support,88,Not Applicable,1,On Roadway,1,Clear,88,Not Applicable,1,Daylight,1,Dry,0,None,88,Not Applicable,88,Not Applicable,0,None,88,Not Applicable,88,Not Applicable,1,Non-Junction,1,Not at Intersection,1,No,1,No,88,Not Applicable,88,Not Applicable,88,Not Applicable,88,Not Applicable,FALSE,1,Public Road,1,"Trafficway, On Road",CT0009300,New Haven PD,430,18:54.0,O,Open,01:46.0,,2,6400,4,MINOR ARTERIAL - NEW HPMS,2,Urban
953092,1,Complete,953092,953092,41.32067,-72.87341,3450232,New Haven,93,93,New Haven,7/17/2022,2022,7,July,17,1,Sunday,21:46:00,21,22023836,A,"Injury of any type (Serious, Minor, Possible)",C,Possible Injury (C),2,0,0,3,State,0.48,80,80-E,80-E,,QUINNIPIAC AVE,200,Feet,E,41.32067,-72.87341,14,Motor Vehicle in Operation,4,"Sideswipe, same direction",1,On Roadway,1,Clear,88,Not Applicable,4,Dark-Lighted,1,Dry,99,Unknown,88,Not Applicable,88,Not Applicable,0,None,88,Not Applicable,88,Not Applicable,1,Non-Junction,1,Not at Intersection,1,No,1,No,88,Not Applicable,88,Not Applicable,88,Not Applicable,88,Not Applicable,FALSE,1,Public Road,1,"Trafficway, On Road",CT0009300,New Haven PD,42369,04:24.0,O,Open,01:43.0,,2,32300,3,PRINCIPAL ARTERIAL - OTHER - NEW HPMS,2,Urban
953096,1,Complete,953096,953096,41.31183,-72.93115,3450236,New Haven,93,93,New Haven,7/18/2022,2022,7,July,18,2,Monday,14:04:00,14,22023894,A,"Injury of any type (Serious, Minor, Possible)",C,Possible Injury (C),2,0,0,4,Local,0.07,68,BROADWAY,BROADWAY,,TOWER PARKWAY,500,Feet,E,41.31183,-72.93115,14,Motor Vehicle in Operation,4,"Sideswipe, same direction",1,On Roadway,4,Rain,88,Not Applicable,1,Daylight,2,Wet,0,None,88,Not Applicable,88,Not Applicable,0,None,88,Not Applicable,88,Not Applicable,1,Non-Junction,1,Not at Intersection,1,No,1,No,88,Not Applicable,88,Not Applicable,88,Not Applicable,88,Not Applicable,FALSE,1,Public Road,1,"Trafficway, On Road",CT0009300,New Haven PD,11439,24:09.0,C,Closed,01:47.0,,,,,,,
953409,1,Complete,953409,953409,41.328404,-72.961746,3450549,New Haven,93,93,New Haven,7/18/2022,2022,7,July,18,2,Monday,23:14:00,23,22023942,A,"Injury of any type (Serious, Minor, Possible)",C,Possible Injury (C),1,0,0,3,State,0.34,63,63-N,63-N,,HARRISON ST,60,Feet,E,41.328404,-72.961746,32,Tree (standing),88,Not Applicable,1,On Roadway,4,Rain,88,Not Applicable,4,Dark-Lighted,2,Wet,1,Weather Conditions,88,Not Applicable,88,Not Applicable,0,None,88,Not Applicable,88,Not Applicable,1,Non-Junction,1,Not at Intersection,1,No,1,No,88,Not Applicable,88,Not Applicable,88,Not Applicable,88,Not Applicable,FALSE,1,Public Road,1,"Trafficway, On Road",CT0009300,New Haven PD,40956,32:56.0,C,Closed,01:23.0,,2,20300,3,PRINCIPAL ARTERIAL - OTHER - NEW HPMS,2,Urban
953725,1,Complete,953725,953725,41.30590821,-72.9468606,3450865,New Haven,93,93,New Haven,7/9/2022,2022,7,July,9,7,Saturday,21:48:00,21,22022837,A,"Injury of any type (Serious, Minor, Possible)",C,Possible Injury (C),2,0,0,4,Local,0.29,360,LEGION AV-RT 34,LEGION AV-RT 34,SHERMAN AV,,,,,41.30590821,-72.9468606,14,Motor Vehicle in Operation,3,Angle,1,On Roadway,1,Clear,88,Not Applicable,4,Dark-Lighted,1,Dry,0,None,88,Not Applicable,88,Not Applicable,0,None,88,Not Applicable,88,Not Applicable,2,Intersection,2,Four-Way Intersection,1,No,1,No,88,Not Applicable,88,Not Applicable,88,Not Applicable,88,Not Applicable,FALSE,1,Public Road,1,"Trafficway, On Road",CT0009300,New Haven PD,301,00:47.0,C,Closed,00:11.0,,,,,,,
953735,1,Complete,953735,953735,41.3110435,-72.8926689,3450875,New Haven,93,93,New Haven,7/20/2022,2022,7,July,20,4,Wednesday,9:54:00,9,22024129,A,"Injury of any type (Serious, Minor, Possible)",C,Possible Injury (C),2,0,1,4,Local,0.53,29,ATWATER ST,ATWATER ST,,ATWATER ST,500,Feet,S,41.3110435,-72.8926689,14,Motor Vehicle in Operation,4,"Sideswipe, same direction",1,On Roadway,1,Clear,88,Not Applicable,1,Daylight,1,Dry,0,None,88,Not Applicable,88,Not Applicable,0,None,88,Not Applicable,88,Not Applicable,1,Non-Junction,1,Not at Intersection,1,No,1,No,88,Not Applicable,88,Not Applicable,88,Not Applicable,88,Not Applicable,FALSE,1,Public Road,1,"Trafficway, On Road",CT0009300,New Haven PD,40807,26:55.0,O,Open,00:08.0,,,,,,,
953740,1,Complete,953740,953740,41.3205,-72.87171,3450880,New Haven,93,93,New Haven,7/20/2022,2022,7,July,20,4,Wednesday,17:36:00,17,22024170,A,"Injury of any type (Serious, Minor, Possible)",B,Suspected Minor Injury (B),2,0,0,4,Local,0.96,167,EASTERN ST,EASTERN ST,,FOXON BLVD,50,Feet,N,41.3205,-72.87171,14,Motor Vehicle in Operation,3,Angle,1,On Roadway,1,Clear,88,Not Applicable,1,Daylight,1,Dry,0,None,88,Not Applicable,88,Not Applicable,0,None,88,Not Applicable,88,Not Applicable,1,Non-Junction,1,Not at Intersection,1,No,1,No,88,Not Applicable,88,Not Applicable,88,Not Applicable,88,Not Applicable,FALSE,1,Public Road,1,"Trafficway, On Road",CT0009300,New Haven PD,43776,14:13.0,C,Closed,00:12.0,,,,,,,
958300,1,Complete,958300,958300,41.32832,-72.961691,3455440,New Haven,93,93,New Haven,7/7/2022,2022,7,July,7,5,Thursday,0:41:00,0,22022527,A,"Injury of any type (Serious, Minor, Possible)",A,Suspected Serious Injury (A),2,0,0,3,State,0.34,63,63-N,63-N,,HARRISON STREET,90,Feet,E,41.32832,-72.961691,14,Motor Vehicle in Operation,2,Front to front,1,On Roadway,1,Clear,88,Not Applicable,4,Dark-Lighted,2,Wet,0,None,88,Not Applicable,88,Not Applicable,0,None,88,Not Applicable,88,Not Applicable,1,Non-Junction,1,Not at Intersection,1,No,1,No,88,Not Applicable,88,Not Applicable,88,Not Applicable,88,Not Applicable,FALSE,1,Public Road,1,"Trafficway, On Road",CT0009300,New Haven PD,42051,46:36.0,C,Closed,47:11.0,2222527,1,20400,3,PRINCIPAL ARTERIAL - OTHER - NEW HPMS,1,Rural
958301,1,Complete,958301,958301,41.29254,-72.932784,3455441,New Haven,93,93,New Haven,7/9/2022,2022,7,July,9,7,Saturday,12:44:00,12,22022792,A,"Injury of any type (Serious, Minor, Possible)",C,Possible Injury (C),2,0,0,4,Local,0.98,308,HOWARD AV,HOWARD AV,,CASSIUS ST,75,Feet,N,41.29254,-72.932784,14,Motor Vehicle in Operation,4,"Sideswipe, same direction",1,On Roadway,1,Clear,88,Not Applicable,1,Daylight,1,Dry,0,None,88,Not Applicable,88,Not Applicable,0,None,88,Not Applicable,88,Not Applicable,1,Non-Junction,1,Not at Intersection,1,No,1,No,88,Not Applicable,88,Not Applicable,88,Not Applicable,88,Not Applicable,FALSE,1,Public Road,1,"Trafficway, On Road",CT0009300,New Haven PD,301,41:47.0,O,Open,47:15.0,,,,,,,
958302,1,Complete,958302,958302,41.29172,-72.94233,3455442,New Haven,93,93,New Haven,7/10/2022,2022,7,July,10,1,Sunday,3:25:00,3,22022870,A,"Injury of any type (Serious, Minor, Possible)",C,Possible Injury (C),2,0,1,3,State,1.02,10,10-N,10-N,TRUMAN ST,,,,,41.29172,-72.94233,14,Motor Vehicle in Operation,3,Angle,1,On Roadway,1,Clear,88,Not Applicable,4,Dark-Lighted,1,Dry,0,None,88,Not Applicable,88,Not Applicable,0,None,88,Not Applicable,88,Not Applicable,2,Intersection,3,T-Intersection,1,No,1,No,88,Not Applicable,88,Not Applicable,88,Not Applicable,88,Not Applicable,FALSE,1,Public Road,1,"Trafficway, On Road",CT0009300,New Haven PD,42370,32:45.0,C,Closed,47:07.0,,2,20300,3,PRINCIPAL ARTERIAL - OTHER - NEW HPMS,2,Urban
958304,1,Complete,958304,958304,41.31799,-72.94602,3455444,New Haven,93,93,New Haven,7/13/2022,2022,7,July,13,4,Wednesday,16:50:00,16,22023288,A,"Injury of any type (Serious, Minor, Possible)",C,Possible Injury (C),3,0,0,4,Local,0.17,653,WHALLEY AV,WHALLEY AV,NORTON ST,,,,,41.31799,-72.94602,14,Motor Vehicle in Operation,3,Angle,1,On Roadway,1,Clear,88,Not Applicable,1,Daylight,1,Dry,0,None,88,Not Applicable,88,Not Applicable,0,None,88,Not Applicable,88,Not Applicable,2,Intersection,2,Four-Way Intersection,1,No,1,No,88,Not Applicable,88,Not Applicable,88,Not Applicable,88,Not Applicable,TRUE,1,Public Road,1,"Trafficway, On Road",CT0009300,New Haven PD,36335,46:22.0,C,Closed,47:08.0,,,,,,,
958305,1,Complete,958305,958305,41.29027,-72.89412,3455445,New Haven,93,93,New Haven,7/26/2022,2022,7,July,26,3,Tuesday,17:34:00,17,22023302,A,"Injury of any type (Serious, Minor, Possible)",C,Possible Injury (C),2,0,0,2,USRoute,50.15,1,1-N,1-N,WOODWARD AV,,,,,41.29027,-72.89412,14,Motor Vehicle in Operation,3,Angle,1,On Roadway,1,Clear,88,Not Applicable,1,Daylight,1,Dry,0,None,88,Not Applicable,88,Not Applicable,0,None,88,Not Applicable,88,Not Applicable,2,Intersection,2,Four-Way Intersection,1,No,1,No,88,Not Applicable,88,Not Applicable,88,Not Applicable,88,Not Applicable,FALSE,1,Public Road,1,"Trafficway, On Road",CT0009300,New Haven PD,43776,30:49.0,C,Closed,48:02.0,,2,9400,3,PRINCIPAL ARTERIAL - OTHER - NEW HPMS,2,Urban
958309,1,Complete,958309,958309,41.3141,-72.93986,3455449,New Haven,93,93,New Haven,7/19/2022,2022,7,July,19,3,Tuesday,0:19:00,0,22023947,A,"Injury of any type (Serious, Minor, Possible)",C,Possible Injury (C),3,0,0,4,Local,0.9,453,ORCHARD ST,ORCHARD ST,ELM ST NO 1,,,,,41.3141,-72.93986,14,Motor Vehicle in Operation,3,Angle,1,On Roadway,1,Clear,88,Not Applicable,4,Dark-Lighted,2,Wet,0,None,88,Not Applicable,88,Not Applicable,0,None,88,Not Applicable,88,Not Applicable,2,Intersection,2,Four-Way Intersection,1,No,1,No,88,Not Applicable,88,Not Applicable,88,Not Applicable,88,Not Applicable,FALSE,1,Public Road,1,"Trafficway, On Road",CT0009300,New Haven PD,42370,15:01.0,C,Closed,47:09.0,,2,4200,4,MINOR ARTERIAL - NEW HPMS,2,Urban
958315,1,Complete,958315,958315,41.30976,-72.945221,3455455,New Haven,93,93,New Haven,7/21/2022,2022,7,July,21,5,Thursday,10:11:00,10,22024179,A,"Injury of any type (Serious, Minor, Possible)",B,Suspected Minor Injury (B),2,0,0,4,Local,0.26,248,GEORGE ST,GEORGE ST,SHERMAN AV,,,,,41.30976,-72.945221,14,Motor Vehicle in Operation,3,Angle,1,On Roadway,1,Clear,88,Not Applicable,1,Daylight,1,Dry,0,None,88,Not Applicable,88,Not Applicable,0,None,88,Not Applicable,88,Not Applicable,2,Intersection,2,Four-Way Intersection,1,No,1,No,88,Not Applicable,88,Not Applicable,88,Not Applicable,88,Not Applicable,FALSE,1,Public Road,1,"Trafficway, On Road",CT0009300,New Haven PD,42046,33:22.0,C,Closed,47:11.0,,,,,,,