CrashId,Fatal Case Status,Fatal Case Status Text Format,CrashId,CrashId,Latitude,Longitude,DOT Case Number,Town Name,Town Number,Town Number,Town Number Text Format,Date Of Crash,Year,Month,Month Text Format,Day,Day of the Week,Day of the Week Text Format,Time of Crash,Hour of the Day,Case Identifier,Crash Severity,Crash Severity Text Format,Most Severe Injury,Most Severe Injury Text Format,Number Of Motor Vehicles,Number Of Non-Motorist,Number Of Witnesses,Route Class,Route Class Text Format,Milemarker,Road Number,Road Description,Roadway Name,Intersecting Roadway Name,Landmark Description,Distance From Nearest Landmark,Unit Of Measure From Nearest Landmark,Direction From Nearest Landmark,Latitude,Longitude,First Harmful Event,First Harmful Event Text Format,Manner of Crash / Collision Impact,Manner of Crash / Collision Impact Text Format,Location of First Harmful Event,Location of First Harmful Event Text Format,Weather Condition,Weather Condition Text Format,Weather 2,Weather 2 Text Format,Light Condition,Light Condition Text Format,Road Surface Condition,Road Surface Condition Text Format,"Contributing Circumstances, Environment","Contributing Circumstances, Environment Text Format",Environment 2,Environment 2 Text Format,Environment 3,Environment 3 Text Format,"Contributing Circumstances, Road","Contributing Circumstances, Road Text Format",Road 2,Road 2 Text Format,Road 3,Road 3 Text Format,Crash Specific Location,Crash Specific Location Text Format,Type of Intersection,Type of Intersection Text Format,School Bus Related,School Bus Related Text Format,Work Zone Related,Work Zone Related Text Format,Location Of Crash Relative To Work Zone,Location Of Crash Relative To Work Zone Text Format,Type of Work Zone,Type of Work Zone Text Format,Worker Presence,Worker Presence Text Format,Law Enforcement Presence,Law Enforcement Presence Text Format,Were Vehicles Moved Prior To Police Arrival,Trafficway Ownership,Trafficway Ownership Text Format,Trafficway Class,Trafficway Class Text Format,Police Agency,Police Agency Text Format,Badge Number,Approval Date,Police Case Status,Police Case Status Text Format,Crash Report Submission Date,Related Case Identifiers,No. of Through Lanes (Log Dir.),Average Daily Traffic,Functional Classification,Functional Classification Text Format,Rural or Urban,Rural or Urban Text Format
958461,1,Complete,958461,958461,41.30875,-72.91229,3455601,New Haven,93,93,New Haven,7/30/2022,2022,7,July,30,7,Saturday,19:23:00,19,22025422,A,"Injury of any type (Serious, Minor, Possible)",C,Possible Injury (C),2,1,0,4,Local,0.35,275,HAMILTON ST NO 2,HAMILTON ST NO 2,,GRAND AVE,50,Feet,N,41.30875,-72.91229,15,Parked Motor Vehicle,4,"Sideswipe, same direction",1,On Roadway,1,Clear,88,Not Applicable,1,Daylight,1,Dry,0,None,88,Not Applicable,88,Not Applicable,0,None,88,Not Applicable,88,Not Applicable,1,Non-Junction,1,Not at Intersection,1,No,1,No,88,Not Applicable,88,Not Applicable,88,Not Applicable,88,Not Applicable,FALSE,1,Public Road,1,"Trafficway, On Road",CT0009300,New Haven PD,83,00:38.0,O,Open,48:32.0,,,,,,,
958464,1,Complete,958464,958464,41.30602,-72.89492,3455604,New Haven,93,93,New Haven,7/30/2022,2022,7,July,30,7,Saturday,22:24:00,22,22025429,A,"Injury of any type (Serious, Minor, Possible)",C,Possible Injury (C),1,0,1,4,Local,0.97,213,FERRY ST,FERRY ST,,CHAMBERS,25,Feet,N,41.30602,-72.89492,36,Fence,88,Not Applicable,1,On Roadway,1,Clear,88,Not Applicable,4,Dark-Lighted,1,Dry,0,None,88,Not Applicable,88,Not Applicable,0,None,88,Not Applicable,88,Not Applicable,1,Non-Junction,1,Not at Intersection,1,No,1,No,88,Not Applicable,88,Not Applicable,88,Not Applicable,88,Not Applicable,FALSE,1,Public Road,1,"Trafficway, On Road",CT0009300,New Haven PD,42057,52:32.0,C,Closed,48:31.0,,4,13500,4,MINOR ARTERIAL - NEW HPMS,2,Urban
958465,1,Complete,958465,958465,41.31472,-72.89965,3455605,New Haven,93,93,New Haven,7/30/2022,2022,7,July,30,7,Saturday,21:10:00,21,22025436,A,"Injury of any type (Serious, Minor, Possible)",C,Possible Injury (C),2,0,0,4,Local,0.23,379,LOMBARD ST,LOMBARD ST,FILLMORE ST,,,,,41.31472,-72.89965,14,Motor Vehicle in Operation,3,Angle,1,On Roadway,1,Clear,88,Not Applicable,4,Dark-Lighted,1,Dry,0,None,88,Not Applicable,88,Not Applicable,0,None,88,Not Applicable,88,Not Applicable,2,Intersection,2,Four-Way Intersection,1,No,1,No,88,Not Applicable,88,Not Applicable,88,Not Applicable,88,Not Applicable,FALSE,1,Public Road,1,"Trafficway, On Road",CT0009300,New Haven PD,83,59:53.0,C,Closed,48:19.0,,,,,,,
958467,1,Complete,958467,958467,41.30558,-72.92773,3455607,New Haven,93,93,New Haven,7/31/2022,2022,7,July,31,1,Sunday,1:14:00,1,22025459,A,"Injury of any type (Serious, Minor, Possible)",C,Possible Injury (C),2,0,0,4,Local,0.65,588,TEMPLE ST,TEMPLE ST,,CROWN ST,100,Feet,N,41.30558,-72.92773,14,Motor Vehicle in Operation,1,Front to rear,1,On Roadway,1,Clear,88,Not Applicable,4,Dark-Lighted,1,Dry,0,None,88,Not Applicable,88,Not Applicable,0,None,88,Not Applicable,88,Not Applicable,1,Non-Junction,1,Not at Intersection,1,No,1,No,88,Not Applicable,88,Not Applicable,88,Not Applicable,88,Not Applicable,FALSE,1,Public Road,1,"Trafficway, On Road",CT0009300,New Haven PD,344,25:23.0,C,Closed,48:20.0,22025459,,,,,,
958468,1,Complete,958468,958468,41.30097,-72.91041,3455608,New Haven,93,93,New Haven,7/31/2022,2022,7,July,31,1,Sunday,1:58:00,1,22025469,A,"Injury of any type (Serious, Minor, Possible)",B,Suspected Minor Injury (B),1,0,0,2,USRoute,48.96,1,1-N,1-N,EAST ST,,,,,41.30097,-72.91041,38,"Other Post, Pole or Support",88,Not Applicable,2,Shoulder,1,Clear,88,Not Applicable,4,Dark-Lighted,1,Dry,0,None,88,Not Applicable,88,Not Applicable,0,None,88,Not Applicable,88,Not Applicable,3,Intersection-Related,2,Four-Way Intersection,1,No,1,No,88,Not Applicable,88,Not Applicable,88,Not Applicable,88,Not Applicable,FALSE,1,Public Road,1,"Trafficway, On Road",CT0009300,New Haven PD,42043,38:13.0,C,Closed,48:19.0,,4,12400,3,PRINCIPAL ARTERIAL - OTHER - NEW HPMS,2,Urban
958470,1,Complete,958470,958470,41.293631,-72.944622,922190,New Haven,93,93,New Haven,7/31/2022,2022,7,July,31,1,Sunday,5:41:00,5,22025485,K,Fatal (Kill),K,Fatal Injury (K),2,0,0,3,State,1.12,10,10-N,10-N,,ADELINE ST,250,Feet,N,41.293631,-72.944622,14,Motor Vehicle in Operation,99,Unknown,1,On Roadway,1,Clear,88,Not Applicable,1,Daylight,1,Dry,99,Unknown,88,Not Applicable,88,Not Applicable,0,None,88,Not Applicable,88,Not Applicable,1,Non-Junction,1,Not at Intersection,1,No,1,No,88,Not Applicable,88,Not Applicable,88,Not Applicable,88,Not Applicable,FALSE,1,Public Road,1,"Trafficway, On Road",CT0009300,New Haven PD,42043,35:44.0,O,Open,48:21.0,,2,20300,3,PRINCIPAL ARTERIAL - OTHER - NEW HPMS,2,Urban
958475,1,Complete,958475,958475,41.30685,-72.91923,3455615,New Haven,93,93,New Haven,7/31/2022,2022,7,July,31,1,Sunday,13:03:00,13,22025508,A,"Injury of any type (Serious, Minor, Possible)",C,Possible Injury (C),1,2,0,4,Local,0.39,447,OLIVE ST,OLIVE ST,SAINT JOHN ST NO 1,,,,,41.30685,-72.91923,9,Pedestrian,88,Not Applicable,1,On Roadway,1,Clear,88,Not Applicable,1,Daylight,1,Dry,0,None,88,Not Applicable,88,Not Applicable,0,None,88,Not Applicable,88,Not Applicable,2,Intersection,3,T-Intersection,1,No,1,No,88,Not Applicable,88,Not Applicable,88,Not Applicable,88,Not Applicable,TRUE,1,Public Road,1,"Trafficway, On Road",CT0009300,New Haven PD,40790,42:45.0,C,Closed,48:27.0,,2,4800,5,MAJOR COLLECTOR - NEW HPMS,2,Urban
958479,1,Complete,958479,958479,41.318317,-72.888226,3455619,New Haven,93,93,New Haven,7/31/2022,2022,7,July,31,1,Sunday,18:18:00,18,22025538,A,"Injury of any type (Serious, Minor, Possible)",B,Suspected Minor Injury (B),1,1,1,,,,,,DEL RIO DR29,,FRONT ST,50,Feet,W,41.318317,-72.888226,9,Pedestrian,88,Not Applicable,7,In Parking Lane or Zone,1,Clear,88,Not Applicable,1,Daylight,1,Dry,0,None,88,Not Applicable,88,Not Applicable,0,None,88,Not Applicable,88,Not Applicable,97,Other,1,Not at Intersection,1,No,1,No,88,Not Applicable,88,Not Applicable,88,Not Applicable,88,Not Applicable,FALSE,2,Private Road,4,Parking Lot,CT0009300,New Haven PD,193,35:34.0,O,Open,48:37.0,,,,,,,
958481,1,Complete,958481,958481,41.32177,-72.89679,3455621,New Haven,93,93,New Haven,7/31/2022,2022,7,July,31,1,Sunday,20:29:00,20,22025550,A,"Injury of any type (Serious, Minor, Possible)",C,Possible Injury (C),3,0,0,2,USRoute,0.56,5,5-N,5-N,,ROCK STREET,25,Feet,S,41.32177,-72.89679,14,Motor Vehicle in Operation,4,"Sideswipe, same direction",1,On Roadway,1,Clear,88,Not Applicable,4,Dark-Lighted,1,Dry,0,None,88,Not Applicable,88,Not Applicable,0,None,88,Not Applicable,88,Not Applicable,1,Non-Junction,1,Not at Intersection,1,No,1,No,88,Not Applicable,88,Not Applicable,88,Not Applicable,88,Not Applicable,FALSE,1,Public Road,1,"Trafficway, On Road",CT0009300,New Haven PD,42057,08:37.0,C,Closed,48:27.0,,1,17500,4,MINOR ARTERIAL - NEW HPMS,1,Rural
958483,1,Complete,958483,958483,41.2932,-72.89693,3455623,New Haven,93,93,New Haven,7/31/2022,2022,7,July,31,1,Sunday,22:34:00,22,22025562,A,"Injury of any type (Serious, Minor, Possible)",C,Possible Injury (C),1,0,0,2,USRoute,49.87,1,1-N,1-N,,EDGEMERE RD,77,Feet,W,41.2932,-72.89693,33,Utility Pole/Light Support,88,Not Applicable,2,Shoulder,4,Rain,88,Not Applicable,4,Dark-Lighted,2,Wet,1,Weather Conditions,88,Not Applicable,88,Not Applicable,0,None,88,Not Applicable,88,Not Applicable,1,Non-Junction,1,Not at Intersection,1,No,1,No,88,Not Applicable,88,Not Applicable,88,Not Applicable,88,Not Applicable,FALSE,1,Public Road,2,"Trafficway, Not on Road",CT0009300,New Haven PD,40956,04:06.0,C,Closed,48:28.0,,4,9400,3,PRINCIPAL ARTERIAL - OTHER - NEW HPMS,2,Urban
958485,1,Complete,958485,958485,41.331039,-72.97287,3455625,New Haven,93,93,New Haven,8/1/2022,2022,8,August,1,2,Monday,0:28:00,0,22025566,A,"Injury of any type (Serious, Minor, Possible)",B,Suspected Minor Injury (B),2,0,1,3,State,0.97,63,63-N,63-N,DAVIS ST,,,,,41.331039,-72.97287,14,Motor Vehicle in Operation,97,Other,1,On Roadway,4,Rain,88,Not Applicable,6,Dark-Unknown Lighting,2,Wet,1,Weather Conditions,99,Unknown,88,Not Applicable,0,None,88,Not Applicable,88,Not Applicable,2,Intersection,3,T-Intersection,1,No,1,No,88,Not Applicable,88,Not Applicable,88,Not Applicable,88,Not Applicable,TRUE,1,Public Road,1,"Trafficway, On Road",CT0009300,New Haven PD,42042,29:54.0,C,Closed,48:29.0,,2,23000,3,PRINCIPAL ARTERIAL - OTHER - NEW HPMS,2,Urban
958487,1,Complete,958487,958487,41.29748,-72.94042,3455627,New Haven,93,93,New Haven,8/1/2022,2022,8,August,1,2,Monday,9:27:00,9,22025598,A,"Injury of any type (Serious, Minor, Possible)",C,Possible Injury (C),5,0,0,2,USRoute,47.07,1,1-N,1-N,,WEST ST,50,Feet,E,41.29748,-72.94042,14,Motor Vehicle in Operation,3,Angle,7,In Parking Lane or Zone,2,Cloudy,88,Not Applicable,1,Daylight,1,Dry,0,None,88,Not Applicable,88,Not Applicable,0,None,88,Not Applicable,88,Not Applicable,1,Non-Junction,1,Not at Intersection,1,No,1,No,88,Not Applicable,88,Not Applicable,88,Not Applicable,88,Not Applicable,FALSE,2,Private Road,1,"Trafficway, On Road",CT0009300,New Haven PD,137,33:23.0,C,Closed,48:37.0,,1,8600,3,PRINCIPAL ARTERIAL - OTHER - NEW HPMS,1,Rural
958492,1,Complete,958492,958492,41.32731,-72.9684,3455632,New Haven,93,93,New Haven,8/1/2022,2022,8,August,1,2,Monday,16:57:00,16,22025666,A,"Injury of any type (Serious, Minor, Possible)",C,Possible Injury (C),2,0,0,3,State,3.37,122,122-N,122-N,243-W,,,,,41.32731,-72.9684,14,Motor Vehicle in Operation,1,Front to rear,1,On Roadway,1,Clear,88,Not Applicable,1,Daylight,1,Dry,0,None,88,Not Applicable,88,Not Applicable,0,None,88,Not Applicable,88,Not Applicable,2,Intersection,2,Four-Way Intersection,1,No,1,No,88,Not Applicable,88,Not Applicable,88,Not Applicable,88,Not Applicable,TRUE,1,Public Road,1,"Trafficway, On Road",CT0009300,New Haven PD,402,33:04.0,C,Closed,48:34.0,,1,11600,4,MINOR ARTERIAL - NEW HPMS,1,Rural
958498,1,Complete,958498,958498,41.2987,-72.9444,3455638,New Haven,93,93,New Haven,8/2/2022,2022,8,August,2,3,Tuesday,12:57:00,12,22025757,A,"Injury of any type (Serious, Minor, Possible)",B,Suspected Minor Injury (B),2,0,0,4,Local,0.2,123,CONGRESS AV,CONGRESS AV,DOWNES ST,,,,,41.2987,-72.9444,14,Motor Vehicle in Operation,3,Angle,1,On Roadway,1,Clear,88,Not Applicable,1,Daylight,1,Dry,0,None,88,Not Applicable,88,Not Applicable,0,None,88,Not Applicable,88,Not Applicable,2,Intersection,3,T-Intersection,1,No,1,No,88,Not Applicable,88,Not Applicable,88,Not Applicable,88,Not Applicable,FALSE,1,Public Road,1,"Trafficway, On Road",CT0009300,New Haven PD,137,52:57.0,C,Closed,48:48.0,,,,,,,
958499,1,Complete,958499,958499,41.29375,-72.93667,3455639,New Haven,93,93,New Haven,8/2/2022,2022,8,August,2,3,Tuesday,14:50:00,14,22025767,A,"Injury of any type (Serious, Minor, Possible)",C,Possible Injury (C),2,0,2,4,Local,0.13,571,SPRING ST,SPRING ST,BUTTON ST,,,,,41.29375,-72.93667,14,Motor Vehicle in Operation,3,Angle,1,On Roadway,1,Clear,88,Not Applicable,1,Daylight,1,Dry,0,None,88,Not Applicable,88,Not Applicable,0,None,88,Not Applicable,88,Not Applicable,2,Intersection,2,Four-Way Intersection,1,No,1,No,88,Not Applicable,88,Not Applicable,88,Not Applicable,88,Not Applicable,FALSE,1,Public Road,1,"Trafficway, On Road",CT0009300,New Haven PD,42046,56:54.0,C,Closed,48:46.0,,,,,,,
958502,1,Complete,958502,958502,41.3047,-72.93953,3455642,New Haven,93,93,New Haven,8/2/2022,2022,8,August,2,3,Tuesday,19:09:00,19,22025830,A,"Injury of any type (Serious, Minor, Possible)",C,Possible Injury (C),2,0,0,4,Local,0.3,622,WARD ST,WARD ST,SYLVAN AV,,,,,41.3047,-72.93953,14,Motor Vehicle in Operation,5,"Sideswipe, opposite direction",1,On Roadway,1,Clear,88,Not Applicable,4,Dark-Lighted,1,Dry,0,None,88,Not Applicable,88,Not Applicable,0,None,88,Not Applicable,88,Not Applicable,2,Intersection,2,Four-Way Intersection,1,No,1,No,88,Not Applicable,88,Not Applicable,88,Not Applicable,88,Not Applicable,TRUE,1,Public Road,1,"Trafficway, On Road",CT0009300,New Haven PD,40788,50:53.0,O,Open,48:45.0,,,,,,,
958503,1,Complete,958503,958503,41.30488,-72.92283,3455643,New Haven,93,93,New Haven,8/2/2022,2022,8,August,2,3,Tuesday,20:47:00,20,22025832,A,"Injury of any type (Serious, Minor, Possible)",C,Possible Injury (C),2,0,0,4,Local,1.34,575,STATE ST,STATE ST,CHAPEL ST,,,,,41.30488,-72.92283,14,Motor Vehicle in Operation,3,Angle,1,On Roadway,2,Cloudy,88,Not Applicable,4,Dark-Lighted,2,Wet,0,None,88,Not Applicable,88,Not Applicable,0,None,88,Not Applicable,88,Not Applicable,1,Non-Junction,1,Not at Intersection,1,No,1,No,88,Not Applicable,88,Not Applicable,88,Not Applicable,88,Not Applicable,TRUE,1,Public Road,1,"Trafficway, On Road",CT0009300,New Haven PD,40956,57:42.0,C,Closed,48:47.0,,,,,,,
958624,1,Complete,958624,958624,41.32382,-72.88139,3455764,New Haven,93,93,New Haven,8/2/2022,2022,8,August,2,3,Tuesday,12:34:00,12,22025754,A,"Injury of any type (Serious, Minor, Possible)",C,Possible Injury (C),2,0,0,3,State,0.22,17,17-N,17-N,80-W,,,,,41.32382,-72.88139,14,Motor Vehicle in Operation,1,Front to rear,1,On Roadway,1,Clear,88,Not Applicable,1,Daylight,1,Dry,0,None,88,Not Applicable,88,Not Applicable,0,None,88,Not Applicable,88,Not Applicable,2,Intersection,2,Four-Way Intersection,1,No,1,No,88,Not Applicable,88,Not Applicable,88,Not Applicable,88,Not Applicable,FALSE,1,Public Road,1,"Trafficway, On Road",CT0009300,New Haven PD,19532,56:25.0,C,Closed,01:06.0,,1,21600,3,PRINCIPAL ARTERIAL - OTHER - NEW HPMS,1,Rural
958625,1,Complete,958625,958625,41.30809,-72.94111,3455765,New Haven,93,93,New Haven,8/2/2022,2022,8,August,2,3,Tuesday,12:56:00,12,22025759,A,"Injury of any type (Serious, Minor, Possible)",C,Possible Injury (C),1,0,0,4,Local,0,250,GILBERT AV,GILBERT AV,WAVERLY ST,,,,,41.30809,-72.94111,39,"Other Fixed Object (wall, building, tunnel, etc.)",88,Not Applicable,8,"Off Roadway,  Location Unknown",1,Clear,88,Not Applicable,1,Daylight,1,Dry,0,None,88,Not Applicable,88,Not Applicable,97,Other,88,Not Applicable,88,Not Applicable,3,Intersection-Related,3,T-Intersection,1,No,1,No,88,Not Applicable,88,Not Applicable,88,Not Applicable,88,Not Applicable,FALSE,1,Public Road,1,"Trafficway, On Road",CT0009300,New Haven PD,44054,59:31.0,C,Closed,01:14.0,,2,3607,7,LOCAL - NEW HPMS,2,Urban
958630,1,Complete,958630,958630,41.29103,-72.94172,3455770,New Haven,93,93,New Haven,8/3/2022,2022,8,August,3,4,Wednesday,7:15:00,7,22025857,A,"Injury of any type (Serious, Minor, Possible)",C,Possible Injury (C),2,0,0,3,State,0.88,10,10-N,10-N,WASHINGTON AV NO 1,,,,,41.29103,-72.94172,14,Motor Vehicle in Operation,1,Front to rear,1,On Roadway,1,Clear,88,Not Applicable,1,Daylight,1,Dry,0,None,88,Not Applicable,88,Not Applicable,0,None,88,Not Applicable,88,Not Applicable,2,Intersection,2,Four-Way Intersection,1,No,1,No,88,Not Applicable,88,Not Applicable,88,Not Applicable,88,Not Applicable,FALSE,1,Public Road,1,"Trafficway, On Road",CT0009300,New Haven PD,26,21:21.0,C,Closed,01:09.0,,2,18000,3,PRINCIPAL ARTERIAL - OTHER - NEW HPMS,2,Urban
958960,1,Complete,958960,958960,41.325854,-72.915927,3456100,New Haven,93,93,New Haven,6/22/2022,2022,6,June,22,4,Wednesday,12:11:00,12,22020902,A,"Injury of any type (Serious, Minor, Possible)",C,Possible Injury (C),2,0,0,4,Local,1.13,656,WHITNEY AV,WHITNEY AV,,COLD SPRING ST,100,Feet,S,41.325854,-72.915927,14,Motor Vehicle in Operation,3,Angle,1,On Roadway,1,Clear,88,Not Applicable,1,Daylight,1,Dry,0,None,88,Not Applicable,88,Not Applicable,0,None,88,Not Applicable,88,Not Applicable,1,Non-Junction,1,Not at Intersection,1,No,1,No,88,Not Applicable,88,Not Applicable,88,Not Applicable,88,Not Applicable,FALSE,1,Public Road,1,"Trafficway, On Road",CT0009300,New Haven PD,40799,45:44.0,C,Closed,00:18.0,,,,,,,
958962,1,Complete,958962,958962,41.321868,-72.935589,922202,New Haven,93,93,New Haven,7/31/2022,2022,7,July,31,1,Sunday,23:47:00,23,22025564,K,Fatal (Kill),K,Fatal Injury (K),1,0,0,4,Local,1.48,453,ORCHARD ST,ORCHARD ST,,MUNSON ST,350,Feet,S,41.321868,-72.935589,39,"Other Fixed Object (wall, building, tunnel, etc.)",88,Not Applicable,4,Roadside,2,Cloudy,88,Not Applicable,4,Dark-Lighted,1,Dry,99,Unknown,88,Not Applicable,88,Not Applicable,99,Unknown,88,Not Applicable,88,Not Applicable,1,Non-Junction,1,Not at Intersection,1,No,1,No,88,Not Applicable,88,Not Applicable,88,Not Applicable,88,Not Applicable,FALSE,1,Public Road,1,"Trafficway, On Road",CT0009300,New Haven PD,432,47:50.0,O,Open,00:26.0,,2,4200,4,MINOR ARTERIAL - NEW HPMS,2,Urban
958965,1,Complete,958965,958965,41.321196,-72.873816,3456105,New Haven,93,93,New Haven,8/3/2022,2022,8,August,3,4,Wednesday,20:36:00,20,22025942,A,"Injury of any type (Serious, Minor, Possible)",C,Possible Injury (C),2,0,0,3,State,0.03,103,103-N,103-N,,FOXON BLVD,100,Feet,N,41.321196,-72.873816,14,Motor Vehicle in Operation,1,Front to rear,1,On Roadway,1,Clear,88,Not Applicable,1,Daylight,1,Dry,0,None,88,Not Applicable,88,Not Applicable,0,None,88,Not Applicable,88,Not Applicable,2,Intersection,2,Four-Way Intersection,1,No,1,No,88,Not Applicable,88,Not Applicable,88,Not Applicable,88,Not Applicable,FALSE,1,Public Road,1,"Trafficway, On Road",CT0009300,New Haven PD,40956,53:40.0,C,Closed,00:19.0,,1,9100,4,MINOR ARTERIAL - NEW HPMS,1,Rural
959364,1,Complete,959364,959364,41.32558,-72.95864,3456504,New Haven,93,93,New Haven,7/30/2022,2022,7,July,30,7,Saturday,13:07:00,13,22025386,A,"Injury of any type (Serious, Minor, Possible)",C,Possible Injury (C),2,0,0,4,Local,0.73,650,WEST ROCK AV NO 1,WEST ROCK AV NO 1,,WHALLEY AVE,100,Feet,S,41.32558,-72.95864,14,Motor Vehicle in Operation,3,Angle,1,On Roadway,1,Clear,88,Not Applicable,1,Daylight,1,Dry,0,None,88,Not Applicable,88,Not Applicable,0,None,88,Not Applicable,88,Not Applicable,1,Non-Junction,1,Not at Intersection,1,No,1,No,88,Not Applicable,88,Not Applicable,88,Not Applicable,88,Not Applicable,TRUE,1,Public Road,1,"Trafficway, On Road",CT0009300,New Haven PD,381,51:52.0,C,Closed,01:31.0,,,,,,,
959365,1,Complete,959365,959365,41.2921,-72.9216,3456505,New Haven,93,93,New Haven,7/31/2022,2022,7,July,31,1,Sunday,1:30:00,1,22025463,A,"Injury of any type (Serious, Minor, Possible)",A,Suspected Serious Injury (A),2,0,0,4,Local,0.63,359,SARGENT DR,SARGENT DR,CHURCH ST SOUTH NO 2,,,,,41.2921,-72.9216,14,Motor Vehicle in Operation,1,Front to rear,1,On Roadway,1,Clear,88,Not Applicable,4,Dark-Lighted,1,Dry,0,None,88,Not Applicable,88,Not Applicable,0,None,88,Not Applicable,88,Not Applicable,2,Intersection,3,T-Intersection,1,No,1,No,88,Not Applicable,88,Not Applicable,88,Not Applicable,88,Not Applicable,FALSE,1,Public Road,1,"Trafficway, On Road",CT0009300,New Haven PD,40955,06:36.0,C,Closed,01:21.0,,,,,,,
959367,1,Complete,959367,959367,41.320893,-72.933986,3456507,New Haven,93,93,New Haven,8/1/2022,2022,8,August,1,2,Monday,13:50:00,13,22025635,A,"Injury of any type (Serious, Minor, Possible)",A,Suspected Serious Injury (A),2,0,0,4,Local,0.27,289,HENRY ST,HENRY ST,,DIXWELL AVE,50,Feet,E,41.320893,-72.933986,14,Motor Vehicle in Operation,3,Angle,1,On Roadway,2,Cloudy,88,Not Applicable,1,Daylight,1,Dry,0,None,88,Not Applicable,88,Not Applicable,0,None,88,Not Applicable,88,Not Applicable,1,Non-Junction,1,Not at Intersection,1,No,1,No,88,Not Applicable,88,Not Applicable,88,Not Applicable,88,Not Applicable,FALSE,1,Public Road,1,"Trafficway, On Road",CT0009300,New Haven PD,44053,02:06.0,O,Open,01:22.0,,,,,,,
959368,1,Complete,959368,959368,41.30888,-72.89508,3456508,New Haven,93,93,New Haven,8/1/2022,2022,8,August,1,2,Monday,18:54:00,18,22025684,A,"Injury of any type (Serious, Minor, Possible)",C,Possible Injury (C),3,1,1,4,Local,0.76,213,FERRY ST,FERRY ST,,GRAND AVE,30,Feet,E,41.30888,-72.89508,14,Motor Vehicle in Operation,1,Front to rear,7,In Parking Lane or Zone,1,Clear,88,Not Applicable,1,Daylight,1,Dry,0,None,88,Not Applicable,88,Not Applicable,0,None,88,Not Applicable,88,Not Applicable,1,Non-Junction,1,Not at Intersection,1,No,1,No,88,Not Applicable,88,Not Applicable,88,Not Applicable,88,Not Applicable,FALSE,1,Public Road,1,"Trafficway, On Road",CT0009300,New Haven PD,193,14:06.0,O,Open,01:42.0,,,,,,,
959371,1,Complete,959371,959371,41.28899,-72.89471,3456511,New Haven,93,93,New Haven,8/4/2022,2022,8,August,4,5,Thursday,12:57:00,12,22026064,A,"Injury of any type (Serious, Minor, Possible)",C,Possible Injury (C),2,0,1,1,Interstate,0.39,95,95-N-346,95-N-346,WOODWARD AV,,,,,41.28899,-72.89471,14,Motor Vehicle in Operation,3,Angle,1,On Roadway,1,Clear,88,Not Applicable,1,Daylight,1,Dry,0,None,88,Not Applicable,88,Not Applicable,0,None,88,Not Applicable,88,Not Applicable,2,Intersection,2,Four-Way Intersection,1,No,1,No,88,Not Applicable,88,Not Applicable,88,Not Applicable,88,Not Applicable,FALSE,1,Public Road,1,"Trafficway, On Road",CT0009300,New Haven PD,44050,15:42.0,C,Closed,01:31.0,,1,11900,1,INTERSTATE - NEW HPMS,,
959372,1,Complete,959372,959372,41.30428,-72.91295,3456512,New Haven,93,93,New Haven,8/5/2022,2022,8,August,5,6,Friday,9:21:00,9,22026168,A,"Injury of any type (Serious, Minor, Possible)",B,Suspected Minor Injury (B),2,0,0,4,Local,0.04,275,HAMILTON ST NO 2,HAMILTON ST NO 2,,CHAPEL ST,200,Feet,S,41.30428,-72.91295,14,Motor Vehicle in Operation,1,Front to rear,2,Shoulder,1,Clear,88,Not Applicable,1,Daylight,1,Dry,0,None,88,Not Applicable,88,Not Applicable,0,None,88,Not Applicable,88,Not Applicable,1,Non-Junction,1,Not at Intersection,1,No,1,No,88,Not Applicable,88,Not Applicable,88,Not Applicable,88,Not Applicable,FALSE,1,Public Road,1,"Trafficway, On Road",CT0009300,New Haven PD,980,08:56.0,C,Closed,01:24.0,,,,,,,
959375,1,Complete,959375,959375,41.32911,-72.96835,3456515,New Haven,93,93,New Haven,8/5/2022,2022,8,August,5,6,Friday,16:05:00,16,22026239,A,"Injury of any type (Serious, Minor, Possible)",C,Possible Injury (C),2,0,1,3,State,0.69,63,63-N,63-N,,DAYTON ST,50,Feet,W,41.32911,-72.96835,14,Motor Vehicle in Operation,3,Angle,1,On Roadway,1,Clear,88,Not Applicable,1,Daylight,1,Dry,0,None,88,Not Applicable,88,Not Applicable,0,None,88,Not Applicable,88,Not Applicable,1,Non-Junction,1,Not at Intersection,1,No,1,No,88,Not Applicable,88,Not Applicable,88,Not Applicable,88,Not Applicable,FALSE,1,Public Road,1,"Trafficway, On Road",CT0009300,New Haven PD,402,32:14.0,C,Closed,01:26.0,,2,20400,3,PRINCIPAL ARTERIAL - OTHER - NEW HPMS,1,Rural
959378,1,Complete,959378,959378,41.29732,-72.95011,3456518,New Haven,93,93,New Haven,8/5/2022,2022,8,August,5,6,Friday,21:12:00,21,22026315,A,"Injury of any type (Serious, Minor, Possible)",C,Possible Injury (C),2,0,0,2,USRoute,46.58,1,1-N,1-N,,ELLA GRASSO BLVD,150,Feet,W,41.29732,-72.95011,14,Motor Vehicle in Operation,3,Angle,1,On Roadway,1,Clear,88,Not Applicable,5,Dark-Not Lighted,1,Dry,0,None,88,Not Applicable,88,Not Applicable,0,None,88,Not Applicable,88,Not Applicable,1,Non-Junction,1,Not at Intersection,1,No,1,No,88,Not Applicable,88,Not Applicable,88,Not Applicable,88,Not Applicable,FALSE,1,Public Road,1,"Trafficway, On Road",CT0009300,New Haven PD,158,22:35.0,C,Closed,01:28.0,,2,20700,3,PRINCIPAL ARTERIAL - OTHER - NEW HPMS,2,Urban