CrashId,Fatal Case Status,Fatal Case Status Text Format,CrashId,CrashId,Latitude,Longitude,DOT Case Number,Town Name,Town Number,Town Number,Town Number Text Format,Date Of Crash,Year,Month,Month Text Format,Day,Day of the Week,Day of the Week Text Format,Time of Crash,Hour of the Day,Case Identifier,Crash Severity,Crash Severity Text Format,Most Severe Injury,Most Severe Injury Text Format,Number Of Motor Vehicles,Number Of Non-Motorist,Number Of Witnesses,Route Class,Route Class Text Format,Milemarker,Road Number,Road Description,Roadway Name,Intersecting Roadway Name,Landmark Description,Distance From Nearest Landmark,Unit Of Measure From Nearest Landmark,Direction From Nearest Landmark,Latitude,Longitude,First Harmful Event,First Harmful Event Text Format,Manner of Crash / Collision Impact,Manner of Crash / Collision Impact Text Format,Location of First Harmful Event,Location of First Harmful Event Text Format,Weather Condition,Weather Condition Text Format,Weather 2,Weather 2 Text Format,Light Condition,Light Condition Text Format,Road Surface Condition,Road Surface Condition Text Format,"Contributing Circumstances, Environment","Contributing Circumstances, Environment Text Format",Environment 2,Environment 2 Text Format,Environment 3,Environment 3 Text Format,"Contributing Circumstances, Road","Contributing Circumstances, Road Text Format",Road 2,Road 2 Text Format,Road 3,Road 3 Text Format,Crash Specific Location,Crash Specific Location Text Format,Type of Intersection,Type of Intersection Text Format,School Bus Related,School Bus Related Text Format,Work Zone Related,Work Zone Related Text Format,Location Of Crash Relative To Work Zone,Location Of Crash Relative To Work Zone Text Format,Type of Work Zone,Type of Work Zone Text Format,Worker Presence,Worker Presence Text Format,Law Enforcement Presence,Law Enforcement Presence Text Format,Were Vehicles Moved Prior To Police Arrival,Trafficway Ownership,Trafficway Ownership Text Format,Trafficway Class,Trafficway Class Text Format,Police Agency,Police Agency Text Format,Badge Number,Approval Date,Police Case Status,Police Case Status Text Format,Crash Report Submission Date,Related Case Identifiers,No. of Through Lanes (Log Dir.),Average Daily Traffic,Functional Classification,Functional Classification Text Format,Rural or Urban,Rural or Urban Text Format
959381,1,Complete,959381,959381,41.33971,-72.97438,3456521,New Haven,93,93,New Haven,8/5/2022,2022,8,August,5,6,Friday,23:48:00,23,22026322,A,"Injury of any type (Serious, Minor, Possible)",C,Possible Injury (C),1,0,1,4,Local,0.14,485,POND LILY AV,POND LILY AV,,VALLEY STREET,10,Feet,N,41.33971,-72.97438,1,Overturn/Rollover,88,Not Applicable,8,"Off Roadway,  Location Unknown",1,Clear,88,Not Applicable,4,Dark-Lighted,1,Dry,0,None,88,Not Applicable,88,Not Applicable,0,None,88,Not Applicable,88,Not Applicable,97,Other,99,Unknown,1,No,1,No,88,Not Applicable,88,Not Applicable,88,Not Applicable,88,Not Applicable,FALSE,88,Not Applicable,4,Parking Lot,CT0009300,New Haven PD,43614,02:47.0,C,Closed,01:30.0,,,,,,,
959382,1,Complete,959382,959382,41.31015,-72.953,3456522,New Haven,93,93,New Haven,8/6/2022,2022,8,August,6,7,Saturday,0:27:00,0,22026327,A,"Injury of any type (Serious, Minor, Possible)",C,Possible Injury (C),2,0,0,4,Local,0.37,147,DERBY AV,DERBY AV,,ELLA T GRASSO BLVD,80,Feet,E,41.31015,-72.953,14,Motor Vehicle in Operation,2,Front to front,1,On Roadway,1,Clear,88,Not Applicable,3,Dusk,1,Dry,0,None,88,Not Applicable,88,Not Applicable,0,None,88,Not Applicable,88,Not Applicable,1,Non-Junction,1,Not at Intersection,1,No,1,No,88,Not Applicable,88,Not Applicable,88,Not Applicable,88,Not Applicable,FALSE,1,Public Road,1,"Trafficway, On Road",CT0009300,New Haven PD,40789,01:58.0,C,Closed,01:29.0,,,,,,,
959383,1,Complete,959383,959383,41.32252,-72.87852,3456523,New Haven,93,93,New Haven,8/6/2022,2022,8,August,6,7,Saturday,3:59:00,3,22026342,A,"Injury of any type (Serious, Minor, Possible)",C,Possible Injury (C),2,0,0,3,State,0.18,80,80-E,80-E,,QUINNIPIAC AVENUE,1500,Feet,N,41.32252,-72.87852,14,Motor Vehicle in Operation,3,Angle,1,On Roadway,1,Clear,88,Not Applicable,4,Dark-Lighted,1,Dry,0,None,88,Not Applicable,88,Not Applicable,0,None,88,Not Applicable,88,Not Applicable,8,Driveway Access,1,Not at Intersection,1,No,1,No,88,Not Applicable,88,Not Applicable,88,Not Applicable,88,Not Applicable,FALSE,1,Public Road,1,"Trafficway, On Road",CT0009300,New Haven PD,789,50:45.0,C,Closed,01:30.0,,3,32300,3,PRINCIPAL ARTERIAL - OTHER - NEW HPMS,2,Urban
959386,1,Complete,959386,959386,41.296973,-72.892758,3456526,New Haven,93,93,New Haven,8/6/2022,2022,8,August,6,7,Saturday,12:08:00,12,22026383,A,"Injury of any type (Serious, Minor, Possible)",C,Possible Injury (C),1,2,1,4,Local,0.18,210,FARREN AV,FARREN AV,FULTON ST,,,,,41.296973,-72.892758,9,Pedestrian,88,Not Applicable,1,On Roadway,1,Clear,88,Not Applicable,1,Daylight,1,Dry,0,None,88,Not Applicable,88,Not Applicable,0,None,88,Not Applicable,88,Not Applicable,2,Intersection,2,Four-Way Intersection,1,No,1,No,88,Not Applicable,88,Not Applicable,88,Not Applicable,88,Not Applicable,TRUE,1,Public Road,1,"Trafficway, On Road",CT0009300,New Haven PD,42055,32:52.0,C,Closed,01:34.0,,2,11400,4,MINOR ARTERIAL - NEW HPMS,2,Urban
959387,1,Complete,959387,959387,41.31557,-72.90091,3456527,New Haven,93,93,New Haven,8/6/2022,2022,8,August,6,7,Saturday,14:40:00,14,22026386,A,"Injury of any type (Serious, Minor, Possible)",B,Suspected Minor Injury (B),2,0,0,4,Local,0.88,57,BLATCHLEY AV,BLATCHLEY AV,PECK ST NO 1,,,,,41.31557,-72.90091,14,Motor Vehicle in Operation,2,Front to front,1,On Roadway,1,Clear,88,Not Applicable,1,Daylight,1,Dry,0,None,88,Not Applicable,88,Not Applicable,0,None,88,Not Applicable,88,Not Applicable,2,Intersection,2,Four-Way Intersection,1,No,1,No,88,Not Applicable,88,Not Applicable,88,Not Applicable,88,Not Applicable,FALSE,1,Public Road,1,"Trafficway, On Road",CT0009300,New Haven PD,42057,05:57.0,C,Closed,01:34.0,,,,,,,
959389,1,Complete,959389,959389,41.3175,-72.92952,3456529,New Haven,93,93,New Haven,8/6/2022,2022,8,August,6,7,Saturday,18:03:00,18,22026404,A,"Injury of any type (Serious, Minor, Possible)",C,Possible Injury (C),2,0,0,4,Local,0.13,736,ASHMUN ST NO 2,ASHMUN ST NO 2,,,,,,41.3175,-72.92952,14,Motor Vehicle in Operation,3,Angle,1,On Roadway,1,Clear,88,Not Applicable,1,Daylight,1,Dry,0,None,88,Not Applicable,88,Not Applicable,0,None,88,Not Applicable,88,Not Applicable,2,Intersection,2,Four-Way Intersection,1,No,1,No,88,Not Applicable,88,Not Applicable,88,Not Applicable,88,Not Applicable,TRUE,1,Public Road,1,"Trafficway, On Road",CT0009300,New Haven PD,42054,22:17.0,O,Open,01:36.0,,,,,,,
959391,1,Complete,959391,959391,41.32107,-72.890072,922203,New Haven,93,93,New Haven,8/6/2022,2022,8,August,6,7,Saturday,22:35:00,22,22026425,K,Fatal (Kill),K,Fatal Injury (K),2,0,0,4,Local,0.32,411,MIDDLETOWN AV,MIDDLETOWN AV,,FRONT ST,300,Feet,N,41.32107,-72.890072,14,Motor Vehicle in Operation,2,Front to front,1,On Roadway,1,Clear,88,Not Applicable,5,Dark-Not Lighted,1,Dry,99,Unknown,88,Not Applicable,88,Not Applicable,99,Unknown,88,Not Applicable,88,Not Applicable,13,On a Bridge,1,Not at Intersection,1,No,1,No,88,Not Applicable,88,Not Applicable,88,Not Applicable,88,Not Applicable,FALSE,1,Public Road,1,"Trafficway, On Road",CT0009300,New Haven PD,42365,47:38.0,O,Open,01:42.0,,,,,,,
959394,1,Complete,959394,959394,41.29262,-72.89245,3456534,New Haven,93,93,New Haven,8/7/2022,2022,8,August,7,1,Sunday,1:26:00,1,22026439,A,"Injury of any type (Serious, Minor, Possible)",C,Possible Injury (C),1,0,0,4,Local,0.04,597,TOWNSEND AV,TOWNSEND AV,,QUINNIPIAC AVENUE,200,Feet,S,41.29262,-72.89245,25,Curb,88,Not Applicable,1,On Roadway,1,Clear,88,Not Applicable,4,Dark-Lighted,1,Dry,0,None,88,Not Applicable,88,Not Applicable,0,None,88,Not Applicable,88,Not Applicable,1,Non-Junction,1,Not at Intersection,1,No,1,No,88,Not Applicable,88,Not Applicable,88,Not Applicable,88,Not Applicable,FALSE,1,Public Road,1,"Trafficway, On Road",CT0009300,New Haven PD,180,49:36.0,C,Closed,01:38.0,22026439,4,8900,4,MINOR ARTERIAL - NEW HPMS,2,Urban
959395,1,Complete,959395,959395,41.32946,-72.87025,3456535,New Haven,93,93,New Haven,8/7/2022,2022,8,August,7,1,Sunday,2:45:00,2,22026444,A,"Injury of any type (Serious, Minor, Possible)",C,Possible Injury (C),2,0,0,4,Local,0.12,458,PALMIERI AV,PALMIERI AV,,ASSUMPTION STREET,150,Feet,N,41.32946,-72.87025,14,Motor Vehicle in Operation,5,"Sideswipe, opposite direction",1,On Roadway,1,Clear,88,Not Applicable,4,Dark-Lighted,1,Dry,0,None,88,Not Applicable,88,Not Applicable,0,None,88,Not Applicable,88,Not Applicable,1,Non-Junction,1,Not at Intersection,1,No,1,No,88,Not Applicable,88,Not Applicable,88,Not Applicable,88,Not Applicable,FALSE,1,Public Road,1,"Trafficway, On Road",CT0009300,New Haven PD,180,32:21.0,C,Closed,01:39.0,22026444,,,,,,
960052,1,Complete,960052,960052,41.29506,-72.94615,3457192,New Haven,93,93,New Haven,8/8/2022,2022,8,August,8,2,Monday,1:00:00,1,22026436,A,"Injury of any type (Serious, Minor, Possible)",C,Possible Injury (C),2,0,0,3,State,1.25,10,10-N,10-N,,PRINTERS LANE,100,Feet,S,41.29506,-72.94615,14,Motor Vehicle in Operation,1,Front to rear,1,On Roadway,1,Clear,88,Not Applicable,4,Dark-Lighted,1,Dry,0,None,88,Not Applicable,88,Not Applicable,0,None,88,Not Applicable,88,Not Applicable,1,Non-Junction,1,Not at Intersection,1,No,1,No,88,Not Applicable,88,Not Applicable,88,Not Applicable,88,Not Applicable,FALSE,1,Public Road,1,"Trafficway, On Road",CT0009300,New Haven PD,40955,04:52.0,C,Closed,01:34.0,,2,20300,3,PRINCIPAL ARTERIAL - OTHER - NEW HPMS,2,Urban
960054,1,Complete,960054,960054,41.323672,-72.872137,3457194,New Haven,93,93,New Haven,8/7/2022,2022,8,August,7,1,Sunday,17:00:00,17,22026504,A,"Injury of any type (Serious, Minor, Possible)",C,Possible Injury (C),2,0,0,3,State,0.21,103,103-N,103-N,EASTERN ST,,,,,41.323672,-72.872137,14,Motor Vehicle in Operation,3,Angle,1,On Roadway,1,Clear,88,Not Applicable,1,Daylight,1,Dry,0,None,88,Not Applicable,88,Not Applicable,0,None,88,Not Applicable,88,Not Applicable,2,Intersection,2,Four-Way Intersection,1,No,1,No,88,Not Applicable,88,Not Applicable,88,Not Applicable,88,Not Applicable,FALSE,1,Public Road,1,"Trafficway, On Road",CT0009300,New Haven PD,313,34:38.0,C,Closed,01:36.0,,1,9100,4,MINOR ARTERIAL - NEW HPMS,1,Rural
960055,1,Complete,960055,960055,41.33189,-72.92755,3457195,New Haven,93,93,New Haven,8/7/2022,2022,8,August,7,1,Sunday,20:06:00,20,22026522,A,"Injury of any type (Serious, Minor, Possible)",C,Possible Injury (C),2,0,0,4,Local,0.19,434,NEWHALL ST,NEWHALL ST,HUNTINGTON ST,,,,,41.33189,-72.92755,14,Motor Vehicle in Operation,3,Angle,1,On Roadway,1,Clear,88,Not Applicable,4,Dark-Lighted,1,Dry,0,None,88,Not Applicable,88,Not Applicable,0,None,88,Not Applicable,88,Not Applicable,2,Intersection,3,T-Intersection,1,No,1,No,88,Not Applicable,88,Not Applicable,88,Not Applicable,88,Not Applicable,FALSE,1,Public Road,1,"Trafficway, On Road",CT0009300,New Haven PD,36335,18:28.0,C,Closed,01:38.0,,,,,,,
960395,1,Complete,960395,960395,41.32789,-72.87845,3457535,New Haven,93,93,New Haven,7/31/2022,2022,7,July,31,1,Sunday,20:53:00,20,22025557,A,"Injury of any type (Serious, Minor, Possible)",C,Possible Injury (C),2,0,0,3,State,0.55,17,17-N,17-N,FLINT ST,,,,,41.32789,-72.87845,14,Motor Vehicle in Operation,1,Front to rear,1,On Roadway,1,Clear,88,Not Applicable,4,Dark-Lighted,1,Dry,0,None,88,Not Applicable,88,Not Applicable,0,None,88,Not Applicable,88,Not Applicable,3,Intersection-Related,2,Four-Way Intersection,1,No,1,No,88,Not Applicable,88,Not Applicable,88,Not Applicable,88,Not Applicable,FALSE,1,Public Road,1,"Trafficway, On Road",CT0009300,New Haven PD,225,21:26.0,C,Closed,00:14.0,,1,14300,3,PRINCIPAL ARTERIAL - OTHER - NEW HPMS,1,Rural
960398,1,Complete,960398,960398,41.31401,-72.91225,3457538,New Haven,93,93,New Haven,8/6/2022,2022,8,August,6,7,Saturday,8:51:00,8,22026358,A,"Injury of any type (Serious, Minor, Possible)",C,Possible Injury (C),2,0,0,4,Local,0.48,575,STATE ST,STATE ST,,HUMPHREY ST,5,Feet,E,41.31401,-72.91225,14,Motor Vehicle in Operation,1,Front to rear,1,On Roadway,1,Clear,88,Not Applicable,1,Daylight,1,Dry,0,None,88,Not Applicable,88,Not Applicable,0,None,88,Not Applicable,88,Not Applicable,1,Non-Junction,1,Not at Intersection,1,No,1,No,88,Not Applicable,88,Not Applicable,88,Not Applicable,88,Not Applicable,FALSE,1,Public Road,1,"Trafficway, On Road",CT0009300,New Haven PD,43614,08:10.0,C,Closed,00:17.0,,,,,,,
960400,1,Complete,960400,960400,41.30654,-72.9528,3457540,New Haven,93,93,New Haven,8/8/2022,2022,8,August,8,2,Monday,11:13:00,11,22026586,A,"Injury of any type (Serious, Minor, Possible)",C,Possible Injury (C),2,0,0,3,State,2.13,10,10-N,10-N,REV DR MLK JR BLVD,,,,,41.30654,-72.9528,14,Motor Vehicle in Operation,4,"Sideswipe, same direction",1,On Roadway,1,Clear,88,Not Applicable,1,Daylight,1,Dry,0,None,88,Not Applicable,88,Not Applicable,0,None,88,Not Applicable,88,Not Applicable,2,Intersection,3,T-Intersection,1,No,1,No,88,Not Applicable,88,Not Applicable,88,Not Applicable,88,Not Applicable,TRUE,1,Public Road,1,"Trafficway, On Road",CT0009300,New Haven PD,295,32:20.0,C,Closed,00:08.0,,2,24500,3,PRINCIPAL ARTERIAL - OTHER - NEW HPMS,2,Urban
960405,1,Complete,960405,960405,41.32155,-72.92963,3457545,New Haven,93,93,New Haven,8/9/2022,2022,8,August,9,3,Tuesday,7:11:00,7,22026697,A,"Injury of any type (Serious, Minor, Possible)",B,Suspected Minor Injury (B),1,1,1,4,Local,0.2,429,MUNSON ST,MUNSON ST,,CANAL ST,30,Feet,E,41.32155,-72.92963,9,Pedestrian,88,Not Applicable,1,On Roadway,1,Clear,88,Not Applicable,1,Daylight,1,Dry,0,None,88,Not Applicable,88,Not Applicable,0,None,88,Not Applicable,88,Not Applicable,1,Non-Junction,1,Not at Intersection,1,No,1,No,88,Not Applicable,88,Not Applicable,88,Not Applicable,88,Not Applicable,FALSE,1,Public Road,1,"Trafficway, On Road",CT0009300,New Haven PD,44057,14:32.0,C,Closed,00:07.0,,2,8600,4,MINOR ARTERIAL - NEW HPMS,2,Urban
960412,1,Complete,960412,960412,41.29792,-72.94712,3457552,New Haven,93,93,New Haven,8/9/2022,2022,8,August,9,3,Tuesday,15:38:00,15,22026787,A,"Injury of any type (Serious, Minor, Possible)",B,Suspected Minor Injury (B),2,0,0,4,Local,0,123,CONGRESS AV,CONGRESS AV,DAVENPORT AV,,,,,41.29792,-72.94712,14,Motor Vehicle in Operation,1,Front to rear,1,On Roadway,1,Clear,88,Not Applicable,1,Daylight,1,Dry,0,None,88,Not Applicable,88,Not Applicable,0,None,88,Not Applicable,88,Not Applicable,3,Intersection-Related,2,Four-Way Intersection,1,No,1,No,88,Not Applicable,88,Not Applicable,88,Not Applicable,88,Not Applicable,FALSE,1,Public Road,1,"Trafficway, On Road",CT0009300,New Haven PD,158,40:01.0,C,Closed,00:15.0,,,,,,,
960416,1,Complete,960416,960416,41.30846,-72.88605,3457556,New Haven,93,93,New Haven,8/10/2022,2022,8,August,10,4,Wednesday,0:06:00,0,22026835,A,"Injury of any type (Serious, Minor, Possible)",C,Possible Injury (C),2,0,0,4,Local,1.12,498,QUINNIPIAC AV,QUINNIPIAC AV,GRAND AV,,,,,41.30846,-72.88605,14,Motor Vehicle in Operation,1,Front to rear,1,On Roadway,1,Clear,88,Not Applicable,6,Dark-Unknown Lighting,1,Dry,99,Unknown,88,Not Applicable,88,Not Applicable,99,Unknown,88,Not Applicable,88,Not Applicable,3,Intersection-Related,2,Four-Way Intersection,1,No,1,No,88,Not Applicable,88,Not Applicable,88,Not Applicable,88,Not Applicable,TRUE,1,Public Road,1,"Trafficway, On Road",CT0009300,New Haven PD,40792,03:36.0,C,Closed,00:17.0,,,,,,,
960709,1,Complete,960709,960709,41.311882,-72.933274,3457849,New Haven,93,93,New Haven,8/7/2022,2022,8,August,7,1,Sunday,23:34:00,23,22026541,A,"Injury of any type (Serious, Minor, Possible)",C,Possible Injury (C),2,0,0,4,Local,0.02,726,ELM ST NO 2,ELM ST NO 2,,HOWE ST,50,Feet,E,41.311882,-72.933274,14,Motor Vehicle in Operation,1,Front to rear,1,On Roadway,1,Clear,88,Not Applicable,4,Dark-Lighted,1,Dry,0,None,88,Not Applicable,88,Not Applicable,0,None,88,Not Applicable,88,Not Applicable,1,Non-Junction,1,Not at Intersection,1,No,1,No,88,Not Applicable,88,Not Applicable,88,Not Applicable,88,Not Applicable,TRUE,1,Public Road,1,"Trafficway, On Road",CT0009300,New Haven PD,39,36:47.0,C,Closed,01:25.0,22026541,,,,,,
960713,1,Complete,960713,960713,41.309192,-72.91955,3457853,New Haven,93,93,New Haven,8/10/2022,2022,8,August,10,4,Wednesday,15:14:00,15,22026914,A,"Injury of any type (Serious, Minor, Possible)",C,Possible Injury (C),2,0,0,4,Local,1,575,STATE ST,STATE ST,GROVE ST,,,,,41.309192,-72.91955,14,Motor Vehicle in Operation,3,Angle,1,On Roadway,1,Clear,88,Not Applicable,1,Daylight,1,Dry,0,None,88,Not Applicable,88,Not Applicable,0,None,88,Not Applicable,88,Not Applicable,2,Intersection,2,Four-Way Intersection,1,No,1,No,88,Not Applicable,88,Not Applicable,88,Not Applicable,88,Not Applicable,TRUE,1,Public Road,1,"Trafficway, On Road",CT0009300,New Haven PD,980,46:24.0,C,Closed,01:28.0,,,,,,,
960717,1,Complete,960717,960717,41.310104,-72.953201,3457857,New Haven,93,93,New Haven,8/10/2022,2022,8,August,10,4,Wednesday,18:07:00,18,22026955,A,"Injury of any type (Serious, Minor, Possible)",C,Possible Injury (C),2,0,0,4,Local,0.38,147,DERBY AV,DERBY AV,,ELLA T GRASSO BLVD,10,Feet,E,41.310104,-72.953201,14,Motor Vehicle in Operation,1,Front to rear,1,On Roadway,1,Clear,88,Not Applicable,1,Daylight,1,Dry,0,None,88,Not Applicable,88,Not Applicable,0,None,88,Not Applicable,88,Not Applicable,1,Non-Junction,1,Not at Intersection,1,No,1,No,88,Not Applicable,88,Not Applicable,88,Not Applicable,88,Not Applicable,FALSE,1,Public Road,1,"Trafficway, On Road",CT0009300,New Haven PD,503,00:35.0,C,Closed,01:29.0,,,,,,,
964287,1,Complete,964287,964287,41.31206,-72.91933,3461426,New Haven,93,93,New Haven,5/24/2022,2022,5,May,24,3,Tuesday,8:20:00,8,22017064,A,"Injury of any type (Serious, Minor, Possible)",C,Possible Injury (C),2,0,0,1,Interstate,0.53,91,91-N-134,91-N-134,ORANGE ST NO 1,,,,,41.31206,-72.91933,14,Motor Vehicle in Operation,3,Angle,1,On Roadway,1,Clear,88,Not Applicable,1,Daylight,1,Dry,0,None,88,Not Applicable,88,Not Applicable,0,None,88,Not Applicable,88,Not Applicable,2,Intersection,2,Four-Way Intersection,1,No,1,No,88,Not Applicable,88,Not Applicable,88,Not Applicable,88,Not Applicable,FALSE,1,Public Road,1,"Trafficway, On Road",CT0009300,New Haven PD,991,01:37.0,C,Closed,23:24.0,,3,101400,1,INTERSTATE - NEW HPMS,3,Unknown
964288,1,Complete,964288,964288,41.3215,-72.92885,3461427,New Haven,93,93,New Haven,6/16/2022,2022,6,June,16,5,Thursday,19:35:00,19,22020229,A,"Injury of any type (Serious, Minor, Possible)",C,Possible Injury (C),2,0,1,4,Local,0.16,429,MUNSON ST,MUNSON ST,WINCHESTER AV,,,,,41.3215,-72.92885,14,Motor Vehicle in Operation,3,Angle,1,On Roadway,1,Clear,88,Not Applicable,1,Daylight,1,Dry,0,None,88,Not Applicable,88,Not Applicable,0,None,88,Not Applicable,88,Not Applicable,2,Intersection,2,Four-Way Intersection,1,No,1,No,88,Not Applicable,88,Not Applicable,88,Not Applicable,88,Not Applicable,FALSE,1,Public Road,1,"Trafficway, On Road",CT0009300,New Haven PD,97,29:18.0,C,Closed,23:25.0,,2,8700,4,MINOR ARTERIAL - NEW HPMS,2,Urban
964290,1,Complete,964290,964290,41.31796,-72.94603,3461429,New Haven,93,93,New Haven,7/3/2022,2022,7,July,3,1,Sunday,22:11:00,22,22022184,A,"Injury of any type (Serious, Minor, Possible)",C,Possible Injury (C),2,0,0,4,Local,0.17,653,WHALLEY AV,WHALLEY AV,NORTON ST,,,,,41.31796,-72.94603,14,Motor Vehicle in Operation,3,Angle,1,On Roadway,1,Clear,88,Not Applicable,4,Dark-Lighted,1,Dry,0,None,88,Not Applicable,88,Not Applicable,0,None,88,Not Applicable,88,Not Applicable,2,Intersection,2,Four-Way Intersection,1,No,1,No,88,Not Applicable,88,Not Applicable,88,Not Applicable,88,Not Applicable,FALSE,1,Public Road,1,"Trafficway, On Road",CT0009300,New Haven PD,11439,06:23.0,C,Closed,23:27.0,,4,21200,3,PRINCIPAL ARTERIAL - OTHER - NEW HPMS,2,Urban
964293,1,Complete,964293,964293,41.30846,-72.92994,3461432,New Haven,93,93,New Haven,7/28/2022,2022,7,July,28,5,Thursday,1:53:00,1,22024612,A,"Injury of any type (Serious, Minor, Possible)",C,Possible Injury (C),1,0,0,4,Local,0.21,291,HIGH ST,HIGH ST,,CHAPEL ST,200,Feet,N,41.30846,-72.92994,25,Curb,88,Not Applicable,2,Shoulder,1,Clear,88,Not Applicable,5,Dark-Not Lighted,1,Dry,99,Unknown,88,Not Applicable,88,Not Applicable,99,Unknown,88,Not Applicable,88,Not Applicable,1,Non-Junction,1,Not at Intersection,1,No,1,No,88,Not Applicable,88,Not Applicable,88,Not Applicable,88,Not Applicable,FALSE,1,Public Road,2,"Trafficway, Not on Road",CT0009300,New Haven PD,42044,35:28.0,O,Open,23:38.0,,2,4352,7,LOCAL - NEW HPMS,2,Urban
964298,1,Complete,964298,964298,41.29783,-72.93427,3461437,New Haven,93,93,New Haven,8/4/2022,2022,8,August,4,5,Thursday,17:21:00,17,22026094,A,"Injury of any type (Serious, Minor, Possible)",C,Possible Injury (C),2,0,1,2,USRoute,47.4,1,1-N,1-N,HOWARD AV,,,Feet,,41.29783,-72.93427,14,Motor Vehicle in Operation,3,Angle,1,On Roadway,1,Clear,88,Not Applicable,1,Daylight,1,Dry,0,None,88,Not Applicable,88,Not Applicable,0,None,88,Not Applicable,88,Not Applicable,2,Intersection,2,Four-Way Intersection,1,No,1,No,88,Not Applicable,88,Not Applicable,88,Not Applicable,88,Not Applicable,FALSE,1,Public Road,1,"Trafficway, On Road",CT0009300,New Haven PD,44048,48:18.0,C,Closed,24:07.0,,1,8400,3,PRINCIPAL ARTERIAL - OTHER - NEW HPMS,1,Rural
964302,1,Complete,964302,964302,41.29496,-72.94716,3461441,New Haven,93,93,New Haven,8/6/2022,2022,8,August,6,7,Saturday,14:11:00,14,22026388,A,"Injury of any type (Serious, Minor, Possible)",B,Suspected Minor Injury (B),2,0,2,4,Local,0.04,492,PRINTERS LA,PRINTERS LA,,ELLA T GRASSO BLVD,200,Feet,W,41.29496,-72.94716,14,Motor Vehicle in Operation,3,Angle,1,On Roadway,1,Clear,88,Not Applicable,1,Daylight,1,Dry,0,None,88,Not Applicable,88,Not Applicable,0,None,88,Not Applicable,88,Not Applicable,8,Driveway Access,1,Not at Intersection,1,No,1,No,88,Not Applicable,88,Not Applicable,88,Not Applicable,88,Not Applicable,TRUE,1,Public Road,1,"Trafficway, On Road",CT0009300,New Haven PD,301,46:30.0,C,Closed,25:12.0,,,,,,,
964304,1,Complete,964304,964304,41.30142,-72.93536,3461443,New Haven,93,93,New Haven,8/7/2022,2022,8,August,7,1,Sunday,22:40:00,22,22026538,A,"Injury of any type (Serious, Minor, Possible)",C,Possible Injury (C),2,0,0,4,Local,0.35,308,HOWARD AV,HOWARD AV,CONGRESS AV,,,,,41.30142,-72.93536,14,Motor Vehicle in Operation,1,Front to rear,1,On Roadway,1,Clear,88,Not Applicable,4,Dark-Lighted,1,Dry,0,None,88,Not Applicable,88,Not Applicable,0,None,88,Not Applicable,88,Not Applicable,2,Intersection,2,Four-Way Intersection,99,Unknown,1,No,88,Not Applicable,88,Not Applicable,88,Not Applicable,88,Not Applicable,FALSE,1,Public Road,1,"Trafficway, On Road",CT0009300,New Haven PD,723,44:06.0,C,Closed,23:33.0,,,,,,,
964305,1,Complete,964305,964305,41.29636,-72.89284,3461444,New Haven,93,93,New Haven,8/8/2022,2022,8,August,8,2,Monday,9:13:00,9,22026578,A,"Injury of any type (Serious, Minor, Possible)",B,Suspected Minor Injury (B),3,0,1,4,Local,0.14,210,FARREN AV,FARREN AV,,FULTON STREET,200,Feet,S,41.29636,-72.89284,14,Motor Vehicle in Operation,4,"Sideswipe, same direction",1,On Roadway,1,Clear,88,Not Applicable,1,Daylight,1,Dry,0,None,88,Not Applicable,88,Not Applicable,0,None,88,Not Applicable,88,Not Applicable,1,Non-Junction,1,Not at Intersection,1,No,1,No,88,Not Applicable,88,Not Applicable,88,Not Applicable,88,Not Applicable,FALSE,1,Public Road,1,"Trafficway, On Road",CT0009300,New Haven PD,44063,21:19.0,C,Closed,23:52.0,,,,,,,
964315,1,Complete,964315,964315,41.30247,-72.9106,3461454,New Haven,93,93,New Haven,8/9/2022,2022,8,August,9,3,Tuesday,22:12:00,22,22026841,A,"Injury of any type (Serious, Minor, Possible)",B,Suspected Minor Injury (B),1,0,0,4,Local,0.94,165,EAST ST,EAST ST,,WOOSTER STREET,40,Feet,S,41.30247,-72.9106,39,"Other Fixed Object (wall, building, tunnel, etc.)",88,Not Applicable,8,"Off Roadway,  Location Unknown",1,Clear,88,Not Applicable,4,Dark-Lighted,1,Dry,0,None,88,Not Applicable,88,Not Applicable,0,None,88,Not Applicable,88,Not Applicable,1,Non-Junction,1,Not at Intersection,1,No,1,No,88,Not Applicable,88,Not Applicable,88,Not Applicable,88,Not Applicable,FALSE,1,Public Road,1,"Trafficway, On Road",CT0009300,New Haven PD,370,34:48.0,C,Closed,24:35.0,,3,19000,4,MINOR ARTERIAL - NEW HPMS,2,Urban
964318,1,Complete,964318,964318,41.29131,-72.93323,3461457,New Haven,93,93,New Haven,8/10/2022,2022,8,August,10,4,Wednesday,20:38:00,20,22026971,A,"Injury of any type (Serious, Minor, Possible)",B,Suspected Minor Injury (B),1,1,0,4,Local,0.06,339,KIMBERLY AV,KIMBERLY AV,,LAMBERTON ST,20,Feet,N,41.29131,-72.93323,9,Pedestrian,88,Not Applicable,1,On Roadway,1,Clear,88,Not Applicable,5,Dark-Not Lighted,1,Dry,0,None,88,Not Applicable,88,Not Applicable,0,None,88,Not Applicable,88,Not Applicable,1,Non-Junction,1,Not at Intersection,1,No,1,No,88,Not Applicable,88,Not Applicable,88,Not Applicable,88,Not Applicable,FALSE,1,Public Road,1,"Trafficway, On Road",CT0009300,New Haven PD,223,09:10.0,C,Closed,23:50.0,,4,7500,4,MINOR ARTERIAL - NEW HPMS,2,Urban