CrashId,Fatal Case Status,Fatal Case Status Text Format,CrashId,CrashId,Latitude,Longitude,DOT Case Number,Town Name,Town Number,Town Number,Town Number Text Format,Date Of Crash,Year,Month,Month Text Format,Day,Day of the Week,Day of the Week Text Format,Time of Crash,Hour of the Day,Case Identifier,Crash Severity,Crash Severity Text Format,Most Severe Injury,Most Severe Injury Text Format,Number Of Motor Vehicles,Number Of Non-Motorist,Number Of Witnesses,Route Class,Route Class Text Format,Milemarker,Road Number,Road Description,Roadway Name,Intersecting Roadway Name,Landmark Description,Distance From Nearest Landmark,Unit Of Measure From Nearest Landmark,Direction From Nearest Landmark,Latitude,Longitude,First Harmful Event,First Harmful Event Text Format,Manner of Crash / Collision Impact,Manner of Crash / Collision Impact Text Format,Location of First Harmful Event,Location of First Harmful Event Text Format,Weather Condition,Weather Condition Text Format,Weather 2,Weather 2 Text Format,Light Condition,Light Condition Text Format,Road Surface Condition,Road Surface Condition Text Format,"Contributing Circumstances, Environment","Contributing Circumstances, Environment Text Format",Environment 2,Environment 2 Text Format,Environment 3,Environment 3 Text Format,"Contributing Circumstances, Road","Contributing Circumstances, Road Text Format",Road 2,Road 2 Text Format,Road 3,Road 3 Text Format,Crash Specific Location,Crash Specific Location Text Format,Type of Intersection,Type of Intersection Text Format,School Bus Related,School Bus Related Text Format,Work Zone Related,Work Zone Related Text Format,Location Of Crash Relative To Work Zone,Location Of Crash Relative To Work Zone Text Format,Type of Work Zone,Type of Work Zone Text Format,Worker Presence,Worker Presence Text Format,Law Enforcement Presence,Law Enforcement Presence Text Format,Were Vehicles Moved Prior To Police Arrival,Trafficway Ownership,Trafficway Ownership Text Format,Trafficway Class,Trafficway Class Text Format,Police Agency,Police Agency Text Format,Badge Number,Approval Date,Police Case Status,Police Case Status Text Format,Crash Report Submission Date,Related Case Identifiers,No. of Through Lanes (Log Dir.),Average Daily Traffic,Functional Classification,Functional Classification Text Format,Rural or Urban,Rural or Urban Text Format
964319,1,Complete,964319,964319,41.30901,-72.89585,3461458,New Haven,93,93,New Haven,8/10/2022,2022,8,August,10,4,Wednesday,23:40:00,23,22026989,A,"Injury of any type (Serious, Minor, Possible)",A,Suspected Serious Injury (A),2,0,0,4,Local,0.52,264,GRAND AV,GRAND AV,,FERRY STREET,66,Feet,W,41.30901,-72.89585,14,Motor Vehicle in Operation,97,Other,1,On Roadway,1,Clear,88,Not Applicable,4,Dark-Lighted,1,Dry,0,None,88,Not Applicable,88,Not Applicable,0,None,88,Not Applicable,88,Not Applicable,1,Non-Junction,1,Not at Intersection,1,No,1,No,88,Not Applicable,88,Not Applicable,88,Not Applicable,88,Not Applicable,FALSE,1,Public Road,1,"Trafficway, On Road",CT0009300,New Haven PD,370,34:34.0,O,Open,24:34.0,,,,,,,
964320,1,Complete,964320,964320,41.29231,-72.92113,3461459,New Haven,93,93,New Haven,8/10/2022,2022,8,August,10,4,Wednesday,23:00:00,23,22026990,A,"Injury of any type (Serious, Minor, Possible)",C,Possible Injury (C),1,0,0,4,Local,0.66,359,SARGENT DR,SARGENT DR,,CHURCH ST S,100,Feet,N,41.29231,-72.92113,34,Traffic Sign Support,88,Not Applicable,2,Shoulder,1,Clear,88,Not Applicable,4,Dark-Lighted,1,Dry,0,None,88,Not Applicable,88,Not Applicable,0,None,88,Not Applicable,88,Not Applicable,1,Non-Junction,1,Not at Intersection,1,No,1,No,88,Not Applicable,88,Not Applicable,88,Not Applicable,88,Not Applicable,FALSE,1,Public Road,2,"Trafficway, Not on Road",CT0009300,New Haven PD,293,21:26.0,C,Closed,24:04.0,,4,11300,3,PRINCIPAL ARTERIAL - OTHER - NEW HPMS,2,Urban
964325,1,Complete,964325,964325,41.32287,-72.93492,3461464,New Haven,93,93,New Haven,8/11/2022,2022,8,August,11,5,Thursday,14:39:00,14,22027036,A,"Injury of any type (Serious, Minor, Possible)",C,Possible Injury (C),2,0,0,4,Local,0.7,152,DIXWELL AV,DIXWELL AV,MUNSON ST,,,,,41.32287,-72.93492,14,Motor Vehicle in Operation,3,Angle,1,On Roadway,1,Clear,88,Not Applicable,1,Daylight,1,Dry,0,None,88,Not Applicable,88,Not Applicable,0,None,88,Not Applicable,88,Not Applicable,2,Intersection,8,"Five-Point, or More",1,No,1,No,88,Not Applicable,88,Not Applicable,88,Not Applicable,88,Not Applicable,FALSE,1,Public Road,1,"Trafficway, On Road",CT0009300,New Haven PD,43776,14:27.0,C,Closed,24:12.0,,,,,,,
964332,1,Complete,964332,964332,41.28891,-72.93174,3461471,New Haven,93,93,New Haven,8/11/2022,2022,8,August,11,5,Thursday,18:51:00,18,22027092,A,"Injury of any type (Serious, Minor, Possible)",B,Suspected Minor Injury (B),2,0,0,4,Local,1.23,308,HOWARD AV,HOWARD AV,SECOND ST NO 1,,,,,41.28891,-72.93174,14,Motor Vehicle in Operation,3,Angle,1,On Roadway,1,Clear,88,Not Applicable,1,Daylight,1,Dry,0,None,88,Not Applicable,88,Not Applicable,0,None,88,Not Applicable,88,Not Applicable,2,Intersection,2,Four-Way Intersection,1,No,1,No,88,Not Applicable,88,Not Applicable,88,Not Applicable,88,Not Applicable,FALSE,1,Public Road,1,"Trafficway, On Road",CT0009300,New Haven PD,44050,22:16.0,C,Closed,24:02.0,,,,,,,
964335,1,Complete,964335,964335,41.31678,-72.95181,3461474,New Haven,93,93,New Haven,8/11/2022,2022,8,August,11,5,Thursday,23:54:00,23,22027119,A,"Injury of any type (Serious, Minor, Possible)",C,Possible Injury (C),3,0,0,4,Local,0.1,72,BROWNELL ST,BROWNELL ST,MAPLE ST,,,,,41.31678,-72.95181,14,Motor Vehicle in Operation,97,Other,1,On Roadway,1,Clear,88,Not Applicable,4,Dark-Lighted,1,Dry,0,None,88,Not Applicable,88,Not Applicable,0,None,88,Not Applicable,88,Not Applicable,2,Intersection,2,Four-Way Intersection,1,No,1,No,88,Not Applicable,88,Not Applicable,88,Not Applicable,88,Not Applicable,FALSE,1,Public Road,1,"Trafficway, On Road",CT0009300,New Haven PD,43614,44:02.0,C,Closed,23:50.0,,,,,,,
964342,1,Complete,964342,964342,41.32038,-72.95088,3461481,New Haven,93,93,New Haven,8/12/2022,2022,8,August,12,6,Friday,15:25:00,15,22027188,A,"Injury of any type (Serious, Minor, Possible)",C,Possible Injury (C),1,1,0,3,State,3.16,10,10-N,10-N,HOBART ST,,,,,41.32038,-72.95088,9,Pedestrian,88,Not Applicable,1,On Roadway,1,Clear,88,Not Applicable,1,Daylight,1,Dry,0,None,88,Not Applicable,88,Not Applicable,0,None,88,Not Applicable,88,Not Applicable,3,Intersection-Related,2,Four-Way Intersection,1,No,1,No,88,Not Applicable,88,Not Applicable,88,Not Applicable,88,Not Applicable,FALSE,1,Public Road,1,"Trafficway, On Road",CT0009300,New Haven PD,991,30:51.0,C,Closed,23:45.0,,4,18000,3,PRINCIPAL ARTERIAL - OTHER - NEW HPMS,2,Urban
964346,1,Complete,964346,964346,41.31096,-72.94277,3461485,New Haven,93,93,New Haven,8/12/2022,2022,8,August,12,6,Friday,16:56:00,16,22027218,A,"Injury of any type (Serious, Minor, Possible)",C,Possible Injury (C),3,0,0,4,Local,2.72,97,CHAPEL ST,CHAPEL ST,,BEERS ST,15,Feet,W,41.31096,-72.94277,14,Motor Vehicle in Operation,1,Front to rear,1,On Roadway,1,Clear,88,Not Applicable,1,Daylight,1,Dry,0,None,88,Not Applicable,88,Not Applicable,0,None,88,Not Applicable,88,Not Applicable,11,Through Roadway,1,Not at Intersection,1,No,1,No,88,Not Applicable,88,Not Applicable,88,Not Applicable,88,Not Applicable,FALSE,1,Public Road,1,"Trafficway, On Road",CT0009300,New Haven PD,40793,23:14.0,C,Closed,23:47.0,,,,,,,
964347,1,Complete,964347,964347,41.28889,-72.92262,3461486,New Haven,93,93,New Haven,8/13/2022,2022,8,August,13,7,Saturday,0:23:00,0,22027264,A,"Injury of any type (Serious, Minor, Possible)",C,Possible Injury (C),2,0,0,1,Interstate,0.18,95,95-N-326,95-N-326,LONG WHARF DR,,,,,41.28889,-72.92262,14,Motor Vehicle in Operation,3,Angle,1,On Roadway,1,Clear,88,Not Applicable,4,Dark-Lighted,1,Dry,0,None,88,Not Applicable,88,Not Applicable,0,None,88,Not Applicable,88,Not Applicable,2,Intersection,3,T-Intersection,1,No,1,No,88,Not Applicable,88,Not Applicable,88,Not Applicable,88,Not Applicable,FALSE,1,Public Road,1,"Trafficway, On Road",CT0009300,New Haven PD,42369,12:02.0,O,Open,23:58.0,,1,5400,1,INTERSTATE - NEW HPMS,,
964349,1,Complete,964349,964349,41.30858,-72.90123,3461488,New Haven,93,93,New Haven,8/13/2022,2022,8,August,13,7,Saturday,12:35:00,12,22027305,A,"Injury of any type (Serious, Minor, Possible)",B,Suspected Minor Injury (B),2,0,0,4,Local,0.8,264,GRAND AV,GRAND AV,LLOYD ST,,,,,41.30858,-72.90123,14,Motor Vehicle in Operation,1,Front to rear,1,On Roadway,1,Clear,88,Not Applicable,1,Daylight,1,Dry,0,None,88,Not Applicable,88,Not Applicable,3,Backup Due to Regular Congestion,88,Not Applicable,88,Not Applicable,2,Intersection,2,Four-Way Intersection,1,No,1,No,88,Not Applicable,88,Not Applicable,88,Not Applicable,88,Not Applicable,TRUE,1,Public Road,1,"Trafficway, On Road",CT0009300,New Haven PD,42053,35:34.0,C,Closed,23:51.0,,,,,,,
964351,1,Complete,964351,964351,41.32278,-72.90673,3461490,New Haven,93,93,New Haven,8/13/2022,2022,8,August,13,7,Saturday,12:45:00,12,22027310,A,"Injury of any type (Serious, Minor, Possible)",C,Possible Injury (C),2,0,0,4,Local,0.22,418,MITCHELL DR,MITCHELL DR,NICOLL ST,,,,,41.32278,-72.90673,14,Motor Vehicle in Operation,1,Front to rear,1,On Roadway,1,Clear,88,Not Applicable,1,Daylight,1,Dry,0,None,88,Not Applicable,88,Not Applicable,0,None,88,Not Applicable,88,Not Applicable,2,Intersection,3,T-Intersection,1,No,1,No,88,Not Applicable,88,Not Applicable,88,Not Applicable,88,Not Applicable,FALSE,1,Public Road,1,"Trafficway, On Road",CT0009300,New Haven PD,44056,04:45.0,C,Closed,23:53.0,,,,,,,
964353,1,Complete,964353,964353,41.31026,-72.928935,3461492,New Haven,93,93,New Haven,8/12/2022,2022,8,August,12,6,Friday,22:05:00,22,22027317,A,"Injury of any type (Serious, Minor, Possible)",C,Possible Injury (C),2,0,0,4,Local,0.27,726,ELM ST NO 2,ELM ST NO 2,,High St ,35,Feet,W,41.31026,-72.928935,14,Motor Vehicle in Operation,1,Front to rear,1,On Roadway,1,Clear,88,Not Applicable,4,Dark-Lighted,1,Dry,0,None,88,Not Applicable,88,Not Applicable,0,None,88,Not Applicable,88,Not Applicable,3,Intersection-Related,3,T-Intersection,1,No,1,No,88,Not Applicable,88,Not Applicable,88,Not Applicable,88,Not Applicable,FALSE,1,Public Road,1,"Trafficway, On Road",CT0009300,New Haven PD,106,37:56.0,O,Open,23:52.0,,,,,,,
964356,1,Complete,964356,964356,41.31667,-72.94236,3461495,New Haven,93,93,New Haven,8/13/2022,2022,8,August,13,7,Saturday,16:44:00,16,22027325,A,"Injury of any type (Serious, Minor, Possible)",A,Suspected Serious Injury (A),2,0,2,4,Local,0.38,653,WHALLEY AV,WHALLEY AV,SHERMAN AV,,,,,41.31667,-72.94236,14,Motor Vehicle in Operation,3,Angle,1,On Roadway,1,Clear,88,Not Applicable,1,Daylight,1,Dry,0,None,88,Not Applicable,88,Not Applicable,0,None,88,Not Applicable,88,Not Applicable,2,Intersection,2,Four-Way Intersection,1,No,1,No,88,Not Applicable,88,Not Applicable,88,Not Applicable,88,Not Applicable,FALSE,1,Public Road,1,"Trafficway, On Road",CT0009300,New Haven PD,40812,33:49.0,C,Closed,23:55.0,,,,,,,
964362,1,Complete,964362,964362,41.3027,-72.92335,3461501,New Haven,93,93,New Haven,8/13/2022,2022,8,August,13,7,Saturday,22:18:00,22,22027363,A,"Injury of any type (Serious, Minor, Possible)",B,Suspected Minor Injury (B),2,0,0,4,Local,0.08,729,STATE ST NORTH,STATE ST NORTH,FAIR ST,,,,,41.3027,-72.92335,14,Motor Vehicle in Operation,3,Angle,1,On Roadway,1,Clear,88,Not Applicable,4,Dark-Lighted,1,Dry,0,None,88,Not Applicable,88,Not Applicable,0,None,88,Not Applicable,88,Not Applicable,2,Intersection,2,Four-Way Intersection,1,No,1,No,88,Not Applicable,88,Not Applicable,88,Not Applicable,88,Not Applicable,FALSE,1,Public Road,1,"Trafficway, On Road",CT0009300,New Haven PD,44061,49:02.0,C,Closed,24:57.0,22-027363,,,,,,
964364,1,Complete,964364,964364,41.30124,-72.92028,3461503,New Haven,93,93,New Haven,8/14/2022,2022,8,August,14,1,Sunday,2:03:00,2,22027380,A,"Injury of any type (Serious, Minor, Possible)",C,Possible Injury (C),2,0,0,4,Local,0,447,OLIVE ST,OLIVE ST,,BREWERY ST,50,Feet,W,41.30124,-72.92028,14,Motor Vehicle in Operation,1,Front to rear,1,On Roadway,1,Clear,88,Not Applicable,4,Dark-Lighted,1,Dry,0,None,88,Not Applicable,88,Not Applicable,0,None,88,Not Applicable,88,Not Applicable,1,Non-Junction,1,Not at Intersection,1,No,1,No,88,Not Applicable,88,Not Applicable,88,Not Applicable,88,Not Applicable,FALSE,1,Public Road,1,"Trafficway, On Road",CT0009300,New Haven PD,44044,31:42.0,O,Open,23:59.0,22-027380,,,,,,
964367,1,Complete,964367,964367,41.31668,-72.94236,3461506,New Haven,93,93,New Haven,8/14/2022,2022,8,August,14,1,Sunday,8:07:00,8,22027397,A,"Injury of any type (Serious, Minor, Possible)",B,Suspected Minor Injury (B),2,0,0,4,Local,0.38,653,WHALLEY AV,WHALLEY AV,SHERMAN AV,,,,,41.31668,-72.94236,14,Motor Vehicle in Operation,3,Angle,1,On Roadway,1,Clear,88,Not Applicable,1,Daylight,1,Dry,0,None,88,Not Applicable,88,Not Applicable,0,None,88,Not Applicable,88,Not Applicable,2,Intersection,2,Four-Way Intersection,1,No,1,No,88,Not Applicable,88,Not Applicable,88,Not Applicable,88,Not Applicable,FALSE,1,Public Road,1,"Trafficway, On Road",CT0009300,New Haven PD,465,13:49.0,C,Closed,24:36.0,,,,,,,
964368,1,Complete,964368,964368,41.30493,-72.89886,3461507,New Haven,93,93,New Haven,8/14/2022,2022,8,August,14,1,Sunday,11:48:00,11,22027414,A,"Injury of any type (Serious, Minor, Possible)",C,Possible Injury (C),2,0,0,4,Local,0.22,542,SALTONSTALL AV,SALTONSTALL AV,BLATCHLEY AV,,,,,41.30493,-72.89886,14,Motor Vehicle in Operation,3,Angle,1,On Roadway,1,Clear,88,Not Applicable,1,Daylight,1,Dry,0,None,88,Not Applicable,88,Not Applicable,0,None,88,Not Applicable,88,Not Applicable,2,Intersection,2,Four-Way Intersection,1,No,1,No,88,Not Applicable,88,Not Applicable,88,Not Applicable,88,Not Applicable,TRUE,1,Public Road,1,"Trafficway, On Road",CT0009300,New Haven PD,980,02:36.0,C,Closed,24:39.0,,,,,,,
964370,1,Complete,964370,964370,41.31115,-72.89603,3461509,New Haven,93,93,New Haven,8/14/2022,2022,8,August,14,1,Sunday,14:11:00,14,22027424,A,"Injury of any type (Serious, Minor, Possible)",B,Suspected Minor Injury (B),2,0,0,4,Local,0.62,213,FERRY ST,FERRY ST,CLAY ST NO 2,,,,,41.31115,-72.89603,14,Motor Vehicle in Operation,1,Front to rear,1,On Roadway,1,Clear,88,Not Applicable,1,Daylight,1,Dry,0,None,88,Not Applicable,88,Not Applicable,0,None,88,Not Applicable,88,Not Applicable,2,Intersection,3,T-Intersection,1,No,1,No,88,Not Applicable,88,Not Applicable,88,Not Applicable,88,Not Applicable,FALSE,1,Public Road,1,"Trafficway, On Road",CT0009300,New Haven PD,42057,27:18.0,C,Closed,24:05.0,,,,,,,
964371,1,Complete,964371,964371,41.31751,-72.92952,3461510,New Haven,93,93,New Haven,8/14/2022,2022,8,August,14,1,Sunday,14:31:00,14,22027428,A,"Injury of any type (Serious, Minor, Possible)",C,Possible Injury (C),2,0,0,4,Local,0.12,631,WEBSTER ST,WEBSTER ST,ASHMUN ST NO 2,,,,,41.31751,-72.92952,14,Motor Vehicle in Operation,97,Other,1,On Roadway,1,Clear,88,Not Applicable,1,Daylight,1,Dry,0,None,88,Not Applicable,88,Not Applicable,0,None,88,Not Applicable,88,Not Applicable,2,Intersection,2,Four-Way Intersection,1,No,1,No,88,Not Applicable,88,Not Applicable,88,Not Applicable,88,Not Applicable,TRUE,1,Public Road,1,"Trafficway, On Road",CT0009300,New Haven PD,301,11:47.0,C,Closed,24:03.0,,,,,,,
964372,1,Complete,964372,964372,41.30355,-72.91049,3461511,New Haven,93,93,New Haven,8/14/2022,2022,8,August,14,1,Sunday,17:43:00,17,22027437,A,"Injury of any type (Serious, Minor, Possible)",C,Possible Injury (C),2,0,0,4,Local,0.87,165,EAST ST,EAST ST,CHAPEL ST,,,,,41.30355,-72.91049,14,Motor Vehicle in Operation,3,Angle,1,On Roadway,1,Clear,88,Not Applicable,1,Daylight,1,Dry,0,None,88,Not Applicable,88,Not Applicable,0,None,88,Not Applicable,88,Not Applicable,2,Intersection,2,Four-Way Intersection,1,No,1,No,88,Not Applicable,88,Not Applicable,88,Not Applicable,88,Not Applicable,FALSE,1,Public Road,1,"Trafficway, On Road",CT0009300,New Haven PD,42057,05:27.0,C,Closed,24:06.0,,,,,,,
964373,1,Complete,964373,964373,41.30719,-72.92069,3461512,New Haven,93,93,New Haven,8/14/2022,2022,8,August,14,1,Sunday,22:56:00,22,22027444,A,"Injury of any type (Serious, Minor, Possible)",C,Possible Injury (C),3,0,1,4,Local,1.84,264,GRAND AV,GRAND AV,,STATE STREET,20,Feet,W,41.30719,-72.92069,14,Motor Vehicle in Operation,3,Angle,1,On Roadway,1,Clear,88,Not Applicable,4,Dark-Lighted,1,Dry,0,None,88,Not Applicable,88,Not Applicable,0,None,88,Not Applicable,88,Not Applicable,1,Non-Junction,1,Not at Intersection,1,No,1,No,88,Not Applicable,88,Not Applicable,88,Not Applicable,88,Not Applicable,FALSE,1,Public Road,1,"Trafficway, On Road",CT0009300,New Haven PD,40808,39:56.0,C,Closed,24:09.0,,,,,,,
964379,1,Complete,964379,964379,41.30814,-72.94223,3461518,New Haven,93,93,New Haven,8/15/2022,2022,8,August,15,2,Monday,8:05:00,8,22027486,A,"Injury of any type (Serious, Minor, Possible)",C,Possible Injury (C),2,0,0,4,Local,0.46,453,ORCHARD ST,ORCHARD ST,GILBERT AV,,,,,41.30814,-72.94223,14,Motor Vehicle in Operation,3,Angle,1,On Roadway,2,Cloudy,88,Not Applicable,1,Daylight,1,Dry,0,None,88,Not Applicable,88,Not Applicable,0,None,88,Not Applicable,88,Not Applicable,2,Intersection,2,Four-Way Intersection,1,No,1,No,88,Not Applicable,88,Not Applicable,88,Not Applicable,88,Not Applicable,TRUE,1,Public Road,1,"Trafficway, On Road",CT0009300,New Haven PD,381,51:22.0,C,Closed,24:14.0,,,,,,,
964405,1,Complete,964405,964405,41.30278,-72.94068,3461544,New Haven,93,93,New Haven,8/15/2022,2022,8,August,15,2,Monday,9:55:00,9,22027507,A,"Injury of any type (Serious, Minor, Possible)",C,Possible Injury (C),2,0,0,4,Local,0.06,191,ELLIOTT ST,ELLIOTT ST,,DAVENPORT AVE,300,Feet,N,41.30278,-72.94068,14,Motor Vehicle in Operation,1,Front to rear,1,On Roadway,1,Clear,88,Not Applicable,1,Daylight,1,Dry,0,None,88,Not Applicable,88,Not Applicable,0,None,88,Not Applicable,88,Not Applicable,1,Non-Junction,1,Not at Intersection,1,No,1,No,88,Not Applicable,88,Not Applicable,88,Not Applicable,88,Not Applicable,FALSE,1,Public Road,1,"Trafficway, On Road",CT0009300,New Haven PD,44046,49:45.0,C,Closed,24:12.0,,,,,,,
964408,1,Complete,964408,964408,41.300984,-72.94767,3461547,New Haven,93,93,New Haven,8/15/2022,2022,8,August,15,2,Monday,15:51:00,15,22027552,A,"Injury of any type (Serious, Minor, Possible)",C,Possible Injury (C),2,0,0,3,State,1.47,10,10-N,10-N,,ORANGE AVE,1300,Feet,N,41.300984,-72.94767,14,Motor Vehicle in Operation,4,"Sideswipe, same direction",1,On Roadway,1,Clear,88,Not Applicable,1,Daylight,1,Dry,0,None,88,Not Applicable,88,Not Applicable,0,None,88,Not Applicable,88,Not Applicable,1,Non-Junction,1,Not at Intersection,1,No,1,No,88,Not Applicable,88,Not Applicable,88,Not Applicable,88,Not Applicable,FALSE,1,Public Road,1,"Trafficway, On Road",CT0009300,New Haven PD,158,44:46.0,O,Open,24:21.0,22-027552,2,20300,3,PRINCIPAL ARTERIAL - OTHER - NEW HPMS,2,Urban
964411,1,Complete,964411,964411,41.29356,-72.89769,3461550,New Haven,93,93,New Haven,8/15/2022,2022,8,August,15,2,Monday,17:41:00,17,22027579,A,"Injury of any type (Serious, Minor, Possible)",C,Possible Injury (C),2,0,1,2,USRoute,49.82,1,1-N,1-N,FULTON TER,,,,,41.29356,-72.89769,14,Motor Vehicle in Operation,3,Angle,1,On Roadway,1,Clear,88,Not Applicable,1,Daylight,1,Dry,0,None,88,Not Applicable,88,Not Applicable,0,None,88,Not Applicable,88,Not Applicable,2,Intersection,2,Four-Way Intersection,1,No,1,No,88,Not Applicable,88,Not Applicable,88,Not Applicable,88,Not Applicable,FALSE,1,Public Road,1,"Trafficway, On Road",CT0009300,New Haven PD,279,11:38.0,C,Closed,24:38.0,,2,9400,3,PRINCIPAL ARTERIAL - OTHER - NEW HPMS,2,Urban
964424,1,Complete,964424,964424,41.300038,-72.936971,3461563,New Haven,93,93,New Haven,8/16/2022,2022,8,August,16,3,Tuesday,10:39:00,10,22027658,A,"Injury of any type (Serious, Minor, Possible)",C,Possible Injury (C),2,0,0,4,Local,0.05,138,DAGGETT ST,DAGGETT ST,,CONGREESS AVE,300,Feet,S,41.300038,-72.936971,14,Motor Vehicle in Operation,1,Front to rear,1,On Roadway,1,Clear,88,Not Applicable,1,Daylight,1,Dry,0,None,88,Not Applicable,88,Not Applicable,0,None,88,Not Applicable,88,Not Applicable,1,Non-Junction,1,Not at Intersection,1,No,1,No,88,Not Applicable,88,Not Applicable,88,Not Applicable,88,Not Applicable,FALSE,1,Public Road,1,"Trafficway, On Road",CT0009300,New Haven PD,44046,06:59.0,C,Closed,24:36.0,,,,,,,
964427,1,Complete,964427,964427,41.29806,-72.91322,3461566,New Haven,93,93,New Haven,8/16/2022,2022,8,August,16,3,Tuesday,12:35:00,12,22027670,A,"Injury of any type (Serious, Minor, Possible)",C,Possible Injury (C),2,0,0,4,Local,1.06,513,LONG WHARF DR,LONG WHARF DR,HAMILTON ST NO 1,,,,,41.29806,-72.91322,14,Motor Vehicle in Operation,3,Angle,1,On Roadway,1,Clear,88,Not Applicable,1,Daylight,1,Dry,0,None,88,Not Applicable,88,Not Applicable,0,None,88,Not Applicable,88,Not Applicable,2,Intersection,3,T-Intersection,1,No,1,No,88,Not Applicable,88,Not Applicable,88,Not Applicable,88,Not Applicable,FALSE,1,Public Road,1,"Trafficway, On Road",CT0009300,New Haven PD,26,02:19.0,C,Closed,24:45.0,,,,,,,
964436,1,Complete,964436,964436,41.32032,-72.8723,3461575,New Haven,93,93,New Haven,8/18/2022,2022,8,August,18,5,Thursday,17:00:00,17,22027711,A,"Injury of any type (Serious, Minor, Possible)",B,Suspected Minor Injury (B),2,0,1,3,State,0.54,80,80-E,80-E,,EASTERN ST,50,Feet,W,41.32032,-72.8723,14,Motor Vehicle in Operation,3,Angle,1,On Roadway,1,Clear,88,Not Applicable,1,Daylight,1,Dry,0,None,88,Not Applicable,88,Not Applicable,0,None,88,Not Applicable,88,Not Applicable,1,Non-Junction,1,Not at Intersection,1,No,1,No,88,Not Applicable,88,Not Applicable,88,Not Applicable,88,Not Applicable,FALSE,1,Public Road,1,"Trafficway, On Road",CT0009300,New Haven PD,42049,38:18.0,C,Closed,24:51.0,,2,32300,3,PRINCIPAL ARTERIAL - OTHER - NEW HPMS,2,Urban
964439,1,Complete,964439,964439,41.3088,-72.89854,3461578,New Haven,93,93,New Haven,8/16/2022,2022,8,August,16,3,Tuesday,18:20:00,18,22027727,A,"Injury of any type (Serious, Minor, Possible)",A,Suspected Serious Injury (A),3,0,0,4,Local,0.67,264,GRAND AV,GRAND AV,,GRAND AVE,50,Feet,S,41.3088,-72.89854,14,Motor Vehicle in Operation,3,Angle,1,On Roadway,1,Clear,88,Not Applicable,1,Daylight,1,Dry,0,None,88,Not Applicable,88,Not Applicable,0,None,88,Not Applicable,88,Not Applicable,1,Non-Junction,1,Not at Intersection,1,No,1,No,88,Not Applicable,88,Not Applicable,88,Not Applicable,88,Not Applicable,FALSE,1,Public Road,1,"Trafficway, On Road",CT0009300,New Haven PD,43690,38:39.0,O,Open,25:18.0,,,,,,,
964442,1,Complete,964442,964442,41.31068,-72.89749,3461581,New Haven,93,93,New Haven,8/17/2022,2022,8,August,17,4,Wednesday,5:18:00,5,22027767,A,"Injury of any type (Serious, Minor, Possible)",C,Possible Injury (C),2,0,0,4,Local,0.61,487,POPLAR ST,POPLAR ST,CLAY ST NO 2,,,,,41.31068,-72.89749,14,Motor Vehicle in Operation,3,Angle,1,On Roadway,2,Cloudy,88,Not Applicable,3,Dusk,2,Wet,0,None,88,Not Applicable,88,Not Applicable,0,None,88,Not Applicable,88,Not Applicable,2,Intersection,2,Four-Way Intersection,1,No,1,No,88,Not Applicable,88,Not Applicable,88,Not Applicable,88,Not Applicable,FALSE,1,Public Road,1,"Trafficway, On Road",CT0009300,New Haven PD,42053,07:49.0,C,Closed,24:44.0,,,,,,,
964443,1,Complete,964443,964443,41.2911,-72.93401,3461582,New Haven,93,93,New Haven,8/17/2022,2022,8,August,17,4,Wednesday,18:40:00,18,22027820,A,"Injury of any type (Serious, Minor, Possible)",A,Suspected Serious Injury (A),1,1,0,4,Local,0.34,350,LAMBERTON ST,LAMBERTON ST,,GREENWICH AVE,15,Feet,W,41.2911,-72.93401,9,Pedestrian,88,Not Applicable,1,On Roadway,2,Cloudy,88,Not Applicable,1,Daylight,1,Dry,0,None,88,Not Applicable,88,Not Applicable,0,None,88,Not Applicable,88,Not Applicable,1,Non-Junction,1,Not at Intersection,1,No,1,No,88,Not Applicable,88,Not Applicable,88,Not Applicable,88,Not Applicable,FALSE,1,Public Road,1,"Trafficway, On Road",CT0009300,New Haven PD,44050,43:05.0,C,Closed,24:42.0,,4,5348,7,LOCAL - NEW HPMS,2,Urban
964446,1,Complete,964446,964446,41.32222,-72.91163,3461585,New Haven,93,93,New Haven,8/17/2022,2022,8,August,17,4,Wednesday,17:05:00,17,22027838,A,"Injury of any type (Serious, Minor, Possible)",C,Possible Injury (C),2,0,0,4,Local,0.39,450,ORANGE ST NO 1,ORANGE ST NO 1,WILLOW ST,,,,,41.32222,-72.91163,14,Motor Vehicle in Operation,1,Front to rear,1,On Roadway,1,Clear,88,Not Applicable,1,Daylight,2,Wet,0,None,88,Not Applicable,88,Not Applicable,0,None,88,Not Applicable,88,Not Applicable,2,Intersection,2,Four-Way Intersection,1,No,1,No,88,Not Applicable,88,Not Applicable,88,Not Applicable,88,Not Applicable,TRUE,1,Public Road,1,"Trafficway, On Road",CT0009300,New Haven PD,40953,20:11.0,C,Closed,24:42.0,,,,,,,
964447,1,Complete,964447,964447,41.28293,-72.93462,3461586,New Haven,93,93,New Haven,8/17/2022,2022,8,August,17,4,Wednesday,18:48:00,18,22027840,A,"Injury of any type (Serious, Minor, Possible)",B,Suspected Minor Injury (B),2,0,1,3,State,0.19,10,10-N,10-N,SEA ST,,,,,41.28293,-72.93462,14,Motor Vehicle in Operation,2,Front to front,1,On Roadway,1,Clear,88,Not Applicable,1,Daylight,1,Dry,0,None,88,Not Applicable,88,Not Applicable,0,None,88,Not Applicable,88,Not Applicable,2,Intersection,2,Four-Way Intersection,1,No,1,No,88,Not Applicable,88,Not Applicable,88,Not Applicable,88,Not Applicable,FALSE,1,Public Road,1,"Trafficway, On Road",CT0009300,New Haven PD,40810,08:26.0,C,Closed,24:47.0,,2,15100,3,PRINCIPAL ARTERIAL - OTHER - NEW HPMS,2,Urban