CrashId,Fatal Case Status,Fatal Case Status Text Format,CrashId,CrashId,Latitude,Longitude,DOT Case Number,Town Name,Town Number,Town Number,Town Number Text Format,Date Of Crash,Year,Month,Month Text Format,Day,Day of the Week,Day of the Week Text Format,Time of Crash,Hour of the Day,Case Identifier,Crash Severity,Crash Severity Text Format,Most Severe Injury,Most Severe Injury Text Format,Number Of Motor Vehicles,Number Of Non-Motorist,Number Of Witnesses,Route Class,Route Class Text Format,Milemarker,Road Number,Road Description,Roadway Name,Intersecting Roadway Name,Landmark Description,Distance From Nearest Landmark,Unit Of Measure From Nearest Landmark,Direction From Nearest Landmark,Latitude,Longitude,First Harmful Event,First Harmful Event Text Format,Manner of Crash / Collision Impact,Manner of Crash / Collision Impact Text Format,Location of First Harmful Event,Location of First Harmful Event Text Format,Weather Condition,Weather Condition Text Format,Weather 2,Weather 2 Text Format,Light Condition,Light Condition Text Format,Road Surface Condition,Road Surface Condition Text Format,"Contributing Circumstances, Environment","Contributing Circumstances, Environment Text Format",Environment 2,Environment 2 Text Format,Environment 3,Environment 3 Text Format,"Contributing Circumstances, Road","Contributing Circumstances, Road Text Format",Road 2,Road 2 Text Format,Road 3,Road 3 Text Format,Crash Specific Location,Crash Specific Location Text Format,Type of Intersection,Type of Intersection Text Format,School Bus Related,School Bus Related Text Format,Work Zone Related,Work Zone Related Text Format,Location Of Crash Relative To Work Zone,Location Of Crash Relative To Work Zone Text Format,Type of Work Zone,Type of Work Zone Text Format,Worker Presence,Worker Presence Text Format,Law Enforcement Presence,Law Enforcement Presence Text Format,Were Vehicles Moved Prior To Police Arrival,Trafficway Ownership,Trafficway Ownership Text Format,Trafficway Class,Trafficway Class Text Format,Police Agency,Police Agency Text Format,Badge Number,Approval Date,Police Case Status,Police Case Status Text Format,Crash Report Submission Date,Related Case Identifiers,No. of Through Lanes (Log Dir.),Average Daily Traffic,Functional Classification,Functional Classification Text Format,Rural or Urban,Rural or Urban Text Format
964455,1,Complete,964455,964455,41.30698,-72.93728,3461594,New Haven,93,93,New Haven,8/18/2022,2022,8,August,18,5,Thursday,22:16:00,22,22027961,A,"Injury of any type (Serious, Minor, Possible)",B,Suspected Minor Injury (B),4,0,0,4,Local,0.74,809,REV DR MLK JR BLVD,REV DR MLK JR BLVD,HOWE ST,,,,,41.30698,-72.93728,14,Motor Vehicle in Operation,3,Angle,1,On Roadway,1,Clear,1,Clear,1,Daylight,1,Dry,99,Unknown,99,Unknown,88,Not Applicable,99,Unknown,88,Not Applicable,88,Not Applicable,2,Intersection,2,Four-Way Intersection,1,No,1,No,88,Not Applicable,88,Not Applicable,88,Not Applicable,88,Not Applicable,FALSE,1,Public Road,1,"Trafficway, On Road",CT0009300,New Haven PD,428,27:03.0,O,Open,25:19.0,,,,,,,
964457,1,Complete,964457,964457,41.26896,-72.89189,3461596,New Haven,93,93,New Haven,8/18/2022,2022,8,August,18,5,Thursday,17:38:00,17,22027972,A,"Injury of any type (Serious, Minor, Possible)",C,Possible Injury (C),1,1,1,4,Local,0.3,74,BURR ST,BURR ST,,FORT HALE ROAD,50,Feet,E,41.26896,-72.89189,11,Other Non-motorist,88,Not Applicable,7,In Parking Lane or Zone,4,Rain,88,Not Applicable,1,Daylight,2,Wet,0,None,88,Not Applicable,88,Not Applicable,0,None,88,Not Applicable,88,Not Applicable,8,Driveway Access,1,Not at Intersection,1,No,1,No,88,Not Applicable,88,Not Applicable,88,Not Applicable,88,Not Applicable,FALSE,2,Private Road,4,Parking Lot,CT0009300,New Haven PD,180,22:39.0,C,Closed,24:58.0,22027972,,,,,,
964462,1,Complete,964462,964462,41.315967,-72.965384,3461601,New Haven,93,93,New Haven,8/19/2022,2022,8,August,19,6,Friday,6:29:00,6,22028021,A,"Injury of any type (Serious, Minor, Possible)",C,Possible Injury (C),1,0,0,4,Local,3.96,97,CHAPEL ST,CHAPEL ST,,CENTRAL AVENUE,500,Feet,W,41.315967,-72.965384,33,Utility Pole/Light Support,88,Not Applicable,1,On Roadway,1,Clear,88,Not Applicable,2,Dawn,1,Dry,0,None,88,Not Applicable,88,Not Applicable,0,None,88,Not Applicable,88,Not Applicable,1,Non-Junction,1,Not at Intersection,1,No,1,No,88,Not Applicable,88,Not Applicable,88,Not Applicable,88,Not Applicable,FALSE,1,Public Road,1,"Trafficway, On Road",CT0009300,New Haven PD,44048,53:58.0,C,Closed,25:22.0,,2,4100,5,MAJOR COLLECTOR - NEW HPMS,2,Urban
964463,1,Complete,964463,964463,41.30591,-72.94686,3461602,New Haven,93,93,New Haven,8/19/2022,2022,8,August,19,6,Friday,7:34:00,7,22028023,A,"Injury of any type (Serious, Minor, Possible)",A,Suspected Serious Injury (A),3,0,2,4,Local,0.29,360,LEGION AV-RT 34,LEGION AV-RT 34,SHERMAN AV,,,,,41.30591,-72.94686,14,Motor Vehicle in Operation,3,Angle,1,On Roadway,1,Clear,88,Not Applicable,1,Daylight,1,Dry,0,None,88,Not Applicable,88,Not Applicable,0,None,88,Not Applicable,88,Not Applicable,2,Intersection,2,Four-Way Intersection,1,No,1,No,88,Not Applicable,88,Not Applicable,88,Not Applicable,88,Not Applicable,FALSE,1,Public Road,1,"Trafficway, On Road",CT0009300,New Haven PD,137,47:28.0,C,Closed,24:52.0,,,,,,,
964470,1,Complete,964470,964470,41.31249,-72.93497,3461609,New Haven,93,93,New Haven,8/19/2022,2022,8,August,19,6,Friday,17:09:00,17,22028109,A,"Injury of any type (Serious, Minor, Possible)",C,Possible Injury (C),2,0,1,4,Local,0.08,160,DWIGHT ST,DWIGHT ST,ELM ST NO 1,,,,,41.31249,-72.93497,14,Motor Vehicle in Operation,3,Angle,1,On Roadway,1,Clear,88,Not Applicable,1,Daylight,1,Dry,0,None,88,Not Applicable,88,Not Applicable,0,None,88,Not Applicable,88,Not Applicable,2,Intersection,2,Four-Way Intersection,1,No,1,No,88,Not Applicable,88,Not Applicable,88,Not Applicable,88,Not Applicable,FALSE,1,Public Road,1,"Trafficway, On Road",CT0009300,New Haven PD,42046,22:33.0,C,Closed,24:55.0,,,,,,,
964473,1,Complete,964473,964473,41.3325,-72.93547,3461612,New Haven,93,93,New Haven,8/19/2022,2022,8,August,19,6,Friday,14:50:00,14,22028140,A,"Injury of any type (Serious, Minor, Possible)",C,Possible Injury (C),1,1,1,4,Local,1.9,152,BASSETT ST,Bassett St ,,Dixwell Ave ,50,Feet,W,41.3325,-72.93547,9,Pedestrian,88,Not Applicable,1,On Roadway,1,Clear,88,Not Applicable,1,Daylight,1,Dry,0,None,88,Not Applicable,88,Not Applicable,0,None,88,Not Applicable,88,Not Applicable,1,Non-Junction,1,Not at Intersection,1,No,1,No,88,Not Applicable,88,Not Applicable,88,Not Applicable,88,Not Applicable,TRUE,1,Public Road,1,"Trafficway, On Road",CT0009300,New Haven PD,40801,34:33.0,C,Closed,25:25.0,,4,6200,5,MAJOR COLLECTOR - NEW HPMS,2,Urban
964475,1,Complete,964475,964475,41.31754,-72.90142,3461614,New Haven,93,93,New Haven,8/19/2022,2022,8,August,19,6,Friday,23:07:00,23,22028157,A,"Injury of any type (Serious, Minor, Possible)",C,Possible Injury (C),2,0,0,4,Local,0,666,WILLOW ST,WILLOW ST,5-N,,,,,41.31754,-72.90142,14,Motor Vehicle in Operation,4,"Sideswipe, same direction",1,On Roadway,1,Clear,88,Not Applicable,4,Dark-Lighted,1,Dry,0,None,88,Not Applicable,88,Not Applicable,0,None,88,Not Applicable,88,Not Applicable,2,Intersection,2,Four-Way Intersection,1,No,1,No,88,Not Applicable,88,Not Applicable,88,Not Applicable,88,Not Applicable,FALSE,1,Public Road,1,"Trafficway, On Road",CT0009300,New Haven PD,44051,53:37.0,C,Closed,25:22.0,,,,,,,
964476,1,Complete,964476,964476,41.29779,-72.93466,3461615,New Haven,93,93,New Haven,8/19/2022,2022,8,August,19,6,Friday,23:55:00,23,22028161,A,"Injury of any type (Serious, Minor, Possible)",B,Suspected Minor Injury (B),3,0,0,2,USRoute,47.4,1,1-N,1-N,HOWARD AV,,,,,41.29779,-72.93466,14,Motor Vehicle in Operation,1,Front to rear,1,On Roadway,1,Clear,88,Not Applicable,4,Dark-Lighted,1,Dry,0,None,88,Not Applicable,88,Not Applicable,0,None,88,Not Applicable,88,Not Applicable,3,Intersection-Related,2,Four-Way Intersection,1,No,1,No,88,Not Applicable,88,Not Applicable,88,Not Applicable,88,Not Applicable,FALSE,1,Public Road,1,"Trafficway, On Road",CT0009300,New Haven PD,42366,40:45.0,C,Closed,25:21.0,,1,8400,3,PRINCIPAL ARTERIAL - OTHER - NEW HPMS,1,Rural
964477,1,Complete,964477,964477,41.30482,-72.92668,3461616,New Haven,93,93,New Haven,8/19/2022,2022,8,August,19,6,Friday,23:44:00,23,22028163,A,"Injury of any type (Serious, Minor, Possible)",B,Suspected Minor Injury (B),2,0,0,4,Local,0.07,103,CHURCH ST,CHURCH ST,CROWN ST,,,,,41.30482,-72.92668,14,Motor Vehicle in Operation,3,Angle,1,On Roadway,1,Clear,88,Not Applicable,4,Dark-Lighted,1,Dry,0,None,88,Not Applicable,88,Not Applicable,0,None,0,None,88,Not Applicable,2,Intersection,2,Four-Way Intersection,1,No,1,No,88,Not Applicable,88,Not Applicable,88,Not Applicable,88,Not Applicable,TRUE,1,Public Road,1,"Trafficway, On Road",CT0009300,New Haven PD,40952,38:53.0,C,Closed,24:58.0,,,,,,,
964481,1,Complete,964481,964481,41.3163,-72.94249,3461620,New Haven,93,93,New Haven,8/20/2022,2022,8,August,20,7,Saturday,4:48:00,4,22028183,A,"Injury of any type (Serious, Minor, Possible)",B,Suspected Minor Injury (B),1,1,0,4,Local,0.75,556,SHERMAN AV,SHERMAN AV,,WHALLEY AVE,70,Feet,S,41.3163,-72.94249,9,Pedestrian,88,Not Applicable,1,On Roadway,1,Clear,88,Not Applicable,4,Dark-Lighted,1,Dry,0,None,88,Not Applicable,88,Not Applicable,0,None,88,Not Applicable,88,Not Applicable,1,Non-Junction,1,Not at Intersection,1,No,1,No,88,Not Applicable,88,Not Applicable,88,Not Applicable,88,Not Applicable,TRUE,1,Public Road,1,"Trafficway, On Road",CT0009300,New Haven PD,82,20:54.0,O,Open,25:01.0,,4,10900,4,MINOR ARTERIAL - NEW HPMS,2,Urban
964486,1,Complete,964486,964486,41.32598,-72.95879,3461625,New Haven,93,93,New Haven,8/20/2022,2022,8,August,20,7,Saturday,18:04:00,18,22028236,A,"Injury of any type (Serious, Minor, Possible)",B,Suspected Minor Injury (B),3,0,1,3,State,0.13,63,63-N,63-N,243-E,,,,,41.32598,-72.95879,14,Motor Vehicle in Operation,3,Angle,1,On Roadway,1,Clear,88,Not Applicable,1,Daylight,1,Dry,0,None,88,Not Applicable,88,Not Applicable,0,None,88,Not Applicable,88,Not Applicable,2,Intersection,3,T-Intersection,1,No,1,No,88,Not Applicable,88,Not Applicable,88,Not Applicable,88,Not Applicable,FALSE,1,Public Road,1,"Trafficway, On Road",CT0009300,New Haven PD,74,19:47.0,C,Closed,25:04.0,,1,23200,3,PRINCIPAL ARTERIAL - OTHER - NEW HPMS,3,Unknown
964487,1,Complete,964487,964487,41.2808,-72.89764,3461626,New Haven,93,93,New Haven,8/20/2022,2022,8,August,20,7,Saturday,15:46:00,15,22028237,A,"Injury of any type (Serious, Minor, Possible)",C,Possible Injury (C),3,0,0,4,Local,0.77,678,WOODWARD AV,WOODWARD AV,,UPSON TERRACE,100,Feet,S,41.2808,-72.89764,14,Motor Vehicle in Operation,3,Angle,1,On Roadway,1,Clear,88,Not Applicable,1,Daylight,1,Dry,0,None,88,Not Applicable,88,Not Applicable,0,None,88,Not Applicable,88,Not Applicable,11,Through Roadway,1,Not at Intersection,1,No,1,No,88,Not Applicable,88,Not Applicable,88,Not Applicable,88,Not Applicable,FALSE,1,Public Road,1,"Trafficway, On Road",CT0009300,New Haven PD,44060,30:33.0,C,Closed,25:06.0,,,,,,,
964488,1,Complete,964488,964488,41.32216,-72.90089,3461627,New Haven,93,93,New Haven,8/20/2022,2022,8,August,20,7,Saturday,18:49:00,18,22028249,A,"Injury of any type (Serious, Minor, Possible)",C,Possible Injury (C),2,0,1,4,Local,0.16,616,VIEW ST,VIEW ST,,ENGLISH DRIVE,100,Feet,S,41.32216,-72.90089,14,Motor Vehicle in Operation,1,Front to rear,1,On Roadway,1,Clear,88,Not Applicable,1,Daylight,1,Dry,0,None,88,Not Applicable,88,Not Applicable,0,None,88,Not Applicable,88,Not Applicable,1,Non-Junction,1,Not at Intersection,1,No,1,No,88,Not Applicable,88,Not Applicable,88,Not Applicable,88,Not Applicable,FALSE,1,Public Road,1,"Trafficway, On Road",CT0009300,New Haven PD,42052,54:26.0,C,Closed,25:07.0,,,,,,,
964490,1,Complete,964490,964490,41.307302,-72.883805,3461629,New Haven,93,93,New Haven,8/20/2022,2022,8,August,20,7,Saturday,19:05:00,19,22028253,A,"Injury of any type (Serious, Minor, Possible)",A,Suspected Serious Injury (A),2,0,0,4,Local,0.74,366,LEXINGTON AV,LEXINGTON AV,EAST GRAND AV,,,,,41.307302,-72.883805,14,Motor Vehicle in Operation,1,Front to rear,1,On Roadway,1,Clear,88,Not Applicable,1,Daylight,1,Dry,0,None,88,Not Applicable,88,Not Applicable,0,None,88,Not Applicable,88,Not Applicable,2,Intersection,2,Four-Way Intersection,1,No,1,No,88,Not Applicable,88,Not Applicable,88,Not Applicable,88,Not Applicable,FALSE,1,Public Road,1,"Trafficway, On Road",CT0009300,New Haven PD,43776,33:34.0,C,Closed,25:15.0,,,,,,,
964492,1,Complete,964492,964492,41.31919,-72.94902,3461631,New Haven,93,93,New Haven,8/20/2022,2022,8,August,20,7,Saturday,20:59:00,20,22028263,A,"Injury of any type (Serious, Minor, Possible)",B,Suspected Minor Injury (B),1,0,0,3,State,3.03,10,10-N,10-N,WHALLEY AV,,,,,41.31919,-72.94902,35,Traffic Signal Support,88,Not Applicable,1,On Roadway,1,Clear,88,Not Applicable,4,Dark-Lighted,1,Dry,0,None,88,Not Applicable,88,Not Applicable,0,None,88,Not Applicable,88,Not Applicable,2,Intersection,2,Four-Way Intersection,1,No,1,No,88,Not Applicable,88,Not Applicable,88,Not Applicable,88,Not Applicable,FALSE,1,Public Road,1,"Trafficway, On Road",CT0009300,New Haven PD,40812,12:14.0,C,Closed,25:09.0,,4,19800,3,PRINCIPAL ARTERIAL - OTHER - NEW HPMS,2,Urban
964494,1,Complete,964494,964494,41.291102,-72.941259,3461633,New Haven,93,93,New Haven,8/21/2022,2022,8,August,21,1,Sunday,2:49:00,2,22028284,A,"Injury of any type (Serious, Minor, Possible)",C,Possible Injury (C),2,0,0,3,State,0.88,10,10-N,10-N,WASHINGTON AV NO 1,,,,,41.291102,-72.941259,14,Motor Vehicle in Operation,1,Front to rear,1,On Roadway,1,Clear,88,Not Applicable,4,Dark-Lighted,1,Dry,0,None,88,Not Applicable,88,Not Applicable,0,None,88,Not Applicable,88,Not Applicable,2,Intersection,2,Four-Way Intersection,1,No,1,No,88,Not Applicable,88,Not Applicable,88,Not Applicable,88,Not Applicable,FALSE,1,Public Road,1,"Trafficway, On Road",CT0009300,New Haven PD,42370,59:16.0,O,Open,25:10.0,,2,18000,3,PRINCIPAL ARTERIAL - OTHER - NEW HPMS,2,Urban
964498,1,Complete,964498,964498,41.31614,-72.89724,3461637,New Haven,93,93,New Haven,8/21/2022,2022,8,August,21,1,Sunday,17:21:00,17,22028337,A,"Injury of any type (Serious, Minor, Possible)",B,Suspected Minor Injury (B),2,0,0,4,Local,0.25,213,FERRY ST,FERRY ST,PECK ST NO 2,,,,,41.31614,-72.89724,14,Motor Vehicle in Operation,1,Front to rear,1,On Roadway,1,Clear,88,Not Applicable,1,Daylight,1,Dry,0,None,88,Not Applicable,88,Not Applicable,0,None,88,Not Applicable,88,Not Applicable,2,Intersection,2,Four-Way Intersection,1,No,1,No,88,Not Applicable,88,Not Applicable,88,Not Applicable,88,Not Applicable,FALSE,1,Public Road,1,"Trafficway, On Road",CT0009300,New Haven PD,42057,28:04.0,C,Closed,25:20.0,,,,,,,
964499,1,Complete,964499,964499,41.30881,-72.94558,3461638,New Haven,93,93,New Haven,8/21/2022,2022,8,August,21,1,Sunday,20:21:00,20,22028355,A,"Injury of any type (Serious, Minor, Possible)",C,Possible Injury (C),2,0,1,4,Local,0.21,556,SHERMAN AV,SHERMAN AV,GILBERT AV,,,,,41.30881,-72.94558,14,Motor Vehicle in Operation,3,Angle,1,On Roadway,1,Clear,88,Not Applicable,4,Dark-Lighted,1,Dry,0,None,88,Not Applicable,88,Not Applicable,0,None,88,Not Applicable,88,Not Applicable,3,Intersection-Related,2,Four-Way Intersection,1,No,1,No,88,Not Applicable,88,Not Applicable,88,Not Applicable,88,Not Applicable,TRUE,1,Public Road,1,"Trafficway, On Road",CT0009300,New Haven PD,39,28:46.0,C,Closed,25:20.0,,,,,,,
964519,1,Complete,964519,964519,41.30231,-72.95114,3461658,New Haven,93,93,New Haven,8/22/2022,2022,8,August,22,2,Monday,15:24:00,15,22028456,A,"Injury of any type (Serious, Minor, Possible)",C,Possible Injury (C),2,0,0,3,State,1.82,10,10-N,10-N,,COLUMBUS AVE,1000,Feet,N,41.30231,-72.95114,14,Motor Vehicle in Operation,1,Front to rear,1,On Roadway,1,Clear,88,Not Applicable,1,Daylight,1,Dry,0,None,88,Not Applicable,88,Not Applicable,0,None,88,Not Applicable,88,Not Applicable,1,Non-Junction,1,Not at Intersection,1,No,1,No,88,Not Applicable,88,Not Applicable,88,Not Applicable,88,Not Applicable,FALSE,1,Public Road,1,"Trafficway, On Road",CT0009300,New Haven PD,11439,06:19.0,C,Closed,25:29.0,,2,20800,3,PRINCIPAL ARTERIAL - OTHER - NEW HPMS,2,Urban
964526,1,Complete,964526,964526,41.302207,-72.928964,3461665,New Haven,93,93,New Haven,8/22/2022,2022,8,August,22,2,Monday,23:44:00,23,22028499,A,"Injury of any type (Serious, Minor, Possible)",C,Possible Injury (C),2,0,0,4,Local,0.27,564,SOUTH FRONTAGE RD,SOUTH FRONTAGE RD,,CHURCH ST SO NO 1,70,Feet,W,41.302207,-72.928964,14,Motor Vehicle in Operation,4,"Sideswipe, same direction",1,On Roadway,4,Rain,88,Not Applicable,4,Dark-Lighted,2,Wet,99,Unknown,88,Not Applicable,88,Not Applicable,99,Unknown,88,Not Applicable,88,Not Applicable,3,Intersection-Related,3,T-Intersection,1,No,1,No,88,Not Applicable,88,Not Applicable,88,Not Applicable,88,Not Applicable,TRUE,1,Public Road,1,"Trafficway, On Road",CT0009300,New Haven PD,42366,08:30.0,O,Open,25:31.0,,,,,,,
964601,1,Complete,964601,964601,41.32702,-72.96614,3461740,New Haven,93,93,New Haven,8/18/2022,2022,8,August,18,5,Thursday,13:05:00,13,22027923,A,"Injury of any type (Serious, Minor, Possible)",C,Possible Injury (C),2,0,0,3,State,6.32,243,243-W,243-W,,EMERSON ST,240,Feet,W,41.32702,-72.96614,14,Motor Vehicle in Operation,3,Angle,1,On Roadway,1,Clear,88,Not Applicable,1,Daylight,1,Dry,0,None,88,Not Applicable,88,Not Applicable,0,None,88,Not Applicable,88,Not Applicable,1,Non-Junction,1,Not at Intersection,1,No,1,No,88,Not Applicable,88,Not Applicable,88,Not Applicable,88,Not Applicable,FALSE,1,Public Road,1,"Trafficway, On Road",CT0009300,New Haven PD,313,56:25.0,C,Closed,01:46.0,,1,10500,4,MINOR ARTERIAL - NEW HPMS,1,Rural
964602,1,Complete,964602,964602,41.30925,-72.89228,3461741,New Haven,93,93,New Haven,8/21/2022,2022,8,August,21,1,Sunday,10:57:00,10,22028304,A,"Injury of any type (Serious, Minor, Possible)",C,Possible Injury (C),4,0,0,4,Local,0.34,264,GRAND AV,GRAND AV,,,,,,41.30925,-72.89228,14,Motor Vehicle in Operation,97,Other,1,On Roadway,2,Cloudy,88,Not Applicable,1,Daylight,1,Dry,0,None,88,Not Applicable,88,Not Applicable,0,None,88,Not Applicable,88,Not Applicable,2,Intersection,3,T-Intersection,1,No,1,No,88,Not Applicable,88,Not Applicable,88,Not Applicable,88,Not Applicable,FALSE,1,Public Road,1,"Trafficway, On Road",CT0009300,New Haven PD,43776,10:58.0,C,Closed,01:49.0,,,,,,,
964604,1,Complete,964604,964604,41.32763,-72.94128,3461743,New Haven,93,93,New Haven,8/22/2022,2022,8,August,22,2,Monday,12:53:00,12,22028423,A,"Injury of any type (Serious, Minor, Possible)",C,Possible Injury (C),2,0,0,4,Local,0.51,133,CRESCENT ST,CRESCENT ST,,,,,,41.32763,-72.94128,14,Motor Vehicle in Operation,4,"Sideswipe, same direction",1,On Roadway,1,Clear,88,Not Applicable,1,Daylight,1,Dry,0,None,88,Not Applicable,88,Not Applicable,0,None,88,Not Applicable,88,Not Applicable,3,Intersection-Related,3,T-Intersection,1,No,1,No,88,Not Applicable,88,Not Applicable,88,Not Applicable,88,Not Applicable,TRUE,1,Public Road,1,"Trafficway, On Road",CT0009300,New Haven PD,26,09:59.0,C,Closed,01:54.0,,,,,,,
964607,1,Complete,964607,964607,41.332,-72.97428,3461746,New Haven,93,93,New Haven,8/23/2022,2022,8,August,23,3,Tuesday,17:59:00,17,22028581,A,"Injury of any type (Serious, Minor, Possible)",B,Suspected Minor Injury (B),2,0,0,3,State,1.07,63,63-N,63-N,,DAVIS ST,500,Feet,W,41.332,-72.97428,14,Motor Vehicle in Operation,3,Angle,1,On Roadway,1,Clear,88,Not Applicable,1,Daylight,1,Dry,0,None,88,Not Applicable,88,Not Applicable,0,None,88,Not Applicable,88,Not Applicable,1,Non-Junction,1,Not at Intersection,1,No,1,No,88,Not Applicable,88,Not Applicable,88,Not Applicable,88,Not Applicable,FALSE,1,Public Road,1,"Trafficway, On Road",CT0009300,New Haven PD,74,08:46.0,C,Closed,01:50.0,,2,23000,3,PRINCIPAL ARTERIAL - OTHER - NEW HPMS,2,Urban
964932,1,Complete,964932,964932,41.31759,-72.94984,3462069,New Haven,93,93,New Haven,8/20/2022,2022,8,August,20,7,Saturday,2:11:00,2,22028177,A,"Injury of any type (Serious, Minor, Possible)",B,Suspected Minor Injury (B),2,0,0,3,State,2.92,10,10-N,10-N,ELM ST NO 1,,,,,41.31759,-72.94984,14,Motor Vehicle in Operation,97,Other,1,On Roadway,1,Clear,88,Not Applicable,4,Dark-Lighted,1,Dry,0,None,88,Not Applicable,88,Not Applicable,0,None,88,Not Applicable,88,Not Applicable,2,Intersection,2,Four-Way Intersection,1,No,1,No,88,Not Applicable,88,Not Applicable,88,Not Applicable,88,Not Applicable,FALSE,1,Public Road,1,"Trafficway, On Road",CT0009300,New Haven PD,43614,56:39.0,C,Closed,00:43.0,,1,10200,3,PRINCIPAL ARTERIAL - OTHER - NEW HPMS,1,Rural
964933,1,Complete,964933,964933,41.325158,-72.956856,3462070,New Haven,93,93,New Haven,8/23/2022,2022,8,August,23,3,Tuesday,14:28:00,14,22028557,A,"Injury of any type (Serious, Minor, Possible)",C,Possible Injury (C),2,0,0,3,State,3.62,10,10-N,10-N,,WHALLEY AVE,40,Feet,N,41.325158,-72.956856,14,Motor Vehicle in Operation,1,Front to rear,1,On Roadway,1,Clear,88,Not Applicable,1,Daylight,1,Dry,0,None,88,Not Applicable,88,Not Applicable,0,None,88,Not Applicable,88,Not Applicable,1,Non-Junction,1,Not at Intersection,1,No,1,No,88,Not Applicable,88,Not Applicable,88,Not Applicable,88,Not Applicable,FALSE,1,Public Road,1,"Trafficway, On Road",CT0009300,New Haven PD,324,56:14.0,C,Closed,00:45.0,,1,8900,4,MINOR ARTERIAL - NEW HPMS,1,Rural
964934,1,Complete,964934,964934,41.31735,-72.90136,3462071,New Haven,93,93,New Haven,8/23/2022,2022,8,August,23,3,Tuesday,15:21:00,15,22028563,A,"Injury of any type (Serious, Minor, Possible)",C,Possible Injury (C),2,0,0,4,Local,0,666,WILLOW ST,WILLOW ST,BLATCHLEY AV,,,,,41.31735,-72.90136,14,Motor Vehicle in Operation,1,Front to rear,1,On Roadway,1,Clear,88,Not Applicable,1,Daylight,1,Dry,0,None,88,Not Applicable,88,Not Applicable,0,None,88,Not Applicable,88,Not Applicable,2,Intersection,2,Four-Way Intersection,1,No,1,No,88,Not Applicable,88,Not Applicable,88,Not Applicable,88,Not Applicable,TRUE,1,Public Road,1,"Trafficway, On Road",CT0009300,New Haven PD,42052,52:36.0,C,Closed,00:50.0,,,,,,,
964936,1,Complete,964936,964936,41.30182,-72.92677,3462073,New Haven,93,93,New Haven,8/24/2022,2022,8,August,24,4,Wednesday,8:20:00,8,22028648,A,"Injury of any type (Serious, Minor, Possible)",C,Possible Injury (C),2,0,0,4,Local,0,727,ORANGE ST NO 2,ORANGE ST NO 2,NORTH FRONTAGE RD,,,,,41.30182,-72.92677,14,Motor Vehicle in Operation,3,Angle,1,On Roadway,1,Clear,88,Not Applicable,1,Daylight,1,Dry,0,None,88,Not Applicable,88,Not Applicable,0,None,88,Not Applicable,88,Not Applicable,2,Intersection,2,Four-Way Intersection,1,No,1,No,88,Not Applicable,88,Not Applicable,88,Not Applicable,88,Not Applicable,FALSE,1,Public Road,1,"Trafficway, On Road",CT0009300,New Haven PD,61,44:35.0,C,Closed,00:46.0,,,,,,,
964939,1,Complete,964939,964939,41.324586,-72.956279,3462076,New Haven,93,93,New Haven,8/24/2022,2022,8,August,24,4,Wednesday,18:41:00,18,22028763,A,"Injury of any type (Serious, Minor, Possible)",B,Suspected Minor Injury (B),2,0,2,3,State,3.56,10,10-N,10-N,JEWELL ST,,,,,41.324586,-72.956279,14,Motor Vehicle in Operation,3,Angle,1,On Roadway,1,Clear,1,Clear,1,Daylight,1,Dry,0,None,88,Not Applicable,88,Not Applicable,0,None,88,Not Applicable,88,Not Applicable,2,Intersection,3,T-Intersection,1,No,1,No,88,Not Applicable,88,Not Applicable,88,Not Applicable,88,Not Applicable,TRUE,1,Public Road,1,"Trafficway, On Road",CT0009300,New Haven PD,74,53:50.0,C,Closed,00:48.0,,2,18100,3,PRINCIPAL ARTERIAL - OTHER - NEW HPMS,2,Urban
964942,1,Complete,964942,964942,41.31325,-72.94383,3462079,New Haven,93,93,New Haven,8/25/2022,2022,8,August,25,5,Thursday,1:23:00,1,22028793,A,"Injury of any type (Serious, Minor, Possible)",C,Possible Injury (C),2,0,0,4,Local,1.46,179,EDGEWOOD AV,EDGEWOOD AV,SHERMAN AV,,,,,41.31325,-72.94383,14,Motor Vehicle in Operation,2,Front to front,1,On Roadway,2,Cloudy,88,Not Applicable,4,Dark-Lighted,1,Dry,0,None,88,Not Applicable,88,Not Applicable,0,None,88,Not Applicable,88,Not Applicable,2,Intersection,2,Four-Way Intersection,1,No,1,No,88,Not Applicable,88,Not Applicable,88,Not Applicable,88,Not Applicable,FALSE,1,Public Road,1,"Trafficway, On Road",CT0009300,New Haven PD,40951,35:55.0,C,Closed,00:51.0,,,,,,,
965297,1,Complete,965297,965297,41.31264,-72.93194,3462434,New Haven,93,93,New Haven,8/25/2022,2022,8,August,25,5,Thursday,15:03:00,15,22028887,A,"Injury of any type (Serious, Minor, Possible)",C,Possible Injury (C),2,0,0,4,Local,0.15,68,BROADWAY,BROADWAY,,TOWER PKWY,80,Feet,S,41.31264,-72.93194,14,Motor Vehicle in Operation,1,Front to rear,1,On Roadway,1,Clear,88,Not Applicable,1,Daylight,1,Dry,0,None,88,Not Applicable,88,Not Applicable,0,None,88,Not Applicable,88,Not Applicable,1,Non-Junction,1,Not at Intersection,1,No,1,No,88,Not Applicable,88,Not Applicable,88,Not Applicable,88,Not Applicable,FALSE,1,Public Road,1,"Trafficway, On Road",CT0009300,New Haven PD,42054,37:25.0,C,Closed,01:54.0,,,,,,,