CrashId,Fatal Case Status,Fatal Case Status Text Format,CrashId,CrashId,Latitude,Longitude,DOT Case Number,Town Name,Town Number,Town Number,Town Number Text Format,Date Of Crash,Year,Month,Month Text Format,Day,Day of the Week,Day of the Week Text Format,Time of Crash,Hour of the Day,Case Identifier,Crash Severity,Crash Severity Text Format,Most Severe Injury,Most Severe Injury Text Format,Number Of Motor Vehicles,Number Of Non-Motorist,Number Of Witnesses,Route Class,Route Class Text Format,Milemarker,Road Number,Road Description,Roadway Name,Intersecting Roadway Name,Landmark Description,Distance From Nearest Landmark,Unit Of Measure From Nearest Landmark,Direction From Nearest Landmark,Latitude,Longitude,First Harmful Event,First Harmful Event Text Format,Manner of Crash / Collision Impact,Manner of Crash / Collision Impact Text Format,Location of First Harmful Event,Location of First Harmful Event Text Format,Weather Condition,Weather Condition Text Format,Weather 2,Weather 2 Text Format,Light Condition,Light Condition Text Format,Road Surface Condition,Road Surface Condition Text Format,"Contributing Circumstances, Environment","Contributing Circumstances, Environment Text Format",Environment 2,Environment 2 Text Format,Environment 3,Environment 3 Text Format,"Contributing Circumstances, Road","Contributing Circumstances, Road Text Format",Road 2,Road 2 Text Format,Road 3,Road 3 Text Format,Crash Specific Location,Crash Specific Location Text Format,Type of Intersection,Type of Intersection Text Format,School Bus Related,School Bus Related Text Format,Work Zone Related,Work Zone Related Text Format,Location Of Crash Relative To Work Zone,Location Of Crash Relative To Work Zone Text Format,Type of Work Zone,Type of Work Zone Text Format,Worker Presence,Worker Presence Text Format,Law Enforcement Presence,Law Enforcement Presence Text Format,Were Vehicles Moved Prior To Police Arrival,Trafficway Ownership,Trafficway Ownership Text Format,Trafficway Class,Trafficway Class Text Format,Police Agency,Police Agency Text Format,Badge Number,Approval Date,Police Case Status,Police Case Status Text Format,Crash Report Submission Date,Related Case Identifiers,No. of Through Lanes (Log Dir.),Average Daily Traffic,Functional Classification,Functional Classification Text Format,Rural or Urban,Rural or Urban Text Format
965302,1,Complete,965302,965302,41.3185,-72.94749,3462439,New Haven,93,93,New Haven,8/25/2022,2022,8,August,25,5,Thursday,21:25:00,21,22028946,A,"Injury of any type (Serious, Minor, Possible)",A,Suspected Serious Injury (A),2,0,1,4,Local,0.08,653,WHALLEY AV,WHALLEY AV,ELLSWORTH AV,,,,,41.3185,-72.94749,14,Motor Vehicle in Operation,3,Angle,1,On Roadway,1,Clear,88,Not Applicable,4,Dark-Lighted,1,Dry,0,None,88,Not Applicable,88,Not Applicable,0,None,88,Not Applicable,88,Not Applicable,2,Intersection,2,Four-Way Intersection,1,No,1,No,88,Not Applicable,88,Not Applicable,88,Not Applicable,88,Not Applicable,FALSE,1,Public Road,1,"Trafficway, On Road",CT0009300,New Haven PD,503,26:38.0,C,Closed,01:57.0,,,,,,,
965763,1,Complete,965763,965763,41.29729093,-72.95020966,3462900,New Haven,93,93,New Haven,6/24/2022,2022,6,June,24,6,Friday,20:36:00,20,22021185,A,"Injury of any type (Serious, Minor, Possible)",C,Possible Injury (C),2,0,0,2,USRoute,46.57,1,1-N,1-N,,ELLA T. GRASSO BLVD,368,Feet,W,41.29729093,-72.95020966,14,Motor Vehicle in Operation,3,Angle,1,On Roadway,1,Clear,88,Not Applicable,4,Dark-Lighted,1,Dry,0,None,88,Not Applicable,88,Not Applicable,0,None,88,Not Applicable,88,Not Applicable,8,Driveway Access,1,Not at Intersection,1,No,1,No,88,Not Applicable,88,Not Applicable,88,Not Applicable,88,Not Applicable,FALSE,1,Public Road,1,"Trafficway, On Road",CT0009300,New Haven PD,301,09:09.0,C,Closed,01:26.0,,2,20700,3,PRINCIPAL ARTERIAL - OTHER - NEW HPMS,2,Urban
965767,1,Complete,965767,965767,41.31011,-72.95322,3462904,New Haven,93,93,New Haven,8/20/2022,2022,8,August,20,7,Saturday,14:30:00,14,22028241,A,"Injury of any type (Serious, Minor, Possible)",C,Possible Injury (C),2,0,0,3,State,21.88,34,34-E,34-E,,,,,,41.31011,-72.95322,14,Motor Vehicle in Operation,1,Front to rear,1,On Roadway,1,Clear,88,Not Applicable,1,Daylight,1,Dry,0,None,88,Not Applicable,88,Not Applicable,0,None,88,Not Applicable,88,Not Applicable,3,Intersection-Related,3,T-Intersection,1,No,1,No,88,Not Applicable,88,Not Applicable,88,Not Applicable,88,Not Applicable,FALSE,1,Public Road,1,"Trafficway, On Road",CT0009300,New Haven PD,19532,58:02.0,O,Open,01:38.0,,1,22200,3,PRINCIPAL ARTERIAL - OTHER - NEW HPMS,2,Urban
965772,1,Complete,965772,965772,41.3141,-72.89672,3462909,New Haven,93,93,New Haven,8/22/2022,2022,8,August,22,2,Monday,10:00:00,10,22028408,A,"Injury of any type (Serious, Minor, Possible)",A,Suspected Serious Injury (A),3,0,0,4,Local,0.38,213,FERRY ST,FERRY ST,CHATHAM ST,,,,,41.3141,-72.89672,14,Motor Vehicle in Operation,97,Other,1,On Roadway,1,Clear,88,Not Applicable,1,Daylight,1,Dry,0,None,88,Not Applicable,88,Not Applicable,0,None,88,Not Applicable,88,Not Applicable,2,Intersection,2,Four-Way Intersection,1,No,1,No,88,Not Applicable,88,Not Applicable,88,Not Applicable,88,Not Applicable,FALSE,1,Public Road,1,"Trafficway, On Road",CT0009300,New Haven PD,43776,47:00.0,C,Closed,01:27.0,,,,,,,
965781,1,Complete,965781,965781,41.315812,-72.900972,3462918,New Haven,93,93,New Haven,8/26/2022,2022,8,August,26,6,Friday,9:35:00,9,22028978,A,"Injury of any type (Serious, Minor, Possible)",C,Possible Injury (C),2,0,0,4,Local,0.89,57,BLATCHLEY AV,BLATCHLEY AV,,PECK ST,100,Feet,N,41.315812,-72.900972,14,Motor Vehicle in Operation,1,Front to rear,1,On Roadway,1,Clear,88,Not Applicable,1,Daylight,1,Dry,0,None,88,Not Applicable,88,Not Applicable,0,None,88,Not Applicable,88,Not Applicable,3,Intersection-Related,2,Four-Way Intersection,1,No,1,No,88,Not Applicable,88,Not Applicable,88,Not Applicable,88,Not Applicable,TRUE,1,Public Road,1,"Trafficway, On Road",CT0009300,New Haven PD,86,33:42.0,C,Closed,01:14.0,,,,,,,
965785,1,Complete,965785,965785,41.305589,-72.935937,3462922,New Haven,93,93,New Haven,8/26/2022,2022,8,August,26,6,Friday,16:00:00,16,22029020,A,"Injury of any type (Serious, Minor, Possible)",B,Suspected Minor Injury (B),2,0,0,4,Local,0.08,565,SOUTH FRONTAGE RD-RT 34,SOUTH FRONTAGE RD-RT 34,PARK ST,,,,,41.305589,-72.935937,14,Motor Vehicle in Operation,3,Angle,1,On Roadway,1,Clear,1,Clear,1,Daylight,1,Dry,0,None,88,Not Applicable,88,Not Applicable,0,None,88,Not Applicable,88,Not Applicable,2,Intersection,2,Four-Way Intersection,1,No,1,No,88,Not Applicable,88,Not Applicable,88,Not Applicable,88,Not Applicable,FALSE,1,Public Road,1,"Trafficway, On Road",CT0009300,New Haven PD,428,57:17.0,C,Closed,01:24.0,,,,,,,
965788,1,Complete,965788,965788,41.329607,-72.969759,3462925,New Haven,93,93,New Haven,8/26/2022,2022,8,August,26,6,Friday,15:06:00,15,22029027,A,"Injury of any type (Serious, Minor, Possible)",C,Possible Injury (C),2,0,1,3,State,0.78,63,63-N,63-N,,DAYTON ST,600,Feet,W,41.329607,-72.969759,14,Motor Vehicle in Operation,3,Angle,1,On Roadway,1,Clear,88,Not Applicable,1,Daylight,1,Dry,0,None,88,Not Applicable,88,Not Applicable,0,None,88,Not Applicable,88,Not Applicable,1,Non-Junction,1,Not at Intersection,1,No,1,No,88,Not Applicable,88,Not Applicable,88,Not Applicable,88,Not Applicable,TRUE,1,Public Road,1,"Trafficway, On Road",CT0009300,New Haven PD,44065,55:18.0,C,Closed,01:37.0,,2,23000,3,PRINCIPAL ARTERIAL - OTHER - NEW HPMS,2,Urban
965790,1,Complete,965790,965790,41.316903,-72.94232,3462927,New Haven,93,93,New Haven,8/27/2022,2022,8,August,27,7,Saturday,0:55:00,0,22029100,A,"Injury of any type (Serious, Minor, Possible)",C,Possible Injury (C),2,0,0,4,Local,0.79,556,SHERMAN AV,SHERMAN AV,,WHALLEY AVE,100,Feet,N,41.316903,-72.94232,14,Motor Vehicle in Operation,1,Front to rear,1,On Roadway,1,Clear,88,Not Applicable,4,Dark-Lighted,1,Dry,0,None,88,Not Applicable,88,Not Applicable,0,None,88,Not Applicable,88,Not Applicable,2,Intersection,2,Four-Way Intersection,1,No,1,No,88,Not Applicable,88,Not Applicable,88,Not Applicable,88,Not Applicable,FALSE,1,Public Road,1,"Trafficway, On Road",CT0009300,New Haven PD,746,03:20.0,C,Closed,01:24.0,,,,,,,
965795,1,Complete,965795,965795,41.324335,-72.87168,3462932,New Haven,93,93,New Haven,8/27/2022,2022,8,August,27,7,Saturday,12:38:00,12,22029138,A,"Injury of any type (Serious, Minor, Possible)",C,Possible Injury (C),1,1,1,3,State,0.26,103,103-N,103-N,,KENNY DR,290,Feet,N,41.324335,-72.87168,10,Pedalcycle/Pedalcyclist,97,Other,1,On Roadway,1,Clear,88,Not Applicable,1,Daylight,1,Dry,0,None,88,Not Applicable,88,Not Applicable,0,None,88,Not Applicable,88,Not Applicable,1,Non-Junction,1,Not at Intersection,1,No,1,No,88,Not Applicable,88,Not Applicable,88,Not Applicable,88,Not Applicable,FALSE,1,Public Road,1,"Trafficway, On Road",CT0009300,New Haven PD,44062,25:14.0,O,Open,01:37.0,,1,9100,4,MINOR ARTERIAL - NEW HPMS,1,Rural
966847,1,Complete,966847,966847,41.3269,-72.87961,3463984,New Haven,93,93,New Haven,8/12/2022,2022,8,August,12,6,Friday,9:36:00,9,22027150,A,"Injury of any type (Serious, Minor, Possible)",C,Possible Injury (C),2,0,0,3,State,0.45,17,17-N,17-N,BARNES AV,,,,,41.3269,-72.87961,14,Motor Vehicle in Operation,3,Angle,1,On Roadway,1,Clear,88,Not Applicable,1,Daylight,1,Dry,0,None,88,Not Applicable,88,Not Applicable,0,None,88,Not Applicable,88,Not Applicable,2,Intersection,3,T-Intersection,1,No,1,No,88,Not Applicable,88,Not Applicable,88,Not Applicable,88,Not Applicable,FALSE,1,Public Road,1,"Trafficway, On Road",CT0009300,New Haven PD,44062,04:32.0,C,Closed,11:09.0,,1,21600,3,PRINCIPAL ARTERIAL - OTHER - NEW HPMS,1,Rural
966848,1,Complete,966848,966848,41.32033,-72.87226,3463985,New Haven,93,93,New Haven,8/24/2022,2022,8,August,24,4,Wednesday,20:41:00,20,22028774,A,"Injury of any type (Serious, Minor, Possible)",C,Possible Injury (C),2,0,1,3,State,0.54,80,80-E,80-E,,QUINNNIPIAC AVE,500,Feet,E,41.32033,-72.87226,14,Motor Vehicle in Operation,3,Angle,1,On Roadway,1,Clear,88,Not Applicable,4,Dark-Lighted,1,Dry,0,None,88,Not Applicable,88,Not Applicable,0,None,88,Not Applicable,88,Not Applicable,1,Non-Junction,1,Not at Intersection,1,No,1,No,88,Not Applicable,88,Not Applicable,88,Not Applicable,88,Not Applicable,FALSE,1,Public Road,1,"Trafficway, On Road",CT0009300,New Haven PD,40807,34:07.0,O,Open,11:26.0,,2,32300,3,PRINCIPAL ARTERIAL - OTHER - NEW HPMS,2,Urban
966851,1,Complete,966851,966851,41.327866,-72.960881,3463988,New Haven,93,93,New Haven,8/27/2022,2022,8,August,27,7,Saturday,8:17:00,8,22029118,A,"Injury of any type (Serious, Minor, Possible)",C,Possible Injury (C),2,0,0,3,State,0.27,63,63-N,63-N,PHILIP ST,,,,,41.327866,-72.960881,14,Motor Vehicle in Operation,1,Front to rear,1,On Roadway,1,Clear,88,Not Applicable,1,Daylight,1,Dry,0,None,88,Not Applicable,88,Not Applicable,0,None,88,Not Applicable,88,Not Applicable,2,Intersection,3,T-Intersection,1,No,1,No,88,Not Applicable,88,Not Applicable,88,Not Applicable,88,Not Applicable,TRUE,1,Public Road,1,"Trafficway, On Road",CT0009300,New Haven PD,381,32:11.0,C,Closed,11:14.0,,1,20400,3,PRINCIPAL ARTERIAL - OTHER - NEW HPMS,1,Rural
966852,1,Complete,966852,966852,41.30348,-72.89432,3463989,New Haven,93,93,New Haven,8/27/2022,2022,8,August,27,7,Saturday,23:21:00,23,22029202,A,"Injury of any type (Serious, Minor, Possible)",A,Suspected Serious Injury (A),2,0,0,4,Local,1.15,213,FERRY ST,FERRY ST,,,,,,41.30348,-72.89432,14,Motor Vehicle in Operation,3,Angle,1,On Roadway,1,Clear,88,Not Applicable,4,Dark-Lighted,1,Dry,99,Unknown,88,Not Applicable,88,Not Applicable,99,Unknown,88,Not Applicable,88,Not Applicable,2,Intersection,3,T-Intersection,1,No,1,No,88,Not Applicable,88,Not Applicable,88,Not Applicable,88,Not Applicable,TRUE,1,Public Road,1,"Trafficway, On Road",CT0009300,New Haven PD,44051,39:25.0,C,Closed,11:13.0,,,,,,,
966853,1,Complete,966853,966853,41.3100822,-72.8957067,3463990,New Haven,93,93,New Haven,8/28/2022,2022,8,August,28,1,Sunday,0:47:00,0,22029213,A,"Injury of any type (Serious, Minor, Possible)",C,Possible Injury (C),4,0,0,4,Local,0.68,213,FERRY ST,FERRY ST,,CLAY ST,300,Feet,S,41.3100822,-72.8957067,15,Parked Motor Vehicle,4,"Sideswipe, same direction",1,On Roadway,1,Clear,88,Not Applicable,4,Dark-Lighted,1,Dry,0,None,88,Not Applicable,88,Not Applicable,0,None,88,Not Applicable,88,Not Applicable,1,Non-Junction,1,Not at Intersection,1,No,1,No,88,Not Applicable,88,Not Applicable,88,Not Applicable,88,Not Applicable,FALSE,1,Public Road,1,"Trafficway, On Road",CT0009300,New Haven PD,42053,48:42.0,C,Closed,11:12.0,,,,,,,
966861,1,Complete,966861,966861,41.332042,-72.939765,3463998,New Haven,93,93,New Haven,8/29/2022,2022,8,August,29,2,Monday,15:34:00,15,22029376,A,"Injury of any type (Serious, Minor, Possible)",C,Possible Injury (C),2,0,0,4,Local,0.11,230,FOURNIER ST NO 1,FOURNIER ST NO 1,WILLIS ST,,,,,41.332042,-72.939765,14,Motor Vehicle in Operation,1,Front to rear,1,On Roadway,1,Clear,88,Not Applicable,1,Daylight,1,Dry,0,None,88,Not Applicable,88,Not Applicable,0,None,88,Not Applicable,88,Not Applicable,2,Intersection,3,T-Intersection,1,No,1,No,88,Not Applicable,88,Not Applicable,88,Not Applicable,88,Not Applicable,FALSE,1,Public Road,1,"Trafficway, On Road",CT0009300,New Haven PD,91,33:45.0,C,Closed,11:19.0,,,,,,,
966872,1,Complete,966872,966872,41.327971,-72.959461,3464009,New Haven,93,93,New Haven,8/30/2022,2022,8,August,30,3,Tuesday,16:46:00,16,22029521,A,"Injury of any type (Serious, Minor, Possible)",C,Possible Injury (C),2,0,0,4,Local,0.93,56,BLAKE ST,BLAKE ST,,VALLEY ST,50,Feet,N,41.327971,-72.959461,14,Motor Vehicle in Operation,1,Front to rear,1,On Roadway,1,Clear,88,Not Applicable,1,Daylight,1,Dry,0,None,88,Not Applicable,88,Not Applicable,0,None,88,Not Applicable,88,Not Applicable,1,Non-Junction,1,Not at Intersection,1,No,1,No,88,Not Applicable,88,Not Applicable,88,Not Applicable,88,Not Applicable,TRUE,1,Public Road,1,"Trafficway, On Road",CT0009300,New Haven PD,251,00:56.0,C,Closed,11:27.0,,,,,,,
967122,1,Complete,967122,967122,41.325887,-72.968486,3464259,New Haven,93,93,New Haven,8/26/2022,2022,8,August,26,6,Friday,13:50:00,13,22029004,A,"Injury of any type (Serious, Minor, Possible)",B,Suspected Minor Injury (B),2,0,0,3,State,3.28,122,122-N,122-N,WILLARD ST,,,,,41.325887,-72.968486,14,Motor Vehicle in Operation,3,Angle,1,On Roadway,1,Clear,88,Not Applicable,1,Daylight,1,Dry,2,Visual Obstruction(s),88,Not Applicable,88,Not Applicable,0,None,88,Not Applicable,88,Not Applicable,2,Intersection,3,T-Intersection,1,No,1,No,88,Not Applicable,88,Not Applicable,88,Not Applicable,88,Not Applicable,TRUE,1,Public Road,1,"Trafficway, On Road",CT0009300,New Haven PD,313,32:53.0,C,Closed,01:07.0,,1,11600,4,MINOR ARTERIAL - NEW HPMS,1,Rural
967123,1,Complete,967123,967123,41.32896,-72.94231,3464260,New Haven,93,93,New Haven,8/27/2022,2022,8,August,27,7,Saturday,8:29:00,8,22029119,A,"Injury of any type (Serious, Minor, Possible)",B,Suspected Minor Injury (B),2,0,0,4,Local,0.62,133,CRESCENT ST,CRESCENT ST,FOURNIER ST NO 1,,,,,41.32896,-72.94231,14,Motor Vehicle in Operation,1,Front to rear,1,On Roadway,1,Clear,88,Not Applicable,1,Daylight,1,Dry,0,None,88,Not Applicable,88,Not Applicable,0,None,88,Not Applicable,88,Not Applicable,3,Intersection-Related,3,T-Intersection,1,No,1,No,88,Not Applicable,88,Not Applicable,88,Not Applicable,88,Not Applicable,FALSE,1,Public Road,1,"Trafficway, On Road",CT0009300,New Haven PD,238,27:11.0,C,Closed,01:04.0,,4,6000,5,MAJOR COLLECTOR - NEW HPMS,2,Urban
967124,1,Complete,967124,967124,41.30624014,-72.93554775,3464261,New Haven,93,93,New Haven,8/28/2022,2022,8,August,28,1,Sunday,14:34:00,14,22029263,A,"Injury of any type (Serious, Minor, Possible)",C,Possible Injury (C),2,0,0,4,Local,0.64,809,REV DR MLK JR BLVD,REV DR MLK JR BLVD,PARK ST,,,,,41.30624014,-72.93554775,39,"Other Fixed Object (wall, building, tunnel, etc.)",97,Other,1,On Roadway,1,Clear,88,Not Applicable,1,Daylight,1,Dry,0,None,88,Not Applicable,88,Not Applicable,0,None,88,Not Applicable,88,Not Applicable,2,Intersection,2,Four-Way Intersection,1,No,1,No,88,Not Applicable,88,Not Applicable,88,Not Applicable,88,Not Applicable,TRUE,1,Public Road,1,"Trafficway, On Road",CT0009300,New Haven PD,301,40:57.0,C,Closed,01:10.0,,,,,,,
967131,1,Complete,967131,967131,41.31791847,-72.89432169,3464268,New Haven,93,93,New Haven,8/31/2022,2022,8,August,31,4,Wednesday,9:02:00,9,22029610,A,"Injury of any type (Serious, Minor, Possible)",C,Possible Injury (C),2,0,0,4,Local,0.04,29,ATWATER ST,ATWATER ST,DOVER ST,,,,,41.31791847,-72.89432169,14,Motor Vehicle in Operation,3,Angle,1,On Roadway,1,Clear,88,Not Applicable,1,Daylight,1,Dry,0,None,88,Not Applicable,88,Not Applicable,0,None,88,Not Applicable,88,Not Applicable,2,Intersection,2,Four-Way Intersection,1,No,1,No,88,Not Applicable,88,Not Applicable,88,Not Applicable,88,Not Applicable,FALSE,1,Public Road,1,"Trafficway, On Road",CT0009300,New Haven PD,263,25:02.0,C,Closed,01:06.0,,,,,,,
967132,1,Complete,967132,967132,41.31221,-72.89584,3464269,New Haven,93,93,New Haven,8/31/2022,2022,8,August,31,4,Wednesday,7:47:00,7,22029611,A,"Injury of any type (Serious, Minor, Possible)",C,Possible Injury (C),2,0,0,4,Local,0.02,738,PINE ST NO 2,PINE ST NO 2,,FERRY ST,50,Feet,E,41.31221,-72.89584,14,Motor Vehicle in Operation,4,"Sideswipe, same direction",1,On Roadway,1,Clear,88,Not Applicable,1,Daylight,1,Dry,0,None,88,Not Applicable,88,Not Applicable,0,None,88,Not Applicable,88,Not Applicable,1,Non-Junction,1,Not at Intersection,1,No,1,No,88,Not Applicable,88,Not Applicable,88,Not Applicable,88,Not Applicable,FALSE,1,Public Road,1,"Trafficway, On Road",CT0009300,New Haven PD,42367,06:18.0,C,Closed,01:08.0,,,,,,,
967138,1,Complete,967138,967138,41.30618,-72.93919,3464275,New Haven,93,93,New Haven,8/31/2022,2022,8,August,31,4,Wednesday,15:31:00,15,22029666,A,"Injury of any type (Serious, Minor, Possible)",C,Possible Injury (C),2,0,0,4,Local,0.7,360,LEGION AV-RT 34,LEGION AV-RT 34,DWIGHT ST,,,,,41.30618,-72.93919,14,Motor Vehicle in Operation,3,Angle,1,On Roadway,1,Clear,88,Not Applicable,1,Daylight,1,Dry,0,None,88,Not Applicable,88,Not Applicable,0,None,88,Not Applicable,88,Not Applicable,2,Intersection,3,T-Intersection,1,No,1,No,88,Not Applicable,88,Not Applicable,88,Not Applicable,88,Not Applicable,FALSE,1,Public Road,1,"Trafficway, On Road",CT0009300,New Haven PD,11439,47:28.0,C,Closed,01:16.0,,,,,,,
967139,1,Complete,967139,967139,41.31996,-72.89805,3464276,New Haven,93,93,New Haven,8/31/2022,2022,8,August,31,4,Wednesday,16:59:00,16,22029677,A,"Injury of any type (Serious, Minor, Possible)",A,Suspected Serious Injury (A),1,1,1,2,USRoute,0.42,5,5-N,5-N,GRACE ST,,,,,41.31996,-72.89805,9,Pedestrian,88,Not Applicable,1,On Roadway,1,Clear,88,Not Applicable,1,Daylight,1,Dry,0,None,88,Not Applicable,88,Not Applicable,0,None,88,Not Applicable,88,Not Applicable,2,Intersection,3,T-Intersection,1,No,1,No,88,Not Applicable,88,Not Applicable,88,Not Applicable,88,Not Applicable,FALSE,1,Public Road,1,"Trafficway, On Road",CT0009300,New Haven PD,42052,44:33.0,O,Open,01:17.0,,2,19300,4,MINOR ARTERIAL - NEW HPMS,2,Urban
970193,1,Complete,970193,970193,41.3187095,-72.8995869,3466356,New Haven,93,93,New Haven,7/2/2022,2022,7,July,2,7,Saturday,20:56:00,20,22022074,A,"Injury of any type (Serious, Minor, Possible)",C,Possible Injury (C),1,1,0,1,Interstate,0,91,91-S-142,91-S-142,5-N,,,,,41.3187095,-72.8995869,10,Pedalcycle/Pedalcyclist,3,Angle,1,On Roadway,1,Clear,88,Not Applicable,5,Dark-Not Lighted,1,Dry,0,None,88,Not Applicable,88,Not Applicable,0,None,88,Not Applicable,88,Not Applicable,2,Intersection,3,T-Intersection,1,No,1,No,88,Not Applicable,88,Not Applicable,88,Not Applicable,88,Not Applicable,FALSE,1,Public Road,1,"Trafficway, On Road",CT0009300,New Haven PD,40953,33:22.0,O,Open,39:01.0,,2,28800,1,INTERSTATE - NEW HPMS,2,Urban
970196,1,Complete,970196,970196,41.29232,-72.91956,3466359,New Haven,93,93,New Haven,7/25/2022,2022,7,July,25,2,Monday,20:02:00,20,22024797,A,"Injury of any type (Serious, Minor, Possible)",C,Possible Injury (C),2,0,0,4,Local,0.54,513,LONG WHARF DR,LONG WHARF DR,,CANAL DOCK,100,Feet,S,41.29232,-72.91956,14,Motor Vehicle in Operation,1,Front to rear,1,On Roadway,1,Clear,88,Not Applicable,1,Daylight,1,Dry,0,None,88,Not Applicable,88,Not Applicable,0,None,88,Not Applicable,88,Not Applicable,1,Non-Junction,1,Not at Intersection,1,No,1,No,88,Not Applicable,88,Not Applicable,88,Not Applicable,88,Not Applicable,FALSE,1,Public Road,1,"Trafficway, On Road",CT0009300,New Haven PD,40811,11:34.0,O,Open,39:49.0,,,,,,,
970199,1,Complete,970199,970199,41.31413,-72.93987,3466362,New Haven,93,93,New Haven,8/11/2022,2022,8,August,11,5,Thursday,0:47:00,0,22026996,A,"Injury of any type (Serious, Minor, Possible)",C,Possible Injury (C),2,0,1,4,Local,0.9,453,ORCHARD ST,ORCHARD ST,ELM ST NO 1,,,,,41.31413,-72.93987,14,Motor Vehicle in Operation,1,Front to rear,1,On Roadway,1,Clear,88,Not Applicable,4,Dark-Lighted,1,Dry,99,Unknown,88,Not Applicable,88,Not Applicable,99,Unknown,88,Not Applicable,88,Not Applicable,3,Intersection-Related,2,Four-Way Intersection,1,No,1,No,88,Not Applicable,88,Not Applicable,88,Not Applicable,88,Not Applicable,TRUE,1,Public Road,1,"Trafficway, On Road",CT0009300,New Haven PD,412,37:49.0,O,Open,38:45.0,,,,,,,
970201,1,Complete,970201,970201,41.32024,-72.940086,3466364,New Haven,93,93,New Haven,8/14/2022,2022,8,August,14,1,Sunday,20:01:00,20,22027461,A,"Injury of any type (Serious, Minor, Possible)",C,Possible Injury (C),2,0,0,4,Local,0,557,SHERMAN PKWY,SHERMAN PKWY,GOFFE ST,,,,,41.32024,-72.940086,14,Motor Vehicle in Operation,1,Front to rear,1,On Roadway,1,Clear,88,Not Applicable,3,Dusk,1,Dry,0,None,88,Not Applicable,88,Not Applicable,0,None,88,Not Applicable,88,Not Applicable,2,Intersection,2,Four-Way Intersection,1,No,1,No,88,Not Applicable,88,Not Applicable,88,Not Applicable,88,Not Applicable,TRUE,1,Public Road,1,"Trafficway, On Road",CT0009300,New Haven PD,301,37:57.0,O,Open,39:29.0,,,,,,,
970203,1,Complete,970203,970203,41.325899,-72.958591,3466366,New Haven,93,93,New Haven,8/22/2022,2022,8,August,22,2,Monday,9:04:00,9,22028395,A,"Injury of any type (Serious, Minor, Possible)",C,Possible Injury (C),2,0,0,3,State,0.11,63,63-N,63-N,WEST ROCK AV NO 2,,,,,41.325899,-72.958591,14,Motor Vehicle in Operation,1,Front to rear,1,On Roadway,1,Clear,88,Not Applicable,1,Daylight,1,Dry,0,None,88,Not Applicable,88,Not Applicable,0,None,88,Not Applicable,88,Not Applicable,2,Intersection,3,T-Intersection,1,No,1,No,88,Not Applicable,88,Not Applicable,88,Not Applicable,88,Not Applicable,TRUE,1,Public Road,1,"Trafficway, On Road",CT0009300,New Haven PD,44175,52:59.0,C,Closed,39:20.0,,2,23200,3,PRINCIPAL ARTERIAL - OTHER - NEW HPMS,3,Unknown
970204,1,Complete,970204,970204,41.3130093,-72.9520235,3466367,New Haven,93,93,New Haven,8/25/2022,2022,8,August,25,5,Thursday,18:34:00,18,22028923,A,"Injury of any type (Serious, Minor, Possible)",C,Possible Injury (C),2,0,0,3,State,2.59,10,10-N,10-N,CHAPEL ST,,,,,41.3130093,-72.9520235,14,Motor Vehicle in Operation,3,Angle,1,On Roadway,1,Clear,88,Not Applicable,1,Daylight,1,Dry,0,None,88,Not Applicable,88,Not Applicable,0,None,88,Not Applicable,88,Not Applicable,2,Intersection,2,Four-Way Intersection,1,No,1,No,88,Not Applicable,88,Not Applicable,88,Not Applicable,88,Not Applicable,FALSE,1,Public Road,1,"Trafficway, On Road",CT0009300,New Haven PD,42046,32:38.0,O,Open,38:58.0,,1,19800,3,PRINCIPAL ARTERIAL - OTHER - NEW HPMS,1,Rural
970210,1,Complete,970210,970210,41.30951,-72.889818,3466373,New Haven,93,93,New Haven,8/29/2022,2022,8,August,29,2,Monday,14:01:00,14,22029372,A,"Injury of any type (Serious, Minor, Possible)",C,Possible Injury (C),2,0,0,4,Local,0.21,264,GRAND AV,GRAND AV,PERKINS ST,,,,,41.30951,-72.889818,14,Motor Vehicle in Operation,3,Angle,1,On Roadway,1,Clear,88,Not Applicable,1,Daylight,1,Dry,0,None,88,Not Applicable,88,Not Applicable,0,None,88,Not Applicable,88,Not Applicable,3,Intersection-Related,3,T-Intersection,1,No,1,No,88,Not Applicable,88,Not Applicable,88,Not Applicable,88,Not Applicable,FALSE,1,Public Road,1,"Trafficway, On Road",CT0009300,New Haven PD,980,53:55.0,C,Closed,38:46.0,,,,,,,
970218,1,Complete,970218,970218,41.31433,-72.90406,3466381,New Haven,93,93,New Haven,8/31/2022,2022,8,August,31,4,Wednesday,16:26:00,16,22029663,A,"Injury of any type (Serious, Minor, Possible)",C,Possible Injury (C),3,0,0,4,Local,0,379,LOMBARD ST,LOMBARD ST,HUMPHREY ST,,,,,41.31433,-72.90406,14,Motor Vehicle in Operation,1,Front to rear,1,On Roadway,1,Clear,88,Not Applicable,1,Daylight,1,Dry,0,None,88,Not Applicable,88,Not Applicable,0,None,88,Not Applicable,88,Not Applicable,2,Intersection,2,Four-Way Intersection,1,No,1,No,88,Not Applicable,88,Not Applicable,88,Not Applicable,88,Not Applicable,FALSE,1,Public Road,1,"Trafficway, On Road",CT0009300,New Haven PD,42057,45:22.0,C,Closed,39:22.0,,,,,,,