CrashId,Fatal Case Status,Fatal Case Status Text Format,CrashId,CrashId,Latitude,Longitude,DOT Case Number,Town Name,Town Number,Town Number,Town Number Text Format,Date Of Crash,Year,Month,Month Text Format,Day,Day of the Week,Day of the Week Text Format,Time of Crash,Hour of the Day,Case Identifier,Crash Severity,Crash Severity Text Format,Most Severe Injury,Most Severe Injury Text Format,Number Of Motor Vehicles,Number Of Non-Motorist,Number Of Witnesses,Route Class,Route Class Text Format,Milemarker,Road Number,Road Description,Roadway Name,Intersecting Roadway Name,Landmark Description,Distance From Nearest Landmark,Unit Of Measure From Nearest Landmark,Direction From Nearest Landmark,Latitude,Longitude,First Harmful Event,First Harmful Event Text Format,Manner of Crash / Collision Impact,Manner of Crash / Collision Impact Text Format,Location of First Harmful Event,Location of First Harmful Event Text Format,Weather Condition,Weather Condition Text Format,Weather 2,Weather 2 Text Format,Light Condition,Light Condition Text Format,Road Surface Condition,Road Surface Condition Text Format,"Contributing Circumstances, Environment","Contributing Circumstances, Environment Text Format",Environment 2,Environment 2 Text Format,Environment 3,Environment 3 Text Format,"Contributing Circumstances, Road","Contributing Circumstances, Road Text Format",Road 2,Road 2 Text Format,Road 3,Road 3 Text Format,Crash Specific Location,Crash Specific Location Text Format,Type of Intersection,Type of Intersection Text Format,School Bus Related,School Bus Related Text Format,Work Zone Related,Work Zone Related Text Format,Location Of Crash Relative To Work Zone,Location Of Crash Relative To Work Zone Text Format,Type of Work Zone,Type of Work Zone Text Format,Worker Presence,Worker Presence Text Format,Law Enforcement Presence,Law Enforcement Presence Text Format,Were Vehicles Moved Prior To Police Arrival,Trafficway Ownership,Trafficway Ownership Text Format,Trafficway Class,Trafficway Class Text Format,Police Agency,Police Agency Text Format,Badge Number,Approval Date,Police Case Status,Police Case Status Text Format,Crash Report Submission Date,Related Case Identifiers,No. of Through Lanes (Log Dir.),Average Daily Traffic,Functional Classification,Functional Classification Text Format,Rural or Urban,Rural or Urban Text Format
970220,1,Complete,970220,970220,41.31172,-72.89989,3466383,New Haven,93,93,New Haven,8/31/2022,2022,8,August,31,4,Wednesday,21:35:00,21,22029702,A,"Injury of any type (Serious, Minor, Possible)",C,Possible Injury (C),2,0,0,4,Local,0.6,57,BLATCHLEY AV,BLATCHLEY AV,PINE ST NO 1,,,,,41.31172,-72.89989,14,Motor Vehicle in Operation,2,Front to front,1,On Roadway,1,Clear,88,Not Applicable,4,Dark-Lighted,1,Dry,0,None,88,Not Applicable,88,Not Applicable,0,None,88,Not Applicable,88,Not Applicable,2,Intersection,2,Four-Way Intersection,1,No,1,No,88,Not Applicable,88,Not Applicable,88,Not Applicable,88,Not Applicable,FALSE,1,Public Road,1,"Trafficway, On Road",CT0009300,New Haven PD,44044,08:04.0,O,Open,38:43.0,22-029702,,,,,,
970224,1,Complete,970224,970224,41.3312738,-72.9171911,3466387,New Haven,93,93,New Haven,9/1/2022,2022,9,September,1,5,Thursday,9:37:00,9,22029734,A,"Injury of any type (Serious, Minor, Possible)",B,Suspected Minor Injury (B),1,1,0,4,Local,0.45,171,EAST ROCK RD,EAST ROCK RD,EDGEHILL RD,,,,,41.3312738,-72.9171911,9,Pedestrian,88,Not Applicable,1,On Roadway,1,Clear,88,Not Applicable,1,Daylight,1,Dry,0,None,88,Not Applicable,88,Not Applicable,0,None,88,Not Applicable,88,Not Applicable,2,Intersection,2,Four-Way Intersection,1,No,1,No,88,Not Applicable,88,Not Applicable,88,Not Applicable,88,Not Applicable,FALSE,1,Public Road,1,"Trafficway, On Road",CT0009300,New Haven PD,40953,20:58.0,C,Closed,38:47.0,,2,4001,7,LOCAL - NEW HPMS,2,Urban
970225,1,Complete,970225,970225,41.29916,-72.91882,3466388,New Haven,93,93,New Haven,9/1/2022,2022,9,September,1,5,Thursday,9:46:00,9,22029736,A,"Injury of any type (Serious, Minor, Possible)",C,Possible Injury (C),2,0,0,4,Local,0.14,692,BREWERY ST,BREWERY ST,SARGENT DR,,,,,41.29916,-72.91882,14,Motor Vehicle in Operation,4,"Sideswipe, same direction",1,On Roadway,1,Clear,88,Not Applicable,1,Daylight,1,Dry,0,None,88,Not Applicable,88,Not Applicable,0,None,88,Not Applicable,88,Not Applicable,2,Intersection,3,T-Intersection,1,No,1,No,88,Not Applicable,88,Not Applicable,88,Not Applicable,88,Not Applicable,TRUE,1,Public Road,1,"Trafficway, On Road",CT0009300,New Haven PD,26,34:40.0,C,Closed,38:48.0,,,,,,,
970227,1,Complete,970227,970227,41.33352,-72.9506,3466390,New Haven,93,93,New Haven,9/1/2022,2022,9,September,1,5,Thursday,15:06:00,15,22029792,A,"Injury of any type (Serious, Minor, Possible)",C,Possible Injury (C),2,0,1,4,Local,0,208,FARNHAM AV,FARNHAM AV,WINTERGREEN AV,,,,,41.33352,-72.9506,14,Motor Vehicle in Operation,3,Angle,1,On Roadway,1,Clear,88,Not Applicable,1,Daylight,1,Dry,0,None,88,Not Applicable,88,Not Applicable,0,None,88,Not Applicable,88,Not Applicable,2,Intersection,3,T-Intersection,1,No,1,No,88,Not Applicable,88,Not Applicable,88,Not Applicable,88,Not Applicable,TRUE,1,Public Road,1,"Trafficway, On Road",CT0009300,New Haven PD,170,41:41.0,C,Closed,38:55.0,,,,,,,
970232,1,Complete,970232,970232,41.31456,-72.94944,3466395,New Haven,93,93,New Haven,9/1/2022,2022,9,September,1,5,Thursday,18:14:00,18,22029836,A,"Injury of any type (Serious, Minor, Possible)",B,Suspected Minor Injury (B),2,0,1,4,Local,1.15,179,EDGEWOOD AV,EDGEWOOD AV,ELLSWORTH AV,,,,,41.31456,-72.94944,14,Motor Vehicle in Operation,3,Angle,1,On Roadway,1,Clear,88,Not Applicable,1,Daylight,1,Dry,0,None,88,Not Applicable,88,Not Applicable,0,None,88,Not Applicable,88,Not Applicable,2,Intersection,2,Four-Way Intersection,1,No,1,No,88,Not Applicable,88,Not Applicable,88,Not Applicable,88,Not Applicable,FALSE,1,Public Road,1,"Trafficway, On Road",CT0009300,New Haven PD,40793,34:55.0,C,Closed,38:53.0,,,,,,,
970239,1,Complete,970239,970239,41.31454,-72.9494,3466402,New Haven,93,93,New Haven,9/2/2022,2022,9,September,2,6,Friday,16:45:00,16,22029939,A,"Injury of any type (Serious, Minor, Possible)",B,Suspected Minor Injury (B),2,0,0,4,Local,1.15,179,EDGEWOOD AV,EDGEWOOD AV,ELLSWORTH AV,,,,,41.31454,-72.9494,14,Motor Vehicle in Operation,3,Angle,1,On Roadway,1,Clear,88,Not Applicable,1,Daylight,1,Dry,0,None,88,Not Applicable,88,Not Applicable,0,None,88,Not Applicable,88,Not Applicable,2,Intersection,2,Four-Way Intersection,1,No,1,No,88,Not Applicable,88,Not Applicable,88,Not Applicable,88,Not Applicable,FALSE,1,Public Road,1,"Trafficway, On Road",CT0009300,New Haven PD,40793,51:35.0,C,Closed,38:59.0,,,,,,,
970240,1,Complete,970240,970240,41.314032,-72.878585,3466403,New Haven,93,93,New Haven,9/2/2022,2022,9,September,2,6,Friday,16:25:00,16,22029941,A,"Injury of any type (Serious, Minor, Possible)",B,Suspected Minor Injury (B),2,0,0,4,Local,1.7,498,QUINNIPIAC AV,QUINNIPIAC AV,,HEMINGWAY ST,188,Feet,N,41.314032,-72.878585,14,Motor Vehicle in Operation,2,Front to front,1,On Roadway,1,Clear,88,Not Applicable,1,Daylight,1,Dry,0,None,88,Not Applicable,88,Not Applicable,0,None,88,Not Applicable,88,Not Applicable,1,Non-Junction,1,Not at Intersection,1,No,1,No,88,Not Applicable,88,Not Applicable,88,Not Applicable,88,Not Applicable,FALSE,1,Public Road,1,"Trafficway, On Road",CT0009300,New Haven PD,416,46:08.0,C,Closed,39:03.0,,,,,,,
970241,1,Complete,970241,970241,41.30629,-72.94264,3466404,New Haven,93,93,New Haven,9/2/2022,2022,9,September,2,6,Friday,17:52:00,17,22029946,A,"Injury of any type (Serious, Minor, Possible)",C,Possible Injury (C),2,0,0,4,Local,0.52,360,LEGION AV-RT 34,LEGION AV-RT 34,ORCHARD ST,,,,,41.30629,-72.94264,14,Motor Vehicle in Operation,1,Front to rear,1,On Roadway,1,Clear,88,Not Applicable,1,Daylight,1,Dry,0,None,88,Not Applicable,88,Not Applicable,0,None,88,Not Applicable,88,Not Applicable,2,Intersection,2,Four-Way Intersection,1,No,1,No,88,Not Applicable,88,Not Applicable,88,Not Applicable,88,Not Applicable,FALSE,1,Public Road,1,"Trafficway, On Road",CT0009300,New Haven PD,281,56:13.0,C,Closed,39:12.0,,,,,,,
970242,1,Complete,970242,970242,41.303261,-72.925736,3466405,New Haven,93,93,New Haven,9/5/2022,2022,9,September,5,2,Monday,15:11:00,15,22029950,A,"Injury of any type (Serious, Minor, Possible)",B,Suspected Minor Injury (B),2,0,1,4,Local,0.08,727,ORANGE ST NO 2,ORANGE ST NO 2,,ELLA T GRASSO BLVD,100,Feet,W,41.303261,-72.925736,14,Motor Vehicle in Operation,4,"Sideswipe, same direction",1,On Roadway,1,Clear,1,Clear,1,Daylight,1,Dry,0,None,88,Not Applicable,88,Not Applicable,0,None,88,Not Applicable,88,Not Applicable,1,Non-Junction,1,Not at Intersection,1,No,1,No,88,Not Applicable,88,Not Applicable,88,Not Applicable,88,Not Applicable,FALSE,1,Public Road,1,"Trafficway, On Road",CT0009300,New Haven PD,428,34:12.0,O,Open,39:33.0,,,,,,,
970243,1,Complete,970243,970243,41.318495,-72.902991,3466406,New Haven,93,93,New Haven,9/2/2022,2022,9,September,2,6,Friday,17:02:00,17,22029951,A,"Injury of any type (Serious, Minor, Possible)",C,Possible Injury (C),2,0,0,1,Interstate,0.32,91,91-N-141,91-N-141,WILLOW ST,,,,,41.318495,-72.902991,14,Motor Vehicle in Operation,3,Angle,1,On Roadway,1,Clear,88,Not Applicable,1,Daylight,1,Dry,0,None,88,Not Applicable,88,Not Applicable,0,None,88,Not Applicable,88,Not Applicable,2,Intersection,3,T-Intersection,1,No,1,No,88,Not Applicable,88,Not Applicable,88,Not Applicable,88,Not Applicable,FALSE,1,Public Road,1,"Trafficway, On Road",CT0009300,New Haven PD,87,35:09.0,C,Closed,39:02.0,,2,28800,1,INTERSTATE - NEW HPMS,2,Urban
970249,1,Complete,970249,970249,41.30824,-72.92414,3466412,New Haven,93,93,New Haven,9/3/2022,2022,9,September,3,7,Saturday,1:30:00,1,22030004,A,"Injury of any type (Serious, Minor, Possible)",C,Possible Injury (C),2,0,0,4,Local,0.34,103,CHURCH ST,CHURCH ST,ELM ST NO 2,,,,,41.30824,-72.92414,14,Motor Vehicle in Operation,3,Angle,1,On Roadway,1,Clear,88,Not Applicable,4,Dark-Lighted,1,Dry,0,None,88,Not Applicable,88,Not Applicable,0,None,88,Not Applicable,88,Not Applicable,2,Intersection,2,Four-Way Intersection,1,No,1,No,88,Not Applicable,88,Not Applicable,88,Not Applicable,88,Not Applicable,FALSE,1,Public Road,1,"Trafficway, On Road",CT0009300,New Haven PD,42367,54:23.0,C,Closed,39:05.0,,,,,,,
970263,1,Complete,970263,970263,41.320537,-72.951199,3466426,New Haven,93,93,New Haven,9/3/2022,2022,9,September,3,7,Saturday,20:49:00,20,22030084,A,"Injury of any type (Serious, Minor, Possible)",A,Suspected Serious Injury (A),1,1,1,3,State,3.18,10,10-N,10-N,,HOBART ST,30,Feet,W,41.320537,-72.951199,9,Pedestrian,88,Not Applicable,1,On Roadway,1,Clear,88,Not Applicable,4,Dark-Lighted,1,Dry,0,None,88,Not Applicable,88,Not Applicable,0,None,88,Not Applicable,88,Not Applicable,11,Through Roadway,1,Not at Intersection,1,No,1,No,88,Not Applicable,88,Not Applicable,88,Not Applicable,88,Not Applicable,FALSE,1,Public Road,1,"Trafficway, On Road",CT0009300,New Haven PD,40793,27:12.0,O,Open,39:21.0,,4,18000,3,PRINCIPAL ARTERIAL - OTHER - NEW HPMS,2,Urban
970264,1,Complete,970264,970264,41.287396,-72.889763,3466427,New Haven,93,93,New Haven,9/3/2022,2022,9,September,3,7,Saturday,15:03:00,15,22030086,A,"Injury of any type (Serious, Minor, Possible)",B,Suspected Minor Injury (B),2,0,0,4,Local,0,317,HUNTINGTON AV,HUNTINGTON AV,,MAIN ST,20,Feet,S,41.287396,-72.889763,14,Motor Vehicle in Operation,3,Angle,1,On Roadway,1,Clear,88,Not Applicable,1,Daylight,1,Dry,0,None,88,Not Applicable,88,Not Applicable,0,None,88,Not Applicable,88,Not Applicable,9,Driveway Access-Related,1,Not at Intersection,1,No,1,No,88,Not Applicable,88,Not Applicable,88,Not Applicable,88,Not Applicable,FALSE,1,Public Road,1,"Trafficway, On Road",CT0009300,New Haven PD,409,10:36.0,C,Closed,39:37.0,,,,,,,
970265,1,Complete,970265,970265,41.32221,-72.9535,3466428,New Haven,93,93,New Haven,9/4/2022,2022,9,September,4,1,Sunday,1:26:00,1,22030099,A,"Injury of any type (Serious, Minor, Possible)",C,Possible Injury (C),2,0,0,3,State,3.35,10,10-N,10-N,OSBORN AV,,,,,41.32221,-72.9535,14,Motor Vehicle in Operation,97,Other,1,On Roadway,1,Clear,88,Not Applicable,4,Dark-Lighted,1,Dry,99,Unknown,88,Not Applicable,88,Not Applicable,0,None,88,Not Applicable,88,Not Applicable,2,Intersection,3,T-Intersection,1,No,1,No,88,Not Applicable,88,Not Applicable,88,Not Applicable,88,Not Applicable,TRUE,1,Public Road,1,"Trafficway, On Road",CT0009300,New Haven PD,43614,21:17.0,O,Open,39:53.0,,2,18100,3,PRINCIPAL ARTERIAL - OTHER - NEW HPMS,2,Urban
970269,1,Complete,970269,970269,41.306551,-72.953075,3466432,New Haven,93,93,New Haven,9/4/2022,2022,9,September,4,1,Sunday,4:04:00,4,22030113,A,"Injury of any type (Serious, Minor, Possible)",C,Possible Injury (C),1,0,0,3,State,2.24,10,10-N,10-N,N FRONTAGE RD,,,,,41.306551,-72.953075,32,Tree (standing),88,Not Applicable,1,On Roadway,1,Clear,88,Not Applicable,5,Dark-Not Lighted,1,Dry,99,Unknown,88,Not Applicable,88,Not Applicable,99,Unknown,88,Not Applicable,88,Not Applicable,2,Intersection,3,T-Intersection,1,No,1,No,88,Not Applicable,88,Not Applicable,88,Not Applicable,88,Not Applicable,FALSE,1,Public Road,1,"Trafficway, On Road",CT0009300,New Haven PD,43690,59:11.0,C,Closed,39:16.0,,4,33100,3,PRINCIPAL ARTERIAL - OTHER - NEW HPMS,2,Urban
970273,1,Complete,970273,970273,41.31665,-72.90698,3466436,New Haven,93,93,New Haven,9/4/2022,2022,9,September,4,1,Sunday,9:52:00,9,22030131,A,"Injury of any type (Serious, Minor, Possible)",C,Possible Injury (C),2,0,1,4,Local,0.14,575,STATE ST,STATE ST,,LAWRENCE ST,350,Feet,E,41.31665,-72.90698,14,Motor Vehicle in Operation,3,Angle,1,On Roadway,1,Clear,88,Not Applicable,1,Daylight,1,Dry,0,None,88,Not Applicable,88,Not Applicable,0,None,88,Not Applicable,88,Not Applicable,1,Non-Junction,1,Not at Intersection,1,No,1,No,88,Not Applicable,88,Not Applicable,88,Not Applicable,88,Not Applicable,FALSE,1,Public Road,1,"Trafficway, On Road",CT0009300,New Haven PD,42053,50:04.0,C,Closed,39:18.0,,,,,,,
970274,1,Complete,970274,970274,41.30904,-72.89475,3466437,New Haven,93,93,New Haven,9/4/2022,2022,9,September,4,1,Sunday,10:37:00,10,22030134,A,"Injury of any type (Serious, Minor, Possible)",C,Possible Injury (C),2,0,0,4,Local,0.47,264,GRAND AV,GRAND AV,,BRIGHT ST,20,Feet,W,41.30904,-72.89475,14,Motor Vehicle in Operation,1,Front to rear,1,On Roadway,1,Clear,88,Not Applicable,1,Daylight,1,Dry,0,None,88,Not Applicable,88,Not Applicable,0,None,88,Not Applicable,88,Not Applicable,1,Non-Junction,1,Not at Intersection,1,No,1,No,88,Not Applicable,88,Not Applicable,88,Not Applicable,88,Not Applicable,TRUE,1,Public Road,1,"Trafficway, On Road",CT0009300,New Haven PD,263,18:58.0,C,Closed,39:19.0,,,,,,,
970278,1,Complete,970278,970278,41.30755,-72.89516,3466441,New Haven,93,93,New Haven,9/4/2022,2022,9,September,4,1,Sunday,19:26:00,19,22030176,A,"Injury of any type (Serious, Minor, Possible)",C,Possible Injury (C),2,0,0,4,Local,0.84,213,FERRY ST,FERRY ST,EXCHANGE ST,,,,,41.30755,-72.89516,14,Motor Vehicle in Operation,1,Front to rear,1,On Roadway,2,Cloudy,88,Not Applicable,1,Daylight,2,Wet,0,None,88,Not Applicable,88,Not Applicable,0,None,88,Not Applicable,88,Not Applicable,3,Intersection-Related,2,Four-Way Intersection,1,No,1,No,88,Not Applicable,88,Not Applicable,88,Not Applicable,88,Not Applicable,FALSE,1,Public Road,1,"Trafficway, On Road",CT0009300,New Haven PD,44053,34:27.0,C,Closed,39:36.0,,,,,,,
970279,1,Complete,970279,970279,41.3178185,-72.9377405,3466442,New Haven,93,93,New Haven,9/4/2022,2022,9,September,4,1,Sunday,17:38:00,17,22030180,A,"Injury of any type (Serious, Minor, Possible)",B,Suspected Minor Injury (B),2,0,0,4,Local,0.27,257,GOFFE ST,GOFFE ST,ORCHARD ST,,,,,41.3178185,-72.9377405,14,Motor Vehicle in Operation,3,Angle,1,On Roadway,4,Rain,88,Not Applicable,3,Dusk,2,Wet,0,None,88,Not Applicable,88,Not Applicable,0,None,88,Not Applicable,88,Not Applicable,2,Intersection,2,Four-Way Intersection,1,No,1,No,88,Not Applicable,88,Not Applicable,88,Not Applicable,88,Not Applicable,FALSE,1,Public Road,1,"Trafficway, On Road",CT0009300,New Haven PD,40812,23:48.0,C,Closed,39:21.0,,,,,,,
970280,1,Complete,970280,970280,41.26797,-72.897296,3466443,New Haven,93,93,New Haven,9/4/2022,2022,9,September,4,1,Sunday,20:05:00,20,22030196,A,"Injury of any type (Serious, Minor, Possible)",B,Suspected Minor Injury (B),1,1,0,4,Local,0.02,225,FORT HALE PARK RD,FORT HALE PARK RD,,TOWNSEND AVE,100,Feet,E,41.26797,-72.897296,9,Pedestrian,88,Not Applicable,1,On Roadway,4,Rain,88,Not Applicable,4,Dark-Lighted,2,Wet,0,None,88,Not Applicable,88,Not Applicable,0,None,88,Not Applicable,88,Not Applicable,1,Non-Junction,1,Not at Intersection,1,No,1,No,88,Not Applicable,88,Not Applicable,88,Not Applicable,88,Not Applicable,FALSE,1,Public Road,1,"Trafficway, On Road",CT0009300,New Haven PD,42057,38:48.0,C,Closed,39:42.0,,2,2438,7,LOCAL - NEW HPMS,2,Urban
970286,1,Complete,970286,970286,41.287449,-72.8896771,3466449,New Haven,93,93,New Haven,9/5/2022,2022,9,September,5,2,Monday,12:16:00,12,22030241,A,"Injury of any type (Serious, Minor, Possible)",B,Suspected Minor Injury (B),2,0,0,4,Local,0.03,317,HUNTINGTON AV,HUNTINGTON AV,MAIN ST ANX,,,,,41.287449,-72.8896771,14,Motor Vehicle in Operation,3,Angle,1,On Roadway,1,Clear,88,Not Applicable,1,Daylight,1,Dry,0,None,88,Not Applicable,88,Not Applicable,0,None,88,Not Applicable,88,Not Applicable,2,Intersection,2,Four-Way Intersection,1,No,1,No,88,Not Applicable,88,Not Applicable,88,Not Applicable,88,Not Applicable,FALSE,1,Public Road,1,"Trafficway, On Road",CT0009300,New Haven PD,44049,49:06.0,C,Closed,39:38.0,,,,,,,
970288,1,Complete,970288,970288,41.298899,-72.918894,3466451,New Haven,93,93,New Haven,9/5/2022,2022,9,September,5,2,Monday,19:03:00,19,22030257,A,"Injury of any type (Serious, Minor, Possible)",B,Suspected Minor Injury (B),1,1,0,4,Local,0.14,692,BREWERY ST,BREWERY ST,SARGENT DR,,,,,41.298899,-72.918894,9,Pedestrian,88,Not Applicable,1,On Roadway,1,Clear,88,Not Applicable,1,Daylight,1,Dry,0,None,88,Not Applicable,88,Not Applicable,0,None,88,Not Applicable,88,Not Applicable,2,Intersection,3,T-Intersection,1,No,1,No,88,Not Applicable,88,Not Applicable,88,Not Applicable,88,Not Applicable,FALSE,1,Public Road,1,"Trafficway, On Road",CT0009300,New Haven PD,40810,32:11.0,C,Closed,39:31.0,,4,11300,3,PRINCIPAL ARTERIAL - OTHER - NEW HPMS,2,Urban
970289,1,Complete,970289,970289,41.3064,-72.95277,3466452,New Haven,93,93,New Haven,9/5/2022,2022,9,September,5,2,Monday,14:57:00,14,22030258,A,"Injury of any type (Serious, Minor, Possible)",C,Possible Injury (C),2,0,0,3,State,2.12,10,10-N,10-N,,DR ML KING DR,10,Feet,S,41.3064,-72.95277,14,Motor Vehicle in Operation,1,Front to rear,1,On Roadway,1,Clear,88,Not Applicable,1,Daylight,1,Dry,0,None,88,Not Applicable,88,Not Applicable,0,None,88,Not Applicable,88,Not Applicable,11,Through Roadway,1,Not at Intersection,1,No,1,No,88,Not Applicable,88,Not Applicable,88,Not Applicable,88,Not Applicable,FALSE,1,Public Road,1,"Trafficway, On Road",CT0009300,New Haven PD,40793,15:11.0,C,Closed,39:30.0,,2,24500,3,PRINCIPAL ARTERIAL - OTHER - NEW HPMS,2,Urban
970316,1,Complete,970316,970316,41.30641,-72.95278,3466479,New Haven,93,93,New Haven,9/5/2022,2022,9,September,5,2,Monday,14:57:00,14,22030264,A,"Injury of any type (Serious, Minor, Possible)",C,Possible Injury (C),2,0,0,3,State,2.12,10,10-N,10-N,,DR ML KING DR,15,Feet,S,41.30641,-72.95278,14,Motor Vehicle in Operation,1,Front to rear,1,On Roadway,1,Clear,88,Not Applicable,1,Daylight,1,Dry,0,None,88,Not Applicable,88,Not Applicable,0,None,88,Not Applicable,88,Not Applicable,11,Through Roadway,1,Not at Intersection,1,No,1,No,88,Not Applicable,88,Not Applicable,88,Not Applicable,88,Not Applicable,FALSE,1,Public Road,1,"Trafficway, On Road",CT0009300,New Haven PD,40793,53:26.0,C,Closed,39:29.0,,2,24500,3,PRINCIPAL ARTERIAL - OTHER - NEW HPMS,2,Urban
970461,1,Complete,970461,970461,41.29026,-72.93954,3466624,New Haven,93,93,New Haven,9/7/2022,2022,9,September,7,4,Wednesday,7:59:00,7,22030439,A,"Injury of any type (Serious, Minor, Possible)",C,Possible Injury (C),2,0,0,3,State,0.8,10,10-N,10-N,LAMBERTON ST,,,,,41.29026,-72.93954,14,Motor Vehicle in Operation,4,"Sideswipe, same direction",1,On Roadway,1,Clear,88,Not Applicable,1,Daylight,1,Dry,0,None,88,Not Applicable,88,Not Applicable,0,None,88,Not Applicable,88,Not Applicable,2,Intersection,3,T-Intersection,1,No,1,No,88,Not Applicable,88,Not Applicable,88,Not Applicable,88,Not Applicable,FALSE,1,Public Road,1,"Trafficway, On Road",CT0009300,New Haven PD,295,24:09.0,C,Closed,01:40.0,,2,18000,3,PRINCIPAL ARTERIAL - OTHER - NEW HPMS,2,Urban
970465,1,Complete,970465,970465,41.313363,-72.901414,3466628,New Haven,93,93,New Haven,9/7/2022,2022,9,September,7,4,Wednesday,15:09:00,15,22030508,A,"Injury of any type (Serious, Minor, Possible)",A,Suspected Serious Injury (A),2,0,0,4,Local,0.16,419,MONROE ST,MONROE ST,,ALTON ST,150,Feet,N,41.313363,-72.901414,14,Motor Vehicle in Operation,3,Angle,1,On Roadway,1,Clear,88,Not Applicable,1,Daylight,1,Dry,0,None,88,Not Applicable,88,Not Applicable,0,None,88,Not Applicable,88,Not Applicable,1,Non-Junction,1,Not at Intersection,1,No,1,No,88,Not Applicable,88,Not Applicable,88,Not Applicable,88,Not Applicable,FALSE,1,Public Road,1,"Trafficway, On Road",CT0009300,New Haven PD,44051,53:19.0,C,Closed,01:45.0,,,,,,,
970466,1,Complete,970466,970466,41.32081,-72.95145,3466629,New Haven,93,93,New Haven,9/7/2022,2022,9,September,7,4,Wednesday,14:21:00,14,22030515,A,"Injury of any type (Serious, Minor, Possible)",C,Possible Injury (C),3,0,1,3,State,3.23,10,10-N,10-N,PENDLETON ST,,,,,41.32081,-72.95145,14,Motor Vehicle in Operation,1,Front to rear,1,On Roadway,1,Clear,88,Not Applicable,1,Daylight,1,Dry,0,None,88,Not Applicable,88,Not Applicable,0,None,88,Not Applicable,88,Not Applicable,2,Intersection,3,T-Intersection,1,No,1,No,88,Not Applicable,88,Not Applicable,88,Not Applicable,88,Not Applicable,FALSE,1,Public Road,1,"Trafficway, On Road",CT0009300,New Haven PD,91,16:51.0,C,Closed,01:47.0,,2,18100,3,PRINCIPAL ARTERIAL - OTHER - NEW HPMS,2,Urban
970468,1,Complete,970468,970468,41.31635,-72.8956,3466631,New Haven,93,93,New Haven,9/7/2022,2022,9,September,7,4,Wednesday,19:31:00,19,22030556,A,"Injury of any type (Serious, Minor, Possible)",C,Possible Injury (C),2,0,0,4,Local,0.27,531,ROWE ST,ROWE ST,PECK ST NO 2,,,,,41.31635,-72.8956,14,Motor Vehicle in Operation,97,Other,1,On Roadway,1,Clear,88,Not Applicable,3,Dusk,1,Dry,0,None,88,Not Applicable,88,Not Applicable,0,None,88,Not Applicable,88,Not Applicable,3,Intersection-Related,2,Four-Way Intersection,1,No,1,No,88,Not Applicable,88,Not Applicable,88,Not Applicable,88,Not Applicable,FALSE,1,Public Road,1,"Trafficway, On Road",CT0009300,New Haven PD,40815,32:47.0,C,Closed,01:46.0,22030556,,,,,,
970839,1,Complete,970839,970839,41.29464,-72.89984,3467002,New Haven,93,93,New Haven,9/7/2022,2022,9,September,7,4,Wednesday,7:00:00,7,22030435,A,"Injury of any type (Serious, Minor, Possible)",C,Possible Injury (C),2,0,0,2,USRoute,49.69,1,1-N,1-N,WHEELER ST,,,,,41.29464,-72.89984,14,Motor Vehicle in Operation,3,Angle,1,On Roadway,1,Clear,88,Not Applicable,1,Daylight,1,Dry,0,None,0,None,0,None,0,None,0,None,0,None,2,Intersection,2,Four-Way Intersection,1,No,1,No,88,Not Applicable,88,Not Applicable,88,Not Applicable,88,Not Applicable,FALSE,1,Public Road,1,"Trafficway, On Road",CT0009300,New Haven PD,44060,27:18.0,C,Closed,00:43.0,,2,9400,3,PRINCIPAL ARTERIAL - OTHER - NEW HPMS,2,Urban
970845,1,Complete,970845,970845,41.313674,-72.934491,3467008,New Haven,93,93,New Haven,9/8/2022,2022,9,September,8,5,Thursday,2:20:00,2,22030587,A,"Injury of any type (Serious, Minor, Possible)",C,Possible Injury (C),1,1,0,4,Local,0.84,653,WHALLEY AV,WHALLEY AV,,DWIGHT ST,100,Feet,W,41.313674,-72.934491,9,Pedestrian,88,Not Applicable,7,In Parking Lane or Zone,1,Clear,88,Not Applicable,5,Dark-Not Lighted,1,Dry,99,Unknown,88,Not Applicable,88,Not Applicable,0,None,88,Not Applicable,88,Not Applicable,99,Unknown,1,Not at Intersection,1,No,1,No,88,Not Applicable,88,Not Applicable,88,Not Applicable,88,Not Applicable,TRUE,88,Not Applicable,4,Parking Lot,CT0009300,New Haven PD,82,33:52.0,O,Open,00:43.0,,,,,,,
970848,1,Complete,970848,970848,41.28819,-72.8889,3467011,New Haven,93,93,New Haven,9/8/2022,2022,9,September,8,5,Thursday,10:50:00,10,22030609,A,"Injury of any type (Serious, Minor, Possible)",C,Possible Injury (C),2,0,0,2,USRoute,50.47,1,1-N,1-N,OAKLEY ST NO 2,,,,,41.28819,-72.8889,14,Motor Vehicle in Operation,1,Front to rear,1,On Roadway,1,Clear,1,Clear,1,Daylight,1,Dry,0,None,88,Not Applicable,88,Not Applicable,0,None,88,Not Applicable,88,Not Applicable,2,Intersection,3,T-Intersection,1,No,1,No,88,Not Applicable,88,Not Applicable,88,Not Applicable,88,Not Applicable,FALSE,1,Public Road,1,"Trafficway, On Road",CT0009300,New Haven PD,44063,20:07.0,C,Closed,00:46.0,,3,21400,3,PRINCIPAL ARTERIAL - OTHER - NEW HPMS,2,Urban