CrashId,Fatal Case Status,Fatal Case Status Text Format,CrashId,CrashId,Latitude,Longitude,DOT Case Number,Town Name,Town Number,Town Number,Town Number Text Format,Date Of Crash,Year,Month,Month Text Format,Day,Day of the Week,Day of the Week Text Format,Time of Crash,Hour of the Day,Case Identifier,Crash Severity,Crash Severity Text Format,Most Severe Injury,Most Severe Injury Text Format,Number Of Motor Vehicles,Number Of Non-Motorist,Number Of Witnesses,Route Class,Route Class Text Format,Milemarker,Road Number,Road Description,Roadway Name,Intersecting Roadway Name,Landmark Description,Distance From Nearest Landmark,Unit Of Measure From Nearest Landmark,Direction From Nearest Landmark,Latitude,Longitude,First Harmful Event,First Harmful Event Text Format,Manner of Crash / Collision Impact,Manner of Crash / Collision Impact Text Format,Location of First Harmful Event,Location of First Harmful Event Text Format,Weather Condition,Weather Condition Text Format,Weather 2,Weather 2 Text Format,Light Condition,Light Condition Text Format,Road Surface Condition,Road Surface Condition Text Format,"Contributing Circumstances, Environment","Contributing Circumstances, Environment Text Format",Environment 2,Environment 2 Text Format,Environment 3,Environment 3 Text Format,"Contributing Circumstances, Road","Contributing Circumstances, Road Text Format",Road 2,Road 2 Text Format,Road 3,Road 3 Text Format,Crash Specific Location,Crash Specific Location Text Format,Type of Intersection,Type of Intersection Text Format,School Bus Related,School Bus Related Text Format,Work Zone Related,Work Zone Related Text Format,Location Of Crash Relative To Work Zone,Location Of Crash Relative To Work Zone Text Format,Type of Work Zone,Type of Work Zone Text Format,Worker Presence,Worker Presence Text Format,Law Enforcement Presence,Law Enforcement Presence Text Format,Were Vehicles Moved Prior To Police Arrival,Trafficway Ownership,Trafficway Ownership Text Format,Trafficway Class,Trafficway Class Text Format,Police Agency,Police Agency Text Format,Badge Number,Approval Date,Police Case Status,Police Case Status Text Format,Crash Report Submission Date,Related Case Identifiers,No. of Through Lanes (Log Dir.),Average Daily Traffic,Functional Classification,Functional Classification Text Format,Rural or Urban,Rural or Urban Text Format
970851,1,Complete,970851,970851,41.293696,-72.918383,3467014,New Haven,93,93,New Haven,9/8/2022,2022,9,September,8,5,Thursday,16:49:00,16,22030663,A,"Injury of any type (Serious, Minor, Possible)",B,Suspected Minor Injury (B),1,1,1,4,Local,0.65,513,LONG WHARF DR,LONG WHARF DR,,CANAL DOCK RD,800,Feet,N,41.293696,-72.918383,9,Pedestrian,88,Not Applicable,1,On Roadway,1,Clear,88,Not Applicable,1,Daylight,1,Dry,99,Unknown,88,Not Applicable,88,Not Applicable,99,Unknown,88,Not Applicable,88,Not Applicable,1,Non-Junction,1,Not at Intersection,1,No,1,No,88,Not Applicable,88,Not Applicable,88,Not Applicable,88,Not Applicable,FALSE,1,Public Road,1,"Trafficway, On Road",CT0009300,New Haven PD,40947,45:38.0,C,Closed,00:47.0,,2,9100,4,MINOR ARTERIAL - NEW HPMS,2,Urban
970852,1,Complete,970852,970852,41.303119,-72.936636,3467015,New Haven,93,93,New Haven,9/8/2022,2022,9,September,8,5,Thursday,16:54:00,16,22030664,A,"Injury of any type (Serious, Minor, Possible)",B,Suspected Minor Injury (B),1,1,0,4,Local,0.7,141,DAVENPORT AV,DAVENPORT AV,,HOWARD AVE,0.25,TenthsofMile,W,41.303119,-72.936636,10,Pedalcycle/Pedalcyclist,97,Other,1,On Roadway,1,Clear,88,Not Applicable,1,Daylight,1,Dry,0,None,88,Not Applicable,88,Not Applicable,0,None,88,Not Applicable,88,Not Applicable,1,Non-Junction,1,Not at Intersection,1,No,1,No,88,Not Applicable,88,Not Applicable,88,Not Applicable,88,Not Applicable,TRUE,1,Public Road,1,"Trafficway, On Road",CT0009300,New Haven PD,40814,58:08.0,C,Closed,00:51.0,,,,,,,
971310,1,Complete,971310,971310,41.310878,-72.930308,3467473,New Haven,93,93,New Haven,8/20/2022,2022,8,August,20,7,Saturday,0:52:00,0,22028169,A,"Injury of any type (Serious, Minor, Possible)",B,Suspected Minor Injury (B),2,0,0,4,Local,0,68,BROADWAY,BROADWAY,,ELM STREET,115,Feet,W,41.310878,-72.930308,14,Motor Vehicle in Operation,1,Front to rear,1,On Roadway,1,Clear,1,Clear,4,Dark-Lighted,1,Dry,0,None,88,Not Applicable,88,Not Applicable,0,None,88,Not Applicable,88,Not Applicable,1,Non-Junction,1,Not at Intersection,1,No,1,No,88,Not Applicable,88,Not Applicable,88,Not Applicable,88,Not Applicable,FALSE,1,Public Road,1,"Trafficway, On Road",CT0009300,New Haven PD,370,26:44.0,C,Closed,00:34.0,,,,,,,
971317,1,Complete,971317,971317,41.31437,-72.93571,3467480,New Haven,93,93,New Haven,9/8/2022,2022,9,September,8,5,Thursday,11:02:00,11,22030614,A,"Injury of any type (Serious, Minor, Possible)",B,Suspected Minor Injury (B),1,1,2,4,Local,0.76,653,WHALLEY AV,WHALLEY AV,,,,,,41.31437,-72.93571,14,Motor Vehicle in Operation,2,Front to front,1,On Roadway,1,Clear,88,Not Applicable,1,Daylight,1,Dry,0,None,88,Not Applicable,88,Not Applicable,0,None,88,Not Applicable,88,Not Applicable,2,Intersection,3,T-Intersection,1,No,1,No,88,Not Applicable,88,Not Applicable,88,Not Applicable,88,Not Applicable,FALSE,1,Public Road,1,"Trafficway, On Road",CT0009300,New Haven PD,44055,18:14.0,C,Closed,00:35.0,22030614,,,,,,
971319,1,Complete,971319,971319,41.30146,-72.92434,3467482,New Haven,93,93,New Haven,9/8/2022,2022,9,September,8,5,Thursday,15:03:00,15,22030645,A,"Injury of any type (Serious, Minor, Possible)",C,Possible Injury (C),2,0,0,2,USRoute,48.27,1,1-N,1-N,STATE ST NORTH,,,,,41.30146,-72.92434,14,Motor Vehicle in Operation,3,Angle,1,On Roadway,1,Clear,88,Not Applicable,1,Daylight,1,Dry,0,None,88,Not Applicable,88,Not Applicable,97,Other,88,Not Applicable,88,Not Applicable,2,Intersection,7,Roundabout,1,No,1,No,88,Not Applicable,88,Not Applicable,88,Not Applicable,88,Not Applicable,FALSE,1,Public Road,1,"Trafficway, On Road",CT0009300,New Haven PD,97,56:31.0,C,Closed,00:47.0,,1,11700,3,PRINCIPAL ARTERIAL - OTHER - NEW HPMS,1,Rural
971320,1,Complete,971320,971320,41.2863053,-72.93614,3467483,New Haven,93,93,New Haven,9/8/2022,2022,9,September,8,5,Thursday,22:39:00,22,22030701,A,"Injury of any type (Serious, Minor, Possible)",A,Suspected Serious Injury (A),3,0,0,3,State,0.46,10,10-N,10-N,745-E,,,,,41.2863053,-72.93614,14,Motor Vehicle in Operation,97,Other,1,On Roadway,1,Clear,88,Not Applicable,6,Dark-Unknown Lighting,1,Dry,99,Unknown,88,Not Applicable,88,Not Applicable,99,Unknown,88,Not Applicable,88,Not Applicable,2,Intersection,2,Four-Way Intersection,1,No,1,No,88,Not Applicable,88,Not Applicable,88,Not Applicable,88,Not Applicable,FALSE,1,Public Road,1,"Trafficway, On Road",CT0009300,New Haven PD,43690,49:33.0,C,Closed,00:41.0,,2,18600,3,PRINCIPAL ARTERIAL - OTHER - NEW HPMS,2,Urban
971325,1,Complete,971325,971325,41.28643,-72.93616,3467488,New Haven,93,93,New Haven,9/9/2022,2022,9,September,9,6,Friday,11:49:00,11,22030737,A,"Injury of any type (Serious, Minor, Possible)",C,Possible Injury (C),2,0,1,3,State,0.47,10,10-N,10-N,,,,,,41.28643,-72.93616,14,Motor Vehicle in Operation,3,Angle,1,On Roadway,1,Clear,88,Not Applicable,1,Daylight,1,Dry,0,None,88,Not Applicable,88,Not Applicable,0,None,88,Not Applicable,88,Not Applicable,2,Intersection,2,Four-Way Intersection,1,No,1,No,88,Not Applicable,88,Not Applicable,88,Not Applicable,88,Not Applicable,TRUE,1,Public Road,1,"Trafficway, On Road",CT0009300,New Haven PD,281,14:29.0,C,Closed,00:49.0,,2,18000,3,PRINCIPAL ARTERIAL - OTHER - NEW HPMS,2,Urban
971330,1,Complete,971330,971330,41.30906,-72.89524,3467493,New Haven,93,93,New Haven,9/8/2022,2022,9,September,8,5,Thursday,19:53:00,19,22030775,A,"Injury of any type (Serious, Minor, Possible)",C,Possible Injury (C),2,0,0,4,Local,0.49,264,GRAND AV,GRAND AV,,,,,,41.30906,-72.89524,14,Motor Vehicle in Operation,1,Front to rear,1,On Roadway,1,Clear,88,Not Applicable,4,Dark-Lighted,99,Unknown,0,None,88,Not Applicable,88,Not Applicable,0,None,88,Not Applicable,88,Not Applicable,2,Intersection,2,Four-Way Intersection,1,No,1,No,88,Not Applicable,88,Not Applicable,88,Not Applicable,88,Not Applicable,FALSE,1,Public Road,1,"Trafficway, On Road",CT0009300,New Haven PD,44053,11:21.0,O,Open,00:46.0,,,,,,,
971334,1,Complete,971334,971334,41.327955,-72.87825,3467497,New Haven,93,93,New Haven,9/9/2022,2022,9,September,9,6,Friday,20:28:00,20,22030799,A,"Injury of any type (Serious, Minor, Possible)",B,Suspected Minor Injury (B),2,0,0,3,State,0.55,17,17-N,17-N,FLINT ST,,,,,41.327955,-72.87825,14,Motor Vehicle in Operation,3,Angle,1,On Roadway,1,Clear,88,Not Applicable,5,Dark-Not Lighted,1,Dry,0,None,88,Not Applicable,88,Not Applicable,0,None,88,Not Applicable,88,Not Applicable,3,Intersection-Related,3,T-Intersection,1,No,1,No,88,Not Applicable,88,Not Applicable,88,Not Applicable,88,Not Applicable,TRUE,1,Public Road,1,"Trafficway, On Road",CT0009300,New Haven PD,409,40:38.0,C,Closed,00:45.0,,1,14300,3,PRINCIPAL ARTERIAL - OTHER - NEW HPMS,1,Rural
971338,1,Complete,971338,971338,41.308246,-72.920372,3467501,New Haven,93,93,New Haven,9/10/2022,2022,9,September,10,7,Saturday,19:17:00,19,22030886,A,"Injury of any type (Serious, Minor, Possible)",B,Suspected Minor Injury (B),2,0,0,4,Local,1.08,575,STATE ST,STATE ST,WALL ST NO 1,,,,,41.308246,-72.920372,14,Motor Vehicle in Operation,3,Angle,1,On Roadway,1,Clear,88,Not Applicable,4,Dark-Lighted,1,Dry,0,None,88,Not Applicable,88,Not Applicable,99,Unknown,88,Not Applicable,88,Not Applicable,2,Intersection,3,T-Intersection,1,No,1,No,88,Not Applicable,88,Not Applicable,88,Not Applicable,88,Not Applicable,TRUE,1,Public Road,1,"Trafficway, On Road",CT0009300,New Haven PD,221,16:21.0,C,Closed,00:51.0,,,,,,,
971340,1,Complete,971340,971340,41.3085,-72.91237,3467503,New Haven,93,93,New Haven,9/10/2022,2022,9,September,10,7,Saturday,19:19:00,19,22030892,A,"Injury of any type (Serious, Minor, Possible)",B,Suspected Minor Injury (B),2,0,0,4,Local,1.38,264,GRAND AV,GRAND AV,HAMILTON ST NO 2,,,,,41.3085,-72.91237,14,Motor Vehicle in Operation,3,Angle,1,On Roadway,2,Cloudy,88,Not Applicable,4,Dark-Lighted,1,Dry,0,None,88,Not Applicable,88,Not Applicable,0,None,88,Not Applicable,88,Not Applicable,2,Intersection,2,Four-Way Intersection,1,No,1,No,88,Not Applicable,88,Not Applicable,88,Not Applicable,88,Not Applicable,TRUE,1,Public Road,1,"Trafficway, On Road",CT0009300,New Haven PD,42054,20:26.0,O,Open,00:51.0,22030892,,,,,,
971342,1,Complete,971342,971342,41.32483,-72.95663,3467505,New Haven,93,93,New Haven,9/10/2022,2022,9,September,10,7,Saturday,22:30:00,22,22030941,A,"Injury of any type (Serious, Minor, Possible)",C,Possible Injury (C),2,0,0,3,State,3.56,10,10-N,10-N,JEWELL ST,,,,,41.32483,-72.95663,14,Motor Vehicle in Operation,1,Front to rear,1,On Roadway,1,Clear,88,Not Applicable,1,Daylight,1,Dry,99,Unknown,88,Not Applicable,88,Not Applicable,99,Unknown,88,Not Applicable,88,Not Applicable,2,Intersection,3,T-Intersection,1,No,1,No,88,Not Applicable,88,Not Applicable,88,Not Applicable,88,Not Applicable,TRUE,1,Public Road,1,"Trafficway, On Road",CT0009300,New Haven PD,359,47:51.0,O,Open,00:53.0,,2,18100,3,PRINCIPAL ARTERIAL - OTHER - NEW HPMS,2,Urban
971343,1,Complete,971343,971343,41.322515,-72.923366,3467506,New Haven,93,93,New Haven,9/11/2022,2022,9,September,11,1,Sunday,15:15:00,15,22030955,A,"Injury of any type (Serious, Minor, Possible)",B,Suspected Minor Injury (B),2,0,0,4,Local,0.76,495,PROSPECT ST,PROSPECT ST,,DIVISION STREET,0.200000003,TenthsofMile,N,41.322515,-72.923366,14,Motor Vehicle in Operation,1,Front to rear,1,On Roadway,2,Cloudy,88,Not Applicable,1,Daylight,2,Wet,0,None,88,Not Applicable,88,Not Applicable,0,None,88,Not Applicable,88,Not Applicable,1,Non-Junction,1,Not at Intersection,1,No,1,No,88,Not Applicable,88,Not Applicable,88,Not Applicable,88,Not Applicable,FALSE,1,Public Road,1,"Trafficway, On Road",CT0009300,New Haven PD,44052,31:47.0,C,Closed,00:53.0,NONE,,,,,,
971346,1,Complete,971346,971346,41.31381,-72.93476,3467509,New Haven,93,93,New Haven,9/11/2022,2022,9,September,11,1,Sunday,19:37:00,19,22030985,A,"Injury of any type (Serious, Minor, Possible)",B,Suspected Minor Injury (B),1,1,1,4,Local,0.82,653,WHALLEY AV,WHALLEY AV,,SPERRY,300,Feet,E,41.31381,-72.93476,9,Pedestrian,88,Not Applicable,1,On Roadway,4,Rain,88,Not Applicable,4,Dark-Lighted,2,Wet,1,Weather Conditions,88,Not Applicable,88,Not Applicable,0,None,88,Not Applicable,88,Not Applicable,11,Through Roadway,1,Not at Intersection,1,No,1,No,88,Not Applicable,88,Not Applicable,88,Not Applicable,88,Not Applicable,FALSE,1,Public Road,1,"Trafficway, On Road",CT0009300,New Haven PD,44175,41:04.0,C,Closed,00:55.0,,4,21100,3,PRINCIPAL ARTERIAL - OTHER - NEW HPMS,2,Urban
971992,1,Complete,971992,971992,41.314971,-72.897911,3468155,New Haven,93,93,New Haven,9/11/2022,2022,9,September,11,1,Sunday,0:05:00,0,22030913,A,"Injury of any type (Serious, Minor, Possible)",C,Possible Injury (C),4,0,0,4,Local,0.33,379,LOMBARD ST,LOMBARD ST,,FERRY ST,250,Feet,W,41.314971,-72.897911,14,Motor Vehicle in Operation,4,"Sideswipe, same direction",1,On Roadway,1,Clear,88,Not Applicable,4,Dark-Lighted,1,Dry,0,None,88,Not Applicable,88,Not Applicable,0,None,88,Not Applicable,88,Not Applicable,1,Non-Junction,1,Not at Intersection,1,No,1,No,88,Not Applicable,88,Not Applicable,88,Not Applicable,88,Not Applicable,FALSE,1,Public Road,1,"Trafficway, On Road",CT0009300,New Haven PD,42053,39:04.0,C,Closed,01:21.0,,,,,,,
971993,1,Complete,971993,971993,41.317385,-72.901674,3468156,New Haven,93,93,New Haven,9/10/2022,2022,9,September,10,7,Saturday,23:36:00,23,22030925,A,"Injury of any type (Serious, Minor, Possible)",C,Possible Injury (C),2,0,0,4,Local,0,666,STATE ST,STATE ST,BLATCHLEY AV,,,,,41.317385,-72.901674,14,Motor Vehicle in Operation,1,Front to rear,1,On Roadway,1,Clear,88,Not Applicable,4,Dark-Lighted,1,Dry,0,None,88,Not Applicable,88,Not Applicable,0,None,88,Not Applicable,88,Not Applicable,2,Intersection,2,Four-Way Intersection,1,No,1,No,88,Not Applicable,88,Not Applicable,88,Not Applicable,88,Not Applicable,TRUE,1,Public Road,1,"Trafficway, On Road",CT0009300,New Haven PD,42053,30:22.0,C,Closed,01:15.0,,,,,,,
971995,1,Complete,971995,971995,41.30559,-72.93587,3468158,New Haven,93,93,New Haven,9/11/2022,2022,9,September,11,1,Sunday,15:19:00,15,22030957,A,"Injury of any type (Serious, Minor, Possible)",C,Possible Injury (C),2,0,0,4,Local,0.08,565,SOUTH FRONTAGE RD-RT 34,SOUTH FRONTAGE RD-RT 34,PARK ST,,,,,41.30559,-72.93587,14,Motor Vehicle in Operation,3,Angle,1,On Roadway,4,Rain,88,Not Applicable,1,Daylight,2,Wet,0,None,88,Not Applicable,88,Not Applicable,0,None,88,Not Applicable,88,Not Applicable,2,Intersection,3,T-Intersection,1,No,1,No,88,Not Applicable,88,Not Applicable,88,Not Applicable,88,Not Applicable,TRUE,1,Public Road,1,"Trafficway, On Road",CT0009300,New Haven PD,44065,44:35.0,C,Closed,01:17.0,,,,,,,
971996,1,Complete,971996,971996,41.331923,-72.974124,3468159,New Haven,93,93,New Haven,9/11/2022,2022,9,September,11,1,Sunday,15:37:00,15,22030969,A,"Injury of any type (Serious, Minor, Possible)",C,Possible Injury (C),2,0,1,3,State,1.06,63,63-N,63-N,,RAMSDELL ST,500,Feet,W,41.331923,-72.974124,14,Motor Vehicle in Operation,3,Angle,1,On Roadway,1,Clear,88,Not Applicable,1,Daylight,1,Dry,0,None,88,Not Applicable,88,Not Applicable,0,None,88,Not Applicable,88,Not Applicable,11,Through Roadway,1,Not at Intersection,1,No,1,No,88,Not Applicable,88,Not Applicable,88,Not Applicable,88,Not Applicable,FALSE,1,Public Road,1,"Trafficway, On Road",CT0009300,New Haven PD,44175,24:20.0,C,Closed,01:18.0,,2,23000,3,PRINCIPAL ARTERIAL - OTHER - NEW HPMS,2,Urban
971997,1,Complete,971997,971997,41.301754,-72.926624,3468160,New Haven,93,93,New Haven,9/11/2022,2022,9,September,11,1,Sunday,21:10:00,21,22031007,A,"Injury of any type (Serious, Minor, Possible)",C,Possible Injury (C),2,0,0,3,State,0,34,34-E-8A,34-E-8A,SOUTH ORANGE ST,,,,,41.301754,-72.926624,14,Motor Vehicle in Operation,1,Front to rear,1,On Roadway,1,Clear,88,Not Applicable,4,Dark-Lighted,1,Dry,0,None,88,Not Applicable,88,Not Applicable,0,None,88,Not Applicable,88,Not Applicable,2,Intersection,2,Four-Way Intersection,1,No,1,No,88,Not Applicable,88,Not Applicable,88,Not Applicable,88,Not Applicable,FALSE,1,Public Road,1,"Trafficway, On Road",CT0009300,New Haven PD,293,39:30.0,C,Closed,01:22.0,,,4500,2,PRIN ART-OTHER FREEWAYS & EXPRESSWAYS - NEW HPMS,2,Urban
972402,1,Complete,972402,972402,41.3017109,-72.9265413,3468565,New Haven,93,93,New Haven,9/7/2022,2022,9,September,7,4,Wednesday,11:29:00,11,22030485,A,"Injury of any type (Serious, Minor, Possible)",C,Possible Injury (C),2,0,0,4,Local,0.1,762,NORTH FRONTAGE RD,NORTH FRONTAGE RD,,S. ORANGE ST,100,Feet,E,41.3017109,-72.9265413,14,Motor Vehicle in Operation,1,Front to rear,1,On Roadway,1,Clear,88,Not Applicable,1,Daylight,1,Dry,0,None,88,Not Applicable,88,Not Applicable,0,None,88,Not Applicable,88,Not Applicable,1,Non-Junction,1,Not at Intersection,1,No,1,No,88,Not Applicable,88,Not Applicable,88,Not Applicable,88,Not Applicable,FALSE,1,Public Road,1,"Trafficway, On Road",CT0009300,New Haven PD,469,37:17.0,C,Closed,00:22.0,,,,,,,
972404,1,Complete,972404,972404,41.31565,-72.92899,3468567,New Haven,93,93,New Haven,9/12/2022,2022,9,September,12,2,Monday,6:06:00,6,22031014,A,"Injury of any type (Serious, Minor, Possible)",C,Possible Injury (C),1,1,0,4,Local,0,378,LOCK ST,LOCK ST,ASHMUN ST NO 2,,,,,41.31565,-72.92899,10,Pedalcycle/Pedalcyclist,3,Angle,1,On Roadway,1,Clear,88,Not Applicable,2,Dawn,2,Wet,0,None,88,Not Applicable,88,Not Applicable,0,None,88,Not Applicable,88,Not Applicable,2,Intersection,2,Four-Way Intersection,1,No,1,No,88,Not Applicable,88,Not Applicable,88,Not Applicable,88,Not Applicable,FALSE,1,Public Road,1,"Trafficway, On Road",CT0009300,New Haven PD,41103,58:02.0,C,Closed,00:20.0,,,,,,,
972410,1,Complete,972410,972410,41.31106,-72.94321,3468573,New Haven,93,93,New Haven,9/13/2022,2022,9,September,13,3,Tuesday,7:26:00,7,22031130,A,"Injury of any type (Serious, Minor, Possible)",C,Possible Injury (C),1,1,0,4,Local,2.74,97,CHAPEL ST,CHAPEL ST,,BEERS ST,50,Feet,W,41.31106,-72.94321,9,Pedestrian,88,Not Applicable,1,On Roadway,2,Cloudy,88,Not Applicable,1,Daylight,2,Wet,0,None,88,Not Applicable,88,Not Applicable,0,None,88,Not Applicable,88,Not Applicable,1,Non-Junction,1,Not at Intersection,1,No,1,No,88,Not Applicable,88,Not Applicable,88,Not Applicable,88,Not Applicable,FALSE,99,Unknown,1,"Trafficway, On Road",CT0009300,New Haven PD,465,36:29.0,C,Closed,00:26.0,,2,7700,4,MINOR ARTERIAL - NEW HPMS,2,Urban
972414,1,Complete,972414,972414,41.29727,-72.93407,3468577,New Haven,93,93,New Haven,9/13/2022,2022,9,September,13,3,Tuesday,11:54:00,11,22031162,A,"Injury of any type (Serious, Minor, Possible)",C,Possible Injury (C),2,0,0,4,Local,0.64,308,HOWARD AV,HOWARD AV,,PORTSEA ST,100,Feet,N,41.29727,-72.93407,14,Motor Vehicle in Operation,3,Angle,1,On Roadway,1,Clear,88,Not Applicable,1,Daylight,1,Dry,0,None,88,Not Applicable,88,Not Applicable,0,None,88,Not Applicable,88,Not Applicable,9,Driveway Access-Related,1,Not at Intersection,1,No,1,No,88,Not Applicable,88,Not Applicable,88,Not Applicable,88,Not Applicable,FALSE,1,Public Road,1,"Trafficway, On Road",CT0009300,New Haven PD,295,17:27.0,C,Closed,00:25.0,,,,,,,
972762,1,Complete,972762,972762,41.312394,-72.940817,3468925,New Haven,93,93,New Haven,7/19/2022,2022,7,July,19,3,Tuesday,12:05:00,12,22024006,A,"Injury of any type (Serious, Minor, Possible)",C,Possible Injury (C),2,0,0,4,Local,1.63,179,EDGEWOOD AV,EDGEWOOD AV,ORCHARD ST,,,,,41.312394,-72.940817,14,Motor Vehicle in Operation,1,Front to rear,1,On Roadway,1,Clear,88,Not Applicable,1,Daylight,1,Dry,0,None,88,Not Applicable,88,Not Applicable,0,None,88,Not Applicable,88,Not Applicable,3,Intersection-Related,2,Four-Way Intersection,1,No,1,No,88,Not Applicable,88,Not Applicable,88,Not Applicable,88,Not Applicable,FALSE,1,Public Road,1,"Trafficway, On Road",CT0009300,New Haven PD,44045,47:48.0,O,Open,00:07.0,,,,,,,
972764,1,Complete,972764,972764,41.3028877,-72.9186862,3468927,New Haven,93,93,New Haven,9/6/2022,2022,9,September,6,3,Tuesday,14:48:00,14,22030367,A,"Injury of any type (Serious, Minor, Possible)",C,Possible Injury (C),2,0,0,4,Local,0.09,681,WOOSTER ST NO 1,WOOSTER ST NO 1,,WARREN ST,150,Feet,E,41.3028877,-72.9186862,14,Motor Vehicle in Operation,3,Angle,1,On Roadway,1,Clear,88,Not Applicable,1,Daylight,1,Dry,0,None,88,Not Applicable,88,Not Applicable,0,None,88,Not Applicable,88,Not Applicable,1,Non-Junction,1,Not at Intersection,1,No,1,No,88,Not Applicable,88,Not Applicable,88,Not Applicable,88,Not Applicable,FALSE,1,Public Road,1,"Trafficway, On Road",CT0009300,New Haven PD,469,45:32.0,C,Closed,00:04.0,,,,,,,
972770,1,Complete,972770,972770,41.32814,-72.952078,3468933,New Haven,93,93,New Haven,9/14/2022,2022,9,September,14,4,Wednesday,8:00:00,8,22031262,A,"Injury of any type (Serious, Minor, Possible)",C,Possible Injury (C),2,0,0,3,State,3.94,10,10-N,10-N,,DYER ST,130,Feet,S,41.32814,-72.952078,14,Motor Vehicle in Operation,1,Front to rear,1,On Roadway,1,Clear,88,Not Applicable,1,Daylight,1,Dry,0,None,88,Not Applicable,88,Not Applicable,0,None,88,Not Applicable,88,Not Applicable,1,Non-Junction,1,Not at Intersection,1,No,1,No,88,Not Applicable,88,Not Applicable,88,Not Applicable,88,Not Applicable,TRUE,1,Public Road,1,"Trafficway, On Road",CT0009300,New Haven PD,44055,16:38.0,C,Closed,00:01.0,,1,13200,4,MINOR ARTERIAL - NEW HPMS,1,Rural
972776,1,Complete,972776,972776,41.336828,-72.978733,3468939,New Haven,93,93,New Haven,9/14/2022,2022,9,September,14,4,Wednesday,19:35:00,19,22031346,A,"Injury of any type (Serious, Minor, Possible)",C,Possible Injury (C),2,0,0,3,State,1.48,63,63-N,63-N,,FOWLER ST,500,Feet,W,41.336828,-72.978733,14,Motor Vehicle in Operation,1,Front to rear,1,On Roadway,1,Clear,88,Not Applicable,5,Dark-Not Lighted,1,Dry,0,None,88,Not Applicable,88,Not Applicable,0,None,88,Not Applicable,88,Not Applicable,1,Non-Junction,1,Not at Intersection,1,No,1,No,88,Not Applicable,88,Not Applicable,88,Not Applicable,88,Not Applicable,FALSE,1,Public Road,1,"Trafficway, On Road",CT0009300,New Haven PD,402,43:41.0,C,Closed,00:10.0,,1,17200,3,PRINCIPAL ARTERIAL - OTHER - NEW HPMS,1,Rural
972778,1,Complete,972778,972778,41.32388,-72.88153,3468941,New Haven,93,93,New Haven,9/15/2022,2022,9,September,15,5,Thursday,0:04:00,0,22031367,A,"Injury of any type (Serious, Minor, Possible)",C,Possible Injury (C),2,0,0,3,State,0.22,17,17-N,17-N,80-W,,,,,41.32388,-72.88153,14,Motor Vehicle in Operation,2,Front to front,1,On Roadway,1,Clear,88,Not Applicable,4,Dark-Lighted,1,Dry,0,None,88,Not Applicable,88,Not Applicable,0,None,88,Not Applicable,88,Not Applicable,2,Intersection,2,Four-Way Intersection,1,No,1,No,88,Not Applicable,88,Not Applicable,88,Not Applicable,88,Not Applicable,FALSE,1,Public Road,1,"Trafficway, On Road",CT0009300,New Haven PD,180,35:03.0,C,Closed,00:12.0,22031367,1,21600,3,PRINCIPAL ARTERIAL - OTHER - NEW HPMS,1,Rural
973059,1,Complete,973059,973059,41.32924,-72.9688,3469222,New Haven,93,93,New Haven,7/28/2022,2022,7,July,28,5,Thursday,19:57:00,19,22025177,A,"Injury of any type (Serious, Minor, Possible)",B,Suspected Minor Injury (B),2,0,0,3,State,0.72,63,63-N,63-N,,DAYTON ST,25,Feet,W,41.32924,-72.9688,14,Motor Vehicle in Operation,3,Angle,1,On Roadway,1,Clear,88,Not Applicable,3,Dusk,1,Dry,0,None,88,Not Applicable,88,Not Applicable,0,None,88,Not Applicable,88,Not Applicable,11,Through Roadway,1,Not at Intersection,1,No,1,No,88,Not Applicable,88,Not Applicable,88,Not Applicable,88,Not Applicable,FALSE,1,Public Road,1,"Trafficway, On Road",CT0009300,New Haven PD,44049,47:21.0,C,Closed,01:32.0,,2,23000,3,PRINCIPAL ARTERIAL - OTHER - NEW HPMS,1,Rural
973062,1,Complete,973062,973062,41.327292,-72.96849,3469225,New Haven,93,93,New Haven,9/13/2022,2022,9,September,13,3,Tuesday,21:21:00,21,22031238,A,"Injury of any type (Serious, Minor, Possible)",C,Possible Injury (C),2,0,0,3,State,3.37,122,122-N,122-N,243-W,,,,,41.327292,-72.96849,14,Motor Vehicle in Operation,2,Front to front,1,On Roadway,1,Clear,88,Not Applicable,4,Dark-Lighted,2,Wet,0,None,88,Not Applicable,88,Not Applicable,0,None,88,Not Applicable,88,Not Applicable,2,Intersection,3,T-Intersection,1,No,1,No,88,Not Applicable,88,Not Applicable,88,Not Applicable,88,Not Applicable,FALSE,1,Public Road,1,"Trafficway, On Road",CT0009300,New Haven PD,74,01:02.0,O,Open,01:41.0,,1,11600,4,MINOR ARTERIAL - NEW HPMS,1,Rural
973065,1,Complete,973065,973065,41.31561,-72.92863,3469228,New Haven,93,93,New Haven,9/15/2022,2022,9,September,15,5,Thursday,8:59:00,8,22031385,A,"Injury of any type (Serious, Minor, Possible)",C,Possible Injury (C),2,0,0,4,Local,0.02,378,LOCK ST,LOCK ST,,ASHMUN ST,100,Feet,E,41.31561,-72.92863,14,Motor Vehicle in Operation,1,Front to rear,1,On Roadway,1,Clear,88,Not Applicable,1,Daylight,1,Dry,0,None,88,Not Applicable,88,Not Applicable,0,None,88,Not Applicable,88,Not Applicable,11,Through Roadway,1,Not at Intersection,1,No,1,No,88,Not Applicable,88,Not Applicable,88,Not Applicable,88,Not Applicable,FALSE,1,Public Road,1,"Trafficway, On Road",CT0009300,New Haven PD,991,19:00.0,C,Closed,01:37.0,,,,,,,