CrashId,Fatal Case Status,Fatal Case Status Text Format,CrashId,CrashId,Latitude,Longitude,DOT Case Number,Town Name,Town Number,Town Number,Town Number Text Format,Date Of Crash,Year,Month,Month Text Format,Day,Day of the Week,Day of the Week Text Format,Time of Crash,Hour of the Day,Case Identifier,Crash Severity,Crash Severity Text Format,Most Severe Injury,Most Severe Injury Text Format,Number Of Motor Vehicles,Number Of Non-Motorist,Number Of Witnesses,Route Class,Route Class Text Format,Milemarker,Road Number,Road Description,Roadway Name,Intersecting Roadway Name,Landmark Description,Distance From Nearest Landmark,Unit Of Measure From Nearest Landmark,Direction From Nearest Landmark,Latitude,Longitude,First Harmful Event,First Harmful Event Text Format,Manner of Crash / Collision Impact,Manner of Crash / Collision Impact Text Format,Location of First Harmful Event,Location of First Harmful Event Text Format,Weather Condition,Weather Condition Text Format,Weather 2,Weather 2 Text Format,Light Condition,Light Condition Text Format,Road Surface Condition,Road Surface Condition Text Format,"Contributing Circumstances, Environment","Contributing Circumstances, Environment Text Format",Environment 2,Environment 2 Text Format,Environment 3,Environment 3 Text Format,"Contributing Circumstances, Road","Contributing Circumstances, Road Text Format",Road 2,Road 2 Text Format,Road 3,Road 3 Text Format,Crash Specific Location,Crash Specific Location Text Format,Type of Intersection,Type of Intersection Text Format,School Bus Related,School Bus Related Text Format,Work Zone Related,Work Zone Related Text Format,Location Of Crash Relative To Work Zone,Location Of Crash Relative To Work Zone Text Format,Type of Work Zone,Type of Work Zone Text Format,Worker Presence,Worker Presence Text Format,Law Enforcement Presence,Law Enforcement Presence Text Format,Were Vehicles Moved Prior To Police Arrival,Trafficway Ownership,Trafficway Ownership Text Format,Trafficway Class,Trafficway Class Text Format,Police Agency,Police Agency Text Format,Badge Number,Approval Date,Police Case Status,Police Case Status Text Format,Crash Report Submission Date,Related Case Identifiers,No. of Through Lanes (Log Dir.),Average Daily Traffic,Functional Classification,Functional Classification Text Format,Rural or Urban,Rural or Urban Text Format
975781,1,Complete,975781,975781,41.31611,-72.91623,3471944,New Haven,93,93,New Haven,9/21/2022,2022,9,September,21,4,Wednesday,20:55:00,20,22032141,A,"Injury of any type (Serious, Minor, Possible)",C,Possible Injury (C),1,1,0,4,Local,0.88,450,ORANGE ST NO 1,ORANGE ST NO 1,HUMPHREY ST,,,,,41.31611,-72.91623,10,Pedalcycle/Pedalcyclist,3,Angle,1,On Roadway,1,Clear,88,Not Applicable,4,Dark-Lighted,1,Dry,0,None,88,Not Applicable,88,Not Applicable,0,None,88,Not Applicable,88,Not Applicable,2,Intersection,2,Four-Way Intersection,1,No,1,No,88,Not Applicable,88,Not Applicable,88,Not Applicable,88,Not Applicable,FALSE,1,Public Road,1,"Trafficway, On Road",CT0009300,New Haven PD,44060,26:44.0,C,Closed,00:44.0,,,,,,,
975784,1,Complete,975784,975784,41.32683,-72.93521,3471947,New Haven,93,93,New Haven,9/22/2022,2022,9,September,22,5,Thursday,14:32:00,14,22032219,A,"Injury of any type (Serious, Minor, Possible)",B,Suspected Minor Injury (B),1,1,1,4,Local,0.99,152,DIXWELL AV,DIXWELL AV,,,,,,41.32683,-72.93521,9,Pedestrian,88,Not Applicable,1,On Roadway,1,Clear,88,Not Applicable,1,Daylight,1,Dry,0,None,88,Not Applicable,88,Not Applicable,0,None,88,Not Applicable,88,Not Applicable,2,Intersection,2,Four-Way Intersection,1,No,1,No,88,Not Applicable,88,Not Applicable,88,Not Applicable,88,Not Applicable,TRUE,1,Public Road,1,"Trafficway, On Road",CT0009300,New Haven PD,42042,20:41.0,O,Open,00:54.0,,2,10900,3,PRINCIPAL ARTERIAL - OTHER - NEW HPMS,2,Urban
975789,1,Complete,975789,975789,41.3319,-72.93516,3471952,New Haven,93,93,New Haven,9/23/2022,2022,9,September,23,6,Friday,10:23:00,10,22032319,A,"Injury of any type (Serious, Minor, Possible)",C,Possible Injury (C),2,0,0,4,Local,1.33,152,DIXWELL AV,DIXWELL AV,WILLIS ST,,,,,41.3319,-72.93516,14,Motor Vehicle in Operation,3,Angle,1,On Roadway,1,Clear,88,Not Applicable,1,Daylight,1,Dry,0,None,88,Not Applicable,88,Not Applicable,0,None,88,Not Applicable,88,Not Applicable,2,Intersection,3,T-Intersection,1,No,1,No,88,Not Applicable,88,Not Applicable,88,Not Applicable,88,Not Applicable,TRUE,1,Public Road,1,"Trafficway, On Road",CT0009300,New Haven PD,40953,26:27.0,C,Closed,00:45.0,,,,,,,
975791,1,Complete,975791,975791,41.33262,-72.93784,3471954,New Haven,93,93,New Haven,9/23/2022,2022,9,September,23,6,Friday,13:22:00,13,22032338,A,"Injury of any type (Serious, Minor, Possible)",C,Possible Injury (C),2,0,1,4,Local,0.95,557,SHERMAN PKWY,SHERMAN PKWY,BASSETT ST,,,,,41.33262,-72.93784,14,Motor Vehicle in Operation,3,Angle,1,On Roadway,1,Clear,88,Not Applicable,1,Daylight,1,Dry,0,None,88,Not Applicable,88,Not Applicable,0,None,88,Not Applicable,88,Not Applicable,2,Intersection,2,Four-Way Intersection,1,No,1,No,88,Not Applicable,88,Not Applicable,88,Not Applicable,88,Not Applicable,FALSE,1,Public Road,1,"Trafficway, On Road",CT0009300,New Haven PD,42057,34:28.0,C,Closed,00:51.0,,,,,,,
975792,1,Complete,975792,975792,41.3199,-72.90625,3471955,New Haven,93,93,New Haven,9/23/2022,2022,9,September,23,6,Friday,14:47:00,14,22032344,A,"Injury of any type (Serious, Minor, Possible)",C,Possible Injury (C),2,0,0,4,Local,0.31,666,WILLOW ST,WILLOW ST,,,,,,41.3199,-72.90625,14,Motor Vehicle in Operation,3,Angle,1,On Roadway,1,Clear,88,Not Applicable,1,Daylight,1,Dry,0,None,88,Not Applicable,88,Not Applicable,0,None,88,Not Applicable,88,Not Applicable,2,Intersection,3,T-Intersection,1,No,1,No,88,Not Applicable,88,Not Applicable,88,Not Applicable,88,Not Applicable,FALSE,1,Public Road,1,"Trafficway, On Road",CT0009300,New Haven PD,42052,18:15.0,C,Closed,00:49.0,,,,,,,
975797,1,Complete,975797,975797,41.30759,-72.902951,3471960,New Haven,93,93,New Haven,9/23/2022,2022,9,September,23,6,Friday,21:33:00,21,22032402,A,"Injury of any type (Serious, Minor, Possible)",C,Possible Injury (C),3,1,0,4,Local,0.61,327,JAMES ST,JAMES ST,WOOLSEY ST,,,,,41.30759,-72.902951,14,Motor Vehicle in Operation,1,Front to rear,1,On Roadway,1,Clear,88,Not Applicable,4,Dark-Lighted,1,Dry,0,None,88,Not Applicable,88,Not Applicable,0,None,88,Not Applicable,88,Not Applicable,2,Intersection,3,T-Intersection,1,No,1,No,88,Not Applicable,88,Not Applicable,88,Not Applicable,88,Not Applicable,FALSE,1,Public Road,1,"Trafficway, On Road",CT0009300,New Haven PD,42057,51:24.0,C,Closed,00:54.0,,,,,,,
975798,1,Complete,975798,975798,41.2953297,-72.9464453,3471961,New Haven,93,93,New Haven,9/23/2022,2022,9,September,23,6,Friday,23:28:00,23,22032409,A,"Injury of any type (Serious, Minor, Possible)",C,Possible Injury (C),3,0,0,3,State,1.27,10,10-N,10-N,,PRINTERS LN,10,Feet,W,41.2953297,-72.9464453,14,Motor Vehicle in Operation,4,"Sideswipe, same direction",1,On Roadway,1,Clear,88,Not Applicable,4,Dark-Lighted,1,Dry,0,None,88,Not Applicable,88,Not Applicable,0,None,88,Not Applicable,88,Not Applicable,1,Non-Junction,1,Not at Intersection,1,No,1,No,88,Not Applicable,88,Not Applicable,88,Not Applicable,88,Not Applicable,FALSE,1,Public Road,1,"Trafficway, On Road",CT0009300,New Haven PD,42046,57:48.0,C,Closed,00:53.0,,2,20300,3,PRINCIPAL ARTERIAL - OTHER - NEW HPMS,2,Urban
975800,1,Complete,975800,975800,41.30384,-72.90029,3471963,New Haven,93,93,New Haven,9/24/2022,2022,9,September,24,7,Saturday,12:13:00,12,22032446,A,"Injury of any type (Serious, Minor, Possible)",C,Possible Injury (C),2,0,0,4,Local,0.4,97,CHAPEL ST,CHAPEL ST,,,,,,41.30384,-72.90029,14,Motor Vehicle in Operation,3,Angle,1,On Roadway,1,Clear,88,Not Applicable,1,Daylight,1,Dry,0,None,88,Not Applicable,88,Not Applicable,0,None,88,Not Applicable,88,Not Applicable,2,Intersection,2,Four-Way Intersection,1,No,1,No,88,Not Applicable,88,Not Applicable,88,Not Applicable,88,Not Applicable,FALSE,1,Public Road,1,"Trafficway, On Road",CT0009300,New Haven PD,44052,54:47.0,C,Closed,00:57.0,,,,,,,
975803,1,Complete,975803,975803,41.32112,-72.90584,3471966,New Haven,93,93,New Haven,9/24/2022,2022,9,September,24,7,Saturday,18:43:00,18,22032477,A,"Injury of any type (Serious, Minor, Possible)",C,Possible Injury (C),2,0,1,4,Local,0.09,418,MITCHELL DR,MITCHELL DR,,WILLOW ST,200,Feet,N,41.32112,-72.90584,14,Motor Vehicle in Operation,3,Angle,1,On Roadway,1,Clear,88,Not Applicable,3,Dusk,1,Dry,0,None,88,Not Applicable,88,Not Applicable,0,None,88,Not Applicable,88,Not Applicable,1,Non-Junction,1,Not at Intersection,1,No,1,No,88,Not Applicable,88,Not Applicable,88,Not Applicable,88,Not Applicable,FALSE,1,Public Road,1,"Trafficway, On Road",CT0009300,New Haven PD,40801,47:56.0,C,Closed,01:00.0,,,,,,,
975810,1,Complete,975810,975810,41.2947,-72.92045,3471973,New Haven,93,93,New Haven,9/24/2022,2022,9,September,24,7,Saturday,18:30:00,18,22032535,A,"Injury of any type (Serious, Minor, Possible)",B,Suspected Minor Injury (B),1,1,0,4,Local,0.99,359,SARGENT DR,SARGENT DR,,CANAL DOCK,418,Feet,S,41.2947,-72.92045,9,Pedestrian,88,Not Applicable,7,In Parking Lane or Zone,1,Clear,88,Not Applicable,4,Dark-Lighted,1,Dry,0,None,88,Not Applicable,88,Not Applicable,0,None,88,Not Applicable,88,Not Applicable,97,Other,1,Not at Intersection,1,No,1,No,88,Not Applicable,88,Not Applicable,88,Not Applicable,88,Not Applicable,TRUE,2,Private Road,4,Parking Lot,CT0009300,New Haven PD,40951,51:22.0,C,Closed,01:04.0,,,,,,,
975811,1,Complete,975811,975811,41.319973,-72.936438,3471974,New Haven,93,93,New Haven,9/25/2022,2022,9,September,25,1,Sunday,10:42:00,10,22032538,A,"Injury of any type (Serious, Minor, Possible)",C,Possible Injury (C),2,0,0,4,Local,1.35,453,ORCHARD ST,ORCHARD ST,,HENRY ST,1000,Feet,S,41.319973,-72.936438,14,Motor Vehicle in Operation,3,Angle,2,Shoulder,1,Clear,88,Not Applicable,1,Daylight,1,Dry,0,None,88,Not Applicable,88,Not Applicable,0,None,88,Not Applicable,88,Not Applicable,1,Non-Junction,1,Not at Intersection,1,No,1,No,88,Not Applicable,88,Not Applicable,88,Not Applicable,88,Not Applicable,FALSE,1,Public Road,1,"Trafficway, On Road",CT0009300,New Haven PD,40815,21:32.0,C,Closed,01:03.0,2232538,,,,,,
976434,1,Complete,976434,976434,41.30137,-72.94161,3472597,New Haven,93,93,New Haven,9/26/2022,2022,9,September,26,2,Monday,12:12:00,12,22032653,A,"Injury of any type (Serious, Minor, Possible)",C,Possible Injury (C),2,0,0,4,Local,0.42,141,DAVENPORT AV,DAVENPORT AV,KOSSUTH ST,,,,,41.30137,-72.94161,14,Motor Vehicle in Operation,1,Front to rear,1,On Roadway,1,Clear,88,Not Applicable,1,Daylight,1,Dry,0,None,88,Not Applicable,88,Not Applicable,0,None,88,Not Applicable,88,Not Applicable,2,Intersection,3,T-Intersection,1,No,1,No,88,Not Applicable,88,Not Applicable,88,Not Applicable,88,Not Applicable,FALSE,1,Public Road,1,"Trafficway, On Road",CT0009300,New Haven PD,137,34:36.0,C,Closed,01:24.0,,,,,,,
976437,1,Complete,976437,976437,41.29402,-72.93315,3472600,New Haven,93,93,New Haven,9/26/2022,2022,9,September,26,2,Monday,17:45:00,17,22032699,A,"Injury of any type (Serious, Minor, Possible)",C,Possible Injury (C),2,0,0,4,Local,0.87,308,HOWARD AV,HOWARD AV,,SPRING ST,50,Feet,S,41.29402,-72.93315,14,Motor Vehicle in Operation,1,Front to rear,1,On Roadway,1,Clear,1,Clear,1,Daylight,1,Dry,0,None,88,Not Applicable,88,Not Applicable,0,None,88,Not Applicable,88,Not Applicable,1,Non-Junction,1,Not at Intersection,1,No,1,No,88,Not Applicable,88,Not Applicable,88,Not Applicable,88,Not Applicable,FALSE,1,Public Road,1,"Trafficway, On Road",CT0009300,New Haven PD,40818,16:44.0,C,Closed,01:26.0,,,,,,,
976710,1,Complete,976710,976710,41.314968,-72.937916,3472873,New Haven,93,93,New Haven,9/23/2022,2022,9,September,23,6,Friday,11:29:00,11,22032328,A,"Injury of any type (Serious, Minor, Possible)",C,Possible Injury (C),2,0,0,4,Local,0.64,653,WHALLEY AV,WHALLEY AV,,ORCHARD ST,400,Feet,E,41.314968,-72.937916,14,Motor Vehicle in Operation,3,Angle,1,On Roadway,1,Clear,88,Not Applicable,1,Daylight,1,Dry,0,None,88,Not Applicable,88,Not Applicable,0,None,88,Not Applicable,88,Not Applicable,9,Driveway Access-Related,1,Not at Intersection,1,No,1,No,88,Not Applicable,88,Not Applicable,88,Not Applicable,88,Not Applicable,TRUE,1,Public Road,1,"Trafficway, On Road",CT0009300,New Haven PD,324,38:15.0,C,Closed,00:33.0,,,,,,,
976713,1,Complete,976713,976713,41.2975,-72.949,3472876,New Haven,93,93,New Haven,9/26/2022,2022,9,September,26,2,Monday,5:26:00,5,22032627,A,"Injury of any type (Serious, Minor, Possible)",A,Suspected Serious Injury (A),1,1,0,3,State,1.47,10,10-N,10-N,1-N,,,,,41.2975,-72.949,9,Pedestrian,88,Not Applicable,1,On Roadway,1,Clear,88,Not Applicable,4,Dark-Lighted,2,Wet,0,None,88,Not Applicable,88,Not Applicable,0,None,88,Not Applicable,88,Not Applicable,2,Intersection,2,Four-Way Intersection,1,No,1,No,88,Not Applicable,88,Not Applicable,88,Not Applicable,88,Not Applicable,FALSE,1,Public Road,1,"Trafficway, On Road",CT0009300,New Haven PD,40955,06:49.0,O,Open,00:29.0,,4,20700,3,PRINCIPAL ARTERIAL - OTHER - NEW HPMS,2,Urban
976726,1,Complete,976726,976726,41.326872,-72.935185,3472889,New Haven,93,93,New Haven,9/27/2022,2022,9,September,27,3,Tuesday,19:07:00,19,22032859,A,"Injury of any type (Serious, Minor, Possible)",C,Possible Injury (C),2,0,0,4,Local,1,152,DIXWELL AV,DIXWELL AV,DIVISION ST,,,,,41.326872,-72.935185,14,Motor Vehicle in Operation,1,Front to rear,1,On Roadway,1,Clear,88,Not Applicable,4,Dark-Lighted,1,Dry,0,None,88,Not Applicable,88,Not Applicable,0,None,88,Not Applicable,88,Not Applicable,2,Intersection,3,T-Intersection,1,No,1,No,88,Not Applicable,88,Not Applicable,88,Not Applicable,88,Not Applicable,FALSE,1,Public Road,1,"Trafficway, On Road",CT0009300,New Haven PD,87,50:19.0,C,Closed,00:38.0,,,,,,,
976974,1,Complete,976974,976974,41.320365,-72.951005,3473137,New Haven,93,93,New Haven,9/26/2022,2022,9,September,26,2,Monday,19:31:00,19,22032692,A,"Injury of any type (Serious, Minor, Possible)",C,Possible Injury (C),2,0,0,3,State,3.16,10,10-N,10-N,HOBART ST,,,,,41.320365,-72.951005,14,Motor Vehicle in Operation,3,Angle,1,On Roadway,1,Clear,88,Not Applicable,1,Daylight,1,Dry,0,None,88,Not Applicable,88,Not Applicable,0,None,88,Not Applicable,88,Not Applicable,2,Intersection,3,T-Intersection,1,No,1,No,88,Not Applicable,88,Not Applicable,88,Not Applicable,88,Not Applicable,FALSE,1,Public Road,1,"Trafficway, On Road",CT0009300,New Haven PD,44175,14:47.0,C,Closed,00:09.0,,2,18100,3,PRINCIPAL ARTERIAL - OTHER - NEW HPMS,2,Urban
976982,1,Complete,976982,976982,41.3247,-72.95645,3473145,New Haven,93,93,New Haven,9/28/2022,2022,9,September,28,4,Wednesday,13:10:00,13,22032937,A,"Injury of any type (Serious, Minor, Possible)",C,Possible Injury (C),2,0,0,3,State,3.57,10,10-N,10-N,,FITCH STREET,50,Feet,E,41.3247,-72.95645,14,Motor Vehicle in Operation,4,"Sideswipe, same direction",1,On Roadway,1,Clear,88,Not Applicable,1,Daylight,1,Dry,0,None,88,Not Applicable,88,Not Applicable,0,None,88,Not Applicable,88,Not Applicable,11,Through Roadway,1,Not at Intersection,1,No,1,No,88,Not Applicable,88,Not Applicable,88,Not Applicable,88,Not Applicable,TRUE,1,Public Road,1,"Trafficway, On Road",CT0009300,New Haven PD,44068,00:28.0,C,Closed,00:07.0,,2,18100,3,PRINCIPAL ARTERIAL - OTHER - NEW HPMS,2,Urban
976983,1,Complete,976983,976983,41.32892,-72.9561,3473146,New Haven,93,93,New Haven,9/28/2022,2022,9,September,28,4,Wednesday,15:53:00,15,22032960,A,"Injury of any type (Serious, Minor, Possible)",C,Possible Injury (C),2,0,0,4,Local,0.74,56,BLAKE ST,BLAKE ST,AUSTIN ST,,,,,41.32892,-72.9561,14,Motor Vehicle in Operation,3,Angle,1,On Roadway,1,Clear,88,Not Applicable,1,Daylight,1,Dry,0,None,88,Not Applicable,88,Not Applicable,0,None,88,Not Applicable,88,Not Applicable,2,Intersection,3,T-Intersection,1,No,1,No,88,Not Applicable,88,Not Applicable,88,Not Applicable,88,Not Applicable,FALSE,1,Public Road,1,"Trafficway, On Road",CT0009300,New Haven PD,402,28:15.0,C,Closed,00:09.0,,,,,,,
976985,1,Complete,976985,976985,41.311151,-72.922342,3473148,New Haven,93,93,New Haven,9/28/2022,2022,9,September,28,4,Wednesday,17:48:00,17,22032983,A,"Injury of any type (Serious, Minor, Possible)",C,Possible Injury (C),2,0,0,4,Local,0.05,656,WHITNEY AV,WHITNEY AV,,GROVE ST,40,Feet,N,41.311151,-72.922342,14,Motor Vehicle in Operation,1,Front to rear,1,On Roadway,1,Clear,88,Not Applicable,1,Daylight,1,Dry,0,None,88,Not Applicable,88,Not Applicable,0,None,88,Not Applicable,88,Not Applicable,1,Non-Junction,1,Not at Intersection,1,No,1,No,88,Not Applicable,88,Not Applicable,88,Not Applicable,88,Not Applicable,TRUE,1,Public Road,1,"Trafficway, On Road",CT0009300,New Haven PD,221,50:43.0,O,Open,00:12.0,,,,,,,
976986,1,Complete,976986,976986,41.32006,-72.90617,3473149,New Haven,93,93,New Haven,9/28/2022,2022,9,September,28,4,Wednesday,19:06:00,19,22032999,A,"Injury of any type (Serious, Minor, Possible)",C,Possible Injury (C),2,0,0,4,Local,0.01,418,MITCHELL DR,MITCHELL DR,,WILLOW ST,20,Feet,N,41.32006,-72.90617,14,Motor Vehicle in Operation,1,Front to rear,1,On Roadway,1,Clear,88,Not Applicable,4,Dark-Lighted,1,Dry,0,None,88,Not Applicable,88,Not Applicable,0,None,88,Not Applicable,88,Not Applicable,1,Non-Junction,1,Not at Intersection,1,No,1,No,88,Not Applicable,88,Not Applicable,88,Not Applicable,88,Not Applicable,FALSE,1,Public Road,1,"Trafficway, On Road",CT0009300,New Haven PD,87,23:54.0,C,Closed,00:11.0,,,,,,,
976988,1,Complete,976988,976988,41.31907,-72.91405,3473151,New Haven,93,93,New Haven,9/28/2022,2022,9,September,28,4,Wednesday,21:07:00,21,22033012,A,"Injury of any type (Serious, Minor, Possible)",C,Possible Injury (C),2,0,0,4,Local,0.64,450,ORANGE ST NO 1,ORANGE ST NO 1,LAWRENCE ST NO 1,,,,,41.31907,-72.91405,14,Motor Vehicle in Operation,3,Angle,1,On Roadway,1,Clear,88,Not Applicable,4,Dark-Lighted,1,Dry,0,None,88,Not Applicable,88,Not Applicable,0,None,88,Not Applicable,88,Not Applicable,2,Intersection,2,Four-Way Intersection,1,No,1,No,88,Not Applicable,88,Not Applicable,88,Not Applicable,88,Not Applicable,FALSE,1,Public Road,1,"Trafficway, On Road",CT0009300,New Haven PD,30,50:02.0,C,Closed,00:12.0,NONE,,,,,,
977274,1,Complete,977274,977274,41.309376,-72.873674,3473437,New Haven,93,93,New Haven,9/10/2022,2022,9,September,10,7,Saturday,0:57:00,0,22030817,A,"Injury of any type (Serious, Minor, Possible)",C,Possible Injury (C),5,0,0,4,Local,0.17,167,EASTERN ST,EASTERN ST,,MARIE STREET,140,Feet,S,41.309376,-72.873674,14,Motor Vehicle in Operation,4,"Sideswipe, same direction",1,On Roadway,1,Clear,88,Not Applicable,4,Dark-Lighted,1,Dry,0,None,88,Not Applicable,88,Not Applicable,0,None,88,Not Applicable,88,Not Applicable,1,Non-Junction,1,Not at Intersection,1,No,1,No,88,Not Applicable,88,Not Applicable,88,Not Applicable,88,Not Applicable,FALSE,1,Public Road,1,"Trafficway, On Road",CT0009300,New Haven PD,370,34:24.0,C,Closed,01:32.0,,,,,,,
977276,1,Complete,977276,977276,41.31322,-72.90033,3473439,New Haven,93,93,New Haven,9/22/2022,2022,9,September,22,5,Thursday,8:37:00,8,22032167,A,"Injury of any type (Serious, Minor, Possible)",C,Possible Injury (C),2,0,0,4,Local,0.71,57,BLATCHLEY AV,BLATCHLEY AV,,LOMBARD ST,200,Feet,S,41.31322,-72.90033,14,Motor Vehicle in Operation,5,"Sideswipe, opposite direction",1,On Roadway,4,Rain,88,Not Applicable,1,Daylight,2,Wet,0,None,88,Not Applicable,88,Not Applicable,0,None,88,Not Applicable,88,Not Applicable,1,Non-Junction,1,Not at Intersection,1,No,1,No,88,Not Applicable,88,Not Applicable,88,Not Applicable,88,Not Applicable,FALSE,1,Public Road,1,"Trafficway, On Road",CT0009300,New Haven PD,415,42:06.0,O,Open,01:30.0,,2,3900,7,LOCAL - NEW HPMS,2,Urban
977277,1,Complete,977277,977277,41.30481,-72.95229,3473440,New Haven,93,93,New Haven,9/23/2022,2022,9,September,23,6,Friday,9:29:00,9,22032307,A,"Injury of any type (Serious, Minor, Possible)",C,Possible Injury (C),2,0,0,3,State,2,10,10-N,10-N,,LEGION AVE,75,Feet,S,41.30481,-72.95229,14,Motor Vehicle in Operation,4,"Sideswipe, same direction",1,On Roadway,1,Clear,1,Clear,1,Daylight,1,Dry,0,None,88,Not Applicable,88,Not Applicable,0,None,88,Not Applicable,88,Not Applicable,2,Intersection,3,T-Intersection,1,No,1,No,88,Not Applicable,88,Not Applicable,88,Not Applicable,88,Not Applicable,TRUE,1,Public Road,1,"Trafficway, On Road",CT0009300,New Haven PD,301,12:52.0,C,Closed,01:36.0,,2,20800,3,PRINCIPAL ARTERIAL - OTHER - NEW HPMS,2,Urban
977278,1,Complete,977278,977278,41.3170276,-72.9421837,3473441,New Haven,93,93,New Haven,9/27/2022,2022,9,September,27,3,Tuesday,21:31:00,21,22032876,A,"Injury of any type (Serious, Minor, Possible)",A,Suspected Serious Injury (A),1,1,1,4,Local,0.8,556,SHERMAN AV,SHERMAN AV,,WHALLEY AVE,120,Feet,N,41.3170276,-72.9421837,9,Pedestrian,88,Not Applicable,1,On Roadway,1,Clear,88,Not Applicable,5,Dark-Not Lighted,1,Dry,0,None,88,Not Applicable,88,Not Applicable,0,None,88,Not Applicable,88,Not Applicable,1,Non-Junction,1,Not at Intersection,1,No,1,No,88,Not Applicable,88,Not Applicable,88,Not Applicable,88,Not Applicable,TRUE,1,Public Road,1,"Trafficway, On Road",CT0009300,New Haven PD,40812,31:56.0,C,Closed,01:31.0,,4,10900,4,MINOR ARTERIAL - NEW HPMS,2,Urban
977279,1,Complete,977279,977279,41.3136374,-72.8964999,3473442,New Haven,93,93,New Haven,9/27/2022,2022,9,September,27,3,Tuesday,22:56:00,22,22032882,A,"Injury of any type (Serious, Minor, Possible)",A,Suspected Serious Injury (A),1,1,0,4,Local,0.42,213,FERRY ST,FERRY ST,LIMERICK ST,,,,,41.3136374,-72.8964999,9,Pedestrian,88,Not Applicable,1,On Roadway,1,Clear,88,Not Applicable,99,Unknown,1,Dry,0,None,88,Not Applicable,88,Not Applicable,0,None,88,Not Applicable,88,Not Applicable,3,Intersection-Related,3,T-Intersection,1,No,1,No,88,Not Applicable,88,Not Applicable,88,Not Applicable,88,Not Applicable,TRUE,1,Public Road,1,"Trafficway, On Road",CT0009300,New Haven PD,42055,18:18.0,O,Open,01:33.0,,2,13500,4,MINOR ARTERIAL - NEW HPMS,2,Urban
977284,1,Complete,977284,977284,41.32023,-72.9503,3473447,New Haven,93,93,New Haven,9/25/2022,2022,9,September,25,1,Sunday,1:36:00,1,22033032,A,"Injury of any type (Serious, Minor, Possible)",C,Possible Injury (C),2,0,0,4,Local,0.02,56,BLAKE ST,BLAKE ST,,BLAKE ST,125,Feet,N,41.32023,-72.9503,14,Motor Vehicle in Operation,1,Front to rear,1,On Roadway,1,Clear,88,Not Applicable,4,Dark-Lighted,1,Dry,0,None,88,Not Applicable,88,Not Applicable,0,None,88,Not Applicable,88,Not Applicable,2,Intersection,3,T-Intersection,1,No,1,No,88,Not Applicable,88,Not Applicable,88,Not Applicable,88,Not Applicable,FALSE,1,Public Road,1,"Trafficway, On Road",CT0009300,New Haven PD,42046,02:20.0,C,Closed,01:33.0,,,,,,,
977286,1,Complete,977286,977286,41.31856,-72.947786,3473449,New Haven,93,93,New Haven,9/29/2022,2022,9,September,29,5,Thursday,8:21:00,8,22033040,A,"Injury of any type (Serious, Minor, Possible)",C,Possible Injury (C),2,0,0,4,Local,0.07,653,WHALLEY AV,WHALLEY AV,,ELLSWORTH AVE,50,Feet,W,41.31856,-72.947786,14,Motor Vehicle in Operation,1,Front to rear,1,On Roadway,1,Clear,88,Not Applicable,1,Daylight,1,Dry,0,None,88,Not Applicable,88,Not Applicable,0,None,88,Not Applicable,88,Not Applicable,11,Through Roadway,1,Not at Intersection,1,No,1,No,88,Not Applicable,88,Not Applicable,88,Not Applicable,88,Not Applicable,FALSE,1,Public Road,1,"Trafficway, On Road",CT0009300,New Haven PD,359,05:27.0,C,Closed,01:37.0,,,,,,,
977289,1,Complete,977289,977289,41.31022,-72.92267,3473452,New Haven,93,93,New Haven,9/29/2022,2022,9,September,29,5,Thursday,16:05:00,16,22033115,A,"Injury of any type (Serious, Minor, Possible)",C,Possible Injury (C),1,1,0,4,Local,0.51,103,CHURCH ST,CHURCH ST,,GROVE ST,60,Feet,S,41.31022,-72.92267,14,Motor Vehicle in Operation,3,Angle,7,In Parking Lane or Zone,1,Clear,1,Clear,1,Daylight,1,Dry,0,None,88,Not Applicable,88,Not Applicable,0,None,88,Not Applicable,88,Not Applicable,1,Non-Junction,1,Not at Intersection,1,No,1,No,88,Not Applicable,88,Not Applicable,88,Not Applicable,88,Not Applicable,TRUE,1,Public Road,1,"Trafficway, On Road",CT0009300,New Haven PD,97,44:15.0,C,Closed,01:44.0,,,,,,,
977291,1,Complete,977291,977291,41.31531,-72.950981,3473454,New Haven,93,93,New Haven,9/29/2022,2022,9,September,29,5,Thursday,15:47:00,15,22033120,A,"Injury of any type (Serious, Minor, Possible)",C,Possible Injury (C),1,0,1,3,State,2.76,10,10-N,10-N,EDGEWOOD AV,,,,,41.31531,-72.950981,25,Curb,88,Not Applicable,1,On Roadway,1,Clear,88,Not Applicable,1,Daylight,1,Dry,0,None,88,Not Applicable,88,Not Applicable,0,None,88,Not Applicable,88,Not Applicable,3,Intersection-Related,2,Four-Way Intersection,1,No,1,No,88,Not Applicable,88,Not Applicable,88,Not Applicable,88,Not Applicable,FALSE,1,Public Road,1,"Trafficway, On Road",CT0009300,New Haven PD,170,40:43.0,C,Closed,01:43.0,,2,10100,3,PRINCIPAL ARTERIAL - OTHER - NEW HPMS,2,Urban