CrashId,Fatal Case Status,Fatal Case Status Text Format,CrashId,CrashId,Latitude,Longitude,DOT Case Number,Town Name,Town Number,Town Number,Town Number Text Format,Date Of Crash,Year,Month,Month Text Format,Day,Day of the Week,Day of the Week Text Format,Time of Crash,Hour of the Day,Case Identifier,Crash Severity,Crash Severity Text Format,Most Severe Injury,Most Severe Injury Text Format,Number Of Motor Vehicles,Number Of Non-Motorist,Number Of Witnesses,Route Class,Route Class Text Format,Milemarker,Road Number,Road Description,Roadway Name,Intersecting Roadway Name,Landmark Description,Distance From Nearest Landmark,Unit Of Measure From Nearest Landmark,Direction From Nearest Landmark,Latitude,Longitude,First Harmful Event,First Harmful Event Text Format,Manner of Crash / Collision Impact,Manner of Crash / Collision Impact Text Format,Location of First Harmful Event,Location of First Harmful Event Text Format,Weather Condition,Weather Condition Text Format,Weather 2,Weather 2 Text Format,Light Condition,Light Condition Text Format,Road Surface Condition,Road Surface Condition Text Format,"Contributing Circumstances, Environment","Contributing Circumstances, Environment Text Format",Environment 2,Environment 2 Text Format,Environment 3,Environment 3 Text Format,"Contributing Circumstances, Road","Contributing Circumstances, Road Text Format",Road 2,Road 2 Text Format,Road 3,Road 3 Text Format,Crash Specific Location,Crash Specific Location Text Format,Type of Intersection,Type of Intersection Text Format,School Bus Related,School Bus Related Text Format,Work Zone Related,Work Zone Related Text Format,Location Of Crash Relative To Work Zone,Location Of Crash Relative To Work Zone Text Format,Type of Work Zone,Type of Work Zone Text Format,Worker Presence,Worker Presence Text Format,Law Enforcement Presence,Law Enforcement Presence Text Format,Were Vehicles Moved Prior To Police Arrival,Trafficway Ownership,Trafficway Ownership Text Format,Trafficway Class,Trafficway Class Text Format,Police Agency,Police Agency Text Format,Badge Number,Approval Date,Police Case Status,Police Case Status Text Format,Crash Report Submission Date,Related Case Identifiers,No. of Through Lanes (Log Dir.),Average Daily Traffic,Functional Classification,Functional Classification Text Format,Rural or Urban,Rural or Urban Text Format
977298,1,Complete,977298,977298,41.290056,-72.940365,3473461,New Haven,93,93,New Haven,9/29/2022,2022,9,September,29,5,Thursday,19:15:00,19,22033151,A,"Injury of any type (Serious, Minor, Possible)",B,Suspected Minor Injury (B),2,0,0,3,State,0.8,10,10-N,10-N,LAMBERTON ST,,,,,41.290056,-72.940365,14,Motor Vehicle in Operation,99,Unknown,1,On Roadway,1,Clear,88,Not Applicable,4,Dark-Lighted,1,Dry,0,None,88,Not Applicable,88,Not Applicable,0,None,88,Not Applicable,88,Not Applicable,2,Intersection,2,Four-Way Intersection,1,No,1,No,88,Not Applicable,88,Not Applicable,88,Not Applicable,88,Not Applicable,FALSE,1,Public Road,1,"Trafficway, On Road",CT0009300,New Haven PD,313,29:55.0,C,Closed,01:45.0,,2,18000,3,PRINCIPAL ARTERIAL - OTHER - NEW HPMS,2,Urban
977299,1,Complete,977299,977299,41.2909,-72.9335,3473462,New Haven,93,93,New Haven,9/29/2022,2022,9,September,29,5,Thursday,21:14:00,21,22033158,A,"Injury of any type (Serious, Minor, Possible)",C,Possible Injury (C),2,0,0,4,Local,0.09,339,KIMBERLY AV,KIMBERLY AV,,GREENWICH AVE,40,Feet,N,41.2909,-72.9335,14,Motor Vehicle in Operation,3,Angle,1,On Roadway,1,Clear,88,Not Applicable,4,Dark-Lighted,1,Dry,99,Unknown,88,Not Applicable,88,Not Applicable,99,Unknown,88,Not Applicable,88,Not Applicable,1,Non-Junction,1,Not at Intersection,1,No,1,No,88,Not Applicable,88,Not Applicable,88,Not Applicable,88,Not Applicable,TRUE,1,Public Road,1,"Trafficway, On Road",CT0009300,New Haven PD,40947,46:32.0,C,Closed,01:46.0,,,,,,,
978889,1,Complete,978889,978889,41.30633,-72.89493,3475052,New Haven,93,93,New Haven,9/18/2022,2022,9,September,18,1,Sunday,22:28:00,22,22031811,A,"Injury of any type (Serious, Minor, Possible)",C,Possible Injury (C),2,0,0,4,Local,0.94,213,FERRY ST,FERRY ST,,WOLCOTT ST,50,Feet,S,41.30633,-72.89493,14,Motor Vehicle in Operation,4,"Sideswipe, same direction",1,On Roadway,1,Clear,88,Not Applicable,4,Dark-Lighted,1,Dry,0,None,88,Not Applicable,88,Not Applicable,0,None,88,Not Applicable,88,Not Applicable,1,Non-Junction,1,Not at Intersection,1,No,1,No,88,Not Applicable,88,Not Applicable,88,Not Applicable,88,Not Applicable,FALSE,1,Public Road,1,"Trafficway, On Road",CT0009300,New Haven PD,40799,35:09.0,C,Closed,52:47.0,,,,,,,
978898,1,Complete,978898,978898,41.32013,-72.9503,3475061,New Haven,93,93,New Haven,9/25/2022,2022,9,September,25,1,Sunday,1:36:00,1,22032510,A,"Injury of any type (Serious, Minor, Possible)",C,Possible Injury (C),2,0,0,3,State,3.13,10,10-N,10-N,,,,,,41.32013,-72.9503,14,Motor Vehicle in Operation,1,Front to rear,1,On Roadway,1,Clear,88,Not Applicable,4,Dark-Lighted,1,Dry,0,None,88,Not Applicable,88,Not Applicable,0,None,88,Not Applicable,88,Not Applicable,2,Intersection,3,T-Intersection,1,No,1,No,88,Not Applicable,88,Not Applicable,88,Not Applicable,88,Not Applicable,FALSE,1,Public Road,1,"Trafficway, On Road",CT0009300,New Haven PD,42046,11:47.0,C,Closed,52:03.0,,2,18100,3,PRINCIPAL ARTERIAL - OTHER - NEW HPMS,2,Urban
978901,1,Complete,978901,978901,41.30086,-72.91035,3475064,New Haven,93,93,New Haven,9/24/2022,2022,9,September,24,7,Saturday,11:30:00,11,22032717,A,"Injury of any type (Serious, Minor, Possible)",C,Possible Injury (C),2,0,0,2,USRoute,48.98,1,1-N,1-N,,EAST ST,100,Feet,S,41.30086,-72.91035,14,Motor Vehicle in Operation,1,Front to rear,1,On Roadway,1,Clear,88,Not Applicable,4,Dark-Lighted,1,Dry,0,None,88,Not Applicable,88,Not Applicable,0,None,88,Not Applicable,88,Not Applicable,1,Non-Junction,1,Not at Intersection,1,No,1,No,88,Not Applicable,88,Not Applicable,88,Not Applicable,88,Not Applicable,FALSE,1,Public Road,1,"Trafficway, On Road",CT0009300,New Haven PD,293,09:14.0,C,Closed,52:55.0,,2,12500,3,PRINCIPAL ARTERIAL - OTHER - NEW HPMS,2,Urban
978903,1,Complete,978903,978903,41.32739,-72.93706,3475066,New Haven,93,93,New Haven,10/2/2022,2022,10,October,2,1,Sunday,13:47:00,13,22032792,A,"Injury of any type (Serious, Minor, Possible)",C,Possible Injury (C),2,0,0,4,Local,0.57,557,SHERMAN PKWY,SHERMAN PKWY,,HARDING PL,50,Feet,S,41.32739,-72.93706,14,Motor Vehicle in Operation,4,"Sideswipe, same direction",1,On Roadway,1,Clear,88,Not Applicable,1,Daylight,1,Dry,0,None,88,Not Applicable,88,Not Applicable,0,None,88,Not Applicable,88,Not Applicable,1,Non-Junction,1,Not at Intersection,1,No,1,No,88,Not Applicable,88,Not Applicable,88,Not Applicable,88,Not Applicable,FALSE,1,Public Road,1,"Trafficway, On Road",CT0009300,New Haven PD,40799,32:37.0,C,Closed,53:02.0,,,,,,,
978910,1,Complete,978910,978910,41.30804,-72.953055,3475073,New Haven,93,93,New Haven,9/28/2022,2022,9,September,28,4,Wednesday,17:22:00,17,22032979,A,"Injury of any type (Serious, Minor, Possible)",A,Suspected Serious Injury (A),2,0,1,3,State,2.24,10,10-N,10-N,JUDSON AV,,,,,41.30804,-72.953055,14,Motor Vehicle in Operation,3,Angle,1,On Roadway,1,Clear,88,Not Applicable,1,Daylight,1,Dry,0,None,88,Not Applicable,88,Not Applicable,0,None,88,Not Applicable,88,Not Applicable,2,Intersection,3,T-Intersection,1,No,1,No,88,Not Applicable,88,Not Applicable,88,Not Applicable,88,Not Applicable,TRUE,1,Public Road,1,"Trafficway, On Road",CT0009300,New Haven PD,44048,38:03.0,O,Open,52:35.0,,2,33300,3,PRINCIPAL ARTERIAL - OTHER - NEW HPMS,2,Urban
978913,1,Complete,978913,978913,41.295585,-72.933624,3475076,New Haven,93,93,New Haven,9/29/2022,2022,9,September,29,5,Thursday,8:50:00,8,22033042,A,"Injury of any type (Serious, Minor, Possible)",C,Possible Injury (C),2,0,0,4,Local,0.76,308,HOWARD AV,HOWARD AV,,,,,,41.295585,-72.933624,14,Motor Vehicle in Operation,1,Front to rear,1,On Roadway,1,Clear,88,Not Applicable,1,Daylight,1,Dry,0,None,88,Not Applicable,88,Not Applicable,0,None,88,Not Applicable,88,Not Applicable,2,Intersection,2,Four-Way Intersection,1,No,1,No,88,Not Applicable,88,Not Applicable,88,Not Applicable,88,Not Applicable,FALSE,1,Public Road,1,"Trafficway, On Road",CT0009300,New Haven PD,44063,25:36.0,C,Closed,53:04.0,,,,,,,
978914,1,Complete,978914,978914,41.31162,-72.94455,3475077,New Haven,93,93,New Haven,9/29/2022,2022,9,September,29,5,Thursday,10:02:00,10,22033060,A,"Injury of any type (Serious, Minor, Possible)",C,Possible Injury (C),2,0,0,4,Local,0.41,556,SHERMAN AV,SHERMAN AV,,CHAPEL ST,50,Feet,N,41.31162,-72.94455,14,Motor Vehicle in Operation,6,Rear to side,1,On Roadway,1,Clear,88,Not Applicable,1,Daylight,1,Dry,0,None,88,Not Applicable,88,Not Applicable,0,None,88,Not Applicable,88,Not Applicable,8,Driveway Access,1,Not at Intersection,1,No,1,No,88,Not Applicable,88,Not Applicable,88,Not Applicable,88,Not Applicable,TRUE,1,Public Road,1,"Trafficway, On Road",CT0009300,New Haven PD,324,57:08.0,C,Closed,52:06.0,,,,,,,
978917,1,Complete,978917,978917,41.319245,-72.947087,3475080,New Haven,93,93,New Haven,9/29/2022,2022,9,September,29,5,Thursday,17:35:00,17,22033138,A,"Injury of any type (Serious, Minor, Possible)",A,Suspected Serious Injury (A),1,1,1,4,Local,0.65,193,ELLSWORTH AV,ELLSWORTH AV,,WHALLEY AVE,310,Feet,N,41.319245,-72.947087,9,Pedestrian,88,Not Applicable,1,On Roadway,1,Clear,88,Not Applicable,1,Daylight,1,Dry,0,None,88,Not Applicable,88,Not Applicable,0,None,88,Not Applicable,88,Not Applicable,1,Non-Junction,1,Not at Intersection,1,No,1,No,88,Not Applicable,88,Not Applicable,88,Not Applicable,88,Not Applicable,FALSE,1,Public Road,1,"Trafficway, On Road",CT0009300,New Haven PD,11439,19:59.0,C,Closed,52:01.0,,4,3565,7,LOCAL - NEW HPMS,2,Urban
978918,1,Complete,978918,978918,41.32638,-72.96097,3475081,New Haven,93,93,New Haven,9/29/2022,2022,9,September,29,5,Thursday,18:51:00,18,22033153,A,"Injury of any type (Serious, Minor, Possible)",C,Possible Injury (C),2,0,0,3,State,6.59,243,243-E,243-E,,CENTRAL AVE,241,Feet,W,41.32638,-72.96097,14,Motor Vehicle in Operation,1,Front to rear,1,On Roadway,1,Clear,88,Not Applicable,1,Daylight,1,Dry,0,None,88,Not Applicable,88,Not Applicable,0,None,88,Not Applicable,88,Not Applicable,1,Non-Junction,1,Not at Intersection,1,No,1,No,88,Not Applicable,88,Not Applicable,88,Not Applicable,88,Not Applicable,FALSE,1,Public Road,1,"Trafficway, On Road",CT0009300,New Haven PD,19532,23:15.0,C,Closed,52:14.0,,1,9800,4,MINOR ARTERIAL - NEW HPMS,1,Rural
978919,1,Complete,978919,978919,41.30912,-72.9194,3475082,New Haven,93,93,New Haven,9/30/2022,2022,9,September,30,6,Friday,0:18:00,0,22033165,A,"Injury of any type (Serious, Minor, Possible)",C,Possible Injury (C),2,0,1,4,Local,1,575,STATE ST,STATE ST,,,,,,41.30912,-72.9194,14,Motor Vehicle in Operation,3,Angle,1,On Roadway,1,Clear,88,Not Applicable,4,Dark-Lighted,1,Dry,0,None,88,Not Applicable,88,Not Applicable,0,None,88,Not Applicable,88,Not Applicable,2,Intersection,2,Four-Way Intersection,1,No,1,No,88,Not Applicable,88,Not Applicable,88,Not Applicable,88,Not Applicable,TRUE,1,Public Road,1,"Trafficway, On Road",CT0009300,New Haven PD,40952,43:34.0,C,Closed,52:01.0,,,,,,,
978920,1,Complete,978920,978920,41.297468,-72.948822,3475083,New Haven,93,93,New Haven,9/30/2022,2022,9,September,30,6,Friday,5:44:00,5,22033177,A,"Injury of any type (Serious, Minor, Possible)",B,Suspected Minor Injury (B),2,0,0,3,State,1.47,10,10-N,10-N,1-N,,,,,41.297468,-72.948822,14,Motor Vehicle in Operation,3,Angle,1,On Roadway,1,Clear,88,Not Applicable,4,Dark-Lighted,1,Dry,0,None,88,Not Applicable,88,Not Applicable,0,None,88,Not Applicable,88,Not Applicable,2,Intersection,2,Four-Way Intersection,1,No,1,No,88,Not Applicable,88,Not Applicable,88,Not Applicable,88,Not Applicable,FALSE,1,Public Road,1,"Trafficway, On Road",CT0009300,New Haven PD,42046,13:33.0,C,Closed,52:07.0,,2,20300,3,PRINCIPAL ARTERIAL - OTHER - NEW HPMS,2,Urban
978925,1,Complete,978925,978925,41.32007,-72.89804,3475088,New Haven,93,93,New Haven,9/30/2022,2022,9,September,30,6,Friday,9:48:00,9,22033195,A,"Injury of any type (Serious, Minor, Possible)",C,Possible Injury (C),3,0,0,2,USRoute,0.43,5,5-N,5-N,,GRACE ST,20,Feet,N,41.32007,-72.89804,14,Motor Vehicle in Operation,3,Angle,1,On Roadway,1,Clear,88,Not Applicable,1,Daylight,1,Dry,0,None,88,Not Applicable,88,Not Applicable,0,None,88,Not Applicable,88,Not Applicable,1,Non-Junction,1,Not at Intersection,1,No,1,No,88,Not Applicable,88,Not Applicable,88,Not Applicable,88,Not Applicable,FALSE,1,Public Road,1,"Trafficway, On Road",CT0009300,New Haven PD,199,57:14.0,O,Open,52:06.0,,1,17500,4,MINOR ARTERIAL - NEW HPMS,1,Rural
978932,1,Complete,978932,978932,41.314366,-72.901683,3475095,New Haven,93,93,New Haven,9/30/2022,2022,9,September,30,6,Friday,14:26:00,14,22033235,A,"Injury of any type (Serious, Minor, Possible)",C,Possible Injury (C),1,1,1,4,Local,0.06,419,MONROE ST,MONROE ST,,,,,,41.314366,-72.901683,9,Pedestrian,88,Not Applicable,1,On Roadway,1,Clear,88,Not Applicable,1,Daylight,1,Dry,0,None,88,Not Applicable,88,Not Applicable,0,None,88,Not Applicable,88,Not Applicable,2,Intersection,2,Four-Way Intersection,1,No,1,No,88,Not Applicable,88,Not Applicable,88,Not Applicable,88,Not Applicable,FALSE,1,Public Road,1,"Trafficway, On Road",CT0009300,New Haven PD,44055,57:12.0,C,Closed,52:19.0,22033235,2,7500,5,MAJOR COLLECTOR - NEW HPMS,2,Urban
978934,1,Complete,978934,978934,41.320627,-72.951408,3475097,New Haven,93,93,New Haven,9/30/2022,2022,9,September,30,6,Friday,16:51:00,16,22033247,A,"Injury of any type (Serious, Minor, Possible)",B,Suspected Minor Injury (B),1,1,1,3,State,3.19,10,10-N,10-N,,HOBART STREET,155,Feet,N,41.320627,-72.951408,9,Pedestrian,88,Not Applicable,1,On Roadway,1,Clear,88,Not Applicable,1,Daylight,1,Dry,0,None,88,Not Applicable,88,Not Applicable,0,None,88,Not Applicable,88,Not Applicable,1,Non-Junction,1,Not at Intersection,1,No,1,No,88,Not Applicable,88,Not Applicable,88,Not Applicable,88,Not Applicable,FALSE,1,Public Road,1,"Trafficway, On Road",CT0009300,New Haven PD,44053,35:06.0,C,Closed,52:15.0,,4,18000,3,PRINCIPAL ARTERIAL - OTHER - NEW HPMS,2,Urban
978941,1,Complete,978941,978941,41.33126,-72.93517,3475104,New Haven,93,93,New Haven,10/1/2022,2022,10,October,1,7,Saturday,0:55:00,0,22033283,A,"Injury of any type (Serious, Minor, Possible)",B,Suspected Minor Injury (B),4,0,0,4,Local,1.3,152,DIXWELL AV,DIXWELL AV,,BREWSTER STREET,75,Feet,S,41.33126,-72.93517,14,Motor Vehicle in Operation,2,Front to front,1,On Roadway,1,Clear,88,Not Applicable,6,Dark-Unknown Lighting,1,Dry,0,None,88,Not Applicable,88,Not Applicable,0,None,88,Not Applicable,88,Not Applicable,1,Non-Junction,1,Not at Intersection,1,No,1,No,88,Not Applicable,88,Not Applicable,88,Not Applicable,88,Not Applicable,FALSE,1,Public Road,1,"Trafficway, On Road",CT0009300,New Haven PD,42042,08:29.0,C,Closed,52:30.0,,,,,,,
978960,1,Complete,978960,978960,41.29763,-72.92705,3475123,New Haven,93,93,New Haven,10/2/2022,2022,10,October,2,1,Sunday,12:26:00,12,22033413,A,"Injury of any type (Serious, Minor, Possible)",C,Possible Injury (C),2,0,0,2,USRoute,47.96,1,1-N,1-N,,COLUMBUS AVE,100,Feet,S,41.29763,-72.92705,14,Motor Vehicle in Operation,3,Angle,1,On Roadway,1,Clear,88,Not Applicable,1,Daylight,1,Dry,0,None,88,Not Applicable,88,Not Applicable,0,None,88,Not Applicable,88,Not Applicable,1,Non-Junction,1,Not at Intersection,1,No,1,No,88,Not Applicable,88,Not Applicable,88,Not Applicable,88,Not Applicable,FALSE,1,Public Road,1,"Trafficway, On Road",CT0009300,New Haven PD,293,50:49.0,C,Closed,52:56.0,,2,9500,3,PRINCIPAL ARTERIAL - OTHER - NEW HPMS,2,Urban
978963,1,Complete,978963,978963,41.30213,-72.92862,3475126,New Haven,93,93,New Haven,10/2/2022,2022,10,October,2,1,Sunday,18:36:00,18,22033454,A,"Injury of any type (Serious, Minor, Possible)",C,Possible Injury (C),2,0,0,4,Local,0.25,104,CHURCH ST SOUTH NO 1,CHURCH ST SOUTH NO 1,SOUTH FRONTAGE RD,,,,,41.30213,-72.92862,14,Motor Vehicle in Operation,3,Angle,1,On Roadway,1,Clear,88,Not Applicable,4,Dark-Lighted,1,Dry,99,Unknown,88,Not Applicable,88,Not Applicable,99,Unknown,88,Not Applicable,88,Not Applicable,2,Intersection,2,Four-Way Intersection,1,No,1,No,88,Not Applicable,88,Not Applicable,88,Not Applicable,88,Not Applicable,FALSE,1,Public Road,1,"Trafficway, On Road",CT0009300,New Haven PD,40947,17:25.0,C,Closed,52:31.0,,,,,,,
978970,1,Complete,978970,978970,41.32053,-72.94128,3475133,New Haven,93,93,New Haven,10/3/2022,2022,10,October,3,2,Monday,10:00:00,10,22033517,A,"Injury of any type (Serious, Minor, Possible)",C,Possible Injury (C),2,0,0,4,Local,0,257,GOFFE ST,GOFFE ST,,,,,,41.32053,-72.94128,14,Motor Vehicle in Operation,1,Front to rear,1,On Roadway,1,Clear,88,Not Applicable,1,Daylight,1,Dry,0,None,88,Not Applicable,88,Not Applicable,0,None,88,Not Applicable,88,Not Applicable,2,Intersection,2,Four-Way Intersection,1,No,1,No,88,Not Applicable,88,Not Applicable,88,Not Applicable,88,Not Applicable,FALSE,1,Public Road,1,"Trafficway, On Road",CT0009300,New Haven PD,44045,13:02.0,C,Closed,52:47.0,,,,,,,
978973,1,Complete,978973,978973,41.31631,-72.90432,3475136,New Haven,93,93,New Haven,10/3/2022,2022,10,October,3,2,Monday,15:40:00,15,22033559,A,"Injury of any type (Serious, Minor, Possible)",C,Possible Injury (C),2,0,0,1,Interstate,0.17,91,91-N-138,91-N-138,STATE ST,,,,,41.31631,-72.90432,14,Motor Vehicle in Operation,1,Front to rear,1,On Roadway,2,Cloudy,88,Not Applicable,1,Daylight,1,Dry,0,None,88,Not Applicable,88,Not Applicable,0,None,88,Not Applicable,88,Not Applicable,2,Intersection,4,Y-Intersection,1,No,1,No,88,Not Applicable,88,Not Applicable,88,Not Applicable,88,Not Applicable,FALSE,1,Public Road,1,"Trafficway, On Road",CT0009300,New Haven PD,980,52:13.0,C,Closed,52:48.0,,2,28800,1,INTERSTATE - NEW HPMS,2,Urban
978977,1,Complete,978977,978977,41.30995,-72.9328,3475140,New Haven,93,93,New Haven,10/3/2022,2022,10,October,3,2,Monday,19:30:00,19,22033591,A,"Injury of any type (Serious, Minor, Possible)",C,Possible Injury (C),1,1,0,4,Local,2.09,179,EDGEWOOD AV,EDGEWOOD AV,PARK ST,,,,,41.30995,-72.9328,9,Pedestrian,88,Not Applicable,1,On Roadway,2,Cloudy,88,Not Applicable,4,Dark-Lighted,2,Wet,0,None,88,Not Applicable,88,Not Applicable,0,None,88,Not Applicable,88,Not Applicable,2,Intersection,3,T-Intersection,1,No,1,No,88,Not Applicable,88,Not Applicable,88,Not Applicable,88,Not Applicable,TRUE,1,Public Road,1,"Trafficway, On Road",CT0009300,New Haven PD,40951,55:40.0,C,Closed,52:44.0,,1,4900,4,MINOR ARTERIAL - NEW HPMS,2,Urban
979001,1,Complete,979001,979001,41.29763,-72.9491,3475164,New Haven,93,93,New Haven,10/4/2022,2022,10,October,4,3,Tuesday,7:31:00,7,22033622,A,"Injury of any type (Serious, Minor, Possible)",C,Possible Injury (C),2,0,0,3,State,1.48,10,10-N,10-N,,,,,,41.29763,-72.9491,14,Motor Vehicle in Operation,1,Front to rear,1,On Roadway,4,Rain,88,Not Applicable,1,Daylight,2,Wet,0,None,88,Not Applicable,88,Not Applicable,0,None,88,Not Applicable,88,Not Applicable,2,Intersection,2,Four-Way Intersection,1,No,1,No,88,Not Applicable,88,Not Applicable,88,Not Applicable,88,Not Applicable,FALSE,1,Public Road,1,"Trafficway, On Road",CT0009300,New Haven PD,295,38:56.0,C,Closed,52:52.0,,2,20800,3,PRINCIPAL ARTERIAL - OTHER - NEW HPMS,2,Urban
979005,1,Complete,979005,979005,41.298,-72.93427,3475168,New Haven,93,93,New Haven,10/4/2022,2022,10,October,4,3,Tuesday,13:40:00,13,22033652,A,"Injury of any type (Serious, Minor, Possible)",C,Possible Injury (C),2,0,0,4,Local,0.6,308,HOWARD AV,HOWARD AV,,,,,,41.298,-72.93427,14,Motor Vehicle in Operation,1,Front to rear,1,On Roadway,4,Rain,88,Not Applicable,1,Daylight,2,Wet,0,None,88,Not Applicable,88,Not Applicable,0,None,88,Not Applicable,88,Not Applicable,2,Intersection,2,Four-Way Intersection,1,No,1,No,88,Not Applicable,88,Not Applicable,88,Not Applicable,88,Not Applicable,FALSE,1,Public Road,1,"Trafficway, On Road",CT0009300,New Haven PD,301,42:02.0,C,Closed,52:57.0,,,,,,,
979006,1,Complete,979006,979006,41.329194,-72.968567,3475169,New Haven,93,93,New Haven,10/4/2022,2022,10,October,4,3,Tuesday,14:32:00,14,22033656,A,"Injury of any type (Serious, Minor, Possible)",C,Possible Injury (C),2,0,0,3,State,0.71,63,63-N,63-N,122-N,,,,,41.329194,-72.968567,14,Motor Vehicle in Operation,3,Angle,1,On Roadway,4,Rain,88,Not Applicable,1,Daylight,2,Wet,0,None,88,Not Applicable,88,Not Applicable,0,None,88,Not Applicable,88,Not Applicable,2,Intersection,3,T-Intersection,1,No,1,No,88,Not Applicable,88,Not Applicable,88,Not Applicable,88,Not Applicable,TRUE,1,Public Road,1,"Trafficway, On Road",CT0009300,New Haven PD,44068,36:45.0,C,Closed,53:06.0,,2,20400,3,PRINCIPAL ARTERIAL - OTHER - NEW HPMS,1,Rural
979011,1,Complete,979011,979011,41.30548,-72.91272,3475174,New Haven,93,93,New Haven,10/4/2022,2022,10,October,4,3,Tuesday,18:32:00,18,22033687,A,"Injury of any type (Serious, Minor, Possible)",C,Possible Injury (C),2,0,0,4,Local,0.12,275,HAMILTON ST NO 2,HAMILTON ST NO 2,,,,,,41.30548,-72.91272,14,Motor Vehicle in Operation,99,Unknown,1,On Roadway,4,Rain,88,Not Applicable,4,Dark-Lighted,2,Wet,0,None,88,Not Applicable,88,Not Applicable,99,Unknown,88,Not Applicable,88,Not Applicable,2,Intersection,2,Four-Way Intersection,1,No,1,No,88,Not Applicable,88,Not Applicable,88,Not Applicable,88,Not Applicable,FALSE,1,Public Road,1,"Trafficway, On Road",CT0009300,New Haven PD,240,27:58.0,O,Open,53:04.0,,,,,,,
979012,1,Complete,979012,979012,41.30386,-72.9003,3475175,New Haven,93,93,New Haven,10/4/2022,2022,10,October,4,3,Tuesday,20:23:00,20,22033697,A,"Injury of any type (Serious, Minor, Possible)",C,Possible Injury (C),2,0,0,4,Local,0.4,97,CHAPEL ST,CHAPEL ST,,,,,,41.30386,-72.9003,14,Motor Vehicle in Operation,3,Angle,1,On Roadway,4,Rain,88,Not Applicable,4,Dark-Lighted,2,Wet,0,None,88,Not Applicable,88,Not Applicable,0,None,88,Not Applicable,88,Not Applicable,2,Intersection,2,Four-Way Intersection,1,No,1,No,88,Not Applicable,88,Not Applicable,88,Not Applicable,88,Not Applicable,FALSE,1,Public Road,1,"Trafficway, On Road",CT0009300,New Haven PD,83,32:22.0,C,Closed,53:00.0,,,,,,,
979115,1,Complete,979115,979115,41.28524,-72.93073,3475278,New Haven,93,93,New Haven,9/24/2022,2022,9,September,24,7,Saturday,2:40:00,2,22032422,A,"Injury of any type (Serious, Minor, Possible)",C,Possible Injury (C),2,0,0,4,Local,1.48,308,HOWARD AV,HOWARD AV,FIFTH ST,,,,,41.28524,-72.93073,14,Motor Vehicle in Operation,2,Front to front,1,On Roadway,97,Other,88,Not Applicable,4,Dark-Lighted,1,Dry,0,None,88,Not Applicable,88,Not Applicable,0,None,88,Not Applicable,88,Not Applicable,3,Intersection-Related,3,T-Intersection,1,No,1,No,88,Not Applicable,88,Not Applicable,88,Not Applicable,88,Not Applicable,FALSE,1,Public Road,1,"Trafficway, On Road",CT0009300,New Haven PD,19532,17:17.0,O,Open,00:26.0,,,,,,,
979117,1,Complete,979117,979117,41.30415883,-72.94431469,3475280,New Haven,93,93,New Haven,9/29/2022,2022,9,September,29,5,Thursday,9:50:00,9,22033051,A,"Injury of any type (Serious, Minor, Possible)",C,Possible Injury (C),1,1,0,4,Local,0.37,585,SYLVAN AV,SYLVAN AV,GREENWOOD ST NO 1,,,,,41.30415883,-72.94431469,10,Pedalcycle/Pedalcyclist,3,Angle,1,On Roadway,1,Clear,88,Not Applicable,1,Daylight,1,Dry,0,None,88,Not Applicable,88,Not Applicable,0,None,88,Not Applicable,88,Not Applicable,2,Intersection,3,T-Intersection,1,No,1,No,88,Not Applicable,88,Not Applicable,88,Not Applicable,88,Not Applicable,FALSE,1,Public Road,1,"Trafficway, On Road",CT0009300,New Haven PD,301,09:09.0,C,Closed,00:20.0,,,,,,,
979118,1,Complete,979118,979118,41.29838,-72.88962,3475281,New Haven,93,93,New Haven,10/1/2022,2022,10,October,1,7,Saturday,2:03:00,2,22033288,A,"Injury of any type (Serious, Minor, Possible)",C,Possible Injury (C),1,0,0,4,Local,0.02,625,WARWICK ST,WARWICK ST,,QUINNIPIAC AVE,100,Feet,E,41.29838,-72.88962,33,Utility Pole/Light Support,88,Not Applicable,1,On Roadway,1,Clear,88,Not Applicable,5,Dark-Not Lighted,1,Dry,0,None,88,Not Applicable,88,Not Applicable,0,None,88,Not Applicable,88,Not Applicable,1,Non-Junction,1,Not at Intersection,1,No,1,No,88,Not Applicable,88,Not Applicable,88,Not Applicable,88,Not Applicable,FALSE,1,Public Road,1,"Trafficway, On Road",CT0009300,New Haven PD,42367,41:29.0,C,Closed,00:18.0,,2,2300,7,LOCAL - NEW HPMS,2,Urban
979122,1,Complete,979122,979122,41.3016,-72.9267,3475285,New Haven,93,93,New Haven,10/5/2022,2022,10,October,5,4,Wednesday,6:55:00,6,22033715,A,"Injury of any type (Serious, Minor, Possible)",C,Possible Injury (C),2,0,0,3,State,0,34,34-E-8A,34-E-8A,SOUTH ORANGE ST,,,,,41.3016,-72.9267,14,Motor Vehicle in Operation,5,"Sideswipe, opposite direction",1,On Roadway,4,Rain,88,Not Applicable,1,Daylight,2,Wet,0,None,88,Not Applicable,88,Not Applicable,0,None,88,Not Applicable,88,Not Applicable,2,Intersection,2,Four-Way Intersection,1,No,1,No,88,Not Applicable,88,Not Applicable,88,Not Applicable,88,Not Applicable,FALSE,1,Public Road,1,"Trafficway, On Road",CT0009300,New Haven PD,40955,19:14.0,C,Closed,00:28.0,,,4500,2,PRIN ART-OTHER FREEWAYS & EXPRESSWAYS - NEW HPMS,2,Urban