CrashId,Fatal Case Status,Fatal Case Status Text Format,CrashId,CrashId,Latitude,Longitude,DOT Case Number,Town Name,Town Number,Town Number,Town Number Text Format,Date Of Crash,Year,Month,Month Text Format,Day,Day of the Week,Day of the Week Text Format,Time of Crash,Hour of the Day,Case Identifier,Crash Severity,Crash Severity Text Format,Most Severe Injury,Most Severe Injury Text Format,Number Of Motor Vehicles,Number Of Non-Motorist,Number Of Witnesses,Route Class,Route Class Text Format,Milemarker,Road Number,Road Description,Roadway Name,Intersecting Roadway Name,Landmark Description,Distance From Nearest Landmark,Unit Of Measure From Nearest Landmark,Direction From Nearest Landmark,Latitude,Longitude,First Harmful Event,First Harmful Event Text Format,Manner of Crash / Collision Impact,Manner of Crash / Collision Impact Text Format,Location of First Harmful Event,Location of First Harmful Event Text Format,Weather Condition,Weather Condition Text Format,Weather 2,Weather 2 Text Format,Light Condition,Light Condition Text Format,Road Surface Condition,Road Surface Condition Text Format,"Contributing Circumstances, Environment","Contributing Circumstances, Environment Text Format",Environment 2,Environment 2 Text Format,Environment 3,Environment 3 Text Format,"Contributing Circumstances, Road","Contributing Circumstances, Road Text Format",Road 2,Road 2 Text Format,Road 3,Road 3 Text Format,Crash Specific Location,Crash Specific Location Text Format,Type of Intersection,Type of Intersection Text Format,School Bus Related,School Bus Related Text Format,Work Zone Related,Work Zone Related Text Format,Location Of Crash Relative To Work Zone,Location Of Crash Relative To Work Zone Text Format,Type of Work Zone,Type of Work Zone Text Format,Worker Presence,Worker Presence Text Format,Law Enforcement Presence,Law Enforcement Presence Text Format,Were Vehicles Moved Prior To Police Arrival,Trafficway Ownership,Trafficway Ownership Text Format,Trafficway Class,Trafficway Class Text Format,Police Agency,Police Agency Text Format,Badge Number,Approval Date,Police Case Status,Police Case Status Text Format,Crash Report Submission Date,Related Case Identifiers,No. of Through Lanes (Log Dir.),Average Daily Traffic,Functional Classification,Functional Classification Text Format,Rural or Urban,Rural or Urban Text Format
979449,1,Complete,979449,979449,41.28911,-72.89455,3475612,New Haven,93,93,New Haven,10/6/2022,2022,10,October,6,5,Thursday,8:09:00,8,22033821,A,"Injury of any type (Serious, Minor, Possible)",C,Possible Injury (C),2,0,0,1,Interstate,0,95,95-S-347,95-S-347,WOODWARD AV,,,,,41.28911,-72.89455,14,Motor Vehicle in Operation,2,Front to front,1,On Roadway,1,Clear,88,Not Applicable,1,Daylight,2,Wet,97,Other,88,Not Applicable,88,Not Applicable,0,None,88,Not Applicable,88,Not Applicable,2,Intersection,2,Four-Way Intersection,1,No,1,No,88,Not Applicable,88,Not Applicable,88,Not Applicable,88,Not Applicable,FALSE,1,Public Road,1,"Trafficway, On Road",CT0009300,New Haven PD,415,44:04.0,C,Closed,02:02.0,,6,121300,1,INTERSTATE - NEW HPMS,2,Urban
979458,1,Complete,979458,979458,41.310536,-72.898557,3475621,New Haven,93,93,New Haven,10/6/2022,2022,10,October,6,5,Thursday,19:38:00,19,22033928,A,"Injury of any type (Serious, Minor, Possible)",C,Possible Injury (C),2,0,0,4,Local,0.37,216,FILLMORE ST,FILLMORE ST,CLAY ST NO 2,,,,,41.310536,-72.898557,14,Motor Vehicle in Operation,3,Angle,1,On Roadway,1,Clear,88,Not Applicable,4,Dark-Lighted,1,Dry,0,None,88,Not Applicable,88,Not Applicable,0,None,88,Not Applicable,88,Not Applicable,2,Intersection,2,Four-Way Intersection,1,No,1,No,88,Not Applicable,88,Not Applicable,88,Not Applicable,88,Not Applicable,FALSE,1,Public Road,1,"Trafficway, On Road",CT0009300,New Haven PD,42049,50:21.0,C,Closed,02:00.0,,,,,,,
979459,1,Complete,979459,979459,41.30995,-72.9329,3475622,New Haven,93,93,New Haven,10/6/2022,2022,10,October,6,5,Thursday,20:17:00,20,22033933,A,"Injury of any type (Serious, Minor, Possible)",C,Possible Injury (C),1,1,1,4,Local,0.11,463,PARK ST,PARK ST,EDGEWOOD AV,,,,,41.30995,-72.9329,9,Pedestrian,88,Not Applicable,1,On Roadway,1,Clear,88,Not Applicable,4,Dark-Lighted,1,Dry,0,None,88,Not Applicable,88,Not Applicable,0,None,88,Not Applicable,88,Not Applicable,2,Intersection,3,T-Intersection,1,No,1,No,88,Not Applicable,88,Not Applicable,88,Not Applicable,88,Not Applicable,TRUE,1,Public Road,1,"Trafficway, On Road",CT0009300,New Haven PD,55,14:39.0,O,Open,02:01.0,,1,4900,4,MINOR ARTERIAL - NEW HPMS,2,Urban
979936,1,Complete,979936,979936,41.30276,-72.92822,3476099,New Haven,93,93,New Haven,9/17/2022,2022,9,September,17,7,Saturday,1:41:00,1,22031621,A,"Injury of any type (Serious, Minor, Possible)",C,Possible Injury (C),2,0,0,4,Local,0.29,104,CHURCH ST SOUTH NO 1,CHURCH ST SOUTH NO 1,REV DR MLK JR BLVD,,,,,41.30276,-72.92822,14,Motor Vehicle in Operation,3,Angle,1,On Roadway,1,Clear,88,Not Applicable,4,Dark-Lighted,1,Dry,0,None,88,Not Applicable,88,Not Applicable,0,None,88,Not Applicable,88,Not Applicable,2,Intersection,2,Four-Way Intersection,1,No,1,No,88,Not Applicable,88,Not Applicable,88,Not Applicable,88,Not Applicable,FALSE,1,Public Road,1,"Trafficway, On Road",CT0009300,New Haven PD,293,39:03.0,C,Closed,00:04.0,,,,,,,
979940,1,Complete,979940,979940,41.317895,-72.945871,3476103,New Haven,93,93,New Haven,10/1/2022,2022,10,October,1,7,Saturday,15:15:00,15,22033740,A,"Injury of any type (Serious, Minor, Possible)",C,Possible Injury (C),2,0,0,4,Local,0.18,653,WHALLEY AV,WHALLEY AV,,NORON ST,25,Feet,E,41.317895,-72.945871,14,Motor Vehicle in Operation,4,"Sideswipe, same direction",1,On Roadway,99,Unknown,88,Not Applicable,1,Daylight,99,Unknown,99,Unknown,88,Not Applicable,88,Not Applicable,99,Unknown,88,Not Applicable,88,Not Applicable,1,Non-Junction,1,Not at Intersection,1,No,1,No,88,Not Applicable,88,Not Applicable,88,Not Applicable,88,Not Applicable,FALSE,1,Public Road,1,"Trafficway, On Road",CT0009300,New Haven PD,159,38:46.0,C,Closed,00:28.0,,,,,,,
979947,1,Complete,979947,979947,41.315203,-72.94313,3476110,New Haven,93,93,New Haven,10/6/2022,2022,10,October,6,5,Thursday,19:30:00,19,22033935,A,"Injury of any type (Serious, Minor, Possible)",A,Suspected Serious Injury (A),1,1,0,4,Local,0.67,556,SHERMAN AV,SHERMAN AV,ELM ST NO 1,,,,,41.315203,-72.94313,9,Pedestrian,88,Not Applicable,1,On Roadway,1,Clear,88,Not Applicable,4,Dark-Lighted,1,Dry,0,None,88,Not Applicable,88,Not Applicable,0,None,88,Not Applicable,88,Not Applicable,2,Intersection,2,Four-Way Intersection,1,No,1,No,88,Not Applicable,88,Not Applicable,88,Not Applicable,88,Not Applicable,FALSE,1,Public Road,1,"Trafficway, On Road",CT0009300,New Haven PD,44175,21:41.0,O,Open,00:09.0,,2,10900,4,MINOR ARTERIAL - NEW HPMS,2,Urban
979950,1,Complete,979950,979950,41.32146,-72.87578,3476113,New Haven,93,93,New Haven,10/7/2022,2022,10,October,7,6,Friday,7:31:00,7,22033966,A,"Injury of any type (Serious, Minor, Possible)",C,Possible Injury (C),2,0,0,3,State,0.34,80,80-E,80-E,,QUINNIPIAC AVE,500,Feet,E,41.32146,-72.87578,14,Motor Vehicle in Operation,1,Front to rear,1,On Roadway,1,Clear,88,Not Applicable,1,Daylight,1,Dry,0,None,88,Not Applicable,88,Not Applicable,0,None,88,Not Applicable,88,Not Applicable,1,Non-Junction,1,Not at Intersection,1,No,1,No,88,Not Applicable,88,Not Applicable,88,Not Applicable,88,Not Applicable,TRUE,1,Public Road,1,"Trafficway, On Road",CT0009300,New Haven PD,44055,09:52.0,C,Closed,00:08.0,,2,32300,3,PRINCIPAL ARTERIAL - OTHER - NEW HPMS,2,Urban
979951,1,Complete,979951,979951,41.293119,-72.943919,3476114,New Haven,93,93,New Haven,10/7/2022,2022,10,October,7,6,Friday,9:30:00,9,22033974,A,"Injury of any type (Serious, Minor, Possible)",C,Possible Injury (C),2,0,0,3,State,1.07,10,10-N,10-N,ADELINE ST,,,,,41.293119,-72.943919,14,Motor Vehicle in Operation,1,Front to rear,1,On Roadway,1,Clear,88,Not Applicable,1,Daylight,1,Dry,0,None,88,Not Applicable,88,Not Applicable,0,None,88,Not Applicable,88,Not Applicable,2,Intersection,3,T-Intersection,1,No,1,No,88,Not Applicable,88,Not Applicable,88,Not Applicable,88,Not Applicable,FALSE,1,Public Road,1,"Trafficway, On Road",CT0009300,New Haven PD,137,03:21.0,C,Closed,00:16.0,,2,20300,3,PRINCIPAL ARTERIAL - OTHER - NEW HPMS,2,Urban
979956,1,Complete,979956,979956,41.302902,-72.951405,3476119,New Haven,93,93,New Haven,10/7/2022,2022,10,October,7,6,Friday,16:21:00,16,22034003,A,"Injury of any type (Serious, Minor, Possible)",A,Suspected Serious Injury (A),2,0,0,3,State,1.86,10,10-N,10-N,,ORANGE AVE,1000,Feet,S,41.302902,-72.951405,14,Motor Vehicle in Operation,3,Angle,1,On Roadway,1,Clear,88,Not Applicable,1,Daylight,1,Dry,0,None,88,Not Applicable,88,Not Applicable,0,None,88,Not Applicable,88,Not Applicable,1,Non-Junction,1,Not at Intersection,1,No,1,No,88,Not Applicable,88,Not Applicable,88,Not Applicable,88,Not Applicable,FALSE,1,Public Road,1,"Trafficway, On Road",CT0009300,New Haven PD,158,54:50.0,C,Closed,00:21.0,,2,20800,3,PRINCIPAL ARTERIAL - OTHER - NEW HPMS,2,Urban
979960,1,Complete,979960,979960,41.3169,-72.94228,3476123,New Haven,93,93,New Haven,10/7/2022,2022,10,October,7,6,Friday,17:47:00,17,22034027,A,"Injury of any type (Serious, Minor, Possible)",C,Possible Injury (C),2,0,0,4,Local,0.79,556,SHERMAN AV,SHERMAN AV,,,,,,41.3169,-72.94228,14,Motor Vehicle in Operation,1,Front to rear,1,On Roadway,1,Clear,88,Not Applicable,3,Dusk,1,Dry,0,None,88,Not Applicable,88,Not Applicable,0,None,88,Not Applicable,88,Not Applicable,2,Intersection,2,Four-Way Intersection,1,No,1,No,88,Not Applicable,88,Not Applicable,88,Not Applicable,88,Not Applicable,FALSE,1,Public Road,1,"Trafficway, On Road",CT0009300,New Haven PD,44055,29:57.0,C,Closed,00:14.0,,,,,,,
979962,1,Complete,979962,979962,41.294449,-72.933317,3476125,New Haven,93,93,New Haven,10/7/2022,2022,10,October,7,6,Friday,19:00:00,19,22034032,A,"Injury of any type (Serious, Minor, Possible)",B,Suspected Minor Injury (B),1,1,0,4,Local,0.84,308,HOWARD AV,HOWARD AV,,SPRING ST,50,Feet,N,41.294449,-72.933317,9,Pedestrian,88,Not Applicable,4,Roadside,1,Clear,88,Not Applicable,4,Dark-Lighted,1,Dry,0,None,88,Not Applicable,88,Not Applicable,0,None,88,Not Applicable,88,Not Applicable,1,Non-Junction,1,Not at Intersection,1,No,1,No,88,Not Applicable,88,Not Applicable,88,Not Applicable,88,Not Applicable,FALSE,1,Public Road,2,"Trafficway, Not on Road",CT0009300,New Haven PD,41103,20:49.0,C,Closed,00:20.0,,4,7100,4,MINOR ARTERIAL - NEW HPMS,2,Urban
979967,1,Complete,979967,979967,41.32918,-72.96856,3476130,New Haven,93,93,New Haven,10/8/2022,2022,10,October,8,7,Saturday,8:13:00,8,22034077,A,"Injury of any type (Serious, Minor, Possible)",B,Suspected Minor Injury (B),2,0,0,3,State,0.71,63,63-N,63-N,122-N,,,,,41.32918,-72.96856,14,Motor Vehicle in Operation,3,Angle,1,On Roadway,1,Clear,88,Not Applicable,1,Daylight,1,Dry,0,None,88,Not Applicable,88,Not Applicable,0,None,88,Not Applicable,88,Not Applicable,2,Intersection,3,T-Intersection,1,No,1,No,88,Not Applicable,88,Not Applicable,88,Not Applicable,88,Not Applicable,FALSE,1,Public Road,1,"Trafficway, On Road",CT0009300,New Haven PD,313,12:46.0,C,Closed,00:28.0,,2,20400,3,PRINCIPAL ARTERIAL - OTHER - NEW HPMS,1,Rural
979968,1,Complete,979968,979968,41.31339,-72.87917,3476131,New Haven,93,93,New Haven,10/8/2022,2022,10,October,8,7,Saturday,11:03:00,11,22034088,A,"Injury of any type (Serious, Minor, Possible)",B,Suspected Minor Injury (B),1,0,1,4,Local,1.65,498,QUINNIPIAC AV,QUINNIPIAC AV,,HEMINGWAY ST,179,Feet,S,41.31339,-72.87917,33,Utility Pole/Light Support,88,Not Applicable,1,On Roadway,1,Clear,88,Not Applicable,1,Daylight,1,Dry,0,None,88,Not Applicable,88,Not Applicable,0,None,88,Not Applicable,88,Not Applicable,1,Non-Junction,1,Not at Intersection,1,No,1,No,88,Not Applicable,88,Not Applicable,88,Not Applicable,88,Not Applicable,FALSE,1,Public Road,1,"Trafficway, On Road",CT0009300,New Haven PD,416,11:41.0,C,Closed,00:17.0,,2,6400,4,MINOR ARTERIAL - NEW HPMS,2,Urban
980526,1,Complete,980526,980526,41.329287,-72.926184,3476689,New Haven,93,93,New Haven,10/5/2022,2022,10,October,5,4,Wednesday,17:11:00,17,22033757,A,"Injury of any type (Serious, Minor, Possible)",C,Possible Injury (C),2,0,0,4,Local,0.01,292,HIGHLAND ST,HIGHLAND ST,,WINCHESTER AVE,30,Feet,E,41.329287,-72.926184,14,Motor Vehicle in Operation,3,Angle,1,On Roadway,4,Rain,88,Not Applicable,1,Daylight,2,Wet,99,Unknown,88,Not Applicable,88,Not Applicable,0,None,88,Not Applicable,88,Not Applicable,1,Non-Junction,1,Not at Intersection,1,No,1,No,88,Not Applicable,88,Not Applicable,88,Not Applicable,88,Not Applicable,TRUE,1,Public Road,1,"Trafficway, On Road",CT0009300,New Haven PD,44065,54:00.0,O,Open,01:34.0,NONE,,,,,,
980529,1,Complete,980529,980529,41.28886,-72.89252,3476692,New Haven,93,93,New Haven,10/8/2022,2022,10,October,8,7,Saturday,14:04:00,14,22034095,A,"Injury of any type (Serious, Minor, Possible)",B,Suspected Minor Injury (B),2,0,0,3,State,0.07,337,337-E,337-E,MAIN ST NO 2,,,,,41.28886,-72.89252,14,Motor Vehicle in Operation,2,Front to front,1,On Roadway,1,Clear,1,Clear,1,Daylight,1,Dry,0,None,88,Not Applicable,88,Not Applicable,0,None,88,Not Applicable,88,Not Applicable,2,Intersection,2,Four-Way Intersection,1,No,1,No,88,Not Applicable,88,Not Applicable,88,Not Applicable,88,Not Applicable,FALSE,1,Public Road,1,"Trafficway, On Road",CT0009300,New Haven PD,44061,09:16.0,C,Closed,01:28.0,,1,7400,4,MINOR ARTERIAL - NEW HPMS,1,Rural
980530,1,Complete,980530,980530,41.321024,-72.89727,3476693,New Haven,93,93,New Haven,10/9/2022,2022,10,October,9,1,Sunday,2:07:00,2,22034169,A,"Injury of any type (Serious, Minor, Possible)",B,Suspected Minor Injury (B),3,0,0,2,USRoute,0.5,5,5-N,5-N,ROCK ST,,,,,41.321024,-72.89727,14,Motor Vehicle in Operation,2,Front to front,1,On Roadway,1,Clear,88,Not Applicable,6,Dark-Unknown Lighting,1,Dry,0,None,88,Not Applicable,88,Not Applicable,0,None,88,Not Applicable,88,Not Applicable,2,Intersection,3,T-Intersection,1,No,1,No,88,Not Applicable,88,Not Applicable,88,Not Applicable,88,Not Applicable,TRUE,1,Public Road,1,"Trafficway, On Road",CT0009300,New Haven PD,42042,00:40.0,O,Open,01:26.0,,1,17500,4,MINOR ARTERIAL - NEW HPMS,1,Rural
980534,1,Complete,980534,980534,41.3239,-72.88181,3476697,New Haven,93,93,New Haven,10/10/2022,2022,10,October,10,2,Monday,14:10:00,14,22034292,A,"Injury of any type (Serious, Minor, Possible)",C,Possible Injury (C),2,0,0,3,State,0.22,17,17-N,17-N,80-W,,,,,41.3239,-72.88181,14,Motor Vehicle in Operation,1,Front to rear,1,On Roadway,1,Clear,88,Not Applicable,1,Daylight,1,Dry,0,None,88,Not Applicable,88,Not Applicable,0,None,88,Not Applicable,88,Not Applicable,2,Intersection,2,Four-Way Intersection,1,No,1,No,88,Not Applicable,88,Not Applicable,88,Not Applicable,88,Not Applicable,TRUE,1,Public Road,1,"Trafficway, On Road",CT0009300,New Haven PD,416,46:16.0,C,Closed,01:29.0,,1,21600,3,PRINCIPAL ARTERIAL - OTHER - NEW HPMS,1,Rural
980536,1,Complete,980536,980536,41.32931,-72.92634,3476699,New Haven,93,93,New Haven,10/10/2022,2022,10,October,10,2,Monday,17:13:00,17,22034310,A,"Injury of any type (Serious, Minor, Possible)",C,Possible Injury (C),2,0,0,4,Local,0.95,669,WINCHESTER AV,WINCHESTER AV,HIGHLAND ST,,,,,41.32931,-72.92634,14,Motor Vehicle in Operation,3,Angle,1,On Roadway,1,Clear,1,Clear,1,Daylight,1,Dry,0,None,88,Not Applicable,88,Not Applicable,0,None,88,Not Applicable,88,Not Applicable,2,Intersection,3,T-Intersection,1,No,1,No,88,Not Applicable,88,Not Applicable,88,Not Applicable,88,Not Applicable,FALSE,1,Public Road,1,"Trafficway, On Road",CT0009300,New Haven PD,44048,27:25.0,O,Open,01:35.0,,,,,,,
980540,1,Complete,980540,980540,41.314725,-72.899633,3476703,New Haven,93,93,New Haven,10/10/2022,2022,10,October,10,2,Monday,20:00:00,20,22034329,A,"Injury of any type (Serious, Minor, Possible)",C,Possible Injury (C),2,0,0,4,Local,0.23,379,LOMBARD ST,LOMBARD ST,FILLMORE ST,,,,,41.314725,-72.899633,14,Motor Vehicle in Operation,3,Angle,1,On Roadway,1,Clear,88,Not Applicable,3,Dusk,1,Dry,0,None,88,Not Applicable,88,Not Applicable,0,None,88,Not Applicable,88,Not Applicable,2,Intersection,2,Four-Way Intersection,1,No,1,No,88,Not Applicable,88,Not Applicable,88,Not Applicable,88,Not Applicable,FALSE,1,Public Road,1,"Trafficway, On Road",CT0009300,New Haven PD,44053,28:58.0,C,Closed,01:31.0,,,,,,,
980889,1,Complete,980889,980889,41.282606,-72.938077,3477052,New Haven,93,93,New Haven,9/25/2022,2022,9,September,25,1,Sunday,1:20:00,1,22032509,A,"Injury of any type (Serious, Minor, Possible)",C,Possible Injury (C),2,0,0,3,State,0,10,10-N,10-N,745-E,,,,,41.282606,-72.938077,14,Motor Vehicle in Operation,3,Angle,1,On Roadway,1,Clear,88,Not Applicable,4,Dark-Lighted,1,Dry,0,None,88,Not Applicable,88,Not Applicable,0,None,88,Not Applicable,88,Not Applicable,2,Intersection,3,T-Intersection,1,No,1,No,88,Not Applicable,88,Not Applicable,88,Not Applicable,88,Not Applicable,FALSE,1,Public Road,1,"Trafficway, On Road",CT0009300,New Haven PD,7729,28:34.0,C,Closed,01:10.0,,2,15100,3,PRINCIPAL ARTERIAL - OTHER - NEW HPMS,1,Rural
980895,1,Complete,980895,980895,41.317383,-72.94452,3477058,New Haven,93,93,New Haven,10/11/2022,2022,10,October,11,3,Tuesday,9:04:00,9,22034367,A,"Injury of any type (Serious, Minor, Possible)",C,Possible Injury (C),2,0,1,4,Local,0.26,653,WHALLEY AV,WHALLEY AV,WINTHROP AV NO 2,,,,,41.317383,-72.94452,14,Motor Vehicle in Operation,3,Angle,1,On Roadway,1,Clear,88,Not Applicable,1,Daylight,1,Dry,3,Glare,88,Not Applicable,88,Not Applicable,0,None,88,Not Applicable,88,Not Applicable,2,Intersection,6,Traffic Circle,1,No,1,No,88,Not Applicable,88,Not Applicable,88,Not Applicable,88,Not Applicable,TRUE,1,Public Road,1,"Trafficway, On Road",CT0009300,New Haven PD,359,33:16.0,C,Closed,01:00.0,,,,,,,
980896,1,Complete,980896,980896,41.31774,-72.91966,3477059,New Haven,93,93,New Haven,10/11/2022,2022,10,October,11,3,Tuesday,11:01:00,11,22034382,A,"Injury of any type (Serious, Minor, Possible)",C,Possible Injury (C),2,0,0,4,Local,0.52,656,WHITNEY AV,WHITNEY AV,HUMPHREY ST,,,,,41.31774,-72.91966,14,Motor Vehicle in Operation,5,"Sideswipe, opposite direction",1,On Roadway,1,Clear,88,Not Applicable,1,Daylight,1,Dry,0,None,88,Not Applicable,88,Not Applicable,0,None,88,Not Applicable,88,Not Applicable,2,Intersection,2,Four-Way Intersection,1,No,1,No,88,Not Applicable,88,Not Applicable,88,Not Applicable,88,Not Applicable,FALSE,1,Public Road,1,"Trafficway, On Road",CT0009300,New Haven PD,42367,31:13.0,C,Closed,00:59.0,,,,,,,
980900,1,Complete,980900,980900,41.30419,-72.93073,3477063,New Haven,93,93,New Haven,10/11/2022,2022,10,October,11,3,Tuesday,15:11:00,15,22034402,A,"Injury of any type (Serious, Minor, Possible)",C,Possible Injury (C),2,0,0,4,Local,0.52,117,COLLEGE ST,COLLEGE ST,GEORGE ST,,,,,41.30419,-72.93073,14,Motor Vehicle in Operation,1,Front to rear,1,On Roadway,1,Clear,88,Not Applicable,1,Daylight,1,Dry,0,None,88,Not Applicable,88,Not Applicable,0,None,88,Not Applicable,88,Not Applicable,2,Intersection,2,Four-Way Intersection,1,No,1,No,88,Not Applicable,88,Not Applicable,88,Not Applicable,88,Not Applicable,FALSE,1,Public Road,1,"Trafficway, On Road",CT0009300,New Haven PD,476,47:22.0,C,Closed,01:03.0,,,,,,,
980901,1,Complete,980901,980901,41.31692,-72.920187,3477064,New Haven,93,93,New Haven,10/11/2022,2022,10,October,11,3,Tuesday,15:28:00,15,22034403,A,"Injury of any type (Serious, Minor, Possible)",B,Suspected Minor Injury (B),3,0,0,4,Local,0.46,656,WHITNEY AV,WHITNEY AV,,HUMPHREY STREET,340,Feet,S,41.31692,-72.920187,14,Motor Vehicle in Operation,5,"Sideswipe, opposite direction",1,On Roadway,1,Clear,88,Not Applicable,1,Daylight,1,Dry,0,None,88,Not Applicable,88,Not Applicable,0,None,88,Not Applicable,88,Not Applicable,1,Non-Junction,1,Not at Intersection,1,No,1,No,88,Not Applicable,88,Not Applicable,88,Not Applicable,88,Not Applicable,TRUE,1,Public Road,1,"Trafficway, On Road",CT0009300,New Haven PD,381,19:12.0,C,Closed,01:04.0,,,,,,,
980902,1,Complete,980902,980902,41.32202,-72.97087,3477065,New Haven,93,93,New Haven,10/11/2022,2022,10,October,11,3,Tuesday,13:56:00,13,22034404,A,"Injury of any type (Serious, Minor, Possible)",C,Possible Injury (C),2,0,0,4,Local,0.06,180,EDGEWOOD WAY,EDGEWOOD WAY,,VISTA TERR,300,Feet,S,41.32202,-72.97087,14,Motor Vehicle in Operation,1,Front to rear,1,On Roadway,1,Clear,88,Not Applicable,1,Daylight,1,Dry,0,None,88,Not Applicable,88,Not Applicable,0,None,88,Not Applicable,88,Not Applicable,1,Non-Junction,1,Not at Intersection,1,No,1,No,88,Not Applicable,88,Not Applicable,88,Not Applicable,88,Not Applicable,FALSE,1,Public Road,1,"Trafficway, On Road",CT0009300,New Haven PD,402,01:31.0,C,Closed,01:04.0,,,,,,,
980903,1,Complete,980903,980903,41.32321,-72.919254,3477066,New Haven,93,93,New Haven,10/11/2022,2022,10,October,11,3,Tuesday,16:03:00,16,22034415,A,"Injury of any type (Serious, Minor, Possible)",C,Possible Injury (C),2,0,0,4,Local,0.24,540,ST RONAN ST,ST RONAN ST,,CANNER STREET,750,Feet,S,41.32321,-72.919254,14,Motor Vehicle in Operation,3,Angle,1,On Roadway,1,Clear,88,Not Applicable,1,Daylight,1,Dry,0,None,88,Not Applicable,88,Not Applicable,0,None,88,Not Applicable,88,Not Applicable,1,Non-Junction,1,Not at Intersection,1,No,1,No,88,Not Applicable,88,Not Applicable,88,Not Applicable,88,Not Applicable,FALSE,1,Public Road,1,"Trafficway, On Road",CT0009300,New Haven PD,42052,26:48.0,C,Closed,01:05.0,,,,,,,
980905,1,Complete,980905,980905,41.311803,-72.898889,3477068,New Haven,93,93,New Haven,10/11/2022,2022,10,October,11,3,Tuesday,15:18:00,15,22034418,A,"Injury of any type (Serious, Minor, Possible)",C,Possible Injury (C),2,0,1,4,Local,0.28,216,FILLMORE ST,FILLMORE ST,PINE ST NO 1,,,,,41.311803,-72.898889,14,Motor Vehicle in Operation,2,Front to front,1,On Roadway,1,Clear,88,Not Applicable,1,Daylight,1,Dry,0,None,88,Not Applicable,88,Not Applicable,0,None,88,Not Applicable,88,Not Applicable,2,Intersection,2,Four-Way Intersection,1,No,1,No,88,Not Applicable,88,Not Applicable,88,Not Applicable,88,Not Applicable,FALSE,1,Public Road,1,"Trafficway, On Road",CT0009300,New Haven PD,42057,06:07.0,C,Closed,01:08.0,,,,,,,
980909,1,Complete,980909,980909,41.31065,-72.94134,3477072,New Haven,93,93,New Haven,10/11/2022,2022,10,October,11,3,Tuesday,18:42:00,18,22034450,A,"Injury of any type (Serious, Minor, Possible)",C,Possible Injury (C),1,1,0,4,Local,0.65,453,ORCHARD ST,ORCHARD ST,CHAPEL ST,,,,,41.31065,-72.94134,9,Pedestrian,88,Not Applicable,1,On Roadway,1,Clear,88,Not Applicable,4,Dark-Lighted,1,Dry,0,None,88,Not Applicable,88,Not Applicable,0,None,88,Not Applicable,88,Not Applicable,2,Intersection,2,Four-Way Intersection,1,No,1,No,88,Not Applicable,88,Not Applicable,88,Not Applicable,88,Not Applicable,FALSE,1,Public Road,1,"Trafficway, On Road",CT0009300,New Haven PD,40788,12:18.0,O,Open,01:06.0,,2,7700,4,MINOR ARTERIAL - NEW HPMS,2,Urban
981191,1,Complete,981191,981191,41.301564,-72.926245,3477354,New Haven,93,93,New Haven,10/11/2022,2022,10,October,11,3,Tuesday,13:54:00,13,22034394,A,"Injury of any type (Serious, Minor, Possible)",C,Possible Injury (C),2,0,0,4,Local,0.06,809,REV DR MLK JR BLVD,REV DR MLK JR BLVD,,S ORANGE ST,300,Feet,E,41.301564,-72.926245,14,Motor Vehicle in Operation,1,Front to rear,1,On Roadway,1,Clear,88,Not Applicable,1,Daylight,1,Dry,0,None,88,Not Applicable,88,Not Applicable,0,None,88,Not Applicable,88,Not Applicable,1,Non-Junction,1,Not at Intersection,1,No,1,No,88,Not Applicable,88,Not Applicable,88,Not Applicable,88,Not Applicable,TRUE,1,Public Road,1,"Trafficway, On Road",CT0009300,New Haven PD,165,04:06.0,C,Closed,00:28.0,,,,,,,
981198,1,Complete,981198,981198,41.323213,-72.910944,3477361,New Haven,93,93,New Haven,10/12/2022,2022,10,October,12,4,Wednesday,14:26:00,14,22034567,A,"Injury of any type (Serious, Minor, Possible)",C,Possible Injury (C),2,0,0,4,Local,0.65,83,CANNER ST,CANNER ST,ORANGE ST NO 1,,,,,41.323213,-72.910944,14,Motor Vehicle in Operation,3,Angle,1,On Roadway,1,Clear,88,Not Applicable,1,Daylight,1,Dry,0,None,88,Not Applicable,88,Not Applicable,0,None,88,Not Applicable,88,Not Applicable,2,Intersection,2,Four-Way Intersection,1,No,1,No,88,Not Applicable,88,Not Applicable,88,Not Applicable,88,Not Applicable,TRUE,1,Public Road,1,"Trafficway, On Road",CT0009300,New Haven PD,44065,56:30.0,C,Closed,00:36.0,NONE,,,,,,
981490,1,Complete,981490,981490,41.328246,-72.869409,3477653,New Haven,93,93,New Haven,10/12/2022,2022,10,October,12,4,Wednesday,8:12:00,8,22034498,A,"Injury of any type (Serious, Minor, Possible)",B,Suspected Minor Injury (B),3,0,0,3,State,0.56,103,103-N,103-N,,ASSUMPTION ST,20,Feet,N,41.328246,-72.869409,14,Motor Vehicle in Operation,1,Front to rear,1,On Roadway,2,Cloudy,88,Not Applicable,1,Daylight,1,Dry,0,None,88,Not Applicable,88,Not Applicable,0,None,88,Not Applicable,88,Not Applicable,1,Non-Junction,1,Not at Intersection,1,No,1,No,88,Not Applicable,88,Not Applicable,88,Not Applicable,88,Not Applicable,FALSE,1,Public Road,1,"Trafficway, On Road",CT0009300,New Haven PD,175,15:03.0,C,Closed,00:05.0,,1,9100,4,MINOR ARTERIAL - NEW HPMS,1,Rural