CrashId,Fatal Case Status,Fatal Case Status Text Format,CrashId,CrashId,Latitude,Longitude,DOT Case Number,Town Name,Town Number,Town Number,Town Number Text Format,Date Of Crash,Year,Month,Month Text Format,Day,Day of the Week,Day of the Week Text Format,Time of Crash,Hour of the Day,Case Identifier,Crash Severity,Crash Severity Text Format,Most Severe Injury,Most Severe Injury Text Format,Number Of Motor Vehicles,Number Of Non-Motorist,Number Of Witnesses,Route Class,Route Class Text Format,Milemarker,Road Number,Road Description,Roadway Name,Intersecting Roadway Name,Landmark Description,Distance From Nearest Landmark,Unit Of Measure From Nearest Landmark,Direction From Nearest Landmark,Latitude,Longitude,First Harmful Event,First Harmful Event Text Format,Manner of Crash / Collision Impact,Manner of Crash / Collision Impact Text Format,Location of First Harmful Event,Location of First Harmful Event Text Format,Weather Condition,Weather Condition Text Format,Weather 2,Weather 2 Text Format,Light Condition,Light Condition Text Format,Road Surface Condition,Road Surface Condition Text Format,"Contributing Circumstances, Environment","Contributing Circumstances, Environment Text Format",Environment 2,Environment 2 Text Format,Environment 3,Environment 3 Text Format,"Contributing Circumstances, Road","Contributing Circumstances, Road Text Format",Road 2,Road 2 Text Format,Road 3,Road 3 Text Format,Crash Specific Location,Crash Specific Location Text Format,Type of Intersection,Type of Intersection Text Format,School Bus Related,School Bus Related Text Format,Work Zone Related,Work Zone Related Text Format,Location Of Crash Relative To Work Zone,Location Of Crash Relative To Work Zone Text Format,Type of Work Zone,Type of Work Zone Text Format,Worker Presence,Worker Presence Text Format,Law Enforcement Presence,Law Enforcement Presence Text Format,Were Vehicles Moved Prior To Police Arrival,Trafficway Ownership,Trafficway Ownership Text Format,Trafficway Class,Trafficway Class Text Format,Police Agency,Police Agency Text Format,Badge Number,Approval Date,Police Case Status,Police Case Status Text Format,Crash Report Submission Date,Related Case Identifiers,No. of Through Lanes (Log Dir.),Average Daily Traffic,Functional Classification,Functional Classification Text Format,Rural or Urban,Rural or Urban Text Format
991806,1,Complete,991806,991806,41.308972,-72.93388,3486997,New Haven,93,93,New Haven,11/1/2022,2022,11,November,1,3,Tuesday,9:33:00,9,22036935,A,"Injury of any type (Serious, Minor, Possible)",C,Possible Injury (C),2,0,0,4,Local,2.24,97,CHAPEL ST,CHAPEL ST,,PARK ST,100,Feet,W,41.308972,-72.93388,14,Motor Vehicle in Operation,1,Front to rear,1,On Roadway,1,Clear,88,Not Applicable,1,Daylight,1,Dry,0,None,88,Not Applicable,88,Not Applicable,0,None,88,Not Applicable,88,Not Applicable,1,Non-Junction,1,Not at Intersection,1,No,1,No,88,Not Applicable,88,Not Applicable,88,Not Applicable,88,Not Applicable,FALSE,1,Public Road,1,"Trafficway, On Road",CT0009300,New Haven PD,465,33:42.0,C,Closed,00:32.0,,,,,,,
991807,1,Complete,991807,991807,41.29655,-72.947982,3486998,New Haven,93,93,New Haven,11/4/2022,2022,11,November,4,6,Friday,19:13:00,19,22037201,A,"Injury of any type (Serious, Minor, Possible)",C,Possible Injury (C),2,0,0,3,State,1.4,10,10-N,10-N,,COLLUMBUS AVE,400,Feet,S,41.29655,-72.947982,14,Motor Vehicle in Operation,3,Angle,1,On Roadway,1,Clear,88,Not Applicable,1,Daylight,1,Dry,0,None,88,Not Applicable,88,Not Applicable,0,None,88,Not Applicable,88,Not Applicable,1,Non-Junction,1,Not at Intersection,1,No,1,No,88,Not Applicable,88,Not Applicable,88,Not Applicable,88,Not Applicable,FALSE,1,Public Road,1,"Trafficway, On Road",CT0009300,New Haven PD,428,28:01.0,C,Closed,00:39.0,,2,20300,3,PRINCIPAL ARTERIAL - OTHER - NEW HPMS,2,Urban
991810,1,Complete,991810,991810,41.287253,-72.93721,3487001,New Haven,93,93,New Haven,11/4/2022,2022,11,November,4,6,Friday,17:38:00,17,22037368,A,"Injury of any type (Serious, Minor, Possible)",C,Possible Injury (C),2,0,1,3,State,0.54,10,10-N,10-N,PLYMOUTH ST,,,,,41.287253,-72.93721,14,Motor Vehicle in Operation,3,Angle,1,On Roadway,1,Clear,88,Not Applicable,1,Daylight,1,Dry,0,None,88,Not Applicable,88,Not Applicable,0,None,88,Not Applicable,88,Not Applicable,2,Intersection,3,T-Intersection,1,No,1,No,88,Not Applicable,88,Not Applicable,88,Not Applicable,88,Not Applicable,FALSE,1,Public Road,1,"Trafficway, On Road",CT0009300,New Haven PD,44068,27:15.0,C,Closed,00:40.0,,2,18000,3,PRINCIPAL ARTERIAL - OTHER - NEW HPMS,2,Urban
991812,1,Complete,991812,991812,41.323879,-72.881531,3487003,New Haven,93,93,New Haven,11/6/2022,2022,11,November,6,1,Sunday,19:55:00,19,22037603,A,"Injury of any type (Serious, Minor, Possible)",B,Suspected Minor Injury (B),2,0,0,3,State,0.22,17,17-N,17-N,80-W,,,,,41.323879,-72.881531,14,Motor Vehicle in Operation,3,Angle,1,On Roadway,1,Clear,88,Not Applicable,4,Dark-Lighted,1,Dry,0,None,88,Not Applicable,88,Not Applicable,0,None,88,Not Applicable,88,Not Applicable,2,Intersection,2,Four-Way Intersection,1,No,1,No,88,Not Applicable,88,Not Applicable,88,Not Applicable,88,Not Applicable,FALSE,1,Public Road,1,"Trafficway, On Road",CT0009300,New Haven PD,279,51:07.0,C,Closed,00:33.0,,1,21600,3,PRINCIPAL ARTERIAL - OTHER - NEW HPMS,1,Rural
991819,1,Complete,991819,991819,41.309206,-72.919563,3487010,New Haven,93,93,New Haven,11/9/2022,2022,11,November,9,4,Wednesday,7:31:00,7,22037863,A,"Injury of any type (Serious, Minor, Possible)",C,Possible Injury (C),2,0,1,4,Local,1,575,STATE ST,STATE ST,GROVE ST,,,,,41.309206,-72.919563,14,Motor Vehicle in Operation,3,Angle,1,On Roadway,1,Clear,88,Not Applicable,1,Daylight,1,Dry,0,None,88,Not Applicable,88,Not Applicable,0,None,88,Not Applicable,88,Not Applicable,3,Intersection-Related,2,Four-Way Intersection,1,No,1,No,88,Not Applicable,88,Not Applicable,88,Not Applicable,88,Not Applicable,TRUE,1,Public Road,1,"Trafficway, On Road",CT0009300,New Haven PD,165,15:30.0,C,Closed,00:36.0,,,,,,,
991823,1,Complete,991823,991823,41.333058,-72.975565,3487014,New Haven,93,93,New Haven,11/9/2022,2022,11,November,9,4,Wednesday,15:24:00,15,22037969,A,"Injury of any type (Serious, Minor, Possible)",C,Possible Injury (C),2,0,0,3,State,1.16,63,63-N,63-N,WESTERLEIGH RD,,,,,41.333058,-72.975565,14,Motor Vehicle in Operation,1,Front to rear,1,On Roadway,1,Clear,88,Not Applicable,1,Daylight,1,Dry,0,None,88,Not Applicable,88,Not Applicable,0,None,88,Not Applicable,88,Not Applicable,3,Intersection-Related,3,T-Intersection,1,No,1,No,88,Not Applicable,88,Not Applicable,88,Not Applicable,88,Not Applicable,FALSE,1,Public Road,1,"Trafficway, On Road",CT0009300,New Haven PD,19532,18:34.0,C,Closed,00:40.0,,2,27000,3,PRINCIPAL ARTERIAL - OTHER - NEW HPMS,2,Urban
992252,1,Complete,992252,992252,41.303788,-72.901567,3487443,New Haven,93,93,New Haven,11/4/2022,2022,11,November,4,6,Friday,22:18:00,22,22037404,A,"Injury of any type (Serious, Minor, Possible)",C,Possible Injury (C),2,0,0,4,Local,0.46,97,CHAPEL ST,CHAPEL ST,,JAMES ST,100,Feet,E,41.303788,-72.901567,14,Motor Vehicle in Operation,4,"Sideswipe, same direction",1,On Roadway,1,Clear,88,Not Applicable,4,Dark-Lighted,1,Dry,0,None,88,Not Applicable,88,Not Applicable,0,None,88,Not Applicable,88,Not Applicable,1,Non-Junction,1,Not at Intersection,1,No,1,No,88,Not Applicable,88,Not Applicable,88,Not Applicable,88,Not Applicable,FALSE,1,Public Road,1,"Trafficway, On Road",CT0009300,New Haven PD,281,39:09.0,C,Closed,00:19.0,,,,,,,
992256,1,Complete,992256,992256,41.318307,-72.947604,3487447,New Haven,93,93,New Haven,11/8/2022,2022,11,November,8,3,Tuesday,15:42:00,15,22037793,A,"Injury of any type (Serious, Minor, Possible)",C,Possible Injury (C),2,0,0,4,Local,0.17,653,WHALLEY AV,WHALLEY AV,NORTON ST,,,,,41.318307,-72.947604,14,Motor Vehicle in Operation,1,Front to rear,1,On Roadway,1,Clear,88,Not Applicable,1,Daylight,1,Dry,0,None,88,Not Applicable,88,Not Applicable,0,None,88,Not Applicable,88,Not Applicable,2,Intersection,2,Four-Way Intersection,1,No,1,No,88,Not Applicable,88,Not Applicable,88,Not Applicable,88,Not Applicable,FALSE,1,Public Road,1,"Trafficway, On Road",CT0009300,New Haven PD,760,16:32.0,C,Closed,00:11.0,NONE,,,,,,
992257,1,Complete,992257,992257,41.308871,-72.895038,3487448,New Haven,93,93,New Haven,11/8/2022,2022,11,November,8,3,Tuesday,13:58:00,13,22037937,A,"Injury of any type (Serious, Minor, Possible)",C,Possible Injury (C),2,0,0,,,,,,325 FERRY ST PARKING LOT,,Grand AVe,52,Feet,S,41.308871,-72.895038,14,Motor Vehicle in Operation,1,Front to rear,7,In Parking Lane or Zone,1,Clear,88,Not Applicable,1,Daylight,1,Dry,0,None,88,Not Applicable,88,Not Applicable,0,None,88,Not Applicable,88,Not Applicable,10,Shared-Use Path or Trail,1,Not at Intersection,1,No,1,No,88,Not Applicable,88,Not Applicable,88,Not Applicable,88,Not Applicable,FALSE,1,Public Road,4,Parking Lot,CT0009300,New Haven PD,40793,46:46.0,C,Closed,00:15.0,,,,,,,
992258,1,Complete,992258,992258,41.303821,-72.9274254,3487449,New Haven,93,93,New Haven,11/10/2022,2022,11,November,10,5,Thursday,8:15:00,8,22038025,A,"Injury of any type (Serious, Minor, Possible)",C,Possible Injury (C),2,0,0,4,Local,0.38,104,CHURCH ST SOUTH NO 1,CHURCH ST SOUTH NO 1,CHURCH ST,,,,,41.303821,-72.9274254,14,Motor Vehicle in Operation,4,"Sideswipe, same direction",1,On Roadway,1,Clear,88,Not Applicable,1,Daylight,1,Dry,0,None,88,Not Applicable,88,Not Applicable,0,None,88,Not Applicable,88,Not Applicable,2,Intersection,2,Four-Way Intersection,1,No,1,No,88,Not Applicable,88,Not Applicable,88,Not Applicable,88,Not Applicable,FALSE,1,Public Road,1,"Trafficway, On Road",CT0009300,New Haven PD,106,34:16.0,C,Closed,00:10.0,,,,,,,
992268,1,Complete,992268,992268,41.30964,-72.884497,3487459,New Haven,93,93,New Haven,11/10/2022,2022,11,November,10,5,Thursday,13:36:00,13,22038067,A,"Injury of any type (Serious, Minor, Possible)",C,Possible Injury (C),2,0,1,4,Local,1.26,498,QUINNIPIAC AV,QUINNIPIAC AV,,CLIFTON ST,100,Feet,N,41.30964,-72.884497,14,Motor Vehicle in Operation,3,Angle,1,On Roadway,1,Clear,88,Not Applicable,1,Daylight,1,Dry,0,None,88,Not Applicable,88,Not Applicable,0,None,88,Not Applicable,88,Not Applicable,1,Non-Junction,1,Not at Intersection,1,No,1,No,88,Not Applicable,88,Not Applicable,88,Not Applicable,88,Not Applicable,TRUE,1,Public Road,1,"Trafficway, On Road",CT0009300,New Haven PD,476,49:56.0,C,Closed,00:20.0,,,,,,,
992654,1,Complete,992654,992654,41.322843,-72.87925,3487845,New Haven,93,93,New Haven,10/15/2022,2022,10,October,15,7,Saturday,19:03:00,19,22034946,A,"Injury of any type (Serious, Minor, Possible)",C,Possible Injury (C),4,0,0,3,State,0.14,80,80-E,80-E,,MIDDLETOWN AVE,700,Feet,E,41.322843,-72.87925,14,Motor Vehicle in Operation,1,Front to rear,1,On Roadway,1,Clear,88,Not Applicable,4,Dark-Lighted,1,Dry,0,None,88,Not Applicable,88,Not Applicable,1,Backup Due to Prior Crash,88,Not Applicable,88,Not Applicable,1,Non-Junction,1,Not at Intersection,1,No,1,No,88,Not Applicable,88,Not Applicable,88,Not Applicable,88,Not Applicable,FALSE,1,Public Road,1,"Trafficway, On Road",CT0009300,New Haven PD,44056,19:40.0,C,Closed,01:04.0,,2,32300,3,PRINCIPAL ARTERIAL - OTHER - NEW HPMS,2,Urban
992658,1,Complete,992658,992658,41.29747,-72.94897,3487849,New Haven,93,93,New Haven,10/29/2022,2022,10,October,29,7,Saturday,23:39:00,23,22036656,A,"Injury of any type (Serious, Minor, Possible)",B,Suspected Minor Injury (B),2,0,0,3,State,1.47,10,10-N,10-N,,,,,,41.29747,-72.94897,14,Motor Vehicle in Operation,2,Front to front,1,On Roadway,1,Clear,88,Not Applicable,5,Dark-Not Lighted,1,Dry,0,None,88,Not Applicable,88,Not Applicable,0,None,88,Not Applicable,88,Not Applicable,2,Intersection,2,Four-Way Intersection,1,No,1,No,88,Not Applicable,88,Not Applicable,88,Not Applicable,88,Not Applicable,FALSE,1,Public Road,1,"Trafficway, On Road",CT0009300,New Haven PD,44062,00:11.0,C,Closed,00:54.0,,2,20300,3,PRINCIPAL ARTERIAL - OTHER - NEW HPMS,2,Urban
992659,1,Complete,992659,992659,41.29768,-72.94091,3487850,New Haven,93,93,New Haven,10/30/2022,2022,10,October,30,1,Sunday,19:53:00,19,22036736,A,"Injury of any type (Serious, Minor, Possible)",B,Suspected Minor Injury (B),1,1,1,2,USRoute,47.05,1,1-N,1-N,WEST ST,,,,,41.29768,-72.94091,9,Pedestrian,88,Not Applicable,1,On Roadway,1,Clear,88,Not Applicable,4,Dark-Lighted,1,Dry,0,None,88,Not Applicable,88,Not Applicable,0,None,88,Not Applicable,88,Not Applicable,2,Intersection,2,Four-Way Intersection,1,No,1,No,88,Not Applicable,88,Not Applicable,88,Not Applicable,88,Not Applicable,FALSE,1,Public Road,1,"Trafficway, On Road",CT0009300,New Haven PD,158,41:51.0,C,Closed,00:56.0,,2,5900,3,PRINCIPAL ARTERIAL - OTHER - NEW HPMS,2,Urban
992666,1,Complete,992666,992666,41.306529,-72.894998,3487857,New Haven,93,93,New Haven,11/6/2022,2022,11,November,6,1,Sunday,9:22:00,9,22037555,A,"Injury of any type (Serious, Minor, Possible)",C,Possible Injury (C),2,0,0,4,Local,0.93,213,FERRY ST,FERRY ST,WOLCOTT ST,,,,,41.306529,-72.894998,14,Motor Vehicle in Operation,3,Angle,1,On Roadway,1,Clear,88,Not Applicable,1,Daylight,1,Dry,0,None,88,Not Applicable,88,Not Applicable,0,None,88,Not Applicable,88,Not Applicable,2,Intersection,2,Four-Way Intersection,1,No,1,No,88,Not Applicable,88,Not Applicable,88,Not Applicable,88,Not Applicable,FALSE,1,Public Road,1,"Trafficway, On Road",CT0009300,New Haven PD,193,59:11.0,C,Closed,01:24.0,,,,,,,
992669,1,Complete,992669,992669,41.299276,-72.942598,3487860,New Haven,93,93,New Haven,11/9/2022,2022,11,November,9,4,Wednesday,15:15:00,15,22037936,A,"Injury of any type (Serious, Minor, Possible)",C,Possible Injury (C),2,0,1,4,Local,0.3,123,CONGRESS AV,CONGRESS AV,WEST ST,,,,,41.299276,-72.942598,14,Motor Vehicle in Operation,3,Angle,1,On Roadway,1,Clear,88,Not Applicable,1,Daylight,1,Dry,0,None,88,Not Applicable,88,Not Applicable,0,None,88,Not Applicable,88,Not Applicable,2,Intersection,2,Four-Way Intersection,1,No,1,No,88,Not Applicable,88,Not Applicable,88,Not Applicable,88,Not Applicable,FALSE,1,Public Road,1,"Trafficway, On Road",CT0009300,New Haven PD,293,30:22.0,C,Closed,01:15.0,,,,,,,
992670,1,Complete,992670,992670,41.320101,-72.9403,3487861,New Haven,93,93,New Haven,11/9/2022,2022,11,November,9,4,Wednesday,19:43:00,19,22037993,A,"Injury of any type (Serious, Minor, Possible)",A,Suspected Serious Injury (A),2,0,0,4,Local,0.02,557,SHERMAN PKWY,SHERMAN PKWY,,GOFFE ST,85,Feet,N,41.320101,-72.9403,14,Motor Vehicle in Operation,1,Front to rear,1,On Roadway,1,Clear,88,Not Applicable,4,Dark-Lighted,1,Dry,97,Other,88,Not Applicable,88,Not Applicable,0,None,88,Not Applicable,88,Not Applicable,3,Intersection-Related,2,Four-Way Intersection,1,No,1,No,88,Not Applicable,88,Not Applicable,88,Not Applicable,88,Not Applicable,FALSE,1,Public Road,1,"Trafficway, On Road",CT0009300,New Haven PD,44062,52:41.0,C,Closed,01:12.0,,,,,,,
992677,1,Complete,992677,992677,41.31043,-72.92252,3487868,New Haven,93,93,New Haven,11/11/2022,2022,11,November,11,6,Friday,12:10:00,12,22038180,A,"Injury of any type (Serious, Minor, Possible)",C,Possible Injury (C),2,0,1,4,Local,0.18,271,GROVE ST,GROVE ST,,,,,,41.31043,-72.92252,14,Motor Vehicle in Operation,1,Front to rear,1,On Roadway,4,Rain,2,Cloudy,1,Daylight,2,Wet,0,None,88,Not Applicable,88,Not Applicable,0,None,88,Not Applicable,88,Not Applicable,2,Intersection,2,Four-Way Intersection,1,No,1,No,88,Not Applicable,88,Not Applicable,88,Not Applicable,88,Not Applicable,FALSE,1,Public Road,1,"Trafficway, On Road",CT0009300,New Haven PD,165,50:44.0,C,Closed,00:52.0,,,,,,,
992678,1,Complete,992678,992678,41.3168781,-72.9423077,3487869,New Haven,93,93,New Haven,11/11/2022,2022,11,November,11,6,Friday,13:20:00,13,22038188,A,"Injury of any type (Serious, Minor, Possible)",C,Possible Injury (C),2,0,0,4,Local,0.79,556,SHERMAN AV,SHERMAN AV,,WHALLEY AVE,50,Feet,N,41.3168781,-72.9423077,14,Motor Vehicle in Operation,1,Front to rear,1,On Roadway,4,Rain,88,Not Applicable,1,Daylight,2,Wet,0,None,88,Not Applicable,88,Not Applicable,0,None,88,Not Applicable,88,Not Applicable,2,Intersection,2,Four-Way Intersection,1,No,1,No,88,Not Applicable,88,Not Applicable,88,Not Applicable,88,Not Applicable,FALSE,1,Public Road,1,"Trafficway, On Road",CT0009300,New Haven PD,349,44:47.0,C,Closed,00:52.0,,,,,,,
992679,1,Complete,992679,992679,41.321349,-72.875976,3487870,New Haven,93,93,New Haven,11/11/2022,2022,11,November,11,6,Friday,14:33:00,14,22038194,A,"Injury of any type (Serious, Minor, Possible)",C,Possible Injury (C),2,0,0,,,,,,FOXON BLVD,,QUINNIPIAC AVE,100,Feet,W,41.321349,-72.875976,14,Motor Vehicle in Operation,1,Front to rear,1,On Roadway,4,Rain,88,Not Applicable,1,Daylight,2,Wet,0,None,88,Not Applicable,88,Not Applicable,0,None,88,Not Applicable,88,Not Applicable,1,Non-Junction,1,Not at Intersection,1,No,1,No,88,Not Applicable,88,Not Applicable,88,Not Applicable,88,Not Applicable,FALSE,2,Private Road,2,"Trafficway, Not on Road",CT0009300,New Haven PD,42057,17:37.0,C,Closed,01:17.0,,,,,,,
992680,1,Complete,992680,992680,41.310893,-72.917028,3487871,New Haven,93,93,New Haven,11/11/2022,2022,11,November,11,6,Friday,14:24:00,14,22038200,A,"Injury of any type (Serious, Minor, Possible)",C,Possible Injury (C),2,0,0,4,Local,0.82,575,STATE ST,STATE ST,,TRUMBULL ST,100,Feet,N,41.310893,-72.917028,14,Motor Vehicle in Operation,1,Front to rear,1,On Roadway,4,Rain,2,Cloudy,1,Daylight,2,Wet,1,Weather Conditions,88,Not Applicable,88,Not Applicable,0,None,88,Not Applicable,88,Not Applicable,2,Intersection,4,Y-Intersection,1,No,1,No,88,Not Applicable,88,Not Applicable,88,Not Applicable,88,Not Applicable,TRUE,1,Public Road,1,"Trafficway, On Road",CT0009300,New Haven PD,165,59:37.0,C,Closed,00:57.0,,,,,,,
992682,1,Complete,992682,992682,41.307486,-72.918496,3487873,New Haven,93,93,New Haven,11/11/2022,2022,11,November,11,6,Friday,16:56:00,16,22038227,A,"Injury of any type (Serious, Minor, Possible)",C,Possible Injury (C),1,1,1,4,Local,1.71,264,GRAND AV,GRAND AV,,OLIVE ST,100,Feet,E,41.307486,-72.918496,9,Pedestrian,88,Not Applicable,1,On Roadway,4,Rain,2,Cloudy,4,Dark-Lighted,2,Wet,99,Unknown,88,Not Applicable,88,Not Applicable,0,None,88,Not Applicable,88,Not Applicable,1,Non-Junction,1,Not at Intersection,1,No,1,No,88,Not Applicable,88,Not Applicable,88,Not Applicable,88,Not Applicable,TRUE,1,Public Road,1,"Trafficway, On Road",CT0009300,New Haven PD,165,01:40.0,O,Open,00:57.0,,2,9100,4,MINOR ARTERIAL - NEW HPMS,2,Urban
992692,1,Complete,992692,992692,41.3240172,-72.8816985,3487883,New Haven,93,93,New Haven,11/12/2022,2022,11,November,12,7,Saturday,2:05:00,2,22038279,A,"Injury of any type (Serious, Minor, Possible)",C,Possible Injury (C),2,0,0,3,State,0.22,17,17-N,17-N,80-W,,,,,41.3240172,-72.8816985,14,Motor Vehicle in Operation,3,Angle,1,On Roadway,2,Cloudy,88,Not Applicable,4,Dark-Lighted,2,Wet,1,Weather Conditions,88,Not Applicable,88,Not Applicable,0,None,88,Not Applicable,88,Not Applicable,2,Intersection,2,Four-Way Intersection,1,No,1,No,88,Not Applicable,88,Not Applicable,88,Not Applicable,88,Not Applicable,FALSE,1,Public Road,1,"Trafficway, On Road",CT0009300,New Haven PD,42369,06:55.0,C,Closed,01:00.0,,1,21600,3,PRINCIPAL ARTERIAL - OTHER - NEW HPMS,1,Rural
992693,1,Complete,992693,992693,41.31265,-72.9504,3487884,New Haven,93,93,New Haven,11/12/2022,2022,11,November,12,7,Saturday,1:49:00,1,22038280,A,"Injury of any type (Serious, Minor, Possible)",B,Suspected Minor Injury (B),2,0,0,4,Local,3.14,97,CHAPEL ST,CHAPEL ST,ELLSWORTH AV,,,,,41.31265,-72.9504,14,Motor Vehicle in Operation,3,Angle,1,On Roadway,4,Rain,88,Not Applicable,5,Dark-Not Lighted,2,Wet,0,None,88,Not Applicable,88,Not Applicable,0,None,88,Not Applicable,88,Not Applicable,2,Intersection,2,Four-Way Intersection,1,No,1,No,88,Not Applicable,88,Not Applicable,88,Not Applicable,88,Not Applicable,FALSE,1,Public Road,1,"Trafficway, On Road",CT0009300,New Haven PD,38715,58:02.0,C,Closed,01:02.0,22-038280,,,,,,
992694,1,Complete,992694,992694,41.297784,-72.93753,3487885,New Haven,93,93,New Haven,11/12/2022,2022,11,November,12,7,Saturday,3:25:00,3,22038285,A,"Injury of any type (Serious, Minor, Possible)",B,Suspected Minor Injury (B),1,0,0,2,USRoute,47.22,1,1-N,1-N,WASHINGTON AV NO 1,,,,,41.297784,-72.93753,33,Utility Pole/Light Support,88,Not Applicable,1,On Roadway,4,Rain,88,Not Applicable,4,Dark-Lighted,2,Wet,1,Weather Conditions,88,Not Applicable,88,Not Applicable,5,"Road Surface Condition (wet, icy, snow, slush, etc.)",88,Not Applicable,88,Not Applicable,1,Non-Junction,1,Not at Intersection,1,No,1,No,88,Not Applicable,88,Not Applicable,88,Not Applicable,88,Not Applicable,FALSE,1,Public Road,1,"Trafficway, On Road",CT0009300,New Haven PD,44045,23:21.0,C,Closed,01:05.0,,2,8600,3,PRINCIPAL ARTERIAL - OTHER - NEW HPMS,2,Urban
992701,1,Complete,992701,992701,41.297029,-72.892639,3487892,New Haven,93,93,New Haven,11/12/2022,2022,11,November,12,7,Saturday,9:28:00,9,22038302,A,"Injury of any type (Serious, Minor, Possible)",C,Possible Injury (C),2,0,0,4,Local,0.18,210,FARREN AV,FARREN AV,FULTON ST,,,,,41.297029,-72.892639,14,Motor Vehicle in Operation,3,Angle,1,On Roadway,2,Cloudy,88,Not Applicable,1,Daylight,2,Wet,0,None,88,Not Applicable,88,Not Applicable,0,None,88,Not Applicable,88,Not Applicable,2,Intersection,2,Four-Way Intersection,1,No,1,No,88,Not Applicable,88,Not Applicable,88,Not Applicable,88,Not Applicable,FALSE,1,Public Road,1,"Trafficway, On Road",CT0009300,New Haven PD,40812,37:08.0,C,Closed,01:09.0,,,,,,,
992702,1,Complete,992702,992702,41.31115,-72.93188,3487893,New Haven,93,93,New Haven,11/12/2022,2022,11,November,12,7,Saturday,10:47:00,10,22038310,A,"Injury of any type (Serious, Minor, Possible)",C,Possible Injury (C),2,0,0,4,Local,0.01,463,PARK ST,PARK ST,,ELM ST,20,Feet,S,41.31115,-72.93188,14,Motor Vehicle in Operation,3,Angle,1,On Roadway,1,Clear,88,Not Applicable,1,Daylight,1,Dry,0,None,88,Not Applicable,88,Not Applicable,0,None,88,Not Applicable,88,Not Applicable,11,Through Roadway,1,Not at Intersection,1,No,1,No,88,Not Applicable,88,Not Applicable,88,Not Applicable,88,Not Applicable,TRUE,1,Public Road,1,"Trafficway, On Road",CT0009300,New Haven PD,40793,34:00.0,C,Closed,01:08.0,,,,,,,
993427,1,Complete,993427,993427,41.316942,-72.94312,3488618,New Haven,93,93,New Haven,11/12/2022,2022,11,November,12,7,Saturday,21:22:00,21,22038300,A,"Injury of any type (Serious, Minor, Possible)",C,Possible Injury (C),2,0,0,4,Local,0.34,653,WHALLEY AV,WHALLEY AV,,SHERMAN AVENUE,130,Feet,N,41.316942,-72.94312,14,Motor Vehicle in Operation,1,Front to rear,1,On Roadway,1,Clear,88,Not Applicable,4,Dark-Lighted,1,Dry,0,None,88,Not Applicable,88,Not Applicable,0,None,88,Not Applicable,88,Not Applicable,1,Non-Junction,1,Not at Intersection,1,No,1,No,88,Not Applicable,88,Not Applicable,88,Not Applicable,88,Not Applicable,FALSE,1,Public Road,1,"Trafficway, On Road",CT0009300,New Haven PD,42045,11:06.0,C,Closed,01:55.0,,4,21200,3,PRINCIPAL ARTERIAL - OTHER - NEW HPMS,2,Urban
993429,1,Complete,993429,993429,41.32395,-72.88149,3488620,New Haven,93,93,New Haven,11/13/2022,2022,11,November,13,1,Sunday,2:04:00,2,22038380,A,"Injury of any type (Serious, Minor, Possible)",C,Possible Injury (C),2,0,0,3,State,0.22,17,17-N,17-N,80-W,,,,,41.32395,-72.88149,14,Motor Vehicle in Operation,3,Angle,1,On Roadway,1,Clear,88,Not Applicable,4,Dark-Lighted,1,Dry,0,None,88,Not Applicable,88,Not Applicable,0,None,88,Not Applicable,88,Not Applicable,2,Intersection,2,Four-Way Intersection,1,No,1,No,88,Not Applicable,88,Not Applicable,88,Not Applicable,88,Not Applicable,FALSE,1,Public Road,1,"Trafficway, On Road",CT0009300,New Haven PD,44175,51:28.0,C,Closed,02:02.0,,1,21600,3,PRINCIPAL ARTERIAL - OTHER - NEW HPMS,1,Rural
993432,1,Complete,993432,993432,41.3153,-72.9509,3488623,New Haven,93,93,New Haven,11/14/2022,2022,11,November,14,2,Monday,12:32:00,12,22038534,A,"Injury of any type (Serious, Minor, Possible)",C,Possible Injury (C),2,0,0,3,State,2.76,10,10-N,10-N,EDGEWOOD AV,,,,,41.3153,-72.9509,14,Motor Vehicle in Operation,3,Angle,1,On Roadway,1,Clear,88,Not Applicable,1,Daylight,1,Dry,0,None,88,Not Applicable,88,Not Applicable,0,None,88,Not Applicable,88,Not Applicable,2,Intersection,2,Four-Way Intersection,1,No,1,No,88,Not Applicable,88,Not Applicable,88,Not Applicable,88,Not Applicable,FALSE,1,Public Road,1,"Trafficway, On Road",CT0009300,New Haven PD,225,56:00.0,C,Closed,02:01.0,,1,10200,3,PRINCIPAL ARTERIAL - OTHER - NEW HPMS,1,Rural
993439,1,Complete,993439,993439,41.28632,-72.93616,3488630,New Haven,93,93,New Haven,11/14/2022,2022,11,November,14,2,Monday,21:31:00,21,22038594,A,"Injury of any type (Serious, Minor, Possible)",B,Suspected Minor Injury (B),2,0,0,3,State,0.46,10,10-N,10-N,745-E,,,,,41.28632,-72.93616,14,Motor Vehicle in Operation,3,Angle,1,On Roadway,1,Clear,88,Not Applicable,4,Dark-Lighted,1,Dry,99,Unknown,88,Not Applicable,88,Not Applicable,99,Unknown,88,Not Applicable,88,Not Applicable,2,Intersection,2,Four-Way Intersection,1,No,1,No,88,Not Applicable,88,Not Applicable,88,Not Applicable,88,Not Applicable,FALSE,1,Public Road,1,"Trafficway, On Road",CT0009300,New Haven PD,40947,41:26.0,C,Closed,02:05.0,,2,18600,3,PRINCIPAL ARTERIAL - OTHER - NEW HPMS,2,Urban