CrashId,Fatal Case Status,Fatal Case Status Text Format,CrashId,CrashId,Latitude,Longitude,DOT Case Number,Town Name,Town Number,Town Number,Town Number Text Format,Date Of Crash,Year,Month,Month Text Format,Day,Day of the Week,Day of the Week Text Format,Time of Crash,Hour of the Day,Case Identifier,Crash Severity,Crash Severity Text Format,Most Severe Injury,Most Severe Injury Text Format,Number Of Motor Vehicles,Number Of Non-Motorist,Number Of Witnesses,Route Class,Route Class Text Format,Milemarker,Road Number,Road Description,Roadway Name,Intersecting Roadway Name,Landmark Description,Distance From Nearest Landmark,Unit Of Measure From Nearest Landmark,Direction From Nearest Landmark,Latitude,Longitude,First Harmful Event,First Harmful Event Text Format,Manner of Crash / Collision Impact,Manner of Crash / Collision Impact Text Format,Location of First Harmful Event,Location of First Harmful Event Text Format,Weather Condition,Weather Condition Text Format,Weather 2,Weather 2 Text Format,Light Condition,Light Condition Text Format,Road Surface Condition,Road Surface Condition Text Format,"Contributing Circumstances, Environment","Contributing Circumstances, Environment Text Format",Environment 2,Environment 2 Text Format,Environment 3,Environment 3 Text Format,"Contributing Circumstances, Road","Contributing Circumstances, Road Text Format",Road 2,Road 2 Text Format,Road 3,Road 3 Text Format,Crash Specific Location,Crash Specific Location Text Format,Type of Intersection,Type of Intersection Text Format,School Bus Related,School Bus Related Text Format,Work Zone Related,Work Zone Related Text Format,Location Of Crash Relative To Work Zone,Location Of Crash Relative To Work Zone Text Format,Type of Work Zone,Type of Work Zone Text Format,Worker Presence,Worker Presence Text Format,Law Enforcement Presence,Law Enforcement Presence Text Format,Were Vehicles Moved Prior To Police Arrival,Trafficway Ownership,Trafficway Ownership Text Format,Trafficway Class,Trafficway Class Text Format,Police Agency,Police Agency Text Format,Badge Number,Approval Date,Police Case Status,Police Case Status Text Format,Crash Report Submission Date,Related Case Identifiers,No. of Through Lanes (Log Dir.),Average Daily Traffic,Functional Classification,Functional Classification Text Format,Rural or Urban,Rural or Urban Text Format
993922,1,Complete,993922,993922,41.330438,-72.944657,3489113,New Haven,93,93,New Haven,11/14/2022,2022,11,November,14,2,Monday,15:00:00,15,22038547,A,"Injury of any type (Serious, Minor, Possible)",C,Possible Injury (C),2,0,0,4,Local,0.77,133,CRESCENT ST,CRESCENT ST,ROGER WHITE DR,,,,,41.330438,-72.944657,14,Motor Vehicle in Operation,1,Front to rear,1,On Roadway,1,Clear,88,Not Applicable,1,Daylight,1,Dry,0,None,88,Not Applicable,88,Not Applicable,0,None,88,Not Applicable,88,Not Applicable,2,Intersection,3,T-Intersection,1,No,1,No,88,Not Applicable,88,Not Applicable,88,Not Applicable,88,Not Applicable,TRUE,1,Public Road,1,"Trafficway, On Road",CT0009300,New Haven PD,760,59:46.0,C,Closed,01:38.0,NONE,,,,,,
993931,1,Complete,993931,993931,41.292591,-72.943604,3489122,New Haven,93,93,New Haven,11/3/2022,2022,11,November,3,5,Thursday,17:00:00,17,22038665,A,"Injury of any type (Serious, Minor, Possible)",C,Possible Injury (C),1,1,0,,,,,,470 ELLA T GRASSO BLVD,,FRANK ST,10,,S,41.292591,-72.943604,9,Pedestrian,88,Not Applicable,7,In Parking Lane or Zone,1,Clear,88,Not Applicable,1,Daylight,1,Dry,0,None,88,Not Applicable,88,Not Applicable,0,None,88,Not Applicable,88,Not Applicable,8,Driveway Access,1,Not at Intersection,1,No,1,No,88,Not Applicable,88,Not Applicable,88,Not Applicable,88,Not Applicable,FALSE,2,Private Road,4,Parking Lot,CT0009300,New Haven PD,42046,30:59.0,C,Closed,01:37.0,,,,,,,
993934,1,Complete,993934,993934,41.32799,-72.97604,3489125,New Haven,93,93,New Haven,11/15/2022,2022,11,November,15,3,Tuesday,16:27:00,16,22038675,A,"Injury of any type (Serious, Minor, Possible)",B,Suspected Minor Injury (B),2,0,0,3,State,5.8,243,243-E,243-E,ANTHONY ST,,,,,41.32799,-72.97604,14,Motor Vehicle in Operation,3,Angle,1,On Roadway,2,Cloudy,88,Not Applicable,3,Dusk,1,Dry,0,None,88,Not Applicable,88,Not Applicable,0,None,88,Not Applicable,88,Not Applicable,3,Intersection-Related,3,T-Intersection,1,No,1,No,88,Not Applicable,88,Not Applicable,88,Not Applicable,88,Not Applicable,TRUE,1,Public Road,1,"Trafficway, On Road",CT0009300,New Haven PD,170,14:29.0,C,Closed,01:36.0,,1,9800,4,MINOR ARTERIAL - NEW HPMS,1,Rural
994300,1,Complete,994300,994300,41.30389,-72.92028,3489491,New Haven,93,93,New Haven,10/16/2022,2022,10,October,16,1,Sunday,4:24:00,4,22034994,A,"Injury of any type (Serious, Minor, Possible)",C,Possible Injury (C),2,0,0,4,Local,1.45,97,CHAPEL ST,CHAPEL ST,,,,,,41.30389,-72.92028,14,Motor Vehicle in Operation,3,Angle,1,On Roadway,1,Clear,88,Not Applicable,4,Dark-Lighted,1,Dry,0,None,88,Not Applicable,88,Not Applicable,0,None,88,Not Applicable,88,Not Applicable,2,Intersection,2,Four-Way Intersection,1,No,1,No,88,Not Applicable,88,Not Applicable,88,Not Applicable,88,Not Applicable,FALSE,1,Public Road,1,"Trafficway, On Road",CT0009300,New Haven PD,42044,26:53.0,C,Closed,00:53.0,,2,7800,4,MINOR ARTERIAL - NEW HPMS,2,Urban
994307,1,Complete,994307,994307,41.322451,-72.878198,3489498,New Haven,93,93,New Haven,11/16/2022,2022,11,November,16,4,Wednesday,8:18:00,8,22038758,A,"Injury of any type (Serious, Minor, Possible)",C,Possible Injury (C),2,0,1,3,State,0.2,80,80-E,80-E,,MIDDLETOWN AVE,1040,Feet,E,41.322451,-72.878198,14,Motor Vehicle in Operation,3,Angle,1,On Roadway,4,Rain,88,Not Applicable,1,Daylight,2,Wet,0,None,88,Not Applicable,88,Not Applicable,3,Backup Due to Regular Congestion,88,Not Applicable,88,Not Applicable,3,Intersection-Related,5,L-Intersection,1,No,1,No,88,Not Applicable,88,Not Applicable,88,Not Applicable,88,Not Applicable,FALSE,1,Public Road,1,"Trafficway, On Road",CT0009300,New Haven PD,86,16:16.0,C,Closed,00:56.0,,3,32300,3,PRINCIPAL ARTERIAL - OTHER - NEW HPMS,2,Urban
994309,1,Complete,994309,994309,41.304852,-72.934245,3489500,New Haven,93,93,New Haven,11/16/2022,2022,11,November,16,4,Wednesday,9:50:00,9,22038765,A,"Injury of any type (Serious, Minor, Possible)",C,Possible Injury (C),2,0,1,4,Local,0.19,565,SOUTH FRONTAGE RD-RT 34,SOUTH FRONTAGE RD-RT 34,YORK ST,,,,,41.304852,-72.934245,14,Motor Vehicle in Operation,3,Angle,1,On Roadway,2,Cloudy,88,Not Applicable,1,Daylight,2,Wet,0,None,88,Not Applicable,88,Not Applicable,0,None,88,Not Applicable,88,Not Applicable,2,Intersection,2,Four-Way Intersection,1,No,1,No,88,Not Applicable,88,Not Applicable,88,Not Applicable,88,Not Applicable,FALSE,1,Public Road,1,"Trafficway, On Road",CT0009300,New Haven PD,137,25:06.0,C,Closed,00:55.0,,,,,,,
994681,1,Complete,994681,994681,41.317982,-72.911663,3489872,New Haven,93,93,New Haven,11/14/2022,2022,11,November,14,2,Monday,13:40:00,13,22038539,A,"Injury of any type (Serious, Minor, Possible)",C,Possible Injury (C),1,1,0,4,Local,0.2,358,LAWRENCE ST NO 1,LAWRENCE ST NO 1,FOSTER ST,,,,,41.317982,-72.911663,10,Pedalcycle/Pedalcyclist,3,Angle,1,On Roadway,1,Clear,88,Not Applicable,1,Daylight,1,Dry,0,None,88,Not Applicable,88,Not Applicable,0,None,88,Not Applicable,88,Not Applicable,2,Intersection,2,Four-Way Intersection,1,No,1,No,88,Not Applicable,88,Not Applicable,88,Not Applicable,88,Not Applicable,FALSE,1,Public Road,1,"Trafficway, On Road",CT0009300,New Haven PD,199,11:17.0,O,Open,00:32.0,,,,,,,
994683,1,Complete,994683,994683,41.331777,-72.973926,3489874,New Haven,93,93,New Haven,11/16/2022,2022,11,November,16,4,Wednesday,21:24:00,21,22038847,A,"Injury of any type (Serious, Minor, Possible)",C,Possible Injury (C),2,0,0,3,State,1.04,63,63-N,63-N,,ANTHONY ST,75,Feet,E,41.331777,-72.973926,14,Motor Vehicle in Operation,3,Angle,7,In Parking Lane or Zone,1,Clear,88,Not Applicable,4,Dark-Lighted,1,Dry,0,None,88,Not Applicable,88,Not Applicable,0,None,88,Not Applicable,88,Not Applicable,97,Other,1,Not at Intersection,1,No,1,No,88,Not Applicable,88,Not Applicable,88,Not Applicable,88,Not Applicable,TRUE,88,Not Applicable,4,Parking Lot,CT0009300,New Haven PD,170,28:44.0,C,Closed,00:29.0,,2,23000,3,PRINCIPAL ARTERIAL - OTHER - NEW HPMS,2,Urban
994687,1,Complete,994687,994687,41.33433,-72.93786,3489878,New Haven,93,93,New Haven,11/17/2022,2022,11,November,17,5,Thursday,16:06:00,16,22038942,A,"Injury of any type (Serious, Minor, Possible)",C,Possible Injury (C),2,0,0,4,Local,1.07,557,SHERMAN PKWY,SHERMAN PKWY,POND ST,,,,,41.33433,-72.93786,14,Motor Vehicle in Operation,1,Front to rear,1,On Roadway,1,Clear,88,Not Applicable,1,Daylight,1,Dry,0,None,88,Not Applicable,88,Not Applicable,0,None,88,Not Applicable,88,Not Applicable,2,Intersection,2,Four-Way Intersection,1,No,1,No,88,Not Applicable,88,Not Applicable,88,Not Applicable,88,Not Applicable,FALSE,1,Public Road,1,"Trafficway, On Road",CT0009300,New Haven PD,991,30:20.0,C,Closed,00:29.0,,,,,,,
994690,1,Complete,994690,994690,41.306668,-72.927239,3489881,New Haven,93,93,New Haven,11/17/2022,2022,11,November,17,5,Thursday,19:48:00,19,22038987,A,"Injury of any type (Serious, Minor, Possible)",C,Possible Injury (C),2,0,0,4,Local,1.85,97,CHAPEL ST,CHAPEL ST,,TEMPLE ST,25,Feet,W,41.306668,-72.927239,14,Motor Vehicle in Operation,1,Front to rear,1,On Roadway,1,Clear,88,Not Applicable,4,Dark-Lighted,1,Dry,0,None,88,Not Applicable,88,Not Applicable,0,None,88,Not Applicable,88,Not Applicable,1,Non-Junction,1,Not at Intersection,1,No,1,No,88,Not Applicable,88,Not Applicable,88,Not Applicable,88,Not Applicable,TRUE,1,Public Road,1,"Trafficway, On Road",CT0009300,New Haven PD,980,23:08.0,C,Closed,00:31.0,,,,,,,
994691,1,Complete,994691,994691,41.332416,-72.935122,3489882,New Haven,93,93,New Haven,11/17/2022,2022,11,November,17,5,Thursday,20:14:00,20,22038988,A,"Injury of any type (Serious, Minor, Possible)",C,Possible Injury (C),2,0,0,4,Local,1.38,152,DIXWELL AV,DIXWELL AV,BASSETT ST,,,,,41.332416,-72.935122,14,Motor Vehicle in Operation,4,"Sideswipe, same direction",1,On Roadway,1,Clear,88,Not Applicable,99,Unknown,1,Dry,0,None,88,Not Applicable,88,Not Applicable,0,None,88,Not Applicable,88,Not Applicable,3,Intersection-Related,2,Four-Way Intersection,1,No,1,No,88,Not Applicable,88,Not Applicable,88,Not Applicable,88,Not Applicable,TRUE,1,Public Road,1,"Trafficway, On Road",CT0009300,New Haven PD,30,18:41.0,C,Closed,00:31.0,NONE,,,,,,
994693,1,Complete,994693,994693,41.328402,-72.95447,3489884,New Haven,93,93,New Haven,11/17/2022,2022,11,November,17,5,Thursday,21:14:00,21,22038995,A,"Injury of any type (Serious, Minor, Possible)",A,Suspected Serious Injury (A),1,0,1,4,Local,0.64,56,BLAKE ST,BLAKE ST,,FARNHAM ST,30,Feet,E,41.328402,-72.95447,33,Utility Pole/Light Support,88,Not Applicable,1,On Roadway,1,Clear,88,Not Applicable,4,Dark-Lighted,1,Dry,0,None,88,Not Applicable,88,Not Applicable,0,None,88,Not Applicable,88,Not Applicable,1,Non-Junction,1,Not at Intersection,1,No,1,No,88,Not Applicable,88,Not Applicable,88,Not Applicable,88,Not Applicable,FALSE,1,Public Road,1,"Trafficway, On Road",CT0009300,New Haven PD,40790,08:47.0,C,Closed,00:34.0,,2,7000,5,MAJOR COLLECTOR - NEW HPMS,2,Urban
995097,1,Complete,995097,995097,41.31407202,-72.93991525,3490288,New Haven,93,93,New Haven,11/11/2022,2022,11,November,11,6,Friday,21:08:00,21,22038258,A,"Injury of any type (Serious, Minor, Possible)",B,Suspected Minor Injury (B),2,0,0,4,Local,0.9,453,ORCHARD ST,ORCHARD ST,ELM ST NO 1,,,,,41.31407202,-72.93991525,14,Motor Vehicle in Operation,3,Angle,1,On Roadway,1,Clear,88,Not Applicable,4,Dark-Lighted,1,Dry,0,None,88,Not Applicable,88,Not Applicable,0,None,88,Not Applicable,88,Not Applicable,2,Intersection,2,Four-Way Intersection,1,No,1,No,88,Not Applicable,88,Not Applicable,88,Not Applicable,88,Not Applicable,FALSE,1,Public Road,1,"Trafficway, On Road",CT0009300,New Haven PD,801,03:12.0,C,Closed,00:29.0,,,,,,,
995099,1,Complete,995099,995099,41.2972,-72.9486,3490290,New Haven,93,93,New Haven,11/13/2022,2022,11,November,13,1,Sunday,11:44:00,11,22038405,A,"Injury of any type (Serious, Minor, Possible)",C,Possible Injury (C),2,0,1,3,State,1.47,10,10-N,10-N,1-N,,,,,41.2972,-72.9486,14,Motor Vehicle in Operation,1,Front to rear,1,On Roadway,1,Clear,88,Not Applicable,1,Daylight,1,Dry,0,None,88,Not Applicable,88,Not Applicable,0,None,88,Not Applicable,88,Not Applicable,2,Intersection,2,Four-Way Intersection,1,No,1,No,88,Not Applicable,88,Not Applicable,88,Not Applicable,88,Not Applicable,TRUE,1,Public Road,1,"Trafficway, On Road",CT0009300,New Haven PD,301,08:31.0,C,Closed,00:51.0,,2,20300,3,PRINCIPAL ARTERIAL - OTHER - NEW HPMS,2,Urban
995117,1,Complete,995117,995117,41.308444,-72.912408,3490308,New Haven,93,93,New Haven,11/18/2022,2022,11,November,18,6,Friday,15:00:00,15,22039064,A,"Injury of any type (Serious, Minor, Possible)",C,Possible Injury (C),1,1,1,4,Local,1.38,264,GRAND AV,GRAND AV,HAMILTON ST NO 2,,,,,41.308444,-72.912408,11,Other Non-motorist,88,Not Applicable,1,On Roadway,1,Clear,88,Not Applicable,1,Daylight,1,Dry,0,None,88,Not Applicable,88,Not Applicable,0,None,88,Not Applicable,88,Not Applicable,2,Intersection,2,Four-Way Intersection,1,No,1,No,88,Not Applicable,88,Not Applicable,88,Not Applicable,88,Not Applicable,FALSE,1,Public Road,1,"Trafficway, On Road",CT0009300,New Haven PD,322,14:44.0,C,Closed,00:40.0,,2,9100,4,MINOR ARTERIAL - NEW HPMS,2,Urban
995123,1,Complete,995123,995123,41.3,-72.95,3490314,New Haven,93,93,New Haven,11/18/2022,2022,11,November,18,6,Friday,15:00:00,15,22039086,A,"Injury of any type (Serious, Minor, Possible)",C,Possible Injury (C),2,0,0,3,State,1.65,10,10-N,10-N,,LEGION AVE,5,TenthsofMile,S,41.3,-72.95,14,Motor Vehicle in Operation,4,"Sideswipe, same direction",1,On Roadway,1,Clear,88,Not Applicable,1,Daylight,1,Dry,0,None,88,Not Applicable,88,Not Applicable,8,Work Zone (construction / maintenance / utility),88,Not Applicable,88,Not Applicable,1,Non-Junction,1,Not at Intersection,1,No,2,Yes,99,Unknown,2,Lane Shift / Crossover,99,Unknown,99,Unknown,TRUE,1,Public Road,1,"Trafficway, On Road",CT0009300,New Haven PD,40818,31:28.0,C,Closed,00:33.0,,2,20800,3,PRINCIPAL ARTERIAL - OTHER - NEW HPMS,2,Urban
995930,1,Complete,995930,995930,41.334662,-72.935206,3491121,New Haven,93,93,New Haven,11/17/2022,2022,11,November,17,5,Thursday,12:58:00,12,22038925,A,"Injury of any type (Serious, Minor, Possible)",C,Possible Injury (C),2,0,0,4,Local,1.54,152,DIXWELL AV,DIXWELL AV,,ELIZABETH ST,20,Feet,S,41.334662,-72.935206,14,Motor Vehicle in Operation,1,Front to rear,1,On Roadway,1,Clear,88,Not Applicable,1,Daylight,1,Dry,1,Weather Conditions,88,Not Applicable,88,Not Applicable,0,None,88,Not Applicable,88,Not Applicable,1,Non-Junction,1,Not at Intersection,1,No,1,No,88,Not Applicable,88,Not Applicable,88,Not Applicable,88,Not Applicable,FALSE,1,Public Road,1,"Trafficway, On Road",CT0009300,New Haven PD,87,06:43.0,C,Closed,01:26.0,,,,,,,
995935,1,Complete,995935,995935,41.313075,-72.921804,3491126,New Haven,93,93,New Haven,11/21/2022,2022,11,November,21,2,Monday,7:26:00,7,22039315,A,"Injury of any type (Serious, Minor, Possible)",C,Possible Injury (C),2,0,1,4,Local,0.18,656,WHITNEY AV,WHITNEY AV,,,,,,41.313075,-72.921804,14,Motor Vehicle in Operation,3,Angle,1,On Roadway,1,Clear,88,Not Applicable,1,Daylight,1,Dry,0,None,88,Not Applicable,88,Not Applicable,0,None,88,Not Applicable,88,Not Applicable,2,Intersection,2,Four-Way Intersection,1,No,1,No,88,Not Applicable,88,Not Applicable,88,Not Applicable,88,Not Applicable,FALSE,1,Public Road,1,"Trafficway, On Road",CT0009300,New Haven PD,87,38:06.0,C,Closed,01:28.0,,,,,,,
995937,1,Complete,995937,995937,41.306763,-72.946201,3491128,New Haven,93,93,New Haven,11/21/2022,2022,11,November,21,2,Monday,7:39:00,7,22039320,A,"Injury of any type (Serious, Minor, Possible)",C,Possible Injury (C),2,0,0,4,Local,1.23,809,REV DR MLK JR BLVD,REV DR MLK JR BLVD,SHERMAN AV,,,,,41.306763,-72.946201,14,Motor Vehicle in Operation,1,Front to rear,1,On Roadway,1,Clear,88,Not Applicable,1,Daylight,1,Dry,0,None,88,Not Applicable,88,Not Applicable,0,None,88,Not Applicable,88,Not Applicable,2,Intersection,2,Four-Way Intersection,1,No,1,No,88,Not Applicable,88,Not Applicable,88,Not Applicable,88,Not Applicable,FALSE,1,Public Road,1,"Trafficway, On Road",CT0009300,New Haven PD,324,41:56.0,C,Closed,01:29.0,,,,,,,
995938,1,Complete,995938,995938,41.321,-72.909355,3491129,New Haven,93,93,New Haven,11/21/2022,2022,11,November,21,2,Monday,8:49:00,8,22039323,A,"Injury of any type (Serious, Minor, Possible)",C,Possible Injury (C),2,0,0,4,Local,0.49,666,WILLOW ST,WILLOW ST,FOSTER ST,,,,,41.321,-72.909355,14,Motor Vehicle in Operation,3,Angle,1,On Roadway,1,Clear,88,Not Applicable,1,Daylight,1,Dry,0,None,88,Not Applicable,88,Not Applicable,0,None,88,Not Applicable,88,Not Applicable,2,Intersection,2,Four-Way Intersection,1,No,1,No,88,Not Applicable,88,Not Applicable,88,Not Applicable,88,Not Applicable,TRUE,1,Public Road,1,"Trafficway, On Road",CT0009300,New Haven PD,40790,33:22.0,C,Closed,01:28.0,,,,,,,
995941,1,Complete,995941,995941,41.31844,-72.9413,3491132,New Haven,93,93,New Haven,11/21/2022,2022,11,November,21,2,Monday,9:46:00,9,22039336,A,"Injury of any type (Serious, Minor, Possible)",C,Possible Injury (C),1,1,0,4,Local,0.91,556,SHERMAN AV,SHERMAN AV,PERCIVAL ST,,,,,41.31844,-72.9413,14,Motor Vehicle in Operation,1,Front to rear,1,On Roadway,1,Clear,88,Not Applicable,1,Daylight,1,Dry,0,None,88,Not Applicable,88,Not Applicable,0,None,88,Not Applicable,88,Not Applicable,2,Intersection,3,T-Intersection,1,No,1,No,88,Not Applicable,88,Not Applicable,88,Not Applicable,88,Not Applicable,FALSE,1,Public Road,1,"Trafficway, On Road",CT0009300,New Haven PD,238,08:40.0,C,Closed,01:31.0,,,,,,,
995942,1,Complete,995942,995942,41.314416,-72.951368,3491133,New Haven,93,93,New Haven,11/21/2022,2022,11,November,21,2,Monday,12:08:00,12,22039372,A,"Injury of any type (Serious, Minor, Possible)",C,Possible Injury (C),2,0,0,3,State,2.7,10,10-N,10-N,,EDGEWOOD AVE,100,Feet,S,41.314416,-72.951368,14,Motor Vehicle in Operation,1,Front to rear,1,On Roadway,1,Clear,88,Not Applicable,1,Daylight,1,Dry,0,None,88,Not Applicable,88,Not Applicable,0,None,88,Not Applicable,88,Not Applicable,1,Non-Junction,1,Not at Intersection,1,No,1,No,88,Not Applicable,88,Not Applicable,88,Not Applicable,88,Not Applicable,FALSE,1,Public Road,1,"Trafficway, On Road",CT0009300,New Haven PD,9,27:58.0,C,Closed,01:26.0,,1,16900,3,PRINCIPAL ARTERIAL - OTHER - NEW HPMS,1,Rural
995943,1,Complete,995943,995943,41.327525,-72.935158,3491134,New Haven,93,93,New Haven,11/21/2022,2022,11,November,21,2,Monday,14:35:00,14,22039388,A,"Injury of any type (Serious, Minor, Possible)",C,Possible Injury (C),2,0,0,4,Local,1.04,152,DIXWELL AV,DIXWELL AV,HARDING PL,,,,,41.327525,-72.935158,14,Motor Vehicle in Operation,1,Front to rear,1,On Roadway,1,Clear,88,Not Applicable,1,Daylight,1,Dry,0,None,88,Not Applicable,88,Not Applicable,0,None,88,Not Applicable,88,Not Applicable,3,Intersection-Related,3,T-Intersection,1,No,1,No,88,Not Applicable,88,Not Applicable,88,Not Applicable,88,Not Applicable,TRUE,1,Public Road,1,"Trafficway, On Road",CT0009300,New Haven PD,40790,33:57.0,C,Closed,01:32.0,,,,,,,
996295,1,Complete,996295,996295,41.314939,-72.945663,3491486,New Haven,93,93,New Haven,11/21/2022,2022,11,November,21,2,Monday,16:18:00,16,22039406,A,"Injury of any type (Serious, Minor, Possible)",C,Possible Injury (C),2,0,0,4,Local,0.12,393,MAPLE ST,MAPLE ST,WINTHROP AV NO 2,,,,,41.314939,-72.945663,14,Motor Vehicle in Operation,3,Angle,1,On Roadway,1,Clear,88,Not Applicable,1,Daylight,1,Dry,0,None,88,Not Applicable,88,Not Applicable,0,None,88,Not Applicable,88,Not Applicable,2,Intersection,2,Four-Way Intersection,1,No,1,No,88,Not Applicable,88,Not Applicable,88,Not Applicable,88,Not Applicable,FALSE,1,Public Road,1,"Trafficway, On Road",CT0009300,New Haven PD,9,18:12.0,C,Closed,00:59.0,,,,,,,
996300,1,Complete,996300,996300,41.29362,-72.89785,3491491,New Haven,93,93,New Haven,11/22/2022,2022,11,November,22,3,Tuesday,9:55:00,9,22039582,A,"Injury of any type (Serious, Minor, Possible)",C,Possible Injury (C),2,0,0,2,USRoute,49.82,1,1-N,1-N,FULTON TER,,,,,41.29362,-72.89785,14,Motor Vehicle in Operation,4,"Sideswipe, same direction",1,On Roadway,1,Clear,88,Not Applicable,1,Daylight,1,Dry,0,None,88,Not Applicable,88,Not Applicable,0,None,88,Not Applicable,88,Not Applicable,2,Intersection,2,Four-Way Intersection,1,No,1,No,88,Not Applicable,88,Not Applicable,88,Not Applicable,88,Not Applicable,FALSE,1,Public Road,1,"Trafficway, On Road",CT0009300,New Haven PD,65,58:43.0,C,Closed,00:55.0,,2,9400,3,PRINCIPAL ARTERIAL - OTHER - NEW HPMS,2,Urban
996308,1,Complete,996308,996308,41.32098,-72.87456,3491499,New Haven,93,93,New Haven,11/22/2022,2022,11,November,22,3,Tuesday,19:09:00,19,22039690,A,"Injury of any type (Serious, Minor, Possible)",C,Possible Injury (C),2,0,0,3,State,0.44,80,80-E,80-E,QUINNIPIAC AV,,,,,41.32098,-72.87456,14,Motor Vehicle in Operation,3,Angle,1,On Roadway,1,Clear,88,Not Applicable,4,Dark-Lighted,1,Dry,99,Unknown,88,Not Applicable,88,Not Applicable,97,Other,88,Not Applicable,88,Not Applicable,2,Intersection,2,Four-Way Intersection,1,No,1,No,88,Not Applicable,88,Not Applicable,88,Not Applicable,88,Not Applicable,FALSE,1,Public Road,1,"Trafficway, On Road",CT0009300,New Haven PD,44056,14:28.0,C,Closed,01:03.0,,2,32300,3,PRINCIPAL ARTERIAL - OTHER - NEW HPMS,2,Urban
996618,1,Complete,996618,996618,41.298842,-72.919211,3491809,New Haven,93,93,New Haven,11/23/2022,2022,11,November,23,4,Wednesday,7:28:00,7,22039728,A,"Injury of any type (Serious, Minor, Possible)",B,Suspected Minor Injury (B),2,0,0,4,Local,0.16,692,BREWERY ST,BREWERY ST,,Sargent Dr,75,Feet,S,41.298842,-72.919211,14,Motor Vehicle in Operation,1,Front to rear,1,On Roadway,1,Clear,88,Not Applicable,1,Daylight,1,Dry,0,None,88,Not Applicable,88,Not Applicable,0,None,88,Not Applicable,88,Not Applicable,1,Non-Junction,1,Not at Intersection,1,No,1,No,88,Not Applicable,88,Not Applicable,88,Not Applicable,88,Not Applicable,FALSE,1,Public Road,1,"Trafficway, On Road",CT0009300,New Haven PD,40812,19:24.0,C,Closed,00:20.0,,,,,,,
996622,1,Complete,996622,996622,41.29677,-72.891461,3491813,New Haven,93,93,New Haven,11/23/2022,2022,11,November,23,4,Wednesday,10:00:00,10,22039742,A,"Injury of any type (Serious, Minor, Possible)",C,Possible Injury (C),2,0,0,4,Local,0.26,498,QUINNIPIAC AV,QUINNIPIAC AV,,FULTON ST,220,Feet,S,41.29677,-72.891461,14,Motor Vehicle in Operation,2,Front to front,1,On Roadway,1,Clear,88,Not Applicable,1,Daylight,1,Dry,0,None,88,Not Applicable,88,Not Applicable,0,None,88,Not Applicable,88,Not Applicable,1,Non-Junction,1,Not at Intersection,1,No,1,No,88,Not Applicable,88,Not Applicable,88,Not Applicable,88,Not Applicable,FALSE,1,Public Road,1,"Trafficway, On Road",CT0009300,New Haven PD,42049,43:35.0,C,Closed,00:24.0,,,,,,,
996626,1,Complete,996626,996626,41.31749,-72.90143,3491817,New Haven,93,93,New Haven,11/23/2022,2022,11,November,23,4,Wednesday,15:33:00,15,22039809,A,"Injury of any type (Serious, Minor, Possible)",C,Possible Injury (C),2,0,1,4,Local,0,666,WILLOW ST,WILLOW ST,5-N,,,,,41.31749,-72.90143,14,Motor Vehicle in Operation,3,Angle,1,On Roadway,1,Clear,88,Not Applicable,1,Daylight,1,Dry,0,None,88,Not Applicable,88,Not Applicable,0,None,88,Not Applicable,88,Not Applicable,2,Intersection,2,Four-Way Intersection,1,No,1,No,88,Not Applicable,88,Not Applicable,88,Not Applicable,88,Not Applicable,FALSE,1,Public Road,1,"Trafficway, On Road",CT0009300,New Haven PD,83,56:52.0,C,Closed,00:27.0,,,,,,,
996816,1,Complete,996816,996816,41.329942,-72.944585,3492007,New Haven,93,93,New Haven,11/23/2022,2022,11,November,23,4,Wednesday,21:41:00,21,22039874,A,"Injury of any type (Serious, Minor, Possible)",C,Possible Injury (C),2,0,0,4,Local,0.78,690,ELLA T GRASSO BLVD,ELLA T GRASSO BLVD,,CRESCENT ST,100,Feet,S,41.329942,-72.944585,14,Motor Vehicle in Operation,1,Front to rear,1,On Roadway,1,Clear,88,Not Applicable,4,Dark-Lighted,1,Dry,0,None,88,Not Applicable,88,Not Applicable,0,None,88,Not Applicable,88,Not Applicable,1,Non-Junction,1,Not at Intersection,1,No,1,No,88,Not Applicable,88,Not Applicable,88,Not Applicable,88,Not Applicable,FALSE,1,Public Road,1,"Trafficway, On Road",CT0009300,New Haven PD,9,21:29.0,C,Closed,01:51.0,,,,,,,
997188,1,Complete,997188,997188,41.294184,-72.933487,3492379,New Haven,93,93,New Haven,11/20/2022,2022,11,November,20,1,Sunday,13:59:00,13,22039266,A,"Injury of any type (Serious, Minor, Possible)",C,Possible Injury (C),2,0,0,4,Local,0.31,571,SPRING ST,SPRING ST,,HOWARD AVE,100,Feet,W,41.294184,-72.933487,14,Motor Vehicle in Operation,1,Front to rear,1,On Roadway,1,Clear,88,Not Applicable,1,Daylight,1,Dry,0,None,88,Not Applicable,88,Not Applicable,0,None,88,Not Applicable,88,Not Applicable,2,Intersection,2,Four-Way Intersection,1,No,1,No,88,Not Applicable,88,Not Applicable,88,Not Applicable,88,Not Applicable,TRUE,1,Public Road,1,"Trafficway, On Road",CT0009300,New Haven PD,295,32:10.0,C,Closed,01:34.0,,,,,,,