CrashId,Fatal Case Status,Fatal Case Status Text Format,CrashId,CrashId,Latitude,Longitude,DOT Case Number,Town Name,Town Number,Town Number,Town Number Text Format,Date Of Crash,Year,Month,Month Text Format,Day,Day of the Week,Day of the Week Text Format,Time of Crash,Hour of the Day,Case Identifier,Crash Severity,Crash Severity Text Format,Most Severe Injury,Most Severe Injury Text Format,Number Of Motor Vehicles,Number Of Non-Motorist,Number Of Witnesses,Route Class,Route Class Text Format,Milemarker,Road Number,Road Description,Roadway Name,Intersecting Roadway Name,Landmark Description,Distance From Nearest Landmark,Unit Of Measure From Nearest Landmark,Direction From Nearest Landmark,Latitude,Longitude,First Harmful Event,First Harmful Event Text Format,Manner of Crash / Collision Impact,Manner of Crash / Collision Impact Text Format,Location of First Harmful Event,Location of First Harmful Event Text Format,Weather Condition,Weather Condition Text Format,Weather 2,Weather 2 Text Format,Light Condition,Light Condition Text Format,Road Surface Condition,Road Surface Condition Text Format,"Contributing Circumstances, Environment","Contributing Circumstances, Environment Text Format",Environment 2,Environment 2 Text Format,Environment 3,Environment 3 Text Format,"Contributing Circumstances, Road","Contributing Circumstances, Road Text Format",Road 2,Road 2 Text Format,Road 3,Road 3 Text Format,Crash Specific Location,Crash Specific Location Text Format,Type of Intersection,Type of Intersection Text Format,School Bus Related,School Bus Related Text Format,Work Zone Related,Work Zone Related Text Format,Location Of Crash Relative To Work Zone,Location Of Crash Relative To Work Zone Text Format,Type of Work Zone,Type of Work Zone Text Format,Worker Presence,Worker Presence Text Format,Law Enforcement Presence,Law Enforcement Presence Text Format,Were Vehicles Moved Prior To Police Arrival,Trafficway Ownership,Trafficway Ownership Text Format,Trafficway Class,Trafficway Class Text Format,Police Agency,Police Agency Text Format,Badge Number,Approval Date,Police Case Status,Police Case Status Text Format,Crash Report Submission Date,Related Case Identifiers,No. of Through Lanes (Log Dir.),Average Daily Traffic,Functional Classification,Functional Classification Text Format,Rural or Urban,Rural or Urban Text Format
1000106,1,Complete,1000106,1000106,41.31964,-72.940528,3494305,New Haven,93,93,New Haven,12/1/2022,2022,12,December,1,5,Thursday,23:00:00,23,22041090,A,"Injury of any type (Serious, Minor, Possible)",C,Possible Injury (C),2,0,0,4,Local,0.99,556,SHERMAN AV,SHERMAN AV,,,,,,41.31964,-72.940528,14,Motor Vehicle in Operation,1,Front to rear,1,On Roadway,99,Unknown,88,Not Applicable,4,Dark-Lighted,99,Unknown,99,Unknown,88,Not Applicable,88,Not Applicable,99,Unknown,88,Not Applicable,88,Not Applicable,3,Intersection-Related,2,Four-Way Intersection,1,No,1,No,88,Not Applicable,88,Not Applicable,88,Not Applicable,88,Not Applicable,TRUE,1,Public Road,1,"Trafficway, On Road",CT0009300,New Haven PD,359,32:33.0,C,Closed,01:48.0,,,,,,,
1000111,1,Complete,1000111,1000111,41.32136,-72.87558,3494310,New Haven,93,93,New Haven,12/4/2022,2022,12,December,4,1,Sunday,18:06:00,18,22041134,A,"Injury of any type (Serious, Minor, Possible)",C,Possible Injury (C),2,0,0,3,State,0.35,80,80-E,80-E,,QUINNIPAIAC AVE,450,Feet,W,41.32136,-72.87558,14,Motor Vehicle in Operation,1,Front to rear,1,On Roadway,1,Clear,88,Not Applicable,4,Dark-Lighted,1,Dry,0,None,88,Not Applicable,88,Not Applicable,0,None,88,Not Applicable,88,Not Applicable,1,Non-Junction,1,Not at Intersection,1,No,1,No,88,Not Applicable,88,Not Applicable,88,Not Applicable,88,Not Applicable,TRUE,1,Public Road,1,"Trafficway, On Road",CT0009300,New Haven PD,409,25:42.0,C,Closed,01:51.0,,2,32300,3,PRINCIPAL ARTERIAL - OTHER - NEW HPMS,2,Urban
1000112,1,Complete,1000112,1000112,41.284838,-72.936533,3494311,New Haven,93,93,New Haven,12/4/2022,2022,12,December,4,1,Sunday,20:08:00,20,22041150,A,"Injury of any type (Serious, Minor, Possible)",C,Possible Injury (C),2,0,0,,,,,,KIMBERLY AVE,,ELLA T GRASSO BLVD,500,Feet,E,41.284838,-72.936533,14,Motor Vehicle in Operation,4,"Sideswipe, same direction",8,"Off Roadway,  Location Unknown",1,Clear,88,Not Applicable,4,Dark-Lighted,1,Dry,0,None,88,Not Applicable,88,Not Applicable,0,None,88,Not Applicable,88,Not Applicable,97,Other,1,Not at Intersection,1,No,1,No,88,Not Applicable,88,Not Applicable,88,Not Applicable,88,Not Applicable,FALSE,2,Private Road,4,Parking Lot,CT0009300,New Haven PD,40818,46:21.0,O,Open,01:53.0,,,,,,,
1000113,1,Complete,1000113,1000113,41.313931,-72.935002,3494312,New Haven,93,93,New Haven,12/4/2022,2022,12,December,4,1,Sunday,20:17:00,20,22041151,A,"Injury of any type (Serious, Minor, Possible)",B,Suspected Minor Injury (B),1,1,0,4,Local,0.81,653,WHALLEY AV,WHALLEY AV,,Dwight St,275,Feet,W,41.313931,-72.935002,9,Pedestrian,88,Not Applicable,1,On Roadway,1,Clear,88,Not Applicable,5,Dark-Not Lighted,1,Dry,97,Other,88,Not Applicable,88,Not Applicable,97,Other,88,Not Applicable,88,Not Applicable,1,Non-Junction,1,Not at Intersection,1,No,1,No,88,Not Applicable,88,Not Applicable,88,Not Applicable,88,Not Applicable,FALSE,1,Public Road,1,"Trafficway, On Road",CT0009300,New Haven PD,44045,55:59.0,C,Closed,01:53.0,,4,21100,3,PRINCIPAL ARTERIAL - OTHER - NEW HPMS,2,Urban
1001011,1,Complete,1001011,1001011,41.324488,-72.963401,3495210,New Haven,93,93,New Haven,8/15/2022,2022,8,August,15,2,Monday,17:07:00,17,22027592,A,"Injury of any type (Serious, Minor, Possible)",A,Suspected Serious Injury (A),1,1,1,4,Local,0.14,6,ALDEN AV,ALDEN AV,WILLARD ST,,,,,41.324488,-72.963401,14,Motor Vehicle in Operation,3,Angle,1,On Roadway,1,Clear,88,Not Applicable,1,Daylight,1,Dry,99,Unknown,88,Not Applicable,88,Not Applicable,99,Unknown,88,Not Applicable,88,Not Applicable,2,Intersection,2,Four-Way Intersection,1,No,1,No,88,Not Applicable,88,Not Applicable,88,Not Applicable,88,Not Applicable,TRUE,1,Public Road,1,"Trafficway, On Road",CT0009300,New Haven PD,402,09:59.0,O,Open,01:45.0,,,,,,,
1001018,1,Complete,1001018,1001018,41.311358,-72.944604,3495217,New Haven,93,93,New Haven,12/5/2022,2022,12,December,5,2,Monday,7:43:00,7,22041174,A,"Injury of any type (Serious, Minor, Possible)",C,Possible Injury (C),1,1,0,4,Local,2.82,97,CHAPEL ST,CHAPEL ST,SHERMAN AV,,,,,41.311358,-72.944604,9,Pedestrian,88,Not Applicable,1,On Roadway,1,Clear,88,Not Applicable,1,Daylight,1,Dry,0,None,88,Not Applicable,88,Not Applicable,0,None,88,Not Applicable,88,Not Applicable,2,Intersection,2,Four-Way Intersection,1,No,1,No,88,Not Applicable,88,Not Applicable,88,Not Applicable,88,Not Applicable,FALSE,1,Public Road,1,"Trafficway, On Road",CT0009300,New Haven PD,91,11:55.0,C,Closed,01:39.0,,2,10900,4,MINOR ARTERIAL - NEW HPMS,2,Urban
1001020,1,Complete,1001020,1001020,41.331324,-72.917143,3495219,New Haven,93,93,New Haven,12/5/2022,2022,12,December,5,2,Monday,12:51:00,12,22041212,A,"Injury of any type (Serious, Minor, Possible)",C,Possible Injury (C),2,0,0,4,Local,0.45,171,EAST ROCK RD,EAST ROCK RD,EDGEHILL RD,,,,,41.331324,-72.917143,14,Motor Vehicle in Operation,2,Front to front,1,On Roadway,1,Clear,88,Not Applicable,1,Daylight,1,Dry,0,None,88,Not Applicable,88,Not Applicable,0,None,88,Not Applicable,88,Not Applicable,2,Intersection,2,Four-Way Intersection,1,No,1,No,88,Not Applicable,88,Not Applicable,88,Not Applicable,88,Not Applicable,FALSE,1,Public Road,1,"Trafficway, On Road",CT0009300,New Haven PD,42057,32:24.0,C,Closed,01:43.0,,,,,,,
1001023,1,Complete,1001023,1001023,41.318238,-72.914721,3495222,New Haven,93,93,New Haven,12/5/2022,2022,12,December,5,2,Monday,17:17:00,17,22041253,A,"Injury of any type (Serious, Minor, Possible)",C,Possible Injury (C),2,0,1,4,Local,0.71,450,ORANGE ST NO 1,ORANGE ST NO 1,EDWARDS ST,,,,,41.318238,-72.914721,14,Motor Vehicle in Operation,3,Angle,1,On Roadway,1,Clear,88,Not Applicable,4,Dark-Lighted,1,Dry,0,None,88,Not Applicable,88,Not Applicable,0,None,88,Not Applicable,88,Not Applicable,2,Intersection,2,Four-Way Intersection,1,No,1,No,88,Not Applicable,88,Not Applicable,88,Not Applicable,88,Not Applicable,FALSE,1,Public Road,1,"Trafficway, On Road",CT0009300,New Haven PD,476,46:22.0,C,Closed,01:44.0,,,,,,,
1001350,1,Complete,1001350,1001350,41.3107,-72.9231,3495549,New Haven,93,93,New Haven,11/30/2022,2022,11,November,30,4,Wednesday,9:41:00,9,22041321,A,"Injury of any type (Serious, Minor, Possible)",C,Possible Injury (C),1,1,0,4,Local,0.21,271,GROVE ST,GROVE ST,,TEMPLE ST,209,Feet,E,41.3107,-72.9231,9,Pedestrian,88,Not Applicable,8,"Off Roadway,  Location Unknown",1,Clear,88,Not Applicable,1,Daylight,1,Dry,0,None,88,Not Applicable,88,Not Applicable,0,None,88,Not Applicable,88,Not Applicable,1,Non-Junction,1,Not at Intersection,1,No,1,No,88,Not Applicable,88,Not Applicable,88,Not Applicable,88,Not Applicable,TRUE,1,Public Road,1,"Trafficway, On Road",CT0009300,New Haven PD,40790,52:08.0,C,Closed,00:45.0,,4,7700,3,PRINCIPAL ARTERIAL - OTHER - NEW HPMS,2,Urban
1001357,1,Complete,1001357,1001357,41.31069,-72.91734,3495556,New Haven,93,93,New Haven,12/6/2022,2022,12,December,6,3,Tuesday,18:14:00,18,22041424,A,"Injury of any type (Serious, Minor, Possible)",C,Possible Injury (C),2,0,0,1,Interstate,0,91,91-N-135,91-N-135,STATE ST,,,,,41.31069,-72.91734,14,Motor Vehicle in Operation,3,Angle,1,On Roadway,4,Rain,88,Not Applicable,4,Dark-Lighted,2,Wet,0,None,88,Not Applicable,88,Not Applicable,0,None,88,Not Applicable,88,Not Applicable,2,Intersection,2,Four-Way Intersection,1,No,1,No,88,Not Applicable,88,Not Applicable,88,Not Applicable,88,Not Applicable,FALSE,1,Public Road,1,"Trafficway, On Road",CT0009300,New Haven PD,40790,15:56.0,C,Closed,00:51.0,,2,28800,1,INTERSTATE - NEW HPMS,2,Urban
1001728,1,Complete,1001728,1001728,41.30063179,-72.94328761,3495927,New Haven,93,93,New Haven,12/6/2022,2022,12,December,6,3,Tuesday,13:00:00,13,22041365,A,"Injury of any type (Serious, Minor, Possible)",C,Possible Injury (C),2,1,0,4,Local,0.31,141,DAVENPORT AV,WINTHROP AV NO 1,,DAVENPORT AV,25,Feet,N,41.30063179,-72.94328761,14,Motor Vehicle in Operation,1,Front to rear,7,In Parking Lane or Zone,1,Clear,1,Clear,1,Daylight,1,Dry,0,None,88,Not Applicable,88,Not Applicable,0,None,88,Not Applicable,88,Not Applicable,3,Intersection-Related,3,T-Intersection,1,No,1,No,88,Not Applicable,88,Not Applicable,88,Not Applicable,88,Not Applicable,TRUE,1,Public Road,1,"Trafficway, On Road",CT0009300,New Haven PD,301,55:17.0,C,Closed,00:31.0,,,,,,,
1001729,1,Complete,1001729,1001729,41.334406,-72.947204,3495928,New Haven,93,93,New Haven,12/7/2022,2022,12,December,7,4,Wednesday,17:03:00,17,22041403,A,"Injury of any type (Serious, Minor, Possible)",C,Possible Injury (C),2,0,0,3,State,4.46,10,10-N,10-N,,Pine Rock Ave ,50,Feet,E,41.334406,-72.947204,14,Motor Vehicle in Operation,4,"Sideswipe, same direction",1,On Roadway,4,Rain,88,Not Applicable,4,Dark-Lighted,2,Wet,0,None,88,Not Applicable,88,Not Applicable,0,None,88,Not Applicable,88,Not Applicable,1,Non-Junction,1,Not at Intersection,1,No,1,No,88,Not Applicable,88,Not Applicable,88,Not Applicable,88,Not Applicable,TRUE,1,Public Road,1,"Trafficway, On Road",CT0009300,New Haven PD,281,53:34.0,C,Closed,00:30.0,,2,10700,4,MINOR ARTERIAL - NEW HPMS,1,Rural
1001730,1,Complete,1001730,1001730,41.30771,-72.93664,3495929,New Haven,93,93,New Haven,12/6/2022,2022,12,December,6,3,Tuesday,20:07:00,20,22041447,A,"Injury of any type (Serious, Minor, Possible)",B,Suspected Minor Injury (B),3,0,0,4,Local,0.12,310,HOWE ST,HOWE ST,GEORGE ST,,,,,41.30771,-72.93664,14,Motor Vehicle in Operation,3,Angle,1,On Roadway,4,Rain,88,Not Applicable,4,Dark-Lighted,2,Wet,1,Weather Conditions,88,Not Applicable,88,Not Applicable,0,None,88,Not Applicable,88,Not Applicable,2,Intersection,2,Four-Way Intersection,1,No,1,No,88,Not Applicable,88,Not Applicable,88,Not Applicable,88,Not Applicable,TRUE,1,Public Road,1,"Trafficway, On Road",CT0009300,New Haven PD,44046,23:40.0,C,Closed,00:35.0,,,,,,,
1001735,1,Complete,1001735,1001735,41.28884,-72.92271,3495934,New Haven,93,93,New Haven,12/7/2022,2022,12,December,7,4,Wednesday,16:42:00,16,22041532,A,"Injury of any type (Serious, Minor, Possible)",C,Possible Injury (C),3,0,0,4,Local,0.26,513,LONG WHARF DR,LONG WHARF DR,95-N-326,,,,,41.28884,-72.92271,14,Motor Vehicle in Operation,1,Front to rear,1,On Roadway,4,Rain,88,Not Applicable,4,Dark-Lighted,2,Wet,99,Unknown,88,Not Applicable,88,Not Applicable,99,Unknown,88,Not Applicable,88,Not Applicable,2,Intersection,3,T-Intersection,1,No,1,No,88,Not Applicable,88,Not Applicable,88,Not Applicable,88,Not Applicable,TRUE,1,Public Road,1,"Trafficway, On Road",CT0009300,New Haven PD,40947,44:25.0,C,Closed,00:34.0,,,,,,,
1002013,1,Complete,1002013,1002013,41.304193,-72.952077,3496212,New Haven,93,93,New Haven,12/3/2022,2022,12,December,3,7,Saturday,16:00:00,16,22041028,A,"Injury of any type (Serious, Minor, Possible)",B,Suspected Minor Injury (B),2,0,0,3,State,1.96,10,10-N,10-N,,LEGION AVE,500,Feet,S,41.304193,-72.952077,14,Motor Vehicle in Operation,2,Front to front,1,On Roadway,1,Clear,1,Clear,1,Daylight,1,Dry,0,None,88,Not Applicable,88,Not Applicable,0,None,88,Not Applicable,88,Not Applicable,1,Non-Junction,1,Not at Intersection,1,No,1,No,88,Not Applicable,88,Not Applicable,88,Not Applicable,88,Not Applicable,TRUE,1,Public Road,1,"Trafficway, On Road",CT0009300,New Haven PD,428,35:22.0,C,Closed,01:56.0,,2,20800,3,PRINCIPAL ARTERIAL - OTHER - NEW HPMS,2,Urban
1002014,1,Complete,1002014,1002014,41.316546,-72.942096,3496213,New Haven,93,93,New Haven,12/7/2022,2022,12,December,7,4,Wednesday,12:30:00,12,22041587,A,"Injury of any type (Serious, Minor, Possible)",C,Possible Injury (C),2,0,0,4,Local,0.38,653,WHALLEY AV,WHALLEY AV,SHERMAN AV,,,,,41.316546,-72.942096,14,Motor Vehicle in Operation,1,Front to rear,1,On Roadway,2,Cloudy,88,Not Applicable,1,Daylight,99,Unknown,0,None,88,Not Applicable,88,Not Applicable,3,Backup Due to Regular Congestion,88,Not Applicable,88,Not Applicable,3,Intersection-Related,2,Four-Way Intersection,1,No,1,No,88,Not Applicable,88,Not Applicable,88,Not Applicable,88,Not Applicable,TRUE,1,Public Road,1,"Trafficway, On Road",CT0009300,New Haven PD,40956,52:51.0,C,Closed,01:44.0,,,,,,,
1002015,1,Complete,1002015,1002015,41.3035,-72.9296,3496214,New Haven,93,93,New Haven,12/8/2022,2022,12,December,8,5,Thursday,1:01:00,1,22041591,A,"Injury of any type (Serious, Minor, Possible)",B,Suspected Minor Injury (B),1,3,1,4,Local,0.28,809,REV DR MLK JR BLVD,REV DR MLK JR BLVD,TEMPLE ST,,,,,41.3035,-72.9296,9,Pedestrian,88,Not Applicable,1,On Roadway,1,Clear,88,Not Applicable,4,Dark-Lighted,1,Dry,99,Unknown,88,Not Applicable,88,Not Applicable,8,Work Zone (construction / maintenance / utility),88,Not Applicable,88,Not Applicable,2,Intersection,3,T-Intersection,1,No,2,Yes,4,Activity Area,2,Lane Shift / Crossover,2,Yes,1,No,FALSE,1,Public Road,1,"Trafficway, On Road",CT0009300,New Haven PD,11439,37:47.0,C,Closed,01:45.0,,1,21900,3,PRINCIPAL ARTERIAL - OTHER - NEW HPMS,2,Urban
1002022,1,Complete,1002022,1002022,41.307,-72.9211,3496221,New Haven,93,93,New Haven,12/8/2022,2022,12,December,8,5,Thursday,18:45:00,18,22041654,A,"Injury of any type (Serious, Minor, Possible)",C,Possible Injury (C),2,0,0,4,Local,0.73,726,ELM ST NO 2,ELM ST NO 2,STATE ST,,,,,41.307,-72.9211,14,Motor Vehicle in Operation,4,"Sideswipe, same direction",1,On Roadway,1,Clear,88,Not Applicable,4,Dark-Lighted,1,Dry,0,None,88,Not Applicable,88,Not Applicable,0,None,88,Not Applicable,88,Not Applicable,2,Intersection,2,Four-Way Intersection,1,No,1,No,88,Not Applicable,88,Not Applicable,88,Not Applicable,88,Not Applicable,TRUE,1,Public Road,1,"Trafficway, On Road",CT0009300,New Haven PD,40790,32:48.0,C,Closed,01:54.0,,,,,,,
1002436,1,Complete,1002436,1002436,41.301484,-72.926989,3496635,New Haven,93,93,New Haven,11/8/2022,2022,11,November,8,3,Tuesday,17:56:00,17,22037830,A,"Injury of any type (Serious, Minor, Possible)",C,Possible Injury (C),2,0,0,3,State,0,34,34-E-8A,34-E-8A,SOUTH ORANGE ST,,,,,41.301484,-72.926989,14,Motor Vehicle in Operation,1,Front to rear,1,On Roadway,1,Clear,88,Not Applicable,1,Daylight,1,Dry,0,None,88,Not Applicable,88,Not Applicable,0,None,88,Not Applicable,88,Not Applicable,2,Intersection,2,Four-Way Intersection,1,No,1,No,88,Not Applicable,88,Not Applicable,88,Not Applicable,88,Not Applicable,FALSE,1,Public Road,1,"Trafficway, On Road",CT0009300,New Haven PD,293,22:36.0,C,Closed,01:50.0,,,4500,2,PRIN ART-OTHER FREEWAYS & EXPRESSWAYS - NEW HPMS,2,Urban
1002438,1,Complete,1002438,1002438,41.327326,-72.96931,3496637,New Haven,93,93,New Haven,11/24/2022,2022,11,November,24,5,Thursday,14:33:00,14,22039918,A,"Injury of any type (Serious, Minor, Possible)",C,Possible Injury (C),2,0,0,3,State,6.16,243,243-E,243-E,,VISTA TER,50,Feet,W,41.327326,-72.96931,14,Motor Vehicle in Operation,3,Angle,1,On Roadway,1,Clear,88,Not Applicable,1,Daylight,1,Dry,0,None,88,Not Applicable,88,Not Applicable,0,None,88,Not Applicable,88,Not Applicable,1,Non-Junction,1,Not at Intersection,1,No,1,No,88,Not Applicable,88,Not Applicable,88,Not Applicable,88,Not Applicable,FALSE,1,Public Road,1,"Trafficway, On Road",CT0009300,New Haven PD,200,46:39.0,C,Closed,02:03.0,,1,10900,4,MINOR ARTERIAL - NEW HPMS,1,Rural
1002440,1,Complete,1002440,1002440,41.3239,-72.91363,3496639,New Haven,93,93,New Haven,11/28/2022,2022,11,November,28,2,Monday,19:55:00,19,22040385,A,"Injury of any type (Serious, Minor, Possible)",C,Possible Injury (C),1,1,0,4,Local,0.49,83,CANNER ST,CANNER ST,LIVINGSTON ST,,,,,41.3239,-72.91363,14,Motor Vehicle in Operation,1,Front to rear,99,Unknown,1,Clear,88,Not Applicable,1,Daylight,1,Dry,99,Unknown,88,Not Applicable,88,Not Applicable,99,Unknown,88,Not Applicable,88,Not Applicable,2,Intersection,2,Four-Way Intersection,1,No,1,No,88,Not Applicable,88,Not Applicable,88,Not Applicable,88,Not Applicable,FALSE,1,Public Road,1,"Trafficway, On Road",CT0009300,New Haven PD,40816,43:58.0,C,Closed,02:26.0,,,,,,,
1002441,1,Complete,1002441,1002441,41.30726,-72.92871,3496640,New Haven,93,93,New Haven,12/1/2022,2022,12,December,1,5,Thursday,5:48:00,5,22040699,A,"Injury of any type (Serious, Minor, Possible)",B,Suspected Minor Injury (B),1,1,1,4,Local,0.34,117,COLLEGE ST,COLLEGE ST,CHAPEL ST,,,,,41.30726,-72.92871,9,Pedestrian,88,Not Applicable,1,On Roadway,1,Clear,88,Not Applicable,4,Dark-Lighted,1,Dry,0,None,88,Not Applicable,88,Not Applicable,0,None,88,Not Applicable,88,Not Applicable,2,Intersection,2,Four-Way Intersection,1,No,1,No,88,Not Applicable,88,Not Applicable,88,Not Applicable,88,Not Applicable,FALSE,1,Public Road,1,"Trafficway, On Road",CT0009300,New Haven PD,43614,48:13.0,C,Closed,01:42.0,,2,3500,3,PRINCIPAL ARTERIAL - OTHER - NEW HPMS,2,Urban
1002443,1,Complete,1002443,1002443,41.308321,-72.886186,3496642,New Haven,93,93,New Haven,12/3/2022,2022,12,December,3,7,Saturday,17:39:00,17,22041041,A,"Injury of any type (Serious, Minor, Possible)",C,Possible Injury (C),2,0,0,4,Local,0,264,GRAND AV,GRAND AV,QUINNIPIAC AV,,,,,41.308321,-72.886186,14,Motor Vehicle in Operation,4,"Sideswipe, same direction",1,On Roadway,1,Clear,88,Not Applicable,4,Dark-Lighted,1,Dry,0,None,88,Not Applicable,88,Not Applicable,0,None,88,Not Applicable,88,Not Applicable,2,Intersection,2,Four-Way Intersection,1,No,1,No,88,Not Applicable,88,Not Applicable,88,Not Applicable,88,Not Applicable,FALSE,1,Public Road,1,"Trafficway, On Road",CT0009300,New Haven PD,322,38:37.0,C,Closed,01:56.0,,,,,,,
1002447,1,Complete,1002447,1002447,41.315339,-72.939305,3496646,New Haven,93,93,New Haven,12/6/2022,2022,12,December,6,3,Tuesday,15:25:00,15,22041396,A,"Injury of any type (Serious, Minor, Possible)",C,Possible Injury (C),2,0,0,4,Local,0.56,653,WHALLEY AV,WHALLEY AV,ORCHARD ST,,,,,41.315339,-72.939305,14,Motor Vehicle in Operation,1,Front to rear,1,On Roadway,1,Clear,88,Not Applicable,2,Dawn,1,Dry,0,None,88,Not Applicable,88,Not Applicable,0,None,88,Not Applicable,88,Not Applicable,2,Intersection,2,Four-Way Intersection,1,No,1,No,88,Not Applicable,88,Not Applicable,88,Not Applicable,88,Not Applicable,FALSE,1,Public Road,1,"Trafficway, On Road",CT0009300,New Haven PD,44175,39:24.0,C,Closed,02:07.0,,,,,,,
1002451,1,Complete,1002451,1002451,41.332873,-72.867786,3496650,New Haven,93,93,New Haven,12/7/2022,2022,12,December,7,4,Wednesday,13:19:00,13,22041505,A,"Injury of any type (Serious, Minor, Possible)",C,Possible Injury (C),1,0,0,3,State,0.9,103,103-N,103-N,GLEN HAVEN RD,,,,,41.332873,-72.867786,1,Overturn/Rollover,88,Not Applicable,1,On Roadway,4,Rain,88,Not Applicable,1,Daylight,2,Wet,1,Weather Conditions,88,Not Applicable,88,Not Applicable,5,"Road Surface Condition (wet, icy, snow, slush, etc.)",88,Not Applicable,88,Not Applicable,2,Intersection,3,T-Intersection,1,No,1,No,88,Not Applicable,88,Not Applicable,88,Not Applicable,88,Not Applicable,FALSE,1,Public Road,1,"Trafficway, On Road",CT0009300,New Haven PD,44060,20:35.0,C,Closed,02:10.0,,2,6500,4,MINOR ARTERIAL - NEW HPMS,2,Urban
1002461,1,Complete,1002461,1002461,41.30286,-72.93737,3496660,New Haven,93,93,New Haven,12/9/2022,2022,12,December,9,6,Friday,10:02:00,10,22041705,A,"Injury of any type (Serious, Minor, Possible)",C,Possible Injury (C),2,0,0,4,Local,0.66,141,DAVENPORT AV,DAVENPORT AV,VERNON ST,,,,,41.30286,-72.93737,14,Motor Vehicle in Operation,3,Angle,1,On Roadway,1,Clear,88,Not Applicable,1,Daylight,1,Dry,0,None,88,Not Applicable,88,Not Applicable,0,None,88,Not Applicable,88,Not Applicable,2,Intersection,3,T-Intersection,1,No,1,No,88,Not Applicable,88,Not Applicable,88,Not Applicable,88,Not Applicable,FALSE,1,Public Road,1,"Trafficway, On Road",CT0009300,New Haven PD,251,23:48.0,C,Closed,01:45.0,,,,,,,
1002469,1,Complete,1002469,1002469,41.33151,-72.94966,3496668,New Haven,93,93,New Haven,12/9/2022,2022,12,December,9,6,Friday,15:58:00,15,22041772,A,"Injury of any type (Serious, Minor, Possible)",C,Possible Injury (C),2,0,0,4,Local,1.06,133,CRESCENT ST,CRESCENT ST,10-N,,,,,41.33151,-72.94966,14,Motor Vehicle in Operation,97,Other,1,On Roadway,1,Clear,88,Not Applicable,1,Daylight,1,Dry,0,None,88,Not Applicable,88,Not Applicable,0,None,88,Not Applicable,88,Not Applicable,2,Intersection,3,T-Intersection,1,No,1,No,88,Not Applicable,88,Not Applicable,88,Not Applicable,88,Not Applicable,TRUE,1,Public Road,1,"Trafficway, On Road",CT0009300,New Haven PD,43688,02:00.0,C,Closed,01:53.0,,,,,,,
1002472,1,Complete,1002472,1002472,41.310093,-72.918256,3496671,New Haven,93,93,New Haven,12/9/2022,2022,12,December,9,6,Friday,20:40:00,20,22041790,A,"Injury of any type (Serious, Minor, Possible)",C,Possible Injury (C),2,0,0,4,Local,0.9,575,STATE ST,STATE ST,,AUDUBON ST,95,Feet,N,41.310093,-72.918256,14,Motor Vehicle in Operation,1,Front to rear,1,On Roadway,1,Clear,88,Not Applicable,4,Dark-Lighted,1,Dry,0,None,88,Not Applicable,88,Not Applicable,0,None,88,Not Applicable,88,Not Applicable,1,Non-Junction,1,Not at Intersection,1,No,1,No,88,Not Applicable,88,Not Applicable,88,Not Applicable,88,Not Applicable,TRUE,1,Public Road,1,"Trafficway, On Road",CT0009300,New Haven PD,221,58:47.0,O,Open,01:59.0,,,,,,,
1002480,1,Complete,1002480,1002480,41.31267,-72.94061,3496679,New Haven,93,93,New Haven,12/10/2022,2022,12,December,10,7,Saturday,18:52:00,18,22041878,A,"Injury of any type (Serious, Minor, Possible)",C,Possible Injury (C),2,0,0,4,Local,0.8,453,ORCHARD ST,ORCHARD ST,,EDGEWOOD AVE,75,Feet,N,41.31267,-72.94061,14,Motor Vehicle in Operation,1,Front to rear,1,On Roadway,1,Clear,88,Not Applicable,4,Dark-Lighted,1,Dry,0,None,88,Not Applicable,88,Not Applicable,0,None,88,Not Applicable,88,Not Applicable,1,Non-Junction,1,Not at Intersection,1,No,1,No,88,Not Applicable,88,Not Applicable,88,Not Applicable,88,Not Applicable,FALSE,1,Public Road,1,"Trafficway, On Road",CT0009300,New Haven PD,40788,18:57.0,C,Closed,02:20.0,,,,,,,
1002482,1,Complete,1002482,1002482,41.327398,-72.877227,3496681,New Haven,93,93,New Haven,12/10/2022,2022,12,December,10,7,Saturday,20:10:00,20,22041881,A,"Injury of any type (Serious, Minor, Possible)",C,Possible Injury (C),1,1,0,4,Local,0.01,652,WEYBOSSET ST,WEYBOSSET ST,,FLINT ST,40,Feet,N,41.327398,-72.877227,9,Pedestrian,88,Not Applicable,1,On Roadway,1,Clear,88,Not Applicable,4,Dark-Lighted,1,Dry,0,None,88,Not Applicable,88,Not Applicable,0,None,88,Not Applicable,88,Not Applicable,11,Through Roadway,1,Not at Intersection,1,No,1,No,88,Not Applicable,88,Not Applicable,88,Not Applicable,88,Not Applicable,FALSE,1,Public Road,1,"Trafficway, On Road",CT0009300,New Haven PD,40793,07:59.0,C,Closed,02:08.0,,2,1292,7,LOCAL - NEW HPMS,2,Urban