CrashId,Fatal Case Status,Fatal Case Status Text Format,CrashId,CrashId,Latitude,Longitude,DOT Case Number,Town Name,Town Number,Town Number,Town Number Text Format,Date Of Crash,Year,Month,Month Text Format,Day,Day of the Week,Day of the Week Text Format,Time of Crash,Hour of the Day,Case Identifier,Crash Severity,Crash Severity Text Format,Most Severe Injury,Most Severe Injury Text Format,Number Of Motor Vehicles,Number Of Non-Motorist,Number Of Witnesses,Route Class,Route Class Text Format,Milemarker,Road Number,Road Description,Roadway Name,Intersecting Roadway Name,Landmark Description,Distance From Nearest Landmark,Unit Of Measure From Nearest Landmark,Direction From Nearest Landmark,Latitude,Longitude,First Harmful Event,First Harmful Event Text Format,Manner of Crash / Collision Impact,Manner of Crash / Collision Impact Text Format,Location of First Harmful Event,Location of First Harmful Event Text Format,Weather Condition,Weather Condition Text Format,Weather 2,Weather 2 Text Format,Light Condition,Light Condition Text Format,Road Surface Condition,Road Surface Condition Text Format,"Contributing Circumstances, Environment","Contributing Circumstances, Environment Text Format",Environment 2,Environment 2 Text Format,Environment 3,Environment 3 Text Format,"Contributing Circumstances, Road","Contributing Circumstances, Road Text Format",Road 2,Road 2 Text Format,Road 3,Road 3 Text Format,Crash Specific Location,Crash Specific Location Text Format,Type of Intersection,Type of Intersection Text Format,School Bus Related,School Bus Related Text Format,Work Zone Related,Work Zone Related Text Format,Location Of Crash Relative To Work Zone,Location Of Crash Relative To Work Zone Text Format,Type of Work Zone,Type of Work Zone Text Format,Worker Presence,Worker Presence Text Format,Law Enforcement Presence,Law Enforcement Presence Text Format,Were Vehicles Moved Prior To Police Arrival,Trafficway Ownership,Trafficway Ownership Text Format,Trafficway Class,Trafficway Class Text Format,Police Agency,Police Agency Text Format,Badge Number,Approval Date,Police Case Status,Police Case Status Text Format,Crash Report Submission Date,Related Case Identifiers,No. of Through Lanes (Log Dir.),Average Daily Traffic,Functional Classification,Functional Classification Text Format,Rural or Urban,Rural or Urban Text Format
1007416,1,Complete,1007416,1007416,41.318733,-72.899595,3501614,New Haven,93,93,New Haven,12/26/2022,2022,12,December,26,2,Monday,21:05:00,21,22043647,A,"Injury of any type (Serious, Minor, Possible)",C,Possible Injury (C),1,1,0,2,USRoute,0.36,5,5-N,5-N,MAY ST,,,,,41.318733,-72.899595,9,Pedestrian,88,Not Applicable,1,On Roadway,1,Clear,88,Not Applicable,4,Dark-Lighted,1,Dry,0,None,88,Not Applicable,88,Not Applicable,0,None,88,Not Applicable,88,Not Applicable,3,Intersection-Related,3,T-Intersection,1,No,1,No,88,Not Applicable,88,Not Applicable,88,Not Applicable,88,Not Applicable,TRUE,1,Public Road,1,"Trafficway, On Road",CT0009300,New Haven PD,30,30:40.0,C,Closed,09:55.0,NONE,2,19300,4,MINOR ARTERIAL - NEW HPMS,2,Urban
1007519,1,Complete,1007519,1007519,41.301933,-72.933248,3501717,New Haven,93,93,New Haven,12/27/2022,2022,12,December,27,3,Tuesday,19:38:00,19,22043768,A,"Injury of any type (Serious, Minor, Possible)",C,Possible Injury (C),1,0,0,4,Local,0.81,123,CONGRESS AV,CONGRESS AV,,LIBERTY ST,10,Feet,W,41.301933,-72.933248,38,"Other Post, Pole or Support",88,Not Applicable,8,"Off Roadway,  Location Unknown",1,Clear,88,Not Applicable,4,Dark-Lighted,1,Dry,0,None,88,Not Applicable,88,Not Applicable,0,None,88,Not Applicable,88,Not Applicable,1,Non-Junction,1,Not at Intersection,1,No,1,No,88,Not Applicable,88,Not Applicable,88,Not Applicable,88,Not Applicable,FALSE,1,Public Road,1,"Trafficway, On Road",CT0009300,New Haven PD,40814,53:31.0,O,Open,01:23.0,,3,5800,4,MINOR ARTERIAL - NEW HPMS,2,Urban
1007812,1,Complete,1007812,1007812,41.27161,-72.89283,3502009,New Haven,93,93,New Haven,12/8/2022,2022,12,December,8,5,Thursday,21:35:00,21,22041675,A,"Injury of any type (Serious, Minor, Possible)",B,Suspected Minor Injury (B),2,0,0,4,Local,0.22,744,FORT HALE RD NO 2,FORT HALE RD NO 2,,HYDE ST,20,Feet,S,41.27161,-72.89283,14,Motor Vehicle in Operation,1,Front to rear,1,On Roadway,1,Clear,88,Not Applicable,4,Dark-Lighted,1,Dry,0,None,88,Not Applicable,88,Not Applicable,0,None,88,Not Applicable,88,Not Applicable,1,Non-Junction,1,Not at Intersection,1,No,1,No,88,Not Applicable,88,Not Applicable,88,Not Applicable,88,Not Applicable,FALSE,1,Public Road,1,"Trafficway, On Road",CT0009300,New Haven PD,44063,21:40.0,C,Closed,00:08.0,,,,,,,
1007818,1,Complete,1007818,1007818,41.320172,-72.952284,3502015,New Haven,93,93,New Haven,12/27/2022,2022,12,December,27,3,Tuesday,15:36:00,15,22043721,A,"Injury of any type (Serious, Minor, Possible)",C,Possible Injury (C),4,0,0,4,Local,0.32,472,PENDLETON ST,PENDLETON ST,,ELDER ST,50,Feet,N,41.320172,-72.952284,14,Motor Vehicle in Operation,4,"Sideswipe, same direction",1,On Roadway,1,Clear,1,Clear,1,Daylight,1,Dry,0,None,88,Not Applicable,88,Not Applicable,0,None,88,Not Applicable,88,Not Applicable,1,Non-Junction,1,Not at Intersection,1,No,1,No,88,Not Applicable,88,Not Applicable,88,Not Applicable,88,Not Applicable,FALSE,1,Public Road,1,"Trafficway, On Road",CT0009300,New Haven PD,42046,09:35.0,C,Closed,00:04.0,,,,,,,
1008108,1,Complete,1008108,1008108,41.320974,-72.935941,3502305,New Haven,93,93,New Haven,7/13/2022,2022,7,July,13,4,Wednesday,19:44:00,19,22023318,A,"Injury of any type (Serious, Minor, Possible)",C,Possible Injury (C),1,0,0,4,Local,1.42,453,ORCHARD ST,ORCHARD ST,HENRY ST,,,,,41.320974,-72.935941,1,Overturn/Rollover,88,Not Applicable,1,On Roadway,1,Clear,88,Not Applicable,1,Daylight,1,Dry,0,None,88,Not Applicable,88,Not Applicable,0,None,88,Not Applicable,88,Not Applicable,2,Intersection,2,Four-Way Intersection,1,No,1,No,88,Not Applicable,88,Not Applicable,88,Not Applicable,88,Not Applicable,FALSE,1,Public Road,1,"Trafficway, On Road",CT0009300,New Haven PD,222,29:22.0,C,Closed,01:01.0,,2,4200,4,MINOR ARTERIAL - NEW HPMS,2,Urban
1008110,1,Complete,1008110,1008110,41.30886,-72.90981,3502307,New Haven,93,93,New Haven,12/16/2022,2022,12,December,16,6,Friday,18:07:00,18,22042473,A,"Injury of any type (Serious, Minor, Possible)",C,Possible Injury (C),2,0,0,4,Local,0.49,165,EAST ST,EAST ST,GRAND AV,,,,,41.30886,-72.90981,14,Motor Vehicle in Operation,3,Angle,1,On Roadway,1,Clear,88,Not Applicable,4,Dark-Lighted,1,Dry,99,Unknown,88,Not Applicable,88,Not Applicable,99,Unknown,88,Not Applicable,88,Not Applicable,2,Intersection,2,Four-Way Intersection,1,No,1,No,88,Not Applicable,88,Not Applicable,88,Not Applicable,88,Not Applicable,FALSE,1,Public Road,1,"Trafficway, On Road",CT0009300,New Haven PD,36335,13:52.0,C,Closed,01:05.0,CLOSED,,,,,,
1008111,1,Complete,1008111,1008111,41.32278,-72.93489,3502308,New Haven,93,93,New Haven,12/15/2022,2022,12,December,15,5,Thursday,21:28:00,21,22042509,A,"Injury of any type (Serious, Minor, Possible)",A,Suspected Serious Injury (A),2,0,1,4,Local,0.7,152,DIXWELL AV,DIXWELL AV,MUNSON ST,,,,,41.32278,-72.93489,14,Motor Vehicle in Operation,3,Angle,1,On Roadway,4,Rain,88,Not Applicable,4,Dark-Lighted,2,Wet,1,Weather Conditions,88,Not Applicable,88,Not Applicable,0,None,88,Not Applicable,88,Not Applicable,2,Intersection,2,Four-Way Intersection,1,No,1,No,88,Not Applicable,88,Not Applicable,88,Not Applicable,88,Not Applicable,FALSE,1,Public Road,1,"Trafficway, On Road",CT0009300,New Haven PD,23,19:14.0,O,Open,01:03.0,,,,,,,
1008114,1,Complete,1008114,1008114,41.32016,-72.8931,3502311,New Haven,93,93,New Haven,12/24/2022,2022,12,December,24,7,Saturday,16:48:00,16,22043473,A,"Injury of any type (Serious, Minor, Possible)",A,Suspected Serious Injury (A),1,1,0,4,Local,0.49,411,MIDDLETOWN AV,MIDDLETOWN AV,CLINTON AV,,,,,41.32016,-72.8931,9,Pedestrian,88,Not Applicable,1,On Roadway,1,Clear,88,Not Applicable,3,Dusk,1,Dry,0,None,88,Not Applicable,88,Not Applicable,0,None,88,Not Applicable,88,Not Applicable,3,Intersection-Related,2,Four-Way Intersection,1,No,1,No,88,Not Applicable,88,Not Applicable,88,Not Applicable,88,Not Applicable,FALSE,1,Public Road,1,"Trafficway, On Road",CT0009300,New Haven PD,43689,17:55.0,C,Closed,01:07.0,,2,10600,3,PRINCIPAL ARTERIAL - OTHER - NEW HPMS,2,Urban
1008117,1,Complete,1008117,1008117,41.319043,-72.949101,3502314,New Haven,93,93,New Haven,12/28/2022,2022,12,December,28,4,Wednesday,11:08:00,11,22043816,A,"Injury of any type (Serious, Minor, Possible)",C,Possible Injury (C),2,0,4,3,State,3.03,10,10-N,10-N,WHALLEY AV,,,,,41.319043,-72.949101,14,Motor Vehicle in Operation,3,Angle,1,On Roadway,1,Clear,88,Not Applicable,1,Daylight,1,Dry,0,None,88,Not Applicable,88,Not Applicable,0,None,88,Not Applicable,88,Not Applicable,2,Intersection,2,Four-Way Intersection,1,No,1,No,88,Not Applicable,88,Not Applicable,88,Not Applicable,88,Not Applicable,FALSE,1,Public Road,1,"Trafficway, On Road",CT0009300,New Haven PD,359,09:29.0,C,Closed,01:01.0,,1,10200,3,PRINCIPAL ARTERIAL - OTHER - NEW HPMS,1,Rural
1008118,1,Complete,1008118,1008118,41.30299,-72.90016,3502315,New Haven,93,93,New Haven,12/28/2022,2022,12,December,28,4,Wednesday,14:31:00,14,22043830,A,"Injury of any type (Serious, Minor, Possible)",A,Suspected Serious Injury (A),2,0,0,4,Local,0.32,514,RIVER ST,RIVER ST,LLOYD ST,,,,,41.30299,-72.90016,14,Motor Vehicle in Operation,3,Angle,1,On Roadway,1,Clear,88,Not Applicable,1,Daylight,1,Dry,0,None,88,Not Applicable,88,Not Applicable,0,None,88,Not Applicable,88,Not Applicable,2,Intersection,2,Four-Way Intersection,1,No,1,No,88,Not Applicable,88,Not Applicable,88,Not Applicable,88,Not Applicable,FALSE,1,Public Road,1,"Trafficway, On Road",CT0009300,New Haven PD,65,37:41.0,O,Open,01:03.0,,,,,,,
1008121,1,Complete,1008121,1008121,41.289025,-72.894518,3502318,New Haven,93,93,New Haven,12/29/2022,2022,12,December,29,5,Thursday,12:48:00,12,22043983,A,"Injury of any type (Serious, Minor, Possible)",C,Possible Injury (C),2,0,0,3,State,0,741,741-E,741-E,WOODWARD AVE,,,,,41.289025,-72.894518,14,Motor Vehicle in Operation,4,"Sideswipe, same direction",1,On Roadway,1,Clear,88,Not Applicable,1,Daylight,1,Dry,0,None,88,Not Applicable,88,Not Applicable,0,None,88,Not Applicable,88,Not Applicable,2,Intersection,2,Four-Way Intersection,1,No,1,No,88,Not Applicable,88,Not Applicable,88,Not Applicable,88,Not Applicable,FALSE,1,Public Road,1,"Trafficway, On Road",CT0009300,New Haven PD,416,01:40.0,C,Closed,01:05.0,,2,14200,4,MINOR ARTERIAL - NEW HPMS,2,Urban
1008425,1,Complete,1008425,1008425,41.30699,-72.93497,3502622,New Haven,93,93,New Haven,12/18/2022,2022,12,December,18,1,Sunday,20:14:00,20,22042799,A,"Injury of any type (Serious, Minor, Possible)",B,Suspected Minor Injury (B),2,0,2,4,Local,0.34,463,PARK ST,PARK ST,GEORGE ST,,,,,41.30699,-72.93497,14,Motor Vehicle in Operation,2,Front to front,1,On Roadway,1,Clear,88,Not Applicable,4,Dark-Lighted,1,Dry,0,None,88,Not Applicable,88,Not Applicable,0,None,88,Not Applicable,88,Not Applicable,2,Intersection,2,Four-Way Intersection,1,No,1,No,88,Not Applicable,88,Not Applicable,88,Not Applicable,88,Not Applicable,FALSE,1,Public Road,1,"Trafficway, On Road",CT0009300,New Haven PD,44062,33:27.0,C,Closed,00:08.0,,2,5000,4,MINOR ARTERIAL - NEW HPMS,2,Urban
1008428,1,Complete,1008428,1008428,41.30134,-72.93528,3502625,New Haven,93,93,New Haven,12/27/2022,2022,12,December,27,3,Tuesday,16:00:00,16,22043722,A,"Injury of any type (Serious, Minor, Possible)",B,Suspected Minor Injury (B),3,0,1,4,Local,0.35,308,HOWARD AV,HOWARD AV,CONGRESS AV,,,,,41.30134,-72.93528,14,Motor Vehicle in Operation,3,Angle,1,On Roadway,1,Clear,1,Clear,1,Daylight,1,Dry,0,None,88,Not Applicable,88,Not Applicable,0,None,88,Not Applicable,88,Not Applicable,2,Intersection,2,Four-Way Intersection,1,No,1,No,88,Not Applicable,88,Not Applicable,88,Not Applicable,88,Not Applicable,FALSE,1,Public Road,1,"Trafficway, On Road",CT0009300,New Haven PD,428,17:24.0,C,Closed,00:16.0,,,,,,,
1008431,1,Complete,1008431,1008431,41.316639,-72.942383,3502628,New Haven,93,93,New Haven,12/29/2022,2022,12,December,29,5,Thursday,10:47:00,10,22043963,A,"Injury of any type (Serious, Minor, Possible)",B,Suspected Minor Injury (B),3,0,0,4,Local,0.38,653,WHALLEY AV,WHALLEY AV,SHERMAN AV,,,,,41.316639,-72.942383,14,Motor Vehicle in Operation,4,"Sideswipe, same direction",1,On Roadway,1,Clear,88,Not Applicable,1,Daylight,1,Dry,0,None,88,Not Applicable,88,Not Applicable,0,None,88,Not Applicable,88,Not Applicable,2,Intersection,2,Four-Way Intersection,1,No,1,No,88,Not Applicable,88,Not Applicable,88,Not Applicable,88,Not Applicable,FALSE,1,Public Road,1,"Trafficway, On Road",CT0009300,New Haven PD,238,25:37.0,C,Closed,00:15.0,,,,,,,
1008434,1,Complete,1008434,1008434,41.30131,-72.92075,3502631,New Haven,93,93,New Haven,12/29/2022,2022,12,December,29,5,Thursday,21:12:00,21,22044043,A,"Injury of any type (Serious, Minor, Possible)",C,Possible Injury (C),2,0,0,2,USRoute,48.44,1,1-N,1-N,OLIVE ST,,,,,41.30131,-72.92075,14,Motor Vehicle in Operation,3,Angle,1,On Roadway,1,Clear,88,Not Applicable,4,Dark-Lighted,1,Dry,0,None,88,Not Applicable,88,Not Applicable,0,None,88,Not Applicable,88,Not Applicable,2,Intersection,3,T-Intersection,1,No,1,No,88,Not Applicable,88,Not Applicable,88,Not Applicable,88,Not Applicable,FALSE,1,Public Road,1,"Trafficway, On Road",CT0009300,New Haven PD,166,29:14.0,C,Closed,00:11.0,,1,7100,3,PRINCIPAL ARTERIAL - OTHER - NEW HPMS,1,Rural
1008440,1,Complete,1008440,1008440,41.311675,-72.899908,3502637,New Haven,93,93,New Haven,12/30/2022,2022,12,December,30,6,Friday,12:23:00,12,22044089,A,"Injury of any type (Serious, Minor, Possible)",C,Possible Injury (C),2,0,0,4,Local,0.6,57,BLATCHLEY AV,BLATCHLEY AV,PINE ST NO 1,,,,,41.311675,-72.899908,14,Motor Vehicle in Operation,3,Angle,1,On Roadway,1,Clear,88,Not Applicable,1,Daylight,1,Dry,0,None,88,Not Applicable,88,Not Applicable,0,None,88,Not Applicable,88,Not Applicable,2,Intersection,2,Four-Way Intersection,1,No,1,No,88,Not Applicable,88,Not Applicable,88,Not Applicable,88,Not Applicable,TRUE,1,Public Road,1,"Trafficway, On Road",CT0009300,New Haven PD,980,22:03.0,C,Closed,00:15.0,,,,,,,
1008441,1,Complete,1008441,1008441,41.317752,-72.945342,3502638,New Haven,93,93,New Haven,12/30/2022,2022,12,December,30,6,Friday,13:00:00,13,22044091,A,"Injury of any type (Serious, Minor, Possible)",B,Suspected Minor Injury (B),3,0,0,4,Local,0.21,653,WHALLEY AV,WHALLEY AV,,NORTON ST,190,Feet,E,41.317752,-72.945342,14,Motor Vehicle in Operation,3,Angle,1,On Roadway,1,Clear,88,Not Applicable,1,Daylight,1,Dry,0,None,88,Not Applicable,88,Not Applicable,0,None,88,Not Applicable,88,Not Applicable,1,Non-Junction,1,Not at Intersection,1,No,1,No,88,Not Applicable,88,Not Applicable,88,Not Applicable,88,Not Applicable,FALSE,1,Public Road,1,"Trafficway, On Road",CT0009300,New Haven PD,42054,53:56.0,C,Closed,00:30.0,,,,,,,
1008443,1,Complete,1008443,1008443,41.287301,-72.925793,3502640,New Haven,93,93,New Haven,12/30/2022,2022,12,December,30,6,Friday,14:39:00,14,22044098,A,"Injury of any type (Serious, Minor, Possible)",C,Possible Injury (C),3,0,1,4,Local,0.23,359,SARGENT DR,SARGENT DR,LONG WHARF DR EXT,,,,,41.287301,-72.925793,14,Motor Vehicle in Operation,1,Front to rear,1,On Roadway,1,Clear,88,Not Applicable,1,Daylight,1,Dry,0,None,88,Not Applicable,88,Not Applicable,0,None,88,Not Applicable,88,Not Applicable,2,Intersection,2,Four-Way Intersection,1,No,1,No,88,Not Applicable,88,Not Applicable,88,Not Applicable,88,Not Applicable,TRUE,1,Public Road,1,"Trafficway, On Road",CT0009300,New Haven PD,281,02:48.0,O,Open,00:31.0,,,,,,,
1008451,1,Complete,1008451,1008451,41.327459,-72.95333,3502648,New Haven,93,93,New Haven,12/31/2022,2022,12,December,31,7,Saturday,1:32:00,1,22044150,A,"Injury of any type (Serious, Minor, Possible)",B,Suspected Minor Injury (B),1,1,0,3,State,3.86,10,10-N,10-N,BLAKE ST,,,,,41.327459,-72.95333,9,Pedestrian,88,Not Applicable,1,On Roadway,2,Cloudy,88,Not Applicable,4,Dark-Lighted,1,Dry,0,None,88,Not Applicable,88,Not Applicable,0,None,88,Not Applicable,88,Not Applicable,2,Intersection,2,Four-Way Intersection,1,No,1,No,88,Not Applicable,88,Not Applicable,88,Not Applicable,88,Not Applicable,TRUE,1,Public Road,1,"Trafficway, On Road",CT0009300,New Haven PD,40956,04:57.0,C,Closed,00:23.0,,2,13100,4,MINOR ARTERIAL - NEW HPMS,2,Urban
1008452,1,Complete,1008452,1008452,41.297947,-72.947774,3502649,New Haven,93,93,New Haven,12/31/2022,2022,12,December,31,7,Saturday,3:14:00,3,22044152,A,"Injury of any type (Serious, Minor, Possible)",C,Possible Injury (C),1,0,0,4,Local,0,123,CONGRESS AV,CONGRESS AV,DAVENPORT AV,,,,,41.297947,-72.947774,32,Tree (standing),88,Not Applicable,1,On Roadway,1,Clear,88,Not Applicable,4,Dark-Lighted,1,Dry,0,None,88,Not Applicable,88,Not Applicable,0,None,88,Not Applicable,88,Not Applicable,2,Intersection,3,T-Intersection,1,No,1,No,88,Not Applicable,88,Not Applicable,88,Not Applicable,88,Not Applicable,FALSE,1,Public Road,1,"Trafficway, On Road",CT0009300,New Haven PD,42370,06:07.0,C,Closed,00:19.0,,3,5900,4,MINOR ARTERIAL - NEW HPMS,2,Urban
1008458,1,Complete,1008458,1008458,41.319033,-72.949138,3502655,New Haven,93,93,New Haven,12/31/2022,2022,12,December,31,7,Saturday,17:17:00,17,22044218,A,"Injury of any type (Serious, Minor, Possible)",C,Possible Injury (C),2,0,0,4,Local,0,653,WHALLEY AV,WHALLEY AV,10-N,,,,,41.319033,-72.949138,14,Motor Vehicle in Operation,3,Angle,1,On Roadway,4,Rain,88,Not Applicable,4,Dark-Lighted,2,Wet,0,None,88,Not Applicable,88,Not Applicable,0,None,88,Not Applicable,88,Not Applicable,2,Intersection,2,Four-Way Intersection,1,No,1,No,88,Not Applicable,88,Not Applicable,88,Not Applicable,88,Not Applicable,FALSE,1,Public Road,1,"Trafficway, On Road",CT0009300,New Haven PD,44051,34:10.0,C,Closed,00:34.0,,,,,,,
1008459,1,Complete,1008459,1008459,41.327265,-72.960326,3502656,New Haven,93,93,New Haven,12/31/2022,2022,12,December,31,7,Saturday,22:43:00,22,22044243,A,"Injury of any type (Serious, Minor, Possible)",C,Possible Injury (C),2,0,0,3,State,0.24,63,63-N,63-N,,BLAKE STREET,40,Feet,S,41.327265,-72.960326,14,Motor Vehicle in Operation,3,Angle,1,On Roadway,4,Rain,88,Not Applicable,4,Dark-Lighted,2,Wet,99,Unknown,88,Not Applicable,88,Not Applicable,0,None,88,Not Applicable,88,Not Applicable,1,Non-Junction,1,Not at Intersection,1,No,1,No,88,Not Applicable,88,Not Applicable,88,Not Applicable,88,Not Applicable,FALSE,1,Public Road,1,"Trafficway, On Road",CT0009300,New Haven PD,44062,31:29.0,C,Closed,00:32.0,,1,15500,3,PRINCIPAL ARTERIAL - OTHER - NEW HPMS,1,Rural
1008461,1,Complete,1008461,1008461,41.32475,-72.92318,3502658,New Haven,93,93,New Haven,1/1/2023,2023,1,January,1,1,Sunday,15:24:00,15,23000060,A,"Injury of any type (Serious, Minor, Possible)",C,Possible Injury (C),2,0,0,4,Local,0.91,,PROSPECT ST,PROSPECT ST,DIVISION ST,,,,,41.32475,-72.92318,14,Motor Vehicle in Operation,3,Angle,1,On Roadway,2,Cloudy,88,Not Applicable,4,Dark-Lighted,1,Dry,0,None,88,Not Applicable,88,Not Applicable,0,None,88,Not Applicable,88,Not Applicable,2,Intersection,2,Four-Way Intersection,1,No,1,No,88,Not Applicable,88,Not Applicable,88,Not Applicable,88,Not Applicable,TRUE,1,Public Road,1,"Trafficway, On Road",CT0009300,New Haven PD,42054,03:54.0,C,Closed,00:33.0,,,,,,,
1008993,1,Complete,1008993,1008993,41.3193,-72.9493,3503190,New Haven,93,93,New Haven,12/31/2022,2022,12,December,31,7,Saturday,22:09:00,22,22044238,A,"Injury of any type (Serious, Minor, Possible)",C,Possible Injury (C),2,0,0,4,Local,0,653,WHALLEY AV,WHALLEY AV,10-N,,,,,41.3193,-72.9493,14,Motor Vehicle in Operation,3,Angle,1,On Roadway,4,Rain,88,Not Applicable,4,Dark-Lighted,2,Wet,1,Weather Conditions,88,Not Applicable,88,Not Applicable,0,None,88,Not Applicable,88,Not Applicable,2,Intersection,2,Four-Way Intersection,1,No,1,No,88,Not Applicable,88,Not Applicable,88,Not Applicable,88,Not Applicable,FALSE,1,Public Road,1,"Trafficway, On Road",CT0009300,New Haven PD,44175,07:56.0,C,Closed,01:35.0,,,,,,,
1008994,1,Complete,1008994,1008994,41.319179,-72.936714,3503191,New Haven,93,93,New Haven,1/1/2023,2023,1,January,1,1,Sunday,4:43:00,4,23000029,A,"Injury of any type (Serious, Minor, Possible)",C,Possible Injury (C),1,0,0,4,Local,1.29,453,ORCHARD ST,ORCHARD ST,,CHARLES ST,50,Feet,N,41.319179,-72.936714,39,"Other Fixed Object (wall, building, tunnel, etc.)",88,Not Applicable,1,On Roadway,4,Rain,88,Not Applicable,5,Dark-Not Lighted,2,Wet,0,None,88,Not Applicable,88,Not Applicable,0,None,88,Not Applicable,88,Not Applicable,1,Non-Junction,1,Not at Intersection,1,No,1,No,88,Not Applicable,88,Not Applicable,88,Not Applicable,88,Not Applicable,FALSE,1,Public Road,1,"Trafficway, On Road",CT0009300,New Haven PD,38715,33:56.0,C,Closed,01:27.0,22-000029,2,4200,4,MINOR ARTERIAL - NEW HPMS,2,Urban
1008995,1,Complete,1008995,1008995,41.30104,-72.88719,3503192,New Haven,93,93,New Haven,1/1/2023,2023,1,January,1,1,Sunday,9:00:00,9,23000039,A,"Injury of any type (Serious, Minor, Possible)",B,Suspected Minor Injury (B),2,0,0,,,99093,,,LEXINGTON AVE,,REVERE ST,20,Feet,S,41.30104,-72.88719,14,Motor Vehicle in Operation,4,"Sideswipe, same direction",2,Shoulder,1,Clear,88,Not Applicable,1,Daylight,1,Dry,0,None,88,Not Applicable,88,Not Applicable,0,None,88,Not Applicable,88,Not Applicable,1,Non-Junction,1,Not at Intersection,1,No,1,No,88,Not Applicable,88,Not Applicable,88,Not Applicable,88,Not Applicable,FALSE,1,Public Road,1,"Trafficway, On Road",CT0009300,New Haven PD,175,31:36.0,C,Closed,01:33.0,,,,,,,
1010702,1,Complete,1010702,1010702,41.315299,-72.950905,3504899,New Haven,93,93,New Haven,1/3/2023,2023,1,January,3,3,Tuesday,6:59:00,6,23000258,A,"Injury of any type (Serious, Minor, Possible)",C,Possible Injury (C),2,0,0,3,State,2.58,10,10-N,10-N,EDGEWOOD AV,,,,,41.315299,-72.950905,14,Motor Vehicle in Operation,3,Angle,1,On Roadway,4,Rain,88,Not Applicable,1,Daylight,2,Wet,0,None,88,Not Applicable,88,Not Applicable,0,None,88,Not Applicable,88,Not Applicable,2,Intersection,2,Four-Way Intersection,1,No,1,No,88,Not Applicable,88,Not Applicable,88,Not Applicable,88,Not Applicable,FALSE,1,Public Road,1,"Trafficway, On Road",CT0009300,New Haven PD,465,21:36.0,C,Closed,00:31.0,,1,19800,3,PRINCIPAL ARTERIAL - OTHER - NEW HPMS,1,Rural
1011388,1,Complete,1011388,1011388,41.33562,-72.97772,3505584,New Haven,93,93,New Haven,12/28/2022,2022,12,December,28,4,Wednesday,21:56:00,21,22043925,A,"Injury of any type (Serious, Minor, Possible)",C,Possible Injury (C),1,1,0,3,State,1.38,63,63-N,63-N,FOWLER ST,,,,,41.33562,-72.97772,9,Pedestrian,88,Not Applicable,1,On Roadway,1,Clear,88,Not Applicable,4,Dark-Lighted,1,Dry,99,Unknown,88,Not Applicable,88,Not Applicable,99,Unknown,88,Not Applicable,88,Not Applicable,2,Intersection,3,T-Intersection,1,No,1,No,88,Not Applicable,88,Not Applicable,88,Not Applicable,88,Not Applicable,FALSE,1,Public Road,1,"Trafficway, On Road",CT0009300,New Haven PD,36335,11:17.0,C,Closed,01:40.0,,2,17100,3,PRINCIPAL ARTERIAL - OTHER - NEW HPMS,2,Urban
1011390,1,Complete,1011390,1011390,41.33265,-72.9378,3505586,New Haven,93,93,New Haven,1/4/2023,2023,1,January,4,4,Wednesday,6:00:00,6,23000398,A,"Injury of any type (Serious, Minor, Possible)",B,Suspected Minor Injury (B),2,0,0,4,Local,0.95,557,SHERMAN PKWY,SHERMAN PKWY,BASSETT ST,,,,,41.33265,-72.9378,14,Motor Vehicle in Operation,99,Unknown,1,On Roadway,2,Cloudy,88,Not Applicable,2,Dawn,2,Wet,99,Unknown,88,Not Applicable,88,Not Applicable,0,None,88,Not Applicable,88,Not Applicable,2,Intersection,2,Four-Way Intersection,1,No,1,No,88,Not Applicable,88,Not Applicable,88,Not Applicable,88,Not Applicable,FALSE,1,Public Road,1,"Trafficway, On Road",CT0009300,New Haven PD,42044,38:27.0,O,Open,01:35.0,,,,,,,
1011397,1,Complete,1011397,1011397,41.30976,-72.92102,3505593,New Haven,93,93,New Haven,1/4/2023,2023,1,January,4,4,Wednesday,14:56:00,14,23000507,A,"Injury of any type (Serious, Minor, Possible)",C,Possible Injury (C),2,0,1,4,Local,1.38,450,ORANGE ST NO 1,ORANGE ST NO 1,GROVE ST,,,,,41.30976,-72.92102,14,Motor Vehicle in Operation,4,"Sideswipe, same direction",1,On Roadway,4,Rain,88,Not Applicable,1,Daylight,2,Wet,0,None,88,Not Applicable,88,Not Applicable,0,None,88,Not Applicable,88,Not Applicable,2,Intersection,2,Four-Way Intersection,1,No,1,No,88,Not Applicable,88,Not Applicable,88,Not Applicable,88,Not Applicable,FALSE,1,Public Road,1,"Trafficway, On Road",CT0009300,New Haven PD,44049,36:53.0,C,Closed,01:36.0,,,,,,,
1011404,1,Complete,1011404,1011404,41.2861658,-72.8955257,3505600,New Haven,93,93,New Haven,1/4/2023,2023,1,January,4,4,Wednesday,20:26:00,20,23000594,A,"Injury of any type (Serious, Minor, Possible)",C,Possible Injury (C),2,0,0,4,Local,1.16,678,WOODWARD AV,WOODWARD AV,,PARK LN,500,Feet,S,41.2861658,-72.8955257,14,Motor Vehicle in Operation,1,Front to rear,1,On Roadway,4,Rain,88,Not Applicable,4,Dark-Lighted,2,Wet,0,None,88,Not Applicable,88,Not Applicable,0,None,88,Not Applicable,88,Not Applicable,1,Non-Junction,1,Not at Intersection,1,No,1,No,88,Not Applicable,88,Not Applicable,88,Not Applicable,88,Not Applicable,FALSE,1,Public Road,1,"Trafficway, On Road",CT0009300,New Haven PD,40807,17:57.0,C,Closed,01:42.0,,,,,,,