CrashId,Fatal Case Status,Fatal Case Status Text Format,CrashId,CrashId,Latitude,Longitude,DOT Case Number,Town Name,Town Number,Town Number,Town Number Text Format,Date Of Crash,Year,Month,Month Text Format,Day,Day of the Week,Day of the Week Text Format,Time of Crash,Hour of the Day,Case Identifier,Crash Severity,Crash Severity Text Format,Most Severe Injury,Most Severe Injury Text Format,Number Of Motor Vehicles,Number Of Non-Motorist,Number Of Witnesses,Route Class,Route Class Text Format,Milemarker,Road Number,Road Description,Roadway Name,Intersecting Roadway Name,Landmark Description,Distance From Nearest Landmark,Unit Of Measure From Nearest Landmark,Direction From Nearest Landmark,Latitude,Longitude,First Harmful Event,First Harmful Event Text Format,Manner of Crash / Collision Impact,Manner of Crash / Collision Impact Text Format,Location of First Harmful Event,Location of First Harmful Event Text Format,Weather Condition,Weather Condition Text Format,Weather 2,Weather 2 Text Format,Light Condition,Light Condition Text Format,Road Surface Condition,Road Surface Condition Text Format,"Contributing Circumstances, Environment","Contributing Circumstances, Environment Text Format",Environment 2,Environment 2 Text Format,Environment 3,Environment 3 Text Format,"Contributing Circumstances, Road","Contributing Circumstances, Road Text Format",Road 2,Road 2 Text Format,Road 3,Road 3 Text Format,Crash Specific Location,Crash Specific Location Text Format,Type of Intersection,Type of Intersection Text Format,School Bus Related,School Bus Related Text Format,Work Zone Related,Work Zone Related Text Format,Location Of Crash Relative To Work Zone,Location Of Crash Relative To Work Zone Text Format,Type of Work Zone,Type of Work Zone Text Format,Worker Presence,Worker Presence Text Format,Law Enforcement Presence,Law Enforcement Presence Text Format,Were Vehicles Moved Prior To Police Arrival,Trafficway Ownership,Trafficway Ownership Text Format,Trafficway Class,Trafficway Class Text Format,Police Agency,Police Agency Text Format,Badge Number,Approval Date,Police Case Status,Police Case Status Text Format,Crash Report Submission Date,Related Case Identifiers,No. of Through Lanes (Log Dir.),Average Daily Traffic,Functional Classification,Functional Classification Text Format,Rural or Urban,Rural or Urban Text Format
1011670,1,Complete,1011670,1011670,41.301428,-72.92778,3505866,New Haven,93,93,New Haven,12/22/2022,2022,12,December,22,5,Thursday,17:00:00,17,22043279,A,"Injury of any type (Serious, Minor, Possible)",A,Suspected Serious Injury (A),1,2,0,,,,,,18 TOWER LN,,CHURCH ST S,100,Feet,E,41.301428,-72.92778,9,Pedestrian,88,Not Applicable,1,On Roadway,4,Rain,88,Not Applicable,6,Dark-Unknown Lighting,2,Wet,1,Weather Conditions,88,Not Applicable,88,Not Applicable,99,Unknown,88,Not Applicable,88,Not Applicable,1,Non-Junction,1,Not at Intersection,1,No,1,No,88,Not Applicable,88,Not Applicable,88,Not Applicable,88,Not Applicable,FALSE,1,Public Road,4,Parking Lot,CT0009300,New Haven PD,43690,30:43.0,C,Closed,00:50.0,,,,,,,
1011679,1,Complete,1011679,1011679,41.30656,-72.95292,3505875,New Haven,93,93,New Haven,1/4/2023,2023,1,January,4,4,Wednesday,9:28:00,9,23000418,A,"Injury of any type (Serious, Minor, Possible)",C,Possible Injury (C),2,0,0,4,Local,0,466,PARMELEE AV,PARMELEE AV,MILLER ST,,,,,41.30656,-72.95292,14,Motor Vehicle in Operation,2,Front to front,1,On Roadway,1,Clear,88,Not Applicable,1,Daylight,2,Wet,0,None,88,Not Applicable,88,Not Applicable,0,None,88,Not Applicable,88,Not Applicable,2,Intersection,3,T-Intersection,1,No,1,No,88,Not Applicable,88,Not Applicable,88,Not Applicable,88,Not Applicable,FALSE,1,Public Road,1,"Trafficway, On Road",CT0009300,New Haven PD,324,11:51.0,C,Closed,00:48.0,,,,,,,
1011682,1,Complete,1011682,1011682,41.31584,-72.94879,3505878,New Haven,93,93,New Haven,1/4/2023,2023,1,January,4,4,Wednesday,21:56:00,21,23000608,A,"Injury of any type (Serious, Minor, Possible)",C,Possible Injury (C),2,0,0,4,Local,0.4,193,ELLSWORTH AV,ELLSWORTH AV,MAPLE ST,,,,,41.31584,-72.94879,14,Motor Vehicle in Operation,3,Angle,1,On Roadway,1,Clear,88,Not Applicable,4,Dark-Lighted,1,Dry,0,None,88,Not Applicable,88,Not Applicable,0,None,88,Not Applicable,88,Not Applicable,2,Intersection,2,Four-Way Intersection,1,No,1,No,88,Not Applicable,88,Not Applicable,88,Not Applicable,88,Not Applicable,TRUE,1,Public Road,1,"Trafficway, On Road",CT0009300,New Haven PD,182,58:27.0,O,Open,00:51.0,,,,,,,
1011683,1,Complete,1011683,1011683,41.31731,-72.94404,3505879,New Haven,93,93,New Haven,1/4/2023,2023,1,January,4,4,Wednesday,22:56:00,22,23000619,A,"Injury of any type (Serious, Minor, Possible)",C,Possible Injury (C),2,0,0,4,Local,0.29,653,WHALLEY AV,WHALLEY AV,,WINTHROP AVE,132,Feet,E,41.31731,-72.94404,14,Motor Vehicle in Operation,3,Angle,1,On Roadway,4,Rain,88,Not Applicable,4,Dark-Lighted,2,Wet,0,None,88,Not Applicable,88,Not Applicable,0,None,88,Not Applicable,88,Not Applicable,1,Non-Junction,1,Not at Intersection,1,No,1,No,88,Not Applicable,88,Not Applicable,88,Not Applicable,88,Not Applicable,TRUE,1,Public Road,1,"Trafficway, On Road",CT0009300,New Haven PD,44339,42:33.0,C,Closed,00:45.0,,,,,,,
1011685,1,Complete,1011685,1011685,41.325179,-72.92782,3505881,New Haven,93,93,New Haven,1/5/2023,2023,1,January,5,5,Thursday,23:23:00,23,23000767,A,"Injury of any type (Serious, Minor, Possible)",B,Suspected Minor Injury (B),1,0,0,4,Local,0.65,669,WINCHESTER AV,WINCHESTER AV,,DIVISION ST,100,Feet,S,41.325179,-72.92782,25,Curb,88,Not Applicable,1,On Roadway,1,Clear,88,Not Applicable,4,Dark-Lighted,1,Dry,0,None,88,Not Applicable,88,Not Applicable,0,None,88,Not Applicable,88,Not Applicable,1,Non-Junction,1,Not at Intersection,1,No,1,No,88,Not Applicable,88,Not Applicable,88,Not Applicable,88,Not Applicable,FALSE,1,Public Road,1,"Trafficway, On Road",CT0009300,New Haven PD,344,54:48.0,C,Closed,00:54.0,,2,5400,5,MAJOR COLLECTOR - NEW HPMS,2,Urban
1012078,1,Complete,1012078,1012078,41.328609,-72.957082,3506274,New Haven,93,93,New Haven,12/12/2022,2022,12,December,12,2,Monday,8:10:00,8,22041989,A,"Injury of any type (Serious, Minor, Possible)",C,Possible Injury (C),3,0,0,4,Local,0.79,56,BLAKE ST,BLAKE ST,,WHALLEY AVE,50,Feet,S,41.328609,-72.957082,14,Motor Vehicle in Operation,1,Front to rear,1,On Roadway,7,Snow,88,Not Applicable,1,Daylight,5,Ice / Frost,1,Weather Conditions,88,Not Applicable,88,Not Applicable,0,None,88,Not Applicable,88,Not Applicable,1,Non-Junction,1,Not at Intersection,1,No,1,No,88,Not Applicable,88,Not Applicable,88,Not Applicable,88,Not Applicable,FALSE,1,Public Road,1,"Trafficway, On Road",CT0009300,New Haven PD,38715,09:35.0,C,Closed,00:15.0,22-041989,,,,,,
1012082,1,Complete,1012082,1012082,41.315814,-72.892029,3506278,New Haven,93,93,New Haven,1/5/2023,2023,1,January,5,5,Thursday,19:15:00,19,23000080,A,"Injury of any type (Serious, Minor, Possible)",C,Possible Injury (C),2,0,0,4,Local,0.45,113,CLINTON AV,CLINTON AV,LOMBARD ST,,,,,41.315814,-72.892029,15,Parked Motor Vehicle,1,Front to rear,1,On Roadway,1,Clear,88,Not Applicable,4,Dark-Lighted,1,Dry,99,Unknown,88,Not Applicable,88,Not Applicable,0,None,88,Not Applicable,88,Not Applicable,2,Intersection,2,Four-Way Intersection,99,Unknown,1,No,88,Not Applicable,88,Not Applicable,88,Not Applicable,88,Not Applicable,FALSE,88,Not Applicable,99,Unknown,CT0009300,New Haven PD,36335,23:54.0,C,Closed,00:20.0,,,,,,,
1012103,1,Complete,1012103,1012103,41.315657,-72.928991,3506299,New Haven,93,93,New Haven,1/7/2023,2023,1,January,7,7,Saturday,2:42:00,2,23000927,A,"Injury of any type (Serious, Minor, Possible)",C,Possible Injury (C),2,0,0,4,Local,0.26,736,ASHMUN ST NO 2,ASHMUN ST NO 2,LOCK ST,,,,,41.315657,-72.928991,14,Motor Vehicle in Operation,3,Angle,1,On Roadway,1,Clear,88,Not Applicable,4,Dark-Lighted,1,Dry,0,None,88,Not Applicable,88,Not Applicable,0,None,88,Not Applicable,88,Not Applicable,2,Intersection,3,T-Intersection,1,No,1,No,88,Not Applicable,88,Not Applicable,88,Not Applicable,88,Not Applicable,FALSE,1,Public Road,1,"Trafficway, On Road",CT0009300,New Haven PD,44055,07:11.0,C,Closed,00:27.0,,,,,,,
1012104,1,Complete,1012104,1012104,41.314155,-72.939926,3506300,New Haven,93,93,New Haven,1/7/2023,2023,1,January,7,7,Saturday,2:58:00,2,23000931,A,"Injury of any type (Serious, Minor, Possible)",C,Possible Injury (C),2,0,0,4,Local,0.9,453,ORCHARD ST,ORCHARD ST,ELM ST NO 1,,,,,41.314155,-72.939926,14,Motor Vehicle in Operation,3,Angle,1,On Roadway,4,Rain,88,Not Applicable,4,Dark-Lighted,2,Wet,0,None,88,Not Applicable,88,Not Applicable,0,None,88,Not Applicable,88,Not Applicable,2,Intersection,2,Four-Way Intersection,1,No,1,No,88,Not Applicable,88,Not Applicable,88,Not Applicable,88,Not Applicable,FALSE,1,Public Road,1,"Trafficway, On Road",CT0009300,New Haven PD,44339,11:11.0,C,Closed,00:17.0,,,,,,,
1012112,1,Complete,1012112,1012112,41.323756,-72.881587,3506308,New Haven,93,93,New Haven,1/8/2023,2023,1,January,8,1,Sunday,19:15:00,19,23001089,A,"Injury of any type (Serious, Minor, Possible)",C,Possible Injury (C),2,0,0,1,Interstate,0.15,91,91-N-16,91-N-16,17-N,,,,,41.323756,-72.881587,14,Motor Vehicle in Operation,3,Angle,1,On Roadway,1,Clear,88,Not Applicable,5,Dark-Not Lighted,1,Dry,0,None,88,Not Applicable,88,Not Applicable,0,None,88,Not Applicable,88,Not Applicable,5,Entrance / Exit Ramp-Related,1,Not at Intersection,1,No,1,No,88,Not Applicable,88,Not Applicable,88,Not Applicable,88,Not Applicable,TRUE,1,Public Road,1,"Trafficway, On Road",CT0009300,New Haven PD,409,47:27.0,C,Closed,00:25.0,,2,28800,1,INTERSTATE - NEW HPMS,2,Urban
1012676,1,Complete,1012676,1012676,41.29001,-72.9404,3506872,New Haven,93,93,New Haven,1/7/2023,2023,1,January,7,7,Saturday,20:35:00,20,23001002,A,"Injury of any type (Serious, Minor, Possible)",C,Possible Injury (C),2,0,0,3,State,0.62,10,10-N,10-N,ROAD A,,,,,41.29001,-72.9404,14,Motor Vehicle in Operation,1,Front to rear,1,On Roadway,1,Clear,88,Not Applicable,1,Daylight,1,Dry,0,None,88,Not Applicable,88,Not Applicable,0,None,88,Not Applicable,88,Not Applicable,2,Intersection,2,Four-Way Intersection,1,No,1,No,88,Not Applicable,88,Not Applicable,88,Not Applicable,88,Not Applicable,TRUE,1,Public Road,1,"Trafficway, On Road",CT0009300,New Haven PD,44050,48:47.0,C,Closed,01:45.0,,2,18000,3,PRINCIPAL ARTERIAL - OTHER - NEW HPMS,2,Urban
1012677,1,Complete,1012677,1012677,41.306901,-72.94242,3506873,New Haven,93,93,New Haven,1/8/2023,2023,1,January,8,1,Sunday,19:38:00,19,23001069,A,"Injury of any type (Serious, Minor, Possible)",B,Suspected Minor Injury (B),2,0,1,4,Local,1.02,809,REV DR MLK JR BLVD,REV DR MLK JR BLVD,ORCHARD ST,,,,,41.306901,-72.94242,14,Motor Vehicle in Operation,3,Angle,1,On Roadway,1,Clear,1,Clear,4,Dark-Lighted,1,Dry,0,None,88,Not Applicable,88,Not Applicable,0,None,0,None,88,Not Applicable,2,Intersection,2,Four-Way Intersection,1,No,1,No,88,Not Applicable,88,Not Applicable,88,Not Applicable,88,Not Applicable,FALSE,1,Public Road,1,"Trafficway, On Road",CT0009300,New Haven PD,428,47:16.0,O,Open,01:51.0,,,,,,,
1012679,1,Complete,1012679,1012679,41.303637,-72.931499,3506875,New Haven,93,93,New Haven,1/8/2023,2023,1,January,8,1,Sunday,22:47:00,22,23001105,A,"Injury of any type (Serious, Minor, Possible)",B,Suspected Minor Injury (B),2,0,1,4,Local,0.09,564,SOUTH FRONTAGE RD,SOUTH FRONTAGE RD,COLLEGE ST,,,,,41.303637,-72.931499,14,Motor Vehicle in Operation,3,Angle,1,On Roadway,1,Clear,88,Not Applicable,3,Dusk,1,Dry,0,None,88,Not Applicable,88,Not Applicable,0,None,88,Not Applicable,88,Not Applicable,3,Intersection-Related,2,Four-Way Intersection,1,No,1,No,88,Not Applicable,88,Not Applicable,88,Not Applicable,88,Not Applicable,FALSE,1,Public Road,1,"Trafficway, On Road",CT0009300,New Haven PD,44052,18:24.0,C,Closed,01:43.0,,,,,,,
1013373,1,Complete,1013373,1013373,41.29788,-72.933925,3507569,New Haven,93,93,New Haven,1/3/2023,2023,1,January,3,3,Tuesday,10:14:00,10,23000302,A,"Injury of any type (Serious, Minor, Possible)",C,Possible Injury (C),4,0,0,2,USRoute,47.4,1,1-N,1-N,HOWARD AV,,,,,41.29788,-72.933925,14,Motor Vehicle in Operation,4,"Sideswipe, same direction",1,On Roadway,1,Clear,88,Not Applicable,1,Daylight,2,Wet,0,None,88,Not Applicable,88,Not Applicable,0,None,88,Not Applicable,88,Not Applicable,2,Intersection,2,Four-Way Intersection,1,No,1,No,88,Not Applicable,88,Not Applicable,88,Not Applicable,88,Not Applicable,FALSE,1,Public Road,1,"Trafficway, On Road",CT0009300,New Haven PD,281,53:09.0,C,Closed,30:50.0,,1,8400,3,PRINCIPAL ARTERIAL - OTHER - NEW HPMS,1,Rural
1013375,1,Complete,1013375,1013375,41.330552,-72.972099,3507571,New Haven,93,93,New Haven,1/7/2023,2023,1,January,7,7,Saturday,22:20:00,22,23000762,A,"Injury of any type (Serious, Minor, Possible)",C,Possible Injury (C),2,0,0,3,State,0.92,63,63-N,63-N,,W PROSPECT ST,65.26000214,Feet,W,41.330552,-72.972099,14,Motor Vehicle in Operation,2,Front to front,1,On Roadway,4,Rain,88,Not Applicable,5,Dark-Not Lighted,2,Wet,99,Unknown,88,Not Applicable,88,Not Applicable,0,None,88,Not Applicable,88,Not Applicable,1,Non-Junction,1,Not at Intersection,1,No,1,No,88,Not Applicable,88,Not Applicable,88,Not Applicable,88,Not Applicable,FALSE,1,Public Road,1,"Trafficway, On Road",CT0009300,New Haven PD,19532,32:18.0,C,Closed,30:57.0,,2,23000,3,PRINCIPAL ARTERIAL - OTHER - NEW HPMS,2,Urban
1013378,1,Complete,1013378,1013378,41.301879,-72.933483,3507574,New Haven,93,93,New Haven,1/7/2023,2023,1,January,7,7,Saturday,11:07:00,11,23000960,A,"Injury of any type (Serious, Minor, Possible)",C,Possible Injury (C),2,0,0,4,Local,0.79,123,CONGRESS AV,CONGRESS AV,CEDAR ST NO 2,,,,,41.301879,-72.933483,14,Motor Vehicle in Operation,1,Front to rear,1,On Roadway,2,Cloudy,88,Not Applicable,1,Daylight,1,Dry,0,None,88,Not Applicable,88,Not Applicable,0,None,88,Not Applicable,88,Not Applicable,2,Intersection,2,Four-Way Intersection,1,No,1,No,88,Not Applicable,88,Not Applicable,88,Not Applicable,88,Not Applicable,TRUE,1,Public Road,1,"Trafficway, On Road",CT0009300,New Haven PD,43690,38:17.0,C,Closed,31:04.0,,,,,,,
1013382,1,Complete,1013382,1013382,41.317596,-72.949826,3507578,New Haven,93,93,New Haven,1/8/2023,2023,1,January,8,1,Sunday,15:08:00,15,23001065,A,"Injury of any type (Serious, Minor, Possible)",A,Suspected Serious Injury (A),2,0,0,3,State,2.74,10,10-N,10-N,ELM ST NO 1,,,,,41.317596,-72.949826,14,Motor Vehicle in Operation,3,Angle,1,On Roadway,1,Clear,88,Not Applicable,1,Daylight,1,Dry,0,None,88,Not Applicable,88,Not Applicable,0,None,88,Not Applicable,88,Not Applicable,2,Intersection,2,Four-Way Intersection,1,No,1,No,88,Not Applicable,88,Not Applicable,88,Not Applicable,88,Not Applicable,FALSE,1,Public Road,1,"Trafficway, On Road",CT0009300,New Haven PD,79,15:08.0,C,Closed,30:56.0,,1,16900,3,PRINCIPAL ARTERIAL - OTHER - NEW HPMS,1,Rural
1013383,1,Complete,1013383,1013383,41.320499,-72.872192,3507579,New Haven,93,93,New Haven,1/8/2023,2023,1,January,8,1,Sunday,14:30:00,14,23001066,A,"Injury of any type (Serious, Minor, Possible)",B,Suspected Minor Injury (B),2,0,0,3,State,0.54,80,80-E,80-E,,EASTERN ST,20,Feet,W,41.320499,-72.872192,14,Motor Vehicle in Operation,3,Angle,7,In Parking Lane or Zone,2,Cloudy,88,Not Applicable,1,Daylight,1,Dry,0,None,88,Not Applicable,88,Not Applicable,0,None,88,Not Applicable,88,Not Applicable,1,Non-Junction,1,Not at Intersection,1,No,1,No,88,Not Applicable,88,Not Applicable,88,Not Applicable,88,Not Applicable,FALSE,88,Not Applicable,4,Parking Lot,CT0009300,New Haven PD,175,54:39.0,C,Closed,30:56.0,,2,32300,3,PRINCIPAL ARTERIAL - OTHER - NEW HPMS,2,Urban
1013388,1,Complete,1013388,1013388,41.308857,-72.897576,3507584,New Haven,93,93,New Haven,1/10/2023,2023,1,January,10,3,Tuesday,6:48:00,6,23001287,A,"Injury of any type (Serious, Minor, Possible)",C,Possible Injury (C),1,1,0,4,Local,0.62,264,GRAND AV,GRAND AV,,POPLAR ST,200,Feet,W,41.308857,-72.897576,9,Pedestrian,88,Not Applicable,1,On Roadway,1,Clear,88,Not Applicable,1,Daylight,1,Dry,0,None,0,None,88,Not Applicable,0,None,88,Not Applicable,88,Not Applicable,11,Through Roadway,1,Not at Intersection,1,No,1,No,88,Not Applicable,88,Not Applicable,88,Not Applicable,88,Not Applicable,TRUE,1,Public Road,1,"Trafficway, On Road",CT0009300,New Haven PD,42055,25:19.0,C,Closed,30:47.0,,2,14400,4,MINOR ARTERIAL - NEW HPMS,2,Urban
1013390,1,Complete,1013390,1013390,41.313276,-72.937458,3507586,New Haven,93,93,New Haven,1/9/2023,2023,1,January,9,2,Monday,14:30:00,14,23001294,A,"Injury of any type (Serious, Minor, Possible)",B,Suspected Minor Injury (B),1,2,0,4,Local,0.23,194,ELM ST NO 1,ELM ST NO 1,,GARDEN ST,20,Feet,W,41.313276,-72.937458,9,Pedestrian,88,Not Applicable,1,On Roadway,1,Clear,88,Not Applicable,1,Daylight,1,Dry,0,None,88,Not Applicable,88,Not Applicable,0,None,88,Not Applicable,88,Not Applicable,3,Intersection-Related,2,Four-Way Intersection,1,No,1,No,88,Not Applicable,88,Not Applicable,88,Not Applicable,88,Not Applicable,FALSE,1,Public Road,1,"Trafficway, On Road",CT0009300,New Haven PD,238,57:32.0,C,Closed,30:49.0,,2,3199,7,LOCAL - NEW HPMS,2,Urban
1013394,1,Complete,1013394,1013394,41.29857,-72.89244,3507590,New Haven,93,93,New Haven,1/10/2023,2023,1,January,10,3,Tuesday,22:47:00,22,23001398,A,"Injury of any type (Serious, Minor, Possible)",C,Possible Injury (C),4,0,0,4,Local,0.29,210,FARREN AV,FARREN AV,,LANCRAFT ST,50,Feet,N,41.29857,-72.89244,14,Motor Vehicle in Operation,4,"Sideswipe, same direction",1,On Roadway,1,Clear,88,Not Applicable,4,Dark-Lighted,1,Dry,0,None,88,Not Applicable,88,Not Applicable,0,None,88,Not Applicable,88,Not Applicable,1,Non-Junction,1,Not at Intersection,1,No,1,No,88,Not Applicable,88,Not Applicable,88,Not Applicable,88,Not Applicable,FALSE,1,Public Road,1,"Trafficway, On Road",CT0009300,New Haven PD,44176,30:02.0,O,Open,30:52.0,,,,,,,
1013401,1,Complete,1013401,1013401,41.29746,-72.94892,3507597,New Haven,93,93,New Haven,1/12/2023,2023,1,January,12,5,Thursday,2:01:00,2,23001561,A,"Injury of any type (Serious, Minor, Possible)",B,Suspected Minor Injury (B),2,0,0,2,USRoute,46.64,1,1-N,1-N,10-N,,,,,41.29746,-72.94892,14,Motor Vehicle in Operation,2,Front to front,1,On Roadway,1,Clear,88,Not Applicable,4,Dark-Lighted,1,Dry,0,None,88,Not Applicable,88,Not Applicable,0,None,88,Not Applicable,88,Not Applicable,3,Intersection-Related,2,Four-Way Intersection,1,No,1,No,88,Not Applicable,88,Not Applicable,88,Not Applicable,88,Not Applicable,FALSE,1,Public Road,1,"Trafficway, On Road",CT0009300,New Haven PD,42366,53:50.0,C,Closed,31:03.0,,2,20700,3,PRINCIPAL ARTERIAL - OTHER - NEW HPMS,2,Urban
1013530,1,Complete,1013530,1013530,41.314979,-72.951037,3507726,New Haven,93,93,New Haven,1/3/2023,2023,1,January,3,3,Tuesday,23:31:00,23,23000382,A,"Injury of any type (Serious, Minor, Possible)",C,Possible Injury (C),2,0,0,3,State,2.56,10,10-N,10-N,EDGEWOOD AV,,,,,41.314979,-72.951037,14,Motor Vehicle in Operation,1,Front to rear,1,On Roadway,4,Rain,88,Not Applicable,4,Dark-Lighted,2,Wet,0,None,88,Not Applicable,88,Not Applicable,0,None,88,Not Applicable,88,Not Applicable,2,Intersection,3,T-Intersection,1,No,1,No,88,Not Applicable,88,Not Applicable,88,Not Applicable,88,Not Applicable,TRUE,1,Public Road,1,"Trafficway, On Road",CT0009300,New Haven PD,39,23:10.0,C,Closed,00:37.0,23000382,1,19800,3,PRINCIPAL ARTERIAL - OTHER - NEW HPMS,1,Rural
1013532,1,Complete,1013532,1013532,41.344275,-72.962187,3507728,New Haven,93,93,New Haven,1/7/2023,2023,1,January,7,7,Saturday,21:08:00,21,23001007,A,"Injury of any type (Serious, Minor, Possible)",B,Suspected Minor Injury (B),1,1,0,4,Local,0,723,LODGE ST,LODGE ST,LEVEL ST,,,,,41.344275,-72.962187,10,Pedalcycle/Pedalcyclist,97,Other,1,On Roadway,1,Clear,88,Not Applicable,4,Dark-Lighted,1,Dry,0,None,88,Not Applicable,88,Not Applicable,0,None,88,Not Applicable,88,Not Applicable,2,Intersection,3,T-Intersection,1,No,1,No,88,Not Applicable,88,Not Applicable,88,Not Applicable,88,Not Applicable,TRUE,1,Public Road,1,"Trafficway, On Road",CT0009300,New Haven PD,44068,14:24.0,C,Closed,00:38.0,,,,,,,
1013538,1,Complete,1013538,1013538,41.317242,-72.872162,3507734,New Haven,93,93,New Haven,1/12/2023,2023,1,January,12,5,Thursday,10:07:00,10,23001589,A,"Injury of any type (Serious, Minor, Possible)",A,Suspected Serious Injury (A),3,0,1,4,Local,0.74,167,EASTERN ST,EASTERN ST,,FOXON STREET,450,Feet,S,41.317242,-72.872162,14,Motor Vehicle in Operation,1,Front to rear,1,On Roadway,4,Rain,88,Not Applicable,1,Daylight,2,Wet,1,Weather Conditions,88,Not Applicable,88,Not Applicable,0,None,88,Not Applicable,88,Not Applicable,1,Non-Junction,1,Not at Intersection,1,No,1,No,88,Not Applicable,88,Not Applicable,88,Not Applicable,88,Not Applicable,FALSE,1,Public Road,1,"Trafficway, On Road",CT0009300,New Haven PD,44338,58:43.0,C,Closed,00:37.0,,,,,,,
1014013,1,Complete,1014013,1014013,41.31054,-72.94079,3508209,New Haven,93,93,New Haven,1/5/2023,2023,1,January,5,5,Thursday,23:10:00,23,23000768,A,"Injury of any type (Serious, Minor, Possible)",A,Suspected Serious Injury (A),2,0,0,4,Local,2.61,97,CHAPEL ST,CHAPEL ST,,ORCHARD ST,100,Feet,E,41.31054,-72.94079,14,Motor Vehicle in Operation,4,"Sideswipe, same direction",1,On Roadway,1,Clear,88,Not Applicable,4,Dark-Lighted,1,Dry,0,None,88,Not Applicable,88,Not Applicable,0,None,88,Not Applicable,88,Not Applicable,1,Non-Junction,1,Not at Intersection,1,No,1,No,88,Not Applicable,88,Not Applicable,88,Not Applicable,88,Not Applicable,FALSE,1,Public Road,1,"Trafficway, On Road",CT0009300,New Haven PD,503,44:46.0,O,Open,01:35.0,,,,,,,
1014015,1,Complete,1014015,1014015,41.30823,-72.93797,3508211,New Haven,93,93,New Haven,1/10/2023,2023,1,January,10,3,Tuesday,6:26:00,6,23001286,A,"Injury of any type (Serious, Minor, Possible)",C,Possible Injury (C),2,0,0,4,Local,0.64,248,GEORGE ST,GEORGE ST,DWIGHT ST,,,,,41.30823,-72.93797,14,Motor Vehicle in Operation,3,Angle,1,On Roadway,1,Clear,88,Not Applicable,2,Dawn,1,Dry,0,None,88,Not Applicable,88,Not Applicable,0,None,88,Not Applicable,88,Not Applicable,2,Intersection,2,Four-Way Intersection,1,No,1,No,88,Not Applicable,88,Not Applicable,88,Not Applicable,88,Not Applicable,FALSE,1,Public Road,1,"Trafficway, On Road",CT0009300,New Haven PD,40789,55:22.0,C,Closed,01:36.0,,,,,,,
1014026,1,Complete,1014026,1014026,41.331802,-72.97395,3508222,New Haven,93,93,New Haven,1/13/2023,2023,1,January,13,6,Friday,12:11:00,12,23001784,A,"Injury of any type (Serious, Minor, Possible)",C,Possible Injury (C),3,0,0,3,State,1.05,63,63-N,63-N,,ANTHONY ST,80,Feet,S,41.331802,-72.97395,14,Motor Vehicle in Operation,1,Front to rear,1,On Roadway,2,Cloudy,88,Not Applicable,1,Daylight,2,Wet,0,None,88,Not Applicable,88,Not Applicable,0,None,88,Not Applicable,88,Not Applicable,9,Driveway Access-Related,1,Not at Intersection,1,No,1,No,88,Not Applicable,88,Not Applicable,88,Not Applicable,88,Not Applicable,FALSE,1,Public Road,1,"Trafficway, On Road",CT0009300,New Haven PD,332,06:29.0,C,Closed,01:37.0,,2,23000,3,PRINCIPAL ARTERIAL - OTHER - NEW HPMS,2,Urban
1014029,1,Complete,1014029,1014029,41.339382,-72.976926,3508225,New Haven,93,93,New Haven,1/13/2023,2023,1,January,13,6,Friday,17:25:00,17,23001854,A,"Injury of any type (Serious, Minor, Possible)",C,Possible Injury (C),2,0,0,3,State,0.34,69,69-N,69-N,,POND LILY AVE,155,Feet,N,41.339382,-72.976926,14,Motor Vehicle in Operation,1,Front to rear,1,On Roadway,2,Cloudy,88,Not Applicable,4,Dark-Lighted,1,Dry,0,None,88,Not Applicable,88,Not Applicable,0,None,88,Not Applicable,88,Not Applicable,3,Intersection-Related,3,T-Intersection,1,No,1,No,88,Not Applicable,88,Not Applicable,88,Not Applicable,88,Not Applicable,TRUE,1,Public Road,1,"Trafficway, On Road",CT0009300,New Haven PD,170,38:53.0,C,Closed,01:33.0,,1,21100,3,PRINCIPAL ARTERIAL - OTHER - NEW HPMS,1,Rural
1014031,1,Complete,1014031,1014031,41.30627,-72.93547,3508227,New Haven,93,93,New Haven,1/13/2023,2023,1,January,13,6,Friday,23:00:00,23,23001890,A,"Injury of any type (Serious, Minor, Possible)",C,Possible Injury (C),2,0,0,4,Local,0.64,809,REV DR MLK JR BLVD,REV DR MLK JR BLVD,PARK ST,,,,,41.30627,-72.93547,14,Motor Vehicle in Operation,3,Angle,1,On Roadway,1,Clear,88,Not Applicable,4,Dark-Lighted,1,Dry,0,None,88,Not Applicable,88,Not Applicable,0,None,88,Not Applicable,88,Not Applicable,2,Intersection,2,Four-Way Intersection,1,No,1,No,88,Not Applicable,88,Not Applicable,88,Not Applicable,88,Not Applicable,FALSE,1,Public Road,1,"Trafficway, On Road",CT0009300,New Haven PD,503,10:27.0,C,Closed,01:40.0,,,,,,,
1014033,1,Complete,1014033,1014033,41.319086,-72.929954,3508229,New Haven,93,93,New Haven,1/14/2023,2023,1,January,14,7,Saturday,5:37:00,5,23001910,A,"Injury of any type (Serious, Minor, Possible)",B,Suspected Minor Injury (B),1,0,0,4,Local,0.02,736,ASHMUN ST NO 2,ASHMUN ST NO 2,,FOOTE ST,235,Feet,N,41.319086,-72.929954,28,Guardrail Face,88,Not Applicable,1,On Roadway,1,Clear,88,Not Applicable,5,Dark-Not Lighted,1,Dry,0,None,88,Not Applicable,88,Not Applicable,0,None,88,Not Applicable,88,Not Applicable,1,Non-Junction,1,Not at Intersection,1,No,1,No,88,Not Applicable,88,Not Applicable,88,Not Applicable,88,Not Applicable,TRUE,1,Public Road,1,"Trafficway, On Road",CT0009300,New Haven PD,38715,55:42.0,C,Closed,01:41.0,23-001910,2,5031,7,LOCAL - NEW HPMS,2,Urban