CrashId,Fatal Case Status,Fatal Case Status Text Format,CrashId,CrashId,Latitude,Longitude,DOT Case Number,Town Name,Town Number,Town Number,Town Number Text Format,Date Of Crash,Year,Month,Month Text Format,Day,Day of the Week,Day of the Week Text Format,Time of Crash,Hour of the Day,Case Identifier,Crash Severity,Crash Severity Text Format,Most Severe Injury,Most Severe Injury Text Format,Number Of Motor Vehicles,Number Of Non-Motorist,Number Of Witnesses,Route Class,Route Class Text Format,Milemarker,Road Number,Road Description,Roadway Name,Intersecting Roadway Name,Landmark Description,Distance From Nearest Landmark,Unit Of Measure From Nearest Landmark,Direction From Nearest Landmark,Latitude,Longitude,First Harmful Event,First Harmful Event Text Format,Manner of Crash / Collision Impact,Manner of Crash / Collision Impact Text Format,Location of First Harmful Event,Location of First Harmful Event Text Format,Weather Condition,Weather Condition Text Format,Weather 2,Weather 2 Text Format,Light Condition,Light Condition Text Format,Road Surface Condition,Road Surface Condition Text Format,"Contributing Circumstances, Environment","Contributing Circumstances, Environment Text Format",Environment 2,Environment 2 Text Format,Environment 3,Environment 3 Text Format,"Contributing Circumstances, Road","Contributing Circumstances, Road Text Format",Road 2,Road 2 Text Format,Road 3,Road 3 Text Format,Crash Specific Location,Crash Specific Location Text Format,Type of Intersection,Type of Intersection Text Format,School Bus Related,School Bus Related Text Format,Work Zone Related,Work Zone Related Text Format,Location Of Crash Relative To Work Zone,Location Of Crash Relative To Work Zone Text Format,Type of Work Zone,Type of Work Zone Text Format,Worker Presence,Worker Presence Text Format,Law Enforcement Presence,Law Enforcement Presence Text Format,Were Vehicles Moved Prior To Police Arrival,Trafficway Ownership,Trafficway Ownership Text Format,Trafficway Class,Trafficway Class Text Format,Police Agency,Police Agency Text Format,Badge Number,Approval Date,Police Case Status,Police Case Status Text Format,Crash Report Submission Date,Related Case Identifiers,No. of Through Lanes (Log Dir.),Average Daily Traffic,Functional Classification,Functional Classification Text Format,Rural or Urban,Rural or Urban Text Format
1014037,1,Complete,1014037,1014037,41.30664,-72.931119,3508233,New Haven,93,93,New Haven,1/14/2023,2023,1,January,14,7,Saturday,19:09:00,19,23001963,A,"Injury of any type (Serious, Minor, Possible)",C,Possible Injury (C),2,0,0,4,Local,0.46,136,CROWN ST,CROWN ST,,HIGH ST,25,Feet,S,41.30664,-72.931119,14,Motor Vehicle in Operation,1,Front to rear,1,On Roadway,1,Clear,88,Not Applicable,4,Dark-Lighted,1,Dry,0,None,88,Not Applicable,88,Not Applicable,0,None,88,Not Applicable,88,Not Applicable,1,Non-Junction,1,Not at Intersection,1,No,1,No,88,Not Applicable,88,Not Applicable,88,Not Applicable,88,Not Applicable,FALSE,1,Public Road,1,"Trafficway, On Road",CT0009300,New Haven PD,221,11:13.0,C,Closed,01:40.0,,,,,,,
1014044,1,Complete,1014044,1014044,41.3017105,-72.8902687,3508240,New Haven,93,93,New Haven,1/15/2023,2023,1,January,15,1,Sunday,19:38:00,19,23002061,A,"Injury of any type (Serious, Minor, Possible)",B,Suspected Minor Injury (B),1,0,0,,,,,,400 QUINNIPIAC AVE,,Quinnipiac Ave,140,Feet,W,41.3017105,-72.8902687,18,Other Non-Fixed Object,88,Not Applicable,4,Roadside,1,Clear,88,Not Applicable,4,Dark-Lighted,1,Dry,0,None,88,Not Applicable,88,Not Applicable,0,None,88,Not Applicable,88,Not Applicable,1,Non-Junction,1,Not at Intersection,1,No,1,No,88,Not Applicable,88,Not Applicable,88,Not Applicable,88,Not Applicable,FALSE,1,Public Road,1,"Trafficway, On Road",CT0009300,New Haven PD,263,39:28.0,C,Closed,01:47.0,,,,,,,
1014618,1,Complete,1014618,1014618,41.323885,-72.881481,3508814,New Haven,93,93,New Haven,1/11/2023,2023,1,January,11,4,Wednesday,18:30:00,18,23001529,A,"Injury of any type (Serious, Minor, Possible)",C,Possible Injury (C),2,0,0,3,State,0,80,80-W,80-W,17-N,,,,,41.323885,-72.881481,14,Motor Vehicle in Operation,2,Front to front,1,On Roadway,1,Clear,88,Not Applicable,4,Dark-Lighted,1,Dry,0,None,88,Not Applicable,88,Not Applicable,0,None,88,Not Applicable,88,Not Applicable,2,Intersection,2,Four-Way Intersection,1,No,1,No,88,Not Applicable,88,Not Applicable,88,Not Applicable,88,Not Applicable,FALSE,1,Public Road,1,"Trafficway, On Road",CT0009300,New Haven PD,44176,09:27.0,C,Closed,01:56.0,,2,32300,3,PRINCIPAL ARTERIAL - OTHER - NEW HPMS,2,Urban
1014620,1,Complete,1014620,1014620,41.334219,-72.947509,3508816,New Haven,93,93,New Haven,1/14/2023,2023,1,January,14,7,Saturday,5:21:00,5,23001908,A,"Injury of any type (Serious, Minor, Possible)",C,Possible Injury (C),2,0,0,3,State,4.26,10,10-N,10-N,PINE ROCK AV,,,,,41.334219,-72.947509,14,Motor Vehicle in Operation,1,Front to rear,1,On Roadway,1,Clear,88,Not Applicable,4,Dark-Lighted,1,Dry,0,None,88,Not Applicable,88,Not Applicable,0,None,88,Not Applicable,88,Not Applicable,2,Intersection,4,Y-Intersection,1,No,1,No,88,Not Applicable,88,Not Applicable,88,Not Applicable,88,Not Applicable,FALSE,1,Public Road,1,"Trafficway, On Road",CT0009300,New Haven PD,44055,35:15.0,C,Closed,01:57.0,,2,10700,4,MINOR ARTERIAL - NEW HPMS,2,Urban
1014882,1,Complete,1014882,1014882,41.314978,-72.951048,3509078,New Haven,93,93,New Haven,1/17/2023,2023,1,January,17,3,Tuesday,20:47:00,20,23002335,A,"Injury of any type (Serious, Minor, Possible)",C,Possible Injury (C),2,0,0,3,State,2.56,10,10-N,10-N,EDGEWOOD AV,,,,,41.314978,-72.951048,14,Motor Vehicle in Operation,1,Front to rear,1,On Roadway,1,Clear,88,Not Applicable,4,Dark-Lighted,1,Dry,0,None,88,Not Applicable,88,Not Applicable,0,None,88,Not Applicable,88,Not Applicable,2,Intersection,2,Four-Way Intersection,1,No,1,No,88,Not Applicable,88,Not Applicable,88,Not Applicable,88,Not Applicable,FALSE,1,Public Road,1,"Trafficway, On Road",CT0009300,New Haven PD,44055,31:46.0,C,Closed,00:17.0,,1,19800,3,PRINCIPAL ARTERIAL - OTHER - NEW HPMS,1,Rural
1015173,1,Complete,1015173,1015173,41.33045,-72.9103,3509369,New Haven,93,93,New Haven,7/28/2022,2022,7,July,28,5,Thursday,6:09:00,6,22025067,A,"Injury of any type (Serious, Minor, Possible)",C,Possible Injury (C),1,1,0,4,Local,0.09,171,EAST ROCK RD,EAST ROCK RD,LIVINGSTON ST,,,,,41.33045,-72.9103,9,Pedestrian,88,Not Applicable,1,On Roadway,1,Clear,88,Not Applicable,2,Dawn,1,Dry,0,None,88,Not Applicable,88,Not Applicable,0,None,88,Not Applicable,88,Not Applicable,2,Intersection,2,Four-Way Intersection,1,No,1,No,88,Not Applicable,88,Not Applicable,88,Not Applicable,88,Not Applicable,FALSE,1,Public Road,1,"Trafficway, On Road",CT0009300,New Haven PD,41104,53:00.0,C,Closed,00:36.0,,2,3738,7,LOCAL - NEW HPMS,2,Urban
1015176,1,Complete,1015176,1015176,41.33242,-72.97455,3509372,New Haven,93,93,New Haven,1/13/2023,2023,1,January,13,6,Friday,22:26:00,22,23001887,A,"Injury of any type (Serious, Minor, Possible)",C,Possible Injury (C),1,1,0,3,State,1.06,63,63-N,63-N,ANTHONY ST,,,,,41.33242,-72.97455,9,Pedestrian,88,Not Applicable,8,"Off Roadway,  Location Unknown",1,Clear,88,Not Applicable,4,Dark-Lighted,1,Dry,0,None,88,Not Applicable,88,Not Applicable,0,None,88,Not Applicable,88,Not Applicable,1,Non-Junction,1,Not at Intersection,1,No,1,No,88,Not Applicable,88,Not Applicable,88,Not Applicable,88,Not Applicable,FALSE,1,Public Road,4,Parking Lot,CT0009300,New Haven PD,19532,53:32.0,O,Open,00:46.0,,4,22900,3,PRINCIPAL ARTERIAL - OTHER - NEW HPMS,2,Urban
1015179,1,Complete,1015179,1015179,41.311358,-72.944562,3509375,New Haven,93,93,New Haven,1/16/2023,2023,1,January,16,2,Monday,22:34:00,22,23002196,A,"Injury of any type (Serious, Minor, Possible)",C,Possible Injury (C),2,0,1,4,Local,0.39,556,SHERMAN AV,SHERMAN AV,CHAPEL ST,,,,,41.311358,-72.944562,14,Motor Vehicle in Operation,4,"Sideswipe, same direction",1,On Roadway,1,Clear,88,Not Applicable,4,Dark-Lighted,1,Dry,0,None,88,Not Applicable,88,Not Applicable,0,None,88,Not Applicable,88,Not Applicable,2,Intersection,3,T-Intersection,1,No,1,No,88,Not Applicable,88,Not Applicable,88,Not Applicable,88,Not Applicable,FALSE,1,Public Road,1,"Trafficway, On Road",CT0009300,New Haven PD,44055,43:20.0,C,Closed,00:16.0,,,,,,,
1015180,1,Complete,1015180,1015180,41.31269619,-72.93493604,3509376,New Haven,93,93,New Haven,1/17/2023,2023,1,January,17,3,Tuesday,9:23:00,9,23002217,A,"Injury of any type (Serious, Minor, Possible)",C,Possible Injury (C),1,1,0,4,Local,0.08,160,DWIGHT ST,DWIGHT ST,ELM ST NO 1,,,,,41.31269619,-72.93493604,9,Pedestrian,88,Not Applicable,7,In Parking Lane or Zone,1,Clear,88,Not Applicable,1,Daylight,1,Dry,99,Unknown,88,Not Applicable,88,Not Applicable,99,Unknown,88,Not Applicable,88,Not Applicable,97,Other,1,Not at Intersection,1,No,1,No,88,Not Applicable,88,Not Applicable,88,Not Applicable,88,Not Applicable,FALSE,2,Private Road,4,Parking Lot,CT0009300,New Haven PD,758,59:21.0,C,Closed,00:40.0,,,,,,,
1015182,1,Complete,1015182,1015182,41.32543,-72.9526,3509378,New Haven,93,93,New Haven,1/17/2023,2023,1,January,17,3,Tuesday,15:41:00,15,23002269,A,"Injury of any type (Serious, Minor, Possible)",C,Possible Injury (C),2,0,0,4,Local,0.4,56,BLAKE ST,BLAKE ST,,DIAMOND ST,12,Feet,W,41.32543,-72.9526,14,Motor Vehicle in Operation,3,Angle,1,On Roadway,2,Cloudy,88,Not Applicable,1,Daylight,1,Dry,0,None,88,Not Applicable,88,Not Applicable,0,None,88,Not Applicable,88,Not Applicable,1,Non-Junction,1,Not at Intersection,1,No,1,No,88,Not Applicable,88,Not Applicable,88,Not Applicable,88,Not Applicable,FALSE,1,Public Road,1,"Trafficway, On Road",CT0009300,New Haven PD,276,21:00.0,C,Closed,00:14.0,23002269,,,,,,
1015183,1,Complete,1015183,1015183,41.310498,-72.922581,3509379,New Haven,93,93,New Haven,1/17/2023,2023,1,January,17,3,Tuesday,16:18:00,16,23002275,A,"Injury of any type (Serious, Minor, Possible)",C,Possible Injury (C),2,0,0,4,Local,0,656,WHITNEY AV,WHITNEY AV,GROVE ST,,,,,41.310498,-72.922581,14,Motor Vehicle in Operation,1,Front to rear,1,On Roadway,1,Clear,88,Not Applicable,4,Dark-Lighted,1,Dry,0,None,88,Not Applicable,88,Not Applicable,0,None,88,Not Applicable,88,Not Applicable,1,Non-Junction,1,Not at Intersection,1,No,1,No,88,Not Applicable,88,Not Applicable,88,Not Applicable,88,Not Applicable,TRUE,1,Public Road,1,"Trafficway, On Road",CT0009300,New Haven PD,221,54:13.0,C,Closed,00:13.0,,,,,,,
1015186,1,Complete,1015186,1015186,41.3272748,-72.9681555,3509382,New Haven,93,93,New Haven,1/17/2023,2023,1,January,17,3,Tuesday,18:41:00,18,23002319,A,"Injury of any type (Serious, Minor, Possible)",B,Suspected Minor Injury (B),2,0,0,3,State,6.22,243,243-W,243-W,122-N,,,,,41.3272748,-72.9681555,14,Motor Vehicle in Operation,5,"Sideswipe, opposite direction",1,On Roadway,1,Clear,88,Not Applicable,4,Dark-Lighted,1,Dry,0,None,88,Not Applicable,88,Not Applicable,0,None,88,Not Applicable,88,Not Applicable,2,Intersection,3,T-Intersection,1,No,1,No,88,Not Applicable,88,Not Applicable,88,Not Applicable,88,Not Applicable,FALSE,1,Public Road,1,"Trafficway, On Road",CT0009300,New Haven PD,286,07:33.0,C,Closed,00:42.0,,,,,,,
1015187,1,Complete,1015187,1015187,41.31988,-72.90625,3509383,New Haven,93,93,New Haven,1/18/2023,2023,1,January,18,4,Wednesday,7:55:00,7,23002362,A,"Injury of any type (Serious, Minor, Possible)",C,Possible Injury (C),2,0,0,4,Local,0.31,666,WILLOW ST,WILLOW ST,MITCHELL DR,,,,,41.31988,-72.90625,14,Motor Vehicle in Operation,5,"Sideswipe, opposite direction",1,On Roadway,1,Clear,88,Not Applicable,1,Daylight,1,Dry,0,None,88,Not Applicable,88,Not Applicable,0,None,88,Not Applicable,88,Not Applicable,3,Intersection-Related,3,T-Intersection,1,No,1,No,88,Not Applicable,88,Not Applicable,88,Not Applicable,88,Not Applicable,FALSE,1,Public Road,1,"Trafficway, On Road",CT0009300,New Haven PD,991,10:46.0,C,Closed,00:38.0,,,,,,,
1015190,1,Complete,1015190,1015190,41.3228939,-72.9378586,3509386,New Haven,93,93,New Haven,1/18/2023,2023,1,January,18,4,Wednesday,9:19:00,9,23002374,A,"Injury of any type (Serious, Minor, Possible)",C,Possible Injury (C),2,0,0,4,Local,0.25,557,SHERMAN PKWY,SHERMAN PKWY,MUNSON ST,,,,,41.3228939,-72.9378586,14,Motor Vehicle in Operation,4,"Sideswipe, same direction",1,On Roadway,1,Clear,88,Not Applicable,1,Daylight,1,Dry,0,None,88,Not Applicable,88,Not Applicable,0,None,88,Not Applicable,88,Not Applicable,2,Intersection,2,Four-Way Intersection,1,No,1,No,88,Not Applicable,88,Not Applicable,88,Not Applicable,88,Not Applicable,TRUE,1,Public Road,1,"Trafficway, On Road",CT0009300,New Haven PD,42053,51:00.0,C,Closed,00:39.0,,,,,,,
1015468,1,Complete,1015468,1015468,41.32632,-72.95925,3509664,New Haven,93,93,New Haven,1/13/2023,2023,1,January,13,6,Friday,16:03:00,16,23001834,A,"Injury of any type (Serious, Minor, Possible)",C,Possible Injury (C),2,0,0,3,State,0.15,63,63-N,63-N,TOUR AV,,,,,41.32632,-72.95925,14,Motor Vehicle in Operation,2,Front to front,1,On Roadway,1,Clear,88,Not Applicable,1,Daylight,2,Wet,0,None,88,Not Applicable,88,Not Applicable,0,None,88,Not Applicable,88,Not Applicable,3,Intersection-Related,8,"Five-Point, or More",1,No,1,No,88,Not Applicable,88,Not Applicable,88,Not Applicable,88,Not Applicable,FALSE,1,Public Road,1,"Trafficway, On Road",CT0009300,New Haven PD,19532,50:10.0,C,Closed,00:04.0,,1,15500,3,PRINCIPAL ARTERIAL - OTHER - NEW HPMS,2,Urban
1015469,1,Complete,1015469,1015469,41.300677,-72.891987,3509665,New Haven,93,93,New Haven,1/14/2023,2023,1,January,14,7,Saturday,18:35:00,18,23001961,A,"Injury of any type (Serious, Minor, Possible)",A,Suspected Serious Injury (A),3,0,0,4,Local,0.42,210,FARREN AV,FARREN AV,EAST FERRY ST,,,,,41.300677,-72.891987,14,Motor Vehicle in Operation,1,Front to rear,1,On Roadway,1,Clear,88,Not Applicable,4,Dark-Lighted,1,Dry,0,None,88,Not Applicable,88,Not Applicable,0,None,88,Not Applicable,88,Not Applicable,2,Intersection,2,Four-Way Intersection,1,No,1,No,88,Not Applicable,88,Not Applicable,88,Not Applicable,88,Not Applicable,FALSE,1,Public Road,1,"Trafficway, On Road",CT0009300,New Haven PD,44063,36:59.0,C,Closed,00:08.0,,,,,,,
1015475,1,Complete,1015475,1015475,41.305138,-72.937275,3509671,New Haven,93,93,New Haven,1/19/2023,2023,1,January,19,5,Thursday,8:07:00,8,23002523,A,"Injury of any type (Serious, Minor, Possible)",B,Suspected Minor Injury (B),1,1,0,4,Local,0.07,308,HOWARD AV,HOWARD AV,,SYLVAN AVE,50,Feet,N,41.305138,-72.937275,9,Pedestrian,88,Not Applicable,1,On Roadway,1,Clear,88,Not Applicable,97,Other,1,Dry,0,None,88,Not Applicable,88,Not Applicable,99,Unknown,88,Not Applicable,88,Not Applicable,2,Intersection,3,T-Intersection,1,No,1,No,88,Not Applicable,88,Not Applicable,88,Not Applicable,88,Not Applicable,TRUE,1,Public Road,1,"Trafficway, On Road",CT0009300,New Haven PD,43690,44:24.0,C,Closed,00:03.0,,2,4900,4,MINOR ARTERIAL - NEW HPMS,2,Urban
1015476,1,Complete,1015476,1015476,41.306714,-72.927147,3509672,New Haven,93,93,New Haven,1/19/2023,2023,1,January,19,5,Thursday,12:45:00,12,23002580,A,"Injury of any type (Serious, Minor, Possible)",B,Suspected Minor Injury (B),4,1,0,4,Local,1.85,97,CHAPEL ST,CHAPEL ST,,TEMPLE ST,25,Feet,W,41.306714,-72.927147,14,Motor Vehicle in Operation,1,Front to rear,1,On Roadway,4,Rain,88,Not Applicable,1,Daylight,2,Wet,0,None,88,Not Applicable,88,Not Applicable,0,None,88,Not Applicable,88,Not Applicable,1,Non-Junction,1,Not at Intersection,1,No,1,No,88,Not Applicable,88,Not Applicable,88,Not Applicable,88,Not Applicable,FALSE,1,Public Road,1,"Trafficway, On Road",CT0009300,New Haven PD,166,46:32.0,C,Closed,00:05.0,,,,,,,
1015481,1,Complete,1015481,1015481,41.324982,-72.956909,3509677,New Haven,93,93,New Haven,1/19/2023,2023,1,January,19,5,Thursday,17:19:00,17,23002637,A,"Injury of any type (Serious, Minor, Possible)",C,Possible Injury (C),2,0,0,3,State,0,63,63-N,63-N,10-N,,,,,41.324982,-72.956909,14,Motor Vehicle in Operation,1,Front to rear,1,On Roadway,4,Rain,2,Cloudy,4,Dark-Lighted,2,Wet,0,None,88,Not Applicable,88,Not Applicable,0,None,88,Not Applicable,88,Not Applicable,2,Intersection,3,T-Intersection,1,No,1,No,88,Not Applicable,88,Not Applicable,88,Not Applicable,88,Not Applicable,FALSE,1,Public Road,1,"Trafficway, On Road",CT0009300,New Haven PD,276,40:24.0,C,Closed,00:07.0,23002637,2,23200,3,PRINCIPAL ARTERIAL - OTHER - NEW HPMS,2,Urban
1015867,1,Complete,1015867,1015867,41.29092,-72.89208,3510063,New Haven,93,93,New Haven,12/4/2022,2022,12,December,4,1,Sunday,22:17:00,22,22041156,A,"Injury of any type (Serious, Minor, Possible)",C,Possible Injury (C),2,0,0,4,Local,0.16,597,TOWNSEND AV,TOWNSEND AV,BURWELL ST,,,,,41.29092,-72.89208,14,Motor Vehicle in Operation,1,Front to rear,1,On Roadway,1,Clear,88,Not Applicable,4,Dark-Lighted,1,Dry,0,None,88,Not Applicable,88,Not Applicable,0,None,88,Not Applicable,88,Not Applicable,2,Intersection,4,Y-Intersection,1,No,1,No,88,Not Applicable,88,Not Applicable,88,Not Applicable,88,Not Applicable,FALSE,1,Public Road,1,"Trafficway, On Road",CT0009300,New Haven PD,43776,39:21.0,C,Closed,00:55.0,,,,,,,
1015875,1,Complete,1015875,1015875,41.320915,-72.897332,3510071,New Haven,93,93,New Haven,1/19/2023,2023,1,January,19,5,Thursday,9:46:00,9,23002543,A,"Injury of any type (Serious, Minor, Possible)",C,Possible Injury (C),2,0,0,2,USRoute,0.49,5,5-N,5-N,,ROCK STREET,10,Feet,S,41.320915,-72.897332,14,Motor Vehicle in Operation,1,Front to rear,1,On Roadway,4,Rain,88,Not Applicable,1,Daylight,1,Dry,0,None,88,Not Applicable,88,Not Applicable,0,None,88,Not Applicable,88,Not Applicable,1,Non-Junction,1,Not at Intersection,1,No,1,No,88,Not Applicable,88,Not Applicable,88,Not Applicable,88,Not Applicable,FALSE,1,Public Road,1,"Trafficway, On Road",CT0009300,New Haven PD,42057,44:12.0,C,Closed,01:05.0,,1,17500,4,MINOR ARTERIAL - NEW HPMS,1,Rural
1015878,1,Complete,1015878,1015878,41.30217,-72.92873,3510074,New Haven,93,93,New Haven,1/19/2023,2023,1,January,19,5,Thursday,17:37:00,17,23002647,A,"Injury of any type (Serious, Minor, Possible)",C,Possible Injury (C),1,1,0,4,Local,0.25,104,CHURCH ST SOUTH NO 1,CHURCH ST SOUTH NO 1,CHURCH ST SOUTH NO 1,,,,,41.30217,-72.92873,10,Pedalcycle/Pedalcyclist,88,Not Applicable,1,On Roadway,4,Rain,88,Not Applicable,4,Dark-Lighted,2,Wet,0,None,88,Not Applicable,88,Not Applicable,0,None,88,Not Applicable,88,Not Applicable,2,Intersection,2,Four-Way Intersection,1,No,1,No,88,Not Applicable,88,Not Applicable,88,Not Applicable,88,Not Applicable,TRUE,1,Public Road,1,"Trafficway, On Road",CT0009300,New Haven PD,44051,17:21.0,C,Closed,01:10.0,,5,15300,3,PRINCIPAL ARTERIAL - OTHER - NEW HPMS,2,Urban
1015888,1,Complete,1015888,1015888,41.31937,-72.96435,3510084,New Haven,93,93,New Haven,1/20/2023,2023,1,January,20,6,Friday,18:26:00,18,23002800,A,"Injury of any type (Serious, Minor, Possible)",C,Possible Injury (C),1,1,0,4,Local,0.04,399,MARVEL RD,MARVEL RD,,EDGEWOOD AVE,215,Feet,S,41.31937,-72.96435,9,Pedestrian,88,Not Applicable,8,"Off Roadway,  Location Unknown",4,Rain,88,Not Applicable,5,Dark-Not Lighted,2,Wet,0,None,88,Not Applicable,88,Not Applicable,97,Other,88,Not Applicable,88,Not Applicable,1,Non-Junction,1,Not at Intersection,1,No,1,No,88,Not Applicable,88,Not Applicable,88,Not Applicable,88,Not Applicable,FALSE,88,Not Applicable,2,"Trafficway, Not on Road",CT0009300,New Haven PD,19532,18:43.0,C,Closed,01:12.0,,2,625,7,LOCAL - NEW HPMS,2,Urban
1015890,1,Complete,1015890,1015890,41.28535,-72.9367,3510086,New Haven,93,93,New Haven,1/21/2023,2023,1,January,21,7,Saturday,0:59:00,0,23002841,A,"Injury of any type (Serious, Minor, Possible)",B,Suspected Minor Injury (B),2,0,0,3,State,1.14,745,745-E,745-E,,ELLA T GRASSO BLVD,200,Feet,S,41.28535,-72.9367,14,Motor Vehicle in Operation,2,Front to front,1,On Roadway,1,Clear,88,Not Applicable,4,Dark-Lighted,1,Dry,0,None,88,Not Applicable,88,Not Applicable,0,None,88,Not Applicable,88,Not Applicable,1,Non-Junction,1,Not at Intersection,1,No,1,No,88,Not Applicable,88,Not Applicable,88,Not Applicable,88,Not Applicable,FALSE,1,Public Road,1,"Trafficway, On Road",CT0009300,New Haven PD,42366,44:25.0,C,Closed,01:03.0,,1,15200,4,MINOR ARTERIAL - NEW HPMS,1,Rural
1016457,1,Complete,1016457,1016457,41.2887711,-72.9347412,3510653,New Haven,93,93,New Haven,1/22/2023,2023,1,January,22,1,Sunday,22:54:00,22,23003028,A,"Injury of any type (Serious, Minor, Possible)",C,Possible Injury (C),2,0,0,4,Local,0.26,339,KIMBERLY AV,KIMBERLY AV,,GRANT ST,100,TenthsofMile,N,41.2887711,-72.9347412,14,Motor Vehicle in Operation,3,Angle,1,On Roadway,4,Rain,88,Not Applicable,99,Unknown,2,Wet,0,None,88,Not Applicable,88,Not Applicable,0,None,88,Not Applicable,88,Not Applicable,1,Non-Junction,1,Not at Intersection,1,No,1,No,88,Not Applicable,88,Not Applicable,88,Not Applicable,88,Not Applicable,FALSE,1,Public Road,1,"Trafficway, On Road",CT0009300,New Haven PD,44052,23:51.0,C,Closed,01:04.0,,,,,,,
1016458,1,Complete,1016458,1016458,41.3094202,-72.8905781,3510654,New Haven,93,93,New Haven,1/23/2023,2023,1,January,23,2,Monday,6:50:00,6,23003038,A,"Injury of any type (Serious, Minor, Possible)",C,Possible Injury (C),1,1,0,4,Local,0.25,264,GRAND AV,GRAND AV,CLINTON AV,,,,,41.3094202,-72.8905781,9,Pedestrian,88,Not Applicable,2,Shoulder,4,Rain,88,Not Applicable,2,Dawn,2,Wet,0,None,88,Not Applicable,88,Not Applicable,0,None,88,Not Applicable,88,Not Applicable,2,Intersection,2,Four-Way Intersection,1,No,1,No,88,Not Applicable,88,Not Applicable,88,Not Applicable,88,Not Applicable,TRUE,1,Public Road,1,"Trafficway, On Road",CT0009300,New Haven PD,40815,22:01.0,C,Closed,01:03.0,,2,6600,4,MINOR ARTERIAL - NEW HPMS,2,Urban
1016459,1,Complete,1016459,1016459,41.320087,-72.893287,3510655,New Haven,93,93,New Haven,1/23/2023,2023,1,January,23,2,Monday,7:37:00,7,23003039,A,"Injury of any type (Serious, Minor, Possible)",C,Possible Injury (C),2,0,0,4,Local,0.49,411,MIDDLETOWN AV,MIDDLETOWN AV,CLINTON AV,,,,,41.320087,-72.893287,14,Motor Vehicle in Operation,1,Front to rear,1,On Roadway,4,Rain,88,Not Applicable,1,Daylight,2,Wet,0,None,88,Not Applicable,88,Not Applicable,0,None,88,Not Applicable,88,Not Applicable,3,Intersection-Related,3,T-Intersection,1,No,1,No,88,Not Applicable,88,Not Applicable,88,Not Applicable,88,Not Applicable,TRUE,1,Public Road,1,"Trafficway, On Road",CT0009300,New Haven PD,980,40:59.0,C,Closed,01:03.0,,,,,,,
1016462,1,Complete,1016462,1016462,41.30888,-72.90981,3510658,New Haven,93,93,New Haven,1/23/2023,2023,1,January,23,2,Monday,9:26:00,9,23003048,A,"Injury of any type (Serious, Minor, Possible)",C,Possible Injury (C),2,0,0,4,Local,0.49,165,EAST ST,EAST ST,GRAND AV,,,,,41.30888,-72.90981,14,Motor Vehicle in Operation,2,Front to front,1,On Roadway,4,Rain,88,Not Applicable,1,Daylight,2,Wet,0,None,88,Not Applicable,88,Not Applicable,0,None,88,Not Applicable,88,Not Applicable,2,Intersection,2,Four-Way Intersection,1,No,1,No,88,Not Applicable,88,Not Applicable,88,Not Applicable,88,Not Applicable,FALSE,1,Public Road,1,"Trafficway, On Road",CT0009300,New Haven PD,65,35:35.0,O,Open,01:01.0,,,,,,,
1016465,1,Complete,1016465,1016465,41.315829,-72.897196,3510661,New Haven,93,93,New Haven,1/23/2023,2023,1,January,23,2,Monday,14:50:00,14,23003080,A,"Injury of any type (Serious, Minor, Possible)",C,Possible Injury (C),2,0,0,4,Local,0.27,213,FERRY ST,FERRY ST,,PECK ST,50,Feet,S,41.315829,-72.897196,14,Motor Vehicle in Operation,1,Front to rear,1,On Roadway,4,Rain,88,Not Applicable,1,Daylight,2,Wet,1,Weather Conditions,88,Not Applicable,88,Not Applicable,0,None,88,Not Applicable,88,Not Applicable,1,Non-Junction,1,Not at Intersection,1,No,1,No,88,Not Applicable,88,Not Applicable,88,Not Applicable,88,Not Applicable,FALSE,1,Public Road,1,"Trafficway, On Road",CT0009300,New Haven PD,40815,33:00.0,C,Closed,01:05.0,,,,,,,
1016467,1,Complete,1016467,1016467,41.307011,-72.934959,3510663,New Haven,93,93,New Haven,1/23/2023,2023,1,January,23,2,Monday,17:42:00,17,23003118,A,"Injury of any type (Serious, Minor, Possible)",C,Possible Injury (C),1,1,0,4,Local,0.83,248,GEORGE ST,GEORGE ST,PARK ST,,,,,41.307011,-72.934959,9,Pedestrian,88,Not Applicable,1,On Roadway,4,Rain,88,Not Applicable,4,Dark-Lighted,2,Wet,0,None,88,Not Applicable,88,Not Applicable,0,None,88,Not Applicable,88,Not Applicable,2,Intersection,2,Four-Way Intersection,1,No,1,No,88,Not Applicable,88,Not Applicable,88,Not Applicable,88,Not Applicable,FALSE,1,Public Road,1,"Trafficway, On Road",CT0009300,New Haven PD,44045,02:37.0,C,Closed,01:06.0,,2,9500,4,MINOR ARTERIAL - NEW HPMS,2,Urban
1016470,1,Complete,1016470,1016470,41.297547,-72.934229,3510666,New Haven,93,93,New Haven,1/23/2023,2023,1,January,23,2,Monday,19:19:00,19,23003136,A,"Injury of any type (Serious, Minor, Possible)",C,Possible Injury (C),1,1,0,4,Local,0.63,308,HOWARD AV,HOWARD AV,,COLUMBUS AVE,85,Feet,S,41.297547,-72.934229,9,Pedestrian,88,Not Applicable,1,On Roadway,4,Rain,88,Not Applicable,4,Dark-Lighted,2,Wet,99,Unknown,88,Not Applicable,88,Not Applicable,99,Unknown,88,Not Applicable,88,Not Applicable,1,Non-Junction,1,Not at Intersection,1,No,1,No,88,Not Applicable,88,Not Applicable,88,Not Applicable,88,Not Applicable,FALSE,1,Public Road,1,"Trafficway, On Road",CT0009300,New Haven PD,40947,08:58.0,C,Closed,01:08.0,,4,7100,4,MINOR ARTERIAL - NEW HPMS,2,Urban