CrashId,Fatal Case Status,Fatal Case Status Text Format,CrashId,CrashId,Latitude,Longitude,DOT Case Number,Town Name,Town Number,Town Number,Town Number Text Format,Date Of Crash,Year,Month,Month Text Format,Day,Day of the Week,Day of the Week Text Format,Time of Crash,Hour of the Day,Case Identifier,Crash Severity,Crash Severity Text Format,Most Severe Injury,Most Severe Injury Text Format,Number Of Motor Vehicles,Number Of Non-Motorist,Number Of Witnesses,Route Class,Route Class Text Format,Milemarker,Road Number,Road Description,Roadway Name,Intersecting Roadway Name,Landmark Description,Distance From Nearest Landmark,Unit Of Measure From Nearest Landmark,Direction From Nearest Landmark,Latitude,Longitude,First Harmful Event,First Harmful Event Text Format,Manner of Crash / Collision Impact,Manner of Crash / Collision Impact Text Format,Location of First Harmful Event,Location of First Harmful Event Text Format,Weather Condition,Weather Condition Text Format,Weather 2,Weather 2 Text Format,Light Condition,Light Condition Text Format,Road Surface Condition,Road Surface Condition Text Format,"Contributing Circumstances, Environment","Contributing Circumstances, Environment Text Format",Environment 2,Environment 2 Text Format,Environment 3,Environment 3 Text Format,"Contributing Circumstances, Road","Contributing Circumstances, Road Text Format",Road 2,Road 2 Text Format,Road 3,Road 3 Text Format,Crash Specific Location,Crash Specific Location Text Format,Type of Intersection,Type of Intersection Text Format,School Bus Related,School Bus Related Text Format,Work Zone Related,Work Zone Related Text Format,Location Of Crash Relative To Work Zone,Location Of Crash Relative To Work Zone Text Format,Type of Work Zone,Type of Work Zone Text Format,Worker Presence,Worker Presence Text Format,Law Enforcement Presence,Law Enforcement Presence Text Format,Were Vehicles Moved Prior To Police Arrival,Trafficway Ownership,Trafficway Ownership Text Format,Trafficway Class,Trafficway Class Text Format,Police Agency,Police Agency Text Format,Badge Number,Approval Date,Police Case Status,Police Case Status Text Format,Crash Report Submission Date,Related Case Identifiers,No. of Through Lanes (Log Dir.),Average Daily Traffic,Functional Classification,Functional Classification Text Format,Rural or Urban,Rural or Urban Text Format
1016764,1,Complete,1016764,1016764,41.316077,-72.94079,923018,New Haven,93,93,New Haven,1/23/2023,2023,1,January,23,2,Monday,18:12:00,18,23003131,K,Fatal (Kill),K,Fatal Injury (K),1,1,1,4,Local,0.47,653,WHALLEY AV,WHALLEY AV,,HUDSON ST,190,Feet,E,41.316077,-72.94079,9,Pedestrian,88,Not Applicable,1,On Roadway,4,Rain,88,Not Applicable,4,Dark-Lighted,2,Wet,0,None,88,Not Applicable,88,Not Applicable,0,None,88,Not Applicable,88,Not Applicable,11,Through Roadway,1,Not at Intersection,1,No,1,No,88,Not Applicable,88,Not Applicable,88,Not Applicable,88,Not Applicable,FALSE,1,Public Road,1,"Trafficway, On Road",CT0009300,New Haven PD,44051,42:59.0,O,Open,00:02.0,,4,21100,3,PRINCIPAL ARTERIAL - OTHER - NEW HPMS,2,Urban
1016767,1,Complete,1016767,1016767,41.311777,-72.94885,3510963,New Haven,93,93,New Haven,1/24/2023,2023,1,January,24,3,Tuesday,10:53:00,10,23003175,A,"Injury of any type (Serious, Minor, Possible)",B,Suspected Minor Injury (B),2,0,0,4,Local,0.08,439,NORTON ST,NORTON ST,,CHAPEL ST,400,Feet,S,41.311777,-72.94885,14,Motor Vehicle in Operation,3,Angle,1,On Roadway,1,Clear,88,Not Applicable,1,Daylight,1,Dry,0,None,88,Not Applicable,88,Not Applicable,0,None,88,Not Applicable,88,Not Applicable,9,Driveway Access-Related,1,Not at Intersection,1,No,1,No,88,Not Applicable,88,Not Applicable,88,Not Applicable,88,Not Applicable,FALSE,1,Public Road,1,"Trafficway, On Road",CT0009300,New Haven PD,349,00:06.0,C,Closed,00:05.0,,,,,,,
1016772,1,Complete,1016772,1016772,41.30571,-72.951376,3510968,New Haven,93,93,New Haven,1/24/2023,2023,1,January,24,3,Tuesday,18:07:00,18,23003231,A,"Injury of any type (Serious, Minor, Possible)",C,Possible Injury (C),2,0,0,4,Local,0.06,360,LEGION AV-RT 34,LEGION AV-RT 34,,ELLA T GRASSO BLVD,351,Feet,W,41.30571,-72.951376,14,Motor Vehicle in Operation,4,"Sideswipe, same direction",1,On Roadway,1,Clear,88,Not Applicable,4,Dark-Lighted,1,Dry,0,None,88,Not Applicable,88,Not Applicable,0,None,88,Not Applicable,88,Not Applicable,1,Non-Junction,1,Not at Intersection,1,No,1,No,88,Not Applicable,88,Not Applicable,88,Not Applicable,88,Not Applicable,TRUE,1,Public Road,1,"Trafficway, On Road",CT0009300,New Haven PD,40814,06:52.0,O,Open,00:08.0,,2,12200,3,PRINCIPAL ARTERIAL - OTHER - NEW HPMS,2,Urban
1017049,1,Complete,1017049,1017049,41.312519,-72.9203,3511245,New Haven,93,93,New Haven,1/25/2023,2023,1,January,25,4,Wednesday,12:32:00,12,23003325,A,"Injury of any type (Serious, Minor, Possible)",C,Possible Injury (C),2,0,0,4,Local,0.26,601,TRUMBULL ST,TRUMBULL ST,,LINCOLN ST,50,Feet,W,41.312519,-72.9203,14,Motor Vehicle in Operation,1,Front to rear,1,On Roadway,1,Clear,88,Not Applicable,1,Daylight,1,Dry,0,None,88,Not Applicable,88,Not Applicable,0,None,88,Not Applicable,88,Not Applicable,11,Through Roadway,1,Not at Intersection,1,No,1,No,88,Not Applicable,88,Not Applicable,88,Not Applicable,88,Not Applicable,FALSE,1,Public Road,1,"Trafficway, On Road",CT0009300,New Haven PD,40793,24:36.0,C,Closed,00:42.0,,,,,,,
1017051,1,Complete,1017051,1017051,41.31557,-72.90091,3511247,New Haven,93,93,New Haven,1/25/2023,2023,1,January,25,4,Wednesday,14:07:00,14,23003337,A,"Injury of any type (Serious, Minor, Possible)",A,Suspected Serious Injury (A),2,0,0,4,Local,0.88,57,BLATCHLEY AV,BLATCHLEY AV,PECK ST NO 1,,,,,41.31557,-72.90091,14,Motor Vehicle in Operation,3,Angle,1,On Roadway,2,Cloudy,88,Not Applicable,1,Daylight,1,Dry,99,Unknown,88,Not Applicable,88,Not Applicable,99,Unknown,88,Not Applicable,88,Not Applicable,2,Intersection,2,Four-Way Intersection,1,No,1,No,88,Not Applicable,88,Not Applicable,88,Not Applicable,88,Not Applicable,FALSE,1,Public Road,1,"Trafficway, On Road",CT0009300,New Haven PD,44056,28:07.0,O,Open,00:44.0,,,,,,,
1017055,1,Complete,1017055,1017055,41.30883,-72.92174,3511251,New Haven,93,93,New Haven,1/25/2023,2023,1,January,25,4,Wednesday,18:57:00,18,23003382,A,"Injury of any type (Serious, Minor, Possible)",C,Possible Injury (C),1,1,0,4,Local,1.46,450,ORANGE ST NO 1,ORANGE ST NO 1,WALL ST NO 2,,,,,41.30883,-72.92174,9,Pedestrian,88,Not Applicable,1,On Roadway,4,Rain,88,Not Applicable,4,Dark-Lighted,2,Wet,0,None,88,Not Applicable,88,Not Applicable,0,None,88,Not Applicable,88,Not Applicable,2,Intersection,2,Four-Way Intersection,1,No,1,No,88,Not Applicable,88,Not Applicable,88,Not Applicable,88,Not Applicable,FALSE,1,Public Road,1,"Trafficway, On Road",CT0009300,New Haven PD,7729,14:31.0,C,Closed,00:49.0,,2,5700,4,MINOR ARTERIAL - NEW HPMS,2,Urban
1017056,1,Complete,1017056,1017056,41.290216,-72.939789,3511252,New Haven,93,93,New Haven,1/25/2023,2023,1,January,25,4,Wednesday,19:16:00,19,23003385,A,"Injury of any type (Serious, Minor, Possible)",C,Possible Injury (C),1,1,0,4,Local,0.04,350,LAMBERTON ST,LAMBERTON ST,,ELLA T GRASSO BLVD,190,Feet,E,41.290216,-72.939789,9,Pedestrian,88,Not Applicable,1,On Roadway,4,Rain,88,Not Applicable,5,Dark-Not Lighted,2,Wet,1,Weather Conditions,88,Not Applicable,88,Not Applicable,0,None,88,Not Applicable,88,Not Applicable,1,Non-Junction,1,Not at Intersection,1,No,1,No,88,Not Applicable,88,Not Applicable,88,Not Applicable,88,Not Applicable,TRUE,1,Public Road,1,"Trafficway, On Road",CT0009300,New Haven PD,980,59:40.0,C,Closed,00:48.0,,4,5348,7,LOCAL - NEW HPMS,2,Urban
1017326,1,Complete,1017326,1017326,41.30861,-72.87377,3511522,New Haven,93,93,New Haven,1/20/2023,2023,1,January,20,6,Friday,15:45:00,15,23002771,A,"Injury of any type (Serious, Minor, Possible)",B,Suspected Minor Injury (B),2,0,0,4,Local,0.11,167,EASTERN ST,EASTERN ST,CLIFTON ST,,,,,41.30861,-72.87377,14,Motor Vehicle in Operation,3,Angle,1,On Roadway,4,Rain,88,Not Applicable,1,Daylight,2,Wet,0,None,88,Not Applicable,88,Not Applicable,0,None,88,Not Applicable,88,Not Applicable,2,Intersection,3,T-Intersection,1,No,1,No,88,Not Applicable,88,Not Applicable,88,Not Applicable,88,Not Applicable,FALSE,1,Public Road,1,"Trafficway, On Road",CT0009300,New Haven PD,42049,39:15.0,C,Closed,01:57.0,,,,,,,
1017327,1,Complete,1017327,1017327,41.316358,-72.941685,3511523,New Haven,93,93,New Haven,1/22/2023,2023,1,January,22,1,Sunday,19:00:00,19,23003015,A,"Injury of any type (Serious, Minor, Possible)",A,Suspected Serious Injury (A),1,1,0,4,Local,0.42,653,WHALLEY AV,WHALLEY AV,,SHERMAN AVE,200,Feet,E,41.316358,-72.941685,9,Pedestrian,88,Not Applicable,1,On Roadway,4,Rain,88,Not Applicable,4,Dark-Lighted,2,Wet,1,Weather Conditions,88,Not Applicable,88,Not Applicable,0,None,88,Not Applicable,88,Not Applicable,11,Through Roadway,1,Not at Intersection,1,No,1,No,88,Not Applicable,88,Not Applicable,88,Not Applicable,88,Not Applicable,FALSE,1,Public Road,1,"Trafficway, On Road",CT0009300,New Haven PD,44051,55:42.0,C,Closed,01:55.0,,4,21100,3,PRINCIPAL ARTERIAL - OTHER - NEW HPMS,2,Urban
1017333,1,Complete,1017333,1017333,41.332,-72.93263,3511529,New Haven,93,93,New Haven,1/26/2023,2023,1,January,26,5,Thursday,14:44:00,14,23003522,A,"Injury of any type (Serious, Minor, Possible)",C,Possible Injury (C),2,0,0,4,Local,0.34,42,BASSETT ST,BASSETT ST,GOODYEAR ST,,,,,41.332,-72.93263,14,Motor Vehicle in Operation,6,Rear to side,1,On Roadway,1,Clear,88,Not Applicable,1,Daylight,1,Dry,0,None,88,Not Applicable,88,Not Applicable,0,None,88,Not Applicable,88,Not Applicable,2,Intersection,3,T-Intersection,1,No,1,No,88,Not Applicable,88,Not Applicable,88,Not Applicable,88,Not Applicable,FALSE,1,Public Road,1,"Trafficway, On Road",CT0009300,New Haven PD,42052,18:54.0,C,Closed,01:56.0,,,,,,,
1017788,1,Complete,1017788,1017788,41.304341,-72.894471,3511984,New Haven,93,93,New Haven,1/22/2023,2023,1,January,22,1,Sunday,16:00:00,16,23002788,A,"Injury of any type (Serious, Minor, Possible)",C,Possible Injury (C),1,0,0,4,Local,1.09,213,FERRY ST,FERRY ST,CHAPEL ST,,,,,41.304341,-72.894471,39,"Other Fixed Object (wall, building, tunnel, etc.)",88,Not Applicable,1,On Roadway,1,Clear,88,Not Applicable,1,Daylight,1,Dry,0,None,88,Not Applicable,88,Not Applicable,99,Unknown,88,Not Applicable,88,Not Applicable,2,Intersection,2,Four-Way Intersection,1,No,1,No,88,Not Applicable,88,Not Applicable,88,Not Applicable,88,Not Applicable,FALSE,1,Public Road,1,"Trafficway, On Road",CT0009300,New Haven PD,36335,25:02.0,C,Closed,00:57.0,,2,13500,4,MINOR ARTERIAL - NEW HPMS,2,Urban
1017792,1,Complete,1017792,1017792,41.288767,-72.892579,3511988,New Haven,93,93,New Haven,1/6/2023,2023,1,January,6,6,Friday,17:30:00,17,23003208,A,"Injury of any type (Serious, Minor, Possible)",C,Possible Injury (C),2,0,0,3,State,0.09,741,741-E,741-E,MAIN ST NO 2,,,,,41.288767,-72.892579,14,Motor Vehicle in Operation,1,Front to rear,1,On Roadway,4,Rain,88,Not Applicable,4,Dark-Lighted,2,Wet,99,Unknown,88,Not Applicable,88,Not Applicable,0,None,88,Not Applicable,88,Not Applicable,3,Intersection-Related,2,Four-Way Intersection,1,No,1,No,88,Not Applicable,88,Not Applicable,88,Not Applicable,88,Not Applicable,TRUE,1,Public Road,1,"Trafficway, On Road",CT0009300,New Haven PD,322,37:14.0,C,Closed,00:59.0,,2,14200,4,MINOR ARTERIAL - NEW HPMS,2,Urban
1017793,1,Complete,1017793,1017793,41.30934,-72.87546,3511989,New Haven,93,93,New Haven,1/25/2023,2023,1,January,25,4,Wednesday,18:14:00,18,23003378,A,"Injury of any type (Serious, Minor, Possible)",B,Suspected Minor Injury (B),1,1,0,4,Local,0.33,535,RUSSELL ST,RUSSELL ST,,CLIFTON,100,Feet,N,41.30934,-72.87546,9,Pedestrian,88,Not Applicable,1,On Roadway,4,Rain,88,Not Applicable,4,Dark-Lighted,2,Wet,0,None,88,Not Applicable,88,Not Applicable,0,None,88,Not Applicable,88,Not Applicable,1,Non-Junction,1,Not at Intersection,1,No,1,No,88,Not Applicable,88,Not Applicable,88,Not Applicable,88,Not Applicable,FALSE,1,Public Road,1,"Trafficway, On Road",CT0009300,New Haven PD,44176,19:01.0,C,Closed,01:02.0,,2,3838,7,LOCAL - NEW HPMS,2,Urban
1017797,1,Complete,1017797,1017797,41.306001,-72.946882,3511993,New Haven,93,93,New Haven,1/27/2023,2023,1,January,27,6,Friday,7:34:00,7,23003602,A,"Injury of any type (Serious, Minor, Possible)",C,Possible Injury (C),2,0,0,4,Local,0.01,556,SHERMAN AV,SHERMAN AV,RT 34,,,,,41.306001,-72.946882,14,Motor Vehicle in Operation,1,Front to rear,1,On Roadway,1,Clear,88,Not Applicable,1,Daylight,1,Dry,0,None,88,Not Applicable,88,Not Applicable,0,None,88,Not Applicable,88,Not Applicable,2,Intersection,2,Four-Way Intersection,1,No,1,No,88,Not Applicable,88,Not Applicable,88,Not Applicable,88,Not Applicable,FALSE,1,Public Road,1,"Trafficway, On Road",CT0009300,New Haven PD,137,40:23.0,C,Closed,00:39.0,,,,,,,
1017799,1,Complete,1017799,1017799,41.32025,-72.97006,3511995,New Haven,93,93,New Haven,1/27/2023,2023,1,January,27,6,Friday,8:16:00,8,23003609,A,"Injury of any type (Serious, Minor, Possible)",C,Possible Injury (C),2,0,0,3,State,2.88,122,122-N,122-N,EDGEWOOD WAY,,,,,41.32025,-72.97006,14,Motor Vehicle in Operation,1,Front to rear,1,On Roadway,1,Clear,88,Not Applicable,1,Daylight,1,Dry,0,None,88,Not Applicable,88,Not Applicable,0,None,88,Not Applicable,88,Not Applicable,2,Intersection,2,Four-Way Intersection,1,No,1,No,88,Not Applicable,88,Not Applicable,88,Not Applicable,88,Not Applicable,FALSE,1,Public Road,1,"Trafficway, On Road",CT0009300,New Haven PD,66,09:54.0,C,Closed,00:38.0,,1,11800,4,MINOR ARTERIAL - NEW HPMS,1,Rural
1017800,1,Complete,1017800,1017800,41.313552,-72.932917,3511996,New Haven,93,93,New Haven,1/27/2023,2023,1,January,27,6,Friday,8:57:00,8,23003624,A,"Injury of any type (Serious, Minor, Possible)",C,Possible Injury (C),2,0,0,4,Local,0.65,257,GOFFE ST,GOFFE ST,,DIXWELL AVE,250,Feet,W,41.313552,-72.932917,14,Motor Vehicle in Operation,1,Front to rear,1,On Roadway,1,Clear,88,Not Applicable,1,Daylight,1,Dry,0,None,88,Not Applicable,88,Not Applicable,0,None,88,Not Applicable,88,Not Applicable,1,Non-Junction,1,Not at Intersection,1,No,1,No,88,Not Applicable,88,Not Applicable,88,Not Applicable,88,Not Applicable,TRUE,1,Public Road,1,"Trafficway, On Road",CT0009300,New Haven PD,326,17:36.0,C,Closed,00:44.0,,,,,,,
1017804,1,Complete,1017804,1017804,41.328286,-72.928813,3512000,New Haven,93,93,New Haven,1/27/2023,2023,1,January,27,6,Friday,12:20:00,12,23003673,A,"Injury of any type (Serious, Minor, Possible)",A,Suspected Serious Injury (A),2,0,0,4,Local,0.1,720,HAZEL ST,HAZEL ST,NEWHALL ST,,,,,41.328286,-72.928813,14,Motor Vehicle in Operation,3,Angle,1,On Roadway,1,Clear,88,Not Applicable,1,Daylight,1,Dry,0,None,88,Not Applicable,88,Not Applicable,0,None,88,Not Applicable,88,Not Applicable,2,Intersection,2,Four-Way Intersection,1,No,1,No,88,Not Applicable,88,Not Applicable,88,Not Applicable,88,Not Applicable,FALSE,1,Public Road,1,"Trafficway, On Road",CT0009300,New Haven PD,87,17:13.0,C,Closed,00:46.0,23003673,,,,,,
1017807,1,Complete,1017807,1017807,41.330323,-72.873774,3512003,New Haven,93,93,New Haven,1/27/2023,2023,1,January,27,6,Friday,16:51:00,16,23003700,A,"Injury of any type (Serious, Minor, Possible)",B,Suspected Minor Injury (B),3,0,0,4,Local,0.04,135,CROSS ST,CROSS ST,WEYBOSSET ST,,,,,41.330323,-72.873774,14,Motor Vehicle in Operation,1,Front to rear,1,On Roadway,1,Clear,88,Not Applicable,1,Daylight,1,Dry,0,None,88,Not Applicable,88,Not Applicable,0,None,88,Not Applicable,88,Not Applicable,2,Intersection,2,Four-Way Intersection,1,No,1,No,88,Not Applicable,88,Not Applicable,88,Not Applicable,88,Not Applicable,FALSE,1,Public Road,1,"Trafficway, On Road",CT0009300,New Haven PD,44063,35:15.0,C,Closed,00:45.0,,,,,,,
1017811,1,Complete,1017811,1017811,41.30732,-72.9192,3512007,New Haven,93,93,New Haven,1/27/2023,2023,1,January,27,6,Friday,23:15:00,23,23003741,A,"Injury of any type (Serious, Minor, Possible)",B,Suspected Minor Injury (B),1,0,1,4,Local,1.75,264,GRAND AV,GRAND AV,OLIVE ST,,,,,41.30732,-72.9192,38,"Other Post, Pole or Support",88,Not Applicable,1,On Roadway,1,Clear,88,Not Applicable,4,Dark-Lighted,1,Dry,0,None,88,Not Applicable,88,Not Applicable,0,None,88,Not Applicable,88,Not Applicable,2,Intersection,2,Four-Way Intersection,1,No,1,No,88,Not Applicable,88,Not Applicable,88,Not Applicable,88,Not Applicable,FALSE,1,Public Road,1,"Trafficway, On Road",CT0009300,New Haven PD,44062,57:26.0,C,Closed,01:02.0,,3,9800,4,MINOR ARTERIAL - NEW HPMS,2,Urban
1017812,1,Complete,1017812,1017812,41.3094652,-72.9270511,3512008,New Haven,93,93,New Haven,1/28/2023,2023,1,January,28,7,Saturday,0:04:00,0,23003747,A,"Injury of any type (Serious, Minor, Possible)",C,Possible Injury (C),2,0,1,4,Local,0.38,726,ELM ST NO 2,ELM ST NO 2,COLLEGE ST,,,,,41.3094652,-72.9270511,14,Motor Vehicle in Operation,3,Angle,1,On Roadway,1,Clear,88,Not Applicable,4,Dark-Lighted,1,Dry,0,None,88,Not Applicable,88,Not Applicable,0,None,88,Not Applicable,88,Not Applicable,2,Intersection,2,Four-Way Intersection,1,No,1,No,88,Not Applicable,88,Not Applicable,88,Not Applicable,88,Not Applicable,TRUE,1,Public Road,1,"Trafficway, On Road",CT0009300,New Haven PD,40952,41:52.0,C,Closed,00:49.0,,,,,,,
1017816,1,Complete,1017816,1017816,41.31202,-72.9153,3512012,New Haven,93,93,New Haven,1/28/2023,2023,1,January,28,7,Saturday,10:26:00,10,23003776,A,"Injury of any type (Serious, Minor, Possible)",C,Possible Injury (C),2,0,0,4,Local,0.69,575,STATE ST,STATE ST,ELD ST,,,,,41.31202,-72.9153,14,Motor Vehicle in Operation,3,Angle,1,On Roadway,1,Clear,88,Not Applicable,1,Daylight,1,Dry,0,None,88,Not Applicable,88,Not Applicable,0,None,88,Not Applicable,88,Not Applicable,2,Intersection,3,T-Intersection,1,No,1,No,88,Not Applicable,88,Not Applicable,88,Not Applicable,88,Not Applicable,FALSE,1,Public Road,1,"Trafficway, On Road",CT0009300,New Haven PD,42052,41:15.0,C,Closed,00:53.0,,,,,,,
1017819,1,Complete,1017819,1017819,41.308085,-72.896932,3512015,New Haven,93,93,New Haven,1/28/2023,2023,1,January,28,7,Saturday,15:58:00,15,23003799,A,"Injury of any type (Serious, Minor, Possible)",C,Possible Injury (C),4,0,0,4,Local,0.32,679,WOOLSEY ST,WOOLSEY ST,POPLAR ST,,,,,41.308085,-72.896932,14,Motor Vehicle in Operation,3,Angle,1,On Roadway,1,Clear,88,Not Applicable,1,Daylight,1,Dry,0,None,88,Not Applicable,88,Not Applicable,0,None,88,Not Applicable,88,Not Applicable,2,Intersection,3,T-Intersection,1,No,1,No,88,Not Applicable,88,Not Applicable,88,Not Applicable,88,Not Applicable,FALSE,1,Public Road,1,"Trafficway, On Road",CT0009300,New Haven PD,193,10:29.0,C,Closed,00:57.0,,,,,,,
1017831,1,Complete,1017831,1017831,41.310064,-72.95345,3512027,New Haven,93,93,New Haven,1/29/2023,2023,1,January,29,1,Sunday,19:14:00,19,23003927,A,"Injury of any type (Serious, Minor, Possible)",C,Possible Injury (C),2,0,1,3,State,21.88,34,34-E,34-E,10-N,,,,,41.310064,-72.95345,14,Motor Vehicle in Operation,97,Other,1,On Roadway,1,Clear,88,Not Applicable,4,Dark-Lighted,1,Dry,0,None,88,Not Applicable,88,Not Applicable,0,None,88,Not Applicable,88,Not Applicable,2,Intersection,2,Four-Way Intersection,1,No,1,No,88,Not Applicable,88,Not Applicable,88,Not Applicable,88,Not Applicable,FALSE,1,Public Road,1,"Trafficway, On Road",CT0009300,New Haven PD,44062,42:47.0,C,Closed,01:05.0,,1,22200,3,PRINCIPAL ARTERIAL - OTHER - NEW HPMS,2,Urban
1017832,1,Complete,1017832,1017832,41.28657,-72.93638,3512028,New Haven,93,93,New Haven,1/29/2023,2023,1,January,29,1,Sunday,21:47:00,21,23003937,A,"Injury of any type (Serious, Minor, Possible)",C,Possible Injury (C),2,0,0,3,State,0.48,10,10-N,10-N,,KIMBERLY AVE,150,Feet,W,41.28657,-72.93638,14,Motor Vehicle in Operation,1,Front to rear,1,On Roadway,1,Clear,88,Not Applicable,4,Dark-Lighted,1,Dry,0,None,88,Not Applicable,88,Not Applicable,0,None,88,Not Applicable,88,Not Applicable,1,Non-Junction,1,Not at Intersection,1,No,1,No,88,Not Applicable,88,Not Applicable,88,Not Applicable,88,Not Applicable,FALSE,1,Public Road,1,"Trafficway, On Road",CT0009300,New Haven PD,42366,20:03.0,C,Closed,01:04.0,,2,18000,3,PRINCIPAL ARTERIAL - OTHER - NEW HPMS,2,Urban
1018341,1,Complete,1018341,1018341,41.292482,-72.94315,3512537,New Haven,93,93,New Haven,1/30/2023,2023,1,January,30,2,Monday,7:30:00,7,23003957,A,"Injury of any type (Serious, Minor, Possible)",C,Possible Injury (C),2,0,0,3,State,1.02,10,10-N,10-N,,Frank St ,20,Feet,S,41.292482,-72.94315,14,Motor Vehicle in Operation,1,Front to rear,1,On Roadway,1,Clear,88,Not Applicable,1,Daylight,1,Dry,0,None,88,Not Applicable,88,Not Applicable,0,None,88,Not Applicable,88,Not Applicable,2,Intersection,3,T-Intersection,1,No,1,No,88,Not Applicable,88,Not Applicable,88,Not Applicable,88,Not Applicable,TRUE,1,Public Road,1,"Trafficway, On Road",CT0009300,New Haven PD,26,45:47.0,C,Closed,00:33.0,,2,20300,3,PRINCIPAL ARTERIAL - OTHER - NEW HPMS,2,Urban
1018342,1,Complete,1018342,1018342,41.282491,-72.937807,3512538,New Haven,93,93,New Haven,1/30/2023,2023,1,January,30,2,Monday,12:01:00,12,23004030,A,"Injury of any type (Serious, Minor, Possible)",C,Possible Injury (C),1,0,0,3,State,0.01,10,10-N,10-N,,KIMBERLY AVE ,25,Feet,E,41.282491,-72.937807,1,Overturn/Rollover,88,Not Applicable,1,On Roadway,1,Clear,88,Not Applicable,1,Daylight,1,Dry,0,None,88,Not Applicable,88,Not Applicable,0,None,88,Not Applicable,88,Not Applicable,3,Intersection-Related,3,T-Intersection,1,No,1,No,88,Not Applicable,88,Not Applicable,88,Not Applicable,88,Not Applicable,TRUE,1,Public Road,1,"Trafficway, On Road",CT0009300,New Haven PD,26,09:33.0,C,Closed,00:35.0,,2,1171,7,LOCAL - NEW HPMS,2,Urban
1018631,1,Complete,1018631,1018631,41.306263,-72.939177,3512827,New Haven,93,93,New Haven,1/31/2023,2023,1,January,31,3,Tuesday,6:56:00,6,23004150,A,"Injury of any type (Serious, Minor, Possible)",C,Possible Injury (C),2,0,0,4,Local,0.7,360,LEGION AV-RT 34,LEGION AV-RT 34,DWIGHT ST,,,,,41.306263,-72.939177,14,Motor Vehicle in Operation,1,Front to rear,1,On Roadway,7,Snow,88,Not Applicable,1,Daylight,2,Wet,0,None,88,Not Applicable,88,Not Applicable,0,None,88,Not Applicable,88,Not Applicable,2,Intersection,3,T-Intersection,1,No,1,No,88,Not Applicable,88,Not Applicable,88,Not Applicable,88,Not Applicable,FALSE,1,Public Road,1,"Trafficway, On Road",CT0009300,New Haven PD,137,02:46.0,C,Closed,01:41.0,,,,,,,
1018636,1,Complete,1018636,1018636,41.320109,-72.950679,3512832,New Haven,93,93,New Haven,1/31/2023,2023,1,January,31,3,Tuesday,19:01:00,19,23004278,A,"Injury of any type (Serious, Minor, Possible)",C,Possible Injury (C),2,0,0,3,State,3.14,10,10-N,10-N,,HOBART,100,Feet,E,41.320109,-72.950679,14,Motor Vehicle in Operation,4,"Sideswipe, same direction",1,On Roadway,1,Clear,1,Clear,6,Dark-Unknown Lighting,1,Dry,0,None,88,Not Applicable,88,Not Applicable,0,None,88,Not Applicable,88,Not Applicable,1,Non-Junction,1,Not at Intersection,1,No,1,No,88,Not Applicable,88,Not Applicable,88,Not Applicable,88,Not Applicable,TRUE,1,Public Road,1,"Trafficway, On Road",CT0009300,New Haven PD,44175,08:06.0,C,Closed,01:40.0,,2,18100,3,PRINCIPAL ARTERIAL - OTHER - NEW HPMS,2,Urban
1018935,1,Complete,1018935,1018935,41.327679,-72.937174,923027,New Haven,93,93,New Haven,2/1/2023,2023,2,February,1,4,Wednesday,3:03:00,3,23004365,K,Fatal (Kill),K,Fatal Injury (K),1,1,0,4,Local,0.59,557,SHERMAN PKWY,SHERMAN PKWY,,HARDING PLACE,50,Feet,N,41.327679,-72.937174,9,Pedestrian,88,Not Applicable,1,On Roadway,1,Clear,88,Not Applicable,4,Dark-Lighted,1,Dry,99,Unknown,88,Not Applicable,88,Not Applicable,99,Unknown,88,Not Applicable,88,Not Applicable,1,Non-Junction,1,Not at Intersection,1,No,1,No,88,Not Applicable,88,Not Applicable,88,Not Applicable,88,Not Applicable,TRUE,1,Public Road,1,"Trafficway, On Road",CT0009300,New Haven PD,432,39:53.0,O,Open,00:14.0,,4,6300,4,MINOR ARTERIAL - NEW HPMS,2,Urban
1018936,1,Complete,1018936,1018936,41.29773,-72.9376,3513132,New Haven,93,93,New Haven,2/1/2023,2023,2,February,1,4,Wednesday,6:33:00,6,23004369,A,"Injury of any type (Serious, Minor, Possible)",C,Possible Injury (C),2,0,1,2,USRoute,47.22,1,1-N,1-N,WASHINGTON AV NO 1,,,,,41.29773,-72.9376,14,Motor Vehicle in Operation,3,Angle,1,On Roadway,1,Clear,88,Not Applicable,2,Dawn,1,Dry,0,None,88,Not Applicable,88,Not Applicable,0,None,88,Not Applicable,88,Not Applicable,2,Intersection,3,T-Intersection,1,No,1,No,88,Not Applicable,88,Not Applicable,88,Not Applicable,88,Not Applicable,FALSE,1,Public Road,1,"Trafficway, On Road",CT0009300,New Haven PD,42370,19:34.0,C,Closed,00:07.0,,1,8600,3,PRINCIPAL ARTERIAL - OTHER - NEW HPMS,1,Rural