CrashId,Fatal Case Status,Fatal Case Status Text Format,CrashId,CrashId,Latitude,Longitude,DOT Case Number,Town Name,Town Number,Town Number,Town Number Text Format,Date Of Crash,Year,Month,Month Text Format,Day,Day of the Week,Day of the Week Text Format,Time of Crash,Hour of the Day,Case Identifier,Crash Severity,Crash Severity Text Format,Most Severe Injury,Most Severe Injury Text Format,Number Of Motor Vehicles,Number Of Non-Motorist,Number Of Witnesses,Route Class,Route Class Text Format,Milemarker,Road Number,Road Description,Roadway Name,Intersecting Roadway Name,Landmark Description,Distance From Nearest Landmark,Unit Of Measure From Nearest Landmark,Direction From Nearest Landmark,Latitude,Longitude,First Harmful Event,First Harmful Event Text Format,Manner of Crash / Collision Impact,Manner of Crash / Collision Impact Text Format,Location of First Harmful Event,Location of First Harmful Event Text Format,Weather Condition,Weather Condition Text Format,Weather 2,Weather 2 Text Format,Light Condition,Light Condition Text Format,Road Surface Condition,Road Surface Condition Text Format,"Contributing Circumstances, Environment","Contributing Circumstances, Environment Text Format",Environment 2,Environment 2 Text Format,Environment 3,Environment 3 Text Format,"Contributing Circumstances, Road","Contributing Circumstances, Road Text Format",Road 2,Road 2 Text Format,Road 3,Road 3 Text Format,Crash Specific Location,Crash Specific Location Text Format,Type of Intersection,Type of Intersection Text Format,School Bus Related,School Bus Related Text Format,Work Zone Related,Work Zone Related Text Format,Location Of Crash Relative To Work Zone,Location Of Crash Relative To Work Zone Text Format,Type of Work Zone,Type of Work Zone Text Format,Worker Presence,Worker Presence Text Format,Law Enforcement Presence,Law Enforcement Presence Text Format,Were Vehicles Moved Prior To Police Arrival,Trafficway Ownership,Trafficway Ownership Text Format,Trafficway Class,Trafficway Class Text Format,Police Agency,Police Agency Text Format,Badge Number,Approval Date,Police Case Status,Police Case Status Text Format,Crash Report Submission Date,Related Case Identifiers,No. of Through Lanes (Log Dir.),Average Daily Traffic,Functional Classification,Functional Classification Text Format,Rural or Urban,Rural or Urban Text Format
1018940,1,Complete,1018940,1018940,41.32019,-72.87131,3513136,New Haven,93,93,New Haven,2/1/2023,2023,2,February,1,4,Wednesday,9:49:00,9,23004385,A,"Injury of any type (Serious, Minor, Possible)",C,Possible Injury (C),2,0,0,3,State,0.59,80,80-E,80-E,,EASTERN ST,50,Feet,E,41.32019,-72.87131,14,Motor Vehicle in Operation,1,Front to rear,1,On Roadway,1,Clear,88,Not Applicable,1,Daylight,1,Dry,0,None,88,Not Applicable,88,Not Applicable,0,None,88,Not Applicable,88,Not Applicable,1,Non-Junction,1,Not at Intersection,1,No,1,No,88,Not Applicable,88,Not Applicable,88,Not Applicable,88,Not Applicable,FALSE,1,Public Road,1,"Trafficway, On Road",CT0009300,New Haven PD,251,15:54.0,C,Closed,00:10.0,,2,32300,3,PRINCIPAL ARTERIAL - OTHER - NEW HPMS,2,Urban
1019271,1,Complete,1019271,1019271,41.337001,-72.976609,3513467,New Haven,93,93,New Haven,1/29/2023,2023,1,January,29,1,Sunday,14:10:00,14,23003898,A,"Injury of any type (Serious, Minor, Possible)",C,Possible Injury (C),2,0,0,3,State,0.17,69,69-N,69-N,,POND LILLY AVE,400,Feet,E,41.337001,-72.976609,14,Motor Vehicle in Operation,97,Other,1,On Roadway,2,Cloudy,88,Not Applicable,1,Daylight,1,Dry,0,None,88,Not Applicable,88,Not Applicable,0,None,88,Not Applicable,88,Not Applicable,8,Driveway Access,1,Not at Intersection,1,No,1,No,88,Not Applicable,88,Not Applicable,88,Not Applicable,88,Not Applicable,FALSE,1,Public Road,1,"Trafficway, On Road",CT0009300,New Haven PD,381,41:52.0,C,Closed,01:02.0,,1,18100,3,PRINCIPAL ARTERIAL - OTHER - NEW HPMS,2,Urban
1019279,1,Complete,1019279,1019279,41.29355,-72.897702,3513475,New Haven,93,93,New Haven,2/1/2023,2023,2,February,1,4,Wednesday,19:10:00,19,23004533,A,"Injury of any type (Serious, Minor, Possible)",B,Suspected Minor Injury (B),2,0,0,2,USRoute,49.82,1,1-N,1-N,FULTON TER,,,,,41.29355,-72.897702,14,Motor Vehicle in Operation,1,Front to rear,1,On Roadway,1,Clear,88,Not Applicable,4,Dark-Lighted,1,Dry,99,Unknown,88,Not Applicable,88,Not Applicable,99,Unknown,88,Not Applicable,88,Not Applicable,2,Intersection,2,Four-Way Intersection,1,No,1,No,88,Not Applicable,88,Not Applicable,88,Not Applicable,88,Not Applicable,TRUE,1,Public Road,1,"Trafficway, On Road",CT0009300,New Haven PD,44056,41:28.0,C,Closed,01:03.0,,2,9400,3,PRINCIPAL ARTERIAL - OTHER - NEW HPMS,2,Urban
1019282,1,Complete,1019282,1019282,41.329589,-72.969681,3513478,New Haven,93,93,New Haven,2/2/2023,2023,2,February,2,5,Thursday,13:08:00,13,23004614,A,"Injury of any type (Serious, Minor, Possible)",C,Possible Injury (C),2,0,0,3,State,0.77,63,63-N,63-N,,DAYTON STREET,100,Feet,W,41.329589,-72.969681,14,Motor Vehicle in Operation,1,Front to rear,1,On Roadway,1,Clear,88,Not Applicable,1,Daylight,1,Dry,0,None,88,Not Applicable,88,Not Applicable,0,None,88,Not Applicable,88,Not Applicable,1,Non-Junction,1,Not at Intersection,1,No,1,No,88,Not Applicable,88,Not Applicable,88,Not Applicable,88,Not Applicable,TRUE,1,Public Road,1,"Trafficway, On Road",CT0009300,New Haven PD,381,42:22.0,C,Closed,01:02.0,,2,23000,3,PRINCIPAL ARTERIAL - OTHER - NEW HPMS,1,Rural
1019603,1,Complete,1019603,1019603,41.3131,-72.9218,3513799,New Haven,93,93,New Haven,1/31/2023,2023,1,January,31,3,Tuesday,7:45:00,7,23004231,A,"Injury of any type (Serious, Minor, Possible)",C,Possible Injury (C),1,1,0,4,Local,0.18,656,WHITNEY AV,WHITNEY AV,TRUMBULL ST,,,,,41.3131,-72.9218,9,Pedestrian,88,Not Applicable,1,On Roadway,7,Snow,88,Not Applicable,1,Daylight,3,Snow,0,None,88,Not Applicable,88,Not Applicable,0,None,88,Not Applicable,88,Not Applicable,2,Intersection,2,Four-Way Intersection,1,No,1,No,88,Not Applicable,88,Not Applicable,88,Not Applicable,88,Not Applicable,TRUE,1,Public Road,1,"Trafficway, On Road",CT0009300,New Haven PD,40790,32:46.0,C,Closed,00:35.0,,2,4200,3,PRINCIPAL ARTERIAL - OTHER - NEW HPMS,2,Urban
1019604,1,Complete,1019604,1019604,41.30351,-72.91018,3513800,New Haven,93,93,New Haven,1/31/2023,2023,1,January,31,3,Tuesday,15:30:00,15,23004241,A,"Injury of any type (Serious, Minor, Possible)",C,Possible Injury (C),2,0,0,4,Local,0.92,97,CHAPEL ST,CHAPEL ST,,EAST ST,60,Feet,E,41.30351,-72.91018,14,Motor Vehicle in Operation,1,Front to rear,1,On Roadway,1,Clear,88,Not Applicable,1,Daylight,1,Dry,0,None,88,Not Applicable,88,Not Applicable,0,None,88,Not Applicable,88,Not Applicable,1,Non-Junction,1,Not at Intersection,1,No,1,No,88,Not Applicable,88,Not Applicable,88,Not Applicable,88,Not Applicable,FALSE,1,Public Road,1,"Trafficway, On Road",CT0009300,New Haven PD,23,17:39.0,O,Open,00:45.0,,,,,,,
1019606,1,Complete,1019606,1019606,41.32533,-72.91276,3513802,New Haven,93,93,New Haven,1/31/2023,2023,1,January,31,3,Tuesday,19:12:00,19,23004329,A,"Injury of any type (Serious, Minor, Possible)",C,Possible Injury (C),2,0,0,4,Local,0.16,116,COLD SPRING ST,COLD SPRING ST,LIVINGSTON ST,,,,,41.32533,-72.91276,14,Motor Vehicle in Operation,97,Other,1,On Roadway,1,Clear,88,Not Applicable,4,Dark-Lighted,1,Dry,0,None,88,Not Applicable,88,Not Applicable,0,None,88,Not Applicable,88,Not Applicable,2,Intersection,2,Four-Way Intersection,1,No,1,No,88,Not Applicable,88,Not Applicable,88,Not Applicable,88,Not Applicable,FALSE,1,Public Road,1,"Trafficway, On Road",CT0009300,New Haven PD,751,23:00.0,C,Closed,00:40.0,,,,,,,
1019608,1,Complete,1019608,1019608,41.31906,-72.94906,3513804,New Haven,93,93,New Haven,2/1/2023,2023,2,February,1,4,Wednesday,4:58:00,4,23004366,A,"Injury of any type (Serious, Minor, Possible)",C,Possible Injury (C),1,0,0,3,State,2.86,10,10-N,10-N,ELLA T GRASSO BLVD NO 2,,,,,41.31906,-72.94906,32,Tree (standing),88,Not Applicable,1,On Roadway,1,Clear,88,Not Applicable,4,Dark-Lighted,1,Dry,0,None,88,Not Applicable,88,Not Applicable,0,None,88,Not Applicable,88,Not Applicable,2,Intersection,2,Four-Way Intersection,1,No,1,No,88,Not Applicable,88,Not Applicable,88,Not Applicable,88,Not Applicable,FALSE,1,Public Road,1,"Trafficway, On Road",CT0009300,New Haven PD,43614,58:29.0,C,Closed,00:41.0,,4,19800,3,PRINCIPAL ARTERIAL - OTHER - NEW HPMS,2,Urban
1019609,1,Complete,1019609,1019609,41.32743,-72.95333,3513805,New Haven,93,93,New Haven,2/1/2023,2023,2,February,1,4,Wednesday,8:09:00,8,23004374,A,"Injury of any type (Serious, Minor, Possible)",B,Suspected Minor Injury (B),3,0,0,3,State,3.68,10,10-N,10-N,BLAKE ST,,,,,41.32743,-72.95333,14,Motor Vehicle in Operation,1,Front to rear,1,On Roadway,1,Clear,88,Not Applicable,1,Daylight,1,Dry,0,None,88,Not Applicable,88,Not Applicable,0,None,88,Not Applicable,88,Not Applicable,3,Intersection-Related,2,Four-Way Intersection,2,"Yes, School Bus Directly Involved",1,No,88,Not Applicable,88,Not Applicable,88,Not Applicable,88,Not Applicable,FALSE,1,Public Road,1,"Trafficway, On Road",CT0009300,New Haven PD,238,32:06.0,C,Closed,00:38.0,,1,8900,4,MINOR ARTERIAL - NEW HPMS,1,Rural
1019620,1,Complete,1019620,1019620,41.30146,-72.92692,3513816,New Haven,93,93,New Haven,2/3/2023,2023,2,February,3,6,Friday,13:19:00,13,23004749,A,"Injury of any type (Serious, Minor, Possible)",B,Suspected Minor Injury (B),2,0,0,3,State,0,34,34-E-8A,34-E-8A,SOUTH ORANGE ST,,,,,41.30146,-72.92692,14,Motor Vehicle in Operation,3,Angle,1,On Roadway,1,Clear,88,Not Applicable,1,Daylight,1,Dry,0,None,88,Not Applicable,88,Not Applicable,0,None,88,Not Applicable,88,Not Applicable,2,Intersection,3,T-Intersection,1,No,1,No,88,Not Applicable,88,Not Applicable,88,Not Applicable,88,Not Applicable,TRUE,1,Public Road,1,"Trafficway, On Road",CT0009300,New Haven PD,44050,22:34.0,C,Closed,00:34.0,,,4500,2,PRIN ART-OTHER FREEWAYS & EXPRESSWAYS - NEW HPMS,2,Urban
1019621,1,Complete,1019621,1019621,41.32685,-72.9643,3513817,New Haven,93,93,New Haven,2/3/2023,2023,2,February,3,6,Friday,13:27:00,13,23004756,A,"Injury of any type (Serious, Minor, Possible)",B,Suspected Minor Injury (B),2,0,0,3,State,6.41,243,243-W,243-W,,Forest Rd,500,Feet,E,41.32685,-72.9643,14,Motor Vehicle in Operation,3,Angle,1,On Roadway,1,Clear,88,Not Applicable,1,Daylight,1,Dry,0,None,88,Not Applicable,88,Not Applicable,0,None,88,Not Applicable,88,Not Applicable,1,Non-Junction,1,Not at Intersection,1,No,1,No,88,Not Applicable,88,Not Applicable,88,Not Applicable,88,Not Applicable,FALSE,1,Public Road,1,"Trafficway, On Road",CT0009300,New Haven PD,66,57:29.0,C,Closed,00:52.0,,1,10500,4,MINOR ARTERIAL - NEW HPMS,1,Rural
1019626,1,Complete,1019626,1019626,41.311681,-72.899922,3513822,New Haven,93,93,New Haven,2/3/2023,2023,2,February,3,6,Friday,17:40:00,17,23004797,A,"Injury of any type (Serious, Minor, Possible)",B,Suspected Minor Injury (B),2,0,0,4,Local,0.6,57,BLATCHLEY AV,BLATCHLEY AV,PINE ST NO 1,,,,,41.311681,-72.899922,14,Motor Vehicle in Operation,2,Front to front,1,On Roadway,1,Clear,88,Not Applicable,4,Dark-Lighted,1,Dry,0,None,88,Not Applicable,88,Not Applicable,0,None,88,Not Applicable,88,Not Applicable,2,Intersection,2,Four-Way Intersection,1,No,1,No,88,Not Applicable,88,Not Applicable,88,Not Applicable,88,Not Applicable,FALSE,1,Public Road,1,"Trafficway, On Road",CT0009300,New Haven PD,44056,44:20.0,C,Closed,00:32.0,,,,,,,
1019628,1,Complete,1019628,1019628,41.31753,-72.94978,3513824,New Haven,93,93,New Haven,2/4/2023,2023,2,February,4,7,Saturday,16:56:00,16,23004815,A,"Injury of any type (Serious, Minor, Possible)",C,Possible Injury (C),2,0,0,3,State,2.74,10,10-N,10-N,ELM ST NO 1,,,,,41.31753,-72.94978,14,Motor Vehicle in Operation,1,Front to rear,1,On Roadway,1,Clear,88,Not Applicable,4,Dark-Lighted,1,Dry,0,None,88,Not Applicable,88,Not Applicable,0,None,88,Not Applicable,88,Not Applicable,2,Intersection,2,Four-Way Intersection,1,No,1,No,88,Not Applicable,88,Not Applicable,88,Not Applicable,88,Not Applicable,FALSE,1,Public Road,1,"Trafficway, On Road",CT0009300,New Haven PD,79,49:59.0,O,Open,00:51.0,,1,16900,3,PRINCIPAL ARTERIAL - OTHER - NEW HPMS,1,Rural
1019636,1,Complete,1019636,1019636,41.287242,-72.925759,3513832,New Haven,93,93,New Haven,2/4/2023,2023,2,February,4,7,Saturday,8:56:00,8,23004863,A,"Injury of any type (Serious, Minor, Possible)",C,Possible Injury (C),2,0,0,4,Local,0.23,359,SARGENT DR,SARGENT DR,LONG WHARF DR,,,,,41.287242,-72.925759,14,Motor Vehicle in Operation,1,Front to rear,1,On Roadway,1,Clear,88,Not Applicable,1,Daylight,1,Dry,0,None,88,Not Applicable,88,Not Applicable,0,None,88,Not Applicable,88,Not Applicable,2,Intersection,2,Four-Way Intersection,1,No,1,No,88,Not Applicable,88,Not Applicable,88,Not Applicable,88,Not Applicable,FALSE,1,Public Road,1,"Trafficway, On Road",CT0009300,New Haven PD,251,06:22.0,C,Closed,00:47.0,,,,,,,
1019638,1,Complete,1019638,1019638,41.327303,-72.870025,3513834,New Haven,93,93,New Haven,2/4/2023,2023,2,February,4,7,Saturday,17:14:00,17,23004889,A,"Injury of any type (Serious, Minor, Possible)",C,Possible Injury (C),2,0,0,3,State,0.49,103,103-N,103-N,HEMINGWAY PL,,,,,41.327303,-72.870025,14,Motor Vehicle in Operation,3,Angle,1,On Roadway,1,Clear,88,Not Applicable,1,Daylight,1,Dry,0,None,88,Not Applicable,88,Not Applicable,0,None,88,Not Applicable,88,Not Applicable,2,Intersection,3,T-Intersection,1,No,1,No,88,Not Applicable,88,Not Applicable,88,Not Applicable,88,Not Applicable,FALSE,1,Public Road,1,"Trafficway, On Road",CT0009300,New Haven PD,44065,45:12.0,C,Closed,00:56.0,,1,9100,4,MINOR ARTERIAL - NEW HPMS,1,Rural
1019639,1,Complete,1019639,1019639,41.316893,-72.943154,3513835,New Haven,93,93,New Haven,2/4/2023,2023,2,February,4,7,Saturday,17:51:00,17,23004895,A,"Injury of any type (Serious, Minor, Possible)",C,Possible Injury (C),1,1,0,4,Local,0.34,653,WHALLEY AV,WHALLEY AV,,SHERMAN AVE,225,Feet,W,41.316893,-72.943154,9,Pedestrian,88,Not Applicable,1,On Roadway,1,Clear,88,Not Applicable,4,Dark-Lighted,1,Dry,0,None,88,Not Applicable,88,Not Applicable,0,None,88,Not Applicable,88,Not Applicable,11,Through Roadway,1,Not at Intersection,1,No,1,No,88,Not Applicable,88,Not Applicable,88,Not Applicable,88,Not Applicable,FALSE,1,Public Road,1,"Trafficway, On Road",CT0009300,New Haven PD,44051,47:30.0,C,Closed,00:48.0,,4,21100,3,PRINCIPAL ARTERIAL - OTHER - NEW HPMS,2,Urban
1019641,1,Complete,1019641,1019641,41.308767,-72.898652,3513837,New Haven,93,93,New Haven,2/5/2023,2023,2,February,5,1,Sunday,9:00:00,9,23004940,A,"Injury of any type (Serious, Minor, Possible)",C,Possible Injury (C),2,0,0,4,Local,0.67,264,GRAND AV,GRAND AV,,BLATCHLEY AVE,100,Feet,E,41.308767,-72.898652,14,Motor Vehicle in Operation,1,Front to rear,1,On Roadway,1,Clear,88,Not Applicable,1,Daylight,1,Dry,0,None,88,Not Applicable,88,Not Applicable,0,None,88,Not Applicable,88,Not Applicable,1,Non-Junction,1,Not at Intersection,1,No,1,No,88,Not Applicable,88,Not Applicable,88,Not Applicable,88,Not Applicable,FALSE,1,Public Road,1,"Trafficway, On Road",CT0009300,New Haven PD,193,37:04.0,C,Closed,00:55.0,,,,,,,
1019647,1,Complete,1019647,1019647,41.328538,-72.957397,3513843,New Haven,93,93,New Haven,2/5/2023,2023,2,February,5,1,Sunday,16:41:00,16,23004981,A,"Injury of any type (Serious, Minor, Possible)",C,Possible Injury (C),1,1,0,4,Local,0.81,56,BLAKE ST,BLAKE ST,STONE ST,,,,,41.328538,-72.957397,9,Pedestrian,88,Not Applicable,1,On Roadway,1,Clear,88,Not Applicable,1,Daylight,1,Dry,0,None,88,Not Applicable,88,Not Applicable,0,None,88,Not Applicable,88,Not Applicable,3,Intersection-Related,3,T-Intersection,1,No,1,No,88,Not Applicable,88,Not Applicable,88,Not Applicable,88,Not Applicable,FALSE,1,Public Road,1,"Trafficway, On Road",CT0009300,New Haven PD,9,09:37.0,C,Closed,00:59.0,,2,7000,5,MAJOR COLLECTOR - NEW HPMS,2,Urban
1020134,1,Complete,1020134,1020134,41.32493,-72.95694,3514330,New Haven,93,93,New Haven,1/31/2023,2023,1,January,31,3,Tuesday,20:43:00,20,23004349,A,"Injury of any type (Serious, Minor, Possible)",B,Suspected Minor Injury (B),2,0,0,3,State,0,63,63-N,63-N,10-N,,,,,41.32493,-72.95694,14,Motor Vehicle in Operation,1,Front to rear,1,On Roadway,1,Clear,88,Not Applicable,4,Dark-Lighted,1,Dry,0,None,88,Not Applicable,88,Not Applicable,0,None,88,Not Applicable,88,Not Applicable,2,Intersection,3,T-Intersection,1,No,1,No,88,Not Applicable,88,Not Applicable,88,Not Applicable,88,Not Applicable,TRUE,1,Public Road,1,"Trafficway, On Road",CT0009300,New Haven PD,44175,17:31.0,C,Closed,02:02.0,,2,23200,3,PRINCIPAL ARTERIAL - OTHER - NEW HPMS,2,Urban
1020137,1,Complete,1020137,1020137,41.289975,-72.940318,3514333,New Haven,93,93,New Haven,2/6/2023,2023,2,February,6,2,Monday,6:43:00,6,23005024,A,"Injury of any type (Serious, Minor, Possible)",C,Possible Injury (C),2,0,0,3,State,0.62,10,10-N,10-N,LAMBERTON ST,,,,,41.289975,-72.940318,14,Motor Vehicle in Operation,3,Angle,1,On Roadway,1,Clear,88,Not Applicable,1,Daylight,1,Dry,0,None,88,Not Applicable,88,Not Applicable,0,None,88,Not Applicable,88,Not Applicable,2,Intersection,2,Four-Way Intersection,1,No,1,No,88,Not Applicable,88,Not Applicable,88,Not Applicable,88,Not Applicable,FALSE,1,Public Road,1,"Trafficway, On Road",CT0009300,New Haven PD,26,13:16.0,C,Closed,01:59.0,,2,18000,3,PRINCIPAL ARTERIAL - OTHER - NEW HPMS,2,Urban
1020139,1,Complete,1020139,1020139,41.314285,-72.935718,3514335,New Haven,93,93,New Haven,2/6/2023,2023,2,February,6,2,Monday,10:06:00,10,23005050,A,"Injury of any type (Serious, Minor, Possible)",B,Suspected Minor Injury (B),1,1,0,4,Local,0.76,653,WHALLEY AV,WHALLEY AV,SPERRY ST,,,,,41.314285,-72.935718,14,Motor Vehicle in Operation,3,Angle,1,On Roadway,1,Clear,88,Not Applicable,1,Daylight,1,Dry,0,None,88,Not Applicable,88,Not Applicable,0,None,88,Not Applicable,88,Not Applicable,3,Intersection-Related,3,T-Intersection,1,No,1,No,88,Not Applicable,88,Not Applicable,88,Not Applicable,88,Not Applicable,FALSE,1,Public Road,1,"Trafficway, On Road",CT0009300,New Haven PD,62,52:13.0,C,Closed,02:01.0,,,,,,,
1020413,1,Complete,1020413,1020413,41.307084,-72.938788,3514609,New Haven,93,93,New Haven,1/29/2023,2023,1,January,29,1,Sunday,1:51:00,1,23003856,A,"Injury of any type (Serious, Minor, Possible)",C,Possible Injury (C),2,0,0,4,Local,0.84,809,REV DR MLK JR BLVD,REV DR MLK JR BLVD,DWIGHT ST,,,,,41.307084,-72.938788,14,Motor Vehicle in Operation,3,Angle,1,On Roadway,1,Clear,88,Not Applicable,4,Dark-Lighted,1,Dry,0,None,88,Not Applicable,88,Not Applicable,0,None,88,Not Applicable,88,Not Applicable,2,Intersection,2,Four-Way Intersection,1,No,1,No,88,Not Applicable,88,Not Applicable,88,Not Applicable,88,Not Applicable,TRUE,1,Public Road,1,"Trafficway, On Road",CT0009300,New Haven PD,412,17:52.0,C,Closed,00:53.0,,,,,,,
1020414,1,Complete,1020414,1020414,41.32488,-72.96043,3514610,New Haven,93,93,New Haven,1/30/2023,2023,1,January,30,2,Monday,18:52:00,18,23004094,A,"Injury of any type (Serious, Minor, Possible)",C,Possible Injury (C),2,0,0,4,Local,0.13,93,CENTRAL AV,CENTRAL AV,,FOUNTAIN ST,300,Feet,S,41.32488,-72.96043,14,Motor Vehicle in Operation,4,"Sideswipe, same direction",1,On Roadway,1,Clear,88,Not Applicable,4,Dark-Lighted,1,Dry,0,None,88,Not Applicable,88,Not Applicable,0,None,88,Not Applicable,88,Not Applicable,1,Non-Junction,1,Not at Intersection,1,No,1,No,88,Not Applicable,88,Not Applicable,88,Not Applicable,88,Not Applicable,FALSE,1,Public Road,1,"Trafficway, On Road",CT0009300,New Haven PD,55,25:45.0,C,Closed,01:04.0,,,,,,,
1020420,1,Complete,1020420,1020420,41.30417,-72.89761,3514616,New Haven,93,93,New Haven,2/7/2023,2023,2,February,7,3,Tuesday,2:11:00,2,23005205,A,"Injury of any type (Serious, Minor, Possible)",B,Suspected Minor Injury (B),2,0,0,4,Local,0.27,97,CHAPEL ST,CHAPEL ST,,BLATCHLEY AVE,100,Feet,E,41.30417,-72.89761,14,Motor Vehicle in Operation,2,Front to front,1,On Roadway,1,Clear,88,Not Applicable,4,Dark-Lighted,1,Dry,4,Animal(s) in Roadway,88,Not Applicable,88,Not Applicable,0,None,88,Not Applicable,88,Not Applicable,3,Intersection-Related,2,Four-Way Intersection,1,No,1,No,88,Not Applicable,88,Not Applicable,88,Not Applicable,88,Not Applicable,FALSE,1,Public Road,1,"Trafficway, On Road",CT0009300,New Haven PD,86,12:21.0,C,Closed,00:53.0,,,,,,,
1020425,1,Complete,1020425,1020425,41.306123,-72.925863,3514621,New Haven,93,93,New Haven,2/7/2023,2023,2,February,7,3,Tuesday,13:14:00,13,23005255,A,"Injury of any type (Serious, Minor, Possible)",C,Possible Injury (C),2,0,0,4,Local,0.17,103,CHURCH ST,CHURCH ST,CHAPEL ST,,,,,41.306123,-72.925863,14,Motor Vehicle in Operation,1,Front to rear,1,On Roadway,1,Clear,88,Not Applicable,1,Daylight,1,Dry,0,None,88,Not Applicable,88,Not Applicable,99,Unknown,88,Not Applicable,88,Not Applicable,3,Intersection-Related,2,Four-Way Intersection,1,No,1,No,88,Not Applicable,88,Not Applicable,88,Not Applicable,88,Not Applicable,TRUE,1,Public Road,1,"Trafficway, On Road",CT0009300,New Haven PD,221,59:56.0,O,Open,00:58.0,,,,,,,
1020430,1,Complete,1020430,1020430,41.30401,-72.898499,3514626,New Haven,93,93,New Haven,2/7/2023,2023,2,February,7,3,Tuesday,18:07:00,18,23005313,A,"Injury of any type (Serious, Minor, Possible)",C,Possible Injury (C),2,0,0,4,Local,0.31,97,CHAPEL ST,CHAPEL ST,,BLATCHLEY AVE,25,Feet,E,41.30401,-72.898499,14,Motor Vehicle in Operation,4,"Sideswipe, same direction",1,On Roadway,1,Clear,88,Not Applicable,4,Dark-Lighted,1,Dry,0,None,88,Not Applicable,88,Not Applicable,0,None,88,Not Applicable,88,Not Applicable,11,Through Roadway,1,Not at Intersection,1,No,1,No,88,Not Applicable,88,Not Applicable,88,Not Applicable,88,Not Applicable,FALSE,1,Public Road,1,"Trafficway, On Road",CT0009300,New Haven PD,991,16:23.0,C,Closed,00:58.0,,,,,,,
1020431,1,Complete,1020431,1020431,41.29874,-72.93555,3514627,New Haven,93,93,New Haven,2/7/2023,2023,2,February,7,3,Tuesday,19:16:00,19,23005333,A,"Injury of any type (Serious, Minor, Possible)",C,Possible Injury (C),2,0,0,4,Local,0.16,138,DAGGETT ST,DAGGETT ST,,WASHINGTON AVE,10,Feet,W,41.29874,-72.93555,14,Motor Vehicle in Operation,6,Rear to side,1,On Roadway,1,Clear,88,Not Applicable,5,Dark-Not Lighted,1,Dry,0,None,88,Not Applicable,88,Not Applicable,0,None,88,Not Applicable,88,Not Applicable,1,Non-Junction,1,Not at Intersection,1,No,1,No,88,Not Applicable,88,Not Applicable,88,Not Applicable,88,Not Applicable,FALSE,1,Public Road,1,"Trafficway, On Road",CT0009300,New Haven PD,42367,13:35.0,C,Closed,01:04.0,,,,,,,
1020681,1,Complete,1020681,1020681,41.306991,-72.934944,3514877,New Haven,93,93,New Haven,2/4/2023,2023,2,February,4,7,Saturday,10:55:00,10,23004867,A,"Injury of any type (Serious, Minor, Possible)",C,Possible Injury (C),2,0,0,4,Local,0.83,248,GEORGE ST,GEORGE ST,PARK ST,,,,,41.306991,-72.934944,14,Motor Vehicle in Operation,3,Angle,1,On Roadway,1,Clear,88,Not Applicable,1,Daylight,1,Dry,0,None,88,Not Applicable,88,Not Applicable,0,None,88,Not Applicable,88,Not Applicable,2,Intersection,2,Four-Way Intersection,1,No,1,No,88,Not Applicable,88,Not Applicable,88,Not Applicable,88,Not Applicable,TRUE,1,Public Road,1,"Trafficway, On Road",CT0009300,New Haven PD,225,34:05.0,C,Closed,00:36.0,,,,,,,
1020682,1,Complete,1020682,1020682,41.29624,-72.90227,3514878,New Haven,93,93,New Haven,2/6/2023,2023,2,February,6,2,Monday,18:30:00,18,23005164,A,"Injury of any type (Serious, Minor, Possible)",C,Possible Injury (C),1,0,0,2,USRoute,49.54,1,1-N,1-N,,WATERFRONT ST,20,Feet,W,41.29624,-72.90227,28,Guardrail Face,88,Not Applicable,4,Roadside,1,Clear,88,Not Applicable,4,Dark-Lighted,1,Dry,0,None,88,Not Applicable,88,Not Applicable,0,None,88,Not Applicable,88,Not Applicable,1,Non-Junction,1,Not at Intersection,1,No,1,No,88,Not Applicable,88,Not Applicable,88,Not Applicable,88,Not Applicable,FALSE,1,Public Road,1,"Trafficway, On Road",CT0009300,New Haven PD,322,32:30.0,C,Closed,00:45.0,,4,12400,3,PRINCIPAL ARTERIAL - OTHER - NEW HPMS,2,Urban
1020691,1,Complete,1020691,1020691,41.29773,-72.93758,3514887,New Haven,93,93,New Haven,2/8/2023,2023,2,February,8,4,Wednesday,15:54:00,15,23005478,A,"Injury of any type (Serious, Minor, Possible)",C,Possible Injury (C),1,3,0,2,USRoute,47.22,1,1-N,1-N,WASHINGTON AV NO 1,,,,,41.29773,-72.93758,9,Pedestrian,88,Not Applicable,1,On Roadway,1,Clear,88,Not Applicable,1,Daylight,1,Dry,0,None,88,Not Applicable,88,Not Applicable,0,None,88,Not Applicable,88,Not Applicable,2,Intersection,2,Four-Way Intersection,1,No,1,No,88,Not Applicable,88,Not Applicable,88,Not Applicable,88,Not Applicable,FALSE,1,Public Road,1,"Trafficway, On Road",CT0009300,New Haven PD,40818,05:35.0,C,Closed,00:40.0,,2,8600,3,PRINCIPAL ARTERIAL - OTHER - NEW HPMS,2,Urban
1020693,1,Complete,1020693,1020693,41.30854,-72.87379,3514889,New Haven,93,93,New Haven,2/8/2023,2023,2,February,8,4,Wednesday,17:02:00,17,23005487,A,"Injury of any type (Serious, Minor, Possible)",C,Possible Injury (C),2,0,0,4,Local,0.11,167,EASTERN ST,EASTERN ST,CLIFTON ST,,,,,41.30854,-72.87379,14,Motor Vehicle in Operation,3,Angle,1,On Roadway,1,Clear,88,Not Applicable,99,Unknown,1,Dry,0,None,88,Not Applicable,88,Not Applicable,0,None,88,Not Applicable,88,Not Applicable,2,Intersection,3,T-Intersection,1,No,1,No,88,Not Applicable,88,Not Applicable,88,Not Applicable,88,Not Applicable,FALSE,1,Public Road,1,"Trafficway, On Road",CT0009300,New Haven PD,44176,34:26.0,C,Closed,00:43.0,,,,,,,