CrashId,Fatal Case Status,Fatal Case Status Text Format,CrashId,CrashId,Latitude,Longitude,DOT Case Number,Town Name,Town Number,Town Number,Town Number Text Format,Date Of Crash,Year,Month,Month Text Format,Day,Day of the Week,Day of the Week Text Format,Time of Crash,Hour of the Day,Case Identifier,Crash Severity,Crash Severity Text Format,Most Severe Injury,Most Severe Injury Text Format,Number Of Motor Vehicles,Number Of Non-Motorist,Number Of Witnesses,Route Class,Route Class Text Format,Milemarker,Road Number,Road Description,Roadway Name,Intersecting Roadway Name,Landmark Description,Distance From Nearest Landmark,Unit Of Measure From Nearest Landmark,Direction From Nearest Landmark,Latitude,Longitude,First Harmful Event,First Harmful Event Text Format,Manner of Crash / Collision Impact,Manner of Crash / Collision Impact Text Format,Location of First Harmful Event,Location of First Harmful Event Text Format,Weather Condition,Weather Condition Text Format,Weather 2,Weather 2 Text Format,Light Condition,Light Condition Text Format,Road Surface Condition,Road Surface Condition Text Format,"Contributing Circumstances, Environment","Contributing Circumstances, Environment Text Format",Environment 2,Environment 2 Text Format,Environment 3,Environment 3 Text Format,"Contributing Circumstances, Road","Contributing Circumstances, Road Text Format",Road 2,Road 2 Text Format,Road 3,Road 3 Text Format,Crash Specific Location,Crash Specific Location Text Format,Type of Intersection,Type of Intersection Text Format,School Bus Related,School Bus Related Text Format,Work Zone Related,Work Zone Related Text Format,Location Of Crash Relative To Work Zone,Location Of Crash Relative To Work Zone Text Format,Type of Work Zone,Type of Work Zone Text Format,Worker Presence,Worker Presence Text Format,Law Enforcement Presence,Law Enforcement Presence Text Format,Were Vehicles Moved Prior To Police Arrival,Trafficway Ownership,Trafficway Ownership Text Format,Trafficway Class,Trafficway Class Text Format,Police Agency,Police Agency Text Format,Badge Number,Approval Date,Police Case Status,Police Case Status Text Format,Crash Report Submission Date,Related Case Identifiers,No. of Through Lanes (Log Dir.),Average Daily Traffic,Functional Classification,Functional Classification Text Format,Rural or Urban,Rural or Urban Text Format
1021017,1,Complete,1021017,1021017,41.321526,-72.929631,3515213,New Haven,93,93,New Haven,2/8/2023,2023,2,February,8,4,Wednesday,16:03:00,16,23005454,A,"Injury of any type (Serious, Minor, Possible)",A,Suspected Serious Injury (A),1,1,1,4,Local,0.21,429,MUNSON ST,MUNSON ST,CANAL ST NO 1,,,,,41.321526,-72.929631,9,Pedestrian,88,Not Applicable,1,On Roadway,1,Clear,88,Not Applicable,1,Daylight,1,Dry,0,None,88,Not Applicable,88,Not Applicable,0,None,88,Not Applicable,88,Not Applicable,2,Intersection,2,Four-Way Intersection,1,No,1,No,88,Not Applicable,88,Not Applicable,88,Not Applicable,88,Not Applicable,FALSE,1,Public Road,1,"Trafficway, On Road",CT0009300,New Haven PD,286,06:05.0,C,Closed,01:51.0,,2,8600,4,MINOR ARTERIAL - NEW HPMS,2,Urban
1021023,1,Complete,1021023,1021023,41.304949,-72.926579,3515219,New Haven,93,93,New Haven,2/9/2023,2023,2,February,9,5,Thursday,9:21:00,9,23005565,A,"Injury of any type (Serious, Minor, Possible)",C,Possible Injury (C),2,0,0,4,Local,0.08,103,CHURCH ST,CHURCH ST,,CROWN ST,15,Feet,N,41.304949,-72.926579,14,Motor Vehicle in Operation,3,Angle,1,On Roadway,2,Cloudy,88,Not Applicable,1,Daylight,1,Dry,0,None,88,Not Applicable,88,Not Applicable,0,None,88,Not Applicable,88,Not Applicable,1,Non-Junction,1,Not at Intersection,1,No,1,No,88,Not Applicable,88,Not Applicable,88,Not Applicable,88,Not Applicable,FALSE,1,Public Road,1,"Trafficway, On Road",CT0009300,New Haven PD,165,52:51.0,C,Closed,01:49.0,,,,,,,
1021331,1,Complete,1021331,1021331,41.322156,-72.877468,3515527,New Haven,93,93,New Haven,1/28/2023,2023,1,January,28,7,Saturday,16:54:00,16,23003814,A,"Injury of any type (Serious, Minor, Possible)",C,Possible Injury (C),2,0,0,3,State,0.24,80,80-E,80-E,,Quinnopiac Ave,1000,Feet,W,41.322156,-72.877468,14,Motor Vehicle in Operation,1,Front to rear,7,In Parking Lane or Zone,1,Clear,88,Not Applicable,4,Dark-Lighted,1,Dry,0,None,88,Not Applicable,88,Not Applicable,0,None,88,Not Applicable,88,Not Applicable,3,Intersection-Related,3,T-Intersection,1,No,1,No,88,Not Applicable,88,Not Applicable,88,Not Applicable,88,Not Applicable,FALSE,2,Private Road,4,Parking Lot,CT0009300,New Haven PD,43776,45:02.0,C,Closed,01:16.0,,3,32300,3,PRINCIPAL ARTERIAL - OTHER - NEW HPMS,2,Urban
1021344,1,Complete,1021344,1021344,41.30181041,-72.94051636,3515540,New Haven,93,93,New Haven,2/8/2023,2023,2,February,8,4,Wednesday,10:02:00,10,23005391,A,"Injury of any type (Serious, Minor, Possible)",C,Possible Injury (C),2,0,0,4,Local,0.49,141,DAVENPORT AV,DAVENPORT AV,BALDWIN ST,,,,,41.30181041,-72.94051636,14,Motor Vehicle in Operation,1,Front to rear,1,On Roadway,6,Freezing Rain or Freezing Drizzle,88,Not Applicable,1,Daylight,5,Ice / Frost,0,None,88,Not Applicable,88,Not Applicable,0,None,88,Not Applicable,88,Not Applicable,2,Intersection,3,T-Intersection,1,No,1,No,88,Not Applicable,88,Not Applicable,88,Not Applicable,88,Not Applicable,TRUE,1,Public Road,1,"Trafficway, On Road",CT0009300,New Haven PD,301,24:03.0,C,Closed,01:27.0,,,,,,,
1021348,1,Complete,1021348,1021348,41.321351,-72.943958,3515544,New Haven,93,93,New Haven,2/8/2023,2023,2,February,8,4,Wednesday,21:03:00,21,23005529,A,"Injury of any type (Serious, Minor, Possible)",C,Possible Injury (C),2,0,1,4,Local,0.79,439,NORTON ST,NORTON ST,,Goff Terrace ,30,Feet,S,41.321351,-72.943958,14,Motor Vehicle in Operation,1,Front to rear,1,On Roadway,1,Clear,88,Not Applicable,4,Dark-Lighted,1,Dry,0,None,88,Not Applicable,88,Not Applicable,0,None,88,Not Applicable,88,Not Applicable,3,Intersection-Related,2,Four-Way Intersection,1,No,1,No,88,Not Applicable,88,Not Applicable,88,Not Applicable,88,Not Applicable,FALSE,1,Public Road,1,"Trafficway, On Road",CT0009300,New Haven PD,44062,51:29.0,C,Closed,01:05.0,,,,,,,
1021351,1,Complete,1021351,1021351,41.31673,-72.91607,3515547,New Haven,93,93,New Haven,2/9/2023,2023,2,February,9,5,Thursday,10:23:00,10,23005575,A,"Injury of any type (Serious, Minor, Possible)",C,Possible Injury (C),2,0,0,4,Local,0.84,450,ORANGE ST NO 1,ORANGE ST NO 1,,HUMPHREY ST,75,Feet,S,41.31673,-72.91607,14,Motor Vehicle in Operation,3,Angle,1,On Roadway,1,Clear,88,Not Applicable,1,Daylight,1,Dry,0,None,88,Not Applicable,88,Not Applicable,0,None,88,Not Applicable,88,Not Applicable,1,Non-Junction,1,Not at Intersection,1,No,1,No,88,Not Applicable,88,Not Applicable,88,Not Applicable,88,Not Applicable,TRUE,1,Public Road,1,"Trafficway, On Road",CT0009300,New Haven PD,432,11:36.0,C,Closed,00:58.0,,,,,,,
1021352,1,Complete,1021352,1021352,41.3083,-72.9279,3515548,New Haven,93,93,New Haven,2/9/2023,2023,2,February,9,5,Thursday,12:44:00,12,23005601,A,"Injury of any type (Serious, Minor, Possible)",B,Suspected Minor Injury (B),1,1,0,4,Local,0.26,117,COLLEGE ST,COLLEGE ST,,PARK ST,200,TenthsofMile,E,41.3083,-72.9279,9,Pedestrian,88,Not Applicable,1,On Roadway,1,Clear,88,Not Applicable,1,Daylight,1,Dry,0,None,88,Not Applicable,88,Not Applicable,0,None,88,Not Applicable,88,Not Applicable,1,Non-Junction,1,Not at Intersection,1,No,1,No,88,Not Applicable,88,Not Applicable,88,Not Applicable,88,Not Applicable,FALSE,1,Public Road,1,"Trafficway, On Road",CT0009300,New Haven PD,465,27:03.0,C,Closed,01:00.0,,2,3500,3,PRINCIPAL ARTERIAL - OTHER - NEW HPMS,2,Urban
1021361,1,Complete,1021361,1021361,41.26707,-72.89679,3515557,New Haven,93,93,New Haven,2/10/2023,2023,2,February,10,6,Friday,8:10:00,8,23005686,A,"Injury of any type (Serious, Minor, Possible)",C,Possible Injury (C),2,0,0,4,Local,0,74,BURR ST,BURR ST,337-E,,,,,41.26707,-72.89679,14,Motor Vehicle in Operation,2,Front to front,1,On Roadway,1,Clear,88,Not Applicable,1,Daylight,1,Dry,0,None,88,Not Applicable,88,Not Applicable,0,None,88,Not Applicable,88,Not Applicable,2,Intersection,3,T-Intersection,1,No,1,No,88,Not Applicable,88,Not Applicable,88,Not Applicable,88,Not Applicable,FALSE,1,Public Road,1,"Trafficway, On Road",CT0009300,New Haven PD,156,48:10.0,C,Closed,01:02.0,,,,,,,
1021364,1,Complete,1021364,1021364,41.3268834,-72.93516,3515560,New Haven,93,93,New Haven,2/10/2023,2023,2,February,10,6,Friday,10:29:00,10,23005712,A,"Injury of any type (Serious, Minor, Possible)",C,Possible Injury (C),2,0,0,4,Local,1,152,DIXWELL AV,DIXWELL AV,DIVISION ST,,,,,41.3268834,-72.93516,14,Motor Vehicle in Operation,3,Angle,1,On Roadway,1,Clear,88,Not Applicable,1,Daylight,1,Dry,0,None,88,Not Applicable,88,Not Applicable,0,None,88,Not Applicable,88,Not Applicable,2,Intersection,2,Four-Way Intersection,1,No,1,No,88,Not Applicable,88,Not Applicable,88,Not Applicable,88,Not Applicable,FALSE,1,Public Road,1,"Trafficway, On Road",CT0009300,New Haven PD,329,43:31.0,C,Closed,01:01.0,,,,,,,
1021365,1,Complete,1021365,1021365,41.30771,-72.936631,3515561,New Haven,93,93,New Haven,2/10/2023,2023,2,February,10,6,Friday,10:53:00,10,23005724,A,"Injury of any type (Serious, Minor, Possible)",C,Possible Injury (C),2,0,0,4,Local,0.72,248,GEORGE ST,GEORGE ST,HOWE ST,,,,,41.30771,-72.936631,14,Motor Vehicle in Operation,3,Angle,1,On Roadway,1,Clear,88,Not Applicable,1,Daylight,1,Dry,0,None,88,Not Applicable,88,Not Applicable,0,None,88,Not Applicable,88,Not Applicable,2,Intersection,2,Four-Way Intersection,1,No,1,No,88,Not Applicable,88,Not Applicable,88,Not Applicable,88,Not Applicable,FALSE,1,Public Road,1,"Trafficway, On Road",CT0009300,New Haven PD,465,34:22.0,C,Closed,01:00.0,,,,,,,
1021368,1,Complete,1021368,1021368,41.31401,-72.95159,3515564,New Haven,93,93,New Haven,2/10/2023,2023,2,February,10,6,Friday,16:03:00,16,23005774,A,"Injury of any type (Serious, Minor, Possible)",C,Possible Injury (C),2,0,0,3,State,2.47,10,10-N,10-N,STANLEY ST,,,,,41.31401,-72.95159,14,Motor Vehicle in Operation,1,Front to rear,1,On Roadway,1,Clear,88,Not Applicable,1,Daylight,1,Dry,0,None,88,Not Applicable,88,Not Applicable,3,Backup Due to Regular Congestion,88,Not Applicable,88,Not Applicable,2,Intersection,3,T-Intersection,1,No,1,No,88,Not Applicable,88,Not Applicable,88,Not Applicable,88,Not Applicable,FALSE,1,Public Road,1,"Trafficway, On Road",CT0009300,New Haven PD,44046,02:34.0,C,Closed,01:08.0,,2,19800,3,PRINCIPAL ARTERIAL - OTHER - NEW HPMS,2,Urban
1021372,1,Complete,1021372,1021372,41.306962,-72.942448,3515568,New Haven,93,93,New Haven,2/10/2023,2023,2,February,10,6,Friday,22:53:00,22,23005845,A,"Injury of any type (Serious, Minor, Possible)",C,Possible Injury (C),2,0,0,4,Local,1.02,809,REV DR MLK JR BLVD,REV DR MLK JR BLVD,ORCHARD ST,,,,,41.306962,-72.942448,14,Motor Vehicle in Operation,4,"Sideswipe, same direction",1,On Roadway,1,Clear,88,Not Applicable,4,Dark-Lighted,1,Dry,0,None,88,Not Applicable,88,Not Applicable,0,None,88,Not Applicable,88,Not Applicable,3,Intersection-Related,3,T-Intersection,1,No,1,No,88,Not Applicable,88,Not Applicable,88,Not Applicable,88,Not Applicable,TRUE,1,Public Road,1,"Trafficway, On Road",CT0009300,New Haven PD,39,24:08.0,C,Closed,01:22.0,,,,,,,
1021373,1,Complete,1021373,1021373,41.3094622,-72.9270302,3515569,New Haven,93,93,New Haven,2/11/2023,2023,2,February,11,7,Saturday,2:05:00,2,23005857,A,"Injury of any type (Serious, Minor, Possible)",C,Possible Injury (C),1,1,0,4,Local,0.38,726,ELM ST NO 2,ELM ST NO 2,COLLEGE ST,,,,,41.3094622,-72.9270302,9,Pedestrian,88,Not Applicable,1,On Roadway,1,Clear,88,Not Applicable,4,Dark-Lighted,1,Dry,0,None,88,Not Applicable,88,Not Applicable,0,None,88,Not Applicable,88,Not Applicable,2,Intersection,2,Four-Way Intersection,1,No,1,No,88,Not Applicable,88,Not Applicable,88,Not Applicable,88,Not Applicable,TRUE,1,Public Road,1,"Trafficway, On Road",CT0009300,New Haven PD,40952,44:19.0,O,Open,01:10.0,23005857,2,18200,3,PRINCIPAL ARTERIAL - OTHER - NEW HPMS,2,Urban
1021374,1,Complete,1021374,1021374,41.29866,-72.92916,3515570,New Haven,93,93,New Haven,2/11/2023,2023,2,February,11,7,Saturday,9:10:00,9,23005868,A,"Injury of any type (Serious, Minor, Possible)",C,Possible Injury (C),2,0,1,2,USRoute,47.67,1,1-N,1-N,1-S,,,,,41.29866,-72.92916,14,Motor Vehicle in Operation,3,Angle,1,On Roadway,1,Clear,88,Not Applicable,1,Daylight,1,Dry,0,None,88,Not Applicable,88,Not Applicable,0,None,88,Not Applicable,88,Not Applicable,2,Intersection,2,Four-Way Intersection,1,No,1,No,88,Not Applicable,88,Not Applicable,88,Not Applicable,88,Not Applicable,FALSE,1,Public Road,1,"Trafficway, On Road",CT0009300,New Haven PD,44050,11:13.0,C,Closed,01:15.0,,1,8400,3,PRINCIPAL ARTERIAL - OTHER - NEW HPMS,1,Rural
1021375,1,Complete,1021375,1021375,41.301653,-72.941263,3515571,New Haven,93,93,New Haven,2/11/2023,2023,2,February,11,7,Saturday,10:41:00,10,23005876,A,"Injury of any type (Serious, Minor, Possible)",C,Possible Injury (C),2,0,0,4,Local,0,453,ORCHARD ST,ORCHARD ST,DAVENPORT AV,,,,,41.301653,-72.941263,14,Motor Vehicle in Operation,1,Front to rear,1,On Roadway,1,Clear,88,Not Applicable,1,Daylight,1,Dry,0,None,88,Not Applicable,88,Not Applicable,0,None,88,Not Applicable,88,Not Applicable,2,Intersection,3,T-Intersection,1,No,1,No,88,Not Applicable,88,Not Applicable,88,Not Applicable,88,Not Applicable,TRUE,1,Public Road,1,"Trafficway, On Road",CT0009300,New Haven PD,26,01:55.0,C,Closed,01:19.0,,,,,,,
1021376,1,Complete,1021376,1021376,41.304356,-72.928636,3515572,New Haven,93,93,New Haven,2/11/2023,2023,2,February,11,7,Saturday,12:18:00,12,23005887,A,"Injury of any type (Serious, Minor, Possible)",C,Possible Injury (C),2,0,0,4,Local,0.75,588,TEMPLE ST,TEMPLE ST,GEORGE ST,,,,,41.304356,-72.928636,14,Motor Vehicle in Operation,3,Angle,1,On Roadway,1,Clear,88,Not Applicable,1,Daylight,1,Dry,0,None,88,Not Applicable,88,Not Applicable,0,None,88,Not Applicable,88,Not Applicable,4,Entrance / Exit Ramp,1,Not at Intersection,1,No,1,No,88,Not Applicable,88,Not Applicable,88,Not Applicable,88,Not Applicable,FALSE,1,Public Road,1,"Trafficway, On Road",CT0009300,New Haven PD,137,43:00.0,C,Closed,01:14.0,,,,,,,
1021377,1,Complete,1021377,1021377,41.32296,-72.87963,3515573,New Haven,93,93,New Haven,2/11/2023,2023,2,February,11,7,Saturday,18:06:00,18,23005914,A,"Injury of any type (Serious, Minor, Possible)",C,Possible Injury (C),1,1,0,3,State,0.12,80,80-E,80-E,,MIDDLETOWN AVE,200,Feet,E,41.32296,-72.87963,9,Pedestrian,88,Not Applicable,1,On Roadway,1,Clear,88,Not Applicable,5,Dark-Not Lighted,1,Dry,0,None,88,Not Applicable,88,Not Applicable,0,None,88,Not Applicable,88,Not Applicable,1,Non-Junction,1,Not at Intersection,1,No,1,No,88,Not Applicable,88,Not Applicable,88,Not Applicable,88,Not Applicable,FALSE,1,Public Road,1,"Trafficway, On Road",CT0009300,New Haven PD,44056,10:13.0,C,Closed,01:19.0,,5,32100,3,PRINCIPAL ARTERIAL - OTHER - NEW HPMS,2,Urban
1021380,1,Complete,1021380,1021380,41.28524,-72.89592,3515576,New Haven,93,93,New Haven,2/11/2023,2023,2,February,11,7,Saturday,22:35:00,22,23005945,A,"Injury of any type (Serious, Minor, Possible)",A,Suspected Serious Injury (A),2,0,0,4,Local,1.09,678,WOODWARD AV,WOODWARD AV,PARK LA,,,,,41.28524,-72.89592,14,Motor Vehicle in Operation,3,Angle,1,On Roadway,1,Clear,88,Not Applicable,5,Dark-Not Lighted,1,Dry,0,None,88,Not Applicable,88,Not Applicable,0,None,88,Not Applicable,88,Not Applicable,2,Intersection,3,T-Intersection,1,No,1,No,88,Not Applicable,88,Not Applicable,88,Not Applicable,88,Not Applicable,FALSE,1,Public Road,1,"Trafficway, On Road",CT0009300,New Haven PD,44056,02:15.0,C,Closed,01:23.0,,,,,,,
1021388,1,Complete,1021388,1021388,41.32672,-72.92457,3515584,New Haven,93,93,New Haven,2/12/2023,2023,2,February,12,1,Sunday,19:17:00,19,23006015,A,"Injury of any type (Serious, Minor, Possible)",C,Possible Injury (C),2,0,0,4,Local,0,550,SHELDON TER,SHELDON TER,STARR ST NO 3,,,,,41.32672,-72.92457,14,Motor Vehicle in Operation,3,Angle,1,On Roadway,1,Clear,88,Not Applicable,4,Dark-Lighted,1,Dry,0,None,88,Not Applicable,88,Not Applicable,0,None,88,Not Applicable,88,Not Applicable,2,Intersection,2,Four-Way Intersection,1,No,1,No,88,Not Applicable,88,Not Applicable,88,Not Applicable,88,Not Applicable,FALSE,1,Public Road,1,"Trafficway, On Road",CT0009300,New Haven PD,42052,29:28.0,C,Closed,01:31.0,,,,,,,
1021874,1,Complete,1021874,1021874,41.3014,-72.9268,3516070,New Haven,93,93,New Haven,2/10/2023,2023,2,February,10,6,Friday,22:46:00,22,23005817,A,"Injury of any type (Serious, Minor, Possible)",C,Possible Injury (C),2,0,0,3,State,0,34,34-E-8A,34-E-8A,SOUTH ORANGE ST,,,,,41.3014,-72.9268,14,Motor Vehicle in Operation,3,Angle,1,On Roadway,1,Clear,88,Not Applicable,4,Dark-Lighted,1,Dry,0,None,88,Not Applicable,88,Not Applicable,0,None,88,Not Applicable,88,Not Applicable,3,Intersection-Related,2,Four-Way Intersection,1,No,1,No,88,Not Applicable,88,Not Applicable,88,Not Applicable,88,Not Applicable,FALSE,1,Public Road,1,"Trafficway, On Road",CT0009300,New Haven PD,44065,31:30.0,C,Closed,01:10.0,,,4500,2,PRIN ART-OTHER FREEWAYS & EXPRESSWAYS - NEW HPMS,2,Urban
1021879,1,Complete,1021879,1021879,41.326566,-72.940916,3516075,New Haven,93,93,New Haven,2/13/2023,2023,2,February,13,2,Monday,8:57:00,8,23006051,A,"Injury of any type (Serious, Minor, Possible)",C,Possible Injury (C),2,0,0,4,Local,0.43,133,CRESCENT ST,CRESCENT ST,NORTON PKWY,,,,,41.326566,-72.940916,14,Motor Vehicle in Operation,4,"Sideswipe, same direction",2,Shoulder,1,Clear,88,Not Applicable,1,Daylight,1,Dry,0,None,88,Not Applicable,88,Not Applicable,0,None,88,Not Applicable,88,Not Applicable,3,Intersection-Related,4,Y-Intersection,1,No,1,No,88,Not Applicable,88,Not Applicable,88,Not Applicable,88,Not Applicable,FALSE,1,Public Road,1,"Trafficway, On Road",CT0009300,New Haven PD,62,49:52.0,C,Closed,01:06.0,,,,,,,
1022122,1,Complete,1022122,1022122,41.311021,-72.930835,3516318,New Haven,93,93,New Haven,2/5/2023,2023,2,February,5,1,Sunday,21:58:00,21,23005008,A,"Injury of any type (Serious, Minor, Possible)",C,Possible Injury (C),2,0,0,4,Local,0.15,726,ELM ST NO 2,ELM ST NO 2,BROADWAY AVE,,,,,41.311021,-72.930835,14,Motor Vehicle in Operation,4,"Sideswipe, same direction",1,On Roadway,1,Clear,88,Not Applicable,4,Dark-Lighted,1,Dry,0,None,88,Not Applicable,88,Not Applicable,0,None,88,Not Applicable,88,Not Applicable,2,Intersection,4,Y-Intersection,1,No,1,No,88,Not Applicable,88,Not Applicable,88,Not Applicable,88,Not Applicable,TRUE,1,Public Road,1,"Trafficway, On Road",CT0009300,New Haven PD,43688,20:14.0,C,Closed,00:24.0,,,,,,,
1022127,1,Complete,1022127,1022127,41.32378,-72.88157,3516323,New Haven,93,93,New Haven,2/14/2023,2023,2,February,14,3,Tuesday,1:21:00,1,23006201,A,"Injury of any type (Serious, Minor, Possible)",B,Suspected Minor Injury (B),2,0,0,3,State,0.21,17,17-N,17-N,91-N-16,,,,,41.32378,-72.88157,14,Motor Vehicle in Operation,3,Angle,1,On Roadway,1,Clear,88,Not Applicable,4,Dark-Lighted,1,Dry,0,None,88,Not Applicable,88,Not Applicable,0,None,88,Not Applicable,88,Not Applicable,2,Intersection,2,Four-Way Intersection,1,No,1,No,88,Not Applicable,88,Not Applicable,88,Not Applicable,88,Not Applicable,FALSE,1,Public Road,1,"Trafficway, On Road",CT0009300,New Haven PD,42367,43:42.0,C,Closed,00:18.0,,1,21600,3,PRINCIPAL ARTERIAL - OTHER - NEW HPMS,1,Rural
1022130,1,Complete,1022130,1022130,41.317494,-72.901439,3516326,New Haven,93,93,New Haven,2/14/2023,2023,2,February,14,3,Tuesday,18:01:00,18,23006361,A,"Injury of any type (Serious, Minor, Possible)",C,Possible Injury (C),2,0,0,2,USRoute,0.17,5,5-N,5-N,WILLOW ST,,,,,41.317494,-72.901439,14,Motor Vehicle in Operation,3,Angle,1,On Roadway,1,Clear,88,Not Applicable,4,Dark-Lighted,1,Dry,0,None,88,Not Applicable,88,Not Applicable,0,None,88,Not Applicable,88,Not Applicable,2,Intersection,2,Four-Way Intersection,1,No,1,No,88,Not Applicable,88,Not Applicable,88,Not Applicable,88,Not Applicable,FALSE,1,Public Road,1,"Trafficway, On Road",CT0009300,New Haven PD,980,24:09.0,C,Closed,00:23.0,,1,12900,4,MINOR ARTERIAL - NEW HPMS,1,Rural
1022437,1,Complete,1022437,1022437,41.30739,-72.89674,3516633,New Haven,93,93,New Haven,2/13/2023,2023,2,February,13,2,Monday,23:45:00,23,23006196,A,"Injury of any type (Serious, Minor, Possible)",B,Suspected Minor Injury (B),2,0,0,4,Local,0.38,487,POPLAR ST,POPLAR ST,EXCHANGE ST,,,,,41.30739,-72.89674,14,Motor Vehicle in Operation,2,Front to front,1,On Roadway,1,Clear,88,Not Applicable,4,Dark-Lighted,1,Dry,0,None,88,Not Applicable,88,Not Applicable,0,None,88,Not Applicable,88,Not Applicable,2,Intersection,2,Four-Way Intersection,1,No,1,No,88,Not Applicable,88,Not Applicable,88,Not Applicable,88,Not Applicable,TRUE,1,Public Road,1,"Trafficway, On Road",CT0009300,New Haven PD,86,21:16.0,C,Closed,01:09.0,,,,,,,
1022438,1,Complete,1022438,1022438,41.330361,-72.965588,3516634,New Haven,93,93,New Haven,2/14/2023,2023,2,February,14,3,Tuesday,5:32:00,5,23006208,A,"Injury of any type (Serious, Minor, Possible)",C,Possible Injury (C),1,0,0,4,Local,0.84,612,VALLEY ST NO 1,VALLEY ST NO 1,,W HILLS RD,240,Feet,E,41.330361,-72.965588,33,Utility Pole/Light Support,88,Not Applicable,1,On Roadway,1,Clear,88,Not Applicable,4,Dark-Lighted,1,Dry,0,None,88,Not Applicable,88,Not Applicable,0,None,88,Not Applicable,88,Not Applicable,1,Non-Junction,1,Not at Intersection,1,No,1,No,88,Not Applicable,88,Not Applicable,88,Not Applicable,88,Not Applicable,FALSE,1,Public Road,1,"Trafficway, On Road",CT0009300,New Haven PD,42045,25:15.0,C,Closed,01:10.0,,2,11500,5,MAJOR COLLECTOR - NEW HPMS,2,Urban
1022441,1,Complete,1022441,1022441,41.32216,-72.873158,3516637,New Haven,93,93,New Haven,2/14/2023,2023,2,February,14,3,Tuesday,18:55:00,18,23006367,A,"Injury of any type (Serious, Minor, Possible)",A,Suspected Serious Injury (A),2,0,0,3,State,0.1,103,103-N,103-N,,BARNES AVE,150,Feet,N,41.32216,-72.873158,14,Motor Vehicle in Operation,1,Front to rear,1,On Roadway,1,Clear,88,Not Applicable,4,Dark-Lighted,1,Dry,0,None,88,Not Applicable,88,Not Applicable,0,None,88,Not Applicable,88,Not Applicable,1,Non-Junction,1,Not at Intersection,1,No,1,No,88,Not Applicable,88,Not Applicable,88,Not Applicable,88,Not Applicable,FALSE,1,Public Road,1,"Trafficway, On Road",CT0009300,New Haven PD,279,44:23.0,C,Closed,01:13.0,,1,9100,4,MINOR ARTERIAL - NEW HPMS,1,Rural
1022453,1,Complete,1022453,1022453,41.308482,-72.912496,3516649,New Haven,93,93,New Haven,2/15/2023,2023,2,February,15,4,Wednesday,20:33:00,20,23006514,A,"Injury of any type (Serious, Minor, Possible)",C,Possible Injury (C),2,0,0,4,Local,1.38,264,GRAND AV,GRAND AV,HAMILTON ST NO 2,,,,,41.308482,-72.912496,14,Motor Vehicle in Operation,1,Front to rear,1,On Roadway,1,Clear,88,Not Applicable,4,Dark-Lighted,1,Dry,0,None,88,Not Applicable,88,Not Applicable,0,None,88,Not Applicable,88,Not Applicable,2,Intersection,2,Four-Way Intersection,1,No,1,No,88,Not Applicable,88,Not Applicable,88,Not Applicable,88,Not Applicable,TRUE,1,Public Road,1,"Trafficway, On Road",CT0009300,New Haven PD,409,52:21.0,C,Closed,01:20.0,,,,,,,
1022705,1,Complete,1022705,1022705,41.30697,-72.93721,3516901,New Haven,93,93,New Haven,2/9/2023,2023,2,February,9,5,Thursday,10:36:00,10,23005580,A,"Injury of any type (Serious, Minor, Possible)",C,Possible Injury (C),2,0,0,4,Local,0.74,809,REV DR MLK JR BLVD,REV DR MLK JR BLVD,HOWE ST,,,,,41.30697,-72.93721,14,Motor Vehicle in Operation,3,Angle,1,On Roadway,1,Clear,88,Not Applicable,1,Daylight,1,Dry,0,None,88,Not Applicable,88,Not Applicable,0,None,88,Not Applicable,88,Not Applicable,2,Intersection,2,Four-Way Intersection,1,No,1,No,88,Not Applicable,88,Not Applicable,88,Not Applicable,88,Not Applicable,TRUE,1,Public Road,1,"Trafficway, On Road",CT0009300,New Haven PD,324,11:05.0,C,Closed,00:22.0,,,,,,,
1022709,1,Complete,1022709,1022709,41.310462,-72.91211,3516905,New Haven,93,93,New Haven,2/13/2023,2023,2,February,13,2,Monday,23:45:00,23,23006195,A,"Injury of any type (Serious, Minor, Possible)",B,Suspected Minor Injury (B),1,1,0,4,Local,0.48,275,HAMILTON ST NO 2,HAMILTON ST NO 2,,SHEILA DR,20,Feet,S,41.310462,-72.91211,9,Pedestrian,88,Not Applicable,1,On Roadway,1,Clear,88,Not Applicable,4,Dark-Lighted,1,Dry,0,None,88,Not Applicable,88,Not Applicable,0,None,88,Not Applicable,88,Not Applicable,3,Intersection-Related,3,T-Intersection,1,No,1,No,88,Not Applicable,88,Not Applicable,88,Not Applicable,88,Not Applicable,TRUE,1,Public Road,1,"Trafficway, On Road",CT0009300,New Haven PD,86,17:20.0,C,Closed,00:21.0,,2,5300,4,MINOR ARTERIAL - NEW HPMS,2,Urban
1023032,1,Complete,1023032,1023032,41.327976,-72.878253,3517228,New Haven,93,93,New Haven,12/24/2022,2022,12,December,24,7,Saturday,2:20:00,2,22043442,A,"Injury of any type (Serious, Minor, Possible)",C,Possible Injury (C),2,0,0,3,State,0.55,17,17-N,17-N,FLINT ST,,,,,41.327976,-72.878253,14,Motor Vehicle in Operation,1,Front to rear,1,On Roadway,1,Clear,88,Not Applicable,4,Dark-Lighted,1,Dry,0,None,88,Not Applicable,88,Not Applicable,0,None,88,Not Applicable,88,Not Applicable,2,Intersection,3,T-Intersection,1,No,1,No,88,Not Applicable,88,Not Applicable,88,Not Applicable,88,Not Applicable,TRUE,1,Public Road,1,"Trafficway, On Road",CT0009300,New Haven PD,416,19:55.0,O,Open,01:01.0,,1,14300,3,PRINCIPAL ARTERIAL - OTHER - NEW HPMS,1,Rural