CrashId,Fatal Case Status,Fatal Case Status Text Format,CrashId,CrashId,Latitude,Longitude,DOT Case Number,Town Name,Town Number,Town Number,Town Number Text Format,Date Of Crash,Year,Month,Month Text Format,Day,Day of the Week,Day of the Week Text Format,Time of Crash,Hour of the Day,Case Identifier,Crash Severity,Crash Severity Text Format,Most Severe Injury,Most Severe Injury Text Format,Number Of Motor Vehicles,Number Of Non-Motorist,Number Of Witnesses,Route Class,Route Class Text Format,Milemarker,Road Number,Road Description,Roadway Name,Intersecting Roadway Name,Landmark Description,Distance From Nearest Landmark,Unit Of Measure From Nearest Landmark,Direction From Nearest Landmark,Latitude,Longitude,First Harmful Event,First Harmful Event Text Format,Manner of Crash / Collision Impact,Manner of Crash / Collision Impact Text Format,Location of First Harmful Event,Location of First Harmful Event Text Format,Weather Condition,Weather Condition Text Format,Weather 2,Weather 2 Text Format,Light Condition,Light Condition Text Format,Road Surface Condition,Road Surface Condition Text Format,"Contributing Circumstances, Environment","Contributing Circumstances, Environment Text Format",Environment 2,Environment 2 Text Format,Environment 3,Environment 3 Text Format,"Contributing Circumstances, Road","Contributing Circumstances, Road Text Format",Road 2,Road 2 Text Format,Road 3,Road 3 Text Format,Crash Specific Location,Crash Specific Location Text Format,Type of Intersection,Type of Intersection Text Format,School Bus Related,School Bus Related Text Format,Work Zone Related,Work Zone Related Text Format,Location Of Crash Relative To Work Zone,Location Of Crash Relative To Work Zone Text Format,Type of Work Zone,Type of Work Zone Text Format,Worker Presence,Worker Presence Text Format,Law Enforcement Presence,Law Enforcement Presence Text Format,Were Vehicles Moved Prior To Police Arrival,Trafficway Ownership,Trafficway Ownership Text Format,Trafficway Class,Trafficway Class Text Format,Police Agency,Police Agency Text Format,Badge Number,Approval Date,Police Case Status,Police Case Status Text Format,Crash Report Submission Date,Related Case Identifiers,No. of Through Lanes (Log Dir.),Average Daily Traffic,Functional Classification,Functional Classification Text Format,Rural or Urban,Rural or Urban Text Format
1031519,1,Complete,1031519,1031519,41.30986,-72.94576,3525706,New Haven,93,93,New Haven,3/15/2023,2023,3,March,15,4,Wednesday,15:36:00,15,23010409,A,"Injury of any type (Serious, Minor, Possible)",C,Possible Injury (C),2,0,0,4,Local,0.23,248,GEORGE ST,GEORGE ST,,SHERMAN AVE,100,Feet,W,41.30986,-72.94576,14,Motor Vehicle in Operation,4,"Sideswipe, same direction",1,On Roadway,1,Clear,88,Not Applicable,1,Daylight,1,Dry,0,None,88,Not Applicable,88,Not Applicable,0,None,88,Not Applicable,88,Not Applicable,1,Non-Junction,1,Not at Intersection,2,"Yes, School Bus Directly Involved",1,No,88,Not Applicable,88,Not Applicable,88,Not Applicable,88,Not Applicable,TRUE,1,Public Road,1,"Trafficway, On Road",CT0009300,New Haven PD,39,59:07.0,C,Closed,00:54.0,,,,,,,
1031522,1,Complete,1031522,1031522,41.31186,-72.8962,3525709,New Haven,93,93,New Haven,3/15/2023,2023,3,March,15,4,Wednesday,16:49:00,16,23010431,A,"Injury of any type (Serious, Minor, Possible)",C,Possible Injury (C),2,0,0,4,Local,0.55,213,FERRY ST,FERRY ST,,PINE ST,100,Feet,S,41.31186,-72.8962,14,Motor Vehicle in Operation,1,Front to rear,1,On Roadway,1,Clear,1,Clear,1,Daylight,1,Dry,99,Unknown,88,Not Applicable,88,Not Applicable,0,None,88,Not Applicable,88,Not Applicable,1,Non-Junction,1,Not at Intersection,1,No,1,No,88,Not Applicable,88,Not Applicable,88,Not Applicable,88,Not Applicable,FALSE,1,Public Road,1,"Trafficway, On Road",CT0009300,New Haven PD,44060,38:20.0,C,Closed,00:54.0,,,,,,,
1031753,1,Complete,1031753,1031753,41.308801,-72.899345,3525940,New Haven,93,93,New Haven,12/12/2022,2022,12,December,12,2,Monday,16:30:00,16,22042053,A,"Injury of any type (Serious, Minor, Possible)",C,Possible Injury (C),3,0,0,4,Local,0.71,264,GRAND AV,GRAND AV,BLATCHLEY AV,,,,,41.308801,-72.899345,14,Motor Vehicle in Operation,3,Angle,1,On Roadway,1,Clear,88,Not Applicable,1,Daylight,1,Dry,0,None,88,Not Applicable,88,Not Applicable,0,None,88,Not Applicable,88,Not Applicable,2,Intersection,2,Four-Way Intersection,1,No,1,No,88,Not Applicable,88,Not Applicable,88,Not Applicable,88,Not Applicable,FALSE,1,Public Road,1,"Trafficway, On Road",CT0009300,New Haven PD,40807,15:34.0,C,Closed,00:08.0,,,,,,,
1032108,1,Complete,1032108,1032108,41.32848,-72.9546,3526295,New Haven,93,93,New Haven,3/18/2023,2023,3,March,18,7,Saturday,20:00:00,20,23008781,A,"Injury of any type (Serious, Minor, Possible)",C,Possible Injury (C),2,0,0,4,Local,0.65,56,BLAKE ST,BLAKE ST,FARNHAM AV,,,,,41.32848,-72.9546,14,Motor Vehicle in Operation,3,Angle,1,On Roadway,1,Clear,88,Not Applicable,4,Dark-Lighted,1,Dry,0,None,88,Not Applicable,88,Not Applicable,0,None,88,Not Applicable,88,Not Applicable,3,Intersection-Related,3,T-Intersection,1,No,1,No,88,Not Applicable,88,Not Applicable,88,Not Applicable,88,Not Applicable,FALSE,1,Public Road,1,"Trafficway, On Road",CT0009300,New Haven PD,19532,23:06.0,O,Open,01:47.0,,,,,,,
1032111,1,Complete,1032111,1032111,41.311751,-72.950828,3526298,New Haven,93,93,New Haven,3/12/2023,2023,3,March,12,1,Sunday,14:55:00,14,23009953,A,"Injury of any type (Serious, Minor, Possible)",C,Possible Injury (C),2,0,0,4,Local,0.09,323,IRVING ST,IRVING ST,ELLSWORTH AV,,,,,41.311751,-72.950828,14,Motor Vehicle in Operation,3,Angle,1,On Roadway,1,Clear,88,Not Applicable,1,Daylight,1,Dry,99,Unknown,88,Not Applicable,88,Not Applicable,0,None,88,Not Applicable,88,Not Applicable,2,Intersection,2,Four-Way Intersection,1,No,1,No,88,Not Applicable,88,Not Applicable,88,Not Applicable,88,Not Applicable,FALSE,1,Public Road,1,"Trafficway, On Road",CT0009300,New Haven PD,465,43:13.0,C,Closed,01:37.0,,,,,,,
1032117,1,Complete,1032117,1032117,41.32061,-72.87283,3526304,New Haven,93,93,New Haven,3/16/2023,2023,3,March,16,5,Thursday,13:37:00,13,23010602,A,"Injury of any type (Serious, Minor, Possible)",C,Possible Injury (C),2,0,0,3,State,0.51,80,80-E,80-E,,QUINNIPIAC AVE,329,Feet,E,41.32061,-72.87283,14,Motor Vehicle in Operation,1,Front to rear,1,On Roadway,1,Clear,88,Not Applicable,1,Daylight,1,Dry,0,None,88,Not Applicable,88,Not Applicable,0,None,88,Not Applicable,88,Not Applicable,1,Non-Junction,1,Not at Intersection,1,No,1,No,88,Not Applicable,88,Not Applicable,88,Not Applicable,88,Not Applicable,TRUE,1,Public Road,1,"Trafficway, On Road",CT0009300,New Haven PD,44056,23:27.0,C,Closed,01:35.0,,2,32300,3,PRINCIPAL ARTERIAL - OTHER - NEW HPMS,2,Urban
1032119,1,Complete,1032119,1032119,41.313403,-72.896589,3526306,New Haven,93,93,New Haven,3/16/2023,2023,3,March,16,5,Thursday,21:05:00,21,23010648,A,"Injury of any type (Serious, Minor, Possible)",C,Possible Injury (C),2,0,0,4,Local,0.44,213,FERRY ST,FERRY ST,,LIMERICK ST,74,Feet,S,41.313403,-72.896589,14,Motor Vehicle in Operation,3,Angle,1,On Roadway,1,Clear,88,Not Applicable,4,Dark-Lighted,1,Dry,0,None,88,Not Applicable,88,Not Applicable,0,None,88,Not Applicable,88,Not Applicable,9,Driveway Access-Related,1,Not at Intersection,1,No,1,No,88,Not Applicable,88,Not Applicable,88,Not Applicable,88,Not Applicable,TRUE,1,Public Road,1,"Trafficway, On Road",CT0009300,New Haven PD,416,23:30.0,C,Closed,01:31.0,,6,127700,1,INTERSTATE - NEW HPMS,2,Urban
1032123,1,Complete,1032123,1032123,41.342854,-72.958132,3526310,New Haven,93,93,New Haven,3/17/2023,2023,3,March,17,6,Friday,9:41:00,9,23010691,A,"Injury of any type (Serious, Minor, Possible)",C,Possible Injury (C),1,0,0,4,Local,0.2,70,BROOKSIDE AV,BROOKSIDE AV,,WILMOT ROAD,100,Feet,W,41.342854,-72.958132,39,"Other Fixed Object (wall, building, tunnel, etc.)",88,Not Applicable,4,Roadside,1,Clear,88,Not Applicable,1,Daylight,1,Dry,0,None,88,Not Applicable,88,Not Applicable,0,None,88,Not Applicable,88,Not Applicable,1,Non-Junction,1,Not at Intersection,1,No,1,No,88,Not Applicable,88,Not Applicable,88,Not Applicable,88,Not Applicable,FALSE,1,Public Road,1,"Trafficway, On Road",CT0009300,New Haven PD,225,15:10.0,C,Closed,01:37.0,,2,1724,7,LOCAL - NEW HPMS,2,Urban
1032124,1,Complete,1032124,1032124,41.313483,-72.934227,3526311,New Haven,93,93,New Haven,3/17/2023,2023,3,March,17,6,Friday,12:37:00,12,23010730,A,"Injury of any type (Serious, Minor, Possible)",C,Possible Injury (C),1,1,0,4,Local,0.86,653,WHALLEY AV,WHALLEY AV,DWIGHT ST,,,,,41.313483,-72.934227,14,Motor Vehicle in Operation,3,Angle,1,On Roadway,1,Clear,88,Not Applicable,1,Daylight,1,Dry,0,None,88,Not Applicable,88,Not Applicable,0,None,88,Not Applicable,88,Not Applicable,2,Intersection,3,T-Intersection,1,No,1,No,88,Not Applicable,88,Not Applicable,88,Not Applicable,88,Not Applicable,FALSE,1,Public Road,1,"Trafficway, On Road",CT0009300,New Haven PD,62,23:03.0,C,Closed,01:33.0,,,,,,,
1032134,1,Complete,1032134,1032134,41.305911,-72.937523,3526321,New Haven,93,93,New Haven,3/18/2023,2023,3,March,18,7,Saturday,16:05:00,16,23010871,A,"Injury of any type (Serious, Minor, Possible)",C,Possible Injury (C),2,0,0,4,Local,0.01,308,HOWARD AV,HOWARD AV,,SOUTH FRONTAGE,20,Feet,S,41.305911,-72.937523,14,Motor Vehicle in Operation,1,Front to rear,1,On Roadway,1,Clear,88,Not Applicable,1,Daylight,1,Dry,0,None,88,Not Applicable,88,Not Applicable,0,None,88,Not Applicable,88,Not Applicable,1,Non-Junction,1,Not at Intersection,1,No,1,No,88,Not Applicable,88,Not Applicable,88,Not Applicable,88,Not Applicable,FALSE,1,Public Road,1,"Trafficway, On Road",CT0009300,New Haven PD,40818,20:17.0,C,Closed,01:46.0,,,,,,,
1032136,1,Complete,1032136,1032136,41.31747,-72.90141,3526323,New Haven,93,93,New Haven,3/18/2023,2023,3,March,18,7,Saturday,21:12:00,21,23010892,A,"Injury of any type (Serious, Minor, Possible)",C,Possible Injury (C),2,0,0,4,Local,0,666,WILLOW ST,WILLOW ST,5-N,,,,,41.31747,-72.90141,14,Motor Vehicle in Operation,1,Front to rear,1,On Roadway,1,Clear,88,Not Applicable,4,Dark-Lighted,1,Dry,0,None,88,Not Applicable,88,Not Applicable,0,None,88,Not Applicable,88,Not Applicable,2,Intersection,2,Four-Way Intersection,1,No,1,No,88,Not Applicable,88,Not Applicable,88,Not Applicable,88,Not Applicable,FALSE,1,Public Road,1,"Trafficway, On Road",CT0009300,New Haven PD,42057,59:55.0,C,Closed,01:51.0,,,,,,,
1032138,1,Complete,1032138,1032138,41.294319,-72.899498,3526325,New Haven,93,93,New Haven,3/19/2023,2023,3,March,19,1,Sunday,1:36:00,1,23010930,A,"Injury of any type (Serious, Minor, Possible)",C,Possible Injury (C),2,0,0,2,USRoute,49.72,1,1-N,1-N,,WHEELER ST,100,Feet,W,41.294319,-72.899498,14,Motor Vehicle in Operation,1,Front to rear,1,On Roadway,1,Clear,88,Not Applicable,4,Dark-Lighted,1,Dry,0,None,88,Not Applicable,88,Not Applicable,0,None,88,Not Applicable,88,Not Applicable,1,Non-Junction,1,Not at Intersection,1,No,1,No,88,Not Applicable,88,Not Applicable,88,Not Applicable,88,Not Applicable,FALSE,1,Public Road,1,"Trafficway, On Road",CT0009300,New Haven PD,44175,26:26.0,C,Closed,01:51.0,,2,9400,3,PRINCIPAL ARTERIAL - OTHER - NEW HPMS,2,Urban
1032140,1,Complete,1032140,1032140,41.285222,-72.936747,3526327,New Haven,93,93,New Haven,3/19/2023,2023,3,March,19,1,Sunday,10:18:00,10,23010955,A,"Injury of any type (Serious, Minor, Possible)",C,Possible Injury (C),2,0,0,3,State,1.13,745,745-E,745-E,,ELLA T GRASSO BLVD,200,Feet,N,41.285222,-72.936747,14,Motor Vehicle in Operation,3,Angle,1,On Roadway,1,Clear,88,Not Applicable,1,Daylight,1,Dry,0,None,88,Not Applicable,88,Not Applicable,0,None,88,Not Applicable,88,Not Applicable,9,Driveway Access-Related,1,Not at Intersection,1,No,1,No,88,Not Applicable,88,Not Applicable,88,Not Applicable,88,Not Applicable,TRUE,1,Public Road,1,"Trafficway, On Road",CT0009300,New Haven PD,295,12:54.0,C,Closed,01:49.0,,1,15200,4,MINOR ARTERIAL - NEW HPMS,1,Rural
1032144,1,Complete,1032144,1032144,41.288995,-72.894695,3526331,New Haven,93,93,New Haven,3/19/2023,2023,3,March,19,1,Sunday,18:07:00,18,23011003,A,"Injury of any type (Serious, Minor, Possible)",C,Possible Injury (C),2,0,0,1,Interstate,0,95,95-S-347,95-S-347,WOODWARD AV,,,,,41.288995,-72.894695,14,Motor Vehicle in Operation,3,Angle,1,On Roadway,1,Clear,88,Not Applicable,1,Daylight,1,Dry,0,None,88,Not Applicable,88,Not Applicable,0,None,88,Not Applicable,88,Not Applicable,2,Intersection,2,Four-Way Intersection,1,No,1,No,88,Not Applicable,88,Not Applicable,88,Not Applicable,88,Not Applicable,FALSE,1,Public Road,1,"Trafficway, On Road",CT0009300,New Haven PD,42367,14:02.0,C,Closed,01:53.0,,8,141200,1,INTERSTATE - NEW HPMS,2,Urban
1032791,1,Complete,1032791,1032791,41.323911,-72.881841,3526978,New Haven,93,93,New Haven,3/7/2023,2023,3,March,7,3,Tuesday,5:15:00,5,23009205,A,"Injury of any type (Serious, Minor, Possible)",C,Possible Injury (C),2,0,0,3,State,0.19,17,17-N,17-N,,FOXON BLVD,50,Feet,W,41.323911,-72.881841,14,Motor Vehicle in Operation,2,Front to front,1,On Roadway,1,Clear,88,Not Applicable,4,Dark-Lighted,2,Wet,0,None,88,Not Applicable,88,Not Applicable,0,None,88,Not Applicable,88,Not Applicable,3,Intersection-Related,8,"Five-Point, or More",1,No,1,No,88,Not Applicable,88,Not Applicable,88,Not Applicable,88,Not Applicable,FALSE,1,Public Road,1,"Trafficway, On Road",CT0009300,New Haven PD,42049,20:01.0,C,Closed,01:49.0,,1,30200,3,PRINCIPAL ARTERIAL - OTHER - NEW HPMS,2,Urban
1032795,1,Complete,1032795,1032795,41.31758,-72.94978,3526982,New Haven,93,93,New Haven,3/15/2023,2023,3,March,15,4,Wednesday,22:49:00,22,23010486,A,"Injury of any type (Serious, Minor, Possible)",A,Suspected Serious Injury (A),4,0,0,3,State,2.74,10,10-N,10-N,ELM ST NO 1,,,,,41.31758,-72.94978,14,Motor Vehicle in Operation,3,Angle,1,On Roadway,1,Clear,88,Not Applicable,4,Dark-Lighted,1,Dry,0,None,88,Not Applicable,88,Not Applicable,0,None,88,Not Applicable,88,Not Applicable,2,Intersection,2,Four-Way Intersection,1,No,1,No,88,Not Applicable,88,Not Applicable,88,Not Applicable,88,Not Applicable,FALSE,1,Public Road,1,"Trafficway, On Road",CT0009300,New Haven PD,42044,51:37.0,C,Closed,01:49.0,,1,16900,3,PRINCIPAL ARTERIAL - OTHER - NEW HPMS,1,Rural
1032796,1,Complete,1032796,1032796,41.323856,-72.881548,3526983,New Haven,93,93,New Haven,3/19/2023,2023,3,March,19,1,Sunday,0:45:00,0,23010922,A,"Injury of any type (Serious, Minor, Possible)",B,Suspected Minor Injury (B),2,0,0,3,State,0,80,80-W,80-W,17-N,,,,,41.323856,-72.881548,14,Motor Vehicle in Operation,3,Angle,1,On Roadway,1,Clear,88,Not Applicable,4,Dark-Lighted,1,Dry,0,None,88,Not Applicable,88,Not Applicable,0,None,88,Not Applicable,88,Not Applicable,2,Intersection,2,Four-Way Intersection,1,No,1,No,88,Not Applicable,88,Not Applicable,88,Not Applicable,88,Not Applicable,FALSE,1,Public Road,1,"Trafficway, On Road",CT0009300,New Haven PD,44063,14:00.0,C,Closed,01:45.0,,2,32300,3,PRINCIPAL ARTERIAL - OTHER - NEW HPMS,2,Urban
1032797,1,Complete,1032797,1032797,41.32717,-72.95316,3526984,New Haven,93,93,New Haven,3/19/2023,2023,3,March,19,1,Sunday,12:53:00,12,23010976,A,"Injury of any type (Serious, Minor, Possible)",C,Possible Injury (C),2,0,0,4,Local,0.53,56,BLAKE ST,BLAKE ST,,FITCH ST,100,Feet,S,41.32717,-72.95316,14,Motor Vehicle in Operation,3,Angle,1,On Roadway,1,Clear,1,Clear,1,Daylight,1,Dry,0,None,88,Not Applicable,88,Not Applicable,97,Other,88,Not Applicable,88,Not Applicable,1,Non-Junction,1,Not at Intersection,1,No,1,No,88,Not Applicable,88,Not Applicable,88,Not Applicable,88,Not Applicable,FALSE,1,Public Road,1,"Trafficway, On Road",CT0009300,New Haven PD,44060,25:28.0,C,Closed,01:47.0,,,,,,,
1032798,1,Complete,1032798,1032798,41.328086,-72.952192,3526985,New Haven,93,93,New Haven,3/20/2023,2023,3,March,20,2,Monday,0:08:00,0,23011033,A,"Injury of any type (Serious, Minor, Possible)",B,Suspected Minor Injury (B),1,0,0,3,State,3.94,10,10-N,10-N,,Dyer St,167,Feet,S,41.328086,-72.952192,39,"Other Fixed Object (wall, building, tunnel, etc.)",88,Not Applicable,1,On Roadway,2,Cloudy,88,Not Applicable,4,Dark-Lighted,1,Dry,0,None,88,Not Applicable,88,Not Applicable,0,None,88,Not Applicable,88,Not Applicable,1,Non-Junction,1,Not at Intersection,1,No,1,No,88,Not Applicable,88,Not Applicable,88,Not Applicable,88,Not Applicable,FALSE,1,Public Road,1,"Trafficway, On Road",CT0009300,New Haven PD,44339,24:13.0,C,Closed,01:45.0,,2,13100,4,MINOR ARTERIAL - NEW HPMS,2,Urban
1032801,1,Complete,1032801,1032801,41.3171289,-72.91545,3526988,New Haven,93,93,New Haven,3/20/2023,2023,3,March,20,2,Monday,8:55:00,8,23011052,A,"Injury of any type (Serious, Minor, Possible)",C,Possible Injury (C),2,0,0,4,Local,0.79,450,ORANGE ST NO 1,ORANGE ST NO 1,BISHOP ST,,,,,41.3171289,-72.91545,14,Motor Vehicle in Operation,3,Angle,1,On Roadway,1,Clear,88,Not Applicable,1,Daylight,1,Dry,0,None,88,Not Applicable,88,Not Applicable,0,None,88,Not Applicable,88,Not Applicable,2,Intersection,2,Four-Way Intersection,1,No,1,No,88,Not Applicable,88,Not Applicable,88,Not Applicable,88,Not Applicable,FALSE,1,Public Road,1,"Trafficway, On Road",CT0009300,New Haven PD,87,51:40.0,C,Closed,01:46.0,,,,,,,
1033219,1,Complete,1033219,1033219,41.308943,-72.895996,3527405,New Haven,93,93,New Haven,3/18/2023,2023,3,March,18,7,Saturday,16:40:00,16,23010873,A,"Injury of any type (Serious, Minor, Possible)",C,Possible Injury (C),2,0,0,4,Local,0.53,264,GRAND AV,GRAND AV,,FERRY ST,150,Feet,W,41.308943,-72.895996,14,Motor Vehicle in Operation,2,Front to front,1,On Roadway,1,Clear,88,Not Applicable,4,Dark-Lighted,1,Dry,0,None,88,Not Applicable,88,Not Applicable,0,None,88,Not Applicable,88,Not Applicable,9,Driveway Access-Related,1,Not at Intersection,1,No,1,No,88,Not Applicable,88,Not Applicable,88,Not Applicable,88,Not Applicable,FALSE,1,Public Road,1,"Trafficway, On Road",CT0009300,New Haven PD,42057,48:32.0,C,Closed,00:48.0,,,,,,,
1033538,1,Complete,1033538,1033538,41.2988,-72.949501,3527724,New Haven,93,93,New Haven,3/10/2023,2023,3,March,10,6,Friday,18:14:00,18,23009770,A,"Injury of any type (Serious, Minor, Possible)",C,Possible Injury (C),3,0,0,3,State,1.57,10,10-N,10-N,,COLUMBUS AVE,500,Feet,N,41.2988,-72.949501,14,Motor Vehicle in Operation,1,Front to rear,1,On Roadway,1,Clear,88,Not Applicable,4,Dark-Lighted,1,Dry,0,None,88,Not Applicable,88,Not Applicable,0,None,88,Not Applicable,88,Not Applicable,11,Through Roadway,1,Not at Intersection,1,No,1,No,88,Not Applicable,88,Not Applicable,88,Not Applicable,88,Not Applicable,TRUE,1,Public Road,1,"Trafficway, On Road",CT0009300,New Haven PD,44068,02:59.0,O,Open,00:21.0,,2,20800,3,PRINCIPAL ARTERIAL - OTHER - NEW HPMS,2,Urban
1033539,1,Complete,1033539,1033539,41.324911,-72.935176,3527725,New Haven,93,93,New Haven,3/12/2023,2023,3,March,12,1,Sunday,19:26:00,19,23009976,A,"Injury of any type (Serious, Minor, Possible)",C,Possible Injury (C),4,0,1,4,Local,0.86,152,DIXWELL AV,DIXWELL AV,,ARGYLE ST,130,Feet,N,41.324911,-72.935176,14,Motor Vehicle in Operation,97,Other,1,On Roadway,1,Clear,88,Not Applicable,4,Dark-Lighted,1,Dry,0,None,88,Not Applicable,88,Not Applicable,0,None,88,Not Applicable,88,Not Applicable,11,Through Roadway,1,Not at Intersection,1,No,1,No,88,Not Applicable,88,Not Applicable,88,Not Applicable,88,Not Applicable,FALSE,1,Public Road,1,"Trafficway, On Road",CT0009300,New Haven PD,44068,36:46.0,C,Closed,00:12.0,,4,46800,2,PRIN ART-OTHER FREEWAYS & EXPRESSWAYS - NEW HPMS,2,Urban
1033541,1,Complete,1033541,1033541,41.308214,-72.945902,3527727,New Haven,93,93,New Haven,3/14/2023,2023,3,March,14,3,Tuesday,23:28:00,23,23010301,A,"Injury of any type (Serious, Minor, Possible)",C,Possible Injury (C),2,0,0,4,Local,0.17,556,SHERMAN AV,SHERMAN AV,,GILBERT AVE,40,Feet,S,41.308214,-72.945902,14,Motor Vehicle in Operation,3,Angle,1,On Roadway,1,Clear,88,Not Applicable,4,Dark-Lighted,1,Dry,0,None,88,Not Applicable,88,Not Applicable,0,None,88,Not Applicable,88,Not Applicable,1,Non-Junction,1,Not at Intersection,1,No,1,No,88,Not Applicable,88,Not Applicable,88,Not Applicable,88,Not Applicable,FALSE,1,Public Road,1,"Trafficway, On Road",CT0009300,New Haven PD,503,53:47.0,O,Open,00:14.0,,,,,,,
1033550,1,Complete,1033550,1033550,41.328456,-72.977492,3527736,New Haven,93,93,New Haven,3/22/2023,2023,3,March,22,4,Wednesday,7:50:00,7,23011318,A,"Injury of any type (Serious, Minor, Possible)",B,Suspected Minor Injury (B),2,0,0,3,State,5.72,243,243-E,243-E,BENTON ST,,,,,41.328456,-72.977492,14,Motor Vehicle in Operation,3,Angle,1,On Roadway,1,Clear,88,Not Applicable,1,Daylight,1,Dry,0,None,88,Not Applicable,88,Not Applicable,0,None,88,Not Applicable,88,Not Applicable,2,Intersection,3,T-Intersection,1,No,1,No,88,Not Applicable,88,Not Applicable,88,Not Applicable,88,Not Applicable,FALSE,1,Public Road,1,"Trafficway, On Road",CT0009300,New Haven PD,79,14:47.0,C,Closed,00:17.0,,1,9800,4,MINOR ARTERIAL - NEW HPMS,1,Rural
1033551,1,Complete,1033551,1033551,41.304977,-72.898264,3527737,New Haven,93,93,New Haven,3/22/2023,2023,3,March,22,4,Wednesday,8:56:00,8,23011322,A,"Injury of any type (Serious, Minor, Possible)",C,Possible Injury (C),2,0,0,4,Local,0.19,542,SALTONSTALL AV,SALTONSTALL AV,,BLATCHLEY AVE,60,Feet,E,41.304977,-72.898264,14,Motor Vehicle in Operation,1,Front to rear,1,On Roadway,1,Clear,88,Not Applicable,1,Daylight,1,Dry,0,None,88,Not Applicable,88,Not Applicable,0,None,88,Not Applicable,88,Not Applicable,1,Non-Junction,1,Not at Intersection,1,No,1,No,88,Not Applicable,88,Not Applicable,88,Not Applicable,88,Not Applicable,FALSE,1,Public Road,1,"Trafficway, On Road",CT0009300,New Haven PD,193,26:10.0,C,Closed,00:19.0,,,,,,,
1033968,1,Complete,1033968,1033968,41.291081,-72.934093,3528154,New Haven,93,93,New Haven,2/20/2023,2023,2,February,20,2,Monday,14:00:00,14,23007081,A,"Injury of any type (Serious, Minor, Possible)",C,Possible Injury (C),1,3,0,4,Local,0.39,148,DEWITT ST,DEWITT ST,LAMBERTON ST,,,,,41.291081,-72.934093,39,"Other Fixed Object (wall, building, tunnel, etc.)",88,Not Applicable,1,On Roadway,1,Clear,88,Not Applicable,1,Daylight,1,Dry,0,None,88,Not Applicable,88,Not Applicable,0,None,88,Not Applicable,88,Not Applicable,2,Intersection,3,T-Intersection,1,No,1,No,88,Not Applicable,88,Not Applicable,88,Not Applicable,88,Not Applicable,FALSE,1,Public Road,1,"Trafficway, On Road",CT0009300,New Haven PD,26,38:33.0,C,Closed,01:36.0,,1,5348,7,LOCAL - NEW HPMS,2,Urban
1033970,1,Complete,1033970,1033970,41.29986,-72.94044,3528156,New Haven,93,93,New Haven,3/16/2023,2023,3,March,16,5,Thursday,14:04:00,14,23010587,A,"Injury of any type (Serious, Minor, Possible)",C,Possible Injury (C),1,1,0,4,Local,0.41,123,CONGRESS AV,CONGRESS AV,WHITE ST,,,,,41.29986,-72.94044,10,Pedalcycle/Pedalcyclist,5,"Sideswipe, opposite direction",1,On Roadway,1,Clear,88,Not Applicable,1,Daylight,1,Dry,0,None,88,Not Applicable,88,Not Applicable,0,None,88,Not Applicable,88,Not Applicable,2,Intersection,3,T-Intersection,1,No,1,No,88,Not Applicable,88,Not Applicable,88,Not Applicable,88,Not Applicable,TRUE,1,Public Road,1,"Trafficway, On Road",CT0009300,New Haven PD,44065,33:37.0,C,Closed,01:38.0,,,,,,,
1033972,1,Complete,1033972,1033972,41.3081385,-72.9280199,3528158,New Haven,93,93,New Haven,3/18/2023,2023,3,March,18,7,Saturday,15:00:00,15,23010868,A,"Injury of any type (Serious, Minor, Possible)",C,Possible Injury (C),4,0,1,4,Local,0.27,117,COLLEGE ST,COLLEGE ST,,CHAPEL ST,320,Feet,N,41.3081385,-72.9280199,15,Parked Motor Vehicle,4,"Sideswipe, same direction",1,On Roadway,1,Clear,88,Not Applicable,1,Daylight,1,Dry,0,None,88,Not Applicable,88,Not Applicable,0,None,88,Not Applicable,88,Not Applicable,1,Non-Junction,1,Not at Intersection,1,No,1,No,88,Not Applicable,88,Not Applicable,88,Not Applicable,88,Not Applicable,FALSE,1,Public Road,1,"Trafficway, On Road",CT0009300,New Haven PD,42053,35:38.0,C,Closed,01:37.0,,,,,,,
1033975,1,Complete,1033975,1033975,41.3155,-72.93921,3528161,New Haven,93,93,New Haven,3/15/2023,2023,3,March,15,4,Wednesday,1:01:00,1,23011301,A,"Injury of any type (Serious, Minor, Possible)",C,Possible Injury (C),2,0,0,4,Local,0.56,653,WHALLEY AV,WHALLEY AV,ORCHARD ST,,,,,41.3155,-72.93921,14,Motor Vehicle in Operation,3,Angle,1,On Roadway,4,Rain,88,Not Applicable,4,Dark-Lighted,2,Wet,0,None,88,Not Applicable,88,Not Applicable,0,None,88,Not Applicable,88,Not Applicable,2,Intersection,2,Four-Way Intersection,1,No,1,No,88,Not Applicable,88,Not Applicable,88,Not Applicable,88,Not Applicable,FALSE,1,Public Road,1,"Trafficway, On Road",CT0009300,New Haven PD,503,00:19.0,O,Open,01:37.0,,,,,,,
1033977,1,Complete,1033977,1033977,41.32328,-72.91703,3528163,New Haven,93,93,New Haven,3/22/2023,2023,3,March,22,4,Wednesday,23:59:00,23,23011478,A,"Injury of any type (Serious, Minor, Possible)",C,Possible Injury (C),3,0,0,4,Local,0.93,656,WHITNEY AV,WHITNEY AV,,WILLOW ST,170,Feet,S,41.32328,-72.91703,14,Motor Vehicle in Operation,1,Front to rear,1,On Roadway,1,Clear,88,Not Applicable,4,Dark-Lighted,1,Dry,0,None,88,Not Applicable,88,Not Applicable,0,None,88,Not Applicable,88,Not Applicable,1,Non-Junction,1,Not at Intersection,1,No,1,No,88,Not Applicable,88,Not Applicable,88,Not Applicable,88,Not Applicable,FALSE,1,Public Road,1,"Trafficway, On Road",CT0009300,New Haven PD,39,00:28.0,C,Closed,01:42.0,,,,,,,