CrashId,Fatal Case Status,Fatal Case Status Text Format,CrashId,CrashId,Latitude,Longitude,DOT Case Number,Town Name,Town Number,Town Number,Town Number Text Format,Date Of Crash,Year,Month,Month Text Format,Day,Day of the Week,Day of the Week Text Format,Time of Crash,Hour of the Day,Case Identifier,Crash Severity,Crash Severity Text Format,Most Severe Injury,Most Severe Injury Text Format,Number Of Motor Vehicles,Number Of Non-Motorist,Number Of Witnesses,Route Class,Route Class Text Format,Milemarker,Road Number,Road Description,Roadway Name,Intersecting Roadway Name,Landmark Description,Distance From Nearest Landmark,Unit Of Measure From Nearest Landmark,Direction From Nearest Landmark,Latitude,Longitude,First Harmful Event,First Harmful Event Text Format,Manner of Crash / Collision Impact,Manner of Crash / Collision Impact Text Format,Location of First Harmful Event,Location of First Harmful Event Text Format,Weather Condition,Weather Condition Text Format,Weather 2,Weather 2 Text Format,Light Condition,Light Condition Text Format,Road Surface Condition,Road Surface Condition Text Format,"Contributing Circumstances, Environment","Contributing Circumstances, Environment Text Format",Environment 2,Environment 2 Text Format,Environment 3,Environment 3 Text Format,"Contributing Circumstances, Road","Contributing Circumstances, Road Text Format",Road 2,Road 2 Text Format,Road 3,Road 3 Text Format,Crash Specific Location,Crash Specific Location Text Format,Type of Intersection,Type of Intersection Text Format,School Bus Related,School Bus Related Text Format,Work Zone Related,Work Zone Related Text Format,Location Of Crash Relative To Work Zone,Location Of Crash Relative To Work Zone Text Format,Type of Work Zone,Type of Work Zone Text Format,Worker Presence,Worker Presence Text Format,Law Enforcement Presence,Law Enforcement Presence Text Format,Were Vehicles Moved Prior To Police Arrival,Trafficway Ownership,Trafficway Ownership Text Format,Trafficway Class,Trafficway Class Text Format,Police Agency,Police Agency Text Format,Badge Number,Approval Date,Police Case Status,Police Case Status Text Format,Crash Report Submission Date,Related Case Identifiers,No. of Through Lanes (Log Dir.),Average Daily Traffic,Functional Classification,Functional Classification Text Format,Rural or Urban,Rural or Urban Text Format
1033979,1,Complete,1033979,1033979,41.31783,-72.93778,3528165,New Haven,93,93,New Haven,3/23/2023,2023,3,March,23,5,Thursday,7:43:00,7,23011502,A,"Injury of any type (Serious, Minor, Possible)",C,Possible Injury (C),2,0,0,4,Local,1.19,453,ORCHARD ST,ORCHARD ST,GOFFE ST,,,,,41.31783,-72.93778,14,Motor Vehicle in Operation,1,Front to rear,1,On Roadway,3,"Fog, Smog, Smoke",88,Not Applicable,1,Daylight,1,Dry,0,None,88,Not Applicable,88,Not Applicable,0,None,88,Not Applicable,88,Not Applicable,2,Intersection,2,Four-Way Intersection,1,No,1,No,88,Not Applicable,88,Not Applicable,88,Not Applicable,88,Not Applicable,TRUE,1,Public Road,1,"Trafficway, On Road",CT0009300,New Haven PD,326,19:54.0,C,Closed,01:40.0,,,,,,,
1033980,1,Complete,1033980,1033980,41.315454,-72.939288,3528166,New Haven,93,93,New Haven,3/23/2023,2023,3,March,23,5,Thursday,9:33:00,9,23011511,A,"Injury of any type (Serious, Minor, Possible)",B,Suspected Minor Injury (B),1,2,1,4,Local,1,453,ORCHARD ST,ORCHARD ST,,WHALLEY AVE,10,Feet,S,41.315454,-72.939288,9,Pedestrian,88,Not Applicable,1,On Roadway,3,"Fog, Smog, Smoke",88,Not Applicable,1,Daylight,1,Dry,0,None,88,Not Applicable,88,Not Applicable,0,None,88,Not Applicable,88,Not Applicable,3,Intersection-Related,2,Four-Way Intersection,1,No,1,No,88,Not Applicable,88,Not Applicable,88,Not Applicable,88,Not Applicable,FALSE,1,Public Road,1,"Trafficway, On Road",CT0009300,New Haven PD,62,56:06.0,C,Closed,01:39.0,,2,21100,3,PRINCIPAL ARTERIAL - OTHER - NEW HPMS,2,Urban
1033982,1,Complete,1033982,1033982,41.3156,-72.90089,3528168,New Haven,93,93,New Haven,3/23/2023,2023,3,March,23,5,Thursday,16:11:00,16,23011563,A,"Injury of any type (Serious, Minor, Possible)",C,Possible Injury (C),2,0,0,4,Local,0.88,57,BLATCHLEY AV,BLATCHLEY AV,PECK ST NO 1,,,,,41.3156,-72.90089,14,Motor Vehicle in Operation,5,"Sideswipe, opposite direction",1,On Roadway,2,Cloudy,88,Not Applicable,1,Daylight,1,Dry,0,None,88,Not Applicable,88,Not Applicable,0,None,88,Not Applicable,88,Not Applicable,2,Intersection,2,Four-Way Intersection,1,No,1,No,88,Not Applicable,88,Not Applicable,88,Not Applicable,88,Not Applicable,FALSE,1,Public Road,1,"Trafficway, On Road",CT0009300,New Haven PD,40788,13:27.0,C,Closed,01:45.0,,,,,,,
1034444,1,Complete,1034444,1034444,41.33305,-72.97551,3528630,New Haven,93,93,New Haven,3/16/2023,2023,3,March,16,5,Thursday,8:27:00,8,23010503,A,"Injury of any type (Serious, Minor, Possible)",C,Possible Injury (C),2,0,0,3,State,1.16,63,63-N,63-N,WESTERLEIGH RD,,,,,41.33305,-72.97551,14,Motor Vehicle in Operation,3,Angle,1,On Roadway,1,Clear,88,Not Applicable,1,Daylight,1,Dry,0,None,88,Not Applicable,88,Not Applicable,0,None,88,Not Applicable,88,Not Applicable,2,Intersection,3,T-Intersection,1,No,1,No,88,Not Applicable,88,Not Applicable,88,Not Applicable,88,Not Applicable,FALSE,1,Public Road,1,"Trafficway, On Road",CT0009300,New Haven PD,40793,08:50.0,C,Closed,00:40.0,,2,27000,3,PRINCIPAL ARTERIAL - OTHER - NEW HPMS,2,Urban
1034450,1,Complete,1034450,1034450,41.315667,-72.929014,3528636,New Haven,93,93,New Haven,3/20/2023,2023,3,March,20,2,Monday,7:58:00,7,23011048,A,"Injury of any type (Serious, Minor, Possible)",C,Possible Injury (C),1,1,0,4,Local,0.26,736,ASHMUN ST NO 2,ASHMUN ST NO 2,LOCK ST,,,,,41.315667,-72.929014,14,Motor Vehicle in Operation,3,Angle,1,On Roadway,1,Clear,88,Not Applicable,1,Daylight,1,Dry,0,None,88,Not Applicable,88,Not Applicable,0,None,88,Not Applicable,88,Not Applicable,2,Intersection,4,Y-Intersection,1,No,1,No,88,Not Applicable,88,Not Applicable,88,Not Applicable,88,Not Applicable,FALSE,1,Public Road,1,"Trafficway, On Road",CT0009300,New Haven PD,44065,50:25.0,O,Open,01:06.0,,,,,,,
1034463,1,Complete,1034463,1034463,41.294997,-72.933479,3528649,New Haven,93,93,New Haven,3/24/2023,2023,3,March,24,6,Friday,16:15:00,16,23011725,A,"Injury of any type (Serious, Minor, Possible)",C,Possible Injury (C),3,0,0,4,Local,0.8,308,HOWARD AV,HOWARD AV,,Putnam St,51,Feet,S,41.294997,-72.933479,14,Motor Vehicle in Operation,1,Front to rear,1,On Roadway,1,Clear,88,Not Applicable,1,Daylight,1,Dry,0,None,88,Not Applicable,88,Not Applicable,0,None,88,Not Applicable,88,Not Applicable,1,Non-Junction,1,Not at Intersection,1,No,1,No,88,Not Applicable,88,Not Applicable,88,Not Applicable,88,Not Applicable,FALSE,1,Public Road,1,"Trafficway, On Road",CT0009300,New Haven PD,44055,36:47.0,C,Closed,00:43.0,,,,,,,
1034464,1,Complete,1034464,1034464,41.309134,-72.927303,3528650,New Haven,93,93,New Haven,3/24/2023,2023,3,March,24,6,Friday,16:31:00,16,23011731,A,"Injury of any type (Serious, Minor, Possible)",C,Possible Injury (C),2,0,0,4,Local,0.2,117,COLLEGE ST,COLLEGE ST,,ELM ST,140,Feet,S,41.309134,-72.927303,14,Motor Vehicle in Operation,1,Front to rear,1,On Roadway,1,Clear,88,Not Applicable,1,Daylight,1,Dry,0,None,88,Not Applicable,88,Not Applicable,0,None,88,Not Applicable,88,Not Applicable,1,Non-Junction,1,Not at Intersection,2,"Yes, School Bus Directly Involved",1,No,88,Not Applicable,88,Not Applicable,88,Not Applicable,88,Not Applicable,TRUE,1,Public Road,1,"Trafficway, On Road",CT0009300,New Haven PD,221,14:50.0,O,Open,00:48.0,,,,,,,
1034467,1,Complete,1034467,1034467,41.29712,-72.94842,3528653,New Haven,93,93,New Haven,3/24/2023,2023,3,March,24,6,Friday,17:41:00,17,23011738,A,"Injury of any type (Serious, Minor, Possible)",C,Possible Injury (C),2,0,0,3,State,1.44,10,10-N,10-N,,RT1,50,Feet,N,41.29712,-72.94842,14,Motor Vehicle in Operation,4,"Sideswipe, same direction",1,On Roadway,1,Clear,88,Not Applicable,1,Daylight,1,Dry,0,None,88,Not Applicable,88,Not Applicable,0,None,88,Not Applicable,88,Not Applicable,1,Non-Junction,1,Not at Intersection,1,No,1,No,88,Not Applicable,88,Not Applicable,88,Not Applicable,88,Not Applicable,FALSE,1,Public Road,1,"Trafficway, On Road",CT0009300,New Haven PD,38715,57:50.0,C,Closed,00:46.0,23-011738,2,20300,3,PRINCIPAL ARTERIAL - OTHER - NEW HPMS,2,Urban
1034468,1,Complete,1034468,1034468,41.315898,-72.940173,3528654,New Haven,93,93,New Haven,3/24/2023,2023,3,March,24,6,Friday,18:14:00,18,23011743,A,"Injury of any type (Serious, Minor, Possible)",B,Suspected Minor Injury (B),2,0,0,4,Local,0.51,653,WHALLEY AV,WHALLEY AV,COUNTY ST,,,,,41.315898,-72.940173,14,Motor Vehicle in Operation,5,"Sideswipe, opposite direction",1,On Roadway,1,Clear,88,Not Applicable,1,Daylight,1,Dry,0,None,88,Not Applicable,88,Not Applicable,0,None,88,Not Applicable,88,Not Applicable,3,Intersection-Related,3,T-Intersection,1,No,1,No,88,Not Applicable,88,Not Applicable,88,Not Applicable,88,Not Applicable,FALSE,1,Public Road,1,"Trafficway, On Road",CT0009300,New Haven PD,44062,33:17.0,C,Closed,00:55.0,,,,,,,
1034472,1,Complete,1034472,1034472,41.306211,-72.899024,3528658,New Haven,93,93,New Haven,3/24/2023,2023,3,March,24,6,Friday,23:19:00,23,23011789,A,"Injury of any type (Serious, Minor, Possible)",C,Possible Injury (C),2,0,0,4,Local,0.27,673,WOLCOTT ST,WOLCOTT ST,BLATCHLEY AV,,,,,41.306211,-72.899024,14,Motor Vehicle in Operation,3,Angle,1,On Roadway,1,Clear,88,Not Applicable,4,Dark-Lighted,1,Dry,99,Unknown,88,Not Applicable,88,Not Applicable,99,Unknown,88,Not Applicable,88,Not Applicable,2,Intersection,2,Four-Way Intersection,1,No,1,No,88,Not Applicable,88,Not Applicable,88,Not Applicable,88,Not Applicable,TRUE,1,Public Road,1,"Trafficway, On Road",CT0009300,New Haven PD,36335,55:31.0,C,Closed,00:59.0,,,,,,,
1034474,1,Complete,1034474,1034474,41.31897,-72.94909,3528660,New Haven,93,93,New Haven,3/25/2023,2023,3,March,25,7,Saturday,10:56:00,10,23011835,A,"Injury of any type (Serious, Minor, Possible)",C,Possible Injury (C),2,0,0,3,State,2.86,10,10-N,10-N,ELLA T GRASSO BLVD NO 2,,,,,41.31897,-72.94909,14,Motor Vehicle in Operation,1,Front to rear,1,On Roadway,2,Cloudy,88,Not Applicable,1,Daylight,1,Dry,0,None,88,Not Applicable,88,Not Applicable,0,None,88,Not Applicable,88,Not Applicable,3,Intersection-Related,2,Four-Way Intersection,1,No,1,No,88,Not Applicable,88,Not Applicable,88,Not Applicable,88,Not Applicable,FALSE,1,Public Road,1,"Trafficway, On Road",CT0009300,New Haven PD,344,12:36.0,C,Closed,00:54.0,23011835,1,10200,3,PRINCIPAL ARTERIAL - OTHER - NEW HPMS,1,Rural
1034477,1,Complete,1034477,1034477,41.30793,-72.93428,3528663,New Haven,93,93,New Haven,3/25/2023,2023,3,March,25,7,Saturday,14:13:00,14,23011862,A,"Injury of any type (Serious, Minor, Possible)",C,Possible Injury (C),2,0,0,4,Local,0.27,463,PARK ST,PARK ST,CROWN ST,,,,N,41.30793,-72.93428,14,Motor Vehicle in Operation,1,Front to rear,1,On Roadway,4,Rain,88,Not Applicable,1,Daylight,2,Wet,0,None,88,Not Applicable,88,Not Applicable,0,None,88,Not Applicable,88,Not Applicable,1,Non-Junction,1,Not at Intersection,1,No,1,No,88,Not Applicable,88,Not Applicable,88,Not Applicable,88,Not Applicable,FALSE,1,Public Road,1,"Trafficway, On Road",CT0009300,New Haven PD,44045,20:28.0,C,Closed,00:56.0,,,,,,,
1034479,1,Complete,1034479,1034479,41.308925,-72.89546,3528665,New Haven,93,93,New Haven,3/25/2023,2023,3,March,25,7,Saturday,16:58:00,16,23011869,A,"Injury of any type (Serious, Minor, Possible)",C,Possible Injury (C),3,0,0,4,Local,0.5,264,GRAND AV,GRAND AV,FERRY ST,,,Feet,,41.308925,-72.89546,14,Motor Vehicle in Operation,5,"Sideswipe, opposite direction",1,On Roadway,1,Clear,88,Not Applicable,1,Daylight,2,Wet,0,None,88,Not Applicable,88,Not Applicable,0,None,88,Not Applicable,88,Not Applicable,2,Intersection,2,Four-Way Intersection,1,No,1,No,88,Not Applicable,88,Not Applicable,88,Not Applicable,88,Not Applicable,FALSE,1,Public Road,1,"Trafficway, On Road",CT0009300,New Haven PD,44060,32:33.0,C,Closed,00:57.0,,,,,,,
1034480,1,Complete,1034480,1034480,41.269021,-72.90099,923057,New Haven,93,93,New Haven,3/25/2023,2023,3,March,25,7,Saturday,16:40:00,16,23011873,K,Fatal (Kill),K,Fatal Injury (K),1,0,1,4,Local,99093,,1009948,FORT HALE PARK,,WOODWARD AVE,50,Feet,W,41.269021,-72.90099,38,"Other Post, Pole or Support",88,Not Applicable,2,Shoulder,4,Rain,88,Not Applicable,1,Daylight,2,Wet,99,Unknown,88,Not Applicable,88,Not Applicable,0,None,88,Not Applicable,88,Not Applicable,9,Driveway Access-Related,1,Not at Intersection,1,No,1,No,88,Not Applicable,88,Not Applicable,88,Not Applicable,88,Not Applicable,FALSE,1,Public Road,1,"Trafficway, On Road",CT0009300,New Haven PD,42049,36:36.0,O,Open,00:57.0,,2,2438,7,LOCAL - NEW HPMS,2,Urban
1034483,1,Complete,1034483,1034483,41.29712,-72.94842,3528669,New Haven,93,93,New Haven,3/25/2023,2023,3,March,25,7,Saturday,19:58:00,19,23011889,A,"Injury of any type (Serious, Minor, Possible)",C,Possible Injury (C),2,0,0,3,State,1.44,10,10-N,10-N,,ORANGE AVE,172,Feet,S,41.29712,-72.94842,14,Motor Vehicle in Operation,2,Front to front,1,On Roadway,4,Rain,88,Not Applicable,5,Dark-Not Lighted,2,Wet,0,None,88,Not Applicable,88,Not Applicable,0,None,88,Not Applicable,88,Not Applicable,1,Non-Junction,1,Not at Intersection,1,No,1,No,88,Not Applicable,88,Not Applicable,88,Not Applicable,88,Not Applicable,FALSE,1,Public Road,1,"Trafficway, On Road",CT0009300,New Haven PD,42370,15:29.0,C,Closed,00:58.0,,2,20300,3,PRINCIPAL ARTERIAL - OTHER - NEW HPMS,2,Urban
1034484,1,Complete,1034484,1034484,41.306287,-72.933244,3528670,New Haven,93,93,New Haven,3/25/2023,2023,3,March,25,7,Saturday,23:35:00,23,23011894,A,"Injury of any type (Serious, Minor, Possible)",C,Possible Injury (C),2,0,1,4,Local,0.27,766,YORK ST,YORK ST,GEORGE ST,,,,,41.306287,-72.933244,14,Motor Vehicle in Operation,3,Angle,1,On Roadway,2,Cloudy,88,Not Applicable,4,Dark-Lighted,2,Wet,0,None,88,Not Applicable,88,Not Applicable,0,None,88,Not Applicable,88,Not Applicable,3,Intersection-Related,3,T-Intersection,1,No,1,No,88,Not Applicable,88,Not Applicable,88,Not Applicable,88,Not Applicable,TRUE,1,Public Road,1,"Trafficway, On Road",CT0009300,New Haven PD,39,30:00.0,C,Closed,01:04.0,23011894,,,,,,
1034489,1,Complete,1034489,1034489,41.308303,-72.925775,3528675,New Haven,93,93,New Haven,3/26/2023,2023,3,March,26,1,Sunday,11:54:00,11,23011936,A,"Injury of any type (Serious, Minor, Possible)",C,Possible Injury (C),2,0,0,4,Local,0.44,588,TEMPLE ST,TEMPLE ST,,ELM STREET,200,Feet,S,41.308303,-72.925775,14,Motor Vehicle in Operation,1,Front to rear,1,On Roadway,1,Clear,88,Not Applicable,1,Daylight,1,Dry,0,None,88,Not Applicable,88,Not Applicable,0,None,88,Not Applicable,88,Not Applicable,1,Non-Junction,1,Not at Intersection,1,No,1,No,88,Not Applicable,88,Not Applicable,88,Not Applicable,88,Not Applicable,FALSE,1,Public Road,1,"Trafficway, On Road",CT0009300,New Haven PD,381,43:31.0,C,Closed,01:02.0,,,,,,,
1034491,1,Complete,1034491,1034491,41.314166,-72.878434,3528677,New Haven,93,93,New Haven,3/26/2023,2023,3,March,26,1,Sunday,14:33:00,14,23011959,A,"Injury of any type (Serious, Minor, Possible)",B,Suspected Minor Injury (B),2,0,1,4,Local,1.71,498,QUINNIPIAC AV,QUINNIPIAC AV,,HEMINGWAY ST,200,Feet,N,41.314166,-72.878434,14,Motor Vehicle in Operation,1,Front to rear,1,On Roadway,1,Clear,88,Not Applicable,1,Daylight,1,Dry,0,None,88,Not Applicable,88,Not Applicable,0,None,88,Not Applicable,88,Not Applicable,1,Non-Junction,1,Not at Intersection,1,No,1,No,88,Not Applicable,88,Not Applicable,88,Not Applicable,88,Not Applicable,FALSE,1,Public Road,1,"Trafficway, On Road",CT0009300,New Haven PD,42367,29:40.0,C,Closed,01:03.0,,,,,,,
1034493,1,Complete,1034493,1034493,41.31973,-72.94929,3528679,New Haven,93,93,New Haven,3/26/2023,2023,3,March,26,1,Sunday,17:58:00,17,23011967,A,"Injury of any type (Serious, Minor, Possible)",B,Suspected Minor Injury (B),3,0,1,4,Local,0.04,690,ELLA T GRASSO BLVD,ELLA T GRASSO BLVD,,WHALLEY AVE,227,Feet,N,41.31973,-72.94929,14,Motor Vehicle in Operation,3,Angle,1,On Roadway,1,Clear,88,Not Applicable,1,Daylight,1,Dry,0,None,88,Not Applicable,88,Not Applicable,0,None,88,Not Applicable,88,Not Applicable,1,Non-Junction,1,Not at Intersection,1,No,1,No,88,Not Applicable,88,Not Applicable,88,Not Applicable,88,Not Applicable,FALSE,1,Public Road,1,"Trafficway, On Road",CT0009300,New Haven PD,44175,46:45.0,C,Closed,01:06.0,,,,,,,
1034494,1,Complete,1034494,1034494,41.293084,-72.942581,3528680,New Haven,93,93,New Haven,3/26/2023,2023,3,March,26,1,Sunday,18:15:00,18,23011968,A,"Injury of any type (Serious, Minor, Possible)",C,Possible Injury (C),2,0,0,4,Local,0.13,39,BARCLAY ST,BARCLAY ST,FRANK ST,,,,,41.293084,-72.942581,14,Motor Vehicle in Operation,97,Other,1,On Roadway,1,Clear,88,Not Applicable,1,Daylight,1,Dry,0,None,88,Not Applicable,88,Not Applicable,0,None,88,Not Applicable,88,Not Applicable,2,Intersection,2,Four-Way Intersection,1,No,1,No,88,Not Applicable,88,Not Applicable,88,Not Applicable,88,Not Applicable,FALSE,1,Public Road,1,"Trafficway, On Road",CT0009300,New Haven PD,42370,18:09.0,C,Closed,01:05.0,,,,,,,
1035125,1,Complete,1035125,1035125,41.308218,-72.924154,3529311,New Haven,93,93,New Haven,3/23/2023,2023,3,March,23,5,Thursday,13:30:00,13,23011546,A,"Injury of any type (Serious, Minor, Possible)",C,Possible Injury (C),2,0,1,4,Local,0.34,103,CHURCH ST,CHURCH ST,ELM ST NO 2,,,,,41.308218,-72.924154,14,Motor Vehicle in Operation,3,Angle,1,On Roadway,4,Rain,88,Not Applicable,1,Daylight,2,Wet,0,None,88,Not Applicable,88,Not Applicable,0,None,88,Not Applicable,88,Not Applicable,2,Intersection,2,Four-Way Intersection,1,No,1,No,88,Not Applicable,88,Not Applicable,88,Not Applicable,88,Not Applicable,TRUE,1,Public Road,1,"Trafficway, On Road",CT0009300,New Haven PD,381,56:39.0,C,Closed,00:41.0,,,,,,,
1035129,1,Complete,1035129,1035129,41.3068,-72.94642,3529315,New Haven,93,93,New Haven,3/26/2023,2023,3,March,26,1,Sunday,18:34:00,18,23011973,A,"Injury of any type (Serious, Minor, Possible)",B,Suspected Minor Injury (B),3,0,0,4,Local,1.23,809,REV DR MLK JR BLVD,REV DR MLK JR BLVD,SHERMAN AV,,,,,41.3068,-72.94642,14,Motor Vehicle in Operation,3,Angle,1,On Roadway,1,Clear,88,Not Applicable,1,Daylight,1,Dry,0,None,88,Not Applicable,88,Not Applicable,0,None,88,Not Applicable,88,Not Applicable,2,Intersection,2,Four-Way Intersection,1,No,1,No,88,Not Applicable,88,Not Applicable,88,Not Applicable,88,Not Applicable,FALSE,1,Public Road,1,"Trafficway, On Road",CT0009300,New Haven PD,44339,39:14.0,C,Closed,00:42.0,,,,,,,
1035136,1,Complete,1035136,1035136,41.319042,-72.898081,3529322,New Haven,93,93,New Haven,3/27/2023,2023,3,March,27,2,Monday,20:17:00,20,23012109,A,"Injury of any type (Serious, Minor, Possible)",B,Suspected Minor Injury (B),2,0,0,4,Local,0.03,213,FERRY ST,FERRY ST,,STATE ST,200,Feet,W,41.319042,-72.898081,14,Motor Vehicle in Operation,3,Angle,1,On Roadway,4,Rain,88,Not Applicable,1,Daylight,2,Wet,0,None,88,Not Applicable,88,Not Applicable,0,None,88,Not Applicable,88,Not Applicable,1,Non-Junction,1,Not at Intersection,1,No,1,No,88,Not Applicable,88,Not Applicable,88,Not Applicable,88,Not Applicable,FALSE,1,Public Road,1,"Trafficway, On Road",CT0009300,New Haven PD,42048,15:44.0,C,Closed,00:46.0,,,,,,,
1035499,1,Complete,1035499,1035499,41.31509,-72.89724,3529685,New Haven,93,93,New Haven,3/27/2023,2023,3,March,27,2,Monday,12:53:00,12,23012048,A,"Injury of any type (Serious, Minor, Possible)",C,Possible Injury (C),3,0,0,4,Local,0.37,379,LOMBARD ST,LOMBARD ST,,FERRY ST,50,Feet,W,41.31509,-72.89724,14,Motor Vehicle in Operation,1,Front to rear,1,On Roadway,1,Clear,88,Not Applicable,1,Daylight,1,Dry,0,None,88,Not Applicable,88,Not Applicable,0,None,88,Not Applicable,88,Not Applicable,3,Intersection-Related,2,Four-Way Intersection,1,No,1,No,88,Not Applicable,88,Not Applicable,88,Not Applicable,88,Not Applicable,FALSE,1,Public Road,1,"Trafficway, On Road",CT0009300,New Haven PD,263,49:19.0,C,Closed,01:50.0,,,,,,,
1035503,1,Complete,1035503,1035503,41.3155,-72.93921,3529689,New Haven,93,93,New Haven,3/28/2023,2023,3,March,28,3,Tuesday,9:41:00,9,23012163,A,"Injury of any type (Serious, Minor, Possible)",C,Possible Injury (C),2,0,0,4,Local,0.56,653,WHALLEY AV,WHALLEY AV,ORCHARD ST,,,,,41.3155,-72.93921,14,Motor Vehicle in Operation,1,Front to rear,1,On Roadway,1,Clear,88,Not Applicable,1,Daylight,1,Dry,0,None,88,Not Applicable,88,Not Applicable,0,None,88,Not Applicable,88,Not Applicable,2,Intersection,2,Four-Way Intersection,1,No,1,No,88,Not Applicable,88,Not Applicable,88,Not Applicable,88,Not Applicable,FALSE,1,Public Road,1,"Trafficway, On Road",CT0009300,New Haven PD,238,06:44.0,C,Closed,01:49.0,,,,,,,
1035804,1,Complete,1035804,1035804,41.308788,-72.909845,3529990,New Haven,93,93,New Haven,3/29/2023,2023,3,March,29,4,Wednesday,16:23:00,16,23012448,A,"Injury of any type (Serious, Minor, Possible)",A,Suspected Serious Injury (A),1,1,1,4,Local,0.49,165,EAST ST,EAST ST,GRAND AV,,,,,41.308788,-72.909845,9,Pedestrian,88,Not Applicable,1,On Roadway,1,Clear,88,Not Applicable,1,Daylight,1,Dry,0,None,88,Not Applicable,88,Not Applicable,0,None,88,Not Applicable,88,Not Applicable,2,Intersection,2,Four-Way Intersection,1,No,1,No,88,Not Applicable,88,Not Applicable,88,Not Applicable,88,Not Applicable,FALSE,1,Public Road,1,"Trafficway, On Road",CT0009300,New Haven PD,44056,52:26.0,O,Open,00:47.0,,2,19000,4,MINOR ARTERIAL - NEW HPMS,2,Urban
1036166,1,Complete,1036166,1036166,41.3292614,-72.9338202,3530352,New Haven,93,93,New Haven,3/27/2023,2023,3,March,27,2,Monday,17:44:00,17,23012116,A,"Injury of any type (Serious, Minor, Possible)",C,Possible Injury (C),3,0,1,4,Local,0.37,720,HAZEL ST,HAZEL ST,,DIXWELL AVENUE,377,Feet,E,41.3292614,-72.9338202,14,Motor Vehicle in Operation,1,Front to rear,1,On Roadway,1,Clear,88,Not Applicable,1,Daylight,1,Dry,0,None,88,Not Applicable,88,Not Applicable,0,None,88,Not Applicable,88,Not Applicable,1,Non-Junction,1,Not at Intersection,1,No,1,No,88,Not Applicable,88,Not Applicable,88,Not Applicable,88,Not Applicable,FALSE,1,Public Road,1,"Trafficway, On Road",CT0009300,New Haven PD,44052,17:16.0,C,Closed,01:31.0,,,,,,,
1036175,1,Complete,1036175,1036175,41.320293,-72.950852,3530361,New Haven,93,93,New Haven,3/30/2023,2023,3,March,30,5,Thursday,16:45:00,16,23012610,A,"Injury of any type (Serious, Minor, Possible)",C,Possible Injury (C),3,0,0,3,State,3.15,10,10-N,10-N,,HOBART ST,50,Feet,W,41.320293,-72.950852,14,Motor Vehicle in Operation,3,Angle,1,On Roadway,1,Clear,88,Not Applicable,1,Daylight,1,Dry,0,None,88,Not Applicable,88,Not Applicable,0,None,88,Not Applicable,88,Not Applicable,1,Non-Junction,1,Not at Intersection,1,No,1,No,88,Not Applicable,88,Not Applicable,88,Not Applicable,88,Not Applicable,FALSE,1,Public Road,1,"Trafficway, On Road",CT0009300,New Haven PD,9,44:57.0,O,Open,01:35.0,,2,18100,3,PRINCIPAL ARTERIAL - OTHER - NEW HPMS,2,Urban
1036176,1,Complete,1036176,1036176,41.311482,-72.924966,3530362,New Haven,93,93,New Haven,3/30/2023,2023,3,March,30,5,Thursday,17:21:00,17,23012620,A,"Injury of any type (Serious, Minor, Possible)",B,Suspected Minor Injury (B),2,1,0,4,Local,0.32,271,GROVE ST,GROVE ST,,COLLEGE ST,115,Feet,E,41.311482,-72.924966,10,Pedalcycle/Pedalcyclist,4,"Sideswipe, same direction",2,Shoulder,1,Clear,88,Not Applicable,1,Daylight,1,Dry,0,None,88,Not Applicable,88,Not Applicable,0,None,88,Not Applicable,88,Not Applicable,1,Non-Junction,1,Not at Intersection,1,No,1,No,88,Not Applicable,88,Not Applicable,88,Not Applicable,88,Not Applicable,FALSE,1,Public Road,1,"Trafficway, On Road",CT0009300,New Haven PD,221,19:07.0,C,Closed,01:34.0,,,,,,,
1036809,1,Complete,1036809,1036809,41.3209,-72.93606,3530995,New Haven,93,93,New Haven,3/24/2023,2023,3,March,24,6,Friday,21:42:00,21,23011776,A,"Injury of any type (Serious, Minor, Possible)",B,Suspected Minor Injury (B),2,0,0,4,Local,1.42,453,ORCHARD ST,ORCHARD ST,HENRY ST,,,,,41.3209,-72.93606,14,Motor Vehicle in Operation,2,Front to front,1,On Roadway,2,Cloudy,88,Not Applicable,4,Dark-Lighted,1,Dry,0,None,88,Not Applicable,88,Not Applicable,0,None,88,Not Applicable,88,Not Applicable,2,Intersection,2,Four-Way Intersection,1,No,1,No,88,Not Applicable,88,Not Applicable,88,Not Applicable,88,Not Applicable,FALSE,1,Public Road,1,"Trafficway, On Road",CT0009300,New Haven PD,504,08:12.0,C,Closed,00:30.0,,,,,,,
1036814,1,Complete,1036814,1036814,41.298216,-72.892459,3531000,New Haven,93,93,New Haven,3/27/2023,2023,3,March,27,2,Monday,23:49:00,23,23012158,A,"Injury of any type (Serious, Minor, Possible)",C,Possible Injury (C),4,0,0,4,Local,0.27,210,FARREN AV,FARREN AV,,LANCRAFT,50,Feet,S,41.298216,-72.892459,14,Motor Vehicle in Operation,1,Front to rear,1,On Roadway,4,Rain,88,Not Applicable,4,Dark-Lighted,2,Wet,0,None,88,Not Applicable,88,Not Applicable,0,None,88,Not Applicable,88,Not Applicable,1,Non-Junction,1,Not at Intersection,1,No,1,No,88,Not Applicable,88,Not Applicable,88,Not Applicable,88,Not Applicable,FALSE,1,Public Road,1,"Trafficway, On Road",CT0009300,New Haven PD,180,34:37.0,C,Closed,00:40.0,23012158,,,,,,