CrashId,Fatal Case Status,Fatal Case Status Text Format,CrashId,CrashId,Latitude,Longitude,DOT Case Number,Town Name,Town Number,Town Number,Town Number Text Format,Date Of Crash,Year,Month,Month Text Format,Day,Day of the Week,Day of the Week Text Format,Time of Crash,Hour of the Day,Case Identifier,Crash Severity,Crash Severity Text Format,Most Severe Injury,Most Severe Injury Text Format,Number Of Motor Vehicles,Number Of Non-Motorist,Number Of Witnesses,Route Class,Route Class Text Format,Milemarker,Road Number,Road Description,Roadway Name,Intersecting Roadway Name,Landmark Description,Distance From Nearest Landmark,Unit Of Measure From Nearest Landmark,Direction From Nearest Landmark,Latitude,Longitude,First Harmful Event,First Harmful Event Text Format,Manner of Crash / Collision Impact,Manner of Crash / Collision Impact Text Format,Location of First Harmful Event,Location of First Harmful Event Text Format,Weather Condition,Weather Condition Text Format,Weather 2,Weather 2 Text Format,Light Condition,Light Condition Text Format,Road Surface Condition,Road Surface Condition Text Format,"Contributing Circumstances, Environment","Contributing Circumstances, Environment Text Format",Environment 2,Environment 2 Text Format,Environment 3,Environment 3 Text Format,"Contributing Circumstances, Road","Contributing Circumstances, Road Text Format",Road 2,Road 2 Text Format,Road 3,Road 3 Text Format,Crash Specific Location,Crash Specific Location Text Format,Type of Intersection,Type of Intersection Text Format,School Bus Related,School Bus Related Text Format,Work Zone Related,Work Zone Related Text Format,Location Of Crash Relative To Work Zone,Location Of Crash Relative To Work Zone Text Format,Type of Work Zone,Type of Work Zone Text Format,Worker Presence,Worker Presence Text Format,Law Enforcement Presence,Law Enforcement Presence Text Format,Were Vehicles Moved Prior To Police Arrival,Trafficway Ownership,Trafficway Ownership Text Format,Trafficway Class,Trafficway Class Text Format,Police Agency,Police Agency Text Format,Badge Number,Approval Date,Police Case Status,Police Case Status Text Format,Crash Report Submission Date,Related Case Identifiers,No. of Through Lanes (Log Dir.),Average Daily Traffic,Functional Classification,Functional Classification Text Format,Rural or Urban,Rural or Urban Text Format
1036817,1,Complete,1036817,1036817,41.29666,-72.89285,3531003,New Haven,93,93,New Haven,3/29/2023,2023,3,March,29,4,Wednesday,16:49:00,16,23012454,A,"Injury of any type (Serious, Minor, Possible)",C,Possible Injury (C),2,0,0,4,Local,0.16,210,FARREN AV,FARREN AV,,FULTON ST,100,Feet,S,41.29666,-72.89285,14,Motor Vehicle in Operation,1,Front to rear,1,On Roadway,1,Clear,88,Not Applicable,1,Daylight,1,Dry,0,None,88,Not Applicable,88,Not Applicable,0,None,88,Not Applicable,88,Not Applicable,1,Non-Junction,1,Not at Intersection,1,No,1,No,88,Not Applicable,88,Not Applicable,88,Not Applicable,88,Not Applicable,TRUE,1,Public Road,1,"Trafficway, On Road",CT0009300,New Haven PD,44176,56:04.0,C,Closed,00:43.0,,,,,,,
1036819,1,Complete,1036819,1036819,41.28978,-72.89233,3531005,New Haven,93,93,New Haven,3/30/2023,2023,3,March,30,5,Thursday,17:30:00,17,23012622,A,"Injury of any type (Serious, Minor, Possible)",C,Possible Injury (C),3,0,2,2,USRoute,50.25,1,1-N,1-N,TOWNSEND AV,,,,,41.28978,-72.89233,14,Motor Vehicle in Operation,3,Angle,1,On Roadway,1,Clear,88,Not Applicable,1,Daylight,1,Dry,0,None,88,Not Applicable,88,Not Applicable,0,None,88,Not Applicable,88,Not Applicable,2,Intersection,2,Four-Way Intersection,1,No,1,No,88,Not Applicable,88,Not Applicable,88,Not Applicable,88,Not Applicable,FALSE,1,Public Road,1,"Trafficway, On Road",CT0009300,New Haven PD,322,54:05.0,C,Closed,00:30.0,,2,9100,3,PRINCIPAL ARTERIAL - OTHER - NEW HPMS,2,Urban
1036820,1,Complete,1036820,1036820,41.311762,-72.938329,3531006,New Haven,93,93,New Haven,3/31/2023,2023,3,March,31,6,Friday,8:34:00,8,23012680,A,"Injury of any type (Serious, Minor, Possible)",C,Possible Injury (C),2,0,0,4,Local,1.77,179,EDGEWOOD AV,EDGEWOOD AV,,Day St,55,Feet,E,41.311762,-72.938329,14,Motor Vehicle in Operation,4,"Sideswipe, same direction",1,On Roadway,1,Clear,88,Not Applicable,1,Daylight,1,Dry,0,None,88,Not Applicable,88,Not Applicable,0,None,88,Not Applicable,88,Not Applicable,2,Intersection,3,T-Intersection,2,"Yes, School Bus Directly Involved",1,No,88,Not Applicable,88,Not Applicable,88,Not Applicable,88,Not Applicable,FALSE,1,Public Road,1,"Trafficway, On Road",CT0009300,New Haven PD,349,55:56.0,C,Closed,00:31.0,,,,,,,
1036821,1,Complete,1036821,1036821,41.29018,-72.89467,3531007,New Haven,93,93,New Haven,3/31/2023,2023,3,March,31,6,Friday,8:59:00,8,23012681,A,"Injury of any type (Serious, Minor, Possible)",C,Possible Injury (C),1,1,1,,,,,,401 FORBES AVE,,,,,,41.29018,-72.89467,9,Pedestrian,88,Not Applicable,7,In Parking Lane or Zone,1,Clear,88,Not Applicable,1,Daylight,1,Dry,0,None,88,Not Applicable,88,Not Applicable,0,None,88,Not Applicable,88,Not Applicable,17,"Other Location Not Listed Above Within an Interchange Area (median, shoulder and roadside)",1,Not at Intersection,1,No,1,No,88,Not Applicable,88,Not Applicable,88,Not Applicable,88,Not Applicable,FALSE,2,Private Road,4,Parking Lot,CT0009300,New Haven PD,44339,22:25.0,O,Open,00:47.0,,,,,,,
1036831,1,Complete,1036831,1036831,41.327582,-72.897642,3531017,New Haven,93,93,New Haven,4/1/2023,2023,4,April,1,7,Saturday,9:04:00,9,23012799,A,"Injury of any type (Serious, Minor, Possible)",B,Suspected Minor Injury (B),3,0,1,2,USRoute,0.97,5,5-N,5-N,,ALBERT STREET,0.100000001,TenthsofMile,N,41.327582,-72.897642,14,Motor Vehicle in Operation,3,Angle,1,On Roadway,4,Rain,88,Not Applicable,1,Daylight,2,Wet,0,None,88,Not Applicable,88,Not Applicable,0,None,88,Not Applicable,88,Not Applicable,1,Non-Junction,1,Not at Intersection,1,No,1,No,88,Not Applicable,88,Not Applicable,88,Not Applicable,88,Not Applicable,FALSE,1,Public Road,1,"Trafficway, On Road",CT0009300,New Haven PD,44052,39:58.0,C,Closed,00:36.0,,1,17500,4,MINOR ARTERIAL - NEW HPMS,1,Rural
1036833,1,Complete,1036833,1036833,41.329736,-72.91409,3531019,New Haven,93,93,New Haven,4/1/2023,2023,4,April,1,7,Saturday,16:56:00,16,23012829,A,"Injury of any type (Serious, Minor, Possible)",C,Possible Injury (C),3,0,0,4,Local,1.41,656,WHITNEY AV,WHITNEY AV,,HUNTINGTON ST,100,Feet,N,41.329736,-72.91409,14,Motor Vehicle in Operation,1,Front to rear,1,On Roadway,1,Clear,88,Not Applicable,1,Daylight,1,Dry,0,None,88,Not Applicable,88,Not Applicable,0,None,88,Not Applicable,88,Not Applicable,1,Non-Junction,1,Not at Intersection,1,No,1,No,88,Not Applicable,88,Not Applicable,88,Not Applicable,88,Not Applicable,FALSE,1,Public Road,1,"Trafficway, On Road",CT0009300,New Haven PD,30,32:24.0,C,Closed,00:37.0,NONE,,,,,,
1036837,1,Complete,1036837,1036837,41.307862,-72.930147,3531023,New Haven,93,93,New Haven,4/1/2023,2023,4,April,1,7,Saturday,20:20:00,20,23012866,A,"Injury of any type (Serious, Minor, Possible)",C,Possible Injury (C),2,0,0,4,Local,2.03,97,CHAPEL ST,CHAPEL ST,,HIGH ST,50,Feet,E,41.307862,-72.930147,14,Motor Vehicle in Operation,1,Front to rear,1,On Roadway,4,Rain,88,Not Applicable,4,Dark-Lighted,2,Wet,0,None,88,Not Applicable,88,Not Applicable,0,None,88,Not Applicable,88,Not Applicable,3,Intersection-Related,2,Four-Way Intersection,1,No,1,No,88,Not Applicable,88,Not Applicable,88,Not Applicable,88,Not Applicable,TRUE,1,Public Road,1,"Trafficway, On Road",CT0009300,New Haven PD,40790,39:32.0,C,Closed,00:38.0,,,,,,,
1036844,1,Complete,1036844,1036844,41.29769,-72.94091,3531030,New Haven,93,93,New Haven,4/2/2023,2023,4,April,2,1,Sunday,19:00:00,19,23012945,A,"Injury of any type (Serious, Minor, Possible)",C,Possible Injury (C),2,0,0,2,USRoute,47.05,1,1-N,1-N,WEST ST,,,,,41.29769,-72.94091,14,Motor Vehicle in Operation,3,Angle,1,On Roadway,1,Clear,88,Not Applicable,1,Daylight,1,Dry,0,None,88,Not Applicable,88,Not Applicable,97,Other,88,Not Applicable,88,Not Applicable,2,Intersection,2,Four-Way Intersection,1,No,1,No,88,Not Applicable,88,Not Applicable,88,Not Applicable,88,Not Applicable,FALSE,1,Public Road,1,"Trafficway, On Road",CT0009300,New Haven PD,40818,09:07.0,C,Closed,00:46.0,,1,5900,3,PRINCIPAL ARTERIAL - OTHER - NEW HPMS,1,Rural
1037046,1,Complete,1037046,1037046,41.294052,-72.919749,3531232,New Haven,93,93,New Haven,4/1/2023,2023,4,April,1,7,Saturday,20:47:00,20,23012868,A,"Injury of any type (Serious, Minor, Possible)",C,Possible Injury (C),2,0,0,4,Local,0.8,359,SARGENT DR,SARGENT DR,,CHURCH ST EXT,500,Feet,N,41.294052,-72.919749,14,Motor Vehicle in Operation,1,Front to rear,1,On Roadway,1,Clear,88,Not Applicable,1,Daylight,1,Dry,0,None,88,Not Applicable,88,Not Applicable,0,None,88,Not Applicable,88,Not Applicable,1,Non-Junction,1,Not at Intersection,1,No,1,No,88,Not Applicable,88,Not Applicable,88,Not Applicable,88,Not Applicable,FALSE,1,Public Road,1,"Trafficway, On Road",CT0009300,New Haven PD,33016,44:25.0,C,Closed,01:55.0,,,,,,,
1037047,1,Complete,1037047,1037047,41.3152523,-72.8970055,3531233,New Haven,93,93,New Haven,4/2/2023,2023,4,April,2,1,Sunday,13:03:00,13,23012920,A,"Injury of any type (Serious, Minor, Possible)",B,Suspected Minor Injury (B),1,2,2,4,Local,0.32,213,FERRY ST,FERRY ST,LOMBARD ST,,,,,41.3152523,-72.8970055,9,Pedestrian,88,Not Applicable,1,On Roadway,1,Clear,88,Not Applicable,1,Daylight,1,Dry,0,None,88,Not Applicable,88,Not Applicable,0,None,88,Not Applicable,88,Not Applicable,2,Intersection,2,Four-Way Intersection,1,No,1,No,88,Not Applicable,88,Not Applicable,88,Not Applicable,88,Not Applicable,FALSE,1,Public Road,1,"Trafficway, On Road",CT0009300,New Haven PD,44052,21:01.0,C,Closed,01:51.0,,2,13500,4,MINOR ARTERIAL - NEW HPMS,2,Urban
1037048,1,Complete,1037048,1037048,41.314574,-72.949446,3531234,New Haven,93,93,New Haven,4/2/2023,2023,4,April,2,1,Sunday,14:00:00,14,23012921,A,"Injury of any type (Serious, Minor, Possible)",B,Suspected Minor Injury (B),2,0,0,4,Local,1.15,179,EDGEWOOD AV,EDGEWOOD AV,ELLSWORTH AV,,,,,41.314574,-72.949446,14,Motor Vehicle in Operation,3,Angle,1,On Roadway,1,Clear,88,Not Applicable,1,Daylight,1,Dry,0,None,88,Not Applicable,88,Not Applicable,0,None,88,Not Applicable,88,Not Applicable,2,Intersection,2,Four-Way Intersection,1,No,1,No,88,Not Applicable,88,Not Applicable,88,Not Applicable,88,Not Applicable,FALSE,1,Public Road,1,"Trafficway, On Road",CT0009300,New Haven PD,62,44:25.0,C,Closed,01:47.0,,,,,,,
1037049,1,Complete,1037049,1037049,41.29691,-72.89281,3531235,New Haven,93,93,New Haven,4/2/2023,2023,4,April,2,1,Sunday,14:22:00,14,23012923,A,"Injury of any type (Serious, Minor, Possible)",C,Possible Injury (C),2,0,0,4,Local,0.18,210,FARREN AV,FARREN AV,FULTON ST,,,,,41.29691,-72.89281,14,Motor Vehicle in Operation,4,"Sideswipe, same direction",1,On Roadway,1,Clear,88,Not Applicable,1,Daylight,1,Dry,0,None,88,Not Applicable,88,Not Applicable,0,None,88,Not Applicable,88,Not Applicable,2,Intersection,2,Four-Way Intersection,1,No,1,No,88,Not Applicable,88,Not Applicable,88,Not Applicable,88,Not Applicable,FALSE,1,Public Road,1,"Trafficway, On Road",CT0009300,New Haven PD,156,50:18.0,C,Closed,01:50.0,,,,,,,
1037053,1,Complete,1037053,1037053,41.30943,-72.923271,3531239,New Haven,93,93,New Haven,4/3/2023,2023,4,April,3,2,Monday,10:33:00,10,23013025,A,"Injury of any type (Serious, Minor, Possible)",C,Possible Injury (C),2,0,0,4,Local,0.45,103,CHURCH ST,CHURCH ST,WALL ST NO 2,,,,,41.30943,-72.923271,14,Motor Vehicle in Operation,1,Front to rear,1,On Roadway,1,Clear,88,Not Applicable,1,Daylight,1,Dry,0,None,88,Not Applicable,88,Not Applicable,0,None,88,Not Applicable,88,Not Applicable,1,Non-Junction,1,Not at Intersection,1,No,1,No,88,Not Applicable,88,Not Applicable,88,Not Applicable,88,Not Applicable,TRUE,1,Public Road,1,"Trafficway, On Road",CT0009300,New Haven PD,165,53:50.0,C,Closed,01:48.0,,,,,,,
1037056,1,Complete,1037056,1037056,41.301101,-72.936324,3531242,New Haven,93,93,New Haven,4/3/2023,2023,4,April,3,2,Monday,15:57:00,15,23013080,A,"Injury of any type (Serious, Minor, Possible)",C,Possible Injury (C),2,0,0,4,Local,0.64,123,CONGRESS AV,CONGRESS AV,,VERNON ST,50,Feet,E,41.301101,-72.936324,14,Motor Vehicle in Operation,1,Front to rear,1,On Roadway,1,Clear,88,Not Applicable,1,Daylight,1,Dry,0,None,88,Not Applicable,88,Not Applicable,0,None,88,Not Applicable,88,Not Applicable,1,Non-Junction,1,Not at Intersection,1,No,1,No,88,Not Applicable,88,Not Applicable,88,Not Applicable,88,Not Applicable,FALSE,1,Public Road,1,"Trafficway, On Road",CT0009300,New Haven PD,158,20:47.0,C,Closed,01:53.0,,,,,,,
1037363,1,Complete,1037363,1037363,41.314547,-72.949432,3531555,New Haven,93,93,New Haven,4/3/2023,2023,4,April,3,2,Monday,17:17:00,17,23013088,A,"Injury of any type (Serious, Minor, Possible)",C,Possible Injury (C),2,0,0,4,Local,1.15,179,EDGEWOOD AV,EDGEWOOD AV,ELLSWORTH AV,,,,,41.314547,-72.949432,14,Motor Vehicle in Operation,3,Angle,1,On Roadway,1,Clear,88,Not Applicable,1,Daylight,1,Dry,0,None,88,Not Applicable,88,Not Applicable,0,None,88,Not Applicable,88,Not Applicable,2,Intersection,2,Four-Way Intersection,1,No,1,No,88,Not Applicable,88,Not Applicable,88,Not Applicable,88,Not Applicable,FALSE,1,Public Road,1,"Trafficway, On Road",CT0009300,New Haven PD,44055,20:55.0,C,Closed,01:35.0,,,,,,,
1037766,1,Complete,1037766,1037766,41.332834,-72.949228,3531958,New Haven,93,93,New Haven,4/4/2023,2023,4,April,4,3,Tuesday,21:12:00,21,23013369,A,"Injury of any type (Serious, Minor, Possible)",B,Suspected Minor Injury (B),2,0,0,3,State,4.13,10,10-S,10-S,WINTERGREEN AV,,,,,41.332834,-72.949228,14,Motor Vehicle in Operation,3,Angle,1,On Roadway,1,Clear,88,Not Applicable,4,Dark-Lighted,1,Dry,0,None,88,Not Applicable,88,Not Applicable,0,None,88,Not Applicable,88,Not Applicable,2,Intersection,3,T-Intersection,1,No,1,No,88,Not Applicable,88,Not Applicable,88,Not Applicable,88,Not Applicable,FALSE,1,Public Road,1,"Trafficway, On Road",CT0009300,New Haven PD,402,11:30.0,C,Closed,00:41.0,,1,13200,4,MINOR ARTERIAL - NEW HPMS,1,Rural
1037768,1,Complete,1037768,1037768,41.30363,-72.903243,3531960,New Haven,93,93,New Haven,4/5/2023,2023,4,April,5,4,Wednesday,0:18:00,0,23013388,A,"Injury of any type (Serious, Minor, Possible)",C,Possible Injury (C),2,0,0,4,Local,0.56,97,CHAPEL ST,CHAPEL ST,,JAMES ST,195,Feet,W,41.30363,-72.903243,14,Motor Vehicle in Operation,1,Front to rear,1,On Roadway,1,Clear,88,Not Applicable,4,Dark-Lighted,1,Dry,0,None,88,Not Applicable,88,Not Applicable,0,None,88,Not Applicable,88,Not Applicable,1,Non-Junction,1,Not at Intersection,1,No,1,No,88,Not Applicable,88,Not Applicable,88,Not Applicable,88,Not Applicable,FALSE,1,Public Road,1,"Trafficway, On Road",CT0009300,New Haven PD,42055,36:00.0,O,Open,00:39.0,,,,,,,
1037769,1,Complete,1037769,1037769,41.30842,-72.931287,3531961,New Haven,93,93,New Haven,4/5/2023,2023,4,April,5,4,Wednesday,5:04:00,5,23013397,A,"Injury of any type (Serious, Minor, Possible)",B,Suspected Minor Injury (B),1,0,0,4,Local,2.1,97,CHAPEL ST,CHAPEL ST,,YORK ST,100,Feet,E,41.30842,-72.931287,25,Curb,88,Not Applicable,2,Shoulder,1,Clear,88,Not Applicable,4,Dark-Lighted,1,Dry,0,None,88,Not Applicable,88,Not Applicable,0,None,88,Not Applicable,88,Not Applicable,1,Non-Junction,1,Not at Intersection,1,No,1,No,88,Not Applicable,88,Not Applicable,88,Not Applicable,88,Not Applicable,FALSE,1,Public Road,1,"Trafficway, On Road",CT0009300,New Haven PD,344,04:22.0,C,Closed,00:39.0,,2,7700,4,MINOR ARTERIAL - NEW HPMS,2,Urban
1037772,1,Complete,1037772,1037772,41.29013,-72.94041,3531964,New Haven,93,93,New Haven,4/5/2023,2023,4,April,5,4,Wednesday,13:05:00,13,23013430,A,"Injury of any type (Serious, Minor, Possible)",C,Possible Injury (C),2,0,0,3,State,0.7,10,10-N,10-N,WASHINGTON AV NO 1,,,,,41.29013,-72.94041,14,Motor Vehicle in Operation,1,Front to rear,1,On Roadway,2,Cloudy,88,Not Applicable,1,Daylight,1,Dry,0,None,88,Not Applicable,88,Not Applicable,0,None,88,Not Applicable,88,Not Applicable,2,Intersection,2,Four-Way Intersection,1,No,1,No,88,Not Applicable,88,Not Applicable,88,Not Applicable,88,Not Applicable,TRUE,1,Public Road,1,"Trafficway, On Road",CT0009300,New Haven PD,295,48:49.0,C,Closed,00:42.0,,2,18000,3,PRINCIPAL ARTERIAL - OTHER - NEW HPMS,2,Urban
1037774,1,Complete,1037774,1037774,41.29686,-72.94831,3531966,New Haven,93,93,New Haven,4/5/2023,2023,4,April,5,4,Wednesday,15:54:00,15,23013464,A,"Injury of any type (Serious, Minor, Possible)",C,Possible Injury (C),2,0,0,3,State,1.42,10,10-N,10-N,,COLUMBUS AVE,300,Feet,S,41.29686,-72.94831,14,Motor Vehicle in Operation,3,Angle,1,On Roadway,99,Unknown,88,Not Applicable,1,Daylight,99,Unknown,99,Unknown,88,Not Applicable,88,Not Applicable,99,Unknown,88,Not Applicable,88,Not Applicable,1,Non-Junction,1,Not at Intersection,1,No,1,No,88,Not Applicable,88,Not Applicable,88,Not Applicable,88,Not Applicable,TRUE,1,Public Road,1,"Trafficway, On Road",CT0009300,New Haven PD,40947,37:42.0,C,Closed,00:42.0,,2,20300,3,PRINCIPAL ARTERIAL - OTHER - NEW HPMS,2,Urban
1037776,1,Complete,1037776,1037776,41.310222,-72.934807,3531968,New Haven,93,93,New Haven,3/28/2023,2023,3,March,28,3,Tuesday,2:44:00,2,202300428,A,"Injury of any type (Serious, Minor, Possible)",C,Possible Injury (C),1,0,0,4,Local,0.31,310,HOWE ST,HOWE ST,,Edgewood Ave,185,Feet,S,41.310222,-72.934807,39,"Other Fixed Object (wall, building, tunnel, etc.)",88,Not Applicable,7,In Parking Lane or Zone,2,Cloudy,88,Not Applicable,4,Dark-Lighted,1,Dry,0,None,88,Not Applicable,88,Not Applicable,0,None,88,Not Applicable,88,Not Applicable,4,Entrance / Exit Ramp,1,Not at Intersection,1,No,1,No,88,Not Applicable,88,Not Applicable,88,Not Applicable,88,Not Applicable,FALSE,2,Private Road,4,Parking Lot,CT0009300,New Haven PD,426,38:45.0,C,Closed,01:49.0,,,,,,,
1038079,1,Complete,1038079,1038079,41.316602,-72.942488,3532271,New Haven,93,93,New Haven,4/2/2023,2023,4,April,2,1,Sunday,9:12:00,9,23012869,A,"Injury of any type (Serious, Minor, Possible)",C,Possible Injury (C),2,0,0,4,Local,0.38,653,WHALLEY AV,WHALLEY AV,SHERMAN AV,,,,,41.316602,-72.942488,14,Motor Vehicle in Operation,1,Front to rear,1,On Roadway,4,Rain,88,Not Applicable,1,Daylight,2,Wet,97,Other,88,Not Applicable,88,Not Applicable,97,Other,88,Not Applicable,88,Not Applicable,2,Intersection,2,Four-Way Intersection,1,No,1,No,88,Not Applicable,88,Not Applicable,88,Not Applicable,88,Not Applicable,FALSE,1,Public Road,1,"Trafficway, On Road",CT0009300,New Haven PD,44062,13:54.0,C,Closed,00:54.0,,,,,,,
1038081,1,Complete,1038081,1038081,41.324425,-72.944226,3532273,New Haven,93,93,New Haven,4/4/2023,2023,4,April,4,3,Tuesday,10:07:00,10,23013228,A,"Injury of any type (Serious, Minor, Possible)",C,Possible Injury (C),2,0,0,4,Local,0.29,254,GLEN RD,GLEN RD,ELLSWORTH AV,,,,,41.324425,-72.944226,14,Motor Vehicle in Operation,3,Angle,1,On Roadway,1,Clear,88,Not Applicable,1,Daylight,1,Dry,0,None,88,Not Applicable,88,Not Applicable,0,None,88,Not Applicable,88,Not Applicable,2,Intersection,2,Four-Way Intersection,1,No,1,No,88,Not Applicable,88,Not Applicable,88,Not Applicable,88,Not Applicable,FALSE,1,Public Road,1,"Trafficway, On Road",CT0009300,New Haven PD,359,51:04.0,C,Closed,00:50.0,,,,,,,
1038091,1,Complete,1038091,1038091,41.30964,-72.924764,3532283,New Haven,93,93,New Haven,4/6/2023,2023,4,April,6,5,Thursday,13:46:00,13,23013625,A,"Injury of any type (Serious, Minor, Possible)",C,Possible Injury (C),3,0,0,4,Local,0.33,588,TEMPLE ST,TEMPLE ST,,ELM ST,358,Feet,N,41.30964,-72.924764,14,Motor Vehicle in Operation,3,Angle,1,On Roadway,1,Clear,88,Not Applicable,1,Daylight,1,Dry,0,None,88,Not Applicable,88,Not Applicable,0,None,88,Not Applicable,88,Not Applicable,1,Non-Junction,1,Not at Intersection,1,No,1,No,88,Not Applicable,88,Not Applicable,88,Not Applicable,88,Not Applicable,TRUE,1,Public Road,1,"Trafficway, On Road",CT0009300,New Haven PD,40790,26:50.0,C,Closed,00:53.0,,,,,,,
1038465,1,Complete,1038465,1038465,41.314559,-72.900633,3532657,New Haven,93,93,New Haven,4/6/2023,2023,4,April,6,5,Thursday,17:41:00,17,23013660,A,"Injury of any type (Serious, Minor, Possible)",B,Suspected Minor Injury (B),2,0,0,4,Local,0.18,379,LOMBARD ST,LOMBARD ST,BLATCHLEY AV,,,,,41.314559,-72.900633,14,Motor Vehicle in Operation,97,Other,1,On Roadway,2,Cloudy,88,Not Applicable,1,Daylight,1,Dry,0,None,88,Not Applicable,88,Not Applicable,0,None,88,Not Applicable,88,Not Applicable,2,Intersection,2,Four-Way Intersection,1,No,1,No,88,Not Applicable,88,Not Applicable,88,Not Applicable,88,Not Applicable,FALSE,1,Public Road,1,"Trafficway, On Road",CT0009300,New Haven PD,44339,14:24.0,C,Closed,00:10.0,,,,,,,
1038471,1,Complete,1038471,1038471,41.319153,-72.936797,3532663,New Haven,93,93,New Haven,4/7/2023,2023,4,April,7,6,Friday,14:28:00,14,23013775,A,"Injury of any type (Serious, Minor, Possible)",C,Possible Injury (C),2,0,0,4,Local,1.28,453,ORCHARD ST,ORCHARD ST,CHARLES ST,,,,,41.319153,-72.936797,14,Motor Vehicle in Operation,4,"Sideswipe, same direction",1,On Roadway,1,Clear,88,Not Applicable,1,Daylight,1,Dry,99,Unknown,88,Not Applicable,88,Not Applicable,99,Unknown,88,Not Applicable,88,Not Applicable,2,Intersection,3,T-Intersection,1,No,1,No,88,Not Applicable,88,Not Applicable,88,Not Applicable,88,Not Applicable,FALSE,1,Public Road,1,"Trafficway, On Road",CT0009300,New Haven PD,43689,43:14.0,C,Closed,00:16.0,,,,,,,
1038472,1,Complete,1038472,1038472,41.304699,-72.939509,3532664,New Haven,93,93,New Haven,4/7/2023,2023,4,April,7,6,Friday,15:08:00,15,23013782,A,"Injury of any type (Serious, Minor, Possible)",C,Possible Injury (C),2,0,0,4,Local,0.3,622,WARD ST,WARD ST,SYLVAN AV,,,,,41.304699,-72.939509,14,Motor Vehicle in Operation,3,Angle,1,On Roadway,1,Clear,88,Not Applicable,1,Daylight,1,Dry,0,None,88,Not Applicable,88,Not Applicable,0,None,88,Not Applicable,88,Not Applicable,3,Intersection-Related,2,Four-Way Intersection,1,No,1,No,88,Not Applicable,88,Not Applicable,88,Not Applicable,88,Not Applicable,FALSE,1,Public Road,1,"Trafficway, On Road",CT0009300,New Haven PD,39,22:43.0,C,Closed,00:11.0,,,,,,,
1038477,1,Complete,1038477,1038477,41.308237,-72.94817,3532669,New Haven,93,93,New Haven,4/8/2023,2023,4,April,8,7,Saturday,16:03:00,16,23013917,A,"Injury of any type (Serious, Minor, Possible)",C,Possible Injury (C),2,0,0,4,Local,0.25,333,JUDSON AV,JUDSON AV,WINTHROP AV NO 2,,,,,41.308237,-72.94817,14,Motor Vehicle in Operation,3,Angle,1,On Roadway,1,Clear,88,Not Applicable,1,Daylight,1,Dry,0,None,88,Not Applicable,88,Not Applicable,0,None,88,Not Applicable,88,Not Applicable,1,Non-Junction,1,Not at Intersection,1,No,1,No,88,Not Applicable,88,Not Applicable,88,Not Applicable,88,Not Applicable,FALSE,1,Public Road,1,"Trafficway, On Road",CT0009300,New Haven PD,42046,43:40.0,C,Closed,00:17.0,,,,,,,
1038483,1,Complete,1038483,1038483,41.308733,-72.911083,3532675,New Haven,93,93,New Haven,4/8/2023,2023,4,April,8,7,Saturday,22:40:00,22,23013970,A,"Injury of any type (Serious, Minor, Possible)",B,Suspected Minor Injury (B),2,0,0,4,Local,1.32,264,GRAND AV,GRAND AV,WALLACE ST,,,,,41.308733,-72.911083,14,Motor Vehicle in Operation,3,Angle,1,On Roadway,1,Clear,88,Not Applicable,4,Dark-Lighted,1,Dry,0,None,88,Not Applicable,88,Not Applicable,0,None,88,Not Applicable,88,Not Applicable,2,Intersection,2,Four-Way Intersection,1,No,1,No,88,Not Applicable,88,Not Applicable,88,Not Applicable,88,Not Applicable,FALSE,1,Public Road,1,"Trafficway, On Road",CT0009300,New Haven PD,44063,44:11.0,C,Closed,00:21.0,,,,,,,
1038486,1,Complete,1038486,1038486,41.305178,-72.923679,3532678,New Haven,93,93,New Haven,4/9/2023,2023,4,April,9,1,Sunday,15:53:00,15,23014020,A,"Injury of any type (Serious, Minor, Possible)",C,Possible Injury (C),2,0,0,4,Local,1.64,97,CHAPEL ST,CHAPEL ST,,ORANGE ST,200,Feet,E,41.305178,-72.923679,15,Parked Motor Vehicle,3,Angle,2,Shoulder,1,Clear,88,Not Applicable,1,Daylight,1,Dry,0,None,88,Not Applicable,88,Not Applicable,0,None,88,Not Applicable,88,Not Applicable,1,Non-Junction,1,Not at Intersection,1,No,1,No,88,Not Applicable,88,Not Applicable,88,Not Applicable,88,Not Applicable,FALSE,1,Public Road,1,"Trafficway, On Road",CT0009300,New Haven PD,42044,17:59.0,O,Open,00:25.0,,,,,,,
1038488,1,Complete,1038488,1038488,41.311783,-72.938208,3532680,New Haven,93,93,New Haven,4/9/2023,2023,4,April,9,1,Sunday,18:39:00,18,23014038,A,"Injury of any type (Serious, Minor, Possible)",C,Possible Injury (C),2,0,0,4,Local,1.78,179,EDGEWOOD AV,EDGEWOOD AV,,GARDEN ST,50,Feet,E,41.311783,-72.938208,14,Motor Vehicle in Operation,4,"Sideswipe, same direction",1,On Roadway,1,Clear,88,Not Applicable,1,Daylight,1,Dry,0,None,88,Not Applicable,88,Not Applicable,0,None,88,Not Applicable,88,Not Applicable,3,Intersection-Related,3,T-Intersection,1,No,1,No,88,Not Applicable,88,Not Applicable,88,Not Applicable,88,Not Applicable,FALSE,1,Public Road,1,"Trafficway, On Road",CT0009300,New Haven PD,44045,44:22.0,C,Closed,00:24.0,,,,,,,