CrashId,Fatal Case Status,Fatal Case Status Text Format,CrashId,CrashId,Latitude,Longitude,DOT Case Number,Town Name,Town Number,Town Number,Town Number Text Format,Date Of Crash,Year,Month,Month Text Format,Day,Day of the Week,Day of the Week Text Format,Time of Crash,Hour of the Day,Case Identifier,Crash Severity,Crash Severity Text Format,Most Severe Injury,Most Severe Injury Text Format,Number Of Motor Vehicles,Number Of Non-Motorist,Number Of Witnesses,Route Class,Route Class Text Format,Milemarker,Road Number,Road Description,Roadway Name,Intersecting Roadway Name,Landmark Description,Distance From Nearest Landmark,Unit Of Measure From Nearest Landmark,Direction From Nearest Landmark,Latitude,Longitude,First Harmful Event,First Harmful Event Text Format,Manner of Crash / Collision Impact,Manner of Crash / Collision Impact Text Format,Location of First Harmful Event,Location of First Harmful Event Text Format,Weather Condition,Weather Condition Text Format,Weather 2,Weather 2 Text Format,Light Condition,Light Condition Text Format,Road Surface Condition,Road Surface Condition Text Format,"Contributing Circumstances, Environment","Contributing Circumstances, Environment Text Format",Environment 2,Environment 2 Text Format,Environment 3,Environment 3 Text Format,"Contributing Circumstances, Road","Contributing Circumstances, Road Text Format",Road 2,Road 2 Text Format,Road 3,Road 3 Text Format,Crash Specific Location,Crash Specific Location Text Format,Type of Intersection,Type of Intersection Text Format,School Bus Related,School Bus Related Text Format,Work Zone Related,Work Zone Related Text Format,Location Of Crash Relative To Work Zone,Location Of Crash Relative To Work Zone Text Format,Type of Work Zone,Type of Work Zone Text Format,Worker Presence,Worker Presence Text Format,Law Enforcement Presence,Law Enforcement Presence Text Format,Were Vehicles Moved Prior To Police Arrival,Trafficway Ownership,Trafficway Ownership Text Format,Trafficway Class,Trafficway Class Text Format,Police Agency,Police Agency Text Format,Badge Number,Approval Date,Police Case Status,Police Case Status Text Format,Crash Report Submission Date,Related Case Identifiers,No. of Through Lanes (Log Dir.),Average Daily Traffic,Functional Classification,Functional Classification Text Format,Rural or Urban,Rural or Urban Text Format
1038877,1,Complete,1038877,1038877,41.30544,-72.95259,3533069,New Haven,93,93,New Haven,4/5/2023,2023,4,April,5,4,Wednesday,15:53:00,15,23013454,A,"Injury of any type (Serious, Minor, Possible)",B,Suspected Minor Injury (B),2,0,0,3,State,1.87,10,10-N,10-N,LEGION AV-RT 34,,,,,41.30544,-72.95259,14,Motor Vehicle in Operation,1,Front to rear,1,On Roadway,1,Clear,88,Not Applicable,1,Daylight,1,Dry,0,None,88,Not Applicable,88,Not Applicable,0,None,88,Not Applicable,88,Not Applicable,3,Intersection-Related,3,T-Intersection,1,No,1,No,88,Not Applicable,88,Not Applicable,88,Not Applicable,88,Not Applicable,FALSE,1,Public Road,1,"Trafficway, On Road",CT0009300,New Haven PD,158,13:55.0,C,Closed,00:58.0,23-013454,2,20800,3,PRINCIPAL ARTERIAL - OTHER - NEW HPMS,2,Urban
1038878,1,Complete,1038878,1038878,41.30091,-72.89222,3533070,New Haven,93,93,New Haven,4/8/2023,2023,4,April,8,7,Saturday,21:47:00,21,23013951,A,"Injury of any type (Serious, Minor, Possible)",C,Possible Injury (C),2,0,0,4,Local,0.2,795,EAST FERRY ST,EAST FERRY ST,FAIRMONT AV,,,,,41.30091,-72.89222,14,Motor Vehicle in Operation,1,Front to rear,1,On Roadway,1,Clear,88,Not Applicable,4,Dark-Lighted,1,Dry,0,None,88,Not Applicable,88,Not Applicable,0,None,88,Not Applicable,88,Not Applicable,2,Intersection,2,Four-Way Intersection,1,No,1,No,88,Not Applicable,88,Not Applicable,88,Not Applicable,88,Not Applicable,TRUE,1,Public Road,1,"Trafficway, On Road",CT0009300,New Haven PD,44050,57:48.0,C,Closed,00:59.0,,,,,,,
1038882,1,Complete,1038882,1038882,41.312103,-72.93941,3533074,New Haven,93,93,New Haven,4/10/2023,2023,4,April,10,2,Monday,8:29:00,8,23014085,A,"Injury of any type (Serious, Minor, Possible)",C,Possible Injury (C),2,0,2,4,Local,1.71,179,EDGEWOOD AV,EDGEWOOD AV,KENSINGTON ST,,,,,41.312103,-72.93941,14,Motor Vehicle in Operation,3,Angle,1,On Roadway,1,Clear,1,Clear,1,Daylight,1,Dry,0,None,88,Not Applicable,88,Not Applicable,0,None,88,Not Applicable,88,Not Applicable,2,Intersection,2,Four-Way Intersection,1,No,1,No,88,Not Applicable,88,Not Applicable,88,Not Applicable,88,Not Applicable,FALSE,1,Public Road,1,"Trafficway, On Road",CT0009300,New Haven PD,465,24:54.0,C,Closed,00:56.0,,,,,,,
1039174,1,Complete,1039174,1039174,41.31793,-72.92729,3533366,New Haven,93,93,New Haven,4/1/2023,2023,4,April,1,7,Saturday,15:20:00,15,23012826,A,"Injury of any type (Serious, Minor, Possible)",B,Suspected Minor Injury (B),2,0,0,4,Local,0,631,WEBSTER ST,WEBSTER ST,WINCHESTER AV,,,,,41.31793,-72.92729,14,Motor Vehicle in Operation,3,Angle,1,On Roadway,1,Clear,88,Not Applicable,1,Daylight,1,Dry,0,None,88,Not Applicable,88,Not Applicable,0,None,88,Not Applicable,88,Not Applicable,2,Intersection,3,T-Intersection,1,No,1,No,88,Not Applicable,88,Not Applicable,88,Not Applicable,88,Not Applicable,FALSE,1,Public Road,1,"Trafficway, On Road",CT0009300,New Haven PD,23,09:37.0,O,Open,01:51.0,,,,,,,
1039178,1,Complete,1039178,1039178,41.319534,-72.96717,3533370,New Haven,93,93,New Haven,4/10/2023,2023,4,April,10,2,Monday,14:40:00,14,23014266,A,"Injury of any type (Serious, Minor, Possible)",C,Possible Injury (C),2,0,0,4,Local,0.16,179,EDGEWOOD AV,EDGEWOOD AV,MCKINLEY AV,,,,,41.319534,-72.96717,14,Motor Vehicle in Operation,3,Angle,1,On Roadway,1,Clear,88,Not Applicable,1,Daylight,1,Dry,0,None,88,Not Applicable,88,Not Applicable,0,None,88,Not Applicable,88,Not Applicable,2,Intersection,2,Four-Way Intersection,1,No,1,No,88,Not Applicable,88,Not Applicable,88,Not Applicable,88,Not Applicable,FALSE,1,Public Road,1,"Trafficway, On Road",CT0009300,New Haven PD,62,01:47.0,C,Closed,01:49.0,,,,,,,
1039183,1,Complete,1039183,1039183,41.300045,-72.934958,3533375,New Haven,93,93,New Haven,4/11/2023,2023,4,April,11,3,Tuesday,16:43:00,16,23014398,A,"Injury of any type (Serious, Minor, Possible)",C,Possible Injury (C),2,0,0,4,Local,0.45,308,HOWARD AV,HOWARD AV,,WASHINGTON AVE,245,Feet,N,41.300045,-72.934958,14,Motor Vehicle in Operation,3,Angle,1,On Roadway,1,Clear,88,Not Applicable,1,Daylight,1,Dry,0,None,88,Not Applicable,88,Not Applicable,0,None,88,Not Applicable,88,Not Applicable,1,Non-Junction,1,Not at Intersection,1,No,1,No,88,Not Applicable,88,Not Applicable,88,Not Applicable,88,Not Applicable,FALSE,1,Public Road,1,"Trafficway, On Road",CT0009300,New Haven PD,158,07:13.0,C,Closed,01:50.0,,,,,,,
1039426,1,Complete,1039426,1039426,41.301812,-72.926938,3533618,New Haven,93,93,New Haven,3/17/2023,2023,3,March,17,6,Friday,2:16:00,2,23010660,A,"Injury of any type (Serious, Minor, Possible)",C,Possible Injury (C),2,0,0,4,Local,0.09,809,REV DR MLK JR BLVD,REV DR MLK JR BLVD,ORANGE ST,,,,,41.301812,-72.926938,14,Motor Vehicle in Operation,4,"Sideswipe, same direction",1,On Roadway,1,Clear,88,Not Applicable,99,Unknown,1,Dry,0,None,88,Not Applicable,88,Not Applicable,0,None,88,Not Applicable,88,Not Applicable,1,Non-Junction,1,Not at Intersection,1,No,1,No,88,Not Applicable,88,Not Applicable,88,Not Applicable,88,Not Applicable,FALSE,1,Public Road,1,"Trafficway, On Road",CT0009300,New Haven PD,42044,13:32.0,C,Closed,00:35.0,,,,,,,
1039428,1,Complete,1039428,1039428,41.320904,-72.935966,3533620,New Haven,93,93,New Haven,4/7/2023,2023,4,April,7,6,Friday,15:58:00,15,23013794,A,"Injury of any type (Serious, Minor, Possible)",B,Suspected Minor Injury (B),1,1,0,4,Local,1.42,453,ORCHARD ST,ORCHARD ST,HENRY ST,,,,,41.320904,-72.935966,9,Pedestrian,88,Not Applicable,1,On Roadway,1,Clear,88,Not Applicable,1,Daylight,1,Dry,0,None,88,Not Applicable,88,Not Applicable,0,None,88,Not Applicable,88,Not Applicable,2,Intersection,2,Four-Way Intersection,1,No,1,No,88,Not Applicable,88,Not Applicable,88,Not Applicable,88,Not Applicable,FALSE,1,Public Road,1,"Trafficway, On Road",CT0009300,New Haven PD,286,57:50.0,C,Closed,00:38.0,,2,4200,4,MINOR ARTERIAL - NEW HPMS,2,Urban
1039430,1,Complete,1039430,1039430,41.30716,-72.89699,3533622,New Haven,93,93,New Haven,4/9/2023,2023,4,April,9,1,Sunday,18:06:00,18,23014034,A,"Injury of any type (Serious, Minor, Possible)",C,Possible Injury (C),2,0,0,4,Local,0.38,487,POPLAR ST,POPLAR ST,EXCHANGE ST,,,,,41.30716,-72.89699,14,Motor Vehicle in Operation,4,"Sideswipe, same direction",1,On Roadway,1,Clear,88,Not Applicable,1,Daylight,1,Dry,0,None,88,Not Applicable,88,Not Applicable,0,None,88,Not Applicable,88,Not Applicable,3,Intersection-Related,2,Four-Way Intersection,1,No,1,No,88,Not Applicable,88,Not Applicable,88,Not Applicable,88,Not Applicable,FALSE,1,Public Road,1,"Trafficway, On Road",CT0009300,New Haven PD,44176,34:05.0,O,Open,00:37.0,,,,,,,
1039431,1,Complete,1039431,1039431,41.25824,-72.89176,3533623,New Haven,93,93,New Haven,4/11/2023,2023,4,April,11,3,Tuesday,9:17:00,9,23014276,A,"Injury of any type (Serious, Minor, Possible)",C,Possible Injury (C),2,0,0,3,State,2.27,337,337-E,337-E,,MORRIS CAUSEWAY,150,Feet,W,41.25824,-72.89176,14,Motor Vehicle in Operation,2,Front to front,1,On Roadway,1,Clear,88,Not Applicable,1,Daylight,1,Dry,0,None,88,Not Applicable,88,Not Applicable,0,None,88,Not Applicable,88,Not Applicable,1,Non-Junction,1,Not at Intersection,1,No,1,No,88,Not Applicable,88,Not Applicable,88,Not Applicable,88,Not Applicable,FALSE,1,Public Road,1,"Trafficway, On Road",CT0009300,New Haven PD,156,26:12.0,C,Closed,00:36.0,,1,5500,4,MINOR ARTERIAL - NEW HPMS,1,Rural
1039432,1,Complete,1039432,1039432,41.31749,-72.90141,3533624,New Haven,93,93,New Haven,4/11/2023,2023,4,April,11,3,Tuesday,13:51:00,13,23014350,A,"Injury of any type (Serious, Minor, Possible)",C,Possible Injury (C),2,0,0,2,USRoute,0.17,5,5-N,5-N,WILLOW ST,,,,,41.31749,-72.90141,14,Motor Vehicle in Operation,3,Angle,1,On Roadway,1,Clear,88,Not Applicable,1,Daylight,1,Dry,0,None,88,Not Applicable,88,Not Applicable,0,None,88,Not Applicable,88,Not Applicable,2,Intersection,2,Four-Way Intersection,1,No,1,No,88,Not Applicable,88,Not Applicable,88,Not Applicable,88,Not Applicable,FALSE,1,Public Road,1,"Trafficway, On Road",CT0009300,New Haven PD,44060,00:57.0,C,Closed,00:40.0,,1,12900,4,MINOR ARTERIAL - NEW HPMS,1,Rural
1039437,1,Complete,1039437,1039437,41.289006,-72.8945787,3533629,New Haven,93,93,New Haven,4/12/2023,2023,4,April,12,4,Wednesday,17:02:00,17,23014572,A,"Injury of any type (Serious, Minor, Possible)",C,Possible Injury (C),2,0,0,1,Interstate,0.36,95,95-N-346,95-N-346,WOODWARD AV,,,,,41.289006,-72.8945787,14,Motor Vehicle in Operation,4,"Sideswipe, same direction",1,On Roadway,1,Clear,88,Not Applicable,1,Daylight,1,Dry,0,None,88,Not Applicable,88,Not Applicable,0,None,88,Not Applicable,88,Not Applicable,2,Intersection,2,Four-Way Intersection,1,No,1,No,88,Not Applicable,88,Not Applicable,88,Not Applicable,88,Not Applicable,FALSE,1,Public Road,1,"Trafficway, On Road",CT0009300,New Haven PD,40807,31:47.0,C,Closed,00:39.0,,,32700,1,INTERSTATE - NEW HPMS,2,Urban
1039658,1,Complete,1039658,1039658,41.308602,-72.886989,3533850,New Haven,93,93,New Haven,4/13/2023,2023,4,April,13,5,Thursday,8:34:00,8,23013435,A,"Injury of any type (Serious, Minor, Possible)",C,Possible Injury (C),3,0,0,4,Local,0.05,264,GRAND AV,GRAND AV,,FRONT ST,550,Feet,E,41.308602,-72.886989,14,Motor Vehicle in Operation,1,Front to rear,1,On Roadway,1,Clear,88,Not Applicable,1,Daylight,1,Dry,0,None,88,Not Applicable,88,Not Applicable,0,None,88,Not Applicable,88,Not Applicable,1,Non-Junction,1,Not at Intersection,1,No,1,No,88,Not Applicable,88,Not Applicable,88,Not Applicable,88,Not Applicable,FALSE,1,Public Road,1,"Trafficway, On Road",CT0009300,New Haven PD,193,09:08.0,O,Open,01:42.0,,,,,,,
1039663,1,Complete,1039663,1039663,41.320749,-72.89751,3533855,New Haven,93,93,New Haven,4/13/2023,2023,4,April,13,5,Thursday,9:22:00,9,23014630,A,"Injury of any type (Serious, Minor, Possible)",C,Possible Injury (C),3,0,0,2,USRoute,0.48,5,5-N,5-N,,ROCK ST,120,Feet,S,41.320749,-72.89751,14,Motor Vehicle in Operation,1,Front to rear,1,On Roadway,1,Clear,88,Not Applicable,1,Daylight,1,Dry,0,None,88,Not Applicable,88,Not Applicable,0,None,88,Not Applicable,88,Not Applicable,1,Non-Junction,1,Not at Intersection,1,No,1,No,88,Not Applicable,88,Not Applicable,88,Not Applicable,88,Not Applicable,FALSE,1,Public Road,1,"Trafficway, On Road",CT0009300,New Haven PD,87,04:27.0,C,Closed,01:43.0,,1,17500,4,MINOR ARTERIAL - NEW HPMS,1,Rural
1039667,1,Complete,1039667,1039667,41.31872,-72.89957,3533859,New Haven,93,93,New Haven,4/13/2023,2023,4,April,13,5,Thursday,15:34:00,15,23014682,A,"Injury of any type (Serious, Minor, Possible)",C,Possible Injury (C),2,0,0,2,USRoute,0.29,5,5-N,5-N,WARRREN PLACE,,,,,41.31872,-72.89957,14,Motor Vehicle in Operation,4,"Sideswipe, same direction",1,On Roadway,1,Clear,88,Not Applicable,1,Daylight,1,Dry,0,None,88,Not Applicable,88,Not Applicable,0,None,88,Not Applicable,88,Not Applicable,3,Intersection-Related,3,T-Intersection,1,No,1,No,88,Not Applicable,88,Not Applicable,88,Not Applicable,88,Not Applicable,FALSE,1,Public Road,1,"Trafficway, On Road",CT0009300,New Haven PD,991,53:16.0,C,Closed,01:43.0,,1,14100,4,MINOR ARTERIAL - NEW HPMS,1,Rural
1039669,1,Complete,1039669,1039669,41.30883396,-72.93324105,3533861,New Haven,93,93,New Haven,4/13/2023,2023,4,April,13,5,Thursday,16:18:00,16,23014687,A,"Injury of any type (Serious, Minor, Possible)",C,Possible Injury (C),2,0,0,4,Local,2.2,97,CHAPEL ST,CHAPEL ST,,PARK ST,85,Feet,E,41.30883396,-72.93324105,14,Motor Vehicle in Operation,4,"Sideswipe, same direction",1,On Roadway,1,Clear,88,Not Applicable,1,Daylight,1,Dry,0,None,88,Not Applicable,88,Not Applicable,0,None,88,Not Applicable,88,Not Applicable,1,Non-Junction,1,Not at Intersection,1,No,1,No,88,Not Applicable,88,Not Applicable,88,Not Applicable,88,Not Applicable,FALSE,1,Public Road,1,"Trafficway, On Road",CT0009300,New Haven PD,42046,27:44.0,C,Closed,01:46.0,,,,,,,
1040085,1,Complete,1040085,1040085,41.3111,-72.903556,3534277,New Haven,93,93,New Haven,4/8/2023,2023,4,April,8,7,Saturday,17:03:00,17,23013929,A,"Injury of any type (Serious, Minor, Possible)",C,Possible Injury (C),2,0,1,4,Local,0.37,327,JAMES ST,JAMES ST,MARKET ST,,,,,41.3111,-72.903556,14,Motor Vehicle in Operation,99,Unknown,1,On Roadway,1,Clear,88,Not Applicable,1,Daylight,1,Dry,0,None,88,Not Applicable,88,Not Applicable,0,None,88,Not Applicable,88,Not Applicable,2,Intersection,2,Four-Way Intersection,1,No,1,No,88,Not Applicable,88,Not Applicable,88,Not Applicable,88,Not Applicable,FALSE,1,Public Road,1,"Trafficway, On Road",CT0009300,New Haven PD,65,02:20.0,O,Open,01:03.0,,,,,,,
1040088,1,Complete,1040088,1040088,41.309568,-72.923399,3534280,New Haven,93,93,New Haven,4/11/2023,2023,4,April,11,3,Tuesday,15:29:00,15,23014363,A,"Injury of any type (Serious, Minor, Possible)",A,Suspected Serious Injury (A),1,1,0,4,Local,0.16,712,WALL ST NO 2,WALL ST NO 2,CHURCH ST,,,,,41.309568,-72.923399,17,Work Zone/Maintenance Equipment,88,Not Applicable,1,On Roadway,1,Clear,88,Not Applicable,1,Daylight,1,Dry,99,Unknown,88,Not Applicable,88,Not Applicable,8,Work Zone (construction / maintenance / utility),88,Not Applicable,88,Not Applicable,2,Intersection,2,Four-Way Intersection,1,No,2,Yes,4,Activity Area,3,Work on Shoulder or Median,2,Yes,2,Yes,FALSE,1,Public Road,1,"Trafficway, On Road",CT0009300,New Haven PD,813,32:45.0,C,Closed,00:52.0,,3,8400,3,PRINCIPAL ARTERIAL - OTHER - NEW HPMS,2,Urban
1040099,1,Complete,1040099,1040099,41.30755,-72.89516,3534291,New Haven,93,93,New Haven,4/14/2023,2023,4,April,14,6,Friday,11:36:00,11,23014868,A,"Injury of any type (Serious, Minor, Possible)",C,Possible Injury (C),2,0,0,4,Local,0.84,213,FERRY ST,FERRY ST,EXCHANGE ST,,,,,41.30755,-72.89516,14,Motor Vehicle in Operation,3,Angle,1,On Roadway,1,Clear,88,Not Applicable,1,Daylight,1,Dry,0,None,88,Not Applicable,88,Not Applicable,0,None,88,Not Applicable,88,Not Applicable,2,Intersection,5,L-Intersection,1,No,1,No,88,Not Applicable,88,Not Applicable,88,Not Applicable,88,Not Applicable,FALSE,1,Public Road,1,"Trafficway, On Road",CT0009300,New Haven PD,11439,19:05.0,C,Closed,00:53.0,,,,,,,
1040101,1,Complete,1040101,1040101,41.300856,-72.915435,3534293,New Haven,93,93,New Haven,4/14/2023,2023,4,April,14,6,Friday,14:27:00,14,23014888,A,"Injury of any type (Serious, Minor, Possible)",C,Possible Injury (C),2,0,0,2,USRoute,48.72,1,1-N,1-N,CHESTNUT ST NO 1,,,,,41.300856,-72.915435,14,Motor Vehicle in Operation,4,"Sideswipe, same direction",1,On Roadway,1,Clear,88,Not Applicable,1,Daylight,1,Dry,0,None,88,Not Applicable,88,Not Applicable,0,None,88,Not Applicable,88,Not Applicable,2,Intersection,3,T-Intersection,1,No,1,No,88,Not Applicable,88,Not Applicable,88,Not Applicable,88,Not Applicable,FALSE,1,Public Road,1,"Trafficway, On Road",CT0009300,New Haven PD,44339,37:27.0,C,Closed,00:56.0,,1,9800,3,PRINCIPAL ARTERIAL - OTHER - NEW HPMS,1,Rural
1040102,1,Complete,1040102,1040102,41.32004,-72.89818,3534294,New Haven,93,93,New Haven,4/14/2023,2023,4,April,14,6,Friday,14:59:00,14,23014891,A,"Injury of any type (Serious, Minor, Possible)",C,Possible Injury (C),2,0,0,2,USRoute,0.42,5,5-N,5-N,GRACE ST,,,,,41.32004,-72.89818,14,Motor Vehicle in Operation,1,Front to rear,1,On Roadway,1,Clear,88,Not Applicable,1,Daylight,1,Dry,0,None,88,Not Applicable,88,Not Applicable,0,None,88,Not Applicable,88,Not Applicable,3,Intersection-Related,3,T-Intersection,1,No,1,No,88,Not Applicable,88,Not Applicable,88,Not Applicable,88,Not Applicable,TRUE,1,Public Road,1,"Trafficway, On Road",CT0009300,New Haven PD,44948,06:43.0,C,Closed,00:48.0,NONE,1,19500,4,MINOR ARTERIAL - NEW HPMS,1,Rural
1040108,1,Complete,1040108,1040108,41.327538,-72.937106,3534300,New Haven,93,93,New Haven,4/15/2023,2023,4,April,15,7,Saturday,2:12:00,2,23014965,A,"Injury of any type (Serious, Minor, Possible)",C,Possible Injury (C),3,0,0,4,Local,0.58,557,SHERMAN PKWY,SHERMAN PKWY,HARDING PL,,,,,41.327538,-72.937106,14,Motor Vehicle in Operation,3,Angle,1,On Roadway,1,Clear,88,Not Applicable,6,Dark-Unknown Lighting,1,Dry,0,None,88,Not Applicable,88,Not Applicable,0,None,88,Not Applicable,88,Not Applicable,2,Intersection,3,T-Intersection,1,No,1,No,88,Not Applicable,88,Not Applicable,88,Not Applicable,88,Not Applicable,FALSE,1,Public Road,1,"Trafficway, On Road",CT0009300,New Haven PD,44053,48:00.0,O,Open,01:00.0,,,,,,,
1040112,1,Complete,1040112,1040112,41.303533,-72.893775,3534304,New Haven,93,93,New Haven,4/15/2023,2023,4,April,15,7,Saturday,17:55:00,17,23015033,A,"Injury of any type (Serious, Minor, Possible)",C,Possible Injury (C),1,0,0,4,Local,0,795,EAST FERRY ST,FERRY ST,RIVER ST,,,,,41.303533,-72.893775,32,Tree (standing),88,Not Applicable,1,On Roadway,4,Rain,88,Not Applicable,1,Daylight,2,Wet,0,None,88,Not Applicable,88,Not Applicable,0,None,88,Not Applicable,88,Not Applicable,2,Intersection,2,Four-Way Intersection,1,No,1,No,88,Not Applicable,88,Not Applicable,88,Not Applicable,88,Not Applicable,FALSE,1,Public Road,1,"Trafficway, On Road",CT0009300,New Haven PD,44060,41:14.0,C,Closed,00:58.0,,2,13500,4,MINOR ARTERIAL - NEW HPMS,2,Urban
1040114,1,Complete,1040114,1040114,41.326914,-72.965184,3534306,New Haven,93,93,New Haven,4/15/2023,2023,4,April,15,7,Saturday,21:58:00,21,23015058,A,"Injury of any type (Serious, Minor, Possible)",C,Possible Injury (C),2,0,0,3,State,6.37,243,243-W,243-W,EMERSON ST NO 2,,,,,41.326914,-72.965184,14,Motor Vehicle in Operation,3,Angle,1,On Roadway,1,Clear,88,Not Applicable,4,Dark-Lighted,2,Wet,0,None,88,Not Applicable,88,Not Applicable,0,None,88,Not Applicable,88,Not Applicable,2,Intersection,3,T-Intersection,1,No,1,No,88,Not Applicable,88,Not Applicable,88,Not Applicable,88,Not Applicable,FALSE,1,Public Road,1,"Trafficway, On Road",CT0009300,New Haven PD,55,16:45.0,C,Closed,01:03.0,,1,10500,4,MINOR ARTERIAL - NEW HPMS,1,Rural
1040115,1,Complete,1040115,1040115,41.301347,-72.927005,3534307,New Haven,93,93,New Haven,4/16/2023,2023,4,April,16,1,Sunday,0:59:00,0,23015072,A,"Injury of any type (Serious, Minor, Possible)",C,Possible Injury (C),2,0,0,4,Local,0.02,567,SOUTH ORANGE ST,SOUTH ORANGE ST,,S FRONTAGE RD,50,Feet,W,41.301347,-72.927005,14,Motor Vehicle in Operation,1,Front to rear,1,On Roadway,1,Clear,88,Not Applicable,4,Dark-Lighted,1,Dry,0,None,88,Not Applicable,88,Not Applicable,0,None,88,Not Applicable,88,Not Applicable,1,Non-Junction,1,Not at Intersection,1,No,1,No,88,Not Applicable,88,Not Applicable,88,Not Applicable,88,Not Applicable,FALSE,1,Public Road,1,"Trafficway, On Road",CT0009300,New Haven PD,476,13:29.0,C,Closed,01:01.0,,,,,,,
1040116,1,Complete,1040116,1040116,41.303887,-72.900334,3534308,New Haven,93,93,New Haven,4/16/2023,2023,4,April,16,1,Sunday,7:06:00,7,23015098,A,"Injury of any type (Serious, Minor, Possible)",C,Possible Injury (C),2,0,1,4,Local,0.4,97,CHAPEL ST,CHAPEL ST,LLOYD ST,,,,,41.303887,-72.900334,14,Motor Vehicle in Operation,3,Angle,1,On Roadway,2,Cloudy,88,Not Applicable,1,Daylight,1,Dry,0,None,88,Not Applicable,88,Not Applicable,0,None,88,Not Applicable,88,Not Applicable,2,Intersection,2,Four-Way Intersection,1,No,1,No,88,Not Applicable,88,Not Applicable,88,Not Applicable,88,Not Applicable,FALSE,1,Public Road,1,"Trafficway, On Road",CT0009300,New Haven PD,980,05:30.0,C,Closed,01:02.0,,,,,,,
1040117,1,Complete,1040117,1040117,41.330364,-72.98459,3534309,New Haven,93,93,New Haven,4/16/2023,2023,4,April,16,1,Sunday,10:51:00,10,23015118,A,"Injury of any type (Serious, Minor, Possible)",B,Suspected Minor Injury (B),2,0,0,3,State,5.33,243,243-E,243-E,SENECA RD,,,,,41.330364,-72.98459,14,Motor Vehicle in Operation,3,Angle,1,On Roadway,1,Clear,88,Not Applicable,1,Daylight,1,Dry,0,None,88,Not Applicable,88,Not Applicable,0,None,88,Not Applicable,88,Not Applicable,3,Intersection-Related,3,T-Intersection,1,No,1,No,88,Not Applicable,88,Not Applicable,88,Not Applicable,88,Not Applicable,FALSE,1,Public Road,1,"Trafficway, On Road",CT0009300,New Haven PD,62,57:46.0,C,Closed,01:02.0,,1,8300,4,MINOR ARTERIAL - NEW HPMS,1,Rural
1040637,1,Complete,1040637,1040637,41.305967,-72.92896,3534822,New Haven,93,93,New Haven,4/2/2023,2023,4,April,2,1,Sunday,3:30:00,3,23012881,A,"Injury of any type (Serious, Minor, Possible)",B,Suspected Minor Injury (B),2,1,0,4,Local,,117,COLLEGE ST,COLLEGE ST,,CHAPEL STREET,10,Feet,N,41.305967,-72.92896,14,Motor Vehicle in Operation,4,"Sideswipe, same direction",7,In Parking Lane or Zone,1,Clear,88,Not Applicable,4,Dark-Lighted,1,Dry,0,None,88,Not Applicable,88,Not Applicable,0,None,88,Not Applicable,88,Not Applicable,1,Non-Junction,1,Not at Intersection,1,No,1,No,88,Not Applicable,88,Not Applicable,88,Not Applicable,88,Not Applicable,FALSE,88,Not Applicable,4,Parking Lot,CT0009300,New Haven PD,44063,40:55.0,C,Closed,01:17.0,,,,,,,
1040640,1,Complete,1040640,1040640,41.303541,-72.923794,3534825,New Haven,93,93,New Haven,4/12/2023,2023,4,April,12,4,Wednesday,17:11:00,17,23014567,A,"Injury of any type (Serious, Minor, Possible)",C,Possible Injury (C),2,0,0,4,Local,1.45,575,STATE ST,STATE ST,CROWN ST,,,,,41.303541,-72.923794,14,Motor Vehicle in Operation,3,Angle,1,On Roadway,1,Clear,88,Not Applicable,1,Daylight,1,Dry,0,None,88,Not Applicable,88,Not Applicable,0,None,88,Not Applicable,88,Not Applicable,2,Intersection,2,Four-Way Intersection,1,No,1,No,88,Not Applicable,88,Not Applicable,88,Not Applicable,88,Not Applicable,FALSE,1,Public Road,1,"Trafficway, On Road",CT0009300,New Haven PD,42044,33:01.0,C,Closed,01:22.0,,,,,,,
1040643,1,Complete,1040643,1040643,41.3148393,-72.8917642,3534828,New Haven,93,93,New Haven,4/15/2023,2023,4,April,15,7,Saturday,4:22:00,4,23014971,A,"Injury of any type (Serious, Minor, Possible)",B,Suspected Minor Injury (B),2,0,0,4,Local,0.38,113,CLINTON AV,CLINTON AV,CHATHAM ST,,,,,41.3148393,-72.8917642,14,Motor Vehicle in Operation,3,Angle,1,On Roadway,1,Clear,88,Not Applicable,4,Dark-Lighted,1,Dry,0,None,88,Not Applicable,88,Not Applicable,0,None,88,Not Applicable,88,Not Applicable,2,Intersection,2,Four-Way Intersection,1,No,1,No,88,Not Applicable,88,Not Applicable,88,Not Applicable,88,Not Applicable,FALSE,1,Public Road,1,"Trafficway, On Road",CT0009300,New Haven PD,43690,22:15.0,C,Closed,01:18.0,,,,,,,
1040644,1,Complete,1040644,1040644,41.318577,-72.902989,3534829,New Haven,93,93,New Haven,4/16/2023,2023,4,April,16,1,Sunday,13:11:00,13,23015136,A,"Injury of any type (Serious, Minor, Possible)",C,Possible Injury (C),2,0,0,1,Interstate,0.32,91,91-N-141,91-N-141,WILLOW ST,,,,,41.318577,-72.902989,14,Motor Vehicle in Operation,1,Front to rear,1,On Roadway,1,Clear,88,Not Applicable,1,Daylight,1,Dry,0,None,88,Not Applicable,88,Not Applicable,0,None,88,Not Applicable,88,Not Applicable,2,Intersection,3,T-Intersection,1,No,1,No,88,Not Applicable,88,Not Applicable,88,Not Applicable,88,Not Applicable,FALSE,1,Public Road,1,"Trafficway, On Road",CT0009300,New Haven PD,87,01:16.0,C,Closed,01:21.0,,2,28800,1,INTERSTATE - NEW HPMS,2,Urban