CrashId,Fatal Case Status,Fatal Case Status Text Format,CrashId,CrashId,Latitude,Longitude,DOT Case Number,Town Name,Town Number,Town Number,Town Number Text Format,Date Of Crash,Year,Month,Month Text Format,Day,Day of the Week,Day of the Week Text Format,Time of Crash,Hour of the Day,Case Identifier,Crash Severity,Crash Severity Text Format,Most Severe Injury,Most Severe Injury Text Format,Number Of Motor Vehicles,Number Of Non-Motorist,Number Of Witnesses,Route Class,Route Class Text Format,Milemarker,Road Number,Road Description,Roadway Name,Intersecting Roadway Name,Landmark Description,Distance From Nearest Landmark,Unit Of Measure From Nearest Landmark,Direction From Nearest Landmark,Latitude,Longitude,First Harmful Event,First Harmful Event Text Format,Manner of Crash / Collision Impact,Manner of Crash / Collision Impact Text Format,Location of First Harmful Event,Location of First Harmful Event Text Format,Weather Condition,Weather Condition Text Format,Weather 2,Weather 2 Text Format,Light Condition,Light Condition Text Format,Road Surface Condition,Road Surface Condition Text Format,"Contributing Circumstances, Environment","Contributing Circumstances, Environment Text Format",Environment 2,Environment 2 Text Format,Environment 3,Environment 3 Text Format,"Contributing Circumstances, Road","Contributing Circumstances, Road Text Format",Road 2,Road 2 Text Format,Road 3,Road 3 Text Format,Crash Specific Location,Crash Specific Location Text Format,Type of Intersection,Type of Intersection Text Format,School Bus Related,School Bus Related Text Format,Work Zone Related,Work Zone Related Text Format,Location Of Crash Relative To Work Zone,Location Of Crash Relative To Work Zone Text Format,Type of Work Zone,Type of Work Zone Text Format,Worker Presence,Worker Presence Text Format,Law Enforcement Presence,Law Enforcement Presence Text Format,Were Vehicles Moved Prior To Police Arrival,Trafficway Ownership,Trafficway Ownership Text Format,Trafficway Class,Trafficway Class Text Format,Police Agency,Police Agency Text Format,Badge Number,Approval Date,Police Case Status,Police Case Status Text Format,Crash Report Submission Date,Related Case Identifiers,No. of Through Lanes (Log Dir.),Average Daily Traffic,Functional Classification,Functional Classification Text Format,Rural or Urban,Rural or Urban Text Format
1040647,1,Complete,1040647,1040647,41.31791,-72.94599,3534832,New Haven,93,93,New Haven,4/17/2023,2023,4,April,17,2,Monday,9:10:00,9,23015213,A,"Injury of any type (Serious, Minor, Possible)",C,Possible Injury (C),2,0,0,4,Local,0.17,653,WHALLEY AV,WHALLEY AV,NORTON ST,,,,,41.31791,-72.94599,14,Motor Vehicle in Operation,3,Angle,1,On Roadway,1,Clear,88,Not Applicable,1,Daylight,1,Dry,0,None,88,Not Applicable,88,Not Applicable,0,None,88,Not Applicable,88,Not Applicable,2,Intersection,2,Four-Way Intersection,1,No,1,No,88,Not Applicable,88,Not Applicable,88,Not Applicable,88,Not Applicable,FALSE,1,Public Road,1,"Trafficway, On Road",CT0009300,New Haven PD,238,21:58.0,C,Closed,01:19.0,,,,,,,
1040648,1,Complete,1040648,1040648,41.287792,-72.925389,3534833,New Haven,93,93,New Haven,4/17/2023,2023,4,April,17,2,Monday,11:18:00,11,23015252,A,"Injury of any type (Serious, Minor, Possible)",B,Suspected Minor Injury (B),2,0,0,4,Local,0.27,359,SARGENT DR,SARGENT DR,,LONG WHARF DRIVE,200,Feet,E,41.287792,-72.925389,14,Motor Vehicle in Operation,3,Angle,1,On Roadway,4,Rain,88,Not Applicable,1,Daylight,2,Wet,0,None,88,Not Applicable,88,Not Applicable,0,None,88,Not Applicable,88,Not Applicable,1,Non-Junction,1,Not at Intersection,1,No,1,No,88,Not Applicable,88,Not Applicable,88,Not Applicable,88,Not Applicable,FALSE,1,Public Road,1,"Trafficway, On Road",CT0009300,New Haven PD,476,24:16.0,C,Closed,01:23.0,,,,,,,
1040911,1,Complete,1040911,1040911,41.33149,-72.92552,3535096,New Haven,93,93,New Haven,4/10/2023,2023,4,April,10,2,Monday,10:56:00,10,23014100,A,"Injury of any type (Serious, Minor, Possible)",C,Possible Injury (C),2,0,1,4,Local,1.11,669,WINCHESTER AV,WINCHESTER AV,HUNTINGTON ST,,,,,41.33149,-72.92552,14,Motor Vehicle in Operation,4,"Sideswipe, same direction",1,On Roadway,1,Clear,88,Not Applicable,1,Daylight,1,Dry,0,None,88,Not Applicable,88,Not Applicable,0,None,88,Not Applicable,88,Not Applicable,2,Intersection,2,Four-Way Intersection,1,No,1,No,88,Not Applicable,88,Not Applicable,88,Not Applicable,88,Not Applicable,FALSE,1,Public Road,1,"Trafficway, On Road",CT0009300,New Haven PD,432,13:26.0,C,Closed,00:27.0,,,,,,,
1040912,1,Complete,1040912,1040912,41.30103415,-72.93649302,3535097,New Haven,93,93,New Haven,4/11/2023,2023,4,April,11,3,Tuesday,11:56:00,11,23014314,A,"Injury of any type (Serious, Minor, Possible)",B,Suspected Minor Injury (B),3,0,0,4,Local,0.63,123,CONGRESS AV,CONGRESS AV,VERNON ST,,,,,41.30103415,-72.93649302,14,Motor Vehicle in Operation,3,Angle,1,On Roadway,1,Clear,88,Not Applicable,1,Daylight,99,Unknown,0,None,88,Not Applicable,88,Not Applicable,0,None,88,Not Applicable,88,Not Applicable,2,Intersection,3,T-Intersection,1,No,1,No,88,Not Applicable,88,Not Applicable,88,Not Applicable,88,Not Applicable,FALSE,1,Public Road,1,"Trafficway, On Road",CT0009300,New Haven PD,301,47:59.0,C,Closed,00:31.0,,,,,,,
1040917,1,Complete,1040917,1040917,41.319055,-72.954031,3535102,New Haven,93,93,New Haven,4/17/2023,2023,4,April,17,2,Monday,11:43:00,11,23015255,A,"Injury of any type (Serious, Minor, Possible)",C,Possible Injury (C),2,0,0,4,Local,1.18,194,ELM ST NO 1,ELM ST NO 1,,HUNINGER ST,75,Feet,E,41.319055,-72.954031,14,Motor Vehicle in Operation,1,Front to rear,1,On Roadway,4,Rain,88,Not Applicable,1,Daylight,2,Wet,0,None,88,Not Applicable,88,Not Applicable,0,None,88,Not Applicable,88,Not Applicable,11,Through Roadway,1,Not at Intersection,1,No,1,No,88,Not Applicable,88,Not Applicable,88,Not Applicable,88,Not Applicable,FALSE,1,Public Road,1,"Trafficway, On Road",CT0009300,New Haven PD,359,48:37.0,C,Closed,00:28.0,,,,,,,
1040919,1,Complete,1040919,1040919,41.316994,-72.943769,3535104,New Haven,93,93,New Haven,4/17/2023,2023,4,April,17,2,Monday,18:42:00,18,23015317,A,"Injury of any type (Serious, Minor, Possible)",C,Possible Injury (C),1,1,1,4,Local,0.4,653,WHALLEY AV,WHALLEY AV,,SHERMAN AVE,394,Feet,E,41.316994,-72.943769,9,Pedestrian,88,Not Applicable,8,"Off Roadway,  Location Unknown",1,Clear,88,Not Applicable,1,Daylight,1,Dry,0,None,88,Not Applicable,88,Not Applicable,0,None,88,Not Applicable,88,Not Applicable,1,Non-Junction,1,Not at Intersection,1,No,1,No,88,Not Applicable,88,Not Applicable,88,Not Applicable,88,Not Applicable,FALSE,88,Not Applicable,3,Non-trafficway,CT0009300,New Haven PD,44175,22:32.0,C,Closed,00:32.0,,4,21100,3,PRINCIPAL ARTERIAL - OTHER - NEW HPMS,2,Urban
1041195,1,Complete,1041195,1041195,41.316898,-72.932924,3535380,New Haven,93,93,New Haven,4/13/2023,2023,4,April,13,5,Thursday,20:01:00,20,23014777,A,"Injury of any type (Serious, Minor, Possible)",C,Possible Injury (C),3,0,0,4,Local,0.3,631,WEBSTER ST,WEBSTER ST,,DIXWELL AVE,100,Feet,E,41.316898,-72.932924,14,Motor Vehicle in Operation,1,Front to rear,1,On Roadway,1,Clear,88,Not Applicable,4,Dark-Lighted,1,Dry,0,None,88,Not Applicable,88,Not Applicable,0,None,88,Not Applicable,88,Not Applicable,1,Non-Junction,1,Not at Intersection,1,No,1,No,88,Not Applicable,88,Not Applicable,88,Not Applicable,88,Not Applicable,FALSE,1,Public Road,1,"Trafficway, On Road",CT0009300,New Haven PD,504,49:55.0,C,Closed,01:55.0,,,,,,,
1041198,1,Complete,1041198,1041198,41.286089,-72.889934,3535383,New Haven,93,93,New Haven,4/16/2023,2023,4,April,16,1,Sunday,2:45:00,2,23015115,A,"Injury of any type (Serious, Minor, Possible)",C,Possible Injury (C),2,0,0,4,Local,0.09,317,HUNTINGTON AV,HUNTINGTON AV,,MAIN ST ANNEX,500,Feet,S,41.286089,-72.889934,14,Motor Vehicle in Operation,2,Front to front,4,Roadside,1,Clear,88,Not Applicable,4,Dark-Lighted,2,Wet,0,None,88,Not Applicable,88,Not Applicable,0,None,88,Not Applicable,88,Not Applicable,1,Non-Junction,1,Not at Intersection,1,No,1,No,88,Not Applicable,88,Not Applicable,88,Not Applicable,88,Not Applicable,FALSE,1,Public Road,2,"Trafficway, Not on Road",CT0009300,New Haven PD,40807,56:45.0,C,Closed,01:51.0,,,,,,,
1041200,1,Complete,1041200,1041200,41.304278,-72.920184,3535385,New Haven,93,93,New Haven,4/18/2023,2023,4,April,18,3,Tuesday,12:40:00,12,23015411,A,"Injury of any type (Serious, Minor, Possible)",C,Possible Injury (C),2,0,0,4,Local,1.45,97,CHAPEL ST,CHAPEL ST,OLIVE ST,,,,,41.304278,-72.920184,14,Motor Vehicle in Operation,1,Front to rear,1,On Roadway,1,Clear,88,Not Applicable,1,Daylight,1,Dry,99,Unknown,88,Not Applicable,88,Not Applicable,97,Other,88,Not Applicable,88,Not Applicable,2,Intersection,3,T-Intersection,1,No,1,No,88,Not Applicable,88,Not Applicable,88,Not Applicable,88,Not Applicable,FALSE,1,Public Road,1,"Trafficway, On Road",CT0009300,New Haven PD,240,09:01.0,C,Closed,01:51.0,,,,,,,
1041207,1,Complete,1041207,1041207,41.31264,-72.95038,3535392,New Haven,93,93,New Haven,4/19/2023,2023,4,April,19,4,Wednesday,20:27:00,20,23015661,A,"Injury of any type (Serious, Minor, Possible)",C,Possible Injury (C),2,0,0,4,Local,3.14,97,CHAPEL ST,CHAPEL ST,ELLSWORTH AV,,,,,41.31264,-72.95038,14,Motor Vehicle in Operation,1,Front to rear,1,On Roadway,1,Clear,88,Not Applicable,4,Dark-Lighted,1,Dry,0,None,88,Not Applicable,88,Not Applicable,0,None,88,Not Applicable,88,Not Applicable,2,Intersection,2,Four-Way Intersection,1,No,1,No,88,Not Applicable,88,Not Applicable,88,Not Applicable,88,Not Applicable,FALSE,1,Public Road,1,"Trafficway, On Road",CT0009300,New Haven PD,11439,25:16.0,C,Closed,01:56.0,,,,,,,
1041433,1,Complete,1041433,1041433,41.314132,-72.912118,3535618,New Haven,93,93,New Haven,4/15/2023,2023,4,April,15,7,Saturday,0:28:00,0,23014989,A,"Injury of any type (Serious, Minor, Possible)",C,Possible Injury (C),2,0,0,4,Local,0.47,575,STATE ST,STATE ST,HUMPHREY ST,,,,,41.314132,-72.912118,14,Motor Vehicle in Operation,3,Angle,1,On Roadway,99,Unknown,88,Not Applicable,4,Dark-Lighted,1,Dry,99,Unknown,88,Not Applicable,88,Not Applicable,0,None,88,Not Applicable,88,Not Applicable,2,Intersection,2,Four-Way Intersection,1,No,1,No,88,Not Applicable,88,Not Applicable,88,Not Applicable,88,Not Applicable,FALSE,1,Public Road,1,"Trafficway, On Road",CT0009300,New Haven PD,87,04:46.0,O,Open,00:45.0,,,,,,,
1041435,1,Complete,1041435,1041435,41.31954,-72.94987,3535620,New Haven,93,93,New Haven,4/17/2023,2023,4,April,17,2,Monday,17:58:00,17,23015323,A,"Injury of any type (Serious, Minor, Possible)",C,Possible Injury (C),2,0,0,3,State,2.93,10,10-N,10-N,BROWNELL ST,,,,,41.31954,-72.94987,14,Motor Vehicle in Operation,1,Front to rear,1,On Roadway,1,Clear,88,Not Applicable,1,Daylight,1,Dry,0,None,88,Not Applicable,88,Not Applicable,0,None,88,Not Applicable,88,Not Applicable,1,Non-Junction,1,Not at Intersection,1,No,1,No,88,Not Applicable,88,Not Applicable,88,Not Applicable,88,Not Applicable,FALSE,1,Public Road,1,"Trafficway, On Road",CT0009300,New Haven PD,44339,18:22.0,C,Closed,00:52.0,,1,10200,3,PRINCIPAL ARTERIAL - OTHER - NEW HPMS,1,Rural
1041438,1,Complete,1041438,1041438,41.3318,-72.86929,3535623,New Haven,93,93,New Haven,4/19/2023,2023,4,April,19,4,Wednesday,14:39:00,14,23015576,A,"Injury of any type (Serious, Minor, Possible)",B,Suspected Minor Injury (B),2,0,0,4,Local,0.21,132,CRANSTON ST,CRANSTON ST,PORTLAND ST,,,,,41.3318,-72.86929,14,Motor Vehicle in Operation,3,Angle,1,On Roadway,1,Clear,88,Not Applicable,1,Daylight,1,Dry,0,None,88,Not Applicable,88,Not Applicable,0,None,88,Not Applicable,88,Not Applicable,3,Intersection-Related,2,Four-Way Intersection,1,No,1,No,88,Not Applicable,88,Not Applicable,88,Not Applicable,88,Not Applicable,FALSE,1,Public Road,1,"Trafficway, On Road",CT0009300,New Haven PD,42366,02:55.0,C,Closed,00:44.0,,,,,,,
1041440,1,Complete,1041440,1041440,41.332477,-72.974889,3535625,New Haven,93,93,New Haven,4/20/2023,2023,4,April,20,5,Thursday,9:22:00,9,23015709,A,"Injury of any type (Serious, Minor, Possible)",C,Possible Injury (C),3,0,0,3,State,1.12,63,63-N,63-N,RAMSDELL ST,,,,,41.332477,-72.974889,14,Motor Vehicle in Operation,3,Angle,1,On Roadway,2,Cloudy,88,Not Applicable,1,Daylight,1,Dry,0,None,88,Not Applicable,88,Not Applicable,0,None,88,Not Applicable,88,Not Applicable,3,Intersection-Related,2,Four-Way Intersection,1,No,1,No,88,Not Applicable,88,Not Applicable,88,Not Applicable,88,Not Applicable,FALSE,1,Public Road,1,"Trafficway, On Road",CT0009300,New Haven PD,44952,09:54.0,C,Closed,00:50.0,,2,23000,3,PRINCIPAL ARTERIAL - OTHER - NEW HPMS,2,Urban
1041444,1,Complete,1041444,1041444,41.323888,-72.881957,3535629,New Haven,93,93,New Haven,4/20/2023,2023,4,April,20,5,Thursday,14:17:00,14,23015795,A,"Injury of any type (Serious, Minor, Possible)",C,Possible Injury (C),2,0,0,3,State,0,80,80-E,80-E,,MIDDLETOWN AVE,100,Feet,W,41.323888,-72.881957,14,Motor Vehicle in Operation,1,Front to rear,1,On Roadway,1,Clear,88,Not Applicable,1,Daylight,1,Dry,0,None,88,Not Applicable,88,Not Applicable,0,None,88,Not Applicable,88,Not Applicable,1,Non-Junction,1,Not at Intersection,1,No,1,No,88,Not Applicable,88,Not Applicable,88,Not Applicable,88,Not Applicable,FALSE,1,Public Road,1,"Trafficway, On Road",CT0009300,New Haven PD,42057,08:21.0,C,Closed,00:47.0,,2,32300,3,PRINCIPAL ARTERIAL - OTHER - NEW HPMS,2,Urban
1041815,1,Complete,1041815,1041815,41.31715,-72.91542,3536000,New Haven,93,93,New Haven,4/20/2023,2023,4,April,20,5,Thursday,12:00:00,12,23015749,A,"Injury of any type (Serious, Minor, Possible)",C,Possible Injury (C),2,0,0,4,Local,0.79,450,ORANGE ST NO 1,ORANGE ST NO 1,BISHOP ST,,,,,41.31715,-72.91542,14,Motor Vehicle in Operation,3,Angle,1,On Roadway,1,Clear,88,Not Applicable,1,Daylight,1,Dry,2,Visual Obstruction(s),88,Not Applicable,88,Not Applicable,0,None,88,Not Applicable,88,Not Applicable,2,Intersection,2,Four-Way Intersection,1,No,1,No,88,Not Applicable,88,Not Applicable,88,Not Applicable,88,Not Applicable,FALSE,1,Public Road,1,"Trafficway, On Road",CT0009300,New Haven PD,42044,06:30.0,C,Closed,00:11.0,,,,,,,
1041817,1,Complete,1041817,1041817,41.334319,-72.97128,3536002,New Haven,93,93,New Haven,4/20/2023,2023,4,April,20,5,Thursday,18:42:00,18,23015824,A,"Injury of any type (Serious, Minor, Possible)",C,Possible Injury (C),3,0,0,4,Local,0.24,170,EAST RAMSDELL ST,EAST RAMSDELL ST,,VALLEY ST.,60,Feet,S,41.334319,-72.97128,14,Motor Vehicle in Operation,1,Front to rear,4,Roadside,1,Clear,88,Not Applicable,1,Daylight,1,Dry,0,None,88,Not Applicable,88,Not Applicable,0,None,88,Not Applicable,88,Not Applicable,1,Non-Junction,1,Not at Intersection,1,No,1,No,88,Not Applicable,88,Not Applicable,88,Not Applicable,88,Not Applicable,FALSE,1,Public Road,1,"Trafficway, On Road",CT0009300,New Haven PD,44949,23:14.0,C,Closed,00:13.0,,,,,,,
1041821,1,Complete,1041821,1041821,41.317347,-72.944278,3536006,New Haven,93,93,New Haven,4/21/2023,2023,4,April,21,6,Friday,9:20:00,9,23015927,A,"Injury of any type (Serious, Minor, Possible)",C,Possible Injury (C),1,1,0,4,Local,0.26,653,WHALLEY AV,WHALLEY AV,WINTHROP AV NO 2,,,,,41.317347,-72.944278,9,Pedestrian,88,Not Applicable,1,On Roadway,1,Clear,88,Not Applicable,1,Daylight,1,Dry,0,None,88,Not Applicable,88,Not Applicable,0,None,88,Not Applicable,88,Not Applicable,3,Intersection-Related,2,Four-Way Intersection,1,No,1,No,88,Not Applicable,88,Not Applicable,88,Not Applicable,88,Not Applicable,FALSE,1,Public Road,1,"Trafficway, On Road",CT0009300,New Haven PD,238,13:39.0,C,Closed,00:09.0,,4,21100,3,PRINCIPAL ARTERIAL - OTHER - NEW HPMS,2,Urban
1041823,1,Complete,1041823,1041823,41.321495,-72.928896,3536008,New Haven,93,93,New Haven,4/21/2023,2023,4,April,21,6,Friday,9:58:00,9,23015948,A,"Injury of any type (Serious, Minor, Possible)",C,Possible Injury (C),2,0,0,4,Local,0.16,429,MUNSON ST,MUNSON ST,WINCHESTER AV,,,,,41.321495,-72.928896,14,Motor Vehicle in Operation,3,Angle,1,On Roadway,1,Clear,88,Not Applicable,1,Daylight,1,Dry,0,None,88,Not Applicable,88,Not Applicable,0,None,88,Not Applicable,88,Not Applicable,2,Intersection,2,Four-Way Intersection,1,No,1,No,88,Not Applicable,88,Not Applicable,88,Not Applicable,88,Not Applicable,FALSE,1,Public Road,1,"Trafficway, On Road",CT0009300,New Haven PD,87,28:39.0,C,Closed,00:10.0,,,,,,,
1041826,1,Complete,1041826,1041826,41.314317,-72.874415,3536011,New Haven,93,93,New Haven,4/21/2023,2023,4,April,21,6,Friday,12:53:00,12,23015971,A,"Injury of any type (Serious, Minor, Possible)",B,Suspected Minor Injury (B),2,0,0,4,Local,0.23,287,HEMINGWAY ST,HEMINGWAY ST,,RUSSELL ST,50,Feet,E,41.314317,-72.874415,14,Motor Vehicle in Operation,1,Front to rear,1,On Roadway,1,Clear,88,Not Applicable,1,Daylight,1,Dry,0,None,88,Not Applicable,88,Not Applicable,0,None,88,Not Applicable,88,Not Applicable,1,Non-Junction,1,Not at Intersection,1,No,1,No,88,Not Applicable,88,Not Applicable,88,Not Applicable,88,Not Applicable,FALSE,1,Public Road,1,"Trafficway, On Road",CT0009300,New Haven PD,416,29:00.0,C,Closed,00:09.0,,,,,,,
1041837,1,Complete,1041837,1041837,41.319244,-72.949306,3536022,New Haven,93,93,New Haven,4/21/2023,2023,4,April,21,6,Friday,21:46:00,21,23016058,A,"Injury of any type (Serious, Minor, Possible)",C,Possible Injury (C),2,0,0,3,State,2.86,10,10-N,10-N,ELLA T GRASSO BLVD NO 2,,,,,41.319244,-72.949306,14,Motor Vehicle in Operation,3,Angle,1,On Roadway,1,Clear,88,Not Applicable,6,Dark-Unknown Lighting,1,Dry,0,None,88,Not Applicable,88,Not Applicable,0,None,88,Not Applicable,88,Not Applicable,2,Intersection,2,Four-Way Intersection,1,No,1,No,88,Not Applicable,88,Not Applicable,88,Not Applicable,88,Not Applicable,FALSE,1,Public Road,1,"Trafficway, On Road",CT0009300,New Haven PD,44947,21:38.0,O,Open,00:25.0,,1,10200,3,PRINCIPAL ARTERIAL - OTHER - NEW HPMS,1,Rural
1041838,1,Complete,1041838,1041838,41.285269,-72.9308,3536023,New Haven,93,93,New Haven,4/21/2023,2023,4,April,21,6,Friday,22:49:00,22,23016066,A,"Injury of any type (Serious, Minor, Possible)",C,Possible Injury (C),2,0,0,4,Local,0.07,215,FIFTH ST,FIFTH ST,HOWARD AV,,,,,41.285269,-72.9308,14,Motor Vehicle in Operation,3,Angle,1,On Roadway,1,Clear,88,Not Applicable,4,Dark-Lighted,1,Dry,0,None,88,Not Applicable,88,Not Applicable,0,None,88,Not Applicable,88,Not Applicable,2,Intersection,2,Four-Way Intersection,1,No,1,No,88,Not Applicable,88,Not Applicable,88,Not Applicable,88,Not Applicable,FALSE,1,Public Road,1,"Trafficway, On Road",CT0009300,New Haven PD,293,31:10.0,C,Closed,00:17.0,,,,,,,
1041840,1,Complete,1041840,1041840,41.310532,-72.929523,3536025,New Haven,93,93,New Haven,4/22/2023,2023,4,April,22,7,Saturday,5:24:00,5,23016094,A,"Injury of any type (Serious, Minor, Possible)",B,Suspected Minor Injury (B),2,0,0,4,Local,0.23,726,ELM ST NO 2,ELM ST NO 2,,YORK ST,136,Feet,S,41.310532,-72.929523,14,Motor Vehicle in Operation,4,"Sideswipe, same direction",2,Shoulder,1,Clear,88,Not Applicable,4,Dark-Lighted,1,Dry,0,None,88,Not Applicable,88,Not Applicable,0,None,88,Not Applicable,88,Not Applicable,2,Intersection,2,Four-Way Intersection,1,No,1,No,88,Not Applicable,88,Not Applicable,88,Not Applicable,88,Not Applicable,FALSE,1,Public Road,1,"Trafficway, On Road",CT0009300,New Haven PD,44046,56:00.0,C,Closed,00:20.0,,,,,,,
1041845,1,Complete,1041845,1041845,41.324556,-72.963354,3536030,New Haven,93,93,New Haven,4/22/2023,2023,4,April,22,7,Saturday,12:55:00,12,23016134,A,"Injury of any type (Serious, Minor, Possible)",C,Possible Injury (C),2,0,0,4,Local,0.28,662,WILLARD ST,WILLARD ST,ALDEN AV,,,,,41.324556,-72.963354,14,Motor Vehicle in Operation,3,Angle,1,On Roadway,1,Clear,88,Not Applicable,1,Daylight,1,Dry,0,None,88,Not Applicable,88,Not Applicable,0,None,88,Not Applicable,88,Not Applicable,2,Intersection,2,Four-Way Intersection,1,No,1,No,88,Not Applicable,88,Not Applicable,88,Not Applicable,88,Not Applicable,FALSE,1,Public Road,1,"Trafficway, On Road",CT0009300,New Haven PD,62,54:00.0,C,Closed,00:20.0,,,,,,,
1041851,1,Complete,1041851,1041851,41.316707,-72.942447,3536036,New Haven,93,93,New Haven,4/23/2023,2023,4,April,23,1,Sunday,1:44:00,1,23016194,A,"Injury of any type (Serious, Minor, Possible)",B,Suspected Minor Injury (B),1,1,1,4,Local,0.38,653,WHALLEY AV,WHALLEY AV,SHERMAN AV,,,,,41.316707,-72.942447,9,Pedestrian,88,Not Applicable,1,On Roadway,4,Rain,88,Not Applicable,4,Dark-Lighted,2,Wet,1,Weather Conditions,88,Not Applicable,88,Not Applicable,0,None,88,Not Applicable,88,Not Applicable,2,Intersection,2,Four-Way Intersection,1,No,1,No,88,Not Applicable,88,Not Applicable,88,Not Applicable,88,Not Applicable,FALSE,1,Public Road,1,"Trafficway, On Road",CT0009300,New Haven PD,44046,01:01.0,C,Closed,00:26.0,,2,21100,3,PRINCIPAL ARTERIAL - OTHER - NEW HPMS,2,Urban
1041852,1,Complete,1041852,1041852,41.300838,-72.918376,3536037,New Haven,93,93,New Haven,4/23/2023,2023,4,April,23,1,Sunday,5:24:00,5,23016206,A,"Injury of any type (Serious, Minor, Possible)",C,Possible Injury (C),2,0,0,4,Local,0,692,BREWERY ST,BREWERY ST,1-N,,,,,41.300838,-72.918376,14,Motor Vehicle in Operation,5,"Sideswipe, opposite direction",1,On Roadway,4,Rain,88,Not Applicable,2,Dawn,2,Wet,0,None,88,Not Applicable,88,Not Applicable,0,None,88,Not Applicable,88,Not Applicable,2,Intersection,3,T-Intersection,1,No,1,No,88,Not Applicable,88,Not Applicable,88,Not Applicable,88,Not Applicable,FALSE,1,Public Road,1,"Trafficway, On Road",CT0009300,New Haven PD,42366,09:38.0,O,Open,00:27.0,,,,,,,
1041853,1,Complete,1041853,1041853,41.328104,-72.914962,3536038,New Haven,93,93,New Haven,4/23/2023,2023,4,April,23,1,Sunday,1:50:00,1,23016212,A,"Injury of any type (Serious, Minor, Possible)",C,Possible Injury (C),2,0,0,4,Local,1.29,656,WHITNEY AV,WHITNEY AV,HIGHLAND ST,,,,,41.328104,-72.914962,14,Motor Vehicle in Operation,3,Angle,1,On Roadway,4,Rain,88,Not Applicable,4,Dark-Lighted,2,Wet,99,Unknown,88,Not Applicable,88,Not Applicable,0,None,88,Not Applicable,88,Not Applicable,2,Intersection,3,T-Intersection,1,No,1,No,88,Not Applicable,88,Not Applicable,88,Not Applicable,88,Not Applicable,FALSE,1,Public Road,1,"Trafficway, On Road",CT0009300,New Haven PD,32,51:18.0,O,Open,00:27.0,,,,,,,
1041862,1,Complete,1041862,1041862,41.313491,-72.913027,3536047,New Haven,93,93,New Haven,4/23/2023,2023,4,April,23,1,Sunday,21:49:00,21,23016277,A,"Injury of any type (Serious, Minor, Possible)",A,Suspected Serious Injury (A),2,0,0,4,Local,0.54,575,STATE ST,STATE ST,CLARK ST,,,,,41.313491,-72.913027,14,Motor Vehicle in Operation,3,Angle,1,On Roadway,1,Clear,88,Not Applicable,4,Dark-Lighted,1,Dry,0,None,88,Not Applicable,88,Not Applicable,0,None,88,Not Applicable,88,Not Applicable,3,Intersection-Related,3,T-Intersection,1,No,1,No,88,Not Applicable,88,Not Applicable,88,Not Applicable,88,Not Applicable,FALSE,1,Public Road,1,"Trafficway, On Road",CT0009300,New Haven PD,44948,07:31.0,C,Closed,00:31.0,NONE,,,,,,
1042484,1,Complete,1042484,1042484,41.318739,-72.89963,3536669,New Haven,93,93,New Haven,4/21/2023,2023,4,April,21,6,Friday,19:50:00,19,23016046,A,"Injury of any type (Serious, Minor, Possible)",C,Possible Injury (C),2,0,0,4,Local,0,623,WARREN PL,WARREN PL,State St,,,,,41.318739,-72.89963,14,Motor Vehicle in Operation,2,Front to front,1,On Roadway,1,Clear,88,Not Applicable,4,Dark-Lighted,1,Dry,0,None,88,Not Applicable,88,Not Applicable,0,None,88,Not Applicable,88,Not Applicable,2,Intersection,3,T-Intersection,1,No,1,No,88,Not Applicable,88,Not Applicable,88,Not Applicable,88,Not Applicable,FALSE,1,Public Road,1,"Trafficway, On Road",CT0009300,New Haven PD,42057,56:23.0,C,Closed,00:14.0,,,,,,,
1042486,1,Complete,1042486,1042486,41.290106,-72.940185,3536671,New Haven,93,93,New Haven,4/24/2023,2023,4,April,24,2,Monday,2:32:00,2,23016294,A,"Injury of any type (Serious, Minor, Possible)",B,Suspected Minor Injury (B),1,1,0,4,Local,0.01,350,LAMBERTON ST,LAMBERTON ST,,ELLA T GRASSO BLVD,50,Feet,E,41.290106,-72.940185,9,Pedestrian,88,Not Applicable,1,On Roadway,1,Clear,88,Not Applicable,4,Dark-Lighted,1,Dry,0,None,88,Not Applicable,88,Not Applicable,0,None,88,Not Applicable,88,Not Applicable,1,Non-Junction,1,Not at Intersection,1,No,1,No,88,Not Applicable,88,Not Applicable,88,Not Applicable,88,Not Applicable,FALSE,1,Public Road,1,"Trafficway, On Road",CT0009300,New Haven PD,476,26:09.0,C,Closed,00:10.0,,4,5348,7,LOCAL - NEW HPMS,2,Urban
1042487,1,Complete,1042487,1042487,41.33189,-72.92755,3536672,New Haven,93,93,New Haven,4/24/2023,2023,4,April,24,2,Monday,8:11:00,8,23016305,A,"Injury of any type (Serious, Minor, Possible)",C,Possible Injury (C),2,0,0,4,Local,0.72,319,HUNTINGTON ST,HUNTINGTON ST,NEWHALL ST,,,,,41.33189,-72.92755,14,Motor Vehicle in Operation,3,Angle,1,On Roadway,1,Clear,88,Not Applicable,1,Daylight,1,Dry,0,None,88,Not Applicable,88,Not Applicable,0,None,88,Not Applicable,88,Not Applicable,2,Intersection,2,Four-Way Intersection,1,No,1,No,88,Not Applicable,88,Not Applicable,88,Not Applicable,88,Not Applicable,FALSE,1,Public Road,1,"Trafficway, On Road",CT0009300,New Haven PD,991,55:59.0,C,Closed,00:12.0,,,,,,,
1042489,1,Complete,1042489,1042489,41.322594,-72.878519,3536674,New Haven,93,93,New Haven,4/24/2023,2023,4,April,24,2,Monday,11:17:00,11,23016347,A,"Injury of any type (Serious, Minor, Possible)",C,Possible Injury (C),2,0,0,3,State,0.18,80,80-E,80-E,,MIDDLETOWN AVE,950,Feet,E,41.322594,-72.878519,14,Motor Vehicle in Operation,3,Angle,1,On Roadway,1,Clear,88,Not Applicable,1,Daylight,1,Dry,0,None,88,Not Applicable,88,Not Applicable,0,None,88,Not Applicable,88,Not Applicable,8,Driveway Access,1,Not at Intersection,1,No,1,No,88,Not Applicable,88,Not Applicable,88,Not Applicable,88,Not Applicable,TRUE,1,Public Road,1,"Trafficway, On Road",CT0009300,New Haven PD,44046,28:53.0,C,Closed,00:17.0,,3,32300,3,PRINCIPAL ARTERIAL - OTHER - NEW HPMS,2,Urban