CrashId,Fatal Case Status,Fatal Case Status Text Format,CrashId,CrashId,Latitude,Longitude,DOT Case Number,Town Name,Town Number,Town Number,Town Number Text Format,Date Of Crash,Year,Month,Month Text Format,Day,Day of the Week,Day of the Week Text Format,Time of Crash,Hour of the Day,Case Identifier,Crash Severity,Crash Severity Text Format,Most Severe Injury,Most Severe Injury Text Format,Number Of Motor Vehicles,Number Of Non-Motorist,Number Of Witnesses,Route Class,Route Class Text Format,Milemarker,Road Number,Road Description,Roadway Name,Intersecting Roadway Name,Landmark Description,Distance From Nearest Landmark,Unit Of Measure From Nearest Landmark,Direction From Nearest Landmark,Latitude,Longitude,First Harmful Event,First Harmful Event Text Format,Manner of Crash / Collision Impact,Manner of Crash / Collision Impact Text Format,Location of First Harmful Event,Location of First Harmful Event Text Format,Weather Condition,Weather Condition Text Format,Weather 2,Weather 2 Text Format,Light Condition,Light Condition Text Format,Road Surface Condition,Road Surface Condition Text Format,"Contributing Circumstances, Environment","Contributing Circumstances, Environment Text Format",Environment 2,Environment 2 Text Format,Environment 3,Environment 3 Text Format,"Contributing Circumstances, Road","Contributing Circumstances, Road Text Format",Road 2,Road 2 Text Format,Road 3,Road 3 Text Format,Crash Specific Location,Crash Specific Location Text Format,Type of Intersection,Type of Intersection Text Format,School Bus Related,School Bus Related Text Format,Work Zone Related,Work Zone Related Text Format,Location Of Crash Relative To Work Zone,Location Of Crash Relative To Work Zone Text Format,Type of Work Zone,Type of Work Zone Text Format,Worker Presence,Worker Presence Text Format,Law Enforcement Presence,Law Enforcement Presence Text Format,Were Vehicles Moved Prior To Police Arrival,Trafficway Ownership,Trafficway Ownership Text Format,Trafficway Class,Trafficway Class Text Format,Police Agency,Police Agency Text Format,Badge Number,Approval Date,Police Case Status,Police Case Status Text Format,Crash Report Submission Date,Related Case Identifiers,No. of Through Lanes (Log Dir.),Average Daily Traffic,Functional Classification,Functional Classification Text Format,Rural or Urban,Rural or Urban Text Format
1042494,1,Complete,1042494,1042494,41.320509,-72.872545,3536679,New Haven,93,93,New Haven,4/24/2023,2023,4,April,24,2,Monday,17:50:00,17,23016418,A,"Injury of any type (Serious, Minor, Possible)",C,Possible Injury (C),2,0,0,3,State,0.52,80,80-E,80-E,,EASTERN ST,200,Feet,W,41.320509,-72.872545,14,Motor Vehicle in Operation,3,Angle,1,On Roadway,1,Clear,88,Not Applicable,1,Daylight,1,Dry,0,None,88,Not Applicable,88,Not Applicable,0,None,88,Not Applicable,88,Not Applicable,8,Driveway Access,1,Not at Intersection,1,No,1,No,88,Not Applicable,88,Not Applicable,88,Not Applicable,88,Not Applicable,FALSE,1,Public Road,1,"Trafficway, On Road",CT0009300,New Haven PD,409,38:06.0,C,Closed,00:16.0,,2,32300,3,PRINCIPAL ARTERIAL - OTHER - NEW HPMS,2,Urban
1042967,1,Complete,1042967,1042967,41.317743,-72.897629,3537152,New Haven,93,93,New Haven,4/20/2023,2023,4,April,20,5,Thursday,17:43:00,17,23015844,A,"Injury of any type (Serious, Minor, Possible)",C,Possible Injury (C),2,0,0,1,Interstate,0,91,91-N-14,FERRY ST,91-N-14,,,,N,41.317743,-72.897629,14,Motor Vehicle in Operation,3,Angle,1,On Roadway,1,Clear,88,Not Applicable,1,Daylight,1,Dry,0,None,88,Not Applicable,88,Not Applicable,0,None,88,Not Applicable,88,Not Applicable,2,Intersection,3,T-Intersection,1,No,1,No,88,Not Applicable,88,Not Applicable,88,Not Applicable,88,Not Applicable,FALSE,1,Public Road,1,"Trafficway, On Road",CT0009300,New Haven PD,223,25:34.0,C,Closed,00:53.0,,2,28800,1,INTERSTATE - NEW HPMS,2,Urban
1042968,1,Complete,1042968,1042968,41.333555,-72.95627,3537153,New Haven,93,93,New Haven,4/22/2023,2023,4,April,22,7,Saturday,20:32:00,20,23016175,A,"Injury of any type (Serious, Minor, Possible)",C,Possible Injury (C),1,0,0,4,Local,0.35,572,SPRINGSIDE AV,SPRINGSIDE AV,,HARD ST,1,TenthsofMile,N,41.333555,-72.95627,33,Utility Pole/Light Support,88,Not Applicable,4,Roadside,1,Clear,88,Not Applicable,5,Dark-Not Lighted,1,Dry,0,None,88,Not Applicable,88,Not Applicable,0,None,88,Not Applicable,88,Not Applicable,1,Non-Junction,1,Not at Intersection,1,No,1,No,88,Not Applicable,88,Not Applicable,88,Not Applicable,88,Not Applicable,FALSE,1,Public Road,1,"Trafficway, On Road",CT0009300,New Haven PD,55,29:46.0,C,Closed,00:56.0,,2,4266,7,LOCAL - NEW HPMS,2,Urban
1042970,1,Complete,1042970,1042970,41.334194,-72.924917,3537155,New Haven,93,93,New Haven,4/24/2023,2023,4,April,24,2,Monday,6:30:00,6,23016300,A,"Injury of any type (Serious, Minor, Possible)",C,Possible Injury (C),2,0,0,4,Local,1.3,669,WINCHESTER AV,WINCHESTER AV,,LANDER ST,100,Feet,N,41.334194,-72.924917,14,Motor Vehicle in Operation,3,Angle,1,On Roadway,1,Clear,88,Not Applicable,1,Daylight,1,Dry,2,Visual Obstruction(s),88,Not Applicable,88,Not Applicable,0,None,88,Not Applicable,88,Not Applicable,1,Non-Junction,1,Not at Intersection,1,No,1,No,88,Not Applicable,88,Not Applicable,88,Not Applicable,88,Not Applicable,FALSE,1,Public Road,1,"Trafficway, On Road",CT0009300,New Haven PD,42053,26:57.0,C,Closed,00:53.0,,,,,,,
1042974,1,Complete,1042974,1042974,41.30859,-72.900998,3537159,New Haven,93,93,New Haven,4/25/2023,2023,4,April,25,3,Tuesday,12:36:00,12,23016536,A,"Injury of any type (Serious, Minor, Possible)",C,Possible Injury (C),2,0,0,4,Local,0.8,264,GRAND AV,GRAND AV,LLOYD ST,,,,,41.30859,-72.900998,14,Motor Vehicle in Operation,1,Front to rear,1,On Roadway,1,Clear,88,Not Applicable,1,Daylight,1,Dry,0,None,88,Not Applicable,88,Not Applicable,0,None,88,Not Applicable,88,Not Applicable,2,Intersection,2,Four-Way Intersection,1,No,1,No,88,Not Applicable,88,Not Applicable,88,Not Applicable,88,Not Applicable,FALSE,1,Public Road,1,"Trafficway, On Road",CT0009300,New Haven PD,44060,29:52.0,C,Closed,00:55.0,,,,,,,
1042976,1,Complete,1042976,1042976,41.307075,-72.93845,3537161,New Haven,93,93,New Haven,4/25/2023,2023,4,April,25,3,Tuesday,20:28:00,20,23016567,A,"Injury of any type (Serious, Minor, Possible)",C,Possible Injury (C),2,0,0,4,Local,0.81,809,REV DR MLK JR BLVD,REV DR MLK JR BLVD,,DWIGHT ST,100,Feet,E,41.307075,-72.93845,14,Motor Vehicle in Operation,1,Front to rear,1,On Roadway,1,Clear,88,Not Applicable,1,Daylight,1,Dry,0,None,88,Not Applicable,88,Not Applicable,0,None,88,Not Applicable,88,Not Applicable,1,Non-Junction,1,Not at Intersection,1,No,1,No,88,Not Applicable,88,Not Applicable,88,Not Applicable,88,Not Applicable,FALSE,1,Public Road,1,"Trafficway, On Road",CT0009300,New Haven PD,44055,50:48.0,C,Closed,00:58.0,,,,,,,
1043327,1,Complete,1043327,1043327,41.320041,-72.871748,3537512,New Haven,93,93,New Haven,4/26/2023,2023,4,April,26,4,Wednesday,9:37:00,9,23016678,A,"Injury of any type (Serious, Minor, Possible)",C,Possible Injury (C),2,0,0,4,Local,0.93,167,EASTERN ST,EASTERN ST,RT 80,,,,,41.320041,-72.871748,14,Motor Vehicle in Operation,1,Front to rear,1,On Roadway,1,Clear,88,Not Applicable,1,Daylight,1,Dry,0,None,88,Not Applicable,88,Not Applicable,0,None,88,Not Applicable,88,Not Applicable,2,Intersection,2,Four-Way Intersection,1,No,1,No,88,Not Applicable,88,Not Applicable,88,Not Applicable,88,Not Applicable,FALSE,1,Public Road,1,"Trafficway, On Road",CT0009300,New Haven PD,316,11:19.0,C,Closed,01:46.0,,,,,,,
1043333,1,Complete,1043333,1043333,41.334896,-72.930396,3537518,New Haven,93,93,New Haven,4/26/2023,2023,4,April,26,4,Wednesday,21:23:00,21,23016883,A,"Injury of any type (Serious, Minor, Possible)",B,Suspected Minor Injury (B),2,1,0,4,Local,0.18,552,SHELTON AV,SHELTON AV,,GOODRICH ST,100,Feet,S,41.334896,-72.930396,9,Pedestrian,4,"Sideswipe, same direction",1,On Roadway,1,Clear,88,Not Applicable,4,Dark-Lighted,1,Dry,0,None,88,Not Applicable,88,Not Applicable,0,None,88,Not Applicable,88,Not Applicable,1,Non-Junction,1,Not at Intersection,1,No,1,No,88,Not Applicable,88,Not Applicable,88,Not Applicable,88,Not Applicable,FALSE,1,Public Road,1,"Trafficway, On Road",CT0009300,New Haven PD,41103,42:07.0,C,Closed,01:50.0,,,,,,,
1043605,1,Complete,1043605,1043605,41.3054979,-72.95257227,3537790,New Haven,93,93,New Haven,3/19/2023,2023,3,March,19,1,Sunday,9:24:00,9,23010951,A,"Injury of any type (Serious, Minor, Possible)",B,Suspected Minor Injury (B),2,0,1,3,State,1.87,10,10-N,10-N,LEGION AV-RT 34,,,,,41.3054979,-72.95257227,14,Motor Vehicle in Operation,3,Angle,1,On Roadway,1,Clear,88,Not Applicable,1,Daylight,1,Dry,0,None,88,Not Applicable,88,Not Applicable,0,None,88,Not Applicable,88,Not Applicable,2,Intersection,3,T-Intersection,1,No,1,No,88,Not Applicable,88,Not Applicable,88,Not Applicable,88,Not Applicable,FALSE,1,Public Road,1,"Trafficway, On Road",CT0009300,New Haven PD,301,37:25.0,O,Open,00:42.0,,2,20800,3,PRINCIPAL ARTERIAL - OTHER - NEW HPMS,2,Urban
1043607,1,Complete,1043607,1043607,41.306581,-72.95281,3537792,New Haven,93,93,New Haven,4/21/2023,2023,4,April,21,6,Friday,10:11:00,10,23015946,A,"Injury of any type (Serious, Minor, Possible)",C,Possible Injury (C),2,0,0,3,State,2.13,10,10-N,10-N,REV DR MARTIN LUTHER KING JR BLVD,,,,,41.306581,-72.95281,14,Motor Vehicle in Operation,3,Angle,1,On Roadway,1,Clear,88,Not Applicable,1,Daylight,1,Dry,0,None,88,Not Applicable,88,Not Applicable,0,None,88,Not Applicable,88,Not Applicable,2,Intersection,3,T-Intersection,1,No,1,No,88,Not Applicable,88,Not Applicable,88,Not Applicable,88,Not Applicable,FALSE,1,Public Road,1,"Trafficway, On Road",CT0009300,New Haven PD,91,15:23.0,C,Closed,00:42.0,,2,24500,3,PRINCIPAL ARTERIAL - OTHER - NEW HPMS,2,Urban
1043613,1,Complete,1043613,1043613,41.327482,-72.935204,3537798,New Haven,93,93,New Haven,4/27/2023,2023,4,April,27,5,Thursday,14:20:00,14,23016944,A,"Injury of any type (Serious, Minor, Possible)",C,Possible Injury (C),3,0,0,4,Local,1.04,152,DIXWELL AV,DIXWELL AV,HARDING PL,,,,,41.327482,-72.935204,14,Motor Vehicle in Operation,1,Front to rear,1,On Roadway,2,Cloudy,88,Not Applicable,1,Daylight,2,Wet,0,None,88,Not Applicable,88,Not Applicable,0,None,88,Not Applicable,88,Not Applicable,1,Non-Junction,1,Not at Intersection,1,No,1,No,88,Not Applicable,88,Not Applicable,88,Not Applicable,88,Not Applicable,FALSE,1,Public Road,1,"Trafficway, On Road",CT0009300,New Haven PD,40951,25:15.0,C,Closed,00:43.0,,,,,,,
1043617,1,Complete,1043617,1043617,41.32465,-72.91651,3537802,New Haven,93,93,New Haven,4/27/2023,2023,4,April,27,5,Thursday,19:20:00,19,23017016,A,"Injury of any type (Serious, Minor, Possible)",C,Possible Injury (C),2,0,0,4,Local,0.34,83,CANNER ST,CANNER ST,WHITNEY AVE,,,,,41.32465,-72.91651,14,Motor Vehicle in Operation,5,"Sideswipe, opposite direction",1,On Roadway,1,Clear,88,Not Applicable,1,Daylight,1,Dry,0,None,88,Not Applicable,88,Not Applicable,0,None,88,Not Applicable,88,Not Applicable,2,Intersection,2,Four-Way Intersection,1,No,1,No,88,Not Applicable,88,Not Applicable,88,Not Applicable,88,Not Applicable,TRUE,1,Public Road,1,"Trafficway, On Road",CT0009300,New Haven PD,42052,24:40.0,C,Closed,00:45.0,,,,,,,
1045265,1,Complete,1045265,1045265,41.31352,-72.92854,3539450,New Haven,93,93,New Haven,4/3/2023,2023,4,April,3,2,Monday,11:19:00,11,23013049,A,"Injury of any type (Serious, Minor, Possible)",C,Possible Injury (C),2,0,0,4,Local,0.4,736,ASHMUN ST NO 2,ASHMUN ST NO 2,,TOWER PKWY,25,Feet,N,41.31352,-72.92854,39,"Other Fixed Object (wall, building, tunnel, etc.)",5,"Sideswipe, opposite direction",1,On Roadway,1,Clear,88,Not Applicable,1,Daylight,1,Dry,0,None,88,Not Applicable,88,Not Applicable,0,None,88,Not Applicable,88,Not Applicable,11,Through Roadway,1,Not at Intersection,1,No,1,No,88,Not Applicable,88,Not Applicable,88,Not Applicable,88,Not Applicable,FALSE,1,Public Road,1,"Trafficway, On Road",CT0009300,New Haven PD,991,41:05.0,C,Closed,34:04.0,,,,,,,
1045266,1,Complete,1045266,1045266,41.320791,-72.935782,3539451,New Haven,93,93,New Haven,4/10/2023,2023,4,April,10,2,Monday,12:37:00,12,23014120,A,"Injury of any type (Serious, Minor, Possible)",C,Possible Injury (C),1,2,0,4,Local,0.18,289,HENRY ST,HENRY ST,,ORCHARD ST,20,Feet,W,41.320791,-72.935782,39,"Other Fixed Object (wall, building, tunnel, etc.)",88,Not Applicable,9,Outside Right-of-Way (trafficway),1,Clear,88,Not Applicable,1,Daylight,1,Dry,0,None,88,Not Applicable,88,Not Applicable,0,None,88,Not Applicable,88,Not Applicable,1,Non-Junction,1,Not at Intersection,1,No,1,No,88,Not Applicable,88,Not Applicable,88,Not Applicable,88,Not Applicable,FALSE,1,Public Road,1,"Trafficway, On Road",CT0009300,New Haven PD,44339,38:58.0,C,Closed,33:32.0,,2,6200,5,MAJOR COLLECTOR - NEW HPMS,2,Urban
1045268,1,Complete,1045268,1045268,41.33217972,-72.92895747,3539453,New Haven,93,93,New Haven,4/13/2023,2023,4,April,13,5,Thursday,13:24:00,13,23014669,A,"Injury of any type (Serious, Minor, Possible)",C,Possible Injury (C),1,1,0,4,Local,0.18,554,SHEPARD ST,SHEPARD ST,HUNTINGTON ST,,,,,41.33217972,-72.92895747,9,Pedestrian,88,Not Applicable,1,On Roadway,1,Clear,88,Not Applicable,1,Daylight,1,Dry,0,None,88,Not Applicable,88,Not Applicable,0,None,88,Not Applicable,88,Not Applicable,2,Intersection,2,Four-Way Intersection,1,No,1,No,88,Not Applicable,88,Not Applicable,88,Not Applicable,88,Not Applicable,FALSE,1,Public Road,1,"Trafficway, On Road",CT0009300,New Haven PD,293,11:26.0,C,Closed,33:17.0,,2,1536,7,LOCAL - NEW HPMS,2,Urban
1045269,1,Complete,1045269,1045269,41.33088,-72.97261,3539454,New Haven,93,93,New Haven,4/17/2023,2023,4,April,17,2,Monday,18:42:00,18,23015338,A,"Injury of any type (Serious, Minor, Possible)",C,Possible Injury (C),3,0,0,3,State,0.95,63,63-N,63-N,,DAVIS ST,30,Feet,E,41.33088,-72.97261,14,Motor Vehicle in Operation,4,"Sideswipe, same direction",1,On Roadway,1,Clear,88,Not Applicable,1,Daylight,1,Dry,0,None,88,Not Applicable,88,Not Applicable,0,None,88,Not Applicable,88,Not Applicable,1,Non-Junction,1,Not at Intersection,1,No,1,No,88,Not Applicable,88,Not Applicable,88,Not Applicable,88,Not Applicable,FALSE,1,Public Road,1,"Trafficway, On Road",CT0009300,New Haven PD,44339,01:54.0,C,Closed,33:39.0,,2,23000,3,PRINCIPAL ARTERIAL - OTHER - NEW HPMS,2,Urban
1045275,1,Complete,1045275,1045275,41.31486,-72.95101,3539460,New Haven,93,93,New Haven,4/22/2023,2023,4,April,22,7,Saturday,2:00:00,2,23016087,A,"Injury of any type (Serious, Minor, Possible)",C,Possible Injury (C),2,0,0,3,State,2.56,10,10-N,10-N,EDGEWOOD AV,,,,,41.31486,-72.95101,14,Motor Vehicle in Operation,1,Front to rear,1,On Roadway,4,Rain,88,Not Applicable,4,Dark-Lighted,2,Wet,0,None,88,Not Applicable,88,Not Applicable,0,None,88,Not Applicable,88,Not Applicable,2,Intersection,2,Four-Way Intersection,1,No,1,No,88,Not Applicable,88,Not Applicable,88,Not Applicable,88,Not Applicable,FALSE,1,Public Road,1,"Trafficway, On Road",CT0009300,New Haven PD,503,53:12.0,C,Closed,33:30.0,,1,19800,3,PRINCIPAL ARTERIAL - OTHER - NEW HPMS,1,Rural
1045283,1,Complete,1045283,1045283,41.30656238,-72.92700885,3539468,New Haven,93,93,New Haven,4/26/2023,2023,4,April,26,4,Wednesday,18:18:00,18,23016862,A,"Injury of any type (Serious, Minor, Possible)",C,Possible Injury (C),1,1,1,4,Local,0.57,588,TEMPLE ST,TEMPLE ST,CHAPEL ST,,,,,41.30656238,-72.92700885,9,Pedestrian,88,Not Applicable,1,On Roadway,1,Clear,88,Not Applicable,1,Daylight,1,Dry,0,None,88,Not Applicable,88,Not Applicable,0,None,88,Not Applicable,88,Not Applicable,3,Intersection-Related,2,Four-Way Intersection,1,No,1,No,88,Not Applicable,88,Not Applicable,88,Not Applicable,88,Not Applicable,TRUE,1,Public Road,1,"Trafficway, On Road",CT0009300,New Haven PD,263,40:50.0,C,Closed,33:20.0,,4,5200,3,PRINCIPAL ARTERIAL - OTHER - NEW HPMS,2,Urban
1045287,1,Complete,1045287,1045287,41.326877,-72.965749,3539472,New Haven,93,93,New Haven,4/27/2023,2023,4,April,27,5,Thursday,8:49:00,8,23016917,A,"Injury of any type (Serious, Minor, Possible)",C,Possible Injury (C),2,0,0,3,State,6.34,243,243-E,243-E,,EMERSON ST,100,Feet,W,41.326877,-72.965749,14,Motor Vehicle in Operation,3,Angle,1,On Roadway,1,Clear,88,Not Applicable,1,Daylight,1,Dry,0,None,88,Not Applicable,88,Not Applicable,0,None,88,Not Applicable,88,Not Applicable,9,Driveway Access-Related,1,Not at Intersection,1,No,1,No,88,Not Applicable,88,Not Applicable,88,Not Applicable,88,Not Applicable,FALSE,1,Public Road,1,"Trafficway, On Road",CT0009300,New Haven PD,324,45:38.0,C,Closed,33:26.0,,1,10500,4,MINOR ARTERIAL - NEW HPMS,1,Rural
1045289,1,Complete,1045289,1045289,41.30596,-72.94682,3539474,New Haven,93,93,New Haven,4/27/2023,2023,4,April,27,5,Thursday,12:40:00,12,23016932,A,"Injury of any type (Serious, Minor, Possible)",C,Possible Injury (C),2,0,0,4,Local,0.29,360,LEGION AV-RT 34,LEGION AV-RT 34,WINTHROP AV NO 1,,,,,41.30596,-72.94682,14,Motor Vehicle in Operation,3,Angle,1,On Roadway,1,Clear,88,Not Applicable,1,Daylight,1,Dry,0,None,88,Not Applicable,88,Not Applicable,0,None,88,Not Applicable,88,Not Applicable,2,Intersection,2,Four-Way Intersection,1,No,1,No,88,Not Applicable,88,Not Applicable,88,Not Applicable,88,Not Applicable,FALSE,1,Public Road,1,"Trafficway, On Road",CT0009300,New Haven PD,324,45:27.0,C,Closed,33:26.0,,,,,,,
1045290,1,Complete,1045290,1045290,41.32295,-72.93797,3539475,New Haven,93,93,New Haven,4/27/2023,2023,4,April,27,5,Thursday,12:51:00,12,23016938,A,"Injury of any type (Serious, Minor, Possible)",A,Suspected Serious Injury (A),2,0,0,4,Local,0.25,557,SHERMAN PKWY,SHERMAN PKWY,MUNSON ST,,,,,41.32295,-72.93797,14,Motor Vehicle in Operation,2,Front to front,1,On Roadway,2,Cloudy,88,Not Applicable,1,Daylight,2,Wet,0,None,88,Not Applicable,88,Not Applicable,0,None,88,Not Applicable,88,Not Applicable,2,Intersection,2,Four-Way Intersection,1,No,1,No,88,Not Applicable,88,Not Applicable,88,Not Applicable,88,Not Applicable,FALSE,1,Public Road,1,"Trafficway, On Road",CT0009300,New Haven PD,332,25:02.0,C,Closed,33:21.0,,,,,,,
1045302,1,Complete,1045302,1045302,41.329149,-72.968364,3539487,New Haven,93,93,New Haven,4/28/2023,2023,4,April,28,6,Friday,15:59:00,15,23017108,A,"Injury of any type (Serious, Minor, Possible)",B,Suspected Minor Injury (B),2,0,0,3,State,0.7,63,63-N,63-N,,DAYTON ST,60,Feet,E,41.329149,-72.968364,14,Motor Vehicle in Operation,3,Angle,1,On Roadway,2,Cloudy,88,Not Applicable,1,Daylight,1,Dry,0,None,88,Not Applicable,88,Not Applicable,3,Backup Due to Regular Congestion,88,Not Applicable,88,Not Applicable,1,Non-Junction,1,Not at Intersection,1,No,1,No,88,Not Applicable,88,Not Applicable,88,Not Applicable,88,Not Applicable,TRUE,1,Public Road,1,"Trafficway, On Road",CT0009300,New Haven PD,402,03:26.0,C,Closed,33:24.0,,2,20400,3,PRINCIPAL ARTERIAL - OTHER - NEW HPMS,1,Rural
1045305,1,Complete,1045305,1045305,41.306911,-72.942494,3539490,New Haven,93,93,New Haven,4/28/2023,2023,4,April,28,6,Friday,19:39:00,19,23017154,A,"Injury of any type (Serious, Minor, Possible)",B,Suspected Minor Injury (B),2,0,0,4,Local,1.02,809,REV DR MLK JR BLVD,REV DR MLK JR BLVD,ORCHARD ST,,,,,41.306911,-72.942494,14,Motor Vehicle in Operation,3,Angle,1,On Roadway,1,Clear,88,Not Applicable,4,Dark-Lighted,1,Dry,0,None,88,Not Applicable,88,Not Applicable,0,None,88,Not Applicable,88,Not Applicable,2,Intersection,2,Four-Way Intersection,1,No,1,No,88,Not Applicable,88,Not Applicable,88,Not Applicable,88,Not Applicable,FALSE,1,Public Road,1,"Trafficway, On Road",CT0009300,New Haven PD,42046,40:39.0,C,Closed,33:29.0,,,,,,,
1045306,1,Complete,1045306,1045306,41.29778,-72.93582,3539491,New Haven,93,93,New Haven,4/28/2023,2023,4,April,28,6,Friday,20:30:00,20,23017163,A,"Injury of any type (Serious, Minor, Possible)",C,Possible Injury (C),2,0,1,2,USRoute,47.31,1,1-N,1-N,HALLOCK ST,,,,,41.29778,-72.93582,14,Motor Vehicle in Operation,1,Front to rear,1,On Roadway,4,Rain,88,Not Applicable,4,Dark-Lighted,2,Wet,0,None,88,Not Applicable,88,Not Applicable,0,None,88,Not Applicable,88,Not Applicable,1,Non-Junction,1,Not at Intersection,1,No,1,No,88,Not Applicable,88,Not Applicable,88,Not Applicable,88,Not Applicable,FALSE,1,Public Road,1,"Trafficway, On Road",CT0009300,New Haven PD,251,03:39.0,C,Closed,33:40.0,,1,8600,3,PRINCIPAL ARTERIAL - OTHER - NEW HPMS,1,Rural
1045311,1,Complete,1045311,1045311,41.330196,-72.94638,3539496,New Haven,93,93,New Haven,4/29/2023,2023,4,April,29,7,Saturday,0:20:00,0,23017184,A,"Injury of any type (Serious, Minor, Possible)",C,Possible Injury (C),3,0,0,4,Local,0.25,527,ROGER WHITE DR,ROGER WHITE DR,,STIMSON RD,90,Feet,W,41.330196,-72.94638,14,Motor Vehicle in Operation,2,Front to front,2,Shoulder,4,Rain,88,Not Applicable,4,Dark-Lighted,2,Wet,0,None,88,Not Applicable,88,Not Applicable,0,None,88,Not Applicable,88,Not Applicable,1,Non-Junction,1,Not at Intersection,1,No,1,No,88,Not Applicable,88,Not Applicable,88,Not Applicable,88,Not Applicable,FALSE,1,Public Road,1,"Trafficway, On Road",CT0009300,New Haven PD,40956,25:34.0,C,Closed,33:28.0,,,,,,,
1045312,1,Complete,1045312,1045312,41.32418,-72.883759,3539497,New Haven,93,93,New Haven,4/29/2023,2023,4,April,29,7,Saturday,3:18:00,3,23017196,A,"Injury of any type (Serious, Minor, Possible)",C,Possible Injury (C),2,0,0,3,State,0.1,17,17-N,17-N,,MIDDLETOWN AVE,500,Feet,W,41.32418,-72.883759,14,Motor Vehicle in Operation,3,Angle,1,On Roadway,4,Rain,88,Not Applicable,6,Dark-Unknown Lighting,2,Wet,0,None,88,Not Applicable,88,Not Applicable,0,None,88,Not Applicable,88,Not Applicable,1,Non-Junction,1,Not at Intersection,1,No,1,No,88,Not Applicable,88,Not Applicable,88,Not Applicable,88,Not Applicable,FALSE,1,Public Road,1,"Trafficway, On Road",CT0009300,New Haven PD,42369,03:27.0,O,Open,33:29.0,,2,30200,3,PRINCIPAL ARTERIAL - OTHER - NEW HPMS,2,Urban
1045317,1,Complete,1045317,1045317,41.292877,-72.919057,3539502,New Haven,93,93,New Haven,4/29/2023,2023,4,April,29,7,Saturday,17:37:00,17,23017250,A,"Injury of any type (Serious, Minor, Possible)",C,Possible Injury (C),2,0,0,4,Local,0.59,513,LONG WHARF DR,LONG WHARF DR,,CANAL DOCK RD,1000,Feet,S,41.292877,-72.919057,14,Motor Vehicle in Operation,1,Front to rear,1,On Roadway,4,Rain,88,Not Applicable,1,Daylight,2,Wet,99,Unknown,88,Not Applicable,88,Not Applicable,99,Unknown,88,Not Applicable,88,Not Applicable,1,Non-Junction,1,Not at Intersection,1,No,1,No,88,Not Applicable,88,Not Applicable,88,Not Applicable,88,Not Applicable,TRUE,1,Public Road,1,"Trafficway, On Road",CT0009300,New Haven PD,40947,04:13.0,C,Closed,33:31.0,,,,,,,
1045320,1,Complete,1045320,1045320,41.308786,-72.925425,3539505,New Haven,93,93,New Haven,4/29/2023,2023,4,April,29,7,Saturday,21:28:00,21,23017270,A,"Injury of any type (Serious, Minor, Possible)",C,Possible Injury (C),2,0,0,4,Local,0.4,588,TEMPLE ST,TEMPLE ST,ELM ST NO 2,,,,,41.308786,-72.925425,14,Motor Vehicle in Operation,3,Angle,1,On Roadway,1,Clear,88,Not Applicable,4,Dark-Lighted,1,Dry,1,Weather Conditions,88,Not Applicable,88,Not Applicable,0,None,88,Not Applicable,88,Not Applicable,2,Intersection,2,Four-Way Intersection,1,No,1,No,88,Not Applicable,88,Not Applicable,88,Not Applicable,88,Not Applicable,FALSE,1,Public Road,1,"Trafficway, On Road",CT0009300,New Haven PD,221,05:16.0,C,Closed,33:36.0,,,,,,,
1045323,1,Complete,1045323,1045323,41.30548,-72.9127,3539508,New Haven,93,93,New Haven,4/30/2023,2023,4,April,30,1,Sunday,1:50:00,1,23017286,A,"Injury of any type (Serious, Minor, Possible)",C,Possible Injury (C),1,2,0,4,Local,0.13,275,HAMILTON ST NO 2,HAMILTON ST NO 2,IVES PL,,,,,41.30548,-72.9127,9,Pedestrian,88,Not Applicable,1,On Roadway,4,Rain,88,Not Applicable,4,Dark-Lighted,2,Wet,99,Unknown,88,Not Applicable,88,Not Applicable,99,Unknown,88,Not Applicable,88,Not Applicable,2,Intersection,3,T-Intersection,1,No,1,No,88,Not Applicable,88,Not Applicable,88,Not Applicable,88,Not Applicable,FALSE,1,Public Road,1,"Trafficway, On Road",CT0009300,New Haven PD,36335,34:24.0,C,Closed,33:53.0,,3,3500,1,INTERSTATE - NEW HPMS,2,Urban
1045329,1,Complete,1045329,1045329,41.331428,-72.973444,3539514,New Haven,93,93,New Haven,4/30/2023,2023,4,April,30,1,Sunday,17:23:00,17,23017348,A,"Injury of any type (Serious, Minor, Possible)",C,Possible Injury (C),2,0,0,3,State,1.01,63,63-N,63-N,,DAVIS STREET,171,Feet,E,41.331428,-72.973444,14,Motor Vehicle in Operation,97,Other,1,On Roadway,4,Rain,88,Not Applicable,1,Daylight,2,Wet,0,None,88,Not Applicable,88,Not Applicable,0,None,88,Not Applicable,88,Not Applicable,1,Non-Junction,1,Not at Intersection,1,No,1,No,88,Not Applicable,88,Not Applicable,88,Not Applicable,88,Not Applicable,FALSE,1,Public Road,1,"Trafficway, On Road",CT0009300,New Haven PD,19532,55:05.0,C,Closed,33:38.0,,2,23000,3,PRINCIPAL ARTERIAL - OTHER - NEW HPMS,2,Urban