CrashId,Fatal Case Status,Fatal Case Status Text Format,CrashId,CrashId,Latitude,Longitude,DOT Case Number,Town Name,Town Number,Town Number,Town Number Text Format,Date Of Crash,Year,Month,Month Text Format,Day,Day of the Week,Day of the Week Text Format,Time of Crash,Hour of the Day,Case Identifier,Crash Severity,Crash Severity Text Format,Most Severe Injury,Most Severe Injury Text Format,Number Of Motor Vehicles,Number Of Non-Motorist,Number Of Witnesses,Route Class,Route Class Text Format,Milemarker,Road Number,Road Description,Roadway Name,Intersecting Roadway Name,Landmark Description,Distance From Nearest Landmark,Unit Of Measure From Nearest Landmark,Direction From Nearest Landmark,Latitude,Longitude,First Harmful Event,First Harmful Event Text Format,Manner of Crash / Collision Impact,Manner of Crash / Collision Impact Text Format,Location of First Harmful Event,Location of First Harmful Event Text Format,Weather Condition,Weather Condition Text Format,Weather 2,Weather 2 Text Format,Light Condition,Light Condition Text Format,Road Surface Condition,Road Surface Condition Text Format,"Contributing Circumstances, Environment","Contributing Circumstances, Environment Text Format",Environment 2,Environment 2 Text Format,Environment 3,Environment 3 Text Format,"Contributing Circumstances, Road","Contributing Circumstances, Road Text Format",Road 2,Road 2 Text Format,Road 3,Road 3 Text Format,Crash Specific Location,Crash Specific Location Text Format,Type of Intersection,Type of Intersection Text Format,School Bus Related,School Bus Related Text Format,Work Zone Related,Work Zone Related Text Format,Location Of Crash Relative To Work Zone,Location Of Crash Relative To Work Zone Text Format,Type of Work Zone,Type of Work Zone Text Format,Worker Presence,Worker Presence Text Format,Law Enforcement Presence,Law Enforcement Presence Text Format,Were Vehicles Moved Prior To Police Arrival,Trafficway Ownership,Trafficway Ownership Text Format,Trafficway Class,Trafficway Class Text Format,Police Agency,Police Agency Text Format,Badge Number,Approval Date,Police Case Status,Police Case Status Text Format,Crash Report Submission Date,Related Case Identifiers,No. of Through Lanes (Log Dir.),Average Daily Traffic,Functional Classification,Functional Classification Text Format,Rural or Urban,Rural or Urban Text Format
1045333,1,Complete,1045333,1045333,41.31392,-72.911528,3539518,New Haven,93,93,New Haven,5/1/2023,2023,5,May,1,2,Monday,9:05:00,9,23017404,A,"Injury of any type (Serious, Minor, Possible)",C,Possible Injury (C),2,0,0,4,Local,0.5,316,HUMPHREY ST,HUMPHREY ST,91-S-137,,,,,41.31392,-72.911528,14,Motor Vehicle in Operation,1,Front to rear,1,On Roadway,1,Clear,88,Not Applicable,1,Daylight,1,Dry,0,None,88,Not Applicable,88,Not Applicable,0,None,88,Not Applicable,88,Not Applicable,3,Intersection-Related,3,T-Intersection,1,No,1,No,88,Not Applicable,88,Not Applicable,88,Not Applicable,88,Not Applicable,TRUE,1,Public Road,1,"Trafficway, On Road",CT0009300,New Haven PD,86,43:43.0,C,Closed,33:44.0,,,,,,,
1045337,1,Complete,1045337,1045337,41.321478,-72.939055,3539522,New Haven,93,93,New Haven,5/1/2023,2023,5,May,1,2,Monday,11:43:00,11,23017425,A,"Injury of any type (Serious, Minor, Possible)",C,Possible Injury (C),1,2,0,4,Local,0.13,557,SHERMAN PKWY,SHERMAN PKWY,HENRY ST,,,,,41.321478,-72.939055,9,Pedestrian,88,Not Applicable,1,On Roadway,1,Clear,88,Not Applicable,1,Daylight,1,Dry,0,None,88,Not Applicable,88,Not Applicable,0,None,88,Not Applicable,88,Not Applicable,2,Intersection,3,T-Intersection,1,No,1,No,88,Not Applicable,88,Not Applicable,88,Not Applicable,88,Not Applicable,FALSE,1,Public Road,1,"Trafficway, On Road",CT0009300,New Haven PD,276,24:13.0,O,Open,33:43.0,23017425,2,13000,4,MINOR ARTERIAL - NEW HPMS,2,Urban
1045339,1,Complete,1045339,1045339,41.312296,-72.932211,3539524,New Haven,93,93,New Haven,5/1/2023,2023,5,May,1,2,Monday,13:05:00,13,23017437,A,"Injury of any type (Serious, Minor, Possible)",B,Suspected Minor Injury (B),1,1,0,4,Local,0.13,68,BROADWAY,BROADWAY,,HOWE ST,100,Feet,S,41.312296,-72.932211,9,Pedestrian,88,Not Applicable,1,On Roadway,1,Clear,88,Not Applicable,1,Daylight,1,Dry,0,None,88,Not Applicable,88,Not Applicable,0,None,88,Not Applicable,88,Not Applicable,1,Non-Junction,1,Not at Intersection,1,No,1,No,88,Not Applicable,88,Not Applicable,88,Not Applicable,88,Not Applicable,FALSE,1,Public Road,1,"Trafficway, On Road",CT0009300,New Haven PD,40799,34:08.0,C,Closed,33:52.0,,2,3500,3,PRINCIPAL ARTERIAL - OTHER - NEW HPMS,2,Urban
1045349,1,Complete,1045349,1045349,41.31011317,-72.90342411,3539534,New Haven,93,93,New Haven,5/2/2023,2023,5,May,2,3,Tuesday,8:18:00,8,23017529,A,"Injury of any type (Serious, Minor, Possible)",C,Possible Injury (C),2,0,0,4,Local,0.43,327,JAMES ST,JAMES ST,CLAY ST NO 1,,,,,41.31011317,-72.90342411,14,Motor Vehicle in Operation,3,Angle,1,On Roadway,4,Rain,88,Not Applicable,1,Daylight,2,Wet,0,None,88,Not Applicable,88,Not Applicable,0,None,88,Not Applicable,88,Not Applicable,2,Intersection,2,Four-Way Intersection,1,No,1,No,88,Not Applicable,88,Not Applicable,88,Not Applicable,88,Not Applicable,FALSE,1,Public Road,1,"Trafficway, On Road",CT0009300,New Haven PD,263,12:13.0,C,Closed,33:57.0,,,,,,,
1045352,1,Complete,1045352,1045352,41.31632,-72.95038,3539537,New Haven,93,93,New Haven,5/2/2023,2023,5,May,2,3,Tuesday,7:58:00,7,23017539,A,"Injury of any type (Serious, Minor, Possible)",C,Possible Injury (C),2,0,1,3,State,2.66,10,10-N,10-N,MAPLE ST,,,,,41.31632,-72.95038,14,Motor Vehicle in Operation,3,Angle,1,On Roadway,4,Rain,88,Not Applicable,1,Daylight,2,Wet,0,None,88,Not Applicable,88,Not Applicable,0,None,88,Not Applicable,88,Not Applicable,2,Intersection,2,Four-Way Intersection,1,No,1,No,88,Not Applicable,88,Not Applicable,88,Not Applicable,88,Not Applicable,FALSE,1,Public Road,1,"Trafficway, On Road",CT0009300,New Haven PD,238,06:11.0,C,Closed,33:55.0,,1,16900,3,PRINCIPAL ARTERIAL - OTHER - NEW HPMS,1,Rural
1045354,1,Complete,1045354,1045354,41.307456,-72.953026,3539539,New Haven,93,93,New Haven,5/2/2023,2023,5,May,2,3,Tuesday,10:03:00,10,23017547,A,"Injury of any type (Serious, Minor, Possible)",C,Possible Injury (C),3,0,0,3,State,2.2,10,10-N,10-N,,MARTIN LUTHER KING,300,Feet,N,41.307456,-72.953026,14,Motor Vehicle in Operation,1,Front to rear,1,On Roadway,4,Rain,88,Not Applicable,1,Daylight,2,Wet,0,None,88,Not Applicable,88,Not Applicable,3,Backup Due to Regular Congestion,88,Not Applicable,88,Not Applicable,1,Non-Junction,1,Not at Intersection,1,No,1,No,88,Not Applicable,88,Not Applicable,88,Not Applicable,88,Not Applicable,FALSE,88,Not Applicable,1,"Trafficway, On Road",CT0009300,New Haven PD,465,42:51.0,C,Closed,33:58.0,,2,33300,3,PRINCIPAL ARTERIAL - OTHER - NEW HPMS,2,Urban
1045357,1,Complete,1045357,1045357,41.332813,-72.927453,3539542,New Haven,93,93,New Haven,5/2/2023,2023,5,May,2,3,Tuesday,15:34:00,15,23017600,A,"Injury of any type (Serious, Minor, Possible)",C,Possible Injury (C),2,0,0,4,Local,0.25,504,READ ST,READ ST,,NEWHALL ST,30,Feet,W,41.332813,-72.927453,14,Motor Vehicle in Operation,3,Angle,1,On Roadway,1,Clear,88,Not Applicable,1,Daylight,1,Dry,0,None,88,Not Applicable,88,Not Applicable,0,None,88,Not Applicable,88,Not Applicable,1,Non-Junction,1,Not at Intersection,1,No,1,No,88,Not Applicable,88,Not Applicable,88,Not Applicable,88,Not Applicable,TRUE,1,Public Road,1,"Trafficway, On Road",CT0009300,New Haven PD,30,25:45.0,C,Closed,33:59.0,NONE,,,,,,
1045378,1,Complete,1045378,1045378,41.32563,-72.95746,3539563,New Haven,93,93,New Haven,5/1/2023,2023,5,May,1,2,Monday,21:57:00,21,23017736,A,"Injury of any type (Serious, Minor, Possible)",C,Possible Injury (C),2,0,0,3,State,0.05,63,63-N,63-N,,W ROCK AVENUE,40,Feet,E,41.32563,-72.95746,14,Motor Vehicle in Operation,3,Angle,1,On Roadway,99,Unknown,88,Not Applicable,4,Dark-Lighted,99,Unknown,0,None,88,Not Applicable,88,Not Applicable,0,None,88,Not Applicable,88,Not Applicable,1,Non-Junction,1,Not at Intersection,1,No,1,No,88,Not Applicable,88,Not Applicable,88,Not Applicable,88,Not Applicable,TRUE,1,Public Road,1,"Trafficway, On Road",CT0009300,New Haven PD,42045,24:56.0,C,Closed,34:09.0,,2,23200,3,PRINCIPAL ARTERIAL - OTHER - NEW HPMS,2,Urban
1045381,1,Complete,1045381,1045381,41.30517,-72.91985,3539566,New Haven,93,93,New Haven,5/3/2023,2023,5,May,3,4,Wednesday,18:48:00,18,23017776,A,"Injury of any type (Serious, Minor, Possible)",A,Suspected Serious Injury (A),1,1,1,4,Local,0.27,447,OLIVE ST,OLIVE ST,COURT ST NO 2,,,,,41.30517,-72.91985,9,Pedestrian,88,Not Applicable,1,On Roadway,1,Clear,88,Not Applicable,1,Daylight,1,Dry,0,None,88,Not Applicable,88,Not Applicable,3,Backup Due to Regular Congestion,88,Not Applicable,88,Not Applicable,2,Intersection,2,Four-Way Intersection,1,No,1,No,88,Not Applicable,88,Not Applicable,88,Not Applicable,88,Not Applicable,FALSE,1,Public Road,1,"Trafficway, On Road",CT0009300,New Haven PD,42044,55:52.0,C,Closed,34:10.0,,1,4800,5,MAJOR COLLECTOR - NEW HPMS,2,Urban
1045578,1,Complete,1045578,1045578,41.28905,-72.89458,3539763,New Haven,93,93,New Haven,4/22/2023,2023,4,April,22,7,Saturday,15:25:00,15,23016146,A,"Injury of any type (Serious, Minor, Possible)",C,Possible Injury (C),2,0,0,1,Interstate,0,95,95-S-347,95-S-347,WOODWARD AV,,,,,41.28905,-72.89458,14,Motor Vehicle in Operation,1,Front to rear,1,On Roadway,2,Cloudy,88,Not Applicable,1,Daylight,1,Dry,0,None,88,Not Applicable,88,Not Applicable,0,None,88,Not Applicable,88,Not Applicable,2,Intersection,2,Four-Way Intersection,1,No,1,No,88,Not Applicable,88,Not Applicable,88,Not Applicable,88,Not Applicable,FALSE,1,Public Road,1,"Trafficway, On Road",CT0009300,New Haven PD,65,32:30.0,C,Closed,00:24.0,,8,141200,1,INTERSTATE - NEW HPMS,2,Urban
1045581,1,Complete,1045581,1045581,41.287598,-72.925503,3539766,New Haven,93,93,New Haven,5/1/2023,2023,5,May,1,2,Monday,18:27:00,18,23017483,A,"Injury of any type (Serious, Minor, Possible)",A,Suspected Serious Injury (A),1,2,2,4,Local,0.02,513,LONG WHARF DR,LONG WHARF DR,,SARGENT DR,70,Feet,E,41.287598,-72.925503,10,Pedalcycle/Pedalcyclist,4,"Sideswipe, same direction",1,On Roadway,2,Cloudy,88,Not Applicable,1,Daylight,1,Dry,0,None,88,Not Applicable,88,Not Applicable,0,None,88,Not Applicable,88,Not Applicable,1,Non-Junction,1,Not at Intersection,1,No,1,No,88,Not Applicable,88,Not Applicable,88,Not Applicable,88,Not Applicable,TRUE,1,Public Road,1,"Trafficway, On Road",CT0009300,New Haven PD,332,34:39.0,C,Closed,00:24.0,,4,9200,4,MINOR ARTERIAL - NEW HPMS,2,Urban
1045584,1,Complete,1045584,1045584,41.286256,-72.936055,3539769,New Haven,93,93,New Haven,5/3/2023,2023,5,May,3,4,Wednesday,23:08:00,23,23017814,A,"Injury of any type (Serious, Minor, Possible)",B,Suspected Minor Injury (B),2,0,0,3,State,0.28,10,10-N,10-N,745-E,,,,,41.286256,-72.936055,14,Motor Vehicle in Operation,1,Front to rear,1,On Roadway,1,Clear,88,Not Applicable,4,Dark-Lighted,1,Dry,0,None,88,Not Applicable,88,Not Applicable,0,None,88,Not Applicable,88,Not Applicable,3,Intersection-Related,2,Four-Way Intersection,1,No,1,No,88,Not Applicable,88,Not Applicable,88,Not Applicable,88,Not Applicable,FALSE,1,Public Road,1,"Trafficway, On Road",CT0009300,New Haven PD,44052,13:21.0,C,Closed,00:25.0,,2,18600,3,PRINCIPAL ARTERIAL - OTHER - NEW HPMS,2,Urban
1045587,1,Complete,1045587,1045587,41.3277,-72.93512,3539772,New Haven,93,93,New Haven,5/4/2023,2023,5,May,4,5,Thursday,11:34:00,11,23017877,A,"Injury of any type (Serious, Minor, Possible)",C,Possible Injury (C),2,0,0,4,Local,1.04,152,DIXWELL AV,DIXWELL AV,HARDING PL,,,,,41.3277,-72.93512,14,Motor Vehicle in Operation,1,Front to rear,1,On Roadway,1,Clear,88,Not Applicable,1,Daylight,1,Dry,0,None,88,Not Applicable,88,Not Applicable,0,None,88,Not Applicable,88,Not Applicable,2,Intersection,3,T-Intersection,1,No,1,No,88,Not Applicable,88,Not Applicable,88,Not Applicable,88,Not Applicable,FALSE,1,Public Road,1,"Trafficway, On Road",CT0009300,New Haven PD,42052,37:55.0,C,Closed,00:27.0,,,,,,,
1045589,1,Complete,1045589,1045589,41.317779,-72.872153,3539774,New Haven,93,93,New Haven,5/4/2023,2023,5,May,4,5,Thursday,12:47:00,12,23017894,A,"Injury of any type (Serious, Minor, Possible)",C,Possible Injury (C),2,0,0,4,Local,0.78,167,EASTERN ST,EASTERN ST,,FOXON BLVD,300,Feet,S,41.317779,-72.872153,14,Motor Vehicle in Operation,1,Front to rear,1,On Roadway,2,Cloudy,88,Not Applicable,1,Daylight,1,Dry,0,None,88,Not Applicable,88,Not Applicable,0,None,88,Not Applicable,88,Not Applicable,1,Non-Junction,1,Not at Intersection,1,No,1,No,88,Not Applicable,88,Not Applicable,88,Not Applicable,88,Not Applicable,FALSE,1,Public Road,1,"Trafficway, On Road",CT0009300,New Haven PD,430,40:03.0,C,Closed,00:28.0,,,,,,,
1045591,1,Complete,1045591,1045591,41.312728,-72.940599,3539776,New Haven,93,93,New Haven,5/4/2023,2023,5,May,4,5,Thursday,15:16:00,15,23017913,A,"Injury of any type (Serious, Minor, Possible)",C,Possible Injury (C),2,0,0,4,Local,0.8,453,ORCHARD ST,ORCHARD ST,,EDGEWOOD AVE,100,Feet,N,41.312728,-72.940599,14,Motor Vehicle in Operation,2,Front to front,1,On Roadway,1,Clear,88,Not Applicable,1,Daylight,1,Dry,0,None,88,Not Applicable,88,Not Applicable,0,None,88,Not Applicable,88,Not Applicable,1,Non-Junction,1,Not at Intersection,1,No,1,No,88,Not Applicable,88,Not Applicable,88,Not Applicable,88,Not Applicable,FALSE,1,Public Road,1,"Trafficway, On Road",CT0009300,New Haven PD,11439,38:05.0,C,Closed,00:29.0,,,,,,,
1045592,1,Complete,1045592,1045592,41.30490668,-72.89882016,3539777,New Haven,93,93,New Haven,5/4/2023,2023,5,May,4,5,Thursday,17:33:00,17,23017936,A,"Injury of any type (Serious, Minor, Possible)",C,Possible Injury (C),2,0,0,4,Local,0.12,57,BLATCHLEY AV,BLATCHLEY AV,SALTONSTALL AV,,,,,41.30490668,-72.89882016,14,Motor Vehicle in Operation,3,Angle,1,On Roadway,2,Cloudy,88,Not Applicable,1,Daylight,1,Dry,0,None,88,Not Applicable,88,Not Applicable,0,None,88,Not Applicable,88,Not Applicable,2,Intersection,2,Four-Way Intersection,1,No,1,No,88,Not Applicable,88,Not Applicable,88,Not Applicable,88,Not Applicable,FALSE,1,Public Road,1,"Trafficway, On Road",CT0009300,New Haven PD,263,21:50.0,C,Closed,00:29.0,,,,,,,
1045989,1,Complete,1045989,1045989,41.310914,-72.949169,3540174,New Haven,93,93,New Haven,4/21/2023,2023,4,April,21,6,Friday,19:14:00,19,23016043,A,"Injury of any type (Serious, Minor, Possible)",C,Possible Injury (C),2,0,0,4,Local,0.18,147,DERBY AV,DERBY AV,NORTON ST,,,,,41.310914,-72.949169,14,Motor Vehicle in Operation,3,Angle,1,On Roadway,1,Clear,88,Not Applicable,1,Daylight,1,Dry,0,None,88,Not Applicable,88,Not Applicable,0,None,88,Not Applicable,88,Not Applicable,2,Intersection,4,Y-Intersection,1,No,1,No,88,Not Applicable,88,Not Applicable,88,Not Applicable,88,Not Applicable,FALSE,1,Public Road,1,"Trafficway, On Road",CT0009300,New Haven PD,11439,53:15.0,C,Closed,00:25.0,,2,10300,3,PRINCIPAL ARTERIAL - OTHER - NEW HPMS,2,Urban
1045990,1,Complete,1045990,1045990,41.3094652,-72.9270511,3540175,New Haven,93,93,New Haven,4/28/2023,2023,4,April,28,6,Friday,19:58:00,19,23017157,A,"Injury of any type (Serious, Minor, Possible)",B,Suspected Minor Injury (B),2,0,0,4,Local,0.38,726,ELM ST NO 2,ELM ST NO 2,COLLEGE ST,,,,,41.3094652,-72.9270511,14,Motor Vehicle in Operation,1,Front to rear,1,On Roadway,1,Clear,88,Not Applicable,4,Dark-Lighted,1,Dry,0,None,88,Not Applicable,88,Not Applicable,0,None,88,Not Applicable,88,Not Applicable,2,Intersection,2,Four-Way Intersection,1,No,1,No,88,Not Applicable,88,Not Applicable,88,Not Applicable,88,Not Applicable,FALSE,1,Public Road,1,"Trafficway, On Road",CT0009300,New Haven PD,286,16:03.0,C,Closed,00:45.0,,,,,,,
1045991,1,Complete,1045991,1045991,41.30697,-72.90088,3540176,New Haven,93,93,New Haven,4/29/2023,2023,4,April,29,7,Saturday,0:02:00,0,23017183,A,"Injury of any type (Serious, Minor, Possible)",B,Suspected Minor Injury (B),2,0,0,4,Local,0.23,377,LLOYD ST,LLOYD ST,EXCHANGE ST,,,,,41.30697,-72.90088,14,Motor Vehicle in Operation,1,Front to rear,1,On Roadway,4,Rain,88,Not Applicable,4,Dark-Lighted,2,Wet,0,None,88,Not Applicable,88,Not Applicable,0,None,88,Not Applicable,88,Not Applicable,2,Intersection,2,Four-Way Intersection,1,No,1,No,88,Not Applicable,88,Not Applicable,88,Not Applicable,88,Not Applicable,TRUE,1,Public Road,1,"Trafficway, On Road",CT0009300,New Haven PD,44056,00:24.0,C,Closed,00:27.0,,,,,,,
1045992,1,Complete,1045992,1045992,41.30409341,-72.89761067,3540177,New Haven,93,93,New Haven,4/29/2023,2023,4,April,29,7,Saturday,0:38:00,0,23017198,A,"Injury of any type (Serious, Minor, Possible)",C,Possible Injury (C),4,0,1,4,Local,0.27,97,CHAPEL ST,CHAPEL ST,,Poplar St,344,Feet,W,41.30409341,-72.89761067,14,Motor Vehicle in Operation,97,Other,1,On Roadway,4,Rain,88,Not Applicable,4,Dark-Lighted,2,Wet,0,None,88,Not Applicable,88,Not Applicable,0,None,88,Not Applicable,88,Not Applicable,1,Non-Junction,1,Not at Intersection,1,No,1,No,88,Not Applicable,88,Not Applicable,88,Not Applicable,88,Not Applicable,FALSE,1,Public Road,1,"Trafficway, On Road",CT0009300,New Haven PD,43776,42:31.0,O,Open,00:26.0,,,,,,,
1045994,1,Complete,1045994,1045994,41.318995,-72.94909,3540179,New Haven,93,93,New Haven,5/2/2023,2023,5,May,2,3,Tuesday,12:40:00,12,23017577,A,"Injury of any type (Serious, Minor, Possible)",C,Possible Injury (C),2,0,0,3,State,2.86,10,10-N,10-N,ELLA T GRASSO BLVD NO 2,,,,,41.318995,-72.94909,14,Motor Vehicle in Operation,3,Angle,1,On Roadway,1,Clear,88,Not Applicable,1,Daylight,1,Dry,0,None,88,Not Applicable,88,Not Applicable,0,None,88,Not Applicable,88,Not Applicable,2,Intersection,2,Four-Way Intersection,1,No,1,No,88,Not Applicable,88,Not Applicable,88,Not Applicable,88,Not Applicable,TRUE,1,Public Road,1,"Trafficway, On Road",CT0009300,New Haven PD,731,28:18.0,C,Closed,00:36.0,,1,10200,3,PRINCIPAL ARTERIAL - OTHER - NEW HPMS,1,Rural
1045998,1,Complete,1045998,1045998,41.305345,-72.926295,3540183,New Haven,93,93,New Haven,5/3/2023,2023,5,May,3,4,Wednesday,15:30:00,15,23017730,A,"Injury of any type (Serious, Minor, Possible)",C,Possible Injury (C),2,0,0,4,Local,0.12,103,CHURCH ST,CHURCH ST,CENTER ST,,,,,41.305345,-72.926295,14,Motor Vehicle in Operation,1,Front to rear,1,On Roadway,1,Clear,88,Not Applicable,1,Daylight,1,Dry,97,Other,88,Not Applicable,88,Not Applicable,97,Other,88,Not Applicable,88,Not Applicable,2,Intersection,3,T-Intersection,1,No,1,No,88,Not Applicable,88,Not Applicable,88,Not Applicable,88,Not Applicable,FALSE,1,Public Road,1,"Trafficway, On Road",CT0009300,New Haven PD,240,12:07.0,O,Open,00:53.0,,,,,,,
1046007,1,Complete,1046007,1046007,41.316639,-72.942383,3540192,New Haven,93,93,New Haven,5/4/2023,2023,5,May,4,5,Thursday,20:49:00,20,23017974,A,"Injury of any type (Serious, Minor, Possible)",C,Possible Injury (C),2,0,1,4,Local,0.38,653,WHALLEY AV,WHALLEY AV,SHERMAN AV,,,,,41.316639,-72.942383,14,Motor Vehicle in Operation,1,Front to rear,1,On Roadway,4,Rain,88,Not Applicable,5,Dark-Not Lighted,2,Wet,97,Other,88,Not Applicable,88,Not Applicable,0,None,88,Not Applicable,88,Not Applicable,3,Intersection-Related,2,Four-Way Intersection,1,No,1,No,88,Not Applicable,88,Not Applicable,88,Not Applicable,88,Not Applicable,FALSE,1,Public Road,1,"Trafficway, On Road",CT0009300,New Haven PD,44062,18:19.0,C,Closed,00:28.0,,,,,,,
1046010,1,Complete,1046010,1046010,41.319083,-72.949185,3540195,New Haven,93,93,New Haven,5/5/2023,2023,5,May,5,6,Friday,7:12:00,7,23018003,A,"Injury of any type (Serious, Minor, Possible)",C,Possible Injury (C),2,0,0,3,State,2.86,10,10-N,10-N,ELLA T GRASSO BLVD NO 2,,,,,41.319083,-72.949185,14,Motor Vehicle in Operation,3,Angle,1,On Roadway,1,Clear,88,Not Applicable,1,Daylight,1,Dry,0,None,88,Not Applicable,88,Not Applicable,0,None,88,Not Applicable,88,Not Applicable,2,Intersection,2,Four-Way Intersection,1,No,1,No,88,Not Applicable,88,Not Applicable,88,Not Applicable,88,Not Applicable,TRUE,1,Public Road,1,"Trafficway, On Road",CT0009300,New Haven PD,324,59:39.0,C,Closed,00:34.0,,1,10200,3,PRINCIPAL ARTERIAL - OTHER - NEW HPMS,1,Rural
1046017,1,Complete,1046017,1046017,41.30351,-72.92958,3540202,New Haven,93,93,New Haven,5/5/2023,2023,5,May,5,6,Friday,15:15:00,15,23018045,A,"Injury of any type (Serious, Minor, Possible)",C,Possible Injury (C),2,0,0,4,Local,0.82,588,TEMPLE ST,TEMPLE ST,,TEMPLE ST,100,Feet,W,41.30351,-72.92958,14,Motor Vehicle in Operation,1,Front to rear,1,On Roadway,1,Clear,88,Not Applicable,1,Daylight,1,Dry,0,None,88,Not Applicable,88,Not Applicable,0,None,88,Not Applicable,88,Not Applicable,1,Non-Junction,1,Not at Intersection,1,No,1,No,88,Not Applicable,88,Not Applicable,88,Not Applicable,88,Not Applicable,FALSE,1,Public Road,1,"Trafficway, On Road",CT0009300,New Haven PD,158,09:53.0,C,Closed,00:33.0,,,,,,,
1046021,1,Complete,1046021,1046021,41.34314,-72.96204,3540206,New Haven,93,93,New Haven,5/5/2023,2023,5,May,5,6,Friday,18:41:00,18,23018083,A,"Injury of any type (Serious, Minor, Possible)",C,Possible Injury (C),2,0,0,4,Local,1,671,WINTERGREEN AV,WINTERGREEN AV,BROOKSIDE AV,,,,,41.34314,-72.96204,14,Motor Vehicle in Operation,3,Angle,1,On Roadway,1,Clear,88,Not Applicable,1,Daylight,1,Dry,0,None,88,Not Applicable,88,Not Applicable,0,None,88,Not Applicable,88,Not Applicable,2,Intersection,2,Four-Way Intersection,1,No,1,No,88,Not Applicable,88,Not Applicable,88,Not Applicable,88,Not Applicable,TRUE,1,Public Road,1,"Trafficway, On Road",CT0009300,New Haven PD,170,32:57.0,C,Closed,00:33.0,,,,,,,
1046022,1,Complete,1046022,1046022,41.3049,-72.925132,3540207,New Haven,93,93,New Haven,5/5/2023,2023,5,May,5,6,Friday,22:48:00,22,23018117,A,"Injury of any type (Serious, Minor, Possible)",A,Suspected Serious Injury (A),1,1,0,4,Local,0.02,92,CENTER ST,CENTER ST,,ORANGE ST,100,Feet,W,41.3049,-72.925132,9,Pedestrian,88,Not Applicable,1,On Roadway,1,Clear,88,Not Applicable,4,Dark-Lighted,1,Dry,0,None,88,Not Applicable,88,Not Applicable,0,None,88,Not Applicable,88,Not Applicable,1,Non-Junction,1,Not at Intersection,1,No,1,No,88,Not Applicable,88,Not Applicable,88,Not Applicable,88,Not Applicable,TRUE,1,Public Road,1,"Trafficway, On Road",CT0009300,New Haven PD,170,46:43.0,C,Closed,00:39.0,,2,4678,7,LOCAL - NEW HPMS,2,Urban
1046026,1,Complete,1046026,1046026,41.309471,-72.889815,3540211,New Haven,93,93,New Haven,5/6/2023,2023,5,May,6,7,Saturday,2:40:00,2,23018152,A,"Injury of any type (Serious, Minor, Possible)",B,Suspected Minor Injury (B),3,0,0,4,Local,0.21,264,GRAND AV,GRAND AV,PERKINS ST,,,TenthsofMile,W,41.309471,-72.889815,14,Motor Vehicle in Operation,1,Front to rear,1,On Roadway,1,Clear,88,Not Applicable,4,Dark-Lighted,1,Dry,0,None,88,Not Applicable,88,Not Applicable,0,None,88,Not Applicable,88,Not Applicable,2,Intersection,3,T-Intersection,1,No,1,No,88,Not Applicable,88,Not Applicable,88,Not Applicable,88,Not Applicable,FALSE,1,Public Road,1,"Trafficway, On Road",CT0009300,New Haven PD,44053,54:14.0,C,Closed,00:51.0,,,,,,,
1046037,1,Complete,1046037,1046037,41.301492,-72.927032,3540222,New Haven,93,93,New Haven,5/6/2023,2023,5,May,6,7,Saturday,17:11:00,17,23018228,A,"Injury of any type (Serious, Minor, Possible)",C,Possible Injury (C),3,0,1,3,State,0,34,34-E-8A,34-E-8A,SOUTH ORANGE ST,,,,,41.301492,-72.927032,14,Motor Vehicle in Operation,1,Front to rear,1,On Roadway,1,Clear,88,Not Applicable,1,Daylight,1,Dry,0,None,88,Not Applicable,88,Not Applicable,0,None,88,Not Applicable,88,Not Applicable,3,Intersection-Related,2,Four-Way Intersection,1,No,1,No,88,Not Applicable,88,Not Applicable,88,Not Applicable,88,Not Applicable,FALSE,1,Public Road,1,"Trafficway, On Road",CT0009300,New Haven PD,44062,10:22.0,C,Closed,00:56.0,,,4500,2,PRIN ART-OTHER FREEWAYS & EXPRESSWAYS - NEW HPMS,2,Urban
1046038,1,Complete,1046038,1046038,41.3295249,-72.9351788,3540223,New Haven,93,93,New Haven,5/6/2023,2023,5,May,6,7,Saturday,17:30:00,17,23018229,A,"Injury of any type (Serious, Minor, Possible)",B,Suspected Minor Injury (B),2,0,0,4,Local,1.18,152,DIXWELL AV,DIXWELL AV,HAZEL ST,,,,,41.3295249,-72.9351788,14,Motor Vehicle in Operation,3,Angle,1,On Roadway,1,Clear,88,Not Applicable,1,Daylight,1,Dry,0,None,88,Not Applicable,88,Not Applicable,0,None,88,Not Applicable,88,Not Applicable,2,Intersection,3,T-Intersection,1,No,1,No,88,Not Applicable,88,Not Applicable,88,Not Applicable,88,Not Applicable,FALSE,1,Public Road,1,"Trafficway, On Road",CT0009300,New Haven PD,40953,23:13.0,O,Open,00:55.0,,,,,,,
1046040,1,Complete,1046040,1046040,41.301492,-72.927032,3540225,New Haven,93,93,New Haven,5/6/2023,2023,5,May,6,7,Saturday,17:30:00,17,23018250,A,"Injury of any type (Serious, Minor, Possible)",C,Possible Injury (C),3,0,0,3,State,0,34,34-E-8A,34-E-8A,SOUTH ORANGE ST,,,,N,41.301492,-72.927032,14,Motor Vehicle in Operation,1,Front to rear,1,On Roadway,1,Clear,88,Not Applicable,1,Daylight,1,Dry,0,None,88,Not Applicable,88,Not Applicable,0,None,88,Not Applicable,88,Not Applicable,1,Non-Junction,1,Not at Intersection,1,No,1,No,88,Not Applicable,88,Not Applicable,88,Not Applicable,88,Not Applicable,FALSE,1,Public Road,1,"Trafficway, On Road",CT0009300,New Haven PD,40953,19:07.0,O,Open,00:55.0,,,4500,2,PRIN ART-OTHER FREEWAYS & EXPRESSWAYS - NEW HPMS,2,Urban