CrashId,Fatal Case Status,Fatal Case Status Text Format,CrashId,CrashId,Latitude,Longitude,DOT Case Number,Town Name,Town Number,Town Number,Town Number Text Format,Date Of Crash,Year,Month,Month Text Format,Day,Day of the Week,Day of the Week Text Format,Time of Crash,Hour of the Day,Case Identifier,Crash Severity,Crash Severity Text Format,Most Severe Injury,Most Severe Injury Text Format,Number Of Motor Vehicles,Number Of Non-Motorist,Number Of Witnesses,Route Class,Route Class Text Format,Milemarker,Road Number,Road Description,Roadway Name,Intersecting Roadway Name,Landmark Description,Distance From Nearest Landmark,Unit Of Measure From Nearest Landmark,Direction From Nearest Landmark,Latitude,Longitude,First Harmful Event,First Harmful Event Text Format,Manner of Crash / Collision Impact,Manner of Crash / Collision Impact Text Format,Location of First Harmful Event,Location of First Harmful Event Text Format,Weather Condition,Weather Condition Text Format,Weather 2,Weather 2 Text Format,Light Condition,Light Condition Text Format,Road Surface Condition,Road Surface Condition Text Format,"Contributing Circumstances, Environment","Contributing Circumstances, Environment Text Format",Environment 2,Environment 2 Text Format,Environment 3,Environment 3 Text Format,"Contributing Circumstances, Road","Contributing Circumstances, Road Text Format",Road 2,Road 2 Text Format,Road 3,Road 3 Text Format,Crash Specific Location,Crash Specific Location Text Format,Type of Intersection,Type of Intersection Text Format,School Bus Related,School Bus Related Text Format,Work Zone Related,Work Zone Related Text Format,Location Of Crash Relative To Work Zone,Location Of Crash Relative To Work Zone Text Format,Type of Work Zone,Type of Work Zone Text Format,Worker Presence,Worker Presence Text Format,Law Enforcement Presence,Law Enforcement Presence Text Format,Were Vehicles Moved Prior To Police Arrival,Trafficway Ownership,Trafficway Ownership Text Format,Trafficway Class,Trafficway Class Text Format,Police Agency,Police Agency Text Format,Badge Number,Approval Date,Police Case Status,Police Case Status Text Format,Crash Report Submission Date,Related Case Identifiers,No. of Through Lanes (Log Dir.),Average Daily Traffic,Functional Classification,Functional Classification Text Format,Rural or Urban,Rural or Urban Text Format
1046045,1,Complete,1046045,1046045,41.30882,-72.89812,3540230,New Haven,93,93,New Haven,5/7/2023,2023,5,May,7,1,Sunday,14:45:00,14,23018329,A,"Injury of any type (Serious, Minor, Possible)",C,Possible Injury (C),2,0,1,4,Local,0.64,264,GRAND AV,GRAND AV,FILLMORE ST,,,,,41.30882,-72.89812,14,Motor Vehicle in Operation,3,Angle,1,On Roadway,1,Clear,1,Clear,1,Daylight,1,Dry,0,None,88,Not Applicable,88,Not Applicable,0,None,88,Not Applicable,88,Not Applicable,2,Intersection,3,T-Intersection,1,No,1,No,88,Not Applicable,88,Not Applicable,88,Not Applicable,88,Not Applicable,FALSE,1,Public Road,1,"Trafficway, On Road",CT0009300,New Haven PD,44060,13:53.0,C,Closed,00:56.0,,,,,,,
1046046,1,Complete,1046046,1046046,41.295188,-72.918813,3540231,New Haven,93,93,New Haven,5/7/2023,2023,5,May,7,1,Sunday,18:14:00,18,23018354,A,"Injury of any type (Serious, Minor, Possible)",A,Suspected Serious Injury (A),1,0,1,4,Local,0.89,359,SARGENT DR,SARGENT DR,,BREWERY ST,3,TenthsofMile,S,41.295188,-72.918813,8,Other Non-Collision,88,Not Applicable,1,On Roadway,1,Clear,88,Not Applicable,1,Daylight,1,Dry,99,Unknown,88,Not Applicable,88,Not Applicable,99,Unknown,88,Not Applicable,88,Not Applicable,1,Non-Junction,1,Not at Intersection,1,No,1,No,88,Not Applicable,88,Not Applicable,88,Not Applicable,88,Not Applicable,TRUE,1,Public Road,1,"Trafficway, On Road",CT0009300,New Haven PD,40947,00:17.0,C,Closed,00:59.0,,4,11300,3,PRINCIPAL ARTERIAL - OTHER - NEW HPMS,2,Urban
1046048,1,Complete,1046048,1046048,41.314724,-72.939591,3540233,New Haven,93,93,New Haven,5/7/2023,2023,5,May,7,1,Sunday,22:23:00,22,23018362,A,"Injury of any type (Serious, Minor, Possible)",C,Possible Injury (C),2,0,0,4,Local,0.95,453,ORCHARD ST,ORCHARD ST,,WHALLEY AVE,200,Feet,S,41.314724,-72.939591,14,Motor Vehicle in Operation,1,Front to rear,1,On Roadway,1,Clear,88,Not Applicable,4,Dark-Lighted,1,Dry,0,None,88,Not Applicable,88,Not Applicable,0,None,88,Not Applicable,88,Not Applicable,1,Non-Junction,1,Not at Intersection,1,No,1,No,88,Not Applicable,88,Not Applicable,88,Not Applicable,88,Not Applicable,FALSE,1,Public Road,1,"Trafficway, On Road",CT0009300,New Haven PD,44055,00:09.0,C,Closed,00:59.0,,,,,,,
1046050,1,Complete,1046050,1046050,41.330968,-72.97707,3540235,New Haven,93,93,New Haven,5/7/2023,2023,5,May,7,1,Sunday,21:36:00,21,23018373,A,"Injury of any type (Serious, Minor, Possible)",B,Suspected Minor Injury (B),1,0,1,4,Local,0.18,501,RAMSDELL ST,RAMSDELL ST,,FAIRFIELD ST,200,Feet,N,41.330968,-72.97707,25,Curb,88,Not Applicable,4,Roadside,2,Cloudy,88,Not Applicable,4,Dark-Lighted,1,Dry,0,None,88,Not Applicable,88,Not Applicable,0,None,88,Not Applicable,88,Not Applicable,1,Non-Junction,1,Not at Intersection,1,No,1,No,88,Not Applicable,88,Not Applicable,88,Not Applicable,88,Not Applicable,TRUE,1,Public Road,1,"Trafficway, On Road",CT0009300,New Haven PD,170,32:56.0,C,Closed,00:58.0,,2,4300,5,MAJOR COLLECTOR - NEW HPMS,2,Urban
1046626,1,Complete,1046626,1046626,41.307307,-72.899106,3540811,New Haven,93,93,New Haven,5/8/2023,2023,5,May,8,2,Monday,8:21:00,8,23018394,A,"Injury of any type (Serious, Minor, Possible)",C,Possible Injury (C),2,0,0,4,Local,0.29,57,BLATCHLEY AV,BLATCHLEY AV,,EXCHANGE ST,50,Feet,N,41.307307,-72.899106,14,Motor Vehicle in Operation,3,Angle,1,On Roadway,1,Clear,88,Not Applicable,1,Daylight,1,Dry,0,None,88,Not Applicable,88,Not Applicable,0,None,88,Not Applicable,88,Not Applicable,3,Intersection-Related,2,Four-Way Intersection,1,No,1,No,88,Not Applicable,88,Not Applicable,88,Not Applicable,88,Not Applicable,TRUE,1,Public Road,1,"Trafficway, On Road",CT0009300,New Haven PD,86,55:37.0,C,Closed,01:33.0,,,,,,,
1046628,1,Complete,1046628,1046628,41.308244,-72.92419,3540813,New Haven,93,93,New Haven,5/8/2023,2023,5,May,8,2,Monday,14:24:00,14,23018474,A,"Injury of any type (Serious, Minor, Possible)",C,Possible Injury (C),2,0,0,4,Local,0.34,103,CHURCH ST,CHURCH ST,ELM ST NO 2,,,,,41.308244,-72.92419,14,Motor Vehicle in Operation,3,Angle,1,On Roadway,1,Clear,88,Not Applicable,1,Daylight,1,Dry,0,None,88,Not Applicable,88,Not Applicable,0,None,88,Not Applicable,88,Not Applicable,2,Intersection,2,Four-Way Intersection,1,No,1,No,88,Not Applicable,88,Not Applicable,88,Not Applicable,88,Not Applicable,TRUE,1,Public Road,1,"Trafficway, On Road",CT0009300,New Haven PD,30,23:00.0,C,Closed,01:36.0,NONE,,,,,,
1046629,1,Complete,1046629,1046629,41.319328,-72.875026,3540814,New Haven,93,93,New Haven,5/8/2023,2023,5,May,8,2,Monday,17:21:00,17,23018528,A,"Injury of any type (Serious, Minor, Possible)",C,Possible Injury (C),2,0,0,4,Local,2.11,498,QUINNIPIAC AV,QUINNIPIAC AV,,FOXON BLVD,100,Feet,S,41.319328,-72.875026,14,Motor Vehicle in Operation,5,"Sideswipe, opposite direction",1,On Roadway,1,Clear,88,Not Applicable,1,Daylight,1,Dry,0,None,88,Not Applicable,88,Not Applicable,0,None,88,Not Applicable,88,Not Applicable,1,Non-Junction,1,Not at Intersection,1,No,1,No,88,Not Applicable,88,Not Applicable,88,Not Applicable,88,Not Applicable,TRUE,1,Public Road,1,"Trafficway, On Road",CT0009300,New Haven PD,44176,52:25.0,C,Closed,01:36.0,,,,,,,
1046971,1,Complete,1046971,1046971,41.306597,-72.952922,3541156,New Haven,93,93,New Haven,4/16/2023,2023,4,April,16,1,Sunday,22:49:00,22,23015189,A,"Injury of any type (Serious, Minor, Possible)",C,Possible Injury (C),3,0,0,3,State,2.14,10,10-N,10-N,NORTH FRONTAGE RD,,,,,41.306597,-72.952922,14,Motor Vehicle in Operation,1,Front to rear,1,On Roadway,4,Rain,88,Not Applicable,4,Dark-Lighted,2,Wet,0,None,88,Not Applicable,88,Not Applicable,0,None,88,Not Applicable,88,Not Applicable,2,Intersection,3,T-Intersection,1,No,1,No,88,Not Applicable,88,Not Applicable,88,Not Applicable,88,Not Applicable,TRUE,1,Public Road,1,"Trafficway, On Road",CT0009300,New Haven PD,39,57:48.0,C,Closed,01:09.0,23015189,2,33300,3,PRINCIPAL ARTERIAL - OTHER - NEW HPMS,2,Urban
1047295,1,Complete,1047295,1047295,41.297834,-72.934267,3541480,New Haven,93,93,New Haven,5/8/2023,2023,5,May,8,2,Monday,20:39:00,20,23018564,A,"Injury of any type (Serious, Minor, Possible)",B,Suspected Minor Injury (B),1,2,0,2,USRoute,47.4,1,1-N,Howard Ave,Columbus Ave,,,,,41.297834,-72.934267,14,Motor Vehicle in Operation,3,Angle,1,On Roadway,1,Clear,88,Not Applicable,99,Unknown,1,Dry,0,None,88,Not Applicable,88,Not Applicable,0,None,88,Not Applicable,88,Not Applicable,3,Intersection-Related,2,Four-Way Intersection,1,No,1,No,88,Not Applicable,88,Not Applicable,88,Not Applicable,88,Not Applicable,TRUE,1,Public Road,1,"Trafficway, On Road",CT0009300,New Haven PD,44049,21:30.0,C,Closed,02:04.0,,1,8400,3,PRINCIPAL ARTERIAL - OTHER - NEW HPMS,1,Rural
1047297,1,Complete,1047297,1047297,41.28552064,-72.92914593,3541482,New Haven,93,93,New Haven,5/9/2023,2023,5,May,9,3,Tuesday,14:01:00,14,23018660,A,"Injury of any type (Serious, Minor, Possible)",C,Possible Injury (C),2,0,0,4,Local,0.01,359,SARGENT DR,SARGENT DR,,HALLOCK AVE,54,Feet,E,41.28552064,-72.92914593,14,Motor Vehicle in Operation,1,Front to rear,1,On Roadway,1,Clear,1,Clear,1,Daylight,1,Dry,0,None,88,Not Applicable,88,Not Applicable,0,None,88,Not Applicable,88,Not Applicable,2,Intersection,3,T-Intersection,3,"Yes, School Bus Indirectly Involved",1,No,88,Not Applicable,88,Not Applicable,88,Not Applicable,88,Not Applicable,TRUE,1,Public Road,1,"Trafficway, On Road",CT0009300,New Haven PD,301,58:10.0,O,Open,02:00.0,,,,,,,
1047299,1,Complete,1047299,1047299,41.338939,-72.976762,3541484,New Haven,93,93,New Haven,5/9/2023,2023,5,May,9,3,Tuesday,20:34:00,20,23018741,A,"Injury of any type (Serious, Minor, Possible)",C,Possible Injury (C),1,1,0,3,State,0.31,69,69-N,69-N,POND LILY AV,,,,,41.338939,-72.976762,9,Pedestrian,88,Not Applicable,1,On Roadway,2,Cloudy,88,Not Applicable,3,Dusk,1,Dry,0,None,88,Not Applicable,88,Not Applicable,0,None,88,Not Applicable,88,Not Applicable,2,Intersection,3,T-Intersection,1,No,1,No,88,Not Applicable,88,Not Applicable,88,Not Applicable,88,Not Applicable,TRUE,1,Public Road,1,"Trafficway, On Road",CT0009300,New Haven PD,42045,36:03.0,C,Closed,02:04.0,,3,21000,3,PRINCIPAL ARTERIAL - OTHER - NEW HPMS,2,Urban
1047300,1,Complete,1047300,1047300,41.32755,-72.95334,3541485,New Haven,93,93,New Haven,5/10/2023,2023,5,May,10,4,Wednesday,8:52:00,8,23018781,A,"Injury of any type (Serious, Minor, Possible)",C,Possible Injury (C),1,1,1,3,State,3.68,10,10-N,10-N,BLAKE ST,,,,,41.32755,-72.95334,9,Pedestrian,88,Not Applicable,1,On Roadway,1,Clear,88,Not Applicable,1,Daylight,1,Dry,0,None,88,Not Applicable,88,Not Applicable,0,None,88,Not Applicable,88,Not Applicable,1,Non-Junction,1,Not at Intersection,1,No,1,No,88,Not Applicable,88,Not Applicable,88,Not Applicable,88,Not Applicable,TRUE,1,Public Road,1,"Trafficway, On Road",CT0009300,New Haven PD,66,26:03.0,O,Open,02:01.0,,2,13100,4,MINOR ARTERIAL - NEW HPMS,2,Urban
1047303,1,Complete,1047303,1047303,41.30009,-72.950197,3541488,New Haven,93,93,New Haven,5/10/2023,2023,5,May,10,4,Wednesday,17:09:00,17,23018879,A,"Injury of any type (Serious, Minor, Possible)",C,Possible Injury (C),3,0,0,3,State,1.66,10,10-N,10-N,,Columbus AVE,1000,Feet,N,41.30009,-72.950197,14,Motor Vehicle in Operation,1,Front to rear,1,On Roadway,1,Clear,88,Not Applicable,1,Daylight,1,Dry,0,None,88,Not Applicable,88,Not Applicable,0,None,88,Not Applicable,88,Not Applicable,1,Non-Junction,1,Not at Intersection,1,No,1,No,88,Not Applicable,88,Not Applicable,88,Not Applicable,88,Not Applicable,FALSE,1,Public Road,1,"Trafficway, On Road",CT0009300,New Haven PD,44338,45:25.0,O,Open,02:05.0,,2,20800,3,PRINCIPAL ARTERIAL - OTHER - NEW HPMS,2,Urban
1047545,1,Complete,1047545,1047545,41.32382,-72.916891,3541730,New Haven,93,93,New Haven,5/10/2023,2023,5,May,10,4,Wednesday,14:00:00,14,23018823,A,"Injury of any type (Serious, Minor, Possible)",C,Possible Injury (C),2,0,0,4,Local,0.96,656,WHITNEY AV,WHITNEY AV,WILLOW ST,,,,,41.32382,-72.916891,14,Motor Vehicle in Operation,3,Angle,1,On Roadway,1,Clear,88,Not Applicable,1,Daylight,1,Dry,0,None,88,Not Applicable,88,Not Applicable,0,None,88,Not Applicable,88,Not Applicable,2,Intersection,3,T-Intersection,1,No,1,No,88,Not Applicable,88,Not Applicable,88,Not Applicable,88,Not Applicable,FALSE,1,Public Road,1,"Trafficway, On Road",CT0009300,New Haven PD,32,33:03.0,C,Closed,01:30.0,,,,,,,
1047546,1,Complete,1047546,1047546,41.307174,-72.921592,3541731,New Haven,93,93,New Haven,5/11/2023,2023,5,May,11,5,Thursday,23:30:00,23,23018938,A,"Injury of any type (Serious, Minor, Possible)",C,Possible Injury (C),2,0,0,4,Local,0.71,726,ELM ST NO 2,ELM ST NO 2,,STATE ST,120,Feet,W,41.307174,-72.921592,14,Motor Vehicle in Operation,1,Front to rear,1,On Roadway,1,Clear,88,Not Applicable,4,Dark-Lighted,1,Dry,0,None,88,Not Applicable,88,Not Applicable,0,None,88,Not Applicable,88,Not Applicable,1,Non-Junction,1,Not at Intersection,1,No,1,No,88,Not Applicable,88,Not Applicable,88,Not Applicable,88,Not Applicable,FALSE,1,Public Road,1,"Trafficway, On Road",CT0009300,New Haven PD,44948,38:03.0,C,Closed,01:28.0,,,,,,,
1047551,1,Complete,1047551,1047551,41.297469,-72.948991,3541736,New Haven,93,93,New Haven,5/11/2023,2023,5,May,11,5,Thursday,19:00:00,19,23019069,A,"Injury of any type (Serious, Minor, Possible)",B,Suspected Minor Injury (B),1,0,0,2,USRoute,46.64,1,1-N,1-N,10-N,,,,,41.297469,-72.948991,5,Cargo/Equipment Loss or Shift,88,Not Applicable,1,On Roadway,1,Clear,88,Not Applicable,1,Daylight,1,Dry,0,None,88,Not Applicable,88,Not Applicable,0,None,88,Not Applicable,88,Not Applicable,2,Intersection,2,Four-Way Intersection,1,No,1,No,88,Not Applicable,88,Not Applicable,88,Not Applicable,88,Not Applicable,FALSE,1,Public Road,1,"Trafficway, On Road",CT0009300,New Haven PD,40802,46:09.0,C,Closed,01:32.0,,4,20500,3,PRINCIPAL ARTERIAL - OTHER - NEW HPMS,2,Urban
1048000,1,Complete,1048000,1048000,41.330145,-72.924689,3542185,New Haven,93,93,New Haven,5/10/2023,2023,5,May,10,4,Wednesday,17:50:00,17,23018770,A,"Injury of any type (Serious, Minor, Possible)",B,Suspected Minor Injury (B),2,0,0,4,Local,0.34,549,SHEFFIELD AV,SHEFFIELD AV,,HUNTINGTON ST,400,Feet,N,41.330145,-72.924689,14,Motor Vehicle in Operation,3,Angle,1,On Roadway,1,Clear,88,Not Applicable,1,Daylight,1,Dry,0,None,88,Not Applicable,88,Not Applicable,0,None,88,Not Applicable,88,Not Applicable,1,Non-Junction,1,Not at Intersection,1,No,1,No,88,Not Applicable,88,Not Applicable,88,Not Applicable,88,Not Applicable,FALSE,1,Public Road,1,"Trafficway, On Road",CT0009300,New Haven PD,44055,11:53.0,C,Closed,00:41.0,,,,,,,
1048003,1,Complete,1048003,1048003,41.314412,-72.901712,3542188,New Haven,93,93,New Haven,5/11/2023,2023,5,May,11,5,Thursday,15:31:00,15,23019011,A,"Injury of any type (Serious, Minor, Possible)",C,Possible Injury (C),2,0,0,4,Local,0.12,379,LOMBARD ST,LOMBARD ST,MONROE ST,,,,,41.314412,-72.901712,14,Motor Vehicle in Operation,2,Front to front,1,On Roadway,1,Clear,88,Not Applicable,1,Daylight,1,Dry,0,None,88,Not Applicable,88,Not Applicable,0,None,88,Not Applicable,88,Not Applicable,2,Intersection,2,Four-Way Intersection,1,No,1,No,88,Not Applicable,88,Not Applicable,88,Not Applicable,88,Not Applicable,FALSE,1,Public Road,1,"Trafficway, On Road",CT0009300,New Haven PD,42057,11:17.0,C,Closed,00:37.0,,,,,,,
1048012,1,Complete,1048012,1048012,41.287074,-72.890582,3542197,New Haven,93,93,New Haven,5/12/2023,2023,5,May,12,6,Friday,11:01:00,11,23019149,A,"Injury of any type (Serious, Minor, Possible)",B,Suspected Minor Injury (B),2,0,0,4,Local,0.31,295,HILLSIDE AV,HILLSIDE AV,PAGE ST,,,,,41.287074,-72.890582,14,Motor Vehicle in Operation,3,Angle,1,On Roadway,1,Clear,88,Not Applicable,1,Daylight,1,Dry,0,None,88,Not Applicable,88,Not Applicable,0,None,88,Not Applicable,88,Not Applicable,2,Intersection,3,T-Intersection,1,No,1,No,88,Not Applicable,88,Not Applicable,88,Not Applicable,88,Not Applicable,FALSE,1,Public Road,1,"Trafficway, On Road",CT0009300,New Haven PD,316,07:13.0,C,Closed,00:39.0,,,,,,,
1048013,1,Complete,1048013,1048013,41.330671,-72.921453,3542198,New Haven,93,93,New Haven,5/12/2023,2023,5,May,12,6,Friday,11:36:00,11,23019163,A,"Injury of any type (Serious, Minor, Possible)",A,Suspected Serious Injury (A),2,0,0,4,Local,1.33,495,PROSPECT ST,PROSPECT ST,HUNTINGTON ST,,,,,41.330671,-72.921453,14,Motor Vehicle in Operation,3,Angle,1,On Roadway,1,Clear,88,Not Applicable,1,Daylight,1,Dry,0,None,88,Not Applicable,88,Not Applicable,0,None,88,Not Applicable,88,Not Applicable,2,Intersection,2,Four-Way Intersection,1,No,1,No,88,Not Applicable,88,Not Applicable,88,Not Applicable,88,Not Applicable,FALSE,1,Public Road,1,"Trafficway, On Road",CT0009300,New Haven PD,87,47:31.0,C,Closed,00:47.0,,,,,,,
1048020,1,Complete,1048020,1048020,41.290611,-72.900398,3542205,New Haven,93,93,New Haven,5/12/2023,2023,5,May,12,6,Friday,17:35:00,17,23019222,A,"Injury of any type (Serious, Minor, Possible)",A,Suspected Serious Injury (A),2,0,0,4,Local,0.24,243,FULTON TER,FULTON TER,ALABAMA ST,,,,,41.290611,-72.900398,14,Motor Vehicle in Operation,97,Other,1,On Roadway,1,Clear,88,Not Applicable,1,Daylight,1,Dry,0,None,88,Not Applicable,88,Not Applicable,0,None,88,Not Applicable,88,Not Applicable,2,Intersection,2,Four-Way Intersection,1,No,1,No,88,Not Applicable,88,Not Applicable,88,Not Applicable,88,Not Applicable,FALSE,1,Public Road,1,"Trafficway, On Road",CT0009300,New Haven PD,416,55:34.0,C,Closed,00:36.0,,,,,,,
1048022,1,Complete,1048022,1048022,41.314914,-72.896981,3542207,New Haven,93,93,New Haven,5/12/2023,2023,5,May,12,6,Friday,21:05:00,21,23019231,A,"Injury of any type (Serious, Minor, Possible)",C,Possible Injury (C),2,0,0,4,Local,0.33,213,FERRY ST,FERRY ST,,LOMBARD ST,75,Feet,S,41.314914,-72.896981,14,Motor Vehicle in Operation,4,"Sideswipe, same direction",1,On Roadway,1,Clear,88,Not Applicable,4,Dark-Lighted,1,Dry,0,None,88,Not Applicable,88,Not Applicable,0,None,88,Not Applicable,88,Not Applicable,1,Non-Junction,1,Not at Intersection,1,No,1,No,88,Not Applicable,88,Not Applicable,88,Not Applicable,88,Not Applicable,FALSE,1,Public Road,1,"Trafficway, On Road",CT0009300,New Haven PD,44339,26:59.0,C,Closed,00:51.0,,,,,,,
1048040,1,Complete,1048040,1048040,41.30689,-72.902946,3542225,New Haven,93,93,New Haven,5/14/2023,2023,5,May,14,1,Sunday,19:06:00,19,23019489,A,"Injury of any type (Serious, Minor, Possible)",C,Possible Injury (C),1,1,0,4,Local,0.66,327,JAMES ST,JAMES ST,EXCHANGE ST,,,,,41.30689,-72.902946,10,Pedalcycle/Pedalcyclist,3,Angle,1,On Roadway,1,Clear,1,Clear,1,Daylight,1,Dry,0,None,88,Not Applicable,88,Not Applicable,0,None,88,Not Applicable,88,Not Applicable,2,Intersection,2,Four-Way Intersection,1,No,1,No,88,Not Applicable,88,Not Applicable,88,Not Applicable,88,Not Applicable,FALSE,1,Public Road,1,"Trafficway, On Road",CT0009300,New Haven PD,44060,48:23.0,C,Closed,00:58.0,,,,,,,
1048475,1,Complete,1048475,1048475,41.29261,-72.92103,3542660,New Haven,93,93,New Haven,5/14/2023,2023,5,May,14,1,Sunday,0:56:00,0,23019391,A,"Injury of any type (Serious, Minor, Possible)",C,Possible Injury (C),4,0,0,4,Local,0.68,359,SARGENT DR,SARGENT DR,,CHURCH ST S EXT,200,Feet,N,41.29261,-72.92103,14,Motor Vehicle in Operation,99,Unknown,1,On Roadway,1,Clear,88,Not Applicable,6,Dark-Unknown Lighting,1,Dry,0,None,88,Not Applicable,88,Not Applicable,0,None,88,Not Applicable,88,Not Applicable,1,Non-Junction,1,Not at Intersection,1,No,1,No,88,Not Applicable,88,Not Applicable,88,Not Applicable,88,Not Applicable,FALSE,1,Public Road,1,"Trafficway, On Road",CT0009300,New Haven PD,42366,23:45.0,O,Open,00:52.0,,,,,,,
1048476,1,Complete,1048476,1048476,41.338932,-72.976757,3542661,New Haven,93,93,New Haven,5/14/2023,2023,5,May,14,1,Sunday,7:40:00,7,23019406,A,"Injury of any type (Serious, Minor, Possible)",B,Suspected Minor Injury (B),2,0,0,3,State,0.31,69,69-N,69-N,POND LILY AV,,,,,41.338932,-72.976757,14,Motor Vehicle in Operation,1,Front to rear,1,On Roadway,1,Clear,88,Not Applicable,1,Daylight,1,Dry,0,None,88,Not Applicable,88,Not Applicable,0,None,88,Not Applicable,88,Not Applicable,2,Intersection,4,Y-Intersection,1,No,1,No,88,Not Applicable,88,Not Applicable,88,Not Applicable,88,Not Applicable,FALSE,1,Public Road,1,"Trafficway, On Road",CT0009300,New Haven PD,44063,15:45.0,C,Closed,00:50.0,,2,17400,3,PRINCIPAL ARTERIAL - OTHER - NEW HPMS,1,Rural
1048480,1,Complete,1048480,1048480,41.3295249,-72.9351788,3542665,New Haven,93,93,New Haven,5/14/2023,2023,5,May,14,1,Sunday,20:09:00,20,23019493,A,"Injury of any type (Serious, Minor, Possible)",B,Suspected Minor Injury (B),2,0,0,4,Local,1.18,152,DIXWELL AV,DIXWELL AV,HAZEL ST,,,,,41.3295249,-72.9351788,14,Motor Vehicle in Operation,1,Front to rear,1,On Roadway,1,Clear,88,Not Applicable,4,Dark-Lighted,1,Dry,0,None,88,Not Applicable,88,Not Applicable,0,None,88,Not Applicable,88,Not Applicable,3,Intersection-Related,3,T-Intersection,1,No,1,No,88,Not Applicable,88,Not Applicable,88,Not Applicable,88,Not Applicable,FALSE,1,Public Road,1,"Trafficway, On Road",CT0009300,New Haven PD,42048,06:57.0,C,Closed,00:56.0,,,,,,,
1048485,1,Complete,1048485,1048485,41.307585,-72.922706,3542670,New Haven,93,93,New Haven,5/15/2023,2023,5,May,15,2,Monday,14:37:00,14,23019605,A,"Injury of any type (Serious, Minor, Possible)",C,Possible Injury (C),2,0,0,4,Local,0.64,726,ELM ST NO 2,ELM ST NO 2,ORANGE ST NO 1,,,,,41.307585,-72.922706,14,Motor Vehicle in Operation,4,"Sideswipe, same direction",1,On Roadway,1,Clear,88,Not Applicable,1,Daylight,1,Dry,0,None,88,Not Applicable,88,Not Applicable,0,None,88,Not Applicable,88,Not Applicable,3,Intersection-Related,2,Four-Way Intersection,2,"Yes, School Bus Directly Involved",1,No,88,Not Applicable,88,Not Applicable,88,Not Applicable,88,Not Applicable,TRUE,1,Public Road,1,"Trafficway, On Road",CT0009300,New Haven PD,221,32:01.0,C,Closed,00:53.0,,,,,,,
1048488,1,Complete,1048488,1048488,41.332497,-72.935167,3542673,New Haven,93,93,New Haven,5/15/2023,2023,5,May,15,2,Monday,17:41:00,17,23019632,A,"Injury of any type (Serious, Minor, Possible)",C,Possible Injury (C),2,0,0,4,Local,1.38,152,DIXWELL AV,DIXWELL AV,BASSETT ST,,,,,41.332497,-72.935167,14,Motor Vehicle in Operation,4,"Sideswipe, same direction",1,On Roadway,1,Clear,88,Not Applicable,1,Daylight,1,Dry,0,None,88,Not Applicable,88,Not Applicable,0,None,88,Not Applicable,88,Not Applicable,3,Intersection-Related,2,Four-Way Intersection,1,No,1,No,88,Not Applicable,88,Not Applicable,88,Not Applicable,88,Not Applicable,TRUE,1,Public Road,1,"Trafficway, On Road",CT0009300,New Haven PD,30,16:04.0,C,Closed,00:52.0,NONE,,,,,,
1048934,1,Complete,1048934,1048934,41.3209,-72.93606,3543119,New Haven,93,93,New Haven,5/5/2023,2023,5,May,5,6,Friday,18:42:00,18,23018090,A,"Injury of any type (Serious, Minor, Possible)",C,Possible Injury (C),2,0,0,4,Local,1.42,453,ORCHARD ST,ORCHARD ST,HENRY ST,,,,,41.3209,-72.93606,14,Motor Vehicle in Operation,1,Front to rear,1,On Roadway,1,Clear,88,Not Applicable,1,Daylight,1,Dry,0,None,88,Not Applicable,88,Not Applicable,0,None,88,Not Applicable,88,Not Applicable,2,Intersection,2,Four-Way Intersection,1,No,1,No,88,Not Applicable,88,Not Applicable,88,Not Applicable,88,Not Applicable,TRUE,1,Public Road,1,"Trafficway, On Road",CT0009300,New Haven PD,504,56:21.0,C,Closed,00:14.0,,,,,,,
1048936,1,Complete,1048936,1048936,41.29022,-72.89415,3543121,New Haven,93,93,New Haven,5/13/2023,2023,5,May,13,7,Saturday,21:42:00,21,23019371,A,"Injury of any type (Serious, Minor, Possible)",B,Suspected Minor Injury (B),2,0,0,2,USRoute,50.15,1,1-N,1-N,WOODWARD AV,,,,,41.29022,-72.89415,14,Motor Vehicle in Operation,5,"Sideswipe, opposite direction",1,On Roadway,1,Clear,88,Not Applicable,5,Dark-Not Lighted,1,Dry,0,None,88,Not Applicable,88,Not Applicable,99,Unknown,88,Not Applicable,88,Not Applicable,2,Intersection,2,Four-Way Intersection,1,No,1,No,88,Not Applicable,88,Not Applicable,88,Not Applicable,88,Not Applicable,TRUE,1,Public Road,1,"Trafficway, On Road",CT0009300,New Haven PD,44056,58:09.0,C,Closed,00:11.0,,2,9400,3,PRINCIPAL ARTERIAL - OTHER - NEW HPMS,2,Urban
1048943,1,Complete,1048943,1048943,41.311988,-72.919121,3543128,New Haven,93,93,New Haven,5/15/2023,2023,5,May,15,2,Monday,14:55:00,14,23019726,A,"Injury of any type (Serious, Minor, Possible)",C,Possible Injury (C),2,0,0,4,Local,0.34,601,TRUMBULL ST,TRUMBULL ST,,ORANGE ST ,15,Feet,E,41.311988,-72.919121,14,Motor Vehicle in Operation,1,Front to rear,1,On Roadway,1,Clear,88,Not Applicable,1,Daylight,1,Dry,0,None,88,Not Applicable,88,Not Applicable,0,None,88,Not Applicable,88,Not Applicable,3,Intersection-Related,2,Four-Way Intersection,1,No,1,No,88,Not Applicable,88,Not Applicable,88,Not Applicable,88,Not Applicable,TRUE,1,Public Road,1,"Trafficway, On Road",CT0009300,New Haven PD,40790,55:11.0,C,Closed,00:10.0,,,,,,,