CrashId,Fatal Case Status,Fatal Case Status Text Format,CrashId,CrashId,Latitude,Longitude,DOT Case Number,Town Name,Town Number,Town Number,Town Number Text Format,Date Of Crash,Year,Month,Month Text Format,Day,Day of the Week,Day of the Week Text Format,Time of Crash,Hour of the Day,Case Identifier,Crash Severity,Crash Severity Text Format,Most Severe Injury,Most Severe Injury Text Format,Number Of Motor Vehicles,Number Of Non-Motorist,Number Of Witnesses,Route Class,Route Class Text Format,Milemarker,Road Number,Road Description,Roadway Name,Intersecting Roadway Name,Landmark Description,Distance From Nearest Landmark,Unit Of Measure From Nearest Landmark,Direction From Nearest Landmark,Latitude,Longitude,First Harmful Event,First Harmful Event Text Format,Manner of Crash / Collision Impact,Manner of Crash / Collision Impact Text Format,Location of First Harmful Event,Location of First Harmful Event Text Format,Weather Condition,Weather Condition Text Format,Weather 2,Weather 2 Text Format,Light Condition,Light Condition Text Format,Road Surface Condition,Road Surface Condition Text Format,"Contributing Circumstances, Environment","Contributing Circumstances, Environment Text Format",Environment 2,Environment 2 Text Format,Environment 3,Environment 3 Text Format,"Contributing Circumstances, Road","Contributing Circumstances, Road Text Format",Road 2,Road 2 Text Format,Road 3,Road 3 Text Format,Crash Specific Location,Crash Specific Location Text Format,Type of Intersection,Type of Intersection Text Format,School Bus Related,School Bus Related Text Format,Work Zone Related,Work Zone Related Text Format,Location Of Crash Relative To Work Zone,Location Of Crash Relative To Work Zone Text Format,Type of Work Zone,Type of Work Zone Text Format,Worker Presence,Worker Presence Text Format,Law Enforcement Presence,Law Enforcement Presence Text Format,Were Vehicles Moved Prior To Police Arrival,Trafficway Ownership,Trafficway Ownership Text Format,Trafficway Class,Trafficway Class Text Format,Police Agency,Police Agency Text Format,Badge Number,Approval Date,Police Case Status,Police Case Status Text Format,Crash Report Submission Date,Related Case Identifiers,No. of Through Lanes (Log Dir.),Average Daily Traffic,Functional Classification,Functional Classification Text Format,Rural or Urban,Rural or Urban Text Format
1048945,1,Complete,1048945,1048945,41.320972,-72.874496,3543130,New Haven,93,93,New Haven,5/16/2023,2023,5,May,16,3,Tuesday,16:05:00,16,23019752,A,"Injury of any type (Serious, Minor, Possible)",C,Possible Injury (C),2,0,0,3,State,0.41,80,80-E,80-E,,QUINNIPIAC AVE,100,Feet,W,41.320972,-72.874496,14,Motor Vehicle in Operation,1,Front to rear,1,On Roadway,1,Clear,88,Not Applicable,1,Daylight,1,Dry,0,None,88,Not Applicable,88,Not Applicable,0,None,88,Not Applicable,88,Not Applicable,1,Non-Junction,1,Not at Intersection,1,No,1,No,88,Not Applicable,88,Not Applicable,88,Not Applicable,88,Not Applicable,TRUE,1,Public Road,1,"Trafficway, On Road",CT0009300,New Haven PD,44176,44:43.0,C,Closed,00:08.0,,2,32300,3,PRINCIPAL ARTERIAL - OTHER - NEW HPMS,2,Urban
1048950,1,Complete,1048950,1048950,41.31664,-72.94238,3543135,New Haven,93,93,New Haven,5/16/2023,2023,5,May,16,3,Tuesday,17:53:00,17,23019799,A,"Injury of any type (Serious, Minor, Possible)",C,Possible Injury (C),2,0,1,4,Local,0.38,653,WHALLEY AV,WHALLEY AV,SHERMAN AV,,,,,41.31664,-72.94238,14,Motor Vehicle in Operation,1,Front to rear,1,On Roadway,1,Clear,88,Not Applicable,1,Daylight,1,Dry,0,None,88,Not Applicable,88,Not Applicable,0,None,88,Not Applicable,88,Not Applicable,2,Intersection,2,Four-Way Intersection,1,No,1,No,88,Not Applicable,88,Not Applicable,88,Not Applicable,88,Not Applicable,FALSE,1,Public Road,1,"Trafficway, On Road",CT0009300,New Haven PD,44175,44:53.0,C,Closed,00:12.0,,,,,,,
1049270,1,Complete,1049270,1049270,41.29695,-72.89274,3543455,New Haven,93,93,New Haven,4/17/2023,2023,4,April,17,2,Monday,13:00:00,13,23015264,A,"Injury of any type (Serious, Minor, Possible)",C,Possible Injury (C),2,0,0,4,Local,0.18,210,FARREN AV,FARREN AV,FULTON ST,,,,,41.29695,-72.89274,14,Motor Vehicle in Operation,4,"Sideswipe, same direction",1,On Roadway,2,Cloudy,88,Not Applicable,1,Daylight,1,Dry,0,None,88,Not Applicable,88,Not Applicable,0,None,88,Not Applicable,88,Not Applicable,1,Non-Junction,1,Not at Intersection,1,No,1,No,88,Not Applicable,88,Not Applicable,88,Not Applicable,88,Not Applicable,TRUE,1,Public Road,1,"Trafficway, On Road",CT0009300,New Haven PD,175,15:57.0,C,Closed,01:44.0,,,,,,,
1049271,1,Complete,1049271,1049271,41.30484895,-72.95244242,3543456,New Haven,93,93,New Haven,5/11/2023,2023,5,May,11,5,Thursday,7:47:00,7,23018962,A,"Injury of any type (Serious, Minor, Possible)",C,Possible Injury (C),2,0,0,3,State,2.01,10,10-N,10-N,,LEGION AVE,205,Feet,S,41.30484895,-72.95244242,14,Motor Vehicle in Operation,1,Front to rear,1,On Roadway,1,Clear,88,Not Applicable,1,Daylight,1,Dry,0,None,88,Not Applicable,88,Not Applicable,0,None,88,Not Applicable,88,Not Applicable,1,Non-Junction,1,Not at Intersection,1,No,1,No,88,Not Applicable,88,Not Applicable,88,Not Applicable,88,Not Applicable,FALSE,1,Public Road,1,"Trafficway, On Road",CT0009300,New Haven PD,301,15:20.0,C,Closed,01:41.0,,2,20800,3,PRINCIPAL ARTERIAL - OTHER - NEW HPMS,2,Urban
1049280,1,Complete,1049280,1049280,41.30978,-72.945282,3543465,New Haven,93,93,New Haven,5/17/2023,2023,5,May,17,4,Wednesday,14:33:00,14,23019924,A,"Injury of any type (Serious, Minor, Possible)",C,Possible Injury (C),2,0,0,4,Local,0.26,248,GEORGE ST,GEORGE ST,SHERMAN AV,,,,,41.30978,-72.945282,14,Motor Vehicle in Operation,3,Angle,1,On Roadway,1,Clear,88,Not Applicable,1,Daylight,1,Dry,0,None,88,Not Applicable,88,Not Applicable,0,None,88,Not Applicable,88,Not Applicable,2,Intersection,2,Four-Way Intersection,1,No,1,No,88,Not Applicable,88,Not Applicable,88,Not Applicable,88,Not Applicable,FALSE,1,Public Road,1,"Trafficway, On Road",CT0009300,New Haven PD,42048,25:51.0,C,Closed,01:41.0,,,,,,,
1049283,1,Complete,1049283,1049283,41.313656,-72.878805,3543468,New Haven,93,93,New Haven,5/17/2023,2023,5,May,17,4,Wednesday,20:19:00,20,23019985,A,"Injury of any type (Serious, Minor, Possible)",B,Suspected Minor Injury (B),2,0,0,4,Local,1.67,498,QUINNIPIAC AV,QUINNIPIAC AV,HEMINGWAY ST,,,,,41.313656,-72.878805,14,Motor Vehicle in Operation,3,Angle,1,On Roadway,1,Clear,88,Not Applicable,5,Dark-Not Lighted,1,Dry,0,None,88,Not Applicable,88,Not Applicable,0,None,88,Not Applicable,88,Not Applicable,2,Intersection,3,T-Intersection,1,No,1,No,88,Not Applicable,88,Not Applicable,88,Not Applicable,88,Not Applicable,FALSE,1,Public Road,1,"Trafficway, On Road",CT0009300,New Haven PD,42367,26:55.0,C,Closed,01:42.0,,,,,,,
1049569,1,Complete,1049569,1049569,41.313129,-72.943769,3543754,New Haven,93,93,New Haven,5/10/2023,2023,5,May,10,4,Wednesday,23:07:00,23,23018939,A,"Injury of any type (Serious, Minor, Possible)",C,Possible Injury (C),6,0,0,4,Local,1.46,179,EDGEWOOD AV,EDGEWOOD AV,SHERMAN AV,,,,,41.313129,-72.943769,14,Motor Vehicle in Operation,1,Front to rear,1,On Roadway,1,Clear,88,Not Applicable,4,Dark-Lighted,1,Dry,0,None,88,Not Applicable,88,Not Applicable,0,None,88,Not Applicable,88,Not Applicable,2,Intersection,3,T-Intersection,1,No,1,No,88,Not Applicable,88,Not Applicable,88,Not Applicable,88,Not Applicable,TRUE,1,Public Road,1,"Trafficway, On Road",CT0009300,New Haven PD,39,56:19.0,C,Closed,00:27.0,23018939,,,,,,
1049577,1,Complete,1049577,1049577,41.328373,-72.932335,3543762,New Haven,93,93,New Haven,5/18/2023,2023,5,May,18,5,Thursday,0:47:00,0,23020008,A,"Injury of any type (Serious, Minor, Possible)",C,Possible Injury (C),2,0,0,4,Local,0.02,574,STARR ST NO 1,STARR ST NO 1,,SHELTON ST,75,Feet,E,41.328373,-72.932335,14,Motor Vehicle in Operation,4,"Sideswipe, same direction",1,On Roadway,1,Clear,88,Not Applicable,4,Dark-Lighted,1,Dry,0,None,88,Not Applicable,88,Not Applicable,0,None,88,Not Applicable,88,Not Applicable,1,Non-Junction,1,Not at Intersection,1,No,1,No,88,Not Applicable,88,Not Applicable,88,Not Applicable,88,Not Applicable,FALSE,1,Public Road,1,"Trafficway, On Road",CT0009300,New Haven PD,44949,55:24.0,C,Closed,00:30.0,,,,,,,
1049579,1,Complete,1049579,1049579,41.32284,-72.87894,3543764,New Haven,93,93,New Haven,5/18/2023,2023,5,May,18,5,Thursday,14:30:00,14,23020069,A,"Injury of any type (Serious, Minor, Possible)",B,Suspected Minor Injury (B),2,0,0,3,State,0.15,80,80-E,80-E,,MIDDLETOWN AVE,200,Feet,E,41.32284,-72.87894,14,Motor Vehicle in Operation,3,Angle,1,On Roadway,1,Clear,88,Not Applicable,1,Daylight,1,Dry,0,None,88,Not Applicable,88,Not Applicable,0,None,88,Not Applicable,88,Not Applicable,1,Non-Junction,1,Not at Intersection,1,No,1,No,88,Not Applicable,88,Not Applicable,88,Not Applicable,88,Not Applicable,FALSE,1,Public Road,1,"Trafficway, On Road",CT0009300,New Haven PD,42367,52:38.0,C,Closed,00:32.0,,2,32300,3,PRINCIPAL ARTERIAL - OTHER - NEW HPMS,2,Urban
1050023,1,Complete,1050023,1050023,41.30953,-72.92723,3544208,New Haven,93,93,New Haven,5/13/2023,2023,5,May,13,7,Saturday,19:46:00,19,23019363,A,"Injury of any type (Serious, Minor, Possible)",C,Possible Injury (C),2,0,0,4,Local,0.38,726,ELM ST NO 2,ELM ST NO 2,COLLEGE ST,,,,W,41.30953,-72.92723,14,Motor Vehicle in Operation,4,"Sideswipe, same direction",1,On Roadway,1,Clear,88,Not Applicable,4,Dark-Lighted,1,Dry,0,None,88,Not Applicable,88,Not Applicable,0,None,88,Not Applicable,88,Not Applicable,3,Intersection-Related,2,Four-Way Intersection,1,No,1,No,88,Not Applicable,88,Not Applicable,88,Not Applicable,88,Not Applicable,FALSE,1,Public Road,1,"Trafficway, On Road",CT0009300,New Haven PD,44049,23:43.0,C,Closed,01:41.0,,,,,,,
1050028,1,Complete,1050028,1050028,41.317383,-72.944534,3544213,New Haven,93,93,New Haven,5/17/2023,2023,5,May,17,4,Wednesday,12:11:00,12,23019909,A,"Injury of any type (Serious, Minor, Possible)",C,Possible Injury (C),2,0,1,4,Local,0.26,653,WHALLEY AV,WHALLEY AV,WINTHROP AV NO 2,,,,,41.317383,-72.944534,14,Motor Vehicle in Operation,3,Angle,1,On Roadway,1,Clear,88,Not Applicable,1,Daylight,1,Dry,0,None,88,Not Applicable,88,Not Applicable,0,None,88,Not Applicable,88,Not Applicable,2,Intersection,2,Four-Way Intersection,1,No,1,No,88,Not Applicable,88,Not Applicable,88,Not Applicable,88,Not Applicable,FALSE,1,Public Road,1,"Trafficway, On Road",CT0009300,New Haven PD,91,47:01.0,C,Closed,01:34.0,,,,,,,
1050031,1,Complete,1050031,1050031,41.33288228,-72.94926408,3544216,New Haven,93,93,New Haven,5/18/2023,2023,5,May,18,5,Thursday,14:58:00,14,23020072,A,"Injury of any type (Serious, Minor, Possible)",C,Possible Injury (C),3,0,0,3,State,4.13,10,10-S,10-S,WINTERGREEN AV,,,,,41.33288228,-72.94926408,14,Motor Vehicle in Operation,3,Angle,1,On Roadway,1,Clear,88,Not Applicable,1,Daylight,1,Dry,0,None,88,Not Applicable,88,Not Applicable,0,None,88,Not Applicable,88,Not Applicable,2,Intersection,3,T-Intersection,1,No,1,No,88,Not Applicable,88,Not Applicable,88,Not Applicable,88,Not Applicable,FALSE,1,Public Road,1,"Trafficway, On Road",CT0009300,New Haven PD,66,03:21.0,C,Closed,01:24.0,,1,13200,4,MINOR ARTERIAL - NEW HPMS,1,Rural
1050034,1,Complete,1050034,1050034,41.32325,-72.94483,3544219,New Haven,93,93,New Haven,5/18/2023,2023,5,May,18,5,Thursday,18:36:00,18,23020126,A,"Injury of any type (Serious, Minor, Possible)",B,Suspected Minor Injury (B),2,0,0,4,Local,0.24,420,MORELAND RD,MORELAND RD,ELLSWORTH AV,,,,,41.32325,-72.94483,14,Motor Vehicle in Operation,1,Front to rear,1,On Roadway,1,Clear,88,Not Applicable,1,Daylight,1,Dry,0,None,88,Not Applicable,88,Not Applicable,0,None,88,Not Applicable,88,Not Applicable,3,Intersection-Related,2,Four-Way Intersection,1,No,1,No,88,Not Applicable,88,Not Applicable,88,Not Applicable,88,Not Applicable,FALSE,1,Public Road,1,"Trafficway, On Road",CT0009300,New Haven PD,44062,30:48.0,C,Closed,01:42.0,,,,,,,
1050039,1,Complete,1050039,1050039,41.30846,-72.90319,3544224,New Haven,93,93,New Haven,5/19/2023,2023,5,May,19,6,Friday,16:25:00,16,23020232,A,"Injury of any type (Serious, Minor, Possible)",B,Suspected Minor Injury (B),2,0,0,4,Local,0.92,264,GRAND AV,GRAND AV,JAMES ST,,,,,41.30846,-72.90319,14,Motor Vehicle in Operation,2,Front to front,1,On Roadway,1,Clear,88,Not Applicable,1,Daylight,1,Dry,0,None,88,Not Applicable,88,Not Applicable,0,None,88,Not Applicable,88,Not Applicable,2,Intersection,2,Four-Way Intersection,1,No,1,No,88,Not Applicable,88,Not Applicable,88,Not Applicable,88,Not Applicable,FALSE,1,Public Road,1,"Trafficway, On Road",CT0009300,New Haven PD,42057,27:15.0,C,Closed,01:28.0,,,,,,,
1050040,1,Complete,1050040,1050040,41.327564,-72.953018,3544225,New Haven,93,93,New Haven,5/19/2023,2023,5,May,19,6,Friday,17:22:00,17,23020241,A,"Injury of any type (Serious, Minor, Possible)",C,Possible Injury (C),2,0,0,3,State,3.88,10,10-N,10-N,,Blake St ,55,Feet,E,41.327564,-72.953018,14,Motor Vehicle in Operation,1,Front to rear,1,On Roadway,1,Clear,88,Not Applicable,1,Daylight,1,Dry,0,None,88,Not Applicable,88,Not Applicable,0,None,88,Not Applicable,88,Not Applicable,9,Driveway Access-Related,1,Not at Intersection,1,No,1,No,88,Not Applicable,88,Not Applicable,88,Not Applicable,88,Not Applicable,TRUE,1,Public Road,1,"Trafficway, On Road",CT0009300,New Haven PD,44175,33:28.0,C,Closed,01:31.0,,1,13200,4,MINOR ARTERIAL - NEW HPMS,1,Rural
1050041,1,Complete,1050041,1050041,41.297475,-72.948909,3544226,New Haven,93,93,New Haven,5/19/2023,2023,5,May,19,6,Friday,17:57:00,17,23020246,A,"Injury of any type (Serious, Minor, Possible)",C,Possible Injury (C),3,0,1,2,USRoute,46.64,1,1-N,1-N,10-N,,,,,41.297475,-72.948909,14,Motor Vehicle in Operation,3,Angle,1,On Roadway,1,Clear,88,Not Applicable,1,Daylight,1,Dry,0,None,88,Not Applicable,88,Not Applicable,0,None,88,Not Applicable,88,Not Applicable,3,Intersection-Related,2,Four-Way Intersection,1,No,1,No,88,Not Applicable,88,Not Applicable,88,Not Applicable,88,Not Applicable,TRUE,1,Public Road,1,"Trafficway, On Road",CT0009300,New Haven PD,40814,50:12.0,O,Open,01:30.0,,2,20700,3,PRINCIPAL ARTERIAL - OTHER - NEW HPMS,2,Urban
1050042,1,Complete,1050042,1050042,41.3177987,-72.9197263,3544227,New Haven,93,93,New Haven,5/19/2023,2023,5,May,19,6,Friday,18:03:00,18,23020249,A,"Injury of any type (Serious, Minor, Possible)",B,Suspected Minor Injury (B),1,1,0,4,Local,0.52,656,WHITNEY AV,WHITNEY AV,HUMPHREY ST,,,,,41.3177987,-72.9197263,10,Pedalcycle/Pedalcyclist,1,Front to rear,1,On Roadway,1,Clear,88,Not Applicable,1,Daylight,1,Dry,0,None,88,Not Applicable,88,Not Applicable,0,None,88,Not Applicable,88,Not Applicable,2,Intersection,2,Four-Way Intersection,1,No,1,No,88,Not Applicable,88,Not Applicable,88,Not Applicable,88,Not Applicable,TRUE,1,Public Road,1,"Trafficway, On Road",CT0009300,New Haven PD,40953,36:36.0,O,Open,01:30.0,,,,,,,
1050045,1,Complete,1050045,1050045,41.32217,-72.953399,3544230,New Haven,93,93,New Haven,5/19/2023,2023,5,May,19,6,Friday,21:04:00,21,23020270,A,"Injury of any type (Serious, Minor, Possible)",B,Suspected Minor Injury (B),1,4,0,3,State,3.17,10,10-N,10-N,OSBORN AV,,,,,41.32217,-72.953399,9,Pedestrian,88,Not Applicable,1,On Roadway,1,Clear,88,Not Applicable,4,Dark-Lighted,1,Dry,0,None,88,Not Applicable,88,Not Applicable,0,None,88,Not Applicable,88,Not Applicable,2,Intersection,3,T-Intersection,1,No,1,No,88,Not Applicable,88,Not Applicable,88,Not Applicable,88,Not Applicable,FALSE,1,Public Road,1,"Trafficway, On Road",CT0009300,New Haven PD,9,25:05.0,O,Open,01:35.0,,4,18000,3,PRINCIPAL ARTERIAL - OTHER - NEW HPMS,2,Urban
1050047,1,Complete,1050047,1050047,41.307213,-72.932526,3544232,New Haven,93,93,New Haven,5/19/2023,2023,5,May,19,6,Friday,23:30:00,23,23020280,A,"Injury of any type (Serious, Minor, Possible)",B,Suspected Minor Injury (B),2,0,2,4,Local,0.35,766,YORK ST,YORK ST,CROWN ST,,,,,41.307213,-72.932526,14,Motor Vehicle in Operation,5,"Sideswipe, opposite direction",1,On Roadway,1,Clear,88,Not Applicable,4,Dark-Lighted,1,Dry,0,None,88,Not Applicable,88,Not Applicable,0,None,88,Not Applicable,88,Not Applicable,2,Intersection,2,Four-Way Intersection,1,No,1,No,88,Not Applicable,88,Not Applicable,88,Not Applicable,88,Not Applicable,TRUE,1,Public Road,1,"Trafficway, On Road",CT0009300,New Haven PD,44948,59:32.0,O,Open,01:33.0,23-020280,,,,,,
1050051,1,Complete,1050051,1050051,41.32823,-72.92884,3544236,New Haven,93,93,New Haven,5/20/2023,2023,5,May,20,7,Saturday,7:36:00,7,23020311,A,"Injury of any type (Serious, Minor, Possible)",C,Possible Injury (C),2,0,0,4,Local,0.1,720,HAZEL ST,HAZEL ST,NEWHALL ST,,,,,41.32823,-72.92884,14,Motor Vehicle in Operation,2,Front to front,1,On Roadway,1,Clear,88,Not Applicable,2,Dawn,1,Dry,0,None,88,Not Applicable,88,Not Applicable,0,None,88,Not Applicable,88,Not Applicable,3,Intersection-Related,2,Four-Way Intersection,1,No,1,No,88,Not Applicable,88,Not Applicable,88,Not Applicable,88,Not Applicable,FALSE,1,Public Road,1,"Trafficway, On Road",CT0009300,New Haven PD,44062,42:22.0,C,Closed,01:33.0,,,,,,,
1050059,1,Complete,1050059,1050059,41.319866,-72.913361,3544244,New Haven,93,93,New Haven,5/20/2023,2023,5,May,20,7,Saturday,15:39:00,15,23020350,A,"Injury of any type (Serious, Minor, Possible)",C,Possible Injury (C),2,0,0,4,Local,0.57,450,ORANGE ST NO 1,ORANGE ST NO 1,COTTAGE ST,,,,,41.319866,-72.913361,14,Motor Vehicle in Operation,3,Angle,1,On Roadway,4,Rain,88,Not Applicable,1,Daylight,2,Wet,0,None,88,Not Applicable,88,Not Applicable,0,None,88,Not Applicable,88,Not Applicable,2,Intersection,2,Four-Way Intersection,1,No,1,No,88,Not Applicable,88,Not Applicable,88,Not Applicable,88,Not Applicable,FALSE,1,Public Road,1,"Trafficway, On Road",CT0009300,New Haven PD,42052,25:58.0,C,Closed,01:38.0,,,,,,,
1050063,1,Complete,1050063,1050063,41.33053,-72.97755,3544248,New Haven,93,93,New Haven,5/20/2023,2023,5,May,20,7,Saturday,20:56:00,20,23020376,A,"Injury of any type (Serious, Minor, Possible)",A,Suspected Serious Injury (A),2,0,0,4,Local,0.14,501,RAMSDELL ST,RAMSDELL ST,FAIRFIELD ST NO 1,,,,,41.33053,-72.97755,14,Motor Vehicle in Operation,3,Angle,1,On Roadway,4,Rain,88,Not Applicable,4,Dark-Lighted,2,Wet,0,None,88,Not Applicable,88,Not Applicable,0,None,88,Not Applicable,88,Not Applicable,2,Intersection,2,Four-Way Intersection,1,No,1,No,88,Not Applicable,88,Not Applicable,88,Not Applicable,88,Not Applicable,FALSE,1,Public Road,1,"Trafficway, On Road",CT0009300,New Haven PD,170,32:45.0,C,Closed,01:36.0,,,,,,,
1050073,1,Complete,1050073,1050073,41.295767,-72.916654,3544258,New Haven,93,93,New Haven,5/21/2023,2023,5,May,21,1,Sunday,17:27:00,17,23020484,A,"Injury of any type (Serious, Minor, Possible)",A,Suspected Serious Injury (A),2,0,0,4,Local,0.81,513,LONG WHARF DR,LONG WHARF DR,CANAL DOCK RD,,,,,41.295767,-72.916654,14,Motor Vehicle in Operation,4,"Sideswipe, same direction",1,On Roadway,1,Clear,88,Not Applicable,1,Daylight,1,Dry,0,None,88,Not Applicable,88,Not Applicable,0,None,88,Not Applicable,88,Not Applicable,2,Intersection,2,Four-Way Intersection,1,No,1,No,88,Not Applicable,88,Not Applicable,88,Not Applicable,88,Not Applicable,FALSE,1,Public Road,1,"Trafficway, On Road",CT0009300,New Haven PD,44052,14:31.0,C,Closed,01:52.0,,,,,,,
1050074,1,Complete,1050074,1050074,41.30964,-72.93697,3544259,New Haven,93,93,New Haven,5/21/2023,2023,5,May,21,1,Sunday,19:09:00,19,23020489,A,"Injury of any type (Serious, Minor, Possible)",C,Possible Injury (C),3,0,1,4,Local,0.3,160,DWIGHT ST,DWIGHT ST,CHAPEL ST,,,,,41.30964,-72.93697,14,Motor Vehicle in Operation,3,Angle,1,On Roadway,1,Clear,88,Not Applicable,1,Daylight,1,Dry,0,None,88,Not Applicable,88,Not Applicable,0,None,88,Not Applicable,88,Not Applicable,2,Intersection,5,L-Intersection,1,No,1,No,88,Not Applicable,88,Not Applicable,88,Not Applicable,88,Not Applicable,FALSE,1,Public Road,1,"Trafficway, On Road",CT0009300,New Haven PD,11439,41:16.0,C,Closed,01:50.0,,,,,,,
1051715,1,Complete,1051715,1051715,41.332584,-72.937874,3544930,New Haven,93,93,New Haven,5/22/2023,2023,5,May,22,2,Monday,13:44:00,13,23020455,A,"Injury of any type (Serious, Minor, Possible)",C,Possible Injury (C),2,0,0,4,Local,0.95,557,SHERMAN PKWY,SHERMAN PKWY,BASSETT ST,,,,,41.332584,-72.937874,14,Motor Vehicle in Operation,3,Angle,1,On Roadway,1,Clear,88,Not Applicable,1,Daylight,1,Dry,0,None,88,Not Applicable,88,Not Applicable,0,None,88,Not Applicable,88,Not Applicable,2,Intersection,2,Four-Way Intersection,1,No,1,No,88,Not Applicable,88,Not Applicable,88,Not Applicable,88,Not Applicable,TRUE,1,Public Road,1,"Trafficway, On Road",CT0009300,New Haven PD,45132,27:26.0,O,Open,01:36.0,,,,,,,
1052050,1,Complete,1052050,1052050,41.30086,-72.91545,3545265,New Haven,93,93,New Haven,5/12/2023,2023,5,May,12,6,Friday,23:22:00,23,23019252,A,"Injury of any type (Serious, Minor, Possible)",C,Possible Injury (C),2,0,0,2,USRoute,48.72,1,1-N,1-N,CHESTNUT ST NO 1,,,,,41.30086,-72.91545,14,Motor Vehicle in Operation,4,"Sideswipe, same direction",1,On Roadway,1,Clear,88,Not Applicable,4,Dark-Lighted,1,Dry,0,None,88,Not Applicable,88,Not Applicable,0,None,88,Not Applicable,88,Not Applicable,2,Intersection,3,T-Intersection,1,No,1,No,88,Not Applicable,88,Not Applicable,88,Not Applicable,88,Not Applicable,FALSE,1,Public Road,1,"Trafficway, On Road",CT0009300,New Haven PD,43776,45:56.0,C,Closed,00:16.0,,1,9800,3,PRINCIPAL ARTERIAL - OTHER - NEW HPMS,1,Rural
1052051,1,Complete,1052051,1052051,41.315384,-72.950867,3545266,New Haven,93,93,New Haven,5/20/2023,2023,5,May,20,7,Saturday,2:15:00,2,23020349,A,"Injury of any type (Serious, Minor, Possible)",C,Possible Injury (C),2,0,0,3,State,2.58,10,10-N,10-N,EDGEWOOD AV,,,,,41.315384,-72.950867,14,Motor Vehicle in Operation,1,Front to rear,1,On Roadway,4,Rain,88,Not Applicable,97,Other,2,Wet,1,Weather Conditions,88,Not Applicable,88,Not Applicable,0,None,88,Not Applicable,88,Not Applicable,3,Intersection-Related,2,Four-Way Intersection,1,No,1,No,88,Not Applicable,88,Not Applicable,88,Not Applicable,88,Not Applicable,FALSE,1,Public Road,1,"Trafficway, On Road",CT0009300,New Haven PD,42046,47:17.0,C,Closed,00:15.0,,1,19800,3,PRINCIPAL ARTERIAL - OTHER - NEW HPMS,1,Rural
1052398,1,Complete,1052398,1052398,41.2909,-72.94147,923114,New Haven,93,93,New Haven,5/24/2023,2023,5,May,24,4,Wednesday,19:34:00,19,23021021,K,Fatal (Kill),K,Fatal Injury (K),3,0,0,3,State,0.7,10,10-N,10-N,WASHINGTON AV NO 1,,,,,41.2909,-72.94147,14,Motor Vehicle in Operation,99,Unknown,1,On Roadway,1,Clear,88,Not Applicable,1,Daylight,1,Dry,0,None,88,Not Applicable,88,Not Applicable,0,None,88,Not Applicable,88,Not Applicable,2,Intersection,2,Four-Way Intersection,1,No,1,No,88,Not Applicable,88,Not Applicable,88,Not Applicable,88,Not Applicable,FALSE,1,Public Road,1,"Trafficway, On Road",CT0009300,New Haven PD,42370,55:52.0,O,Open,01:31.0,,2,18000,3,PRINCIPAL ARTERIAL - OTHER - NEW HPMS,2,Urban
1053180,1,Complete,1053180,1053180,41.312416,-72.934952,3546395,New Haven,93,93,New Haven,5/26/2023,2023,5,May,26,6,Friday,10:54:00,10,23021217,A,"Injury of any type (Serious, Minor, Possible)",C,Possible Injury (C),2,0,0,4,Local,0.08,160,DWIGHT ST,DWIGHT ST,ELM ST NO 1,,,,,41.312416,-72.934952,14,Motor Vehicle in Operation,3,Angle,1,On Roadway,1,Clear,1,Clear,1,Daylight,1,Dry,0,None,88,Not Applicable,88,Not Applicable,0,None,88,Not Applicable,88,Not Applicable,2,Intersection,2,Four-Way Intersection,1,No,1,No,88,Not Applicable,88,Not Applicable,88,Not Applicable,88,Not Applicable,FALSE,1,Public Road,1,"Trafficway, On Road",CT0009300,New Haven PD,465,02:13.0,C,Closed,01:40.0,,,,,,,
1053184,1,Complete,1053184,1053184,41.32093651,-72.87396256,3546399,New Haven,93,93,New Haven,5/26/2023,2023,5,May,26,6,Friday,13:23:00,13,23021234,A,"Injury of any type (Serious, Minor, Possible)",C,Possible Injury (C),2,0,0,3,State,0.44,80,80-E,80-E,103-N,,,,E,41.32093651,-72.87396256,14,Motor Vehicle in Operation,1,Front to rear,1,On Roadway,1,Clear,88,Not Applicable,1,Daylight,1,Dry,0,None,88,Not Applicable,88,Not Applicable,3,Backup Due to Regular Congestion,88,Not Applicable,88,Not Applicable,2,Intersection,2,Four-Way Intersection,1,No,1,No,88,Not Applicable,88,Not Applicable,88,Not Applicable,88,Not Applicable,TRUE,1,Public Road,1,"Trafficway, On Road",CT0009300,New Haven PD,86,41:55.0,C,Closed,01:44.0,,2,32300,3,PRINCIPAL ARTERIAL - OTHER - NEW HPMS,2,Urban
1053193,1,Complete,1053193,1053193,41.329285,-72.968788,3546408,New Haven,93,93,New Haven,5/27/2023,2023,5,May,27,7,Saturday,11:00:00,11,23021356,A,"Injury of any type (Serious, Minor, Possible)",A,Suspected Serious Injury (A),3,0,0,3,State,0.72,63,63-N,63-N,,DAYTON ST,50,Feet,W,41.329285,-72.968788,14,Motor Vehicle in Operation,3,Angle,1,On Roadway,1,Clear,88,Not Applicable,1,Daylight,1,Dry,0,None,88,Not Applicable,88,Not Applicable,0,None,88,Not Applicable,88,Not Applicable,1,Non-Junction,1,Not at Intersection,1,No,1,No,88,Not Applicable,88,Not Applicable,88,Not Applicable,88,Not Applicable,FALSE,1,Public Road,1,"Trafficway, On Road",CT0009300,New Haven PD,44948,36:24.0,C,Closed,01:56.0,,2,23000,3,PRINCIPAL ARTERIAL - OTHER - NEW HPMS,1,Rural