CrashId,Fatal Case Status,Fatal Case Status Text Format,CrashId,CrashId,Latitude,Longitude,DOT Case Number,Town Name,Town Number,Town Number,Town Number Text Format,Date Of Crash,Year,Month,Month Text Format,Day,Day of the Week,Day of the Week Text Format,Time of Crash,Hour of the Day,Case Identifier,Crash Severity,Crash Severity Text Format,Most Severe Injury,Most Severe Injury Text Format,Number Of Motor Vehicles,Number Of Non-Motorist,Number Of Witnesses,Route Class,Route Class Text Format,Milemarker,Road Number,Road Description,Roadway Name,Intersecting Roadway Name,Landmark Description,Distance From Nearest Landmark,Unit Of Measure From Nearest Landmark,Direction From Nearest Landmark,Latitude,Longitude,First Harmful Event,First Harmful Event Text Format,Manner of Crash / Collision Impact,Manner of Crash / Collision Impact Text Format,Location of First Harmful Event,Location of First Harmful Event Text Format,Weather Condition,Weather Condition Text Format,Weather 2,Weather 2 Text Format,Light Condition,Light Condition Text Format,Road Surface Condition,Road Surface Condition Text Format,"Contributing Circumstances, Environment","Contributing Circumstances, Environment Text Format",Environment 2,Environment 2 Text Format,Environment 3,Environment 3 Text Format,"Contributing Circumstances, Road","Contributing Circumstances, Road Text Format",Road 2,Road 2 Text Format,Road 3,Road 3 Text Format,Crash Specific Location,Crash Specific Location Text Format,Type of Intersection,Type of Intersection Text Format,School Bus Related,School Bus Related Text Format,Work Zone Related,Work Zone Related Text Format,Location Of Crash Relative To Work Zone,Location Of Crash Relative To Work Zone Text Format,Type of Work Zone,Type of Work Zone Text Format,Worker Presence,Worker Presence Text Format,Law Enforcement Presence,Law Enforcement Presence Text Format,Were Vehicles Moved Prior To Police Arrival,Trafficway Ownership,Trafficway Ownership Text Format,Trafficway Class,Trafficway Class Text Format,Police Agency,Police Agency Text Format,Badge Number,Approval Date,Police Case Status,Police Case Status Text Format,Crash Report Submission Date,Related Case Identifiers,No. of Through Lanes (Log Dir.),Average Daily Traffic,Functional Classification,Functional Classification Text Format,Rural or Urban,Rural or Urban Text Format
1058649,1,Complete,1058649,1058649,41.300689,-72.910885,3550865,New Haven,93,93,New Haven,5/25/2023,2023,5,May,25,5,Thursday,16:50:00,16,23021120,A,"Injury of any type (Serious, Minor, Possible)",C,Possible Injury (C),2,0,0,4,Local,1.07,165,EAST ST,EAST ST,WATER ST,,,,,41.300689,-72.910885,14,Motor Vehicle in Operation,4,"Sideswipe, same direction",1,On Roadway,1,Clear,88,Not Applicable,1,Daylight,1,Dry,0,None,88,Not Applicable,88,Not Applicable,0,None,88,Not Applicable,88,Not Applicable,2,Intersection,2,Four-Way Intersection,1,No,1,No,88,Not Applicable,88,Not Applicable,88,Not Applicable,88,Not Applicable,FALSE,1,Public Road,1,"Trafficway, On Road",CT0009300,New Haven PD,991,16:02.0,C,Closed,00:40.0,,,,,,,
1058652,1,Complete,1058652,1058652,41.290678,-72.936891,3550868,New Haven,93,93,New Haven,6/10/2023,2023,6,June,10,7,Saturday,20:17:00,20,23022745,A,"Injury of any type (Serious, Minor, Possible)",C,Possible Injury (C),2,0,0,4,Local,0.19,350,LAMBERTON ST,LAMBERTON ST,HURLBURT ST,,,,,41.290678,-72.936891,14,Motor Vehicle in Operation,3,Angle,1,On Roadway,1,Clear,88,Not Applicable,1,Daylight,1,Dry,0,None,88,Not Applicable,88,Not Applicable,0,None,88,Not Applicable,88,Not Applicable,2,Intersection,3,T-Intersection,1,No,1,No,88,Not Applicable,88,Not Applicable,88,Not Applicable,88,Not Applicable,FALSE,1,Public Road,1,"Trafficway, On Road",CT0009300,New Haven PD,33016,19:10.0,C,Closed,00:45.0,,,,,,,
1058656,1,Complete,1058656,1058656,41.30705,-72.92104,3550872,New Haven,93,93,New Haven,6/11/2023,2023,6,June,11,1,Sunday,18:09:00,18,23023614,A,"Injury of any type (Serious, Minor, Possible)",B,Suspected Minor Injury (B),2,0,0,4,Local,1.17,575,STATE ST,STATE ST,GRAND AV,,,,,41.30705,-72.92104,14,Motor Vehicle in Operation,3,Angle,1,On Roadway,1,Clear,1,Clear,1,Daylight,1,Dry,0,None,88,Not Applicable,88,Not Applicable,0,None,88,Not Applicable,88,Not Applicable,2,Intersection,2,Four-Way Intersection,1,No,1,No,88,Not Applicable,88,Not Applicable,88,Not Applicable,88,Not Applicable,FALSE,1,Public Road,1,"Trafficway, On Road",CT0009300,New Haven PD,44049,35:36.0,C,Closed,00:38.0,,,,,,,
1058661,1,Complete,1058661,1058661,41.283695,-72.893791,3550877,New Haven,93,93,New Haven,6/12/2023,2023,6,June,12,2,Monday,16:19:00,16,23023728,A,"Injury of any type (Serious, Minor, Possible)",C,Possible Injury (C),4,0,0,3,State,0.42,337,337-E,337-E,,PARK LANE,400,Feet,S,41.283695,-72.893791,14,Motor Vehicle in Operation,1,Front to rear,1,On Roadway,2,Cloudy,88,Not Applicable,1,Daylight,1,Dry,0,None,88,Not Applicable,88,Not Applicable,0,None,88,Not Applicable,88,Not Applicable,1,Non-Junction,1,Not at Intersection,1,No,1,No,88,Not Applicable,88,Not Applicable,88,Not Applicable,88,Not Applicable,FALSE,1,Public Road,1,"Trafficway, On Road",CT0009300,New Haven PD,40951,45:54.0,C,Closed,00:44.0,,1,9200,4,MINOR ARTERIAL - NEW HPMS,1,Rural
1058664,1,Complete,1058664,1058664,41.31584,-72.948788,3550880,New Haven,93,93,New Haven,6/12/2023,2023,6,June,12,2,Monday,15:59:00,15,23023733,A,"Injury of any type (Serious, Minor, Possible)",B,Suspected Minor Injury (B),2,0,0,4,Local,0.4,193,ELLSWORTH AV,ELLSWORTH AV,MAPLE ST,,,,,41.31584,-72.948788,14,Motor Vehicle in Operation,3,Angle,1,On Roadway,1,Clear,88,Not Applicable,1,Daylight,1,Dry,0,None,88,Not Applicable,88,Not Applicable,0,None,88,Not Applicable,88,Not Applicable,2,Intersection,2,Four-Way Intersection,1,No,1,No,88,Not Applicable,88,Not Applicable,88,Not Applicable,88,Not Applicable,FALSE,1,Public Road,1,"Trafficway, On Road",CT0009300,New Haven PD,44953,18:11.0,C,Closed,00:42.0,,,,,,,
1058665,1,Complete,1058665,1058665,41.29869,-72.92901,3550881,New Haven,93,93,New Haven,6/12/2023,2023,6,June,12,2,Monday,17:36:00,17,23023736,A,"Injury of any type (Serious, Minor, Possible)",C,Possible Injury (C),2,0,0,2,USRoute,47.67,1,1-N,1-N,1-S,,,,,41.29869,-72.92901,14,Motor Vehicle in Operation,3,Angle,1,On Roadway,1,Clear,88,Not Applicable,1,Daylight,2,Wet,0,None,88,Not Applicable,88,Not Applicable,0,None,88,Not Applicable,88,Not Applicable,2,Intersection,2,Four-Way Intersection,1,No,1,No,88,Not Applicable,88,Not Applicable,88,Not Applicable,88,Not Applicable,FALSE,1,Public Road,1,"Trafficway, On Road",CT0009300,New Haven PD,33016,04:50.0,C,Closed,00:45.0,,1,8400,3,PRINCIPAL ARTERIAL - OTHER - NEW HPMS,1,Rural
1058964,1,Complete,1058964,1058964,41.30186,-72.94037,3551180,New Haven,93,93,New Haven,5/14/2023,2023,5,May,14,1,Sunday,0:32:00,0,23012859,A,"Injury of any type (Serious, Minor, Possible)",B,Suspected Minor Injury (B),2,0,0,4,Local,0.5,141,DAVENPORT AV,DAVENPORT AV,ELLIOTT ST,,,,,41.30186,-72.94037,14,Motor Vehicle in Operation,3,Angle,1,On Roadway,1,Clear,88,Not Applicable,99,Unknown,1,Dry,0,None,88,Not Applicable,88,Not Applicable,0,None,88,Not Applicable,88,Not Applicable,2,Intersection,3,T-Intersection,1,No,1,No,88,Not Applicable,88,Not Applicable,88,Not Applicable,88,Not Applicable,TRUE,1,Public Road,1,"Trafficway, On Road",CT0009300,New Haven PD,43776,22:12.0,O,Open,00:12.0,,,,,,,
1058966,1,Complete,1058966,1058966,41.307034,-72.900719,3551182,New Haven,93,93,New Haven,6/5/2023,2023,6,June,5,2,Monday,10:37:00,10,23022603,A,"Injury of any type (Serious, Minor, Possible)",C,Possible Injury (C),2,0,0,4,Local,0.23,377,LLOYD ST,LLOYD ST,EXCHANGE ST,,,,,41.307034,-72.900719,14,Motor Vehicle in Operation,3,Angle,1,On Roadway,1,Clear,88,Not Applicable,1,Daylight,1,Dry,0,None,88,Not Applicable,88,Not Applicable,0,None,88,Not Applicable,88,Not Applicable,2,Intersection,2,Four-Way Intersection,1,No,1,No,88,Not Applicable,88,Not Applicable,88,Not Applicable,88,Not Applicable,FALSE,1,Public Road,1,"Trafficway, On Road",CT0009300,New Haven PD,193,47:46.0,C,Closed,00:13.0,,,,,,,
1058969,1,Complete,1058969,1058969,41.30736,-72.8968,3551185,New Haven,93,93,New Haven,6/9/2023,2023,6,June,9,6,Friday,18:51:00,18,23023383,A,"Injury of any type (Serious, Minor, Possible)",C,Possible Injury (C),2,0,0,4,Local,0.38,487,POPLAR ST,POPLAR ST,EXCHANGE ST,,,,,41.30736,-72.8968,14,Motor Vehicle in Operation,5,"Sideswipe, opposite direction",1,On Roadway,4,Rain,88,Not Applicable,1,Daylight,2,Wet,0,None,88,Not Applicable,88,Not Applicable,0,None,88,Not Applicable,88,Not Applicable,2,Intersection,3,T-Intersection,1,No,1,No,88,Not Applicable,88,Not Applicable,88,Not Applicable,88,Not Applicable,FALSE,1,Public Road,1,"Trafficway, On Road",CT0009300,New Haven PD,40788,20:55.0,O,Open,00:20.0,,,,,,,
1058971,1,Complete,1058971,1058971,41.323732,-72.950281,3551187,New Haven,93,93,New Haven,6/11/2023,2023,6,June,11,1,Sunday,0:52:00,0,23023539,A,"Injury of any type (Serious, Minor, Possible)",C,Possible Injury (C),1,0,0,4,Local,0.03,258,GOFFE TER,GOFFE TER,,ROYDON RD,146,Feet,W,41.323732,-72.950281,33,Utility Pole/Light Support,88,Not Applicable,9,Outside Right-of-Way (trafficway),1,Clear,88,Not Applicable,4,Dark-Lighted,1,Dry,0,None,88,Not Applicable,88,Not Applicable,0,None,88,Not Applicable,88,Not Applicable,1,Non-Junction,1,Not at Intersection,1,No,1,No,88,Not Applicable,88,Not Applicable,88,Not Applicable,88,Not Applicable,FALSE,1,Public Road,1,"Trafficway, On Road",CT0009300,New Haven PD,43688,26:24.0,C,Closed,00:18.0,,2,6700,5,MAJOR COLLECTOR - NEW HPMS,2,Urban
1058977,1,Complete,1058977,1058977,41.304325,-72.942688,3551193,New Haven,93,93,New Haven,6/13/2023,2023,6,June,13,3,Tuesday,15:22:00,15,23023826,A,"Injury of any type (Serious, Minor, Possible)",C,Possible Injury (C),2,0,0,4,Local,0.2,453,ORCHARD ST,ORCHARD ST,SYLVAN AV,,,,,41.304325,-72.942688,14,Motor Vehicle in Operation,1,Front to rear,1,On Roadway,1,Clear,88,Not Applicable,1,Daylight,1,Dry,0,None,88,Not Applicable,88,Not Applicable,0,None,88,Not Applicable,88,Not Applicable,2,Intersection,2,Four-Way Intersection,1,No,1,No,88,Not Applicable,88,Not Applicable,88,Not Applicable,88,Not Applicable,TRUE,88,Not Applicable,1,"Trafficway, On Road",CT0009300,New Haven PD,251,07:38.0,C,Closed,00:15.0,,,,,,,
1059322,1,Complete,1059322,1059322,41.32217,-72.95334,3551537,New Haven,93,93,New Haven,6/13/2023,2023,6,June,13,3,Tuesday,9:13:00,9,23023800,A,"Injury of any type (Serious, Minor, Possible)",B,Suspected Minor Injury (B),2,0,0,3,State,3.17,10,10-N,10-N,OSBORN AV,,,,,41.32217,-72.95334,14,Motor Vehicle in Operation,3,Angle,1,On Roadway,1,Clear,88,Not Applicable,1,Daylight,1,Dry,0,None,88,Not Applicable,88,Not Applicable,0,None,88,Not Applicable,88,Not Applicable,2,Intersection,3,T-Intersection,1,No,1,No,88,Not Applicable,88,Not Applicable,88,Not Applicable,88,Not Applicable,FALSE,1,Public Road,1,"Trafficway, On Road",CT0009300,New Haven PD,326,02:24.0,C,Closed,01:29.0,,2,18100,3,PRINCIPAL ARTERIAL - OTHER - NEW HPMS,2,Urban
1059625,1,Complete,1059625,1059625,41.311714,-72.899879,3551840,New Haven,93,93,New Haven,6/14/2023,2023,6,June,14,4,Wednesday,9:00:00,9,23022946,A,"Injury of any type (Serious, Minor, Possible)",C,Possible Injury (C),3,0,0,4,Local,0.6,57,BLATCHLEY AV,BLATCHLEY AV,PINE ST NO 1,,,,,41.311714,-72.899879,14,Motor Vehicle in Operation,3,Angle,1,On Roadway,1,Clear,88,Not Applicable,1,Daylight,1,Dry,0,None,88,Not Applicable,88,Not Applicable,0,None,88,Not Applicable,88,Not Applicable,2,Intersection,2,Four-Way Intersection,1,No,1,No,88,Not Applicable,88,Not Applicable,88,Not Applicable,88,Not Applicable,FALSE,1,Public Road,1,"Trafficway, On Road",CT0009300,New Haven PD,193,44:10.0,C,Closed,01:54.0,,,,,,,
1059629,1,Complete,1059629,1059629,41.321133,-72.909531,3551844,New Haven,93,93,New Haven,6/11/2023,2023,6,June,11,1,Sunday,19:54:00,19,23023625,A,"Injury of any type (Serious, Minor, Possible)",C,Possible Injury (C),2,0,0,4,Local,0.5,666,WILLOW ST,WILLOW ST,,FOSTER ST,25,Feet,W,41.321133,-72.909531,14,Motor Vehicle in Operation,4,"Sideswipe, same direction",1,On Roadway,1,Clear,88,Not Applicable,1,Daylight,1,Dry,0,None,88,Not Applicable,88,Not Applicable,0,None,88,Not Applicable,88,Not Applicable,3,Intersection-Related,2,Four-Way Intersection,1,No,1,No,88,Not Applicable,88,Not Applicable,88,Not Applicable,88,Not Applicable,FALSE,1,Public Road,1,"Trafficway, On Road",CT0009300,New Haven PD,65,53:50.0,C,Closed,01:57.0,,,,,,,
1059630,1,Complete,1059630,1059630,41.303181,-72.925778,3551845,New Haven,93,93,New Haven,6/11/2023,2023,6,June,11,1,Sunday,21:54:00,21,23023642,A,"Injury of any type (Serious, Minor, Possible)",C,Possible Injury (C),2,0,0,4,Local,0.07,727,ORANGE ST NO 2,ORANGE ST NO 2,GEORGE ST,,,,,41.303181,-72.925778,14,Motor Vehicle in Operation,3,Angle,1,On Roadway,1,Clear,88,Not Applicable,4,Dark-Lighted,1,Dry,0,None,88,Not Applicable,88,Not Applicable,0,None,88,Not Applicable,88,Not Applicable,2,Intersection,2,Four-Way Intersection,1,No,1,No,88,Not Applicable,88,Not Applicable,88,Not Applicable,88,Not Applicable,FALSE,1,Public Road,1,"Trafficway, On Road",CT0009300,New Haven PD,40790,39:14.0,C,Closed,01:52.0,,2,8200,4,MINOR ARTERIAL - NEW HPMS,2,Urban
1059980,1,Complete,1059980,1059980,41.301888,-72.943985,3552194,New Haven,93,93,New Haven,5/25/2023,2023,5,May,25,5,Thursday,15:59:00,15,23021115,A,"Injury of any type (Serious, Minor, Possible)",B,Suspected Minor Injury (B),2,0,0,4,Local,0.1,672,WINTHROP AV NO 1,WINTHROP AV NO 1,,DAVENPORT AVE,525,Feet,S,41.301888,-72.943985,14,Motor Vehicle in Operation,3,Angle,1,On Roadway,1,Clear,88,Not Applicable,1,Daylight,1,Dry,0,None,88,Not Applicable,88,Not Applicable,0,None,88,Not Applicable,88,Not Applicable,1,Non-Junction,1,Not at Intersection,1,No,1,No,88,Not Applicable,88,Not Applicable,88,Not Applicable,88,Not Applicable,FALSE,1,Public Road,1,"Trafficway, On Road",CT0009300,New Haven PD,158,49:21.0,C,Closed,01:17.0,,,,,,,
1059986,1,Complete,1059986,1059986,41.312126,-72.909485,3552200,New Haven,93,93,New Haven,6/12/2023,2023,6,June,12,2,Monday,16:21:00,16,23023729,A,"Injury of any type (Serious, Minor, Possible)",C,Possible Injury (C),2,0,0,4,Local,0.27,165,EAST ST,EAST ST,WALNUT ST,,,,,41.312126,-72.909485,14,Motor Vehicle in Operation,1,Front to rear,1,On Roadway,2,Cloudy,88,Not Applicable,1,Daylight,1,Dry,0,None,88,Not Applicable,88,Not Applicable,0,None,88,Not Applicable,88,Not Applicable,2,Intersection,2,Four-Way Intersection,1,No,1,No,88,Not Applicable,88,Not Applicable,88,Not Applicable,88,Not Applicable,FALSE,1,Public Road,1,"Trafficway, On Road",CT0009300,New Haven PD,42057,24:29.0,C,Closed,01:32.0,,,,,,,
1059992,1,Complete,1059992,1059992,41.317467,-72.944496,3552206,New Haven,93,93,New Haven,6/14/2023,2023,6,June,14,4,Wednesday,20:50:00,20,23024054,A,"Injury of any type (Serious, Minor, Possible)",B,Suspected Minor Injury (B),2,0,0,4,Local,0.26,653,WHALLEY AV,WHALLEY AV,WINTHROP AV NO 2,,,,,41.317467,-72.944496,14,Motor Vehicle in Operation,3,Angle,1,On Roadway,1,Clear,88,Not Applicable,1,Daylight,1,Dry,0,None,88,Not Applicable,88,Not Applicable,0,None,88,Not Applicable,88,Not Applicable,2,Intersection,2,Four-Way Intersection,1,No,1,No,88,Not Applicable,88,Not Applicable,88,Not Applicable,88,Not Applicable,TRUE,1,Public Road,1,"Trafficway, On Road",CT0009300,New Haven PD,44953,35:11.0,C,Closed,01:13.0,,,,,,,
1060001,1,Complete,1060001,1060001,41.331894,-72.927567,3552215,New Haven,93,93,New Haven,6/16/2023,2023,6,June,16,6,Friday,15:22:00,15,23024305,A,"Injury of any type (Serious, Minor, Possible)",A,Suspected Serious Injury (A),2,0,1,4,Local,0.72,319,HUNTINGTON ST,HUNTINGTON ST,NEWHALL ST,,,,,41.331894,-72.927567,14,Motor Vehicle in Operation,3,Angle,1,On Roadway,4,Rain,88,Not Applicable,1,Daylight,2,Wet,0,None,88,Not Applicable,88,Not Applicable,0,None,88,Not Applicable,88,Not Applicable,2,Intersection,2,Four-Way Intersection,1,No,1,No,88,Not Applicable,88,Not Applicable,88,Not Applicable,88,Not Applicable,TRUE,1,Public Road,1,"Trafficway, On Road",CT0009300,New Haven PD,44948,19:40.0,O,Open,01:20.0,NONE,,,,,,
1060005,1,Complete,1060005,1060005,41.305676,-72.917061,3552219,New Haven,93,93,New Haven,6/16/2023,2023,6,June,16,6,Friday,17:19:00,17,23024322,A,"Injury of any type (Serious, Minor, Possible)",C,Possible Injury (C),2,0,0,4,Local,0.12,680,WOOSTER PL,WOOSTER PL,GREENE ST,,,,,41.305676,-72.917061,15,Parked Motor Vehicle,97,Other,1,On Roadway,4,Rain,88,Not Applicable,1,Daylight,2,Wet,0,None,88,Not Applicable,88,Not Applicable,0,None,88,Not Applicable,88,Not Applicable,2,Intersection,3,T-Intersection,1,No,1,No,88,Not Applicable,88,Not Applicable,88,Not Applicable,88,Not Applicable,FALSE,1,Public Road,1,"Trafficway, On Road",CT0009300,New Haven PD,43688,21:29.0,C,Closed,01:21.0,,,,,,,
1060007,1,Complete,1060007,1060007,41.297295,-72.948752,923137,New Haven,93,93,New Haven,6/16/2023,2023,6,June,16,6,Friday,23:47:00,23,23024365,K,Fatal (Kill),K,Fatal Injury (K),3,0,4,3,State,1.46,10,10-N,10-N,,COLUMBUS AVE,50,Feet,S,41.297295,-72.948752,14,Motor Vehicle in Operation,1,Front to rear,1,On Roadway,1,Clear,88,Not Applicable,4,Dark-Lighted,1,Dry,0,None,88,Not Applicable,88,Not Applicable,0,None,88,Not Applicable,88,Not Applicable,3,Intersection-Related,2,Four-Way Intersection,1,No,1,No,88,Not Applicable,88,Not Applicable,88,Not Applicable,88,Not Applicable,FALSE,1,Public Road,1,"Trafficway, On Road",CT0009300,New Haven PD,40955,56:18.0,O,Open,01:39.0,,2,20300,3,PRINCIPAL ARTERIAL - OTHER - NEW HPMS,2,Urban
1060010,1,Complete,1060010,1060010,41.320728,-72.934395,3552224,New Haven,93,93,New Haven,6/17/2023,2023,6,June,17,7,Saturday,13:25:00,13,23024422,A,"Injury of any type (Serious, Minor, Possible)",C,Possible Injury (C),3,0,0,4,Local,0.55,152,DIXWELL AV,DIXWELL AV,,HENRY ST,25,Feet,S,41.320728,-72.934395,14,Motor Vehicle in Operation,4,"Sideswipe, same direction",1,On Roadway,1,Clear,88,Not Applicable,1,Daylight,1,Dry,0,None,88,Not Applicable,88,Not Applicable,0,None,88,Not Applicable,88,Not Applicable,1,Non-Junction,1,Not at Intersection,1,No,1,No,88,Not Applicable,88,Not Applicable,88,Not Applicable,88,Not Applicable,FALSE,1,Public Road,1,"Trafficway, On Road",CT0009300,New Haven PD,42367,16:01.0,C,Closed,01:28.0,,,,,,,
1060011,1,Complete,1060011,1060011,41.312435,-72.940727,3552225,New Haven,93,93,New Haven,6/17/2023,2023,6,June,17,7,Saturday,15:34:00,15,23024436,A,"Injury of any type (Serious, Minor, Possible)",C,Possible Injury (C),3,0,0,4,Local,1.63,179,EDGEWOOD AV,EDGEWOOD AV,ORCHARD ST,,,,,41.312435,-72.940727,14,Motor Vehicle in Operation,3,Angle,1,On Roadway,1,Clear,88,Not Applicable,1,Daylight,1,Dry,0,None,88,Not Applicable,88,Not Applicable,0,None,88,Not Applicable,88,Not Applicable,2,Intersection,2,Four-Way Intersection,1,No,1,No,88,Not Applicable,88,Not Applicable,88,Not Applicable,88,Not Applicable,FALSE,1,Public Road,1,"Trafficway, On Road",CT0009300,New Haven PD,42045,13:45.0,C,Closed,01:25.0,,,,,,,
1060014,1,Complete,1060014,1060014,41.320087,-72.951233,3552228,New Haven,93,93,New Haven,6/17/2023,2023,6,June,17,7,Saturday,19:44:00,19,23024469,A,"Injury of any type (Serious, Minor, Possible)",B,Suspected Minor Injury (B),2,0,0,4,Local,0.02,301,HOBART ST,HOBART ST,,WHALLEY AVE,100,Feet,S,41.320087,-72.951233,14,Motor Vehicle in Operation,1,Front to rear,1,On Roadway,1,Clear,88,Not Applicable,1,Daylight,1,Dry,0,None,88,Not Applicable,88,Not Applicable,0,None,88,Not Applicable,88,Not Applicable,1,Non-Junction,1,Not at Intersection,1,No,1,No,88,Not Applicable,88,Not Applicable,88,Not Applicable,88,Not Applicable,FALSE,1,Public Road,1,"Trafficway, On Road",CT0009300,New Haven PD,44175,16:39.0,C,Closed,01:24.0,,,,,,,
1060015,1,Complete,1060015,1060015,41.304668,-72.9022557,3552229,New Haven,93,93,New Haven,6/17/2023,2023,6,June,17,7,Saturday,19:36:00,19,23024471,A,"Injury of any type (Serious, Minor, Possible)",C,Possible Injury (C),1,0,0,4,Local,0.82,327,JAMES ST,JAMES ST,SALTONSTALL AV,,,,,41.304668,-72.9022557,33,Utility Pole/Light Support,88,Not Applicable,1,On Roadway,1,Clear,88,Not Applicable,1,Daylight,1,Dry,0,None,88,Not Applicable,88,Not Applicable,0,None,88,Not Applicable,88,Not Applicable,2,Intersection,2,Four-Way Intersection,1,No,1,No,88,Not Applicable,88,Not Applicable,88,Not Applicable,88,Not Applicable,FALSE,1,Public Road,1,"Trafficway, On Road",CT0009300,New Haven PD,40788,25:31.0,C,Closed,01:30.0,,2,4500,4,MINOR ARTERIAL - NEW HPMS,2,Urban
1060019,1,Complete,1060019,1060019,41.294674,-72.893295,3552233,New Haven,93,93,New Haven,6/17/2023,2023,6,June,17,7,Saturday,21:27:00,21,23024484,A,"Injury of any type (Serious, Minor, Possible)",B,Suspected Minor Injury (B),2,0,0,4,Local,0,210,FARREN AV,FARREN AV,FAIRMONT AV,,,,,41.294674,-72.893295,14,Motor Vehicle in Operation,1,Front to rear,1,On Roadway,1,Clear,88,Not Applicable,4,Dark-Lighted,1,Dry,0,None,88,Not Applicable,88,Not Applicable,0,None,88,Not Applicable,88,Not Applicable,2,Intersection,2,Four-Way Intersection,1,No,1,No,88,Not Applicable,88,Not Applicable,88,Not Applicable,88,Not Applicable,FALSE,1,Public Road,1,"Trafficway, On Road",CT0009300,New Haven PD,42049,47:07.0,O,Open,01:38.0,,,,,,,
1060023,1,Complete,1060023,1060023,41.321124,-72.873867,3552237,New Haven,93,93,New Haven,6/18/2023,2023,6,June,18,1,Sunday,12:04:00,12,23024538,A,"Injury of any type (Serious, Minor, Possible)",B,Suspected Minor Injury (B),2,0,1,3,State,0.44,80,80-E,80-E,103-N,,,,,41.321124,-72.873867,14,Motor Vehicle in Operation,1,Front to rear,1,On Roadway,1,Clear,88,Not Applicable,1,Daylight,1,Dry,99,Unknown,88,Not Applicable,88,Not Applicable,0,None,88,Not Applicable,88,Not Applicable,2,Intersection,2,Four-Way Intersection,1,No,1,No,88,Not Applicable,88,Not Applicable,88,Not Applicable,88,Not Applicable,FALSE,1,Public Road,1,"Trafficway, On Road",CT0009300,New Haven PD,44062,10:36.0,C,Closed,01:36.0,,2,32300,3,PRINCIPAL ARTERIAL - OTHER - NEW HPMS,2,Urban
1060024,1,Complete,1060024,1060024,41.308613,-72.903175,3552238,New Haven,93,93,New Haven,6/18/2023,2023,6,June,18,1,Sunday,19:23:00,19,23024558,A,"Injury of any type (Serious, Minor, Possible)",C,Possible Injury (C),3,0,0,4,Local,0.54,327,JAMES ST,JAMES ST,,GRAND AVE,30,Feet,N,41.308613,-72.903175,14,Motor Vehicle in Operation,1,Front to rear,1,On Roadway,1,Clear,88,Not Applicable,1,Daylight,1,Dry,0,None,88,Not Applicable,88,Not Applicable,0,None,88,Not Applicable,88,Not Applicable,2,Intersection,2,Four-Way Intersection,1,No,1,No,88,Not Applicable,88,Not Applicable,88,Not Applicable,88,Not Applicable,FALSE,1,Public Road,1,"Trafficway, On Road",CT0009300,New Haven PD,42057,47:04.0,C,Closed,01:38.0,,,,,,,
1060026,1,Complete,1060026,1060026,41.30917,-72.942307,3552240,New Haven,93,93,New Haven,6/18/2023,2023,6,June,18,1,Sunday,18:53:00,18,23024571,A,"Injury of any type (Serious, Minor, Possible)",C,Possible Injury (C),2,0,0,4,Local,0.41,248,GEORGE ST,GEORGE ST,,ORCHARD ST,24,Feet,W,41.30917,-72.942307,14,Motor Vehicle in Operation,1,Front to rear,1,On Roadway,1,Clear,88,Not Applicable,1,Daylight,1,Dry,99,Unknown,88,Not Applicable,88,Not Applicable,0,None,88,Not Applicable,88,Not Applicable,3,Intersection-Related,2,Four-Way Intersection,1,No,1,No,88,Not Applicable,88,Not Applicable,88,Not Applicable,88,Not Applicable,FALSE,1,Public Road,1,"Trafficway, On Road",CT0009300,New Haven PD,44062,16:15.0,C,Closed,01:37.0,,,,,,,
1060027,1,Complete,1060027,1060027,41.332477,-72.935179,3552241,New Haven,93,93,New Haven,6/18/2023,2023,6,June,18,1,Sunday,19:44:00,19,23024578,A,"Injury of any type (Serious, Minor, Possible)",B,Suspected Minor Injury (B),2,0,0,4,Local,1.38,152,DIXWELL AV,DIXWELL AV,BASSETT ST,,,,,41.332477,-72.935179,14,Motor Vehicle in Operation,5,"Sideswipe, opposite direction",1,On Roadway,1,Clear,88,Not Applicable,1,Daylight,1,Dry,0,None,88,Not Applicable,88,Not Applicable,0,None,88,Not Applicable,88,Not Applicable,2,Intersection,2,Four-Way Intersection,1,No,1,No,88,Not Applicable,88,Not Applicable,88,Not Applicable,88,Not Applicable,FALSE,1,Public Road,1,"Trafficway, On Road",CT0009300,New Haven PD,40953,22:44.0,C,Closed,01:39.0,,,,,,,
1060661,1,Complete,1060661,1060661,41.292801,-72.937515,3552875,New Haven,93,93,New Haven,3/26/2023,2023,3,March,26,1,Sunday,11:13:00,11,23000052,A,"Injury of any type (Serious, Minor, Possible)",B,Suspected Minor Injury (B),2,0,1,4,Local,0.15,320,HURLBURT ST,HURLBURT ST,ROSETTE ST,,,,,41.292801,-72.937515,14,Motor Vehicle in Operation,3,Angle,1,On Roadway,1,Clear,88,Not Applicable,1,Daylight,1,Dry,0,None,88,Not Applicable,88,Not Applicable,0,None,88,Not Applicable,88,Not Applicable,2,Intersection,2,Four-Way Intersection,1,No,1,No,88,Not Applicable,88,Not Applicable,88,Not Applicable,88,Not Applicable,FALSE,1,Public Road,1,"Trafficway, On Road",CT0009300,New Haven PD,44338,16:13.0,C,Closed,00:58.0,,,,,,,