CrashId,Fatal Case Status,Fatal Case Status Text Format,CrashId,CrashId,Latitude,Longitude,DOT Case Number,Town Name,Town Number,Town Number,Town Number Text Format,Date Of Crash,Year,Month,Month Text Format,Day,Day of the Week,Day of the Week Text Format,Time of Crash,Hour of the Day,Case Identifier,Crash Severity,Crash Severity Text Format,Most Severe Injury,Most Severe Injury Text Format,Number Of Motor Vehicles,Number Of Non-Motorist,Number Of Witnesses,Route Class,Route Class Text Format,Milemarker,Road Number,Road Description,Roadway Name,Intersecting Roadway Name,Landmark Description,Distance From Nearest Landmark,Unit Of Measure From Nearest Landmark,Direction From Nearest Landmark,Latitude,Longitude,First Harmful Event,First Harmful Event Text Format,Manner of Crash / Collision Impact,Manner of Crash / Collision Impact Text Format,Location of First Harmful Event,Location of First Harmful Event Text Format,Weather Condition,Weather Condition Text Format,Weather 2,Weather 2 Text Format,Light Condition,Light Condition Text Format,Road Surface Condition,Road Surface Condition Text Format,"Contributing Circumstances, Environment","Contributing Circumstances, Environment Text Format",Environment 2,Environment 2 Text Format,Environment 3,Environment 3 Text Format,"Contributing Circumstances, Road","Contributing Circumstances, Road Text Format",Road 2,Road 2 Text Format,Road 3,Road 3 Text Format,Crash Specific Location,Crash Specific Location Text Format,Type of Intersection,Type of Intersection Text Format,School Bus Related,School Bus Related Text Format,Work Zone Related,Work Zone Related Text Format,Location Of Crash Relative To Work Zone,Location Of Crash Relative To Work Zone Text Format,Type of Work Zone,Type of Work Zone Text Format,Worker Presence,Worker Presence Text Format,Law Enforcement Presence,Law Enforcement Presence Text Format,Were Vehicles Moved Prior To Police Arrival,Trafficway Ownership,Trafficway Ownership Text Format,Trafficway Class,Trafficway Class Text Format,Police Agency,Police Agency Text Format,Badge Number,Approval Date,Police Case Status,Police Case Status Text Format,Crash Report Submission Date,Related Case Identifiers,No. of Through Lanes (Log Dir.),Average Daily Traffic,Functional Classification,Functional Classification Text Format,Rural or Urban,Rural or Urban Text Format
1060665,1,Complete,1060665,1060665,41.32013601,-72.9700325,3552879,New Haven,93,93,New Haven,6/15/2023,2023,6,June,15,5,Thursday,9:03:00,9,23024089,A,"Injury of any type (Serious, Minor, Possible)",C,Possible Injury (C),2,0,0,3,State,2.87,122,122-N,122-N,,EDGEWOOD AVE,28,Feet,S,41.32013601,-72.9700325,14,Motor Vehicle in Operation,1,Front to rear,1,On Roadway,1,Clear,88,Not Applicable,1,Daylight,1,Dry,0,None,88,Not Applicable,88,Not Applicable,0,None,88,Not Applicable,88,Not Applicable,3,Intersection-Related,2,Four-Way Intersection,1,No,1,No,88,Not Applicable,88,Not Applicable,88,Not Applicable,88,Not Applicable,FALSE,1,Public Road,1,"Trafficway, On Road",CT0009300,New Haven PD,11439,42:45.0,C,Closed,00:53.0,,1,11800,4,MINOR ARTERIAL - NEW HPMS,1,Rural
1060667,1,Complete,1060667,1060667,41.309811,-72.945145,3552881,New Haven,93,93,New Haven,6/16/2023,2023,6,June,16,6,Friday,0:54:00,0,23024237,A,"Injury of any type (Serious, Minor, Possible)",A,Suspected Serious Injury (A),2,0,0,4,Local,0.26,248,GEORGE ST,GEORGE ST,SHERMAN AV,,,,,41.309811,-72.945145,14,Motor Vehicle in Operation,3,Angle,1,On Roadway,1,Clear,88,Not Applicable,4,Dark-Lighted,1,Dry,0,None,88,Not Applicable,88,Not Applicable,0,None,88,Not Applicable,88,Not Applicable,2,Intersection,2,Four-Way Intersection,1,No,1,No,88,Not Applicable,88,Not Applicable,88,Not Applicable,88,Not Applicable,FALSE,1,Public Road,1,"Trafficway, On Road",CT0009300,New Haven PD,43776,20:40.0,C,Closed,01:02.0,,,,,,,
1060669,1,Complete,1060669,1060669,41.31057,-72.89743,3552883,New Haven,93,93,New Haven,6/18/2023,2023,6,June,18,1,Sunday,17:25:00,17,23024560,A,"Injury of any type (Serious, Minor, Possible)",C,Possible Injury (C),1,1,0,4,Local,0.6,487,POPLAR ST,POPLAR ST,,CLAY ST,20,Feet,S,41.31057,-72.89743,14,Motor Vehicle in Operation,1,Front to rear,1,On Roadway,1,Clear,88,Not Applicable,1,Daylight,1,Dry,0,None,88,Not Applicable,88,Not Applicable,0,None,88,Not Applicable,88,Not Applicable,3,Intersection-Related,2,Four-Way Intersection,1,No,1,No,88,Not Applicable,88,Not Applicable,88,Not Applicable,88,Not Applicable,FALSE,1,Public Road,1,"Trafficway, On Road",CT0009300,New Haven PD,44060,28:29.0,C,Closed,00:55.0,,,,,,,
1060672,1,Complete,1060672,1060672,41.303844,-72.900337,3552886,New Haven,93,93,New Haven,6/19/2023,2023,6,June,19,2,Monday,8:00:00,8,23024622,A,"Injury of any type (Serious, Minor, Possible)",C,Possible Injury (C),2,0,0,4,Local,0.4,97,CHAPEL ST,CHAPEL ST,LLOYD ST,,,,,41.303844,-72.900337,14,Motor Vehicle in Operation,3,Angle,1,On Roadway,1,Clear,88,Not Applicable,1,Daylight,1,Dry,3,Glare,88,Not Applicable,88,Not Applicable,0,None,88,Not Applicable,88,Not Applicable,2,Intersection,2,Four-Way Intersection,1,No,1,No,88,Not Applicable,88,Not Applicable,88,Not Applicable,88,Not Applicable,FALSE,1,Public Road,1,"Trafficway, On Road",CT0009300,New Haven PD,9,52:43.0,C,Closed,00:54.0,,,,,,,
1060675,1,Complete,1060675,1060675,41.293278,-72.918297,3552889,New Haven,93,93,New Haven,6/19/2023,2023,6,June,19,2,Monday,15:34:00,15,23024665,A,"Injury of any type (Serious, Minor, Possible)",C,Possible Injury (C),2,0,0,4,Local,0.63,513,LONG WHARF DR,LONG WHARF DR,,Canal Dock Rd,950,Feet,W,41.293278,-72.918297,14,Motor Vehicle in Operation,3,Angle,7,In Parking Lane or Zone,1,Clear,88,Not Applicable,1,Daylight,1,Dry,0,None,88,Not Applicable,88,Not Applicable,1,Backup Due to Prior Crash,88,Not Applicable,88,Not Applicable,1,Non-Junction,1,Not at Intersection,1,No,1,No,88,Not Applicable,88,Not Applicable,88,Not Applicable,88,Not Applicable,FALSE,1,Public Road,4,Parking Lot,CT0009300,New Haven PD,44052,41:30.0,C,Closed,00:58.0,,,,,,,
1060677,1,Complete,1060677,1060677,41.286335,-72.893173,3552891,New Haven,93,93,New Haven,6/19/2023,2023,6,June,19,2,Monday,16:50:00,16,23024682,A,"Injury of any type (Serious, Minor, Possible)",B,Suspected Minor Injury (B),2,0,2,3,State,0.24,337,337-E,337-E,,FROST ST,100,Feet,N,41.286335,-72.893173,14,Motor Vehicle in Operation,3,Angle,1,On Roadway,1,Clear,88,Not Applicable,1,Daylight,1,Dry,0,None,88,Not Applicable,88,Not Applicable,0,None,88,Not Applicable,88,Not Applicable,1,Non-Junction,1,Not at Intersection,1,No,1,No,88,Not Applicable,88,Not Applicable,88,Not Applicable,88,Not Applicable,FALSE,1,Public Road,1,"Trafficway, On Road",CT0009300,New Haven PD,44175,03:00.0,C,Closed,00:57.0,,1,9200,4,MINOR ARTERIAL - NEW HPMS,1,Rural
1060678,1,Complete,1060678,1060678,41.296936,-72.892807,3552892,New Haven,93,93,New Haven,6/19/2023,2023,6,June,19,2,Monday,17:29:00,17,23024692,A,"Injury of any type (Serious, Minor, Possible)",C,Possible Injury (C),1,1,1,4,Local,0.18,210,FARREN AV,FARREN AV,FULTON ST,,,,,41.296936,-72.892807,9,Pedestrian,88,Not Applicable,1,On Roadway,1,Clear,88,Not Applicable,1,Daylight,1,Dry,0,None,88,Not Applicable,88,Not Applicable,0,None,88,Not Applicable,88,Not Applicable,2,Intersection,2,Four-Way Intersection,1,No,1,No,88,Not Applicable,88,Not Applicable,88,Not Applicable,88,Not Applicable,FALSE,1,Public Road,1,"Trafficway, On Road",CT0009300,New Haven PD,42049,06:42.0,C,Closed,01:00.0,,2,11400,4,MINOR ARTERIAL - NEW HPMS,2,Urban
1061005,1,Complete,1061005,1061005,41.332447,-72.935257,3553219,New Haven,93,93,New Haven,6/17/2023,2023,6,June,17,7,Saturday,3:44:00,3,23024386,A,"Injury of any type (Serious, Minor, Possible)",C,Possible Injury (C),3,0,1,4,Local,1.38,152,DIXWELL AV,DIXWELL AV,BASSETT ST,,,,,41.332447,-72.935257,14,Motor Vehicle in Operation,3,Angle,1,On Roadway,1,Clear,88,Not Applicable,4,Dark-Lighted,1,Dry,0,None,88,Not Applicable,88,Not Applicable,0,None,88,Not Applicable,88,Not Applicable,2,Intersection,2,Four-Way Intersection,1,No,1,No,88,Not Applicable,88,Not Applicable,88,Not Applicable,88,Not Applicable,FALSE,1,Public Road,1,"Trafficway, On Road",CT0009300,New Haven PD,41104,45:07.0,C,Closed,00:36.0,,,,,,,
1061006,1,Complete,1061006,1061006,41.303623,-72.912941,3553220,New Haven,93,93,New Haven,6/17/2023,2023,6,June,17,7,Saturday,16:49:00,16,23024446,A,"Injury of any type (Serious, Minor, Possible)",B,Suspected Minor Injury (B),2,0,0,4,Local,1.06,97,CHAPEL ST,CHAPEL ST,HAMILTON ST NO 2,,,,,41.303623,-72.912941,14,Motor Vehicle in Operation,1,Front to rear,1,On Roadway,1,Clear,88,Not Applicable,1,Daylight,1,Dry,0,None,88,Not Applicable,88,Not Applicable,0,None,88,Not Applicable,88,Not Applicable,2,Intersection,2,Four-Way Intersection,1,No,1,No,88,Not Applicable,88,Not Applicable,88,Not Applicable,88,Not Applicable,FALSE,1,Public Road,1,"Trafficway, On Road",CT0009300,New Haven PD,42057,28:10.0,C,Closed,00:30.0,,,,,,,
1061011,1,Complete,1061011,1061011,41.293247,-72.892731,3553225,New Haven,93,93,New Haven,6/20/2023,2023,6,June,20,3,Tuesday,14:00:00,14,23024839,A,"Injury of any type (Serious, Minor, Possible)",C,Possible Injury (C),2,0,0,4,Local,1.66,597,,Woodward Ave,Fairmont Ave,,,,,41.293247,-72.892731,14,Motor Vehicle in Operation,3,Angle,1,On Roadway,1,Clear,88,Not Applicable,1,Daylight,1,Dry,0,None,88,Not Applicable,88,Not Applicable,0,None,88,Not Applicable,88,Not Applicable,2,Intersection,2,Four-Way Intersection,1,No,1,No,88,Not Applicable,88,Not Applicable,88,Not Applicable,88,Not Applicable,FALSE,1,Public Road,1,"Trafficway, On Road",CT0009300,New Haven PD,42049,28:38.0,O,Open,00:33.0,,,,,,,
1061012,1,Complete,1061012,1061012,41.306267,-72.923119,3553226,New Haven,93,93,New Haven,6/20/2023,2023,6,June,20,3,Tuesday,13:54:00,13,23024843,A,"Injury of any type (Serious, Minor, Possible)",C,Possible Injury (C),2,0,0,4,Local,0.02,708,COURT ST NO 2,COURT ST NO 2,,ORANGE ST,100,Feet,E,41.306267,-72.923119,14,Motor Vehicle in Operation,4,"Sideswipe, same direction",1,On Roadway,1,Clear,88,Not Applicable,1,Daylight,1,Dry,0,None,88,Not Applicable,88,Not Applicable,0,None,88,Not Applicable,88,Not Applicable,1,Non-Junction,1,Not at Intersection,1,No,1,No,88,Not Applicable,88,Not Applicable,88,Not Applicable,88,Not Applicable,TRUE,1,Public Road,1,"Trafficway, On Road",CT0009300,New Haven PD,40790,38:30.0,C,Closed,00:32.0,,,,,,,
1061015,1,Complete,1061015,1061015,41.319983,-72.970062,3553229,New Haven,93,93,New Haven,6/20/2023,2023,6,June,20,3,Tuesday,17:51:00,17,23024899,A,"Injury of any type (Serious, Minor, Possible)",C,Possible Injury (C),2,0,0,3,State,2.86,122,122-N,122-N,,EDGEWOOD WAY,100,Feet,S,41.319983,-72.970062,14,Motor Vehicle in Operation,1,Front to rear,1,On Roadway,1,Clear,88,Not Applicable,1,Daylight,1,Dry,0,None,88,Not Applicable,88,Not Applicable,0,None,88,Not Applicable,88,Not Applicable,1,Non-Junction,1,Not at Intersection,1,No,1,No,88,Not Applicable,88,Not Applicable,88,Not Applicable,88,Not Applicable,TRUE,1,Public Road,1,"Trafficway, On Road",CT0009300,New Haven PD,40790,01:21.0,C,Closed,00:34.0,,1,11800,4,MINOR ARTERIAL - NEW HPMS,1,Rural
1061016,1,Complete,1061016,1061016,41.31974,-72.950218,3553230,New Haven,93,93,New Haven,6/20/2023,2023,6,June,20,3,Tuesday,18:03:00,18,23024903,A,"Injury of any type (Serious, Minor, Possible)",C,Possible Injury (C),2,0,0,3,State,2.93,10,10-N,10-N,BROWNELL ST,,,,,41.31974,-72.950218,14,Motor Vehicle in Operation,3,Angle,1,On Roadway,1,Clear,88,Not Applicable,1,Daylight,1,Dry,0,None,88,Not Applicable,88,Not Applicable,0,None,88,Not Applicable,88,Not Applicable,2,Intersection,2,Four-Way Intersection,1,No,1,No,88,Not Applicable,88,Not Applicable,88,Not Applicable,88,Not Applicable,FALSE,1,Public Road,1,"Trafficway, On Road",CT0009300,New Haven PD,276,52:47.0,C,Closed,00:35.0,23024903,1,10200,3,PRINCIPAL ARTERIAL - OTHER - NEW HPMS,1,Rural
1061289,1,Complete,1061289,1061289,41.30851,-72.91236,3553503,New Haven,93,93,New Haven,6/15/2023,2023,6,June,15,5,Thursday,5:45:00,5,23024076,A,"Injury of any type (Serious, Minor, Possible)",B,Suspected Minor Injury (B),2,0,0,4,Local,1.38,264,GRAND AV,GRAND AV,HAMILTON ST NO 2,,,,,41.30851,-72.91236,14,Motor Vehicle in Operation,3,Angle,1,On Roadway,1,Clear,88,Not Applicable,1,Daylight,1,Dry,0,None,88,Not Applicable,88,Not Applicable,0,None,88,Not Applicable,88,Not Applicable,2,Intersection,2,Four-Way Intersection,1,No,1,No,88,Not Applicable,88,Not Applicable,88,Not Applicable,88,Not Applicable,FALSE,1,Public Road,1,"Trafficway, On Road",CT0009300,New Haven PD,44056,39:24.0,C,Closed,01:57.0,,,,,,,
1061290,1,Complete,1061290,1061290,41.307592,-72.89496,3553504,New Haven,93,93,New Haven,6/16/2023,2023,6,June,16,6,Friday,20:27:00,20,23024351,A,"Injury of any type (Serious, Minor, Possible)",B,Suspected Minor Injury (B),3,0,0,4,Local,0.28,204,EXCHANGE ST,EXCHANGE ST,,FERRY ST,50,Feet,E,41.307592,-72.89496,14,Motor Vehicle in Operation,2,Front to front,1,On Roadway,1,Clear,88,Not Applicable,4,Dark-Lighted,1,Dry,0,None,88,Not Applicable,88,Not Applicable,0,None,88,Not Applicable,88,Not Applicable,11,Through Roadway,1,Not at Intersection,1,No,1,No,88,Not Applicable,88,Not Applicable,88,Not Applicable,88,Not Applicable,FALSE,1,Public Road,1,"Trafficway, On Road",CT0009300,New Haven PD,40793,57:48.0,C,Closed,01:53.0,,,,,,,
1061291,1,Complete,1061291,1061291,41.3151861,-72.9430882,3553505,New Haven,93,93,New Haven,6/17/2023,2023,6,June,17,7,Saturday,14:22:00,14,23024430,A,"Injury of any type (Serious, Minor, Possible)",B,Suspected Minor Injury (B),2,0,1,4,Local,0.67,556,SHERMAN AV,SHERMAN AV,ELM ST NO 1,,,,,41.3151861,-72.9430882,14,Motor Vehicle in Operation,3,Angle,1,On Roadway,1,Clear,88,Not Applicable,1,Daylight,1,Dry,0,None,88,Not Applicable,88,Not Applicable,0,None,88,Not Applicable,88,Not Applicable,2,Intersection,2,Four-Way Intersection,1,No,1,No,88,Not Applicable,88,Not Applicable,88,Not Applicable,88,Not Applicable,FALSE,1,Public Road,1,"Trafficway, On Road",CT0009300,New Haven PD,42053,01:30.0,C,Closed,01:52.0,,,,,,,
1061292,1,Complete,1061292,1061292,41.302197,-72.928825,3553506,New Haven,93,93,New Haven,6/19/2023,2023,6,June,19,2,Monday,19:00:00,19,23024721,A,"Injury of any type (Serious, Minor, Possible)",C,Possible Injury (C),2,0,0,4,Local,0.28,564,SOUTH FRONTAGE RD,SOUTH FRONTAGE RD,CHURCH ST SOUTH NO 1,,,,,41.302197,-72.928825,14,Motor Vehicle in Operation,3,Angle,1,On Roadway,1,Clear,88,Not Applicable,1,Daylight,1,Dry,0,None,88,Not Applicable,88,Not Applicable,0,None,88,Not Applicable,88,Not Applicable,3,Intersection-Related,2,Four-Way Intersection,1,No,1,No,88,Not Applicable,88,Not Applicable,88,Not Applicable,88,Not Applicable,FALSE,1,Public Road,1,"Trafficway, On Road",CT0009300,New Haven PD,44052,38:52.0,C,Closed,01:58.0,,,,,,,
1061538,1,Complete,1061538,1061538,41.33152,-72.925453,3553752,New Haven,93,93,New Haven,6/21/2023,2023,6,June,21,4,Wednesday,16:01:00,16,23025016,A,"Injury of any type (Serious, Minor, Possible)",C,Possible Injury (C),2,0,0,4,Local,1.11,669,WINCHESTER AV,WINCHESTER AV,HUNTINGTON ST,,,,,41.33152,-72.925453,14,Motor Vehicle in Operation,1,Front to rear,1,On Roadway,1,Clear,88,Not Applicable,1,Daylight,1,Dry,99,Unknown,88,Not Applicable,88,Not Applicable,99,Unknown,88,Not Applicable,88,Not Applicable,2,Intersection,2,Four-Way Intersection,1,No,1,No,88,Not Applicable,88,Not Applicable,88,Not Applicable,88,Not Applicable,FALSE,1,Public Road,1,"Trafficway, On Road",CT0009300,New Haven PD,42048,33:02.0,O,Open,01:07.0,,,,,,,
1061541,1,Complete,1061541,1061541,41.32169,-72.906045,3553755,New Haven,93,93,New Haven,6/22/2023,2023,6,June,22,5,Thursday,1:35:00,1,23025106,A,"Injury of any type (Serious, Minor, Possible)",C,Possible Injury (C),1,0,1,4,Local,0.14,418,MITCHELL DR,MITCHELL DR,,WILLOW ST,633,Feet,N,41.32169,-72.906045,36,Fence,88,Not Applicable,1,On Roadway,1,Clear,88,Not Applicable,4,Dark-Lighted,1,Dry,0,None,88,Not Applicable,88,Not Applicable,0,None,88,Not Applicable,88,Not Applicable,1,Non-Junction,1,Not at Intersection,1,No,1,No,88,Not Applicable,88,Not Applicable,88,Not Applicable,88,Not Applicable,FALSE,1,Public Road,1,"Trafficway, On Road",CT0009300,New Haven PD,41104,10:39.0,O,Open,00:56.0,,2,10200,5,MAJOR COLLECTOR - NEW HPMS,2,Urban
1061552,1,Complete,1061552,1061552,41.32044,-72.95099,3553766,New Haven,93,93,New Haven,6/20/2023,2023,6,June,20,3,Tuesday,18:00:00,18,23025215,A,"Injury of any type (Serious, Minor, Possible)",C,Possible Injury (C),2,0,0,3,State,2.98,10,10-N,10-N,HOBART ST,,,,,41.32044,-72.95099,15,Parked Motor Vehicle,4,"Sideswipe, same direction",2,Shoulder,99,Unknown,88,Not Applicable,99,Unknown,99,Unknown,99,Unknown,88,Not Applicable,88,Not Applicable,99,Unknown,88,Not Applicable,88,Not Applicable,1,Non-Junction,1,Not at Intersection,1,No,1,No,88,Not Applicable,88,Not Applicable,88,Not Applicable,88,Not Applicable,FALSE,1,Public Road,1,"Trafficway, On Road",CT0009300,New Haven PD,44339,21:12.0,C,Closed,01:08.0,,1,10200,3,PRINCIPAL ARTERIAL - OTHER - NEW HPMS,1,Rural
1061556,1,Complete,1061556,1061556,41.32106,-72.8747,3553770,New Haven,93,93,New Haven,6/22/2023,2023,6,June,22,5,Thursday,18:10:00,18,23025227,A,"Injury of any type (Serious, Minor, Possible)",C,Possible Injury (C),2,0,0,3,State,0.4,80,80-E,80-E,,QUINNIPIAC AVE,222,Feet,W,41.32106,-72.8747,14,Motor Vehicle in Operation,1,Front to rear,1,On Roadway,1,Clear,88,Not Applicable,1,Daylight,1,Dry,0,None,88,Not Applicable,88,Not Applicable,3,Backup Due to Regular Congestion,88,Not Applicable,88,Not Applicable,2,Intersection,2,Four-Way Intersection,1,No,1,No,88,Not Applicable,88,Not Applicable,88,Not Applicable,88,Not Applicable,FALSE,1,Public Road,1,"Trafficway, On Road",CT0009300,New Haven PD,44056,38:25.0,C,Closed,01:10.0,,2,32300,3,PRINCIPAL ARTERIAL - OTHER - NEW HPMS,2,Urban
1062054,1,Complete,1062054,1062054,41.294229,-72.933247,3554266,New Haven,93,93,New Haven,6/23/2023,2023,6,June,23,6,Friday,9:00:00,9,23025306,A,"Injury of any type (Serious, Minor, Possible)",C,Possible Injury (C),2,0,0,4,Local,0.85,308,HOWARD AV,HOWARD AV,SPRING ST,,,,,41.294229,-72.933247,14,Motor Vehicle in Operation,3,Angle,1,On Roadway,1,Clear,88,Not Applicable,1,Daylight,1,Dry,0,None,88,Not Applicable,88,Not Applicable,0,None,88,Not Applicable,88,Not Applicable,2,Intersection,2,Four-Way Intersection,1,No,1,No,88,Not Applicable,88,Not Applicable,88,Not Applicable,88,Not Applicable,TRUE,1,Public Road,1,"Trafficway, On Road",CT0009300,New Haven PD,44048,51:20.0,C,Closed,01:37.0,,,,,,,
1062055,1,Complete,1062055,1062055,41.306713,-72.910156,3554267,New Haven,93,93,New Haven,6/23/2023,2023,6,June,23,6,Friday,11:15:00,11,23025317,A,"Injury of any type (Serious, Minor, Possible)",B,Suspected Minor Injury (B),1,0,0,4,Local,0.65,165,EAST ST,EAST ST,,IVES PL,394,Feet,N,41.306713,-72.910156,33,Utility Pole/Light Support,88,Not Applicable,2,Shoulder,1,Clear,88,Not Applicable,1,Daylight,1,Dry,0,None,88,Not Applicable,88,Not Applicable,0,None,88,Not Applicable,88,Not Applicable,1,Non-Junction,1,Not at Intersection,1,No,1,No,88,Not Applicable,88,Not Applicable,88,Not Applicable,88,Not Applicable,FALSE,1,Public Road,1,"Trafficway, On Road",CT0009300,New Haven PD,980,46:11.0,C,Closed,01:34.0,,2,19000,4,MINOR ARTERIAL - NEW HPMS,2,Urban
1062061,1,Complete,1062061,1062061,41.311043,-72.896022,3554273,New Haven,93,93,New Haven,6/23/2023,2023,6,June,23,6,Friday,17:14:00,17,23025360,A,"Injury of any type (Serious, Minor, Possible)",C,Possible Injury (C),2,0,0,4,Local,0.62,213,FERRY ST,FERRY ST,CLAY ST NO 2,,30,Feet,N,41.311043,-72.896022,14,Motor Vehicle in Operation,1,Front to rear,1,On Roadway,1,Clear,88,Not Applicable,1,Daylight,1,Dry,0,None,88,Not Applicable,88,Not Applicable,0,None,88,Not Applicable,88,Not Applicable,2,Intersection,3,T-Intersection,1,No,1,No,88,Not Applicable,88,Not Applicable,88,Not Applicable,88,Not Applicable,FALSE,1,Public Road,1,"Trafficway, On Road",CT0009300,New Haven PD,43688,00:28.0,C,Closed,01:32.0,,,,,,,
1062062,1,Complete,1062062,1062062,41.290775,-72.941521,3554274,New Haven,93,93,New Haven,6/23/2023,2023,6,June,23,6,Friday,17:16:00,17,23025367,A,"Injury of any type (Serious, Minor, Possible)",C,Possible Injury (C),3,0,0,3,State,0.7,10,10-N,10-N,WASHINGTON AV NO 1,,,,,41.290775,-72.941521,14,Motor Vehicle in Operation,99,Unknown,1,On Roadway,1,Clear,88,Not Applicable,1,Daylight,1,Dry,0,None,88,Not Applicable,88,Not Applicable,0,None,88,Not Applicable,88,Not Applicable,2,Intersection,2,Four-Way Intersection,1,No,1,No,88,Not Applicable,88,Not Applicable,88,Not Applicable,88,Not Applicable,FALSE,1,Public Road,1,"Trafficway, On Road",CT0009300,New Haven PD,42370,18:15.0,C,Closed,01:32.0,,2,18000,3,PRINCIPAL ARTERIAL - OTHER - NEW HPMS,2,Urban
1062065,1,Complete,1062065,1062065,41.308102,-72.912521,3554277,New Haven,93,93,New Haven,6/24/2023,2023,6,June,24,7,Saturday,11:06:00,11,23025443,A,"Injury of any type (Serious, Minor, Possible)",B,Suspected Minor Injury (B),2,0,0,4,Local,0.3,275,HAMILTON ST NO 2,HAMILTON ST NO 2,,GRAND AVE,99,Feet,S,41.308102,-72.912521,14,Motor Vehicle in Operation,5,"Sideswipe, opposite direction",7,In Parking Lane or Zone,2,Cloudy,88,Not Applicable,1,Daylight,2,Wet,0,None,88,Not Applicable,88,Not Applicable,0,None,88,Not Applicable,88,Not Applicable,1,Non-Junction,1,Not at Intersection,1,No,1,No,88,Not Applicable,88,Not Applicable,88,Not Applicable,88,Not Applicable,FALSE,1,Public Road,1,"Trafficway, On Road",CT0009300,New Haven PD,980,20:12.0,C,Closed,01:35.0,,,,,,,
1062070,1,Complete,1062070,1062070,41.315885,-72.940207,3554282,New Haven,93,93,New Haven,6/24/2023,2023,6,June,24,7,Saturday,14:52:00,14,23025472,A,"Injury of any type (Serious, Minor, Possible)",C,Possible Injury (C),2,0,0,4,Local,0.51,653,WHALLEY AV,WHALLEY AV,COUNTY ST,,,,,41.315885,-72.940207,14,Motor Vehicle in Operation,3,Angle,1,On Roadway,2,Cloudy,88,Not Applicable,1,Daylight,1,Dry,0,None,88,Not Applicable,88,Not Applicable,0,None,88,Not Applicable,88,Not Applicable,1,Non-Junction,1,Not at Intersection,1,No,1,No,88,Not Applicable,88,Not Applicable,88,Not Applicable,88,Not Applicable,FALSE,1,Public Road,1,"Trafficway, On Road",CT0009300,New Haven PD,276,16:04.0,C,Closed,01:40.0,23025472,,,,,,
1062073,1,Complete,1062073,1062073,41.321003,-72.951965,3554285,New Haven,93,93,New Haven,6/24/2023,2023,6,June,24,7,Saturday,22:06:00,22,23025510,A,"Injury of any type (Serious, Minor, Possible)",C,Possible Injury (C),3,0,0,3,State,3.24,10,10-N,10-N,,WHITTLESEY AVE,25,Feet,S,41.321003,-72.951965,15,Parked Motor Vehicle,4,"Sideswipe, same direction",4,Roadside,1,Clear,88,Not Applicable,4,Dark-Lighted,1,Dry,0,None,88,Not Applicable,88,Not Applicable,0,None,88,Not Applicable,88,Not Applicable,1,Non-Junction,1,Not at Intersection,1,No,1,No,88,Not Applicable,88,Not Applicable,88,Not Applicable,88,Not Applicable,FALSE,1,Public Road,1,"Trafficway, On Road",CT0009300,New Haven PD,44339,51:20.0,C,Closed,01:15.0,,2,18100,3,PRINCIPAL ARTERIAL - OTHER - NEW HPMS,2,Urban
1062074,1,Complete,1062074,1062074,41.310169,-72.953697,3554286,New Haven,93,93,New Haven,6/25/2023,2023,6,June,25,1,Sunday,2:59:00,2,23025531,A,"Injury of any type (Serious, Minor, Possible)",C,Possible Injury (C),2,0,0,4,Local,0.39,147,DERBY AV,DERBY AV,,ELLA T GRASSO BLVD,30,Feet,E,41.310169,-72.953697,14,Motor Vehicle in Operation,2,Front to front,1,On Roadway,1,Clear,88,Not Applicable,4,Dark-Lighted,1,Dry,0,None,88,Not Applicable,88,Not Applicable,0,None,88,Not Applicable,88,Not Applicable,3,Intersection-Related,2,Four-Way Intersection,1,No,1,No,88,Not Applicable,88,Not Applicable,88,Not Applicable,88,Not Applicable,FALSE,1,Public Road,1,"Trafficway, On Road",CT0009300,New Haven PD,794,38:20.0,C,Closed,01:21.0,,,,,,,
1062076,1,Complete,1062076,1062076,41.273883,-72.896496,3554288,New Haven,93,93,New Haven,6/25/2023,2023,6,June,25,1,Sunday,11:42:00,11,23025559,A,"Injury of any type (Serious, Minor, Possible)",C,Possible Injury (C),2,0,0,3,State,1.11,337,337-E,337-E,,Hervey,80,Feet,S,41.273883,-72.896496,14,Motor Vehicle in Operation,1,Front to rear,1,On Roadway,1,Clear,88,Not Applicable,1,Daylight,1,Dry,0,None,88,Not Applicable,88,Not Applicable,0,None,88,Not Applicable,88,Not Applicable,2,Intersection,3,T-Intersection,1,No,1,No,88,Not Applicable,88,Not Applicable,88,Not Applicable,88,Not Applicable,FALSE,1,Public Road,1,"Trafficway, On Road",CT0009300,New Haven PD,316,37:10.0,C,Closed,01:27.0,,1,9200,4,MINOR ARTERIAL - NEW HPMS,1,Rural
1062617,1,Complete,1062617,1062617,41.337288,-72.976561,3554829,New Haven,93,93,New Haven,6/26/2023,2023,6,June,26,2,Monday,16:38:00,16,23014948,A,"Injury of any type (Serious, Minor, Possible)",A,Suspected Serious Injury (A),1,1,0,3,State,0.19,69,69-N,69-N,,RT 63,989,Feet,N,41.337288,-72.976561,9,Pedestrian,88,Not Applicable,1,On Roadway,1,Clear,88,Not Applicable,4,Dark-Lighted,1,Dry,99,Unknown,88,Not Applicable,88,Not Applicable,99,Unknown,88,Not Applicable,88,Not Applicable,1,Non-Junction,1,Not at Intersection,1,No,1,No,88,Not Applicable,88,Not Applicable,88,Not Applicable,88,Not Applicable,FALSE,1,Public Road,1,"Trafficway, On Road",CT0009300,New Haven PD,44949,29:24.0,C,Closed,01:16.0,,3,18000,3,PRINCIPAL ARTERIAL - OTHER - NEW HPMS,2,Urban