CrashId,Fatal Case Status,Fatal Case Status Text Format,CrashId,CrashId,Latitude,Longitude,DOT Case Number,Town Name,Town Number,Town Number,Town Number Text Format,Date Of Crash,Year,Month,Month Text Format,Day,Day of the Week,Day of the Week Text Format,Time of Crash,Hour of the Day,Case Identifier,Crash Severity,Crash Severity Text Format,Most Severe Injury,Most Severe Injury Text Format,Number Of Motor Vehicles,Number Of Non-Motorist,Number Of Witnesses,Route Class,Route Class Text Format,Milemarker,Road Number,Road Description,Roadway Name,Intersecting Roadway Name,Landmark Description,Distance From Nearest Landmark,Unit Of Measure From Nearest Landmark,Direction From Nearest Landmark,Latitude,Longitude,First Harmful Event,First Harmful Event Text Format,Manner of Crash / Collision Impact,Manner of Crash / Collision Impact Text Format,Location of First Harmful Event,Location of First Harmful Event Text Format,Weather Condition,Weather Condition Text Format,Weather 2,Weather 2 Text Format,Light Condition,Light Condition Text Format,Road Surface Condition,Road Surface Condition Text Format,"Contributing Circumstances, Environment","Contributing Circumstances, Environment Text Format",Environment 2,Environment 2 Text Format,Environment 3,Environment 3 Text Format,"Contributing Circumstances, Road","Contributing Circumstances, Road Text Format",Road 2,Road 2 Text Format,Road 3,Road 3 Text Format,Crash Specific Location,Crash Specific Location Text Format,Type of Intersection,Type of Intersection Text Format,School Bus Related,School Bus Related Text Format,Work Zone Related,Work Zone Related Text Format,Location Of Crash Relative To Work Zone,Location Of Crash Relative To Work Zone Text Format,Type of Work Zone,Type of Work Zone Text Format,Worker Presence,Worker Presence Text Format,Law Enforcement Presence,Law Enforcement Presence Text Format,Were Vehicles Moved Prior To Police Arrival,Trafficway Ownership,Trafficway Ownership Text Format,Trafficway Class,Trafficway Class Text Format,Police Agency,Police Agency Text Format,Badge Number,Approval Date,Police Case Status,Police Case Status Text Format,Crash Report Submission Date,Related Case Identifiers,No. of Through Lanes (Log Dir.),Average Daily Traffic,Functional Classification,Functional Classification Text Format,Rural or Urban,Rural or Urban Text Format
1062619,1,Complete,1062619,1062619,41.296072,-72.947488,3554831,New Haven,93,93,New Haven,6/9/2023,2023,6,June,9,6,Friday,14:34:00,14,23023340,A,"Injury of any type (Serious, Minor, Possible)",C,Possible Injury (C),2,0,3,3,State,1.18,10,10-N,10-N,LONGHINI LA,,,,,41.296072,-72.947488,14,Motor Vehicle in Operation,3,Angle,1,On Roadway,4,Rain,88,Not Applicable,1,Daylight,2,Wet,0,None,88,Not Applicable,88,Not Applicable,0,None,88,Not Applicable,88,Not Applicable,2,Intersection,3,T-Intersection,1,No,1,No,88,Not Applicable,88,Not Applicable,88,Not Applicable,88,Not Applicable,TRUE,1,Public Road,1,"Trafficway, On Road",CT0009300,New Haven PD,301,36:45.0,C,Closed,01:14.0,,2,20300,3,PRINCIPAL ARTERIAL - OTHER - NEW HPMS,2,Urban
1062623,1,Complete,1062623,1062623,41.324383,-72.896317,3554835,New Haven,93,93,New Haven,6/25/2023,2023,6,June,25,1,Sunday,3:31:00,3,23025534,A,"Injury of any type (Serious, Minor, Possible)",B,Suspected Minor Injury (B),1,0,1,2,USRoute,0.74,5,5-N,5-N,LYMAN ST,,,,,41.324383,-72.896317,33,Utility Pole/Light Support,88,Not Applicable,1,On Roadway,3,"Fog, Smog, Smoke",88,Not Applicable,4,Dark-Lighted,2,Wet,0,None,88,Not Applicable,88,Not Applicable,0,None,88,Not Applicable,88,Not Applicable,2,Intersection,3,T-Intersection,1,No,1,No,88,Not Applicable,88,Not Applicable,88,Not Applicable,88,Not Applicable,FALSE,1,Public Road,1,"Trafficway, On Road",CT0009300,New Haven PD,44046,47:42.0,C,Closed,01:11.0,,2,17300,4,MINOR ARTERIAL - NEW HPMS,2,Urban
1062624,1,Complete,1062624,1062624,41.297737,-72.941007,3554836,New Haven,93,93,New Haven,6/25/2023,2023,6,June,25,1,Sunday,21:25:00,21,23025612,A,"Injury of any type (Serious, Minor, Possible)",A,Suspected Serious Injury (A),1,1,1,2,USRoute,47.05,1,1-N,1-N,WEST ST,,,,,41.297737,-72.941007,10,Pedalcycle/Pedalcyclist,3,Angle,1,On Roadway,1,Clear,88,Not Applicable,6,Dark-Unknown Lighting,1,Dry,0,None,88,Not Applicable,88,Not Applicable,0,None,88,Not Applicable,88,Not Applicable,2,Intersection,2,Four-Way Intersection,1,No,1,No,88,Not Applicable,88,Not Applicable,88,Not Applicable,88,Not Applicable,FALSE,1,Public Road,1,"Trafficway, On Road",CT0009300,New Haven PD,44052,11:24.0,C,Closed,01:15.0,,1,5900,3,PRINCIPAL ARTERIAL - OTHER - NEW HPMS,1,Rural
1065076,1,Complete,1065076,1065076,41.303249,-72.944778,3557288,New Haven,93,93,New Haven,6/7/2023,2023,6,June,7,4,Wednesday,0:49:00,0,23022932,A,"Injury of any type (Serious, Minor, Possible)",C,Possible Injury (C),3,0,0,4,Local,0.2,672,WINTHROP AV NO 1,WINTHROP AV NO 1,,DAVENPORT AVE,1060,Feet,N,41.303249,-72.944778,14,Motor Vehicle in Operation,1,Front to rear,1,On Roadway,1,Clear,88,Not Applicable,4,Dark-Lighted,1,Dry,0,None,88,Not Applicable,88,Not Applicable,0,None,88,Not Applicable,88,Not Applicable,1,Non-Junction,1,Not at Intersection,1,No,1,No,88,Not Applicable,88,Not Applicable,88,Not Applicable,88,Not Applicable,FALSE,1,Public Road,1,"Trafficway, On Road",CT0009300,New Haven PD,293,01:40.0,C,Closed,08:14.0,,,,,,,
1065086,1,Complete,1065086,1065086,41.335598,-72.944473,3557298,New Haven,93,93,New Haven,6/26/2023,2023,6,June,26,2,Monday,11:58:00,11,23025158,A,"Injury of any type (Serious, Minor, Possible)",B,Suspected Minor Injury (B),2,0,0,3,State,4.63,10,10-N,10-N,,pine Rock Ave,928,Feet,N,41.335598,-72.944473,14,Motor Vehicle in Operation,1,Front to rear,1,On Roadway,1,Clear,88,Not Applicable,1,Daylight,1,Dry,0,None,88,Not Applicable,88,Not Applicable,0,None,88,Not Applicable,88,Not Applicable,1,Non-Junction,1,Not at Intersection,1,No,1,No,88,Not Applicable,88,Not Applicable,88,Not Applicable,88,Not Applicable,FALSE,1,Public Road,1,"Trafficway, On Road",CT0009300,New Haven PD,44946,00:42.0,C,Closed,08:45.0,,1,10700,4,MINOR ARTERIAL - NEW HPMS,1,Rural
1065088,1,Complete,1065088,1065088,41.314049,-72.873627,3557300,New Haven,93,93,New Haven,6/23/2023,2023,6,June,23,6,Friday,22:42:00,22,23025401,A,"Injury of any type (Serious, Minor, Possible)",B,Suspected Minor Injury (B),2,0,0,4,Local,0.51,167,EASTERN ST,EASTERN ST,,Hemingway St,160,Feet,S,41.314049,-72.873627,14,Motor Vehicle in Operation,1,Front to rear,1,On Roadway,1,Clear,88,Not Applicable,4,Dark-Lighted,1,Dry,0,None,88,Not Applicable,88,Not Applicable,0,None,88,Not Applicable,88,Not Applicable,1,Non-Junction,1,Not at Intersection,1,No,1,No,88,Not Applicable,88,Not Applicable,88,Not Applicable,88,Not Applicable,TRUE,1,Public Road,1,"Trafficway, On Road",CT0009300,New Haven PD,44056,22:49.0,C,Closed,08:21.0,,,,,,,
1065093,1,Complete,1065093,1065093,41.308704,-72.899323,3557305,New Haven,93,93,New Haven,6/25/2023,2023,6,June,25,1,Sunday,23:18:00,23,23025613,A,"Injury of any type (Serious, Minor, Possible)",B,Suspected Minor Injury (B),2,0,0,4,Local,0.71,264,GRAND AV,GRAND AV,BLATCHLEY AV,,,,,41.308704,-72.899323,14,Motor Vehicle in Operation,3,Angle,1,On Roadway,1,Clear,88,Not Applicable,4,Dark-Lighted,1,Dry,0,None,88,Not Applicable,88,Not Applicable,0,None,88,Not Applicable,88,Not Applicable,2,Intersection,2,Four-Way Intersection,1,No,1,No,88,Not Applicable,88,Not Applicable,88,Not Applicable,88,Not Applicable,TRUE,1,Public Road,1,"Trafficway, On Road",CT0009300,New Haven PD,45132,01:14.0,C,Closed,08:19.0,,,,,,,
1065097,1,Complete,1065097,1065097,41.323109,-72.879929,3557309,New Haven,93,93,New Haven,6/27/2023,2023,6,June,27,3,Tuesday,10:54:00,10,23025825,A,"Injury of any type (Serious, Minor, Possible)",C,Possible Injury (C),2,0,0,3,State,0.1,80,80-E,80-E,,MIDDLETOWN AVE,464,Feet,E,41.323109,-72.879929,14,Motor Vehicle in Operation,4,"Sideswipe, same direction",1,On Roadway,1,Clear,88,Not Applicable,1,Daylight,1,Dry,0,None,88,Not Applicable,88,Not Applicable,0,None,88,Not Applicable,88,Not Applicable,1,Non-Junction,1,Not at Intersection,1,No,1,No,88,Not Applicable,88,Not Applicable,88,Not Applicable,88,Not Applicable,FALSE,1,Public Road,1,"Trafficway, On Road",CT0009300,New Haven PD,316,55:43.0,C,Closed,08:39.0,,2,32300,3,PRINCIPAL ARTERIAL - OTHER - NEW HPMS,2,Urban
1065105,1,Complete,1065105,1065105,41.3162,-72.904602,3557317,New Haven,93,93,New Haven,6/28/2023,2023,6,June,28,4,Wednesday,10:01:00,10,23025985,A,"Injury of any type (Serious, Minor, Possible)",C,Possible Injury (C),1,0,0,1,Interstate,0.17,91,91-N-138,91-N-138,JAMES ST,,,,,41.3162,-72.904602,28,Guardrail Face,88,Not Applicable,1,On Roadway,1,Clear,88,Not Applicable,1,Daylight,1,Dry,0,None,88,Not Applicable,88,Not Applicable,0,None,88,Not Applicable,88,Not Applicable,2,Intersection,3,T-Intersection,1,No,1,No,88,Not Applicable,88,Not Applicable,88,Not Applicable,88,Not Applicable,FALSE,1,Public Road,1,"Trafficway, On Road",CT0009300,New Haven PD,44060,47:14.0,C,Closed,07:55.0,,,5300,1,INTERSTATE - NEW HPMS,2,Urban
1065107,1,Complete,1065107,1065107,41.298134,-72.932335,3557319,New Haven,93,93,New Haven,6/28/2023,2023,6,June,28,4,Wednesday,11:16:00,11,23025999,A,"Injury of any type (Serious, Minor, Possible)",B,Suspected Minor Injury (B),2,0,0,2,USRoute,47.5,1,1-N,1-N,,CEDAR ST,50,Feet,W,41.298134,-72.932335,14,Motor Vehicle in Operation,4,"Sideswipe, same direction",1,On Roadway,1,Clear,88,Not Applicable,1,Daylight,1,Dry,0,None,88,Not Applicable,88,Not Applicable,0,None,88,Not Applicable,88,Not Applicable,1,Non-Junction,1,Not at Intersection,1,No,1,No,88,Not Applicable,88,Not Applicable,88,Not Applicable,88,Not Applicable,FALSE,1,Public Road,1,"Trafficway, On Road",CT0009300,New Haven PD,42366,51:57.0,C,Closed,07:50.0,,1,8400,3,PRINCIPAL ARTERIAL - OTHER - NEW HPMS,1,Rural
1065108,1,Complete,1065108,1065108,41.31870757,-72.948257,3557320,New Haven,93,93,New Haven,6/28/2023,2023,6,June,28,4,Wednesday,14:02:00,14,23026017,A,"Injury of any type (Serious, Minor, Possible)",C,Possible Injury (C),2,0,0,4,Local,0.04,653,WHALLEY AV,WHALLEY AV,,E T GRASSO BLVD,213,Feet,E,41.31870757,-72.948257,14,Motor Vehicle in Operation,3,Angle,1,On Roadway,1,Clear,88,Not Applicable,1,Daylight,1,Dry,0,None,88,Not Applicable,88,Not Applicable,0,None,88,Not Applicable,88,Not Applicable,9,Driveway Access-Related,1,Not at Intersection,1,No,1,No,88,Not Applicable,88,Not Applicable,88,Not Applicable,88,Not Applicable,FALSE,1,Public Road,1,"Trafficway, On Road",CT0009300,New Haven PD,225,30:22.0,C,Closed,07:56.0,,,,,,,
1065111,1,Complete,1065111,1065111,41.301133,-72.923214,3557323,New Haven,93,93,New Haven,6/28/2023,2023,6,June,28,4,Wednesday,17:52:00,17,23026062,A,"Injury of any type (Serious, Minor, Possible)",B,Suspected Minor Injury (B),3,0,0,3,State,0.2,34,,Route 724,,S ORANGE ST,1000,Feet,E,41.301133,-72.923214,14,Motor Vehicle in Operation,1,Front to rear,1,On Roadway,2,Cloudy,88,Not Applicable,1,Daylight,2,Wet,0,None,88,Not Applicable,88,Not Applicable,0,None,88,Not Applicable,88,Not Applicable,11,Through Roadway,1,Not at Intersection,1,No,1,No,88,Not Applicable,88,Not Applicable,88,Not Applicable,88,Not Applicable,FALSE,1,Public Road,1,"Trafficway, On Road",CT0009300,New Haven PD,165,29:53.0,C,Closed,08:15.0,,,,,,,
1065113,1,Complete,1065113,1065113,41.272511,-72.896835,3557325,New Haven,93,93,New Haven,6/28/2023,2023,6,June,28,4,Wednesday,17:50:00,17,23026077,A,"Injury of any type (Serious, Minor, Possible)",C,Possible Injury (C),2,0,0,3,State,1.21,337,337-E,337-E,FORT HALE RD NO 2,,,,,41.272511,-72.896835,14,Motor Vehicle in Operation,3,Angle,1,On Roadway,1,Clear,88,Not Applicable,1,Daylight,2,Wet,0,None,88,Not Applicable,88,Not Applicable,0,None,88,Not Applicable,88,Not Applicable,2,Intersection,2,Four-Way Intersection,1,No,1,No,88,Not Applicable,88,Not Applicable,88,Not Applicable,88,Not Applicable,FALSE,1,Public Road,1,"Trafficway, On Road",CT0009300,New Haven PD,150,09:22.0,C,Closed,08:16.0,,1,9200,4,MINOR ARTERIAL - NEW HPMS,1,Rural
1065127,1,Complete,1065127,1065127,41.311775,-72.933655,3557339,New Haven,93,93,New Haven,6/29/2023,2023,6,June,29,5,Thursday,18:28:00,18,23026220,A,"Injury of any type (Serious, Minor, Possible)",C,Possible Injury (C),2,0,0,4,Local,0.43,310,HOWE ST,HOWE ST,,ELM ST,40,Feet,N,41.311775,-72.933655,14,Motor Vehicle in Operation,1,Front to rear,1,On Roadway,1,Clear,88,Not Applicable,1,Daylight,1,Dry,0,None,88,Not Applicable,88,Not Applicable,0,None,88,Not Applicable,88,Not Applicable,3,Intersection-Related,2,Four-Way Intersection,1,No,1,No,88,Not Applicable,88,Not Applicable,88,Not Applicable,88,Not Applicable,FALSE,1,Public Road,1,"Trafficway, On Road",CT0009300,New Haven PD,42046,33:46.0,C,Closed,08:58.0,,,,,,,
1065135,1,Complete,1065135,1065135,41.3285065,-72.96279,3557347,New Haven,93,93,New Haven,6/30/2023,2023,6,June,30,6,Friday,8:04:00,8,23026286,A,"Injury of any type (Serious, Minor, Possible)",C,Possible Injury (C),2,0,0,3,State,0.4,63,63-N,63-N,,HARRISON ST,114,Feet,W,41.3285065,-72.96279,14,Motor Vehicle in Operation,3,Angle,1,On Roadway,1,Clear,88,Not Applicable,1,Daylight,1,Dry,0,None,88,Not Applicable,88,Not Applicable,0,None,88,Not Applicable,88,Not Applicable,11,Through Roadway,1,Not at Intersection,1,No,1,No,88,Not Applicable,88,Not Applicable,88,Not Applicable,88,Not Applicable,FALSE,1,Public Road,1,"Trafficway, On Road",CT0009300,New Haven PD,40793,28:43.0,C,Closed,08:30.0,,1,20400,3,PRINCIPAL ARTERIAL - OTHER - NEW HPMS,1,Rural
1065139,1,Complete,1065139,1065139,41.309856,-72.918556,3557351,New Haven,93,93,New Haven,6/30/2023,2023,6,June,30,6,Friday,9:35:00,9,23026297,A,"Injury of any type (Serious, Minor, Possible)",C,Possible Injury (C),2,0,0,4,Local,0.92,575,STATE ST,STATE ST,AUDUBON ST,,,,,41.309856,-72.918556,14,Motor Vehicle in Operation,1,Front to rear,1,On Roadway,1,Clear,88,Not Applicable,1,Daylight,1,Dry,0,None,88,Not Applicable,88,Not Applicable,0,None,88,Not Applicable,88,Not Applicable,2,Intersection,2,Four-Way Intersection,1,No,1,No,88,Not Applicable,88,Not Applicable,88,Not Applicable,88,Not Applicable,TRUE,1,Public Road,1,"Trafficway, On Road",CT0009300,New Haven PD,165,04:03.0,C,Closed,08:51.0,,,,,,,
1065148,1,Complete,1065148,1065148,41.327206,-72.968193,3557360,New Haven,93,93,New Haven,6/30/2023,2023,6,June,30,6,Friday,19:48:00,19,23026375,A,"Injury of any type (Serious, Minor, Possible)",A,Suspected Serious Injury (A),2,0,0,3,State,6.22,243,243-W,243-W,122-N,,,,,41.327206,-72.968193,14,Motor Vehicle in Operation,3,Angle,1,On Roadway,1,Clear,88,Not Applicable,1,Daylight,1,Dry,0,None,88,Not Applicable,88,Not Applicable,0,None,88,Not Applicable,88,Not Applicable,2,Intersection,3,T-Intersection,1,No,1,No,88,Not Applicable,88,Not Applicable,88,Not Applicable,88,Not Applicable,FALSE,1,Public Road,1,"Trafficway, On Road",CT0009300,New Haven PD,170,40:02.0,C,Closed,08:38.0,,,,,,,
1065161,1,Complete,1065161,1065161,41.316559,-72.893951,3557373,New Haven,93,93,New Haven,7/1/2023,2023,7,July,1,7,Saturday,23:09:00,23,23026491,A,"Injury of any type (Serious, Minor, Possible)",B,Suspected Minor Injury (B),2,0,2,4,Local,0.14,29,ATWATER ST,ATWATER ST,PECK ST NO 2,,,,,41.316559,-72.893951,14,Motor Vehicle in Operation,3,Angle,1,On Roadway,1,Clear,88,Not Applicable,4,Dark-Lighted,1,Dry,0,None,88,Not Applicable,88,Not Applicable,0,None,88,Not Applicable,88,Not Applicable,2,Intersection,2,Four-Way Intersection,1,No,1,No,88,Not Applicable,88,Not Applicable,88,Not Applicable,88,Not Applicable,TRUE,1,Public Road,1,"Trafficway, On Road",CT0009300,New Haven PD,40952,22:31.0,C,Closed,08:54.0,23026491,,,,,,
1065169,1,Complete,1065169,1065169,41.307335,-72.919266,3557381,New Haven,93,93,New Haven,7/2/2023,2023,7,July,2,1,Sunday,19:04:00,19,23026589,A,"Injury of any type (Serious, Minor, Possible)",C,Possible Injury (C),2,0,0,4,Local,1.75,264,GRAND AV,GRAND AV,OLIVE ST,,,,,41.307335,-72.919266,14,Motor Vehicle in Operation,2,Front to front,1,On Roadway,1,Clear,88,Not Applicable,1,Daylight,1,Dry,0,None,88,Not Applicable,88,Not Applicable,0,None,88,Not Applicable,88,Not Applicable,2,Intersection,2,Four-Way Intersection,1,No,1,No,88,Not Applicable,88,Not Applicable,88,Not Applicable,88,Not Applicable,FALSE,1,Public Road,1,"Trafficway, On Road",CT0009300,New Haven PD,44176,28:52.0,C,Closed,08:07.0,,,,,,,
1065182,1,Complete,1065182,1065182,41.307819,-72.885254,3557394,New Haven,93,93,New Haven,7/2/2023,2023,7,July,2,1,Sunday,22:24:00,22,23026615,A,"Injury of any type (Serious, Minor, Possible)",C,Possible Injury (C),3,0,0,4,Local,0.06,168,EAST GRAND AV,EAST GRAND AV,,QUINNIPIAC AVE,300,Feet,E,41.307819,-72.885254,14,Motor Vehicle in Operation,1,Front to rear,1,On Roadway,1,Clear,88,Not Applicable,4,Dark-Lighted,1,Dry,0,None,88,Not Applicable,88,Not Applicable,0,None,88,Not Applicable,88,Not Applicable,1,Non-Junction,1,Not at Intersection,1,No,1,No,88,Not Applicable,88,Not Applicable,88,Not Applicable,88,Not Applicable,FALSE,1,Public Road,1,"Trafficway, On Road",CT0009300,New Haven PD,44951,14:38.0,C,Closed,08:56.0,,,,,,,
1065186,1,Complete,1065186,1065186,41.30943536,-72.89065657,3557398,New Haven,93,93,New Haven,7/3/2023,2023,7,July,3,2,Monday,7:28:00,7,23026644,A,"Injury of any type (Serious, Minor, Possible)",C,Possible Injury (C),2,0,0,4,Local,0.25,264,GRAND AV,GRAND AV,CLINTON AV,,,,,41.30943536,-72.89065657,14,Motor Vehicle in Operation,4,"Sideswipe, same direction",1,On Roadway,1,Clear,88,Not Applicable,1,Daylight,1,Dry,0,None,88,Not Applicable,88,Not Applicable,0,None,88,Not Applicable,88,Not Applicable,3,Intersection-Related,3,T-Intersection,1,No,1,No,88,Not Applicable,88,Not Applicable,88,Not Applicable,88,Not Applicable,FALSE,1,Public Road,1,"Trafficway, On Road",CT0009300,New Haven PD,263,56:33.0,C,Closed,08:56.0,,,,,,,
1065187,1,Complete,1065187,1065187,41.30350937,-72.923737,3557399,New Haven,93,93,New Haven,7/3/2023,2023,7,July,3,2,Monday,11:54:00,11,23026683,A,"Injury of any type (Serious, Minor, Possible)",C,Possible Injury (C),2,0,0,4,Local,1.45,575,STATE ST,STATE ST,CROWN ST,,,,,41.30350937,-72.923737,14,Motor Vehicle in Operation,3,Angle,1,On Roadway,1,Clear,88,Not Applicable,1,Daylight,1,Dry,0,None,88,Not Applicable,88,Not Applicable,0,None,88,Not Applicable,88,Not Applicable,2,Intersection,2,Four-Way Intersection,1,No,1,No,88,Not Applicable,88,Not Applicable,88,Not Applicable,88,Not Applicable,FALSE,1,Public Road,1,"Trafficway, On Road",CT0009300,New Haven PD,106,05:50.0,C,Closed,07:52.0,,,,,,,
1065188,1,Complete,1065188,1065188,41.320992,-72.87458,3557400,New Haven,93,93,New Haven,7/3/2023,2023,7,July,3,2,Monday,11:57:00,11,23026686,A,"Injury of any type (Serious, Minor, Possible)",B,Suspected Minor Injury (B),2,0,0,3,State,0.41,80,80-E,80-E,,QUINNIPIAC AVE,119,Feet,W,41.320992,-72.87458,14,Motor Vehicle in Operation,3,Angle,1,On Roadway,1,Clear,88,Not Applicable,1,Daylight,1,Dry,0,None,88,Not Applicable,88,Not Applicable,0,None,88,Not Applicable,88,Not Applicable,1,Non-Junction,1,Not at Intersection,1,No,1,No,88,Not Applicable,88,Not Applicable,88,Not Applicable,88,Not Applicable,FALSE,1,Public Road,1,"Trafficway, On Road",CT0009300,New Haven PD,316,56:39.0,C,Closed,08:01.0,,2,32300,3,PRINCIPAL ARTERIAL - OTHER - NEW HPMS,2,Urban
1065189,1,Complete,1065189,1065189,41.317173,-72.889511,3557401,New Haven,93,93,New Haven,7/3/2023,2023,7,July,3,2,Monday,12:31:00,12,23026696,A,"Injury of any type (Serious, Minor, Possible)",C,Possible Injury (C),2,0,0,4,Local,0.4,737,PECK ST NO 2,PECK ST NO 2,DOWNING ST,,,,,41.317173,-72.889511,14,Motor Vehicle in Operation,3,Angle,1,On Roadway,2,Cloudy,88,Not Applicable,1,Daylight,1,Dry,0,None,88,Not Applicable,88,Not Applicable,0,None,88,Not Applicable,88,Not Applicable,2,Intersection,2,Four-Way Intersection,1,No,1,No,88,Not Applicable,88,Not Applicable,88,Not Applicable,88,Not Applicable,FALSE,1,Public Road,1,"Trafficway, On Road",CT0009300,New Haven PD,430,44:18.0,C,Closed,08:57.0,,,,,,,
1065190,1,Complete,1065190,1065190,41.310646,-72.941475,3557402,New Haven,93,93,New Haven,7/3/2023,2023,7,July,3,2,Monday,15:24:00,15,23026716,A,"Injury of any type (Serious, Minor, Possible)",C,Possible Injury (C),2,0,0,4,Local,0.65,453,ORCHARD ST,ORCHARD ST,CHAPEL ST,,,,,41.310646,-72.941475,14,Motor Vehicle in Operation,1,Front to rear,1,On Roadway,1,Clear,88,Not Applicable,1,Daylight,1,Dry,0,None,88,Not Applicable,88,Not Applicable,0,None,88,Not Applicable,88,Not Applicable,2,Intersection,2,Four-Way Intersection,1,No,1,No,88,Not Applicable,88,Not Applicable,88,Not Applicable,88,Not Applicable,FALSE,1,Public Road,1,"Trafficway, On Road",CT0009300,New Haven PD,42046,23:12.0,C,Closed,07:56.0,,,,,,,
1065192,1,Complete,1065192,1065192,41.297423,-72.91423,3557404,New Haven,93,93,New Haven,7/3/2023,2023,7,July,3,2,Monday,19:09:00,19,23026775,A,"Injury of any type (Serious, Minor, Possible)",C,Possible Injury (C),2,0,0,4,Local,1,513,LONG WHARF DR,LONG WHARF DR,,HAMILTON ST,290,Feet,N,41.297423,-72.91423,14,Motor Vehicle in Operation,1,Front to rear,1,On Roadway,1,Clear,88,Not Applicable,1,Daylight,1,Dry,0,None,88,Not Applicable,88,Not Applicable,0,None,88,Not Applicable,88,Not Applicable,5,Entrance / Exit Ramp-Related,1,Not at Intersection,1,No,1,No,88,Not Applicable,88,Not Applicable,88,Not Applicable,88,Not Applicable,FALSE,1,Public Road,1,"Trafficway, On Road",CT0009300,New Haven PD,33016,44:07.0,C,Closed,08:06.0,,,,,,,
1065194,1,Complete,1065194,1065194,41.3145349,-72.9128738,3557406,New Haven,93,93,New Haven,7/3/2023,2023,7,July,3,2,Monday,21:47:00,21,23026793,A,"Injury of any type (Serious, Minor, Possible)",C,Possible Injury (C),2,0,0,4,Local,0.42,316,HUMPHREY ST,HUMPHREY ST,,STATE ST,200,Feet,N,41.3145349,-72.9128738,15,Parked Motor Vehicle,1,Front to rear,1,On Roadway,4,Rain,88,Not Applicable,5,Dark-Not Lighted,2,Wet,99,Unknown,88,Not Applicable,88,Not Applicable,0,None,88,Not Applicable,88,Not Applicable,1,Non-Junction,1,Not at Intersection,1,No,1,No,88,Not Applicable,88,Not Applicable,88,Not Applicable,88,Not Applicable,TRUE,1,Public Road,1,"Trafficway, On Road",CT0009300,New Haven PD,40952,33:37.0,C,Closed,07:59.0,23026793,,,,,,
1065195,1,Complete,1065195,1065195,41.321686,-72.929131,3557407,New Haven,93,93,New Haven,7/3/2023,2023,7,July,3,2,Monday,22:25:00,22,23026799,A,"Injury of any type (Serious, Minor, Possible)",C,Possible Injury (C),1,0,0,4,Local,0.17,429,MUNSON ST,MUNSON ST,,WINCHESTER AV,30,Feet,W,41.321686,-72.929131,33,Utility Pole/Light Support,88,Not Applicable,1,On Roadway,4,Rain,88,Not Applicable,4,Dark-Lighted,2,Wet,1,Weather Conditions,88,Not Applicable,88,Not Applicable,5,"Road Surface Condition (wet, icy, snow, slush, etc.)",88,Not Applicable,88,Not Applicable,3,Intersection-Related,2,Four-Way Intersection,1,No,1,No,88,Not Applicable,88,Not Applicable,88,Not Applicable,88,Not Applicable,FALSE,1,Public Road,1,"Trafficway, On Road",CT0009300,New Haven PD,44948,00:10.0,C,Closed,08:00.0,,2,8600,4,MINOR ARTERIAL - NEW HPMS,2,Urban
1065197,1,Complete,1065197,1065197,41.30947,-72.92705,3557409,New Haven,93,93,New Haven,7/4/2023,2023,7,July,4,3,Tuesday,6:39:00,6,23026818,A,"Injury of any type (Serious, Minor, Possible)",C,Possible Injury (C),2,0,0,4,Local,0.38,726,ELM ST NO 2,ELM ST NO 2,COLLEGE ST,,,,,41.30947,-72.92705,14,Motor Vehicle in Operation,3,Angle,1,On Roadway,2,Cloudy,88,Not Applicable,1,Daylight,2,Wet,0,None,88,Not Applicable,88,Not Applicable,0,None,88,Not Applicable,88,Not Applicable,2,Intersection,2,Four-Way Intersection,1,No,1,No,88,Not Applicable,88,Not Applicable,88,Not Applicable,88,Not Applicable,FALSE,1,Public Road,1,"Trafficway, On Road",CT0009300,New Haven PD,332,30:03.0,C,Closed,08:02.0,,,,,,,
1065204,1,Complete,1065204,1065204,41.314911,-72.949333,3557416,New Haven,93,93,New Haven,7/4/2023,2023,7,July,4,3,Tuesday,19:00:00,19,23026885,A,"Injury of any type (Serious, Minor, Possible)",C,Possible Injury (C),2,0,0,4,Local,1.15,179,EDGEWOOD AV,EDGEWOOD AV,ELLSWORTH AV,,,,,41.314911,-72.949333,14,Motor Vehicle in Operation,3,Angle,1,On Roadway,1,Clear,88,Not Applicable,1,Daylight,1,Dry,0,None,88,Not Applicable,88,Not Applicable,0,None,88,Not Applicable,88,Not Applicable,2,Intersection,2,Four-Way Intersection,1,No,1,No,88,Not Applicable,88,Not Applicable,88,Not Applicable,88,Not Applicable,FALSE,1,Public Road,1,"Trafficway, On Road",CT0009300,New Haven PD,44055,21:46.0,C,Closed,08:07.0,,,,,,,
1065205,1,Complete,1065205,1065205,41.319226,-72.949292,3557417,New Haven,93,93,New Haven,7/4/2023,2023,7,July,4,3,Tuesday,23:36:00,23,23026907,A,"Injury of any type (Serious, Minor, Possible)",C,Possible Injury (C),2,0,0,3,State,2.86,10,10-N,10-N,ELLA T GRASSO BLVD NO 2,,,,,41.319226,-72.949292,14,Motor Vehicle in Operation,1,Front to rear,1,On Roadway,2,Cloudy,88,Not Applicable,4,Dark-Lighted,1,Dry,0,None,88,Not Applicable,88,Not Applicable,0,None,88,Not Applicable,88,Not Applicable,2,Intersection,2,Four-Way Intersection,1,No,1,No,88,Not Applicable,88,Not Applicable,88,Not Applicable,88,Not Applicable,TRUE,1,Public Road,1,"Trafficway, On Road",CT0009300,New Haven PD,40956,47:12.0,C,Closed,08:09.0,,1,10200,3,PRINCIPAL ARTERIAL - OTHER - NEW HPMS,1,Rural