CrashId,Fatal Case Status,Fatal Case Status Text Format,CrashId,CrashId,Latitude,Longitude,DOT Case Number,Town Name,Town Number,Town Number,Town Number Text Format,Date Of Crash,Year,Month,Month Text Format,Day,Day of the Week,Day of the Week Text Format,Time of Crash,Hour of the Day,Case Identifier,Crash Severity,Crash Severity Text Format,Most Severe Injury,Most Severe Injury Text Format,Number Of Motor Vehicles,Number Of Non-Motorist,Number Of Witnesses,Route Class,Route Class Text Format,Milemarker,Road Number,Road Description,Roadway Name,Intersecting Roadway Name,Landmark Description,Distance From Nearest Landmark,Unit Of Measure From Nearest Landmark,Direction From Nearest Landmark,Latitude,Longitude,First Harmful Event,First Harmful Event Text Format,Manner of Crash / Collision Impact,Manner of Crash / Collision Impact Text Format,Location of First Harmful Event,Location of First Harmful Event Text Format,Weather Condition,Weather Condition Text Format,Weather 2,Weather 2 Text Format,Light Condition,Light Condition Text Format,Road Surface Condition,Road Surface Condition Text Format,"Contributing Circumstances, Environment","Contributing Circumstances, Environment Text Format",Environment 2,Environment 2 Text Format,Environment 3,Environment 3 Text Format,"Contributing Circumstances, Road","Contributing Circumstances, Road Text Format",Road 2,Road 2 Text Format,Road 3,Road 3 Text Format,Crash Specific Location,Crash Specific Location Text Format,Type of Intersection,Type of Intersection Text Format,School Bus Related,School Bus Related Text Format,Work Zone Related,Work Zone Related Text Format,Location Of Crash Relative To Work Zone,Location Of Crash Relative To Work Zone Text Format,Type of Work Zone,Type of Work Zone Text Format,Worker Presence,Worker Presence Text Format,Law Enforcement Presence,Law Enforcement Presence Text Format,Were Vehicles Moved Prior To Police Arrival,Trafficway Ownership,Trafficway Ownership Text Format,Trafficway Class,Trafficway Class Text Format,Police Agency,Police Agency Text Format,Badge Number,Approval Date,Police Case Status,Police Case Status Text Format,Crash Report Submission Date,Related Case Identifiers,No. of Through Lanes (Log Dir.),Average Daily Traffic,Functional Classification,Functional Classification Text Format,Rural or Urban,Rural or Urban Text Format
1068537,1,Complete,1068537,1068537,41.316017,-72.898514,3560749,New Haven,93,93,New Haven,6/29/2023,2023,6,June,29,5,Thursday,17:08:00,17,23026219,A,"Injury of any type (Serious, Minor, Possible)",B,Suspected Minor Injury (B),2,0,0,4,Local,0.07,470,PECK ST NO 1,PECK ST NO 1,,ferry St,327,Feet,W,41.316017,-72.898514,14,Motor Vehicle in Operation,3,Angle,1,On Roadway,1,Clear,88,Not Applicable,1,Daylight,1,Dry,0,None,88,Not Applicable,88,Not Applicable,0,None,88,Not Applicable,88,Not Applicable,9,Driveway Access-Related,1,Not at Intersection,1,No,1,No,88,Not Applicable,88,Not Applicable,88,Not Applicable,88,Not Applicable,FALSE,1,Public Road,1,"Trafficway, On Road",CT0009300,New Haven PD,44949,13:04.0,C,Closed,00:35.0,,2,,7,LOCAL - NEW HPMS,2,Urban
1068538,1,Complete,1068538,1068538,41.324112,-72.881622,3560750,New Haven,93,93,New Haven,7/10/2023,2023,7,July,10,2,Monday,11:15:00,11,23027665,A,"Injury of any type (Serious, Minor, Possible)",C,Possible Injury (C),2,0,0,3,State,0,80,80-W,80-W,17-N,,,,,41.324112,-72.881622,14,Motor Vehicle in Operation,1,Front to rear,1,On Roadway,1,Clear,88,Not Applicable,1,Daylight,1,Dry,0,None,88,Not Applicable,88,Not Applicable,0,None,88,Not Applicable,88,Not Applicable,3,Intersection-Related,2,Four-Way Intersection,1,No,1,No,88,Not Applicable,88,Not Applicable,88,Not Applicable,88,Not Applicable,FALSE,1,Public Road,1,"Trafficway, On Road",CT0009300,New Haven PD,322,15:59.0,C,Closed,00:37.0,,2,32300,3,PRINCIPAL ARTERIAL - OTHER - NEW HPMS,2,Urban
1068539,1,Complete,1068539,1068539,41.26373871,-72.89575265,3560751,New Haven,93,93,New Haven,7/13/2023,2023,7,July,13,5,Thursday,16:06:00,16,23028162,A,"Injury of any type (Serious, Minor, Possible)",C,Possible Injury (C),2,0,0,3,State,1.84,337,337-E,337-E,,FLORENCE AVE,29,Feet,S,41.26373871,-72.89575265,14,Motor Vehicle in Operation,97,Other,1,On Roadway,1,Clear,88,Not Applicable,1,Daylight,1,Dry,99,Unknown,88,Not Applicable,88,Not Applicable,0,None,88,Not Applicable,88,Not Applicable,3,Intersection-Related,3,T-Intersection,1,No,1,No,88,Not Applicable,88,Not Applicable,88,Not Applicable,88,Not Applicable,FALSE,1,Public Road,1,"Trafficway, On Road",CT0009300,New Haven PD,322,31:42.0,C,Closed,00:36.0,,1,5500,4,MINOR ARTERIAL - NEW HPMS,1,Rural
1068543,1,Complete,1068543,1068543,41.31631381,-72.89562421,3560755,New Haven,93,93,New Haven,7/16/2023,2023,7,July,16,1,Sunday,13:43:00,13,23028574,A,"Injury of any type (Serious, Minor, Possible)",A,Suspected Serious Injury (A),2,0,0,4,Local,0.08,737,PECK ST NO 2,PECK ST NO 2,ROWE ST,,,,,41.31631381,-72.89562421,14,Motor Vehicle in Operation,3,Angle,1,On Roadway,2,Cloudy,88,Not Applicable,1,Daylight,2,Wet,0,None,88,Not Applicable,88,Not Applicable,0,None,88,Not Applicable,88,Not Applicable,2,Intersection,2,Four-Way Intersection,1,No,1,No,88,Not Applicable,88,Not Applicable,88,Not Applicable,88,Not Applicable,FALSE,1,Public Road,1,"Trafficway, On Road",CT0009300,New Haven PD,263,31:40.0,C,Closed,00:38.0,,,,,,,
1068544,1,Complete,1068544,1068544,41.291534,-72.92202,3560756,New Haven,93,93,New Haven,7/17/2023,2023,7,July,17,2,Monday,9:38:00,9,23028669,A,"Injury of any type (Serious, Minor, Possible)",C,Possible Injury (C),2,0,0,4,Local,0.59,359,SARGENT DR,SARGENT DR,,CHURCH ST EXT,200,Feet,S,41.291534,-72.92202,14,Motor Vehicle in Operation,4,"Sideswipe, same direction",1,On Roadway,1,Clear,88,Not Applicable,1,Daylight,1,Dry,0,None,88,Not Applicable,88,Not Applicable,0,None,88,Not Applicable,88,Not Applicable,1,Non-Junction,1,Not at Intersection,1,No,1,No,88,Not Applicable,88,Not Applicable,88,Not Applicable,88,Not Applicable,FALSE,1,Public Road,1,"Trafficway, On Road",CT0009300,New Haven PD,324,35:24.0,C,Closed,00:38.0,,,,,,,
1068546,1,Complete,1068546,1068546,41.330967,-72.947525,3560758,New Haven,93,93,New Haven,7/17/2023,2023,7,July,17,2,Monday,15:29:00,15,23028714,A,"Injury of any type (Serious, Minor, Possible)",C,Possible Injury (C),2,0,0,4,Local,0.94,133,CRESCENT ST,CRESCENT ST,,FITCH ST,600,Feet,E,41.330967,-72.947525,14,Motor Vehicle in Operation,2,Front to front,1,On Roadway,1,Clear,88,Not Applicable,1,Daylight,1,Dry,0,None,88,Not Applicable,88,Not Applicable,0,None,88,Not Applicable,88,Not Applicable,1,Non-Junction,1,Not at Intersection,1,No,1,No,88,Not Applicable,88,Not Applicable,88,Not Applicable,88,Not Applicable,FALSE,1,Public Road,1,"Trafficway, On Road",CT0009300,New Haven PD,402,39:31.0,C,Closed,00:40.0,,,,,,,
1068547,1,Complete,1068547,1068547,41.30771,-72.93666,3560759,New Haven,93,93,New Haven,7/17/2023,2023,7,July,17,2,Monday,16:00:00,16,23028738,A,"Injury of any type (Serious, Minor, Possible)",A,Suspected Serious Injury (A),2,0,1,4,Local,0.72,248,GEORGE ST,GEORGE ST,HOWE ST,,,,,41.30771,-72.93666,14,Motor Vehicle in Operation,4,"Sideswipe, same direction",1,On Roadway,1,Clear,88,Not Applicable,1,Daylight,1,Dry,0,None,88,Not Applicable,88,Not Applicable,0,None,88,Not Applicable,88,Not Applicable,2,Intersection,2,Four-Way Intersection,1,No,1,No,88,Not Applicable,88,Not Applicable,88,Not Applicable,88,Not Applicable,TRUE,1,Public Road,1,"Trafficway, On Road",CT0009300,New Haven PD,44948,34:15.0,C,Closed,00:40.0,23028738,,,,,,
1068548,1,Complete,1068548,1068548,41.296329,-72.917557,3560760,New Haven,93,93,New Haven,7/17/2023,2023,7,July,17,2,Monday,17:15:00,17,23028759,A,"Injury of any type (Serious, Minor, Possible)",C,Possible Injury (C),2,0,0,4,Local,0.01,82,CANAL DOCK RD,CANAL DOCK RD,,SARGENT DR,25,Feet,E,41.296329,-72.917557,14,Motor Vehicle in Operation,1,Front to rear,1,On Roadway,1,Clear,88,Not Applicable,1,Daylight,1,Dry,0,None,88,Not Applicable,88,Not Applicable,0,None,88,Not Applicable,88,Not Applicable,3,Intersection-Related,3,T-Intersection,1,No,1,No,88,Not Applicable,88,Not Applicable,88,Not Applicable,88,Not Applicable,TRUE,1,Public Road,1,"Trafficway, On Road",CT0009300,New Haven PD,44949,49:33.0,C,Closed,00:42.0,,,,,,,
1068841,1,Complete,1068841,1068841,41.3209,-72.87399,3561053,New Haven,93,93,New Haven,7/8/2023,2023,7,July,8,7,Saturday,12:02:00,12,23027418,A,"Injury of any type (Serious, Minor, Possible)",C,Possible Injury (C),2,0,0,3,State,0.44,80,80-E,80-E,103-N,,,,,41.3209,-72.87399,14,Motor Vehicle in Operation,3,Angle,1,On Roadway,1,Clear,88,Not Applicable,1,Daylight,1,Dry,99,Unknown,88,Not Applicable,88,Not Applicable,99,Unknown,88,Not Applicable,88,Not Applicable,2,Intersection,2,Four-Way Intersection,1,No,1,No,88,Not Applicable,88,Not Applicable,88,Not Applicable,88,Not Applicable,FALSE,1,Public Road,1,"Trafficway, On Road",CT0009300,New Haven PD,36335,18:43.0,C,Closed,01:55.0,,2,32300,3,PRINCIPAL ARTERIAL - OTHER - NEW HPMS,2,Urban
1068843,1,Complete,1068843,1068843,41.300709,-72.924454,3561055,New Haven,93,93,New Haven,7/12/2023,2023,7,July,12,4,Wednesday,13:45:00,13,23028007,A,"Injury of any type (Serious, Minor, Possible)",C,Possible Injury (C),2,0,0,2,USRoute,48.22,1,1-N,1-N,WEST WATER ST,,,,,41.300709,-72.924454,14,Motor Vehicle in Operation,1,Front to rear,1,On Roadway,1,Clear,88,Not Applicable,1,Daylight,1,Dry,0,None,88,Not Applicable,88,Not Applicable,0,None,88,Not Applicable,88,Not Applicable,2,Intersection,3,T-Intersection,1,No,1,No,88,Not Applicable,88,Not Applicable,88,Not Applicable,88,Not Applicable,FALSE,1,Public Road,1,"Trafficway, On Road",CT0009300,New Haven PD,91,18:42.0,C,Closed,01:56.0,,2,11700,3,PRINCIPAL ARTERIAL - OTHER - NEW HPMS,2,Urban
1068846,1,Complete,1068846,1068846,41.325686,-72.880391,3561058,New Haven,93,93,New Haven,7/15/2023,2023,7,July,15,7,Saturday,4:25:00,4,23028424,A,"Injury of any type (Serious, Minor, Possible)",C,Possible Injury (C),2,0,0,3,State,0.37,17,17-N,17-N,,FOXON BLVD,719,Feet,N,41.325686,-72.880391,14,Motor Vehicle in Operation,1,Front to rear,1,On Roadway,3,"Fog, Smog, Smoke",88,Not Applicable,99,Unknown,2,Wet,0,None,88,Not Applicable,88,Not Applicable,0,None,88,Not Applicable,88,Not Applicable,1,Non-Junction,1,Not at Intersection,1,No,1,No,88,Not Applicable,88,Not Applicable,88,Not Applicable,88,Not Applicable,FALSE,1,Public Road,1,"Trafficway, On Road",CT0009300,New Haven PD,44176,44:06.0,C,Closed,02:00.0,,2,21600,3,PRINCIPAL ARTERIAL - OTHER - NEW HPMS,1,Rural
1068847,1,Complete,1068847,1068847,41.309052,-72.894952,3561059,New Haven,93,93,New Haven,7/15/2023,2023,7,July,15,7,Saturday,14:51:00,14,23028462,A,"Injury of any type (Serious, Minor, Possible)",B,Suspected Minor Injury (B),2,0,0,4,Local,0.47,264,GRAND AV,GRAND AV,,FERRY ST,140,Feet,E,41.309052,-72.894952,14,Motor Vehicle in Operation,3,Angle,1,On Roadway,1,Clear,88,Not Applicable,1,Daylight,1,Dry,0,None,88,Not Applicable,88,Not Applicable,0,None,88,Not Applicable,88,Not Applicable,2,Intersection,2,Four-Way Intersection,1,No,1,No,88,Not Applicable,88,Not Applicable,88,Not Applicable,88,Not Applicable,FALSE,1,Public Road,1,"Trafficway, On Road",CT0009300,New Haven PD,11439,25:38.0,C,Closed,01:54.0,,,,,,,
1068857,1,Complete,1068857,1068857,41.312794,-72.943993,3561069,New Haven,93,93,New Haven,7/18/2023,2023,7,July,18,3,Tuesday,19:43:00,19,23028940,A,"Injury of any type (Serious, Minor, Possible)",C,Possible Injury (C),2,0,0,4,Local,0.5,556,SHERMAN AV,SHERMAN AV,,EDGEWOOD AVE,155,Feet,S,41.312794,-72.943993,14,Motor Vehicle in Operation,1,Front to rear,1,On Roadway,1,Clear,88,Not Applicable,1,Daylight,1,Dry,0,None,88,Not Applicable,88,Not Applicable,3,Backup Due to Regular Congestion,88,Not Applicable,88,Not Applicable,1,Non-Junction,1,Not at Intersection,1,No,1,No,88,Not Applicable,88,Not Applicable,88,Not Applicable,88,Not Applicable,FALSE,1,Public Road,1,"Trafficway, On Road",CT0009300,New Haven PD,44046,37:39.0,C,Closed,01:53.0,,,,,,,
1069102,1,Complete,1069102,1069102,41.305317,-72.952469,3561314,New Haven,93,93,New Haven,7/18/2023,2023,7,July,18,3,Tuesday,15:28:00,15,23028917,A,"Injury of any type (Serious, Minor, Possible)",C,Possible Injury (C),2,0,0,3,State,2.04,10,10-N,10-N,,LEGION AVE,45,Feet,S,41.305317,-72.952469,14,Motor Vehicle in Operation,1,Front to rear,1,On Roadway,1,Clear,88,Not Applicable,1,Daylight,1,Dry,0,None,88,Not Applicable,88,Not Applicable,0,None,88,Not Applicable,88,Not Applicable,3,Intersection-Related,3,T-Intersection,1,No,1,No,88,Not Applicable,88,Not Applicable,88,Not Applicable,88,Not Applicable,FALSE,1,Public Road,1,"Trafficway, On Road",CT0009300,New Haven PD,79,01:54.0,C,Closed,01:20.0,,2,20800,3,PRINCIPAL ARTERIAL - OTHER - NEW HPMS,2,Urban
1069404,1,Complete,1069404,1069404,41.32375,-72.8816,3561616,New Haven,93,93,New Haven,7/18/2023,2023,7,July,18,3,Tuesday,18:40:00,18,23028926,A,"Injury of any type (Serious, Minor, Possible)",B,Suspected Minor Injury (B),2,0,2,3,State,0,80,80-W,80-W,17-N,,,,,41.32375,-72.8816,14,Motor Vehicle in Operation,3,Angle,1,On Roadway,1,Clear,88,Not Applicable,1,Daylight,1,Dry,0,None,88,Not Applicable,88,Not Applicable,0,None,88,Not Applicable,88,Not Applicable,2,Intersection,2,Four-Way Intersection,1,No,1,No,88,Not Applicable,88,Not Applicable,88,Not Applicable,88,Not Applicable,FALSE,1,Public Road,1,"Trafficway, On Road",CT0009300,New Haven PD,42049,14:09.0,C,Closed,00:25.0,,2,32300,3,PRINCIPAL ARTERIAL - OTHER - NEW HPMS,2,Urban
1069407,1,Complete,1069407,1069407,41.303715,-72.93,3561619,New Haven,93,93,New Haven,7/19/2023,2023,7,July,19,4,Wednesday,17:05:00,17,23029113,A,"Injury of any type (Serious, Minor, Possible)",B,Suspected Minor Injury (B),2,0,0,4,Local,0.31,809,REV DR MLK JR BLVD,REV DR MLK JR BLVD,,COLLEGE ST,265,Feet,E,41.303715,-72.93,14,Motor Vehicle in Operation,4,"Sideswipe, same direction",1,On Roadway,1,Clear,88,Not Applicable,1,Daylight,1,Dry,0,None,88,Not Applicable,88,Not Applicable,3,Backup Due to Regular Congestion,88,Not Applicable,88,Not Applicable,1,Non-Junction,1,Not at Intersection,1,No,1,No,88,Not Applicable,88,Not Applicable,88,Not Applicable,88,Not Applicable,FALSE,1,Public Road,1,"Trafficway, On Road",CT0009300,New Haven PD,158,52:47.0,C,Closed,00:32.0,,,,,,,
1069408,1,Complete,1069408,1069408,41.29885,-72.91905,923215,New Haven,93,93,New Haven,7/20/2023,2023,7,July,20,5,Thursday,12:18:00,12,23029222,K,Fatal (Kill),K,Fatal Injury (K),1,1,0,4,Local,0.14,692,BREWERY ST,BREWERY ST,SARGENT DR,,,,,41.29885,-72.91905,9,Pedestrian,88,Not Applicable,1,On Roadway,1,Clear,88,Not Applicable,1,Daylight,1,Dry,0,None,88,Not Applicable,88,Not Applicable,0,None,88,Not Applicable,88,Not Applicable,2,Intersection,3,T-Intersection,1,No,1,No,88,Not Applicable,88,Not Applicable,88,Not Applicable,88,Not Applicable,TRUE,1,Public Road,1,"Trafficway, On Road",CT0009300,New Haven PD,295,16:19.0,C,Closed,00:28.0,,4,11300,3,PRINCIPAL ARTERIAL - OTHER - NEW HPMS,2,Urban
1069416,1,Complete,1069416,1069416,41.297722,-72.940483,3561628,New Haven,93,93,New Haven,7/20/2023,2023,7,July,20,5,Thursday,18:44:00,18,23029303,A,"Injury of any type (Serious, Minor, Possible)",B,Suspected Minor Injury (B),2,0,0,2,USRoute,47.07,1,1-N,1-N,,WEST ST,40,Feet,E,41.297722,-72.940483,14,Motor Vehicle in Operation,1,Front to rear,1,On Roadway,1,Clear,88,Not Applicable,1,Daylight,1,Dry,0,None,88,Not Applicable,88,Not Applicable,0,None,88,Not Applicable,88,Not Applicable,3,Intersection-Related,2,Four-Way Intersection,1,No,1,No,88,Not Applicable,88,Not Applicable,88,Not Applicable,88,Not Applicable,FALSE,1,Public Road,1,"Trafficway, On Road",CT0009300,New Haven PD,45394,16:30.0,C,Closed,00:27.0,,1,8600,3,PRINCIPAL ARTERIAL - OTHER - NEW HPMS,1,Rural
1069822,1,Complete,1069822,1069822,41.29774,-72.93761,3562034,New Haven,93,93,New Haven,7/21/2023,2023,7,July,21,6,Friday,8:16:00,8,23029365,A,"Injury of any type (Serious, Minor, Possible)",C,Possible Injury (C),3,0,1,2,USRoute,47.22,1,1-N,1-N,WASHINGTON AV NO 1,,,,,41.29774,-72.93761,14,Motor Vehicle in Operation,3,Angle,1,On Roadway,1,Clear,88,Not Applicable,1,Daylight,1,Dry,0,None,88,Not Applicable,88,Not Applicable,0,None,88,Not Applicable,88,Not Applicable,2,Intersection,2,Four-Way Intersection,1,No,1,No,88,Not Applicable,88,Not Applicable,88,Not Applicable,88,Not Applicable,FALSE,1,Public Road,1,"Trafficway, On Road",CT0009300,New Haven PD,44953,43:42.0,C,Closed,02:04.0,,1,8600,3,PRINCIPAL ARTERIAL - OTHER - NEW HPMS,1,Rural
1069823,1,Complete,1069823,1069823,41.31488,-72.942024,3562035,New Haven,93,93,New Haven,7/21/2023,2023,7,July,21,6,Friday,9:24:00,9,23029380,A,"Injury of any type (Serious, Minor, Possible)",C,Possible Injury (C),3,0,0,4,Local,0.48,194,ELM ST NO 1,ELM ST NO 1,PLATT ST,,,,,41.31488,-72.942024,14,Motor Vehicle in Operation,4,"Sideswipe, same direction",1,On Roadway,2,Cloudy,88,Not Applicable,1,Daylight,1,Dry,0,None,88,Not Applicable,88,Not Applicable,0,None,88,Not Applicable,88,Not Applicable,2,Intersection,3,T-Intersection,1,No,1,No,88,Not Applicable,88,Not Applicable,88,Not Applicable,88,Not Applicable,FALSE,1,Public Road,1,"Trafficway, On Road",CT0009300,New Haven PD,349,38:27.0,C,Closed,01:59.0,,,,,,,
1069833,1,Complete,1069833,1069833,41.28994,-72.892349,3562045,New Haven,93,93,New Haven,7/21/2023,2023,7,July,21,6,Friday,19:27:00,19,23029474,A,"Injury of any type (Serious, Minor, Possible)",C,Possible Injury (C),2,0,0,4,Local,0.23,597,TOWNSEND AV,TOWNSEND AV,,FORBES AVE,30,Feet,N,41.28994,-72.892349,14,Motor Vehicle in Operation,1,Front to rear,1,On Roadway,2,Cloudy,88,Not Applicable,1,Daylight,1,Dry,0,None,88,Not Applicable,88,Not Applicable,0,None,88,Not Applicable,88,Not Applicable,3,Intersection-Related,2,Four-Way Intersection,1,No,1,No,88,Not Applicable,88,Not Applicable,88,Not Applicable,88,Not Applicable,TRUE,1,Public Road,1,"Trafficway, On Road",CT0009300,New Haven PD,409,41:10.0,C,Closed,02:03.0,,,,,,,
1069834,1,Complete,1069834,1069834,41.331944,-72.937874,3562046,New Haven,93,93,New Haven,7/21/2023,2023,7,July,21,6,Friday,19:34:00,19,23029481,A,"Injury of any type (Serious, Minor, Possible)",C,Possible Injury (C),2,0,0,4,Local,0.9,557,SHERMAN PKWY,SHERMAN PKWY,WILLIS ST,,,,,41.331944,-72.937874,14,Motor Vehicle in Operation,3,Angle,1,On Roadway,4,Rain,88,Not Applicable,3,Dusk,2,Wet,0,None,88,Not Applicable,88,Not Applicable,0,None,88,Not Applicable,88,Not Applicable,2,Intersection,2,Four-Way Intersection,1,No,1,No,88,Not Applicable,88,Not Applicable,88,Not Applicable,88,Not Applicable,FALSE,1,Public Road,1,"Trafficway, On Road",CT0009300,New Haven PD,42048,42:31.0,C,Closed,02:04.0,,,,,,,
1069836,1,Complete,1069836,1069836,41.293022,-72.921927,3562048,New Haven,93,93,New Haven,7/22/2023,2023,7,July,22,7,Saturday,9:49:00,9,23029550,A,"Injury of any type (Serious, Minor, Possible)",C,Possible Injury (C),2,0,0,,,,,,FOOD TERMINAL LN,PRIVATE DRIVE,,,,,41.293022,-72.921927,14,Motor Vehicle in Operation,3,Angle,1,On Roadway,1,Clear,88,Not Applicable,1,Daylight,1,Dry,0,None,88,Not Applicable,88,Not Applicable,0,None,88,Not Applicable,88,Not Applicable,2,Intersection,2,Four-Way Intersection,1,No,1,No,88,Not Applicable,88,Not Applicable,88,Not Applicable,88,Not Applicable,FALSE,1,Public Road,1,"Trafficway, On Road",CT0009300,New Haven PD,40947,50:31.0,C,Closed,02:06.0,,,,,,,
1069843,1,Complete,1069843,1069843,41.313105,-72.921843,3562055,New Haven,93,93,New Haven,7/22/2023,2023,7,July,22,7,Saturday,21:13:00,21,23029649,A,"Injury of any type (Serious, Minor, Possible)",B,Suspected Minor Injury (B),2,0,0,4,Local,22.9,601,TRUMBULL ST,TRUMBULL ST,WHITNEY AV,,,,,41.313105,-72.921843,14,Motor Vehicle in Operation,1,Front to rear,1,On Roadway,1,Clear,88,Not Applicable,4,Dark-Lighted,1,Dry,0,None,88,Not Applicable,88,Not Applicable,0,None,88,Not Applicable,88,Not Applicable,2,Intersection,2,Four-Way Intersection,1,No,1,No,88,Not Applicable,88,Not Applicable,88,Not Applicable,88,Not Applicable,FALSE,1,Public Road,1,"Trafficway, On Road",CT0009300,New Haven PD,44048,41:12.0,C,Closed,02:16.0,,,,,,,
1069844,1,Complete,1069844,1069844,41.30619,-72.935272,3562056,New Haven,93,93,New Haven,7/23/2023,2023,7,July,23,1,Sunday,3:12:00,3,23029687,A,"Injury of any type (Serious, Minor, Possible)",C,Possible Injury (C),2,0,0,4,Local,0.63,809,REV DR MLK JR BLVD,REV DR MLK JR BLVD,,PARK ST,38,Feet,E,41.30619,-72.935272,14,Motor Vehicle in Operation,1,Front to rear,1,On Roadway,1,Clear,88,Not Applicable,6,Dark-Unknown Lighting,1,Dry,0,None,88,Not Applicable,88,Not Applicable,0,None,88,Not Applicable,88,Not Applicable,3,Intersection-Related,2,Four-Way Intersection,1,No,1,No,88,Not Applicable,88,Not Applicable,88,Not Applicable,88,Not Applicable,FALSE,1,Public Road,1,"Trafficway, On Road",CT0009300,New Haven PD,44052,31:08.0,C,Closed,02:12.0,,,,,,,
1070423,1,Complete,1070423,1070423,41.30434,-72.9286,3562635,New Haven,93,93,New Haven,7/8/2023,2023,7,July,8,7,Saturday,0:00:00,0,23027362,A,"Injury of any type (Serious, Minor, Possible)",C,Possible Injury (C),2,0,0,4,Local,0.75,588,TEMPLE ST,TEMPLE ST,GEORGE ST,,,,,41.30434,-72.9286,14,Motor Vehicle in Operation,3,Angle,1,On Roadway,1,Clear,88,Not Applicable,4,Dark-Lighted,1,Dry,0,None,88,Not Applicable,88,Not Applicable,0,None,88,Not Applicable,88,Not Applicable,2,Intersection,2,Four-Way Intersection,1,No,1,No,88,Not Applicable,88,Not Applicable,88,Not Applicable,88,Not Applicable,FALSE,1,Public Road,1,"Trafficway, On Road",CT0009300,New Haven PD,43776,05:11.0,C,Closed,00:28.0,,,,,,,
1070424,1,Complete,1070424,1070424,41.323849,-72.881742,3562636,New Haven,93,93,New Haven,7/19/2023,2023,7,July,19,4,Wednesday,23:33:00,23,23029177,A,"Injury of any type (Serious, Minor, Possible)",B,Suspected Minor Injury (B),3,0,0,3,State,0.2,17,17-N,17-N,91-N-16,,,,,41.323849,-72.881742,14,Motor Vehicle in Operation,1,Front to rear,1,On Roadway,1,Clear,88,Not Applicable,4,Dark-Lighted,1,Dry,0,None,88,Not Applicable,88,Not Applicable,0,None,88,Not Applicable,88,Not Applicable,2,Intersection,2,Four-Way Intersection,1,No,1,No,88,Not Applicable,88,Not Applicable,88,Not Applicable,88,Not Applicable,FALSE,1,Public Road,1,"Trafficway, On Road",CT0009300,New Haven PD,44063,09:45.0,C,Closed,00:33.0,,1,30200,3,PRINCIPAL ARTERIAL - OTHER - NEW HPMS,2,Urban
1070428,1,Complete,1070428,1070428,41.31197,-72.897873,3562640,New Haven,93,93,New Haven,7/23/2023,2023,7,July,23,1,Sunday,17:41:00,17,23029748,A,"Injury of any type (Serious, Minor, Possible)",C,Possible Injury (C),2,0,0,4,Local,0.7,487,POPLAR ST,POPLAR ST,PINE ST NO 1,,,,,41.31197,-72.897873,14,Motor Vehicle in Operation,3,Angle,1,On Roadway,1,Clear,88,Not Applicable,1,Daylight,1,Dry,0,None,88,Not Applicable,88,Not Applicable,0,None,88,Not Applicable,88,Not Applicable,2,Intersection,2,Four-Way Intersection,1,No,1,No,88,Not Applicable,88,Not Applicable,88,Not Applicable,88,Not Applicable,FALSE,1,Public Road,1,"Trafficway, On Road",CT0009300,New Haven PD,42057,06:47.0,C,Closed,00:33.0,,,,,,,
1070433,1,Complete,1070433,1070433,41.309605,-72.926971,3562645,New Haven,93,93,New Haven,7/24/2023,2023,7,July,24,2,Monday,14:41:00,14,23029836,A,"Injury of any type (Serious, Minor, Possible)",C,Possible Injury (C),1,1,3,4,Local,0.16,117,COLLEGE ST,COLLEGE ST,,ELM STREET,30,Feet,N,41.309605,-72.926971,9,Pedestrian,88,Not Applicable,1,On Roadway,1,Clear,88,Not Applicable,1,Daylight,1,Dry,0,None,88,Not Applicable,88,Not Applicable,0,None,88,Not Applicable,88,Not Applicable,3,Intersection-Related,2,Four-Way Intersection,1,No,1,No,88,Not Applicable,88,Not Applicable,88,Not Applicable,88,Not Applicable,FALSE,1,Public Road,1,"Trafficway, On Road",CT0009300,New Haven PD,45398,35:16.0,C,Closed,00:31.0,23029836,2,18200,3,PRINCIPAL ARTERIAL - OTHER - NEW HPMS,2,Urban
1070434,1,Complete,1070434,1070434,41.302392,-72.929226,3562646,New Haven,93,93,New Haven,7/24/2023,2023,7,July,24,2,Monday,15:12:00,15,23029853,A,"Injury of any type (Serious, Minor, Possible)",C,Possible Injury (C),2,0,0,4,Local,0.25,564,SOUTH FRONTAGE RD,SOUTH FRONTAGE RD,,CHURCH ST S FRONTAGE,150,Feet,W,41.302392,-72.929226,14,Motor Vehicle in Operation,4,"Sideswipe, same direction",1,On Roadway,1,Clear,1,Clear,1,Daylight,1,Dry,0,None,88,Not Applicable,88,Not Applicable,0,None,88,Not Applicable,88,Not Applicable,1,Non-Junction,1,Not at Intersection,1,No,1,No,88,Not Applicable,88,Not Applicable,88,Not Applicable,88,Not Applicable,FALSE,1,Public Road,1,"Trafficway, On Road",CT0009300,New Haven PD,44952,49:53.0,C,Closed,00:32.0,,,,,,,
1070729,1,Complete,1070729,1070729,41.32016,-72.871666,3562941,New Haven,93,93,New Haven,7/17/2023,2023,7,July,17,2,Monday,14:37:00,14,23028709,A,"Injury of any type (Serious, Minor, Possible)",C,Possible Injury (C),2,0,0,3,State,0.57,80,80-E,80-E,EASTERN ST,,,,,41.32016,-72.871666,14,Motor Vehicle in Operation,3,Angle,1,On Roadway,1,Clear,88,Not Applicable,1,Daylight,1,Dry,0,None,88,Not Applicable,88,Not Applicable,0,None,88,Not Applicable,88,Not Applicable,2,Intersection,2,Four-Way Intersection,1,No,1,No,88,Not Applicable,88,Not Applicable,88,Not Applicable,88,Not Applicable,FALSE,1,Public Road,1,"Trafficway, On Road",CT0009300,New Haven PD,42049,35:15.0,C,Closed,01:35.0,,2,32300,3,PRINCIPAL ARTERIAL - OTHER - NEW HPMS,2,Urban