CrashId,Fatal Case Status,Fatal Case Status Text Format,CrashId,CrashId,Latitude,Longitude,DOT Case Number,Town Name,Town Number,Town Number,Town Number Text Format,Date Of Crash,Year,Month,Month Text Format,Day,Day of the Week,Day of the Week Text Format,Time of Crash,Hour of the Day,Case Identifier,Crash Severity,Crash Severity Text Format,Most Severe Injury,Most Severe Injury Text Format,Number Of Motor Vehicles,Number Of Non-Motorist,Number Of Witnesses,Route Class,Route Class Text Format,Milemarker,Road Number,Road Description,Roadway Name,Intersecting Roadway Name,Landmark Description,Distance From Nearest Landmark,Unit Of Measure From Nearest Landmark,Direction From Nearest Landmark,Latitude,Longitude,First Harmful Event,First Harmful Event Text Format,Manner of Crash / Collision Impact,Manner of Crash / Collision Impact Text Format,Location of First Harmful Event,Location of First Harmful Event Text Format,Weather Condition,Weather Condition Text Format,Weather 2,Weather 2 Text Format,Light Condition,Light Condition Text Format,Road Surface Condition,Road Surface Condition Text Format,"Contributing Circumstances, Environment","Contributing Circumstances, Environment Text Format",Environment 2,Environment 2 Text Format,Environment 3,Environment 3 Text Format,"Contributing Circumstances, Road","Contributing Circumstances, Road Text Format",Road 2,Road 2 Text Format,Road 3,Road 3 Text Format,Crash Specific Location,Crash Specific Location Text Format,Type of Intersection,Type of Intersection Text Format,School Bus Related,School Bus Related Text Format,Work Zone Related,Work Zone Related Text Format,Location Of Crash Relative To Work Zone,Location Of Crash Relative To Work Zone Text Format,Type of Work Zone,Type of Work Zone Text Format,Worker Presence,Worker Presence Text Format,Law Enforcement Presence,Law Enforcement Presence Text Format,Were Vehicles Moved Prior To Police Arrival,Trafficway Ownership,Trafficway Ownership Text Format,Trafficway Class,Trafficway Class Text Format,Police Agency,Police Agency Text Format,Badge Number,Approval Date,Police Case Status,Police Case Status Text Format,Crash Report Submission Date,Related Case Identifiers,No. of Through Lanes (Log Dir.),Average Daily Traffic,Functional Classification,Functional Classification Text Format,Rural or Urban,Rural or Urban Text Format
1070731,1,Complete,1070731,1070731,41.311153,-72.935867,3562943,New Haven,93,93,New Haven,7/20/2023,2023,7,July,20,5,Thursday,13:42:00,13,23029235,A,"Injury of any type (Serious, Minor, Possible)",C,Possible Injury (C),2,0,0,4,Local,0.18,160,DWIGHT ST,DWIGHT ST,EDGEWOOD AV,,,,,41.311153,-72.935867,14,Motor Vehicle in Operation,3,Angle,1,On Roadway,1,Clear,88,Not Applicable,1,Daylight,1,Dry,0,None,88,Not Applicable,88,Not Applicable,0,None,88,Not Applicable,88,Not Applicable,2,Intersection,2,Four-Way Intersection,1,No,1,No,88,Not Applicable,88,Not Applicable,88,Not Applicable,88,Not Applicable,FALSE,1,Public Road,1,"Trafficway, On Road",CT0009300,New Haven PD,469,33:10.0,C,Closed,01:40.0,,,,,,,
1070732,1,Complete,1070732,1070732,41.317493,-72.901482,3562944,New Haven,93,93,New Haven,7/20/2023,2023,7,July,20,5,Thursday,15:20:00,15,23029239,A,"Injury of any type (Serious, Minor, Possible)",C,Possible Injury (C),3,0,0,2,USRoute,0.17,5,5-N,5-N,WILLOW ST,,,,,41.317493,-72.901482,14,Motor Vehicle in Operation,3,Angle,1,On Roadway,1,Clear,88,Not Applicable,1,Daylight,1,Dry,0,None,88,Not Applicable,88,Not Applicable,0,None,88,Not Applicable,88,Not Applicable,2,Intersection,2,Four-Way Intersection,1,No,1,No,88,Not Applicable,88,Not Applicable,88,Not Applicable,88,Not Applicable,FALSE,1,Public Road,1,"Trafficway, On Road",CT0009300,New Haven PD,41103,17:22.0,C,Closed,01:41.0,,1,12900,4,MINOR ARTERIAL - NEW HPMS,1,Rural
1070734,1,Complete,1070734,1070734,41.3146379,-72.9396433,3562946,New Haven,93,93,New Haven,7/23/2023,2023,7,July,23,1,Sunday,15:41:00,15,23029623,A,"Injury of any type (Serious, Minor, Possible)",B,Suspected Minor Injury (B),2,0,0,4,Local,0.94,453,ORCHARD ST,ORCHARD ST,,WHALLEY AVENUE,324,Feet,S,41.3146379,-72.9396433,14,Motor Vehicle in Operation,3,Angle,1,On Roadway,1,Clear,88,Not Applicable,1,Daylight,1,Dry,0,None,88,Not Applicable,88,Not Applicable,0,None,88,Not Applicable,88,Not Applicable,3,Intersection-Related,3,T-Intersection,1,No,1,No,88,Not Applicable,88,Not Applicable,88,Not Applicable,88,Not Applicable,TRUE,1,Public Road,1,"Trafficway, On Road",CT0009300,New Haven PD,44947,13:21.0,O,Open,01:41.0,,,,,,,
1070738,1,Complete,1070738,1070738,41.308075,-72.9240374,3562950,New Haven,93,93,New Haven,7/24/2023,2023,7,July,24,2,Monday,19:05:00,19,23029878,A,"Injury of any type (Serious, Minor, Possible)",C,Possible Injury (C),1,1,0,4,Local,0.56,726,ELM ST NO 2,ELM ST NO 2,,ORANGE ST,150,Feet,W,41.308075,-72.9240374,10,Pedalcycle/Pedalcyclist,3,Angle,1,On Roadway,1,Clear,88,Not Applicable,1,Daylight,1,Dry,0,None,88,Not Applicable,88,Not Applicable,97,Other,88,Not Applicable,88,Not Applicable,9,Driveway Access-Related,1,Not at Intersection,1,No,1,No,88,Not Applicable,88,Not Applicable,88,Not Applicable,88,Not Applicable,TRUE,1,Public Road,1,"Trafficway, On Road",CT0009300,New Haven PD,165,31:18.0,C,Closed,01:34.0,,,,,,,
1070739,1,Complete,1070739,1070739,41.336585,-72.973536,3562951,New Haven,93,93,New Haven,7/24/2023,2023,7,July,24,2,Monday,20:33:00,20,23029918,A,"Injury of any type (Serious, Minor, Possible)",A,Suspected Serious Injury (A),1,0,1,4,Local,0.18,566,SOUTH GENESEE ST,SOUTH GENESEE ST,,HARPER AVE,615,Feet,E,41.336585,-72.973536,1,Overturn/Rollover,88,Not Applicable,1,On Roadway,1,Clear,88,Not Applicable,3,Dusk,1,Dry,0,None,88,Not Applicable,88,Not Applicable,0,None,88,Not Applicable,88,Not Applicable,1,Non-Junction,1,Not at Intersection,1,No,1,No,88,Not Applicable,88,Not Applicable,88,Not Applicable,88,Not Applicable,TRUE,1,Public Road,1,"Trafficway, On Road",CT0009300,New Haven PD,402,24:27.0,C,Closed,01:36.0,,2,1560,7,LOCAL - NEW HPMS,2,Urban
1070741,1,Complete,1070741,1070741,41.328815,-72.965363,3562953,New Haven,93,93,New Haven,7/24/2023,2023,7,July,24,2,Monday,20:29:00,20,23029929,A,"Injury of any type (Serious, Minor, Possible)",C,Possible Injury (C),2,0,0,3,State,0.54,63,63-N,63-N,,EMERSON ST,30,Feet,W,41.328815,-72.965363,14,Motor Vehicle in Operation,1,Front to rear,1,On Roadway,1,Clear,88,Not Applicable,4,Dark-Lighted,1,Dry,0,None,88,Not Applicable,88,Not Applicable,0,None,88,Not Applicable,88,Not Applicable,3,Intersection-Related,3,T-Intersection,1,No,1,No,88,Not Applicable,88,Not Applicable,88,Not Applicable,88,Not Applicable,TRUE,1,Public Road,1,"Trafficway, On Road",CT0009300,New Haven PD,40952,43:01.0,C,Closed,01:31.0,,2,20400,3,PRINCIPAL ARTERIAL - OTHER - NEW HPMS,1,Rural
1070743,1,Complete,1070743,1070743,41.338173,-72.980095,3562955,New Haven,93,93,New Haven,7/25/2023,2023,7,July,25,3,Tuesday,9:06:00,9,23029965,A,"Injury of any type (Serious, Minor, Possible)",B,Suspected Minor Injury (B),1,1,0,3,State,1.59,63,63-N,63-N,,Sunset Dr,230,Feet,N,41.338173,-72.980095,9,Pedestrian,88,Not Applicable,1,On Roadway,1,Clear,88,Not Applicable,1,Daylight,1,Dry,0,None,88,Not Applicable,88,Not Applicable,0,None,88,Not Applicable,88,Not Applicable,9,Driveway Access-Related,1,Not at Intersection,1,No,1,No,88,Not Applicable,88,Not Applicable,88,Not Applicable,88,Not Applicable,FALSE,1,Public Road,1,"Trafficway, On Road",CT0009300,New Haven PD,45398,59:08.0,C,Closed,01:33.0,23029965,2,11300,3,PRINCIPAL ARTERIAL - OTHER - NEW HPMS,2,Urban
1071184,1,Complete,1071184,1071184,41.319904,-72.91024,3563396,New Haven,93,93,New Haven,7/26/2023,2023,7,July,26,4,Wednesday,11:01:00,11,23030149,A,"Injury of any type (Serious, Minor, Possible)",C,Possible Injury (C),2,0,0,4,Local,0.28,228,FOSTER ST,FOSTER ST,,Eagle St,25,Feet,N,41.319904,-72.91024,14,Motor Vehicle in Operation,4,"Sideswipe, same direction",1,On Roadway,1,Clear,88,Not Applicable,1,Daylight,1,Dry,0,None,88,Not Applicable,88,Not Applicable,0,None,88,Not Applicable,88,Not Applicable,3,Intersection-Related,3,T-Intersection,1,No,1,No,88,Not Applicable,88,Not Applicable,88,Not Applicable,88,Not Applicable,FALSE,1,Public Road,1,"Trafficway, On Road",CT0009300,New Haven PD,44062,30:37.0,C,Closed,01:17.0,,,,,,,
1071187,1,Complete,1071187,1071187,41.316418,-72.942451,3563399,New Haven,93,93,New Haven,7/26/2023,2023,7,July,26,4,Wednesday,15:14:00,15,23030178,A,"Injury of any type (Serious, Minor, Possible)",C,Possible Injury (C),2,0,0,4,Local,0.76,556,SHERMAN AV,SHERMAN AV,,WHALLEY AVE,40,Feet,S,41.316418,-72.942451,14,Motor Vehicle in Operation,1,Front to rear,1,On Roadway,1,Clear,88,Not Applicable,1,Daylight,99,Unknown,99,Unknown,88,Not Applicable,88,Not Applicable,99,Unknown,88,Not Applicable,88,Not Applicable,3,Intersection-Related,2,Four-Way Intersection,1,No,1,No,88,Not Applicable,88,Not Applicable,88,Not Applicable,88,Not Applicable,TRUE,1,Public Road,1,"Trafficway, On Road",CT0009300,New Haven PD,45388,02:25.0,C,Closed,01:19.0,,,,,,,
1071467,1,Complete,1071467,1071467,41.33056,-72.92577,3563679,New Haven,93,93,New Haven,7/24/2023,2023,7,July,24,2,Monday,19:05:00,19,23029907,A,"Injury of any type (Serious, Minor, Possible)",A,Suspected Serious Injury (A),1,0,3,4,Local,0.7,42,BASSETT ST,BASSETT ST,WINCHESTER AV,,,,,41.33056,-72.92577,39,"Other Fixed Object (wall, building, tunnel, etc.)",88,Not Applicable,4,Roadside,1,Clear,88,Not Applicable,1,Daylight,1,Dry,0,None,88,Not Applicable,88,Not Applicable,0,None,88,Not Applicable,88,Not Applicable,8,Driveway Access,1,Not at Intersection,1,No,1,No,88,Not Applicable,88,Not Applicable,88,Not Applicable,88,Not Applicable,FALSE,1,Public Road,1,"Trafficway, On Road",CT0009300,New Haven PD,44948,37:39.0,C,Closed,00:30.0,23029907,4,6200,5,MAJOR COLLECTOR - NEW HPMS,2,Urban
1071469,1,Complete,1071469,1071469,41.29012,-72.89226,3563681,New Haven,93,93,New Haven,7/26/2023,2023,7,July,26,4,Wednesday,18:00:00,18,23030198,A,"Injury of any type (Serious, Minor, Possible)",A,Suspected Serious Injury (A),2,0,0,4,Local,0.22,597,TOWNSEND AV,TOWNSEND AV,ASHLAND ST,,,,,41.29012,-72.89226,14,Motor Vehicle in Operation,3,Angle,1,On Roadway,1,Clear,88,Not Applicable,1,Daylight,1,Dry,0,None,88,Not Applicable,88,Not Applicable,0,None,88,Not Applicable,88,Not Applicable,2,Intersection,3,T-Intersection,1,No,1,No,88,Not Applicable,88,Not Applicable,88,Not Applicable,88,Not Applicable,FALSE,1,Public Road,1,"Trafficway, On Road",CT0009300,New Haven PD,42049,37:51.0,C,Closed,00:28.0,,,,,,,
1071470,1,Complete,1071470,1071470,41.319395,-72.927912,3563682,New Haven,93,93,New Haven,7/26/2023,2023,7,July,26,4,Wednesday,18:27:00,18,23030204,A,"Injury of any type (Serious, Minor, Possible)",C,Possible Injury (C),2,0,0,4,Local,0.24,669,WINCHESTER AV,WINCHESTER AV,WOODLAND ST,,,,,41.319395,-72.927912,14,Motor Vehicle in Operation,1,Front to rear,1,On Roadway,1,Clear,88,Not Applicable,1,Daylight,1,Dry,0,None,88,Not Applicable,88,Not Applicable,0,None,88,Not Applicable,88,Not Applicable,1,Non-Junction,1,Not at Intersection,1,No,1,No,88,Not Applicable,88,Not Applicable,88,Not Applicable,88,Not Applicable,FALSE,1,Public Road,1,"Trafficway, On Road",CT0009300,New Haven PD,45399,38:08.0,C,Closed,00:29.0,,,,,,,
1071472,1,Complete,1071472,1071472,41.326145,-72.915733,3563684,New Haven,93,93,New Haven,7/26/2023,2023,7,July,26,4,Wednesday,19:45:00,19,23030213,A,"Injury of any type (Serious, Minor, Possible)",C,Possible Injury (C),2,0,0,4,Local,1.15,656,WHITNEY AV,WHITNEY AV,COLD SPRING ST,,,,,41.326145,-72.915733,14,Motor Vehicle in Operation,3,Angle,1,On Roadway,1,Clear,88,Not Applicable,1,Daylight,1,Dry,0,None,88,Not Applicable,88,Not Applicable,0,None,88,Not Applicable,88,Not Applicable,2,Intersection,3,T-Intersection,1,No,1,No,88,Not Applicable,88,Not Applicable,88,Not Applicable,88,Not Applicable,TRUE,1,Public Road,1,"Trafficway, On Road",CT0009300,New Haven PD,42052,08:57.0,C,Closed,00:24.0,,,,,,,
1071868,1,Complete,1071868,1071868,41.3070094,-72.9212118,3564080,New Haven,93,93,New Haven,7/24/2023,2023,7,July,24,2,Monday,21:58:00,21,23029928,A,"Injury of any type (Serious, Minor, Possible)",C,Possible Injury (C),2,0,0,4,Local,1.17,575,STATE ST,STATE ST,ELM ST NO 2,,,,,41.3070094,-72.9212118,14,Motor Vehicle in Operation,99,Unknown,1,On Roadway,1,Clear,88,Not Applicable,4,Dark-Lighted,1,Dry,0,None,88,Not Applicable,88,Not Applicable,0,None,88,Not Applicable,88,Not Applicable,2,Intersection,8,"Five-Point, or More",1,No,1,No,88,Not Applicable,88,Not Applicable,88,Not Applicable,88,Not Applicable,FALSE,1,Public Road,1,"Trafficway, On Road",CT0009300,New Haven PD,42048,39:01.0,O,Open,02:21.0,,,,,,,
1071876,1,Complete,1071876,1071876,41.307041,-72.939674,3564088,New Haven,93,93,New Haven,7/27/2023,2023,7,July,27,5,Thursday,15:33:00,15,23030423,A,"Injury of any type (Serious, Minor, Possible)",C,Possible Injury (C),2,0,0,4,Local,0.88,809,REV DR MLK JR BLVD,REV DR MLK JR BLVD,,DWIGHT ST,200,Feet,W,41.307041,-72.939674,14,Motor Vehicle in Operation,1,Front to rear,1,On Roadway,1,Clear,88,Not Applicable,1,Daylight,1,Dry,0,None,88,Not Applicable,88,Not Applicable,0,None,88,Not Applicable,88,Not Applicable,1,Non-Junction,1,Not at Intersection,1,No,1,No,88,Not Applicable,88,Not Applicable,88,Not Applicable,88,Not Applicable,TRUE,1,Public Road,1,"Trafficway, On Road",CT0009300,New Haven PD,45132,25:53.0,O,Open,02:03.0,,,,,,,
1071882,1,Complete,1071882,1071882,41.296356,-72.947784,3564094,New Haven,93,93,New Haven,7/28/2023,2023,7,July,28,6,Friday,14:27:00,14,23030520,A,"Injury of any type (Serious, Minor, Possible)",B,Suspected Minor Injury (B),2,0,0,3,State,1.38,10,10-N,10-N,,LONGHINI LN,100,Feet,W,41.296356,-72.947784,14,Motor Vehicle in Operation,3,Angle,1,On Roadway,1,Clear,88,Not Applicable,1,Daylight,1,Dry,0,None,88,Not Applicable,88,Not Applicable,0,None,88,Not Applicable,88,Not Applicable,1,Non-Junction,1,Not at Intersection,1,No,1,No,88,Not Applicable,88,Not Applicable,88,Not Applicable,88,Not Applicable,FALSE,1,Public Road,1,"Trafficway, On Road",CT0009300,New Haven PD,42366,35:57.0,C,Closed,02:03.0,,2,20300,3,PRINCIPAL ARTERIAL - OTHER - NEW HPMS,2,Urban
1071884,1,Complete,1071884,1071884,41.323597,-72.881179,3564096,New Haven,93,93,New Haven,7/28/2023,2023,7,July,28,6,Friday,16:40:00,16,23030528,A,"Injury of any type (Serious, Minor, Possible)",C,Possible Injury (C),2,0,0,3,State,0.03,80,80-E,80-E,,Quinnipiac AVE,1461,Feet,W,41.323597,-72.881179,14,Motor Vehicle in Operation,3,Angle,1,On Roadway,1,Clear,88,Not Applicable,1,Daylight,1,Dry,0,None,88,Not Applicable,88,Not Applicable,3,Backup Due to Regular Congestion,88,Not Applicable,88,Not Applicable,1,Non-Junction,1,Not at Intersection,1,No,1,No,88,Not Applicable,88,Not Applicable,88,Not Applicable,88,Not Applicable,FALSE,1,Public Road,1,"Trafficway, On Road",CT0009300,New Haven PD,409,01:45.0,C,Closed,02:06.0,,2,32300,3,PRINCIPAL ARTERIAL - OTHER - NEW HPMS,2,Urban
1071885,1,Complete,1071885,1071885,41.293671,-72.918282,3564097,New Haven,93,93,New Haven,7/28/2023,2023,7,July,28,6,Friday,15:36:00,15,23030531,A,"Injury of any type (Serious, Minor, Possible)",C,Possible Injury (C),2,0,0,4,Local,0.66,513,LONG WHARF DR,LONG WHARF DR,,CANAL DOCK RD,815,Feet,S,41.293671,-72.918282,8,Other Non-Collision,99,Unknown,1,On Roadway,1,Clear,88,Not Applicable,1,Daylight,1,Dry,99,Unknown,88,Not Applicable,88,Not Applicable,99,Unknown,88,Not Applicable,88,Not Applicable,9,Driveway Access-Related,1,Not at Intersection,1,No,1,No,88,Not Applicable,88,Not Applicable,88,Not Applicable,88,Not Applicable,TRUE,1,Public Road,1,"Trafficway, On Road",CT0009300,New Haven PD,40947,23:06.0,C,Closed,01:58.0,,,,,,,
1071894,1,Complete,1071894,1071894,41.302277,-72.929062,3564106,New Haven,93,93,New Haven,7/29/2023,2023,7,July,29,7,Saturday,10:40:00,10,23030615,A,"Injury of any type (Serious, Minor, Possible)",C,Possible Injury (C),3,0,0,4,Local,0.26,564,SOUTH FRONTAGE RD,SOUTH FRONTAGE RD,,CHURCH ST,59,Feet,W,41.302277,-72.929062,14,Motor Vehicle in Operation,4,"Sideswipe, same direction",1,On Roadway,1,Clear,88,Not Applicable,1,Daylight,1,Dry,0,None,88,Not Applicable,88,Not Applicable,0,None,88,Not Applicable,88,Not Applicable,1,Non-Junction,1,Not at Intersection,1,No,1,No,88,Not Applicable,88,Not Applicable,88,Not Applicable,88,Not Applicable,TRUE,1,Public Road,1,"Trafficway, On Road",CT0009300,New Haven PD,476,39:20.0,C,Closed,02:07.0,,,,,,,
1071902,1,Complete,1071902,1071902,41.305801,-72.921906,3564114,New Haven,93,93,New Haven,7/30/2023,2023,7,July,30,1,Sunday,8:28:00,8,23030724,A,"Injury of any type (Serious, Minor, Possible)",C,Possible Injury (C),2,0,0,4,Local,1.26,575,STATE ST,STATE ST,COURT ST NO 2,,,,,41.305801,-72.921906,14,Motor Vehicle in Operation,3,Angle,1,On Roadway,1,Clear,88,Not Applicable,1,Daylight,1,Dry,0,None,88,Not Applicable,88,Not Applicable,0,None,88,Not Applicable,88,Not Applicable,2,Intersection,2,Four-Way Intersection,1,No,1,No,88,Not Applicable,88,Not Applicable,88,Not Applicable,88,Not Applicable,TRUE,1,Public Road,1,"Trafficway, On Road",CT0009300,New Haven PD,165,55:57.0,C,Closed,02:13.0,,,,,,,
1071907,1,Complete,1071907,1071907,41.287098,-72.89061,3564119,New Haven,93,93,New Haven,7/30/2023,2023,7,July,30,1,Sunday,15:22:00,15,23030754,A,"Injury of any type (Serious, Minor, Possible)",C,Possible Injury (C),2,0,1,4,Local,0.31,295,HILLSIDE AV,HILLSIDE AV,PAGE ST,,,,,41.287098,-72.89061,14,Motor Vehicle in Operation,3,Angle,1,On Roadway,1,Clear,88,Not Applicable,1,Daylight,1,Dry,0,None,88,Not Applicable,88,Not Applicable,0,None,88,Not Applicable,88,Not Applicable,2,Intersection,2,Four-Way Intersection,1,No,1,No,88,Not Applicable,88,Not Applicable,88,Not Applicable,88,Not Applicable,TRUE,1,Public Road,1,"Trafficway, On Road",CT0009300,New Haven PD,409,11:30.0,C,Closed,02:19.0,,,,,,,
1072541,1,Complete,1072541,1072541,41.314693,-72.959328,3564753,New Haven,93,93,New Haven,7/1/2023,2023,7,July,1,7,Saturday,2:40:00,2,23026402,A,"Injury of any type (Serious, Minor, Possible)",B,Suspected Minor Injury (B),3,0,0,4,Local,3.63,97,CHAPEL ST,CHAPEL ST,,YALE AVE,35,Feet,W,41.314693,-72.959328,15,Parked Motor Vehicle,1,Front to rear,2,Shoulder,1,Clear,88,Not Applicable,4,Dark-Lighted,1,Dry,0,None,88,Not Applicable,88,Not Applicable,0,None,88,Not Applicable,88,Not Applicable,3,Intersection-Related,2,Four-Way Intersection,1,No,1,No,88,Not Applicable,88,Not Applicable,88,Not Applicable,88,Not Applicable,FALSE,1,Public Road,1,"Trafficway, On Road",CT0009300,New Haven PD,44063,31:52.0,C,Closed,01:08.0,,,,,,,
1072543,1,Complete,1072543,1072543,41.30623,-72.902871,3564755,New Haven,93,93,New Haven,7/30/2023,2023,7,July,30,1,Sunday,16:30:00,16,23029611,A,"Injury of any type (Serious, Minor, Possible)",C,Possible Injury (C),2,0,0,4,Local,0.7,327,JAMES ST,JAMES ST,,WOLCOTT STREET,130,Feet,N,41.30623,-72.902871,14,Motor Vehicle in Operation,1,Front to rear,1,On Roadway,1,Clear,88,Not Applicable,1,Daylight,1,Dry,0,None,88,Not Applicable,88,Not Applicable,0,None,88,Not Applicable,88,Not Applicable,1,Non-Junction,1,Not at Intersection,1,No,1,No,88,Not Applicable,88,Not Applicable,88,Not Applicable,88,Not Applicable,FALSE,1,Public Road,1,"Trafficway, On Road",CT0009300,New Haven PD,44946,59:16.0,C,Closed,01:12.0,,,,,,,
1072802,1,Complete,1072802,1072802,41.288826,-72.892548,3565014,New Haven,93,93,New Haven,6/18/2023,2023,6,June,18,1,Sunday,3:21:00,3,23024511,A,"Injury of any type (Serious, Minor, Possible)",C,Possible Injury (C),2,0,0,4,Local,0,388,MAIN ST NO 2,MAIN ST NO 2,337-E,,,,,41.288826,-72.892548,14,Motor Vehicle in Operation,3,Angle,1,On Roadway,1,Clear,88,Not Applicable,4,Dark-Lighted,1,Dry,0,None,88,Not Applicable,88,Not Applicable,0,None,88,Not Applicable,88,Not Applicable,2,Intersection,2,Four-Way Intersection,1,No,1,No,88,Not Applicable,88,Not Applicable,88,Not Applicable,88,Not Applicable,FALSE,1,Public Road,1,"Trafficway, On Road",CT0009300,New Haven PD,754,32:37.0,O,Open,00:22.0,,,,,,,
1072803,1,Complete,1072803,1072803,41.307919,-72.916016,3565015,New Haven,93,93,New Haven,7/15/2023,2023,7,July,15,7,Saturday,3:10:00,3,23028421,A,"Injury of any type (Serious, Minor, Possible)",C,Possible Injury (C),2,0,0,4,Local,1.58,264,GRAND AV,GRAND AV,,JEFFERSON ST,15,Feet,W,41.307919,-72.916016,14,Motor Vehicle in Operation,2,Front to front,1,On Roadway,1,Clear,88,Not Applicable,4,Dark-Lighted,1,Dry,0,None,88,Not Applicable,88,Not Applicable,0,None,88,Not Applicable,88,Not Applicable,3,Intersection-Related,2,Four-Way Intersection,1,No,1,No,88,Not Applicable,88,Not Applicable,88,Not Applicable,88,Not Applicable,TRUE,1,Public Road,1,"Trafficway, On Road",CT0009300,New Haven PD,7729,17:20.0,C,Closed,00:09.0,,,,,,,
1072805,1,Complete,1072805,1072805,41.286919,-72.893028,3565017,New Haven,93,93,New Haven,7/27/2023,2023,7,July,27,5,Thursday,19:30:00,19,23030418,A,"Injury of any type (Serious, Minor, Possible)",C,Possible Injury (C),2,0,0,3,State,0.2,337,337-E,337-E,JOHN ST,,,,,41.286919,-72.893028,14,Motor Vehicle in Operation,3,Angle,1,On Roadway,1,Clear,88,Not Applicable,3,Dusk,2,Wet,0,None,88,Not Applicable,88,Not Applicable,0,None,88,Not Applicable,88,Not Applicable,2,Intersection,3,T-Intersection,1,No,1,No,88,Not Applicable,88,Not Applicable,88,Not Applicable,88,Not Applicable,FALSE,1,Public Road,1,"Trafficway, On Road",CT0009300,New Haven PD,42049,30:19.0,C,Closed,00:19.0,,1,9200,4,MINOR ARTERIAL - NEW HPMS,1,Rural
1072824,1,Complete,1072824,1072824,41.3112115,-72.919258,3565036,New Haven,93,93,New Haven,8/1/2023,2023,8,August,1,3,Tuesday,13:26:00,13,23031103,A,"Injury of any type (Serious, Minor, Possible)",B,Suspected Minor Injury (B),2,0,1,1,Interstate,0,91,91-N-136,91-N-136,TRUMBULL ST,,,,,41.3112115,-72.919258,14,Motor Vehicle in Operation,3,Angle,1,On Roadway,1,Clear,88,Not Applicable,1,Daylight,1,Dry,0,None,88,Not Applicable,88,Not Applicable,0,None,88,Not Applicable,88,Not Applicable,2,Intersection,2,Four-Way Intersection,1,No,1,No,88,Not Applicable,88,Not Applicable,88,Not Applicable,88,Not Applicable,TRUE,1,Public Road,1,"Trafficway, On Road",CT0009300,New Haven PD,44175,18:28.0,C,Closed,00:17.0,,2,28800,1,INTERSTATE - NEW HPMS,2,Urban
1072828,1,Complete,1072828,1072828,41.300255,-72.943596,3565040,New Haven,93,93,New Haven,8/1/2023,2023,8,August,1,3,Tuesday,15:56:00,15,23031116,A,"Injury of any type (Serious, Minor, Possible)",C,Possible Injury (C),2,0,0,4,Local,0.29,141,DAVENPORT AV,DAVENPORT AV,WEST ST,,,,,41.300255,-72.943596,14,Motor Vehicle in Operation,3,Angle,1,On Roadway,1,Clear,88,Not Applicable,1,Daylight,1,Dry,0,None,88,Not Applicable,88,Not Applicable,0,None,88,Not Applicable,88,Not Applicable,2,Intersection,3,T-Intersection,1,No,1,No,88,Not Applicable,88,Not Applicable,88,Not Applicable,88,Not Applicable,FALSE,1,Public Road,1,"Trafficway, On Road",CT0009300,New Haven PD,158,34:19.0,C,Closed,00:18.0,,,,,,,
1073127,1,Complete,1073127,1073127,41.326656,-72.963646,3565339,New Haven,93,93,New Haven,7/31/2023,2023,7,July,31,2,Monday,20:25:00,20,23030993,A,"Injury of any type (Serious, Minor, Possible)",C,Possible Injury (C),2,0,1,3,State,6.45,243,243-W,243-W,MCKINLEY AV,,,,,41.326656,-72.963646,14,Motor Vehicle in Operation,3,Angle,1,On Roadway,1,Clear,88,Not Applicable,4,Dark-Lighted,1,Dry,0,None,88,Not Applicable,88,Not Applicable,0,None,88,Not Applicable,88,Not Applicable,2,Intersection,3,T-Intersection,1,No,1,No,88,Not Applicable,88,Not Applicable,88,Not Applicable,88,Not Applicable,TRUE,1,Public Road,1,"Trafficway, On Road",CT0009300,New Haven PD,40952,26:30.0,O,Open,00:12.0,23030993,1,10500,4,MINOR ARTERIAL - NEW HPMS,1,Rural
1073375,1,Complete,1073375,1073375,41.30061,-72.942947,3565587,New Haven,93,93,New Haven,8/2/2023,2023,8,August,2,4,Wednesday,15:22:00,15,23031469,A,"Injury of any type (Serious, Minor, Possible)",C,Possible Injury (C),2,0,0,4,Local,0.32,141,DAVENPORT AV,DAVENPORT AV,,DAVENPORT AVE,57,Feet,E,41.30061,-72.942947,14,Motor Vehicle in Operation,1,Front to rear,2,Shoulder,1,Clear,88,Not Applicable,1,Daylight,1,Dry,0,None,88,Not Applicable,88,Not Applicable,0,None,88,Not Applicable,88,Not Applicable,1,Non-Junction,1,Not at Intersection,1,No,1,No,88,Not Applicable,88,Not Applicable,88,Not Applicable,88,Not Applicable,TRUE,1,Public Road,1,"Trafficway, On Road",CT0009300,New Haven PD,158,45:31.0,C,Closed,01:10.0,23-031469,,,,,,
1073378,1,Complete,1073378,1073378,41.28289,-72.93466,3565590,New Haven,93,93,New Haven,8/3/2023,2023,8,August,3,5,Thursday,16:54:00,16,23031495,A,"Injury of any type (Serious, Minor, Possible)",C,Possible Injury (C),2,0,0,3,State,0.19,10,10-N,10-N,95-N-365,,,,,41.28289,-72.93466,14,Motor Vehicle in Operation,1,Front to rear,1,On Roadway,1,Clear,88,Not Applicable,1,Daylight,1,Dry,99,Unknown,88,Not Applicable,88,Not Applicable,99,Unknown,88,Not Applicable,88,Not Applicable,3,Intersection-Related,2,Four-Way Intersection,1,No,1,No,88,Not Applicable,88,Not Applicable,88,Not Applicable,88,Not Applicable,FALSE,1,Public Road,1,"Trafficway, On Road",CT0009300,New Haven PD,40947,10:12.0,C,Closed,01:08.0,,2,15100,3,PRINCIPAL ARTERIAL - OTHER - NEW HPMS,2,Urban