CrashId,Fatal Case Status,Fatal Case Status Text Format,CrashId,CrashId,Latitude,Longitude,DOT Case Number,Town Name,Town Number,Town Number,Town Number Text Format,Date Of Crash,Year,Month,Month Text Format,Day,Day of the Week,Day of the Week Text Format,Time of Crash,Hour of the Day,Case Identifier,Crash Severity,Crash Severity Text Format,Most Severe Injury,Most Severe Injury Text Format,Number Of Motor Vehicles,Number Of Non-Motorist,Number Of Witnesses,Route Class,Route Class Text Format,Milemarker,Road Number,Road Description,Roadway Name,Intersecting Roadway Name,Landmark Description,Distance From Nearest Landmark,Unit Of Measure From Nearest Landmark,Direction From Nearest Landmark,Latitude,Longitude,First Harmful Event,First Harmful Event Text Format,Manner of Crash / Collision Impact,Manner of Crash / Collision Impact Text Format,Location of First Harmful Event,Location of First Harmful Event Text Format,Weather Condition,Weather Condition Text Format,Weather 2,Weather 2 Text Format,Light Condition,Light Condition Text Format,Road Surface Condition,Road Surface Condition Text Format,"Contributing Circumstances, Environment","Contributing Circumstances, Environment Text Format",Environment 2,Environment 2 Text Format,Environment 3,Environment 3 Text Format,"Contributing Circumstances, Road","Contributing Circumstances, Road Text Format",Road 2,Road 2 Text Format,Road 3,Road 3 Text Format,Crash Specific Location,Crash Specific Location Text Format,Type of Intersection,Type of Intersection Text Format,School Bus Related,School Bus Related Text Format,Work Zone Related,Work Zone Related Text Format,Location Of Crash Relative To Work Zone,Location Of Crash Relative To Work Zone Text Format,Type of Work Zone,Type of Work Zone Text Format,Worker Presence,Worker Presence Text Format,Law Enforcement Presence,Law Enforcement Presence Text Format,Were Vehicles Moved Prior To Police Arrival,Trafficway Ownership,Trafficway Ownership Text Format,Trafficway Class,Trafficway Class Text Format,Police Agency,Police Agency Text Format,Badge Number,Approval Date,Police Case Status,Police Case Status Text Format,Crash Report Submission Date,Related Case Identifiers,No. of Through Lanes (Log Dir.),Average Daily Traffic,Functional Classification,Functional Classification Text Format,Rural or Urban,Rural or Urban Text Format
1075681,1,Complete,1075681,1075681,41.32938,-72.980717,3567893,New Haven,93,93,New Haven,8/11/2023,2023,8,August,11,6,Friday,23:45:00,23,23032751,A,"Injury of any type (Serious, Minor, Possible)",B,Suspected Minor Injury (B),3,0,0,3,State,5.54,243,243-E,243-E,,cooper pl,223,Feet,W,41.32938,-72.980717,14,Motor Vehicle in Operation,3,Angle,1,On Roadway,1,Clear,88,Not Applicable,4,Dark-Lighted,1,Dry,4,Animal(s) in Roadway,88,Not Applicable,88,Not Applicable,0,None,88,Not Applicable,88,Not Applicable,1,Non-Junction,1,Not at Intersection,1,No,1,No,88,Not Applicable,88,Not Applicable,88,Not Applicable,88,Not Applicable,FALSE,1,Public Road,1,"Trafficway, On Road",CT0009300,New Haven PD,503,42:20.0,C,Closed,00:27.0,,1,8300,4,MINOR ARTERIAL - NEW HPMS,1,Rural
1075682,1,Complete,1075682,1075682,41.316133,-72.924351,3567894,New Haven,93,93,New Haven,8/12/2023,2023,8,August,12,7,Saturday,19:02:00,19,23032763,A,"Injury of any type (Serious, Minor, Possible)",C,Possible Injury (C),2,0,0,4,Local,0.32,495,PROSPECT ST,PROSPECT ST,SACHEM ST,,,,,41.316133,-72.924351,14,Motor Vehicle in Operation,2,Front to front,1,On Roadway,1,Clear,88,Not Applicable,4,Dark-Lighted,1,Dry,0,None,88,Not Applicable,88,Not Applicable,0,None,88,Not Applicable,88,Not Applicable,2,Intersection,2,Four-Way Intersection,1,No,1,No,88,Not Applicable,88,Not Applicable,88,Not Applicable,88,Not Applicable,FALSE,1,Public Road,1,"Trafficway, On Road",CT0009300,New Haven PD,44055,34:14.0,C,Closed,00:28.0,,,,,,,
1075688,1,Complete,1075688,1075688,41.332377,-72.974779,3567900,New Haven,93,93,New Haven,8/12/2023,2023,8,August,12,7,Saturday,15:48:00,15,23032824,A,"Injury of any type (Serious, Minor, Possible)",C,Possible Injury (C),2,0,0,3,State,1.1,63,63-N,63-N,,E RAMSDELL ST,33,Feet,E,41.332377,-72.974779,14,Motor Vehicle in Operation,1,Front to rear,1,On Roadway,1,Clear,88,Not Applicable,1,Daylight,1,Dry,0,None,88,Not Applicable,88,Not Applicable,0,None,88,Not Applicable,88,Not Applicable,3,Intersection-Related,2,Four-Way Intersection,1,No,1,No,88,Not Applicable,88,Not Applicable,88,Not Applicable,88,Not Applicable,TRUE,1,Public Road,1,"Trafficway, On Road",CT0009300,New Haven PD,42045,41:14.0,C,Closed,00:26.0,,2,23000,3,PRINCIPAL ARTERIAL - OTHER - NEW HPMS,2,Urban
1075689,1,Complete,1075689,1075689,41.306765,-72.900701,3567901,New Haven,93,93,New Haven,8/12/2023,2023,8,August,12,7,Saturday,18:06:00,18,23032835,A,"Injury of any type (Serious, Minor, Possible)",C,Possible Injury (C),2,0,0,4,Local,0.25,377,LLOYD ST,LLOYD ST,,EXCHANGE ST,79,Feet,S,41.306765,-72.900701,14,Motor Vehicle in Operation,3,Angle,1,On Roadway,1,Clear,88,Not Applicable,1,Daylight,1,Dry,0,None,88,Not Applicable,88,Not Applicable,0,None,88,Not Applicable,88,Not Applicable,1,Non-Junction,1,Not at Intersection,1,No,1,No,88,Not Applicable,88,Not Applicable,88,Not Applicable,88,Not Applicable,FALSE,1,Public Road,1,"Trafficway, On Road",CT0009300,New Haven PD,45389,09:34.0,C,Closed,00:31.0,,,,,,,
1075690,1,Complete,1075690,1075690,41.316169,-72.91632,3567902,New Haven,93,93,New Haven,8/13/2023,2023,8,August,13,1,Sunday,2:20:00,2,23032866,A,"Injury of any type (Serious, Minor, Possible)",C,Possible Injury (C),1,1,0,4,Local,0.88,450,ORANGE ST NO 1,ORANGE ST NO 1,HUMPHREY ST,,,,,41.316169,-72.91632,14,Motor Vehicle in Operation,3,Angle,1,On Roadway,4,Rain,88,Not Applicable,4,Dark-Lighted,2,Wet,1,Weather Conditions,88,Not Applicable,88,Not Applicable,0,None,88,Not Applicable,88,Not Applicable,2,Intersection,2,Four-Way Intersection,1,No,1,No,88,Not Applicable,88,Not Applicable,88,Not Applicable,88,Not Applicable,TRUE,1,Public Road,1,"Trafficway, On Road",CT0009300,New Haven PD,42042,29:20.0,O,Open,00:29.0,,,,,,,
1075693,1,Complete,1075693,1075693,41.326166,-72.935093,3567905,New Haven,93,93,New Haven,8/13/2023,2023,8,August,13,1,Sunday,13:55:00,13,23032904,A,"Injury of any type (Serious, Minor, Possible)",C,Possible Injury (C),2,0,0,4,Local,0.94,152,DIXWELL AV,DIXWELL AV,,Gibbs St ,30,Feet,N,41.326166,-72.935093,14,Motor Vehicle in Operation,3,Angle,7,In Parking Lane or Zone,1,Clear,88,Not Applicable,1,Daylight,1,Dry,0,None,88,Not Applicable,88,Not Applicable,0,None,88,Not Applicable,88,Not Applicable,1,Non-Junction,1,Not at Intersection,1,No,1,No,88,Not Applicable,88,Not Applicable,88,Not Applicable,88,Not Applicable,FALSE,1,Public Road,1,"Trafficway, On Road",CT0009300,New Haven PD,11439,32:34.0,C,Closed,00:31.0,,,,,,,
1075695,1,Complete,1075695,1075695,41.31185,-72.938473,3567907,New Haven,93,93,New Haven,8/13/2023,2023,8,August,13,1,Sunday,16:50:00,16,23032925,A,"Injury of any type (Serious, Minor, Possible)",C,Possible Injury (C),2,0,0,4,Local,1.76,179,EDGEWOOD AV,EDGEWOOD AV,DAY ST,,,,,41.31185,-72.938473,14,Motor Vehicle in Operation,3,Angle,1,On Roadway,1,Clear,88,Not Applicable,1,Daylight,1,Dry,0,None,88,Not Applicable,88,Not Applicable,0,None,88,Not Applicable,88,Not Applicable,2,Intersection,3,T-Intersection,1,No,1,No,88,Not Applicable,88,Not Applicable,88,Not Applicable,88,Not Applicable,FALSE,1,Public Road,1,"Trafficway, On Road",CT0009300,New Haven PD,44947,29:48.0,C,Closed,00:32.0,,,,,,,
1076218,1,Complete,1076218,1076218,41.284478,-72.934659,3568430,New Haven,93,93,New Haven,8/11/2023,2023,8,August,11,6,Friday,14:42:00,14,23032662,A,"Injury of any type (Serious, Minor, Possible)",C,Possible Injury (C),2,0,0,1,Interstate,0,,95-S-366,95-S-366,10-N,,,,,41.284478,-72.934659,14,Motor Vehicle in Operation,3,Angle,1,On Roadway,1,Clear,88,Not Applicable,1,Daylight,1,Dry,0,None,88,Not Applicable,88,Not Applicable,0,None,88,Not Applicable,88,Not Applicable,2,Intersection,2,Four-Way Intersection,1,No,1,No,88,Not Applicable,88,Not Applicable,88,Not Applicable,88,Not Applicable,FALSE,1,Public Road,1,"Trafficway, On Road",CT0009300,New Haven PD,45403,35:44.0,C,Closed,00:30.0,,,,,,,
1076219,1,Complete,1076219,1076219,41.314263,-72.896806,3568431,New Haven,93,93,New Haven,8/12/2023,2023,8,August,12,7,Saturday,18:55:00,18,23032842,A,"Injury of any type (Serious, Minor, Possible)",C,Possible Injury (C),2,0,0,4,Local,0.37,213,FERRY ST,FERRY ST,,Chatham St ,40,Feet,N,41.314263,-72.896806,14,Motor Vehicle in Operation,1,Front to rear,1,On Roadway,1,Clear,88,Not Applicable,1,Daylight,1,Dry,0,None,88,Not Applicable,88,Not Applicable,0,None,88,Not Applicable,88,Not Applicable,3,Intersection-Related,2,Four-Way Intersection,1,No,1,No,88,Not Applicable,88,Not Applicable,88,Not Applicable,88,Not Applicable,FALSE,1,Public Road,1,"Trafficway, On Road",CT0009300,New Haven PD,45399,47:21.0,C,Closed,00:31.0,,,,,,,
1076222,1,Complete,1076222,1076222,41.286929,-72.932586,3568434,New Haven,93,93,New Haven,8/13/2023,2023,8,August,13,1,Sunday,18:25:00,18,23032937,A,"Injury of any type (Serious, Minor, Possible)",B,Suspected Minor Injury (B),3,0,1,4,Local,0.3,268,GREENWICH AV NO 1,GREENWICH AV NO 1,,3RD ST,190,Feet,S,41.286929,-72.932586,14,Motor Vehicle in Operation,5,"Sideswipe, opposite direction",1,On Roadway,1,Clear,88,Not Applicable,1,Daylight,1,Dry,0,None,88,Not Applicable,88,Not Applicable,0,None,88,Not Applicable,88,Not Applicable,1,Non-Junction,1,Not at Intersection,1,No,1,No,88,Not Applicable,88,Not Applicable,88,Not Applicable,88,Not Applicable,TRUE,1,Public Road,1,"Trafficway, On Road",CT0009300,New Haven PD,42366,48:01.0,C,Closed,00:33.0,,,,,,,
1076227,1,Complete,1076227,1076227,41.2958,-72.91691,3568439,New Haven,93,93,New Haven,8/14/2023,2023,8,August,14,2,Monday,18:27:00,18,23033098,A,"Injury of any type (Serious, Minor, Possible)",C,Possible Injury (C),2,0,0,4,Local,0.05,82,CANAL DOCK RD,CANAL DOCK RD,,LONG WHARF DR,40,Feet,E,41.2958,-72.91691,14,Motor Vehicle in Operation,1,Front to rear,1,On Roadway,1,Clear,88,Not Applicable,1,Daylight,1,Dry,0,None,88,Not Applicable,88,Not Applicable,0,None,88,Not Applicable,88,Not Applicable,3,Intersection-Related,3,T-Intersection,1,No,1,No,88,Not Applicable,88,Not Applicable,88,Not Applicable,88,Not Applicable,TRUE,1,Public Road,1,"Trafficway, On Road",CT0009300,New Haven PD,42366,59:34.0,O,Open,00:36.0,,,,,,,
1076740,1,Complete,1076740,1076740,41.304409,-72.939323,3568952,New Haven,93,93,New Haven,7/31/2023,2023,7,July,31,2,Monday,13:16:00,13,23030924,A,"Injury of any type (Serious, Minor, Possible)",C,Possible Injury (C),2,0,0,4,Local,0.28,622,WARD ST,WARD ST,,SYLVAN AVE,100,Feet,S,41.304409,-72.939323,14,Motor Vehicle in Operation,4,"Sideswipe, same direction",1,On Roadway,1,Clear,88,Not Applicable,1,Daylight,1,Dry,0,None,88,Not Applicable,88,Not Applicable,0,None,88,Not Applicable,88,Not Applicable,1,Non-Junction,1,Not at Intersection,1,No,1,No,88,Not Applicable,88,Not Applicable,88,Not Applicable,88,Not Applicable,TRUE,1,Public Road,1,"Trafficway, On Road",CT0009300,New Haven PD,44949,50:54.0,C,Closed,00:16.0,,2,,7,LOCAL - NEW HPMS,2,Urban
1076742,1,Complete,1076742,1076742,41.32994,-72.93212,3568954,New Haven,93,93,New Haven,8/10/2023,2023,8,August,10,5,Thursday,20:10:00,20,23032554,A,"Injury of any type (Serious, Minor, Possible)",C,Possible Injury (C),2,0,0,4,Local,0.54,552,SHELTON AV,SHELTON AV,IVY ST NO 1,,,,,41.32994,-72.93212,14,Motor Vehicle in Operation,3,Angle,1,On Roadway,4,Rain,88,Not Applicable,4,Dark-Lighted,2,Wet,0,None,88,Not Applicable,88,Not Applicable,0,None,88,Not Applicable,88,Not Applicable,2,Intersection,2,Four-Way Intersection,1,No,1,No,88,Not Applicable,88,Not Applicable,88,Not Applicable,88,Not Applicable,FALSE,1,Public Road,1,"Trafficway, On Road",CT0009300,New Haven PD,45132,51:32.0,C,Closed,00:18.0,,,,,,,
1076743,1,Complete,1076743,1076743,41.321152,-72.873855,3568955,New Haven,93,93,New Haven,8/11/2023,2023,8,August,11,6,Friday,18:00:00,18,23032701,A,"Injury of any type (Serious, Minor, Possible)",B,Suspected Minor Injury (B),2,0,0,3,State,0.02,103,103-N,103-N,,FOXON BLVD,62,Feet,N,41.321152,-72.873855,14,Motor Vehicle in Operation,3,Angle,1,On Roadway,1,Clear,88,Not Applicable,1,Daylight,1,Dry,0,None,88,Not Applicable,88,Not Applicable,0,None,88,Not Applicable,88,Not Applicable,1,Non-Junction,1,Not at Intersection,1,No,1,No,88,Not Applicable,88,Not Applicable,88,Not Applicable,88,Not Applicable,FALSE,1,Public Road,1,"Trafficway, On Road",CT0009300,New Haven PD,42049,45:02.0,C,Closed,00:21.0,,1,9100,4,MINOR ARTERIAL - NEW HPMS,1,Rural
1076744,1,Complete,1076744,1076744,41.301,-72.91014,3568956,New Haven,93,93,New Haven,8/13/2023,2023,8,August,13,1,Sunday,1:09:00,1,23032765,A,"Injury of any type (Serious, Minor, Possible)",B,Suspected Minor Injury (B),1,0,0,2,USRoute,48.99,1,1-N,1-N,,east STREET,136,Feet,E,41.301,-72.91014,2,Fire / Explosion,88,Not Applicable,1,On Roadway,1,Clear,88,Not Applicable,6,Dark-Unknown Lighting,1,Dry,0,None,88,Not Applicable,88,Not Applicable,0,None,88,Not Applicable,88,Not Applicable,1,Non-Junction,1,Not at Intersection,1,No,1,No,88,Not Applicable,88,Not Applicable,88,Not Applicable,88,Not Applicable,FALSE,1,Public Road,1,"Trafficway, On Road",CT0009300,New Haven PD,44052,35:21.0,C,Closed,00:20.0,,4,12400,3,PRINCIPAL ARTERIAL - OTHER - NEW HPMS,2,Urban
1076746,1,Complete,1076746,1076746,41.332983,-72.931143,3568958,New Haven,93,93,New Haven,8/15/2023,2023,8,August,15,3,Tuesday,11:57:00,11,23033173,A,"Injury of any type (Serious, Minor, Possible)",C,Possible Injury (C),2,0,0,4,Local,0.76,552,SHELTON AV,SHELTON AV,,READ ST,200,Feet,S,41.332983,-72.931143,15,Parked Motor Vehicle,3,Angle,1,On Roadway,2,Cloudy,88,Not Applicable,1,Daylight,1,Dry,0,None,88,Not Applicable,88,Not Applicable,0,None,88,Not Applicable,88,Not Applicable,8,Driveway Access,1,Not at Intersection,1,No,1,No,88,Not Applicable,88,Not Applicable,88,Not Applicable,88,Not Applicable,FALSE,1,Public Road,1,"Trafficway, On Road",CT0009300,New Haven PD,42048,35:00.0,C,Closed,00:23.0,,,,,,,
1076748,1,Complete,1076748,1076748,41.320931,-72.936187,3568960,New Haven,93,93,New Haven,8/15/2023,2023,8,August,15,3,Tuesday,22:15:00,22,23033255,A,"Injury of any type (Serious, Minor, Possible)",B,Suspected Minor Injury (B),1,1,0,4,Local,1.42,453,ORCHARD ST,ORCHARD ST,HENRY ST,,,,,41.320931,-72.936187,9,Pedestrian,88,Not Applicable,1,On Roadway,4,Rain,88,Not Applicable,4,Dark-Lighted,2,Wet,0,None,88,Not Applicable,88,Not Applicable,0,None,88,Not Applicable,88,Not Applicable,2,Intersection,2,Four-Way Intersection,1,No,1,No,88,Not Applicable,88,Not Applicable,88,Not Applicable,88,Not Applicable,FALSE,1,Public Road,1,"Trafficway, On Road",CT0009300,New Haven PD,45393,36:30.0,C,Closed,00:23.0,,2,4200,4,MINOR ARTERIAL - NEW HPMS,2,Urban
1076750,1,Complete,1076750,1076750,41.317189,-72.97094,3568962,New Haven,93,93,New Haven,8/16/2023,2023,8,August,16,4,Wednesday,10:45:00,10,23033304,A,"Injury of any type (Serious, Minor, Possible)",C,Possible Injury (C),2,0,0,3,State,2.65,122,122-N,122-N,CHAPEL ST,,,,,41.317189,-72.97094,14,Motor Vehicle in Operation,3,Angle,1,On Roadway,1,Clear,88,Not Applicable,1,Daylight,1,Dry,0,None,88,Not Applicable,88,Not Applicable,0,None,88,Not Applicable,88,Not Applicable,3,Intersection-Related,3,T-Intersection,1,No,1,No,88,Not Applicable,88,Not Applicable,88,Not Applicable,88,Not Applicable,FALSE,1,Public Road,1,"Trafficway, On Road",CT0009300,New Haven PD,62,39:26.0,C,Closed,00:20.0,,1,11800,4,MINOR ARTERIAL - NEW HPMS,1,Rural
1076751,1,Complete,1076751,1076751,41.324533,-72.968975,3568963,New Haven,93,93,New Haven,8/16/2023,2023,8,August,16,4,Wednesday,17:16:00,17,23033341,A,"Injury of any type (Serious, Minor, Possible)",C,Possible Injury (C),2,0,0,3,State,3.18,122,122-N,122-N,,West Elm St ,20,Feet,N,41.324533,-72.968975,14,Motor Vehicle in Operation,1,Front to rear,1,On Roadway,1,Clear,88,Not Applicable,1,Daylight,1,Dry,0,None,88,Not Applicable,88,Not Applicable,0,None,88,Not Applicable,88,Not Applicable,3,Intersection-Related,3,T-Intersection,1,No,1,No,88,Not Applicable,88,Not Applicable,88,Not Applicable,88,Not Applicable,FALSE,1,Public Road,1,"Trafficway, On Road",CT0009300,New Haven PD,402,36:34.0,C,Closed,00:22.0,,1,11600,4,MINOR ARTERIAL - NEW HPMS,1,Rural
1076752,1,Complete,1076752,1076752,41.3193294,-72.9048755,3568964,New Haven,93,93,New Haven,8/16/2023,2023,8,August,16,4,Wednesday,16:59:00,16,23033354,A,"Injury of any type (Serious, Minor, Possible)",C,Possible Injury (C),2,0,0,4,Local,0.22,666,WILLOW ST,WILLOW ST,91-S-139,,,,,41.3193294,-72.9048755,14,Motor Vehicle in Operation,4,"Sideswipe, same direction",1,On Roadway,1,Clear,88,Not Applicable,1,Daylight,1,Dry,0,None,88,Not Applicable,88,Not Applicable,0,None,88,Not Applicable,88,Not Applicable,3,Intersection-Related,3,T-Intersection,1,No,1,No,88,Not Applicable,88,Not Applicable,88,Not Applicable,88,Not Applicable,TRUE,1,Public Road,1,"Trafficway, On Road",CT0009300,New Haven PD,42048,33:51.0,O,Open,00:24.0,,,,,,,
1077029,1,Complete,1077029,1077029,41.312932,-72.932912,3569241,New Haven,93,93,New Haven,8/10/2023,2023,8,August,10,5,Thursday,12:19:00,12,23032468,A,"Injury of any type (Serious, Minor, Possible)",C,Possible Injury (C),2,0,0,4,Local,0.95,653,WHALLEY AV,WHALLEY AV,,DWIGHT ST,180,Feet,E,41.312932,-72.932912,14,Motor Vehicle in Operation,4,"Sideswipe, same direction",1,On Roadway,1,Clear,88,Not Applicable,1,Daylight,1,Dry,0,None,88,Not Applicable,88,Not Applicable,0,None,88,Not Applicable,88,Not Applicable,1,Non-Junction,1,Not at Intersection,1,No,1,No,88,Not Applicable,88,Not Applicable,88,Not Applicable,88,Not Applicable,TRUE,1,Public Road,1,"Trafficway, On Road",CT0009300,New Haven PD,324,13:46.0,C,Closed,00:51.0,23032468,,,,,,
1077038,1,Complete,1077038,1077038,41.329934,-72.875915,3569250,New Haven,93,93,New Haven,8/17/2023,2023,8,August,17,5,Thursday,8:32:00,8,23033450,A,"Injury of any type (Serious, Minor, Possible)",C,Possible Injury (C),2,0,0,3,State,0.73,17,17-N,17-N,,ELLIS ST,190,Feet,N,41.329934,-72.875915,14,Motor Vehicle in Operation,1,Front to rear,1,On Roadway,1,Clear,88,Not Applicable,1,Daylight,1,Dry,0,None,88,Not Applicable,88,Not Applicable,0,None,88,Not Applicable,88,Not Applicable,1,Non-Junction,1,Not at Intersection,1,No,1,No,88,Not Applicable,88,Not Applicable,88,Not Applicable,88,Not Applicable,FALSE,1,Public Road,1,"Trafficway, On Road",CT0009300,New Haven PD,45391,29:47.0,O,Open,00:56.0,,1,14300,3,PRINCIPAL ARTERIAL - OTHER - NEW HPMS,1,Rural
1078280,1,Complete,1078280,1078280,41.32087,-72.87401,3570492,New Haven,93,93,New Haven,3/15/2023,2023,3,March,15,4,Wednesday,15:03:00,15,23010422,A,"Injury of any type (Serious, Minor, Possible)",A,Suspected Serious Injury (A),2,0,0,3,State,0,103,103-N,103-N,RT 80,,,,,41.32087,-72.87401,14,Motor Vehicle in Operation,1,Front to rear,1,On Roadway,1,Clear,88,Not Applicable,1,Daylight,1,Dry,0,None,88,Not Applicable,88,Not Applicable,0,None,88,Not Applicable,88,Not Applicable,2,Intersection,2,Four-Way Intersection,1,No,1,No,88,Not Applicable,88,Not Applicable,88,Not Applicable,88,Not Applicable,TRUE,1,Public Road,1,"Trafficway, On Road",CT0009300,New Haven PD,44056,59:18.0,C,Closed,01:24.0,,1,9100,4,MINOR ARTERIAL - NEW HPMS,1,Rural
1078286,1,Complete,1078286,1078286,41.328998,-72.935144,3570498,New Haven,93,93,New Haven,8/20/2023,2023,8,August,20,1,Sunday,14:24:00,14,23033902,A,"Injury of any type (Serious, Minor, Possible)",C,Possible Injury (C),3,0,0,4,Local,1.14,152,DIXWELL AV,DIXWELL AV,,HAZEL STREET,168,Feet,S,41.328998,-72.935144,14,Motor Vehicle in Operation,3,Angle,1,On Roadway,1,Clear,88,Not Applicable,1,Daylight,1,Dry,0,None,88,Not Applicable,88,Not Applicable,0,None,88,Not Applicable,88,Not Applicable,1,Non-Junction,1,Not at Intersection,1,No,1,No,88,Not Applicable,88,Not Applicable,88,Not Applicable,88,Not Applicable,FALSE,1,Public Road,1,"Trafficway, On Road",CT0009300,New Haven PD,44048,46:52.0,C,Closed,01:26.0,,,,,,,
1078290,1,Complete,1078290,1078290,41.326002,-72.958772,3570502,New Haven,93,93,New Haven,8/20/2023,2023,8,August,20,1,Sunday,18:42:00,18,23033934,A,"Injury of any type (Serious, Minor, Possible)",A,Suspected Serious Injury (A),2,0,0,3,State,0.12,63,63-N,63-N,,WEST ROCK AV ,38,Feet,W,41.326002,-72.958772,14,Motor Vehicle in Operation,2,Front to front,1,On Roadway,1,Clear,88,Not Applicable,1,Daylight,1,Dry,0,None,88,Not Applicable,88,Not Applicable,0,None,88,Not Applicable,88,Not Applicable,3,Intersection-Related,3,T-Intersection,1,No,1,No,88,Not Applicable,88,Not Applicable,88,Not Applicable,88,Not Applicable,TRUE,1,Public Road,1,"Trafficway, On Road",CT0009300,New Haven PD,42045,46:06.0,C,Closed,01:27.0,,1,23200,3,PRINCIPAL ARTERIAL - OTHER - NEW HPMS,3,Unknown
1078291,1,Complete,1078291,1078291,41.30334,-72.8962,3570503,New Haven,93,93,New Haven,8/20/2023,2023,8,August,20,1,Sunday,19:51:00,19,23033938,A,"Injury of any type (Serious, Minor, Possible)",C,Possible Injury (C),2,0,0,4,Local,0.12,514,RIVER ST,RIVER ST,POPLAR ST,,,,,41.30334,-72.8962,14,Motor Vehicle in Operation,5,"Sideswipe, opposite direction",1,On Roadway,1,Clear,88,Not Applicable,1,Daylight,1,Dry,0,None,88,Not Applicable,88,Not Applicable,0,None,88,Not Applicable,88,Not Applicable,2,Intersection,2,Four-Way Intersection,1,No,1,No,88,Not Applicable,88,Not Applicable,88,Not Applicable,88,Not Applicable,FALSE,1,Public Road,1,"Trafficway, On Road",CT0009300,New Haven PD,45389,08:49.0,C,Closed,01:31.0,,,,,,,
1078293,1,Complete,1078293,1078293,41.299525,-72.925401,3570505,New Haven,93,93,New Haven,8/21/2023,2023,8,August,21,2,Monday,8:52:00,8,23033978,A,"Injury of any type (Serious, Minor, Possible)",C,Possible Injury (C),2,0,0,2,USRoute,48.12,1,1-N,1-N,,MEADOW ST,32,Feet,N,41.299525,-72.925401,14,Motor Vehicle in Operation,1,Front to rear,1,On Roadway,1,Clear,88,Not Applicable,1,Daylight,1,Dry,0,None,88,Not Applicable,88,Not Applicable,0,None,88,Not Applicable,88,Not Applicable,3,Intersection-Related,3,T-Intersection,1,No,1,No,88,Not Applicable,88,Not Applicable,88,Not Applicable,88,Not Applicable,FALSE,1,Public Road,1,"Trafficway, On Road",CT0009300,New Haven PD,45395,10:51.0,C,Closed,01:29.0,,2,11700,3,PRINCIPAL ARTERIAL - OTHER - NEW HPMS,2,Urban
1078295,1,Complete,1078295,1078295,41.31301,-72.95202,3570507,New Haven,93,93,New Haven,8/21/2023,2023,8,August,21,2,Monday,16:09:00,16,23034029,A,"Injury of any type (Serious, Minor, Possible)",C,Possible Injury (C),2,0,0,3,State,2.41,10,10-N,10-N,CHAPEL ST,,,,,41.31301,-72.95202,14,Motor Vehicle in Operation,1,Front to rear,1,On Roadway,1,Clear,88,Not Applicable,1,Daylight,1,Dry,0,None,88,Not Applicable,88,Not Applicable,0,None,88,Not Applicable,88,Not Applicable,2,Intersection,2,Four-Way Intersection,1,No,1,No,88,Not Applicable,88,Not Applicable,88,Not Applicable,88,Not Applicable,FALSE,1,Public Road,1,"Trafficway, On Road",CT0009300,New Haven PD,11439,24:54.0,C,Closed,01:30.0,,2,19800,3,PRINCIPAL ARTERIAL - OTHER - NEW HPMS,2,Urban
1078296,1,Complete,1078296,1078296,41.321259,-72.869621,3570508,New Haven,93,93,New Haven,8/21/2023,2023,8,August,21,2,Monday,16:31:00,16,23034034,A,"Injury of any type (Serious, Minor, Possible)",C,Possible Injury (C),1,0,0,,,,,,466 FOXON BLVD,,EASTERN ST,560,Feet,E,41.321259,-72.869621,38,"Other Post, Pole or Support",88,Not Applicable,7,In Parking Lane or Zone,1,Clear,88,Not Applicable,1,Daylight,1,Dry,0,None,88,Not Applicable,88,Not Applicable,0,None,88,Not Applicable,88,Not Applicable,97,Other,1,Not at Intersection,1,No,1,No,88,Not Applicable,88,Not Applicable,88,Not Applicable,88,Not Applicable,FALSE,88,Not Applicable,4,Parking Lot,CT0009300,New Haven PD,409,44:59.0,C,Closed,01:29.0,,,,,,,
1078569,1,Complete,1078569,1078569,41.337961,-72.97656,923221,New Haven,93,93,New Haven,8/22/2023,2023,8,August,22,3,Tuesday,10:57:00,10,23034167,K,Fatal (Kill),K,Fatal Injury (K),1,1,1,3,State,0.24,69,69-N,69-N,15-N-114,,,,,41.337961,-72.97656,9,Pedestrian,88,Not Applicable,1,On Roadway,1,Clear,88,Not Applicable,1,Daylight,1,Dry,0,None,88,Not Applicable,88,Not Applicable,0,None,88,Not Applicable,88,Not Applicable,3,Intersection-Related,3,T-Intersection,1,No,1,No,88,Not Applicable,88,Not Applicable,88,Not Applicable,88,Not Applicable,TRUE,1,Public Road,1,"Trafficway, On Road",CT0009300,New Haven PD,66,39:14.0,C,Closed,00:48.0,,1,5500,2,PRIN ART-OTHER FREEWAYS & EXPRESSWAYS - NEW HPMS,2,Urban
1078571,1,Complete,1078571,1078571,41.290975,-72.941486,3570783,New Haven,93,93,New Haven,8/22/2023,2023,8,August,22,3,Tuesday,15:45:00,15,23034217,A,"Injury of any type (Serious, Minor, Possible)",C,Possible Injury (C),2,0,0,3,State,0.7,10,10-N,10-N,WASHINGTON AV NO 1,,,,,41.290975,-72.941486,14,Motor Vehicle in Operation,3,Angle,1,On Roadway,1,Clear,88,Not Applicable,1,Daylight,1,Dry,0,None,88,Not Applicable,88,Not Applicable,0,None,88,Not Applicable,88,Not Applicable,2,Intersection,2,Four-Way Intersection,1,No,1,No,88,Not Applicable,88,Not Applicable,88,Not Applicable,88,Not Applicable,FALSE,1,Public Road,1,"Trafficway, On Road",CT0009300,New Haven PD,44953,33:51.0,C,Closed,00:45.0,,2,18000,3,PRINCIPAL ARTERIAL - OTHER - NEW HPMS,2,Urban