CrashId,Fatal Case Status,Fatal Case Status Text Format,CrashId,CrashId,Latitude,Longitude,DOT Case Number,Town Name,Town Number,Town Number,Town Number Text Format,Date Of Crash,Year,Month,Month Text Format,Day,Day of the Week,Day of the Week Text Format,Time of Crash,Hour of the Day,Case Identifier,Crash Severity,Crash Severity Text Format,Most Severe Injury,Most Severe Injury Text Format,Number Of Motor Vehicles,Number Of Non-Motorist,Number Of Witnesses,Route Class,Route Class Text Format,Milemarker,Road Number,Road Description,Roadway Name,Intersecting Roadway Name,Landmark Description,Distance From Nearest Landmark,Unit Of Measure From Nearest Landmark,Direction From Nearest Landmark,Latitude,Longitude,First Harmful Event,First Harmful Event Text Format,Manner of Crash / Collision Impact,Manner of Crash / Collision Impact Text Format,Location of First Harmful Event,Location of First Harmful Event Text Format,Weather Condition,Weather Condition Text Format,Weather 2,Weather 2 Text Format,Light Condition,Light Condition Text Format,Road Surface Condition,Road Surface Condition Text Format,"Contributing Circumstances, Environment","Contributing Circumstances, Environment Text Format",Environment 2,Environment 2 Text Format,Environment 3,Environment 3 Text Format,"Contributing Circumstances, Road","Contributing Circumstances, Road Text Format",Road 2,Road 2 Text Format,Road 3,Road 3 Text Format,Crash Specific Location,Crash Specific Location Text Format,Type of Intersection,Type of Intersection Text Format,School Bus Related,School Bus Related Text Format,Work Zone Related,Work Zone Related Text Format,Location Of Crash Relative To Work Zone,Location Of Crash Relative To Work Zone Text Format,Type of Work Zone,Type of Work Zone Text Format,Worker Presence,Worker Presence Text Format,Law Enforcement Presence,Law Enforcement Presence Text Format,Were Vehicles Moved Prior To Police Arrival,Trafficway Ownership,Trafficway Ownership Text Format,Trafficway Class,Trafficway Class Text Format,Police Agency,Police Agency Text Format,Badge Number,Approval Date,Police Case Status,Police Case Status Text Format,Crash Report Submission Date,Related Case Identifiers,No. of Through Lanes (Log Dir.),Average Daily Traffic,Functional Classification,Functional Classification Text Format,Rural or Urban,Rural or Urban Text Format
1081419,1,Complete,1081419,1081419,41.320551,-72.918479,3573631,New Haven,93,93,New Haven,9/2/2023,2023,9,September,2,7,Saturday,10:03:00,10,23035848,A,"Injury of any type (Serious, Minor, Possible)",C,Possible Injury (C),2,0,2,4,Local,0.73,656,WHITNEY AV,WHITNEY AV,LAWRENCE ST NO 1,,,,,41.320551,-72.918479,14,Motor Vehicle in Operation,3,Angle,1,On Roadway,1,Clear,88,Not Applicable,1,Daylight,1,Dry,0,None,88,Not Applicable,88,Not Applicable,0,None,88,Not Applicable,88,Not Applicable,2,Intersection,2,Four-Way Intersection,1,No,1,No,88,Not Applicable,88,Not Applicable,88,Not Applicable,88,Not Applicable,FALSE,1,Public Road,1,"Trafficway, On Road",CT0009300,New Haven PD,45389,49:35.0,C,Closed,00:49.0,,,,,,,
1081425,1,Complete,1081425,1081425,41.305456,-72.933576,3573637,New Haven,93,93,New Haven,9/2/2023,2023,9,September,2,7,Saturday,18:18:00,18,23035891,A,"Injury of any type (Serious, Minor, Possible)",B,Suspected Minor Injury (B),2,0,0,4,Local,0.53,809,REV DR MLK JR BLVD,REV DR MLK JR BLVD,,YORK ST,50,Feet,E,41.305456,-72.933576,14,Motor Vehicle in Operation,3,Angle,1,On Roadway,1,Clear,88,Not Applicable,1,Daylight,1,Dry,0,None,88,Not Applicable,88,Not Applicable,0,None,88,Not Applicable,88,Not Applicable,1,Non-Junction,1,Not at Intersection,1,No,1,No,88,Not Applicable,88,Not Applicable,88,Not Applicable,88,Not Applicable,FALSE,1,Public Road,1,"Trafficway, On Road",CT0009300,New Haven PD,251,28:00.0,C,Closed,00:56.0,,,,,,,
1081426,1,Complete,1081426,1081426,41.304833,-72.926852,3573638,New Haven,93,93,New Haven,9/2/2023,2023,9,September,2,7,Saturday,20:58:00,20,23035906,A,"Injury of any type (Serious, Minor, Possible)",C,Possible Injury (C),1,1,3,4,Local,0.07,103,CHURCH ST,CHURCH ST,CROWN ST,,,,,41.304833,-72.926852,9,Pedestrian,88,Not Applicable,1,On Roadway,1,Clear,88,Not Applicable,4,Dark-Lighted,1,Dry,0,None,88,Not Applicable,88,Not Applicable,0,None,88,Not Applicable,88,Not Applicable,2,Intersection,2,Four-Way Intersection,1,No,1,No,88,Not Applicable,88,Not Applicable,88,Not Applicable,88,Not Applicable,TRUE,1,Public Road,1,"Trafficway, On Road",CT0009300,New Haven PD,97,37:57.0,C,Closed,00:54.0,,2,14000,3,PRINCIPAL ARTERIAL - OTHER - NEW HPMS,2,Urban
1081429,1,Complete,1081429,1081429,41.330672,-72.921454,3573641,New Haven,93,93,New Haven,9/3/2023,2023,9,September,3,1,Sunday,9:47:00,9,23035959,A,"Injury of any type (Serious, Minor, Possible)",B,Suspected Minor Injury (B),2,0,2,4,Local,1.33,495,PROSPECT ST,PROSPECT ST,HUNTINGTON ST,,,,,41.330672,-72.921454,14,Motor Vehicle in Operation,2,Front to front,1,On Roadway,1,Clear,88,Not Applicable,1,Daylight,1,Dry,0,None,88,Not Applicable,88,Not Applicable,0,None,88,Not Applicable,88,Not Applicable,2,Intersection,2,Four-Way Intersection,1,No,1,No,88,Not Applicable,88,Not Applicable,88,Not Applicable,88,Not Applicable,FALSE,1,Public Road,1,"Trafficway, On Road",CT0009300,New Haven PD,45389,43:51.0,C,Closed,00:30.0,,,,,,,
1081952,1,Complete,1081952,1081952,41.3014561,-72.9239289,3574164,New Haven,93,93,New Haven,8/14/2023,2023,8,August,14,2,Monday,10:37:00,10,23033025,A,"Injury of any type (Serious, Minor, Possible)",C,Possible Injury (C),2,0,0,2,USRoute,48.26,1,1-N,1-N,STATE ST NORTH,,,,,41.3014561,-72.9239289,14,Motor Vehicle in Operation,3,Angle,1,On Roadway,1,Clear,88,Not Applicable,1,Daylight,1,Dry,0,None,88,Not Applicable,88,Not Applicable,0,None,88,Not Applicable,88,Not Applicable,2,Intersection,8,"Five-Point, or More",1,No,1,No,88,Not Applicable,88,Not Applicable,88,Not Applicable,88,Not Applicable,TRUE,1,Public Road,1,"Trafficway, On Road",CT0009300,New Haven PD,44947,35:10.0,C,Closed,01:58.0,,2,11700,3,PRINCIPAL ARTERIAL - OTHER - NEW HPMS,2,Urban
1081954,1,Complete,1081954,1081954,41.33201,-72.951801,3574166,New Haven,93,93,New Haven,8/28/2023,2023,8,August,28,2,Monday,12:19:00,12,23035057,A,"Injury of any type (Serious, Minor, Possible)",C,Possible Injury (C),2,0,0,4,Local,0.12,208,FARNHAM AV,FARNHAM AV,,Wintergreen Ave ,640,Feet,S,41.33201,-72.951801,14,Motor Vehicle in Operation,3,Angle,1,On Roadway,2,Cloudy,88,Not Applicable,1,Daylight,1,Dry,0,None,88,Not Applicable,88,Not Applicable,0,None,88,Not Applicable,88,Not Applicable,9,Driveway Access-Related,1,Not at Intersection,1,No,1,No,88,Not Applicable,88,Not Applicable,88,Not Applicable,88,Not Applicable,FALSE,1,Public Road,1,"Trafficway, On Road",CT0009300,New Haven PD,45407,40:12.0,C,Closed,01:57.0,,,,,,,
1081956,1,Complete,1081956,1081956,41.320784,-72.898994,3574168,New Haven,93,93,New Haven,9/1/2023,2023,9,September,1,6,Friday,21:30:00,21,23035795,A,"Injury of any type (Serious, Minor, Possible)",C,Possible Injury (C),3,0,0,4,Local,0.05,262,GRACE ST,GRACE ST,,Cedar Hill Ave ,50,Feet,E,41.320784,-72.898994,14,Motor Vehicle in Operation,3,Angle,1,On Roadway,1,Clear,88,Not Applicable,3,Dusk,1,Dry,0,None,88,Not Applicable,88,Not Applicable,0,None,88,Not Applicable,88,Not Applicable,2,Intersection,3,T-Intersection,1,No,1,No,88,Not Applicable,88,Not Applicable,88,Not Applicable,88,Not Applicable,FALSE,1,Public Road,1,"Trafficway, On Road",CT0009300,New Haven PD,44053,47:18.0,C,Closed,01:55.0,,,,,,,
1081958,1,Complete,1081958,1081958,41.315902,-72.948842,3574170,New Haven,93,93,New Haven,9/3/2023,2023,9,September,3,1,Sunday,12:59:00,12,23035977,A,"Injury of any type (Serious, Minor, Possible)",B,Suspected Minor Injury (B),2,0,0,4,Local,0.4,193,ELLSWORTH AV,ELLSWORTH AV,MAPLE ST,,,,,41.315902,-72.948842,14,Motor Vehicle in Operation,2,Front to front,1,On Roadway,1,Clear,88,Not Applicable,1,Daylight,1,Dry,0,None,88,Not Applicable,88,Not Applicable,0,None,88,Not Applicable,88,Not Applicable,2,Intersection,2,Four-Way Intersection,1,No,1,No,88,Not Applicable,88,Not Applicable,88,Not Applicable,88,Not Applicable,FALSE,1,Public Road,1,"Trafficway, On Road",CT0009300,New Haven PD,45392,26:11.0,C,Closed,01:55.0,,,,,,,
1082368,1,Complete,1082368,1082368,41.33473,-72.869972,3574580,New Haven,93,93,New Haven,8/24/2023,2023,8,August,24,5,Thursday,18:20:00,18,23034551,A,"Injury of any type (Serious, Minor, Possible)",C,Possible Injury (C),3,0,0,3,State,1.18,17,17-N,17-N,,WESTMINSTER ST ,260,Feet,E,41.33473,-72.869972,14,Motor Vehicle in Operation,4,"Sideswipe, same direction",1,On Roadway,1,Clear,88,Not Applicable,1,Daylight,1,Dry,0,None,88,Not Applicable,88,Not Applicable,0,None,88,Not Applicable,88,Not Applicable,1,Non-Junction,1,Not at Intersection,1,No,1,No,88,Not Applicable,88,Not Applicable,88,Not Applicable,88,Not Applicable,FALSE,1,Public Road,1,"Trafficway, On Road",CT0009300,New Haven PD,322,43:09.0,C,Closed,00:44.0,,2,9800,3,PRINCIPAL ARTERIAL - OTHER - NEW HPMS,2,Urban
1082370,1,Complete,1082370,1082370,41.333199,-72.867741,3574582,New Haven,93,93,New Haven,8/27/2023,2023,8,August,27,1,Sunday,14:23:00,14,23034940,A,"Injury of any type (Serious, Minor, Possible)",B,Suspected Minor Injury (B),2,0,0,3,State,0.93,103,103-N,103-N,,GLEN HAVEN RD,158,Feet,N,41.333199,-72.867741,14,Motor Vehicle in Operation,6,Rear to side,1,On Roadway,1,Clear,88,Not Applicable,1,Daylight,1,Dry,0,None,88,Not Applicable,88,Not Applicable,0,None,88,Not Applicable,88,Not Applicable,8,Driveway Access,1,Not at Intersection,1,No,1,No,88,Not Applicable,88,Not Applicable,88,Not Applicable,88,Not Applicable,FALSE,1,Public Road,1,"Trafficway, On Road",CT0009300,New Haven PD,322,23:36.0,C,Closed,00:44.0,,1,6600,4,MINOR ARTERIAL - NEW HPMS,1,Rural
1082371,1,Complete,1082371,1082371,41.320294,-72.872146,3574583,New Haven,93,93,New Haven,8/28/2023,2023,8,August,28,2,Monday,22:40:00,22,23035318,A,"Injury of any type (Serious, Minor, Possible)",C,Possible Injury (C),2,0,0,3,State,0.55,80,80-E,80-E,,EASTERN ST,95,,W,41.320294,-72.872146,14,Motor Vehicle in Operation,1,Front to rear,1,On Roadway,1,Clear,88,Not Applicable,4,Dark-Lighted,1,Dry,0,None,88,Not Applicable,88,Not Applicable,0,None,88,Not Applicable,88,Not Applicable,3,Intersection-Related,2,Four-Way Intersection,1,No,1,No,88,Not Applicable,88,Not Applicable,88,Not Applicable,88,Not Applicable,TRUE,1,Public Road,1,"Trafficway, On Road",CT0009300,New Haven PD,43776,15:53.0,O,Open,00:40.0,,2,32300,3,PRINCIPAL ARTERIAL - OTHER - NEW HPMS,2,Urban
1082372,1,Complete,1082372,1082372,41.309826,-72.945242,3574584,New Haven,93,93,New Haven,8/29/2023,2023,8,August,29,3,Tuesday,23:22:00,23,23035334,A,"Injury of any type (Serious, Minor, Possible)",C,Possible Injury (C),3,0,0,4,Local,0.26,248,GEORGE ST,GEORGE ST,SHERMAN AV,,,,,41.309826,-72.945242,14,Motor Vehicle in Operation,3,Angle,1,On Roadway,1,Clear,88,Not Applicable,4,Dark-Lighted,1,Dry,0,None,88,Not Applicable,88,Not Applicable,0,None,88,Not Applicable,88,Not Applicable,2,Intersection,2,Four-Way Intersection,1,No,1,No,88,Not Applicable,88,Not Applicable,88,Not Applicable,88,Not Applicable,FALSE,1,Public Road,1,"Trafficway, On Road",CT0009300,New Haven PD,45399,55:55.0,O,Open,00:47.0,,,,,,,
1082375,1,Complete,1082375,1082375,41.322042,-72.953182,3574587,New Haven,93,93,New Haven,9/2/2023,2023,9,September,2,7,Saturday,20:00:00,20,23035903,A,"Injury of any type (Serious, Minor, Possible)",B,Suspected Minor Injury (B),2,0,0,3,State,3.33,10,10-N,10-N,,OSBORN AVE,150,Feet,E,41.322042,-72.953182,14,Motor Vehicle in Operation,3,Angle,1,On Roadway,1,Clear,88,Not Applicable,3,Dusk,1,Dry,0,None,88,Not Applicable,88,Not Applicable,0,None,88,Not Applicable,88,Not Applicable,1,Non-Junction,1,Not at Intersection,1,No,1,No,88,Not Applicable,88,Not Applicable,88,Not Applicable,88,Not Applicable,FALSE,1,Public Road,1,"Trafficway, On Road",CT0009300,New Haven PD,44947,52:04.0,C,Closed,00:45.0,,2,18100,3,PRINCIPAL ARTERIAL - OTHER - NEW HPMS,2,Urban
1082376,1,Complete,1082376,1082376,41.306774,-72.946418,3574588,New Haven,93,93,New Haven,9/3/2023,2023,9,September,3,1,Sunday,20:42:00,20,23036024,A,"Injury of any type (Serious, Minor, Possible)",A,Suspected Serious Injury (A),2,0,0,4,Local,1.23,809,REV DR MLK JR BLVD,REV DR MLK JR BLVD,SHERMAN AV,,,,,41.306774,-72.946418,14,Motor Vehicle in Operation,3,Angle,1,On Roadway,1,Clear,88,Not Applicable,1,Daylight,1,Dry,0,None,88,Not Applicable,88,Not Applicable,0,None,88,Not Applicable,88,Not Applicable,2,Intersection,2,Four-Way Intersection,1,No,1,No,88,Not Applicable,88,Not Applicable,88,Not Applicable,88,Not Applicable,FALSE,1,Public Road,1,"Trafficway, On Road",CT0009300,New Haven PD,44947,12:24.0,C,Closed,00:41.0,,,,,,,
1082381,1,Complete,1082381,1082381,41.323349,-72.925369,3574593,New Haven,93,93,New Haven,9/5/2023,2023,9,September,5,3,Tuesday,7:30:00,7,23036179,A,"Injury of any type (Serious, Minor, Possible)",C,Possible Injury (C),1,0,0,4,Local,0.5,749,MANSFIELD ST,MANSFIELD ST,,HILLSIDE PL,750,Feet,N,41.323349,-72.925369,32,Tree (standing),88,Not Applicable,2,Shoulder,1,Clear,88,Not Applicable,1,Daylight,1,Dry,0,None,88,Not Applicable,88,Not Applicable,0,None,88,Not Applicable,88,Not Applicable,1,Non-Junction,1,Not at Intersection,1,No,1,No,88,Not Applicable,88,Not Applicable,88,Not Applicable,88,Not Applicable,FALSE,1,Public Road,1,"Trafficway, On Road",CT0009300,New Haven PD,45389,04:37.0,C,Closed,00:40.0,,2,2397,7,LOCAL - NEW HPMS,2,Urban
1082382,1,Complete,1082382,1082382,41.330042,-72.944523,3574594,New Haven,93,93,New Haven,9/5/2023,2023,9,September,5,3,Tuesday,9:36:00,9,23036186,A,"Injury of any type (Serious, Minor, Possible)",C,Possible Injury (C),3,0,0,4,Local,0.79,690,ELLA T GRASSO BLVD,ELLA T GRASSO BLVD,,CRESCENT ST,45,Feet,S,41.330042,-72.944523,14,Motor Vehicle in Operation,1,Front to rear,1,On Roadway,1,Clear,88,Not Applicable,1,Daylight,1,Dry,0,None,88,Not Applicable,88,Not Applicable,0,None,88,Not Applicable,88,Not Applicable,3,Intersection-Related,3,T-Intersection,1,No,1,No,88,Not Applicable,88,Not Applicable,88,Not Applicable,88,Not Applicable,FALSE,1,Public Road,1,"Trafficway, On Road",CT0009300,New Haven PD,326,00:27.0,C,Closed,00:42.0,,,,,,,
1082386,1,Complete,1082386,1082386,41.31921,-72.93955,3574598,New Haven,93,93,New Haven,9/5/2023,2023,9,September,5,3,Tuesday,18:17:00,18,23036265,A,"Injury of any type (Serious, Minor, Possible)",C,Possible Injury (C),2,0,0,4,Local,0.13,257,GOFFE ST,GOFFE ST,HUDSON ST,,,,,41.31921,-72.93955,14,Motor Vehicle in Operation,3,Angle,1,On Roadway,1,Clear,88,Not Applicable,1,Daylight,1,Dry,0,None,88,Not Applicable,88,Not Applicable,0,None,88,Not Applicable,88,Not Applicable,2,Intersection,3,T-Intersection,1,No,1,No,88,Not Applicable,88,Not Applicable,88,Not Applicable,88,Not Applicable,TRUE,1,Public Road,1,"Trafficway, On Road",CT0009300,New Haven PD,42045,26:26.0,C,Closed,00:43.0,,,,,,,
1083065,1,Complete,1083065,1083065,41.30896,-72.896033,3575277,New Haven,93,93,New Haven,8/15/2023,2023,8,August,15,3,Tuesday,18:15:00,18,23033236,A,"Injury of any type (Serious, Minor, Possible)",C,Possible Injury (C),2,0,0,4,Local,0.53,264,GRAND AV,GRAND AV,,FERRY STREET,140,Feet,E,41.30896,-72.896033,14,Motor Vehicle in Operation,3,Angle,1,On Roadway,1,Clear,88,Not Applicable,1,Daylight,1,Dry,0,None,88,Not Applicable,88,Not Applicable,0,None,88,Not Applicable,88,Not Applicable,1,Non-Junction,1,Not at Intersection,1,No,1,No,88,Not Applicable,88,Not Applicable,88,Not Applicable,88,Not Applicable,FALSE,1,Public Road,1,"Trafficway, On Road",CT0009300,New Haven PD,44946,22:38.0,C,Closed,02:04.0,,,,,,,
1083066,1,Complete,1083066,1083066,41.308838,-72.898145,3575278,New Haven,93,93,New Haven,8/16/2023,2023,8,August,16,4,Wednesday,18:00:00,18,23033364,A,"Injury of any type (Serious, Minor, Possible)",C,Possible Injury (C),2,0,0,4,Local,0.64,264,GRAND AV,GRAND AV,FILLMORE ST,,,,,41.308838,-72.898145,14,Motor Vehicle in Operation,2,Front to front,1,On Roadway,1,Clear,88,Not Applicable,1,Daylight,1,Dry,0,None,88,Not Applicable,88,Not Applicable,0,None,88,Not Applicable,88,Not Applicable,2,Intersection,3,T-Intersection,1,No,1,No,88,Not Applicable,88,Not Applicable,88,Not Applicable,88,Not Applicable,FALSE,1,Public Road,1,"Trafficway, On Road",CT0009300,New Haven PD,44946,31:06.0,O,Open,01:58.0,,,,,,,
1083069,1,Complete,1083069,1083069,41.322427,-72.878291,3575281,New Haven,93,93,New Haven,9/1/2023,2023,9,September,1,6,Friday,15:24:00,15,23035735,A,"Injury of any type (Serious, Minor, Possible)",A,Suspected Serious Injury (A),2,0,0,3,State,0.19,80,80-E,80-E,,QUINNIPIAC AVE,1293,Feet,W,41.322427,-72.878291,14,Motor Vehicle in Operation,3,Angle,1,On Roadway,1,Clear,88,Not Applicable,1,Daylight,1,Dry,0,None,88,Not Applicable,88,Not Applicable,3,Backup Due to Regular Congestion,88,Not Applicable,88,Not Applicable,1,Non-Junction,1,Not at Intersection,1,No,1,No,88,Not Applicable,88,Not Applicable,88,Not Applicable,88,Not Applicable,FALSE,1,Public Road,1,"Trafficway, On Road",CT0009300,New Haven PD,44046,02:24.0,C,Closed,02:08.0,,3,32300,3,PRINCIPAL ARTERIAL - OTHER - NEW HPMS,2,Urban
1083073,1,Complete,1083073,1083073,41.290748,-72.934933,3575285,New Haven,93,93,New Haven,9/3/2023,2023,9,September,3,1,Sunday,16:48:00,16,23036001,A,"Injury of any type (Serious, Minor, Possible)",B,Suspected Minor Injury (B),1,1,0,4,Local,0.26,483,PLYMOUTH ST,PLYMOUTH ST,,LAMBERTON ST,70,Feet,S,41.290748,-72.934933,14,Motor Vehicle in Operation,3,Angle,1,On Roadway,1,Clear,88,Not Applicable,1,Daylight,1,Dry,0,None,88,Not Applicable,88,Not Applicable,0,None,88,Not Applicable,88,Not Applicable,9,Driveway Access-Related,1,Not at Intersection,1,No,1,No,88,Not Applicable,88,Not Applicable,88,Not Applicable,88,Not Applicable,TRUE,2,Private Road,2,"Trafficway, Not on Road",CT0009300,New Haven PD,45395,55:13.0,C,Closed,02:08.0,,,,,,,
1083081,1,Complete,1083081,1083081,41.321581,-72.929641,3575293,New Haven,93,93,New Haven,9/6/2023,2023,9,September,6,4,Wednesday,8:51:00,8,23036319,A,"Injury of any type (Serious, Minor, Possible)",C,Possible Injury (C),1,1,0,4,Local,0.2,429,MUNSON ST,MUNSON ST,,Canal St,100,Feet,N,41.321581,-72.929641,9,Pedestrian,88,Not Applicable,1,On Roadway,1,Clear,88,Not Applicable,1,Daylight,1,Dry,0,None,88,Not Applicable,88,Not Applicable,0,None,88,Not Applicable,88,Not Applicable,1,Non-Junction,1,Not at Intersection,1,No,1,No,88,Not Applicable,88,Not Applicable,88,Not Applicable,88,Not Applicable,FALSE,1,Public Road,1,"Trafficway, On Road",CT0009300,New Haven PD,381,21:07.0,C,Closed,02:00.0,,2,8600,4,MINOR ARTERIAL - NEW HPMS,2,Urban
1083084,1,Complete,1083084,1083084,41.311283,-72.944629,3575296,New Haven,93,93,New Haven,9/6/2023,2023,9,September,6,4,Wednesday,16:05:00,16,23036394,A,"Injury of any type (Serious, Minor, Possible)",A,Suspected Serious Injury (A),1,1,1,4,Local,2.82,97,CHAPEL ST,CHAPEL ST,SHERMAN AVE,,,,,41.311283,-72.944629,9,Pedestrian,88,Not Applicable,1,On Roadway,1,Clear,1,Clear,1,Daylight,1,Dry,0,None,88,Not Applicable,88,Not Applicable,0,None,88,Not Applicable,88,Not Applicable,2,Intersection,2,Four-Way Intersection,1,No,1,No,88,Not Applicable,88,Not Applicable,88,Not Applicable,88,Not Applicable,FALSE,1,Public Road,1,"Trafficway, On Road",CT0009300,New Haven PD,42045,59:22.0,C,Closed,02:07.0,,2,10900,4,MINOR ARTERIAL - NEW HPMS,2,Urban
1083085,1,Complete,1083085,1083085,41.305603,-72.935915,3575297,New Haven,93,93,New Haven,9/6/2023,2023,9,September,6,4,Wednesday,16:34:00,16,23036405,A,"Injury of any type (Serious, Minor, Possible)",B,Suspected Minor Injury (B),2,0,0,4,Local,0.08,565,SOUTH FRONTAGE RD-RT 34,SOUTH FRONTAGE RD-RT 34,PARK ST,,,,,41.305603,-72.935915,14,Motor Vehicle in Operation,3,Angle,1,On Roadway,1,Clear,88,Not Applicable,1,Daylight,1,Dry,0,None,88,Not Applicable,88,Not Applicable,0,None,88,Not Applicable,88,Not Applicable,2,Intersection,2,Four-Way Intersection,1,No,1,No,88,Not Applicable,88,Not Applicable,88,Not Applicable,88,Not Applicable,FALSE,1,Public Road,1,"Trafficway, On Road",CT0009300,New Haven PD,45395,43:27.0,C,Closed,02:05.0,,,,,,,
1083086,1,Complete,1083086,1083086,41.316622,-72.915836,3575298,New Haven,93,93,New Haven,9/6/2023,2023,9,September,6,4,Wednesday,17:33:00,17,23036440,A,"Injury of any type (Serious, Minor, Possible)",B,Suspected Minor Injury (B),1,1,0,4,Local,0.83,450,ORANGE ST NO 1,ORANGE ST NO 1,,HUMPHREY STREET,280,Feet,N,41.316622,-72.915836,10,Pedalcycle/Pedalcyclist,97,Other,1,On Roadway,1,Clear,88,Not Applicable,1,Daylight,1,Dry,0,None,88,Not Applicable,88,Not Applicable,0,None,88,Not Applicable,88,Not Applicable,1,Non-Junction,1,Not at Intersection,1,No,1,No,88,Not Applicable,88,Not Applicable,88,Not Applicable,88,Not Applicable,FALSE,1,Public Road,1,"Trafficway, On Road",CT0009300,New Haven PD,44048,27:42.0,C,Closed,02:07.0,,,,,,,
1083318,1,Complete,1083318,1083318,41.334403,-72.976637,3575530,New Haven,93,93,New Haven,8/16/2023,2023,8,August,16,4,Wednesday,20:50:00,20,23033407,A,"Injury of any type (Serious, Minor, Possible)",C,Possible Injury (C),2,0,0,3,State,1.28,63,63-N,63-N,,GLENVIEW TERRACE,90,Feet,N,41.334403,-72.976637,14,Motor Vehicle in Operation,4,"Sideswipe, same direction",1,On Roadway,1,Clear,88,Not Applicable,4,Dark-Lighted,1,Dry,0,None,88,Not Applicable,88,Not Applicable,0,None,88,Not Applicable,88,Not Applicable,1,Non-Junction,1,Not at Intersection,1,No,1,No,88,Not Applicable,88,Not Applicable,88,Not Applicable,88,Not Applicable,TRUE,1,Public Road,1,"Trafficway, On Road",CT0009300,New Haven PD,402,34:49.0,C,Closed,01:26.0,,1,27000,3,PRINCIPAL ARTERIAL - OTHER - NEW HPMS,2,Urban
1083321,1,Complete,1083321,1083321,41.312741,-72.932836,3575533,New Haven,93,93,New Haven,9/6/2023,2023,9,September,6,4,Wednesday,8:19:00,8,23036318,A,"Injury of any type (Serious, Minor, Possible)",C,Possible Injury (C),2,0,0,4,Local,0.95,653,WHALLEY AV,WHALLEY AV,HOWE ST,,,,,41.312741,-72.932836,14,Motor Vehicle in Operation,3,Angle,1,On Roadway,1,Clear,88,Not Applicable,1,Daylight,1,Dry,0,None,88,Not Applicable,88,Not Applicable,0,None,88,Not Applicable,88,Not Applicable,2,Intersection,3,T-Intersection,1,No,1,No,88,Not Applicable,88,Not Applicable,88,Not Applicable,88,Not Applicable,FALSE,1,Public Road,1,"Trafficway, On Road",CT0009300,New Haven PD,45407,52:37.0,C,Closed,01:29.0,,,,,,,
1083331,1,Complete,1083331,1083331,41.31951,-72.94013,3575543,New Haven,93,93,New Haven,9/7/2023,2023,9,September,7,5,Thursday,17:53:00,17,23036596,A,"Injury of any type (Serious, Minor, Possible)",C,Possible Injury (C),2,0,0,4,Local,0.09,257,GOFFE ST,GOFFE ST,,SHERMAN AVENUE,100,Feet,S,41.31951,-72.94013,14,Motor Vehicle in Operation,1,Front to rear,1,On Roadway,1,Clear,88,Not Applicable,1,Daylight,1,Dry,0,None,88,Not Applicable,88,Not Applicable,0,None,88,Not Applicable,88,Not Applicable,1,Non-Junction,1,Not at Intersection,1,No,1,No,88,Not Applicable,88,Not Applicable,88,Not Applicable,88,Not Applicable,FALSE,1,Public Road,1,"Trafficway, On Road",CT0009300,New Haven PD,42045,01:11.0,C,Closed,01:31.0,,,,,,,
1083332,1,Complete,1083332,1083332,41.291356,-72.932465,3575544,New Haven,93,93,New Haven,9/7/2023,2023,9,September,7,5,Thursday,18:00:00,18,23036601,A,"Injury of any type (Serious, Minor, Possible)",B,Suspected Minor Injury (B),4,0,0,4,Local,1.05,308,HOWARD AV,HOWARD AV,LAMBERTON ST,,,,,41.291356,-72.932465,14,Motor Vehicle in Operation,3,Angle,1,On Roadway,1,Clear,88,Not Applicable,1,Daylight,1,Dry,0,None,88,Not Applicable,88,Not Applicable,0,None,88,Not Applicable,88,Not Applicable,2,Intersection,2,Four-Way Intersection,1,No,1,No,88,Not Applicable,88,Not Applicable,88,Not Applicable,88,Not Applicable,FALSE,1,Public Road,1,"Trafficway, On Road",CT0009300,New Haven PD,266,37:02.0,C,Closed,01:32.0,,,,,,,
1083333,1,Complete,1083333,1083333,41.323202,-72.910953,3575545,New Haven,93,93,New Haven,9/7/2023,2023,9,September,7,5,Thursday,20:47:00,20,23036614,A,"Injury of any type (Serious, Minor, Possible)",C,Possible Injury (C),2,0,0,4,Local,0.65,83,CANNER ST,CANNER ST,ORANGE ST NO 1,,,,,41.323202,-72.910953,14,Motor Vehicle in Operation,3,Angle,1,On Roadway,1,Clear,88,Not Applicable,4,Dark-Lighted,1,Dry,0,None,88,Not Applicable,88,Not Applicable,0,None,88,Not Applicable,88,Not Applicable,2,Intersection,2,Four-Way Intersection,1,No,1,No,88,Not Applicable,88,Not Applicable,88,Not Applicable,88,Not Applicable,FALSE,1,Public Road,1,"Trafficway, On Road",CT0009300,New Haven PD,42048,08:54.0,C,Closed,01:34.0,,,,,,,
1083796,1,Complete,1083796,1083796,41.299989,-72.9403,3576008,New Haven,93,93,New Haven,8/27/2023,2023,8,August,27,1,Sunday,17:04:00,17,23034951,A,"Injury of any type (Serious, Minor, Possible)",A,Suspected Serious Injury (A),1,0,1,4,Local,0.42,123,CONGRESS AV,CONGRESS AV,KOSSUTH ST,,,,,41.299989,-72.9403,38,"Other Post, Pole or Support",88,Not Applicable,1,On Roadway,1,Clear,88,Not Applicable,1,Daylight,1,Dry,0,None,88,Not Applicable,88,Not Applicable,0,None,88,Not Applicable,88,Not Applicable,2,Intersection,2,Four-Way Intersection,1,No,1,No,88,Not Applicable,88,Not Applicable,88,Not Applicable,88,Not Applicable,FALSE,1,Public Road,1,"Trafficway, On Road",CT0009300,New Haven PD,44947,10:55.0,C,Closed,00:40.0,,2,5800,4,MINOR ARTERIAL - NEW HPMS,2,Urban