CrashId,Fatal Case Status,Fatal Case Status Text Format,CrashId,CrashId,Latitude,Longitude,DOT Case Number,Town Name,Town Number,Town Number,Town Number Text Format,Date Of Crash,Year,Month,Month Text Format,Day,Day of the Week,Day of the Week Text Format,Time of Crash,Hour of the Day,Case Identifier,Crash Severity,Crash Severity Text Format,Most Severe Injury,Most Severe Injury Text Format,Number Of Motor Vehicles,Number Of Non-Motorist,Number Of Witnesses,Route Class,Route Class Text Format,Milemarker,Road Number,Road Description,Roadway Name,Intersecting Roadway Name,Landmark Description,Distance From Nearest Landmark,Unit Of Measure From Nearest Landmark,Direction From Nearest Landmark,Latitude,Longitude,First Harmful Event,First Harmful Event Text Format,Manner of Crash / Collision Impact,Manner of Crash / Collision Impact Text Format,Location of First Harmful Event,Location of First Harmful Event Text Format,Weather Condition,Weather Condition Text Format,Weather 2,Weather 2 Text Format,Light Condition,Light Condition Text Format,Road Surface Condition,Road Surface Condition Text Format,"Contributing Circumstances, Environment","Contributing Circumstances, Environment Text Format",Environment 2,Environment 2 Text Format,Environment 3,Environment 3 Text Format,"Contributing Circumstances, Road","Contributing Circumstances, Road Text Format",Road 2,Road 2 Text Format,Road 3,Road 3 Text Format,Crash Specific Location,Crash Specific Location Text Format,Type of Intersection,Type of Intersection Text Format,School Bus Related,School Bus Related Text Format,Work Zone Related,Work Zone Related Text Format,Location Of Crash Relative To Work Zone,Location Of Crash Relative To Work Zone Text Format,Type of Work Zone,Type of Work Zone Text Format,Worker Presence,Worker Presence Text Format,Law Enforcement Presence,Law Enforcement Presence Text Format,Were Vehicles Moved Prior To Police Arrival,Trafficway Ownership,Trafficway Ownership Text Format,Trafficway Class,Trafficway Class Text Format,Police Agency,Police Agency Text Format,Badge Number,Approval Date,Police Case Status,Police Case Status Text Format,Crash Report Submission Date,Related Case Identifiers,No. of Through Lanes (Log Dir.),Average Daily Traffic,Functional Classification,Functional Classification Text Format,Rural or Urban,Rural or Urban Text Format
1083798,1,Complete,1083798,1083798,41.33481,-72.93523,3576010,New Haven,93,93,New Haven,9/2/2023,2023,9,September,2,7,Saturday,22:14:00,22,23035921,A,"Injury of any type (Serious, Minor, Possible)",C,Possible Injury (C),1,1,0,4,Local,1.55,152,DIXWELL AV,DIXWELL AV,ELIZABETH ST,,,,,41.33481,-72.93523,9,Pedestrian,88,Not Applicable,1,On Roadway,1,Clear,88,Not Applicable,4,Dark-Lighted,1,Dry,0,None,88,Not Applicable,88,Not Applicable,0,None,88,Not Applicable,88,Not Applicable,2,Intersection,3,T-Intersection,1,No,1,No,88,Not Applicable,88,Not Applicable,88,Not Applicable,88,Not Applicable,FALSE,1,Public Road,1,"Trafficway, On Road",CT0009300,New Haven PD,44948,24:56.0,C,Closed,00:31.0,23035921,2,15300,3,PRINCIPAL ARTERIAL - OTHER - NEW HPMS,2,Urban
1083806,1,Complete,1083806,1083806,41.30689,-72.93725,3576018,New Haven,93,93,New Haven,9/6/2023,2023,9,September,6,4,Wednesday,20:16:00,20,23036427,A,"Injury of any type (Serious, Minor, Possible)",C,Possible Injury (C),2,0,0,4,Local,0.06,310,HOWE ST,HOWE ST,MLK JR BLVD,,,,,41.30689,-72.93725,14,Motor Vehicle in Operation,1,Front to rear,1,On Roadway,1,Clear,88,Not Applicable,1,Daylight,1,Dry,0,None,88,Not Applicable,88,Not Applicable,0,None,88,Not Applicable,88,Not Applicable,2,Intersection,2,Four-Way Intersection,1,No,1,No,88,Not Applicable,88,Not Applicable,88,Not Applicable,88,Not Applicable,TRUE,1,Public Road,1,"Trafficway, On Road",CT0009300,New Haven PD,45132,15:07.0,C,Closed,00:41.0,,,,,,,
1083808,1,Complete,1083808,1083808,41.295517,-72.933633,3576020,New Haven,93,93,New Haven,9/7/2023,2023,9,September,7,5,Thursday,18:03:00,18,23036592,A,"Injury of any type (Serious, Minor, Possible)",A,Suspected Serious Injury (A),2,0,0,4,Local,0.76,308,HOWARD AV,HOWARD AV,PUTNAM ST NO 1,,,,,41.295517,-72.933633,14,Motor Vehicle in Operation,3,Angle,1,On Roadway,1,Clear,88,Not Applicable,1,Daylight,1,Dry,0,None,88,Not Applicable,88,Not Applicable,0,None,88,Not Applicable,88,Not Applicable,2,Intersection,2,Four-Way Intersection,1,No,1,No,88,Not Applicable,88,Not Applicable,88,Not Applicable,88,Not Applicable,FALSE,1,Public Road,1,"Trafficway, On Road",CT0009300,New Haven PD,33016,44:11.0,C,Closed,00:46.0,,,,,,,
1083815,1,Complete,1083815,1083815,41.316814,-72.933285,3576027,New Haven,93,93,New Haven,9/8/2023,2023,9,September,8,6,Friday,18:10:00,18,23036716,A,"Injury of any type (Serious, Minor, Possible)",C,Possible Injury (C),2,0,0,4,Local,0.28,152,DIXWELL AV,DIXWELL AV,WEBSTER ST,,,,,41.316814,-72.933285,14,Motor Vehicle in Operation,5,"Sideswipe, opposite direction",1,On Roadway,2,Cloudy,88,Not Applicable,1,Daylight,1,Dry,0,None,88,Not Applicable,88,Not Applicable,0,None,88,Not Applicable,88,Not Applicable,2,Intersection,2,Four-Way Intersection,1,No,1,No,88,Not Applicable,88,Not Applicable,88,Not Applicable,88,Not Applicable,FALSE,1,Public Road,1,"Trafficway, On Road",CT0009300,New Haven PD,286,54:25.0,C,Closed,00:43.0,,,,,,,
1083817,1,Complete,1083817,1083817,41.303375,-72.951661,3576029,New Haven,93,93,New Haven,9/8/2023,2023,9,September,8,6,Friday,17:23:00,17,23036720,A,"Injury of any type (Serious, Minor, Possible)",B,Suspected Minor Injury (B),2,0,0,3,State,1.9,10,10-N,10-N,,LEGION AVE,500,Feet,S,41.303375,-72.951661,14,Motor Vehicle in Operation,1,Front to rear,1,On Roadway,4,Rain,88,Not Applicable,1,Daylight,2,Wet,0,None,88,Not Applicable,88,Not Applicable,0,None,88,Not Applicable,88,Not Applicable,1,Non-Junction,1,Not at Intersection,1,No,1,No,88,Not Applicable,88,Not Applicable,88,Not Applicable,88,Not Applicable,FALSE,1,Public Road,1,"Trafficway, On Road",CT0009300,New Haven PD,158,57:41.0,C,Closed,00:35.0,,2,20800,3,PRINCIPAL ARTERIAL - OTHER - NEW HPMS,2,Urban
1083822,1,Complete,1083822,1083822,41.311341,-72.944565,3576034,New Haven,93,93,New Haven,9/9/2023,2023,9,September,9,7,Saturday,6:57:00,6,23036789,A,"Injury of any type (Serious, Minor, Possible)",B,Suspected Minor Injury (B),2,0,0,4,Local,0.39,556,SHERMAN AV,SHERMAN AV,CHAPEL ST,,,,,41.311341,-72.944565,14,Motor Vehicle in Operation,97,Other,1,On Roadway,2,Cloudy,88,Not Applicable,1,Daylight,1,Dry,0,None,88,Not Applicable,88,Not Applicable,0,None,88,Not Applicable,88,Not Applicable,2,Intersection,2,Four-Way Intersection,1,No,1,No,88,Not Applicable,88,Not Applicable,88,Not Applicable,88,Not Applicable,FALSE,1,Public Road,1,"Trafficway, On Road",CT0009300,New Haven PD,45392,36:56.0,C,Closed,00:48.0,,,,,,,
1083824,1,Complete,1083824,1083824,41.295486,-72.946691,3576036,New Haven,93,93,New Haven,9/9/2023,2023,9,September,9,7,Saturday,12:28:00,12,23036817,A,"Injury of any type (Serious, Minor, Possible)",C,Possible Injury (C),2,0,0,3,State,1.29,10,10-N,10-N,,PRINTERS LANE,80,Feet,W,41.295486,-72.946691,14,Motor Vehicle in Operation,3,Angle,1,On Roadway,1,Clear,88,Not Applicable,1,Daylight,1,Dry,0,None,88,Not Applicable,88,Not Applicable,0,None,88,Not Applicable,88,Not Applicable,9,Driveway Access-Related,1,Not at Intersection,1,No,1,No,88,Not Applicable,88,Not Applicable,88,Not Applicable,88,Not Applicable,FALSE,1,Public Road,1,"Trafficway, On Road",CT0009300,New Haven PD,225,12:57.0,C,Closed,00:49.0,,2,20300,3,PRINCIPAL ARTERIAL - OTHER - NEW HPMS,2,Urban
1083828,1,Complete,1083828,1083828,41.309181,-72.93465,3576040,New Haven,93,93,New Haven,9/9/2023,2023,9,September,9,7,Saturday,21:47:00,21,23036881,A,"Injury of any type (Serious, Minor, Possible)",B,Suspected Minor Injury (B),3,0,0,4,Local,2.29,97,CHAPEL ST,CHAPEL ST,,HOWE ST,205,Feet,E,41.309181,-72.93465,14,Motor Vehicle in Operation,4,"Sideswipe, same direction",7,In Parking Lane or Zone,1,Clear,88,Not Applicable,4,Dark-Lighted,1,Dry,0,None,88,Not Applicable,88,Not Applicable,0,None,88,Not Applicable,88,Not Applicable,1,Non-Junction,1,Not at Intersection,1,No,1,No,88,Not Applicable,88,Not Applicable,88,Not Applicable,88,Not Applicable,FALSE,1,Public Road,1,"Trafficway, On Road",CT0009300,New Haven PD,44045,36:49.0,C,Closed,00:45.0,,,,,,,
1083829,1,Complete,1083829,1083829,41.319577,-72.898581,3576041,New Haven,93,93,New Haven,9/10/2023,2023,9,September,10,1,Sunday,13:43:00,13,23036946,A,"Injury of any type (Serious, Minor, Possible)",C,Possible Injury (C),1,1,0,2,USRoute,0.38,5,5-N,5-N,,FERRY STREET,150,Feet,N,41.319577,-72.898581,9,Pedestrian,88,Not Applicable,1,On Roadway,4,Rain,88,Not Applicable,1,Daylight,2,Wet,0,None,88,Not Applicable,88,Not Applicable,0,None,88,Not Applicable,88,Not Applicable,1,Non-Junction,1,Not at Intersection,1,No,1,No,88,Not Applicable,88,Not Applicable,88,Not Applicable,88,Not Applicable,FALSE,1,Public Road,1,"Trafficway, On Road",CT0009300,New Haven PD,42052,54:28.0,C,Closed,00:50.0,,2,19300,4,MINOR ARTERIAL - NEW HPMS,2,Urban
1087044,1,Complete,1087044,1087044,41.30692608,-72.94258074,3579256,New Haven,93,93,New Haven,8/7/2023,2023,8,August,7,2,Monday,8:56:00,8,23031976,A,"Injury of any type (Serious, Minor, Possible)",C,Possible Injury (C),1,1,0,4,Local,1.02,809,REV DR MLK JR BLVD,REV DR MLK JR BLVD,ORCHARD ST,,,,,41.30692608,-72.94258074,11,Other Non-motorist,3,Angle,1,On Roadway,4,Rain,4,Rain,1,Daylight,2,Wet,0,None,88,Not Applicable,88,Not Applicable,0,None,88,Not Applicable,88,Not Applicable,2,Intersection,2,Four-Way Intersection,1,No,1,No,88,Not Applicable,88,Not Applicable,88,Not Applicable,88,Not Applicable,TRUE,1,Public Road,1,"Trafficway, On Road",CT0009300,New Haven PD,301,27:24.0,C,Closed,37:46.0,,,,,,,
1087045,1,Complete,1087045,1087045,41.321263,-72.934468,3579257,New Haven,93,93,New Haven,8/11/2023,2023,8,August,11,6,Friday,17:57:00,17,23032702,A,"Injury of any type (Serious, Minor, Possible)",C,Possible Injury (C),2,0,0,4,Local,0.59,152,DIXWELL AV,DIXWELL AV,,HENRY ST,115,Feet,N,41.321263,-72.934468,14,Motor Vehicle in Operation,4,"Sideswipe, same direction",1,On Roadway,1,Clear,88,Not Applicable,1,Daylight,1,Dry,0,None,88,Not Applicable,88,Not Applicable,0,None,88,Not Applicable,88,Not Applicable,1,Non-Junction,1,Not at Intersection,1,No,1,No,88,Not Applicable,88,Not Applicable,88,Not Applicable,88,Not Applicable,TRUE,1,Public Road,1,"Trafficway, On Road",CT0009300,New Haven PD,39,27:53.0,C,Closed,36:01.0,23032702,,,,,,
1087047,1,Complete,1087047,1087047,41.311009,-72.930737,3579259,New Haven,93,93,New Haven,8/19/2023,2023,8,August,19,7,Saturday,22:01:00,22,23033859,A,"Injury of any type (Serious, Minor, Possible)",C,Possible Injury (C),2,0,0,4,Local,0,68,BROADWAY,BROADWAY,ELM ST NO 2,,,,,41.311009,-72.930737,14,Motor Vehicle in Operation,1,Front to rear,1,On Roadway,1,Clear,88,Not Applicable,4,Dark-Lighted,1,Dry,0,None,0,None,0,None,0,None,0,None,0,None,2,Intersection,4,Y-Intersection,1,No,1,No,88,Not Applicable,88,Not Applicable,88,Not Applicable,88,Not Applicable,FALSE,1,Public Road,1,"Trafficway, On Road",CT0009300,New Haven PD,40789,27:07.0,C,Closed,36:03.0,,,,,,,
1087051,1,Complete,1087051,1087051,41.29176501,-72.92000453,3579263,New Haven,93,93,New Haven,8/25/2023,2023,8,August,25,6,Friday,20:39:00,20,23034707,A,"Injury of any type (Serious, Minor, Possible)",C,Possible Injury (C),2,0,0,4,Local,0.5,513,LONG WHARF DR,LONG WHARF DR,,CANAL DOCK RD,3,TenthsofMile,W,41.29176501,-72.92000453,14,Motor Vehicle in Operation,1,Front to rear,1,On Roadway,1,Clear,88,Not Applicable,4,Dark-Lighted,1,Dry,0,None,88,Not Applicable,88,Not Applicable,0,None,88,Not Applicable,88,Not Applicable,1,Non-Junction,1,Not at Intersection,1,No,1,No,88,Not Applicable,88,Not Applicable,88,Not Applicable,88,Not Applicable,FALSE,1,Public Road,1,"Trafficway, On Road",CT0009300,New Haven PD,44953,37:26.0,O,Open,38:03.0,,,,,,,
1087056,1,Complete,1087056,1087056,41.309016,-72.895482,3579268,New Haven,93,93,New Haven,8/30/2023,2023,8,August,30,4,Wednesday,18:32:00,18,23035450,A,"Injury of any type (Serious, Minor, Possible)",C,Possible Injury (C),2,0,0,4,Local,0.5,264,GRAND AV,GRAND AV,FERRY ST,,,,,41.309016,-72.895482,14,Motor Vehicle in Operation,3,Angle,1,On Roadway,1,Clear,88,Not Applicable,1,Daylight,1,Dry,0,None,88,Not Applicable,88,Not Applicable,0,None,88,Not Applicable,88,Not Applicable,2,Intersection,2,Four-Way Intersection,1,No,1,No,88,Not Applicable,88,Not Applicable,88,Not Applicable,88,Not Applicable,FALSE,1,Public Road,1,"Trafficway, On Road",CT0009300,New Haven PD,44946,26:02.0,O,Open,36:10.0,,,,,,,
1087068,1,Complete,1087068,1087068,41.331934,-72.927674,3579280,New Haven,93,93,New Haven,9/6/2023,2023,9,September,6,4,Wednesday,21:18:00,21,23036467,A,"Injury of any type (Serious, Minor, Possible)",B,Suspected Minor Injury (B),1,1,0,4,Local,0.19,434,NEWHALL ST,NEWHALL ST,HUNTINGTON ST,,,,,41.331934,-72.927674,11,Other Non-motorist,88,Not Applicable,1,On Roadway,1,Clear,88,Not Applicable,4,Dark-Lighted,1,Dry,0,None,88,Not Applicable,88,Not Applicable,0,None,88,Not Applicable,88,Not Applicable,2,Intersection,2,Four-Way Intersection,1,No,1,No,88,Not Applicable,88,Not Applicable,88,Not Applicable,88,Not Applicable,FALSE,1,Public Road,1,"Trafficway, On Road",CT0009300,New Haven PD,42048,12:02.0,C,Closed,36:09.0,,1,3210,7,LOCAL - NEW HPMS,2,Urban
1087071,1,Complete,1087071,1087071,41.31458608,-72.90078644,3579283,New Haven,93,93,New Haven,9/7/2023,2023,9,September,7,5,Thursday,22:43:00,22,23036628,A,"Injury of any type (Serious, Minor, Possible)",A,Suspected Serious Injury (A),2,0,0,4,Local,0.18,379,LOMBARD ST,LOMBARD ST,BLATCHLEY AV,,,,,41.31458608,-72.90078644,14,Motor Vehicle in Operation,2,Front to front,1,On Roadway,1,Clear,88,Not Applicable,4,Dark-Lighted,1,Dry,0,None,88,Not Applicable,88,Not Applicable,0,None,88,Not Applicable,88,Not Applicable,2,Intersection,2,Four-Way Intersection,1,No,1,No,88,Not Applicable,88,Not Applicable,88,Not Applicable,88,Not Applicable,FALSE,1,Public Road,1,"Trafficway, On Road",CT0009300,New Haven PD,44056,06:37.0,O,Open,36:54.0,,,,,,,
1087073,1,Complete,1087073,1087073,41.314268,-72.903023,3579285,New Haven,93,93,New Haven,9/8/2023,2023,9,September,8,6,Friday,7:58:00,7,23036652,A,"Injury of any type (Serious, Minor, Possible)",B,Suspected Minor Injury (B),2,0,0,4,Local,0.05,379,LOMBARD ST,LOMBARD ST,MAIN ST NO 1,,,,,41.314268,-72.903023,14,Motor Vehicle in Operation,97,Other,1,On Roadway,1,Clear,88,Not Applicable,1,Daylight,1,Dry,0,None,88,Not Applicable,88,Not Applicable,0,None,88,Not Applicable,88,Not Applicable,2,Intersection,2,Four-Way Intersection,1,No,1,No,88,Not Applicable,88,Not Applicable,88,Not Applicable,88,Not Applicable,TRUE,1,Public Road,1,"Trafficway, On Road",CT0009300,New Haven PD,44056,09:49.0,C,Closed,37:00.0,,,,,,,
1087078,1,Complete,1087078,1087078,41.30405672,-72.92340668,3579290,New Haven,93,93,New Haven,9/8/2023,2023,9,September,8,6,Friday,18:32:00,18,23036722,A,"Injury of any type (Serious, Minor, Possible)",C,Possible Injury (C),2,0,0,4,Local,1.4,575,STATE ST,STATE ST,,CROWN STREET,200,Feet,N,41.30405672,-72.92340668,14,Motor Vehicle in Operation,4,"Sideswipe, same direction",1,On Roadway,2,Cloudy,88,Not Applicable,1,Daylight,2,Wet,0,None,88,Not Applicable,88,Not Applicable,0,None,88,Not Applicable,88,Not Applicable,1,Non-Junction,1,Not at Intersection,1,No,1,No,88,Not Applicable,88,Not Applicable,88,Not Applicable,88,Not Applicable,FALSE,1,Public Road,1,"Trafficway, On Road",CT0009300,New Haven PD,31814,06:10.0,C,Closed,36:55.0,,,,,,,
1087085,1,Complete,1087085,1087085,41.31937788,-72.89866328,3579297,New Haven,93,93,New Haven,9/14/2023,2023,9,September,14,5,Thursday,1:27:00,1,23036895,A,"Injury of any type (Serious, Minor, Possible)",C,Possible Injury (C),2,0,0,4,Local,0,213,FERRY ST,FERRY ST,5-N,,,,,41.31937788,-72.89866328,14,Motor Vehicle in Operation,2,Front to front,1,On Roadway,2,Cloudy,88,Not Applicable,4,Dark-Lighted,1,Dry,0,None,88,Not Applicable,88,Not Applicable,0,None,88,Not Applicable,88,Not Applicable,2,Intersection,3,T-Intersection,1,No,1,No,88,Not Applicable,88,Not Applicable,88,Not Applicable,88,Not Applicable,FALSE,1,Public Road,1,"Trafficway, On Road",CT0009300,New Haven PD,45404,44:40.0,C,Closed,37:24.0,,,,,,,
1087087,1,Complete,1087087,1087087,41.3215266,-72.9298365,3579299,New Haven,93,93,New Haven,9/10/2023,2023,9,September,10,1,Sunday,3:40:00,3,23036903,A,"Injury of any type (Serious, Minor, Possible)",A,Suspected Serious Injury (A),2,0,0,4,Local,0.21,429,MUNSON ST,MUNSON ST,CANAL ST NO 1,,,,,41.3215266,-72.9298365,14,Motor Vehicle in Operation,4,"Sideswipe, same direction",1,On Roadway,1,Clear,88,Not Applicable,4,Dark-Lighted,1,Dry,0,None,88,Not Applicable,88,Not Applicable,0,None,88,Not Applicable,88,Not Applicable,2,Intersection,3,T-Intersection,1,No,1,No,88,Not Applicable,88,Not Applicable,88,Not Applicable,88,Not Applicable,FALSE,1,Public Road,1,"Trafficway, On Road",CT0009300,New Haven PD,42365,31:20.0,O,Open,37:36.0,,,,,,,
1087092,1,Complete,1087092,1087092,41.31143,-72.92956,3579304,New Haven,93,93,New Haven,9/10/2023,2023,9,September,10,1,Sunday,2:00:00,2,23036971,A,"Injury of any type (Serious, Minor, Possible)",C,Possible Injury (C),1,1,0,4,Local,0.68,766,YORK ST,YORK ST,,ELM ST,250,Feet,S,41.31143,-72.92956,9,Pedestrian,88,Not Applicable,1,On Roadway,1,Clear,88,Not Applicable,4,Dark-Lighted,1,Dry,0,None,88,Not Applicable,88,Not Applicable,0,None,88,Not Applicable,88,Not Applicable,1,Non-Junction,1,Not at Intersection,1,No,1,No,88,Not Applicable,88,Not Applicable,88,Not Applicable,88,Not Applicable,FALSE,1,Public Road,1,"Trafficway, On Road",CT0009300,New Haven PD,42044,21:21.0,O,Open,37:52.0,,1,5600,4,MINOR ARTERIAL - NEW HPMS,2,Urban
1087093,1,Complete,1087093,1087093,41.30068115,-72.93775735,3579305,New Haven,93,93,New Haven,9/14/2023,2023,9,September,14,5,Thursday,22:39:00,22,23036998,A,"Injury of any type (Serious, Minor, Possible)",B,Suspected Minor Injury (B),1,1,1,4,Local,0.56,123,CONGRESS AV,CONGRESS AV,,DAGGETT ST,30,Feet,N,41.30068115,-72.93775735,9,Pedestrian,88,Not Applicable,1,On Roadway,4,Rain,88,Not Applicable,6,Dark-Unknown Lighting,2,Wet,0,None,88,Not Applicable,88,Not Applicable,0,None,88,Not Applicable,88,Not Applicable,1,Non-Junction,1,Not at Intersection,1,No,1,No,88,Not Applicable,88,Not Applicable,88,Not Applicable,88,Not Applicable,FALSE,1,Public Road,1,"Trafficway, On Road",CT0009300,New Haven PD,45395,08:46.0,C,Closed,37:04.0,,2,5800,4,MINOR ARTERIAL - NEW HPMS,2,Urban
1087099,1,Complete,1087099,1087099,41.30215067,-72.92881179,3579311,New Haven,93,93,New Haven,9/11/2023,2023,9,September,11,2,Monday,14:10:00,14,23037065,A,"Injury of any type (Serious, Minor, Possible)",B,Suspected Minor Injury (B),2,0,0,4,Local,0.25,104,CHURCH ST SOUTH NO 1,CHURCH ST SOUTH NO 1,S Frontage RD,,,,,41.30215067,-72.92881179,14,Motor Vehicle in Operation,2,Front to front,1,On Roadway,1,Clear,88,Not Applicable,1,Daylight,1,Dry,0,None,88,Not Applicable,88,Not Applicable,0,None,88,Not Applicable,88,Not Applicable,2,Intersection,2,Four-Way Intersection,1,No,1,No,88,Not Applicable,88,Not Applicable,88,Not Applicable,88,Not Applicable,FALSE,1,Public Road,1,"Trafficway, On Road",CT0009300,New Haven PD,42366,29:35.0,C,Closed,36:08.0,,,,,,,
1087108,1,Complete,1087108,1087108,41.307258,-72.932645,3579320,New Haven,93,93,New Haven,9/12/2023,2023,9,September,12,3,Tuesday,16:19:00,16,23037252,A,"Injury of any type (Serious, Minor, Possible)",C,Possible Injury (C),1,1,2,4,Local,0.35,766,YORK ST,YORK ST,CROWN ST,,,,,41.307258,-72.932645,9,Pedestrian,88,Not Applicable,1,On Roadway,1,Clear,88,Not Applicable,1,Daylight,1,Dry,0,None,88,Not Applicable,88,Not Applicable,0,None,88,Not Applicable,88,Not Applicable,2,Intersection,2,Four-Way Intersection,1,No,1,No,88,Not Applicable,88,Not Applicable,88,Not Applicable,88,Not Applicable,TRUE,1,Public Road,1,"Trafficway, On Road",CT0009300,New Haven PD,97,07:51.0,C,Closed,36:22.0,,2,5600,4,MINOR ARTERIAL - NEW HPMS,2,Urban
1087118,1,Complete,1087118,1087118,41.297596,-72.934154,3579330,New Haven,93,93,New Haven,9/12/2023,2023,9,September,12,3,Tuesday,23:30:00,23,23037324,A,"Injury of any type (Serious, Minor, Possible)",B,Suspected Minor Injury (B),1,1,0,4,Local,0.62,308,HOWARD AV,HOWARD AV,,COLUMBUS AVE,80,Feet,S,41.297596,-72.934154,9,Pedestrian,88,Not Applicable,1,On Roadway,1,Clear,88,Not Applicable,4,Dark-Lighted,1,Dry,0,None,88,Not Applicable,88,Not Applicable,0,None,88,Not Applicable,88,Not Applicable,3,Intersection-Related,2,Four-Way Intersection,1,No,1,No,88,Not Applicable,88,Not Applicable,88,Not Applicable,88,Not Applicable,FALSE,1,Public Road,1,"Trafficway, On Road",CT0009300,New Haven PD,10,45:37.0,C,Closed,36:38.0,,2,8400,3,PRINCIPAL ARTERIAL - OTHER - NEW HPMS,2,Urban
1087119,1,Complete,1087119,1087119,41.32908692,-72.96043224,3579331,New Haven,93,93,New Haven,9/13/2023,2023,9,September,13,4,Wednesday,9:02:00,9,23037343,A,"Injury of any type (Serious, Minor, Possible)",C,Possible Injury (C),3,0,0,4,Local,1.14,612,VALLEY ST NO 1,VALLEY ST NO 1,,BLAKE ST,450,Feet,N,41.32908692,-72.96043224,14,Motor Vehicle in Operation,1,Front to rear,1,On Roadway,4,Rain,88,Not Applicable,99,Unknown,2,Wet,1,Weather Conditions,88,Not Applicable,88,Not Applicable,5,"Road Surface Condition (wet, icy, snow, slush, etc.)",88,Not Applicable,88,Not Applicable,1,Non-Junction,1,Not at Intersection,1,No,1,No,88,Not Applicable,88,Not Applicable,88,Not Applicable,88,Not Applicable,FALSE,1,Public Road,1,"Trafficway, On Road",CT0009300,New Haven PD,45407,16:50.0,C,Closed,36:52.0,,,,,,,
1087120,1,Complete,1087120,1087120,41.293661,-72.937693,3579332,New Haven,93,93,New Haven,9/13/2023,2023,9,September,13,4,Wednesday,11:22:00,11,23037362,A,"Injury of any type (Serious, Minor, Possible)",C,Possible Injury (C),2,0,0,4,Local,0.09,571,SPRING ST,SPRING ST,HURLBURT ST,,,,,41.293661,-72.937693,14,Motor Vehicle in Operation,3,Angle,1,On Roadway,1,Clear,88,Not Applicable,1,Daylight,1,Dry,0,None,88,Not Applicable,88,Not Applicable,0,None,88,Not Applicable,88,Not Applicable,2,Intersection,2,Four-Way Intersection,1,No,1,No,88,Not Applicable,88,Not Applicable,88,Not Applicable,88,Not Applicable,TRUE,1,Public Road,1,"Trafficway, On Road",CT0009300,New Haven PD,42366,54:38.0,C,Closed,36:41.0,,,,,,,
1087121,1,Complete,1087121,1087121,41.304798,-72.936916,3579333,New Haven,93,93,New Haven,9/13/2023,2023,9,September,13,4,Wednesday,11:35:00,11,23037365,A,"Injury of any type (Serious, Minor, Possible)",C,Possible Injury (C),2,0,0,4,Local,0.01,563,SOUTH ST,SOUTH ST,,HOWARD AVE,55,Feet,E,41.304798,-72.936916,14,Motor Vehicle in Operation,1,Front to rear,1,On Roadway,2,Cloudy,88,Not Applicable,1,Daylight,1,Dry,0,None,88,Not Applicable,88,Not Applicable,0,None,88,Not Applicable,88,Not Applicable,3,Intersection-Related,2,Four-Way Intersection,1,No,1,No,88,Not Applicable,88,Not Applicable,88,Not Applicable,88,Not Applicable,FALSE,1,Public Road,1,"Trafficway, On Road",CT0009300,New Haven PD,251,28:41.0,C,Closed,36:38.0,,,,,,,
1087124,1,Complete,1087124,1087124,41.32243432,-72.87829809,3579336,New Haven,93,93,New Haven,9/13/2023,2023,9,September,13,4,Wednesday,15:01:00,15,23037381,A,"Injury of any type (Serious, Minor, Possible)",C,Possible Injury (C),2,0,0,3,State,0.19,80,80-E,80-E,,91-N-16A,800,Feet,E,41.32243432,-72.87829809,14,Motor Vehicle in Operation,3,Angle,1,On Roadway,1,Clear,88,Not Applicable,1,Daylight,1,Dry,0,None,88,Not Applicable,88,Not Applicable,0,None,88,Not Applicable,88,Not Applicable,9,Driveway Access-Related,1,Not at Intersection,1,No,1,No,88,Not Applicable,88,Not Applicable,88,Not Applicable,88,Not Applicable,TRUE,1,Public Road,1,"Trafficway, On Road",CT0009300,New Haven PD,279,20:55.0,C,Closed,37:41.0,,3,32300,3,PRINCIPAL ARTERIAL - OTHER - NEW HPMS,2,Urban
1087130,1,Complete,1087130,1087130,41.309561,-72.8906,3579342,New Haven,93,93,New Haven,9/13/2023,2023,9,September,13,4,Wednesday,23:12:00,23,23037465,A,"Injury of any type (Serious, Minor, Possible)",C,Possible Injury (C),2,0,0,4,Local,0.01,113,CLINTON AV,CLINTON AV,GRAND AVE,Grand Ave,15,Feet,N,41.309561,-72.8906,14,Motor Vehicle in Operation,1,Front to rear,1,On Roadway,1,Clear,88,Not Applicable,5,Dark-Not Lighted,1,Dry,0,None,88,Not Applicable,88,Not Applicable,0,None,88,Not Applicable,88,Not Applicable,3,Intersection-Related,3,T-Intersection,1,No,1,No,88,Not Applicable,88,Not Applicable,88,Not Applicable,88,Not Applicable,FALSE,1,Public Road,1,"Trafficway, On Road",CT0009300,New Haven PD,42055,41:45.0,C,Closed,36:55.0,,,,,,,
1087151,1,Complete,1087151,1087151,41.318186,-72.937432,3579363,New Haven,93,93,New Haven,9/14/2023,2023,9,September,14,5,Thursday,13:53:00,13,23037568,A,"Injury of any type (Serious, Minor, Possible)",B,Suspected Minor Injury (B),1,0,0,4,Local,1.21,453,ORCHARD ST,ORCHARD ST,ORCHARD PL,,,,,41.318186,-72.937432,39,"Other Fixed Object (wall, building, tunnel, etc.)",88,Not Applicable,1,On Roadway,1,Clear,88,Not Applicable,1,Daylight,1,Dry,0,None,88,Not Applicable,88,Not Applicable,0,None,88,Not Applicable,88,Not Applicable,2,Intersection,3,T-Intersection,1,No,1,No,88,Not Applicable,88,Not Applicable,88,Not Applicable,88,Not Applicable,FALSE,1,Public Road,1,"Trafficway, On Road",CT0009300,New Haven PD,238,49:37.0,C,Closed,37:11.0,,1,4200,4,MINOR ARTERIAL - NEW HPMS,2,Urban