CrashId,Fatal Case Status,Fatal Case Status Text Format,CrashId,CrashId,Latitude,Longitude,DOT Case Number,Town Name,Town Number,Town Number,Town Number Text Format,Date Of Crash,Year,Month,Month Text Format,Day,Day of the Week,Day of the Week Text Format,Time of Crash,Hour of the Day,Case Identifier,Crash Severity,Crash Severity Text Format,Most Severe Injury,Most Severe Injury Text Format,Number Of Motor Vehicles,Number Of Non-Motorist,Number Of Witnesses,Route Class,Route Class Text Format,Milemarker,Road Number,Road Description,Roadway Name,Intersecting Roadway Name,Landmark Description,Distance From Nearest Landmark,Unit Of Measure From Nearest Landmark,Direction From Nearest Landmark,Latitude,Longitude,First Harmful Event,First Harmful Event Text Format,Manner of Crash / Collision Impact,Manner of Crash / Collision Impact Text Format,Location of First Harmful Event,Location of First Harmful Event Text Format,Weather Condition,Weather Condition Text Format,Weather 2,Weather 2 Text Format,Light Condition,Light Condition Text Format,Road Surface Condition,Road Surface Condition Text Format,"Contributing Circumstances, Environment","Contributing Circumstances, Environment Text Format",Environment 2,Environment 2 Text Format,Environment 3,Environment 3 Text Format,"Contributing Circumstances, Road","Contributing Circumstances, Road Text Format",Road 2,Road 2 Text Format,Road 3,Road 3 Text Format,Crash Specific Location,Crash Specific Location Text Format,Type of Intersection,Type of Intersection Text Format,School Bus Related,School Bus Related Text Format,Work Zone Related,Work Zone Related Text Format,Location Of Crash Relative To Work Zone,Location Of Crash Relative To Work Zone Text Format,Type of Work Zone,Type of Work Zone Text Format,Worker Presence,Worker Presence Text Format,Law Enforcement Presence,Law Enforcement Presence Text Format,Were Vehicles Moved Prior To Police Arrival,Trafficway Ownership,Trafficway Ownership Text Format,Trafficway Class,Trafficway Class Text Format,Police Agency,Police Agency Text Format,Badge Number,Approval Date,Police Case Status,Police Case Status Text Format,Crash Report Submission Date,Related Case Identifiers,No. of Through Lanes (Log Dir.),Average Daily Traffic,Functional Classification,Functional Classification Text Format,Rural or Urban,Rural or Urban Text Format
1092378,1,Complete,1092378,1092378,41.28463,-72.93473,3584588,New Haven,93,93,New Haven,10/6/2023,2023,10,October,6,6,Friday,9:52:00,9,23040588,A,"Injury of any type (Serious, Minor, Possible)",C,Possible Injury (C),2,0,1,3,State,0.32,10,10-N,10-N,95-S-366 (Exit 45 on ramp),,,,,41.28463,-72.93473,14,Motor Vehicle in Operation,3,Angle,1,On Roadway,2,Cloudy,88,Not Applicable,1,Daylight,1,Dry,0,None,88,Not Applicable,88,Not Applicable,0,None,88,Not Applicable,88,Not Applicable,2,Intersection,2,Four-Way Intersection,1,No,1,No,88,Not Applicable,88,Not Applicable,88,Not Applicable,88,Not Applicable,FALSE,1,Public Road,1,"Trafficway, On Road",CT0009300,New Haven PD,45395,13:11.0,C,Closed,01:57.0,,,,,,,
1092379,1,Complete,1092379,1092379,41.31804663,-72.9462638,3584589,New Haven,93,93,New Haven,10/6/2023,2023,10,October,6,6,Friday,11:54:00,11,23040602,A,"Injury of any type (Serious, Minor, Possible)",C,Possible Injury (C),2,0,0,4,Local,0.15,653,WHALLEY AV,WHALLEY AV,,NORTON ST,140,Feet,W,41.31804663,-72.9462638,14,Motor Vehicle in Operation,1,Front to rear,1,On Roadway,1,Clear,88,Not Applicable,1,Daylight,1,Dry,0,None,88,Not Applicable,88,Not Applicable,0,None,88,Not Applicable,88,Not Applicable,1,Non-Junction,1,Not at Intersection,1,No,1,No,88,Not Applicable,88,Not Applicable,88,Not Applicable,88,Not Applicable,TRUE,1,Public Road,1,"Trafficway, On Road",CT0009300,New Haven PD,39,36:09.0,C,Closed,01:58.0,,,,,,,
1092380,1,Complete,1092380,1092380,41.31976026,-72.91886485,3584590,New Haven,93,93,New Haven,10/6/2023,2023,10,October,6,6,Friday,12:11:00,12,23040609,A,"Injury of any type (Serious, Minor, Possible)",C,Possible Injury (C),2,0,0,4,Local,0.67,656,WHITNEY AV,WHITNEY AV,,EDWARDS ST,50,Feet,N,41.31976026,-72.91886485,14,Motor Vehicle in Operation,1,Front to rear,1,On Roadway,2,Cloudy,88,Not Applicable,1,Daylight,1,Dry,0,None,88,Not Applicable,88,Not Applicable,0,None,88,Not Applicable,88,Not Applicable,3,Intersection-Related,2,Four-Way Intersection,1,No,1,No,88,Not Applicable,88,Not Applicable,88,Not Applicable,88,Not Applicable,FALSE,1,Public Road,1,"Trafficway, On Road",CT0009300,New Haven PD,40799,59:28.0,C,Closed,02:13.0,,,,,,,
1092381,1,Complete,1092381,1092381,41.307548,-72.926325,3584591,New Haven,93,93,New Haven,10/6/2023,2023,10,October,6,6,Friday,15:14:00,15,23040629,A,"Injury of any type (Serious, Minor, Possible)",B,Suspected Minor Injury (B),1,1,0,4,Local,0.49,588,TEMPLE ST,TEMPLE ST,,CHAPEL ST,376,Feet,N,41.307548,-72.926325,9,Pedestrian,88,Not Applicable,1,On Roadway,1,Clear,88,Not Applicable,1,Daylight,1,Dry,0,None,88,Not Applicable,88,Not Applicable,0,None,88,Not Applicable,88,Not Applicable,1,Non-Junction,1,Not at Intersection,1,No,1,No,88,Not Applicable,88,Not Applicable,88,Not Applicable,88,Not Applicable,TRUE,1,Public Road,1,"Trafficway, On Road",CT0009300,New Haven PD,221,38:03.0,C,Closed,01:59.0,,1,5200,3,PRINCIPAL ARTERIAL - OTHER - NEW HPMS,2,Urban
1092385,1,Complete,1092385,1092385,41.32454466,-72.90976314,3584595,New Haven,93,93,New Haven,10/6/2023,2023,10,October,6,6,Friday,17:16:00,17,23040674,A,"Injury of any type (Serious, Minor, Possible)",C,Possible Injury (C),2,0,0,4,Local,0.42,418,MITCHELL DR,MITCHELL DR,ORANGE ST NO 1,,,,,41.32454466,-72.90976314,14,Motor Vehicle in Operation,1,Front to rear,1,On Roadway,1,Clear,88,Not Applicable,1,Daylight,1,Dry,0,None,88,Not Applicable,88,Not Applicable,0,None,88,Not Applicable,88,Not Applicable,2,Intersection,2,Four-Way Intersection,1,No,1,No,88,Not Applicable,88,Not Applicable,88,Not Applicable,88,Not Applicable,TRUE,1,Public Road,1,"Trafficway, On Road",CT0009300,New Haven PD,44948,22:16.0,C,Closed,02:02.0,,,,,,,
1092387,1,Complete,1092387,1092387,41.330668,-72.925874,3584597,New Haven,93,93,New Haven,10/6/2023,2023,10,October,6,6,Friday,19:09:00,19,23040697,A,"Injury of any type (Serious, Minor, Possible)",C,Possible Injury (C),2,0,0,4,Local,0.7,42,BASSETT ST,BASSETT ST,WINCHESTER AV,,,,,41.330668,-72.925874,14,Motor Vehicle in Operation,3,Angle,1,On Roadway,1,Clear,88,Not Applicable,4,Dark-Lighted,1,Dry,0,None,88,Not Applicable,88,Not Applicable,0,None,88,Not Applicable,88,Not Applicable,2,Intersection,3,T-Intersection,1,No,1,No,88,Not Applicable,88,Not Applicable,88,Not Applicable,88,Not Applicable,FALSE,1,Public Road,1,"Trafficway, On Road",CT0009300,New Haven PD,44948,20:57.0,C,Closed,02:01.0,,,,,,,
1092393,1,Complete,1092393,1092393,41.30359401,-72.91060512,3584603,New Haven,93,93,New Haven,10/7/2023,2023,10,October,7,7,Saturday,8:59:00,8,23040756,A,"Injury of any type (Serious, Minor, Possible)",C,Possible Injury (C),1,0,0,4,Local,0.87,165,EAST ST,EAST ST,,CHAPEL ST,50,Feet,W,41.30359401,-72.91060512,33,Utility Pole/Light Support,88,Not Applicable,1,On Roadway,2,Cloudy,88,Not Applicable,1,Daylight,1,Dry,0,None,88,Not Applicable,88,Not Applicable,0,None,88,Not Applicable,88,Not Applicable,3,Intersection-Related,2,Four-Way Intersection,1,No,1,No,88,Not Applicable,88,Not Applicable,88,Not Applicable,88,Not Applicable,FALSE,1,Public Road,1,"Trafficway, On Road",CT0009300,New Haven PD,980,38:21.0,C,Closed,02:11.0,,2,19000,4,MINOR ARTERIAL - NEW HPMS,2,Urban
1092399,1,Complete,1092399,1092399,41.29919398,-72.93466247,3584609,New Haven,93,93,New Haven,10/7/2023,2023,10,October,7,7,Saturday,19:10:00,19,23040803,A,"Injury of any type (Serious, Minor, Possible)",C,Possible Injury (C),1,1,0,4,Local,0.51,308,HOWARD AV,HOWARD AV,MINOR ST,,,,,41.29919398,-72.93466247,9,Pedestrian,88,Not Applicable,1,On Roadway,4,Rain,88,Not Applicable,4,Dark-Lighted,2,Wet,0,None,88,Not Applicable,88,Not Applicable,0,None,88,Not Applicable,88,Not Applicable,2,Intersection,2,Four-Way Intersection,1,No,1,No,88,Not Applicable,88,Not Applicable,88,Not Applicable,88,Not Applicable,FALSE,1,Public Road,1,"Trafficway, On Road",CT0009300,New Haven PD,45399,23:28.0,O,Open,02:19.0,,2,7700,4,MINOR ARTERIAL - NEW HPMS,2,Urban
1092400,1,Complete,1092400,1092400,41.315498,-72.938991,3584610,New Haven,93,93,New Haven,10/7/2023,2023,10,October,7,7,Saturday,21:13:00,21,23040818,A,"Injury of any type (Serious, Minor, Possible)",B,Suspected Minor Injury (B),2,0,0,4,Local,0.57,653,WHALLEY AV,WHALLEY AV,,ORCHARD ST,80,Feet,E,41.315498,-72.938991,14,Motor Vehicle in Operation,1,Front to rear,1,On Roadway,4,Rain,88,Not Applicable,4,Dark-Lighted,2,Wet,0,None,88,Not Applicable,88,Not Applicable,0,None,88,Not Applicable,88,Not Applicable,3,Intersection-Related,2,Four-Way Intersection,1,No,1,No,88,Not Applicable,88,Not Applicable,88,Not Applicable,88,Not Applicable,FALSE,1,Public Road,1,"Trafficway, On Road",CT0009300,New Haven PD,45402,08:37.0,C,Closed,02:13.0,,,,,,,
1093035,1,Complete,1093035,1093035,41.309785,-72.937464,3585245,New Haven,93,93,New Haven,10/4/2023,2023,10,October,4,4,Wednesday,16:13:00,16,23040320,A,"Injury of any type (Serious, Minor, Possible)",B,Suspected Minor Injury (B),3,0,0,4,Local,2.44,97,CHAPEL ST,CHAPEL ST,,DWIGHT STREET ,130,Feet,W,41.309785,-72.937464,14,Motor Vehicle in Operation,1,Front to rear,1,On Roadway,1,Clear,88,Not Applicable,1,Daylight,1,Dry,0,None,88,Not Applicable,88,Not Applicable,0,None,88,Not Applicable,88,Not Applicable,1,Non-Junction,1,Not at Intersection,1,No,1,No,88,Not Applicable,88,Not Applicable,88,Not Applicable,88,Not Applicable,FALSE,1,Public Road,1,"Trafficway, On Road",CT0009300,New Haven PD,42046,53:49.0,C,Closed,00:30.0,,,,,,,
1093037,1,Complete,1093037,1093037,41.29482,-72.93825,3585247,New Haven,93,93,New Haven,10/7/2023,2023,10,October,7,7,Saturday,22:05:00,22,23040822,A,"Injury of any type (Serious, Minor, Possible)",C,Possible Injury (C),2,0,0,4,Local,0.45,626,WASHINGTON AV NO 1,WASHINGTON AV NO 1,HURLBURT ST,,,,,41.29482,-72.93825,14,Motor Vehicle in Operation,2,Front to front,1,On Roadway,1,Clear,88,Not Applicable,4,Dark-Lighted,1,Dry,0,None,88,Not Applicable,88,Not Applicable,0,None,88,Not Applicable,88,Not Applicable,2,Intersection,3,T-Intersection,1,No,1,No,88,Not Applicable,88,Not Applicable,88,Not Applicable,88,Not Applicable,FALSE,1,Public Road,1,"Trafficway, On Road",CT0009300,New Haven PD,44952,18:38.0,C,Closed,00:28.0,,,,,,,
1093039,1,Complete,1093039,1093039,41.314103,-72.903955,3585249,New Haven,93,93,New Haven,10/9/2023,2023,10,October,9,2,Monday,1:55:00,1,23040949,A,"Injury of any type (Serious, Minor, Possible)",C,Possible Injury (C),2,0,0,4,Local,0.92,316,HUMPHREY ST,HUMPHREY ST,JAMES ST,,,,,41.314103,-72.903955,14,Motor Vehicle in Operation,3,Angle,1,On Roadway,1,Clear,88,Not Applicable,4,Dark-Lighted,1,Dry,0,None,88,Not Applicable,88,Not Applicable,0,None,88,Not Applicable,88,Not Applicable,2,Intersection,2,Four-Way Intersection,1,No,1,No,88,Not Applicable,88,Not Applicable,88,Not Applicable,88,Not Applicable,FALSE,1,Public Road,1,"Trafficway, On Road",CT0009300,New Haven PD,45393,46:31.0,C,Closed,00:24.0,,,,,,,
1093040,1,Complete,1093040,1093040,41.31535,-72.94715,3585250,New Haven,93,93,New Haven,10/9/2023,2023,10,October,9,2,Monday,9:59:00,9,23040972,A,"Injury of any type (Serious, Minor, Possible)",C,Possible Injury (C),2,0,1,4,Local,0.35,439,NORTON ST,NORTON ST,MAPLE ST,,,,,41.31535,-72.94715,14,Motor Vehicle in Operation,3,Angle,1,On Roadway,1,Clear,88,Not Applicable,1,Daylight,1,Dry,0,None,88,Not Applicable,88,Not Applicable,0,None,88,Not Applicable,88,Not Applicable,2,Intersection,2,Four-Way Intersection,1,No,1,No,88,Not Applicable,88,Not Applicable,88,Not Applicable,88,Not Applicable,FALSE,1,Public Road,1,"Trafficway, On Road",CT0009300,New Haven PD,45394,10:25.0,C,Closed,00:26.0,,,,,,,
1093045,1,Complete,1093045,1093045,41.306941,-72.94253,3585255,New Haven,93,93,New Haven,10/9/2023,2023,10,October,9,2,Monday,23:15:00,23,23041055,A,"Injury of any type (Serious, Minor, Possible)",C,Possible Injury (C),2,0,0,4,Local,1.02,809,REV DR MLK JR BLVD,REV DR MLK JR BLVD,ORCHARD ST,,,,,41.306941,-72.94253,14,Motor Vehicle in Operation,3,Angle,1,On Roadway,1,Clear,88,Not Applicable,4,Dark-Lighted,1,Dry,0,None,88,Not Applicable,88,Not Applicable,0,None,88,Not Applicable,88,Not Applicable,2,Intersection,2,Four-Way Intersection,1,No,1,No,88,Not Applicable,88,Not Applicable,88,Not Applicable,88,Not Applicable,FALSE,1,Public Road,1,"Trafficway, On Road",CT0009300,New Haven PD,44339,57:37.0,C,Closed,00:31.0,,,,,,,
1093397,1,Complete,1093397,1093397,41.316281,-72.916628,3585604,New Haven,93,93,New Haven,10/2/2023,2023,10,October,2,2,Monday,20:56:00,20,23040071,A,"Injury of any type (Serious, Minor, Possible)",C,Possible Injury (C),2,0,0,4,Local,0.19,316,HUMPHREY ST,HUMPHREY ST,,,,,,41.316281,-72.916628,14,Motor Vehicle in Operation,1,Front to rear,1,On Roadway,1,Clear,88,Not Applicable,4,Dark-Lighted,1,Dry,0,None,88,Not Applicable,88,Not Applicable,0,None,88,Not Applicable,88,Not Applicable,3,Intersection-Related,2,Four-Way Intersection,1,No,1,No,88,Not Applicable,88,Not Applicable,88,Not Applicable,88,Not Applicable,FALSE,1,Public Road,1,"Trafficway, On Road",CT0009300,New Haven PD,42057,01:24.0,C,Closed,01:22.0,,,,,,,
1093399,1,Complete,1093399,1093399,41.324517,-72.916556,3585606,New Haven,93,93,New Haven,10/6/2023,2023,10,October,6,6,Friday,9:54:00,9,23040574,A,"Injury of any type (Serious, Minor, Possible)",C,Possible Injury (C),2,0,0,4,Local,1.04,656,WHITNEY AV,WHITNEY AV,CANNER ST,,,,,41.324517,-72.916556,14,Motor Vehicle in Operation,1,Front to rear,1,On Roadway,1,Clear,88,Not Applicable,1,Daylight,1,Dry,0,None,88,Not Applicable,88,Not Applicable,0,None,88,Not Applicable,88,Not Applicable,3,Intersection-Related,2,Four-Way Intersection,1,No,1,No,88,Not Applicable,88,Not Applicable,88,Not Applicable,88,Not Applicable,FALSE,1,Public Road,1,"Trafficway, On Road",CT0009300,New Haven PD,45627,10:07.0,C,Closed,01:24.0,,,,,,,
1093407,1,Complete,1093407,1093407,41.31169429,-72.89994406,3585614,New Haven,93,93,New Haven,10/10/2023,2023,10,October,10,3,Tuesday,12:40:00,12,23041115,A,"Injury of any type (Serious, Minor, Possible)",C,Possible Injury (C),2,0,0,4,Local,0.6,57,BLATCHLEY AV,BLATCHLEY AV,PINE ST NO 1,,,,,41.31169429,-72.89994406,14,Motor Vehicle in Operation,3,Angle,1,On Roadway,1,Clear,88,Not Applicable,1,Daylight,1,Dry,0,None,88,Not Applicable,88,Not Applicable,0,None,88,Not Applicable,88,Not Applicable,2,Intersection,2,Four-Way Intersection,1,No,1,No,88,Not Applicable,88,Not Applicable,88,Not Applicable,88,Not Applicable,FALSE,1,Public Road,1,"Trafficway, On Road",CT0009300,New Haven PD,430,38:52.0,C,Closed,01:25.0,,,,,,,
1093743,1,Complete,1093743,1093743,41.29416268,-72.9336337,3585950,New Haven,93,93,New Haven,9/29/2023,2023,9,September,29,6,Friday,22:31:00,22,23039699,A,"Injury of any type (Serious, Minor, Possible)",C,Possible Injury (C),2,0,0,4,Local,0.3,571,SPRING ST,SPRING ST,,HOWARD AVE,100,Feet,W,41.29416268,-72.9336337,14,Motor Vehicle in Operation,1,Front to rear,1,On Roadway,4,Rain,88,Not Applicable,4,Dark-Lighted,2,Wet,0,None,88,Not Applicable,88,Not Applicable,0,None,88,Not Applicable,88,Not Applicable,1,Non-Junction,1,Not at Intersection,1,No,1,No,88,Not Applicable,88,Not Applicable,88,Not Applicable,88,Not Applicable,FALSE,1,Public Road,1,"Trafficway, On Road",CT0009300,New Haven PD,33016,53:40.0,C,Closed,00:22.0,,,,,,,
1093746,1,Complete,1093746,1093746,41.320245,-72.871762,3585953,New Haven,93,93,New Haven,10/4/2023,2023,10,October,4,4,Wednesday,17:29:00,17,23040351,A,"Injury of any type (Serious, Minor, Possible)",C,Possible Injury (C),2,0,1,3,State,0.57,80,80-E,80-E,EASTERN ST,,,,,41.320245,-72.871762,14,Motor Vehicle in Operation,3,Angle,1,On Roadway,1,Clear,88,Not Applicable,1,Daylight,1,Dry,0,None,88,Not Applicable,88,Not Applicable,0,None,88,Not Applicable,88,Not Applicable,2,Intersection,2,Four-Way Intersection,1,No,1,No,88,Not Applicable,88,Not Applicable,88,Not Applicable,88,Not Applicable,FALSE,1,Public Road,1,"Trafficway, On Road",CT0009300,New Haven PD,45626,45:15.0,C,Closed,00:32.0,,2,32300,3,PRINCIPAL ARTERIAL - OTHER - NEW HPMS,2,Urban
1093750,1,Complete,1093750,1093750,41.303457,-72.929505,3585957,New Haven,93,93,New Haven,10/8/2023,2023,10,October,8,1,Sunday,13:13:00,13,23040887,A,"Injury of any type (Serious, Minor, Possible)",C,Possible Injury (C),3,0,0,4,Local,0.28,809,REV DR MLK JR BLVD,REV DR MLK JR BLVD,TEMPLE ST,,,,,41.303457,-72.929505,14,Motor Vehicle in Operation,1,Front to rear,1,On Roadway,1,Clear,88,Not Applicable,1,Daylight,1,Dry,0,None,88,Not Applicable,88,Not Applicable,0,None,88,Not Applicable,88,Not Applicable,1,Non-Junction,1,Not at Intersection,1,No,1,No,88,Not Applicable,88,Not Applicable,88,Not Applicable,88,Not Applicable,FALSE,1,Public Road,1,"Trafficway, On Road",CT0009300,New Haven PD,165,47:09.0,C,Closed,00:24.0,,,,,,,
1093754,1,Complete,1093754,1093754,41.319208,-72.898308,3585961,New Haven,93,93,New Haven,10/10/2023,2023,10,October,10,3,Tuesday,14:35:00,14,23041128,A,"Injury of any type (Serious, Minor, Possible)",C,Possible Injury (C),2,0,0,4,Local,0.02,213,FERRY ST,FERRY ST,,RT 5,100,Feet,S,41.319208,-72.898308,14,Motor Vehicle in Operation,3,Angle,1,On Roadway,1,Clear,88,Not Applicable,1,Daylight,1,Dry,0,None,88,Not Applicable,88,Not Applicable,0,None,88,Not Applicable,88,Not Applicable,3,Intersection-Related,3,T-Intersection,1,No,1,No,88,Not Applicable,88,Not Applicable,88,Not Applicable,88,Not Applicable,FALSE,1,Public Road,1,"Trafficway, On Road",CT0009300,New Haven PD,430,57:31.0,C,Closed,00:27.0,,,,,,,
1093758,1,Complete,1093758,1093758,41.3161282,-72.9162279,3585965,New Haven,93,93,New Haven,10/11/2023,2023,10,October,11,4,Wednesday,16:31:00,16,23041287,A,"Injury of any type (Serious, Minor, Possible)",B,Suspected Minor Injury (B),1,1,0,4,Local,0.88,450,ORANGE ST NO 1,ORANGE ST NO 1,HUMPHREY ST,,,,,41.3161282,-72.9162279,14,Motor Vehicle in Operation,3,Angle,1,On Roadway,1,Clear,88,Not Applicable,1,Daylight,1,Dry,0,None,88,Not Applicable,88,Not Applicable,0,None,88,Not Applicable,88,Not Applicable,2,Intersection,2,Four-Way Intersection,1,No,1,No,88,Not Applicable,88,Not Applicable,88,Not Applicable,88,Not Applicable,FALSE,1,Public Road,1,"Trafficway, On Road",CT0009300,New Haven PD,42048,40:31.0,C,Closed,00:33.0,,,,,,,
1093760,1,Complete,1093760,1093760,41.327757,-72.869757,3585967,New Haven,93,93,New Haven,10/11/2023,2023,10,October,11,4,Wednesday,15:18:00,15,23041296,A,"Injury of any type (Serious, Minor, Possible)",A,Suspected Serious Injury (A),1,0,1,3,State,0.52,103,103-N,103-N,,ASSUMPTION ST,150,Feet,S,41.327757,-72.869757,8,Other Non-Collision,88,Not Applicable,1,On Roadway,1,Clear,88,Not Applicable,1,Daylight,1,Dry,0,None,88,Not Applicable,88,Not Applicable,0,None,88,Not Applicable,88,Not Applicable,1,Non-Junction,1,Not at Intersection,1,No,1,No,88,Not Applicable,88,Not Applicable,88,Not Applicable,88,Not Applicable,FALSE,1,Public Road,1,"Trafficway, On Road",CT0009300,New Haven PD,45626,42:09.0,C,Closed,00:34.0,,2,9000,4,MINOR ARTERIAL - NEW HPMS,2,Urban
1093763,1,Complete,1093763,1093763,41.31136,-72.94456,3585970,New Haven,93,93,New Haven,10/11/2023,2023,10,October,11,4,Wednesday,20:05:00,20,23041344,A,"Injury of any type (Serious, Minor, Possible)",C,Possible Injury (C),2,0,0,4,Local,0.39,556,SHERMAN AV,SHERMAN AV,CHAPEL ST,,,,,41.31136,-72.94456,14,Motor Vehicle in Operation,3,Angle,1,On Roadway,1,Clear,88,Not Applicable,4,Dark-Lighted,1,Dry,0,None,88,Not Applicable,88,Not Applicable,0,None,88,Not Applicable,88,Not Applicable,2,Intersection,3,T-Intersection,1,No,1,No,88,Not Applicable,88,Not Applicable,88,Not Applicable,88,Not Applicable,FALSE,1,Public Road,1,"Trafficway, On Road",CT0009300,New Haven PD,11439,49:16.0,O,Open,00:36.0,,,,,,,
1094053,1,Complete,1094053,1094053,41.31349063,-72.93241968,3586260,New Haven,93,93,New Haven,10/3/2023,2023,10,October,3,3,Tuesday,20:52:00,20,23040218,A,"Injury of any type (Serious, Minor, Possible)",C,Possible Injury (C),1,1,0,4,Local,0.03,152,DIXWELL AV,DIXWELL AV,,goffe st,178,Feet,N,41.31349063,-72.93241968,9,Pedestrian,88,Not Applicable,2,Shoulder,1,Clear,88,Not Applicable,4,Dark-Lighted,1,Dry,0,None,88,Not Applicable,88,Not Applicable,0,None,88,Not Applicable,88,Not Applicable,1,Non-Junction,1,Not at Intersection,1,No,1,No,88,Not Applicable,88,Not Applicable,88,Not Applicable,88,Not Applicable,TRUE,1,Public Road,1,"Trafficway, On Road",CT0009300,New Haven PD,23,08:48.0,O,Open,00:14.0,,2,6400,3,PRINCIPAL ARTERIAL - OTHER - NEW HPMS,2,Urban
1094057,1,Complete,1094057,1094057,41.30693331,-72.94250783,3586264,New Haven,93,93,New Haven,10/11/2023,2023,10,October,11,4,Wednesday,22:50:00,22,23041202,A,"Injury of any type (Serious, Minor, Possible)",C,Possible Injury (C),2,0,2,4,Local,1.02,809,REV DR MLK JR BLVD,REV DR MLK JR BLVD,ORCHARD ST,,,,,41.30693331,-72.94250783,14,Motor Vehicle in Operation,3,Angle,1,On Roadway,1,Clear,88,Not Applicable,4,Dark-Lighted,1,Dry,0,None,88,Not Applicable,88,Not Applicable,0,None,88,Not Applicable,88,Not Applicable,2,Intersection,2,Four-Way Intersection,1,No,1,No,88,Not Applicable,88,Not Applicable,88,Not Applicable,88,Not Applicable,FALSE,1,Public Road,1,"Trafficway, On Road",CT0009300,New Haven PD,44046,17:43.0,C,Closed,00:13.0,,,,,,,
1094058,1,Complete,1094058,1094058,41.325293,-72.966125,3586265,New Haven,93,93,New Haven,10/11/2023,2023,10,October,11,4,Wednesday,10:16:00,10,23041243,A,"Injury of any type (Serious, Minor, Possible)",B,Suspected Minor Injury (B),2,0,0,4,Local,0.14,662,WILLARD ST,WILLARD ST,,BARNETT ST,94,Feet,W,41.325293,-72.966125,14,Motor Vehicle in Operation,1,Front to rear,4,Roadside,1,Clear,88,Not Applicable,1,Daylight,1,Dry,0,None,88,Not Applicable,88,Not Applicable,0,None,88,Not Applicable,88,Not Applicable,1,Non-Junction,1,Not at Intersection,1,No,1,No,88,Not Applicable,88,Not Applicable,88,Not Applicable,88,Not Applicable,FALSE,1,Public Road,1,"Trafficway, On Road",CT0009300,New Haven PD,225,52:34.0,C,Closed,00:14.0,,,,,,,
1094059,1,Complete,1094059,1094059,41.33144488,-72.93021251,3586266,New Haven,93,93,New Haven,10/11/2023,2023,10,October,11,4,Wednesday,22:40:00,22,23041355,A,"Injury of any type (Serious, Minor, Possible)",C,Possible Injury (C),3,0,0,4,Local,0.47,42,BASSETT ST,BASSETT ST,,BUTLER ST,26,Feet,E,41.33144488,-72.93021251,14,Motor Vehicle in Operation,3,Angle,1,On Roadway,2,Cloudy,88,Not Applicable,4,Dark-Lighted,1,Dry,0,None,88,Not Applicable,88,Not Applicable,0,None,88,Not Applicable,88,Not Applicable,3,Intersection-Related,2,Four-Way Intersection,1,No,1,No,88,Not Applicable,88,Not Applicable,88,Not Applicable,88,Not Applicable,TRUE,1,Public Road,1,"Trafficway, On Road",CT0009300,New Haven PD,42054,01:59.0,C,Closed,00:10.0,,,,,,,
1094061,1,Complete,1094061,1094061,41.3088258,-72.94559759,3586268,New Haven,93,93,New Haven,10/12/2023,2023,10,October,12,5,Thursday,9:03:00,9,23041389,A,"Injury of any type (Serious, Minor, Possible)",C,Possible Injury (C),4,0,1,4,Local,0.21,556,SHERMAN AV,SHERMAN AV,GILBERT AV,,,,,41.3088258,-72.94559759,14,Motor Vehicle in Operation,3,Angle,1,On Roadway,1,Clear,88,Not Applicable,1,Daylight,1,Dry,0,None,88,Not Applicable,88,Not Applicable,0,None,88,Not Applicable,88,Not Applicable,2,Intersection,2,Four-Way Intersection,1,No,1,No,88,Not Applicable,88,Not Applicable,88,Not Applicable,88,Not Applicable,TRUE,1,Public Road,1,"Trafficway, On Road",CT0009300,New Haven PD,349,42:26.0,O,Open,00:09.0,,,,,,,
1094063,1,Complete,1094063,1094063,41.31998759,-72.94674638,3586270,New Haven,93,93,New Haven,10/12/2023,2023,10,October,12,5,Thursday,12:34:00,12,23041417,A,"Injury of any type (Serious, Minor, Possible)",C,Possible Injury (C),2,0,1,4,Local,0.7,193,ELLSWORTH AV,ELLSWORTH AV,,WHALLEY AVENUE,552,Feet,N,41.31998759,-72.94674638,14,Motor Vehicle in Operation,1,Front to rear,1,On Roadway,1,Clear,88,Not Applicable,1,Daylight,1,Dry,0,None,88,Not Applicable,88,Not Applicable,0,None,88,Not Applicable,88,Not Applicable,1,Non-Junction,1,Not at Intersection,1,No,1,No,88,Not Applicable,88,Not Applicable,88,Not Applicable,88,Not Applicable,FALSE,1,Public Road,1,"Trafficway, On Road",CT0009300,New Haven PD,40793,59:48.0,O,Open,00:09.0,,,,,,,
1094064,1,Complete,1094064,1094064,41.29976172,-72.92689557,3586271,New Haven,93,93,New Haven,10/12/2023,2023,10,October,12,5,Thursday,16:39:00,16,23041471,A,"Injury of any type (Serious, Minor, Possible)",C,Possible Injury (C),4,0,0,4,Local,0.12,567,SOUTH ORANGE ST,SOUTH ORANGE ST,Oak St Connector ,,,,,41.29976172,-72.92689557,14,Motor Vehicle in Operation,3,Angle,1,On Roadway,1,Clear,88,Not Applicable,1,Daylight,1,Dry,0,None,88,Not Applicable,88,Not Applicable,0,None,88,Not Applicable,88,Not Applicable,2,Intersection,2,Four-Way Intersection,1,No,1,No,88,Not Applicable,88,Not Applicable,88,Not Applicable,88,Not Applicable,FALSE,1,Public Road,1,"Trafficway, On Road",CT0009300,New Haven PD,737,58:15.0,C,Closed,00:12.0,,,4500,2,PRIN ART-OTHER FREEWAYS & EXPRESSWAYS - NEW HPMS,2,Urban