CrashId,Fatal Case Status,Fatal Case Status Text Format,CrashId,CrashId,Latitude,Longitude,DOT Case Number,Town Name,Town Number,Town Number,Town Number Text Format,Date Of Crash,Year,Month,Month Text Format,Day,Day of the Week,Day of the Week Text Format,Time of Crash,Hour of the Day,Case Identifier,Crash Severity,Crash Severity Text Format,Most Severe Injury,Most Severe Injury Text Format,Number Of Motor Vehicles,Number Of Non-Motorist,Number Of Witnesses,Route Class,Route Class Text Format,Milemarker,Road Number,Road Description,Roadway Name,Intersecting Roadway Name,Landmark Description,Distance From Nearest Landmark,Unit Of Measure From Nearest Landmark,Direction From Nearest Landmark,Latitude,Longitude,First Harmful Event,First Harmful Event Text Format,Manner of Crash / Collision Impact,Manner of Crash / Collision Impact Text Format,Location of First Harmful Event,Location of First Harmful Event Text Format,Weather Condition,Weather Condition Text Format,Weather 2,Weather 2 Text Format,Light Condition,Light Condition Text Format,Road Surface Condition,Road Surface Condition Text Format,"Contributing Circumstances, Environment","Contributing Circumstances, Environment Text Format",Environment 2,Environment 2 Text Format,Environment 3,Environment 3 Text Format,"Contributing Circumstances, Road","Contributing Circumstances, Road Text Format",Road 2,Road 2 Text Format,Road 3,Road 3 Text Format,Crash Specific Location,Crash Specific Location Text Format,Type of Intersection,Type of Intersection Text Format,School Bus Related,School Bus Related Text Format,Work Zone Related,Work Zone Related Text Format,Location Of Crash Relative To Work Zone,Location Of Crash Relative To Work Zone Text Format,Type of Work Zone,Type of Work Zone Text Format,Worker Presence,Worker Presence Text Format,Law Enforcement Presence,Law Enforcement Presence Text Format,Were Vehicles Moved Prior To Police Arrival,Trafficway Ownership,Trafficway Ownership Text Format,Trafficway Class,Trafficway Class Text Format,Police Agency,Police Agency Text Format,Badge Number,Approval Date,Police Case Status,Police Case Status Text Format,Crash Report Submission Date,Related Case Identifiers,No. of Through Lanes (Log Dir.),Average Daily Traffic,Functional Classification,Functional Classification Text Format,Rural or Urban,Rural or Urban Text Format
1094539,1,Complete,1094539,1094539,41.286434,-72.936157,3586746,New Haven,93,93,New Haven,9/17/2023,2023,9,September,17,1,Sunday,0:14:00,0,23037877,A,"Injury of any type (Serious, Minor, Possible)",C,Possible Injury (C),2,0,0,3,State,0.28,10,10-N,10-N,745-E,,,,,41.286434,-72.936157,14,Motor Vehicle in Operation,3,Angle,1,On Roadway,1,Clear,88,Not Applicable,4,Dark-Lighted,1,Dry,0,None,88,Not Applicable,88,Not Applicable,0,None,88,Not Applicable,88,Not Applicable,2,Intersection,2,Four-Way Intersection,1,No,1,No,88,Not Applicable,88,Not Applicable,88,Not Applicable,88,Not Applicable,FALSE,1,Public Road,1,"Trafficway, On Road",CT0009300,New Haven PD,44052,41:01.0,C,Closed,01:10.0,,2,18600,3,PRINCIPAL ARTERIAL - OTHER - NEW HPMS,2,Urban
1094546,1,Complete,1094546,1094546,41.27242,-72.89683,3586753,New Haven,93,93,New Haven,10/5/2023,2023,10,October,5,5,Thursday,16:00:00,16,23040473,A,"Injury of any type (Serious, Minor, Possible)",C,Possible Injury (C),2,0,0,3,State,1.22,337,337-E,337-E,FORT HALE RD NO 1,,,,,41.27242,-72.89683,14,Motor Vehicle in Operation,1,Front to rear,1,On Roadway,1,Clear,88,Not Applicable,1,Daylight,1,Dry,0,None,88,Not Applicable,88,Not Applicable,0,None,88,Not Applicable,88,Not Applicable,3,Intersection-Related,2,Four-Way Intersection,1,No,1,No,88,Not Applicable,88,Not Applicable,88,Not Applicable,88,Not Applicable,FALSE,1,Public Road,1,"Trafficway, On Road",CT0009300,New Haven PD,322,19:25.0,C,Closed,01:12.0,,1,8200,4,MINOR ARTERIAL - NEW HPMS,1,Rural
1094549,1,Complete,1094549,1094549,41.302991,-72.941983,3586756,New Haven,93,93,New Haven,10/6/2023,2023,10,October,6,6,Friday,22:12:00,22,23040716,A,"Injury of any type (Serious, Minor, Possible)",C,Possible Injury (C),2,0,1,4,Local,0.1,453,ORCHARD ST,ORCHARD ST,,DAVENPORT AVE,100,Feet,N,41.302991,-72.941983,14,Motor Vehicle in Operation,3,Angle,1,On Roadway,1,Clear,88,Not Applicable,4,Dark-Lighted,1,Dry,0,None,88,Not Applicable,88,Not Applicable,0,None,88,Not Applicable,88,Not Applicable,1,Non-Junction,1,Not at Intersection,1,No,1,No,88,Not Applicable,88,Not Applicable,88,Not Applicable,88,Not Applicable,FALSE,1,Public Road,1,"Trafficway, On Road",CT0009300,New Haven PD,293,53:58.0,C,Closed,01:11.0,,,,,,,
1094550,1,Complete,1094550,1094550,41.310697,-72.930132,3586757,New Haven,93,93,New Haven,10/6/2023,2023,10,October,6,6,Friday,10:40:00,10,23040765,A,"Injury of any type (Serious, Minor, Possible)",B,Suspected Minor Injury (B),1,1,0,4,Local,0.2,726,ELM ST NO 2,ELM ST NO 2,YORK ST,,,,,41.310697,-72.930132,10,Pedalcycle/Pedalcyclist,3,Angle,1,On Roadway,1,Clear,88,Not Applicable,1,Daylight,1,Dry,0,None,88,Not Applicable,88,Not Applicable,0,None,88,Not Applicable,88,Not Applicable,2,Intersection,8,"Five-Point, or More",1,No,1,No,88,Not Applicable,88,Not Applicable,88,Not Applicable,88,Not Applicable,FALSE,1,Public Road,1,"Trafficway, On Road",CT0009300,New Haven PD,293,00:04.0,C,Closed,01:33.0,,,,,,,
1094556,1,Complete,1094556,1094556,41.32107392,-72.87491479,3586763,New Haven,93,93,New Haven,10/10/2023,2023,10,October,10,3,Tuesday,15:53:00,15,23041131,A,"Injury of any type (Serious, Minor, Possible)",C,Possible Injury (C),2,0,0,3,State,0.39,80,80-E,80-E,,QUINNIPIAC AVE,220,Feet,W,41.32107392,-72.87491479,14,Motor Vehicle in Operation,3,Angle,1,On Roadway,1,Clear,88,Not Applicable,1,Daylight,1,Dry,0,None,88,Not Applicable,88,Not Applicable,0,None,88,Not Applicable,88,Not Applicable,9,Driveway Access-Related,1,Not at Intersection,1,No,1,No,88,Not Applicable,88,Not Applicable,88,Not Applicable,88,Not Applicable,TRUE,1,Public Road,1,"Trafficway, On Road",CT0009300,New Haven PD,279,32:54.0,C,Closed,01:21.0,,2,32300,3,PRINCIPAL ARTERIAL - OTHER - NEW HPMS,2,Urban
1094557,1,Complete,1094557,1094557,41.32148,-72.93906,3586764,New Haven,93,93,New Haven,10/11/2023,2023,10,October,11,4,Wednesday,8:40:00,8,23041223,A,"Injury of any type (Serious, Minor, Possible)",C,Possible Injury (C),2,0,0,4,Local,0.13,557,SHERMAN PKWY,SHERMAN PKWY,HENRY ST,,,,,41.32148,-72.93906,14,Motor Vehicle in Operation,4,"Sideswipe, same direction",1,On Roadway,1,Clear,88,Not Applicable,1,Daylight,1,Dry,0,None,88,Not Applicable,88,Not Applicable,0,None,88,Not Applicable,88,Not Applicable,2,Intersection,3,T-Intersection,1,No,1,No,88,Not Applicable,88,Not Applicable,88,Not Applicable,88,Not Applicable,FALSE,1,Public Road,1,"Trafficway, On Road",CT0009300,New Haven PD,40799,47:04.0,C,Closed,01:29.0,,,,,,,
1094559,1,Complete,1094559,1094559,41.30696795,-72.9373033,3586766,New Haven,93,93,New Haven,10/11/2023,2023,10,October,11,4,Wednesday,12:30:00,12,23041264,A,"Injury of any type (Serious, Minor, Possible)",C,Possible Injury (C),2,0,0,4,Local,0.74,809,REV DR MLK JR BLVD,REV DR MLK JR BLVD,HOWE ST,,,,,41.30696795,-72.9373033,14,Motor Vehicle in Operation,3,Angle,1,On Roadway,1,Clear,88,Not Applicable,1,Daylight,1,Dry,0,None,88,Not Applicable,88,Not Applicable,0,None,88,Not Applicable,88,Not Applicable,2,Intersection,2,Four-Way Intersection,1,No,1,No,88,Not Applicable,88,Not Applicable,88,Not Applicable,88,Not Applicable,FALSE,1,Public Road,1,"Trafficway, On Road",CT0009300,New Haven PD,45391,38:44.0,C,Closed,01:12.0,,,,,,,
1094562,1,Complete,1094562,1094562,41.322774,-72.954464,3586769,New Haven,93,93,New Haven,10/12/2023,2023,10,October,12,5,Thursday,13:21:00,13,23041425,A,"Injury of any type (Serious, Minor, Possible)",C,Possible Injury (C),2,0,0,3,State,3.24,10,10-N,10-N,WEST PARK AV,,,,,41.322774,-72.954464,14,Motor Vehicle in Operation,1,Front to rear,1,On Roadway,1,Clear,88,Not Applicable,1,Daylight,1,Dry,0,None,88,Not Applicable,88,Not Applicable,0,None,88,Not Applicable,88,Not Applicable,2,Intersection,3,T-Intersection,1,No,1,No,88,Not Applicable,88,Not Applicable,88,Not Applicable,88,Not Applicable,FALSE,1,Public Road,1,"Trafficway, On Road",CT0009300,New Haven PD,45391,14:27.0,C,Closed,01:39.0,,2,18100,3,PRINCIPAL ARTERIAL - OTHER - NEW HPMS,2,Urban
1094567,1,Complete,1094567,1094567,41.32507628,-72.96574194,3586774,New Haven,93,93,New Haven,10/13/2023,2023,10,October,13,6,Friday,7:49:00,7,23041555,A,"Injury of any type (Serious, Minor, Possible)",C,Possible Injury (C),1,1,0,4,Local,0.12,41,BARNETT ST,BARNETT ST,,WILLARD ST,50,Feet,S,41.32507628,-72.96574194,9,Pedestrian,88,Not Applicable,1,On Roadway,1,Clear,88,Not Applicable,1,Daylight,1,Dry,0,None,88,Not Applicable,88,Not Applicable,0,None,88,Not Applicable,88,Not Applicable,3,Intersection-Related,2,Four-Way Intersection,1,No,1,No,88,Not Applicable,88,Not Applicable,88,Not Applicable,88,Not Applicable,FALSE,1,Public Road,1,"Trafficway, On Road",CT0009300,New Haven PD,62,38:50.0,C,Closed,01:12.0,,2,2421,7,LOCAL - NEW HPMS,2,Urban
1094574,1,Complete,1094574,1094574,41.28765259,-72.92556251,3586781,New Haven,93,93,New Haven,10/13/2023,2023,10,October,13,6,Friday,11:00:00,11,23041580,A,"Injury of any type (Serious, Minor, Possible)",C,Possible Injury (C),2,0,0,4,Local,0.26,359,SARGENT DR,SARGENT DR,,LONG WHARF DRIVE,150,Feet,N,41.28765259,-72.92556251,14,Motor Vehicle in Operation,1,Front to rear,1,On Roadway,1,Clear,88,Not Applicable,1,Daylight,1,Dry,0,None,88,Not Applicable,88,Not Applicable,0,None,88,Not Applicable,88,Not Applicable,3,Intersection-Related,2,Four-Way Intersection,1,No,1,No,88,Not Applicable,88,Not Applicable,88,Not Applicable,88,Not Applicable,FALSE,1,Public Road,1,"Trafficway, On Road",CT0009300,New Haven PD,45389,33:33.0,C,Closed,01:27.0,,,,,,,
1094577,1,Complete,1094577,1094577,41.322776,-72.93464,3586784,New Haven,93,93,New Haven,10/13/2023,2023,10,October,13,6,Friday,13:40:00,13,23041596,A,"Injury of any type (Serious, Minor, Possible)",C,Possible Injury (C),2,0,1,4,Local,0.02,552,SHELTON AV,SHELTON AV,MUNSON ST,,,,,41.322776,-72.93464,14,Motor Vehicle in Operation,3,Angle,1,On Roadway,1,Clear,88,Not Applicable,1,Daylight,1,Dry,0,None,88,Not Applicable,88,Not Applicable,0,None,0,None,0,None,2,Intersection,8,"Five-Point, or More",1,No,1,No,88,Not Applicable,88,Not Applicable,88,Not Applicable,88,Not Applicable,FALSE,1,Public Road,1,"Trafficway, On Road",CT0009300,New Haven PD,40799,27:03.0,C,Closed,01:26.0,,,,,,,
1094580,1,Complete,1094580,1094580,41.3198629,-72.96838425,3586787,New Haven,93,93,New Haven,10/13/2023,2023,10,October,13,6,Friday,15:17:00,15,23041610,A,"Injury of any type (Serious, Minor, Possible)",C,Possible Injury (C),2,0,0,4,Local,0.09,179,EDGEWOOD AV,EDGEWOOD AV,ALSTON AV,,,,,41.3198629,-72.96838425,14,Motor Vehicle in Operation,3,Angle,1,On Roadway,1,Clear,88,Not Applicable,1,Daylight,1,Dry,0,None,88,Not Applicable,88,Not Applicable,0,None,88,Not Applicable,88,Not Applicable,2,Intersection,2,Four-Way Intersection,1,No,1,No,88,Not Applicable,88,Not Applicable,88,Not Applicable,88,Not Applicable,FALSE,1,Public Road,1,"Trafficway, On Road",CT0009300,New Haven PD,45388,55:03.0,C,Closed,01:23.0,,,,,,,
1094590,1,Complete,1094590,1094590,41.317126,-72.958346,3586797,New Haven,93,93,New Haven,10/14/2023,2023,10,October,14,7,Saturday,18:02:00,18,23041778,A,"Injury of any type (Serious, Minor, Possible)",B,Suspected Minor Injury (B),2,0,0,4,Local,0.65,179,EDGEWOOD AV,EDGEWOOD AV,,YALE AVE,434,Feet,E,41.317126,-72.958346,14,Motor Vehicle in Operation,1,Front to rear,2,Shoulder,4,Rain,88,Not Applicable,4,Dark-Lighted,2,Wet,0,None,88,Not Applicable,88,Not Applicable,0,None,88,Not Applicable,88,Not Applicable,1,Non-Junction,1,Not at Intersection,1,No,1,No,88,Not Applicable,88,Not Applicable,88,Not Applicable,88,Not Applicable,FALSE,1,Public Road,1,"Trafficway, On Road",CT0009300,New Haven PD,45403,16:50.0,C,Closed,01:37.0,,,,,,,
1094593,1,Complete,1094593,1094593,41.306796,-72.946457,3586800,New Haven,93,93,New Haven,10/15/2023,2023,10,October,15,1,Sunday,11:31:00,11,23041839,A,"Injury of any type (Serious, Minor, Possible)",C,Possible Injury (C),2,0,0,4,Local,0.06,556,SHERMAN AV,SHERMAN AV,REV DR MARTIN LUTHER KING JR BLVD,,,,,41.306796,-72.946457,14,Motor Vehicle in Operation,3,Angle,1,On Roadway,1,Clear,88,Not Applicable,1,Daylight,1,Dry,0,None,88,Not Applicable,88,Not Applicable,0,None,88,Not Applicable,88,Not Applicable,2,Intersection,2,Four-Way Intersection,1,No,1,No,88,Not Applicable,88,Not Applicable,88,Not Applicable,88,Not Applicable,FALSE,1,Public Road,1,"Trafficway, On Road",CT0009300,New Haven PD,137,24:32.0,C,Closed,01:35.0,,,,,,,
1094594,1,Complete,1094594,1094594,41.3116617,-72.89989378,3586801,New Haven,93,93,New Haven,10/15/2023,2023,10,October,15,1,Sunday,15:20:00,15,23041858,A,"Injury of any type (Serious, Minor, Possible)",C,Possible Injury (C),2,0,0,4,Local,0.6,57,BLATCHLEY AV,BLATCHLEY AV,PINE ST NO 1,,,,,41.3116617,-72.89989378,14,Motor Vehicle in Operation,2,Front to front,1,On Roadway,1,Clear,88,Not Applicable,1,Daylight,1,Dry,0,None,88,Not Applicable,88,Not Applicable,0,None,88,Not Applicable,88,Not Applicable,2,Intersection,2,Four-Way Intersection,1,No,1,No,88,Not Applicable,88,Not Applicable,88,Not Applicable,88,Not Applicable,FALSE,1,Public Road,1,"Trafficway, On Road",CT0009300,New Haven PD,42057,19:38.0,C,Closed,01:36.0,,,,,,,
1094596,1,Complete,1094596,1094596,41.316686,-72.942337,3586803,New Haven,93,93,New Haven,10/15/2023,2023,10,October,15,1,Sunday,22:23:00,22,23041902,A,"Injury of any type (Serious, Minor, Possible)",C,Possible Injury (C),1,1,0,4,Local,0.38,653,WHALLEY AV,WHALLEY AV,SHERMAN AV,,,,,41.316686,-72.942337,9,Pedestrian,88,Not Applicable,1,On Roadway,1,Clear,88,Not Applicable,4,Dark-Lighted,1,Dry,0,None,88,Not Applicable,88,Not Applicable,0,None,88,Not Applicable,88,Not Applicable,2,Intersection,2,Four-Way Intersection,1,No,1,No,88,Not Applicable,88,Not Applicable,88,Not Applicable,88,Not Applicable,FALSE,1,Public Road,1,"Trafficway, On Road",CT0009300,New Haven PD,44339,11:13.0,C,Closed,01:38.0,,2,21100,3,PRINCIPAL ARTERIAL - OTHER - NEW HPMS,2,Urban
1095190,1,Complete,1095190,1095190,41.316885,-72.933014,3587397,New Haven,93,93,New Haven,10/2/2023,2023,10,October,2,2,Monday,14:30:00,14,23040013,A,"Injury of any type (Serious, Minor, Possible)",B,Suspected Minor Injury (B),3,0,0,4,Local,0.3,631,WEBSTER ST,WEBSTER ST,,DIXWELL AVE,80,Feet,E,41.316885,-72.933014,14,Motor Vehicle in Operation,1,Front to rear,1,On Roadway,1,Clear,88,Not Applicable,1,Daylight,1,Dry,0,None,88,Not Applicable,88,Not Applicable,0,None,88,Not Applicable,88,Not Applicable,3,Intersection-Related,2,Four-Way Intersection,2,"Yes, School Bus Directly Involved",1,No,88,Not Applicable,88,Not Applicable,88,Not Applicable,88,Not Applicable,FALSE,1,Public Road,1,"Trafficway, On Road",CT0009300,New Haven PD,33160,43:51.0,C,Closed,00:40.0,,,,,,,
1095192,1,Complete,1095192,1095192,41.3069948,-72.9372236,3587399,New Haven,93,93,New Haven,10/11/2023,2023,10,October,11,4,Wednesday,20:34:00,20,23041341,A,"Injury of any type (Serious, Minor, Possible)",C,Possible Injury (C),2,0,0,4,Local,0.74,809,REV DR MLK JR BLVD,REV DR MLK JR BLVD,HOWE ST,,,,,41.3069948,-72.9372236,14,Motor Vehicle in Operation,1,Front to rear,1,On Roadway,1,Clear,88,Not Applicable,1,Daylight,1,Dry,0,None,88,Not Applicable,88,Not Applicable,0,None,88,Not Applicable,88,Not Applicable,2,Intersection,2,Four-Way Intersection,1,No,1,No,88,Not Applicable,88,Not Applicable,88,Not Applicable,88,Not Applicable,FALSE,1,Public Road,1,"Trafficway, On Road",CT0009300,New Haven PD,42046,19:57.0,C,Closed,00:42.0,,,,,,,
1095194,1,Complete,1095194,1095194,41.317675,-72.950012,3587401,New Haven,93,93,New Haven,10/15/2023,2023,10,October,15,1,Sunday,14:31:00,14,23041854,A,"Injury of any type (Serious, Minor, Possible)",C,Possible Injury (C),2,0,0,4,Local,0.95,194,ELM ST NO 1,ELM ST NO 1,,ELLA T GRASSO BLVD,40,Feet,W,41.317675,-72.950012,14,Motor Vehicle in Operation,4,"Sideswipe, same direction",1,On Roadway,1,Clear,88,Not Applicable,1,Daylight,1,Dry,0,None,88,Not Applicable,88,Not Applicable,0,None,88,Not Applicable,88,Not Applicable,3,Intersection-Related,2,Four-Way Intersection,1,No,1,No,88,Not Applicable,88,Not Applicable,88,Not Applicable,88,Not Applicable,FALSE,1,Public Road,1,"Trafficway, On Road",CT0009300,New Haven PD,45389,36:25.0,C,Closed,00:38.0,,,,,,,
1095196,1,Complete,1095196,1095196,41.33248954,-72.8678935,3587403,New Haven,93,93,New Haven,10/15/2023,2023,10,October,15,1,Sunday,23:51:00,23,23041907,A,"Injury of any type (Serious, Minor, Possible)",C,Possible Injury (C),1,0,0,3,State,0.88,103,103-N,103-N,,Glen Haven Rd,170,Feet,S,41.33248954,-72.8678935,33,Utility Pole/Light Support,88,Not Applicable,1,On Roadway,1,Clear,88,Not Applicable,4,Dark-Lighted,1,Dry,0,None,88,Not Applicable,88,Not Applicable,0,None,88,Not Applicable,88,Not Applicable,1,Non-Junction,1,Not at Intersection,1,No,1,No,88,Not Applicable,88,Not Applicable,88,Not Applicable,88,Not Applicable,TRUE,1,Public Road,1,"Trafficway, On Road",CT0009300,New Haven PD,40952,30:21.0,C,Closed,00:38.0,23041907,2,6500,4,MINOR ARTERIAL - NEW HPMS,2,Urban
1095197,1,Complete,1095197,1095197,41.31893,-72.899256,3587404,New Haven,93,93,New Haven,10/16/2023,2023,10,October,16,2,Monday,8:49:00,8,23041930,A,"Injury of any type (Serious, Minor, Possible)",C,Possible Injury (C),1,1,0,2,USRoute,0.32,5,5-N,5-N,,WARREN PL,100,Feet,E,41.31893,-72.899256,10,Pedalcycle/Pedalcyclist,5,"Sideswipe, opposite direction",1,On Roadway,1,Clear,88,Not Applicable,1,Daylight,1,Dry,0,None,88,Not Applicable,88,Not Applicable,0,None,88,Not Applicable,88,Not Applicable,1,Non-Junction,1,Not at Intersection,1,No,1,No,88,Not Applicable,88,Not Applicable,88,Not Applicable,88,Not Applicable,FALSE,1,Public Road,1,"Trafficway, On Road",CT0009300,New Haven PD,40807,24:23.0,O,Open,00:40.0,,1,19200,4,MINOR ARTERIAL - NEW HPMS,1,Rural
1095198,1,Complete,1095198,1095198,41.32091,-72.94235,3587405,New Haven,93,93,New Haven,10/16/2023,2023,10,October,16,2,Monday,9:11:00,9,23041936,A,"Injury of any type (Serious, Minor, Possible)",C,Possible Injury (C),2,0,2,4,Local,0.48,258,GOFFE TER,GOFFE TER,WINTHROP AV NO 2,,,,,41.32091,-72.94235,14,Motor Vehicle in Operation,3,Angle,1,On Roadway,1,Clear,88,Not Applicable,1,Daylight,1,Dry,0,None,88,Not Applicable,88,Not Applicable,0,None,88,Not Applicable,88,Not Applicable,2,Intersection,2,Four-Way Intersection,2,"Yes, School Bus Directly Involved",1,No,88,Not Applicable,88,Not Applicable,88,Not Applicable,88,Not Applicable,FALSE,1,Public Road,1,"Trafficway, On Road",CT0009300,New Haven PD,324,28:41.0,C,Closed,00:38.0,,,,,,,
1095199,1,Complete,1095199,1095199,41.320848,-72.923267,3587406,New Haven,93,93,New Haven,10/16/2023,2023,10,October,16,2,Monday,15:00:00,15,23041992,A,"Injury of any type (Serious, Minor, Possible)",C,Possible Injury (C),1,0,0,4,Local,0.64,495,PROSPECT ST,PROSPECT ST,HILLSIDE PL,,,,,41.320848,-72.923267,33,Utility Pole/Light Support,88,Not Applicable,1,On Roadway,4,Rain,88,Not Applicable,1,Daylight,2,Wet,1,Weather Conditions,88,Not Applicable,88,Not Applicable,0,None,88,Not Applicable,88,Not Applicable,2,Intersection,3,T-Intersection,1,No,1,No,88,Not Applicable,88,Not Applicable,88,Not Applicable,88,Not Applicable,FALSE,1,Public Road,1,"Trafficway, On Road",CT0009300,New Haven PD,45399,40:06.0,C,Closed,00:41.0,,2,7200,4,MINOR ARTERIAL - NEW HPMS,2,Urban
1095596,1,Complete,1095596,1095596,41.30831,-72.924469,3587803,New Haven,93,93,New Haven,8/30/2023,2023,8,August,30,4,Wednesday,19:50:00,19,23035457,A,"Injury of any type (Serious, Minor, Possible)",B,Suspected Minor Injury (B),1,1,0,4,Local,0.54,726,ELM ST NO 2,ELM ST NO 2,,CHURCH ST,65,Feet,W,41.30831,-72.924469,9,Pedestrian,88,Not Applicable,1,On Roadway,1,Clear,88,Not Applicable,4,Dark-Lighted,1,Dry,0,None,88,Not Applicable,88,Not Applicable,0,None,88,Not Applicable,88,Not Applicable,1,Non-Junction,1,Not at Intersection,1,No,1,No,88,Not Applicable,88,Not Applicable,88,Not Applicable,88,Not Applicable,FALSE,1,Public Road,1,"Trafficway, On Road",CT0009300,New Haven PD,44049,57:22.0,C,Closed,01:30.0,,3,18200,3,PRINCIPAL ARTERIAL - OTHER - NEW HPMS,2,Urban
1095598,1,Complete,1095598,1095598,41.33127749,-72.86764817,3587805,New Haven,93,93,New Haven,10/15/2023,2023,10,October,15,1,Sunday,21:44:00,21,23041897,A,"Injury of any type (Serious, Minor, Possible)",C,Possible Injury (C),2,0,0,3,State,0.79,103,103-N,103-N,FOXON HILL RD,,,,,41.33127749,-72.86764817,14,Motor Vehicle in Operation,2,Front to front,1,On Roadway,1,Clear,88,Not Applicable,4,Dark-Lighted,1,Dry,0,None,88,Not Applicable,88,Not Applicable,0,None,88,Not Applicable,88,Not Applicable,2,Intersection,2,Four-Way Intersection,1,No,1,No,88,Not Applicable,88,Not Applicable,88,Not Applicable,88,Not Applicable,FALSE,1,Public Road,1,"Trafficway, On Road",CT0009300,New Haven PD,42049,37:57.0,O,Open,01:27.0,,1,9100,4,MINOR ARTERIAL - NEW HPMS,1,Rural
1095600,1,Complete,1095600,1095600,41.314623,-72.900137,3587807,New Haven,93,93,New Haven,10/16/2023,2023,10,October,16,2,Monday,23:12:00,23,23042041,A,"Injury of any type (Serious, Minor, Possible)",C,Possible Injury (C),1,0,0,4,Local,0.2,379,LOMBARD ST,LOMBARD ST,,FILLMORE ST,50,Feet,W,41.314623,-72.900137,33,Utility Pole/Light Support,88,Not Applicable,1,On Roadway,1,Clear,88,Not Applicable,5,Dark-Not Lighted,1,Dry,0,None,88,Not Applicable,88,Not Applicable,0,None,88,Not Applicable,88,Not Applicable,1,Non-Junction,1,Not at Intersection,1,No,1,No,88,Not Applicable,88,Not Applicable,88,Not Applicable,88,Not Applicable,FALSE,1,Public Road,1,"Trafficway, On Road",CT0009300,New Haven PD,42055,15:02.0,C,Closed,01:30.0,,2,7500,5,MAJOR COLLECTOR - NEW HPMS,2,Urban
1095601,1,Complete,1095601,1095601,41.308023,-72.895235,3587808,New Haven,93,93,New Haven,10/17/2023,2023,10,October,17,3,Tuesday,8:54:00,8,23042063,A,"Injury of any type (Serious, Minor, Possible)",B,Suspected Minor Injury (B),3,0,0,4,Local,0.81,213,FERRY ST,FERRY ST,,Exchange St,150,Feet,N,41.308023,-72.895235,14,Motor Vehicle in Operation,1,Front to rear,1,On Roadway,1,Clear,88,Not Applicable,1,Daylight,1,Dry,0,None,88,Not Applicable,88,Not Applicable,0,None,88,Not Applicable,88,Not Applicable,9,Driveway Access-Related,1,Not at Intersection,1,No,1,No,88,Not Applicable,88,Not Applicable,88,Not Applicable,88,Not Applicable,FALSE,1,Public Road,1,"Trafficway, On Road",CT0009300,New Haven PD,44176,50:04.0,C,Closed,01:27.0,,,,,,,
1095602,1,Complete,1095602,1095602,41.30546759,-72.92615411,3587809,New Haven,93,93,New Haven,10/17/2023,2023,10,October,17,3,Tuesday,13:59:00,13,23042114,A,"Injury of any type (Serious, Minor, Possible)",C,Possible Injury (C),1,1,0,4,Local,0.13,103,CHURCH ST,CHURCH ST,,CENTER ST,50,Feet,N,41.30546759,-72.92615411,11,Other Non-motorist,88,Not Applicable,1,On Roadway,1,Clear,88,Not Applicable,1,Daylight,1,Dry,0,None,88,Not Applicable,88,Not Applicable,0,None,88,Not Applicable,88,Not Applicable,2,Intersection,3,T-Intersection,1,No,1,No,88,Not Applicable,88,Not Applicable,88,Not Applicable,88,Not Applicable,FALSE,1,Public Road,1,"Trafficway, On Road",CT0009300,New Haven PD,40790,15:25.0,C,Closed,01:28.0,,2,14000,3,PRINCIPAL ARTERIAL - OTHER - NEW HPMS,2,Urban
1095604,1,Complete,1095604,1095604,41.33942633,-72.97542137,3587811,New Haven,93,93,New Haven,10/17/2023,2023,10,October,17,3,Tuesday,16:41:00,16,23042135,A,"Injury of any type (Serious, Minor, Possible)",C,Possible Injury (C),2,0,0,4,Local,0.08,485,POND LILY AV,POND LILY AV,,BANK STREET,100,Feet,W,41.33942633,-72.97542137,14,Motor Vehicle in Operation,1,Front to rear,1,On Roadway,1,Clear,88,Not Applicable,1,Daylight,1,Dry,0,None,88,Not Applicable,88,Not Applicable,0,None,88,Not Applicable,88,Not Applicable,1,Non-Junction,1,Not at Intersection,1,No,1,No,88,Not Applicable,88,Not Applicable,88,Not Applicable,88,Not Applicable,FALSE,1,Public Road,1,"Trafficway, On Road",CT0009300,New Haven PD,45628,40:33.0,C,Closed,01:29.0,,,,,,,
1095961,1,Complete,1095961,1095961,41.289723,-72.891923,3588168,New Haven,93,93,New Haven,10/17/2023,2023,10,October,17,3,Tuesday,17:00:00,17,23042138,A,"Injury of any type (Serious, Minor, Possible)",C,Possible Injury (C),3,0,0,2,USRoute,50.27,1,1-N,1-N,,TOWNSEND AVE,100,Feet,E,41.289723,-72.891923,14,Motor Vehicle in Operation,1,Front to rear,1,On Roadway,1,Clear,88,Not Applicable,1,Daylight,1,Dry,0,None,88,Not Applicable,88,Not Applicable,0,None,88,Not Applicable,88,Not Applicable,3,Intersection-Related,2,Four-Way Intersection,1,No,1,No,88,Not Applicable,88,Not Applicable,88,Not Applicable,88,Not Applicable,FALSE,1,Public Road,1,"Trafficway, On Road",CT0009300,New Haven PD,279,33:10.0,C,Closed,02:04.0,,2,17700,3,PRINCIPAL ARTERIAL - OTHER - NEW HPMS,2,Urban
1096246,1,Complete,1096246,1096246,41.324977,-72.956978,3588453,New Haven,93,93,New Haven,10/14/2023,2023,10,October,14,7,Saturday,23:02:00,23,23041797,A,"Injury of any type (Serious, Minor, Possible)",C,Possible Injury (C),2,0,0,3,State,0,63,63-N,63-N,10-N,,,,,41.324977,-72.956978,14,Motor Vehicle in Operation,1,Front to rear,1,On Roadway,4,Rain,88,Not Applicable,4,Dark-Lighted,2,Wet,0,None,88,Not Applicable,88,Not Applicable,0,None,88,Not Applicable,88,Not Applicable,3,Intersection-Related,3,T-Intersection,1,No,1,No,88,Not Applicable,88,Not Applicable,88,Not Applicable,88,Not Applicable,FALSE,1,Public Road,1,"Trafficway, On Road",CT0009300,New Haven PD,19532,37:00.0,C,Closed,00:51.0,,2,23200,3,PRINCIPAL ARTERIAL - OTHER - NEW HPMS,2,Urban