CrashId,Fatal Case Status,Fatal Case Status Text Format,CrashId,CrashId,Latitude,Longitude,DOT Case Number,Town Name,Town Number,Town Number,Town Number Text Format,Date Of Crash,Year,Month,Month Text Format,Day,Day of the Week,Day of the Week Text Format,Time of Crash,Hour of the Day,Case Identifier,Crash Severity,Crash Severity Text Format,Most Severe Injury,Most Severe Injury Text Format,Number Of Motor Vehicles,Number Of Non-Motorist,Number Of Witnesses,Route Class,Route Class Text Format,Milemarker,Road Number,Road Description,Roadway Name,Intersecting Roadway Name,Landmark Description,Distance From Nearest Landmark,Unit Of Measure From Nearest Landmark,Direction From Nearest Landmark,Latitude,Longitude,First Harmful Event,First Harmful Event Text Format,Manner of Crash / Collision Impact,Manner of Crash / Collision Impact Text Format,Location of First Harmful Event,Location of First Harmful Event Text Format,Weather Condition,Weather Condition Text Format,Weather 2,Weather 2 Text Format,Light Condition,Light Condition Text Format,Road Surface Condition,Road Surface Condition Text Format,"Contributing Circumstances, Environment","Contributing Circumstances, Environment Text Format",Environment 2,Environment 2 Text Format,Environment 3,Environment 3 Text Format,"Contributing Circumstances, Road","Contributing Circumstances, Road Text Format",Road 2,Road 2 Text Format,Road 3,Road 3 Text Format,Crash Specific Location,Crash Specific Location Text Format,Type of Intersection,Type of Intersection Text Format,School Bus Related,School Bus Related Text Format,Work Zone Related,Work Zone Related Text Format,Location Of Crash Relative To Work Zone,Location Of Crash Relative To Work Zone Text Format,Type of Work Zone,Type of Work Zone Text Format,Worker Presence,Worker Presence Text Format,Law Enforcement Presence,Law Enforcement Presence Text Format,Were Vehicles Moved Prior To Police Arrival,Trafficway Ownership,Trafficway Ownership Text Format,Trafficway Class,Trafficway Class Text Format,Police Agency,Police Agency Text Format,Badge Number,Approval Date,Police Case Status,Police Case Status Text Format,Crash Report Submission Date,Related Case Identifiers,No. of Through Lanes (Log Dir.),Average Daily Traffic,Functional Classification,Functional Classification Text Format,Rural or Urban,Rural or Urban Text Format
1096254,1,Complete,1096254,1096254,41.334803,-72.976844,923272,New Haven,93,93,New Haven,10/18/2023,2023,10,October,18,4,Wednesday,23:08:00,23,23042376,K,Fatal (Kill),K,Fatal Injury (K),1,1,2,3,State,0.01,69,69-N,69-N,63-N,,,,,41.334803,-72.976844,11,Other Non-motorist,88,Not Applicable,1,On Roadway,1,Clear,88,Not Applicable,99,Unknown,1,Dry,0,None,88,Not Applicable,88,Not Applicable,0,None,88,Not Applicable,88,Not Applicable,2,Intersection,8,"Five-Point, or More",1,No,1,No,88,Not Applicable,88,Not Applicable,88,Not Applicable,88,Not Applicable,FALSE,1,Public Road,1,"Trafficway, On Road",CT0009300,New Haven PD,44053,27:17.0,O,Open,00:49.0,,3,17100,3,PRINCIPAL ARTERIAL - OTHER - NEW HPMS,2,Urban
1096694,1,Complete,1096694,1096694,41.328375,-72.937518,3588901,New Haven,93,93,New Haven,10/5/2023,2023,10,October,5,5,Thursday,17:05:00,17,23040503,A,"Injury of any type (Serious, Minor, Possible)",C,Possible Injury (C),2,0,0,4,Local,0.64,557,SHERMAN PKWY,SHERMAN PKWY,FORD ST,,,,,41.328375,-72.937518,14,Motor Vehicle in Operation,3,Angle,1,On Roadway,1,Clear,88,Not Applicable,1,Daylight,1,Dry,0,None,88,Not Applicable,88,Not Applicable,0,None,88,Not Applicable,88,Not Applicable,2,Intersection,3,T-Intersection,1,No,1,No,88,Not Applicable,88,Not Applicable,88,Not Applicable,88,Not Applicable,FALSE,1,Public Road,1,"Trafficway, On Road",CT0009300,New Haven PD,65,42:54.0,C,Closed,01:58.0,,,,,,,
1096695,1,Complete,1096695,1096695,41.32016,-72.89313,3588902,New Haven,93,93,New Haven,10/9/2023,2023,10,October,9,2,Monday,0:18:00,0,23040933,A,"Injury of any type (Serious, Minor, Possible)",C,Possible Injury (C),2,0,0,4,Local,0.49,411,MIDDLETOWN AV,MIDDLETOWN AV,CLINTON AV,,,,,41.32016,-72.89313,14,Motor Vehicle in Operation,3,Angle,1,On Roadway,1,Clear,88,Not Applicable,4,Dark-Lighted,1,Dry,99,Unknown,88,Not Applicable,88,Not Applicable,99,Unknown,88,Not Applicable,88,Not Applicable,2,Intersection,2,Four-Way Intersection,1,No,1,No,88,Not Applicable,88,Not Applicable,88,Not Applicable,88,Not Applicable,FALSE,1,Public Road,1,"Trafficway, On Road",CT0009300,New Haven PD,36335,08:21.0,C,Closed,02:23.0,,,,,,,
1096705,1,Complete,1096705,1096705,41.309635,-72.936752,3588912,New Haven,93,93,New Haven,10/19/2023,2023,10,October,19,5,Thursday,14:58:00,14,23042470,A,"Injury of any type (Serious, Minor, Possible)",C,Possible Injury (C),2,0,0,4,Local,2.4,97,CHAPEL ST,CHAPEL ST,,DWIGHT ST,52,Feet,E,41.309635,-72.936752,14,Motor Vehicle in Operation,1,Front to rear,1,On Roadway,1,Clear,88,Not Applicable,1,Daylight,1,Dry,0,None,88,Not Applicable,88,Not Applicable,0,None,88,Not Applicable,88,Not Applicable,3,Intersection-Related,2,Four-Way Intersection,1,No,1,No,88,Not Applicable,88,Not Applicable,88,Not Applicable,88,Not Applicable,TRUE,1,Public Road,1,"Trafficway, On Road",CT0009300,New Haven PD,45132,11:28.0,O,Open,02:05.0,,,,,,,
1096708,1,Complete,1096708,1096708,41.30178,-72.943866,3588915,New Haven,93,93,New Haven,10/19/2023,2023,10,October,19,5,Thursday,20:34:00,20,23042512,A,"Injury of any type (Serious, Minor, Possible)",B,Suspected Minor Injury (B),1,1,0,4,Local,0.09,672,WINTHROP AV NO 1,WINTHROP AV NO 1,,DAVENPORT AVE,484,Feet,N,41.30178,-72.943866,14,Motor Vehicle in Operation,97,Other,1,On Roadway,1,Clear,88,Not Applicable,5,Dark-Not Lighted,1,Dry,99,Unknown,88,Not Applicable,88,Not Applicable,99,Unknown,88,Not Applicable,88,Not Applicable,1,Non-Junction,1,Not at Intersection,1,No,1,No,88,Not Applicable,88,Not Applicable,88,Not Applicable,88,Not Applicable,TRUE,1,Public Road,1,"Trafficway, On Road",CT0009300,New Haven PD,980,43:25.0,C,Closed,02:01.0,,,,,,,
1096709,1,Complete,1096709,1096709,41.30276,-72.92822,3588916,New Haven,93,93,New Haven,10/19/2023,2023,10,October,19,5,Thursday,21:51:00,21,23042516,A,"Injury of any type (Serious, Minor, Possible)",C,Possible Injury (C),2,0,0,4,Local,0.19,809,REV DR MLK JR BLVD,REV DR MLK JR BLVD,CHURCH ST SOUTH NO 1,,,,,41.30276,-72.92822,14,Motor Vehicle in Operation,4,"Sideswipe, same direction",1,On Roadway,1,Clear,88,Not Applicable,4,Dark-Lighted,1,Dry,0,None,88,Not Applicable,88,Not Applicable,0,None,88,Not Applicable,88,Not Applicable,2,Intersection,3,T-Intersection,1,No,1,No,88,Not Applicable,88,Not Applicable,88,Not Applicable,88,Not Applicable,TRUE,1,Public Road,1,"Trafficway, On Road",CT0009300,New Haven PD,251,34:55.0,C,Closed,02:03.0,,,,,,,
1096715,1,Complete,1096715,1096715,41.32257,-72.878483,3588922,New Haven,93,93,New Haven,10/20/2023,2023,10,October,20,6,Friday,10:04:00,10,23042562,A,"Injury of any type (Serious, Minor, Possible)",C,Possible Injury (C),2,0,0,3,State,0.18,80,80-E,80-E,,91-N-16A,660,Feet,S,41.32257,-72.878483,14,Motor Vehicle in Operation,3,Angle,1,On Roadway,4,Rain,88,Not Applicable,1,Daylight,2,Wet,0,None,88,Not Applicable,88,Not Applicable,0,None,88,Not Applicable,88,Not Applicable,9,Driveway Access-Related,1,Not at Intersection,1,No,1,No,88,Not Applicable,88,Not Applicable,88,Not Applicable,88,Not Applicable,FALSE,1,Public Road,1,"Trafficway, On Road",CT0009300,New Haven PD,322,55:35.0,C,Closed,02:21.0,,3,32300,3,PRINCIPAL ARTERIAL - OTHER - NEW HPMS,2,Urban
1096718,1,Complete,1096718,1096718,41.3083,-72.88634,3588925,New Haven,93,93,New Haven,10/20/2023,2023,10,October,20,6,Friday,13:35:00,13,23042589,A,"Injury of any type (Serious, Minor, Possible)",C,Possible Injury (C),1,1,0,4,Local,0.01,,GRAND AV,E GRAND AVE,QUINNIPIAC AVE,,,,,41.3083,-72.88634,10,Pedalcycle/Pedalcyclist,3,Angle,1,On Roadway,4,Rain,88,Not Applicable,1,Daylight,2,Wet,1,Weather Conditions,88,Not Applicable,88,Not Applicable,0,None,88,Not Applicable,88,Not Applicable,2,Intersection,2,Four-Way Intersection,1,No,1,No,88,Not Applicable,88,Not Applicable,88,Not Applicable,88,Not Applicable,TRUE,1,Public Road,1,"Trafficway, On Road",CT0009300,New Haven PD,416,03:43.0,C,Closed,02:02.0,,,,,,,
1096719,1,Complete,1096719,1096719,41.298538,-72.892419,3588926,New Haven,93,93,New Haven,10/20/2023,2023,10,October,20,6,Friday,15:36:00,15,23042599,A,"Injury of any type (Serious, Minor, Possible)",B,Suspected Minor Injury (B),2,0,0,4,Local,0.29,210,FARREN AV,FARREN AV,,LANDCRAFT STREET,50,Feet,E,41.298538,-72.892419,14,Motor Vehicle in Operation,5,"Sideswipe, opposite direction",1,On Roadway,4,Rain,88,Not Applicable,1,Daylight,2,Wet,0,None,88,Not Applicable,88,Not Applicable,0,None,88,Not Applicable,88,Not Applicable,11,Through Roadway,1,Not at Intersection,2,"Yes, School Bus Directly Involved",1,No,88,Not Applicable,88,Not Applicable,88,Not Applicable,88,Not Applicable,FALSE,1,Public Road,1,"Trafficway, On Road",CT0009300,New Haven PD,45396,58:29.0,C,Closed,02:08.0,,,,,,,
1096721,1,Complete,1096721,1096721,41.313208,-72.931188,3588928,New Haven,93,93,New Haven,10/20/2023,2023,10,October,20,6,Friday,15:10:00,15,23042606,A,"Injury of any type (Serious, Minor, Possible)",C,Possible Injury (C),2,0,0,4,Local,0.16,596,TOWER PKWY,TOWER PKWY,,York Square Pl,200,Feet,W,41.313208,-72.931188,14,Motor Vehicle in Operation,1,Front to rear,1,On Roadway,4,Rain,88,Not Applicable,1,Daylight,2,Wet,0,None,88,Not Applicable,88,Not Applicable,0,None,88,Not Applicable,88,Not Applicable,3,Intersection-Related,2,Four-Way Intersection,1,No,1,No,88,Not Applicable,88,Not Applicable,88,Not Applicable,88,Not Applicable,FALSE,1,Public Road,1,"Trafficway, On Road",CT0009300,New Haven PD,42054,47:34.0,C,Closed,02:04.0,,,,,,,
1096729,1,Complete,1096729,1096729,41.316805,-72.97084,3588936,New Haven,93,93,New Haven,10/21/2023,2023,10,October,21,7,Saturday,14:05:00,14,23042699,A,"Injury of any type (Serious, Minor, Possible)",C,Possible Injury (C),1,0,0,3,State,2.63,122,122-N,122-N,,CHAPEL STREET,100,Feet,S,41.316805,-72.97084,32,Tree (standing),88,Not Applicable,1,On Roadway,4,Rain,88,Not Applicable,1,Daylight,2,Wet,0,None,88,Not Applicable,88,Not Applicable,0,None,88,Not Applicable,88,Not Applicable,1,Non-Junction,1,Not at Intersection,1,No,1,No,88,Not Applicable,88,Not Applicable,88,Not Applicable,88,Not Applicable,FALSE,1,Public Road,1,"Trafficway, On Road",CT0009300,New Haven PD,42045,09:50.0,C,Closed,02:13.0,,2,11700,4,MINOR ARTERIAL - NEW HPMS,2,Urban
1096731,1,Complete,1096731,1096731,41.303905,-72.900338,3588938,New Haven,93,93,New Haven,10/21/2023,2023,10,October,21,7,Saturday,18:32:00,18,23042721,A,"Injury of any type (Serious, Minor, Possible)",C,Possible Injury (C),2,0,0,4,Local,0.4,97,CHAPEL ST,CHAPEL ST,LLOYD ST,,,,,41.303905,-72.900338,14,Motor Vehicle in Operation,3,Angle,1,On Roadway,2,Cloudy,88,Not Applicable,6,Dark-Unknown Lighting,2,Wet,0,None,88,Not Applicable,88,Not Applicable,0,None,88,Not Applicable,88,Not Applicable,2,Intersection,2,Four-Way Intersection,1,No,1,No,88,Not Applicable,88,Not Applicable,88,Not Applicable,88,Not Applicable,FALSE,1,Public Road,1,"Trafficway, On Road",CT0009300,New Haven PD,45389,05:59.0,C,Closed,02:17.0,,,,,,,
1096733,1,Complete,1096733,1096733,41.32894,-72.93521,3588940,New Haven,93,93,New Haven,10/21/2023,2023,10,October,21,7,Saturday,21:15:00,21,23042747,A,"Injury of any type (Serious, Minor, Possible)",C,Possible Injury (C),2,0,0,4,Local,1.14,152,DIXWELL AV,DIXWELL AV,,FORD ST,200,Feet,N,41.32894,-72.93521,14,Motor Vehicle in Operation,4,"Sideswipe, same direction",1,On Roadway,1,Clear,88,Not Applicable,4,Dark-Lighted,1,Dry,0,None,88,Not Applicable,88,Not Applicable,0,None,88,Not Applicable,88,Not Applicable,1,Non-Junction,1,Not at Intersection,1,No,1,No,88,Not Applicable,88,Not Applicable,88,Not Applicable,88,Not Applicable,TRUE,1,Public Road,1,"Trafficway, On Road",CT0009300,New Haven PD,42054,27:45.0,C,Closed,02:14.0,,,,,,,
1097303,1,Complete,1097303,1097303,41.312823,-72.932917,3589510,New Haven,93,93,New Haven,10/16/2023,2023,10,October,16,2,Monday,21:00:00,21,23042034,A,"Injury of any type (Serious, Minor, Possible)",B,Suspected Minor Injury (B),2,0,1,4,Local,0.95,653,WHALLEY AV,WHALLEY AV,HOWE ST,,,,,41.312823,-72.932917,14,Motor Vehicle in Operation,3,Angle,1,On Roadway,4,Rain,88,Not Applicable,4,Dark-Lighted,2,Wet,0,None,88,Not Applicable,88,Not Applicable,0,None,88,Not Applicable,88,Not Applicable,2,Intersection,3,T-Intersection,1,No,1,No,88,Not Applicable,88,Not Applicable,88,Not Applicable,88,Not Applicable,FALSE,1,Public Road,1,"Trafficway, On Road",CT0009300,New Haven PD,45403,28:39.0,C,Closed,00:34.0,,,,,,,
1097640,1,Complete,1097640,1097640,41.305501,-72.898841,3589847,New Haven,93,93,New Haven,8/29/2023,2023,8,August,29,3,Tuesday,16:00:00,16,23035293,A,"Injury of any type (Serious, Minor, Possible)",A,Suspected Serious Injury (A),4,0,0,4,Local,0.17,57,BLATCHLEY AV,BLATCHLEY AV,,SALTONSTALL AVE,195,Feet,N,41.305501,-72.898841,14,Motor Vehicle in Operation,3,Angle,1,On Roadway,1,Clear,88,Not Applicable,1,Daylight,1,Dry,0,None,88,Not Applicable,88,Not Applicable,0,None,88,Not Applicable,88,Not Applicable,9,Driveway Access-Related,1,Not at Intersection,1,No,1,No,88,Not Applicable,88,Not Applicable,88,Not Applicable,88,Not Applicable,FALSE,1,Public Road,1,"Trafficway, On Road",CT0009300,New Haven PD,45402,26:14.0,C,Closed,00:55.0,,,,,,,
1097643,1,Complete,1097643,1097643,41.300019,-72.936994,3589850,New Haven,93,93,New Haven,9/12/2023,2023,9,September,12,3,Tuesday,22:40:00,22,23037320,A,"Injury of any type (Serious, Minor, Possible)",C,Possible Injury (C),2,0,0,4,Local,0.05,138,DAGGETT ST,DAGGETT ST,,CONGRESS AVE,289,Feet,S,41.300019,-72.936994,14,Motor Vehicle in Operation,1,Front to rear,1,On Roadway,1,Clear,88,Not Applicable,4,Dark-Lighted,1,Dry,0,None,88,Not Applicable,88,Not Applicable,0,None,88,Not Applicable,88,Not Applicable,1,Non-Junction,1,Not at Intersection,1,No,1,No,88,Not Applicable,88,Not Applicable,88,Not Applicable,88,Not Applicable,TRUE,1,Public Road,1,"Trafficway, On Road",CT0009300,New Haven PD,44949,30:01.0,C,Closed,00:51.0,,2,,7,LOCAL - NEW HPMS,2,Urban
1097648,1,Complete,1097648,1097648,41.31015,-72.93921,3589855,New Haven,93,93,New Haven,10/1/2023,2023,10,October,1,1,Sunday,17:40:00,17,23039887,A,"Injury of any type (Serious, Minor, Possible)",C,Possible Injury (C),2,0,1,4,Local,2.53,97,CHAPEL ST,CHAPEL ST,DAY ST,,,,,41.31015,-72.93921,14,Motor Vehicle in Operation,3,Angle,1,On Roadway,1,Clear,88,Not Applicable,1,Daylight,1,Dry,0,None,88,Not Applicable,88,Not Applicable,0,None,88,Not Applicable,88,Not Applicable,2,Intersection,2,Four-Way Intersection,1,No,1,No,88,Not Applicable,88,Not Applicable,88,Not Applicable,88,Not Applicable,FALSE,1,Public Road,1,"Trafficway, On Road",CT0009300,New Haven PD,11439,58:51.0,C,Closed,00:53.0,,6,126100,1,INTERSTATE - NEW HPMS,2,Urban
1097649,1,Complete,1097649,1097649,41.32222321,-72.93852766,3589856,New Haven,93,93,New Haven,10/3/2023,2023,10,October,3,3,Tuesday,17:09:00,17,23040174,A,"Injury of any type (Serious, Minor, Possible)",C,Possible Injury (C),2,0,1,4,Local,0.19,557,SHERMAN PKWY,SHERMAN PKWY,,HENRY ST,300,Feet,N,41.32222321,-72.93852766,14,Motor Vehicle in Operation,3,Angle,1,On Roadway,1,Clear,88,Not Applicable,1,Daylight,1,Dry,0,None,88,Not Applicable,88,Not Applicable,0,None,88,Not Applicable,88,Not Applicable,1,Non-Junction,1,Not at Intersection,1,No,1,No,88,Not Applicable,88,Not Applicable,88,Not Applicable,88,Not Applicable,FALSE,1,Public Road,1,"Trafficway, On Road",CT0009300,New Haven PD,991,00:38.0,C,Closed,00:58.0,,,,,,,
1097656,1,Complete,1097656,1097656,41.30452308,-72.89454176,3589863,New Haven,93,93,New Haven,10/23/2023,2023,10,October,23,2,Monday,5:04:00,5,23042907,A,"Injury of any type (Serious, Minor, Possible)",B,Suspected Minor Injury (B),2,0,0,4,Local,1.08,213,FERRY ST,FERRY ST,,Chapel St,50,Feet,N,41.30452308,-72.89454176,14,Motor Vehicle in Operation,3,Angle,1,On Roadway,1,Clear,88,Not Applicable,4,Dark-Lighted,1,Dry,0,None,88,Not Applicable,88,Not Applicable,0,None,88,Not Applicable,88,Not Applicable,9,Driveway Access-Related,1,Not at Intersection,1,No,1,No,88,Not Applicable,88,Not Applicable,88,Not Applicable,88,Not Applicable,TRUE,1,Public Road,1,"Trafficway, On Road",CT0009300,New Haven PD,42055,53:01.0,C,Closed,00:57.0,,,,,,,
1097659,1,Complete,1097659,1097659,41.33301153,-72.93520976,3589866,New Haven,93,93,New Haven,10/23/2023,2023,10,October,23,2,Monday,18:19:00,18,23042999,A,"Injury of any type (Serious, Minor, Possible)",C,Possible Injury (C),2,0,0,4,Local,1.42,152,DIXWELL AV,DIXWELL AV,,Dorman St,150,Feet,S,41.33301153,-72.93520976,14,Motor Vehicle in Operation,3,Angle,1,On Roadway,1,Clear,88,Not Applicable,1,Daylight,1,Dry,0,None,88,Not Applicable,88,Not Applicable,0,None,88,Not Applicable,88,Not Applicable,9,Driveway Access-Related,1,Not at Intersection,1,No,1,No,88,Not Applicable,88,Not Applicable,88,Not Applicable,88,Not Applicable,TRUE,1,Public Road,1,"Trafficway, On Road",CT0009300,New Haven PD,42052,53:13.0,C,Closed,01:04.0,,,,,,,
1097671,1,Complete,1097671,1097671,41.32075827,-72.95189615,3589878,New Haven,93,93,New Haven,10/24/2023,2023,10,October,24,3,Tuesday,19:43:00,19,23043163,A,"Injury of any type (Serious, Minor, Possible)",C,Possible Injury (C),2,0,0,4,Local,0.36,472,PENDLETON ST,PENDLETON ST,,10-N,50,Feet,S,41.32075827,-72.95189615,14,Motor Vehicle in Operation,1,Front to rear,1,On Roadway,1,Clear,88,Not Applicable,1,Daylight,1,Dry,0,None,88,Not Applicable,88,Not Applicable,0,None,88,Not Applicable,88,Not Applicable,3,Intersection-Related,3,T-Intersection,1,No,1,No,88,Not Applicable,88,Not Applicable,88,Not Applicable,88,Not Applicable,FALSE,1,Public Road,1,"Trafficway, On Road",CT0009300,New Haven PD,44063,32:38.0,O,Open,01:07.0,,,,,,,
1097964,1,Complete,1097964,1097964,41.312122,-72.919229,3590171,New Haven,93,93,New Haven,8/27/2023,2023,8,August,27,1,Sunday,2:04:00,2,23034880,A,"Injury of any type (Serious, Minor, Possible)",B,Suspected Minor Injury (B),2,0,0,4,Local,1.18,450,ORANGE ST NO 1,ORANGE ST NO 1,TRUMBULL ST,,,,,41.312122,-72.919229,14,Motor Vehicle in Operation,3,Angle,1,On Roadway,1,Clear,88,Not Applicable,4,Dark-Lighted,1,Dry,0,None,88,Not Applicable,88,Not Applicable,0,None,88,Not Applicable,88,Not Applicable,2,Intersection,2,Four-Way Intersection,1,No,1,No,88,Not Applicable,88,Not Applicable,88,Not Applicable,88,Not Applicable,FALSE,1,Public Road,1,"Trafficway, On Road",CT0009300,New Haven PD,45390,51:58.0,C,Closed,00:50.0,,,,,,,
1097967,1,Complete,1097967,1097967,41.31483,-72.898852,3590174,New Haven,93,93,New Haven,10/14/2023,2023,10,October,14,7,Saturday,16:20:00,16,23041762,A,"Injury of any type (Serious, Minor, Possible)",C,Possible Injury (C),2,0,1,4,Local,0.27,379,LOMBARD ST,LOMBARD ST,,POPLAR ST,60,Feet,W,41.31483,-72.898852,14,Motor Vehicle in Operation,2,Front to front,1,On Roadway,4,Rain,88,Not Applicable,1,Daylight,2,Wet,0,None,88,Not Applicable,88,Not Applicable,0,None,88,Not Applicable,88,Not Applicable,1,Non-Junction,1,Not at Intersection,1,No,1,No,88,Not Applicable,88,Not Applicable,88,Not Applicable,88,Not Applicable,FALSE,1,Public Road,1,"Trafficway, On Road",CT0009300,New Haven PD,44951,59:59.0,C,Closed,00:53.0,,,,,,,
1097974,1,Complete,1097974,1097974,41.314297,-72.896758,3590181,New Haven,93,93,New Haven,10/25/2023,2023,10,October,25,4,Wednesday,16:18:00,16,23043271,A,"Injury of any type (Serious, Minor, Possible)",C,Possible Injury (C),1,1,0,4,Local,0.37,213,FERRY ST,FERRY ST,,CHATHAM,50,Feet,N,41.314297,-72.896758,9,Pedestrian,88,Not Applicable,1,On Roadway,1,Clear,88,Not Applicable,1,Daylight,1,Dry,0,None,88,Not Applicable,88,Not Applicable,0,None,88,Not Applicable,88,Not Applicable,1,Non-Junction,1,Not at Intersection,1,No,1,No,88,Not Applicable,88,Not Applicable,88,Not Applicable,88,Not Applicable,FALSE,1,Public Road,1,"Trafficway, On Road",CT0009300,New Haven PD,42057,18:20.0,C,Closed,00:56.0,,4,13500,4,MINOR ARTERIAL - NEW HPMS,2,Urban
1098232,1,Complete,1098232,1098232,41.2918355,-72.9424378,3590439,New Haven,93,93,New Haven,10/26/2023,2023,10,October,26,5,Thursday,2:54:00,2,23040737,A,"Injury of any type (Serious, Minor, Possible)",A,Suspected Serious Injury (A),2,0,1,3,State,0.96,10,10-N,10-N,TRUMAN ST,,,,,41.2918355,-72.9424378,14,Motor Vehicle in Operation,3,Angle,1,On Roadway,1,Clear,88,Not Applicable,99,Unknown,1,Dry,0,None,88,Not Applicable,88,Not Applicable,0,None,88,Not Applicable,88,Not Applicable,2,Intersection,3,T-Intersection,1,No,1,No,88,Not Applicable,88,Not Applicable,88,Not Applicable,88,Not Applicable,FALSE,1,Public Road,1,"Trafficway, On Road",CT0009300,New Haven PD,44052,10:25.0,C,Closed,01:46.0,,2,20300,3,PRINCIPAL ARTERIAL - OTHER - NEW HPMS,2,Urban
1098235,1,Complete,1098235,1098235,41.30848866,-72.90317661,3590442,New Haven,93,93,New Haven,10/15/2023,2023,10,October,15,1,Sunday,22:40:00,22,23041796,A,"Injury of any type (Serious, Minor, Possible)",C,Possible Injury (C),2,0,0,4,Local,0.92,264,GRAND AV,GRAND AV,JAMES ST,,,,,41.30848866,-72.90317661,14,Motor Vehicle in Operation,3,Angle,1,On Roadway,1,Clear,88,Not Applicable,4,Dark-Lighted,1,Dry,99,Unknown,88,Not Applicable,88,Not Applicable,99,Unknown,88,Not Applicable,88,Not Applicable,2,Intersection,2,Four-Way Intersection,1,No,1,No,88,Not Applicable,88,Not Applicable,88,Not Applicable,88,Not Applicable,FALSE,1,Public Road,1,"Trafficway, On Road",CT0009300,New Haven PD,36335,59:07.0,C,Closed,01:47.0,,,,,,,
1098238,1,Complete,1098238,1098238,41.29756629,-72.94598664,3590445,New Haven,93,93,New Haven,10/24/2023,2023,10,October,24,3,Tuesday,6:55:00,6,23043052,A,"Injury of any type (Serious, Minor, Possible)",C,Possible Injury (C),2,0,0,2,USRoute,46.79,1,1-N,1-N,,Davenport Av,1,TenthsofMile,E,41.29756629,-72.94598664,14,Motor Vehicle in Operation,3,Angle,1,On Roadway,1,Clear,88,Not Applicable,1,Daylight,1,Dry,99,Unknown,88,Not Applicable,88,Not Applicable,99,Unknown,88,Not Applicable,88,Not Applicable,9,Driveway Access-Related,1,Not at Intersection,1,No,1,No,88,Not Applicable,88,Not Applicable,88,Not Applicable,88,Not Applicable,FALSE,1,Public Road,1,"Trafficway, On Road",CT0009300,New Haven PD,43690,38:03.0,C,Closed,01:45.0,,1,5900,3,PRINCIPAL ARTERIAL - OTHER - NEW HPMS,1,Rural
1098242,1,Complete,1098242,1098242,41.30572425,-72.93413847,3590449,New Haven,93,93,New Haven,10/26/2023,2023,10,October,26,5,Thursday,7:18:00,7,23043366,A,"Injury of any type (Serious, Minor, Possible)",C,Possible Injury (C),2,0,0,4,Local,0.56,809,REV DR MLK JR BLVD,REV DR MLK JR BLVD,,YORK ST,97,Feet,W,41.30572425,-72.93413847,14,Motor Vehicle in Operation,1,Front to rear,1,On Roadway,1,Clear,88,Not Applicable,2,Dawn,1,Dry,0,None,88,Not Applicable,88,Not Applicable,0,None,88,Not Applicable,88,Not Applicable,1,Non-Junction,1,Not at Intersection,1,No,1,No,88,Not Applicable,88,Not Applicable,88,Not Applicable,88,Not Applicable,TRUE,1,Public Road,1,"Trafficway, On Road",CT0009300,New Haven PD,137,01:53.0,C,Closed,01:47.0,,,,,,,
1098244,1,Complete,1098244,1098244,41.30168712,-72.95079597,3590451,New Haven,93,93,New Haven,10/26/2023,2023,10,October,26,5,Thursday,11:24:00,11,23043399,A,"Injury of any type (Serious, Minor, Possible)",C,Possible Injury (C),2,0,0,3,State,1.77,10,10-N,10-N,,LEGION AVE,1454,Feet,S,41.30168712,-72.95079597,14,Motor Vehicle in Operation,1,Front to rear,1,On Roadway,1,Clear,88,Not Applicable,1,Daylight,1,Dry,0,None,88,Not Applicable,88,Not Applicable,0,None,88,Not Applicable,88,Not Applicable,1,Non-Junction,1,Not at Intersection,1,No,1,No,88,Not Applicable,88,Not Applicable,88,Not Applicable,88,Not Applicable,FALSE,1,Public Road,1,"Trafficway, On Road",CT0009300,New Haven PD,137,04:07.0,C,Closed,01:49.0,,2,20800,3,PRINCIPAL ARTERIAL - OTHER - NEW HPMS,2,Urban
1098245,1,Complete,1098245,1098245,41.3094,-72.8905,3590452,New Haven,93,93,New Haven,10/26/2023,2023,10,October,26,5,Thursday,13:09:00,13,23043411,A,"Injury of any type (Serious, Minor, Possible)",C,Possible Injury (C),1,1,0,4,Local,0,113,CLINTON AV,CLINTON AV,GRAND AVE,,,,,41.3094,-72.8905,9,Pedestrian,88,Not Applicable,1,On Roadway,1,Clear,88,Not Applicable,1,Daylight,1,Dry,0,None,88,Not Applicable,88,Not Applicable,0,None,88,Not Applicable,88,Not Applicable,2,Intersection,3,T-Intersection,1,No,1,No,88,Not Applicable,88,Not Applicable,88,Not Applicable,88,Not Applicable,TRUE,1,Public Road,1,"Trafficway, On Road",CT0009300,New Haven PD,980,09:09.0,C,Closed,01:40.0,,2,6600,4,MINOR ARTERIAL - NEW HPMS,2,Urban