CrashId,Fatal Case Status,Fatal Case Status Text Format,CrashId,CrashId,Latitude,Longitude,DOT Case Number,Town Name,Town Number,Town Number,Town Number Text Format,Date Of Crash,Year,Month,Month Text Format,Day,Day of the Week,Day of the Week Text Format,Time of Crash,Hour of the Day,Case Identifier,Crash Severity,Crash Severity Text Format,Most Severe Injury,Most Severe Injury Text Format,Number Of Motor Vehicles,Number Of Non-Motorist,Number Of Witnesses,Route Class,Route Class Text Format,Milemarker,Road Number,Road Description,Roadway Name,Intersecting Roadway Name,Landmark Description,Distance From Nearest Landmark,Unit Of Measure From Nearest Landmark,Direction From Nearest Landmark,Latitude,Longitude,First Harmful Event,First Harmful Event Text Format,Manner of Crash / Collision Impact,Manner of Crash / Collision Impact Text Format,Location of First Harmful Event,Location of First Harmful Event Text Format,Weather Condition,Weather Condition Text Format,Weather 2,Weather 2 Text Format,Light Condition,Light Condition Text Format,Road Surface Condition,Road Surface Condition Text Format,"Contributing Circumstances, Environment","Contributing Circumstances, Environment Text Format",Environment 2,Environment 2 Text Format,Environment 3,Environment 3 Text Format,"Contributing Circumstances, Road","Contributing Circumstances, Road Text Format",Road 2,Road 2 Text Format,Road 3,Road 3 Text Format,Crash Specific Location,Crash Specific Location Text Format,Type of Intersection,Type of Intersection Text Format,School Bus Related,School Bus Related Text Format,Work Zone Related,Work Zone Related Text Format,Location Of Crash Relative To Work Zone,Location Of Crash Relative To Work Zone Text Format,Type of Work Zone,Type of Work Zone Text Format,Worker Presence,Worker Presence Text Format,Law Enforcement Presence,Law Enforcement Presence Text Format,Were Vehicles Moved Prior To Police Arrival,Trafficway Ownership,Trafficway Ownership Text Format,Trafficway Class,Trafficway Class Text Format,Police Agency,Police Agency Text Format,Badge Number,Approval Date,Police Case Status,Police Case Status Text Format,Crash Report Submission Date,Related Case Identifiers,No. of Through Lanes (Log Dir.),Average Daily Traffic,Functional Classification,Functional Classification Text Format,Rural or Urban,Rural or Urban Text Format
1098248,1,Complete,1098248,1098248,41.316319,-72.941394,3590455,New Haven,93,93,New Haven,10/26/2023,2023,10,October,26,5,Thursday,19:22:00,19,23043441,A,"Injury of any type (Serious, Minor, Possible)",B,Suspected Minor Injury (B),1,1,0,4,Local,0.44,653,WHALLEY AV,WHALLEY AV,HUDSON ST,,,,,41.316319,-72.941394,9,Pedestrian,88,Not Applicable,1,On Roadway,1,Clear,88,Not Applicable,1,Daylight,1,Dry,0,None,88,Not Applicable,88,Not Applicable,0,None,88,Not Applicable,88,Not Applicable,2,Intersection,2,Four-Way Intersection,1,No,1,No,88,Not Applicable,88,Not Applicable,88,Not Applicable,88,Not Applicable,FALSE,1,Public Road,1,"Trafficway, On Road",CT0009300,New Haven PD,79,06:19.0,O,Open,01:50.0,,2,21100,3,PRINCIPAL ARTERIAL - OTHER - NEW HPMS,2,Urban
1098249,1,Complete,1098249,1098249,41.3070202,-72.93500533,3590456,New Haven,93,93,New Haven,10/26/2023,2023,10,October,26,5,Thursday,17:17:00,17,23043444,A,"Injury of any type (Serious, Minor, Possible)",C,Possible Injury (C),2,0,0,4,Local,0.83,248,GEORGE ST,GEORGE ST,PARK ST,,,,,41.3070202,-72.93500533,14,Motor Vehicle in Operation,4,"Sideswipe, same direction",1,On Roadway,1,Clear,1,Clear,1,Daylight,1,Dry,0,None,88,Not Applicable,88,Not Applicable,0,None,88,Not Applicable,88,Not Applicable,2,Intersection,2,Four-Way Intersection,1,No,1,No,88,Not Applicable,88,Not Applicable,88,Not Applicable,88,Not Applicable,FALSE,1,Public Road,1,"Trafficway, On Road",CT0009300,New Haven PD,42046,18:11.0,C,Closed,01:42.0,,,,,,,
1098624,1,Complete,1098624,1098624,41.320894,-72.934391,3590831,New Haven,93,93,New Haven,10/20/2023,2023,10,October,20,6,Friday,18:39:00,18,23042617,A,"Injury of any type (Serious, Minor, Possible)",C,Possible Injury (C),2,0,0,4,Local,0.56,152,DIXWELL AV,DIXWELL AV,HENRY ST,,,,,41.320894,-72.934391,14,Motor Vehicle in Operation,3,Angle,1,On Roadway,4,Rain,88,Not Applicable,4,Dark-Lighted,2,Wet,0,None,88,Not Applicable,88,Not Applicable,0,None,88,Not Applicable,88,Not Applicable,2,Intersection,2,Four-Way Intersection,1,No,1,No,88,Not Applicable,88,Not Applicable,88,Not Applicable,88,Not Applicable,TRUE,1,Public Road,1,"Trafficway, On Road",CT0009300,New Haven PD,42054,29:57.0,C,Closed,00:45.0,,2,6400,3,PRINCIPAL ARTERIAL - OTHER - NEW HPMS,2,Urban
1098626,1,Complete,1098626,1098626,41.32113447,-72.87390422,3590833,New Haven,93,93,New Haven,10/22/2023,2023,10,October,22,1,Sunday,14:01:00,14,23042832,A,"Injury of any type (Serious, Minor, Possible)",C,Possible Injury (C),2,0,0,3,State,0.02,103,103-N,103-N,,FOXON BLVD,120,Feet,N,41.32113447,-72.87390422,14,Motor Vehicle in Operation,97,Other,1,On Roadway,1,Clear,88,Not Applicable,1,Daylight,1,Dry,0,None,88,Not Applicable,88,Not Applicable,0,None,88,Not Applicable,88,Not Applicable,3,Intersection-Related,2,Four-Way Intersection,1,No,1,No,88,Not Applicable,88,Not Applicable,88,Not Applicable,88,Not Applicable,FALSE,1,Public Road,1,"Trafficway, On Road",CT0009300,New Haven PD,44055,41:07.0,C,Closed,00:41.0,,,,,,,
1098629,1,Complete,1098629,1098629,41.31019493,-72.90238592,3590836,New Haven,93,93,New Haven,10/25/2023,2023,10,October,25,4,Wednesday,9:39:00,9,23043219,A,"Injury of any type (Serious, Minor, Possible)",C,Possible Injury (C),2,0,0,4,Local,0.14,108,CLAY ST NO 1,CLAY ST NO 1,MALTBY PL,,,,,41.31019493,-72.90238592,14,Motor Vehicle in Operation,3,Angle,1,On Roadway,1,Clear,88,Not Applicable,1,Daylight,1,Dry,0,None,88,Not Applicable,88,Not Applicable,0,None,88,Not Applicable,88,Not Applicable,2,Intersection,3,T-Intersection,1,No,1,No,88,Not Applicable,88,Not Applicable,88,Not Applicable,88,Not Applicable,FALSE,1,Public Road,1,"Trafficway, On Road",CT0009300,New Haven PD,9,00:30.0,C,Closed,00:58.0,,,,,,,
1098630,1,Complete,1098630,1098630,41.325311,-72.9126904,3590837,New Haven,93,93,New Haven,10/25/2023,2023,10,October,25,4,Wednesday,10:06:00,10,23043225,A,"Injury of any type (Serious, Minor, Possible)",B,Suspected Minor Injury (B),1,1,0,4,Local,0.16,116,COLD SPRING ST,COLD SPRING ST,LIVINGSTON ST,,,,,41.325311,-72.9126904,9,Pedestrian,88,Not Applicable,1,On Roadway,1,Clear,88,Not Applicable,1,Daylight,1,Dry,0,None,88,Not Applicable,88,Not Applicable,0,None,88,Not Applicable,88,Not Applicable,2,Intersection,2,Four-Way Intersection,1,No,1,No,88,Not Applicable,88,Not Applicable,88,Not Applicable,88,Not Applicable,FALSE,99,Unknown,1,"Trafficway, On Road",CT0009300,New Haven PD,45627,41:08.0,C,Closed,00:42.0,,2,7800,5,MAJOR COLLECTOR - NEW HPMS,2,Urban
1098636,1,Complete,1098636,1098636,41.31105,-72.90356,923273,New Haven,93,93,New Haven,10/26/2023,2023,10,October,26,5,Thursday,23:13:00,23,23043508,K,Fatal (Kill),K,Fatal Injury (K),2,1,0,4,Local,0.37,327,JAMES ST,JAMES ST,MARKET ST,,,,,41.31105,-72.90356,9,Pedestrian,99,Unknown,1,On Roadway,1,Clear,88,Not Applicable,4,Dark-Lighted,1,Dry,99,Unknown,88,Not Applicable,88,Not Applicable,99,Unknown,88,Not Applicable,88,Not Applicable,2,Intersection,2,Four-Way Intersection,1,No,1,No,88,Not Applicable,88,Not Applicable,88,Not Applicable,88,Not Applicable,FALSE,1,Public Road,1,"Trafficway, On Road",CT0009300,New Haven PD,36335,46:27.0,O,Open,01:06.0,,,,,,,
1098638,1,Complete,1098638,1098638,41.30918303,-72.94207894,3590845,New Haven,93,93,New Haven,10/27/2023,2023,10,October,27,6,Friday,9:12:00,9,23043545,A,"Injury of any type (Serious, Minor, Possible)",C,Possible Injury (C),2,0,0,4,Local,0.54,453,ORCHARD ST,ORCHARD ST,GEORGE ST,,,,,41.30918303,-72.94207894,14,Motor Vehicle in Operation,4,"Sideswipe, same direction",1,On Roadway,1,Clear,88,Not Applicable,1,Daylight,1,Dry,99,Unknown,88,Not Applicable,88,Not Applicable,0,None,88,Not Applicable,88,Not Applicable,2,Intersection,2,Four-Way Intersection,1,No,1,No,88,Not Applicable,88,Not Applicable,88,Not Applicable,88,Not Applicable,TRUE,1,Public Road,1,"Trafficway, On Road",CT0009300,New Haven PD,45625,09:52.0,C,Closed,00:54.0,,,,,,,
1098640,1,Complete,1098640,1098640,41.308274,-72.937962,3590847,New Haven,93,93,New Haven,10/27/2023,2023,10,October,27,6,Friday,14:15:00,14,23043579,A,"Injury of any type (Serious, Minor, Possible)",C,Possible Injury (C),2,0,0,4,Local,0.64,248,GEORGE ST,GEORGE ST,DWIGHT ST,,,,,41.308274,-72.937962,14,Motor Vehicle in Operation,4,"Sideswipe, same direction",1,On Roadway,1,Clear,88,Not Applicable,1,Daylight,1,Dry,0,None,88,Not Applicable,88,Not Applicable,0,None,88,Not Applicable,88,Not Applicable,2,Intersection,2,Four-Way Intersection,1,No,1,No,88,Not Applicable,88,Not Applicable,88,Not Applicable,88,Not Applicable,TRUE,1,Public Road,1,"Trafficway, On Road",CT0009300,New Haven PD,45625,36:39.0,C,Closed,01:04.0,,,,,,,
1098645,1,Complete,1098645,1098645,41.31281469,-72.93290567,3590852,New Haven,93,93,New Haven,10/27/2023,2023,10,October,27,6,Friday,19:35:00,19,23043625,A,"Injury of any type (Serious, Minor, Possible)",C,Possible Injury (C),1,1,0,4,Local,0.95,653,WHALLEY AV,WHALLEY AV,HOWE ST,,,,,41.31281469,-72.93290567,9,Pedestrian,88,Not Applicable,1,On Roadway,1,Clear,88,Not Applicable,4,Dark-Lighted,1,Dry,0,None,88,Not Applicable,88,Not Applicable,0,None,88,Not Applicable,88,Not Applicable,2,Intersection,4,Y-Intersection,1,No,1,No,88,Not Applicable,88,Not Applicable,88,Not Applicable,88,Not Applicable,FALSE,1,Public Road,1,"Trafficway, On Road",CT0009300,New Haven PD,44045,08:29.0,C,Closed,00:49.0,,2,21100,3,PRINCIPAL ARTERIAL - OTHER - NEW HPMS,2,Urban
1098647,1,Complete,1098647,1098647,41.32839437,-72.96205637,3590854,New Haven,93,93,New Haven,10/27/2023,2023,10,October,27,6,Friday,23:50:00,23,23043651,A,"Injury of any type (Serious, Minor, Possible)",B,Suspected Minor Injury (B),1,0,0,3,State,0.36,63,63-N,63-N,HARRISON ST,,,,,41.32839437,-72.96205637,32,Tree (standing),88,Not Applicable,1,On Roadway,1,Clear,88,Not Applicable,5,Dark-Not Lighted,1,Dry,0,None,88,Not Applicable,88,Not Applicable,0,None,88,Not Applicable,88,Not Applicable,2,Intersection,3,T-Intersection,1,No,1,No,88,Not Applicable,88,Not Applicable,88,Not Applicable,88,Not Applicable,FALSE,1,Public Road,1,"Trafficway, On Road",CT0009300,New Haven PD,760,52:35.0,C,Closed,01:05.0,NONE,2,20300,3,PRINCIPAL ARTERIAL - OTHER - NEW HPMS,2,Urban
1098659,1,Complete,1098659,1098659,41.319966,-72.8981,3590866,New Haven,93,93,New Haven,10/28/2023,2023,10,October,28,7,Saturday,20:59:00,20,23043764,A,"Injury of any type (Serious, Minor, Possible)",C,Possible Injury (C),2,0,0,2,USRoute,0.42,5,5-N,5-N,GRACE ST,,,,,41.319966,-72.8981,14,Motor Vehicle in Operation,3,Angle,1,On Roadway,1,Clear,88,Not Applicable,4,Dark-Lighted,1,Dry,0,None,88,Not Applicable,88,Not Applicable,0,None,88,Not Applicable,88,Not Applicable,3,Intersection-Related,3,T-Intersection,1,No,1,No,88,Not Applicable,88,Not Applicable,88,Not Applicable,88,Not Applicable,FALSE,1,Public Road,1,"Trafficway, On Road",CT0009300,New Haven PD,42048,18:19.0,C,Closed,00:58.0,,1,19500,4,MINOR ARTERIAL - NEW HPMS,1,Rural
1098662,1,Complete,1098662,1098662,41.305261,-72.930193,3590869,New Haven,93,93,New Haven,10/29/2023,2023,10,October,29,1,Sunday,2:29:00,2,23043805,A,"Injury of any type (Serious, Minor, Possible)",C,Possible Injury (C),3,0,0,4,Local,0.5,117,COLLEGE ST,COLLEGE ST,,George St,50,Feet,N,41.305261,-72.930193,14,Motor Vehicle in Operation,2,Front to front,1,On Roadway,1,Clear,88,Not Applicable,4,Dark-Lighted,1,Dry,0,None,88,Not Applicable,88,Not Applicable,0,None,88,Not Applicable,88,Not Applicable,3,Intersection-Related,2,Four-Way Intersection,1,No,1,No,88,Not Applicable,88,Not Applicable,88,Not Applicable,88,Not Applicable,FALSE,1,Public Road,1,"Trafficway, On Road",CT0009300,New Haven PD,733,38:00.0,C,Closed,01:01.0,,,,,,,
1098663,1,Complete,1098663,1098663,41.280493,-72.894989,3590870,New Haven,93,93,New Haven,10/29/2023,2023,10,October,29,1,Sunday,7:30:00,7,23043814,A,"Injury of any type (Serious, Minor, Possible)",C,Possible Injury (C),1,0,0,3,State,0.65,337,337-E,337-E,UPSON TER,,,,,41.280493,-72.894989,6,Fell/Jumped from Vehicle,88,Not Applicable,1,On Roadway,4,Rain,2,Cloudy,1,Daylight,2,Wet,1,Weather Conditions,88,Not Applicable,88,Not Applicable,5,"Road Surface Condition (wet, icy, snow, slush, etc.)",88,Not Applicable,88,Not Applicable,2,Intersection,2,Four-Way Intersection,1,No,1,No,88,Not Applicable,88,Not Applicable,88,Not Applicable,88,Not Applicable,TRUE,1,Public Road,1,"Trafficway, On Road",CT0009300,New Haven PD,165,03:23.0,C,Closed,01:02.0,,2,9100,4,MINOR ARTERIAL - NEW HPMS,2,Urban
1098664,1,Complete,1098664,1098664,41.30083,-72.91077,3590871,New Haven,93,93,New Haven,10/29/2023,2023,10,October,29,1,Sunday,10:57:00,10,23043836,A,"Injury of any type (Serious, Minor, Possible)",C,Possible Injury (C),2,0,1,2,USRoute,48.96,1,1-N,1-N,EAST ST,,,,,41.30083,-72.91077,14,Motor Vehicle in Operation,3,Angle,1,On Roadway,4,Rain,88,Not Applicable,1,Daylight,2,Wet,0,None,88,Not Applicable,88,Not Applicable,0,None,88,Not Applicable,88,Not Applicable,2,Intersection,2,Four-Way Intersection,1,No,1,No,88,Not Applicable,88,Not Applicable,88,Not Applicable,88,Not Applicable,FALSE,1,Public Road,1,"Trafficway, On Road",CT0009300,New Haven PD,45389,55:28.0,C,Closed,01:04.0,,2,6700,3,PRINCIPAL ARTERIAL - OTHER - NEW HPMS,2,Urban
1098669,1,Complete,1098669,1098669,41.31581602,-72.93988168,3590876,New Haven,93,93,New Haven,10/29/2023,2023,10,October,29,1,Sunday,22:49:00,22,23043905,A,"Injury of any type (Serious, Minor, Possible)",B,Suspected Minor Injury (B),1,0,0,4,Local,0.52,653,WHALLEY AV,WHALLEY AV,,COUNTY ST,85,Feet,E,41.31581602,-72.93988168,34,Traffic Sign Support,88,Not Applicable,1,On Roadway,4,Rain,88,Not Applicable,4,Dark-Lighted,2,Wet,0,None,88,Not Applicable,88,Not Applicable,0,None,88,Not Applicable,88,Not Applicable,1,Non-Junction,1,Not at Intersection,1,No,1,No,88,Not Applicable,88,Not Applicable,88,Not Applicable,88,Not Applicable,FALSE,1,Public Road,1,"Trafficway, On Road",CT0009300,New Haven PD,44339,27:11.0,C,Closed,01:07.0,,4,21100,3,PRINCIPAL ARTERIAL - OTHER - NEW HPMS,2,Urban
1099366,1,Complete,1099366,1099366,41.28629782,-72.93617228,3591573,New Haven,93,93,New Haven,10/21/2023,2023,10,October,21,7,Saturday,14:26:00,14,23042592,A,"Injury of any type (Serious, Minor, Possible)",C,Possible Injury (C),2,0,0,3,State,0.28,10,10-N,10-N,745-E,,,,,41.28629782,-72.93617228,14,Motor Vehicle in Operation,3,Angle,1,On Roadway,4,Rain,88,Not Applicable,1,Daylight,2,Wet,0,None,88,Not Applicable,88,Not Applicable,0,None,88,Not Applicable,88,Not Applicable,2,Intersection,2,Four-Way Intersection,1,No,1,No,88,Not Applicable,88,Not Applicable,88,Not Applicable,88,Not Applicable,FALSE,1,Public Road,1,"Trafficway, On Road",CT0009300,New Haven PD,45395,08:46.0,C,Closed,01:47.0,,2,18600,3,PRINCIPAL ARTERIAL - OTHER - NEW HPMS,2,Urban
1099374,1,Complete,1099374,1099374,41.33448145,-72.95223884,3591581,New Haven,93,93,New Haven,10/28/2023,2023,10,October,28,7,Saturday,13:40:00,13,23043735,A,"Injury of any type (Serious, Minor, Possible)",C,Possible Injury (C),2,0,0,4,Local,0.19,671,WINTERGREEN AV,WINTERGREEN AV,,FARNHAM AVE,630,Feet,N,41.33448145,-72.95223884,14,Motor Vehicle in Operation,4,"Sideswipe, same direction",1,On Roadway,1,Clear,88,Not Applicable,1,Daylight,1,Dry,0,None,88,Not Applicable,88,Not Applicable,0,None,88,Not Applicable,88,Not Applicable,1,Non-Junction,1,Not at Intersection,1,No,1,No,88,Not Applicable,88,Not Applicable,88,Not Applicable,88,Not Applicable,FALSE,1,Public Road,1,"Trafficway, On Road",CT0009300,New Haven PD,40799,47:13.0,C,Closed,01:50.0,,,,,,,
1099376,1,Complete,1099376,1099376,41.301137,-72.892394,3591583,New Haven,93,93,New Haven,10/29/2023,2023,10,October,29,1,Sunday,9:18:00,9,23043821,A,"Injury of any type (Serious, Minor, Possible)",C,Possible Injury (C),2,0,0,4,Local,0.18,795,EAST FERRY ST,EAST FERRY ST,,FAIRMONT AVE,95,Feet,E,41.301137,-72.892394,14,Motor Vehicle in Operation,1,Front to rear,1,On Roadway,4,Rain,88,Not Applicable,1,Daylight,2,Wet,1,Weather Conditions,88,Not Applicable,88,Not Applicable,5,"Road Surface Condition (wet, icy, snow, slush, etc.)",88,Not Applicable,88,Not Applicable,3,Intersection-Related,2,Four-Way Intersection,1,No,1,No,88,Not Applicable,88,Not Applicable,88,Not Applicable,88,Not Applicable,FALSE,1,Public Road,1,"Trafficway, On Road",CT0009300,New Haven PD,316,11:06.0,C,Closed,01:44.0,,,,,,,
1099377,1,Complete,1099377,1099377,41.29742,-72.94945,3591584,New Haven,93,93,New Haven,10/29/2023,2023,10,October,29,1,Sunday,1:18:00,1,23043826,A,"Injury of any type (Serious, Minor, Possible)",C,Possible Injury (C),2,0,0,2,USRoute,46.61,1,1-N,1-N,,10-N,150,Feet,W,41.29742,-72.94945,14,Motor Vehicle in Operation,4,"Sideswipe, same direction",1,On Roadway,1,Clear,88,Not Applicable,4,Dark-Lighted,1,Dry,99,Unknown,88,Not Applicable,88,Not Applicable,0,None,88,Not Applicable,88,Not Applicable,9,Driveway Access-Related,1,Not at Intersection,1,No,1,No,88,Not Applicable,88,Not Applicable,88,Not Applicable,88,Not Applicable,FALSE,1,Public Road,1,"Trafficway, On Road",CT0009300,New Haven PD,45389,34:26.0,C,Closed,01:47.0,,2,20700,3,PRINCIPAL ARTERIAL - OTHER - NEW HPMS,2,Urban
1099379,1,Complete,1099379,1099379,41.31972436,-72.89832152,3591586,New Haven,93,93,New Haven,10/29/2023,2023,10,October,29,1,Sunday,16:58:00,16,23043861,A,"Injury of any type (Serious, Minor, Possible)",C,Possible Injury (C),2,0,0,2,USRoute,0.4,5,5-N,5-N,,GRACE STREET,160,Feet,S,41.31972436,-72.89832152,14,Motor Vehicle in Operation,2,Front to front,1,On Roadway,4,Rain,88,Not Applicable,1,Daylight,2,Wet,0,None,88,Not Applicable,88,Not Applicable,0,None,88,Not Applicable,88,Not Applicable,1,Non-Junction,1,Not at Intersection,1,No,1,No,88,Not Applicable,88,Not Applicable,88,Not Applicable,88,Not Applicable,TRUE,1,Public Road,1,"Trafficway, On Road",CT0009300,New Haven PD,42052,39:35.0,C,Closed,01:41.0,,1,19500,4,MINOR ARTERIAL - NEW HPMS,1,Rural
1099381,1,Complete,1099381,1099381,41.32202335,-72.96021574,3591588,New Haven,93,93,New Haven,10/30/2023,2023,10,October,30,2,Monday,2:34:00,2,23043911,A,"Injury of any type (Serious, Minor, Possible)",C,Possible Injury (C),1,0,0,4,Local,0.48,650,WEST ROCK AV NO 1,WEST ROCK AV NO 1,,W ELM ST,230,Feet,N,41.32202335,-72.96021574,18,Other Non-Fixed Object,88,Not Applicable,4,Roadside,4,Rain,88,Not Applicable,5,Dark-Not Lighted,2,Wet,0,None,88,Not Applicable,88,Not Applicable,0,None,88,Not Applicable,88,Not Applicable,1,Non-Junction,1,Not at Intersection,1,No,1,No,88,Not Applicable,88,Not Applicable,88,Not Applicable,88,Not Applicable,FALSE,1,Public Road,1,"Trafficway, On Road",CT0009300,New Haven PD,42053,18:26.0,C,Closed,01:40.0,,2,3062,7,LOCAL - NEW HPMS,2,Urban
1099386,1,Complete,1099386,1099386,41.298317,-72.926508,3591593,New Haven,93,93,New Haven,10/30/2023,2023,10,October,30,2,Monday,15:27:00,15,23043989,A,"Injury of any type (Serious, Minor, Possible)",C,Possible Injury (C),3,0,0,2,USRoute,48.02,1,1-N,1-N,,COLUMBUS AVE,250,Feet,E,41.298317,-72.926508,14,Motor Vehicle in Operation,4,"Sideswipe, same direction",1,On Roadway,1,Clear,88,Not Applicable,1,Daylight,1,Dry,0,None,88,Not Applicable,88,Not Applicable,0,None,88,Not Applicable,88,Not Applicable,1,Non-Junction,1,Not at Intersection,1,No,1,No,88,Not Applicable,88,Not Applicable,88,Not Applicable,88,Not Applicable,TRUE,1,Public Road,1,"Trafficway, On Road",CT0009300,New Haven PD,476,35:23.0,C,Closed,01:51.0,,2,9500,3,PRINCIPAL ARTERIAL - OTHER - NEW HPMS,2,Urban
1099388,1,Complete,1099388,1099388,41.30832935,-72.92445803,3591595,New Haven,93,93,New Haven,10/30/2023,2023,10,October,30,2,Monday,7:20:00,7,23043992,A,"Injury of any type (Serious, Minor, Possible)",C,Possible Injury (C),2,0,0,4,Local,0.54,726,ELM ST NO 2,ELM ST NO 2,,CHURCH ST,50,Feet,W,41.30832935,-72.92445803,14,Motor Vehicle in Operation,1,Front to rear,1,On Roadway,4,Rain,88,Not Applicable,1,Daylight,2,Wet,0,None,88,Not Applicable,88,Not Applicable,0,None,88,Not Applicable,88,Not Applicable,3,Intersection-Related,2,Four-Way Intersection,1,No,1,No,88,Not Applicable,88,Not Applicable,88,Not Applicable,88,Not Applicable,TRUE,1,Public Road,1,"Trafficway, On Road",CT0009300,New Haven PD,221,19:46.0,C,Closed,01:52.0,,,,,,,
1099389,1,Complete,1099389,1099389,41.31207504,-72.89620262,3591596,New Haven,93,93,New Haven,10/30/2023,2023,10,October,30,2,Monday,19:08:00,19,23044055,A,"Injury of any type (Serious, Minor, Possible)",C,Possible Injury (C),2,0,0,4,Local,0.54,213,FERRY ST,FERRY ST,,PINE ST,60,Feet,S,41.31207504,-72.89620262,14,Motor Vehicle in Operation,1,Front to rear,1,On Roadway,4,Rain,88,Not Applicable,4,Dark-Lighted,2,Wet,0,None,88,Not Applicable,88,Not Applicable,0,None,88,Not Applicable,88,Not Applicable,2,Intersection,2,Four-Way Intersection,1,No,1,No,88,Not Applicable,88,Not Applicable,88,Not Applicable,88,Not Applicable,FALSE,1,Public Road,1,"Trafficway, On Road",CT0009300,New Haven PD,42057,49:50.0,C,Closed,01:53.0,,,,,,,
1099390,1,Complete,1099390,1099390,41.30449363,-72.92315644,3591597,New Haven,93,93,New Haven,10/29/2023,2023,10,October,29,1,Sunday,16:00:00,16,23044079,A,"Injury of any type (Serious, Minor, Possible)",C,Possible Injury (C),1,1,0,4,Local,1.37,575,STATE ST,STATE ST,,CHAPEL ST,150,Feet,S,41.30449363,-72.92315644,9,Pedestrian,88,Not Applicable,4,Roadside,4,Rain,88,Not Applicable,1,Daylight,2,Wet,0,None,88,Not Applicable,88,Not Applicable,0,None,88,Not Applicable,88,Not Applicable,8,Driveway Access,1,Not at Intersection,1,No,1,No,88,Not Applicable,88,Not Applicable,88,Not Applicable,88,Not Applicable,TRUE,1,Public Road,2,"Trafficway, Not on Road",CT0009300,New Haven PD,40952,39:29.0,O,Open,01:52.0,,4,10200,3,PRINCIPAL ARTERIAL - OTHER - NEW HPMS,2,Urban
1099728,1,Complete,1099728,1099728,41.3177131,-72.9375696,3591935,New Haven,93,93,New Haven,10/27/2023,2023,10,October,27,6,Friday,6:29:00,6,23043534,A,"Injury of any type (Serious, Minor, Possible)",C,Possible Injury (C),2,0,0,4,Local,0.28,257,GOFFE ST,GOFFE ST,,ORCHARD ST,60,Feet,E,41.3177131,-72.9375696,14,Motor Vehicle in Operation,1,Front to rear,1,On Roadway,1,Clear,1,Clear,5,Dark-Not Lighted,1,Dry,97,Other,88,Not Applicable,88,Not Applicable,99,Unknown,88,Not Applicable,88,Not Applicable,2,Intersection,2,Four-Way Intersection,1,No,1,No,88,Not Applicable,88,Not Applicable,88,Not Applicable,88,Not Applicable,FALSE,1,Public Road,1,"Trafficway, On Road",CT0009300,New Haven PD,43690,29:44.0,C,Closed,00:58.0,,,,,,,
1099732,1,Complete,1099732,1099732,41.299288,-72.942388,3591939,New Haven,93,93,New Haven,10/30/2023,2023,10,October,30,2,Monday,19:37:00,19,23044067,A,"Injury of any type (Serious, Minor, Possible)",B,Suspected Minor Injury (B),1,1,1,4,Local,0.31,123,CONGRESS AV,CONGRESS AV,,West St ,20,Feet,E,41.299288,-72.942388,9,Pedestrian,88,Not Applicable,1,On Roadway,1,Clear,88,Not Applicable,4,Dark-Lighted,1,Dry,0,None,88,Not Applicable,88,Not Applicable,0,None,88,Not Applicable,88,Not Applicable,3,Intersection-Related,2,Four-Way Intersection,1,No,1,No,88,Not Applicable,88,Not Applicable,88,Not Applicable,88,Not Applicable,FALSE,1,Public Road,1,"Trafficway, On Road",CT0009300,New Haven PD,44953,54:34.0,C,Closed,01:04.0,,2,5800,4,MINOR ARTERIAL - NEW HPMS,2,Urban
1099738,1,Complete,1099738,1099738,41.304194,-72.89643,3591945,New Haven,93,93,New Haven,10/31/2023,2023,10,October,31,3,Tuesday,11:09:00,11,23044148,A,"Injury of any type (Serious, Minor, Possible)",B,Suspected Minor Injury (B),2,0,0,4,Local,0.21,97,CHAPEL ST,CHAPEL ST,POPLAR ST,,,,,41.304194,-72.89643,14,Motor Vehicle in Operation,3,Angle,1,On Roadway,1,Clear,88,Not Applicable,1,Daylight,1,Dry,0,None,88,Not Applicable,88,Not Applicable,0,None,88,Not Applicable,88,Not Applicable,2,Intersection,2,Four-Way Intersection,1,No,1,No,88,Not Applicable,88,Not Applicable,88,Not Applicable,88,Not Applicable,FALSE,1,Public Road,1,"Trafficway, On Road",CT0009300,New Haven PD,45394,21:12.0,C,Closed,01:01.0,,,,,,,
1100069,1,Complete,1100069,1100069,41.31491,-72.910956,3592276,New Haven,93,93,New Haven,7/14/2023,2023,7,July,14,6,Friday,11:35:00,11,23028277,A,"Injury of any type (Serious, Minor, Possible)",A,Suspected Serious Injury (A),1,1,1,4,Local,0.39,575,STATE ST,STATE ST,BISHOP ST,,,,,41.31491,-72.910956,9,Pedestrian,88,Not Applicable,1,On Roadway,4,Rain,88,Not Applicable,1,Daylight,2,Wet,0,None,88,Not Applicable,88,Not Applicable,0,None,88,Not Applicable,88,Not Applicable,2,Intersection,3,T-Intersection,1,No,1,No,88,Not Applicable,88,Not Applicable,88,Not Applicable,88,Not Applicable,TRUE,1,Public Road,1,"Trafficway, On Road",CT0009300,New Haven PD,65,29:47.0,C,Closed,01:54.0,,2,10200,4,MINOR ARTERIAL - NEW HPMS,2,Urban