CrashId,Fatal Case Status,Fatal Case Status Text Format,CrashId,CrashId,Latitude,Longitude,DOT Case Number,Town Name,Town Number,Town Number,Town Number Text Format,Date Of Crash,Year,Month,Month Text Format,Day,Day of the Week,Day of the Week Text Format,Time of Crash,Hour of the Day,Case Identifier,Crash Severity,Crash Severity Text Format,Most Severe Injury,Most Severe Injury Text Format,Number Of Motor Vehicles,Number Of Non-Motorist,Number Of Witnesses,Route Class,Route Class Text Format,Milemarker,Road Number,Road Description,Roadway Name,Intersecting Roadway Name,Landmark Description,Distance From Nearest Landmark,Unit Of Measure From Nearest Landmark,Direction From Nearest Landmark,Latitude,Longitude,First Harmful Event,First Harmful Event Text Format,Manner of Crash / Collision Impact,Manner of Crash / Collision Impact Text Format,Location of First Harmful Event,Location of First Harmful Event Text Format,Weather Condition,Weather Condition Text Format,Weather 2,Weather 2 Text Format,Light Condition,Light Condition Text Format,Road Surface Condition,Road Surface Condition Text Format,"Contributing Circumstances, Environment","Contributing Circumstances, Environment Text Format",Environment 2,Environment 2 Text Format,Environment 3,Environment 3 Text Format,"Contributing Circumstances, Road","Contributing Circumstances, Road Text Format",Road 2,Road 2 Text Format,Road 3,Road 3 Text Format,Crash Specific Location,Crash Specific Location Text Format,Type of Intersection,Type of Intersection Text Format,School Bus Related,School Bus Related Text Format,Work Zone Related,Work Zone Related Text Format,Location Of Crash Relative To Work Zone,Location Of Crash Relative To Work Zone Text Format,Type of Work Zone,Type of Work Zone Text Format,Worker Presence,Worker Presence Text Format,Law Enforcement Presence,Law Enforcement Presence Text Format,Were Vehicles Moved Prior To Police Arrival,Trafficway Ownership,Trafficway Ownership Text Format,Trafficway Class,Trafficway Class Text Format,Police Agency,Police Agency Text Format,Badge Number,Approval Date,Police Case Status,Police Case Status Text Format,Crash Report Submission Date,Related Case Identifiers,No. of Through Lanes (Log Dir.),Average Daily Traffic,Functional Classification,Functional Classification Text Format,Rural or Urban,Rural or Urban Text Format
1100075,1,Complete,1100075,1100075,41.325713,-72.958453,3592282,New Haven,93,93,New Haven,10/31/2023,2023,10,October,31,3,Tuesday,14:30:00,14,23044174,A,"Injury of any type (Serious, Minor, Possible)",C,Possible Injury (C),2,0,0,3,State,0.1,63,63-N,63-N,WEST ROCK AV NO 1,,,,,41.325713,-72.958453,14,Motor Vehicle in Operation,4,"Sideswipe, same direction",1,On Roadway,1,Clear,88,Not Applicable,1,Daylight,1,Dry,0,None,88,Not Applicable,88,Not Applicable,0,None,88,Not Applicable,88,Not Applicable,2,Intersection,2,Four-Way Intersection,1,No,1,No,88,Not Applicable,88,Not Applicable,88,Not Applicable,88,Not Applicable,TRUE,1,Public Road,1,"Trafficway, On Road",CT0009300,New Haven PD,66,55:33.0,C,Closed,01:58.0,,2,23200,3,PRINCIPAL ARTERIAL - OTHER - NEW HPMS,3,Unknown
1100076,1,Complete,1100076,1100076,41.30885,-72.945593,3592283,New Haven,93,93,New Haven,10/31/2023,2023,10,October,31,3,Tuesday,15:58:00,15,23044186,A,"Injury of any type (Serious, Minor, Possible)",C,Possible Injury (C),3,0,0,4,Local,0.21,556,SHERMAN AV,SHERMAN AV,GILBERT AV,,,,,41.30885,-72.945593,14,Motor Vehicle in Operation,3,Angle,1,On Roadway,1,Clear,88,Not Applicable,1,Daylight,1,Dry,0,None,88,Not Applicable,88,Not Applicable,0,None,88,Not Applicable,88,Not Applicable,2,Intersection,2,Four-Way Intersection,1,No,1,No,88,Not Applicable,88,Not Applicable,88,Not Applicable,88,Not Applicable,FALSE,1,Public Road,1,"Trafficway, On Road",CT0009300,New Haven PD,42046,33:25.0,C,Closed,02:03.0,,,,,,,
1100337,1,Complete,1100337,1100337,41.308234,-72.924169,3592544,New Haven,93,93,New Haven,10/28/2023,2023,10,October,28,7,Saturday,12:33:00,12,23043714,A,"Injury of any type (Serious, Minor, Possible)",C,Possible Injury (C),2,0,0,4,Local,0.55,726,ELM ST NO 2,ELM ST NO 2,CHURCH ST,,,,,41.308234,-72.924169,14,Motor Vehicle in Operation,3,Angle,1,On Roadway,1,Clear,88,Not Applicable,1,Daylight,1,Dry,0,None,88,Not Applicable,88,Not Applicable,0,None,88,Not Applicable,88,Not Applicable,2,Intersection,2,Four-Way Intersection,1,No,1,No,88,Not Applicable,88,Not Applicable,88,Not Applicable,88,Not Applicable,FALSE,1,Public Road,1,"Trafficway, On Road",CT0009300,New Haven PD,279,04:29.0,C,Closed,01:04.0,,,,,,,
1100341,1,Complete,1100341,1100341,41.33117998,-72.92780054,3592548,New Haven,93,93,New Haven,10/31/2023,2023,10,October,31,3,Tuesday,8:41:00,8,23044109,A,"Injury of any type (Serious, Minor, Possible)",C,Possible Injury (C),2,0,0,4,Local,0.25,434,NEWHALL ST,NEWHALL ST,,BASSETT ST,70,Feet,N,41.33117998,-72.92780054,14,Motor Vehicle in Operation,4,"Sideswipe, same direction",1,On Roadway,2,Cloudy,88,Not Applicable,1,Daylight,2,Wet,0,None,88,Not Applicable,88,Not Applicable,0,None,88,Not Applicable,88,Not Applicable,3,Intersection-Related,2,Four-Way Intersection,1,No,1,No,88,Not Applicable,88,Not Applicable,88,Not Applicable,88,Not Applicable,FALSE,1,Public Road,1,"Trafficway, On Road",CT0009300,New Haven PD,65,57:46.0,C,Closed,00:51.0,,,,,,,
1100342,1,Complete,1100342,1100342,41.32384824,-72.96093953,3592549,New Haven,93,93,New Haven,10/31/2023,2023,10,October,31,3,Tuesday,16:06:00,16,23044181,A,"Injury of any type (Serious, Minor, Possible)",C,Possible Injury (C),1,1,0,4,Local,0.21,93,CENTRAL AV,CENTRAL AV,WILLARD ST,,,,,41.32384824,-72.96093953,10,Pedalcycle/Pedalcyclist,3,Angle,1,On Roadway,1,Clear,88,Not Applicable,1,Daylight,1,Dry,0,None,88,Not Applicable,88,Not Applicable,0,None,88,Not Applicable,88,Not Applicable,2,Intersection,2,Four-Way Intersection,1,No,1,No,88,Not Applicable,88,Not Applicable,88,Not Applicable,88,Not Applicable,TRUE,1,Public Road,1,"Trafficway, On Road",CT0009300,New Haven PD,170,16:30.0,C,Closed,00:51.0,,,,,,,
1100343,1,Complete,1100343,1100343,41.31551505,-72.9508376,3592550,New Haven,93,93,New Haven,10/31/2023,2023,10,October,31,3,Tuesday,19:36:00,19,23044210,A,"Injury of any type (Serious, Minor, Possible)",C,Possible Injury (C),2,0,0,3,State,2.78,10,10-N,10-N,,EDGEWOOD AVE,100,Feet,N,41.31551505,-72.9508376,14,Motor Vehicle in Operation,3,Angle,1,On Roadway,1,Clear,88,Not Applicable,4,Dark-Lighted,1,Dry,0,None,88,Not Applicable,88,Not Applicable,0,None,88,Not Applicable,88,Not Applicable,3,Intersection-Related,2,Four-Way Intersection,1,No,1,No,88,Not Applicable,88,Not Applicable,88,Not Applicable,88,Not Applicable,FALSE,1,Public Road,1,"Trafficway, On Road",CT0009300,New Haven PD,11439,50:54.0,C,Closed,00:50.0,,1,10200,3,PRINCIPAL ARTERIAL - OTHER - NEW HPMS,1,Rural
1100346,1,Complete,1100346,1100346,41.309512,-72.930849,3592553,New Haven,93,93,New Haven,11/1/2023,2023,11,November,1,4,Wednesday,11:50:00,11,23044313,A,"Injury of any type (Serious, Minor, Possible)",B,Suspected Minor Injury (B),2,0,3,4,Local,0.53,766,YORK ST,YORK ST,,ELM ST,500,Feet,S,41.309512,-72.930849,14,Motor Vehicle in Operation,4,"Sideswipe, same direction",1,On Roadway,2,Cloudy,88,Not Applicable,1,Daylight,2,Wet,0,None,88,Not Applicable,88,Not Applicable,0,None,88,Not Applicable,88,Not Applicable,1,Non-Junction,1,Not at Intersection,1,No,1,No,88,Not Applicable,88,Not Applicable,88,Not Applicable,88,Not Applicable,TRUE,1,Public Road,1,"Trafficway, On Road",CT0009300,New Haven PD,45630,08:42.0,C,Closed,00:58.0,,,,,,,
1100348,1,Complete,1100348,1100348,41.3176184,-72.94982255,3592555,New Haven,93,93,New Haven,11/1/2023,2023,11,November,1,4,Wednesday,14:50:00,14,23044344,A,"Injury of any type (Serious, Minor, Possible)",C,Possible Injury (C),2,0,0,3,State,2.74,10,10-N,10-N,ELM ST NO 1,,,,,41.3176184,-72.94982255,14,Motor Vehicle in Operation,3,Angle,1,On Roadway,1,Clear,88,Not Applicable,1,Daylight,1,Dry,0,None,88,Not Applicable,88,Not Applicable,0,None,88,Not Applicable,88,Not Applicable,2,Intersection,2,Four-Way Intersection,1,No,1,No,88,Not Applicable,88,Not Applicable,88,Not Applicable,88,Not Applicable,FALSE,1,Public Road,1,"Trafficway, On Road",CT0009300,New Haven PD,9,25:41.0,C,Closed,00:49.0,,1,16900,3,PRINCIPAL ARTERIAL - OTHER - NEW HPMS,1,Rural
1100349,1,Complete,1100349,1100349,41.298435,-72.930707,3592556,New Haven,93,93,New Haven,11/1/2023,2023,11,November,1,4,Wednesday,16:02:00,16,23044345,A,"Injury of any type (Serious, Minor, Possible)",B,Suspected Minor Injury (B),2,0,0,2,USRoute,47.59,1,1-N,1-N,LIBERTY ST NO 1,,,,,41.298435,-72.930707,14,Motor Vehicle in Operation,2,Front to front,1,On Roadway,1,Clear,88,Not Applicable,1,Daylight,1,Dry,0,None,88,Not Applicable,88,Not Applicable,0,None,88,Not Applicable,88,Not Applicable,3,Intersection-Related,3,T-Intersection,1,No,1,No,88,Not Applicable,88,Not Applicable,88,Not Applicable,88,Not Applicable,FALSE,1,Public Road,1,"Trafficway, On Road",CT0009300,New Haven PD,158,50:26.0,C,Closed,00:48.0,,1,8400,3,PRINCIPAL ARTERIAL - OTHER - NEW HPMS,1,Rural
1100354,1,Complete,1100354,1100354,41.32952075,-72.9736512,3592561,New Haven,93,93,New Haven,11/2/2023,2023,11,November,2,5,Thursday,9:05:00,9,23044438,A,"Injury of any type (Serious, Minor, Possible)",C,Possible Injury (C),1,1,1,4,Local,0.14,142,DAVIS ST,DAVIS ST,,FAIRFIELD ST,30,Feet,N,41.32952075,-72.9736512,9,Pedestrian,88,Not Applicable,1,On Roadway,1,Clear,88,Not Applicable,1,Daylight,1,Dry,0,None,88,Not Applicable,88,Not Applicable,0,None,88,Not Applicable,88,Not Applicable,3,Intersection-Related,2,Four-Way Intersection,1,No,1,No,88,Not Applicable,88,Not Applicable,88,Not Applicable,88,Not Applicable,FALSE,1,Public Road,1,"Trafficway, On Road",CT0009300,New Haven PD,9,36:36.0,C,Closed,00:57.0,,1,1982,7,LOCAL - NEW HPMS,2,Urban
1100362,1,Complete,1100362,1100362,41.30729,-72.92871,3592569,New Haven,93,93,New Haven,11/2/2023,2023,11,November,2,5,Thursday,19:02:00,19,23044562,A,"Injury of any type (Serious, Minor, Possible)",C,Possible Injury (C),2,0,0,4,Local,0.34,117,COLLEGE ST,COLLEGE ST,CHAPEL ST,,,,,41.30729,-72.92871,14,Motor Vehicle in Operation,4,"Sideswipe, same direction",1,On Roadway,1,Clear,88,Not Applicable,4,Dark-Lighted,1,Dry,0,None,88,Not Applicable,88,Not Applicable,0,None,88,Not Applicable,88,Not Applicable,2,Intersection,2,Four-Way Intersection,1,No,1,No,88,Not Applicable,88,Not Applicable,88,Not Applicable,88,Not Applicable,FALSE,1,Public Road,1,"Trafficway, On Road",CT0009300,New Haven PD,44045,13:40.0,C,Closed,01:01.0,,,,,,,
1107327,1,Complete,1107327,1107327,41.30881898,-72.89521222,3599529,New Haven,93,93,New Haven,12/24/2022,2022,12,December,24,7,Saturday,15:41:00,15,22043468,A,"Injury of any type (Serious, Minor, Possible)",C,Possible Injury (C),2,0,0,,,,,,325 FERRY ST,,GRAND AVE,150,Feet,S,41.30881898,-72.89521222,14,Motor Vehicle in Operation,3,Angle,97,Other,1,Clear,88,Not Applicable,4,Dark-Lighted,1,Dry,99,Unknown,88,Not Applicable,88,Not Applicable,99,Unknown,88,Not Applicable,88,Not Applicable,1,Non-Junction,1,Not at Intersection,1,No,1,No,88,Not Applicable,88,Not Applicable,88,Not Applicable,88,Not Applicable,FALSE,88,Not Applicable,4,Parking Lot,CT0009300,New Haven PD,36335,36:19.0,C,Closed,39:43.0,,,,,,,
1107328,1,Complete,1107328,1107328,41.3206,-72.93435,3599530,New Haven,93,93,New Haven,6/17/2023,2023,6,June,17,7,Saturday,13:25:00,13,23024417,A,"Injury of any type (Serious, Minor, Possible)",C,Possible Injury (C),3,0,0,4,Local,0.54,152,DIXWELL AV,DIXWELL AV,,HENRY ST,80,Feet,S,41.3206,-72.93435,14,Motor Vehicle in Operation,4,"Sideswipe, same direction",1,On Roadway,1,Clear,88,Not Applicable,1,Daylight,1,Dry,0,None,88,Not Applicable,88,Not Applicable,0,None,88,Not Applicable,88,Not Applicable,1,Non-Junction,1,Not at Intersection,1,No,1,No,88,Not Applicable,88,Not Applicable,88,Not Applicable,88,Not Applicable,FALSE,1,Public Road,1,"Trafficway, On Road",CT0009300,New Haven PD,42367,16:01.0,C,Closed,38:43.0,,,,,,,
1107333,1,Complete,1107333,1107333,41.297557,-72.927236,3599535,New Haven,93,93,New Haven,8/27/2023,2023,8,August,27,1,Sunday,2:30:00,2,23034881,A,"Injury of any type (Serious, Minor, Possible)",C,Possible Injury (C),2,0,1,2,USRoute,47.95,1,1-N,1-N,,CHURCH ST EXT,550,Feet,N,41.297557,-72.927236,15,Parked Motor Vehicle,3,Angle,1,On Roadway,1,Clear,88,Not Applicable,4,Dark-Lighted,1,Dry,0,None,88,Not Applicable,88,Not Applicable,0,None,88,Not Applicable,88,Not Applicable,1,Non-Junction,1,Not at Intersection,1,No,1,No,88,Not Applicable,88,Not Applicable,88,Not Applicable,88,Not Applicable,FALSE,1,Public Road,1,"Trafficway, On Road",CT0009300,New Haven PD,798,51:30.0,C,Closed,40:30.0,,2,9500,3,PRINCIPAL ARTERIAL - OTHER - NEW HPMS,2,Urban
1107334,1,Complete,1107334,1107334,41.31438,-72.9126,3599536,New Haven,93,93,New Haven,9/12/2023,2023,9,September,12,3,Tuesday,9:00:00,9,23037173,A,"Injury of any type (Serious, Minor, Possible)",C,Possible Injury (C),3,0,0,4,Local,0.44,316,HUMPHREY ST,HUMPHREY ST,,STATE ST,164,Feet,W,41.31438,-72.9126,14,Motor Vehicle in Operation,1,Front to rear,1,On Roadway,1,Clear,88,Not Applicable,1,Daylight,1,Dry,0,None,88,Not Applicable,88,Not Applicable,0,None,88,Not Applicable,88,Not Applicable,1,Non-Junction,1,Not at Intersection,1,No,1,No,88,Not Applicable,88,Not Applicable,88,Not Applicable,88,Not Applicable,FALSE,1,Public Road,1,"Trafficway, On Road",CT0009300,New Haven PD,32,24:27.0,C,Closed,40:46.0,,,,,,,
1107337,1,Complete,1107337,1107337,41.308718,-72.936027,3599539,New Haven,93,93,New Haven,11/4/2023,2023,11,November,4,7,Saturday,3:28:00,3,23037772,A,"Injury of any type (Serious, Minor, Possible)",A,Suspected Serious Injury (A),1,0,0,4,Local,0.19,310,HOWE ST,HOWE ST,CROWN ST,,,,,41.308718,-72.936027,33,Utility Pole/Light Support,88,Not Applicable,1,On Roadway,1,Clear,88,Not Applicable,4,Dark-Lighted,1,Dry,0,None,88,Not Applicable,88,Not Applicable,0,None,88,Not Applicable,88,Not Applicable,2,Intersection,3,T-Intersection,1,No,1,No,88,Not Applicable,88,Not Applicable,88,Not Applicable,88,Not Applicable,FALSE,1,Public Road,1,"Trafficway, On Road",CT0009300,New Haven PD,45132,18:24.0,C,Closed,39:16.0,,2,6100,4,MINOR ARTERIAL - NEW HPMS,2,Urban
1107351,1,Complete,1107351,1107351,41.31786,-72.89429,3599553,New Haven,93,93,New Haven,10/15/2023,2023,10,October,15,1,Sunday,21:00:00,21,23041894,A,"Injury of any type (Serious, Minor, Possible)",C,Possible Injury (C),2,0,0,4,Local,0.04,29,ATWATER ST,ATWATER ST,DOVER ST,,,,,41.31786,-72.89429,14,Motor Vehicle in Operation,3,Angle,1,On Roadway,1,Clear,88,Not Applicable,4,Dark-Lighted,1,Dry,99,Unknown,88,Not Applicable,88,Not Applicable,99,Unknown,88,Not Applicable,88,Not Applicable,2,Intersection,2,Four-Way Intersection,1,No,1,No,88,Not Applicable,88,Not Applicable,88,Not Applicable,88,Not Applicable,FALSE,1,Public Road,1,"Trafficway, On Road",CT0009300,New Haven PD,36335,07:46.0,C,Closed,39:00.0,,,,,,,
1107374,1,Complete,1107374,1107374,41.294678,-72.929918,3599576,New Haven,93,93,New Haven,11/2/2023,2023,11,November,2,5,Thursday,9:33:00,9,23043563,A,"Injury of any type (Serious, Minor, Possible)",B,Suspected Minor Injury (B),2,0,0,4,Local,0.5,571,SPRING ST,SPRING ST,LIBERTY ST,,,,,41.294678,-72.929918,14,Motor Vehicle in Operation,3,Angle,1,On Roadway,1,Clear,88,Not Applicable,1,Daylight,1,Dry,0,None,88,Not Applicable,88,Not Applicable,0,None,88,Not Applicable,88,Not Applicable,2,Intersection,3,T-Intersection,1,No,1,No,88,Not Applicable,88,Not Applicable,88,Not Applicable,88,Not Applicable,FALSE,1,Public Road,1,"Trafficway, On Road",CT0009300,New Haven PD,45392,59:27.0,C,Closed,39:55.0,NONE,,,,,,
1107376,1,Complete,1107376,1107376,41.304175,-72.930788,3599578,New Haven,93,93,New Haven,10/28/2023,2023,10,October,28,7,Saturday,21:21:00,21,23043775,A,"Injury of any type (Serious, Minor, Possible)",C,Possible Injury (C),2,0,0,4,Local,0.36,809,REV DR MLK JR BLVD,REV DR MLK JR BLVD,COLLEGE ST,,,,,41.304175,-72.930788,14,Motor Vehicle in Operation,1,Front to rear,1,On Roadway,1,Clear,88,Not Applicable,4,Dark-Lighted,1,Dry,99,Unknown,88,Not Applicable,88,Not Applicable,0,None,88,Not Applicable,88,Not Applicable,2,Intersection,2,Four-Way Intersection,1,No,1,No,88,Not Applicable,88,Not Applicable,88,Not Applicable,88,Not Applicable,TRUE,1,Public Road,1,"Trafficway, On Road",CT0009300,New Haven PD,45402,14:11.0,C,Closed,39:19.0,,,,,,,
1107377,1,Complete,1107377,1107377,41.311887,-72.933152,3599579,New Haven,93,93,New Haven,10/30/2023,2023,10,October,30,2,Monday,4:01:00,4,23043809,A,"Injury of any type (Serious, Minor, Possible)",B,Suspected Minor Injury (B),3,0,0,4,Local,0.02,726,ELM ST NO 2,ELM ST NO 2,,HOWE STREET,80,Feet,E,41.311887,-72.933152,15,Parked Motor Vehicle,1,Front to rear,7,In Parking Lane or Zone,1,Clear,88,Not Applicable,4,Dark-Lighted,2,Wet,0,None,88,Not Applicable,88,Not Applicable,0,None,88,Not Applicable,88,Not Applicable,1,Non-Junction,1,Not at Intersection,1,No,1,No,88,Not Applicable,88,Not Applicable,88,Not Applicable,88,Not Applicable,FALSE,1,Public Road,1,"Trafficway, On Road",CT0009300,New Haven PD,44947,52:01.0,C,Closed,39:26.0,,,,,,,
1107383,1,Complete,1107383,1107383,41.28621,-72.93619,3599585,New Haven,93,93,New Haven,10/30/2023,2023,10,October,30,2,Monday,16:07:00,16,23043999,A,"Injury of any type (Serious, Minor, Possible)",C,Possible Injury (C),2,0,0,3,State,1.2,745,745-E,745-E,RT 10,,,,,41.28621,-72.93619,14,Motor Vehicle in Operation,1,Front to rear,1,On Roadway,1,Clear,88,Not Applicable,1,Daylight,1,Dry,0,None,88,Not Applicable,88,Not Applicable,0,None,88,Not Applicable,88,Not Applicable,2,Intersection,2,Four-Way Intersection,1,No,1,No,88,Not Applicable,88,Not Applicable,88,Not Applicable,88,Not Applicable,TRUE,1,Public Road,1,"Trafficway, On Road",CT0009300,New Haven PD,44953,59:30.0,C,Closed,39:51.0,,1,15200,4,MINOR ARTERIAL - NEW HPMS,1,Rural
1107387,1,Complete,1107387,1107387,41.317021,-72.902583,3599589,New Haven,93,93,New Haven,10/31/2023,2023,10,October,31,3,Tuesday,14:05:00,14,23044172,A,"Injury of any type (Serious, Minor, Possible)",C,Possible Injury (C),2,0,0,2,USRoute,0.1,5,5-N,5-N,,JAMESSTREET,553,Feet,E,41.317021,-72.902583,14,Motor Vehicle in Operation,4,"Sideswipe, same direction",1,On Roadway,1,Clear,88,Not Applicable,1,Daylight,1,Dry,0,None,88,Not Applicable,88,Not Applicable,0,None,88,Not Applicable,88,Not Applicable,1,Non-Junction,1,Not at Intersection,1,No,1,No,88,Not Applicable,88,Not Applicable,88,Not Applicable,88,Not Applicable,TRUE,1,Public Road,1,"Trafficway, On Road",CT0009300,New Haven PD,45393,30:00.0,C,Closed,40:24.0,,1,12900,4,MINOR ARTERIAL - NEW HPMS,1,Rural
1107398,1,Complete,1107398,1107398,41.286293,-72.936107,3599600,New Haven,93,93,New Haven,11/2/2023,2023,11,November,2,5,Thursday,14:00:00,14,23044481,A,"Injury of any type (Serious, Minor, Possible)",B,Suspected Minor Injury (B),3,0,0,3,State,0.28,10,10-N,10-N,745-E,,,,,41.286293,-72.936107,14,Motor Vehicle in Operation,3,Angle,1,On Roadway,1,Clear,88,Not Applicable,1,Daylight,1,Dry,0,None,88,Not Applicable,88,Not Applicable,0,None,88,Not Applicable,88,Not Applicable,2,Intersection,2,Four-Way Intersection,1,No,1,No,88,Not Applicable,88,Not Applicable,88,Not Applicable,88,Not Applicable,FALSE,1,Public Road,1,"Trafficway, On Road",CT0009300,New Haven PD,45392,29:36.0,C,Closed,39:53.0,NONE,2,18600,3,PRINCIPAL ARTERIAL - OTHER - NEW HPMS,2,Urban
1107415,1,Complete,1107415,1107415,41.308432,-72.924082,3599617,New Haven,93,93,New Haven,11/3/2023,2023,11,November,3,6,Friday,15:03:00,15,23044647,A,"Injury of any type (Serious, Minor, Possible)",C,Possible Injury (C),2,0,0,4,Local,0.36,103,CHURCH ST,CHURCH ST,,ELM ST,45,Feet,N,41.308432,-72.924082,14,Motor Vehicle in Operation,4,"Sideswipe, same direction",1,On Roadway,1,Clear,88,Not Applicable,1,Daylight,1,Dry,0,None,88,Not Applicable,88,Not Applicable,0,None,88,Not Applicable,88,Not Applicable,3,Intersection-Related,2,Four-Way Intersection,1,No,1,No,88,Not Applicable,88,Not Applicable,88,Not Applicable,88,Not Applicable,TRUE,1,Public Road,1,"Trafficway, On Road",CT0009300,New Haven PD,45627,15:32.0,C,Closed,39:09.0,,,,,,,
1107417,1,Complete,1107417,1107417,41.313925,-72.943572,3599619,New Haven,93,93,New Haven,11/3/2023,2023,11,November,3,6,Friday,16:00:00,16,23044656,A,"Injury of any type (Serious, Minor, Possible)",C,Possible Injury (C),3,0,0,4,Local,0.58,556,SHERMAN AV,SHERMAN AV,,MAPLE ST,100,Feet,S,41.313925,-72.943572,14,Motor Vehicle in Operation,1,Front to rear,1,On Roadway,1,Clear,88,Not Applicable,1,Daylight,1,Dry,0,None,88,Not Applicable,88,Not Applicable,0,None,88,Not Applicable,88,Not Applicable,1,Non-Junction,1,Not at Intersection,1,No,1,No,88,Not Applicable,88,Not Applicable,88,Not Applicable,88,Not Applicable,FALSE,1,Public Road,1,"Trafficway, On Road",CT0009300,New Haven PD,45403,28:02.0,C,Closed,38:57.0,,,,,,,
1107421,1,Complete,1107421,1107421,41.29090196,-72.9414195,3599623,New Haven,93,93,New Haven,11/3/2023,2023,11,November,3,6,Friday,17:00:00,17,23044685,A,"Injury of any type (Serious, Minor, Possible)",A,Suspected Serious Injury (A),3,0,0,3,State,0.88,10,10-N,10-N,WASHINGTON AV NO 1,,,,,41.29090196,-72.9414195,14,Motor Vehicle in Operation,3,Angle,1,On Roadway,1,Clear,88,Not Applicable,1,Daylight,1,Dry,0,None,88,Not Applicable,88,Not Applicable,11,"Traffic Control Device Inoperative, Missing, or Obscured",88,Not Applicable,88,Not Applicable,2,Intersection,2,Four-Way Intersection,1,No,1,No,88,Not Applicable,88,Not Applicable,88,Not Applicable,88,Not Applicable,FALSE,1,Public Road,1,"Trafficway, On Road",CT0009300,New Haven PD,45392,30:28.0,C,Closed,39:54.0,NONE,2,18000,3,PRINCIPAL ARTERIAL - OTHER - NEW HPMS,2,Urban
1107440,1,Complete,1107440,1107440,41.327435,-72.953389,3599642,New Haven,93,93,New Haven,11/4/2023,2023,11,November,4,7,Saturday,8:01:00,8,23044743,A,"Injury of any type (Serious, Minor, Possible)",C,Possible Injury (C),2,0,0,3,State,3.68,10,10-N,10-N,BLAKE ST,,,,,41.327435,-72.953389,14,Motor Vehicle in Operation,3,Angle,1,On Roadway,1,Clear,88,Not Applicable,1,Daylight,1,Dry,0,None,88,Not Applicable,88,Not Applicable,0,None,88,Not Applicable,88,Not Applicable,2,Intersection,2,Four-Way Intersection,1,No,1,No,88,Not Applicable,88,Not Applicable,88,Not Applicable,88,Not Applicable,TRUE,1,Public Road,1,"Trafficway, On Road",CT0009300,New Haven PD,326,10:25.0,C,Closed,39:03.0,,1,8900,4,MINOR ARTERIAL - NEW HPMS,1,Rural
1107448,1,Complete,1107448,1107448,41.287699,-72.931399,3599650,New Haven,93,93,New Haven,11/4/2023,2023,11,November,4,7,Saturday,17:52:00,17,23044800,A,"Injury of any type (Serious, Minor, Possible)",C,Possible Injury (C),2,0,0,4,Local,1.31,308,HOWARD AV,HOWARD AV,THIRD ST,,,,,41.287699,-72.931399,14,Motor Vehicle in Operation,3,Angle,1,On Roadway,1,Clear,88,Not Applicable,3,Dusk,1,Dry,99,Unknown,88,Not Applicable,88,Not Applicable,99,Unknown,88,Not Applicable,88,Not Applicable,2,Intersection,2,Four-Way Intersection,1,No,1,No,88,Not Applicable,88,Not Applicable,88,Not Applicable,88,Not Applicable,TRUE,1,Public Road,1,"Trafficway, On Road",CT0009300,New Haven PD,40947,49:30.0,C,Closed,39:14.0,,,,,,,
1107449,1,Complete,1107449,1107449,41.318127,-72.970893,3599651,New Haven,93,93,New Haven,11/4/2023,2023,11,November,4,7,Saturday,17:42:00,17,23044801,A,"Injury of any type (Serious, Minor, Possible)",C,Possible Injury (C),1,0,0,3,State,2.72,122,122-N,122-N,,CHAPEL ST,325,Feet,N,41.318127,-72.970893,40,Deer,88,Not Applicable,1,On Roadway,1,Clear,88,Not Applicable,3,Dusk,1,Dry,4,Animal(s) in Roadway,88,Not Applicable,88,Not Applicable,0,None,88,Not Applicable,88,Not Applicable,1,Non-Junction,1,Not at Intersection,1,No,1,No,88,Not Applicable,88,Not Applicable,88,Not Applicable,88,Not Applicable,FALSE,1,Public Road,1,"Trafficway, On Road",CT0009300,New Haven PD,170,19:08.0,C,Closed,39:14.0,,1,11700,4,MINOR ARTERIAL - NEW HPMS,2,Urban
1107459,1,Complete,1107459,1107459,41.285661,-72.88999,3599661,New Haven,93,93,New Haven,11/5/2023,2023,11,November,5,1,Sunday,16:16:00,16,23044903,A,"Injury of any type (Serious, Minor, Possible)",C,Possible Injury (C),2,0,0,4,Local,0.12,317,HUNTINGTON AV,HUNTINGTON AV,,page street ,455,Feet,S,41.285661,-72.88999,14,Motor Vehicle in Operation,1,Front to rear,1,On Roadway,1,Clear,88,Not Applicable,1,Daylight,1,Dry,0,None,88,Not Applicable,88,Not Applicable,0,None,88,Not Applicable,88,Not Applicable,9,Driveway Access-Related,1,Not at Intersection,1,No,1,No,88,Not Applicable,88,Not Applicable,88,Not Applicable,88,Not Applicable,FALSE,1,Public Road,1,"Trafficway, On Road",CT0009300,New Haven PD,42367,28:14.0,C,Closed,39:26.0,,,,,,,
1107472,1,Complete,1107472,1107472,41.316453,-72.946606,3599674,New Haven,93,93,New Haven,11/6/2023,2023,11,November,6,2,Monday,16:39:00,16,23045020,A,"Injury of any type (Serious, Minor, Possible)",C,Possible Injury (C),2,0,1,4,Local,0.42,439,NORTON ST,NORTON ST,ELM ST NO 1,,,,,41.316453,-72.946606,14,Motor Vehicle in Operation,3,Angle,1,On Roadway,1,Clear,88,Not Applicable,1,Daylight,1,Dry,0,None,88,Not Applicable,88,Not Applicable,0,None,88,Not Applicable,88,Not Applicable,2,Intersection,2,Four-Way Intersection,99,Unknown,1,No,88,Not Applicable,88,Not Applicable,88,Not Applicable,88,Not Applicable,TRUE,1,Public Road,1,"Trafficway, On Road",CT0009300,New Haven PD,44947,29:54.0,C,Closed,39:40.0,,,,,,,