CrashId,Fatal Case Status,Fatal Case Status Text Format,CrashId,CrashId,Latitude,Longitude,DOT Case Number,Town Name,Town Number,Town Number,Town Number Text Format,Date Of Crash,Year,Month,Month Text Format,Day,Day of the Week,Day of the Week Text Format,Time of Crash,Hour of the Day,Case Identifier,Crash Severity,Crash Severity Text Format,Most Severe Injury,Most Severe Injury Text Format,Number Of Motor Vehicles,Number Of Non-Motorist,Number Of Witnesses,Route Class,Route Class Text Format,Milemarker,Road Number,Road Description,Roadway Name,Intersecting Roadway Name,Landmark Description,Distance From Nearest Landmark,Unit Of Measure From Nearest Landmark,Direction From Nearest Landmark,Latitude,Longitude,First Harmful Event,First Harmful Event Text Format,Manner of Crash / Collision Impact,Manner of Crash / Collision Impact Text Format,Location of First Harmful Event,Location of First Harmful Event Text Format,Weather Condition,Weather Condition Text Format,Weather 2,Weather 2 Text Format,Light Condition,Light Condition Text Format,Road Surface Condition,Road Surface Condition Text Format,"Contributing Circumstances, Environment","Contributing Circumstances, Environment Text Format",Environment 2,Environment 2 Text Format,Environment 3,Environment 3 Text Format,"Contributing Circumstances, Road","Contributing Circumstances, Road Text Format",Road 2,Road 2 Text Format,Road 3,Road 3 Text Format,Crash Specific Location,Crash Specific Location Text Format,Type of Intersection,Type of Intersection Text Format,School Bus Related,School Bus Related Text Format,Work Zone Related,Work Zone Related Text Format,Location Of Crash Relative To Work Zone,Location Of Crash Relative To Work Zone Text Format,Type of Work Zone,Type of Work Zone Text Format,Worker Presence,Worker Presence Text Format,Law Enforcement Presence,Law Enforcement Presence Text Format,Were Vehicles Moved Prior To Police Arrival,Trafficway Ownership,Trafficway Ownership Text Format,Trafficway Class,Trafficway Class Text Format,Police Agency,Police Agency Text Format,Badge Number,Approval Date,Police Case Status,Police Case Status Text Format,Crash Report Submission Date,Related Case Identifiers,No. of Through Lanes (Log Dir.),Average Daily Traffic,Functional Classification,Functional Classification Text Format,Rural or Urban,Rural or Urban Text Format
1107473,1,Complete,1107473,1107473,41.293847,-72.933093,3599675,New Haven,93,93,New Haven,11/6/2023,2023,11,November,6,2,Monday,18:19:00,18,23045028,A,"Injury of any type (Serious, Minor, Possible)",C,Possible Injury (C),2,0,1,4,Local,0.88,308,HOWARD AV,HOWARD AV,,SPRING STREET ,121,Feet,S,41.293847,-72.933093,14,Motor Vehicle in Operation,1,Front to rear,1,On Roadway,1,Clear,88,Not Applicable,3,Dusk,1,Dry,0,None,88,Not Applicable,88,Not Applicable,0,None,88,Not Applicable,88,Not Applicable,1,Non-Junction,1,Not at Intersection,1,No,1,No,88,Not Applicable,88,Not Applicable,88,Not Applicable,88,Not Applicable,FALSE,1,Public Road,1,"Trafficway, On Road",CT0009300,New Haven PD,45626,43:03.0,C,Closed,39:44.0,,,,,,,
1107498,1,Complete,1107498,1107498,41.302852,-72.937372,3599700,New Haven,93,93,New Haven,11/8/2023,2023,11,November,8,4,Wednesday,17:00:00,17,23045357,A,"Injury of any type (Serious, Minor, Possible)",B,Suspected Minor Injury (B),3,0,0,4,Local,0.66,141,DAVENPORT AV,DAVENPORT AV,VERNON ST,,,,,41.302852,-72.937372,14,Motor Vehicle in Operation,3,Angle,1,On Roadway,1,Clear,88,Not Applicable,1,Daylight,1,Dry,0,None,88,Not Applicable,88,Not Applicable,0,None,88,Not Applicable,88,Not Applicable,2,Intersection,2,Four-Way Intersection,1,No,1,No,88,Not Applicable,88,Not Applicable,88,Not Applicable,88,Not Applicable,FALSE,1,Public Road,1,"Trafficway, On Road",CT0009300,New Haven PD,44947,13:39.0,C,Closed,40:03.0,,,,,,,
1107502,1,Complete,1107502,1107502,41.30828648,-72.93501356,3599704,New Haven,93,93,New Haven,11/8/2023,2023,11,November,8,4,Wednesday,21:27:00,21,23045392,A,"Injury of any type (Serious, Minor, Possible)",C,Possible Injury (C),1,0,1,4,Local,0.69,136,CROWN ST,CROWN ST,,PARK ST,240,Feet,W,41.30828648,-72.93501356,32,Tree (standing),88,Not Applicable,4,Roadside,1,Clear,88,Not Applicable,4,Dark-Lighted,1,Dry,0,None,88,Not Applicable,88,Not Applicable,0,None,88,Not Applicable,88,Not Applicable,1,Non-Junction,1,Not at Intersection,1,No,1,No,88,Not Applicable,88,Not Applicable,88,Not Applicable,88,Not Applicable,FALSE,1,Public Road,1,"Trafficway, On Road",CT0009300,New Haven PD,45403,30:41.0,C,Closed,40:08.0,,2,4500,5,MAJOR COLLECTOR - NEW HPMS,2,Urban
1107504,1,Complete,1107504,1107504,41.316057,-72.95502,3599706,New Haven,93,93,New Haven,11/8/2023,2023,11,November,8,4,Wednesday,23:32:00,23,23045402,A,"Injury of any type (Serious, Minor, Possible)",B,Suspected Minor Injury (B),1,0,2,4,Local,0.86,179,EDGEWOOD AV,EDGEWOOD AV,,PENDLETON ST,115,Feet,W,41.316057,-72.95502,1,Overturn/Rollover,88,Not Applicable,1,On Roadway,1,Clear,88,Not Applicable,4,Dark-Lighted,1,Dry,0,None,88,Not Applicable,88,Not Applicable,0,None,88,Not Applicable,88,Not Applicable,1,Non-Junction,1,Not at Intersection,1,No,1,No,88,Not Applicable,88,Not Applicable,88,Not Applicable,88,Not Applicable,FALSE,1,Public Road,1,"Trafficway, On Road",CT0009300,New Haven PD,412,24:05.0,C,Closed,40:12.0,,4,3300,5,MAJOR COLLECTOR - NEW HPMS,2,Urban
1107508,1,Complete,1107508,1107508,41.332868,-72.912621,3599710,New Haven,93,93,New Haven,11/9/2023,2023,11,November,9,5,Thursday,11:59:00,11,23045455,A,"Injury of any type (Serious, Minor, Possible)",A,Suspected Serious Injury (A),2,0,0,4,Local,1.65,656,WHITNEY AV,WHITNEY AV,,CLIFF ST,200,Feet,N,41.332868,-72.912621,14,Motor Vehicle in Operation,3,Angle,1,On Roadway,1,Clear,88,Not Applicable,1,Daylight,1,Dry,0,None,88,Not Applicable,88,Not Applicable,0,None,88,Not Applicable,88,Not Applicable,1,Non-Junction,1,Not at Intersection,1,No,1,No,88,Not Applicable,88,Not Applicable,88,Not Applicable,88,Not Applicable,FALSE,1,Public Road,1,"Trafficway, On Road",CT0009300,New Haven PD,290,20:28.0,C,Closed,42:24.0,,,,,,,
1107524,1,Complete,1107524,1107524,41.320072,-72.871682,3599726,New Haven,93,93,New Haven,11/10/2023,2023,11,November,10,6,Friday,20:00:00,20,23045636,A,"Injury of any type (Serious, Minor, Possible)",B,Suspected Minor Injury (B),1,1,0,3,State,0.57,80,80-E,80-E,EASTERN ST,,,,,41.320072,-72.871682,9,Pedestrian,88,Not Applicable,1,On Roadway,1,Clear,88,Not Applicable,4,Dark-Lighted,1,Dry,0,None,88,Not Applicable,88,Not Applicable,0,None,88,Not Applicable,88,Not Applicable,2,Intersection,2,Four-Way Intersection,1,No,1,No,88,Not Applicable,88,Not Applicable,88,Not Applicable,88,Not Applicable,TRUE,1,Public Road,1,"Trafficway, On Road",CT0009300,New Haven PD,45625,31:44.0,C,Closed,40:24.0,,4,32100,3,PRINCIPAL ARTERIAL - OTHER - NEW HPMS,2,Urban
1107528,1,Complete,1107528,1107528,41.302692,-72.928255,3599730,New Haven,93,93,New Haven,11/10/2023,2023,11,November,10,6,Friday,16:39:00,16,23045694,A,"Injury of any type (Serious, Minor, Possible)",C,Possible Injury (C),2,0,0,4,Local,0.19,809,REV DR MLK JR BLVD,REV DR MLK JR BLVD,CHURCH ST SOUTH NO 1,,,,,41.302692,-72.928255,14,Motor Vehicle in Operation,3,Angle,1,On Roadway,1,Clear,88,Not Applicable,1,Daylight,1,Dry,0,None,88,Not Applicable,88,Not Applicable,0,None,88,Not Applicable,88,Not Applicable,2,Intersection,2,Four-Way Intersection,1,No,1,No,88,Not Applicable,88,Not Applicable,88,Not Applicable,88,Not Applicable,FALSE,1,Public Road,1,"Trafficway, On Road",CT0009300,New Haven PD,45394,35:24.0,O,Open,42:17.0,,,,,,,
1107530,1,Complete,1107530,1107530,41.293081,-72.942672,3599732,New Haven,93,93,New Haven,11/11/2023,2023,11,November,11,7,Saturday,10:58:00,10,23045710,A,"Injury of any type (Serious, Minor, Possible)",C,Possible Injury (C),2,0,0,4,Local,0.13,39,BARCLAY ST,BARCLAY ST,FRANK ST,,,,,41.293081,-72.942672,14,Motor Vehicle in Operation,2,Front to front,1,On Roadway,1,Clear,88,Not Applicable,1,Daylight,1,Dry,0,None,88,Not Applicable,88,Not Applicable,0,None,88,Not Applicable,88,Not Applicable,2,Intersection,2,Four-Way Intersection,1,No,1,No,88,Not Applicable,88,Not Applicable,88,Not Applicable,88,Not Applicable,FALSE,1,Public Road,1,"Trafficway, On Road",CT0009300,New Haven PD,45399,05:30.0,O,Open,41:45.0,,,,,,,
1107534,1,Complete,1107534,1107534,41.325746,-72.928238,3599736,New Haven,93,93,New Haven,11/11/2023,2023,11,November,11,7,Saturday,15:45:00,15,23045745,A,"Injury of any type (Serious, Minor, Possible)",B,Suspected Minor Injury (B),1,0,0,4,Local,0.37,151,DIVISION ST,DIVISION ST,,WINCHESTER AVE,15,Feet,W,41.325746,-72.928238,32,Tree (standing),88,Not Applicable,4,Roadside,1,Clear,88,Not Applicable,1,Daylight,1,Dry,0,None,88,Not Applicable,88,Not Applicable,0,None,88,Not Applicable,88,Not Applicable,1,Non-Junction,1,Not at Intersection,1,No,1,No,88,Not Applicable,88,Not Applicable,88,Not Applicable,88,Not Applicable,FALSE,1,Public Road,1,"Trafficway, On Road",CT0009300,New Haven PD,65,34:48.0,C,Closed,41:24.0,,2,3700,4,MINOR ARTERIAL - NEW HPMS,2,Urban
1107550,1,Complete,1107550,1107550,41.313072,-72.921806,3599752,New Haven,93,93,New Haven,11/11/2023,2023,11,November,11,7,Saturday,19:09:00,19,23045770,A,"Injury of any type (Serious, Minor, Possible)",C,Possible Injury (C),2,0,0,4,Local,0.18,656,WHITNEY AV,WHITNEY AV,TRUMBULL ST,,,,,41.313072,-72.921806,14,Motor Vehicle in Operation,3,Angle,1,On Roadway,1,Clear,88,Not Applicable,4,Dark-Lighted,1,Dry,0,None,88,Not Applicable,88,Not Applicable,0,None,88,Not Applicable,88,Not Applicable,2,Intersection,2,Four-Way Intersection,1,No,1,No,88,Not Applicable,88,Not Applicable,88,Not Applicable,88,Not Applicable,FALSE,1,Public Road,1,"Trafficway, On Road",CT0009300,New Haven PD,221,18:47.0,C,Closed,40:27.0,,,,,,,
1107554,1,Complete,1107554,1107554,41.307568,-72.89516,3599756,New Haven,93,93,New Haven,11/12/2023,2023,11,November,12,1,Sunday,2:00:00,2,23045803,A,"Injury of any type (Serious, Minor, Possible)",B,Suspected Minor Injury (B),2,0,0,4,Local,0.84,213,FERRY ST,FERRY ST,EXCHANGE ST,,,,,41.307568,-72.89516,14,Motor Vehicle in Operation,4,"Sideswipe, same direction",1,On Roadway,1,Clear,88,Not Applicable,4,Dark-Lighted,1,Dry,0,None,88,Not Applicable,88,Not Applicable,0,None,88,Not Applicable,88,Not Applicable,2,Intersection,2,Four-Way Intersection,1,No,1,No,88,Not Applicable,88,Not Applicable,88,Not Applicable,88,Not Applicable,FALSE,1,Public Road,1,"Trafficway, On Road",CT0009300,New Haven PD,193,22:25.0,O,Open,40:55.0,,,,,,,
1107557,1,Complete,1107557,1107557,41.28644663,-72.93636772,3599759,New Haven,93,93,New Haven,11/12/2023,2023,11,November,12,1,Sunday,12:10:00,12,23045838,A,"Injury of any type (Serious, Minor, Possible)",C,Possible Injury (C),2,0,0,3,State,0.47,10,10-N,10-N,,KIMBERLY AVE,50,Feet,W,41.28644663,-72.93636772,14,Motor Vehicle in Operation,1,Front to rear,1,On Roadway,1,Clear,1,Clear,1,Daylight,1,Dry,0,None,88,Not Applicable,88,Not Applicable,0,None,88,Not Applicable,88,Not Applicable,3,Intersection-Related,2,Four-Way Intersection,1,No,1,No,88,Not Applicable,88,Not Applicable,88,Not Applicable,88,Not Applicable,FALSE,1,Public Road,1,"Trafficway, On Road",CT0009300,New Haven PD,45391,57:33.0,C,Closed,40:33.0,,2,18000,3,PRINCIPAL ARTERIAL - OTHER - NEW HPMS,2,Urban
1107560,1,Complete,1107560,1107560,41.293351,-72.932962,3599762,New Haven,93,93,New Haven,11/12/2023,2023,11,November,12,1,Sunday,19:32:00,19,23045874,A,"Injury of any type (Serious, Minor, Possible)",C,Possible Injury (C),1,1,0,4,Local,0.92,308,HOWARD AV,HOWARD AV,ROSETTE ST,,,,,41.293351,-72.932962,9,Pedestrian,88,Not Applicable,1,On Roadway,1,Clear,88,Not Applicable,5,Dark-Not Lighted,1,Dry,0,None,88,Not Applicable,88,Not Applicable,0,None,88,Not Applicable,88,Not Applicable,2,Intersection,2,Four-Way Intersection,1,No,1,No,88,Not Applicable,88,Not Applicable,88,Not Applicable,88,Not Applicable,FALSE,1,Public Road,1,"Trafficway, On Road",CT0009300,New Haven PD,33016,59:56.0,C,Closed,41:55.0,,2,7100,4,MINOR ARTERIAL - NEW HPMS,2,Urban
1107566,1,Complete,1107566,1107566,41.303522,-72.910451,3599768,New Haven,93,93,New Haven,11/13/2023,2023,11,November,13,2,Monday,5:57:00,5,23045903,A,"Injury of any type (Serious, Minor, Possible)",C,Possible Injury (C),2,0,0,4,Local,0.87,165,EAST ST,EAST ST,CHAPEL ST,,,,,41.303522,-72.910451,14,Motor Vehicle in Operation,3,Angle,1,On Roadway,1,Clear,88,Not Applicable,4,Dark-Lighted,1,Dry,0,None,88,Not Applicable,88,Not Applicable,0,None,88,Not Applicable,88,Not Applicable,1,Non-Junction,1,Not at Intersection,1,No,1,No,88,Not Applicable,88,Not Applicable,88,Not Applicable,88,Not Applicable,TRUE,1,Public Road,1,"Trafficway, On Road",CT0009300,New Haven PD,45393,48:18.0,C,Closed,40:48.0,,,,,,,
1107568,1,Complete,1107568,1107568,41.32467056,-72.95637225,3599770,New Haven,93,93,New Haven,11/13/2023,2023,11,November,13,2,Monday,10:10:00,10,23045936,A,"Injury of any type (Serious, Minor, Possible)",C,Possible Injury (C),2,0,0,3,State,3.57,10,10-N,10-N,,JEWELL ST,15,Feet,W,41.32467056,-72.95637225,14,Motor Vehicle in Operation,1,Front to rear,1,On Roadway,1,Clear,88,Not Applicable,1,Daylight,1,Dry,0,None,88,Not Applicable,88,Not Applicable,0,None,88,Not Applicable,88,Not Applicable,1,Non-Junction,1,Not at Intersection,1,No,1,No,88,Not Applicable,88,Not Applicable,88,Not Applicable,88,Not Applicable,TRUE,1,Public Road,1,"Trafficway, On Road",CT0009300,New Haven PD,359,03:04.0,C,Closed,40:39.0,,2,18100,3,PRINCIPAL ARTERIAL - OTHER - NEW HPMS,2,Urban
1107570,1,Complete,1107570,1107570,41.319921,-72.906264,3599772,New Haven,93,93,New Haven,11/13/2023,2023,11,November,13,2,Monday,12:44:00,12,23045966,A,"Injury of any type (Serious, Minor, Possible)",C,Possible Injury (C),2,0,1,4,Local,0.31,666,WILLOW ST,WILLOW ST,MITCHELL DR,,,,,41.319921,-72.906264,14,Motor Vehicle in Operation,3,Angle,1,On Roadway,1,Clear,88,Not Applicable,1,Daylight,1,Dry,0,None,88,Not Applicable,88,Not Applicable,0,None,88,Not Applicable,88,Not Applicable,2,Intersection,2,Four-Way Intersection,1,No,1,No,88,Not Applicable,88,Not Applicable,88,Not Applicable,88,Not Applicable,FALSE,1,Public Road,1,"Trafficway, On Road",CT0009300,New Haven PD,45399,57:25.0,O,Open,41:22.0,,,,,,,
1107572,1,Complete,1107572,1107572,41.31333017,-72.93746462,3599774,New Haven,93,93,New Haven,11/13/2023,2023,11,November,13,2,Monday,15:47:00,15,23045987,A,"Injury of any type (Serious, Minor, Possible)",C,Possible Injury (C),2,0,0,4,Local,0.23,194,ELM ST NO 1,ELM ST NO 1,,GARDEN STREET,15,Feet,W,41.31333017,-72.93746462,15,Parked Motor Vehicle,1,Front to rear,1,On Roadway,1,Clear,88,Not Applicable,1,Daylight,1,Dry,0,None,88,Not Applicable,88,Not Applicable,0,None,88,Not Applicable,88,Not Applicable,1,Non-Junction,1,Not at Intersection,1,No,1,No,88,Not Applicable,88,Not Applicable,88,Not Applicable,88,Not Applicable,FALSE,1,Public Road,1,"Trafficway, On Road",CT0009300,New Haven PD,263,29:33.0,C,Closed,40:40.0,,,,,,,
1107573,1,Complete,1107573,1107573,41.312417,-72.940755,3599775,New Haven,93,93,New Haven,11/13/2023,2023,11,November,13,2,Monday,18:10:00,18,23046017,A,"Injury of any type (Serious, Minor, Possible)",C,Possible Injury (C),2,0,0,4,Local,1.63,179,EDGEWOOD AV,EDGEWOOD AV,ORCHARD ST,,,,,41.312417,-72.940755,14,Motor Vehicle in Operation,3,Angle,1,On Roadway,1,Clear,88,Not Applicable,4,Dark-Lighted,1,Dry,0,None,88,Not Applicable,88,Not Applicable,0,None,88,Not Applicable,88,Not Applicable,2,Intersection,2,Four-Way Intersection,1,No,1,No,88,Not Applicable,88,Not Applicable,88,Not Applicable,88,Not Applicable,FALSE,1,Public Road,1,"Trafficway, On Road",CT0009300,New Haven PD,263,19:09.0,C,Closed,40:40.0,,,,,,,
1107575,1,Complete,1107575,1107575,41.319261,-72.898396,3599777,New Haven,93,93,New Haven,11/13/2023,2023,11,November,13,2,Monday,20:20:00,20,23046033,A,"Injury of any type (Serious, Minor, Possible)",C,Possible Injury (C),2,0,0,4,Local,0.01,213,FERRY ST,FERRY ST,,RT 5,83,Feet,S,41.319261,-72.898396,14,Motor Vehicle in Operation,5,"Sideswipe, opposite direction",1,On Roadway,1,Clear,88,Not Applicable,4,Dark-Lighted,1,Dry,0,None,88,Not Applicable,88,Not Applicable,0,None,88,Not Applicable,88,Not Applicable,2,Intersection,3,T-Intersection,1,No,1,No,88,Not Applicable,88,Not Applicable,88,Not Applicable,88,Not Applicable,FALSE,1,Public Road,1,"Trafficway, On Road",CT0009300,New Haven PD,42057,30:02.0,C,Closed,42:19.0,,,,,,,
1107577,1,Complete,1107577,1107577,41.323021,-72.948126,3599779,New Haven,93,93,New Haven,11/13/2023,2023,11,November,13,2,Monday,23:16:00,23,23046042,A,"Injury of any type (Serious, Minor, Possible)",B,Suspected Minor Injury (B),2,0,0,4,Local,0.14,258,GOFFE TER,GOFFE TER,,BELLEVUE ROAD ,122,Feet,N,41.323021,-72.948126,14,Motor Vehicle in Operation,1,Front to rear,2,Shoulder,1,Clear,1,Clear,5,Dark-Not Lighted,1,Dry,0,None,88,Not Applicable,88,Not Applicable,0,None,88,Not Applicable,88,Not Applicable,1,Non-Junction,1,Not at Intersection,1,No,1,No,88,Not Applicable,88,Not Applicable,88,Not Applicable,88,Not Applicable,FALSE,1,Public Road,1,"Trafficway, On Road",CT0009300,New Haven PD,44063,29:18.0,C,Closed,40:41.0,,,,,,,
1107585,1,Complete,1107585,1107585,41.316869,-72.946385,3599787,New Haven,93,93,New Haven,11/14/2023,2023,11,November,14,3,Tuesday,15:01:00,15,23046128,A,"Injury of any type (Serious, Minor, Possible)",C,Possible Injury (C),2,0,0,4,Local,0.45,439,NORTON ST,NORTON ST,,ELM STREET ,144,Feet,N,41.316869,-72.946385,14,Motor Vehicle in Operation,4,"Sideswipe, same direction",1,On Roadway,1,Clear,88,Not Applicable,1,Daylight,1,Dry,0,None,88,Not Applicable,88,Not Applicable,0,None,88,Not Applicable,88,Not Applicable,1,Non-Junction,1,Not at Intersection,1,No,1,No,88,Not Applicable,88,Not Applicable,88,Not Applicable,88,Not Applicable,FALSE,1,Public Road,1,"Trafficway, On Road",CT0009300,New Haven PD,276,18:54.0,C,Closed,40:50.0,23046128,,,,,,
1107587,1,Complete,1107587,1107587,41.31067,-72.93452,3599789,New Haven,93,93,New Haven,11/15/2023,2023,11,November,15,4,Wednesday,8:03:00,8,23046208,A,"Injury of any type (Serious, Minor, Possible)",C,Possible Injury (C),2,1,1,4,Local,0.34,310,HOWE ST,HOWE ST,EDGEWOOD AV,,,,,41.31067,-72.93452,14,Motor Vehicle in Operation,3,Angle,1,On Roadway,1,Clear,88,Not Applicable,1,Daylight,1,Dry,0,None,88,Not Applicable,88,Not Applicable,0,None,88,Not Applicable,88,Not Applicable,2,Intersection,2,Four-Way Intersection,1,No,1,No,88,Not Applicable,88,Not Applicable,88,Not Applicable,88,Not Applicable,TRUE,1,Public Road,1,"Trafficway, On Road",CT0009300,New Haven PD,326,26:37.0,C,Closed,41:05.0,,,,,,,
1107588,1,Complete,1107588,1107588,41.325206,-72.918629,3599790,New Haven,93,93,New Haven,11/15/2023,2023,11,November,15,4,Wednesday,7:49:00,7,23046209,A,"Injury of any type (Serious, Minor, Possible)",B,Suspected Minor Injury (B),1,1,0,4,Local,0.22,83,CANNER ST,CANNER ST,ST RONAN ST,,,,,41.325206,-72.918629,11,Other Non-motorist,1,Front to rear,1,On Roadway,1,Clear,88,Not Applicable,1,Daylight,1,Dry,0,None,88,Not Applicable,88,Not Applicable,0,None,88,Not Applicable,88,Not Applicable,2,Intersection,2,Four-Way Intersection,1,No,1,No,88,Not Applicable,88,Not Applicable,88,Not Applicable,88,Not Applicable,FALSE,1,Public Road,1,"Trafficway, On Road",CT0009300,New Haven PD,33160,50:46.0,C,Closed,41:02.0,,,,,,,
1107594,1,Complete,1107594,1107594,41.32839775,-72.95772372,3599796,New Haven,93,93,New Haven,11/15/2023,2023,11,November,15,4,Wednesday,13:16:00,13,23046256,A,"Injury of any type (Serious, Minor, Possible)",B,Suspected Minor Injury (B),1,1,0,4,Local,0.83,56,BLAKE ST,BLAKE ST,,STONE ST,100,Feet,W,41.32839775,-72.95772372,9,Pedestrian,88,Not Applicable,1,On Roadway,1,Clear,88,Not Applicable,1,Daylight,1,Dry,0,None,88,Not Applicable,88,Not Applicable,0,None,88,Not Applicable,88,Not Applicable,1,Non-Junction,1,Not at Intersection,1,No,1,No,88,Not Applicable,88,Not Applicable,88,Not Applicable,88,Not Applicable,TRUE,1,Public Road,1,"Trafficway, On Road",CT0009300,New Haven PD,324,14:06.0,C,Closed,42:05.0,,2,7000,5,MAJOR COLLECTOR - NEW HPMS,2,Urban
1107597,1,Complete,1107597,1107597,41.31671813,-72.92425172,3599799,New Haven,93,93,New Haven,11/15/2023,2023,11,November,15,4,Wednesday,17:03:00,17,23046276,A,"Injury of any type (Serious, Minor, Possible)",C,Possible Injury (C),2,0,0,4,Local,0.36,495,PROSPECT ST,PROSPECT ST,,SACHEM STREET,190,Feet,N,41.31671813,-72.92425172,14,Motor Vehicle in Operation,3,Angle,1,On Roadway,1,Clear,88,Not Applicable,4,Dark-Lighted,1,Dry,0,None,88,Not Applicable,88,Not Applicable,0,None,88,Not Applicable,88,Not Applicable,8,Driveway Access,1,Not at Intersection,1,No,1,No,88,Not Applicable,88,Not Applicable,88,Not Applicable,88,Not Applicable,FALSE,1,Public Road,1,"Trafficway, On Road",CT0009300,New Haven PD,42052,08:40.0,C,Closed,40:58.0,,,,,,,
1107605,1,Complete,1107605,1107605,41.316796,-72.892264,3599807,New Haven,93,93,New Haven,11/16/2023,2023,11,November,16,5,Thursday,7:17:00,7,23046343,A,"Injury of any type (Serious, Minor, Possible)",C,Possible Injury (C),2,0,0,4,Local,0.26,737,PECK ST NO 2,PECK ST NO 2,CLINTON AV,,,,,41.316796,-72.892264,14,Motor Vehicle in Operation,3,Angle,1,On Roadway,1,Clear,88,Not Applicable,1,Daylight,1,Dry,0,None,88,Not Applicable,88,Not Applicable,0,None,88,Not Applicable,88,Not Applicable,2,Intersection,2,Four-Way Intersection,1,No,1,No,88,Not Applicable,88,Not Applicable,88,Not Applicable,88,Not Applicable,FALSE,1,Public Road,1,"Trafficway, On Road",CT0009300,New Haven PD,45388,35:04.0,C,Closed,41:08.0,,,,,,,
1107607,1,Complete,1107607,1107607,41.303946,-72.930397,3599809,New Haven,93,93,New Haven,11/16/2023,2023,11,November,16,5,Thursday,8:55:00,8,23046346,A,"Injury of any type (Serious, Minor, Possible)",C,Possible Injury (C),2,0,0,4,Local,0.33,809,REV DR MLK JR BLVD,REV DR MLK JR BLVD,,COLLEGE ST,165,Feet,E,41.303946,-72.930397,14,Motor Vehicle in Operation,4,"Sideswipe, same direction",1,On Roadway,1,Clear,88,Not Applicable,1,Daylight,1,Dry,0,None,88,Not Applicable,88,Not Applicable,0,None,88,Not Applicable,88,Not Applicable,1,Non-Junction,1,Not at Intersection,1,No,1,No,88,Not Applicable,88,Not Applicable,88,Not Applicable,88,Not Applicable,TRUE,1,Public Road,1,"Trafficway, On Road",CT0009300,New Haven PD,42366,17:34.0,C,Closed,41:07.0,,,,,,,
1107612,1,Complete,1107612,1107612,41.310189,-72.921897,3599814,New Haven,93,93,New Haven,11/16/2023,2023,11,November,16,5,Thursday,13:57:00,13,23046399,A,"Injury of any type (Serious, Minor, Possible)",C,Possible Injury (C),2,0,0,4,Local,0.14,271,GROVE ST,GROVE ST,,ORANGE ST,276,Feet,W,41.310189,-72.921897,14,Motor Vehicle in Operation,4,"Sideswipe, same direction",1,On Roadway,1,Clear,88,Not Applicable,1,Daylight,1,Dry,0,None,88,Not Applicable,88,Not Applicable,0,None,88,Not Applicable,88,Not Applicable,1,Non-Junction,1,Not at Intersection,1,No,1,No,88,Not Applicable,88,Not Applicable,88,Not Applicable,88,Not Applicable,FALSE,1,Public Road,1,"Trafficway, On Road",CT0009300,New Haven PD,40790,48:28.0,C,Closed,41:11.0,,,,,,,
1107617,1,Complete,1107617,1107617,41.296147,-72.939505,3599819,New Haven,93,93,New Haven,11/16/2023,2023,11,November,16,5,Thursday,15:58:00,15,23046417,A,"Injury of any type (Serious, Minor, Possible)",B,Suspected Minor Injury (B),2,0,0,4,Local,0.11,636,WEST ST,WEST ST,FRANK ST,,,,,41.296147,-72.939505,14,Motor Vehicle in Operation,3,Angle,1,On Roadway,1,Clear,88,Not Applicable,3,Dusk,1,Dry,0,None,88,Not Applicable,88,Not Applicable,0,None,88,Not Applicable,88,Not Applicable,3,Intersection-Related,2,Four-Way Intersection,1,No,1,No,88,Not Applicable,88,Not Applicable,88,Not Applicable,88,Not Applicable,FALSE,1,Public Road,1,"Trafficway, On Road",CT0009300,New Haven PD,42366,53:43.0,C,Closed,41:16.0,,,,,,,
1107623,1,Complete,1107623,1107623,41.290643,-72.900445,3599825,New Haven,93,93,New Haven,11/17/2023,2023,11,November,17,6,Friday,4:00:00,4,23046495,A,"Injury of any type (Serious, Minor, Possible)",C,Possible Injury (C),2,0,0,4,Local,0.24,243,FULTON TER,FULTON TER,ALABAMA ST,,,,,41.290643,-72.900445,14,Motor Vehicle in Operation,3,Angle,1,On Roadway,1,Clear,88,Not Applicable,5,Dark-Not Lighted,1,Dry,0,None,88,Not Applicable,88,Not Applicable,0,None,88,Not Applicable,88,Not Applicable,2,Intersection,2,Four-Way Intersection,1,No,1,No,88,Not Applicable,88,Not Applicable,88,Not Applicable,88,Not Applicable,FALSE,1,Public Road,1,"Trafficway, On Road",CT0009300,New Haven PD,180,31:41.0,C,Closed,42:27.0,23046495,,,,,,
1107628,1,Complete,1107628,1107628,41.32454,-72.93516,3599830,New Haven,93,93,New Haven,11/17/2023,2023,11,November,17,6,Friday,9:57:00,9,23046529,A,"Injury of any type (Serious, Minor, Possible)",C,Possible Injury (C),2,0,1,4,Local,0.83,152,DIXWELL AV,DIXWELL AV,ARGYLE ST,,,,,41.32454,-72.93516,14,Motor Vehicle in Operation,3,Angle,1,On Roadway,1,Clear,88,Not Applicable,1,Daylight,1,Dry,0,None,88,Not Applicable,88,Not Applicable,0,None,88,Not Applicable,88,Not Applicable,2,Intersection,3,T-Intersection,1,No,1,No,88,Not Applicable,88,Not Applicable,88,Not Applicable,88,Not Applicable,FALSE,1,Public Road,1,"Trafficway, On Road",CT0009300,New Haven PD,11439,14:55.0,C,Closed,41:20.0,,,,,,,