CrashId,Fatal Case Status,Fatal Case Status Text Format,CrashId,CrashId,Latitude,Longitude,DOT Case Number,Town Name,Town Number,Town Number,Town Number Text Format,Date Of Crash,Year,Month,Month Text Format,Day,Day of the Week,Day of the Week Text Format,Time of Crash,Hour of the Day,Case Identifier,Crash Severity,Crash Severity Text Format,Most Severe Injury,Most Severe Injury Text Format,Number Of Motor Vehicles,Number Of Non-Motorist,Number Of Witnesses,Route Class,Route Class Text Format,Milemarker,Road Number,Road Description,Roadway Name,Intersecting Roadway Name,Landmark Description,Distance From Nearest Landmark,Unit Of Measure From Nearest Landmark,Direction From Nearest Landmark,Latitude,Longitude,First Harmful Event,First Harmful Event Text Format,Manner of Crash / Collision Impact,Manner of Crash / Collision Impact Text Format,Location of First Harmful Event,Location of First Harmful Event Text Format,Weather Condition,Weather Condition Text Format,Weather 2,Weather 2 Text Format,Light Condition,Light Condition Text Format,Road Surface Condition,Road Surface Condition Text Format,"Contributing Circumstances, Environment","Contributing Circumstances, Environment Text Format",Environment 2,Environment 2 Text Format,Environment 3,Environment 3 Text Format,"Contributing Circumstances, Road","Contributing Circumstances, Road Text Format",Road 2,Road 2 Text Format,Road 3,Road 3 Text Format,Crash Specific Location,Crash Specific Location Text Format,Type of Intersection,Type of Intersection Text Format,School Bus Related,School Bus Related Text Format,Work Zone Related,Work Zone Related Text Format,Location Of Crash Relative To Work Zone,Location Of Crash Relative To Work Zone Text Format,Type of Work Zone,Type of Work Zone Text Format,Worker Presence,Worker Presence Text Format,Law Enforcement Presence,Law Enforcement Presence Text Format,Were Vehicles Moved Prior To Police Arrival,Trafficway Ownership,Trafficway Ownership Text Format,Trafficway Class,Trafficway Class Text Format,Police Agency,Police Agency Text Format,Badge Number,Approval Date,Police Case Status,Police Case Status Text Format,Crash Report Submission Date,Related Case Identifiers,No. of Through Lanes (Log Dir.),Average Daily Traffic,Functional Classification,Functional Classification Text Format,Rural or Urban,Rural or Urban Text Format
1107634,1,Complete,1107634,1107634,41.325351,-72.912701,3599836,New Haven,93,93,New Haven,11/17/2023,2023,11,November,17,6,Friday,18:30:00,18,23046601,A,"Injury of any type (Serious, Minor, Possible)",C,Possible Injury (C),2,0,0,4,Local,0.16,116,COLD SPRING ST,COLD SPRING ST,LIVINGSTON ST,,,,,41.325351,-72.912701,14,Motor Vehicle in Operation,3,Angle,1,On Roadway,1,Clear,88,Not Applicable,4,Dark-Lighted,1,Dry,0,None,88,Not Applicable,88,Not Applicable,0,None,88,Not Applicable,88,Not Applicable,2,Intersection,2,Four-Way Intersection,1,No,1,No,88,Not Applicable,88,Not Applicable,88,Not Applicable,88,Not Applicable,FALSE,1,Public Road,1,"Trafficway, On Road",CT0009300,New Haven PD,44045,37:01.0,C,Closed,41:33.0,,,,,,,
1107635,1,Complete,1107635,1107635,41.30925,-72.895554,3599837,New Haven,93,93,New Haven,11/17/2023,2023,11,November,17,6,Friday,18:50:00,18,23046602,A,"Injury of any type (Serious, Minor, Possible)",C,Possible Injury (C),2,0,0,4,Local,0.73,213,FERRY ST,FERRY ST,,GRAND AVE,65,Feet,N,41.30925,-72.895554,14,Motor Vehicle in Operation,4,"Sideswipe, same direction",1,On Roadway,1,Clear,88,Not Applicable,4,Dark-Lighted,1,Dry,0,None,88,Not Applicable,88,Not Applicable,0,None,88,Not Applicable,88,Not Applicable,3,Intersection-Related,2,Four-Way Intersection,1,No,1,No,88,Not Applicable,88,Not Applicable,88,Not Applicable,88,Not Applicable,FALSE,1,Public Road,1,"Trafficway, On Road",CT0009300,New Haven PD,193,42:41.0,C,Closed,41:27.0,,,,,,,
1107640,1,Complete,1107640,1107640,41.333807,-72.976182,3599842,New Haven,93,93,New Haven,11/18/2023,2023,11,November,18,7,Saturday,10:34:00,10,23046671,A,"Injury of any type (Serious, Minor, Possible)",C,Possible Injury (C),2,0,0,3,State,1.23,63,63-N,63-N,,GLEN VIEW TER,122,Feet,S,41.333807,-72.976182,14,Motor Vehicle in Operation,1,Front to rear,1,On Roadway,1,Clear,88,Not Applicable,1,Daylight,1,Dry,0,None,88,Not Applicable,88,Not Applicable,0,None,88,Not Applicable,88,Not Applicable,1,Non-Junction,1,Not at Intersection,1,No,1,No,88,Not Applicable,88,Not Applicable,88,Not Applicable,88,Not Applicable,FALSE,1,Public Road,1,"Trafficway, On Road",CT0009300,New Haven PD,62,36:33.0,C,Closed,41:28.0,,1,27000,3,PRINCIPAL ARTERIAL - OTHER - NEW HPMS,2,Urban
1107644,1,Complete,1107644,1107644,41.32032565,-72.86855455,3599846,New Haven,93,93,New Haven,11/18/2023,2023,11,November,18,7,Saturday,13:34:00,13,23046693,A,"Injury of any type (Serious, Minor, Possible)",A,Suspected Serious Injury (A),3,0,0,3,State,0.74,80,80-E,80-E,,OLD FOXON RD,50,Feet,E,41.32032565,-72.86855455,14,Motor Vehicle in Operation,1,Front to rear,1,On Roadway,1,Clear,88,Not Applicable,1,Daylight,1,Dry,0,None,88,Not Applicable,88,Not Applicable,0,None,88,Not Applicable,88,Not Applicable,1,Non-Junction,1,Not at Intersection,1,No,1,No,88,Not Applicable,88,Not Applicable,88,Not Applicable,88,Not Applicable,FALSE,1,Public Road,1,"Trafficway, On Road",CT0009300,New Haven PD,45388,07:51.0,C,Closed,42:45.0,,2,23400,3,PRINCIPAL ARTERIAL - OTHER - NEW HPMS,2,Urban
1107669,1,Complete,1107669,1107669,41.329347,-72.969069,3599871,New Haven,93,93,New Haven,11/18/2023,2023,11,November,18,7,Saturday,17:58:00,17,23046719,A,"Injury of any type (Serious, Minor, Possible)",C,Possible Injury (C),2,0,0,3,State,0.72,63,63-N,63-N,,DAYTON ST,120,Feet,W,41.329347,-72.969069,14,Motor Vehicle in Operation,3,Angle,1,On Roadway,1,Clear,88,Not Applicable,4,Dark-Lighted,1,Dry,0,None,88,Not Applicable,88,Not Applicable,0,None,88,Not Applicable,88,Not Applicable,1,Non-Junction,1,Not at Intersection,1,No,1,No,88,Not Applicable,88,Not Applicable,88,Not Applicable,88,Not Applicable,TRUE,1,Public Road,1,"Trafficway, On Road",CT0009300,New Haven PD,45403,42:36.0,C,Closed,41:34.0,,2,23000,3,PRINCIPAL ARTERIAL - OTHER - NEW HPMS,1,Rural
1107672,1,Complete,1107672,1107672,41.326288,-72.9600103,3599874,New Haven,93,93,New Haven,11/18/2023,2023,11,November,18,7,Saturday,22:30:00,22,23046749,A,"Injury of any type (Serious, Minor, Possible)",B,Suspected Minor Injury (B),1,0,0,3,State,6.64,243,243-E,243-E,CENTRAL AV,,,,,41.326288,-72.9600103,33,Utility Pole/Light Support,88,Not Applicable,4,Roadside,1,Clear,88,Not Applicable,4,Dark-Lighted,1,Dry,0,None,88,Not Applicable,88,Not Applicable,0,None,88,Not Applicable,88,Not Applicable,2,Intersection,3,T-Intersection,1,No,1,No,88,Not Applicable,88,Not Applicable,88,Not Applicable,88,Not Applicable,FALSE,1,Public Road,1,"Trafficway, On Road",CT0009300,New Haven PD,45403,28:24.0,C,Closed,41:46.0,,2,9700,4,MINOR ARTERIAL - NEW HPMS,2,Urban
1107673,1,Complete,1107673,1107673,41.316295,-72.897307,3599875,New Haven,93,93,New Haven,11/18/2023,2023,11,November,18,7,Saturday,22:26:00,22,23046753,A,"Injury of any type (Serious, Minor, Possible)",C,Possible Injury (C),1,1,1,4,Local,0.23,213,FERRY ST,FERRY ST,,Peck St,15,Feet,N,41.316295,-72.897307,9,Pedestrian,88,Not Applicable,1,On Roadway,1,Clear,88,Not Applicable,5,Dark-Not Lighted,1,Dry,99,Unknown,88,Not Applicable,88,Not Applicable,99,Unknown,88,Not Applicable,88,Not Applicable,3,Intersection-Related,2,Four-Way Intersection,1,No,1,No,88,Not Applicable,88,Not Applicable,88,Not Applicable,88,Not Applicable,FALSE,1,Public Road,1,"Trafficway, On Road",CT0009300,New Haven PD,36335,26:35.0,O,Open,42:59.0,,2,13500,4,MINOR ARTERIAL - NEW HPMS,2,Urban
1107676,1,Complete,1107676,1107676,41.311169,-72.93414,3599878,New Haven,93,93,New Haven,11/19/2023,2023,11,November,19,1,Sunday,2:09:00,2,23046765,A,"Injury of any type (Serious, Minor, Possible)",C,Possible Injury (C),1,1,2,4,Local,0.38,310,HOWE ST,HOWE ST,,Edgewood AVE,195,Feet,N,41.311169,-72.93414,9,Pedestrian,88,Not Applicable,1,On Roadway,1,Clear,88,Not Applicable,6,Dark-Unknown Lighting,1,Dry,0,None,88,Not Applicable,88,Not Applicable,0,None,88,Not Applicable,88,Not Applicable,1,Non-Junction,1,Not at Intersection,1,No,1,No,88,Not Applicable,88,Not Applicable,88,Not Applicable,88,Not Applicable,FALSE,1,Public Road,1,"Trafficway, On Road",CT0009300,New Haven PD,44052,22:08.0,C,Closed,41:43.0,,2,6100,4,MINOR ARTERIAL - NEW HPMS,2,Urban
1107677,1,Complete,1107677,1107677,41.3141,-72.90398,3599879,New Haven,93,93,New Haven,11/19/2023,2023,11,November,19,1,Sunday,2:32:00,2,23046768,A,"Injury of any type (Serious, Minor, Possible)",C,Possible Injury (C),2,0,0,4,Local,0.92,316,HUMPHREY ST,HUMPHREY ST,JAMES ST,,,,,41.3141,-72.90398,14,Motor Vehicle in Operation,3,Angle,1,On Roadway,1,Clear,88,Not Applicable,4,Dark-Lighted,1,Dry,99,Unknown,88,Not Applicable,88,Not Applicable,99,Unknown,88,Not Applicable,88,Not Applicable,2,Intersection,2,Four-Way Intersection,1,No,1,No,88,Not Applicable,88,Not Applicable,88,Not Applicable,88,Not Applicable,FALSE,1,Public Road,1,"Trafficway, On Road",CT0009300,New Haven PD,36335,17:05.0,O,Open,43:14.0,,,,,,,
1107682,1,Complete,1107682,1107682,41.328104,-72.917567,3599884,New Haven,93,93,New Haven,11/19/2023,2023,11,November,19,1,Sunday,13:17:00,13,23046811,A,"Injury of any type (Serious, Minor, Possible)",C,Possible Injury (C),2,0,0,4,Local,0.59,540,ST RONAN ST,ST RONAN ST,,HIGHLAND ST,40,Feet,S,41.328104,-72.917567,14,Motor Vehicle in Operation,1,Front to rear,1,On Roadway,1,Clear,88,Not Applicable,1,Daylight,1,Dry,0,None,88,Not Applicable,88,Not Applicable,0,None,88,Not Applicable,88,Not Applicable,3,Intersection-Related,2,Four-Way Intersection,1,No,1,No,88,Not Applicable,88,Not Applicable,88,Not Applicable,88,Not Applicable,FALSE,1,Public Road,1,"Trafficway, On Road",CT0009300,New Haven PD,32,21:10.0,C,Closed,41:57.0,,,,,,,
1107683,1,Complete,1107683,1107683,41.28841,-72.89104,3599885,New Haven,93,93,New Haven,11/19/2023,2023,11,November,19,1,Sunday,15:20:00,15,23046820,A,"Injury of any type (Serious, Minor, Possible)",C,Possible Injury (C),2,0,0,4,Local,0.08,388,MAIN ST NO 2,MAIN ST NO 2,BEACON AV,,,,,41.28841,-72.89104,14,Motor Vehicle in Operation,3,Angle,1,On Roadway,1,Clear,88,Not Applicable,1,Daylight,1,Dry,0,None,88,Not Applicable,88,Not Applicable,0,None,88,Not Applicable,88,Not Applicable,2,Intersection,3,T-Intersection,1,No,1,No,88,Not Applicable,88,Not Applicable,88,Not Applicable,88,Not Applicable,FALSE,1,Public Road,1,"Trafficway, On Road",CT0009300,New Haven PD,45625,52:10.0,C,Closed,41:48.0,,,,,,,
1107684,1,Complete,1107684,1107684,41.303631,-72.931446,3599886,New Haven,93,93,New Haven,11/19/2023,2023,11,November,19,1,Sunday,16:07:00,16,23046822,A,"Injury of any type (Serious, Minor, Possible)",C,Possible Injury (C),2,0,0,4,Local,0.09,564,SOUTH FRONTAGE RD,SOUTH FRONTAGE RD,COLLEGE ST,,,,,41.303631,-72.931446,14,Motor Vehicle in Operation,3,Angle,1,On Roadway,1,Clear,88,Not Applicable,1,Daylight,1,Dry,0,None,88,Not Applicable,88,Not Applicable,0,None,88,Not Applicable,88,Not Applicable,2,Intersection,2,Four-Way Intersection,1,No,1,No,88,Not Applicable,88,Not Applicable,88,Not Applicable,88,Not Applicable,TRUE,1,Public Road,1,"Trafficway, On Road",CT0009300,New Haven PD,44048,29:45.0,C,Closed,41:48.0,,,,,,,
1107691,1,Complete,1107691,1107691,41.284872,-72.934917,3599893,New Haven,93,93,New Haven,11/20/2023,2023,11,November,20,2,Monday,0:45:00,0,23046873,A,"Injury of any type (Serious, Minor, Possible)",C,Possible Injury (C),2,0,0,3,State,0.34,10,10-N,10-N,,95-S-368,90,Feet,N,41.284872,-72.934917,14,Motor Vehicle in Operation,3,Angle,1,On Roadway,1,Clear,88,Not Applicable,5,Dark-Not Lighted,1,Dry,0,None,88,Not Applicable,88,Not Applicable,0,None,88,Not Applicable,88,Not Applicable,1,Non-Junction,1,Not at Intersection,1,No,1,No,88,Not Applicable,88,Not Applicable,88,Not Applicable,88,Not Applicable,FALSE,1,Public Road,1,"Trafficway, On Road",CT0009300,New Haven PD,33016,51:05.0,C,Closed,42:12.0,,2,18600,3,PRINCIPAL ARTERIAL - OTHER - NEW HPMS,2,Urban
1107701,1,Complete,1107701,1107701,41.308523,-72.912365,3599903,New Haven,93,93,New Haven,11/22/2023,2023,11,November,22,4,Wednesday,6:50:00,6,23047056,A,"Injury of any type (Serious, Minor, Possible)",A,Suspected Serious Injury (A),2,0,1,4,Local,1.38,264,GRAND AV,GRAND AV,HAMILTON ST NO 2,,,,,41.308523,-72.912365,14,Motor Vehicle in Operation,3,Angle,1,On Roadway,1,Clear,88,Not Applicable,1,Daylight,1,Dry,0,None,88,Not Applicable,88,Not Applicable,0,None,88,Not Applicable,88,Not Applicable,2,Intersection,2,Four-Way Intersection,1,No,1,No,88,Not Applicable,88,Not Applicable,88,Not Applicable,88,Not Applicable,FALSE,1,Public Road,1,"Trafficway, On Road",CT0009300,New Haven PD,33016,02:41.0,C,Closed,43:01.0,,,,,,,
1107702,1,Complete,1107702,1107702,41.30676,-72.94645,3599904,New Haven,93,93,New Haven,11/21/2023,2023,11,November,21,3,Tuesday,6:51:00,6,23047057,A,"Injury of any type (Serious, Minor, Possible)",B,Suspected Minor Injury (B),2,0,0,4,Local,1.23,809,REV DR MLK JR BLVD,REV DR MLK JR BLVD,SHERMAN AV,,,,,41.30676,-72.94645,14,Motor Vehicle in Operation,3,Angle,1,On Roadway,1,Clear,88,Not Applicable,1,Daylight,1,Dry,0,None,88,Not Applicable,88,Not Applicable,0,None,88,Not Applicable,88,Not Applicable,2,Intersection,2,Four-Way Intersection,1,No,1,No,88,Not Applicable,88,Not Applicable,88,Not Applicable,88,Not Applicable,TRUE,1,Public Road,1,"Trafficway, On Road",CT0009300,New Haven PD,476,43:32.0,C,Closed,42:04.0,,,,,,,
1107713,1,Complete,1107713,1107713,41.316313,-72.942595,3599915,New Haven,93,93,New Haven,11/21/2023,2023,11,November,21,3,Tuesday,19:09:00,19,23047201,A,"Injury of any type (Serious, Minor, Possible)",C,Possible Injury (C),1,2,0,4,Local,0.75,556,SHERMAN AV,SHERMAN AV,,WHALLEY AVE,90,Feet,S,41.316313,-72.942595,9,Pedestrian,88,Not Applicable,1,On Roadway,4,Rain,88,Not Applicable,4,Dark-Lighted,2,Wet,99,Unknown,88,Not Applicable,88,Not Applicable,0,None,88,Not Applicable,88,Not Applicable,1,Non-Junction,1,Not at Intersection,1,No,1,No,88,Not Applicable,88,Not Applicable,88,Not Applicable,88,Not Applicable,FALSE,1,Public Road,1,"Trafficway, On Road",CT0009300,New Haven PD,276,40:42.0,C,Closed,42:08.0,23047201,4,10900,4,MINOR ARTERIAL - NEW HPMS,2,Urban
1107714,1,Complete,1107714,1107714,41.325548,-72.922773,3599916,New Haven,93,93,New Haven,11/21/2023,2023,11,November,21,3,Tuesday,19:46:00,19,23047207,A,"Injury of any type (Serious, Minor, Possible)",C,Possible Injury (C),1,1,0,4,Local,0.97,495,PROSPECT ST,PROSPECT ST,CANNER ST,,,,,41.325548,-72.922773,9,Pedestrian,88,Not Applicable,1,On Roadway,4,Rain,88,Not Applicable,5,Dark-Not Lighted,2,Wet,0,None,88,Not Applicable,88,Not Applicable,0,None,88,Not Applicable,88,Not Applicable,2,Intersection,3,T-Intersection,1,No,1,No,88,Not Applicable,88,Not Applicable,88,Not Applicable,88,Not Applicable,TRUE,1,Public Road,1,"Trafficway, On Road",CT0009300,New Haven PD,42052,40:54.0,C,Closed,42:09.0,,2,7200,4,MINOR ARTERIAL - NEW HPMS,2,Urban
1107716,1,Complete,1107716,1107716,41.29745014,-72.94929845,3599918,New Haven,93,93,New Haven,11/21/2023,2023,11,November,21,3,Tuesday,22:33:00,22,23047221,A,"Injury of any type (Serious, Minor, Possible)",C,Possible Injury (C),2,0,0,2,USRoute,46.62,1,1-N,1-N,,ELLA T GRASSO BLVD,56,Feet,W,41.29745014,-72.94929845,14,Motor Vehicle in Operation,1,Front to rear,1,On Roadway,4,Rain,88,Not Applicable,4,Dark-Lighted,2,Wet,0,None,88,Not Applicable,88,Not Applicable,0,None,88,Not Applicable,88,Not Applicable,1,Non-Junction,1,Not at Intersection,1,No,1,No,88,Not Applicable,88,Not Applicable,88,Not Applicable,88,Not Applicable,FALSE,1,Public Road,1,"Trafficway, On Road",CT0009300,New Haven PD,44049,26:10.0,C,Closed,43:12.0,,2,20700,3,PRINCIPAL ARTERIAL - OTHER - NEW HPMS,2,Urban
1107724,1,Complete,1107724,1107724,41.30347,-72.89429,3599926,New Haven,93,93,New Haven,11/22/2023,2023,11,November,22,4,Wednesday,13:27:00,13,23047277,A,"Injury of any type (Serious, Minor, Possible)",B,Suspected Minor Injury (B),2,0,0,4,Local,0,795,EAST FERRY ST,EAST FERRY ST,RIVER ST,,,,,41.30347,-72.89429,14,Motor Vehicle in Operation,2,Front to front,1,On Roadway,1,Clear,88,Not Applicable,1,Daylight,1,Dry,0,None,88,Not Applicable,88,Not Applicable,0,None,88,Not Applicable,88,Not Applicable,2,Intersection,3,T-Intersection,1,No,1,No,88,Not Applicable,88,Not Applicable,88,Not Applicable,88,Not Applicable,FALSE,1,Public Road,1,"Trafficway, On Road",CT0009300,New Haven PD,45391,08:32.0,C,Closed,42:28.0,,,,,,,
1107726,1,Complete,1107726,1107726,41.30288,-72.93742,3599928,New Haven,93,93,New Haven,11/22/2023,2023,11,November,22,4,Wednesday,15:02:00,15,23047283,A,"Injury of any type (Serious, Minor, Possible)",C,Possible Injury (C),2,0,0,4,Local,0.66,141,DAVENPORT AV,DAVENPORT AV,VERNON ST,,,,,41.30288,-72.93742,14,Motor Vehicle in Operation,3,Angle,1,On Roadway,1,Clear,88,Not Applicable,1,Daylight,1,Dry,0,None,88,Not Applicable,88,Not Applicable,0,None,88,Not Applicable,88,Not Applicable,2,Intersection,2,Four-Way Intersection,1,No,1,No,88,Not Applicable,88,Not Applicable,88,Not Applicable,88,Not Applicable,FALSE,1,Public Road,1,"Trafficway, On Road",CT0009300,New Haven PD,45394,02:43.0,C,Closed,42:53.0,,,,,,,
1107731,1,Complete,1107731,1107731,41.310703,-72.930004,3599933,New Haven,93,93,New Haven,11/22/2023,2023,11,November,22,4,Wednesday,23:31:00,23,23047358,A,"Injury of any type (Serious, Minor, Possible)",C,Possible Injury (C),2,0,0,4,Local,0.2,726,ELM ST NO 2,ELM ST NO 2,YORK ST,,,,,41.310703,-72.930004,14,Motor Vehicle in Operation,3,Angle,1,On Roadway,1,Clear,88,Not Applicable,4,Dark-Lighted,1,Dry,0,None,88,Not Applicable,88,Not Applicable,0,None,88,Not Applicable,88,Not Applicable,2,Intersection,2,Four-Way Intersection,1,No,1,No,88,Not Applicable,88,Not Applicable,88,Not Applicable,88,Not Applicable,TRUE,1,Public Road,1,"Trafficway, On Road",CT0009300,New Haven PD,158,59:10.0,C,Closed,42:32.0,,,,,,,
1107734,1,Complete,1107734,1107734,41.306196,-72.894851,3599936,New Haven,93,93,New Haven,11/23/2023,2023,11,November,23,5,Thursday,17:07:00,17,23047431,A,"Injury of any type (Serious, Minor, Possible)",C,Possible Injury (C),2,0,0,4,Local,0.96,213,FERRY ST,FERRY ST,CHAMBERS ST,,,,,41.306196,-72.894851,14,Motor Vehicle in Operation,1,Front to rear,1,On Roadway,1,Clear,88,Not Applicable,4,Dark-Lighted,1,Dry,0,None,88,Not Applicable,88,Not Applicable,0,None,88,Not Applicable,88,Not Applicable,2,Intersection,3,T-Intersection,1,No,1,No,88,Not Applicable,88,Not Applicable,88,Not Applicable,88,Not Applicable,TRUE,1,Public Road,1,"Trafficway, On Road",CT0009300,New Haven PD,44951,22:53.0,C,Closed,42:32.0,,,,,,,
1107740,1,Complete,1107740,1107740,41.32388888,-72.94061332,3599942,New Haven,93,93,New Haven,11/24/2023,2023,11,November,24,6,Friday,16:08:00,16,23047501,A,"Injury of any type (Serious, Minor, Possible)",C,Possible Injury (C),1,0,0,4,Local,0.23,133,CRESCENT ST,CRESCENT ST,,MUNSON ST,58,Feet,N,41.32388888,-72.94061332,33,Utility Pole/Light Support,88,Not Applicable,4,Roadside,1,Clear,88,Not Applicable,1,Daylight,1,Dry,0,None,88,Not Applicable,88,Not Applicable,99,Unknown,88,Not Applicable,88,Not Applicable,1,Non-Junction,1,Not at Intersection,1,No,1,No,88,Not Applicable,88,Not Applicable,88,Not Applicable,88,Not Applicable,FALSE,1,Public Road,1,"Trafficway, On Road",CT0009300,New Haven PD,9,31:27.0,C,Closed,42:57.0,,4,6000,5,MAJOR COLLECTOR - NEW HPMS,2,Urban
1107743,1,Complete,1107743,1107743,41.305006,-72.936396,3599945,New Haven,93,93,New Haven,11/24/2023,2023,11,November,24,6,Friday,16:27:00,16,23047511,A,"Injury of any type (Serious, Minor, Possible)",C,Possible Injury (C),2,0,0,4,Local,0.51,463,PARK ST,PARK ST,,South St,115,Feet,N,41.305006,-72.936396,14,Motor Vehicle in Operation,3,Angle,1,On Roadway,1,Clear,88,Not Applicable,1,Daylight,1,Dry,0,None,88,Not Applicable,88,Not Applicable,0,None,88,Not Applicable,88,Not Applicable,9,Driveway Access-Related,1,Not at Intersection,1,No,1,No,88,Not Applicable,88,Not Applicable,88,Not Applicable,88,Not Applicable,FALSE,1,Public Road,1,"Trafficway, On Road",CT0009300,New Haven PD,158,39:50.0,C,Closed,42:43.0,,,,,,,
1107751,1,Complete,1107751,1107751,41.313697,-72.925088,3599953,New Haven,93,93,New Haven,11/25/2023,2023,11,November,25,7,Saturday,15:13:00,15,23047599,A,"Injury of any type (Serious, Minor, Possible)",C,Possible Injury (C),2,0,0,4,Local,0.14,495,PROSPECT ST,PROSPECT ST,,TRUMBULL ST,30,Feet,S,41.313697,-72.925088,14,Motor Vehicle in Operation,5,"Sideswipe, opposite direction",1,On Roadway,1,Clear,88,Not Applicable,1,Daylight,1,Dry,0,None,88,Not Applicable,88,Not Applicable,0,None,88,Not Applicable,88,Not Applicable,3,Intersection-Related,2,Four-Way Intersection,1,No,1,No,88,Not Applicable,88,Not Applicable,88,Not Applicable,88,Not Applicable,FALSE,1,Public Road,1,"Trafficway, On Road",CT0009300,New Haven PD,40790,47:15.0,C,Closed,42:48.0,,,,,,,
1107754,1,Complete,1107754,1107754,41.30048982,-72.94317505,3599956,New Haven,93,93,New Haven,11/25/2023,2023,11,November,25,7,Saturday,21:30:00,21,23047634,A,"Injury of any type (Serious, Minor, Possible)",C,Possible Injury (C),2,0,0,4,Local,0,672,WINTHROP AV NO 1,WINTHROP AV NO 1,DAVENPORT AV,,,,,41.30048982,-72.94317505,14,Motor Vehicle in Operation,3,Angle,1,On Roadway,1,Clear,88,Not Applicable,4,Dark-Lighted,1,Dry,0,None,88,Not Applicable,88,Not Applicable,0,None,88,Not Applicable,88,Not Applicable,2,Intersection,3,T-Intersection,1,No,1,No,88,Not Applicable,88,Not Applicable,88,Not Applicable,88,Not Applicable,FALSE,1,Public Road,1,"Trafficway, On Road",CT0009300,New Haven PD,44949,34:56.0,C,Closed,42:53.0,,,,,,,
1107757,1,Complete,1107757,1107757,41.310548,-72.934615,3599959,New Haven,93,93,New Haven,11/26/2023,2023,11,November,26,1,Sunday,0:55:00,0,23047653,A,"Injury of any type (Serious, Minor, Possible)",C,Possible Injury (C),2,0,0,4,Local,0.33,310,HOWE ST,HOWE ST,,EDGEWOOD AVE,25,,S,41.310548,-72.934615,14,Motor Vehicle in Operation,1,Front to rear,1,On Roadway,1,Clear,88,Not Applicable,4,Dark-Lighted,1,Dry,0,None,88,Not Applicable,88,Not Applicable,0,None,88,Not Applicable,88,Not Applicable,3,Intersection-Related,2,Four-Way Intersection,1,No,1,No,88,Not Applicable,88,Not Applicable,88,Not Applicable,88,Not Applicable,FALSE,1,Public Road,1,"Trafficway, On Road",CT0009300,New Haven PD,44045,43:30.0,O,Open,42:52.0,,,,,,,
1107761,1,Complete,1107761,1107761,41.3255809,-72.94726877,3599963,New Haven,93,93,New Haven,11/26/2023,2023,11,November,26,1,Sunday,19:05:00,19,23047728,A,"Injury of any type (Serious, Minor, Possible)",C,Possible Injury (C),2,0,0,4,Local,0.46,690,ELLA T GRASSO BLVD,ELLA T GRASSO BLVD,,GLEN RD,23,Feet,N,41.3255809,-72.94726877,14,Motor Vehicle in Operation,4,"Sideswipe, same direction",1,On Roadway,4,Rain,88,Not Applicable,4,Dark-Lighted,2,Wet,0,None,88,Not Applicable,88,Not Applicable,0,None,88,Not Applicable,88,Not Applicable,3,Intersection-Related,2,Four-Way Intersection,1,No,1,No,88,Not Applicable,88,Not Applicable,88,Not Applicable,88,Not Applicable,FALSE,1,Public Road,1,"Trafficway, On Road",CT0009300,New Haven PD,44339,01:02.0,C,Closed,42:59.0,,,,,,,
1107783,1,Complete,1107783,1107783,41.33132012,-72.91720589,3599985,New Haven,93,93,New Haven,11/27/2023,2023,11,November,27,2,Monday,8:41:00,8,23047778,A,"Injury of any type (Serious, Minor, Possible)",C,Possible Injury (C),3,0,0,4,Local,0.21,177,EDGEHILL RD,EDGEHILL RD,EAST ROCK RD,,,,,41.33132012,-72.91720589,14,Motor Vehicle in Operation,97,Other,1,On Roadway,1,Clear,88,Not Applicable,1,Daylight,1,Dry,0,None,88,Not Applicable,88,Not Applicable,0,None,88,Not Applicable,88,Not Applicable,2,Intersection,2,Four-Way Intersection,1,No,1,No,88,Not Applicable,88,Not Applicable,88,Not Applicable,88,Not Applicable,FALSE,1,Public Road,1,"Trafficway, On Road",CT0009300,New Haven PD,32,18:14.0,C,Closed,43:04.0,,,,,,,
1107784,1,Complete,1107784,1107784,41.33116036,-72.96742699,3599986,New Haven,93,93,New Haven,11/27/2023,2023,11,November,27,2,Monday,9:22:00,9,23047786,A,"Injury of any type (Serious, Minor, Possible)",C,Possible Injury (C),4,0,0,4,Local,0.73,612,VALLEY ST NO 1,VALLEY ST NO 1,,STRONG ST,22,Feet,E,41.33116036,-72.96742699,14,Motor Vehicle in Operation,1,Front to rear,1,On Roadway,1,Clear,88,Not Applicable,1,Daylight,1,Dry,0,None,88,Not Applicable,88,Not Applicable,8,Work Zone (construction / maintenance / utility),88,Not Applicable,88,Not Applicable,3,Intersection-Related,3,T-Intersection,1,No,2,Yes,1,Before the First Work Zone Warning Sign,1,Lane Closure,2,Yes,2,Yes,TRUE,1,Public Road,1,"Trafficway, On Road",CT0009300,New Haven PD,349,31:12.0,O,Open,43:07.0,,,,,,,
1107901,1,Complete,1107901,1107901,41.332518,-72.974993,3600103,New Haven,93,93,New Haven,11/6/2023,2023,11,November,6,2,Monday,17:30:00,17,23045043,A,"Injury of any type (Serious, Minor, Possible)",C,Possible Injury (C),2,0,0,3,State,1.12,63,63-N,63-N,RAMSDELL ST,,,,,41.332518,-72.974993,14,Motor Vehicle in Operation,3,Angle,1,On Roadway,1,Clear,88,Not Applicable,4,Dark-Lighted,1,Dry,0,None,88,Not Applicable,88,Not Applicable,0,None,88,Not Applicable,88,Not Applicable,2,Intersection,2,Four-Way Intersection,1,No,1,No,88,Not Applicable,88,Not Applicable,88,Not Applicable,88,Not Applicable,FALSE,1,Public Road,1,"Trafficway, On Road",CT0009300,New Haven PD,42045,34:35.0,C,Closed,01:48.0,,2,23000,3,PRINCIPAL ARTERIAL - OTHER - NEW HPMS,2,Urban