CrashId,Fatal Case Status,Fatal Case Status Text Format,CrashId,CrashId,Latitude,Longitude,DOT Case Number,Town Name,Town Number,Town Number,Town Number Text Format,Date Of Crash,Year,Month,Month Text Format,Day,Day of the Week,Day of the Week Text Format,Time of Crash,Hour of the Day,Case Identifier,Crash Severity,Crash Severity Text Format,Most Severe Injury,Most Severe Injury Text Format,Number Of Motor Vehicles,Number Of Non-Motorist,Number Of Witnesses,Route Class,Route Class Text Format,Milemarker,Road Number,Road Description,Roadway Name,Intersecting Roadway Name,Landmark Description,Distance From Nearest Landmark,Unit Of Measure From Nearest Landmark,Direction From Nearest Landmark,Latitude,Longitude,First Harmful Event,First Harmful Event Text Format,Manner of Crash / Collision Impact,Manner of Crash / Collision Impact Text Format,Location of First Harmful Event,Location of First Harmful Event Text Format,Weather Condition,Weather Condition Text Format,Weather 2,Weather 2 Text Format,Light Condition,Light Condition Text Format,Road Surface Condition,Road Surface Condition Text Format,"Contributing Circumstances, Environment","Contributing Circumstances, Environment Text Format",Environment 2,Environment 2 Text Format,Environment 3,Environment 3 Text Format,"Contributing Circumstances, Road","Contributing Circumstances, Road Text Format",Road 2,Road 2 Text Format,Road 3,Road 3 Text Format,Crash Specific Location,Crash Specific Location Text Format,Type of Intersection,Type of Intersection Text Format,School Bus Related,School Bus Related Text Format,Work Zone Related,Work Zone Related Text Format,Location Of Crash Relative To Work Zone,Location Of Crash Relative To Work Zone Text Format,Type of Work Zone,Type of Work Zone Text Format,Worker Presence,Worker Presence Text Format,Law Enforcement Presence,Law Enforcement Presence Text Format,Were Vehicles Moved Prior To Police Arrival,Trafficway Ownership,Trafficway Ownership Text Format,Trafficway Class,Trafficway Class Text Format,Police Agency,Police Agency Text Format,Badge Number,Approval Date,Police Case Status,Police Case Status Text Format,Crash Report Submission Date,Related Case Identifiers,No. of Through Lanes (Log Dir.),Average Daily Traffic,Functional Classification,Functional Classification Text Format,Rural or Urban,Rural or Urban Text Format
1107903,1,Complete,1107903,1107903,41.30226,-72.92457,3600105,New Haven,93,93,New Haven,11/11/2023,2023,11,November,11,7,Saturday,2:45:00,2,23045669,A,"Injury of any type (Serious, Minor, Possible)",B,Suspected Minor Injury (B),1,0,1,4,Local,1.54,575,STATE ST,STATE ST,,GEORGE ST,100,Feet,S,41.30226,-72.92457,25,Curb,88,Not Applicable,1,On Roadway,1,Clear,88,Not Applicable,4,Dark-Lighted,1,Dry,0,None,88,Not Applicable,88,Not Applicable,99,Unknown,88,Not Applicable,88,Not Applicable,1,Non-Junction,1,Not at Intersection,1,No,1,No,88,Not Applicable,88,Not Applicable,88,Not Applicable,88,Not Applicable,FALSE,1,Public Road,1,"Trafficway, On Road",CT0009300,New Haven PD,44176,25:11.0,C,Closed,01:57.0,,3,10200,3,PRINCIPAL ARTERIAL - OTHER - NEW HPMS,2,Urban
1107907,1,Complete,1107907,1107907,41.3043296,-72.9285999,3600109,New Haven,93,93,New Haven,11/22/2023,2023,11,November,22,4,Wednesday,13:45:00,13,23047278,A,"Injury of any type (Serious, Minor, Possible)",C,Possible Injury (C),2,0,1,4,Local,0.75,588,TEMPLE ST,TEMPLE ST,GEORGE ST,,,,,41.3043296,-72.9285999,14,Motor Vehicle in Operation,3,Angle,1,On Roadway,1,Clear,88,Not Applicable,1,Daylight,1,Dry,0,None,88,Not Applicable,88,Not Applicable,0,None,88,Not Applicable,88,Not Applicable,2,Intersection,2,Four-Way Intersection,1,No,1,No,88,Not Applicable,88,Not Applicable,88,Not Applicable,88,Not Applicable,TRUE,1,Public Road,1,"Trafficway, On Road",CT0009300,New Haven PD,469,57:59.0,C,Closed,01:55.0,,,,,,,
1107908,1,Complete,1107908,1107908,41.31720311,-72.97091681,3600110,New Haven,93,93,New Haven,11/22/2023,2023,11,November,22,4,Wednesday,18:12:00,18,23047323,A,"Injury of any type (Serious, Minor, Possible)",C,Possible Injury (C),2,0,0,3,State,2.65,122,122-N,122-N,CHAPEL ST,,,,,41.31720311,-72.97091681,14,Motor Vehicle in Operation,3,Angle,1,On Roadway,1,Clear,88,Not Applicable,5,Dark-Not Lighted,1,Dry,0,None,88,Not Applicable,88,Not Applicable,0,None,88,Not Applicable,88,Not Applicable,2,Intersection,3,T-Intersection,1,No,1,No,88,Not Applicable,88,Not Applicable,88,Not Applicable,88,Not Applicable,FALSE,1,Public Road,1,"Trafficway, On Road",CT0009300,New Haven PD,45397,02:15.0,C,Closed,01:57.0,,1,11800,4,MINOR ARTERIAL - NEW HPMS,1,Rural
1107910,1,Complete,1107910,1107910,41.3019,-72.928745,3600112,New Haven,93,93,New Haven,11/27/2023,2023,11,November,27,2,Monday,22:09:00,22,23047885,A,"Injury of any type (Serious, Minor, Possible)",C,Possible Injury (C),2,0,0,4,Local,0.23,104,CHURCH ST SOUTH NO 1,CHURCH ST SOUTH NO 1,,S FRONTAGE RD,50,Feet,S,41.3019,-72.928745,14,Motor Vehicle in Operation,1,Front to rear,1,On Roadway,1,Clear,88,Not Applicable,4,Dark-Lighted,1,Dry,0,None,88,Not Applicable,88,Not Applicable,0,None,88,Not Applicable,88,Not Applicable,3,Intersection-Related,2,Four-Way Intersection,1,No,1,No,88,Not Applicable,88,Not Applicable,88,Not Applicable,88,Not Applicable,FALSE,1,Public Road,1,"Trafficway, On Road",CT0009300,New Haven PD,476,20:44.0,C,Closed,01:52.0,,,,,,,
1107914,1,Complete,1107914,1107914,41.3095934,-72.9418702,3600116,New Haven,93,93,New Haven,11/28/2023,2023,11,November,28,3,Tuesday,15:51:00,15,23047977,A,"Injury of any type (Serious, Minor, Possible)",C,Possible Injury (C),3,0,0,4,Local,0.57,453,ORCHARD ST,ORCHARD ST,,GEORGE ST,142,Feet,N,41.3095934,-72.9418702,14,Motor Vehicle in Operation,1,Front to rear,1,On Roadway,1,Clear,88,Not Applicable,1,Daylight,1,Dry,0,None,88,Not Applicable,88,Not Applicable,0,None,88,Not Applicable,88,Not Applicable,1,Non-Junction,1,Not at Intersection,1,No,1,No,88,Not Applicable,88,Not Applicable,88,Not Applicable,88,Not Applicable,FALSE,1,Public Road,1,"Trafficway, On Road",CT0009300,New Haven PD,40804,49:21.0,C,Closed,01:50.0,,,,,,,
1108310,1,Complete,1108310,1108310,41.31884597,-72.94850868,3600512,New Haven,93,93,New Haven,11/28/2023,2023,11,November,28,3,Tuesday,16:27:00,16,23047984,A,"Injury of any type (Serious, Minor, Possible)",B,Suspected Minor Injury (B),2,0,0,4,Local,0.03,653,WHALLEY AV,WHALLEY AV,,ELLA T GRASS BLVD,149,Feet,E,41.31884597,-72.94850868,14,Motor Vehicle in Operation,3,Angle,1,On Roadway,1,Clear,88,Not Applicable,1,Daylight,1,Dry,0,None,88,Not Applicable,88,Not Applicable,0,None,88,Not Applicable,88,Not Applicable,9,Driveway Access-Related,1,Not at Intersection,1,No,1,No,88,Not Applicable,88,Not Applicable,88,Not Applicable,88,Not Applicable,TRUE,1,Public Road,1,"Trafficway, On Road",CT0009300,New Haven PD,45403,52:16.0,C,Closed,00:44.0,,,,,,,
1108315,1,Complete,1108315,1108315,41.299938,-72.89222,3600517,New Haven,93,93,New Haven,11/22/2023,2023,11,November,22,4,Wednesday,15:34:00,15,23048084,A,"Injury of any type (Serious, Minor, Possible)",B,Suspected Minor Injury (B),1,0,0,4,Local,0.37,210,FARREN AV,FARREN AV,,E FERRY ST,259,Feet,S,41.299938,-72.89222,1,Overturn/Rollover,88,Not Applicable,4,Roadside,1,Clear,88,Not Applicable,1,Daylight,1,Dry,99,Unknown,88,Not Applicable,88,Not Applicable,0,None,88,Not Applicable,88,Not Applicable,1,Non-Junction,1,Not at Intersection,1,No,1,No,88,Not Applicable,88,Not Applicable,88,Not Applicable,88,Not Applicable,FALSE,1,Public Road,1,"Trafficway, On Road",CT0009300,New Haven PD,801,43:48.0,C,Closed,00:50.0,,2,11400,4,MINOR ARTERIAL - NEW HPMS,2,Urban
1108934,1,Complete,1108934,1108934,41.325151,-72.960486,3601136,New Haven,93,93,New Haven,11/15/2023,2023,11,November,15,4,Wednesday,13:31:00,13,23046260,A,"Injury of any type (Serious, Minor, Possible)",C,Possible Injury (C),3,0,0,4,Local,0.11,93,CENTRAL AV,CENTRAL AV,,FOUNTAIN STREET,415,Feet,S,41.325151,-72.960486,14,Motor Vehicle in Operation,3,Angle,1,On Roadway,1,Clear,88,Not Applicable,1,Daylight,1,Dry,0,None,88,Not Applicable,88,Not Applicable,0,None,88,Not Applicable,88,Not Applicable,1,Non-Junction,1,Not at Intersection,1,No,1,No,88,Not Applicable,88,Not Applicable,88,Not Applicable,88,Not Applicable,FALSE,1,Public Road,1,"Trafficway, On Road",CT0009300,New Haven PD,225,17:11.0,C,Closed,01:50.0,,,,,,,
1108938,1,Complete,1108938,1108938,41.31009,-72.95325,3601140,New Haven,93,93,New Haven,11/29/2023,2023,11,November,29,4,Wednesday,5:45:00,5,23048025,A,"Injury of any type (Serious, Minor, Possible)",C,Possible Injury (C),2,0,1,3,State,21.88,34,34-E,34-E,10-N,,,,,41.31009,-72.95325,14,Motor Vehicle in Operation,3,Angle,1,On Roadway,1,Clear,88,Not Applicable,4,Dark-Lighted,1,Dry,0,None,88,Not Applicable,88,Not Applicable,0,None,88,Not Applicable,88,Not Applicable,2,Intersection,2,Four-Way Intersection,1,No,1,No,88,Not Applicable,88,Not Applicable,88,Not Applicable,88,Not Applicable,FALSE,1,Public Road,1,"Trafficway, On Road",CT0009300,New Haven PD,11107,15:53.0,C,Closed,01:55.0,,1,22200,3,PRINCIPAL ARTERIAL - OTHER - NEW HPMS,2,Urban
1108939,1,Complete,1108939,1108939,41.30706474,-72.93511069,3601141,New Haven,93,93,New Haven,11/29/2023,2023,11,November,29,4,Wednesday,9:00:00,9,23048036,A,"Injury of any type (Serious, Minor, Possible)",C,Possible Injury (C),2,0,0,4,Local,0.82,248,GEORGE ST,GEORGE ST,,PARK ST,20,Feet,W,41.30706474,-72.93511069,14,Motor Vehicle in Operation,1,Front to rear,1,On Roadway,1,Clear,88,Not Applicable,1,Daylight,1,Dry,0,None,88,Not Applicable,88,Not Applicable,0,None,88,Not Applicable,88,Not Applicable,3,Intersection-Related,2,Four-Way Intersection,1,No,1,No,88,Not Applicable,88,Not Applicable,88,Not Applicable,88,Not Applicable,TRUE,1,Public Road,1,"Trafficway, On Road",CT0009300,New Haven PD,263,21:55.0,C,Closed,01:51.0,,,,,,,
1108941,1,Complete,1108941,1108941,41.306309,-72.935497,3601143,New Haven,93,93,New Haven,11/30/2023,2023,11,November,30,5,Thursday,10:17:00,10,23048177,A,"Injury of any type (Serious, Minor, Possible)",B,Suspected Minor Injury (B),2,0,0,4,Local,0.64,809,REV DR MLK JR BLVD,REV DR MLK JR BLVD,PARK ST,,,,,41.306309,-72.935497,14,Motor Vehicle in Operation,3,Angle,1,On Roadway,1,Clear,88,Not Applicable,1,Daylight,1,Dry,0,None,88,Not Applicable,88,Not Applicable,0,None,88,Not Applicable,88,Not Applicable,2,Intersection,3,T-Intersection,1,No,1,No,88,Not Applicable,88,Not Applicable,88,Not Applicable,88,Not Applicable,TRUE,1,Public Road,1,"Trafficway, On Road",CT0009300,New Haven PD,45400,58:44.0,C,Closed,01:51.0,,,,,,,
1108944,1,Complete,1108944,1108944,41.29446,-72.94123,3601146,New Haven,93,93,New Haven,11/30/2023,2023,11,November,30,5,Thursday,16:40:00,16,23048220,A,"Injury of any type (Serious, Minor, Possible)",C,Possible Injury (C),2,0,0,4,Local,0.11,114,CLOVER PL,CLOVER PL,FRANK ST,,,,,41.29446,-72.94123,14,Motor Vehicle in Operation,4,"Sideswipe, same direction",1,On Roadway,1,Clear,88,Not Applicable,1,Daylight,1,Dry,0,None,88,Not Applicable,88,Not Applicable,0,None,88,Not Applicable,88,Not Applicable,3,Intersection-Related,3,T-Intersection,2,"Yes, School Bus Directly Involved",1,No,88,Not Applicable,88,Not Applicable,88,Not Applicable,88,Not Applicable,FALSE,1,Public Road,1,"Trafficway, On Road",CT0009300,New Haven PD,42366,00:31.0,C,Closed,01:54.0,,,,,,,
1108946,1,Complete,1108946,1108946,41.296242,-72.928305,3601148,New Haven,93,93,New Haven,11/30/2023,2023,11,November,30,5,Thursday,21:34:00,21,23048260,A,"Injury of any type (Serious, Minor, Possible)",B,Suspected Minor Injury (B),2,0,0,2,USRoute,47.84,1,1-N,1-N,CHURCH ST SOUTH NO 2,,,,,41.296242,-72.928305,14,Motor Vehicle in Operation,3,Angle,1,On Roadway,1,Clear,88,Not Applicable,4,Dark-Lighted,1,Dry,0,None,88,Not Applicable,88,Not Applicable,0,None,88,Not Applicable,88,Not Applicable,2,Intersection,2,Four-Way Intersection,1,No,1,No,88,Not Applicable,88,Not Applicable,88,Not Applicable,88,Not Applicable,FALSE,1,Public Road,1,"Trafficway, On Road",CT0009300,New Haven PD,42366,37:41.0,C,Closed,01:53.0,,1,9500,3,PRINCIPAL ARTERIAL - OTHER - NEW HPMS,1,Rural
1109348,1,Complete,1109348,1109348,41.31679,-72.93336,3601550,New Haven,93,93,New Haven,11/17/2023,2023,11,November,17,6,Friday,13:01:00,13,23046552,A,"Injury of any type (Serious, Minor, Possible)",A,Suspected Serious Injury (A),2,0,0,4,Local,0.28,152,DIXWELL AV,DIXWELL AV,WEBSTER ST,,,,,41.31679,-72.93336,14,Motor Vehicle in Operation,3,Angle,1,On Roadway,1,Clear,88,Not Applicable,1,Daylight,1,Dry,0,None,88,Not Applicable,88,Not Applicable,0,None,88,Not Applicable,88,Not Applicable,2,Intersection,2,Four-Way Intersection,1,No,1,No,88,Not Applicable,88,Not Applicable,88,Not Applicable,88,Not Applicable,FALSE,1,Public Road,1,"Trafficway, On Road",CT0009300,New Haven PD,991,04:00.0,C,Closed,00:38.0,,,,,,,
1109354,1,Complete,1109354,1109354,41.29614276,-72.93951146,3601556,New Haven,93,93,New Haven,11/28/2023,2023,11,November,28,3,Tuesday,16:32:00,16,23047987,A,"Injury of any type (Serious, Minor, Possible)",C,Possible Injury (C),2,0,0,4,Local,0.11,636,WEST ST,WEST ST,FRANK ST,,,,,41.29614276,-72.93951146,14,Motor Vehicle in Operation,3,Angle,1,On Roadway,1,Clear,88,Not Applicable,5,Dark-Not Lighted,1,Dry,0,None,88,Not Applicable,88,Not Applicable,0,None,88,Not Applicable,88,Not Applicable,2,Intersection,2,Four-Way Intersection,1,No,1,No,88,Not Applicable,88,Not Applicable,88,Not Applicable,88,Not Applicable,FALSE,1,Public Road,1,"Trafficway, On Road",CT0009300,New Haven PD,44953,54:44.0,C,Closed,00:49.0,,,,,,,
1109358,1,Complete,1109358,1109358,41.314439,-72.90173,3601560,New Haven,93,93,New Haven,11/30/2023,2023,11,November,30,5,Thursday,12:55:00,12,23048206,A,"Injury of any type (Serious, Minor, Possible)",C,Possible Injury (C),2,0,0,4,Local,0.12,379,LOMBARD ST,LOMBARD ST,MONROE ST,,,,,41.314439,-72.90173,14,Motor Vehicle in Operation,3,Angle,1,On Roadway,1,Clear,88,Not Applicable,1,Daylight,1,Dry,99,Unknown,88,Not Applicable,88,Not Applicable,0,None,88,Not Applicable,88,Not Applicable,2,Intersection,2,Four-Way Intersection,1,No,1,No,88,Not Applicable,88,Not Applicable,88,Not Applicable,88,Not Applicable,TRUE,1,Public Road,1,"Trafficway, On Road",CT0009300,New Haven PD,980,15:02.0,C,Closed,00:39.0,,,,,,,
1109363,1,Complete,1109363,1109363,41.322177,-72.938522,3601565,New Haven,93,93,New Haven,12/2/2023,2023,12,December,2,7,Saturday,7:05:00,7,23048311,A,"Injury of any type (Serious, Minor, Possible)",C,Possible Injury (C),4,0,0,4,Local,0.18,557,SHERMAN PKWY,SHERMAN PKWY,,MUNSON ST,200,Feet,S,41.322177,-72.938522,14,Motor Vehicle in Operation,5,"Sideswipe, opposite direction",1,On Roadway,1,Clear,88,Not Applicable,1,Daylight,1,Dry,0,None,88,Not Applicable,88,Not Applicable,0,None,88,Not Applicable,88,Not Applicable,1,Non-Junction,1,Not at Intersection,1,No,1,No,88,Not Applicable,88,Not Applicable,88,Not Applicable,88,Not Applicable,FALSE,1,Public Road,1,"Trafficway, On Road",CT0009300,New Haven PD,45630,15:42.0,C,Closed,00:46.0,,,,,,,
1109368,1,Complete,1109368,1109368,41.3275,-72.93294,3601570,New Haven,93,93,New Haven,12/1/2023,2023,12,December,1,6,Friday,18:06:00,18,23048358,A,"Injury of any type (Serious, Minor, Possible)",A,Suspected Serious Injury (A),1,1,0,4,Local,0.37,552,SHELTON AV,SHELTON AV,,THOMPSON ST,33,Feet,S,41.3275,-72.93294,9,Pedestrian,88,Not Applicable,1,On Roadway,4,Rain,88,Not Applicable,4,Dark-Lighted,2,Wet,1,Weather Conditions,88,Not Applicable,88,Not Applicable,0,None,88,Not Applicable,88,Not Applicable,2,Intersection,2,Four-Way Intersection,1,No,1,No,88,Not Applicable,88,Not Applicable,88,Not Applicable,88,Not Applicable,FALSE,1,Public Road,1,"Trafficway, On Road",CT0009300,New Haven PD,44948,08:13.0,C,Closed,00:47.0,23048358,2,4400,5,MAJOR COLLECTOR - NEW HPMS,2,Urban
1109371,1,Complete,1109371,1109371,41.320563,-72.951305,3601573,New Haven,93,93,New Haven,12/1/2023,2023,12,December,1,6,Friday,22:18:00,22,23048380,A,"Injury of any type (Serious, Minor, Possible)",C,Possible Injury (C),2,1,0,3,State,3.19,10,10-N,10-N,,HOBART ST,100,Feet,W,41.320563,-72.951305,14,Motor Vehicle in Operation,4,"Sideswipe, same direction",1,On Roadway,4,Rain,88,Not Applicable,4,Dark-Lighted,2,Wet,0,None,88,Not Applicable,88,Not Applicable,0,None,88,Not Applicable,88,Not Applicable,1,Non-Junction,1,Not at Intersection,1,No,1,No,88,Not Applicable,88,Not Applicable,88,Not Applicable,88,Not Applicable,TRUE,1,Public Road,1,"Trafficway, On Road",CT0009300,New Haven PD,42366,55:09.0,O,Open,00:44.0,,2,18100,3,PRINCIPAL ARTERIAL - OTHER - NEW HPMS,2,Urban
1109377,1,Complete,1109377,1109377,41.315934,-72.872857,3601579,New Haven,93,93,New Haven,12/2/2023,2023,12,December,2,7,Saturday,14:06:00,14,23048458,A,"Injury of any type (Serious, Minor, Possible)",A,Suspected Serious Injury (A),2,0,1,4,Local,0.64,167,EASTERN ST,EASTERN ST,Bella Vista Dr,,,,,41.315934,-72.872857,14,Motor Vehicle in Operation,3,Angle,1,On Roadway,1,Clear,88,Not Applicable,1,Daylight,1,Dry,0,None,88,Not Applicable,88,Not Applicable,0,None,88,Not Applicable,88,Not Applicable,2,Intersection,3,T-Intersection,1,No,1,No,88,Not Applicable,88,Not Applicable,88,Not Applicable,88,Not Applicable,FALSE,1,Public Road,1,"Trafficway, On Road",CT0009300,New Haven PD,416,18:30.0,C,Closed,00:53.0,,,,,,,
1109387,1,Complete,1109387,1109387,41.3169348,-72.9431812,3601589,New Haven,93,93,New Haven,12/3/2023,2023,12,December,3,1,Sunday,19:22:00,19,23048583,A,"Injury of any type (Serious, Minor, Possible)",C,Possible Injury (C),3,0,0,4,Local,0.34,653,WHALLEY AV,WHALLEY AV,,CARMEL ST,75,Feet,E,41.3169348,-72.9431812,14,Motor Vehicle in Operation,1,Front to rear,1,On Roadway,4,Rain,88,Not Applicable,4,Dark-Lighted,2,Wet,0,None,88,Not Applicable,88,Not Applicable,0,None,88,Not Applicable,88,Not Applicable,1,Non-Junction,1,Not at Intersection,1,No,1,No,88,Not Applicable,88,Not Applicable,88,Not Applicable,88,Not Applicable,TRUE,1,Public Road,1,"Trafficway, On Road",CT0009300,New Haven PD,45403,24:42.0,C,Closed,00:59.0,,,,,,,
1109946,1,Complete,1109946,1109946,41.29337,-72.93302,3602148,New Haven,93,93,New Haven,12/4/2023,2023,12,December,4,2,Monday,18:11:00,18,23045868,A,"Injury of any type (Serious, Minor, Possible)",B,Suspected Minor Injury (B),1,1,0,4,Local,0.92,308,HOWARD AV,HOWARD AV,ROSETTE ST,,,,,41.29337,-72.93302,9,Pedestrian,88,Not Applicable,1,On Roadway,1,Clear,88,Not Applicable,3,Dusk,1,Dry,0,None,88,Not Applicable,88,Not Applicable,0,None,88,Not Applicable,88,Not Applicable,2,Intersection,2,Four-Way Intersection,1,No,1,No,88,Not Applicable,88,Not Applicable,88,Not Applicable,88,Not Applicable,FALSE,1,Public Road,1,"Trafficway, On Road",CT0009300,New Haven PD,33016,28:25.0,C,Closed,00:59.0,,2,7100,4,MINOR ARTERIAL - NEW HPMS,2,Urban
1109948,1,Complete,1109948,1109948,41.31097,-72.942802,3602150,New Haven,93,93,New Haven,11/16/2023,2023,11,November,16,5,Thursday,7:05:00,7,23046341,A,"Injury of any type (Serious, Minor, Possible)",C,Possible Injury (C),2,0,0,4,Local,2.72,97,CHAPEL ST,CHAPEL ST,,Beers St,30,Feet,W,41.31097,-72.942802,14,Motor Vehicle in Operation,3,Angle,1,On Roadway,1,Clear,88,Not Applicable,1,Daylight,1,Dry,0,None,88,Not Applicable,88,Not Applicable,0,None,88,Not Applicable,88,Not Applicable,1,Non-Junction,1,Not at Intersection,1,No,1,No,88,Not Applicable,88,Not Applicable,88,Not Applicable,88,Not Applicable,FALSE,1,Public Road,1,"Trafficway, On Road",CT0009300,New Haven PD,91,17:51.0,C,Closed,00:54.0,,,,,,,
1109952,1,Complete,1109952,1109952,41.31022,-72.921918,3602154,New Haven,93,93,New Haven,12/1/2023,2023,12,December,1,6,Friday,7:50:00,7,23048282,A,"Injury of any type (Serious, Minor, Possible)",C,Possible Injury (C),2,1,0,4,Local,0.14,271,GROVE ST,GROVE ST,,CHURCH ST,160,Feet,E,41.31022,-72.921918,10,Pedalcycle/Pedalcyclist,4,"Sideswipe, same direction",1,On Roadway,1,Clear,88,Not Applicable,1,Daylight,1,Dry,0,None,88,Not Applicable,88,Not Applicable,0,None,88,Not Applicable,88,Not Applicable,1,Non-Junction,1,Not at Intersection,1,No,1,No,88,Not Applicable,88,Not Applicable,88,Not Applicable,88,Not Applicable,TRUE,1,Public Road,1,"Trafficway, On Road",CT0009300,New Haven PD,263,31:53.0,C,Closed,00:51.0,,,,,,,
1109954,1,Complete,1109954,1109954,41.31467299,-72.95928336,3602156,New Haven,93,93,New Haven,12/2/2023,2023,12,December,2,7,Saturday,14:00:00,14,23048455,A,"Injury of any type (Serious, Minor, Possible)",C,Possible Injury (C),3,1,1,4,Local,3.63,97,CHAPEL ST,CHAPEL ST,,YALE AVE,40,Feet,W,41.31467299,-72.95928336,15,Parked Motor Vehicle,1,Front to rear,1,On Roadway,1,Clear,88,Not Applicable,1,Daylight,1,Dry,0,None,88,Not Applicable,88,Not Applicable,0,None,88,Not Applicable,88,Not Applicable,2,Intersection,2,Four-Way Intersection,1,No,1,No,88,Not Applicable,88,Not Applicable,88,Not Applicable,88,Not Applicable,FALSE,1,Public Road,1,"Trafficway, On Road",CT0009300,New Haven PD,45401,18:17.0,O,Open,00:52.0,,,,,,,
1109959,1,Complete,1109959,1109959,41.32882783,-72.97883108,3602161,New Haven,93,93,New Haven,12/4/2023,2023,12,December,4,2,Monday,8:52:00,8,23048620,A,"Injury of any type (Serious, Minor, Possible)",C,Possible Injury (C),3,0,0,3,State,5.65,243,243-E,243-E,,ramsdell st,34,Feet,E,41.32882783,-72.97883108,14,Motor Vehicle in Operation,1,Front to rear,1,On Roadway,1,Clear,88,Not Applicable,1,Daylight,1,Dry,0,None,88,Not Applicable,88,Not Applicable,0,None,88,Not Applicable,88,Not Applicable,3,Intersection-Related,3,T-Intersection,1,No,1,No,88,Not Applicable,88,Not Applicable,88,Not Applicable,88,Not Applicable,FALSE,88,Not Applicable,1,"Trafficway, On Road",CT0009300,New Haven PD,79,24:01.0,C,Closed,00:56.0,,1,9800,4,MINOR ARTERIAL - NEW HPMS,1,Rural
1109961,1,Complete,1109961,1109961,41.334,-72.9763,3602163,New Haven,93,93,New Haven,12/4/2023,2023,12,December,4,2,Monday,13:30:00,13,23048667,A,"Injury of any type (Serious, Minor, Possible)",C,Possible Injury (C),3,0,0,3,State,1.25,63,63-N,63-N,,GLEN VIEW TER,50,Feet,S,41.334,-72.9763,14,Motor Vehicle in Operation,1,Front to rear,1,On Roadway,1,Clear,88,Not Applicable,1,Daylight,1,Dry,0,None,88,Not Applicable,88,Not Applicable,0,None,88,Not Applicable,88,Not Applicable,2,Intersection,3,T-Intersection,1,No,1,No,88,Not Applicable,88,Not Applicable,88,Not Applicable,88,Not Applicable,FALSE,1,Public Road,1,"Trafficway, On Road",CT0009300,New Haven PD,79,20:24.0,C,Closed,00:57.0,,1,27000,3,PRINCIPAL ARTERIAL - OTHER - NEW HPMS,2,Urban
1110243,1,Complete,1110243,1110243,41.3026,-72.922801,3602445,New Haven,93,93,New Haven,11/2/2023,2023,11,November,2,5,Thursday,6:06:00,6,23044432,A,"Injury of any type (Serious, Minor, Possible)",B,Suspected Minor Injury (B),1,1,0,4,Local,0.09,606,UNION ST,UNION ST,FAIR ST,,,,,41.3026,-72.922801,9,Pedestrian,88,Not Applicable,1,On Roadway,1,Clear,88,Not Applicable,4,Dark-Lighted,1,Dry,0,None,88,Not Applicable,88,Not Applicable,0,None,88,Not Applicable,88,Not Applicable,2,Intersection,2,Four-Way Intersection,1,No,1,No,88,Not Applicable,88,Not Applicable,88,Not Applicable,88,Not Applicable,FALSE,1,Public Road,1,"Trafficway, On Road",CT0009300,New Haven PD,44065,21:23.0,C,Closed,00:19.0,,2,5521,7,LOCAL - NEW HPMS,2,Urban
1110248,1,Complete,1110248,1110248,41.3115419,-72.9309052,3602450,New Haven,93,93,New Haven,12/1/2023,2023,12,December,1,6,Friday,13:42:00,13,23048318,A,"Injury of any type (Serious, Minor, Possible)",C,Possible Injury (C),2,0,0,4,Local,0.05,68,BROADWAY,BROADWAY,,TOWER PARKWAY,588,Feet,E,41.3115419,-72.9309052,14,Motor Vehicle in Operation,1,Front to rear,1,On Roadway,2,Cloudy,88,Not Applicable,1,Daylight,2,Wet,0,None,88,Not Applicable,88,Not Applicable,0,None,88,Not Applicable,88,Not Applicable,1,Non-Junction,1,Not at Intersection,1,No,1,No,88,Not Applicable,88,Not Applicable,88,Not Applicable,88,Not Applicable,TRUE,1,Public Road,1,"Trafficway, On Road",CT0009300,New Haven PD,469,30:25.0,C,Closed,00:14.0,,,,,,,
1110252,1,Complete,1110252,1110252,41.308811,-72.925542,3602454,New Haven,93,93,New Haven,12/5/2023,2023,12,December,5,3,Tuesday,9:05:00,9,23048773,A,"Injury of any type (Serious, Minor, Possible)",C,Possible Injury (C),2,0,0,4,Local,0.47,726,ELM ST NO 2,ELM ST NO 2,TEMPLE ST,,,,,41.308811,-72.925542,14,Motor Vehicle in Operation,3,Angle,1,On Roadway,2,Cloudy,88,Not Applicable,1,Daylight,1,Dry,0,None,88,Not Applicable,88,Not Applicable,0,None,88,Not Applicable,88,Not Applicable,3,Intersection-Related,2,Four-Way Intersection,1,No,1,No,88,Not Applicable,88,Not Applicable,88,Not Applicable,88,Not Applicable,TRUE,1,Public Road,1,"Trafficway, On Road",CT0009300,New Haven PD,165,44:02.0,C,Closed,00:18.0,,,,,,,