CrashId,Fatal Case Status,Fatal Case Status Text Format,CrashId,CrashId,Latitude,Longitude,DOT Case Number,Town Name,Town Number,Town Number,Town Number Text Format,Date Of Crash,Year,Month,Month Text Format,Day,Day of the Week,Day of the Week Text Format,Time of Crash,Hour of the Day,Case Identifier,Crash Severity,Crash Severity Text Format,Most Severe Injury,Most Severe Injury Text Format,Number Of Motor Vehicles,Number Of Non-Motorist,Number Of Witnesses,Route Class,Route Class Text Format,Milemarker,Road Number,Road Description,Roadway Name,Intersecting Roadway Name,Landmark Description,Distance From Nearest Landmark,Unit Of Measure From Nearest Landmark,Direction From Nearest Landmark,Latitude,Longitude,First Harmful Event,First Harmful Event Text Format,Manner of Crash / Collision Impact,Manner of Crash / Collision Impact Text Format,Location of First Harmful Event,Location of First Harmful Event Text Format,Weather Condition,Weather Condition Text Format,Weather 2,Weather 2 Text Format,Light Condition,Light Condition Text Format,Road Surface Condition,Road Surface Condition Text Format,"Contributing Circumstances, Environment","Contributing Circumstances, Environment Text Format",Environment 2,Environment 2 Text Format,Environment 3,Environment 3 Text Format,"Contributing Circumstances, Road","Contributing Circumstances, Road Text Format",Road 2,Road 2 Text Format,Road 3,Road 3 Text Format,Crash Specific Location,Crash Specific Location Text Format,Type of Intersection,Type of Intersection Text Format,School Bus Related,School Bus Related Text Format,Work Zone Related,Work Zone Related Text Format,Location Of Crash Relative To Work Zone,Location Of Crash Relative To Work Zone Text Format,Type of Work Zone,Type of Work Zone Text Format,Worker Presence,Worker Presence Text Format,Law Enforcement Presence,Law Enforcement Presence Text Format,Were Vehicles Moved Prior To Police Arrival,Trafficway Ownership,Trafficway Ownership Text Format,Trafficway Class,Trafficway Class Text Format,Police Agency,Police Agency Text Format,Badge Number,Approval Date,Police Case Status,Police Case Status Text Format,Crash Report Submission Date,Related Case Identifiers,No. of Through Lanes (Log Dir.),Average Daily Traffic,Functional Classification,Functional Classification Text Format,Rural or Urban,Rural or Urban Text Format
1110498,1,Complete,1110498,1110498,41.313852,-72.925037,3602700,New Haven,93,93,New Haven,11/28/2023,2023,11,November,28,3,Tuesday,12:40:00,12,23047963,A,"Injury of any type (Serious, Minor, Possible)",C,Possible Injury (C),2,0,0,4,Local,0.15,495,PROSPECT ST,PROSPECT ST,TRUMBULL ST,,,,,41.313852,-72.925037,14,Motor Vehicle in Operation,3,Angle,1,On Roadway,1,Clear,88,Not Applicable,1,Daylight,1,Dry,0,None,88,Not Applicable,88,Not Applicable,0,None,88,Not Applicable,88,Not Applicable,2,Intersection,2,Four-Way Intersection,1,No,1,No,88,Not Applicable,88,Not Applicable,88,Not Applicable,88,Not Applicable,FALSE,1,Public Road,1,"Trafficway, On Road",CT0009300,New Haven PD,469,39:42.0,C,Closed,01:47.0,,,,,,,
1110508,1,Complete,1110508,1110508,41.334126,-72.976428,3602710,New Haven,93,93,New Haven,12/6/2023,2023,12,December,6,4,Wednesday,9:46:00,9,23048896,A,"Injury of any type (Serious, Minor, Possible)",C,Possible Injury (C),2,0,0,3,State,1.26,63,63-N,63-N,GLEN VIEW TER,,,,,41.334126,-72.976428,14,Motor Vehicle in Operation,3,Angle,1,On Roadway,1,Clear,88,Not Applicable,1,Daylight,1,Dry,0,None,88,Not Applicable,88,Not Applicable,0,None,88,Not Applicable,88,Not Applicable,2,Intersection,3,T-Intersection,1,No,1,No,88,Not Applicable,88,Not Applicable,88,Not Applicable,88,Not Applicable,FALSE,1,Public Road,1,"Trafficway, On Road",CT0009300,New Haven PD,349,50:06.0,C,Closed,01:52.0,,1,27000,3,PRINCIPAL ARTERIAL - OTHER - NEW HPMS,2,Urban
1110512,1,Complete,1110512,1110512,41.302578,-72.930985,3602714,New Haven,93,93,New Haven,12/6/2023,2023,12,December,6,4,Wednesday,18:13:00,18,23048977,A,"Injury of any type (Serious, Minor, Possible)",A,Suspected Serious Injury (A),3,0,0,4,Local,0.95,123,CONGRESS AV,CONGRESS AV,LAFAYETTE ST,,,,,41.302578,-72.930985,14,Motor Vehicle in Operation,2,Front to front,2,Shoulder,1,Clear,88,Not Applicable,4,Dark-Lighted,1,Dry,0,None,88,Not Applicable,88,Not Applicable,0,None,88,Not Applicable,88,Not Applicable,1,Non-Junction,1,Not at Intersection,1,No,1,No,88,Not Applicable,88,Not Applicable,88,Not Applicable,88,Not Applicable,FALSE,1,Public Road,1,"Trafficway, On Road",CT0009300,New Haven PD,40814,12:15.0,C,Closed,01:45.0,,,,,,,
1110513,1,Complete,1110513,1110513,41.30278,-72.910622,3602715,New Haven,93,93,New Haven,12/6/2023,2023,12,December,6,4,Wednesday,18:50:00,18,23048979,A,"Injury of any type (Serious, Minor, Possible)",C,Possible Injury (C),1,0,0,4,Local,0.92,165,EAST ST,EAST ST,,WOOSTER ST,40,Feet,N,41.30278,-72.910622,33,Utility Pole/Light Support,88,Not Applicable,1,On Roadway,1,Clear,88,Not Applicable,4,Dark-Lighted,1,Dry,0,None,88,Not Applicable,88,Not Applicable,0,None,88,Not Applicable,88,Not Applicable,1,Non-Junction,1,Not at Intersection,1,No,1,No,88,Not Applicable,88,Not Applicable,88,Not Applicable,88,Not Applicable,FALSE,1,Public Road,1,"Trafficway, On Road",CT0009300,New Haven PD,40788,49:53.0,C,Closed,01:53.0,,3,19000,4,MINOR ARTERIAL - NEW HPMS,2,Urban
1110849,1,Complete,1110849,1110849,41.315897,-72.948748,3603051,New Haven,93,93,New Haven,11/9/2023,2023,11,November,9,5,Thursday,20:51:00,20,23045526,A,"Injury of any type (Serious, Minor, Possible)",B,Suspected Minor Injury (B),2,0,0,4,Local,0.3,393,MAPLE ST,MAPLE ST,ELLSWORTH AV,,,,,41.315897,-72.948748,14,Motor Vehicle in Operation,3,Angle,1,On Roadway,1,Clear,88,Not Applicable,4,Dark-Lighted,1,Dry,0,None,88,Not Applicable,88,Not Applicable,0,None,88,Not Applicable,88,Not Applicable,2,Intersection,2,Four-Way Intersection,1,No,1,No,88,Not Applicable,88,Not Applicable,88,Not Applicable,88,Not Applicable,FALSE,1,Public Road,1,"Trafficway, On Road",CT0009300,New Haven PD,44339,57:56.0,C,Closed,00:58.0,,,,,,,
1110850,1,Complete,1110850,1110850,41.285274,-72.93074,3603052,New Haven,93,93,New Haven,11/22/2023,2023,11,November,22,4,Wednesday,21:54:00,21,23047351,A,"Injury of any type (Serious, Minor, Possible)",B,Suspected Minor Injury (B),2,0,0,4,Local,1.48,308,HOWARD AV,HOWARD AV,FIFTH ST,,,,,41.285274,-72.93074,14,Motor Vehicle in Operation,3,Angle,1,On Roadway,1,Clear,88,Not Applicable,99,Unknown,1,Dry,0,None,88,Not Applicable,88,Not Applicable,0,None,88,Not Applicable,88,Not Applicable,2,Intersection,2,Four-Way Intersection,1,No,1,No,88,Not Applicable,88,Not Applicable,88,Not Applicable,88,Not Applicable,FALSE,1,Public Road,1,"Trafficway, On Road",CT0009300,New Haven PD,40811,29:57.0,C,Closed,00:54.0,,,,,,,
1110852,1,Complete,1110852,1110852,41.3128,-72.93286,3603054,New Haven,93,93,New Haven,12/2/2023,2023,12,December,2,7,Saturday,4:00:00,4,23048403,A,"Injury of any type (Serious, Minor, Possible)",C,Possible Injury (C),2,0,0,4,Local,0.95,653,WHALLEY AV,WHALLEY AV,HOWE ST,,,,,41.3128,-72.93286,14,Motor Vehicle in Operation,3,Angle,1,On Roadway,1,Clear,88,Not Applicable,4,Dark-Lighted,2,Wet,0,None,88,Not Applicable,88,Not Applicable,0,None,88,Not Applicable,88,Not Applicable,2,Intersection,3,T-Intersection,1,No,1,No,88,Not Applicable,88,Not Applicable,88,Not Applicable,88,Not Applicable,FALSE,1,Public Road,1,"Trafficway, On Road",CT0009300,New Haven PD,45625,43:50.0,C,Closed,00:57.0,,,,,,,
1110856,1,Complete,1110856,1110856,41.31775103,-72.94977236,3603058,New Haven,93,93,New Haven,12/5/2023,2023,12,December,5,3,Tuesday,22:27:00,22,23048863,A,"Injury of any type (Serious, Minor, Possible)",C,Possible Injury (C),2,0,0,3,State,2.93,10,10-N,10-N,,ELM ST,40,Feet,N,41.31775103,-72.94977236,14,Motor Vehicle in Operation,1,Front to rear,1,On Roadway,1,Clear,88,Not Applicable,5,Dark-Not Lighted,1,Dry,99,Unknown,88,Not Applicable,88,Not Applicable,99,Unknown,88,Not Applicable,88,Not Applicable,3,Intersection-Related,2,Four-Way Intersection,1,No,1,No,88,Not Applicable,88,Not Applicable,88,Not Applicable,88,Not Applicable,FALSE,1,Public Road,1,"Trafficway, On Road",CT0009300,New Haven PD,44062,58:08.0,C,Closed,00:51.0,,1,10200,3,PRINCIPAL ARTERIAL - OTHER - NEW HPMS,1,Rural
1110859,1,Complete,1110859,1110859,41.29739203,-72.94951468,3603061,New Haven,93,93,New Haven,12/7/2023,2023,12,December,7,5,Thursday,19:25:00,19,23048986,A,"Injury of any type (Serious, Minor, Possible)",C,Possible Injury (C),3,0,0,2,USRoute,46.61,1,1-N,1-N,,ELLA GRASSO BLVD,130,Feet,W,41.29739203,-72.94951468,14,Motor Vehicle in Operation,3,Angle,1,On Roadway,1,Clear,88,Not Applicable,4,Dark-Lighted,1,Dry,0,None,88,Not Applicable,88,Not Applicable,0,None,88,Not Applicable,88,Not Applicable,3,Intersection-Related,2,Four-Way Intersection,1,No,1,No,88,Not Applicable,88,Not Applicable,88,Not Applicable,88,Not Applicable,TRUE,1,Public Road,1,"Trafficway, On Road",CT0009300,New Haven PD,158,06:02.0,O,Open,00:59.0,,2,20700,3,PRINCIPAL ARTERIAL - OTHER - NEW HPMS,2,Urban
1110868,1,Complete,1110868,1110868,41.30880004,-72.93143924,3603070,New Haven,93,93,New Haven,12/7/2023,2023,12,December,7,5,Thursday,18:51:00,18,23049093,A,"Injury of any type (Serious, Minor, Possible)",C,Possible Injury (C),2,0,1,4,Local,0.48,766,YORK ST,YORK ST,,CHAPEL ST,115,Feet,N,41.30880004,-72.93143924,14,Motor Vehicle in Operation,4,"Sideswipe, same direction",1,On Roadway,1,Clear,88,Not Applicable,5,Dark-Not Lighted,1,Dry,0,None,88,Not Applicable,88,Not Applicable,0,None,88,Not Applicable,88,Not Applicable,1,Non-Junction,1,Not at Intersection,1,No,1,No,88,Not Applicable,88,Not Applicable,88,Not Applicable,88,Not Applicable,FALSE,1,Public Road,1,"Trafficway, On Road",CT0009300,New Haven PD,42044,42:39.0,O,Open,00:55.0,,,,,,,
1111342,1,Complete,1111342,1111342,41.30619803,-72.89892668,3603544,New Haven,93,93,New Haven,11/8/2023,2023,11,November,8,4,Wednesday,18:29:00,18,23045375,A,"Injury of any type (Serious, Minor, Possible)",C,Possible Injury (C),1,0,0,4,Local,0.27,673,WOLCOTT ST,WOLCOTT ST,BLATCHLEY AV,,,,,41.30619803,-72.89892668,33,Utility Pole/Light Support,88,Not Applicable,1,On Roadway,1,Clear,88,Not Applicable,3,Dusk,1,Dry,0,None,88,Not Applicable,88,Not Applicable,0,None,88,Not Applicable,88,Not Applicable,2,Intersection,2,Four-Way Intersection,1,No,1,No,88,Not Applicable,88,Not Applicable,88,Not Applicable,88,Not Applicable,FALSE,1,Public Road,1,"Trafficway, On Road",CT0009300,New Haven PD,44946,05:37.0,C,Closed,00:32.0,,2,4168,7,LOCAL - NEW HPMS,2,Urban
1111343,1,Complete,1111343,1111343,41.28621,-72.935966,3603545,New Haven,93,93,New Haven,12/8/2023,2023,12,December,8,6,Friday,5:59:00,5,23045651,A,"Injury of any type (Serious, Minor, Possible)",C,Possible Injury (C),2,0,0,3,State,0.45,10,10-N,10-N,,Kimberly Ave,40,Feet,S,41.28621,-72.935966,14,Motor Vehicle in Operation,4,"Sideswipe, same direction",1,On Roadway,1,Clear,88,Not Applicable,4,Dark-Lighted,1,Dry,0,None,88,Not Applicable,88,Not Applicable,0,None,88,Not Applicable,88,Not Applicable,3,Intersection-Related,2,Four-Way Intersection,1,No,1,No,88,Not Applicable,88,Not Applicable,88,Not Applicable,88,Not Applicable,FALSE,1,Public Road,1,"Trafficway, On Road",CT0009300,New Haven PD,44952,51:52.0,C,Closed,00:30.0,,2,18600,3,PRINCIPAL ARTERIAL - OTHER - NEW HPMS,2,Urban
1111353,1,Complete,1111353,1111353,41.314031,-72.900492,3603555,New Haven,93,93,New Haven,12/3/2023,2023,12,December,3,1,Sunday,19:39:00,19,23048577,A,"Injury of any type (Serious, Minor, Possible)",A,Suspected Serious Injury (A),2,1,0,4,Local,0.77,57,BLATCHLEY AV,BLATCHLEY AV,,LOMBARD ST,211,Feet,S,41.314031,-72.900492,14,Motor Vehicle in Operation,4,"Sideswipe, same direction",1,On Roadway,2,Cloudy,88,Not Applicable,5,Dark-Not Lighted,2,Wet,0,None,88,Not Applicable,88,Not Applicable,0,None,88,Not Applicable,88,Not Applicable,1,Non-Junction,1,Not at Intersection,1,No,1,No,88,Not Applicable,88,Not Applicable,88,Not Applicable,88,Not Applicable,FALSE,1,Public Road,1,"Trafficway, On Road",CT0009300,New Haven PD,45401,49:02.0,O,Open,00:24.0,,,,,,,
1111355,1,Complete,1111355,1111355,41.304323,-72.89514,3603557,New Haven,93,93,New Haven,12/4/2023,2023,12,December,4,2,Monday,15:45:00,15,23048709,A,"Injury of any type (Serious, Minor, Possible)",C,Possible Injury (C),1,0,0,4,Local,0.14,97,CHAPEL ST,CHAPEL ST,,FERRY ST,181,Feet,W,41.304323,-72.89514,34,Traffic Sign Support,88,Not Applicable,1,On Roadway,1,Clear,88,Not Applicable,1,Daylight,1,Dry,0,None,88,Not Applicable,88,Not Applicable,0,None,88,Not Applicable,88,Not Applicable,1,Non-Junction,1,Not at Intersection,1,No,1,No,88,Not Applicable,88,Not Applicable,88,Not Applicable,88,Not Applicable,FALSE,1,Public Road,1,"Trafficway, On Road",CT0009300,New Haven PD,193,53:15.0,C,Closed,00:18.0,,2,7700,4,MINOR ARTERIAL - NEW HPMS,2,Urban
1111356,1,Complete,1111356,1111356,41.2901,-72.940494,3603558,New Haven,93,93,New Haven,12/5/2023,2023,12,December,5,3,Tuesday,13:11:00,13,23048801,A,"Injury of any type (Serious, Minor, Possible)",A,Suspected Serious Injury (A),2,0,0,3,State,0.81,10,10-N,10-N,LAMBERTON ST,,,,,41.2901,-72.940494,14,Motor Vehicle in Operation,1,Front to rear,1,On Roadway,2,Cloudy,88,Not Applicable,1,Daylight,1,Dry,0,None,88,Not Applicable,88,Not Applicable,0,None,88,Not Applicable,88,Not Applicable,3,Intersection-Related,2,Four-Way Intersection,1,No,1,No,88,Not Applicable,88,Not Applicable,88,Not Applicable,88,Not Applicable,FALSE,1,Public Road,1,"Trafficway, On Road",CT0009300,New Haven PD,45401,30:03.0,C,Closed,00:26.0,,2,18000,3,PRINCIPAL ARTERIAL - OTHER - NEW HPMS,2,Urban
1111357,1,Complete,1111357,1111357,41.29267638,-72.92260891,3603559,New Haven,93,93,New Haven,12/6/2023,2023,12,December,6,4,Wednesday,13:30:00,13,23048935,A,"Injury of any type (Serious, Minor, Possible)",C,Possible Injury (C),2,0,0,4,Local,0.07,759,CHURCH ST SOUTH NO 2,CHURCH ST SOUTH NO 2,,Sargent Dr,315,Feet,W,41.29267638,-72.92260891,14,Motor Vehicle in Operation,1,Front to rear,1,On Roadway,1,Clear,88,Not Applicable,1,Daylight,1,Dry,0,None,88,Not Applicable,88,Not Applicable,0,None,88,Not Applicable,88,Not Applicable,9,Driveway Access-Related,1,Not at Intersection,1,No,1,No,88,Not Applicable,88,Not Applicable,88,Not Applicable,88,Not Applicable,FALSE,1,Public Road,1,"Trafficway, On Road",CT0009300,New Haven PD,45627,23:41.0,C,Closed,00:33.0,,,,,,,
1111360,1,Complete,1111360,1111360,41.308013,-72.92435,3603562,New Haven,93,93,New Haven,12/8/2023,2023,12,December,8,6,Friday,12:03:00,12,23049046,A,"Injury of any type (Serious, Minor, Possible)",C,Possible Injury (C),3,0,0,4,Local,0.32,103,CHURCH ST,CHURCH ST,,ELM ST,50,Feet,S,41.308013,-72.92435,14,Motor Vehicle in Operation,3,Angle,1,On Roadway,1,Clear,88,Not Applicable,1,Daylight,1,Dry,0,None,88,Not Applicable,88,Not Applicable,0,None,88,Not Applicable,88,Not Applicable,3,Intersection-Related,2,Four-Way Intersection,1,No,1,No,88,Not Applicable,88,Not Applicable,88,Not Applicable,88,Not Applicable,FALSE,1,Public Road,1,"Trafficway, On Road",CT0009300,New Haven PD,40790,02:36.0,C,Closed,00:25.0,,,,,,,
1111364,1,Complete,1111364,1111364,41.312815,-72.891323,3603566,New Haven,93,93,New Haven,12/8/2023,2023,12,December,8,6,Friday,8:29:00,8,23049132,A,"Injury of any type (Serious, Minor, Possible)",B,Suspected Minor Injury (B),1,1,2,4,Local,0.26,738,PINE ST NO 2,PINE ST NO 2,CLINTON AV,,,,,41.312815,-72.891323,9,Pedestrian,88,Not Applicable,1,On Roadway,1,Clear,88,Not Applicable,1,Daylight,1,Dry,0,None,88,Not Applicable,88,Not Applicable,0,None,88,Not Applicable,88,Not Applicable,2,Intersection,2,Four-Way Intersection,1,No,1,No,88,Not Applicable,88,Not Applicable,88,Not Applicable,88,Not Applicable,FALSE,1,Public Road,1,"Trafficway, On Road",CT0009300,New Haven PD,180,41:06.0,C,Closed,00:22.0,23049132,2,3900,7,LOCAL - NEW HPMS,2,Urban
1111370,1,Complete,1111370,1111370,41.31561,-72.93491,3603572,New Haven,93,93,New Haven,12/8/2023,2023,12,December,8,6,Friday,13:02:00,13,23049175,A,"Injury of any type (Serious, Minor, Possible)",A,Suspected Serious Injury (A),2,0,0,4,Local,0.48,257,GOFFE ST,GOFFE ST,WEBSTER ST,,,,,41.31561,-72.93491,14,Motor Vehicle in Operation,3,Angle,1,On Roadway,1,Clear,88,Not Applicable,1,Daylight,1,Dry,0,None,88,Not Applicable,88,Not Applicable,0,None,88,Not Applicable,88,Not Applicable,2,Intersection,2,Four-Way Intersection,1,No,1,No,88,Not Applicable,88,Not Applicable,88,Not Applicable,88,Not Applicable,FALSE,1,Public Road,1,"Trafficway, On Road",CT0009300,New Haven PD,238,54:07.0,C,Closed,00:23.0,,,,,,,
1111376,1,Complete,1111376,1111376,41.307558,-72.936769,3603578,New Haven,93,93,New Haven,12/8/2023,2023,12,December,8,6,Friday,20:27:00,20,23049229,A,"Injury of any type (Serious, Minor, Possible)",C,Possible Injury (C),2,0,0,4,Local,0.11,310,HOWE ST,HOWE ST,,George St,40,Feet,S,41.307558,-72.936769,14,Motor Vehicle in Operation,1,Front to rear,1,On Roadway,1,Clear,88,Not Applicable,4,Dark-Lighted,1,Dry,0,None,88,Not Applicable,88,Not Applicable,0,None,88,Not Applicable,88,Not Applicable,3,Intersection-Related,2,Four-Way Intersection,1,No,1,No,88,Not Applicable,88,Not Applicable,88,Not Applicable,88,Not Applicable,FALSE,1,Public Road,1,"Trafficway, On Road",CT0009300,New Haven PD,40804,40:27.0,C,Closed,00:21.0,,,,,,,
1111384,1,Complete,1111384,1111384,41.30378,-72.917481,3603586,New Haven,93,93,New Haven,12/9/2023,2023,12,December,9,7,Saturday,23:42:00,23,23049349,A,"Injury of any type (Serious, Minor, Possible)",C,Possible Injury (C),2,0,0,4,Local,1.3,97,CHAPEL ST,CHAPEL ST,,WOOSTER PL,75,Feet,W,41.30378,-72.917481,15,Parked Motor Vehicle,1,Front to rear,7,In Parking Lane or Zone,1,Clear,88,Not Applicable,5,Dark-Not Lighted,1,Dry,0,None,88,Not Applicable,88,Not Applicable,0,None,88,Not Applicable,88,Not Applicable,1,Non-Junction,1,Not at Intersection,1,No,1,No,88,Not Applicable,88,Not Applicable,88,Not Applicable,88,Not Applicable,FALSE,1,Public Road,1,"Trafficway, On Road",CT0009300,New Haven PD,44339,31:27.0,C,Closed,00:31.0,,,,,,,
1111388,1,Complete,1111388,1111388,41.307188,-72.92843,3603590,New Haven,93,93,New Haven,12/10/2023,2023,12,December,10,1,Sunday,14:47:00,14,23049403,A,"Injury of any type (Serious, Minor, Possible)",C,Possible Injury (C),2,0,0,4,Local,1.92,97,CHAPEL ST,CHAPEL ST,,College St,45,Feet,E,41.307188,-72.92843,14,Motor Vehicle in Operation,1,Front to rear,1,On Roadway,4,Rain,88,Not Applicable,1,Daylight,2,Wet,0,None,88,Not Applicable,88,Not Applicable,0,None,88,Not Applicable,88,Not Applicable,3,Intersection-Related,2,Four-Way Intersection,1,No,1,No,88,Not Applicable,88,Not Applicable,88,Not Applicable,88,Not Applicable,FALSE,1,Public Road,1,"Trafficway, On Road",CT0009300,New Haven PD,221,37:16.0,C,Closed,00:35.0,,,,,,,
1111389,1,Complete,1111389,1111389,41.3225,-72.878217,3603591,New Haven,93,93,New Haven,12/10/2023,2023,12,December,10,1,Sunday,16:10:00,16,23049410,A,"Injury of any type (Serious, Minor, Possible)",C,Possible Injury (C),2,0,0,3,State,0.14,80,80-W,80-W,,Middletown Ave,1015,Feet,E,41.3225,-72.878217,14,Motor Vehicle in Operation,3,Angle,1,On Roadway,4,Rain,88,Not Applicable,4,Dark-Lighted,2,Wet,0,None,88,Not Applicable,88,Not Applicable,0,None,88,Not Applicable,88,Not Applicable,9,Driveway Access-Related,1,Not at Intersection,1,No,1,No,88,Not Applicable,88,Not Applicable,88,Not Applicable,88,Not Applicable,FALSE,1,Public Road,1,"Trafficway, On Road",CT0009300,New Haven PD,45399,10:35.0,C,Closed,00:36.0,,2,32300,3,PRINCIPAL ARTERIAL - OTHER - NEW HPMS,2,Urban
1111932,1,Complete,1111932,1111932,41.308946,-72.897085,3604134,New Haven,93,93,New Haven,11/10/2023,2023,11,November,10,6,Friday,21:43:00,21,23045648,A,"Injury of any type (Serious, Minor, Possible)",B,Suspected Minor Injury (B),1,1,0,4,Local,0.59,264,GRAND AV,GRAND AV,POPLAR ST,,,,,41.308946,-72.897085,9,Pedestrian,88,Not Applicable,1,On Roadway,1,Clear,88,Not Applicable,4,Dark-Lighted,1,Dry,0,None,88,Not Applicable,88,Not Applicable,0,None,88,Not Applicable,88,Not Applicable,2,Intersection,2,Four-Way Intersection,1,No,1,No,88,Not Applicable,88,Not Applicable,88,Not Applicable,88,Not Applicable,FALSE,1,Public Road,1,"Trafficway, On Road",CT0009300,New Haven PD,193,11:41.0,O,Open,01:25.0,,2,14400,4,MINOR ARTERIAL - NEW HPMS,2,Urban
1111935,1,Complete,1111935,1111935,41.29627,-72.928391,3604137,New Haven,93,93,New Haven,11/30/2023,2023,11,November,30,5,Thursday,21:34:00,21,23048243,A,"Injury of any type (Serious, Minor, Possible)",B,Suspected Minor Injury (B),2,0,0,2,USRoute,47.84,1,1-N,1-N,CHURCH ST SOUTH NO 2,,,,,41.29627,-72.928391,14,Motor Vehicle in Operation,3,Angle,1,On Roadway,1,Clear,88,Not Applicable,4,Dark-Lighted,1,Dry,0,None,88,Not Applicable,88,Not Applicable,0,None,88,Not Applicable,88,Not Applicable,2,Intersection,2,Four-Way Intersection,1,No,1,No,88,Not Applicable,88,Not Applicable,88,Not Applicable,88,Not Applicable,FALSE,1,Public Road,1,"Trafficway, On Road",CT0009300,New Haven PD,42366,37:41.0,C,Closed,01:23.0,,1,9500,3,PRINCIPAL ARTERIAL - OTHER - NEW HPMS,1,Rural
1111938,1,Complete,1111938,1111938,41.297655,-72.940814,3604140,New Haven,93,93,New Haven,12/10/2023,2023,12,December,10,1,Sunday,22:11:00,22,23049437,A,"Injury of any type (Serious, Minor, Possible)",C,Possible Injury (C),2,0,0,2,USRoute,47.05,1,1-N,1-N,WEST ST,,,,,41.297655,-72.940814,14,Motor Vehicle in Operation,3,Angle,1,On Roadway,4,Rain,88,Not Applicable,4,Dark-Lighted,2,Wet,0,None,88,Not Applicable,88,Not Applicable,0,None,88,Not Applicable,88,Not Applicable,2,Intersection,2,Four-Way Intersection,1,No,1,No,88,Not Applicable,88,Not Applicable,88,Not Applicable,88,Not Applicable,FALSE,1,Public Road,1,"Trafficway, On Road",CT0009300,New Haven PD,44949,56:27.0,C,Closed,01:23.0,,1,5900,3,PRINCIPAL ARTERIAL - OTHER - NEW HPMS,1,Rural
1111940,1,Complete,1111940,1111940,41.300491,-72.938432,3604142,New Haven,93,93,New Haven,12/11/2023,2023,12,December,11,2,Monday,11:25:00,11,23049474,A,"Injury of any type (Serious, Minor, Possible)",C,Possible Injury (C),2,0,0,4,Local,0.52,123,CONGRESS AV,CONGRESS AV,,Hallock St,52,Feet,E,41.300491,-72.938432,14,Motor Vehicle in Operation,1,Front to rear,1,On Roadway,2,Cloudy,88,Not Applicable,1,Daylight,1,Dry,0,None,88,Not Applicable,88,Not Applicable,0,None,88,Not Applicable,88,Not Applicable,1,Non-Junction,1,Not at Intersection,1,No,1,No,88,Not Applicable,88,Not Applicable,88,Not Applicable,88,Not Applicable,TRUE,1,Public Road,1,"Trafficway, On Road",CT0009300,New Haven PD,251,32:12.0,C,Closed,01:30.0,,,,,,,
1112316,1,Complete,1112316,1112316,41.31926302,-72.93392668,3604518,New Haven,93,93,New Haven,12/3/2023,2023,12,December,3,1,Sunday,13:42:00,13,23048544,A,"Injury of any type (Serious, Minor, Possible)",B,Suspected Minor Injury (B),2,0,0,4,Local,0.43,152,DIXWELL AV,DIXWELL AV,,CHARLES ST,35,Feet,S,41.31926302,-72.93392668,14,Motor Vehicle in Operation,3,Angle,1,On Roadway,1,Clear,88,Not Applicable,1,Daylight,1,Dry,0,None,88,Not Applicable,88,Not Applicable,0,None,88,Not Applicable,88,Not Applicable,9,Driveway Access-Related,1,Not at Intersection,1,No,1,No,88,Not Applicable,88,Not Applicable,88,Not Applicable,88,Not Applicable,FALSE,1,Public Road,1,"Trafficway, On Road",CT0009300,New Haven PD,503,28:27.0,C,Closed,00:53.0,,,,,,,
1112317,1,Complete,1112317,1112317,41.300839,-72.910816,3604519,New Haven,93,93,New Haven,12/6/2023,2023,12,December,6,4,Wednesday,8:11:00,8,23048885,A,"Injury of any type (Serious, Minor, Possible)",B,Suspected Minor Injury (B),2,0,0,2,USRoute,48.96,1,1-N,1-N,EAST ST,,,,,41.300839,-72.910816,14,Motor Vehicle in Operation,3,Angle,1,On Roadway,1,Clear,88,Not Applicable,1,Daylight,1,Dry,0,None,88,Not Applicable,88,Not Applicable,0,None,88,Not Applicable,88,Not Applicable,2,Intersection,2,Four-Way Intersection,1,No,1,No,88,Not Applicable,88,Not Applicable,88,Not Applicable,88,Not Applicable,TRUE,1,Public Road,1,"Trafficway, On Road",CT0009300,New Haven PD,45627,19:43.0,C,Closed,00:48.0,,2,6700,3,PRINCIPAL ARTERIAL - OTHER - NEW HPMS,2,Urban
1112319,1,Complete,1112319,1112319,41.28953,-72.928716,3604521,New Haven,93,93,New Haven,12/11/2023,2023,12,December,11,2,Monday,14:00:00,14,23049489,A,"Injury of any type (Serious, Minor, Possible)",C,Possible Injury (C),2,0,0,,,,,,1 LONG WHARF DR,,Sargent Dr,1080,Feet,W,41.28953,-72.928716,15,Parked Motor Vehicle,3,Angle,97,Other,1,Clear,88,Not Applicable,1,Daylight,1,Dry,0,None,88,Not Applicable,88,Not Applicable,0,None,88,Not Applicable,88,Not Applicable,97,Other,1,Not at Intersection,1,No,1,No,88,Not Applicable,88,Not Applicable,88,Not Applicable,88,Not Applicable,TRUE,88,Not Applicable,4,Parking Lot,CT0009300,New Haven PD,44947,27:56.0,C,Closed,00:47.0,,,,,,,
1112320,1,Complete,1112320,1112320,41.30937,-72.92335,3604522,New Haven,93,93,New Haven,12/11/2023,2023,12,December,11,2,Monday,16:15:00,16,23049505,A,"Injury of any type (Serious, Minor, Possible)",C,Possible Injury (C),2,0,0,4,Local,0.44,103,CHURCH ST,CHURCH ST,,Wall St,30,Feet,S,41.30937,-72.92335,14,Motor Vehicle in Operation,1,Front to rear,1,On Roadway,1,Clear,88,Not Applicable,1,Daylight,1,Dry,0,None,88,Not Applicable,88,Not Applicable,0,None,88,Not Applicable,88,Not Applicable,3,Intersection-Related,2,Four-Way Intersection,1,No,1,No,88,Not Applicable,88,Not Applicable,88,Not Applicable,88,Not Applicable,FALSE,1,Public Road,1,"Trafficway, On Road",CT0009300,New Haven PD,150,09:11.0,C,Closed,00:49.0,,,,,,,