CrashId,Fatal Case Status,Fatal Case Status Text Format,CrashId,CrashId,Latitude,Longitude,DOT Case Number,Town Name,Town Number,Town Number,Town Number Text Format,Date Of Crash,Year,Month,Month Text Format,Day,Day of the Week,Day of the Week Text Format,Time of Crash,Hour of the Day,Case Identifier,Crash Severity,Crash Severity Text Format,Most Severe Injury,Most Severe Injury Text Format,Number Of Motor Vehicles,Number Of Non-Motorist,Number Of Witnesses,Route Class,Route Class Text Format,Milemarker,Road Number,Road Description,Roadway Name,Intersecting Roadway Name,Landmark Description,Distance From Nearest Landmark,Unit Of Measure From Nearest Landmark,Direction From Nearest Landmark,Latitude,Longitude,First Harmful Event,First Harmful Event Text Format,Manner of Crash / Collision Impact,Manner of Crash / Collision Impact Text Format,Location of First Harmful Event,Location of First Harmful Event Text Format,Weather Condition,Weather Condition Text Format,Weather 2,Weather 2 Text Format,Light Condition,Light Condition Text Format,Road Surface Condition,Road Surface Condition Text Format,"Contributing Circumstances, Environment","Contributing Circumstances, Environment Text Format",Environment 2,Environment 2 Text Format,Environment 3,Environment 3 Text Format,"Contributing Circumstances, Road","Contributing Circumstances, Road Text Format",Road 2,Road 2 Text Format,Road 3,Road 3 Text Format,Crash Specific Location,Crash Specific Location Text Format,Type of Intersection,Type of Intersection Text Format,School Bus Related,School Bus Related Text Format,Work Zone Related,Work Zone Related Text Format,Location Of Crash Relative To Work Zone,Location Of Crash Relative To Work Zone Text Format,Type of Work Zone,Type of Work Zone Text Format,Worker Presence,Worker Presence Text Format,Law Enforcement Presence,Law Enforcement Presence Text Format,Were Vehicles Moved Prior To Police Arrival,Trafficway Ownership,Trafficway Ownership Text Format,Trafficway Class,Trafficway Class Text Format,Police Agency,Police Agency Text Format,Badge Number,Approval Date,Police Case Status,Police Case Status Text Format,Crash Report Submission Date,Related Case Identifiers,No. of Through Lanes (Log Dir.),Average Daily Traffic,Functional Classification,Functional Classification Text Format,Rural or Urban,Rural or Urban Text Format
1112327,1,Complete,1112327,1112327,41.317751,-72.900975,3604529,New Haven,93,93,New Haven,12/12/2023,2023,12,December,12,3,Tuesday,8:47:00,8,23049606,A,"Injury of any type (Serious, Minor, Possible)",C,Possible Injury (C),2,0,0,2,USRoute,0.2,5,5-N,5-N,,BLACTHLEY AVE,125,Feet,N,41.317751,-72.900975,14,Motor Vehicle in Operation,1,Front to rear,1,On Roadway,1,Clear,88,Not Applicable,1,Daylight,1,Dry,0,None,88,Not Applicable,88,Not Applicable,0,None,88,Not Applicable,88,Not Applicable,3,Intersection-Related,2,Four-Way Intersection,1,No,1,No,88,Not Applicable,88,Not Applicable,88,Not Applicable,88,Not Applicable,FALSE,1,Public Road,1,"Trafficway, On Road",CT0009300,New Haven PD,40789,05:55.0,C,Closed,00:50.0,,1,14100,4,MINOR ARTERIAL - NEW HPMS,1,Rural
1112328,1,Complete,1112328,1112328,41.324727,-72.916797,3604530,New Haven,93,93,New Haven,12/12/2023,2023,12,December,12,3,Tuesday,11:15:00,11,23049637,A,"Injury of any type (Serious, Minor, Possible)",C,Possible Injury (C),2,0,0,4,Local,0.32,83,CANNER ST,CANNER ST,,Whitney Ave,40,Feet,W,41.324727,-72.916797,14,Motor Vehicle in Operation,1,Front to rear,1,On Roadway,1,Clear,88,Not Applicable,1,Daylight,1,Dry,0,None,88,Not Applicable,88,Not Applicable,0,None,88,Not Applicable,88,Not Applicable,3,Intersection-Related,2,Four-Way Intersection,1,No,1,No,88,Not Applicable,88,Not Applicable,88,Not Applicable,88,Not Applicable,TRUE,1,Public Road,1,"Trafficway, On Road",CT0009300,New Haven PD,43689,53:43.0,C,Closed,00:54.0,,,,,,,
1116123,1,Complete,1116123,1116123,41.30544,-72.95259,3608325,New Haven,93,93,New Haven,8/16/2023,2023,8,August,16,4,Wednesday,18:02:00,18,23033366,A,"Injury of any type (Serious, Minor, Possible)",C,Possible Injury (C),2,0,0,3,State,1.87,10,10-N,10-N,LEGION AV-RT 34,,,,,41.30544,-72.95259,14,Motor Vehicle in Operation,99,Unknown,1,On Roadway,99,Unknown,88,Not Applicable,99,Unknown,99,Unknown,99,Unknown,88,Not Applicable,88,Not Applicable,99,Unknown,88,Not Applicable,88,Not Applicable,3,Intersection-Related,3,T-Intersection,99,Unknown,1,No,88,Not Applicable,88,Not Applicable,88,Not Applicable,88,Not Applicable,FALSE,99,Unknown,99,Unknown,CT0009300,New Haven PD,40814,20:24.0,C,Closed,18:48.0,,2,20800,3,PRINCIPAL ARTERIAL - OTHER - NEW HPMS,2,Urban
1116127,1,Complete,1116127,1116127,41.30263603,-72.93804368,3608329,New Haven,93,93,New Haven,9/23/2023,2023,9,September,23,7,Saturday,14:28:00,14,23038834,A,"Injury of any type (Serious, Minor, Possible)",B,Suspected Minor Injury (B),1,0,0,4,Local,0.62,141,DAVENPORT AV,DAVENPORT AV,,ward st,90,Feet,E,41.30263603,-72.93804368,32,Tree (standing),88,Not Applicable,1,On Roadway,4,Rain,88,Not Applicable,1,Daylight,2,Wet,0,None,88,Not Applicable,88,Not Applicable,0,None,88,Not Applicable,88,Not Applicable,2,Intersection,2,Four-Way Intersection,1,No,1,No,88,Not Applicable,88,Not Applicable,88,Not Applicable,88,Not Applicable,FALSE,1,Public Road,1,"Trafficway, On Road",CT0009300,New Haven PD,301,27:29.0,O,Open,18:46.0,,2,5900,4,MINOR ARTERIAL - NEW HPMS,2,Urban
1116129,1,Complete,1116129,1116129,41.30547767,-72.95264252,3608331,New Haven,93,93,New Haven,10/22/2023,2023,10,October,22,1,Sunday,11:12:00,11,23042817,A,"Injury of any type (Serious, Minor, Possible)",B,Suspected Minor Injury (B),2,0,2,3,State,1.87,10,10-N,10-N,LEGION AV-RT 34,,,,,41.30547767,-72.95264252,14,Motor Vehicle in Operation,3,Angle,1,On Roadway,1,Clear,1,Clear,1,Daylight,1,Dry,0,None,88,Not Applicable,88,Not Applicable,0,None,88,Not Applicable,88,Not Applicable,2,Intersection,3,T-Intersection,1,No,1,No,88,Not Applicable,88,Not Applicable,88,Not Applicable,88,Not Applicable,FALSE,1,Public Road,1,"Trafficway, On Road",CT0009300,New Haven PD,301,41:53.0,C,Closed,19:39.0,,2,20800,3,PRINCIPAL ARTERIAL - OTHER - NEW HPMS,2,Urban
1116131,1,Complete,1116131,1116131,41.31989,-72.90626,3608333,New Haven,93,93,New Haven,10/24/2023,2023,10,October,24,3,Tuesday,14:44:00,14,23043108,A,"Injury of any type (Serious, Minor, Possible)",C,Possible Injury (C),2,0,0,4,Local,0.31,666,WILLOW ST,WILLOW ST,MITCHELL DR,,,,,41.31989,-72.90626,14,Motor Vehicle in Operation,4,"Sideswipe, same direction",1,On Roadway,1,Clear,88,Not Applicable,1,Daylight,1,Dry,0,None,88,Not Applicable,88,Not Applicable,0,None,88,Not Applicable,88,Not Applicable,2,Intersection,2,Four-Way Intersection,2,"Yes, School Bus Directly Involved",1,No,88,Not Applicable,88,Not Applicable,88,Not Applicable,88,Not Applicable,FALSE,1,Public Road,1,"Trafficway, On Road",CT0009300,New Haven PD,45399,12:55.0,O,Open,20:18.0,,,,,,,
1116133,1,Complete,1116133,1116133,41.31402,-72.89749,3608335,New Haven,93,93,New Haven,11/19/2023,2023,11,November,19,1,Sunday,15:42:00,15,23046821,A,"Injury of any type (Serious, Minor, Possible)",C,Possible Injury (C),1,1,0,4,Local,0.55,99,CHATHAM ST,CHATHAM ST,,FERRY ST,185,Feet,W,41.31402,-72.89749,9,Pedestrian,88,Not Applicable,1,On Roadway,1,Clear,88,Not Applicable,1,Daylight,1,Dry,0,None,88,Not Applicable,88,Not Applicable,0,None,88,Not Applicable,88,Not Applicable,1,Non-Junction,1,Not at Intersection,1,No,1,No,88,Not Applicable,88,Not Applicable,88,Not Applicable,88,Not Applicable,FALSE,1,Public Road,1,"Trafficway, On Road",CT0009300,New Haven PD,45399,47:16.0,C,Closed,20:09.0,,2,500,7,LOCAL - NEW HPMS,2,Urban
1116138,1,Complete,1116138,1116138,41.32452,-72.93518,3608340,New Haven,93,93,New Haven,12/6/2023,2023,12,December,6,4,Wednesday,12:26:00,12,23048929,A,"Injury of any type (Serious, Minor, Possible)",C,Possible Injury (C),2,0,0,4,Local,0.83,152,DIXWELL AV,DIXWELL AV,ARGYLE ST,,,,,41.32452,-72.93518,14,Motor Vehicle in Operation,3,Angle,1,On Roadway,1,Clear,88,Not Applicable,1,Daylight,1,Dry,0,None,88,Not Applicable,88,Not Applicable,0,None,88,Not Applicable,88,Not Applicable,3,Intersection-Related,3,T-Intersection,1,No,1,No,88,Not Applicable,88,Not Applicable,88,Not Applicable,88,Not Applicable,FALSE,1,Public Road,1,"Trafficway, On Road",CT0009300,New Haven PD,43689,43:39.0,C,Closed,20:21.0,,,,,,,
1116143,1,Complete,1116143,1116143,41.31461699,-72.90070168,3608345,New Haven,93,93,New Haven,12/9/2023,2023,12,December,9,7,Saturday,1:31:00,1,23049257,A,"Injury of any type (Serious, Minor, Possible)",C,Possible Injury (C),4,0,0,4,Local,0.18,379,LOMBARD ST,LOMBARD ST,BLATCHLEY AV,,,,,41.31461699,-72.90070168,14,Motor Vehicle in Operation,2,Front to front,1,On Roadway,1,Clear,88,Not Applicable,6,Dark-Unknown Lighting,1,Dry,0,None,88,Not Applicable,88,Not Applicable,0,None,88,Not Applicable,88,Not Applicable,2,Intersection,2,Four-Way Intersection,1,No,1,No,88,Not Applicable,88,Not Applicable,88,Not Applicable,88,Not Applicable,FALSE,1,Public Road,1,"Trafficway, On Road",CT0009300,New Haven PD,44946,29:04.0,C,Closed,20:33.0,,,,,,,
1116146,1,Complete,1116146,1116146,41.326915,-72.965203,3608348,New Haven,93,93,New Haven,12/10/2023,2023,12,December,10,1,Sunday,7:45:00,7,23049366,A,"Injury of any type (Serious, Minor, Possible)",C,Possible Injury (C),2,0,0,3,State,6.37,243,243-W,243-W,EMERSON ST NO 2,,,,,41.326915,-72.965203,14,Motor Vehicle in Operation,3,Angle,1,On Roadway,2,Cloudy,88,Not Applicable,1,Daylight,2,Wet,0,None,88,Not Applicable,88,Not Applicable,0,None,88,Not Applicable,88,Not Applicable,2,Intersection,3,T-Intersection,1,No,1,No,88,Not Applicable,88,Not Applicable,88,Not Applicable,88,Not Applicable,TRUE,1,Public Road,1,"Trafficway, On Road",CT0009300,New Haven PD,381,29:31.0,C,Closed,18:58.0,,1,10500,4,MINOR ARTERIAL - NEW HPMS,1,Rural
1116159,1,Complete,1116159,1116159,41.315253,-72.928897,3608361,New Haven,93,93,New Haven,12/13/2023,2023,12,December,13,4,Wednesday,9:44:00,9,23049782,A,"Injury of any type (Serious, Minor, Possible)",C,Possible Injury (C),2,0,0,4,Local,0.21,348,LAKE PL,LAKE PL,ASHMUN ST NO 2,,,,,41.315253,-72.928897,14,Motor Vehicle in Operation,3,Angle,1,On Roadway,1,Clear,88,Not Applicable,1,Daylight,1,Dry,0,None,88,Not Applicable,88,Not Applicable,0,None,88,Not Applicable,88,Not Applicable,2,Intersection,3,T-Intersection,1,No,1,No,88,Not Applicable,88,Not Applicable,88,Not Applicable,88,Not Applicable,FALSE,1,Public Road,1,"Trafficway, On Road",CT0009300,New Haven PD,991,37:10.0,C,Closed,18:58.0,,,,,,,
1116164,1,Complete,1116164,1116164,41.323542,-72.872249,3608366,New Haven,93,93,New Haven,12/13/2023,2023,12,December,13,4,Wednesday,17:18:00,17,23049880,A,"Injury of any type (Serious, Minor, Possible)",B,Suspected Minor Injury (B),1,1,0,3,State,0.2,103,103-N,103-N,,EASTERN ST,25,Feet,S,41.323542,-72.872249,9,Pedestrian,88,Not Applicable,1,On Roadway,1,Clear,88,Not Applicable,6,Dark-Unknown Lighting,1,Dry,0,None,88,Not Applicable,88,Not Applicable,0,None,88,Not Applicable,88,Not Applicable,1,Non-Junction,1,Not at Intersection,1,No,1,No,88,Not Applicable,88,Not Applicable,88,Not Applicable,88,Not Applicable,TRUE,1,Public Road,1,"Trafficway, On Road",CT0009300,New Haven PD,45626,18:32.0,C,Closed,18:44.0,,2,9000,4,MINOR ARTERIAL - NEW HPMS,2,Urban
1116165,1,Complete,1116165,1116165,41.30884,-72.89809,3608367,New Haven,93,93,New Haven,12/13/2023,2023,12,December,13,4,Wednesday,17:20:00,17,23049881,A,"Injury of any type (Serious, Minor, Possible)",C,Possible Injury (C),2,0,0,4,Local,0.64,264,GRAND AV,GRAND AV,FILLMORE ST,,,,,41.30884,-72.89809,14,Motor Vehicle in Operation,5,"Sideswipe, opposite direction",1,On Roadway,1,Clear,88,Not Applicable,4,Dark-Lighted,1,Dry,0,None,88,Not Applicable,88,Not Applicable,0,None,88,Not Applicable,88,Not Applicable,2,Intersection,3,T-Intersection,1,No,1,No,88,Not Applicable,88,Not Applicable,88,Not Applicable,88,Not Applicable,TRUE,1,Public Road,1,"Trafficway, On Road",CT0009300,New Haven PD,40788,11:31.0,O,Open,19:06.0,,,,,,,
1116169,1,Complete,1116169,1116169,41.31646699,-72.904118,3608371,New Haven,93,93,New Haven,12/13/2023,2023,12,December,13,4,Wednesday,18:39:00,18,23049892,A,"Injury of any type (Serious, Minor, Possible)",C,Possible Injury (C),2,0,0,2,USRoute,0.01,5,5-N,5-N,,JAMES ST,45,Feet,E,41.31646699,-72.904118,14,Motor Vehicle in Operation,1,Front to rear,1,On Roadway,1,Clear,88,Not Applicable,4,Dark-Lighted,1,Dry,0,None,88,Not Applicable,88,Not Applicable,0,None,88,Not Applicable,88,Not Applicable,3,Intersection-Related,2,Four-Way Intersection,1,No,1,No,88,Not Applicable,88,Not Applicable,88,Not Applicable,88,Not Applicable,TRUE,1,Public Road,1,"Trafficway, On Road",CT0009300,New Haven PD,39,28:18.0,C,Closed,19:40.0,,2,12900,4,MINOR ARTERIAL - NEW HPMS,1,Rural
1116173,1,Complete,1116173,1116173,41.32848297,-72.92663668,3608375,New Haven,93,93,New Haven,12/14/2023,2023,12,December,14,5,Thursday,1:28:00,1,23049930,A,"Injury of any type (Serious, Minor, Possible)",C,Possible Injury (C),3,0,0,4,Local,0.89,669,WINCHESTER AV,WINCHESTER AV,,Highland st,300,Feet,S,41.32848297,-72.92663668,15,Parked Motor Vehicle,1,Front to rear,1,On Roadway,1,Clear,88,Not Applicable,4,Dark-Lighted,1,Dry,0,None,88,Not Applicable,88,Not Applicable,0,None,88,Not Applicable,88,Not Applicable,1,Non-Junction,1,Not at Intersection,1,No,1,No,88,Not Applicable,88,Not Applicable,88,Not Applicable,88,Not Applicable,FALSE,1,Public Road,1,"Trafficway, On Road",CT0009300,New Haven PD,432,06:45.0,C,Closed,19:46.0,,,,,,,
1116176,1,Complete,1116176,1116176,41.327464,-72.960432,3608378,New Haven,93,93,New Haven,12/14/2023,2023,12,December,14,5,Thursday,13:29:00,13,23049977,A,"Injury of any type (Serious, Minor, Possible)",C,Possible Injury (C),2,0,0,3,State,0.25,63,63-N,63-N,BLAKE ST,,,,,41.327464,-72.960432,14,Motor Vehicle in Operation,3,Angle,1,On Roadway,1,Clear,88,Not Applicable,1,Daylight,1,Dry,0,None,88,Not Applicable,88,Not Applicable,0,None,88,Not Applicable,88,Not Applicable,2,Intersection,3,T-Intersection,1,No,1,No,88,Not Applicable,88,Not Applicable,88,Not Applicable,88,Not Applicable,FALSE,1,Public Road,1,"Trafficway, On Road",CT0009300,New Haven PD,62,14:32.0,C,Closed,19:41.0,,1,15500,3,PRINCIPAL ARTERIAL - OTHER - NEW HPMS,1,Rural
1116181,1,Complete,1116181,1116181,41.30182819,-72.93359594,3608383,New Haven,93,93,New Haven,12/14/2023,2023,12,December,14,5,Thursday,13:42:00,13,23050016,A,"Injury of any type (Serious, Minor, Possible)",B,Suspected Minor Injury (B),1,1,0,4,Local,0.79,123,CONGRESS AV,CONGRESS AV,CEDAR ST NO 3,,,,,41.30182819,-72.93359594,9,Pedestrian,88,Not Applicable,1,On Roadway,1,Clear,88,Not Applicable,1,Daylight,1,Dry,0,None,88,Not Applicable,88,Not Applicable,99,Unknown,88,Not Applicable,88,Not Applicable,2,Intersection,2,Four-Way Intersection,1,No,1,No,88,Not Applicable,88,Not Applicable,88,Not Applicable,88,Not Applicable,FALSE,1,Public Road,1,"Trafficway, On Road",CT0009300,New Haven PD,40811,45:07.0,O,Open,19:45.0,,3,5800,4,MINOR ARTERIAL - NEW HPMS,2,Urban
1116189,1,Complete,1116189,1116189,41.330163,-72.87556,3608391,New Haven,93,93,New Haven,12/14/2023,2023,12,December,14,5,Thursday,20:25:00,20,23050052,A,"Injury of any type (Serious, Minor, Possible)",C,Possible Injury (C),2,0,0,3,State,0.76,17,17-N,17-N,,ELLIS ST,323,Feet,N,41.330163,-72.87556,14,Motor Vehicle in Operation,1,Front to rear,1,On Roadway,1,Clear,88,Not Applicable,5,Dark-Not Lighted,1,Dry,0,None,88,Not Applicable,88,Not Applicable,0,None,88,Not Applicable,88,Not Applicable,1,Non-Junction,1,Not at Intersection,1,No,1,No,88,Not Applicable,88,Not Applicable,88,Not Applicable,88,Not Applicable,FALSE,1,Public Road,1,"Trafficway, On Road",CT0009300,New Haven PD,42049,00:21.0,C,Closed,19:54.0,,1,14300,3,PRINCIPAL ARTERIAL - OTHER - NEW HPMS,1,Rural
1116195,1,Complete,1116195,1116195,41.31540102,-72.91684536,3608397,New Haven,93,93,New Haven,12/15/2023,2023,12,December,15,6,Friday,14:50:00,14,23050117,A,"Injury of any type (Serious, Minor, Possible)",C,Possible Injury (C),2,0,0,4,Local,0.93,450,ORANGE ST NO 1,ORANGE ST NO 1,CLARK ST,,,,,41.31540102,-72.91684536,14,Motor Vehicle in Operation,3,Angle,1,On Roadway,1,Clear,88,Not Applicable,1,Daylight,1,Dry,0,None,88,Not Applicable,88,Not Applicable,0,None,88,Not Applicable,88,Not Applicable,2,Intersection,3,T-Intersection,1,No,1,No,88,Not Applicable,88,Not Applicable,88,Not Applicable,88,Not Applicable,FALSE,1,Public Road,1,"Trafficway, On Road",CT0009300,New Haven PD,65,39:56.0,C,Closed,20:13.0,,,,,,,
1116196,1,Complete,1116196,1116196,41.319228,-72.87506968,3608398,New Haven,93,93,New Haven,12/14/2023,2023,12,December,14,5,Thursday,19:01:00,19,23050120,A,"Injury of any type (Serious, Minor, Possible)",C,Possible Injury (C),2,0,0,4,Local,2.1,498,QUINNIPIAC AV,QUINNIPIAC AV,,foxon st,135,Feet,S,41.319228,-72.87506968,14,Motor Vehicle in Operation,1,Front to rear,1,On Roadway,1,Clear,88,Not Applicable,6,Dark-Unknown Lighting,1,Dry,0,None,88,Not Applicable,88,Not Applicable,0,None,88,Not Applicable,88,Not Applicable,9,Driveway Access-Related,1,Not at Intersection,1,No,1,No,88,Not Applicable,88,Not Applicable,88,Not Applicable,88,Not Applicable,FALSE,1,Public Road,1,"Trafficway, On Road",CT0009300,New Haven PD,42049,43:20.0,C,Closed,19:58.0,,,,,,,
1116200,1,Complete,1116200,1116200,41.310516,-72.951016,3608402,New Haven,93,93,New Haven,12/15/2023,2023,12,December,15,6,Friday,18:22:00,18,23050135,A,"Injury of any type (Serious, Minor, Possible)",C,Possible Injury (C),1,1,0,4,Local,0.27,147,DERBY AV,DERBY AV,,MEAD ST,50,Feet,E,41.310516,-72.951016,9,Pedestrian,88,Not Applicable,1,On Roadway,1,Clear,88,Not Applicable,5,Dark-Not Lighted,1,Dry,0,None,88,Not Applicable,88,Not Applicable,0,None,88,Not Applicable,88,Not Applicable,1,Non-Junction,1,Not at Intersection,1,No,1,No,88,Not Applicable,88,Not Applicable,88,Not Applicable,88,Not Applicable,FALSE,1,Public Road,1,"Trafficway, On Road",CT0009300,New Haven PD,11439,42:09.0,C,Closed,19:55.0,,3,8000,4,MINOR ARTERIAL - NEW HPMS,2,Urban
1116204,1,Complete,1116204,1116204,41.31987,-72.94037,3608406,New Haven,93,93,New Haven,12/15/2023,2023,12,December,15,6,Friday,21:19:00,21,23050157,A,"Injury of any type (Serious, Minor, Possible)",C,Possible Injury (C),2,0,0,4,Local,0,557,SHERMAN PKWY,SHERMAN PKWY,GOFFE ST,,,,,41.31987,-72.94037,14,Motor Vehicle in Operation,3,Angle,1,On Roadway,1,Clear,88,Not Applicable,4,Dark-Lighted,1,Dry,0,None,88,Not Applicable,88,Not Applicable,0,None,88,Not Applicable,88,Not Applicable,2,Intersection,2,Four-Way Intersection,1,No,1,No,88,Not Applicable,88,Not Applicable,88,Not Applicable,88,Not Applicable,FALSE,1,Public Road,1,"Trafficway, On Road",CT0009300,New Haven PD,44060,51:08.0,O,Open,19:59.0,,,,,,,
1116208,1,Complete,1116208,1116208,41.318943,-72.948549,3608410,New Haven,93,93,New Haven,12/15/2023,2023,12,December,15,6,Friday,22:35:00,22,23050168,A,"Injury of any type (Serious, Minor, Possible)",C,Possible Injury (C),1,0,0,4,Local,0.02,653,WHALLEY AV,WHALLEY AV,,ELLA T. GRASSO BLVD,115,Feet,W,41.318943,-72.948549,33,Utility Pole/Light Support,88,Not Applicable,2,Shoulder,1,Clear,88,Not Applicable,5,Dark-Not Lighted,1,Dry,0,None,88,Not Applicable,88,Not Applicable,0,None,88,Not Applicable,88,Not Applicable,1,Non-Junction,1,Not at Intersection,1,No,1,No,88,Not Applicable,88,Not Applicable,88,Not Applicable,88,Not Applicable,FALSE,1,Public Road,2,"Trafficway, Not on Road",CT0009300,New Haven PD,44947,54:52.0,C,Closed,19:59.0,,4,21100,3,PRINCIPAL ARTERIAL - OTHER - NEW HPMS,2,Urban
1116209,1,Complete,1116209,1116209,41.327527,-72.968544,3608411,New Haven,93,93,New Haven,12/16/2023,2023,12,December,16,7,Saturday,0:50:00,0,23050170,A,"Injury of any type (Serious, Minor, Possible)",C,Possible Injury (C),2,1,0,3,State,3.41,122,122-N,122-N,,FOUNTAIN ST,55,Feet,N,41.327527,-72.968544,14,Motor Vehicle in Operation,1,Front to rear,1,On Roadway,1,Clear,88,Not Applicable,4,Dark-Lighted,1,Dry,0,None,88,Not Applicable,88,Not Applicable,0,None,88,Not Applicable,88,Not Applicable,3,Intersection-Related,3,T-Intersection,1,No,1,No,88,Not Applicable,88,Not Applicable,88,Not Applicable,88,Not Applicable,TRUE,1,Public Road,1,"Trafficway, On Road",CT0009300,New Haven PD,44046,54:25.0,C,Closed,20:09.0,,1,7500,4,MINOR ARTERIAL - NEW HPMS,1,Rural
1116211,1,Complete,1116211,1116211,41.313888,-72.876008,3608413,New Haven,93,93,New Haven,12/16/2023,2023,12,December,16,7,Saturday,1:47:00,1,23050174,A,"Injury of any type (Serious, Minor, Possible)",B,Suspected Minor Injury (B),1,0,0,4,Local,0.15,287,HEMINGWAY ST,HEMINGWAY ST,,ROSEWOOD AVE,43,Feet,W,41.313888,-72.876008,33,Utility Pole/Light Support,88,Not Applicable,2,Shoulder,1,Clear,88,Not Applicable,4,Dark-Lighted,1,Dry,0,None,88,Not Applicable,88,Not Applicable,0,None,88,Not Applicable,88,Not Applicable,1,Non-Junction,1,Not at Intersection,1,No,1,No,88,Not Applicable,88,Not Applicable,88,Not Applicable,88,Not Applicable,FALSE,1,Public Road,1,"Trafficway, On Road",CT0009300,New Haven PD,44063,31:17.0,C,Closed,20:40.0,,2,4727,7,LOCAL - NEW HPMS,2,Urban
1116231,1,Complete,1116231,1116231,41.28977182,-72.89214017,3608433,New Haven,93,93,New Haven,12/23/2023,2023,12,December,23,7,Saturday,2:15:00,2,23050178,A,"Injury of any type (Serious, Minor, Possible)",C,Possible Injury (C),2,0,0,2,USRoute,50.26,1,1-N,1-N,,TOWNSEND AVE,42,Feet,E,41.28977182,-72.89214017,14,Motor Vehicle in Operation,3,Angle,1,On Roadway,1,Clear,88,Not Applicable,4,Dark-Lighted,1,Dry,0,None,88,Not Applicable,88,Not Applicable,0,None,88,Not Applicable,88,Not Applicable,3,Intersection-Related,2,Four-Way Intersection,1,No,1,No,88,Not Applicable,88,Not Applicable,88,Not Applicable,88,Not Applicable,FALSE,1,Public Road,1,"Trafficway, On Road",CT0009300,New Haven PD,44946,43:38.0,O,Open,19:31.0,,2,17700,3,PRINCIPAL ARTERIAL - OTHER - NEW HPMS,2,Urban
1116235,1,Complete,1116235,1116235,41.311068,-72.943292,3608437,New Haven,93,93,New Haven,12/16/2023,2023,12,December,16,7,Saturday,13:25:00,13,23050223,A,"Injury of any type (Serious, Minor, Possible)",C,Possible Injury (C),2,0,0,4,Local,2.75,97,CHAPEL ST,CHAPEL ST,,BEERS ST ,156,Feet,W,41.311068,-72.943292,14,Motor Vehicle in Operation,1,Front to rear,1,On Roadway,1,Clear,88,Not Applicable,1,Daylight,1,Dry,0,None,88,Not Applicable,88,Not Applicable,0,None,88,Not Applicable,88,Not Applicable,1,Non-Junction,1,Not at Intersection,1,No,1,No,88,Not Applicable,88,Not Applicable,88,Not Applicable,88,Not Applicable,FALSE,1,Public Road,1,"Trafficway, On Road",CT0009300,New Haven PD,39,52:59.0,C,Closed,20:11.0,,,,,,,
1116236,1,Complete,1116236,1116236,41.300907,-72.915423,3608438,New Haven,93,93,New Haven,12/16/2023,2023,12,December,16,7,Saturday,16:15:00,16,23050237,A,"Injury of any type (Serious, Minor, Possible)",C,Possible Injury (C),2,0,0,2,USRoute,48.72,1,1-N,1-N,CHESTNUT ST NO 1,,,,,41.300907,-72.915423,14,Motor Vehicle in Operation,3,Angle,1,On Roadway,1,Clear,88,Not Applicable,1,Daylight,1,Dry,0,None,88,Not Applicable,88,Not Applicable,0,None,88,Not Applicable,88,Not Applicable,2,Intersection,3,T-Intersection,1,No,1,No,88,Not Applicable,88,Not Applicable,88,Not Applicable,88,Not Applicable,TRUE,1,Public Road,1,"Trafficway, On Road",CT0009300,New Haven PD,40788,13:17.0,C,Closed,20:05.0,,1,9800,3,PRINCIPAL ARTERIAL - OTHER - NEW HPMS,1,Rural
1116237,1,Complete,1116237,1116237,41.29660413,-72.89094058,3608439,New Haven,93,93,New Haven,12/16/2023,2023,12,December,16,7,Saturday,15:55:00,15,23050241,A,"Injury of any type (Serious, Minor, Possible)",C,Possible Injury (C),2,0,0,4,Local,0.03,332,JUDITH TER,JUDITH TER,,QUINNIPIAC AVE,134,Feet,E,41.29660413,-72.89094058,14,Motor Vehicle in Operation,3,Angle,1,On Roadway,1,Clear,88,Not Applicable,3,Dusk,1,Dry,0,None,88,Not Applicable,88,Not Applicable,0,None,88,Not Applicable,88,Not Applicable,9,Driveway Access-Related,1,Not at Intersection,1,No,1,No,88,Not Applicable,88,Not Applicable,88,Not Applicable,88,Not Applicable,FALSE,1,Public Road,1,"Trafficway, On Road",CT0009300,New Haven PD,42049,54:32.0,C,Closed,20:06.0,,,,,,,
1116240,1,Complete,1116240,1116240,41.302183,-72.928784,3608442,New Haven,93,93,New Haven,12/16/2023,2023,12,December,16,7,Saturday,20:06:00,20,23050257,A,"Injury of any type (Serious, Minor, Possible)",C,Possible Injury (C),2,0,0,4,Local,0.25,104,CHURCH ST SOUTH NO 1,CHURCH ST SOUTH NO 1,CHURCH ST SOUTH NO 1,,,,,41.302183,-72.928784,14,Motor Vehicle in Operation,2,Front to front,1,On Roadway,1,Clear,88,Not Applicable,4,Dark-Lighted,1,Dry,0,None,88,Not Applicable,88,Not Applicable,13,Non-Highway Work,88,Not Applicable,88,Not Applicable,2,Intersection,2,Four-Way Intersection,1,No,1,No,88,Not Applicable,88,Not Applicable,88,Not Applicable,88,Not Applicable,FALSE,1,Public Road,1,"Trafficway, On Road",CT0009300,New Haven PD,40810,38:29.0,C,Closed,20:38.0,,,,,,,