CrashId,Fatal Case Status,Fatal Case Status Text Format,CrashId,CrashId,Latitude,Longitude,DOT Case Number,Town Name,Town Number,Town Number,Town Number Text Format,Date Of Crash,Year,Month,Month Text Format,Day,Day of the Week,Day of the Week Text Format,Time of Crash,Hour of the Day,Case Identifier,Crash Severity,Crash Severity Text Format,Most Severe Injury,Most Severe Injury Text Format,Number Of Motor Vehicles,Number Of Non-Motorist,Number Of Witnesses,Route Class,Route Class Text Format,Milemarker,Road Number,Road Description,Roadway Name,Intersecting Roadway Name,Landmark Description,Distance From Nearest Landmark,Unit Of Measure From Nearest Landmark,Direction From Nearest Landmark,Latitude,Longitude,First Harmful Event,First Harmful Event Text Format,Manner of Crash / Collision Impact,Manner of Crash / Collision Impact Text Format,Location of First Harmful Event,Location of First Harmful Event Text Format,Weather Condition,Weather Condition Text Format,Weather 2,Weather 2 Text Format,Light Condition,Light Condition Text Format,Road Surface Condition,Road Surface Condition Text Format,"Contributing Circumstances, Environment","Contributing Circumstances, Environment Text Format",Environment 2,Environment 2 Text Format,Environment 3,Environment 3 Text Format,"Contributing Circumstances, Road","Contributing Circumstances, Road Text Format",Road 2,Road 2 Text Format,Road 3,Road 3 Text Format,Crash Specific Location,Crash Specific Location Text Format,Type of Intersection,Type of Intersection Text Format,School Bus Related,School Bus Related Text Format,Work Zone Related,Work Zone Related Text Format,Location Of Crash Relative To Work Zone,Location Of Crash Relative To Work Zone Text Format,Type of Work Zone,Type of Work Zone Text Format,Worker Presence,Worker Presence Text Format,Law Enforcement Presence,Law Enforcement Presence Text Format,Were Vehicles Moved Prior To Police Arrival,Trafficway Ownership,Trafficway Ownership Text Format,Trafficway Class,Trafficway Class Text Format,Police Agency,Police Agency Text Format,Badge Number,Approval Date,Police Case Status,Police Case Status Text Format,Crash Report Submission Date,Related Case Identifiers,No. of Through Lanes (Log Dir.),Average Daily Traffic,Functional Classification,Functional Classification Text Format,Rural or Urban,Rural or Urban Text Format
1116244,1,Complete,1116244,1116244,41.31277268,-72.9521214,3608446,New Haven,93,93,New Haven,12/17/2023,2023,12,December,17,1,Sunday,0:38:00,0,23050288,A,"Injury of any type (Serious, Minor, Possible)",C,Possible Injury (C),2,0,0,3,State,2.57,10,10-N,10-N,,CHAPEL ST,68,Feet,S,41.31277268,-72.9521214,14,Motor Vehicle in Operation,1,Front to rear,1,On Roadway,2,Cloudy,88,Not Applicable,4,Dark-Lighted,1,Dry,0,None,88,Not Applicable,88,Not Applicable,0,None,88,Not Applicable,88,Not Applicable,3,Intersection-Related,2,Four-Way Intersection,1,No,1,No,88,Not Applicable,88,Not Applicable,88,Not Applicable,88,Not Applicable,TRUE,1,Public Road,1,"Trafficway, On Road",CT0009300,New Haven PD,40956,52:01.0,C,Closed,20:10.0,,1,19800,3,PRINCIPAL ARTERIAL - OTHER - NEW HPMS,1,Rural
1116246,1,Complete,1116246,1116246,41.319263,-72.926111,3608448,New Haven,93,93,New Haven,12/10/2023,2023,12,December,10,1,Sunday,19:30:00,19,23050315,A,"Injury of any type (Serious, Minor, Possible)",B,Suspected Minor Injury (B),1,1,0,4,Local,0,676,WOODLAND ST,WOODLAND ST,MANSFIELD ST,,,,,41.319263,-72.926111,9,Pedestrian,88,Not Applicable,1,On Roadway,1,Clear,88,Not Applicable,4,Dark-Lighted,2,Wet,0,None,88,Not Applicable,88,Not Applicable,0,None,88,Not Applicable,88,Not Applicable,2,Intersection,3,T-Intersection,1,No,1,No,88,Not Applicable,88,Not Applicable,88,Not Applicable,88,Not Applicable,FALSE,1,Public Road,1,"Trafficway, On Road",CT0009300,New Haven PD,42046,57:54.0,C,Closed,20:11.0,,2,2427,7,LOCAL - NEW HPMS,2,Urban
1116247,1,Complete,1116247,1116247,41.309796,-72.945206,3608449,New Haven,93,93,New Haven,12/17/2023,2023,12,December,17,1,Sunday,11:29:00,11,23050327,A,"Injury of any type (Serious, Minor, Possible)",C,Possible Injury (C),2,0,1,4,Local,0.26,248,GEORGE ST,GEORGE ST,SHERMAN AV,,,,,41.309796,-72.945206,14,Motor Vehicle in Operation,3,Angle,1,On Roadway,4,Rain,88,Not Applicable,1,Daylight,2,Wet,0,None,88,Not Applicable,88,Not Applicable,0,None,88,Not Applicable,88,Not Applicable,2,Intersection,2,Four-Way Intersection,1,No,1,No,88,Not Applicable,88,Not Applicable,88,Not Applicable,88,Not Applicable,FALSE,1,Public Road,1,"Trafficway, On Road",CT0009300,New Haven PD,91,06:09.0,C,Closed,20:12.0,,,,,,,
1116252,1,Complete,1116252,1116252,41.293565,-72.897717,3608454,New Haven,93,93,New Haven,12/17/2023,2023,12,December,17,1,Sunday,19:50:00,19,23050369,A,"Injury of any type (Serious, Minor, Possible)",C,Possible Injury (C),5,0,0,2,USRoute,49.82,1,1-N,1-N,FULTON TER,,,,,41.293565,-72.897717,14,Motor Vehicle in Operation,3,Angle,1,On Roadway,4,Rain,88,Not Applicable,4,Dark-Lighted,2,Wet,99,Unknown,88,Not Applicable,88,Not Applicable,99,Unknown,88,Not Applicable,88,Not Applicable,2,Intersection,2,Four-Way Intersection,1,No,1,No,88,Not Applicable,88,Not Applicable,88,Not Applicable,88,Not Applicable,FALSE,1,Public Road,1,"Trafficway, On Road",CT0009300,New Haven PD,9,26:47.0,C,Closed,18:50.0,,2,9400,3,PRINCIPAL ARTERIAL - OTHER - NEW HPMS,2,Urban
1116253,1,Complete,1116253,1116253,41.28261,-72.935015,3608455,New Haven,93,93,New Haven,12/17/2023,2023,12,December,17,1,Sunday,21:24:00,21,23050373,A,"Injury of any type (Serious, Minor, Possible)",C,Possible Injury (C),3,0,0,3,State,0.16,10,10-N,10-N,,SEA ST ,86,Feet,W,41.28261,-72.935015,14,Motor Vehicle in Operation,1,Front to rear,1,On Roadway,4,Rain,88,Not Applicable,4,Dark-Lighted,2,Wet,99,Unknown,88,Not Applicable,88,Not Applicable,99,Unknown,88,Not Applicable,88,Not Applicable,1,Non-Junction,1,Not at Intersection,1,No,1,No,88,Not Applicable,88,Not Applicable,88,Not Applicable,88,Not Applicable,FALSE,1,Public Road,1,"Trafficway, On Road",CT0009300,New Haven PD,44057,24:04.0,C,Closed,20:16.0,,2,15100,3,PRINCIPAL ARTERIAL - OTHER - NEW HPMS,2,Urban
1116259,1,Complete,1116259,1116259,41.29495113,-72.93752898,3608461,New Haven,93,93,New Haven,12/18/2023,2023,12,December,18,2,Monday,9:54:00,9,23050405,A,"Injury of any type (Serious, Minor, Possible)",C,Possible Injury (C),3,0,1,4,Local,0.02,731,PUTNAM ST NO 2,PUTNAM ST NO 2,,BUTTON ST,74,Feet,W,41.29495113,-72.93752898,14,Motor Vehicle in Operation,4,"Sideswipe, same direction",2,Shoulder,4,Rain,88,Not Applicable,1,Daylight,2,Wet,99,Unknown,88,Not Applicable,88,Not Applicable,0,None,88,Not Applicable,88,Not Applicable,1,Non-Junction,1,Not at Intersection,1,No,1,No,88,Not Applicable,88,Not Applicable,88,Not Applicable,88,Not Applicable,FALSE,1,Public Road,1,"Trafficway, On Road",CT0009300,New Haven PD,42366,17:58.0,C,Closed,20:23.0,,,,,,,
1116260,1,Complete,1116260,1116260,41.31175477,-72.92562681,3608462,New Haven,93,93,New Haven,12/18/2023,2023,12,December,18,2,Monday,10:59:00,10,23050412,A,"Injury of any type (Serious, Minor, Possible)",B,Suspected Minor Injury (B),2,0,0,4,Local,0,117,COLLEGE ST,COLLEGE ST,GROVE ST,,,,,41.31175477,-72.92562681,14,Motor Vehicle in Operation,3,Angle,1,On Roadway,2,Cloudy,88,Not Applicable,1,Daylight,2,Wet,0,None,88,Not Applicable,88,Not Applicable,0,None,88,Not Applicable,88,Not Applicable,2,Intersection,2,Four-Way Intersection,1,No,1,No,88,Not Applicable,88,Not Applicable,88,Not Applicable,88,Not Applicable,TRUE,1,Public Road,1,"Trafficway, On Road",CT0009300,New Haven PD,165,20:49.0,C,Closed,20:23.0,,,,,,,
1116261,1,Complete,1116261,1116261,41.304899,-72.934292,3608463,New Haven,93,93,New Haven,12/18/2023,2023,12,December,18,2,Monday,11:40:00,11,23050414,A,"Injury of any type (Serious, Minor, Possible)",C,Possible Injury (C),2,0,0,4,Local,0.19,565,SOUTH FRONTAGE RD-RT 34,SOUTH FRONTAGE RD-RT 34,YORK ST,,,,,41.304899,-72.934292,14,Motor Vehicle in Operation,3,Angle,1,On Roadway,2,Cloudy,88,Not Applicable,1,Daylight,2,Wet,0,None,88,Not Applicable,88,Not Applicable,0,None,88,Not Applicable,88,Not Applicable,2,Intersection,3,T-Intersection,1,No,1,No,88,Not Applicable,88,Not Applicable,88,Not Applicable,88,Not Applicable,TRUE,1,Public Road,1,"Trafficway, On Road",CT0009300,New Haven PD,251,07:10.0,C,Closed,20:27.0,,,,,,,
1116275,1,Complete,1116275,1116275,41.317725,-72.947927,3608477,New Haven,93,93,New Haven,12/19/2023,2023,12,December,19,3,Tuesday,13:00:00,13,23050586,A,"Injury of any type (Serious, Minor, Possible)",C,Possible Injury (C),2,0,0,4,Local,0.08,21,ARGONNE ST,ARGONNE ST,ELLSWORTH AV,,,,,41.317725,-72.947927,14,Motor Vehicle in Operation,3,Angle,1,On Roadway,1,Clear,88,Not Applicable,1,Daylight,1,Dry,0,None,88,Not Applicable,88,Not Applicable,0,None,88,Not Applicable,88,Not Applicable,2,Intersection,3,T-Intersection,2,"Yes, School Bus Directly Involved",1,No,88,Not Applicable,88,Not Applicable,88,Not Applicable,88,Not Applicable,FALSE,1,Public Road,1,"Trafficway, On Road",CT0009300,New Haven PD,503,17:20.0,C,Closed,19:29.0,,,,,,,
1116277,1,Complete,1116277,1116277,41.284539,-72.934817,3608479,New Haven,93,93,New Haven,12/19/2023,2023,12,December,19,3,Tuesday,16:41:00,16,23050613,A,"Injury of any type (Serious, Minor, Possible)",C,Possible Injury (C),2,0,0,3,State,0.31,10,10-N,10-N,95-S-366 (Exit 44 on ramp),,,,,41.284539,-72.934817,14,Motor Vehicle in Operation,3,Angle,1,On Roadway,1,Clear,88,Not Applicable,4,Dark-Lighted,1,Dry,0,None,88,Not Applicable,88,Not Applicable,0,None,88,Not Applicable,88,Not Applicable,2,Intersection,2,Four-Way Intersection,1,No,1,No,88,Not Applicable,88,Not Applicable,88,Not Applicable,88,Not Applicable,FALSE,1,Public Road,1,"Trafficway, On Road",CT0009300,New Haven PD,40810,36:32.0,C,Closed,20:39.0,,,,,,,
1116289,1,Complete,1116289,1116289,41.308224,-72.924219,3608491,New Haven,93,93,New Haven,12/20/2023,2023,12,December,20,4,Wednesday,15:02:00,15,23050738,A,"Injury of any type (Serious, Minor, Possible)",C,Possible Injury (C),2,0,0,4,Local,0.34,103,CHURCH ST,CHURCH ST,ELM ST NO 2,,,,,41.308224,-72.924219,14,Motor Vehicle in Operation,3,Angle,1,On Roadway,1,Clear,88,Not Applicable,1,Daylight,1,Dry,0,None,88,Not Applicable,88,Not Applicable,0,None,88,Not Applicable,88,Not Applicable,2,Intersection,2,Four-Way Intersection,1,No,1,No,88,Not Applicable,88,Not Applicable,88,Not Applicable,88,Not Applicable,TRUE,1,Public Road,1,"Trafficway, On Road",CT0009300,New Haven PD,221,15:47.0,C,Closed,20:45.0,,,,,,,
1116292,1,Complete,1116292,1116292,41.304327,-72.894546,3608494,New Haven,93,93,New Haven,12/20/2023,2023,12,December,20,4,Wednesday,16:38:00,16,23050771,A,"Injury of any type (Serious, Minor, Possible)",C,Possible Injury (C),2,0,0,4,Local,1.09,213,FERRY ST,FERRY ST,CHAPEL ST,,,,,41.304327,-72.894546,14,Motor Vehicle in Operation,3,Angle,1,On Roadway,1,Clear,88,Not Applicable,4,Dark-Lighted,1,Dry,0,None,88,Not Applicable,88,Not Applicable,3,Backup Due to Regular Congestion,88,Not Applicable,88,Not Applicable,3,Intersection-Related,2,Four-Way Intersection,1,No,1,No,88,Not Applicable,88,Not Applicable,88,Not Applicable,88,Not Applicable,FALSE,1,Public Road,1,"Trafficway, On Road",CT0009300,New Haven PD,409,07:46.0,C,Closed,18:43.0,,,,,,,
1116293,1,Complete,1116293,1116293,41.318669,-72.945559,3608495,New Haven,93,93,New Haven,12/20/2023,2023,12,December,20,4,Wednesday,16:58:00,16,23050775,A,"Injury of any type (Serious, Minor, Possible)",C,Possible Injury (C),2,0,0,4,Local,0.59,439,NORTON ST,NORTON ST,,WHALLEY AVENUE,249,Feet,N,41.318669,-72.945559,14,Motor Vehicle in Operation,1,Front to rear,7,In Parking Lane or Zone,1,Clear,88,Not Applicable,3,Dusk,1,Dry,0,None,88,Not Applicable,88,Not Applicable,0,None,88,Not Applicable,88,Not Applicable,1,Non-Junction,1,Not at Intersection,1,No,1,No,88,Not Applicable,88,Not Applicable,88,Not Applicable,88,Not Applicable,FALSE,1,Public Road,1,"Trafficway, On Road",CT0009300,New Haven PD,44062,22:10.0,C,Closed,19:21.0,,,,,,,
1116304,1,Complete,1116304,1116304,41.31737881,-72.94436041,3608506,New Haven,93,93,New Haven,12/21/2023,2023,12,December,21,5,Thursday,13:55:00,13,23050898,A,"Injury of any type (Serious, Minor, Possible)",C,Possible Injury (C),1,1,1,4,Local,0.27,653,WHALLEY AV,WHALLEY AV,,WINTHROP AVE ,39,Feet,E,41.31737881,-72.94436041,14,Motor Vehicle in Operation,3,Angle,1,On Roadway,1,Clear,88,Not Applicable,1,Daylight,1,Dry,0,None,88,Not Applicable,88,Not Applicable,0,None,88,Not Applicable,88,Not Applicable,3,Intersection-Related,3,T-Intersection,1,No,1,No,88,Not Applicable,88,Not Applicable,88,Not Applicable,88,Not Applicable,TRUE,1,Public Road,1,"Trafficway, On Road",CT0009300,New Haven PD,39,03:17.0,C,Closed,19:14.0,23050898,,,,,,
1116306,1,Complete,1116306,1116306,41.320384,-72.867826,3608508,New Haven,93,93,New Haven,12/21/2023,2023,12,December,21,5,Thursday,15:37:00,15,23050906,A,"Injury of any type (Serious, Minor, Possible)",C,Possible Injury (C),2,0,0,3,State,0.78,80,80-E,80-E,,DELL DR,85,Feet,W,41.320384,-72.867826,14,Motor Vehicle in Operation,1,Front to rear,1,On Roadway,1,Clear,88,Not Applicable,1,Daylight,1,Dry,0,None,88,Not Applicable,88,Not Applicable,0,None,88,Not Applicable,88,Not Applicable,1,Non-Junction,1,Not at Intersection,1,No,1,No,88,Not Applicable,88,Not Applicable,88,Not Applicable,88,Not Applicable,TRUE,1,Public Road,1,"Trafficway, On Road",CT0009300,New Haven PD,409,10:22.0,C,Closed,19:07.0,,2,23400,3,PRINCIPAL ARTERIAL - OTHER - NEW HPMS,2,Urban
1116313,1,Complete,1116313,1116313,41.30653,-72.9529,3608515,New Haven,93,93,New Haven,12/22/2023,2023,12,December,22,6,Friday,2:20:00,2,23050951,A,"Injury of any type (Serious, Minor, Possible)",C,Possible Injury (C),1,0,0,3,State,2.13,10,10-N,10-N,Rev Dr Martin Luther King Jr Blvd,,,,,41.30653,-72.9529,27,Embankment,88,Not Applicable,1,On Roadway,1,Clear,88,Not Applicable,4,Dark-Lighted,1,Dry,99,Unknown,88,Not Applicable,88,Not Applicable,99,Unknown,88,Not Applicable,88,Not Applicable,2,Intersection,2,Four-Way Intersection,1,No,1,No,88,Not Applicable,88,Not Applicable,88,Not Applicable,88,Not Applicable,FALSE,1,Public Road,1,"Trafficway, On Road",CT0009300,New Haven PD,44949,40:29.0,C,Closed,19:09.0,,2,24500,3,PRINCIPAL ARTERIAL - OTHER - NEW HPMS,2,Urban
1116318,1,Complete,1116318,1116318,41.28732406,-72.93736527,3608520,New Haven,93,93,New Haven,12/22/2023,2023,12,December,22,6,Friday,13:24:00,13,23050973,A,"Injury of any type (Serious, Minor, Possible)",B,Suspected Minor Injury (B),2,0,0,3,State,0.56,10,10-N,10-N,,RD A,50,Feet,E,41.28732406,-72.93736527,14,Motor Vehicle in Operation,1,Front to rear,1,On Roadway,1,Clear,88,Not Applicable,1,Daylight,1,Dry,0,None,88,Not Applicable,88,Not Applicable,0,None,88,Not Applicable,88,Not Applicable,9,Driveway Access-Related,1,Not at Intersection,1,No,1,No,88,Not Applicable,88,Not Applicable,88,Not Applicable,88,Not Applicable,FALSE,1,Public Road,1,"Trafficway, On Road",CT0009300,New Haven PD,45627,03:19.0,C,Closed,19:18.0,,2,18000,3,PRINCIPAL ARTERIAL - OTHER - NEW HPMS,2,Urban
1116319,1,Complete,1116319,1116319,41.329419,-72.944891,3608521,New Haven,93,93,New Haven,12/22/2023,2023,12,December,22,6,Friday,13:17:00,13,23050985,A,"Injury of any type (Serious, Minor, Possible)",C,Possible Injury (C),2,0,0,4,Local,0.75,690,ELLA T GRASSO BLVD,ELLA T GRASSO BLVD,,CRESCENT ST,311,Feet,S,41.329419,-72.944891,14,Motor Vehicle in Operation,3,Angle,1,On Roadway,1,Clear,88,Not Applicable,1,Daylight,1,Dry,0,None,88,Not Applicable,88,Not Applicable,0,None,88,Not Applicable,88,Not Applicable,9,Driveway Access-Related,1,Not at Intersection,1,No,1,No,88,Not Applicable,88,Not Applicable,88,Not Applicable,88,Not Applicable,FALSE,1,Public Road,1,"Trafficway, On Road",CT0009300,New Haven PD,324,12:53.0,C,Closed,19:25.0,,,,,,,
1116326,1,Complete,1116326,1116326,41.32313636,-72.87699565,3608528,New Haven,93,93,New Haven,12/22/2023,2023,12,December,22,6,Friday,17:17:00,17,23051015,A,"Injury of any type (Serious, Minor, Possible)",C,Possible Injury (C),1,0,0,4,Local,0.22,40,BARNES AV,BARNES AV,,KENNY DR,170,Feet,S,41.32313636,-72.87699565,32,Tree (standing),88,Not Applicable,1,On Roadway,1,Clear,88,Not Applicable,4,Dark-Lighted,1,Dry,0,None,88,Not Applicable,88,Not Applicable,0,None,88,Not Applicable,88,Not Applicable,1,Non-Junction,1,Not at Intersection,1,No,1,No,88,Not Applicable,88,Not Applicable,88,Not Applicable,88,Not Applicable,FALSE,1,Public Road,1,"Trafficway, On Road",CT0009300,New Haven PD,42049,43:09.0,C,Closed,19:22.0,,2,4238,7,LOCAL - NEW HPMS,2,Urban
1116364,1,Complete,1116364,1116364,41.271579,-72.89706,3608566,New Haven,93,93,New Haven,12/22/2023,2023,12,December,22,6,Friday,18:40:00,18,23051020,A,"Injury of any type (Serious, Minor, Possible)",C,Possible Injury (C),2,0,0,4,Local,0.01,425,MORSE PL,MORSE PL,,TOWNSEND AVE,33,Feet,W,41.271579,-72.89706,15,Parked Motor Vehicle,3,Angle,1,On Roadway,1,Clear,88,Not Applicable,4,Dark-Lighted,1,Dry,0,None,88,Not Applicable,88,Not Applicable,0,None,88,Not Applicable,88,Not Applicable,3,Intersection-Related,3,T-Intersection,1,No,1,No,88,Not Applicable,88,Not Applicable,88,Not Applicable,88,Not Applicable,FALSE,1,Public Road,1,"Trafficway, On Road",CT0009300,New Haven PD,45391,09:02.0,C,Closed,19:20.0,,,,,,,
1116369,1,Complete,1116369,1116369,41.301489,-72.927021,3608571,New Haven,93,93,New Haven,12/23/2023,2023,12,December,23,7,Saturday,22:37:00,22,23051123,A,"Injury of any type (Serious, Minor, Possible)",C,Possible Injury (C),2,0,0,3,State,0,,Oak St Connector ,Oak St Connector ,S Orange St ,,,,,41.301489,-72.927021,14,Motor Vehicle in Operation,4,"Sideswipe, same direction",1,On Roadway,1,Clear,88,Not Applicable,4,Dark-Lighted,1,Dry,0,None,88,Not Applicable,88,Not Applicable,0,None,88,Not Applicable,88,Not Applicable,2,Intersection,2,Four-Way Intersection,1,No,1,No,88,Not Applicable,88,Not Applicable,88,Not Applicable,88,Not Applicable,TRUE,1,Public Road,1,"Trafficway, On Road",CT0009300,New Haven PD,42366,26:06.0,C,Closed,19:30.0,,,,,,,
1116370,1,Complete,1116370,1116370,41.289944,-72.894724,3608572,New Haven,93,93,New Haven,12/23/2023,2023,12,December,23,7,Saturday,22:41:00,22,23051124,A,"Injury of any type (Serious, Minor, Possible)",B,Suspected Minor Injury (B),1,0,0,,,,,,401 FORBES AVE,,WOODWARD AVE,108,Feet,W,41.289944,-72.894724,39,"Other Fixed Object (wall, building, tunnel, etc.)",88,Not Applicable,97,Other,1,Clear,88,Not Applicable,4,Dark-Lighted,1,Dry,0,None,88,Not Applicable,88,Not Applicable,0,None,88,Not Applicable,88,Not Applicable,97,Other,1,Not at Intersection,1,No,1,No,88,Not Applicable,88,Not Applicable,88,Not Applicable,88,Not Applicable,FALSE,88,Not Applicable,4,Parking Lot,CT0009300,New Haven PD,45398,30:35.0,C,Closed,19:28.0,,,,,,,
1116371,1,Complete,1116371,1116371,41.31039874,-72.94526761,3608573,New Haven,93,93,New Haven,12/24/2023,2023,12,December,24,1,Sunday,7:02:00,7,23051145,A,"Injury of any type (Serious, Minor, Possible)",C,Possible Injury (C),1,0,0,,,,,,136 SHERMAN AVE,,GEORGE ST,193,Feet,N,41.31039874,-72.94526761,8,Other Non-Collision,88,Not Applicable,97,Other,1,Clear,88,Not Applicable,1,Daylight,2,Wet,0,None,88,Not Applicable,88,Not Applicable,0,None,88,Not Applicable,88,Not Applicable,97,Other,1,Not at Intersection,1,No,1,No,88,Not Applicable,88,Not Applicable,88,Not Applicable,88,Not Applicable,FALSE,88,Not Applicable,4,Parking Lot,CT0009300,New Haven PD,324,57:32.0,C,Closed,19:30.0,,,,,,,
1116376,1,Complete,1116376,1116376,41.29067873,-72.93687915,3608578,New Haven,93,93,New Haven,12/25/2023,2023,12,December,25,2,Monday,10:18:00,10,23051224,A,"Injury of any type (Serious, Minor, Possible)",C,Possible Injury (C),2,0,0,4,Local,0.19,350,LAMBERTON ST,LAMBERTON ST,HURLBURT ST,,,,,41.29067873,-72.93687915,14,Motor Vehicle in Operation,5,"Sideswipe, opposite direction",1,On Roadway,2,Cloudy,88,Not Applicable,1,Daylight,1,Dry,0,None,88,Not Applicable,88,Not Applicable,0,None,88,Not Applicable,88,Not Applicable,2,Intersection,3,T-Intersection,1,No,1,No,88,Not Applicable,88,Not Applicable,88,Not Applicable,88,Not Applicable,TRUE,1,Public Road,1,"Trafficway, On Road",CT0009300,New Haven PD,40788,11:45.0,O,Open,19:35.0,,,,,,,
1116379,1,Complete,1116379,1116379,41.333233,-72.871868,3608581,New Haven,93,93,New Haven,12/25/2023,2023,12,December,25,2,Monday,15:44:00,15,23051247,A,"Injury of any type (Serious, Minor, Possible)",C,Possible Injury (C),2,0,0,3,State,1.05,17,17-N,17-N,,GANDO DR,237,Feet,S,41.333233,-72.871868,14,Motor Vehicle in Operation,1,Front to rear,1,On Roadway,1,Clear,88,Not Applicable,1,Daylight,1,Dry,0,None,88,Not Applicable,88,Not Applicable,0,None,88,Not Applicable,88,Not Applicable,1,Non-Junction,1,Not at Intersection,1,No,1,No,88,Not Applicable,88,Not Applicable,88,Not Applicable,88,Not Applicable,FALSE,1,Public Road,1,"Trafficway, On Road",CT0009300,New Haven PD,42367,33:29.0,C,Closed,19:36.0,,1,9800,3,PRINCIPAL ARTERIAL - OTHER - NEW HPMS,1,Rural
1116382,1,Complete,1116382,1116382,41.323795,-72.881279,3608584,New Haven,93,93,New Haven,12/26/2023,2023,12,December,26,3,Tuesday,6:20:00,6,23051292,A,"Injury of any type (Serious, Minor, Possible)",C,Possible Injury (C),2,0,0,3,State,0.01,80,80-W,80-W,,MIDDLETOWN AVE,44,Feet,S,41.323795,-72.881279,14,Motor Vehicle in Operation,1,Front to rear,1,On Roadway,3,"Fog, Smog, Smoke",88,Not Applicable,1,Daylight,1,Dry,0,None,88,Not Applicable,88,Not Applicable,0,None,88,Not Applicable,88,Not Applicable,3,Intersection-Related,3,T-Intersection,1,No,1,No,88,Not Applicable,88,Not Applicable,88,Not Applicable,88,Not Applicable,TRUE,1,Public Road,1,"Trafficway, On Road",CT0009300,New Haven PD,44046,45:48.0,C,Closed,19:39.0,,2,32300,3,PRINCIPAL ARTERIAL - OTHER - NEW HPMS,2,Urban
1116433,1,Complete,1116433,1116433,41.30475112,-72.94254915,3608635,New Haven,93,93,New Haven,12/26/2023,2023,12,December,26,3,Tuesday,17:38:00,17,23051351,A,"Injury of any type (Serious, Minor, Possible)",C,Possible Injury (C),2,0,0,4,Local,0.23,453,ORCHARD ST,ORCHARD ST,,SYLVAN AVE,116,Feet,N,41.30475112,-72.94254915,14,Motor Vehicle in Operation,1,Front to rear,1,On Roadway,1,Clear,88,Not Applicable,3,Dusk,1,Dry,0,None,88,Not Applicable,88,Not Applicable,0,None,88,Not Applicable,88,Not Applicable,1,Non-Junction,1,Not at Intersection,1,No,1,No,88,Not Applicable,88,Not Applicable,88,Not Applicable,88,Not Applicable,FALSE,1,Public Road,1,"Trafficway, On Road",CT0009300,New Haven PD,45389,12:22.0,C,Closed,01:50.0,,,,,,,
1116434,1,Complete,1116434,1116434,41.314905,-72.945657,3608636,New Haven,93,93,New Haven,12/26/2023,2023,12,December,26,3,Tuesday,18:19:00,18,23051361,A,"Injury of any type (Serious, Minor, Possible)",C,Possible Injury (C),2,0,1,4,Local,0.12,393,MAPLE ST,MAPLE ST,WINTHROP AV NO 2,,,,,41.314905,-72.945657,14,Motor Vehicle in Operation,3,Angle,1,On Roadway,1,Clear,88,Not Applicable,4,Dark-Lighted,1,Dry,0,None,88,Not Applicable,88,Not Applicable,0,None,88,Not Applicable,88,Not Applicable,2,Intersection,2,Four-Way Intersection,1,No,1,No,88,Not Applicable,88,Not Applicable,88,Not Applicable,88,Not Applicable,FALSE,1,Public Road,1,"Trafficway, On Road",CT0009300,New Haven PD,44055,16:42.0,C,Closed,01:51.0,,,,,,,
1116975,1,Complete,1116975,1116975,41.309178,-72.934841,3609177,New Haven,93,93,New Haven,12/9/2023,2023,12,December,9,7,Saturday,19:03:00,19,23049331,A,"Injury of any type (Serious, Minor, Possible)",B,Suspected Minor Injury (B),4,0,0,4,Local,2.3,97,CHAPEL ST,CHAPEL ST,,HOWE ST,160,Feet,E,41.309178,-72.934841,14,Motor Vehicle in Operation,4,"Sideswipe, same direction",1,On Roadway,1,Clear,88,Not Applicable,4,Dark-Lighted,1,Dry,0,None,88,Not Applicable,88,Not Applicable,0,None,88,Not Applicable,88,Not Applicable,1,Non-Junction,1,Not at Intersection,1,No,1,No,88,Not Applicable,88,Not Applicable,88,Not Applicable,88,Not Applicable,FALSE,1,Public Road,1,"Trafficway, On Road",CT0009300,New Haven PD,42046,06:15.0,C,Closed,00:15.0,,6,124100,1,INTERSTATE - NEW HPMS,2,Urban
1116978,1,Complete,1116978,1116978,41.323873,-72.88148,3609180,New Haven,93,93,New Haven,12/17/2023,2023,12,December,17,1,Sunday,2:37:00,2,23050295,A,"Injury of any type (Serious, Minor, Possible)",C,Possible Injury (C),2,0,1,3,State,0,80,80-W,80-W,17-N,,,,,41.323873,-72.88148,14,Motor Vehicle in Operation,3,Angle,1,On Roadway,1,Clear,88,Not Applicable,4,Dark-Lighted,1,Dry,0,None,88,Not Applicable,88,Not Applicable,0,None,88,Not Applicable,88,Not Applicable,2,Intersection,2,Four-Way Intersection,1,No,1,No,88,Not Applicable,88,Not Applicable,88,Not Applicable,88,Not Applicable,TRUE,1,Public Road,1,"Trafficway, On Road",CT0009300,New Haven PD,44947,12:39.0,C,Closed,00:18.0,,2,32300,3,PRINCIPAL ARTERIAL - OTHER - NEW HPMS,2,Urban
1116980,1,Complete,1116980,1116980,41.31119188,-72.89606249,3609182,New Haven,93,93,New Haven,12/19/2023,2023,12,December,19,3,Tuesday,21:20:00,21,23050654,A,"Injury of any type (Serious, Minor, Possible)",B,Suspected Minor Injury (B),4,0,0,4,Local,0.6,213,FERRY ST,FERRY ST,,CLAY ST,88,Feet,N,41.31119188,-72.89606249,14,Motor Vehicle in Operation,1,Front to rear,1,On Roadway,1,Clear,88,Not Applicable,4,Dark-Lighted,1,Dry,0,None,88,Not Applicable,88,Not Applicable,0,None,88,Not Applicable,88,Not Applicable,1,Non-Junction,1,Not at Intersection,1,No,1,No,88,Not Applicable,88,Not Applicable,88,Not Applicable,88,Not Applicable,FALSE,1,Public Road,1,"Trafficway, On Road",CT0009300,New Haven PD,42042,31:54.0,C,Closed,00:14.0,,8,140800,1,INTERSTATE - NEW HPMS,2,Urban