CrashId,Fatal Case Status,Fatal Case Status Text Format,CrashId,CrashId,Latitude,Longitude,DOT Case Number,Town Name,Town Number,Town Number,Town Number Text Format,Date Of Crash,Year,Month,Month Text Format,Day,Day of the Week,Day of the Week Text Format,Time of Crash,Hour of the Day,Case Identifier,Crash Severity,Crash Severity Text Format,Most Severe Injury,Most Severe Injury Text Format,Number Of Motor Vehicles,Number Of Non-Motorist,Number Of Witnesses,Route Class,Route Class Text Format,Milemarker,Road Number,Road Description,Roadway Name,Intersecting Roadway Name,Landmark Description,Distance From Nearest Landmark,Unit Of Measure From Nearest Landmark,Direction From Nearest Landmark,Latitude,Longitude,First Harmful Event,First Harmful Event Text Format,Manner of Crash / Collision Impact,Manner of Crash / Collision Impact Text Format,Location of First Harmful Event,Location of First Harmful Event Text Format,Weather Condition,Weather Condition Text Format,Weather 2,Weather 2 Text Format,Light Condition,Light Condition Text Format,Road Surface Condition,Road Surface Condition Text Format,"Contributing Circumstances, Environment","Contributing Circumstances, Environment Text Format",Environment 2,Environment 2 Text Format,Environment 3,Environment 3 Text Format,"Contributing Circumstances, Road","Contributing Circumstances, Road Text Format",Road 2,Road 2 Text Format,Road 3,Road 3 Text Format,Crash Specific Location,Crash Specific Location Text Format,Type of Intersection,Type of Intersection Text Format,School Bus Related,School Bus Related Text Format,Work Zone Related,Work Zone Related Text Format,Location Of Crash Relative To Work Zone,Location Of Crash Relative To Work Zone Text Format,Type of Work Zone,Type of Work Zone Text Format,Worker Presence,Worker Presence Text Format,Law Enforcement Presence,Law Enforcement Presence Text Format,Were Vehicles Moved Prior To Police Arrival,Trafficway Ownership,Trafficway Ownership Text Format,Trafficway Class,Trafficway Class Text Format,Police Agency,Police Agency Text Format,Badge Number,Approval Date,Police Case Status,Police Case Status Text Format,Crash Report Submission Date,Related Case Identifiers,No. of Through Lanes (Log Dir.),Average Daily Traffic,Functional Classification,Functional Classification Text Format,Rural or Urban,Rural or Urban Text Format
1116981,1,Complete,1116981,1116981,41.31125105,-72.94759385,3609183,New Haven,93,93,New Haven,12/20/2023,2023,12,December,20,4,Wednesday,11:22:00,11,23050713,A,"Injury of any type (Serious, Minor, Possible)",C,Possible Injury (C),2,0,0,4,Local,0.09,147,DERBY AV,DERBY AV,,WINTHROP AVE,94,Feet,W,41.31125105,-72.94759385,14,Motor Vehicle in Operation,4,"Sideswipe, same direction",1,On Roadway,1,Clear,88,Not Applicable,1,Daylight,1,Dry,0,None,88,Not Applicable,88,Not Applicable,0,None,88,Not Applicable,88,Not Applicable,1,Non-Junction,1,Not at Intersection,1,No,1,No,88,Not Applicable,88,Not Applicable,88,Not Applicable,88,Not Applicable,TRUE,1,Public Road,1,"Trafficway, On Road",CT0009300,New Haven PD,39,46:20.0,C,Closed,00:31.0,23050713,,,,,,
1116985,1,Complete,1116985,1116985,41.30407298,-72.89817268,3609187,New Haven,93,93,New Haven,12/26/2023,2023,12,December,26,3,Tuesday,16:39:00,16,23051342,A,"Injury of any type (Serious, Minor, Possible)",C,Possible Injury (C),2,0,0,4,Local,0.3,97,CHAPEL ST,CHAPEL ST,,BLATCHLEY AVE,115,Feet,E,41.30407298,-72.89817268,14,Motor Vehicle in Operation,5,"Sideswipe, opposite direction",1,On Roadway,1,Clear,88,Not Applicable,4,Dark-Lighted,1,Dry,0,None,88,Not Applicable,88,Not Applicable,0,None,88,Not Applicable,88,Not Applicable,9,Driveway Access-Related,1,Not at Intersection,1,No,1,No,88,Not Applicable,88,Not Applicable,88,Not Applicable,88,Not Applicable,TRUE,1,Public Road,1,"Trafficway, On Road",CT0009300,New Haven PD,40788,24:38.0,C,Closed,00:31.0,,,,,,,
1116987,1,Complete,1116987,1116987,41.309552,-72.899523,3609189,New Haven,93,93,New Haven,12/26/2023,2023,12,December,26,3,Tuesday,18:34:00,18,23051364,A,"Injury of any type (Serious, Minor, Possible)",C,Possible Injury (C),1,1,0,4,Local,0.45,57,BLATCHLEY AV,BLATCHLEY AV,,MONROE ST,117,Feet,S,41.309552,-72.899523,9,Pedestrian,88,Not Applicable,1,On Roadway,3,"Fog, Smog, Smoke",88,Not Applicable,6,Dark-Unknown Lighting,1,Dry,99,Unknown,88,Not Applicable,88,Not Applicable,0,None,88,Not Applicable,88,Not Applicable,1,Non-Junction,1,Not at Intersection,1,No,1,No,88,Not Applicable,88,Not Applicable,88,Not Applicable,88,Not Applicable,TRUE,1,Public Road,1,"Trafficway, On Road",CT0009300,New Haven PD,980,12:55.0,C,Closed,00:21.0,,6,4168,7,LOCAL - NEW HPMS,2,Urban
1116988,1,Complete,1116988,1116988,41.32320815,-72.94882839,3609190,New Haven,93,93,New Haven,12/26/2023,2023,12,December,26,3,Tuesday,4:56:00,4,23051374,A,"Injury of any type (Serious, Minor, Possible)",C,Possible Injury (C),2,0,0,4,Local,0.11,258,GOFFE TER,GOFFE TER,ELLA T GRASSO BLVD NO 2,,,,,41.32320815,-72.94882839,14,Motor Vehicle in Operation,3,Angle,1,On Roadway,1,Clear,88,Not Applicable,4,Dark-Lighted,1,Dry,0,None,88,Not Applicable,88,Not Applicable,0,None,88,Not Applicable,88,Not Applicable,2,Intersection,2,Four-Way Intersection,1,No,1,No,88,Not Applicable,88,Not Applicable,88,Not Applicable,88,Not Applicable,FALSE,1,Public Road,1,"Trafficway, On Road",CT0009300,New Haven PD,44055,31:27.0,C,Closed,00:20.0,,,,,,,
1116994,1,Complete,1116994,1116994,41.33309997,-72.97557136,3609196,New Haven,93,93,New Haven,12/27/2023,2023,12,December,27,4,Wednesday,10:56:00,10,23051414,A,"Injury of any type (Serious, Minor, Possible)",C,Possible Injury (C),2,0,0,3,State,1.16,63,63-N,63-N,WESTERLEIGH RD,,,,,41.33309997,-72.97557136,14,Motor Vehicle in Operation,5,"Sideswipe, opposite direction",1,On Roadway,1,Clear,88,Not Applicable,1,Daylight,1,Dry,0,None,88,Not Applicable,88,Not Applicable,0,None,88,Not Applicable,88,Not Applicable,2,Intersection,3,T-Intersection,1,No,1,No,88,Not Applicable,88,Not Applicable,88,Not Applicable,88,Not Applicable,FALSE,1,Public Road,1,"Trafficway, On Road",CT0009300,New Haven PD,758,16:21.0,C,Closed,00:22.0,,2,27000,3,PRINCIPAL ARTERIAL - OTHER - NEW HPMS,2,Urban
1117001,1,Complete,1117001,1117001,41.32748104,-72.97420294,3609203,New Haven,93,93,New Haven,12/27/2023,2023,12,December,27,4,Wednesday,18:05:00,18,23051477,A,"Injury of any type (Serious, Minor, Possible)",C,Possible Injury (C),2,0,0,3,State,5.9,243,243-E,243-E,,DAVIS ST,84,Feet,E,41.32748104,-72.97420294,14,Motor Vehicle in Operation,3,Angle,1,On Roadway,3,"Fog, Smog, Smoke",88,Not Applicable,5,Dark-Not Lighted,2,Wet,0,None,88,Not Applicable,88,Not Applicable,0,None,88,Not Applicable,88,Not Applicable,1,Non-Junction,1,Not at Intersection,1,No,1,No,88,Not Applicable,88,Not Applicable,88,Not Applicable,88,Not Applicable,TRUE,1,Public Road,1,"Trafficway, On Road",CT0009300,New Haven PD,39,12:42.0,C,Closed,00:28.0,,1,10900,4,MINOR ARTERIAL - NEW HPMS,1,Rural
1117346,1,Complete,1117346,1117346,41.33141,-72.94967,3609548,New Haven,93,93,New Haven,12/5/2023,2023,12,December,5,3,Tuesday,21:22:00,21,23048861,A,"Injury of any type (Serious, Minor, Possible)",C,Possible Injury (C),3,0,0,3,State,4.04,10,10-N,10-N,CRESCENT ST,,,,,41.33141,-72.94967,14,Motor Vehicle in Operation,3,Angle,1,On Roadway,1,Clear,88,Not Applicable,4,Dark-Lighted,1,Dry,0,None,88,Not Applicable,88,Not Applicable,0,None,88,Not Applicable,88,Not Applicable,2,Intersection,3,T-Intersection,1,No,1,No,88,Not Applicable,88,Not Applicable,88,Not Applicable,88,Not Applicable,FALSE,1,Public Road,1,"Trafficway, On Road",CT0009300,New Haven PD,44176,47:14.0,C,Closed,00:28.0,,1,13200,4,MINOR ARTERIAL - NEW HPMS,1,Rural
1117750,1,Complete,1117750,1117750,41.300891,-72.918553,3609952,New Haven,93,93,New Haven,12/22/2023,2023,12,December,22,6,Friday,3:36:00,3,23050952,A,"Injury of any type (Serious, Minor, Possible)",C,Possible Injury (C),2,0,0,2,USRoute,48.56,1,1-N,1-N,,BREWERY ST,41,Feet,N,41.300891,-72.918553,14,Motor Vehicle in Operation,1,Front to rear,1,On Roadway,1,Clear,88,Not Applicable,4,Dark-Lighted,1,Dry,0,None,88,Not Applicable,88,Not Applicable,0,None,88,Not Applicable,88,Not Applicable,3,Intersection-Related,2,Four-Way Intersection,1,No,1,No,88,Not Applicable,88,Not Applicable,88,Not Applicable,88,Not Applicable,FALSE,1,Public Road,1,"Trafficway, On Road",CT0009300,New Haven PD,44338,47:52.0,C,Closed,01:12.0,,1,9100,3,PRINCIPAL ARTERIAL - OTHER - NEW HPMS,1,Rural
1117751,1,Complete,1117751,1117751,41.29640199,-72.94777068,3609953,New Haven,93,93,New Haven,12/22/2023,2023,12,December,22,6,Friday,14:34:00,14,23051002,A,"Injury of any type (Serious, Minor, Possible)",C,Possible Injury (C),2,0,0,3,State,1.38,10,10-N,10-N,,LONGHINI LN,105,Feet,N,41.29640199,-72.94777068,14,Motor Vehicle in Operation,3,Angle,1,On Roadway,1,Clear,88,Not Applicable,1,Daylight,1,Dry,0,None,88,Not Applicable,88,Not Applicable,0,None,88,Not Applicable,88,Not Applicable,1,Non-Junction,1,Not at Intersection,1,No,1,No,88,Not Applicable,88,Not Applicable,88,Not Applicable,88,Not Applicable,FALSE,1,Public Road,1,"Trafficway, On Road",CT0009300,New Haven PD,91,44:57.0,C,Closed,01:08.0,,2,20300,3,PRINCIPAL ARTERIAL - OTHER - NEW HPMS,2,Urban
1117756,1,Complete,1117756,1117756,41.3088904,-72.89786817,3609958,New Haven,93,93,New Haven,12/25/2023,2023,12,December,25,2,Monday,19:22:00,19,23051260,A,"Injury of any type (Serious, Minor, Possible)",B,Suspected Minor Injury (B),2,0,0,4,Local,0.63,264,GRAND AV,GRAND AV,,FILLMORE ST,63,Feet,E,41.3088904,-72.89786817,15,Parked Motor Vehicle,1,Front to rear,1,On Roadway,3,"Fog, Smog, Smoke",88,Not Applicable,4,Dark-Lighted,1,Dry,1,Weather Conditions,88,Not Applicable,88,Not Applicable,0,None,88,Not Applicable,88,Not Applicable,1,Non-Junction,1,Not at Intersection,1,No,1,No,88,Not Applicable,88,Not Applicable,88,Not Applicable,88,Not Applicable,FALSE,1,Public Road,1,"Trafficway, On Road",CT0009300,New Haven PD,45391,00:13.0,C,Closed,01:09.0,,,,,,,
1117757,1,Complete,1117757,1117757,41.297697,-72.926783,3609959,New Haven,93,93,New Haven,12/26/2023,2023,12,December,26,3,Tuesday,19:44:00,19,23051363,A,"Injury of any type (Serious, Minor, Possible)",C,Possible Injury (C),1,1,0,2,USRoute,47.98,1,1-N,1-N,,Union Ave,25,Feet,E,41.297697,-72.926783,9,Pedestrian,88,Not Applicable,7,In Parking Lane or Zone,1,Clear,88,Not Applicable,4,Dark-Lighted,1,Dry,99,Unknown,88,Not Applicable,88,Not Applicable,0,None,88,Not Applicable,88,Not Applicable,97,Other,1,Not at Intersection,1,No,1,No,88,Not Applicable,88,Not Applicable,88,Not Applicable,88,Not Applicable,FALSE,2,Private Road,4,Parking Lot,CT0009300,New Haven PD,40810,25:45.0,O,Open,01:19.0,,2,9500,3,PRINCIPAL ARTERIAL - OTHER - NEW HPMS,2,Urban
1117760,1,Complete,1117760,1117760,41.303863,-72.900356,3609962,New Haven,93,93,New Haven,12/29/2023,2023,12,December,29,6,Friday,1:56:00,1,23051614,A,"Injury of any type (Serious, Minor, Possible)",C,Possible Injury (C),2,0,0,4,Local,0.4,97,CHAPEL ST,CHAPEL ST,LLOYD ST,,,,,41.303863,-72.900356,14,Motor Vehicle in Operation,3,Angle,1,On Roadway,4,Rain,88,Not Applicable,4,Dark-Lighted,2,Wet,0,None,88,Not Applicable,88,Not Applicable,0,None,88,Not Applicable,88,Not Applicable,2,Intersection,2,Four-Way Intersection,1,No,1,No,88,Not Applicable,88,Not Applicable,88,Not Applicable,88,Not Applicable,FALSE,1,Public Road,1,"Trafficway, On Road",CT0009300,New Haven PD,42055,57:46.0,O,Open,01:06.0,,,,,,,
1117761,1,Complete,1117761,1117761,41.30940046,-72.89096417,3609963,New Haven,93,93,New Haven,12/29/2023,2023,12,December,29,6,Friday,10:48:00,10,23051634,A,"Injury of any type (Serious, Minor, Possible)",C,Possible Injury (C),2,0,0,4,Local,0.27,264,GRAND AV,GRAND AV,,CLINTON AVE,64,Feet,W,41.30940046,-72.89096417,14,Motor Vehicle in Operation,3,Angle,1,On Roadway,2,Cloudy,88,Not Applicable,1,Daylight,2,Wet,0,None,88,Not Applicable,88,Not Applicable,0,None,88,Not Applicable,88,Not Applicable,3,Intersection-Related,3,T-Intersection,1,No,1,No,88,Not Applicable,88,Not Applicable,88,Not Applicable,88,Not Applicable,FALSE,1,Public Road,1,"Trafficway, On Road",CT0009300,New Haven PD,45388,03:19.0,C,Closed,01:23.0,,,,,,,
1117767,1,Complete,1117767,1117767,41.32053907,-72.89761461,3609969,New Haven,93,93,New Haven,12/30/2023,2023,12,December,30,7,Saturday,2:58:00,2,23051721,A,"Injury of any type (Serious, Minor, Possible)",C,Possible Injury (C),2,0,1,2,USRoute,0.46,5,5-N,5-N,,Grace ST,220,Feet,N,41.32053907,-72.89761461,14,Motor Vehicle in Operation,1,Front to rear,1,On Roadway,4,Rain,88,Not Applicable,4,Dark-Lighted,2,Wet,0,None,88,Not Applicable,88,Not Applicable,0,None,88,Not Applicable,88,Not Applicable,1,Non-Junction,1,Not at Intersection,1,No,1,No,88,Not Applicable,88,Not Applicable,88,Not Applicable,88,Not Applicable,FALSE,1,Public Road,1,"Trafficway, On Road",CT0009300,New Haven PD,44948,40:35.0,C,Closed,01:19.0,23051721,1,17500,4,MINOR ARTERIAL - NEW HPMS,1,Rural
1117768,1,Complete,1117768,1117768,41.31523741,-72.90425028,3609970,New Haven,93,93,New Haven,12/30/2023,2023,12,December,30,7,Saturday,3:51:00,3,23051723,A,"Injury of any type (Serious, Minor, Possible)",C,Possible Injury (C),1,0,0,4,Local,0.07,327,JAMES ST,JAMES ST,,STATE ST,400,Feet,S,41.31523741,-72.90425028,33,Utility Pole/Light Support,88,Not Applicable,1,On Roadway,4,Rain,88,Not Applicable,4,Dark-Lighted,2,Wet,0,None,88,Not Applicable,88,Not Applicable,0,None,88,Not Applicable,88,Not Applicable,1,Non-Junction,1,Not at Intersection,1,No,1,No,88,Not Applicable,88,Not Applicable,88,Not Applicable,88,Not Applicable,FALSE,1,Public Road,1,"Trafficway, On Road",CT0009300,New Haven PD,42055,03:37.0,C,Closed,01:13.0,,2,4500,5,MAJOR COLLECTOR - NEW HPMS,2,Urban
1117770,1,Complete,1117770,1117770,41.32100691,-72.87462879,3609972,New Haven,93,93,New Haven,12/30/2023,2023,12,December,30,7,Saturday,15:05:00,15,23051774,A,"Injury of any type (Serious, Minor, Possible)",C,Possible Injury (C),3,0,0,3,State,0.41,80,80-E,80-E,,QUINNIPIAC AVE,200,Feet,W,41.32100691,-72.87462879,14,Motor Vehicle in Operation,1,Front to rear,1,On Roadway,1,Clear,88,Not Applicable,1,Daylight,1,Dry,0,None,88,Not Applicable,88,Not Applicable,0,None,88,Not Applicable,88,Not Applicable,3,Intersection-Related,2,Four-Way Intersection,1,No,1,No,88,Not Applicable,88,Not Applicable,88,Not Applicable,88,Not Applicable,FALSE,1,Public Road,1,"Trafficway, On Road",CT0009300,New Haven PD,45391,58:35.0,C,Closed,01:17.0,,2,32300,3,PRINCIPAL ARTERIAL - OTHER - NEW HPMS,2,Urban
1117773,1,Complete,1117773,1117773,41.320359,-72.868163,3609975,New Haven,93,93,New Haven,12/30/2023,2023,12,December,30,7,Saturday,19:00:00,19,23051792,A,"Injury of any type (Serious, Minor, Possible)",C,Possible Injury (C),2,0,0,3,State,0.76,80,80-E,80-E,,Old Foxon Dr,140,Feet,E,41.320359,-72.868163,14,Motor Vehicle in Operation,1,Front to rear,1,On Roadway,1,Clear,88,Not Applicable,4,Dark-Lighted,1,Dry,0,None,88,Not Applicable,88,Not Applicable,0,None,88,Not Applicable,88,Not Applicable,1,Non-Junction,1,Not at Intersection,1,No,1,No,88,Not Applicable,88,Not Applicable,88,Not Applicable,88,Not Applicable,FALSE,1,Public Road,1,"Trafficway, On Road",CT0009300,New Haven PD,42049,53:56.0,C,Closed,01:17.0,,2,23400,3,PRINCIPAL ARTERIAL - OTHER - NEW HPMS,2,Urban
1117775,1,Complete,1117775,1117775,41.306423,-72.935376,3609977,New Haven,93,93,New Haven,12/30/2023,2023,12,December,30,7,Saturday,21:06:00,21,23051804,A,"Injury of any type (Serious, Minor, Possible)",C,Possible Injury (C),2,0,0,4,Local,0.64,809,REV DR MLK JR BLVD,REV DR MLK JR BLVD,PARK ST,REV MARTIN LUTHER KING BLVD,45,Feet,N,41.306423,-72.935376,14,Motor Vehicle in Operation,1,Front to rear,1,On Roadway,1,Clear,88,Not Applicable,4,Dark-Lighted,1,Dry,0,None,88,Not Applicable,88,Not Applicable,0,None,88,Not Applicable,88,Not Applicable,2,Intersection,2,Four-Way Intersection,1,No,1,No,88,Not Applicable,88,Not Applicable,88,Not Applicable,88,Not Applicable,TRUE,1,Public Road,1,"Trafficway, On Road",CT0009300,New Haven PD,45389,48:43.0,C,Closed,01:20.0,,,,,,,
1118224,1,Complete,1118224,1118224,41.32369655,-72.88104019,3610426,New Haven,93,93,New Haven,12/31/2023,2023,12,December,31,1,Sunday,1:45:00,1,23051822,A,"Injury of any type (Serious, Minor, Possible)",B,Suspected Minor Injury (B),2,0,0,3,State,0.02,80,80-W,80-W,,MIDDLETOWN AVE,115,Feet,E,41.32369655,-72.88104019,14,Motor Vehicle in Operation,1,Front to rear,1,On Roadway,1,Clear,88,Not Applicable,4,Dark-Lighted,1,Dry,0,None,88,Not Applicable,88,Not Applicable,0,None,88,Not Applicable,88,Not Applicable,3,Intersection-Related,2,Four-Way Intersection,1,No,1,No,88,Not Applicable,88,Not Applicable,88,Not Applicable,88,Not Applicable,FALSE,1,Public Road,1,"Trafficway, On Road",CT0009300,New Haven PD,44063,18:49.0,O,Open,01:07.0,,2,32300,3,PRINCIPAL ARTERIAL - OTHER - NEW HPMS,2,Urban
1118227,1,Complete,1118227,1118227,41.327787,-72.952664,3610429,New Haven,93,93,New Haven,1/1/2024,2024,1,January,1,2,Monday,3:23:00,3,24000027,A,"Injury of any type (Serious, Minor, Possible)",C,Possible Injury (C),2,0,0,3,State,3.9,10,10-N,10-N,,Blake St ,175,Feet,E,41.327787,-72.952664,14,Motor Vehicle in Operation,1,Front to rear,1,On Roadway,2,Cloudy,88,Not Applicable,4,Dark-Lighted,1,Dry,0,None,88,Not Applicable,88,Not Applicable,0,None,88,Not Applicable,88,Not Applicable,9,Driveway Access-Related,1,Not at Intersection,1,No,1,No,88,Not Applicable,88,Not Applicable,88,Not Applicable,88,Not Applicable,FALSE,1,Public Road,1,"Trafficway, On Road",CT0009300,New Haven PD,40956,04:08.0,C,Closed,01:08.0,,,,,,,
1118926,1,Complete,1118926,1118926,41.297993,-72.94754068,3611128,New Haven,93,93,New Haven,1/1/2024,2024,1,January,1,2,Monday,2:30:00,2,24000019,A,"Injury of any type (Serious, Minor, Possible)",C,Possible Injury (C),2,0,0,4,Local,0,123,CONGRESS AV,CONGRESS AV,DAVENPORT AV,,,,,41.297993,-72.94754068,14,Motor Vehicle in Operation,3,Angle,1,On Roadway,1,Clear,88,Not Applicable,5,Dark-Not Lighted,1,Dry,0,None,88,Not Applicable,88,Not Applicable,0,None,88,Not Applicable,88,Not Applicable,2,Intersection,3,T-Intersection,1,No,1,No,88,Not Applicable,88,Not Applicable,88,Not Applicable,88,Not Applicable,FALSE,1,Public Road,1,"Trafficway, On Road",CT0009300,New Haven PD,44947,05:42.0,C,Closed,01:39.0,,,,,,,
1118928,1,Complete,1118928,1118928,41.322417,-72.878213,3611130,New Haven,93,93,New Haven,1/2/2024,2024,1,January,2,3,Tuesday,9:00:00,9,24000136,A,"Injury of any type (Serious, Minor, Possible)",C,Possible Injury (C),2,0,0,3,State,0.19,80,80-E,80-E,,MIDDLETOWN AVE,400,Feet,E,41.322417,-72.878213,14,Motor Vehicle in Operation,3,Angle,1,On Roadway,1,Clear,88,Not Applicable,1,Daylight,1,Dry,0,None,88,Not Applicable,88,Not Applicable,0,None,88,Not Applicable,88,Not Applicable,9,Driveway Access-Related,1,Not at Intersection,1,No,1,No,88,Not Applicable,88,Not Applicable,88,Not Applicable,88,Not Applicable,FALSE,1,Public Road,1,"Trafficway, On Road",CT0009300,New Haven PD,279,51:40.0,C,Closed,01:47.0,,,,,,,
1118930,1,Complete,1118930,1118930,41.331925,-72.974835,3611132,New Haven,93,93,New Haven,1/2/2024,2024,1,January,2,3,Tuesday,14:26:00,14,24000198,A,"Injury of any type (Serious, Minor, Possible)",C,Possible Injury (C),2,0,0,,,,,,1350 WHALLEY AVE,,WHALLEY AVE,85,Feet,S,41.331925,-72.974835,14,Motor Vehicle in Operation,1,Front to rear,1,On Roadway,1,Clear,88,Not Applicable,1,Daylight,1,Dry,0,None,88,Not Applicable,88,Not Applicable,0,None,88,Not Applicable,88,Not Applicable,97,Other,1,Not at Intersection,1,No,1,No,88,Not Applicable,88,Not Applicable,88,Not Applicable,88,Not Applicable,TRUE,88,Not Applicable,1,"Trafficway, On Road",CT0009300,New Haven PD,170,41:35.0,C,Closed,01:45.0,,,,,,,
1118932,1,Complete,1118932,1118932,41.32722452,-72.95321163,3611134,New Haven,93,93,New Haven,1/2/2024,2024,1,January,2,3,Tuesday,15:04:00,15,24000212,A,"Injury of any type (Serious, Minor, Possible)",C,Possible Injury (C),1,1,1,4,Local,0.53,56,BLAKE ST,BLAKE ST,,FITCH ST,71,Feet,S,41.32722452,-72.95321163,9,Pedestrian,88,Not Applicable,1,On Roadway,1,Clear,88,Not Applicable,1,Daylight,1,Dry,0,None,88,Not Applicable,88,Not Applicable,0,None,88,Not Applicable,88,Not Applicable,3,Intersection-Related,2,Four-Way Intersection,1,No,1,No,88,Not Applicable,88,Not Applicable,88,Not Applicable,88,Not Applicable,TRUE,1,Public Road,1,"Trafficway, On Road",CT0009300,New Haven PD,45626,58:07.0,C,Closed,01:47.0,,2,13100,4,MINOR ARTERIAL - NEW HPMS,2,Urban
1119254,1,Complete,1119254,1119254,41.28487617,-72.93056545,3611456,New Haven,93,93,New Haven,12/26/2023,2023,12,December,26,3,Tuesday,10:30:00,10,24000176,A,"Injury of any type (Serious, Minor, Possible)",C,Possible Injury (C),2,0,0,4,Local,1.51,308,HOWARD AV,HOWARD AV,,5TH ST,90,Feet,S,41.28487617,-72.93056545,14,Motor Vehicle in Operation,1,Front to rear,1,On Roadway,1,Clear,88,Not Applicable,1,Daylight,1,Dry,99,Unknown,88,Not Applicable,88,Not Applicable,99,Unknown,88,Not Applicable,88,Not Applicable,3,Intersection-Related,2,Four-Way Intersection,1,No,1,No,88,Not Applicable,88,Not Applicable,88,Not Applicable,88,Not Applicable,TRUE,1,Public Road,1,"Trafficway, On Road",CT0009300,New Haven PD,476,11:10.0,C,Closed,00:32.0,,,,,,,
1119255,1,Complete,1119255,1119255,41.31362932,-72.9323928,3611457,New Haven,93,93,New Haven,1/2/2024,2024,1,January,2,3,Tuesday,12:31:00,12,24000178,A,"Injury of any type (Serious, Minor, Possible)",C,Possible Injury (C),4,0,0,4,Local,0.04,152,DIXWELL AV,DIXWELL AV,,LAKE PL,61,Feet,S,41.31362932,-72.9323928,14,Motor Vehicle in Operation,4,"Sideswipe, same direction",1,On Roadway,1,Clear,88,Not Applicable,1,Daylight,1,Dry,0,None,88,Not Applicable,88,Not Applicable,0,None,88,Not Applicable,88,Not Applicable,1,Non-Junction,1,Not at Intersection,1,No,1,No,88,Not Applicable,88,Not Applicable,88,Not Applicable,88,Not Applicable,FALSE,1,Public Road,1,"Trafficway, On Road",CT0009300,New Haven PD,991,00:42.0,C,Closed,00:35.0,,,,,,,
1119259,1,Complete,1119259,1119259,41.31733771,-72.90178727,3611461,New Haven,93,93,New Haven,1/2/2024,2024,1,January,2,3,Tuesday,18:30:00,18,24000245,A,"Injury of any type (Serious, Minor, Possible)",C,Possible Injury (C),2,0,0,2,USRoute,0.15,5,5-N,5-N,,BLATCHEY AVE,93,Feet,W,41.31733771,-72.90178727,14,Motor Vehicle in Operation,1,Front to rear,1,On Roadway,1,Clear,88,Not Applicable,4,Dark-Lighted,1,Dry,0,None,88,Not Applicable,88,Not Applicable,0,None,88,Not Applicable,88,Not Applicable,3,Intersection-Related,2,Four-Way Intersection,1,No,1,No,88,Not Applicable,88,Not Applicable,88,Not Applicable,88,Not Applicable,FALSE,1,Public Road,1,"Trafficway, On Road",CT0009300,New Haven PD,193,55:40.0,C,Closed,00:38.0,,,,,,,
1119260,1,Complete,1119260,1119260,41.31562534,-72.939693,3611462,New Haven,93,93,New Haven,1/2/2024,2024,1,January,2,3,Tuesday,20:49:00,20,24000264,A,"Injury of any type (Serious, Minor, Possible)",C,Possible Injury (C),2,0,0,4,Local,0.54,653,WHALLEY AV,WHALLEY AV,,ORCHARD ST,117,Feet,W,41.31562534,-72.939693,14,Motor Vehicle in Operation,97,Other,2,Shoulder,1,Clear,88,Not Applicable,4,Dark-Lighted,1,Dry,0,None,88,Not Applicable,88,Not Applicable,0,None,88,Not Applicable,88,Not Applicable,1,Non-Junction,1,Not at Intersection,1,No,1,No,88,Not Applicable,88,Not Applicable,88,Not Applicable,88,Not Applicable,FALSE,1,Public Road,2,"Trafficway, Not on Road",CT0009300,New Haven PD,44055,07:24.0,C,Closed,00:39.0,,,,,,,
1119262,1,Complete,1119262,1119262,41.32880241,-72.96634212,3611464,New Haven,93,93,New Haven,1/3/2024,2024,1,January,3,4,Wednesday,8:15:00,8,24000306,A,"Injury of any type (Serious, Minor, Possible)",C,Possible Injury (C),2,0,0,3,State,0.59,63,63-N,63-N,,EMERSON ST,305,Feet,W,41.32880241,-72.96634212,14,Motor Vehicle in Operation,6,Rear to side,1,On Roadway,1,Clear,88,Not Applicable,1,Daylight,1,Dry,0,None,88,Not Applicable,88,Not Applicable,0,None,88,Not Applicable,88,Not Applicable,1,Non-Junction,1,Not at Intersection,1,No,1,No,88,Not Applicable,88,Not Applicable,88,Not Applicable,88,Not Applicable,TRUE,1,Public Road,1,"Trafficway, On Road",CT0009300,New Haven PD,45699,05:58.0,O,Open,00:33.0,,,,,,,
1119263,1,Complete,1119263,1119263,41.30490089,-72.92704594,3611465,New Haven,93,93,New Haven,1/3/2024,2024,1,January,3,4,Wednesday,13:01:00,13,24000349,A,"Injury of any type (Serious, Minor, Possible)",C,Possible Injury (C),2,0,0,4,Local,0.24,136,CROWN ST,CROWN ST,,ORANGE ST,66,Feet,W,41.30490089,-72.92704594,14,Motor Vehicle in Operation,1,Front to rear,7,In Parking Lane or Zone,1,Clear,88,Not Applicable,1,Daylight,1,Dry,0,None,88,Not Applicable,88,Not Applicable,0,None,88,Not Applicable,88,Not Applicable,3,Intersection-Related,2,Four-Way Intersection,1,No,1,No,88,Not Applicable,88,Not Applicable,88,Not Applicable,88,Not Applicable,FALSE,1,Public Road,1,"Trafficway, On Road",CT0009300,New Haven PD,40790,56:44.0,C,Closed,00:36.0,,,,,,,