CrashId,Fatal Case Status,Fatal Case Status Text Format,CrashId,CrashId,Latitude,Longitude,DOT Case Number,Town Name,Town Number,Town Number,Town Number Text Format,Date Of Crash,Year,Month,Month Text Format,Day,Day of the Week,Day of the Week Text Format,Time of Crash,Hour of the Day,Case Identifier,Crash Severity,Crash Severity Text Format,Most Severe Injury,Most Severe Injury Text Format,Number Of Motor Vehicles,Number Of Non-Motorist,Number Of Witnesses,Route Class,Route Class Text Format,Milemarker,Road Number,Road Description,Roadway Name,Intersecting Roadway Name,Landmark Description,Distance From Nearest Landmark,Unit Of Measure From Nearest Landmark,Direction From Nearest Landmark,Latitude,Longitude,First Harmful Event,First Harmful Event Text Format,Manner of Crash / Collision Impact,Manner of Crash / Collision Impact Text Format,Location of First Harmful Event,Location of First Harmful Event Text Format,Weather Condition,Weather Condition Text Format,Weather 2,Weather 2 Text Format,Light Condition,Light Condition Text Format,Road Surface Condition,Road Surface Condition Text Format,"Contributing Circumstances, Environment","Contributing Circumstances, Environment Text Format",Environment 2,Environment 2 Text Format,Environment 3,Environment 3 Text Format,"Contributing Circumstances, Road","Contributing Circumstances, Road Text Format",Road 2,Road 2 Text Format,Road 3,Road 3 Text Format,Crash Specific Location,Crash Specific Location Text Format,Type of Intersection,Type of Intersection Text Format,School Bus Related,School Bus Related Text Format,Work Zone Related,Work Zone Related Text Format,Location Of Crash Relative To Work Zone,Location Of Crash Relative To Work Zone Text Format,Type of Work Zone,Type of Work Zone Text Format,Worker Presence,Worker Presence Text Format,Law Enforcement Presence,Law Enforcement Presence Text Format,Were Vehicles Moved Prior To Police Arrival,Trafficway Ownership,Trafficway Ownership Text Format,Trafficway Class,Trafficway Class Text Format,Police Agency,Police Agency Text Format,Badge Number,Approval Date,Police Case Status,Police Case Status Text Format,Crash Report Submission Date,Related Case Identifiers,No. of Through Lanes (Log Dir.),Average Daily Traffic,Functional Classification,Functional Classification Text Format,Rural or Urban,Rural or Urban Text Format
1133193,1,Complete,1133193,1133193,41.33008251,-72.94450546,3625393,New Haven,93,93,New Haven,2/17/2024,2024,2,February,17,7,Saturday,7:18:00,7,24006910,A,"Injury of any type (Serious, Minor, Possible)",C,Possible Injury (C),2,0,0,4,Local,0.8,690,ELLA T GRASSO BLVD,ELLA T GRASSO BLVD,,CRESCENT ST,52,Feet,S,41.33008251,-72.94450546,14,Motor Vehicle in Operation,1,Front to rear,1,On Roadway,7,Snow,88,Not Applicable,1,Daylight,5,Ice / Frost,1,Weather Conditions,88,Not Applicable,88,Not Applicable,5,"Road Surface Condition (wet, icy, snow, slush, etc.)",88,Not Applicable,88,Not Applicable,3,Intersection-Related,3,T-Intersection,1,No,1,No,88,Not Applicable,88,Not Applicable,88,Not Applicable,88,Not Applicable,TRUE,1,Public Road,1,"Trafficway, On Road",CT0009300,New Haven PD,359,36:51.0,C,Closed,02:11.0,,,,,,,
1133196,1,Complete,1133196,1133196,41.3058964,-72.92587936,3625396,New Haven,93,93,New Haven,2/17/2024,2024,2,February,17,7,Saturday,10:17:00,10,24006919,A,"Injury of any type (Serious, Minor, Possible)",C,Possible Injury (C),2,0,0,4,Local,0.16,103,CHURCH ST,CHURCH ST,,CHAPEL ST,40,Feet,S,41.3058964,-72.92587936,14,Motor Vehicle in Operation,1,Front to rear,1,On Roadway,7,Snow,88,Not Applicable,1,Daylight,2,Wet,0,None,88,Not Applicable,88,Not Applicable,0,None,88,Not Applicable,88,Not Applicable,3,Intersection-Related,2,Four-Way Intersection,1,No,1,No,88,Not Applicable,88,Not Applicable,88,Not Applicable,88,Not Applicable,FALSE,1,Public Road,1,"Trafficway, On Road",CT0009300,New Haven PD,767,00:57.0,C,Closed,02:15.0,,,,,,,
1133201,1,Complete,1133201,1133201,41.32771489,-72.96075116,3625401,New Haven,93,93,New Haven,2/17/2024,2024,2,February,17,7,Saturday,23:16:00,23,24006982,A,"Injury of any type (Serious, Minor, Possible)",C,Possible Injury (C),2,0,1,3,State,0.27,63,63-N,63-N,PHILIP ST,,,,,41.32771489,-72.96075116,14,Motor Vehicle in Operation,3,Angle,1,On Roadway,1,Clear,88,Not Applicable,4,Dark-Lighted,1,Dry,0,None,88,Not Applicable,88,Not Applicable,0,None,88,Not Applicable,88,Not Applicable,2,Intersection,3,T-Intersection,1,No,1,No,88,Not Applicable,88,Not Applicable,88,Not Applicable,88,Not Applicable,TRUE,1,Public Road,1,"Trafficway, On Road",CT0009300,New Haven PD,44175,11:34.0,C,Closed,02:19.0,,,,,,,
1133701,1,Complete,1133701,1133701,41.32269894,-72.9473609,3625901,New Haven,93,93,New Haven,2/10/2024,2024,2,February,10,7,Saturday,20:15:00,20,24006049,A,"Injury of any type (Serious, Minor, Possible)",A,Suspected Serious Injury (A),2,0,1,4,Local,0.19,258,GOFFE TER,GOFFE TER,,BELLEVUE RD,75,Feet,E,41.32269894,-72.9473609,14,Motor Vehicle in Operation,2,Front to front,1,On Roadway,4,Rain,88,Not Applicable,4,Dark-Lighted,2,Wet,99,Unknown,88,Not Applicable,88,Not Applicable,0,None,88,Not Applicable,88,Not Applicable,1,Non-Junction,1,Not at Intersection,1,No,1,No,88,Not Applicable,88,Not Applicable,88,Not Applicable,88,Not Applicable,FALSE,1,Public Road,1,"Trafficway, On Road",CT0009300,New Haven PD,45403,02:43.0,C,Closed,00:48.0,,,,,,,
1133708,1,Complete,1133708,1133708,41.3029,-72.937398,3625908,New Haven,93,93,New Haven,2/19/2024,2024,2,February,19,2,Monday,9:50:00,9,24007120,A,"Injury of any type (Serious, Minor, Possible)",B,Suspected Minor Injury (B),2,0,0,4,Local,0.66,141,DAVENPORT AV,DAVENPORT AV,VERNON ST,,,,,41.3029,-72.937398,14,Motor Vehicle in Operation,2,Front to front,1,On Roadway,1,Clear,88,Not Applicable,1,Daylight,1,Dry,99,Unknown,88,Not Applicable,88,Not Applicable,0,None,88,Not Applicable,88,Not Applicable,2,Intersection,3,T-Intersection,1,No,1,No,88,Not Applicable,88,Not Applicable,88,Not Applicable,88,Not Applicable,FALSE,1,Public Road,1,"Trafficway, On Road",CT0009300,New Haven PD,45400,10:19.0,C,Closed,00:53.0,,,,,,,
1133712,1,Complete,1133712,1133712,41.30692298,-72.92128468,3625912,New Haven,93,93,New Haven,2/19/2024,2024,2,February,19,2,Monday,15:26:00,15,24007185,A,"Injury of any type (Serious, Minor, Possible)",B,Suspected Minor Injury (B),1,1,2,4,Local,1.17,575,STATE ST,STATE ST,ELM ST NO 2,,,,,41.30692298,-72.92128468,9,Pedestrian,88,Not Applicable,1,On Roadway,1,Clear,88,Not Applicable,1,Daylight,1,Dry,1,Weather Conditions,88,Not Applicable,88,Not Applicable,0,None,88,Not Applicable,88,Not Applicable,2,Intersection,2,Four-Way Intersection,1,No,1,No,88,Not Applicable,88,Not Applicable,88,Not Applicable,88,Not Applicable,TRUE,1,Public Road,1,"Trafficway, On Road",CT0009300,New Haven PD,45983,02:12.0,C,Closed,00:54.0,24-007185,2,18200,3,PRINCIPAL ARTERIAL - OTHER - NEW HPMS,2,Urban
1133715,1,Complete,1133715,1133715,41.31488999,-72.945699,3625915,New Haven,93,93,New Haven,2/19/2024,2024,2,February,19,2,Monday,17:54:00,17,24007229,A,"Injury of any type (Serious, Minor, Possible)",B,Suspected Minor Injury (B),2,0,0,4,Local,0.12,393,MAPLE ST,MAPLE ST,WINTHROP AV NO 2,,,,,41.31488999,-72.945699,14,Motor Vehicle in Operation,3,Angle,1,On Roadway,1,Clear,88,Not Applicable,4,Dark-Lighted,1,Dry,0,None,88,Not Applicable,88,Not Applicable,0,None,88,Not Applicable,88,Not Applicable,2,Intersection,2,Four-Way Intersection,1,No,1,No,88,Not Applicable,88,Not Applicable,88,Not Applicable,88,Not Applicable,FALSE,1,Public Road,1,"Trafficway, On Road",CT0009300,New Haven PD,276,44:14.0,C,Closed,00:58.0,23007229,,,,,,
1134022,1,Complete,1134022,1134022,41.317603,-72.959992,3626222,New Haven,93,93,New Haven,2/18/2024,2024,2,February,18,1,Sunday,10:26:00,10,24007013,A,"Injury of any type (Serious, Minor, Possible)",C,Possible Injury (C),2,0,0,4,Local,0.55,179,EDGEWOOD AV,EDGEWOOD AV,YALE AV,,,,,41.317603,-72.959992,14,Motor Vehicle in Operation,3,Angle,1,On Roadway,1,Clear,88,Not Applicable,1,Daylight,1,Dry,0,None,88,Not Applicable,88,Not Applicable,0,None,88,Not Applicable,88,Not Applicable,2,Intersection,2,Four-Way Intersection,1,No,1,No,88,Not Applicable,88,Not Applicable,88,Not Applicable,88,Not Applicable,TRUE,1,Public Road,1,"Trafficway, On Road",CT0009300,New Haven PD,324,16:42.0,O,Open,02:01.0,24007013,,,,,,
1134025,1,Complete,1134025,1134025,41.307621,-72.922669,3626225,New Haven,93,93,New Haven,2/19/2024,2024,2,February,19,2,Monday,14:22:00,14,24007172,A,"Injury of any type (Serious, Minor, Possible)",C,Possible Injury (C),2,0,0,4,Local,0.64,726,ELM ST NO 2,ELM ST NO 2,ORANGE ST NO 1,,,,,41.307621,-72.922669,14,Motor Vehicle in Operation,3,Angle,1,On Roadway,1,Clear,88,Not Applicable,1,Daylight,1,Dry,0,None,88,Not Applicable,88,Not Applicable,0,None,88,Not Applicable,88,Not Applicable,2,Intersection,2,Four-Way Intersection,1,No,1,No,88,Not Applicable,88,Not Applicable,88,Not Applicable,88,Not Applicable,FALSE,1,Public Road,1,"Trafficway, On Road",CT0009300,New Haven PD,469,07:43.0,C,Closed,02:08.0,,,,,,,
1134035,1,Complete,1134035,1134035,41.299975,-72.940205,3626235,New Haven,93,93,New Haven,2/20/2024,2024,2,February,20,3,Tuesday,16:24:00,16,24007373,A,"Injury of any type (Serious, Minor, Possible)",C,Possible Injury (C),2,0,0,4,Local,0.42,123,CONGRESS AV,CONGRESS AV,KOSSUTH ST,,,,,41.299975,-72.940205,14,Motor Vehicle in Operation,3,Angle,1,On Roadway,1,Clear,88,Not Applicable,1,Daylight,1,Dry,0,None,88,Not Applicable,88,Not Applicable,0,None,88,Not Applicable,88,Not Applicable,2,Intersection,3,T-Intersection,1,No,1,No,88,Not Applicable,88,Not Applicable,88,Not Applicable,88,Not Applicable,TRUE,1,Public Road,1,"Trafficway, On Road",CT0009300,New Haven PD,45984,00:39.0,O,Open,02:06.0,,,,,,,
1134381,1,Complete,1134381,1134381,41.285767,-72.928326,3626581,New Haven,93,93,New Haven,2/5/2024,2024,2,February,5,2,Monday,6:11:00,6,24005149,A,"Injury of any type (Serious, Minor, Possible)",C,Possible Injury (C),1,0,0,4,Local,0.06,359,SARGENT DR,SARGENT DR,,HALLOCK AVE,285,Feet,E,41.285767,-72.928326,32,Tree (standing),88,Not Applicable,4,Roadside,1,Clear,88,Not Applicable,4,Dark-Lighted,1,Dry,0,None,88,Not Applicable,88,Not Applicable,0,None,88,Not Applicable,88,Not Applicable,1,Non-Junction,1,Not at Intersection,1,No,1,No,88,Not Applicable,88,Not Applicable,88,Not Applicable,88,Not Applicable,FALSE,1,Public Road,1,"Trafficway, On Road",CT0009300,New Haven PD,44946,58:49.0,C,Closed,00:53.0,,4,11300,3,PRINCIPAL ARTERIAL - OTHER - NEW HPMS,2,Urban
1134383,1,Complete,1134383,1134383,41.28689,-72.89539334,3626583,New Haven,93,93,New Haven,2/12/2024,2024,2,February,12,2,Monday,9:30:00,9,24006191,A,"Injury of any type (Serious, Minor, Possible)",B,Suspected Minor Injury (B),2,0,1,4,Local,1.21,678,WOODWARD AV,WOODWARD AV,,JOHN ST,115,Feet,S,41.28689,-72.89539334,14,Motor Vehicle in Operation,5,"Sideswipe, opposite direction",1,On Roadway,1,Clear,88,Not Applicable,1,Daylight,1,Dry,2,Visual Obstruction(s),97,Other,88,Not Applicable,0,None,88,Not Applicable,88,Not Applicable,9,Driveway Access-Related,1,Not at Intersection,1,No,1,No,88,Not Applicable,88,Not Applicable,88,Not Applicable,88,Not Applicable,FALSE,1,Public Road,1,"Trafficway, On Road",CT0009300,New Haven PD,156,51:37.0,C,Closed,00:51.0,,,,,,,
1134385,1,Complete,1134385,1134385,41.30456948,-72.93680352,3626585,New Haven,93,93,New Haven,2/15/2024,2024,2,February,15,5,Thursday,11:44:00,11,24006609,A,"Injury of any type (Serious, Minor, Possible)",C,Possible Injury (C),2,0,0,4,Local,0.55,463,PARK ST,PARK ST,,HOWARD AVE,65,Feet,E,41.30456948,-72.93680352,14,Motor Vehicle in Operation,1,Front to rear,1,On Roadway,1,Clear,88,Not Applicable,1,Daylight,1,Dry,0,None,88,Not Applicable,88,Not Applicable,0,None,88,Not Applicable,88,Not Applicable,1,Non-Junction,1,Not at Intersection,1,No,1,No,88,Not Applicable,88,Not Applicable,88,Not Applicable,88,Not Applicable,FALSE,1,Public Road,1,"Trafficway, On Road",CT0009300,New Haven PD,251,03:12.0,C,Closed,00:52.0,,,,,,,
1134387,1,Complete,1134387,1134387,41.323253,-72.911158,3626587,New Haven,93,93,New Haven,2/21/2024,2024,2,February,21,4,Wednesday,22:48:00,22,24007408,A,"Injury of any type (Serious, Minor, Possible)",B,Suspected Minor Injury (B),1,0,1,4,Local,0.64,83,CANNER ST,CANNER ST,,ORANGE ST,50,Feet,W,41.323253,-72.911158,6,Fell/Jumped from Vehicle,88,Not Applicable,1,On Roadway,1,Clear,88,Not Applicable,5,Dark-Not Lighted,1,Dry,0,None,88,Not Applicable,88,Not Applicable,0,None,88,Not Applicable,88,Not Applicable,1,Non-Junction,1,Not at Intersection,1,No,1,No,88,Not Applicable,88,Not Applicable,88,Not Applicable,88,Not Applicable,FALSE,1,Public Road,1,"Trafficway, On Road",CT0009300,New Haven PD,45395,40:45.0,O,Open,00:52.0,,2,3820,7,LOCAL - NEW HPMS,2,Urban
1134394,1,Complete,1134394,1134394,41.324099,-72.881653,3626594,New Haven,93,93,New Haven,2/21/2024,2024,2,February,21,4,Wednesday,13:15:00,13,24007468,A,"Injury of any type (Serious, Minor, Possible)",C,Possible Injury (C),2,0,0,3,State,0.23,17,17-S,17-S,,Middletown Ave,50,Feet,N,41.324099,-72.881653,14,Motor Vehicle in Operation,1,Front to rear,1,On Roadway,1,Clear,88,Not Applicable,1,Daylight,1,Dry,0,None,88,Not Applicable,88,Not Applicable,0,None,88,Not Applicable,88,Not Applicable,3,Intersection-Related,2,Four-Way Intersection,1,No,1,No,88,Not Applicable,88,Not Applicable,88,Not Applicable,88,Not Applicable,TRUE,1,Public Road,1,"Trafficway, On Road",CT0009300,New Haven PD,45132,35:31.0,O,Open,00:57.0,,,,,,,
1135112,1,Complete,1135112,1135112,41.322187,-72.877214,3627312,New Haven,93,93,New Haven,2/15/2024,2024,2,February,15,5,Thursday,9:52:00,9,24006589,A,"Injury of any type (Serious, Minor, Possible)",C,Possible Injury (C),2,0,0,3,State,0.25,80,80-E,80-E,,Quinnipiac Ave,965,Feet,W,41.322187,-72.877214,14,Motor Vehicle in Operation,1,Front to rear,1,On Roadway,1,Clear,88,Not Applicable,1,Daylight,1,Dry,0,None,88,Not Applicable,88,Not Applicable,0,None,88,Not Applicable,88,Not Applicable,9,Driveway Access-Related,1,Not at Intersection,1,No,1,No,88,Not Applicable,88,Not Applicable,88,Not Applicable,88,Not Applicable,TRUE,1,Public Road,1,"Trafficway, On Road",CT0009300,New Haven PD,40807,19:42.0,O,Open,01:33.0,,,,,,,
1135115,1,Complete,1135115,1135115,41.323859,-72.942607,3627315,New Haven,93,93,New Haven,2/20/2024,2024,2,February,20,3,Tuesday,11:09:00,11,24007321,A,"Injury of any type (Serious, Minor, Possible)",C,Possible Injury (C),2,0,0,4,Local,0.17,438,NORTON PKWY,NORTON PKWY,GLEN RD,,,,,41.323859,-72.942607,14,Motor Vehicle in Operation,3,Angle,1,On Roadway,1,Clear,88,Not Applicable,1,Daylight,1,Dry,0,None,88,Not Applicable,88,Not Applicable,0,None,88,Not Applicable,88,Not Applicable,2,Intersection,2,Four-Way Intersection,1,No,1,No,88,Not Applicable,88,Not Applicable,88,Not Applicable,88,Not Applicable,FALSE,1,Public Road,1,"Trafficway, On Road",CT0009300,New Haven PD,359,26:53.0,O,Open,01:36.0,,,,,,,
1135118,1,Complete,1135118,1135118,41.32509463,-72.92483787,3627318,New Haven,93,93,New Haven,2/21/2024,2024,2,February,21,4,Wednesday,14:19:00,14,24007467,A,"Injury of any type (Serious, Minor, Possible)",C,Possible Injury (C),2,0,0,4,Local,0.55,151,DIVISION ST,DIVISION ST,MANSFIELD ST,,,,,41.32509463,-72.92483787,14,Motor Vehicle in Operation,3,Angle,1,On Roadway,1,Clear,88,Not Applicable,1,Daylight,1,Dry,0,None,88,Not Applicable,88,Not Applicable,0,None,88,Not Applicable,88,Not Applicable,2,Intersection,2,Four-Way Intersection,1,No,1,No,88,Not Applicable,88,Not Applicable,88,Not Applicable,88,Not Applicable,FALSE,1,Public Road,1,"Trafficway, On Road",CT0009300,New Haven PD,175,10:25.0,C,Closed,01:43.0,,,,,,,
1135120,1,Complete,1135120,1135120,41.3028,-72.9282,3627320,New Haven,93,93,New Haven,2/21/2024,2024,2,February,21,4,Wednesday,17:15:00,17,24007621,A,"Injury of any type (Serious, Minor, Possible)",C,Possible Injury (C),2,0,0,4,Local,0.29,104,CHURCH ST SOUTH NO 1,CHURCH ST SOUTH NO 1,M.L.K BLVD,,,,,41.3028,-72.9282,14,Motor Vehicle in Operation,1,Front to rear,1,On Roadway,1,Clear,88,Not Applicable,1,Daylight,1,Dry,0,None,88,Not Applicable,88,Not Applicable,0,None,88,Not Applicable,88,Not Applicable,2,Intersection,2,Four-Way Intersection,1,No,1,No,88,Not Applicable,88,Not Applicable,88,Not Applicable,88,Not Applicable,TRUE,1,Public Road,1,"Trafficway, On Road",CT0009300,New Haven PD,40790,13:04.0,C,Closed,01:26.0,,,,,,,
1135121,1,Complete,1135121,1135121,41.319364,-72.895752,3627321,New Haven,93,93,New Haven,2/22/2024,2024,2,February,22,5,Thursday,13:26:00,13,24007651,A,"Injury of any type (Serious, Minor, Possible)",B,Suspected Minor Injury (B),2,0,0,4,Local,0.64,411,MIDDLETOWN AV,MIDDLETOWN AV,,FERRY ST,535,Feet,E,41.319364,-72.895752,14,Motor Vehicle in Operation,3,Angle,1,On Roadway,1,Clear,88,Not Applicable,1,Daylight,1,Dry,0,None,88,Not Applicable,88,Not Applicable,0,None,88,Not Applicable,88,Not Applicable,9,Driveway Access-Related,1,Not at Intersection,1,No,1,No,88,Not Applicable,88,Not Applicable,88,Not Applicable,88,Not Applicable,FALSE,1,Public Road,1,"Trafficway, On Road",CT0009300,New Haven PD,45388,39:21.0,C,Closed,01:22.0,,,,,,,
1135125,1,Complete,1135125,1135125,41.305996,-72.942703,3627325,New Haven,93,93,New Haven,2/23/2024,2024,2,February,23,6,Friday,7:47:00,7,24007773,A,"Injury of any type (Serious, Minor, Possible)",C,Possible Injury (C),2,0,0,4,Local,0.52,360,LEGION AV-RT 34,LEGION AV-RT 34,ORCHARD ST,,,,,41.305996,-72.942703,14,Motor Vehicle in Operation,1,Front to rear,1,On Roadway,2,Cloudy,88,Not Applicable,1,Daylight,2,Wet,0,None,88,Not Applicable,88,Not Applicable,0,None,88,Not Applicable,88,Not Applicable,2,Intersection,2,Four-Way Intersection,1,No,1,No,88,Not Applicable,88,Not Applicable,88,Not Applicable,88,Not Applicable,FALSE,1,Public Road,1,"Trafficway, On Road",CT0009300,New Haven PD,45700,51:51.0,C,Closed,01:32.0,,,,,,,
1135128,1,Complete,1135128,1135128,41.307055,-72.938914,3627328,New Haven,93,93,New Haven,2/23/2024,2024,2,February,23,6,Friday,12:43:00,12,24007815,A,"Injury of any type (Serious, Minor, Possible)",C,Possible Injury (C),2,0,0,4,Local,0.84,809,REV DR MLK JR BLVD,REV DR MLK JR BLVD,DWIGHT ST,,,,,41.307055,-72.938914,14,Motor Vehicle in Operation,1,Front to rear,1,On Roadway,2,Cloudy,88,Not Applicable,1,Daylight,2,Wet,0,None,88,Not Applicable,88,Not Applicable,0,None,88,Not Applicable,88,Not Applicable,2,Intersection,2,Four-Way Intersection,1,No,1,No,88,Not Applicable,88,Not Applicable,88,Not Applicable,88,Not Applicable,FALSE,1,Public Road,1,"Trafficway, On Road",CT0009300,New Haven PD,91,04:49.0,O,Open,01:23.0,,,,,,,
1135133,1,Complete,1135133,1135133,41.30008,-72.93965,3627333,New Haven,93,93,New Haven,2/23/2024,2024,2,February,23,6,Friday,15:05:00,15,24007837,A,"Injury of any type (Serious, Minor, Possible)",B,Suspected Minor Injury (B),2,0,0,4,Local,0.45,123,CONGRESS AV,CONGRESS AV,ARCH ST,,,,,41.30008,-72.93965,14,Motor Vehicle in Operation,3,Angle,1,On Roadway,1,Clear,88,Not Applicable,1,Daylight,1,Dry,0,None,88,Not Applicable,88,Not Applicable,0,None,88,Not Applicable,88,Not Applicable,2,Intersection,3,T-Intersection,1,No,1,No,88,Not Applicable,88,Not Applicable,88,Not Applicable,88,Not Applicable,TRUE,1,Public Road,1,"Trafficway, On Road",CT0009300,New Haven PD,45701,47:40.0,C,Closed,01:32.0,,,,,,,
1135140,1,Complete,1135140,1135140,41.331064,-72.94657,3627340,New Haven,93,93,New Haven,2/23/2024,2024,2,February,23,6,Friday,23:53:00,23,24007909,A,"Injury of any type (Serious, Minor, Possible)",C,Possible Injury (C),1,0,0,4,Local,0.88,133,CRESCENT ST,CRESCENT ST,,FITCH ST,860,Feet,E,41.331064,-72.94657,33,Utility Pole/Light Support,88,Not Applicable,4,Roadside,2,Cloudy,88,Not Applicable,4,Dark-Lighted,2,Wet,0,None,88,Not Applicable,88,Not Applicable,5,"Road Surface Condition (wet, icy, snow, slush, etc.)",88,Not Applicable,88,Not Applicable,1,Non-Junction,1,Not at Intersection,1,No,1,No,88,Not Applicable,88,Not Applicable,88,Not Applicable,88,Not Applicable,FALSE,1,Public Road,2,"Trafficway, Not on Road",CT0009300,New Haven PD,40956,38:01.0,C,Closed,01:34.0,,4,9200,4,MINOR ARTERIAL - NEW HPMS,2,Urban
1135142,1,Complete,1135142,1135142,41.325612,-72.897092,3627342,New Haven,93,93,New Haven,2/24/2024,2024,2,February,24,7,Saturday,4:36:00,4,24007926,A,"Injury of any type (Serious, Minor, Possible)",C,Possible Injury (C),1,0,0,2,USRoute,0.84,5,5-N,5-N,,ALBERT ST,264,Feet,S,41.325612,-72.897092,39,"Other Fixed Object (wall, building, tunnel, etc.)",88,Not Applicable,4,Roadside,1,Clear,88,Not Applicable,6,Dark-Unknown Lighting,1,Dry,0,None,88,Not Applicable,88,Not Applicable,0,None,88,Not Applicable,88,Not Applicable,97,Other,1,Not at Intersection,1,No,1,No,88,Not Applicable,88,Not Applicable,88,Not Applicable,88,Not Applicable,TRUE,1,Public Road,2,"Trafficway, Not on Road",CT0009300,New Haven PD,44948,24:50.0,C,Closed,01:35.0,24007926,2,17300,4,MINOR ARTERIAL - NEW HPMS,2,Urban
1135144,1,Complete,1135144,1135144,41.320967,-72.874413,3627344,New Haven,93,93,New Haven,2/24/2024,2024,2,February,24,7,Saturday,14:52:00,14,24007985,A,"Injury of any type (Serious, Minor, Possible)",C,Possible Injury (C),2,0,0,3,State,0.42,80,80-E,80-E,,FOXON BLVD,100,Feet,W,41.320967,-72.874413,14,Motor Vehicle in Operation,3,Angle,1,On Roadway,1,Clear,88,Not Applicable,1,Daylight,1,Dry,0,None,88,Not Applicable,88,Not Applicable,0,None,88,Not Applicable,88,Not Applicable,1,Non-Junction,1,Not at Intersection,1,No,1,No,88,Not Applicable,88,Not Applicable,88,Not Applicable,88,Not Applicable,TRUE,1,Public Road,1,"Trafficway, On Road",CT0009300,New Haven PD,175,27:17.0,C,Closed,01:44.0,,,,,,,
1135145,1,Complete,1135145,1135145,41.321293,-72.875322,3627345,New Haven,93,93,New Haven,2/24/2024,2024,2,February,24,7,Saturday,13:59:00,13,24007988,A,"Injury of any type (Serious, Minor, Possible)",B,Suspected Minor Injury (B),2,0,0,3,State,0.37,80,80-E,80-E,,QUINNIPIAC AVE,400,Feet,W,41.321293,-72.875322,14,Motor Vehicle in Operation,2,Front to front,1,On Roadway,1,Clear,1,Clear,1,Daylight,1,Dry,0,None,88,Not Applicable,88,Not Applicable,0,None,88,Not Applicable,88,Not Applicable,1,Non-Junction,1,Not at Intersection,1,No,1,No,88,Not Applicable,88,Not Applicable,88,Not Applicable,88,Not Applicable,FALSE,1,Public Road,1,"Trafficway, On Road",CT0009300,New Haven PD,45401,38:24.0,C,Closed,01:42.0,,,,,,,
1135154,1,Complete,1135154,1135154,41.30573835,-72.9528007,3627354,New Haven,93,93,New Haven,2/25/2024,2024,2,February,25,1,Sunday,5:03:00,5,24008059,A,"Injury of any type (Serious, Minor, Possible)",C,Possible Injury (C),2,0,0,3,State,2.07,10,10-N,10-N,,LEGION AVE,100,Feet,N,41.30573835,-72.9528007,14,Motor Vehicle in Operation,1,Front to rear,1,On Roadway,1,Clear,1,Clear,4,Dark-Lighted,1,Dry,99,Unknown,88,Not Applicable,88,Not Applicable,99,Unknown,88,Not Applicable,88,Not Applicable,3,Intersection-Related,3,T-Intersection,1,No,1,No,88,Not Applicable,88,Not Applicable,88,Not Applicable,88,Not Applicable,FALSE,1,Public Road,1,"Trafficway, On Road",CT0009300,New Haven PD,43690,14:16.0,C,Closed,01:43.0,,,,,,,
1135758,1,Complete,1135758,1135758,41.3214531,-72.8753232,3627958,New Haven,93,93,New Haven,2/25/2024,2024,2,February,25,1,Sunday,20:00:00,20,24008138,A,"Injury of any type (Serious, Minor, Possible)",C,Possible Injury (C),2,0,0,3,State,0.36,80,80-E,80-E,,QUINNIPIAC AVE,300,Feet,W,41.3214531,-72.8753232,14,Motor Vehicle in Operation,1,Front to rear,1,On Roadway,1,Clear,88,Not Applicable,4,Dark-Lighted,1,Dry,0,None,88,Not Applicable,88,Not Applicable,0,None,88,Not Applicable,88,Not Applicable,1,Non-Junction,1,Not at Intersection,1,No,1,No,88,Not Applicable,88,Not Applicable,88,Not Applicable,88,Not Applicable,TRUE,1,Public Road,1,"Trafficway, On Road",CT0009300,New Haven PD,45403,12:03.0,C,Closed,00:07.0,,,,,,,
1135764,1,Complete,1135764,1135764,41.32456129,-72.96335687,3627964,New Haven,93,93,New Haven,2/26/2024,2024,2,February,26,2,Monday,10:38:00,10,24008205,A,"Injury of any type (Serious, Minor, Possible)",C,Possible Injury (C),2,0,0,4,Local,0.28,662,WILLARD ST,WILLARD ST,ALDEN AV,,,,,41.32456129,-72.96335687,14,Motor Vehicle in Operation,3,Angle,1,On Roadway,1,Clear,88,Not Applicable,1,Daylight,1,Dry,0,None,88,Not Applicable,88,Not Applicable,0,None,88,Not Applicable,88,Not Applicable,2,Intersection,2,Four-Way Intersection,1,No,1,No,88,Not Applicable,88,Not Applicable,88,Not Applicable,88,Not Applicable,FALSE,1,Public Road,1,"Trafficway, On Road",CT0009300,New Haven PD,62,52:59.0,C,Closed,00:06.0,,,,,,,
1135765,1,Complete,1135765,1135765,41.30874277,-72.89937154,3627965,New Haven,93,93,New Haven,2/26/2024,2024,2,February,26,2,Monday,10:36:00,10,24008221,A,"Injury of any type (Serious, Minor, Possible)",C,Possible Injury (C),2,0,0,4,Local,0.71,264,GRAND AV,GRAND AV,BLATCHLEY AV,,,,,41.30874277,-72.89937154,14,Motor Vehicle in Operation,3,Angle,1,On Roadway,1,Clear,88,Not Applicable,1,Daylight,1,Dry,0,None,88,Not Applicable,88,Not Applicable,0,None,88,Not Applicable,88,Not Applicable,2,Intersection,2,Four-Way Intersection,1,No,1,No,88,Not Applicable,88,Not Applicable,88,Not Applicable,88,Not Applicable,TRUE,1,Public Road,1,"Trafficway, On Road",CT0009300,New Haven PD,980,50:03.0,C,Closed,00:06.0,,,,,,,