CrashId,Fatal Case Status,Fatal Case Status Text Format,CrashId,CrashId,Latitude,Longitude,DOT Case Number,Town Name,Town Number,Town Number,Town Number Text Format,Date Of Crash,Year,Month,Month Text Format,Day,Day of the Week,Day of the Week Text Format,Time of Crash,Hour of the Day,Case Identifier,Crash Severity,Crash Severity Text Format,Most Severe Injury,Most Severe Injury Text Format,Number Of Motor Vehicles,Number Of Non-Motorist,Number Of Witnesses,Route Class,Route Class Text Format,Milemarker,Road Number,Road Description,Roadway Name,Intersecting Roadway Name,Landmark Description,Distance From Nearest Landmark,Unit Of Measure From Nearest Landmark,Direction From Nearest Landmark,Latitude,Longitude,First Harmful Event,First Harmful Event Text Format,Manner of Crash / Collision Impact,Manner of Crash / Collision Impact Text Format,Location of First Harmful Event,Location of First Harmful Event Text Format,Weather Condition,Weather Condition Text Format,Weather 2,Weather 2 Text Format,Light Condition,Light Condition Text Format,Road Surface Condition,Road Surface Condition Text Format,"Contributing Circumstances, Environment","Contributing Circumstances, Environment Text Format",Environment 2,Environment 2 Text Format,Environment 3,Environment 3 Text Format,"Contributing Circumstances, Road","Contributing Circumstances, Road Text Format",Road 2,Road 2 Text Format,Road 3,Road 3 Text Format,Crash Specific Location,Crash Specific Location Text Format,Type of Intersection,Type of Intersection Text Format,School Bus Related,School Bus Related Text Format,Work Zone Related,Work Zone Related Text Format,Location Of Crash Relative To Work Zone,Location Of Crash Relative To Work Zone Text Format,Type of Work Zone,Type of Work Zone Text Format,Worker Presence,Worker Presence Text Format,Law Enforcement Presence,Law Enforcement Presence Text Format,Were Vehicles Moved Prior To Police Arrival,Trafficway Ownership,Trafficway Ownership Text Format,Trafficway Class,Trafficway Class Text Format,Police Agency,Police Agency Text Format,Badge Number,Approval Date,Police Case Status,Police Case Status Text Format,Crash Report Submission Date,Related Case Identifiers,No. of Through Lanes (Log Dir.),Average Daily Traffic,Functional Classification,Functional Classification Text Format,Rural or Urban,Rural or Urban Text Format
1137643,1,Complete,1137643,1137643,41.3214536,-72.8791289,3629842,New Haven,93,93,New Haven,3/4/2024,2024,3,March,4,2,Monday,16:58:00,16,24009409,A,"Injury of any type (Serious, Minor, Possible)",C,Possible Injury (C),2,0,0,,,,,,115 FOXON BLVD,,FOXON BOULEVARD,410,Feet,S,41.3214536,-72.8791289,14,Motor Vehicle in Operation,3,Angle,97,Other,1,Clear,88,Not Applicable,1,Daylight,1,Dry,1,Weather Conditions,88,Not Applicable,88,Not Applicable,0,None,88,Not Applicable,88,Not Applicable,97,Other,1,Not at Intersection,1,No,1,No,88,Not Applicable,88,Not Applicable,88,Not Applicable,88,Not Applicable,FALSE,88,Not Applicable,4,Parking Lot,CT0009300,New Haven PD,45403,08:34.0,C,Closed,01:36.0,,,,,,,
1137644,1,Complete,1137644,1137644,41.314137,-72.947799,3629843,New Haven,93,93,New Haven,3/4/2024,2024,3,March,4,2,Monday,18:43:00,18,24009413,A,"Injury of any type (Serious, Minor, Possible)",C,Possible Injury (C),1,1,0,4,Local,1.23,179,EDGEWOOD AV,EDGEWOOD AV,,Norton St,5,Feet,W,41.314137,-72.947799,9,Pedestrian,88,Not Applicable,1,On Roadway,1,Clear,88,Not Applicable,1,Daylight,1,Dry,0,None,88,Not Applicable,88,Not Applicable,0,None,88,Not Applicable,88,Not Applicable,3,Intersection-Related,2,Four-Way Intersection,1,No,1,No,88,Not Applicable,88,Not Applicable,88,Not Applicable,88,Not Applicable,FALSE,1,Public Road,1,"Trafficway, On Road",CT0009300,New Haven PD,44055,10:38.0,C,Closed,01:29.0,,1,4900,4,MINOR ARTERIAL - NEW HPMS,2,Urban
1137945,1,Complete,1137945,1137945,41.30729814,-72.88377347,3630144,New Haven,93,93,New Haven,2/29/2024,2024,2,February,29,5,Thursday,19:14:00,19,24008852,A,"Injury of any type (Serious, Minor, Possible)",C,Possible Injury (C),1,1,0,4,Local,0.14,168,EAST GRAND AV,EAST GRAND AV,LEXINGTON AV,,,,,41.30729814,-72.88377347,9,Pedestrian,88,Not Applicable,1,On Roadway,1,Clear,88,Not Applicable,4,Dark-Lighted,1,Dry,0,None,88,Not Applicable,88,Not Applicable,0,None,88,Not Applicable,88,Not Applicable,2,Intersection,2,Four-Way Intersection,1,No,1,No,88,Not Applicable,88,Not Applicable,88,Not Applicable,88,Not Applicable,FALSE,1,Public Road,1,"Trafficway, On Road",CT0009300,New Haven PD,42049,06:21.0,C,Closed,00:42.0,,2,3831,7,LOCAL - NEW HPMS,2,Urban
1137952,1,Complete,1137952,1137952,41.3054966,-72.9336116,3630151,New Haven,93,93,New Haven,3/5/2024,2024,3,March,5,3,Tuesday,11:46:00,11,24009483,A,"Injury of any type (Serious, Minor, Possible)",C,Possible Injury (C),2,0,0,4,Local,0.53,809,REV DR MLK JR BLVD,REV DR MLK JR BLVD,,YORK ST,20,Feet,E,41.3054966,-72.9336116,14,Motor Vehicle in Operation,1,Front to rear,1,On Roadway,4,Rain,88,Not Applicable,1,Daylight,2,Wet,0,None,88,Not Applicable,88,Not Applicable,0,None,88,Not Applicable,88,Not Applicable,3,Intersection-Related,2,Four-Way Intersection,1,No,1,No,88,Not Applicable,88,Not Applicable,88,Not Applicable,88,Not Applicable,TRUE,1,Public Road,1,"Trafficway, On Road",CT0009300,New Haven PD,39,42:42.0,C,Closed,00:44.0,24009483,,,,,,
1137958,1,Complete,1137958,1137958,41.30649093,-72.9267849,3630157,New Haven,93,93,New Haven,3/5/2024,2024,3,March,5,3,Tuesday,15:21:00,15,24009534,A,"Injury of any type (Serious, Minor, Possible)",C,Possible Injury (C),2,0,0,4,Local,1.83,97,CHAPEL ST,CHAPEL ST,,TEMPLE STREET,50,Feet,E,41.30649093,-72.9267849,14,Motor Vehicle in Operation,3,Angle,1,On Roadway,4,Rain,88,Not Applicable,1,Daylight,2,Wet,0,None,88,Not Applicable,88,Not Applicable,0,None,88,Not Applicable,88,Not Applicable,1,Non-Junction,1,Not at Intersection,1,No,1,No,88,Not Applicable,88,Not Applicable,88,Not Applicable,88,Not Applicable,TRUE,1,Public Road,1,"Trafficway, On Road",CT0009300,New Haven PD,40952,03:01.0,C,Closed,00:42.0,,,,,,,
1137959,1,Complete,1137959,1137959,41.30526554,-72.89468664,3630158,New Haven,93,93,New Haven,3/5/2024,2024,3,March,5,3,Tuesday,15:46:00,15,24009538,A,"Injury of any type (Serious, Minor, Possible)",C,Possible Injury (C),2,0,0,4,Local,1.02,213,FERRY ST,FERRY ST,SALTONSTALL AV,,,,,41.30526554,-72.89468664,14,Motor Vehicle in Operation,3,Angle,1,On Roadway,4,Rain,88,Not Applicable,1,Daylight,2,Wet,0,None,88,Not Applicable,88,Not Applicable,0,None,88,Not Applicable,88,Not Applicable,2,Intersection,3,T-Intersection,1,No,1,No,88,Not Applicable,88,Not Applicable,88,Not Applicable,88,Not Applicable,FALSE,1,Public Road,1,"Trafficway, On Road",CT0009300,New Haven PD,44052,45:29.0,C,Closed,00:44.0,,,,,,,
1138222,1,Complete,1138222,1138222,41.292758,-72.939952,3630421,New Haven,93,93,New Haven,3/1/2024,2024,3,March,1,6,Friday,14:51:00,14,24008993,A,"Injury of any type (Serious, Minor, Possible)",C,Possible Injury (C),2,0,0,4,Local,0.28,626,WASHINGTON AV NO 1,WASHINGTON AV NO 1,MORRIS ST,,,,,41.292758,-72.939952,14,Motor Vehicle in Operation,3,Angle,1,On Roadway,1,Clear,88,Not Applicable,1,Daylight,1,Dry,0,None,88,Not Applicable,88,Not Applicable,0,None,88,Not Applicable,88,Not Applicable,2,Intersection,2,Four-Way Intersection,1,No,1,No,88,Not Applicable,88,Not Applicable,88,Not Applicable,88,Not Applicable,FALSE,1,Public Road,1,"Trafficway, On Road",CT0009300,New Haven PD,225,40:24.0,C,Closed,00:10.0,,,,,,,
1138223,1,Complete,1138223,1138223,41.292689,-72.93799039,3630422,New Haven,93,93,New Haven,3/2/2024,2024,3,March,2,7,Saturday,14:13:00,14,24009134,A,"Injury of any type (Serious, Minor, Possible)",C,Possible Injury (C),2,0,0,4,Local,0.38,529,ROSETTE ST,ROSETTE ST,,WILSON ST,110,Feet,E,41.292689,-72.93799039,14,Motor Vehicle in Operation,1,Front to rear,4,Roadside,4,Rain,88,Not Applicable,1,Daylight,2,Wet,0,None,88,Not Applicable,88,Not Applicable,0,None,88,Not Applicable,88,Not Applicable,1,Non-Junction,1,Not at Intersection,1,No,1,No,88,Not Applicable,88,Not Applicable,88,Not Applicable,88,Not Applicable,FALSE,1,Public Road,2,"Trafficway, Not on Road",CT0009300,New Haven PD,45392,02:23.0,C,Closed,00:12.0,NONE,,,,,,
1138228,1,Complete,1138228,1138228,41.325408,-72.878752,3630427,New Haven,93,93,New Haven,3/5/2024,2024,3,March,5,3,Tuesday,18:35:00,18,24009564,A,"Injury of any type (Serious, Minor, Possible)",C,Possible Injury (C),1,1,1,4,Local,0.4,40,BARNES AV,BARNES AV,,DONNA DR,50,Feet,S,41.325408,-72.878752,9,Pedestrian,88,Not Applicable,1,On Roadway,4,Rain,3,"Fog, Smog, Smoke",4,Dark-Lighted,2,Wet,1,Weather Conditions,88,Not Applicable,88,Not Applicable,0,None,88,Not Applicable,88,Not Applicable,1,Non-Junction,1,Not at Intersection,1,No,1,No,88,Not Applicable,88,Not Applicable,88,Not Applicable,88,Not Applicable,FALSE,1,Public Road,1,"Trafficway, On Road",CT0009300,New Haven PD,42049,34:16.0,C,Closed,00:16.0,,2,4233,7,LOCAL - NEW HPMS,2,Urban
1138229,1,Complete,1138229,1138229,41.32317097,-72.94877685,3630428,New Haven,93,93,New Haven,3/6/2024,2024,3,March,6,4,Wednesday,3:55:00,3,24009602,A,"Injury of any type (Serious, Minor, Possible)",C,Possible Injury (C),2,0,0,4,Local,0.11,258,GOFFE TER,GOFFE TER,ELLA T GRASSO BLVD NO 2,,,,,41.32317097,-72.94877685,14,Motor Vehicle in Operation,3,Angle,1,On Roadway,1,Clear,88,Not Applicable,4,Dark-Lighted,2,Wet,0,None,88,Not Applicable,88,Not Applicable,0,None,88,Not Applicable,88,Not Applicable,2,Intersection,2,Four-Way Intersection,1,No,1,No,88,Not Applicable,88,Not Applicable,88,Not Applicable,88,Not Applicable,FALSE,1,Public Road,1,"Trafficway, On Road",CT0009300,New Haven PD,44175,10:33.0,C,Closed,00:08.0,,,,,,,
1138231,1,Complete,1138231,1138231,41.30326617,-72.93641246,3630430,New Haven,93,93,New Haven,3/6/2024,2024,3,March,6,4,Wednesday,9:18:00,9,24009625,A,"Injury of any type (Serious, Minor, Possible)",C,Possible Injury (C),2,0,0,4,Local,0.21,308,HOWARD AV,HOWARD AV,DAVENPORT AV,,,,,41.30326617,-72.93641246,14,Motor Vehicle in Operation,3,Angle,1,On Roadway,1,Clear,88,Not Applicable,1,Daylight,1,Dry,0,None,88,Not Applicable,88,Not Applicable,0,None,88,Not Applicable,88,Not Applicable,2,Intersection,2,Four-Way Intersection,1,No,1,No,88,Not Applicable,88,Not Applicable,88,Not Applicable,88,Not Applicable,TRUE,1,Public Road,1,"Trafficway, On Road",CT0009300,New Haven PD,45394,21:13.0,C,Closed,00:09.0,,,,,,,
1138232,1,Complete,1138232,1138232,41.303257,-72.936343,3630431,New Haven,93,93,New Haven,3/6/2024,2024,3,March,6,4,Wednesday,10:05:00,10,24009637,A,"Injury of any type (Serious, Minor, Possible)",C,Possible Injury (C),2,0,1,4,Local,0,766,YORK ST,YORK ST,HOWARD AVE,,,,,41.303257,-72.936343,14,Motor Vehicle in Operation,3,Angle,1,On Roadway,2,Cloudy,88,Not Applicable,1,Daylight,1,Dry,0,None,88,Not Applicable,88,Not Applicable,0,None,88,Not Applicable,88,Not Applicable,1,Non-Junction,1,Not at Intersection,1,No,1,No,88,Not Applicable,88,Not Applicable,88,Not Applicable,88,Not Applicable,TRUE,1,Public Road,1,"Trafficway, On Road",CT0009300,New Haven PD,251,12:17.0,C,Closed,00:09.0,,,,,,,
1138242,1,Complete,1138242,1138242,41.318654,-72.948016,3630441,New Haven,93,93,New Haven,3/6/2024,2024,3,March,6,4,Wednesday,18:48:00,18,24009745,A,"Injury of any type (Serious, Minor, Possible)",C,Possible Injury (C),1,1,1,4,Local,0.05,653,WHALLEY AV,WHALLEY AV,,ELLA T GRASSO BLVD,313,Feet,W,41.318654,-72.948016,9,Pedestrian,88,Not Applicable,1,On Roadway,4,Rain,88,Not Applicable,4,Dark-Lighted,2,Wet,1,Weather Conditions,88,Not Applicable,88,Not Applicable,0,None,88,Not Applicable,88,Not Applicable,1,Non-Junction,1,Not at Intersection,1,No,1,No,88,Not Applicable,88,Not Applicable,88,Not Applicable,88,Not Applicable,FALSE,1,Public Road,1,"Trafficway, On Road",CT0009300,New Haven PD,276,07:28.0,C,Closed,00:16.0,24009745,4,21100,3,PRINCIPAL ARTERIAL - OTHER - NEW HPMS,2,Urban
1138517,1,Complete,1138517,1138517,41.289996,-72.940305,3630716,New Haven,93,93,New Haven,3/6/2024,2024,3,March,6,4,Wednesday,7:00:00,7,24009611,A,"Injury of any type (Serious, Minor, Possible)",B,Suspected Minor Injury (B),3,0,0,3,State,0.62,10,10-N,10-N,Lamberton St,,,,,41.289996,-72.940305,14,Motor Vehicle in Operation,3,Angle,1,On Roadway,1,Clear,88,Not Applicable,1,Daylight,1,Dry,0,None,88,Not Applicable,88,Not Applicable,0,None,88,Not Applicable,88,Not Applicable,2,Intersection,2,Four-Way Intersection,1,No,1,No,88,Not Applicable,88,Not Applicable,88,Not Applicable,88,Not Applicable,FALSE,1,Public Road,1,"Trafficway, On Road",CT0009300,New Haven PD,45132,00:00.0,C,Closed,01:48.0,,,,,,,
1138518,1,Complete,1138518,1138518,41.31865674,-72.94817055,3630717,New Haven,93,93,New Haven,3/6/2024,2024,3,March,6,4,Wednesday,12:50:00,12,24009672,A,"Injury of any type (Serious, Minor, Possible)",C,Possible Injury (C),4,0,0,4,Local,0.05,653,WHALLEY AV,WHALLEY AV,,ELLSWORTH AVE ,165,Feet,W,41.31865674,-72.94817055,14,Motor Vehicle in Operation,3,Angle,1,On Roadway,4,Rain,88,Not Applicable,1,Daylight,2,Wet,0,None,88,Not Applicable,88,Not Applicable,0,None,88,Not Applicable,88,Not Applicable,9,Driveway Access-Related,1,Not at Intersection,1,No,1,No,88,Not Applicable,88,Not Applicable,88,Not Applicable,88,Not Applicable,FALSE,1,Public Road,1,"Trafficway, On Road",CT0009300,New Haven PD,238,22:50.0,C,Closed,01:50.0,,,,,,,
1138520,1,Complete,1138520,1138520,41.320252,-72.86852,3630719,New Haven,93,93,New Haven,3/7/2024,2024,3,March,7,5,Thursday,9:57:00,9,24009821,A,"Injury of any type (Serious, Minor, Possible)",C,Possible Injury (C),2,0,0,3,State,0.74,80,80-E,80-E,,OLD FOXON ROAD,50,Feet,E,41.320252,-72.86852,14,Motor Vehicle in Operation,2,Front to front,1,On Roadway,2,Cloudy,88,Not Applicable,1,Daylight,2,Wet,0,None,88,Not Applicable,88,Not Applicable,0,None,88,Not Applicable,88,Not Applicable,1,Non-Junction,1,Not at Intersection,1,No,1,No,88,Not Applicable,88,Not Applicable,88,Not Applicable,88,Not Applicable,FALSE,1,Public Road,1,"Trafficway, On Road",CT0009300,New Haven PD,180,12:15.0,C,Closed,01:50.0,24009821,,,,,,
1138522,1,Complete,1138522,1138522,41.31033858,-72.95226439,3630721,New Haven,93,93,New Haven,3/7/2024,2024,3,March,7,5,Thursday,17:23:00,17,24009885,A,"Injury of any type (Serious, Minor, Possible)",C,Possible Injury (C),2,0,0,4,Local,0.34,147,DERBY AV,DERBY AV,,ELLSWORTH AVE ,241,Feet,W,41.31033858,-72.95226439,14,Motor Vehicle in Operation,3,Angle,1,On Roadway,1,Clear,88,Not Applicable,1,Daylight,1,Dry,0,None,88,Not Applicable,88,Not Applicable,0,None,88,Not Applicable,88,Not Applicable,9,Driveway Access-Related,1,Not at Intersection,1,No,1,No,88,Not Applicable,88,Not Applicable,88,Not Applicable,88,Not Applicable,FALSE,1,Public Road,1,"Trafficway, On Road",CT0009300,New Haven PD,42046,08:11.0,C,Closed,01:52.0,,,,,,,
1138524,1,Complete,1138524,1138524,41.312169,-72.919462,3630723,New Haven,93,93,New Haven,3/7/2024,2024,3,March,7,5,Thursday,19:42:00,19,24009918,A,"Injury of any type (Serious, Minor, Possible)",C,Possible Injury (C),2,0,0,4,Local,0.31,601,TRUMBULL ST,TRUMBULL ST,,ORANGE ST,40,Feet,W,41.312169,-72.919462,14,Motor Vehicle in Operation,1,Front to rear,1,On Roadway,1,Clear,88,Not Applicable,4,Dark-Lighted,1,Dry,0,None,88,Not Applicable,88,Not Applicable,0,None,88,Not Applicable,88,Not Applicable,3,Intersection-Related,2,Four-Way Intersection,1,No,1,No,88,Not Applicable,88,Not Applicable,88,Not Applicable,88,Not Applicable,TRUE,1,Public Road,1,"Trafficway, On Road",CT0009300,New Haven PD,40952,45:21.0,C,Closed,01:53.0,,,,,,,
1138525,1,Complete,1138525,1138525,41.29333,-72.93304,3630724,New Haven,93,93,New Haven,3/7/2024,2024,3,March,7,5,Thursday,21:00:00,21,24009929,A,"Injury of any type (Serious, Minor, Possible)",B,Suspected Minor Injury (B),2,0,0,4,Local,0.92,308,HOWARD AV,HOWARD AV,ROSETTE ST,,,,,41.29333,-72.93304,14,Motor Vehicle in Operation,4,"Sideswipe, same direction",1,On Roadway,1,Clear,88,Not Applicable,4,Dark-Lighted,1,Dry,0,None,88,Not Applicable,88,Not Applicable,0,None,88,Not Applicable,88,Not Applicable,2,Intersection,2,Four-Way Intersection,1,No,1,No,88,Not Applicable,88,Not Applicable,88,Not Applicable,88,Not Applicable,FALSE,1,Public Road,1,"Trafficway, On Road",CT0009300,New Haven PD,44953,32:43.0,O,Open,01:55.0,,,,,,,
1138892,1,Complete,1138892,1138892,41.310713,-72.929969,3631091,New Haven,93,93,New Haven,3/8/2024,2024,3,March,8,6,Friday,19:41:00,19,202400593,A,"Injury of any type (Serious, Minor, Possible)",C,Possible Injury (C),1,1,0,4,Local,0.2,726,ELM ST NO 2,ELM ST NO 2,YORK ST,,,,,41.310713,-72.929969,9,Pedestrian,88,Not Applicable,1,On Roadway,1,Clear,88,Not Applicable,4,Dark-Lighted,1,Dry,0,None,88,Not Applicable,88,Not Applicable,0,None,88,Not Applicable,88,Not Applicable,2,Intersection,4,Y-Intersection,1,No,1,No,88,Not Applicable,88,Not Applicable,88,Not Applicable,88,Not Applicable,FALSE,1,Public Road,1,"Trafficway, On Road",CT0009300,New Haven PD,423,23:00.0,C,Closed,00:51.0,,3,18200,3,PRINCIPAL ARTERIAL - OTHER - NEW HPMS,2,Urban
1139376,1,Complete,1139376,1139376,41.315331,-72.947166,3631575,New Haven,93,93,New Haven,3/2/2024,2024,3,March,2,7,Saturday,19:34:00,19,24009155,A,"Injury of any type (Serious, Minor, Possible)",C,Possible Injury (C),2,0,0,4,Local,0.35,439,NORTON ST,NORTON ST,MAPLE ST,,,,,41.315331,-72.947166,14,Motor Vehicle in Operation,3,Angle,1,On Roadway,1,Clear,88,Not Applicable,4,Dark-Lighted,2,Wet,99,Unknown,88,Not Applicable,88,Not Applicable,99,Unknown,88,Not Applicable,88,Not Applicable,2,Intersection,2,Four-Way Intersection,1,No,1,No,88,Not Applicable,88,Not Applicable,88,Not Applicable,88,Not Applicable,FALSE,1,Public Road,1,"Trafficway, On Road",CT0009300,New Haven PD,36335,20:56.0,C,Closed,00:26.0,,,,,,,
1139380,1,Complete,1139380,1139380,41.30346,-72.92376,3631579,New Haven,93,93,New Haven,3/10/2024,2024,3,March,10,1,Sunday,19:22:00,19,24010246,A,"Injury of any type (Serious, Minor, Possible)",B,Suspected Minor Injury (B),1,1,1,4,Local,1.45,575,STATE ST,STATE ST,CROWN ST,,,,,41.30346,-72.92376,9,Pedestrian,88,Not Applicable,1,On Roadway,4,Rain,88,Not Applicable,4,Dark-Lighted,2,Wet,99,Unknown,88,Not Applicable,88,Not Applicable,0,None,88,Not Applicable,88,Not Applicable,3,Intersection-Related,2,Four-Way Intersection,1,No,1,No,88,Not Applicable,88,Not Applicable,88,Not Applicable,88,Not Applicable,FALSE,1,Public Road,1,"Trafficway, On Road",CT0009300,New Haven PD,44049,08:02.0,C,Closed,00:26.0,,2,10200,3,PRINCIPAL ARTERIAL - OTHER - NEW HPMS,2,Urban
1139384,1,Complete,1139384,1139384,41.309546,-72.927348,3631583,New Haven,93,93,New Haven,3/11/2024,2024,3,March,11,2,Monday,16:01:00,16,24010363,A,"Injury of any type (Serious, Minor, Possible)",C,Possible Injury (C),2,0,0,4,Local,0.36,726,ELM ST NO 2,ELM ST NO 2,,COLLEGE ST,55,Feet,W,41.309546,-72.927348,14,Motor Vehicle in Operation,3,Angle,1,On Roadway,1,Clear,88,Not Applicable,1,Daylight,1,Dry,0,None,88,Not Applicable,88,Not Applicable,0,None,88,Not Applicable,88,Not Applicable,3,Intersection-Related,2,Four-Way Intersection,1,No,1,No,88,Not Applicable,88,Not Applicable,88,Not Applicable,88,Not Applicable,TRUE,1,Public Road,1,"Trafficway, On Road",CT0009300,New Haven PD,251,33:32.0,C,Closed,00:30.0,,,,,,,
1139385,1,Complete,1139385,1139385,41.320702,-72.874081,3631584,New Haven,93,93,New Haven,3/11/2024,2024,3,March,11,2,Monday,19:47:00,19,24010420,A,"Injury of any type (Serious, Minor, Possible)",C,Possible Injury (C),2,0,0,4,Local,2.21,498,QUINNIPIAC AV,QUINNIPIAC AV,,ROUTE 80 ,30,Feet,S,41.320702,-72.874081,14,Motor Vehicle in Operation,1,Front to rear,1,On Roadway,1,Clear,88,Not Applicable,4,Dark-Lighted,1,Dry,0,None,88,Not Applicable,88,Not Applicable,0,None,88,Not Applicable,88,Not Applicable,3,Intersection-Related,2,Four-Way Intersection,1,No,1,No,88,Not Applicable,88,Not Applicable,88,Not Applicable,88,Not Applicable,FALSE,1,Public Road,1,"Trafficway, On Road",CT0009300,New Haven PD,45701,56:38.0,C,Closed,00:31.0,,,,,,,
1139677,1,Complete,1139677,1139677,41.301646,-72.926866,3631876,New Haven,93,93,New Haven,3/8/2024,2024,3,March,8,6,Friday,5:44:00,5,24009939,A,"Injury of any type (Serious, Minor, Possible)",C,Possible Injury (C),2,0,0,3,State,0,34,34-E-8A,34-E-8A,SOUTH ORANGE ST,,,,,41.301646,-72.926866,14,Motor Vehicle in Operation,3,Angle,1,On Roadway,1,Clear,88,Not Applicable,1,Daylight,1,Dry,0,None,88,Not Applicable,88,Not Applicable,0,None,88,Not Applicable,88,Not Applicable,2,Intersection,2,Four-Way Intersection,1,No,1,No,88,Not Applicable,88,Not Applicable,88,Not Applicable,88,Not Applicable,TRUE,1,Public Road,1,"Trafficway, On Road",CT0009300,New Haven PD,44953,58:13.0,C,Closed,01:23.0,,,,,,,
1139679,1,Complete,1139679,1139679,41.316169,-72.90457,3631878,New Haven,93,93,New Haven,3/11/2024,2024,3,March,11,2,Monday,22:31:00,22,24010434,A,"Injury of any type (Serious, Minor, Possible)",C,Possible Injury (C),2,0,0,1,Interstate,0,91,91-N-138A,91-N-138A (Exit 5),,James St,70,Feet,W,41.316169,-72.90457,14,Motor Vehicle in Operation,1,Front to rear,1,On Roadway,1,Clear,88,Not Applicable,4,Dark-Lighted,1,Dry,0,None,88,Not Applicable,88,Not Applicable,0,None,88,Not Applicable,88,Not Applicable,3,Intersection-Related,2,Four-Way Intersection,1,No,1,No,88,Not Applicable,88,Not Applicable,88,Not Applicable,88,Not Applicable,FALSE,1,Public Road,1,"Trafficway, On Road",CT0009300,New Haven PD,42055,36:04.0,O,Open,01:22.0,,,,,,,
1139680,1,Complete,1139680,1139680,41.316287,-72.872675,3631879,New Haven,93,93,New Haven,3/12/2024,2024,3,March,12,3,Tuesday,7:46:00,7,24010453,A,"Injury of any type (Serious, Minor, Possible)",C,Possible Injury (C),3,0,0,4,Local,0.67,167,EASTERN ST,EASTERN ST,,BELLA VISTA DR,120,Feet,N,41.316287,-72.872675,15,Parked Motor Vehicle,2,Front to front,7,In Parking Lane or Zone,1,Clear,88,Not Applicable,1,Daylight,1,Dry,0,None,88,Not Applicable,88,Not Applicable,0,None,88,Not Applicable,88,Not Applicable,1,Non-Junction,1,Not at Intersection,1,No,1,No,88,Not Applicable,88,Not Applicable,88,Not Applicable,88,Not Applicable,FALSE,1,Public Road,1,"Trafficway, On Road",CT0009300,New Haven PD,156,59:49.0,C,Closed,01:25.0,,,,,,,
1139682,1,Complete,1139682,1139682,41.31087674,-72.89616514,3631881,New Haven,93,93,New Haven,3/12/2024,2024,3,March,12,3,Tuesday,8:17:00,8,24010455,A,"Injury of any type (Serious, Minor, Possible)",C,Possible Injury (C),2,0,0,4,Local,0.18,734,CLAY ST NO 2,CLAY ST NO 2,,FERRY ST,50,Feet,W,41.31087674,-72.89616514,14,Motor Vehicle in Operation,1,Front to rear,1,On Roadway,1,Clear,88,Not Applicable,1,Daylight,1,Dry,0,None,88,Not Applicable,88,Not Applicable,0,None,88,Not Applicable,88,Not Applicable,3,Intersection-Related,3,T-Intersection,2,"Yes, School Bus Directly Involved",1,No,88,Not Applicable,88,Not Applicable,88,Not Applicable,88,Not Applicable,FALSE,1,Public Road,1,"Trafficway, On Road",CT0009300,New Haven PD,40793,32:28.0,O,Open,01:24.0,24-010455,,,,,,
1139686,1,Complete,1139686,1139686,41.315783,-72.922596,3631885,New Haven,93,93,New Haven,3/12/2024,2024,3,March,12,3,Tuesday,18:09:00,18,24010559,A,"Injury of any type (Serious, Minor, Possible)",B,Suspected Minor Injury (B),1,1,3,4,Local,0.1,536,SACHEM ST,SACHEM ST,HILLHOUSE AV,,,,,41.315783,-72.922596,9,Pedestrian,88,Not Applicable,1,On Roadway,1,Clear,88,Not Applicable,3,Dusk,1,Dry,0,None,88,Not Applicable,88,Not Applicable,0,None,88,Not Applicable,88,Not Applicable,2,Intersection,3,T-Intersection,1,No,1,No,88,Not Applicable,88,Not Applicable,88,Not Applicable,88,Not Applicable,TRUE,1,Public Road,1,"Trafficway, On Road",CT0009300,New Haven PD,40952,31:08.0,O,Open,01:21.0,,1,6500,5,MAJOR COLLECTOR - NEW HPMS,2,Urban
1139933,1,Complete,1139933,1139933,41.310922,-72.942571,3632132,New Haven,93,93,New Haven,3/12/2024,2024,3,March,12,3,Tuesday,8:41:00,8,24010530,A,"Injury of any type (Serious, Minor, Possible)",C,Possible Injury (C),2,0,0,4,Local,2.71,97,CHAPEL ST,CHAPEL ST,BEERS ST,,,,,41.310922,-72.942571,14,Motor Vehicle in Operation,4,"Sideswipe, same direction",1,On Roadway,1,Clear,88,Not Applicable,1,Daylight,1,Dry,0,None,88,Not Applicable,88,Not Applicable,0,None,88,Not Applicable,88,Not Applicable,2,Intersection,3,T-Intersection,1,No,1,No,88,Not Applicable,88,Not Applicable,88,Not Applicable,88,Not Applicable,FALSE,1,Public Road,1,"Trafficway, On Road",CT0009300,New Haven PD,44055,17:57.0,C,Closed,00:10.0,,,,,,,
1139936,1,Complete,1139936,1139936,41.305036,-72.925525,3632135,New Haven,93,93,New Haven,3/13/2024,2024,3,March,13,4,Wednesday,9:10:00,9,24010616,A,"Injury of any type (Serious, Minor, Possible)",C,Possible Injury (C),2,0,1,4,Local,0.04,92,CENTER ST,CENTER ST,,ORANGE ST.,200,Feet,W,41.305036,-72.925525,14,Motor Vehicle in Operation,3,Angle,1,On Roadway,1,Clear,88,Not Applicable,1,Daylight,1,Dry,0,None,88,Not Applicable,88,Not Applicable,0,None,88,Not Applicable,88,Not Applicable,9,Driveway Access-Related,1,Not at Intersection,1,No,1,No,88,Not Applicable,88,Not Applicable,88,Not Applicable,88,Not Applicable,FALSE,1,Public Road,1,"Trafficway, On Road",CT0009300,New Haven PD,106,43:45.0,C,Closed,00:05.0,,,,,,,