CrashId,Fatal Case Status,Fatal Case Status Text Format,CrashId,CrashId,Latitude,Longitude,DOT Case Number,Town Name,Town Number,Town Number,Town Number Text Format,Date Of Crash,Year,Month,Month Text Format,Day,Day of the Week,Day of the Week Text Format,Time of Crash,Hour of the Day,Case Identifier,Crash Severity,Crash Severity Text Format,Most Severe Injury,Most Severe Injury Text Format,Number Of Motor Vehicles,Number Of Non-Motorist,Number Of Witnesses,Route Class,Route Class Text Format,Milemarker,Road Number,Road Description,Roadway Name,Intersecting Roadway Name,Landmark Description,Distance From Nearest Landmark,Unit Of Measure From Nearest Landmark,Direction From Nearest Landmark,Latitude,Longitude,First Harmful Event,First Harmful Event Text Format,Manner of Crash / Collision Impact,Manner of Crash / Collision Impact Text Format,Location of First Harmful Event,Location of First Harmful Event Text Format,Weather Condition,Weather Condition Text Format,Weather 2,Weather 2 Text Format,Light Condition,Light Condition Text Format,Road Surface Condition,Road Surface Condition Text Format,"Contributing Circumstances, Environment","Contributing Circumstances, Environment Text Format",Environment 2,Environment 2 Text Format,Environment 3,Environment 3 Text Format,"Contributing Circumstances, Road","Contributing Circumstances, Road Text Format",Road 2,Road 2 Text Format,Road 3,Road 3 Text Format,Crash Specific Location,Crash Specific Location Text Format,Type of Intersection,Type of Intersection Text Format,School Bus Related,School Bus Related Text Format,Work Zone Related,Work Zone Related Text Format,Location Of Crash Relative To Work Zone,Location Of Crash Relative To Work Zone Text Format,Type of Work Zone,Type of Work Zone Text Format,Worker Presence,Worker Presence Text Format,Law Enforcement Presence,Law Enforcement Presence Text Format,Were Vehicles Moved Prior To Police Arrival,Trafficway Ownership,Trafficway Ownership Text Format,Trafficway Class,Trafficway Class Text Format,Police Agency,Police Agency Text Format,Badge Number,Approval Date,Police Case Status,Police Case Status Text Format,Crash Report Submission Date,Related Case Identifiers,No. of Through Lanes (Log Dir.),Average Daily Traffic,Functional Classification,Functional Classification Text Format,Rural or Urban,Rural or Urban Text Format
1146416,1,Complete,1146416,1146416,41.30380759,-72.92745425,3638614,New Haven,93,93,New Haven,3/29/2024,2024,3,March,29,6,Friday,17:36:00,17,24013221,A,"Injury of any type (Serious, Minor, Possible)",C,Possible Injury (C),2,0,0,4,Local,0.38,104,CHURCH ST SOUTH NO 1,CHURCH ST SOUTH NO 1,GEORGE ST,,,,,41.30380759,-72.92745425,14,Motor Vehicle in Operation,4,"Sideswipe, same direction",1,On Roadway,1,Clear,88,Not Applicable,4,Dark-Lighted,1,Dry,0,None,88,Not Applicable,88,Not Applicable,0,None,88,Not Applicable,88,Not Applicable,2,Intersection,2,Four-Way Intersection,1,No,1,No,88,Not Applicable,88,Not Applicable,88,Not Applicable,88,Not Applicable,FALSE,1,Public Road,1,"Trafficway, On Road",CT0009300,New Haven PD,45630,22:56.0,C,Closed,01:27.0,,,,,,,
1146418,1,Complete,1146418,1146418,41.29196,-72.89601,3638616,New Haven,93,93,New Haven,3/30/2024,2024,3,March,30,7,Saturday,21:02:00,21,24013355,A,"Injury of any type (Serious, Minor, Possible)",C,Possible Injury (C),2,0,0,2,USRoute,49.97,1,1-N,1-N,,KENDALL ST,100,Feet,N,41.29196,-72.89601,14,Motor Vehicle in Operation,4,"Sideswipe, same direction",1,On Roadway,1,Clear,88,Not Applicable,4,Dark-Lighted,1,Dry,0,None,88,Not Applicable,88,Not Applicable,0,None,88,Not Applicable,88,Not Applicable,1,Non-Junction,1,Not at Intersection,1,No,1,No,88,Not Applicable,88,Not Applicable,88,Not Applicable,88,Not Applicable,TRUE,1,Public Road,1,"Trafficway, On Road",CT0009300,New Haven PD,44176,02:46.0,C,Closed,01:34.0,,,,,,,
1146422,1,Complete,1146422,1146422,41.33505582,-72.97718381,3638620,New Haven,93,93,New Haven,4/2/2024,2024,4,April,2,3,Tuesday,16:39:00,16,24013746,A,"Injury of any type (Serious, Minor, Possible)",C,Possible Injury (C),2,0,0,3,State,1.32,63,63-N,63-N,,WRIGHT AVE,44,Feet,N,41.33505582,-72.97718381,14,Motor Vehicle in Operation,97,Other,1,On Roadway,4,Rain,88,Not Applicable,1,Daylight,2,Wet,0,None,88,Not Applicable,88,Not Applicable,0,None,88,Not Applicable,88,Not Applicable,9,Driveway Access-Related,1,Not at Intersection,1,No,1,No,88,Not Applicable,88,Not Applicable,88,Not Applicable,88,Not Applicable,FALSE,1,Public Road,1,"Trafficway, On Road",CT0009300,New Haven PD,45397,47:37.0,O,Open,01:39.0,,,,,,,
1146424,1,Complete,1146424,1146424,41.30137,-72.92392,3638622,New Haven,93,93,New Haven,4/2/2024,2024,4,April,2,3,Tuesday,22:19:00,22,24013797,A,"Injury of any type (Serious, Minor, Possible)",B,Suspected Minor Injury (B),1,1,0,4,Local,1.6,575,STATE ST,STATE ST,1-N,,,,,41.30137,-72.92392,10,Pedalcycle/Pedalcyclist,97,Other,1,On Roadway,4,Rain,88,Not Applicable,4,Dark-Lighted,2,Wet,0,None,88,Not Applicable,88,Not Applicable,0,None,88,Not Applicable,88,Not Applicable,2,Intersection,2,Four-Way Intersection,1,No,1,No,88,Not Applicable,88,Not Applicable,88,Not Applicable,88,Not Applicable,FALSE,1,Public Road,1,"Trafficway, On Road",CT0009300,New Haven PD,45389,32:31.0,C,Closed,01:32.0,,,,,,,
1146428,1,Complete,1146428,1146428,41.32065716,-72.9083228,3638626,New Haven,93,93,New Haven,4/3/2024,2024,4,April,3,4,Wednesday,8:46:00,8,24013830,A,"Injury of any type (Serious, Minor, Possible)",C,Possible Injury (C),3,0,0,4,Local,0.32,435,NICOLL ST,NICOLL ST,WILLOW ST,,,,,41.32065716,-72.9083228,14,Motor Vehicle in Operation,3,Angle,1,On Roadway,4,Rain,88,Not Applicable,1,Daylight,2,Wet,0,None,88,Not Applicable,88,Not Applicable,0,None,88,Not Applicable,88,Not Applicable,2,Intersection,2,Four-Way Intersection,1,No,1,No,88,Not Applicable,88,Not Applicable,88,Not Applicable,88,Not Applicable,TRUE,1,Public Road,1,"Trafficway, On Road",CT0009300,New Haven PD,42054,39:14.0,C,Closed,01:36.0,,,,,,,
1146430,1,Complete,1146430,1146430,41.30797,-72.89521,3638628,New Haven,93,93,New Haven,4/3/2024,2024,4,April,3,4,Wednesday,11:38:00,11,24013871,A,"Injury of any type (Serious, Minor, Possible)",C,Possible Injury (C),2,0,1,4,Local,0.81,213,FERRY ST,FERRY ST,,EXCHANGE ST,144,Feet,N,41.30797,-72.89521,14,Motor Vehicle in Operation,3,Angle,1,On Roadway,4,Rain,88,Not Applicable,1,Daylight,2,Wet,0,None,88,Not Applicable,88,Not Applicable,0,None,88,Not Applicable,88,Not Applicable,11,Through Roadway,1,Not at Intersection,1,No,1,No,88,Not Applicable,88,Not Applicable,88,Not Applicable,88,Not Applicable,FALSE,1,Public Road,1,"Trafficway, On Road",CT0009300,New Haven PD,40793,35:38.0,C,Closed,01:38.0,,,,,,,
1146432,1,Complete,1146432,1146432,41.33100836,-72.95261577,3638630,New Haven,93,93,New Haven,4/3/2024,2024,4,April,3,4,Wednesday,15:29:00,15,24013899,A,"Injury of any type (Serious, Minor, Possible)",C,Possible Injury (C),2,0,0,4,Local,0.2,208,FARNHAM AV,FARNHAM AV,,blake st,1046,Feet,N,41.33100836,-72.95261577,14,Motor Vehicle in Operation,1,Front to rear,1,On Roadway,4,Rain,2,Cloudy,1,Daylight,2,Wet,0,None,88,Not Applicable,88,Not Applicable,0,None,88,Not Applicable,88,Not Applicable,1,Non-Junction,1,Not at Intersection,1,No,1,No,88,Not Applicable,88,Not Applicable,88,Not Applicable,88,Not Applicable,TRUE,1,Public Road,1,"Trafficway, On Road",CT0009300,New Haven PD,42045,38:12.0,C,Closed,01:38.0,,,,,,,
1146436,1,Complete,1146436,1146436,41.325565,-72.927792,3638634,New Haven,93,93,New Haven,4/3/2024,2024,4,April,3,4,Wednesday,18:14:00,18,24013927,A,"Injury of any type (Serious, Minor, Possible)",C,Possible Injury (C),2,0,0,4,Local,0.4,151,DIVISION ST,DIVISION ST,WINCHESTER AV,,,,,41.325565,-72.927792,14,Motor Vehicle in Operation,2,Front to front,1,On Roadway,4,Rain,4,Rain,3,Dusk,2,Wet,0,None,88,Not Applicable,88,Not Applicable,0,None,88,Not Applicable,88,Not Applicable,2,Intersection,2,Four-Way Intersection,1,No,1,No,88,Not Applicable,88,Not Applicable,88,Not Applicable,88,Not Applicable,FALSE,1,Public Road,1,"Trafficway, On Road",CT0009300,New Haven PD,45630,46:51.0,C,Closed,01:32.0,,,,,,,
1146723,1,Complete,1146723,1146723,41.332449,-72.934901,3638921,New Haven,93,93,New Haven,3/28/2024,2024,3,March,28,5,Thursday,20:23:00,20,24013088,A,"Injury of any type (Serious, Minor, Possible)",C,Possible Injury (C),2,0,0,4,Local,0.22,42,BASSETT ST,BASSETT ST,,DIXWELL AVE,70,Feet,E,41.332449,-72.934901,14,Motor Vehicle in Operation,3,Angle,1,On Roadway,4,Rain,88,Not Applicable,4,Dark-Lighted,2,Wet,99,Unknown,88,Not Applicable,88,Not Applicable,99,Unknown,88,Not Applicable,88,Not Applicable,11,Through Roadway,1,Not at Intersection,1,No,1,No,88,Not Applicable,88,Not Applicable,88,Not Applicable,88,Not Applicable,FALSE,1,Public Road,1,"Trafficway, On Road",CT0009300,New Haven PD,36335,22:51.0,C,Closed,00:41.0,,,,,,,
1146727,1,Complete,1146727,1146727,41.341146,-72.9575886,3638925,New Haven,93,93,New Haven,4/4/2024,2024,4,April,4,5,Thursday,1:59:00,1,24013946,A,"Injury of any type (Serious, Minor, Possible)",C,Possible Injury (C),1,0,0,4,Local,0.14,667,WILMOT RD,WILMOT RD,,BROOKSIDE AVE,1,TenthsofMile,S,41.341146,-72.9575886,33,Utility Pole/Light Support,88,Not Applicable,2,Shoulder,4,Rain,88,Not Applicable,5,Dark-Not Lighted,2,Wet,4,Animal(s) in Roadway,88,Not Applicable,88,Not Applicable,0,None,88,Not Applicable,88,Not Applicable,1,Non-Junction,1,Not at Intersection,1,No,1,No,88,Not Applicable,88,Not Applicable,88,Not Applicable,88,Not Applicable,FALSE,1,Public Road,1,"Trafficway, On Road",CT0009300,New Haven PD,42053,59:04.0,C,Closed,00:35.0,,2,3761,7,LOCAL - NEW HPMS,2,Urban
1146728,1,Complete,1146728,1146728,41.324625,-72.916336,3638926,New Haven,93,93,New Haven,4/4/2024,2024,4,April,4,5,Thursday,8:40:00,8,24013959,A,"Injury of any type (Serious, Minor, Possible)",C,Possible Injury (C),2,0,0,4,Local,0.35,83,CANNER ST,CANNER ST,,WHITNEY AVE,50,Feet,W,41.324625,-72.916336,14,Motor Vehicle in Operation,1,Front to rear,1,On Roadway,4,Rain,88,Not Applicable,1,Daylight,2,Wet,1,Weather Conditions,88,Not Applicable,88,Not Applicable,0,None,88,Not Applicable,88,Not Applicable,3,Intersection-Related,2,Four-Way Intersection,1,No,1,No,88,Not Applicable,88,Not Applicable,88,Not Applicable,88,Not Applicable,FALSE,1,Public Road,1,"Trafficway, On Road",CT0009300,New Haven PD,45388,18:06.0,C,Closed,00:36.0,,,,,,,
1147145,1,Complete,1147145,1147145,41.314946,-72.873267,3639343,New Haven,93,93,New Haven,3/28/2024,2024,3,March,28,5,Thursday,20:00:00,20,24013102,A,"Injury of any type (Serious, Minor, Possible)",B,Suspected Minor Injury (B),1,1,1,4,Local,0.57,167,EASTERN ST,EASTERN ST,,HEMMINGWAY ST,100,Feet,N,41.314946,-72.873267,9,Pedestrian,88,Not Applicable,1,On Roadway,1,Clear,88,Not Applicable,4,Dark-Lighted,1,Dry,0,None,88,Not Applicable,88,Not Applicable,0,None,88,Not Applicable,88,Not Applicable,1,Non-Junction,1,Not at Intersection,1,No,1,No,88,Not Applicable,88,Not Applicable,88,Not Applicable,88,Not Applicable,FALSE,1,Public Road,1,"Trafficway, On Road",CT0009300,New Haven PD,42049,41:03.0,O,Open,01:32.0,,2,11800,5,MAJOR COLLECTOR - NEW HPMS,2,Urban
1147151,1,Complete,1147151,1147151,41.307452,-72.929016,3639349,New Haven,93,93,New Haven,4/2/2024,2024,4,April,2,3,Tuesday,14:09:00,14,24013740,A,"Injury of any type (Serious, Minor, Possible)",C,Possible Injury (C),2,0,1,4,Local,1.96,97,CHAPEL ST,CHAPEL ST,,COLLEGE ST,85,Feet,W,41.307452,-72.929016,14,Motor Vehicle in Operation,4,"Sideswipe, same direction",1,On Roadway,4,Rain,88,Not Applicable,1,Daylight,2,Wet,0,None,88,Not Applicable,88,Not Applicable,0,None,88,Not Applicable,88,Not Applicable,1,Non-Junction,1,Not at Intersection,1,No,1,No,88,Not Applicable,88,Not Applicable,88,Not Applicable,88,Not Applicable,TRUE,1,Public Road,1,"Trafficway, On Road",CT0009300,New Haven PD,469,22:29.0,C,Closed,01:25.0,,,,,,,
1147152,1,Complete,1147152,1147152,41.308941,-72.933572,3639350,New Haven,93,93,New Haven,4/3/2024,2024,4,April,3,4,Wednesday,10:21:00,10,24013851,A,"Injury of any type (Serious, Minor, Possible)",C,Possible Injury (C),1,1,0,4,Local,0.19,463,PARK ST,PARK ST,CHAPEL ST,,,,,41.308941,-72.933572,9,Pedestrian,88,Not Applicable,1,On Roadway,3,"Fog, Smog, Smoke",88,Not Applicable,1,Daylight,1,Dry,0,None,88,Not Applicable,88,Not Applicable,0,None,88,Not Applicable,88,Not Applicable,2,Intersection,2,Four-Way Intersection,1,No,1,No,88,Not Applicable,88,Not Applicable,88,Not Applicable,88,Not Applicable,TRUE,1,Public Road,1,"Trafficway, On Road",CT0009300,New Haven PD,39,36:03.0,C,Closed,01:32.0,24013851,2,7700,4,MINOR ARTERIAL - NEW HPMS,2,Urban
1147160,1,Complete,1147160,1147160,41.291225,-72.941753,3639358,New Haven,93,93,New Haven,4/5/2024,2024,4,April,5,6,Friday,8:25:00,8,24014148,A,"Injury of any type (Serious, Minor, Possible)",C,Possible Injury (C),3,0,0,3,State,0.91,10,10-N,10-N,,WASHINGTON AVE,100,Feet,N,41.291225,-72.941753,14,Motor Vehicle in Operation,4,"Sideswipe, same direction",1,On Roadway,1,Clear,88,Not Applicable,1,Daylight,1,Dry,0,None,88,Not Applicable,88,Not Applicable,0,None,88,Not Applicable,88,Not Applicable,1,Non-Junction,1,Not at Intersection,1,No,1,No,88,Not Applicable,88,Not Applicable,88,Not Applicable,88,Not Applicable,FALSE,1,Public Road,1,"Trafficway, On Road",CT0009300,New Haven PD,45395,19:13.0,C,Closed,01:29.0,,,,,,,
1147161,1,Complete,1147161,1147161,41.294019,-72.934932,3639359,New Haven,93,93,New Haven,4/5/2024,2024,4,April,5,6,Friday,9:20:00,9,24014155,A,"Injury of any type (Serious, Minor, Possible)",C,Possible Injury (C),2,0,1,4,Local,0.24,571,SPRING ST,SPRING ST,DEWITT ST,,,,,41.294019,-72.934932,14,Motor Vehicle in Operation,3,Angle,1,On Roadway,1,Clear,88,Not Applicable,1,Daylight,1,Dry,0,None,88,Not Applicable,88,Not Applicable,0,None,88,Not Applicable,88,Not Applicable,2,Intersection,2,Four-Way Intersection,1,No,1,No,88,Not Applicable,88,Not Applicable,88,Not Applicable,88,Not Applicable,FALSE,1,Public Road,1,"Trafficway, On Road",CT0009300,New Haven PD,40819,53:17.0,C,Closed,01:23.0,,,,,,,
1147166,1,Complete,1147166,1147166,41.311415,-72.944849,3639364,New Haven,93,93,New Haven,4/5/2024,2024,4,April,5,6,Friday,18:19:00,18,24014251,A,"Injury of any type (Serious, Minor, Possible)",C,Possible Injury (C),2,0,0,4,Local,2.84,97,CHAPEL ST,CHAPEL ST,,SHERMAN AVE,58,Feet,W,41.311415,-72.944849,14,Motor Vehicle in Operation,3,Angle,1,On Roadway,1,Clear,88,Not Applicable,1,Daylight,1,Dry,97,Other,88,Not Applicable,88,Not Applicable,97,Other,88,Not Applicable,88,Not Applicable,1,Non-Junction,1,Not at Intersection,1,No,1,No,88,Not Applicable,88,Not Applicable,88,Not Applicable,88,Not Applicable,FALSE,1,Public Road,1,"Trafficway, On Road",CT0009300,New Haven PD,45700,18:21.0,C,Closed,01:28.0,,,,,,,
1147167,1,Complete,1147167,1147167,41.32366166,-72.90774791,3639365,New Haven,93,93,New Haven,4/6/2024,2024,4,April,6,7,Saturday,10:55:00,10,24014314,A,"Injury of any type (Serious, Minor, Possible)",C,Possible Injury (C),2,0,0,4,Local,0.3,418,MITCHELL DR,MITCHELL DR,,FOSTER ST,60,Feet,W,41.32366166,-72.90774791,14,Motor Vehicle in Operation,1,Front to rear,1,On Roadway,2,Cloudy,88,Not Applicable,1,Daylight,1,Dry,0,None,88,Not Applicable,88,Not Applicable,0,None,88,Not Applicable,88,Not Applicable,9,Driveway Access-Related,1,Not at Intersection,1,No,1,No,88,Not Applicable,88,Not Applicable,88,Not Applicable,88,Not Applicable,FALSE,1,Public Road,1,"Trafficway, On Road",CT0009300,New Haven PD,87,09:13.0,C,Closed,01:30.0,,,,,,,
1147170,1,Complete,1147170,1147170,41.31356184,-72.90397776,3639368,New Haven,93,93,New Haven,4/5/2024,2024,4,April,5,6,Friday,13:35:00,13,24014324,A,"Injury of any type (Serious, Minor, Possible)",C,Possible Injury (C),2,0,0,4,Local,0.19,327,JAMES ST,JAMES ST,,LOMBARD ST,170,Feet,S,41.31356184,-72.90397776,14,Motor Vehicle in Operation,5,"Sideswipe, opposite direction",1,On Roadway,1,Clear,88,Not Applicable,1,Daylight,1,Dry,0,None,88,Not Applicable,88,Not Applicable,0,None,88,Not Applicable,88,Not Applicable,1,Non-Junction,1,Not at Intersection,1,No,1,No,88,Not Applicable,88,Not Applicable,88,Not Applicable,88,Not Applicable,FALSE,1,Public Road,1,"Trafficway, On Road",CT0009300,New Haven PD,180,27:47.0,C,Closed,01:40.0,24014324,,,,,,
1147175,1,Complete,1147175,1147175,41.31789128,-72.94574955,3639373,New Haven,93,93,New Haven,4/6/2024,2024,4,April,6,7,Saturday,22:17:00,22,24014379,A,"Injury of any type (Serious, Minor, Possible)",C,Possible Injury (C),4,0,0,4,Local,0.18,653,WHALLEY AV,WHALLEY AV,,NORTON ST,30,Feet,E,41.31789128,-72.94574955,14,Motor Vehicle in Operation,3,Angle,1,On Roadway,1,Clear,88,Not Applicable,4,Dark-Lighted,1,Dry,0,None,88,Not Applicable,88,Not Applicable,0,None,88,Not Applicable,88,Not Applicable,3,Intersection-Related,2,Four-Way Intersection,1,No,1,No,88,Not Applicable,88,Not Applicable,88,Not Applicable,88,Not Applicable,TRUE,1,Public Road,1,"Trafficway, On Road",CT0009300,New Haven PD,45403,58:19.0,O,Open,01:36.0,,,,,,,
1147177,1,Complete,1147177,1147177,41.32410034,-72.88201322,3639375,New Haven,93,93,New Haven,4/6/2024,2024,4,April,6,7,Saturday,23:45:00,23,24014382,A,"Injury of any type (Serious, Minor, Possible)",B,Suspected Minor Injury (B),2,0,0,3,State,0.19,17,17-S,17-S,,91-N-16 (Exit 8),50,Feet,W,41.32410034,-72.88201322,14,Motor Vehicle in Operation,1,Front to rear,1,On Roadway,1,Clear,88,Not Applicable,4,Dark-Lighted,1,Dry,0,None,88,Not Applicable,88,Not Applicable,0,None,88,Not Applicable,88,Not Applicable,3,Intersection-Related,2,Four-Way Intersection,1,No,1,No,88,Not Applicable,88,Not Applicable,88,Not Applicable,88,Not Applicable,FALSE,1,Public Road,1,"Trafficway, On Road",CT0009300,New Haven PD,44063,31:06.0,C,Closed,01:35.0,,,,,,,
1147597,1,Complete,1147597,1147597,41.29473,-72.893214,3639795,New Haven,93,93,New Haven,4/4/2024,2024,4,April,4,5,Thursday,18:21:00,18,24014104,A,"Injury of any type (Serious, Minor, Possible)",C,Possible Injury (C),2,0,0,4,Local,0.02,210,FARREN AV,FARREN AV,,FAIRMONT AVE,75,Feet,N,41.29473,-72.893214,14,Motor Vehicle in Operation,2,Front to front,1,On Roadway,1,Clear,88,Not Applicable,1,Daylight,1,Dry,0,None,88,Not Applicable,88,Not Applicable,0,None,88,Not Applicable,88,Not Applicable,3,Intersection-Related,4,Y-Intersection,1,No,1,No,88,Not Applicable,88,Not Applicable,88,Not Applicable,88,Not Applicable,TRUE,1,Public Road,1,"Trafficway, On Road",CT0009300,New Haven PD,980,21:46.0,C,Closed,00:29.0,,,,,,,
1147605,1,Complete,1147605,1147605,41.308471,-72.903149,3639803,New Haven,93,93,New Haven,4/7/2024,2024,4,April,7,1,Sunday,14:25:00,14,24014433,A,"Injury of any type (Serious, Minor, Possible)",C,Possible Injury (C),2,0,0,4,Local,0.92,264,GRAND AV,GRAND AV,JAMES ST,,,,,41.308471,-72.903149,14,Motor Vehicle in Operation,3,Angle,1,On Roadway,1,Clear,88,Not Applicable,1,Daylight,1,Dry,0,None,88,Not Applicable,88,Not Applicable,0,None,88,Not Applicable,88,Not Applicable,2,Intersection,2,Four-Way Intersection,1,No,1,No,88,Not Applicable,88,Not Applicable,88,Not Applicable,88,Not Applicable,FALSE,1,Public Road,1,"Trafficway, On Road",CT0009300,New Haven PD,45401,19:40.0,C,Closed,00:34.0,,,,,,,
1147607,1,Complete,1147607,1147607,41.31964,-72.919215,3639805,New Haven,93,93,New Haven,4/8/2024,2024,4,April,8,2,Monday,8:00:00,8,24014500,A,"Injury of any type (Serious, Minor, Possible)",C,Possible Injury (C),2,0,0,4,Local,0.22,184,EDWARDS ST,EDWARDS ST,,WHITNEY AVE,60,Feet,W,41.31964,-72.919215,14,Motor Vehicle in Operation,1,Front to rear,1,On Roadway,1,Clear,88,Not Applicable,1,Daylight,1,Dry,0,None,88,Not Applicable,88,Not Applicable,0,None,88,Not Applicable,88,Not Applicable,3,Intersection-Related,2,Four-Way Intersection,2,"Yes, School Bus Directly Involved",1,No,88,Not Applicable,88,Not Applicable,88,Not Applicable,88,Not Applicable,FALSE,1,Public Road,1,"Trafficway, On Road",CT0009300,New Haven PD,42054,21:48.0,C,Closed,00:24.0,,,,,,,
1147612,1,Complete,1147612,1147612,41.313322,-72.932418,3639810,New Haven,93,93,New Haven,4/8/2024,2024,4,April,8,2,Monday,14:45:00,14,24014575,A,"Injury of any type (Serious, Minor, Possible)",C,Possible Injury (C),2,0,0,4,Local,0.02,152,DIXWELL AV,DIXWELL AV,,GOFFE ST,50,Feet,N,41.313322,-72.932418,14,Motor Vehicle in Operation,1,Front to rear,1,On Roadway,1,Clear,88,Not Applicable,1,Daylight,1,Dry,0,None,88,Not Applicable,88,Not Applicable,0,None,88,Not Applicable,88,Not Applicable,3,Intersection-Related,2,Four-Way Intersection,1,No,1,No,88,Not Applicable,88,Not Applicable,88,Not Applicable,88,Not Applicable,TRUE,1,Public Road,1,"Trafficway, On Road",CT0009300,New Haven PD,42054,20:05.0,C,Closed,00:26.0,,,,,,,
1147867,1,Complete,1147867,1147867,41.28716,-72.925842,3640065,New Haven,93,93,New Haven,4/6/2024,2024,4,April,6,7,Saturday,20:06:00,20,24014362,A,"Injury of any type (Serious, Minor, Possible)",C,Possible Injury (C),3,0,0,4,Local,0.23,359,SARGENT DR,SARGENT DR,LONG WHARF DR,,,,,41.28716,-72.925842,14,Motor Vehicle in Operation,1,Front to rear,1,On Roadway,1,Clear,88,Not Applicable,4,Dark-Lighted,1,Dry,99,Unknown,88,Not Applicable,88,Not Applicable,99,Unknown,88,Not Applicable,88,Not Applicable,2,Intersection,2,Four-Way Intersection,1,No,1,No,88,Not Applicable,88,Not Applicable,88,Not Applicable,88,Not Applicable,FALSE,1,Public Road,1,"Trafficway, On Road",CT0009300,New Haven PD,45698,48:12.0,C,Closed,00:41.0,,,,,,,
1147871,1,Complete,1147871,1147871,41.310049,-72.945106,3640069,New Haven,93,93,New Haven,4/9/2024,2024,4,April,9,3,Tuesday,6:35:00,6,24014648,A,"Injury of any type (Serious, Minor, Possible)",A,Suspected Serious Injury (A),2,0,1,4,Local,0.3,556,SHERMAN AV,SHERMAN AV,,GEORGE ST,100,Feet,N,41.310049,-72.945106,14,Motor Vehicle in Operation,3,Angle,1,On Roadway,1,Clear,88,Not Applicable,1,Daylight,1,Dry,0,None,88,Not Applicable,88,Not Applicable,0,None,88,Not Applicable,88,Not Applicable,1,Non-Junction,1,Not at Intersection,1,No,1,No,88,Not Applicable,88,Not Applicable,88,Not Applicable,88,Not Applicable,FALSE,1,Public Road,1,"Trafficway, On Road",CT0009300,New Haven PD,45132,35:43.0,C,Closed,00:36.0,,,,,,,
1147873,1,Complete,1147873,1147873,41.3266906,-72.87969927,3640071,New Haven,93,93,New Haven,4/9/2024,2024,4,April,9,3,Tuesday,9:11:00,9,24014668,A,"Injury of any type (Serious, Minor, Possible)",C,Possible Injury (C),2,0,0,3,State,0.44,17,17-N,17-N,,BARNES AVE,60,Feet,W,41.3266906,-72.87969927,14,Motor Vehicle in Operation,3,Angle,1,On Roadway,1,Clear,88,Not Applicable,1,Daylight,1,Dry,0,None,88,Not Applicable,88,Not Applicable,97,Other,88,Not Applicable,88,Not Applicable,3,Intersection-Related,3,T-Intersection,1,No,1,No,88,Not Applicable,88,Not Applicable,88,Not Applicable,88,Not Applicable,FALSE,1,Public Road,1,"Trafficway, On Road",CT0009300,New Haven PD,45700,11:08.0,C,Closed,00:37.0,,,,,,,
1147876,1,Complete,1147876,1147876,41.31363556,-72.94010498,3640074,New Haven,93,93,New Haven,4/9/2024,2024,4,April,9,3,Tuesday,14:45:00,14,24014730,A,"Injury of any type (Serious, Minor, Possible)",B,Suspected Minor Injury (B),1,1,0,4,Local,0.87,453,ORCHARD ST,ORCHARD ST,,ELM ST,150,Feet,S,41.31363556,-72.94010498,10,Pedalcycle/Pedalcyclist,3,Angle,1,On Roadway,1,Clear,88,Not Applicable,1,Daylight,1,Dry,0,None,88,Not Applicable,88,Not Applicable,0,None,88,Not Applicable,88,Not Applicable,9,Driveway Access-Related,1,Not at Intersection,1,No,1,No,88,Not Applicable,88,Not Applicable,88,Not Applicable,88,Not Applicable,FALSE,1,Public Road,1,"Trafficway, On Road",CT0009300,New Haven PD,42046,35:50.0,C,Closed,00:42.0,,,,,,,
1147878,1,Complete,1147878,1147878,41.322681,-72.878935,3640076,New Haven,93,93,New Haven,4/9/2024,2024,4,April,9,3,Tuesday,16:54:00,16,24014774,A,"Injury of any type (Serious, Minor, Possible)",C,Possible Injury (C),2,0,0,3,State,0.15,80,80-E,80-E,80-W,,,,,41.322681,-72.878935,14,Motor Vehicle in Operation,3,Angle,1,On Roadway,1,Clear,88,Not Applicable,1,Daylight,1,Dry,0,None,88,Not Applicable,88,Not Applicable,0,None,88,Not Applicable,88,Not Applicable,2,Intersection,2,Four-Way Intersection,1,No,1,No,88,Not Applicable,88,Not Applicable,88,Not Applicable,88,Not Applicable,TRUE,1,Public Road,1,"Trafficway, On Road",CT0009300,New Haven PD,416,43:56.0,C,Closed,00:40.0,,,,,,,
1148119,1,Complete,1148119,1148119,41.32850938,-72.95727011,3640317,New Haven,93,93,New Haven,4/10/2024,2024,4,April,10,4,Wednesday,15:10:00,15,24014909,A,"Injury of any type (Serious, Minor, Possible)",C,Possible Injury (C),1,1,0,4,Local,0.81,56,BLAKE ST,BLAKE ST,STONE ST,,,,,41.32850938,-72.95727011,11,Other Non-motorist,88,Not Applicable,8,"Off Roadway,  Location Unknown",1,Clear,88,Not Applicable,1,Daylight,1,Dry,0,None,88,Not Applicable,88,Not Applicable,0,None,88,Not Applicable,88,Not Applicable,8,Driveway Access,1,Not at Intersection,1,No,1,No,88,Not Applicable,88,Not Applicable,88,Not Applicable,88,Not Applicable,TRUE,1,Public Road,4,Parking Lot,CT0009300,New Haven PD,42045,43:57.0,C,Closed,01:35.0,,,,,,,