CrashId,Fatal Case Status,Fatal Case Status Text Format,CrashId,CrashId,Latitude,Longitude,DOT Case Number,Town Name,Town Number,Town Number,Town Number Text Format,Date Of Crash,Year,Month,Month Text Format,Day,Day of the Week,Day of the Week Text Format,Time of Crash,Hour of the Day,Case Identifier,Crash Severity,Crash Severity Text Format,Most Severe Injury,Most Severe Injury Text Format,Number Of Motor Vehicles,Number Of Non-Motorist,Number Of Witnesses,Route Class,Route Class Text Format,Milemarker,Road Number,Road Description,Roadway Name,Intersecting Roadway Name,Landmark Description,Distance From Nearest Landmark,Unit Of Measure From Nearest Landmark,Direction From Nearest Landmark,Latitude,Longitude,First Harmful Event,First Harmful Event Text Format,Manner of Crash / Collision Impact,Manner of Crash / Collision Impact Text Format,Location of First Harmful Event,Location of First Harmful Event Text Format,Weather Condition,Weather Condition Text Format,Weather 2,Weather 2 Text Format,Light Condition,Light Condition Text Format,Road Surface Condition,Road Surface Condition Text Format,"Contributing Circumstances, Environment","Contributing Circumstances, Environment Text Format",Environment 2,Environment 2 Text Format,Environment 3,Environment 3 Text Format,"Contributing Circumstances, Road","Contributing Circumstances, Road Text Format",Road 2,Road 2 Text Format,Road 3,Road 3 Text Format,Crash Specific Location,Crash Specific Location Text Format,Type of Intersection,Type of Intersection Text Format,School Bus Related,School Bus Related Text Format,Work Zone Related,Work Zone Related Text Format,Location Of Crash Relative To Work Zone,Location Of Crash Relative To Work Zone Text Format,Type of Work Zone,Type of Work Zone Text Format,Worker Presence,Worker Presence Text Format,Law Enforcement Presence,Law Enforcement Presence Text Format,Were Vehicles Moved Prior To Police Arrival,Trafficway Ownership,Trafficway Ownership Text Format,Trafficway Class,Trafficway Class Text Format,Police Agency,Police Agency Text Format,Badge Number,Approval Date,Police Case Status,Police Case Status Text Format,Crash Report Submission Date,Related Case Identifiers,No. of Through Lanes (Log Dir.),Average Daily Traffic,Functional Classification,Functional Classification Text Format,Rural or Urban,Rural or Urban Text Format
1152901,1,Complete,1152901,1152901,41.309076,-72.933438,3645099,New Haven,93,93,New Haven,4/25/2024,2024,4,April,25,5,Thursday,17:33:00,17,24016988,A,"Injury of any type (Serious, Minor, Possible)",C,Possible Injury (C),1,1,0,4,Local,0.18,463,PARK ST,PARK ST,,CHAPEL ST,50,Feet,N,41.309076,-72.933438,9,Pedestrian,88,Not Applicable,1,On Roadway,1,Clear,88,Not Applicable,1,Daylight,1,Dry,0,None,88,Not Applicable,88,Not Applicable,0,None,88,Not Applicable,88,Not Applicable,1,Non-Junction,1,Not at Intersection,1,No,1,No,88,Not Applicable,88,Not Applicable,88,Not Applicable,88,Not Applicable,FALSE,1,Public Road,1,"Trafficway, On Road",CT0009300,New Haven PD,42046,48:21.0,C,Closed,01:34.0,,2,4900,4,MINOR ARTERIAL - NEW HPMS,2,Urban
1153889,1,Complete,1153889,1153889,41.303905,-72.900317,3646087,New Haven,93,93,New Haven,4/27/2024,2024,4,April,27,7,Saturday,22:20:00,22,24017262,A,"Injury of any type (Serious, Minor, Possible)",C,Possible Injury (C),2,0,0,4,Local,0.4,97,CHAPEL ST,CHAPEL ST,LLOYD ST,,,,,41.303905,-72.900317,14,Motor Vehicle in Operation,3,Angle,1,On Roadway,4,Rain,88,Not Applicable,4,Dark-Lighted,2,Wet,0,None,88,Not Applicable,88,Not Applicable,0,None,88,Not Applicable,88,Not Applicable,2,Intersection,2,Four-Way Intersection,1,No,1,No,88,Not Applicable,88,Not Applicable,88,Not Applicable,88,Not Applicable,TRUE,1,Public Road,1,"Trafficway, On Road",CT0009300,New Haven PD,42055,49:29.0,C,Closed,00:08.0,,,,,,,
1153891,1,Complete,1153891,1153891,41.328026,-72.908451,3646089,New Haven,93,93,New Haven,4/28/2024,2024,4,April,28,1,Sunday,15:50:00,15,24017335,A,"Injury of any type (Serious, Minor, Possible)",A,Suspected Serious Injury (A),2,0,0,4,Local,0.07,209,FARNUM DR,FARNUM DR,,ORANGE ST,100,Feet,N,41.328026,-72.908451,14,Motor Vehicle in Operation,2,Front to front,1,On Roadway,1,Clear,88,Not Applicable,1,Daylight,1,Dry,0,None,88,Not Applicable,88,Not Applicable,0,None,88,Not Applicable,88,Not Applicable,1,Non-Junction,1,Not at Intersection,1,No,1,No,88,Not Applicable,88,Not Applicable,88,Not Applicable,88,Not Applicable,FALSE,1,Public Road,1,"Trafficway, On Road",CT0009300,New Haven PD,772,05:02.0,O,Open,00:11.0,,,,,,,
1153892,1,Complete,1153892,1153892,41.3055965,-72.9285976,3646090,New Haven,93,93,New Haven,4/28/2024,2024,4,April,28,1,Sunday,22:18:00,22,24017369,A,"Injury of any type (Serious, Minor, Possible)",B,Suspected Minor Injury (B),1,1,0,4,Local,0.33,136,CROWN ST,CROWN ST,,COLLEGE ST,300,Feet,W,41.3055965,-72.9285976,10,Pedalcycle/Pedalcyclist,3,Angle,1,On Roadway,2,Cloudy,88,Not Applicable,4,Dark-Lighted,2,Wet,0,None,88,Not Applicable,88,Not Applicable,0,None,88,Not Applicable,88,Not Applicable,1,Non-Junction,1,Not at Intersection,1,No,1,No,88,Not Applicable,88,Not Applicable,88,Not Applicable,88,Not Applicable,TRUE,1,Public Road,1,"Trafficway, On Road",CT0009300,New Haven PD,45630,50:59.0,C,Closed,00:02.0,,,,,,,
1153897,1,Complete,1153897,1153897,41.28374941,-72.93450385,3646095,New Haven,93,93,New Haven,4/29/2024,2024,4,April,29,2,Monday,17:20:00,17,24017477,A,"Injury of any type (Serious, Minor, Possible)",C,Possible Injury (C),2,0,0,3,State,0.25,10,10-N,10-N,95-N-367 (ent 44 ramp),,,,,41.28374941,-72.93450385,14,Motor Vehicle in Operation,1,Front to rear,1,On Roadway,1,Clear,88,Not Applicable,1,Daylight,1,Dry,0,None,88,Not Applicable,88,Not Applicable,0,None,88,Not Applicable,88,Not Applicable,2,Intersection,2,Four-Way Intersection,1,No,1,No,88,Not Applicable,88,Not Applicable,88,Not Applicable,88,Not Applicable,FALSE,1,Public Road,1,"Trafficway, On Road",CT0009300,New Haven PD,45389,22:19.0,C,Closed,00:14.0,,,,,,,
1154445,1,Complete,1154445,1154445,41.31977485,-72.95018225,924091,New Haven,93,93,New Haven,4/28/2024,2024,4,April,28,1,Sunday,21:26:00,21,24017363,K,Fatal (Kill),K,Fatal Injury (K),1,1,0,3,State,2.93,10,10-N,10-N,BROWNELL ST,,,,,41.31977485,-72.95018225,9,Pedestrian,88,Not Applicable,1,On Roadway,1,Clear,88,Not Applicable,4,Dark-Lighted,1,Dry,0,None,88,Not Applicable,88,Not Applicable,99,Unknown,88,Not Applicable,88,Not Applicable,2,Intersection,2,Four-Way Intersection,1,No,1,No,88,Not Applicable,88,Not Applicable,88,Not Applicable,88,Not Applicable,FALSE,1,Public Road,1,"Trafficway, On Road",CT0009300,New Haven PD,45398,58:51.0,O,Open,00:34.0,,2,13100,4,MINOR ARTERIAL - NEW HPMS,2,Urban
1154448,1,Complete,1154448,1154448,41.29484664,-72.93825071,3646645,New Haven,93,93,New Haven,4/30/2024,2024,4,April,30,3,Tuesday,14:10:00,14,24017599,A,"Injury of any type (Serious, Minor, Possible)",C,Possible Injury (C),2,0,0,4,Local,0.45,626,WASHINGTON AV NO 1,WASHINGTON AV NO 1,Putnam St,,,,,41.29484664,-72.93825071,14,Motor Vehicle in Operation,3,Angle,1,On Roadway,1,Clear,88,Not Applicable,1,Daylight,1,Dry,0,None,88,Not Applicable,88,Not Applicable,0,None,88,Not Applicable,88,Not Applicable,2,Intersection,2,Four-Way Intersection,1,No,1,No,88,Not Applicable,88,Not Applicable,88,Not Applicable,88,Not Applicable,FALSE,1,Public Road,1,"Trafficway, On Road",CT0009300,New Haven PD,45394,42:59.0,C,Closed,00:41.0,,,,,,,
1154450,1,Complete,1154450,1154450,41.2975334,-72.94596,3646647,New Haven,93,93,New Haven,5/1/2024,2024,5,May,1,4,Wednesday,5:30:00,5,24017681,A,"Injury of any type (Serious, Minor, Possible)",C,Possible Injury (C),2,0,0,2,USRoute,46.79,1,1-N,1-N,,ELLA T GRASSO BLVD,769,Feet,E,41.2975334,-72.94596,14,Motor Vehicle in Operation,1,Front to rear,1,On Roadway,1,Clear,88,Not Applicable,1,Daylight,2,Wet,99,Unknown,88,Not Applicable,88,Not Applicable,0,None,88,Not Applicable,88,Not Applicable,1,Non-Junction,1,Not at Intersection,1,No,1,No,88,Not Applicable,88,Not Applicable,88,Not Applicable,88,Not Applicable,FALSE,1,Public Road,1,"Trafficway, On Road",CT0009300,New Haven PD,43690,09:34.0,C,Closed,00:36.0,,,,,,,
1154458,1,Complete,1154458,1154458,41.33194961,-72.9795765,3646655,New Haven,93,93,New Haven,5/1/2024,2024,5,May,1,4,Wednesday,20:49:00,20,24017792,A,"Injury of any type (Serious, Minor, Possible)",C,Possible Injury (C),1,0,0,4,Local,0.11,206,FAIRFIELD ST NO 1,FAIRFIELD ST NO 1,,GLEN VIEW TER,15,Feet,S,41.33194961,-72.9795765,34,Traffic Sign Support,88,Not Applicable,1,On Roadway,1,Clear,88,Not Applicable,5,Dark-Not Lighted,1,Dry,0,None,88,Not Applicable,88,Not Applicable,0,None,88,Not Applicable,88,Not Applicable,2,Intersection,2,Four-Way Intersection,1,No,1,No,88,Not Applicable,88,Not Applicable,88,Not Applicable,88,Not Applicable,FALSE,1,Public Road,1,"Trafficway, On Road",CT0009300,New Haven PD,45397,34:29.0,C,Closed,00:40.0,,2,2449,7,LOCAL - NEW HPMS,2,Urban
1154706,1,Complete,1154706,1154706,41.31276637,-72.95212318,3646903,New Haven,93,93,New Haven,4/9/2024,2024,4,April,9,3,Tuesday,17:07:00,17,24014786,A,"Injury of any type (Serious, Minor, Possible)",C,Possible Injury (C),2,0,0,3,State,2.57,10,10-N,10-N,,Chapel St,74,Feet,S,41.31276637,-72.95212318,14,Motor Vehicle in Operation,1,Front to rear,1,On Roadway,1,Clear,88,Not Applicable,1,Daylight,1,Dry,0,None,88,Not Applicable,88,Not Applicable,0,None,88,Not Applicable,88,Not Applicable,3,Intersection-Related,2,Four-Way Intersection,1,No,1,No,88,Not Applicable,88,Not Applicable,88,Not Applicable,88,Not Applicable,FALSE,1,Public Road,1,"Trafficway, On Road",CT0009300,New Haven PD,91,59:26.0,C,Closed,01:36.0,,,,,,,
1154708,1,Complete,1154708,1154708,41.28694,-72.936915,3646905,New Haven,93,93,New Haven,4/26/2024,2024,4,April,26,6,Friday,12:29:00,12,24017120,A,"Injury of any type (Serious, Minor, Possible)",C,Possible Injury (C),2,0,0,3,State,0.52,10,10-N,10-N,,PLYMOUTH ST,72,Feet,S,41.28694,-72.936915,14,Motor Vehicle in Operation,4,"Sideswipe, same direction",1,On Roadway,1,Clear,88,Not Applicable,1,Daylight,1,Dry,0,None,88,Not Applicable,88,Not Applicable,0,None,88,Not Applicable,88,Not Applicable,1,Non-Junction,1,Not at Intersection,1,No,1,No,88,Not Applicable,88,Not Applicable,88,Not Applicable,88,Not Applicable,FALSE,1,Public Road,1,"Trafficway, On Road",CT0009300,New Haven PD,45392,49:26.0,C,Closed,01:39.0,NONE,,,,,,
1154709,1,Complete,1154709,1154709,41.2958874,-72.94720503,3646906,New Haven,93,93,New Haven,4/27/2024,2024,4,April,27,7,Saturday,1:17:00,1,24017198,A,"Injury of any type (Serious, Minor, Possible)",C,Possible Injury (C),2,0,0,3,State,1.34,10,10-N,10-N,,LONGHINI LN,100,Feet,S,41.2958874,-72.94720503,14,Motor Vehicle in Operation,3,Angle,1,On Roadway,1,Clear,88,Not Applicable,4,Dark-Lighted,1,Dry,0,None,88,Not Applicable,88,Not Applicable,10,Obstruction in Roadway,88,Not Applicable,88,Not Applicable,1,Non-Junction,1,Not at Intersection,1,No,1,No,88,Not Applicable,88,Not Applicable,88,Not Applicable,88,Not Applicable,FALSE,1,Public Road,1,"Trafficway, On Road",CT0009300,New Haven PD,45132,40:27.0,O,Open,01:44.0,,,,,,,
1154719,1,Complete,1154719,1154719,41.286466,-72.936397,3646916,New Haven,93,93,New Haven,5/2/2024,2024,5,May,2,5,Thursday,17:47:00,17,24017932,A,"Injury of any type (Serious, Minor, Possible)",C,Possible Injury (C),2,0,0,3,State,0.48,10,10-N,10-N,,KIMBERLY AVE,60,Feet,W,41.286466,-72.936397,14,Motor Vehicle in Operation,1,Front to rear,1,On Roadway,1,Clear,88,Not Applicable,1,Daylight,1,Dry,0,None,88,Not Applicable,88,Not Applicable,0,None,88,Not Applicable,88,Not Applicable,3,Intersection-Related,2,Four-Way Intersection,1,No,1,No,88,Not Applicable,88,Not Applicable,88,Not Applicable,88,Not Applicable,TRUE,1,Public Road,1,"Trafficway, On Road",CT0009300,New Haven PD,42366,29:36.0,C,Closed,01:42.0,,,,,,,
1154720,1,Complete,1154720,1154720,41.310063,-72.953799,3646917,New Haven,93,93,New Haven,5/2/2024,2024,5,May,2,5,Thursday,17:45:00,17,24017933,A,"Injury of any type (Serious, Minor, Possible)",C,Possible Injury (C),3,0,0,3,State,21.86,34,34-E,34-E,,ELLA T GRASSO BLVD,70,Feet,W,41.310063,-72.953799,14,Motor Vehicle in Operation,1,Front to rear,1,On Roadway,1,Clear,88,Not Applicable,1,Daylight,1,Dry,0,None,88,Not Applicable,88,Not Applicable,0,None,88,Not Applicable,88,Not Applicable,3,Intersection-Related,2,Four-Way Intersection,1,No,1,No,88,Not Applicable,88,Not Applicable,88,Not Applicable,88,Not Applicable,FALSE,1,Public Road,1,"Trafficway, On Road",CT0009300,New Haven PD,44045,11:33.0,O,Open,01:45.0,,,,,,,
1154722,1,Complete,1154722,1154722,41.309002,-72.895158,3646919,New Haven,93,93,New Haven,5/2/2024,2024,5,May,2,5,Thursday,20:53:00,20,24017955,A,"Injury of any type (Serious, Minor, Possible)",C,Possible Injury (C),2,0,0,4,Local,0.49,264,GRAND AV,GRAND AV,,Ferry St,60,Feet,E,41.309002,-72.895158,14,Motor Vehicle in Operation,1,Front to rear,1,On Roadway,1,Clear,88,Not Applicable,3,Dusk,1,Dry,0,None,88,Not Applicable,88,Not Applicable,0,None,88,Not Applicable,88,Not Applicable,1,Non-Junction,1,Not at Intersection,1,No,1,No,88,Not Applicable,88,Not Applicable,88,Not Applicable,88,Not Applicable,TRUE,1,Public Road,1,"Trafficway, On Road",CT0009300,New Haven PD,39,49:58.0,C,Closed,01:43.0,,,,,,,
1155140,1,Complete,1155140,1155140,41.323895,-72.88158,3647337,New Haven,93,93,New Haven,4/19/2024,2024,4,April,19,6,Friday,20:36:00,20,24016139,A,"Injury of any type (Serious, Minor, Possible)",B,Suspected Minor Injury (B),2,0,1,1,Interstate,0.15,91,91-N-16,91-N-16,17-N,,,,,41.323895,-72.88158,14,Motor Vehicle in Operation,3,Angle,1,On Roadway,1,Clear,88,Not Applicable,5,Dark-Not Lighted,1,Dry,0,None,88,Not Applicable,88,Not Applicable,0,None,88,Not Applicable,88,Not Applicable,2,Intersection,2,Four-Way Intersection,1,No,1,No,88,Not Applicable,88,Not Applicable,88,Not Applicable,88,Not Applicable,FALSE,1,Public Road,1,"Trafficway, On Road",CT0009300,New Haven PD,44056,29:05.0,O,Open,00:27.0,,,,,,,
1155141,1,Complete,1155141,1155141,41.30617549,-72.92955532,3647338,New Haven,93,93,New Haven,4/25/2024,2024,4,April,25,5,Thursday,13:18:00,13,24016919,A,"Injury of any type (Serious, Minor, Possible)",C,Possible Injury (C),2,0,0,4,Local,0.43,117,COLLEGE ST,COLLEGE ST,,CROWN ST,40,Feet,N,41.30617549,-72.92955532,14,Motor Vehicle in Operation,1,Front to rear,1,On Roadway,1,Clear,88,Not Applicable,1,Daylight,1,Dry,0,None,88,Not Applicable,88,Not Applicable,0,None,88,Not Applicable,88,Not Applicable,3,Intersection-Related,2,Four-Way Intersection,1,No,1,No,88,Not Applicable,88,Not Applicable,88,Not Applicable,88,Not Applicable,FALSE,1,Public Road,1,"Trafficway, On Road",CT0009300,New Haven PD,991,06:30.0,C,Closed,00:16.0,,,,,,,
1155146,1,Complete,1155146,1155146,41.322783,-72.954435,3647343,New Haven,93,93,New Haven,4/29/2024,2024,4,April,29,2,Monday,18:55:00,18,24017491,A,"Injury of any type (Serious, Minor, Possible)",B,Suspected Minor Injury (B),2,0,0,3,State,3.24,10,10-N,10-N,WEST PARK AV,,,,,41.322783,-72.954435,14,Motor Vehicle in Operation,3,Angle,1,On Roadway,1,Clear,88,Not Applicable,1,Daylight,1,Dry,0,None,88,Not Applicable,88,Not Applicable,0,None,88,Not Applicable,88,Not Applicable,1,Non-Junction,1,Not at Intersection,1,No,1,No,88,Not Applicable,88,Not Applicable,88,Not Applicable,88,Not Applicable,FALSE,1,Public Road,1,"Trafficway, On Road",CT0009300,New Haven PD,45701,00:25.0,C,Closed,00:37.0,,,,,,,
1155151,1,Complete,1155151,1155151,41.317884,-72.945784,3647348,New Haven,93,93,New Haven,5/1/2024,2024,5,May,1,4,Wednesday,1:00:00,1,24017672,A,"Injury of any type (Serious, Minor, Possible)",C,Possible Injury (C),2,0,0,4,Local,0.18,653,WHALLEY AV,WHALLEY AV,,Norton St,30,Feet,E,41.317884,-72.945784,14,Motor Vehicle in Operation,1,Front to rear,1,On Roadway,1,Clear,88,Not Applicable,5,Dark-Not Lighted,2,Wet,0,None,88,Not Applicable,88,Not Applicable,0,None,88,Not Applicable,88,Not Applicable,3,Intersection-Related,2,Four-Way Intersection,1,No,1,No,88,Not Applicable,88,Not Applicable,88,Not Applicable,88,Not Applicable,FALSE,1,Public Road,1,"Trafficway, On Road",CT0009300,New Haven PD,44947,53:05.0,C,Closed,00:39.0,,,,,,,
1155153,1,Complete,1155153,1155153,41.31531,-72.89538,3647350,New Haven,93,93,New Haven,5/1/2024,2024,5,May,1,4,Wednesday,16:07:00,16,24017744,A,"Injury of any type (Serious, Minor, Possible)",A,Suspected Serious Injury (A),1,1,1,4,Local,0.21,531,ROWE ST,ROWE ST,LOMBARD ST,,,,,41.31531,-72.89538,9,Pedestrian,88,Not Applicable,1,On Roadway,1,Clear,88,Not Applicable,1,Daylight,1,Dry,0,None,88,Not Applicable,88,Not Applicable,0,None,88,Not Applicable,88,Not Applicable,2,Intersection,2,Four-Way Intersection,1,No,1,No,88,Not Applicable,88,Not Applicable,88,Not Applicable,88,Not Applicable,FALSE,1,Public Road,1,"Trafficway, On Road",CT0009300,New Haven PD,45701,14:01.0,C,Closed,00:36.0,,2,7500,7,LOCAL - NEW HPMS,2,Urban
1155165,1,Complete,1155165,1155165,41.300087,-72.907778,3647362,New Haven,93,93,New Haven,5/4/2024,2024,5,May,4,7,Saturday,1:31:00,1,24018109,A,"Injury of any type (Serious, Minor, Possible)",C,Possible Injury (C),2,0,0,2,USRoute,49.14,1,1-N,1-N,,East Ave,880,Feet,E,41.300087,-72.907778,14,Motor Vehicle in Operation,3,Angle,1,On Roadway,1,Clear,88,Not Applicable,4,Dark-Lighted,1,Dry,0,None,88,Not Applicable,88,Not Applicable,0,None,88,Not Applicable,88,Not Applicable,1,Non-Junction,1,Not at Intersection,1,No,1,No,88,Not Applicable,88,Not Applicable,88,Not Applicable,88,Not Applicable,TRUE,1,Public Road,1,"Trafficway, On Road",CT0009300,New Haven PD,746,08:46.0,C,Closed,00:22.0,,,,,,,
1155169,1,Complete,1155169,1155169,41.33254,-72.93687,3647366,New Haven,93,93,New Haven,5/4/2024,2024,5,May,4,7,Saturday,14:18:00,14,24018146,A,"Injury of any type (Serious, Minor, Possible)",C,Possible Injury (C),2,0,1,4,Local,0.12,42,BASSETT ST,BASSETT ST,,SHERMAN PKWY,245,Feet,E,41.33254,-72.93687,15,Parked Motor Vehicle,3,Angle,1,On Roadway,1,Clear,88,Not Applicable,1,Daylight,1,Dry,0,None,88,Not Applicable,88,Not Applicable,0,None,88,Not Applicable,88,Not Applicable,1,Non-Junction,1,Not at Intersection,1,No,1,No,88,Not Applicable,88,Not Applicable,88,Not Applicable,88,Not Applicable,FALSE,1,Public Road,1,"Trafficway, On Road",CT0009300,New Haven PD,45132,31:52.0,C,Closed,00:27.0,,,,,,,
1155172,1,Complete,1155172,1155172,41.321708,-72.876011,3647369,New Haven,93,93,New Haven,5/4/2024,2024,5,May,4,7,Saturday,17:59:00,17,24018173,A,"Injury of any type (Serious, Minor, Possible)",B,Suspected Minor Injury (B),1,1,0,3,State,0.32,80,80-E,80-E,,QUINNIPIAC AVE,600,Feet,W,41.321708,-72.876011,10,Pedalcycle/Pedalcyclist,3,Angle,1,On Roadway,1,Clear,88,Not Applicable,1,Daylight,1,Dry,0,None,88,Not Applicable,88,Not Applicable,0,None,88,Not Applicable,88,Not Applicable,1,Non-Junction,1,Not at Intersection,1,No,1,No,88,Not Applicable,88,Not Applicable,88,Not Applicable,88,Not Applicable,FALSE,1,Public Road,1,"Trafficway, On Road",CT0009300,New Haven PD,45626,59:10.0,C,Closed,00:28.0,,,,,,,
1155173,1,Complete,1155173,1155173,41.313252,-72.94379,3647370,New Haven,93,93,New Haven,5/4/2024,2024,5,May,4,7,Saturday,18:13:00,18,24018179,A,"Injury of any type (Serious, Minor, Possible)",C,Possible Injury (C),2,0,0,4,Local,1.46,179,EDGEWOOD AV,EDGEWOOD AV,SHERMAN AV,,,,,41.313252,-72.94379,14,Motor Vehicle in Operation,3,Angle,1,On Roadway,1,Clear,88,Not Applicable,3,Dusk,1,Dry,0,None,88,Not Applicable,88,Not Applicable,0,None,88,Not Applicable,88,Not Applicable,2,Intersection,2,Four-Way Intersection,1,No,1,No,88,Not Applicable,88,Not Applicable,88,Not Applicable,88,Not Applicable,FALSE,1,Public Road,1,"Trafficway, On Road",CT0009300,New Haven PD,44045,05:24.0,O,Open,00:34.0,,,,,,,
1155175,1,Complete,1155175,1155175,41.306768,-72.953091,3647372,New Haven,93,93,New Haven,5/4/2024,2024,5,May,4,7,Saturday,22:23:00,22,24018214,A,"Injury of any type (Serious, Minor, Possible)",C,Possible Injury (C),1,0,0,3,State,2.15,10,10-N,10-N,,N FRONTAGE RD,60,Feet,N,41.306768,-72.953091,32,Tree (standing),88,Not Applicable,1,On Roadway,1,Clear,88,Not Applicable,4,Dark-Lighted,1,Dry,0,None,88,Not Applicable,88,Not Applicable,0,None,88,Not Applicable,88,Not Applicable,1,Non-Junction,1,Not at Intersection,1,No,1,No,88,Not Applicable,88,Not Applicable,88,Not Applicable,88,Not Applicable,FALSE,1,Public Road,1,"Trafficway, On Road",CT0009300,New Haven PD,44949,22:15.0,C,Closed,00:28.0,,4,33100,3,PRINCIPAL ARTERIAL - OTHER - NEW HPMS,2,Urban
1155183,1,Complete,1155183,1155183,41.3162,-72.926579,3647380,New Haven,93,93,New Haven,5/5/2024,2024,5,May,5,1,Sunday,22:07:00,22,24018295,A,"Injury of any type (Serious, Minor, Possible)",A,Suspected Serious Injury (A),1,0,0,4,Local,0,669,WINCHESTER AV,WINCHESTER AV,SACHEM ST,,,,,41.3162,-72.926579,38,"Other Post, Pole or Support",88,Not Applicable,1,On Roadway,4,Rain,88,Not Applicable,4,Dark-Lighted,2,Wet,1,Weather Conditions,88,Not Applicable,88,Not Applicable,0,None,88,Not Applicable,88,Not Applicable,2,Intersection,5,L-Intersection,1,No,1,No,88,Not Applicable,88,Not Applicable,88,Not Applicable,88,Not Applicable,FALSE,1,Public Road,1,"Trafficway, On Road",CT0009300,New Haven PD,45701,29:18.0,C,Closed,00:38.0,,2,6500,7,LOCAL - NEW HPMS,2,Urban
1156132,1,Complete,1156132,1156132,41.320112,-72.869055,3648329,New Haven,93,93,New Haven,4/3/2023,2023,4,April,3,2,Monday,16:20:00,16,23013081,A,"Injury of any type (Serious, Minor, Possible)",C,Possible Injury (C),2,0,1,3,State,0.71,80,80-E,80-E,,OLD FOXON RD,50,Feet,W,41.320112,-72.869055,14,Motor Vehicle in Operation,1,Front to rear,1,On Roadway,1,Clear,88,Not Applicable,1,Daylight,1,Dry,0,None,88,Not Applicable,88,Not Applicable,0,None,88,Not Applicable,88,Not Applicable,3,Intersection-Related,2,Four-Way Intersection,1,No,1,No,88,Not Applicable,88,Not Applicable,88,Not Applicable,88,Not Applicable,FALSE,1,Public Road,1,"Trafficway, On Road",CT0009300,New Haven PD,42049,11:59.0,O,Open,01:45.0,,2,32300,3,PRINCIPAL ARTERIAL - OTHER - NEW HPMS,2,Urban
1156139,1,Complete,1156139,1156139,41.29835278,-72.93101618,3648336,New Haven,93,93,New Haven,5/7/2024,2024,5,May,7,3,Tuesday,7:23:00,7,24018484,A,"Injury of any type (Serious, Minor, Possible)",C,Possible Injury (C),2,0,0,2,USRoute,47.57,1,1-N,1-N,,LIBERTY ST,80,Feet,S,41.29835278,-72.93101618,14,Motor Vehicle in Operation,1,Front to rear,1,On Roadway,1,Clear,88,Not Applicable,1,Daylight,1,Dry,3,Glare,88,Not Applicable,88,Not Applicable,0,None,88,Not Applicable,88,Not Applicable,2,Intersection,3,T-Intersection,1,No,1,No,88,Not Applicable,88,Not Applicable,88,Not Applicable,88,Not Applicable,FALSE,1,Public Road,1,"Trafficway, On Road",CT0009300,New Haven PD,26,33:18.0,C,Closed,01:46.0,,,,,,,
1156140,1,Complete,1156140,1156140,41.313046,-72.948368,3648337,New Haven,93,93,New Haven,5/7/2024,2024,5,May,7,3,Tuesday,7:50:00,7,24018486,A,"Injury of any type (Serious, Minor, Possible)",C,Possible Injury (C),1,1,0,4,Local,0.18,439,NORTON ST,NORTON ST,STANLEY ST,,,,,41.313046,-72.948368,10,Pedalcycle/Pedalcyclist,3,Angle,1,On Roadway,1,Clear,88,Not Applicable,1,Daylight,1,Dry,0,None,88,Not Applicable,88,Not Applicable,0,None,88,Not Applicable,88,Not Applicable,2,Intersection,3,T-Intersection,1,No,1,No,88,Not Applicable,88,Not Applicable,88,Not Applicable,88,Not Applicable,FALSE,1,Public Road,1,"Trafficway, On Road",CT0009300,New Haven PD,326,54:33.0,C,Closed,01:48.0,,,,,,,
1156142,1,Complete,1156142,1156142,41.289768,-72.892141,3648339,New Haven,93,93,New Haven,5/7/2024,2024,5,May,7,3,Tuesday,9:01:00,9,24018500,A,"Injury of any type (Serious, Minor, Possible)",C,Possible Injury (C),2,0,0,2,USRoute,50.26,1,1-N,1-N,,TOWNSEND AVE,40,Feet,E,41.289768,-72.892141,14,Motor Vehicle in Operation,1,Front to rear,1,On Roadway,1,Clear,88,Not Applicable,1,Daylight,1,Dry,0,None,88,Not Applicable,88,Not Applicable,0,None,88,Not Applicable,88,Not Applicable,3,Intersection-Related,2,Four-Way Intersection,1,No,1,No,88,Not Applicable,88,Not Applicable,88,Not Applicable,88,Not Applicable,FALSE,1,Public Road,1,"Trafficway, On Road",CT0009300,New Haven PD,430,23:11.0,C,Closed,01:47.0,,,,,,,
1156147,1,Complete,1156147,1156147,41.302847,-72.937377,3648344,New Haven,93,93,New Haven,5/7/2024,2024,5,May,7,3,Tuesday,17:54:00,17,24018617,A,"Injury of any type (Serious, Minor, Possible)",C,Possible Injury (C),2,0,0,4,Local,0.66,141,DAVENPORT AV,DAVENPORT AV,VERNON ST,,,,,41.302847,-72.937377,14,Motor Vehicle in Operation,2,Front to front,1,On Roadway,1,Clear,88,Not Applicable,1,Daylight,1,Dry,0,None,88,Not Applicable,88,Not Applicable,0,None,88,Not Applicable,88,Not Applicable,2,Intersection,2,Four-Way Intersection,1,No,1,No,88,Not Applicable,88,Not Applicable,88,Not Applicable,88,Not Applicable,FALSE,1,Public Road,1,"Trafficway, On Road",CT0009300,New Haven PD,42056,37:28.0,C,Closed,01:51.0,,,,,,,