CrashId,Fatal Case Status,Fatal Case Status Text Format,CrashId,CrashId,Latitude,Longitude,DOT Case Number,Town Name,Town Number,Town Number,Town Number Text Format,Date Of Crash,Year,Month,Month Text Format,Day,Day of the Week,Day of the Week Text Format,Time of Crash,Hour of the Day,Case Identifier,Crash Severity,Crash Severity Text Format,Most Severe Injury,Most Severe Injury Text Format,Number Of Motor Vehicles,Number Of Non-Motorist,Number Of Witnesses,Route Class,Route Class Text Format,Milemarker,Road Number,Road Description,Roadway Name,Intersecting Roadway Name,Landmark Description,Distance From Nearest Landmark,Unit Of Measure From Nearest Landmark,Direction From Nearest Landmark,Latitude,Longitude,First Harmful Event,First Harmful Event Text Format,Manner of Crash / Collision Impact,Manner of Crash / Collision Impact Text Format,Location of First Harmful Event,Location of First Harmful Event Text Format,Weather Condition,Weather Condition Text Format,Weather 2,Weather 2 Text Format,Light Condition,Light Condition Text Format,Road Surface Condition,Road Surface Condition Text Format,"Contributing Circumstances, Environment","Contributing Circumstances, Environment Text Format",Environment 2,Environment 2 Text Format,Environment 3,Environment 3 Text Format,"Contributing Circumstances, Road","Contributing Circumstances, Road Text Format",Road 2,Road 2 Text Format,Road 3,Road 3 Text Format,Crash Specific Location,Crash Specific Location Text Format,Type of Intersection,Type of Intersection Text Format,School Bus Related,School Bus Related Text Format,Work Zone Related,Work Zone Related Text Format,Location Of Crash Relative To Work Zone,Location Of Crash Relative To Work Zone Text Format,Type of Work Zone,Type of Work Zone Text Format,Worker Presence,Worker Presence Text Format,Law Enforcement Presence,Law Enforcement Presence Text Format,Were Vehicles Moved Prior To Police Arrival,Trafficway Ownership,Trafficway Ownership Text Format,Trafficway Class,Trafficway Class Text Format,Police Agency,Police Agency Text Format,Badge Number,Approval Date,Police Case Status,Police Case Status Text Format,Crash Report Submission Date,Related Case Identifiers,No. of Through Lanes (Log Dir.),Average Daily Traffic,Functional Classification,Functional Classification Text Format,Rural or Urban,Rural or Urban Text Format
1156461,1,Complete,1156461,1156461,41.31313,-72.896495,3648658,New Haven,93,93,New Haven,4/23/2024,2024,4,April,23,3,Tuesday,23:30:00,23,24016677,A,"Injury of any type (Serious, Minor, Possible)",C,Possible Injury (C),3,0,0,4,Local,0.46,213,FERRY ST,FERRY ST,GRAFTON ST,,,,,41.31313,-72.896495,14,Motor Vehicle in Operation,3,Angle,1,On Roadway,1,Clear,88,Not Applicable,4,Dark-Lighted,1,Dry,99,Unknown,88,Not Applicable,88,Not Applicable,99,Unknown,88,Not Applicable,88,Not Applicable,2,Intersection,5,L-Intersection,1,No,99,Unknown,88,Not Applicable,88,Not Applicable,88,Not Applicable,88,Not Applicable,FALSE,1,Public Road,1,"Trafficway, On Road",CT0009300,New Haven PD,36335,16:39.0,C,Closed,00:05.0,,,,,,,
1156463,1,Complete,1156463,1156463,41.286156,-72.935953,3648660,New Haven,93,93,New Haven,5/2/2024,2024,5,May,2,5,Thursday,21:10:00,21,24017959,A,"Injury of any type (Serious, Minor, Possible)",C,Possible Injury (C),3,0,0,3,State,0.45,10,10-N,10-N,,KIMBERLY AVE,50,Feet,S,41.286156,-72.935953,14,Motor Vehicle in Operation,3,Angle,1,On Roadway,1,Clear,88,Not Applicable,4,Dark-Lighted,1,Dry,0,None,88,Not Applicable,88,Not Applicable,0,None,88,Not Applicable,88,Not Applicable,3,Intersection-Related,2,Four-Way Intersection,1,No,1,No,88,Not Applicable,88,Not Applicable,88,Not Applicable,88,Not Applicable,FALSE,1,Public Road,1,"Trafficway, On Road",CT0009300,New Haven PD,332,59:33.0,C,Closed,00:09.0,,,,,,,
1156468,1,Complete,1156468,1156468,41.313048,-72.932517,3648665,New Haven,93,93,New Haven,5/8/2024,2024,5,May,8,4,Wednesday,8:05:00,8,24018664,A,"Injury of any type (Serious, Minor, Possible)",C,Possible Injury (C),2,0,0,4,Local,0.69,257,GOFFE ST,GOFFE ST,,WHALLEY AVE,40,Feet,N,41.313048,-72.932517,14,Motor Vehicle in Operation,1,Front to rear,1,On Roadway,4,Rain,88,Not Applicable,1,Daylight,2,Wet,0,None,88,Not Applicable,88,Not Applicable,0,None,88,Not Applicable,88,Not Applicable,3,Intersection-Related,2,Four-Way Intersection,1,No,1,No,88,Not Applicable,88,Not Applicable,88,Not Applicable,88,Not Applicable,FALSE,1,Public Road,1,"Trafficway, On Road",CT0009300,New Haven PD,332,14:48.0,C,Closed,00:10.0,,,,,,,
1156474,1,Complete,1156474,1156474,41.296142,-72.939524,3648671,New Haven,93,93,New Haven,5/8/2024,2024,5,May,8,4,Wednesday,12:16:00,12,24018699,A,"Injury of any type (Serious, Minor, Possible)",C,Possible Injury (C),2,0,0,4,Local,0.11,636,WEST ST,WEST ST,FRANK ST,,,,,41.296142,-72.939524,14,Motor Vehicle in Operation,3,Angle,1,On Roadway,1,Clear,88,Not Applicable,1,Daylight,1,Dry,0,None,88,Not Applicable,88,Not Applicable,0,None,88,Not Applicable,88,Not Applicable,2,Intersection,2,Four-Way Intersection,1,No,1,No,88,Not Applicable,88,Not Applicable,88,Not Applicable,88,Not Applicable,FALSE,1,Public Road,1,"Trafficway, On Road",CT0009300,New Haven PD,45389,13:51.0,C,Closed,00:12.0,,,,,,,
1156476,1,Complete,1156476,1156476,41.317648,-72.895949,3648673,New Haven,93,93,New Haven,5/8/2024,2024,5,May,8,4,Wednesday,15:26:00,15,24018741,A,"Injury of any type (Serious, Minor, Possible)",C,Possible Injury (C),2,0,0,4,Local,0.08,157,DOVER ST,DOVER ST,ROWE ST,,,,,41.317648,-72.895949,14,Motor Vehicle in Operation,3,Angle,1,On Roadway,1,Clear,88,Not Applicable,1,Daylight,1,Dry,0,None,88,Not Applicable,88,Not Applicable,0,None,88,Not Applicable,88,Not Applicable,2,Intersection,2,Four-Way Intersection,1,No,1,No,88,Not Applicable,88,Not Applicable,88,Not Applicable,88,Not Applicable,TRUE,1,Public Road,1,"Trafficway, On Road",CT0009300,New Haven PD,980,22:29.0,C,Closed,00:13.0,,,,,,,
1156480,1,Complete,1156480,1156480,41.303536,-72.910111,3648677,New Haven,93,93,New Haven,5/8/2024,2024,5,May,8,4,Wednesday,19:20:00,19,24018794,A,"Injury of any type (Serious, Minor, Possible)",C,Possible Injury (C),2,0,0,4,Local,0.91,97,CHAPEL ST,CHAPEL ST,,East St,75,Feet,E,41.303536,-72.910111,14,Motor Vehicle in Operation,4,"Sideswipe, same direction",1,On Roadway,1,Clear,88,Not Applicable,1,Daylight,1,Dry,0,None,88,Not Applicable,88,Not Applicable,3,Backup Due to Regular Congestion,88,Not Applicable,88,Not Applicable,1,Non-Junction,1,Not at Intersection,1,No,1,No,88,Not Applicable,88,Not Applicable,88,Not Applicable,88,Not Applicable,TRUE,1,Public Road,1,"Trafficway, On Road",CT0009300,New Haven PD,44046,19:32.0,C,Closed,00:16.0,,,,,,,
1156776,1,Complete,1156776,1156776,41.30256231,-72.93843045,3648973,New Haven,93,93,New Haven,5/5/2024,2024,5,May,5,1,Sunday,13:54:00,13,24018254,A,"Injury of any type (Serious, Minor, Possible)",C,Possible Injury (C),2,0,0,4,Local,0.6,141,DAVENPORT AV,DAVENPORT AV,WARD ST,,,,,41.30256231,-72.93843045,14,Motor Vehicle in Operation,3,Angle,1,On Roadway,4,Rain,88,Not Applicable,1,Daylight,2,Wet,0,None,88,Not Applicable,88,Not Applicable,0,None,88,Not Applicable,88,Not Applicable,2,Intersection,2,Four-Way Intersection,1,No,1,No,88,Not Applicable,88,Not Applicable,88,Not Applicable,88,Not Applicable,FALSE,1,Public Road,1,"Trafficway, On Road",CT0009300,New Haven PD,301,44:51.0,C,Closed,01:33.0,,,,,,,
1156778,1,Complete,1156778,1156778,41.290267,-72.894144,3648975,New Haven,93,93,New Haven,5/8/2024,2024,5,May,8,4,Wednesday,9:46:00,9,24018674,A,"Injury of any type (Serious, Minor, Possible)",C,Possible Injury (C),2,0,0,2,USRoute,50.15,1,1-N,1-N,WOODWARD AV,,,,,41.290267,-72.894144,14,Motor Vehicle in Operation,2,Front to front,1,On Roadway,1,Clear,88,Not Applicable,1,Daylight,1,Dry,0,None,88,Not Applicable,88,Not Applicable,1,Backup Due to Prior Crash,88,Not Applicable,88,Not Applicable,2,Intersection,2,Four-Way Intersection,1,No,1,No,88,Not Applicable,88,Not Applicable,88,Not Applicable,88,Not Applicable,FALSE,1,Public Road,1,"Trafficway, On Road",CT0009300,New Haven PD,44056,58:50.0,C,Closed,01:35.0,,,,,,,
1156779,1,Complete,1156779,1156779,41.321016,-72.874232,3648976,New Haven,93,93,New Haven,5/8/2024,2024,5,May,8,4,Wednesday,10:35:00,10,24018677,A,"Injury of any type (Serious, Minor, Possible)",C,Possible Injury (C),2,0,0,3,State,0.43,80,80-E,80-E,,Quinnipiac Ave,55,Feet,W,41.321016,-72.874232,14,Motor Vehicle in Operation,3,Angle,1,On Roadway,4,Rain,88,Not Applicable,1,Daylight,2,Wet,0,None,88,Not Applicable,88,Not Applicable,0,None,88,Not Applicable,88,Not Applicable,9,Driveway Access-Related,1,Not at Intersection,1,No,1,No,88,Not Applicable,88,Not Applicable,88,Not Applicable,88,Not Applicable,FALSE,1,Public Road,1,"Trafficway, On Road",CT0009300,New Haven PD,430,17:18.0,C,Closed,01:27.0,,,,,,,
1156782,1,Complete,1156782,1156782,41.314414,-72.943307,3648979,New Haven,93,93,New Haven,5/9/2024,2024,5,May,9,5,Thursday,7:26:00,7,24018866,A,"Injury of any type (Serious, Minor, Possible)",C,Possible Injury (C),2,0,0,4,Local,0.61,556,SHERMAN AV,SHERMAN AV,,MAPLE ST,50,Feet,N,41.314414,-72.943307,14,Motor Vehicle in Operation,3,Angle,1,On Roadway,1,Clear,88,Not Applicable,1,Daylight,1,Dry,0,None,88,Not Applicable,88,Not Applicable,0,None,88,Not Applicable,88,Not Applicable,1,Non-Junction,1,Not at Intersection,1,No,1,No,88,Not Applicable,88,Not Applicable,88,Not Applicable,88,Not Applicable,FALSE,1,Public Road,1,"Trafficway, On Road",CT0009300,New Haven PD,332,51:05.0,C,Closed,01:28.0,,,,,,,
1156784,1,Complete,1156784,1156784,41.291242,-72.932372,3648981,New Haven,93,93,New Haven,5/9/2024,2024,5,May,9,5,Thursday,15:57:00,15,24018943,A,"Injury of any type (Serious, Minor, Possible)",B,Suspected Minor Injury (B),2,0,0,4,Local,1.06,308,HOWARD AV,HOWARD AV,,LAMBERTON ST,25,Feet,S,41.291242,-72.932372,14,Motor Vehicle in Operation,1,Front to rear,1,On Roadway,2,Cloudy,88,Not Applicable,1,Daylight,1,Dry,0,None,88,Not Applicable,88,Not Applicable,0,None,88,Not Applicable,88,Not Applicable,3,Intersection-Related,2,Four-Way Intersection,1,No,1,No,88,Not Applicable,88,Not Applicable,88,Not Applicable,88,Not Applicable,TRUE,1,Public Road,1,"Trafficway, On Road",CT0009300,New Haven PD,42366,48:09.0,C,Closed,01:30.0,,,,,,,
1156785,1,Complete,1156785,1156785,41.291283,-72.899508,3648982,New Haven,93,93,New Haven,5/9/2024,2024,5,May,9,5,Thursday,16:43:00,16,24018946,A,"Injury of any type (Serious, Minor, Possible)",C,Possible Injury (C),2,0,0,3,State,0.22,921,921-W,921-W,,FULTON TERR,55,Feet,S,41.291283,-72.899508,14,Motor Vehicle in Operation,1,Front to rear,1,On Roadway,1,Clear,88,Not Applicable,1,Daylight,1,Dry,0,None,88,Not Applicable,88,Not Applicable,0,None,88,Not Applicable,88,Not Applicable,3,Intersection-Related,2,Four-Way Intersection,1,No,1,No,88,Not Applicable,88,Not Applicable,88,Not Applicable,88,Not Applicable,TRUE,1,Public Road,1,"Trafficway, On Road",CT0009300,New Haven PD,409,16:12.0,C,Closed,01:35.0,,,,,,,
1157186,1,Complete,1157186,1157186,41.3107,-72.93001,3649383,New Haven,93,93,New Haven,5/2/2024,2024,5,May,2,5,Thursday,18:42:00,18,24017943,A,"Injury of any type (Serious, Minor, Possible)",A,Suspected Serious Injury (A),2,0,0,4,Local,0.2,726,ELM ST NO 2,ELM ST NO 2,YORK ST,,,,,41.3107,-72.93001,14,Motor Vehicle in Operation,3,Angle,1,On Roadway,1,Clear,88,Not Applicable,1,Daylight,1,Dry,0,None,88,Not Applicable,88,Not Applicable,0,None,88,Not Applicable,88,Not Applicable,2,Intersection,2,Four-Way Intersection,1,No,1,No,88,Not Applicable,88,Not Applicable,88,Not Applicable,88,Not Applicable,FALSE,1,Public Road,1,"Trafficway, On Road",CT0009300,New Haven PD,31814,38:37.0,C,Closed,02:07.0,,,,,,,
1157189,1,Complete,1157189,1157189,41.284503,-72.934823,3649386,New Haven,93,93,New Haven,5/4/2024,2024,5,May,4,7,Saturday,10:00:00,10,24018126,A,"Injury of any type (Serious, Minor, Possible)",B,Suspected Minor Injury (B),2,0,1,3,State,0.31,10,10-N,10-N,95-S-368,,,,,41.284503,-72.934823,14,Motor Vehicle in Operation,3,Angle,1,On Roadway,1,Clear,88,Not Applicable,1,Daylight,1,Dry,0,None,88,Not Applicable,88,Not Applicable,0,None,88,Not Applicable,88,Not Applicable,2,Intersection,2,Four-Way Intersection,1,No,1,No,88,Not Applicable,88,Not Applicable,88,Not Applicable,88,Not Applicable,FALSE,1,Public Road,1,"Trafficway, On Road",CT0009300,New Haven PD,40819,30:03.0,C,Closed,02:16.0,,,,,,,
1157190,1,Complete,1157190,1157190,41.30848224,-72.92564636,3649387,New Haven,93,93,New Haven,5/5/2024,2024,5,May,5,1,Sunday,11:38:00,11,24018248,A,"Injury of any type (Serious, Minor, Possible)",B,Suspected Minor Injury (B),1,1,0,4,Local,0.42,588,TEMPLE ST,TEMPLE ST,,ELM ST,75,Feet,S,41.30848224,-72.92564636,9,Pedestrian,88,Not Applicable,1,On Roadway,1,Clear,88,Not Applicable,1,Daylight,1,Dry,99,Unknown,88,Not Applicable,88,Not Applicable,99,Unknown,88,Not Applicable,88,Not Applicable,1,Non-Junction,1,Not at Intersection,1,No,1,No,88,Not Applicable,88,Not Applicable,88,Not Applicable,88,Not Applicable,TRUE,1,Public Road,1,"Trafficway, On Road",CT0009300,New Haven PD,469,27:11.0,O,Open,02:04.0,,3,5200,3,PRINCIPAL ARTERIAL - OTHER - NEW HPMS,2,Urban
1157192,1,Complete,1157192,1157192,41.323412,-72.951503,3649389,New Haven,93,93,New Haven,5/7/2024,2024,5,May,7,3,Tuesday,11:12:00,11,24018546,A,"Injury of any type (Serious, Minor, Possible)",C,Possible Injury (C),2,0,0,4,Local,0.26,56,BLAKE ST,BLAKE ST,OSBORN AV,,,,,41.323412,-72.951503,14,Motor Vehicle in Operation,3,Angle,1,On Roadway,1,Clear,88,Not Applicable,1,Daylight,1,Dry,0,None,88,Not Applicable,88,Not Applicable,0,None,88,Not Applicable,88,Not Applicable,2,Intersection,2,Four-Way Intersection,1,No,1,No,88,Not Applicable,88,Not Applicable,88,Not Applicable,88,Not Applicable,FALSE,1,Public Road,1,"Trafficway, On Road",CT0009300,New Haven PD,238,45:25.0,C,Closed,01:58.0,,,,,,,
1157204,1,Complete,1157204,1157204,41.320351,-72.950917,3649401,New Haven,93,93,New Haven,5/10/2024,2024,5,May,10,6,Friday,16:01:00,16,24019095,A,"Injury of any type (Serious, Minor, Possible)",B,Suspected Minor Injury (B),1,1,1,3,State,2.98,10,10-N,10-N,HOBART ST,,,,,41.320351,-72.950917,9,Pedestrian,88,Not Applicable,1,On Roadway,2,Cloudy,88,Not Applicable,1,Daylight,1,Dry,0,None,88,Not Applicable,88,Not Applicable,0,None,88,Not Applicable,88,Not Applicable,2,Intersection,3,T-Intersection,1,No,1,No,88,Not Applicable,88,Not Applicable,88,Not Applicable,88,Not Applicable,FALSE,1,Public Road,1,"Trafficway, On Road",CT0009300,New Haven PD,44045,26:05.0,C,Closed,02:08.0,,4,18000,3,PRINCIPAL ARTERIAL - OTHER - NEW HPMS,2,Urban
1157213,1,Complete,1157213,1157213,41.310418,-72.909632,3649410,New Haven,93,93,New Haven,5/11/2024,2024,5,May,11,7,Saturday,12:59:00,12,24019194,A,"Injury of any type (Serious, Minor, Possible)",C,Possible Injury (C),2,0,1,4,Local,0.39,165,EAST ST,EAST ST,,New St,150,Feet,N,41.310418,-72.909632,14,Motor Vehicle in Operation,3,Angle,1,On Roadway,1,Clear,88,Not Applicable,1,Daylight,1,Dry,0,None,88,Not Applicable,88,Not Applicable,0,None,88,Not Applicable,88,Not Applicable,9,Driveway Access-Related,1,Not at Intersection,1,No,1,No,88,Not Applicable,88,Not Applicable,88,Not Applicable,88,Not Applicable,FALSE,1,Public Road,1,"Trafficway, On Road",CT0009300,New Haven PD,180,58:12.0,C,Closed,02:02.0,24019194,,,,,,
1157879,1,Complete,1157879,1157879,41.31646252,-72.88955778,3650076,New Haven,93,93,New Haven,5/10/2024,2024,5,May,10,6,Friday,23:25:00,23,24019147,A,"Injury of any type (Serious, Minor, Possible)",C,Possible Injury (C),2,0,0,,,,,,83 DOWNING ST,PECK ST,DOWNING ST,35,Feet,W,41.31646252,-72.88955778,14,Motor Vehicle in Operation,1,Front to rear,97,Other,1,Clear,88,Not Applicable,4,Dark-Lighted,1,Dry,97,Other,88,Not Applicable,88,Not Applicable,0,None,88,Not Applicable,88,Not Applicable,97,Other,1,Not at Intersection,1,No,1,No,88,Not Applicable,88,Not Applicable,88,Not Applicable,88,Not Applicable,FALSE,88,Not Applicable,4,Parking Lot,CT0009300,New Haven PD,772,58:21.0,C,Closed,01:00.0,,,,,,,
1157883,1,Complete,1157883,1157883,41.282673,-72.930564,3650080,New Haven,93,93,New Haven,5/12/2024,2024,5,May,12,1,Sunday,17:36:00,17,24019307,A,"Injury of any type (Serious, Minor, Possible)",C,Possible Injury (C),1,0,0,4,Local,0.23,545,SEA ST,SEA ST,,HOWARD AVE,125,Feet,W,41.282673,-72.930564,33,Utility Pole/Light Support,88,Not Applicable,1,On Roadway,1,Clear,88,Not Applicable,1,Daylight,1,Dry,0,None,88,Not Applicable,88,Not Applicable,0,None,88,Not Applicable,88,Not Applicable,1,Non-Junction,1,Not at Intersection,1,No,1,No,88,Not Applicable,88,Not Applicable,88,Not Applicable,88,Not Applicable,FALSE,1,Public Road,1,"Trafficway, On Road",CT0009300,New Haven PD,40811,35:49.0,C,Closed,00:55.0,,2,5900,4,MINOR ARTERIAL - NEW HPMS,2,Urban
1157884,1,Complete,1157884,1157884,41.31014265,-72.95330497,3650081,New Haven,93,93,New Haven,5/13/2024,2024,5,May,13,2,Monday,23:00:00,23,24019346,A,"Injury of any type (Serious, Minor, Possible)",C,Possible Injury (C),2,0,0,3,State,21.88,34,34-E,34-E,10-N,,,,,41.31014265,-72.95330497,14,Motor Vehicle in Operation,3,Angle,1,On Roadway,1,Clear,88,Not Applicable,4,Dark-Lighted,1,Dry,0,None,88,Not Applicable,88,Not Applicable,0,None,88,Not Applicable,88,Not Applicable,2,Intersection,2,Four-Way Intersection,1,No,1,No,88,Not Applicable,88,Not Applicable,88,Not Applicable,88,Not Applicable,FALSE,1,Public Road,1,"Trafficway, On Road",CT0009300,New Haven PD,45397,26:21.0,C,Closed,01:03.0,,,,,,,
1157885,1,Complete,1157885,1157885,41.30086702,-72.91080293,3650082,New Haven,93,93,New Haven,5/13/2024,2024,5,May,13,2,Monday,7:53:00,7,24019367,A,"Injury of any type (Serious, Minor, Possible)",C,Possible Injury (C),2,0,0,2,USRoute,48.96,1,1-N,1-N,EAST ST,,,,,41.30086702,-72.91080293,14,Motor Vehicle in Operation,4,"Sideswipe, same direction",1,On Roadway,1,Clear,88,Not Applicable,1,Daylight,1,Dry,0,None,88,Not Applicable,88,Not Applicable,0,None,88,Not Applicable,88,Not Applicable,2,Intersection,2,Four-Way Intersection,1,No,1,No,88,Not Applicable,88,Not Applicable,88,Not Applicable,88,Not Applicable,FALSE,1,Public Road,1,"Trafficway, On Road",CT0009300,New Haven PD,26,23:34.0,C,Closed,00:59.0,,,,,,,
1157886,1,Complete,1157886,1157886,41.303186,-72.925884,3650083,New Haven,93,93,New Haven,5/13/2024,2024,5,May,13,2,Monday,8:19:00,8,24019371,A,"Injury of any type (Serious, Minor, Possible)",C,Possible Injury (C),2,0,0,4,Local,0.07,727,ORANGE ST NO 2,ORANGE ST NO 2,GEORGE ST,,,,,41.303186,-72.925884,14,Motor Vehicle in Operation,3,Angle,1,On Roadway,1,Clear,88,Not Applicable,1,Daylight,1,Dry,0,None,88,Not Applicable,88,Not Applicable,0,None,88,Not Applicable,88,Not Applicable,2,Intersection,2,Four-Way Intersection,1,No,1,No,88,Not Applicable,88,Not Applicable,88,Not Applicable,88,Not Applicable,FALSE,1,Public Road,1,"Trafficway, On Road",CT0009300,New Haven PD,40790,18:16.0,C,Closed,01:04.0,,,,,,,
1157888,1,Complete,1157888,1157888,41.29541655,-72.9270731,3650085,New Haven,93,93,New Haven,5/13/2024,2024,5,May,13,2,Monday,11:38:00,11,24019403,A,"Injury of any type (Serious, Minor, Possible)",C,Possible Injury (C),4,0,0,4,Local,0.36,759,CHURCH ST SOUTH NO 2,CHURCH ST SOUTH NO 2,,UNION AVE,395,Feet,S,41.29541655,-72.9270731,14,Motor Vehicle in Operation,1,Front to rear,1,On Roadway,1,Clear,88,Not Applicable,1,Daylight,1,Dry,0,None,88,Not Applicable,88,Not Applicable,0,None,88,Not Applicable,88,Not Applicable,13,On a Bridge,1,Not at Intersection,1,No,1,No,88,Not Applicable,88,Not Applicable,88,Not Applicable,88,Not Applicable,FALSE,1,Public Road,1,"Trafficway, On Road",CT0009300,New Haven PD,45394,32:15.0,C,Closed,01:02.0,,,,,,,
1157893,1,Complete,1157893,1157893,41.30307,-72.93175,3650090,New Haven,93,93,New Haven,5/13/2024,2024,5,May,13,2,Monday,18:13:00,18,24019463,A,"Injury of any type (Serious, Minor, Possible)",C,Possible Injury (C),1,1,0,4,Local,0.68,117,COLLEGE ST,COLLEGE ST,,S FRONTAGE RD,200,Feet,S,41.30307,-72.93175,10,Pedalcycle/Pedalcyclist,97,Other,7,In Parking Lane or Zone,1,Clear,88,Not Applicable,1,Daylight,1,Dry,0,None,88,Not Applicable,88,Not Applicable,0,None,88,Not Applicable,88,Not Applicable,1,Non-Junction,1,Not at Intersection,1,No,1,No,88,Not Applicable,88,Not Applicable,88,Not Applicable,88,Not Applicable,TRUE,1,Public Road,1,"Trafficway, On Road",CT0009300,New Haven PD,40814,15:54.0,C,Closed,01:03.0,,,,,,,
1158239,1,Complete,1158239,1158239,41.317893,-72.944325,3650436,New Haven,93,93,New Haven,5/14/2024,2024,5,May,14,3,Tuesday,11:52:00,11,24019584,A,"Injury of any type (Serious, Minor, Possible)",C,Possible Injury (C),5,0,0,4,Local,0.78,775,WINTHROP AV NO 2,WINTHROP AV NO 2,,WHALLEY AVE,145,Feet,N,41.317893,-72.944325,15,Parked Motor Vehicle,4,"Sideswipe, same direction",1,On Roadway,1,Clear,88,Not Applicable,1,Daylight,1,Dry,0,None,88,Not Applicable,88,Not Applicable,0,None,88,Not Applicable,88,Not Applicable,1,Non-Junction,1,Not at Intersection,1,No,1,No,88,Not Applicable,88,Not Applicable,88,Not Applicable,88,Not Applicable,TRUE,1,Public Road,1,"Trafficway, On Road",CT0009300,New Haven PD,39,18:48.0,C,Closed,00:42.0,,,,,,,
1158242,1,Complete,1158242,1158242,41.31056817,-72.89854206,3650439,New Haven,93,93,New Haven,5/14/2024,2024,5,May,14,3,Tuesday,15:31:00,15,24019622,A,"Injury of any type (Serious, Minor, Possible)",C,Possible Injury (C),2,0,0,4,Local,0.05,734,CLAY ST NO 2,CLAY ST NO 2,FILLMORE ST,,,,,41.31056817,-72.89854206,14,Motor Vehicle in Operation,3,Angle,1,On Roadway,1,Clear,88,Not Applicable,1,Daylight,1,Dry,0,None,88,Not Applicable,88,Not Applicable,0,None,88,Not Applicable,88,Not Applicable,2,Intersection,2,Four-Way Intersection,1,No,1,No,88,Not Applicable,88,Not Applicable,88,Not Applicable,88,Not Applicable,FALSE,1,Public Road,1,"Trafficway, On Road",CT0009300,New Haven PD,44176,46:26.0,O,Open,00:44.0,,,,,,,
1158564,1,Complete,1158564,1158564,41.320841,-72.951847,3650761,New Haven,93,93,New Haven,4/29/2024,2024,4,April,29,2,Monday,14:32:00,14,24017448,A,"Injury of any type (Serious, Minor, Possible)",C,Possible Injury (C),1,1,0,4,Local,0.36,472,PENDLETON ST,PENDLETON ST,,Whalley Ave,10,Feet,S,41.320841,-72.951847,9,Pedestrian,88,Not Applicable,1,On Roadway,1,Clear,88,Not Applicable,1,Daylight,1,Dry,0,None,88,Not Applicable,88,Not Applicable,0,None,88,Not Applicable,88,Not Applicable,3,Intersection-Related,3,T-Intersection,1,No,1,No,88,Not Applicable,88,Not Applicable,88,Not Applicable,88,Not Applicable,TRUE,1,Public Road,1,"Trafficway, On Road",CT0009300,New Haven PD,39,33:47.0,C,Closed,01:06.0,,4,18000,3,PRINCIPAL ARTERIAL - OTHER - NEW HPMS,2,Urban
1158565,1,Complete,1158565,1158565,41.297445,-72.948863,3650762,New Haven,93,93,New Haven,5/12/2024,2024,5,May,12,1,Sunday,12:00:00,12,24019271,A,"Injury of any type (Serious, Minor, Possible)",C,Possible Injury (C),2,0,2,2,USRoute,46.64,1,1-N,1-N,10-N,,,,,41.297445,-72.948863,14,Motor Vehicle in Operation,3,Angle,1,On Roadway,1,Clear,88,Not Applicable,1,Daylight,1,Dry,0,None,88,Not Applicable,88,Not Applicable,0,None,88,Not Applicable,88,Not Applicable,2,Intersection,2,Four-Way Intersection,1,No,1,No,88,Not Applicable,88,Not Applicable,88,Not Applicable,88,Not Applicable,FALSE,1,Public Road,1,"Trafficway, On Road",CT0009300,New Haven PD,40819,29:22.0,C,Closed,01:01.0,,,,,,,
1158572,1,Complete,1158572,1158572,41.30352,-72.923809,3650769,New Haven,93,93,New Haven,5/14/2024,2024,5,May,14,3,Tuesday,21:16:00,21,24019685,A,"Injury of any type (Serious, Minor, Possible)",B,Suspected Minor Injury (B),2,0,0,4,Local,1.45,575,STATE ST,STATE ST,CROWN ST,,,,,41.30352,-72.923809,14,Motor Vehicle in Operation,3,Angle,1,On Roadway,1,Clear,88,Not Applicable,4,Dark-Lighted,1,Dry,0,None,88,Not Applicable,88,Not Applicable,0,None,88,Not Applicable,88,Not Applicable,2,Intersection,2,Four-Way Intersection,1,No,1,No,88,Not Applicable,88,Not Applicable,88,Not Applicable,88,Not Applicable,FALSE,1,Public Road,1,"Trafficway, On Road",CT0009300,New Haven PD,40952,39:37.0,C,Closed,01:05.0,,,,,,,
1158573,1,Complete,1158573,1158573,41.311197,-72.902403,3650770,New Haven,93,93,New Haven,5/14/2024,2024,5,May,14,3,Tuesday,21:50:00,21,24019687,A,"Injury of any type (Serious, Minor, Possible)",C,Possible Injury (C),5,0,0,4,Local,0.16,397,MARKET ST,MARKET ST,,MAIN STREET,55,Feet,E,41.311197,-72.902403,15,Parked Motor Vehicle,1,Front to rear,1,On Roadway,1,Clear,88,Not Applicable,4,Dark-Lighted,1,Dry,99,Unknown,88,Not Applicable,88,Not Applicable,99,Unknown,88,Not Applicable,88,Not Applicable,1,Non-Junction,1,Not at Intersection,1,No,1,No,88,Not Applicable,88,Not Applicable,88,Not Applicable,88,Not Applicable,FALSE,1,Public Road,1,"Trafficway, On Road",CT0009300,New Haven PD,44057,10:41.0,C,Closed,01:08.0,,,,,,,
1158575,1,Complete,1158575,1158575,41.300872,-72.910856,3650772,New Haven,93,93,New Haven,5/15/2024,2024,5,May,15,4,Wednesday,6:52:00,6,24019702,A,"Injury of any type (Serious, Minor, Possible)",C,Possible Injury (C),2,0,0,2,USRoute,48.96,1,1-N,1-N,EAST ST,,,,,41.300872,-72.910856,14,Motor Vehicle in Operation,3,Angle,1,On Roadway,4,Rain,88,Not Applicable,1,Daylight,2,Wet,0,None,88,Not Applicable,88,Not Applicable,0,None,88,Not Applicable,88,Not Applicable,2,Intersection,2,Four-Way Intersection,1,No,1,No,88,Not Applicable,88,Not Applicable,88,Not Applicable,88,Not Applicable,FALSE,1,Public Road,1,"Trafficway, On Road",CT0009300,New Haven PD,430,17:13.0,C,Closed,01:07.0,,,,,,,