CrashId,Fatal Case Status,Fatal Case Status Text Format,CrashId,CrashId,Latitude,Longitude,DOT Case Number,Town Name,Town Number,Town Number,Town Number Text Format,Date Of Crash,Year,Month,Month Text Format,Day,Day of the Week,Day of the Week Text Format,Time of Crash,Hour of the Day,Case Identifier,Crash Severity,Crash Severity Text Format,Most Severe Injury,Most Severe Injury Text Format,Number Of Motor Vehicles,Number Of Non-Motorist,Number Of Witnesses,Route Class,Route Class Text Format,Milemarker,Road Number,Road Description,Roadway Name,Intersecting Roadway Name,Landmark Description,Distance From Nearest Landmark,Unit Of Measure From Nearest Landmark,Direction From Nearest Landmark,Latitude,Longitude,First Harmful Event,First Harmful Event Text Format,Manner of Crash / Collision Impact,Manner of Crash / Collision Impact Text Format,Location of First Harmful Event,Location of First Harmful Event Text Format,Weather Condition,Weather Condition Text Format,Weather 2,Weather 2 Text Format,Light Condition,Light Condition Text Format,Road Surface Condition,Road Surface Condition Text Format,"Contributing Circumstances, Environment","Contributing Circumstances, Environment Text Format",Environment 2,Environment 2 Text Format,Environment 3,Environment 3 Text Format,"Contributing Circumstances, Road","Contributing Circumstances, Road Text Format",Road 2,Road 2 Text Format,Road 3,Road 3 Text Format,Crash Specific Location,Crash Specific Location Text Format,Type of Intersection,Type of Intersection Text Format,School Bus Related,School Bus Related Text Format,Work Zone Related,Work Zone Related Text Format,Location Of Crash Relative To Work Zone,Location Of Crash Relative To Work Zone Text Format,Type of Work Zone,Type of Work Zone Text Format,Worker Presence,Worker Presence Text Format,Law Enforcement Presence,Law Enforcement Presence Text Format,Were Vehicles Moved Prior To Police Arrival,Trafficway Ownership,Trafficway Ownership Text Format,Trafficway Class,Trafficway Class Text Format,Police Agency,Police Agency Text Format,Badge Number,Approval Date,Police Case Status,Police Case Status Text Format,Crash Report Submission Date,Related Case Identifiers,No. of Through Lanes (Log Dir.),Average Daily Traffic,Functional Classification,Functional Classification Text Format,Rural or Urban,Rural or Urban Text Format
1160402,1,Complete,1160402,1160402,41.326635,-72.93302,3652599,New Haven,93,93,New Haven,5/21/2024,2024,5,May,21,3,Tuesday,19:51:00,19,24020614,A,"Injury of any type (Serious, Minor, Possible)",B,Suspected Minor Injury (B),1,1,0,4,Local,0.11,151,DIVISION ST,DIVISION ST,,SHELTON AVE,45,Feet,E,41.326635,-72.93302,10,Pedalcycle/Pedalcyclist,97,Other,1,On Roadway,1,Clear,88,Not Applicable,1,Daylight,1,Dry,0,None,88,Not Applicable,88,Not Applicable,0,None,88,Not Applicable,88,Not Applicable,3,Intersection-Related,2,Four-Way Intersection,1,No,1,No,88,Not Applicable,88,Not Applicable,88,Not Applicable,88,Not Applicable,TRUE,1,Public Road,1,"Trafficway, On Road",CT0009300,New Haven PD,416,32:49.0,C,Closed,02:10.0,,,,,,,
1160725,1,Complete,1160725,1160725,41.316927,-72.942296,3652922,New Haven,93,93,New Haven,5/4/2024,2024,5,May,4,7,Saturday,16:13:00,16,24018157,A,"Injury of any type (Serious, Minor, Possible)",C,Possible Injury (C),2,0,0,4,Local,0.79,556,SHERMAN AV,SHERMAN AV,,WHALLEY AVE,35,Feet,N,41.316927,-72.942296,14,Motor Vehicle in Operation,1,Front to rear,1,On Roadway,1,Clear,88,Not Applicable,1,Daylight,1,Dry,0,None,88,Not Applicable,88,Not Applicable,0,None,88,Not Applicable,88,Not Applicable,3,Intersection-Related,2,Four-Way Intersection,1,No,1,No,88,Not Applicable,88,Not Applicable,88,Not Applicable,88,Not Applicable,FALSE,1,Public Road,1,"Trafficway, On Road",CT0009300,New Haven PD,45401,48:53.0,C,Closed,00:55.0,24-018157,,,,,,
1160730,1,Complete,1160730,1160730,41.306043,-72.925684,3652927,New Haven,93,93,New Haven,5/21/2024,2024,5,May,21,3,Tuesday,12:05:00,12,24020527,A,"Injury of any type (Serious, Minor, Possible)",C,Possible Injury (C),2,0,0,4,Local,0.17,103,CHURCH ST,CHURCH ST,CHAPEL ST,,,,,41.306043,-72.925684,14,Motor Vehicle in Operation,3,Angle,1,On Roadway,1,Clear,88,Not Applicable,1,Daylight,1,Dry,0,None,88,Not Applicable,88,Not Applicable,8,Work Zone (construction / maintenance / utility),0,None,88,Not Applicable,2,Intersection,2,Four-Way Intersection,1,No,2,Yes,5,Termination Area,3,Work on Shoulder or Median,2,Yes,1,No,TRUE,1,Public Road,1,"Trafficway, On Road",CT0009300,New Haven PD,469,24:57.0,C,Closed,00:57.0,,,,,,,
1160735,1,Complete,1160735,1160735,41.319118,-72.892875,3652932,New Haven,93,93,New Haven,5/22/2024,2024,5,May,22,4,Wednesday,9:30:00,9,24020678,A,"Injury of any type (Serious, Minor, Possible)",C,Possible Injury (C),2,0,0,4,Local,0.69,113,CLINTON AV,CLINTON AV,BAILEY ST,,,,,41.319118,-72.892875,14,Motor Vehicle in Operation,3,Angle,1,On Roadway,1,Clear,88,Not Applicable,1,Daylight,1,Dry,0,None,88,Not Applicable,88,Not Applicable,0,None,88,Not Applicable,88,Not Applicable,2,Intersection,2,Four-Way Intersection,1,No,1,No,88,Not Applicable,88,Not Applicable,88,Not Applicable,88,Not Applicable,FALSE,1,Public Road,1,"Trafficway, On Road",CT0009300,New Haven PD,45392,26:17.0,C,Closed,00:59.0,NONE,,,,,,
1161104,1,Complete,1161104,1161104,41.322201,-72.954627,3653301,New Haven,93,93,New Haven,5/23/2024,2024,5,May,23,5,Thursday,2:17:00,2,24020823,A,"Injury of any type (Serious, Minor, Possible)",C,Possible Injury (C),2,0,0,4,Local,0.41,646,WEST PARK AV,WEST PARK AV,,WHALLEY AVE,225,Feet,S,41.322201,-72.954627,14,Motor Vehicle in Operation,4,"Sideswipe, same direction",1,On Roadway,1,Clear,88,Not Applicable,4,Dark-Lighted,1,Dry,0,None,88,Not Applicable,88,Not Applicable,0,None,88,Not Applicable,88,Not Applicable,1,Non-Junction,1,Not at Intersection,1,No,1,No,88,Not Applicable,88,Not Applicable,88,Not Applicable,88,Not Applicable,FALSE,1,Public Road,1,"Trafficway, On Road",CT0009300,New Haven PD,40956,21:48.0,C,Closed,00:25.0,,,,,,,
1161113,1,Complete,1161113,1161113,41.324525,-72.963391,3653310,New Haven,93,93,New Haven,5/23/2024,2024,5,May,23,5,Thursday,15:18:00,15,24020885,A,"Injury of any type (Serious, Minor, Possible)",B,Suspected Minor Injury (B),2,0,1,4,Local,0.28,662,WILLARD ST,WILLARD ST,ALDEN AV,,,,,41.324525,-72.963391,14,Motor Vehicle in Operation,3,Angle,1,On Roadway,2,Cloudy,88,Not Applicable,1,Daylight,1,Dry,0,None,88,Not Applicable,88,Not Applicable,0,None,88,Not Applicable,88,Not Applicable,2,Intersection,2,Four-Way Intersection,1,No,1,No,88,Not Applicable,88,Not Applicable,88,Not Applicable,88,Not Applicable,TRUE,1,Public Road,1,"Trafficway, On Road",CT0009300,New Haven PD,170,43:28.0,C,Closed,00:32.0,,,,,,,
1161511,1,Complete,1161511,1161511,41.27250851,-72.89671906,3653708,New Haven,93,93,New Haven,5/17/2024,2024,5,May,17,6,Friday,16:40:00,16,24020038,A,"Injury of any type (Serious, Minor, Possible)",C,Possible Injury (C),2,0,0,4,Local,0.01,744,FORT HALE RD NO 2,FORT HALE RD NO 2,,TOWNSEND AVE,15,Feet,E,41.27250851,-72.89671906,14,Motor Vehicle in Operation,3,Angle,1,On Roadway,2,Cloudy,88,Not Applicable,1,Daylight,1,Dry,0,None,88,Not Applicable,88,Not Applicable,0,None,88,Not Applicable,88,Not Applicable,3,Intersection-Related,3,T-Intersection,1,No,1,No,88,Not Applicable,88,Not Applicable,88,Not Applicable,88,Not Applicable,FALSE,1,Public Road,1,"Trafficway, On Road",CT0009300,New Haven PD,45699,39:02.0,C,Closed,01:16.0,,,,,,,
1161527,1,Complete,1161527,1161527,41.30021986,-72.93941799,3653724,New Haven,93,93,New Haven,5/24/2024,2024,5,May,24,6,Friday,0:52:00,0,24020947,A,"Injury of any type (Serious, Minor, Possible)",C,Possible Injury (C),1,0,0,4,Local,0.46,123,CONGRESS AV,CONGRESS AV,,ARCH ST,64,Feet,E,41.30021986,-72.93941799,25,Curb,88,Not Applicable,1,On Roadway,1,Clear,88,Not Applicable,4,Dark-Lighted,1,Dry,0,None,88,Not Applicable,88,Not Applicable,0,None,88,Not Applicable,88,Not Applicable,1,Non-Junction,1,Not at Intersection,1,No,1,No,88,Not Applicable,88,Not Applicable,88,Not Applicable,88,Not Applicable,FALSE,1,Public Road,1,"Trafficway, On Road",CT0009300,New Haven PD,44949,10:39.0,C,Closed,01:15.0,,2,5800,4,MINOR ARTERIAL - NEW HPMS,2,Urban
1161530,1,Complete,1161530,1161530,41.29908079,-72.92680335,3653727,New Haven,93,93,New Haven,5/24/2024,2024,5,May,24,6,Friday,9:21:00,9,24020988,A,"Injury of any type (Serious, Minor, Possible)",C,Possible Injury (C),1,1,1,4,Local,0.05,768,COLUMBUS AV NO 2,COLUMBUS AV NO 2,SOUTH ORANGE ST,,,,,41.29908079,-72.92680335,10,Pedalcycle/Pedalcyclist,97,Other,1,On Roadway,1,Clear,88,Not Applicable,1,Daylight,1,Dry,0,None,88,Not Applicable,88,Not Applicable,0,None,88,Not Applicable,88,Not Applicable,2,Intersection,3,T-Intersection,1,No,1,No,88,Not Applicable,88,Not Applicable,88,Not Applicable,88,Not Applicable,TRUE,1,Public Road,1,"Trafficway, On Road",CT0009300,New Haven PD,251,17:08.0,C,Closed,01:15.0,,,,,,,
1161531,1,Complete,1161531,1161531,41.29538401,-72.94657657,3653728,New Haven,93,93,New Haven,5/24/2024,2024,5,May,24,6,Friday,9:45:00,9,24020992,A,"Injury of any type (Serious, Minor, Possible)",C,Possible Injury (C),2,0,0,3,State,1.1,10,10-N,10-N,PRINTERS LA,,,,,41.29538401,-72.94657657,14,Motor Vehicle in Operation,3,Angle,1,On Roadway,1,Clear,88,Not Applicable,1,Daylight,1,Dry,0,None,88,Not Applicable,88,Not Applicable,0,None,88,Not Applicable,88,Not Applicable,2,Intersection,3,T-Intersection,1,No,1,No,88,Not Applicable,88,Not Applicable,88,Not Applicable,88,Not Applicable,FALSE,1,Public Road,1,"Trafficway, On Road",CT0009300,New Haven PD,45392,41:25.0,C,Closed,01:23.0,NONE,,,,,,
1161533,1,Complete,1161533,1161533,41.30564981,-72.93588678,3653730,New Haven,93,93,New Haven,5/24/2024,2024,5,May,24,6,Friday,9:55:00,9,24021007,A,"Injury of any type (Serious, Minor, Possible)",C,Possible Injury (C),2,0,0,4,Local,0.08,565,SOUTH FRONTAGE RD-RT 34,SOUTH FRONTAGE RD-RT 34,PARK ST,,,,,41.30564981,-72.93588678,14,Motor Vehicle in Operation,1,Front to rear,1,On Roadway,1,Clear,88,Not Applicable,1,Daylight,1,Dry,0,None,88,Not Applicable,88,Not Applicable,0,None,88,Not Applicable,88,Not Applicable,2,Intersection,2,Four-Way Intersection,1,No,1,No,88,Not Applicable,88,Not Applicable,88,Not Applicable,88,Not Applicable,FALSE,1,Public Road,1,"Trafficway, On Road",CT0009300,New Haven PD,45700,29:51.0,C,Closed,01:19.0,,,,,,,
1161536,1,Complete,1161536,1161536,41.326656,-72.963878,3653733,New Haven,93,93,New Haven,5/24/2024,2024,5,May,24,6,Friday,12:57:00,12,24021024,A,"Injury of any type (Serious, Minor, Possible)",A,Suspected Serious Injury (A),1,0,0,3,State,6.44,243,243-E,243-E,,MCKINLEY AVE,40,Feet,W,41.326656,-72.963878,32,Tree (standing),88,Not Applicable,1,On Roadway,1,Clear,88,Not Applicable,1,Daylight,1,Dry,0,None,88,Not Applicable,88,Not Applicable,0,None,88,Not Applicable,88,Not Applicable,3,Intersection-Related,3,T-Intersection,1,No,1,No,88,Not Applicable,88,Not Applicable,88,Not Applicable,88,Not Applicable,FALSE,1,Public Road,1,"Trafficway, On Road",CT0009300,New Haven PD,79,40:44.0,C,Closed,01:21.0,,2,10400,4,MINOR ARTERIAL - NEW HPMS,2,Urban
1161542,1,Complete,1161542,1161542,41.297434,-72.949261,3653739,New Haven,93,93,New Haven,5/24/2024,2024,5,May,24,6,Friday,19:08:00,19,24021082,A,"Injury of any type (Serious, Minor, Possible)",C,Possible Injury (C),2,0,0,2,USRoute,46.62,1,1-N,1-N,,Ella T Grasso Blvd,45,Feet,W,41.297434,-72.949261,14,Motor Vehicle in Operation,4,"Sideswipe, same direction",1,On Roadway,1,Clear,88,Not Applicable,1,Daylight,1,Dry,0,None,88,Not Applicable,88,Not Applicable,0,None,88,Not Applicable,88,Not Applicable,3,Intersection-Related,2,Four-Way Intersection,1,No,1,No,88,Not Applicable,88,Not Applicable,88,Not Applicable,88,Not Applicable,FALSE,1,Public Road,1,"Trafficway, On Road",CT0009300,New Haven PD,45395,55:30.0,C,Closed,01:27.0,,,,,,,
1161543,1,Complete,1161543,1161543,41.297643,-72.936056,3653740,New Haven,93,93,New Haven,5/25/2024,2024,5,May,25,7,Saturday,0:44:00,0,24021107,A,"Injury of any type (Serious, Minor, Possible)",A,Suspected Serious Injury (A),1,0,1,2,USRoute,47.31,1,1-N,1-N,HALLOCK ST,,,,,41.297643,-72.936056,39,"Other Fixed Object (wall, building, tunnel, etc.)",88,Not Applicable,1,On Roadway,1,Clear,88,Not Applicable,4,Dark-Lighted,1,Dry,0,None,88,Not Applicable,88,Not Applicable,0,None,88,Not Applicable,88,Not Applicable,2,Intersection,3,T-Intersection,1,No,1,No,88,Not Applicable,88,Not Applicable,88,Not Applicable,88,Not Applicable,FALSE,1,Public Road,3,Non-trafficway,CT0009300,New Haven PD,44953,08:15.0,C,Closed,01:29.0,,2,8600,3,PRINCIPAL ARTERIAL - OTHER - NEW HPMS,2,Urban
1161544,1,Complete,1161544,1161544,41.31166497,-72.94885254,3653741,New Haven,93,93,New Haven,5/25/2024,2024,5,May,25,7,Saturday,3:06:00,3,24021120,A,"Injury of any type (Serious, Minor, Possible)",C,Possible Injury (C),4,0,1,4,Local,0.08,439,NORTON ST,NORTON ST,,IRVING ST,118,Feet,N,41.31166497,-72.94885254,14,Motor Vehicle in Operation,3,Angle,1,On Roadway,1,Clear,88,Not Applicable,5,Dark-Not Lighted,1,Dry,0,None,88,Not Applicable,88,Not Applicable,0,None,88,Not Applicable,88,Not Applicable,1,Non-Junction,1,Not at Intersection,1,No,1,No,88,Not Applicable,88,Not Applicable,88,Not Applicable,88,Not Applicable,FALSE,1,Public Road,1,"Trafficway, On Road",CT0009300,New Haven PD,44947,50:44.0,C,Closed,01:36.0,,,,,,,
1161547,1,Complete,1161547,1161547,41.306745,-72.946463,3653744,New Haven,93,93,New Haven,5/25/2024,2024,5,May,25,7,Saturday,13:15:00,13,24021158,A,"Injury of any type (Serious, Minor, Possible)",C,Possible Injury (C),2,0,0,4,Local,1.23,809,REV DR MLK JR BLVD,REV DR MLK JR BLVD,SHERMAN AV,,,,,41.306745,-72.946463,14,Motor Vehicle in Operation,3,Angle,1,On Roadway,1,Clear,88,Not Applicable,1,Daylight,1,Dry,0,None,88,Not Applicable,88,Not Applicable,0,None,88,Not Applicable,88,Not Applicable,2,Intersection,2,Four-Way Intersection,1,No,1,No,88,Not Applicable,88,Not Applicable,88,Not Applicable,88,Not Applicable,FALSE,1,Public Road,1,"Trafficway, On Road",CT0009300,New Haven PD,45700,40:18.0,C,Closed,01:32.0,,,,,,,
1161548,1,Complete,1161548,1161548,41.308453,-72.903157,3653745,New Haven,93,93,New Haven,5/25/2024,2024,5,May,25,7,Saturday,15:07:00,15,24021168,A,"Injury of any type (Serious, Minor, Possible)",A,Suspected Serious Injury (A),2,0,0,4,Local,0.92,264,GRAND AV,GRAND AV,JAMES ST,,,,,41.308453,-72.903157,14,Motor Vehicle in Operation,3,Angle,1,On Roadway,1,Clear,88,Not Applicable,1,Daylight,1,Dry,0,None,88,Not Applicable,88,Not Applicable,11,"Traffic Control Device Inoperative, Missing, or Obscured",88,Not Applicable,88,Not Applicable,2,Intersection,2,Four-Way Intersection,1,No,1,No,88,Not Applicable,88,Not Applicable,88,Not Applicable,88,Not Applicable,FALSE,1,Public Road,1,"Trafficway, On Road",CT0009300,New Haven PD,44056,22:08.0,C,Closed,01:09.0,,,,,,,
1161552,1,Complete,1161552,1161552,41.29306549,-72.91888044,3653749,New Haven,93,93,New Haven,5/25/2024,2024,5,May,25,7,Saturday,19:07:00,19,24021200,A,"Injury of any type (Serious, Minor, Possible)",C,Possible Injury (C),3,0,0,4,Local,0.6,513,LONG WHARF DR,LONG WHARF DR,,CANAL DOCK RD,1035,Feet,S,41.29306549,-72.91888044,14,Motor Vehicle in Operation,4,"Sideswipe, same direction",1,On Roadway,1,Clear,88,Not Applicable,1,Daylight,1,Dry,0,None,88,Not Applicable,88,Not Applicable,0,None,88,Not Applicable,88,Not Applicable,1,Non-Junction,1,Not at Intersection,1,No,1,No,88,Not Applicable,88,Not Applicable,88,Not Applicable,88,Not Applicable,FALSE,1,Public Road,1,"Trafficway, On Road",CT0009300,New Haven PD,45389,18:58.0,C,Closed,01:33.0,,,,,,,
1161555,1,Complete,1161555,1161555,41.29121454,-72.93333107,3653752,New Haven,93,93,New Haven,5/26/2024,2024,5,May,26,1,Sunday,9:42:00,9,24021254,A,"Injury of any type (Serious, Minor, Possible)",C,Possible Injury (C),2,0,0,4,Local,0.07,339,KIMBERLY AV,KIMBERLY AV,LAMBERTON ST,,,,,41.29121454,-72.93333107,14,Motor Vehicle in Operation,1,Front to rear,1,On Roadway,1,Clear,1,Clear,1,Daylight,1,Dry,0,None,88,Not Applicable,88,Not Applicable,0,None,88,Not Applicable,88,Not Applicable,2,Intersection,2,Four-Way Intersection,1,No,1,No,88,Not Applicable,88,Not Applicable,88,Not Applicable,88,Not Applicable,FALSE,1,Public Road,1,"Trafficway, On Road",CT0009300,New Haven PD,40804,22:42.0,C,Closed,01:11.0,,,,,,,
1161561,1,Complete,1161561,1161561,41.321177,-72.870017,3653758,New Haven,93,93,New Haven,5/26/2024,2024,5,May,26,1,Sunday,14:13:00,14,24021287,A,"Injury of any type (Serious, Minor, Possible)",C,Possible Injury (C),2,0,0,,,,,,472 FOXON BLVD,,Route 80,360,Feet,N,41.321177,-72.870017,14,Motor Vehicle in Operation,7,Rear to rear,97,Other,1,Clear,88,Not Applicable,1,Daylight,1,Dry,0,None,88,Not Applicable,88,Not Applicable,0,None,88,Not Applicable,88,Not Applicable,97,Other,1,Not at Intersection,1,No,1,No,88,Not Applicable,88,Not Applicable,88,Not Applicable,88,Not Applicable,TRUE,88,Not Applicable,4,Parking Lot,CT0009300,New Haven PD,409,47:13.0,C,Closed,01:18.0,,,,,,,
1161563,1,Complete,1161563,1161563,41.329849,-72.950829,3653760,New Haven,93,93,New Haven,5/26/2024,2024,5,May,26,1,Sunday,19:31:00,19,24021325,A,"Injury of any type (Serious, Minor, Possible)",A,Suspected Serious Injury (A),1,0,0,3,State,4.08,10,10-N,10-N,,dyer street ,520,Feet,N,41.329849,-72.950829,32,Tree (standing),88,Not Applicable,1,On Roadway,2,Cloudy,88,Not Applicable,2,Dawn,1,Dry,2,Visual Obstruction(s),88,Not Applicable,88,Not Applicable,6,Debris,88,Not Applicable,88,Not Applicable,1,Non-Junction,1,Not at Intersection,1,No,1,No,88,Not Applicable,88,Not Applicable,88,Not Applicable,88,Not Applicable,FALSE,1,Public Road,1,"Trafficway, On Road",CT0009300,New Haven PD,40085,20:40.0,C,Closed,01:16.0,,2,13100,4,MINOR ARTERIAL - NEW HPMS,2,Urban
1162098,1,Complete,1162098,1162098,41.307614,-72.92275,3654295,New Haven,93,93,New Haven,5/22/2024,2024,5,May,22,4,Wednesday,8:04:00,8,24020673,A,"Injury of any type (Serious, Minor, Possible)",C,Possible Injury (C),2,0,1,4,Local,0.64,726,ELM ST NO 2,ELM ST NO 2,ORANGE ST NO 1,,,,,41.307614,-72.92275,14,Motor Vehicle in Operation,3,Angle,1,On Roadway,1,Clear,88,Not Applicable,1,Daylight,1,Dry,0,None,88,Not Applicable,88,Not Applicable,0,None,88,Not Applicable,88,Not Applicable,2,Intersection,2,Four-Way Intersection,1,No,1,No,88,Not Applicable,88,Not Applicable,88,Not Applicable,88,Not Applicable,TRUE,1,Public Road,1,"Trafficway, On Road",CT0009300,New Haven PD,469,21:59.0,C,Closed,01:29.0,,,,,,,
1162100,1,Complete,1162100,1162100,41.32925676,-72.96856167,3654297,New Haven,93,93,New Haven,5/23/2024,2024,5,May,23,5,Thursday,15:44:00,15,24020888,A,"Injury of any type (Serious, Minor, Possible)",C,Possible Injury (C),2,0,1,3,State,0.71,63,63-N,63-N,122-N,,,,,41.32925676,-72.96856167,14,Motor Vehicle in Operation,3,Angle,1,On Roadway,2,Cloudy,88,Not Applicable,1,Daylight,1,Dry,0,None,88,Not Applicable,88,Not Applicable,0,None,88,Not Applicable,88,Not Applicable,2,Intersection,3,T-Intersection,1,No,1,No,88,Not Applicable,88,Not Applicable,88,Not Applicable,88,Not Applicable,FALSE,1,Public Road,1,"Trafficway, On Road",CT0009300,New Haven PD,91,27:32.0,C,Closed,01:29.0,,,,,,,
1162103,1,Complete,1162103,1162103,41.321336,-72.896929,3654300,New Haven,93,93,New Haven,5/25/2024,2024,5,May,25,7,Saturday,17:31:00,17,24021193,A,"Injury of any type (Serious, Minor, Possible)",B,Suspected Minor Injury (B),1,0,0,2,USRoute,0.53,5,5-N,5-N,,ROCK ST,125,Feet,N,41.321336,-72.896929,32,Tree (standing),88,Not Applicable,1,On Roadway,1,Clear,88,Not Applicable,1,Daylight,1,Dry,0,None,88,Not Applicable,88,Not Applicable,0,None,88,Not Applicable,88,Not Applicable,1,Non-Junction,1,Not at Intersection,1,No,1,No,88,Not Applicable,88,Not Applicable,88,Not Applicable,88,Not Applicable,TRUE,1,Public Road,1,"Trafficway, On Road",CT0009300,New Haven PD,45395,22:52.0,C,Closed,01:32.0,,2,17300,4,MINOR ARTERIAL - NEW HPMS,2,Urban
1162104,1,Complete,1162104,1162104,41.317049,-72.87653,3654301,New Haven,93,93,New Haven,5/25/2024,2024,5,May,25,7,Saturday,18:30:00,18,24021196,A,"Injury of any type (Serious, Minor, Possible)",C,Possible Injury (C),2,0,0,4,Local,1.92,498,QUINNIPIAC AV,QUINNIPIAC AV,,ESSEX ST,115,Feet,S,41.317049,-72.87653,14,Motor Vehicle in Operation,3,Angle,1,On Roadway,1,Clear,88,Not Applicable,1,Daylight,1,Dry,0,None,88,Not Applicable,88,Not Applicable,0,None,88,Not Applicable,88,Not Applicable,1,Non-Junction,1,Not at Intersection,1,No,1,No,88,Not Applicable,88,Not Applicable,88,Not Applicable,88,Not Applicable,FALSE,1,Public Road,1,"Trafficway, On Road",CT0009300,New Haven PD,409,19:22.0,C,Closed,01:33.0,,,,,,,
1162106,1,Complete,1162106,1162106,41.32695068,-72.96821959,3654303,New Haven,93,93,New Haven,5/26/2024,2024,5,May,26,1,Sunday,18:43:00,18,24021317,A,"Injury of any type (Serious, Minor, Possible)",B,Suspected Minor Injury (B),2,0,0,3,State,3.35,122,122-N,122-N,,FOUNTAIN ST,70,Feet,S,41.32695068,-72.96821959,14,Motor Vehicle in Operation,1,Front to rear,1,On Roadway,1,Clear,88,Not Applicable,1,Daylight,1,Dry,0,None,88,Not Applicable,88,Not Applicable,0,None,88,Not Applicable,88,Not Applicable,3,Intersection-Related,3,T-Intersection,1,No,1,No,88,Not Applicable,88,Not Applicable,88,Not Applicable,88,Not Applicable,FALSE,1,Public Road,1,"Trafficway, On Road",CT0009300,New Haven PD,45403,25:19.0,O,Open,01:30.0,,,,,,,
1162397,1,Complete,1162397,1162397,41.286528,-72.936121,3654594,New Haven,93,93,New Haven,5/24/2024,2024,5,May,24,6,Friday,17:45:00,17,24021039,A,"Injury of any type (Serious, Minor, Possible)",C,Possible Injury (C),1,1,0,4,Local,0.42,339,KIMBERLY AV,KIMBERLY AV,,ELLA T GRASSO BLVD,30,Feet,N,41.286528,-72.936121,10,Pedalcycle/Pedalcyclist,3,Angle,1,On Roadway,1,Clear,88,Not Applicable,1,Daylight,1,Dry,0,None,88,Not Applicable,88,Not Applicable,0,None,88,Not Applicable,88,Not Applicable,3,Intersection-Related,2,Four-Way Intersection,1,No,1,No,88,Not Applicable,88,Not Applicable,88,Not Applicable,88,Not Applicable,FALSE,1,Public Road,1,"Trafficway, On Road",CT0009300,New Haven PD,45984,57:50.0,C,Closed,02:00.0,,,,,,,
1162404,1,Complete,1162404,1162404,41.305332,-72.952522,3654601,New Haven,93,93,New Haven,5/26/2024,2024,5,May,26,1,Sunday,2:16:00,2,24021232,A,"Injury of any type (Serious, Minor, Possible)",C,Possible Injury (C),2,0,0,3,State,2.04,10,10-N,10-N,,LEGION AVE,20,Feet,S,41.305332,-72.952522,14,Motor Vehicle in Operation,1,Front to rear,1,On Roadway,1,Clear,88,Not Applicable,4,Dark-Lighted,1,Dry,0,None,88,Not Applicable,88,Not Applicable,0,None,88,Not Applicable,88,Not Applicable,3,Intersection-Related,3,T-Intersection,1,No,1,No,88,Not Applicable,88,Not Applicable,88,Not Applicable,88,Not Applicable,FALSE,1,Public Road,1,"Trafficway, On Road",CT0009300,New Haven PD,45391,17:12.0,C,Closed,02:11.0,,,,,,,
1162407,1,Complete,1162407,1162407,41.27801,-72.895711,3654604,New Haven,93,93,New Haven,5/28/2024,2024,5,May,28,3,Tuesday,1:12:00,1,24021483,A,"Injury of any type (Serious, Minor, Possible)",B,Suspected Minor Injury (B),1,0,0,3,State,0.82,337,337-E,337-E,TUTTLE ST,,,,,41.27801,-72.895711,25,Curb,88,Not Applicable,2,Shoulder,1,Clear,88,Not Applicable,5,Dark-Not Lighted,6,Moving Water,99,Unknown,88,Not Applicable,88,Not Applicable,99,Unknown,88,Not Applicable,88,Not Applicable,2,Intersection,3,T-Intersection,1,No,1,No,88,Not Applicable,88,Not Applicable,88,Not Applicable,88,Not Applicable,FALSE,1,Public Road,1,"Trafficway, On Road",CT0009300,New Haven PD,44063,15:34.0,C,Closed,02:00.0,,2,9100,4,MINOR ARTERIAL - NEW HPMS,2,Urban
1162411,1,Complete,1162411,1162411,41.31996,-72.90648,3654608,New Haven,93,93,New Haven,5/28/2024,2024,5,May,28,3,Tuesday,8:20:00,8,24021500,A,"Injury of any type (Serious, Minor, Possible)",C,Possible Injury (C),2,0,0,4,Local,0.32,666,WILLOW ST,WILLOW ST,,MITCHELL DR,45,Feet,W,41.31996,-72.90648,14,Motor Vehicle in Operation,1,Front to rear,1,On Roadway,1,Clear,88,Not Applicable,1,Daylight,1,Dry,0,None,88,Not Applicable,88,Not Applicable,0,None,88,Not Applicable,88,Not Applicable,3,Intersection-Related,3,T-Intersection,1,No,1,No,88,Not Applicable,88,Not Applicable,88,Not Applicable,88,Not Applicable,FALSE,1,Public Road,1,"Trafficway, On Road",CT0009300,New Haven PD,87,20:43.0,C,Closed,02:04.0,,,,,,,
1162415,1,Complete,1162415,1162415,41.302782,-72.928288,3654612,New Haven,93,93,New Haven,5/28/2024,2024,5,May,28,3,Tuesday,18:03:00,18,24021633,A,"Injury of any type (Serious, Minor, Possible)",A,Suspected Serious Injury (A),2,1,1,4,Local,0.19,809,REV DR MLK JR BLVD,REV DR MLK JR BLVD,CHURCH ST SOUTH NO 1,,,,,41.302782,-72.928288,14,Motor Vehicle in Operation,3,Angle,1,On Roadway,1,Clear,88,Not Applicable,1,Daylight,1,Dry,0,None,88,Not Applicable,88,Not Applicable,0,None,88,Not Applicable,88,Not Applicable,2,Intersection,2,Four-Way Intersection,1,No,1,No,88,Not Applicable,88,Not Applicable,88,Not Applicable,88,Not Applicable,FALSE,1,Public Road,1,"Trafficway, On Road",CT0009300,New Haven PD,40790,49:30.0,C,Closed,02:09.0,,,,,,,