CrashId,Fatal Case Status,Fatal Case Status Text Format,CrashId,CrashId,Latitude,Longitude,DOT Case Number,Town Name,Town Number,Town Number,Town Number Text Format,Date Of Crash,Year,Month,Month Text Format,Day,Day of the Week,Day of the Week Text Format,Time of Crash,Hour of the Day,Case Identifier,Crash Severity,Crash Severity Text Format,Most Severe Injury,Most Severe Injury Text Format,Number Of Motor Vehicles,Number Of Non-Motorist,Number Of Witnesses,Route Class,Route Class Text Format,Milemarker,Road Number,Road Description,Roadway Name,Intersecting Roadway Name,Landmark Description,Distance From Nearest Landmark,Unit Of Measure From Nearest Landmark,Direction From Nearest Landmark,Latitude,Longitude,First Harmful Event,First Harmful Event Text Format,Manner of Crash / Collision Impact,Manner of Crash / Collision Impact Text Format,Location of First Harmful Event,Location of First Harmful Event Text Format,Weather Condition,Weather Condition Text Format,Weather 2,Weather 2 Text Format,Light Condition,Light Condition Text Format,Road Surface Condition,Road Surface Condition Text Format,"Contributing Circumstances, Environment","Contributing Circumstances, Environment Text Format",Environment 2,Environment 2 Text Format,Environment 3,Environment 3 Text Format,"Contributing Circumstances, Road","Contributing Circumstances, Road Text Format",Road 2,Road 2 Text Format,Road 3,Road 3 Text Format,Crash Specific Location,Crash Specific Location Text Format,Type of Intersection,Type of Intersection Text Format,School Bus Related,School Bus Related Text Format,Work Zone Related,Work Zone Related Text Format,Location Of Crash Relative To Work Zone,Location Of Crash Relative To Work Zone Text Format,Type of Work Zone,Type of Work Zone Text Format,Worker Presence,Worker Presence Text Format,Law Enforcement Presence,Law Enforcement Presence Text Format,Were Vehicles Moved Prior To Police Arrival,Trafficway Ownership,Trafficway Ownership Text Format,Trafficway Class,Trafficway Class Text Format,Police Agency,Police Agency Text Format,Badge Number,Approval Date,Police Case Status,Police Case Status Text Format,Crash Report Submission Date,Related Case Identifiers,No. of Through Lanes (Log Dir.),Average Daily Traffic,Functional Classification,Functional Classification Text Format,Rural or Urban,Rural or Urban Text Format
1165090,1,Complete,1165090,1165090,41.333766,-72.91825,3657285,New Haven,93,93,New Haven,6/6/2024,2024,6,June,6,5,Thursday,1:09:00,1,24022886,A,"Injury of any type (Serious, Minor, Possible)",B,Suspected Minor Injury (B),1,0,0,4,Local,0,507,RESERVOIR ST,RESERVOIR ST,CLIFF ST,,,,,41.333766,-72.91825,33,Utility Pole/Light Support,88,Not Applicable,1,On Roadway,1,Clear,88,Not Applicable,4,Dark-Lighted,1,Dry,0,None,88,Not Applicable,88,Not Applicable,0,None,88,Not Applicable,88,Not Applicable,2,Intersection,3,T-Intersection,1,No,1,No,88,Not Applicable,88,Not Applicable,88,Not Applicable,88,Not Applicable,FALSE,1,Public Road,1,"Trafficway, On Road",CT0009300,New Haven PD,45393,21:03.0,C,Closed,01:15.0,,2,1052,7,LOCAL - NEW HPMS,2,Urban
1165538,1,Complete,1165538,1165538,41.32075,-72.934328,3657733,New Haven,93,93,New Haven,6/1/2024,2024,6,June,1,7,Saturday,14:18:00,14,24022274,A,"Injury of any type (Serious, Minor, Possible)",A,Suspected Serious Injury (A),2,0,0,4,Local,0.55,152,DIXWELL AV,DIXWELL AV,,HENRY ST,20,Feet,S,41.32075,-72.934328,14,Motor Vehicle in Operation,1,Front to rear,1,On Roadway,1,Clear,88,Not Applicable,1,Daylight,1,Dry,0,None,88,Not Applicable,88,Not Applicable,0,None,88,Not Applicable,88,Not Applicable,3,Intersection-Related,2,Four-Way Intersection,1,No,1,No,88,Not Applicable,88,Not Applicable,88,Not Applicable,88,Not Applicable,FALSE,1,Public Road,1,"Trafficway, On Road",CT0009300,New Haven PD,286,58:39.0,C,Closed,02:06.0,,,,,,,
1165539,1,Complete,1165539,1165539,41.311832,-72.946964,3657734,New Haven,93,93,New Haven,6/1/2024,2024,6,June,1,7,Saturday,17:08:00,17,24022299,A,"Injury of any type (Serious, Minor, Possible)",C,Possible Injury (C),2,0,0,4,Local,2.95,97,CHAPEL ST,CHAPEL ST,WINTHROP AV NO 2,,,,,41.311832,-72.946964,14,Motor Vehicle in Operation,3,Angle,1,On Roadway,1,Clear,88,Not Applicable,1,Daylight,1,Dry,0,None,88,Not Applicable,88,Not Applicable,0,None,88,Not Applicable,88,Not Applicable,2,Intersection,2,Four-Way Intersection,1,No,1,No,88,Not Applicable,88,Not Applicable,88,Not Applicable,88,Not Applicable,FALSE,1,Public Road,1,"Trafficway, On Road",CT0009300,New Haven PD,45701,51:12.0,C,Closed,02:00.0,,,,,,,
1165545,1,Complete,1165545,1165545,41.320995,-72.874618,3657740,New Haven,93,93,New Haven,6/6/2024,2024,6,June,6,5,Thursday,13:29:00,13,24022962,A,"Injury of any type (Serious, Minor, Possible)",C,Possible Injury (C),2,0,0,3,State,0.41,80,80-E,80-E,,QUINNIPIAC AVE,140,Feet,W,41.320995,-72.874618,14,Motor Vehicle in Operation,3,Angle,1,On Roadway,1,Clear,88,Not Applicable,1,Daylight,1,Dry,0,None,88,Not Applicable,88,Not Applicable,0,None,88,Not Applicable,88,Not Applicable,9,Driveway Access-Related,1,Not at Intersection,1,No,1,No,88,Not Applicable,88,Not Applicable,88,Not Applicable,88,Not Applicable,FALSE,1,Public Road,1,"Trafficway, On Road",CT0009300,New Haven PD,156,04:33.0,C,Closed,01:59.0,,,,,,,
1165547,1,Complete,1165547,1165547,41.334702,-72.972784,3657742,New Haven,93,93,New Haven,6/6/2024,2024,6,June,6,5,Thursday,19:22:00,19,24023012,A,"Injury of any type (Serious, Minor, Possible)",C,Possible Injury (C),2,0,0,4,Local,0.05,566,SOUTH GENESEE ST,SOUTH GENESEE ST,,E RAMSDALL ST,240,Feet,N,41.334702,-72.972784,14,Motor Vehicle in Operation,1,Front to rear,1,On Roadway,1,Clear,88,Not Applicable,1,Daylight,1,Dry,0,None,88,Not Applicable,88,Not Applicable,0,None,88,Not Applicable,88,Not Applicable,1,Non-Junction,1,Not at Intersection,1,No,1,No,88,Not Applicable,88,Not Applicable,88,Not Applicable,88,Not Applicable,TRUE,1,Public Road,1,"Trafficway, On Road",CT0009300,New Haven PD,45983,10:30.0,O,Open,02:09.0,,,,,,,
1165548,1,Complete,1165548,1165548,41.304865,-72.8988,3657743,New Haven,93,93,New Haven,6/7/2024,2024,6,June,7,6,Friday,7:18:00,7,24023068,A,"Injury of any type (Serious, Minor, Possible)",C,Possible Injury (C),1,1,0,4,Local,0.12,57,BLATCHLEY AV,BLATCHLEY AV,SALTONSTALL AV,,,,,41.304865,-72.8988,11,Other Non-motorist,88,Not Applicable,1,On Roadway,1,Clear,88,Not Applicable,1,Daylight,1,Dry,0,None,88,Not Applicable,88,Not Applicable,0,None,88,Not Applicable,88,Not Applicable,2,Intersection,2,Four-Way Intersection,1,No,1,No,88,Not Applicable,88,Not Applicable,88,Not Applicable,88,Not Applicable,TRUE,1,Public Road,1,"Trafficway, On Road",CT0009300,New Haven PD,980,13:44.0,C,Closed,02:05.0,,2,4168,7,LOCAL - NEW HPMS,2,Urban
1165551,1,Complete,1165551,1165551,41.31519241,-72.95052461,3657746,New Haven,93,93,New Haven,6/7/2024,2024,6,June,7,6,Friday,11:20:00,11,24023112,A,"Injury of any type (Serious, Minor, Possible)",C,Possible Injury (C),2,0,0,4,Local,1.08,179,EDGEWOOD AV,EDGEWOOD AV,,ELLA T GRASSO BLVD,81,Feet,E,41.31519241,-72.95052461,14,Motor Vehicle in Operation,1,Front to rear,1,On Roadway,1,Clear,88,Not Applicable,1,Daylight,1,Dry,0,None,88,Not Applicable,88,Not Applicable,0,None,88,Not Applicable,88,Not Applicable,1,Non-Junction,1,Not at Intersection,1,No,1,No,88,Not Applicable,88,Not Applicable,88,Not Applicable,88,Not Applicable,TRUE,1,Public Road,1,"Trafficway, On Road",CT0009300,New Haven PD,46627,49:40.0,C,Closed,02:14.0,,,,,,,
1165552,1,Complete,1165552,1165552,41.286572,-72.931064,3657747,New Haven,93,93,New Haven,6/7/2024,2024,6,June,7,6,Friday,15:08:00,15,24023144,A,"Injury of any type (Serious, Minor, Possible)",A,Suspected Serious Injury (A),1,1,3,4,Local,1.39,308,HOWARD AV,HOWARD AV,,4TH ST,15,Feet,N,41.286572,-72.931064,9,Pedestrian,88,Not Applicable,1,On Roadway,1,Clear,88,Not Applicable,1,Daylight,1,Dry,0,None,88,Not Applicable,88,Not Applicable,0,None,88,Not Applicable,88,Not Applicable,3,Intersection-Related,2,Four-Way Intersection,1,No,1,No,88,Not Applicable,88,Not Applicable,88,Not Applicable,88,Not Applicable,FALSE,1,Public Road,1,"Trafficway, On Road",CT0009300,New Haven PD,42366,06:52.0,C,Closed,02:01.0,,1,5100,4,MINOR ARTERIAL - NEW HPMS,2,Urban
1165555,1,Complete,1165555,1165555,41.322845,-72.947842,3657750,New Haven,93,93,New Haven,6/7/2024,2024,6,June,7,6,Friday,15:39:00,15,24023164,A,"Injury of any type (Serious, Minor, Possible)",A,Suspected Serious Injury (A),1,1,0,4,Local,0.16,258,GOFFE TER,GOFFE TER,,BELLEVUE RD,25,Feet,W,41.322845,-72.947842,9,Pedestrian,88,Not Applicable,1,On Roadway,1,Clear,1,Clear,1,Daylight,1,Dry,0,None,88,Not Applicable,88,Not Applicable,0,None,88,Not Applicable,88,Not Applicable,1,Non-Junction,1,Not at Intersection,1,No,1,No,88,Not Applicable,88,Not Applicable,88,Not Applicable,88,Not Applicable,FALSE,1,Public Road,1,"Trafficway, On Road",CT0009300,New Haven PD,45700,00:52.0,C,Closed,02:08.0,,2,6700,4,MINOR ARTERIAL - NEW HPMS,2,Urban
1165556,1,Complete,1165556,1165556,41.291008,-72.892068,3657751,New Haven,93,93,New Haven,6/7/2024,2024,6,June,7,6,Friday,12:51:00,12,24023165,A,"Injury of any type (Serious, Minor, Possible)",C,Possible Injury (C),2,0,0,4,Local,0.16,597,TOWNSEND AV,TOWNSEND AV,BURWELL ST,,,,,41.291008,-72.892068,14,Motor Vehicle in Operation,1,Front to rear,1,On Roadway,1,Clear,88,Not Applicable,1,Daylight,1,Dry,0,None,88,Not Applicable,88,Not Applicable,0,None,88,Not Applicable,88,Not Applicable,2,Intersection,4,Y-Intersection,1,No,1,No,88,Not Applicable,88,Not Applicable,88,Not Applicable,88,Not Applicable,TRUE,1,Public Road,1,"Trafficway, On Road",CT0009300,New Haven PD,279,25:31.0,C,Closed,02:20.0,,,,,,,
1165560,1,Complete,1165560,1165560,41.323153,-72.948747,3657755,New Haven,93,93,New Haven,6/7/2024,2024,6,June,7,6,Friday,18:40:00,18,24023176,A,"Injury of any type (Serious, Minor, Possible)",C,Possible Injury (C),2,0,0,4,Local,0.11,258,GOFFE TER,GOFFE TER,ELLA T GRASSO BLVD NO 2,,,,,41.323153,-72.948747,14,Motor Vehicle in Operation,3,Angle,1,On Roadway,1,Clear,88,Not Applicable,1,Daylight,1,Dry,0,None,88,Not Applicable,88,Not Applicable,0,None,88,Not Applicable,88,Not Applicable,2,Intersection,2,Four-Way Intersection,1,No,1,No,88,Not Applicable,88,Not Applicable,88,Not Applicable,88,Not Applicable,TRUE,1,Public Road,1,"Trafficway, On Road",CT0009300,New Haven PD,39,10:13.0,C,Closed,02:06.0,,,,,,,
1165561,1,Complete,1165561,1165561,41.327134,-72.972161,3657756,New Haven,93,93,New Haven,6/7/2024,2024,6,June,7,6,Friday,20:46:00,20,24023180,A,"Injury of any type (Serious, Minor, Possible)",B,Suspected Minor Injury (B),2,0,0,3,State,6.01,243,243-E,243-E,WEST PROSPECT ST,,,,,41.327134,-72.972161,14,Motor Vehicle in Operation,3,Angle,1,On Roadway,1,Clear,88,Not Applicable,1,Daylight,1,Dry,0,None,88,Not Applicable,88,Not Applicable,0,None,88,Not Applicable,88,Not Applicable,2,Intersection,2,Four-Way Intersection,1,No,1,No,88,Not Applicable,88,Not Applicable,88,Not Applicable,88,Not Applicable,TRUE,1,Public Road,1,"Trafficway, On Road",CT0009300,New Haven PD,40085,45:55.0,C,Closed,02:17.0,,,,,,,
1165562,1,Complete,1165562,1165562,41.303784,-72.92761,3657757,New Haven,93,93,New Haven,6/7/2024,2024,6,June,7,6,Friday,21:16:00,21,24023192,A,"Injury of any type (Serious, Minor, Possible)",B,Suspected Minor Injury (B),1,0,0,4,Local,0.38,104,CHURCH ST SOUTH NO 1,CHURCH ST SOUTH NO 1,GEORGE ST,,,,,41.303784,-72.92761,33,Utility Pole/Light Support,88,Not Applicable,2,Shoulder,1,Clear,88,Not Applicable,4,Dark-Lighted,1,Dry,0,None,88,Not Applicable,88,Not Applicable,0,None,88,Not Applicable,88,Not Applicable,2,Intersection,2,Four-Way Intersection,1,No,1,No,88,Not Applicable,88,Not Applicable,88,Not Applicable,88,Not Applicable,FALSE,1,Public Road,1,"Trafficway, On Road",CT0009300,New Haven PD,40790,11:13.0,C,Closed,02:07.0,,3,15300,3,PRINCIPAL ARTERIAL - OTHER - NEW HPMS,2,Urban
1165564,1,Complete,1165564,1165564,41.310163,-72.953543,3657759,New Haven,93,93,New Haven,6/7/2024,2024,6,June,7,6,Friday,22:40:00,22,24023204,A,"Injury of any type (Serious, Minor, Possible)",C,Possible Injury (C),2,0,0,3,State,21.88,34,34-E,34-E,10-N,,,,,41.310163,-72.953543,14,Motor Vehicle in Operation,3,Angle,1,On Roadway,1,Clear,88,Not Applicable,4,Dark-Lighted,1,Dry,0,None,88,Not Applicable,88,Not Applicable,0,None,88,Not Applicable,88,Not Applicable,2,Intersection,2,Four-Way Intersection,1,No,1,No,88,Not Applicable,88,Not Applicable,88,Not Applicable,88,Not Applicable,FALSE,1,Public Road,1,"Trafficway, On Road",CT0009300,New Haven PD,7573,34:48.0,C,Closed,02:27.0,,,,,,,
1165569,1,Complete,1165569,1165569,41.315565,-72.939258,3657764,New Haven,93,93,New Haven,6/8/2024,2024,6,June,8,7,Saturday,12:08:00,12,24023249,A,"Injury of any type (Serious, Minor, Possible)",C,Possible Injury (C),2,0,1,4,Local,0.56,653,WHALLEY AV,WHALLEY AV,ORCHARD ST,,,,,41.315565,-72.939258,14,Motor Vehicle in Operation,3,Angle,1,On Roadway,1,Clear,88,Not Applicable,1,Daylight,1,Dry,0,None,88,Not Applicable,88,Not Applicable,0,None,88,Not Applicable,88,Not Applicable,2,Intersection,2,Four-Way Intersection,1,No,1,No,88,Not Applicable,88,Not Applicable,88,Not Applicable,88,Not Applicable,FALSE,1,Public Road,1,"Trafficway, On Road",CT0009300,New Haven PD,359,38:21.0,C,Closed,02:26.0,,,,,,,
1165572,1,Complete,1165572,1165572,41.301849,-72.928032,3657767,New Haven,93,93,New Haven,6/8/2024,2024,6,June,8,7,Saturday,19:00:00,19,24023295,A,"Injury of any type (Serious, Minor, Possible)",C,Possible Injury (C),4,0,0,4,Local,0.32,564,SOUTH FRONTAGE RD,SOUTH FRONTAGE RD,,church street south ,155,Feet,E,41.301849,-72.928032,14,Motor Vehicle in Operation,1,Front to rear,1,On Roadway,1,Clear,88,Not Applicable,1,Daylight,1,Dry,99,Unknown,88,Not Applicable,88,Not Applicable,99,Unknown,88,Not Applicable,88,Not Applicable,1,Non-Junction,1,Not at Intersection,1,No,1,No,88,Not Applicable,88,Not Applicable,88,Not Applicable,88,Not Applicable,FALSE,1,Public Road,1,"Trafficway, On Road",CT0009300,New Haven PD,40947,23:13.0,C,Closed,02:21.0,,,,,,,
1165574,1,Complete,1165574,1165574,41.30084,-72.9108,3657769,New Haven,93,93,New Haven,6/8/2024,2024,6,June,8,7,Saturday,21:20:00,21,24023314,A,"Injury of any type (Serious, Minor, Possible)",B,Suspected Minor Injury (B),2,0,0,2,USRoute,48.96,1,1-N,1-N,EAST ST,,,,,41.30084,-72.9108,14,Motor Vehicle in Operation,4,"Sideswipe, same direction",1,On Roadway,1,Clear,88,Not Applicable,4,Dark-Lighted,1,Dry,99,Unknown,88,Not Applicable,88,Not Applicable,99,Unknown,88,Not Applicable,88,Not Applicable,2,Intersection,2,Four-Way Intersection,1,No,1,No,88,Not Applicable,88,Not Applicable,88,Not Applicable,88,Not Applicable,FALSE,1,Public Road,1,"Trafficway, On Road",CT0009300,New Haven PD,45698,09:56.0,C,Closed,02:32.0,,,,,,,
1165576,1,Complete,1165576,1165576,41.339842,-72.958767,3657771,New Haven,93,93,New Haven,6/9/2024,2024,6,June,9,1,Sunday,4:30:00,4,24023332,A,"Injury of any type (Serious, Minor, Possible)",C,Possible Injury (C),1,0,0,4,Local,0.71,671,WINTERGREEN AV,WINTERGREEN AV,,SPRINGSIDE AVE,200,Feet,N,41.339842,-72.958767,32,Tree (standing),88,Not Applicable,1,On Roadway,1,Clear,88,Not Applicable,4,Dark-Lighted,1,Dry,0,None,88,Not Applicable,88,Not Applicable,0,None,88,Not Applicable,88,Not Applicable,1,Non-Junction,1,Not at Intersection,1,No,1,No,88,Not Applicable,88,Not Applicable,88,Not Applicable,88,Not Applicable,FALSE,1,Public Road,1,"Trafficway, On Road",CT0009300,New Haven PD,45397,25:51.0,C,Closed,02:23.0,,2,2800,7,LOCAL - NEW HPMS,2,Urban
1165580,1,Complete,1165580,1165580,41.317212,-72.915553,3657775,New Haven,93,93,New Haven,6/9/2024,2024,6,June,9,1,Sunday,10:07:00,10,24023359,A,"Injury of any type (Serious, Minor, Possible)",B,Suspected Minor Injury (B),1,1,1,4,Local,0.79,450,ORANGE ST NO 1,ORANGE ST NO 1,BISHOP ST,,,,,41.317212,-72.915553,9,Pedestrian,88,Not Applicable,1,On Roadway,2,Cloudy,88,Not Applicable,1,Daylight,2,Wet,0,None,88,Not Applicable,88,Not Applicable,0,None,88,Not Applicable,88,Not Applicable,2,Intersection,2,Four-Way Intersection,1,No,1,No,88,Not Applicable,88,Not Applicable,88,Not Applicable,88,Not Applicable,TRUE,1,Public Road,1,"Trafficway, On Road",CT0009300,New Haven PD,43688,03:16.0,C,Closed,02:25.0,,2,7000,4,MINOR ARTERIAL - NEW HPMS,2,Urban
1165582,1,Complete,1165582,1165582,41.310564,-72.898569,3657777,New Haven,93,93,New Haven,6/9/2024,2024,6,June,9,1,Sunday,17:44:00,17,24023406,A,"Injury of any type (Serious, Minor, Possible)",C,Possible Injury (C),2,0,0,4,Local,0.05,734,CLAY ST NO 2,CLAY ST NO 2,FILLMORE ST,,,,,41.310564,-72.898569,14,Motor Vehicle in Operation,3,Angle,1,On Roadway,1,Clear,88,Not Applicable,1,Daylight,1,Dry,0,None,88,Not Applicable,88,Not Applicable,0,None,88,Not Applicable,88,Not Applicable,2,Intersection,2,Four-Way Intersection,1,No,1,No,88,Not Applicable,88,Not Applicable,88,Not Applicable,88,Not Applicable,FALSE,1,Public Road,1,"Trafficway, On Road",CT0009300,New Haven PD,45983,28:07.0,C,Closed,02:30.0,,,,,,,
1165583,1,Complete,1165583,1165583,41.320235,-72.871383,3657778,New Haven,93,93,New Haven,6/9/2024,2024,6,June,9,1,Sunday,21:15:00,21,24023422,A,"Injury of any type (Serious, Minor, Possible)",C,Possible Injury (C),2,0,0,3,State,0.59,80,80-E,80-E,,EASTERN ST,40,Feet,E,41.320235,-72.871383,14,Motor Vehicle in Operation,1,Front to rear,1,On Roadway,1,Clear,88,Not Applicable,4,Dark-Lighted,1,Dry,0,None,88,Not Applicable,88,Not Applicable,0,None,88,Not Applicable,88,Not Applicable,3,Intersection-Related,2,Four-Way Intersection,1,No,1,No,88,Not Applicable,88,Not Applicable,88,Not Applicable,88,Not Applicable,TRUE,1,Public Road,1,"Trafficway, On Road",CT0009300,New Haven PD,409,40:02.0,C,Closed,02:33.0,,,,,,,
1166475,1,Complete,1166475,1166475,41.3071938,-72.9325478,3658670,New Haven,93,93,New Haven,6/5/2024,2024,6,June,5,4,Wednesday,14:03:00,14,24022798,A,"Injury of any type (Serious, Minor, Possible)",C,Possible Injury (C),2,0,4,4,Local,0.35,766,YORK ST,YORK ST,CROWN ST,,,,,41.3071938,-72.9325478,14,Motor Vehicle in Operation,3,Angle,1,On Roadway,1,Clear,88,Not Applicable,1,Daylight,1,Dry,0,None,88,Not Applicable,88,Not Applicable,1,Backup Due to Prior Crash,88,Not Applicable,88,Not Applicable,2,Intersection,2,Four-Way Intersection,1,No,1,No,88,Not Applicable,88,Not Applicable,88,Not Applicable,88,Not Applicable,FALSE,1,Public Road,1,"Trafficway, On Road",CT0009300,New Haven PD,46621,51:49.0,C,Closed,01:22.0,,,,,,,
1166480,1,Complete,1166480,1166480,41.328574,-72.962894,3658675,New Haven,93,93,New Haven,6/10/2024,2024,6,June,10,2,Monday,17:00:00,17,24023397,A,"Injury of any type (Serious, Minor, Possible)",C,Possible Injury (C),2,0,0,3,State,0.41,63,63-N,63-N,,Harrison St,226,Feet,W,41.328574,-72.962894,14,Motor Vehicle in Operation,1,Front to rear,1,On Roadway,1,Clear,88,Not Applicable,1,Daylight,1,Dry,0,None,88,Not Applicable,88,Not Applicable,0,None,88,Not Applicable,88,Not Applicable,1,Non-Junction,1,Not at Intersection,1,No,1,No,88,Not Applicable,88,Not Applicable,88,Not Applicable,88,Not Applicable,FALSE,1,Public Road,1,"Trafficway, On Road",CT0009300,New Haven PD,760,37:34.0,C,Closed,01:28.0,,,,,,,
1166482,1,Complete,1166482,1166482,41.324939,-72.896613,3658677,New Haven,93,93,New Haven,6/10/2024,2024,6,June,10,2,Monday,10:09:00,10,24023480,A,"Injury of any type (Serious, Minor, Possible)",C,Possible Injury (C),2,0,0,2,USRoute,0.79,5,5-N,5-N,,LYMAN ST,220,Feet,N,41.324939,-72.896613,14,Motor Vehicle in Operation,1,Front to rear,1,On Roadway,1,Clear,88,Not Applicable,1,Daylight,1,Dry,0,None,88,Not Applicable,88,Not Applicable,0,None,88,Not Applicable,88,Not Applicable,9,Driveway Access-Related,1,Not at Intersection,1,No,1,No,88,Not Applicable,88,Not Applicable,88,Not Applicable,88,Not Applicable,FALSE,1,Public Road,1,"Trafficway, On Road",CT0009300,New Haven PD,45389,38:53.0,C,Closed,01:24.0,,,,,,,
1166486,1,Complete,1166486,1166486,41.287579,-72.925563,3658681,New Haven,93,93,New Haven,6/10/2024,2024,6,June,10,2,Monday,16:59:00,16,24023563,A,"Injury of any type (Serious, Minor, Possible)",C,Possible Injury (C),2,0,0,4,Local,0.26,359,SARGENT DR,SARGENT DR,,LONG WHARF DR,100,Feet,N,41.287579,-72.925563,14,Motor Vehicle in Operation,1,Front to rear,1,On Roadway,1,Clear,88,Not Applicable,1,Daylight,1,Dry,99,Unknown,88,Not Applicable,88,Not Applicable,99,Unknown,88,Not Applicable,88,Not Applicable,1,Non-Junction,1,Not at Intersection,1,No,1,No,88,Not Applicable,88,Not Applicable,88,Not Applicable,88,Not Applicable,FALSE,1,Public Road,1,"Trafficway, On Road",CT0009300,New Haven PD,45698,51:11.0,C,Closed,01:26.0,,,,,,,
1166487,1,Complete,1166487,1166487,41.33288,-72.867735,3658682,New Haven,93,93,New Haven,6/10/2024,2024,6,June,10,2,Monday,16:55:00,16,24023565,A,"Injury of any type (Serious, Minor, Possible)",B,Suspected Minor Injury (B),1,1,0,3,State,0.91,103,103-N,103-N,GLEN HAVEN RD,,,,,41.33288,-72.867735,9,Pedestrian,88,Not Applicable,1,On Roadway,1,Clear,88,Not Applicable,1,Daylight,1,Dry,0,None,88,Not Applicable,88,Not Applicable,0,None,88,Not Applicable,88,Not Applicable,2,Intersection,3,T-Intersection,1,No,1,No,88,Not Applicable,88,Not Applicable,88,Not Applicable,88,Not Applicable,FALSE,1,Public Road,1,"Trafficway, On Road",CT0009300,New Haven PD,42049,03:42.0,C,Closed,01:26.0,,2,6500,4,MINOR ARTERIAL - NEW HPMS,2,Urban
1166879,1,Complete,1166879,1166879,41.301426,-72.941552,3659074,New Haven,93,93,New Haven,5/4/2024,2024,5,May,4,7,Saturday,22:11:00,22,24018211,A,"Injury of any type (Serious, Minor, Possible)",C,Possible Injury (C),2,0,0,4,Local,0.42,141,DAVENPORT AV,DAVENPORT AV,KOSSUTH ST,,,,,41.301426,-72.941552,14,Motor Vehicle in Operation,5,"Sideswipe, opposite direction",1,On Roadway,1,Clear,88,Not Applicable,4,Dark-Lighted,1,Dry,0,None,88,Not Applicable,88,Not Applicable,0,None,88,Not Applicable,88,Not Applicable,2,Intersection,3,T-Intersection,1,No,1,No,88,Not Applicable,88,Not Applicable,88,Not Applicable,88,Not Applicable,TRUE,1,Public Road,1,"Trafficway, On Road",CT0009300,New Haven PD,44953,35:00.0,C,Closed,00:02.0,,,,,,,
1166887,1,Complete,1166887,1166887,41.319446,-72.949726,3659082,New Haven,93,93,New Haven,6/10/2024,2024,6,June,10,2,Monday,13:46:00,13,24023523,A,"Injury of any type (Serious, Minor, Possible)",C,Possible Injury (C),2,0,0,3,State,3.08,10,10-N,10-N,,ELLA T GRASSO BLVD,100,Feet,W,41.319446,-72.949726,14,Motor Vehicle in Operation,1,Front to rear,1,On Roadway,1,Clear,88,Not Applicable,1,Daylight,1,Dry,0,None,88,Not Applicable,88,Not Applicable,0,None,88,Not Applicable,88,Not Applicable,3,Intersection-Related,2,Four-Way Intersection,1,No,1,No,88,Not Applicable,88,Not Applicable,88,Not Applicable,88,Not Applicable,FALSE,1,Public Road,1,"Trafficway, On Road",CT0009300,New Haven PD,39,10:20.0,C,Closed,00:03.0,,,,,,,
1166889,1,Complete,1166889,1166889,41.3087474,-72.9254165,3659084,New Haven,93,93,New Haven,6/10/2024,2024,6,June,10,2,Monday,14:33:00,14,24023537,A,"Injury of any type (Serious, Minor, Possible)",C,Possible Injury (C),2,0,0,4,Local,0.4,588,TEMPLE ST,TEMPLE ST,ELM ST NO 2,,,,,41.3087474,-72.9254165,14,Motor Vehicle in Operation,4,"Sideswipe, same direction",1,On Roadway,1,Clear,88,Not Applicable,1,Daylight,1,Dry,0,None,88,Not Applicable,88,Not Applicable,0,None,88,Not Applicable,88,Not Applicable,2,Intersection,2,Four-Way Intersection,1,No,1,No,88,Not Applicable,88,Not Applicable,88,Not Applicable,88,Not Applicable,TRUE,1,Public Road,1,"Trafficway, On Road",CT0009300,New Haven PD,46611,23:42.0,C,Closed,00:11.0,,,,,,,
1166890,1,Complete,1166890,1166890,41.330293,-72.977715,3659085,New Haven,93,93,New Haven,6/10/2024,2024,6,June,10,2,Monday,15:22:00,15,24023544,A,"Injury of any type (Serious, Minor, Possible)",A,Suspected Serious Injury (A),1,0,1,4,Local,0.12,501,RAMSDELL ST,RAMSDELL ST,,FAIRFIELD ST,75,Feet,S,41.330293,-72.977715,25,Curb,88,Not Applicable,2,Shoulder,1,Clear,88,Not Applicable,1,Daylight,1,Dry,99,Unknown,88,Not Applicable,88,Not Applicable,99,Unknown,88,Not Applicable,88,Not Applicable,3,Intersection-Related,2,Four-Way Intersection,1,No,1,No,88,Not Applicable,88,Not Applicable,88,Not Applicable,88,Not Applicable,FALSE,1,Public Road,1,"Trafficway, On Road",CT0009300,New Haven PD,402,36:36.0,C,Closed,00:08.0,24023544,2,4300,5,MAJOR COLLECTOR - NEW HPMS,2,Urban
1166895,1,Complete,1166895,1166895,41.297717,-72.939783,3659090,New Haven,93,93,New Haven,6/11/2024,2024,6,June,11,3,Tuesday,15:47:00,15,24023736,A,"Injury of any type (Serious, Minor, Possible)",B,Suspected Minor Injury (B),2,0,1,2,USRoute,47.11,1,1-N,1-N,REDFIELD ST,,,,,41.297717,-72.939783,14,Motor Vehicle in Operation,3,Angle,1,On Roadway,1,Clear,88,Not Applicable,1,Daylight,1,Dry,0,None,88,Not Applicable,88,Not Applicable,0,None,88,Not Applicable,88,Not Applicable,2,Intersection,3,T-Intersection,1,No,1,No,88,Not Applicable,88,Not Applicable,88,Not Applicable,88,Not Applicable,FALSE,1,Public Road,1,"Trafficway, On Road",CT0009300,New Haven PD,46622,30:48.0,C,Closed,00:13.0,,,,,,,