CrashId,Fatal Case Status,Fatal Case Status Text Format,CrashId,CrashId,Latitude,Longitude,DOT Case Number,Town Name,Town Number,Town Number,Town Number Text Format,Date Of Crash,Year,Month,Month Text Format,Day,Day of the Week,Day of the Week Text Format,Time of Crash,Hour of the Day,Case Identifier,Crash Severity,Crash Severity Text Format,Most Severe Injury,Most Severe Injury Text Format,Number Of Motor Vehicles,Number Of Non-Motorist,Number Of Witnesses,Route Class,Route Class Text Format,Milemarker,Road Number,Road Description,Roadway Name,Intersecting Roadway Name,Landmark Description,Distance From Nearest Landmark,Unit Of Measure From Nearest Landmark,Direction From Nearest Landmark,Latitude,Longitude,First Harmful Event,First Harmful Event Text Format,Manner of Crash / Collision Impact,Manner of Crash / Collision Impact Text Format,Location of First Harmful Event,Location of First Harmful Event Text Format,Weather Condition,Weather Condition Text Format,Weather 2,Weather 2 Text Format,Light Condition,Light Condition Text Format,Road Surface Condition,Road Surface Condition Text Format,"Contributing Circumstances, Environment","Contributing Circumstances, Environment Text Format",Environment 2,Environment 2 Text Format,Environment 3,Environment 3 Text Format,"Contributing Circumstances, Road","Contributing Circumstances, Road Text Format",Road 2,Road 2 Text Format,Road 3,Road 3 Text Format,Crash Specific Location,Crash Specific Location Text Format,Type of Intersection,Type of Intersection Text Format,School Bus Related,School Bus Related Text Format,Work Zone Related,Work Zone Related Text Format,Location Of Crash Relative To Work Zone,Location Of Crash Relative To Work Zone Text Format,Type of Work Zone,Type of Work Zone Text Format,Worker Presence,Worker Presence Text Format,Law Enforcement Presence,Law Enforcement Presence Text Format,Were Vehicles Moved Prior To Police Arrival,Trafficway Ownership,Trafficway Ownership Text Format,Trafficway Class,Trafficway Class Text Format,Police Agency,Police Agency Text Format,Badge Number,Approval Date,Police Case Status,Police Case Status Text Format,Crash Report Submission Date,Related Case Identifiers,No. of Through Lanes (Log Dir.),Average Daily Traffic,Functional Classification,Functional Classification Text Format,Rural or Urban,Rural or Urban Text Format
1167243,1,Complete,1167243,1167243,41.2982159,-72.89105363,3659438,New Haven,93,93,New Haven,5/16/2024,2024,5,May,16,5,Thursday,18:30:00,18,24019919,A,"Injury of any type (Serious, Minor, Possible)",C,Possible Injury (C),3,0,0,4,Local,0.04,351,LANCRAFT ST,LANCRAFT ST,,QUINNIPIAC AVE,180,Feet,W,41.2982159,-72.89105363,14,Motor Vehicle in Operation,3,Angle,1,On Roadway,1,Clear,88,Not Applicable,1,Daylight,1,Dry,0,None,88,Not Applicable,88,Not Applicable,0,None,88,Not Applicable,88,Not Applicable,1,Non-Junction,1,Not at Intersection,1,No,1,No,88,Not Applicable,88,Not Applicable,88,Not Applicable,88,Not Applicable,FALSE,1,Public Road,1,"Trafficway, On Road",CT0009300,New Haven PD,35276,45:08.0,C,Closed,01:32.0,,,,,,,
1167246,1,Complete,1167246,1167246,41.32210507,-72.87826572,3659441,New Haven,93,93,New Haven,6/10/2024,2024,6,June,10,2,Monday,21:09:00,21,24023269,A,"Injury of any type (Serious, Minor, Possible)",C,Possible Injury (C),2,0,0,,,,,,225 FOXON BLVD,,FOXON BLVD,90,Feet,S,41.32210507,-72.87826572,14,Motor Vehicle in Operation,1,Front to rear,97,Other,2,Cloudy,88,Not Applicable,4,Dark-Lighted,1,Dry,0,None,88,Not Applicable,88,Not Applicable,0,None,88,Not Applicable,88,Not Applicable,97,Other,1,Not at Intersection,1,No,1,No,88,Not Applicable,88,Not Applicable,88,Not Applicable,88,Not Applicable,TRUE,88,Not Applicable,4,Parking Lot,CT0009300,New Haven PD,409,12:13.0,C,Closed,01:29.0,,,,,,,
1167251,1,Complete,1167251,1167251,41.3201941,-72.8932193,3659446,New Haven,93,93,New Haven,6/12/2024,2024,6,June,12,4,Wednesday,11:56:00,11,24023883,A,"Injury of any type (Serious, Minor, Possible)",C,Possible Injury (C),1,0,0,4,Local,0.49,411,MIDDLETOWN AV,MIDDLETOWN AV,CLINTON AV,,,,,41.3201941,-72.8932193,33,Utility Pole/Light Support,88,Not Applicable,1,On Roadway,1,Clear,88,Not Applicable,1,Daylight,1,Dry,0,None,88,Not Applicable,88,Not Applicable,0,None,88,Not Applicable,88,Not Applicable,2,Intersection,2,Four-Way Intersection,1,No,1,No,88,Not Applicable,88,Not Applicable,88,Not Applicable,88,Not Applicable,TRUE,1,Public Road,1,"Trafficway, On Road",CT0009300,New Haven PD,42366,50:58.0,C,Closed,01:33.0,,2,10600,3,PRINCIPAL ARTERIAL - OTHER - NEW HPMS,2,Urban
1167753,1,Complete,1167753,1167753,41.308058,-72.95286,3659948,New Haven,93,93,New Haven,5/31/2024,2024,5,May,31,6,Friday,16:03:00,16,24022153,A,"Injury of any type (Serious, Minor, Possible)",B,Suspected Minor Injury (B),3,0,0,4,Local,0.01,333,JUDSON AV,JUDSON AV,,ELLA T GRASSO BLVD,50,Feet,E,41.308058,-72.95286,14,Motor Vehicle in Operation,3,Angle,1,On Roadway,1,Clear,88,Not Applicable,1,Daylight,1,Dry,0,None,88,Not Applicable,88,Not Applicable,0,None,88,Not Applicable,88,Not Applicable,3,Intersection-Related,3,T-Intersection,1,No,1,No,88,Not Applicable,88,Not Applicable,88,Not Applicable,88,Not Applicable,FALSE,1,Public Road,1,"Trafficway, On Road",CT0009300,New Haven PD,46619,52:04.0,C,Closed,00:59.0,,,,,,,
1167758,1,Complete,1167758,1167758,41.320987,-72.874345,3659953,New Haven,93,93,New Haven,6/11/2024,2024,6,June,11,3,Tuesday,18:41:00,18,24023785,A,"Injury of any type (Serious, Minor, Possible)",B,Suspected Minor Injury (B),2,0,0,3,State,0.42,80,80-E,80-E,,QUINNIPIAC AVE,75,Feet,W,41.320987,-72.874345,14,Motor Vehicle in Operation,3,Angle,1,On Roadway,1,Clear,88,Not Applicable,1,Daylight,1,Dry,0,None,88,Not Applicable,88,Not Applicable,0,None,88,Not Applicable,88,Not Applicable,3,Intersection-Related,2,Four-Way Intersection,1,No,1,No,88,Not Applicable,88,Not Applicable,88,Not Applicable,88,Not Applicable,FALSE,1,Public Road,1,"Trafficway, On Road",CT0009300,New Haven PD,42049,20:23.0,C,Closed,01:01.0,,,,,,,
1167761,1,Complete,1167761,1167761,41.288368,-72.938477,3659956,New Haven,93,93,New Haven,6/12/2024,2024,6,June,12,4,Wednesday,21:38:00,21,24023944,A,"Injury of any type (Serious, Minor, Possible)",C,Possible Injury (C),3,0,0,3,State,0.65,10,10-N,10-N,,LAMBERTON ST,788,Feet,S,41.288368,-72.938477,14,Motor Vehicle in Operation,5,"Sideswipe, opposite direction",1,On Roadway,1,Clear,88,Not Applicable,4,Dark-Lighted,1,Dry,0,None,88,Not Applicable,88,Not Applicable,0,None,88,Not Applicable,88,Not Applicable,1,Non-Junction,1,Not at Intersection,1,No,1,No,88,Not Applicable,88,Not Applicable,88,Not Applicable,88,Not Applicable,FALSE,1,Public Road,1,"Trafficway, On Road",CT0009300,New Haven PD,42366,29:10.0,C,Closed,01:00.0,,,,,,,
1167762,1,Complete,1167762,1167762,41.289901,-72.940259,3659957,New Haven,93,93,New Haven,6/13/2024,2024,6,June,13,5,Thursday,7:39:00,7,24023970,A,"Injury of any type (Serious, Minor, Possible)",C,Possible Injury (C),2,0,0,3,State,0.79,10,10-N,10-N,LAMBERTON ST,,,,,41.289901,-72.940259,14,Motor Vehicle in Operation,1,Front to rear,1,On Roadway,1,Clear,88,Not Applicable,1,Daylight,1,Dry,0,None,88,Not Applicable,88,Not Applicable,0,None,88,Not Applicable,88,Not Applicable,2,Intersection,2,Four-Way Intersection,1,No,1,No,88,Not Applicable,88,Not Applicable,88,Not Applicable,88,Not Applicable,TRUE,1,Public Road,1,"Trafficway, On Road",CT0009300,New Haven PD,26,27:34.0,C,Closed,01:02.0,,,,,,,
1167764,1,Complete,1167764,1167764,41.314042,-72.90434,3659959,New Haven,93,93,New Haven,6/13/2024,2024,6,June,13,5,Thursday,10:35:00,10,24024008,A,"Injury of any type (Serious, Minor, Possible)",C,Possible Injury (C),2,0,0,4,Local,0.9,316,HUMPHREY ST,HUMPHREY ST,,JAMES ST,85,Feet,W,41.314042,-72.90434,14,Motor Vehicle in Operation,4,"Sideswipe, same direction",1,On Roadway,1,Clear,88,Not Applicable,1,Daylight,1,Dry,0,None,88,Not Applicable,88,Not Applicable,0,None,88,Not Applicable,88,Not Applicable,1,Non-Junction,1,Not at Intersection,1,No,1,No,88,Not Applicable,88,Not Applicable,88,Not Applicable,88,Not Applicable,TRUE,1,Public Road,1,"Trafficway, On Road",CT0009300,New Haven PD,476,25:55.0,C,Closed,01:02.0,,,,,,,
1167766,1,Complete,1167766,1167766,41.331033,-72.945988,3659961,New Haven,93,93,New Haven,6/13/2024,2024,6,June,13,5,Thursday,20:27:00,20,24024116,A,"Injury of any type (Serious, Minor, Possible)",C,Possible Injury (C),2,0,0,4,Local,0.85,133,CRESCENT ST,CRESCENT ST,,ROGER WHITE DR,380,Feet,W,41.331033,-72.945988,14,Motor Vehicle in Operation,1,Front to rear,1,On Roadway,1,Clear,88,Not Applicable,4,Dark-Lighted,1,Dry,0,None,88,Not Applicable,88,Not Applicable,3,Backup Due to Regular Congestion,88,Not Applicable,88,Not Applicable,1,Non-Junction,1,Not at Intersection,1,No,1,No,88,Not Applicable,88,Not Applicable,88,Not Applicable,88,Not Applicable,FALSE,1,Public Road,1,"Trafficway, On Road",CT0009300,New Haven PD,402,42:39.0,C,Closed,01:05.0,,,,,,,
1167767,1,Complete,1167767,1167767,41.29776,-72.937618,3659962,New Haven,93,93,New Haven,6/13/2024,2024,6,June,13,5,Thursday,23:36:00,23,24024134,A,"Injury of any type (Serious, Minor, Possible)",C,Possible Injury (C),2,0,0,2,USRoute,47.22,1,1-N,1-N,WASHINGTON AV NO 1,,,,,41.29776,-72.937618,14,Motor Vehicle in Operation,3,Angle,1,On Roadway,1,Clear,88,Not Applicable,4,Dark-Lighted,1,Dry,0,None,88,Not Applicable,88,Not Applicable,0,None,88,Not Applicable,88,Not Applicable,2,Intersection,2,Four-Way Intersection,1,No,1,No,88,Not Applicable,88,Not Applicable,88,Not Applicable,88,Not Applicable,TRUE,1,Public Road,1,"Trafficway, On Road",CT0009300,New Haven PD,44953,42:21.0,C,Closed,01:06.0,,,,,,,
1168224,1,Complete,1168224,1168224,41.301414,-72.925964,3660419,New Haven,93,93,New Haven,6/7/2024,2024,6,June,7,6,Friday,21:26:00,21,24023197,A,"Injury of any type (Serious, Minor, Possible)",C,Possible Injury (C),2,0,0,4,Local,0.04,809,REV DR MLK JR BLVD,REV DR MLK JR BLVD,,SOUTH ORANGE ST,250,Feet,E,41.301414,-72.925964,14,Motor Vehicle in Operation,3,Angle,1,On Roadway,1,Clear,1,Clear,4,Dark-Lighted,1,Dry,0,None,88,Not Applicable,88,Not Applicable,0,None,88,Not Applicable,88,Not Applicable,3,Intersection-Related,8,"Five-Point, or More",1,No,1,No,88,Not Applicable,88,Not Applicable,88,Not Applicable,88,Not Applicable,FALSE,1,Public Road,1,"Trafficway, On Road",CT0009300,New Haven PD,42056,28:55.0,C,Closed,01:37.0,,,,,,,
1168229,1,Complete,1168229,1168229,41.326478,-72.927538,3660424,New Haven,93,93,New Haven,6/10/2024,2024,6,June,10,2,Monday,15:42:00,15,24023541,A,"Injury of any type (Serious, Minor, Possible)",C,Possible Injury (C),1,0,0,4,Local,0.75,669,WINCHESTER AV,WINCHESTER AV,THOMPSON ST,,,,,41.326478,-72.927538,39,"Other Fixed Object (wall, building, tunnel, etc.)",88,Not Applicable,1,On Roadway,1,Clear,88,Not Applicable,1,Daylight,1,Dry,0,None,88,Not Applicable,88,Not Applicable,0,None,88,Not Applicable,88,Not Applicable,2,Intersection,3,T-Intersection,1,No,1,No,88,Not Applicable,88,Not Applicable,88,Not Applicable,88,Not Applicable,FALSE,1,Public Road,1,"Trafficway, On Road",CT0009300,New Haven PD,46625,51:42.0,O,Open,01:47.0,,1,5400,5,MAJOR COLLECTOR - NEW HPMS,2,Urban
1168239,1,Complete,1168239,1168239,41.29751942,-72.94908139,3660434,New Haven,93,93,New Haven,6/13/2024,2024,6,June,13,5,Thursday,10:35:00,10,24024006,A,"Injury of any type (Serious, Minor, Possible)",C,Possible Injury (C),2,0,0,2,USRoute,46.64,1,1-N,1-N,10-N,,,,,41.29751942,-72.94908139,14,Motor Vehicle in Operation,3,Angle,1,On Roadway,1,Clear,88,Not Applicable,1,Daylight,1,Dry,0,None,88,Not Applicable,88,Not Applicable,0,None,88,Not Applicable,88,Not Applicable,2,Intersection,2,Four-Way Intersection,1,No,1,No,88,Not Applicable,88,Not Applicable,88,Not Applicable,88,Not Applicable,FALSE,1,Public Road,1,"Trafficway, On Road",CT0009300,New Haven PD,46626,53:26.0,C,Closed,01:32.0,,,,,,,
1168247,1,Complete,1168247,1168247,41.302882,-72.937432,3660442,New Haven,93,93,New Haven,6/14/2024,2024,6,June,14,6,Friday,7:43:00,7,24024155,A,"Injury of any type (Serious, Minor, Possible)",C,Possible Injury (C),2,0,0,4,Local,0.66,141,DAVENPORT AV,DAVENPORT AV,VERNON ST,,,,,41.302882,-72.937432,14,Motor Vehicle in Operation,2,Front to front,1,On Roadway,1,Clear,88,Not Applicable,1,Daylight,1,Dry,0,None,88,Not Applicable,88,Not Applicable,0,None,88,Not Applicable,88,Not Applicable,2,Intersection,2,Four-Way Intersection,1,No,1,No,88,Not Applicable,88,Not Applicable,88,Not Applicable,88,Not Applicable,FALSE,1,Public Road,1,"Trafficway, On Road",CT0009300,New Haven PD,46626,52:37.0,C,Closed,01:32.0,,,,,,,
1168252,1,Complete,1168252,1168252,41.320616,-72.897604,3660447,New Haven,93,93,New Haven,6/14/2024,2024,6,June,14,6,Friday,12:42:00,12,24024212,A,"Injury of any type (Serious, Minor, Possible)",C,Possible Injury (C),2,0,0,2,USRoute,0.47,5,5-N,5-N,,GRACE ST,250,Feet,N,41.320616,-72.897604,14,Motor Vehicle in Operation,1,Front to rear,1,On Roadway,1,Clear,88,Not Applicable,1,Daylight,1,Dry,0,None,88,Not Applicable,88,Not Applicable,0,None,88,Not Applicable,88,Not Applicable,1,Non-Junction,1,Not at Intersection,1,No,1,No,88,Not Applicable,88,Not Applicable,88,Not Applicable,88,Not Applicable,TRUE,1,Public Road,1,"Trafficway, On Road",CT0009300,New Haven PD,45395,54:12.0,C,Closed,01:37.0,,,,,,,
1168253,1,Complete,1168253,1168253,41.288307,-72.935467,3660448,New Haven,93,93,New Haven,6/14/2024,2024,6,June,14,6,Friday,13:21:00,13,24024216,A,"Injury of any type (Serious, Minor, Possible)",C,Possible Injury (C),2,0,0,4,Local,0.02,265,GRANT ST,GRANT ST,,KIMBERLY AVE,85,Feet,W,41.288307,-72.935467,14,Motor Vehicle in Operation,4,"Sideswipe, same direction",1,On Roadway,1,Clear,88,Not Applicable,1,Daylight,1,Dry,0,None,88,Not Applicable,88,Not Applicable,0,None,88,Not Applicable,88,Not Applicable,1,Non-Junction,1,Not at Intersection,1,No,1,No,88,Not Applicable,88,Not Applicable,88,Not Applicable,88,Not Applicable,TRUE,1,Public Road,1,"Trafficway, On Road",CT0009300,New Haven PD,26,24:28.0,C,Closed,01:33.0,,,,,,,
1168256,1,Complete,1168256,1168256,41.314159,-72.935274,3660451,New Haven,93,93,New Haven,6/14/2024,2024,6,June,14,6,Friday,18:40:00,18,24024267,A,"Injury of any type (Serious, Minor, Possible)",B,Suspected Minor Injury (B),2,0,0,4,Local,0.79,653,WHALLEY AV,WHALLEY AV,,SPERRY ST,100,Feet,E,41.314159,-72.935274,14,Motor Vehicle in Operation,3,Angle,1,On Roadway,4,Rain,88,Not Applicable,1,Daylight,2,Wet,0,None,88,Not Applicable,88,Not Applicable,0,None,88,Not Applicable,88,Not Applicable,9,Driveway Access-Related,1,Not at Intersection,1,No,1,No,88,Not Applicable,88,Not Applicable,88,Not Applicable,88,Not Applicable,FALSE,1,Public Road,1,"Trafficway, On Road",CT0009300,New Haven PD,45403,25:23.0,O,Open,01:38.0,,,,,,,
1168260,1,Complete,1168260,1168260,41.3161282,-72.9162279,3660455,New Haven,93,93,New Haven,6/15/2024,2024,6,June,15,7,Saturday,15:53:00,15,24024348,A,"Injury of any type (Serious, Minor, Possible)",B,Suspected Minor Injury (B),3,0,0,4,Local,0.88,450,ORANGE ST NO 1,ORANGE ST NO 1,HUMPHREY ST,,,,,41.3161282,-72.9162279,14,Motor Vehicle in Operation,3,Angle,1,On Roadway,1,Clear,88,Not Applicable,1,Daylight,1,Dry,0,None,88,Not Applicable,88,Not Applicable,0,None,88,Not Applicable,88,Not Applicable,2,Intersection,2,Four-Way Intersection,1,No,1,No,88,Not Applicable,88,Not Applicable,88,Not Applicable,88,Not Applicable,FALSE,1,Public Road,1,"Trafficway, On Road",CT0009300,New Haven PD,46625,55:24.0,C,Closed,01:45.0,,,,,,,
1168271,1,Complete,1168271,1168271,41.312633,-72.950484,3660466,New Haven,93,93,New Haven,6/16/2024,2024,6,June,16,1,Sunday,20:30:00,20,24024468,A,"Injury of any type (Serious, Minor, Possible)",C,Possible Injury (C),1,1,0,4,Local,3.14,97,CHAPEL ST,CHAPEL ST,ELLSWORTH AV,,,,,41.312633,-72.950484,9,Pedestrian,88,Not Applicable,1,On Roadway,1,Clear,88,Not Applicable,4,Dark-Lighted,1,Dry,99,Unknown,88,Not Applicable,88,Not Applicable,99,Unknown,88,Not Applicable,88,Not Applicable,2,Intersection,2,Four-Way Intersection,1,No,1,No,88,Not Applicable,88,Not Applicable,88,Not Applicable,88,Not Applicable,FALSE,1,Public Road,1,"Trafficway, On Road",CT0009300,New Haven PD,46619,06:40.0,O,Open,01:56.0,,2,7700,5,MAJOR COLLECTOR - NEW HPMS,2,Urban
1168855,1,Complete,1168855,1168855,41.317519,-72.929495,3661046,New Haven,93,93,New Haven,6/14/2024,2024,6,June,14,6,Friday,20:19:00,20,24024114,A,"Injury of any type (Serious, Minor, Possible)",C,Possible Injury (C),2,0,0,4,Local,0.12,631,WEBSTER ST,WEBSTER ST,ASHMUN ST NO 2,,,,,41.317519,-72.929495,14,Motor Vehicle in Operation,3,Angle,1,On Roadway,1,Clear,88,Not Applicable,3,Dusk,1,Dry,0,None,88,Not Applicable,88,Not Applicable,0,None,88,Not Applicable,88,Not Applicable,2,Intersection,2,Four-Way Intersection,1,No,1,No,88,Not Applicable,88,Not Applicable,88,Not Applicable,88,Not Applicable,FALSE,1,Public Road,1,"Trafficway, On Road",CT0009300,New Haven PD,991,24:46.0,C,Closed,01:57.0,,,,,,,
1168856,1,Complete,1168856,1168856,41.297425,-72.949266,3661047,New Haven,93,93,New Haven,6/15/2024,2024,6,June,15,7,Saturday,21:44:00,21,24024375,A,"Injury of any type (Serious, Minor, Possible)",C,Possible Injury (C),2,0,0,2,USRoute,46.62,1,1-N,1-N,,ELLA T GRASSO BLVD,65,Feet,W,41.297425,-72.949266,14,Motor Vehicle in Operation,1,Front to rear,1,On Roadway,1,Clear,88,Not Applicable,4,Dark-Lighted,1,Dry,0,None,88,Not Applicable,88,Not Applicable,0,None,88,Not Applicable,88,Not Applicable,3,Intersection-Related,2,Four-Way Intersection,1,No,1,No,88,Not Applicable,88,Not Applicable,88,Not Applicable,88,Not Applicable,TRUE,1,Public Road,1,"Trafficway, On Road",CT0009300,New Haven PD,45395,32:16.0,C,Closed,01:54.0,,,,,,,
1168857,1,Complete,1168857,1168857,41.322793,-72.938038,3661048,New Haven,93,93,New Haven,6/17/2024,2024,6,June,17,2,Monday,8:52:00,8,24024515,A,"Injury of any type (Serious, Minor, Possible)",C,Possible Injury (C),2,0,0,4,Local,0.24,557,SHERMAN PKWY,SHERMAN PKWY,,MUNSON ST,60,Feet,S,41.322793,-72.938038,14,Motor Vehicle in Operation,4,"Sideswipe, same direction",1,On Roadway,1,Clear,88,Not Applicable,1,Daylight,1,Dry,0,None,88,Not Applicable,88,Not Applicable,0,None,88,Not Applicable,88,Not Applicable,3,Intersection-Related,2,Four-Way Intersection,1,No,1,No,88,Not Applicable,88,Not Applicable,88,Not Applicable,88,Not Applicable,FALSE,1,Public Road,1,"Trafficway, On Road",CT0009300,New Haven PD,991,41:06.0,C,Closed,01:58.0,,,,,,,
1168858,1,Complete,1168858,1168858,41.326276,-72.936867,3661049,New Haven,93,93,New Haven,6/17/2024,2024,6,June,17,2,Monday,8:46:00,8,24024517,A,"Injury of any type (Serious, Minor, Possible)",C,Possible Injury (C),2,0,0,4,Local,0.49,557,SHERMAN PKWY,SHERMAN PKWY,,W DIVISION,184,Feet,S,41.326276,-72.936867,14,Motor Vehicle in Operation,3,Angle,1,On Roadway,1,Clear,88,Not Applicable,1,Daylight,1,Dry,0,None,88,Not Applicable,88,Not Applicable,0,None,88,Not Applicable,88,Not Applicable,97,Other,1,Not at Intersection,1,No,1,No,88,Not Applicable,88,Not Applicable,88,Not Applicable,88,Not Applicable,FALSE,1,Public Road,1,"Trafficway, On Road",CT0009300,New Haven PD,43689,04:30.0,C,Closed,01:55.0,,,,,,,
1168859,1,Complete,1168859,1168859,41.320125,-72.893132,3661050,New Haven,93,93,New Haven,6/17/2024,2024,6,June,17,2,Monday,9:08:00,9,24024521,A,"Injury of any type (Serious, Minor, Possible)",A,Suspected Serious Injury (A),2,0,1,4,Local,0.49,411,MIDDLETOWN AV,MIDDLETOWN AV,CLINTON AV,,,,,41.320125,-72.893132,14,Motor Vehicle in Operation,3,Angle,1,On Roadway,1,Clear,88,Not Applicable,1,Daylight,1,Dry,0,None,88,Not Applicable,88,Not Applicable,0,None,88,Not Applicable,88,Not Applicable,2,Intersection,2,Four-Way Intersection,1,No,1,No,88,Not Applicable,88,Not Applicable,88,Not Applicable,88,Not Applicable,FALSE,1,Public Road,1,"Trafficway, On Road",CT0009300,New Haven PD,180,30:15.0,C,Closed,01:57.0,24024521,,,,,,
1168863,1,Complete,1168863,1168863,41.317023,-72.948207,3661054,New Haven,93,93,New Haven,6/17/2024,2024,6,June,17,2,Monday,16:01:00,16,24024565,A,"Injury of any type (Serious, Minor, Possible)",C,Possible Injury (C),2,0,1,4,Local,0.85,194,ELM ST NO 1,ELM ST NO 1,ELLSWORTH AV,,,,,41.317023,-72.948207,14,Motor Vehicle in Operation,3,Angle,1,On Roadway,1,Clear,88,Not Applicable,1,Daylight,1,Dry,0,None,88,Not Applicable,88,Not Applicable,0,None,88,Not Applicable,88,Not Applicable,2,Intersection,2,Four-Way Intersection,1,No,1,No,88,Not Applicable,88,Not Applicable,88,Not Applicable,88,Not Applicable,FALSE,1,Public Road,1,"Trafficway, On Road",CT0009300,New Haven PD,44055,47:02.0,C,Closed,01:59.0,,,,,,,
1168864,1,Complete,1168864,1168864,41.287632,-72.92557,3661055,New Haven,93,93,New Haven,6/17/2024,2024,6,June,17,2,Monday,15:54:00,15,24024566,A,"Injury of any type (Serious, Minor, Possible)",C,Possible Injury (C),2,0,0,4,Local,0.26,359,SARGENT DR,SARGENT DR,,LONG WHARF DR,100,Feet,N,41.287632,-72.92557,14,Motor Vehicle in Operation,1,Front to rear,1,On Roadway,1,Clear,88,Not Applicable,1,Daylight,1,Dry,0,None,88,Not Applicable,88,Not Applicable,0,None,88,Not Applicable,88,Not Applicable,3,Intersection-Related,2,Four-Way Intersection,1,No,1,No,88,Not Applicable,88,Not Applicable,88,Not Applicable,88,Not Applicable,FALSE,1,Public Road,1,"Trafficway, On Road",CT0009300,New Haven PD,45389,28:24.0,C,Closed,01:58.0,,,,,,,
1169236,1,Complete,1169236,1169236,41.311564,-72.92523,3661427,New Haven,93,93,New Haven,6/6/2024,2024,6,June,6,5,Thursday,16:56:00,16,24022996,A,"Injury of any type (Serious, Minor, Possible)",C,Possible Injury (C),2,0,0,4,Local,0.34,271,GROVE ST,GROVE ST,,COLLEGE ST,40,Feet,S,41.311564,-72.92523,14,Motor Vehicle in Operation,1,Front to rear,1,On Roadway,1,Clear,88,Not Applicable,1,Daylight,1,Dry,0,None,88,Not Applicable,88,Not Applicable,0,None,88,Not Applicable,88,Not Applicable,3,Intersection-Related,3,T-Intersection,1,No,1,No,88,Not Applicable,88,Not Applicable,88,Not Applicable,88,Not Applicable,TRUE,1,Public Road,1,"Trafficway, On Road",CT0009300,New Haven PD,31814,40:35.0,C,Closed,01:40.0,,,,,,,
1169240,1,Complete,1169240,1169240,41.326676,-72.963688,3661431,New Haven,93,93,New Haven,6/14/2024,2024,6,June,14,6,Friday,7:15:00,7,24024154,A,"Injury of any type (Serious, Minor, Possible)",A,Suspected Serious Injury (A),2,0,0,3,State,6.45,243,243-E,243-E,MCKINLEY AVE,,,,,41.326676,-72.963688,14,Motor Vehicle in Operation,3,Angle,1,On Roadway,1,Clear,88,Not Applicable,1,Daylight,1,Dry,0,None,88,Not Applicable,88,Not Applicable,0,None,88,Not Applicable,88,Not Applicable,2,Intersection,3,T-Intersection,1,No,1,No,88,Not Applicable,88,Not Applicable,88,Not Applicable,88,Not Applicable,FALSE,1,Public Road,1,"Trafficway, On Road",CT0009300,New Haven PD,324,23:52.0,C,Closed,01:39.0,,,,,,,
1169246,1,Complete,1169246,1169246,41.290251,-72.894145,3661437,New Haven,93,93,New Haven,6/17/2024,2024,6,June,17,2,Monday,20:47:00,20,24024604,A,"Injury of any type (Serious, Minor, Possible)",A,Suspected Serious Injury (A),2,0,0,2,USRoute,50.15,1,1-N,1-N,WOODWARD AV,,,,,41.290251,-72.894145,14,Motor Vehicle in Operation,1,Front to rear,1,On Roadway,1,Clear,88,Not Applicable,4,Dark-Lighted,1,Dry,0,None,88,Not Applicable,88,Not Applicable,0,None,88,Not Applicable,88,Not Applicable,2,Intersection,2,Four-Way Intersection,1,No,1,No,88,Not Applicable,88,Not Applicable,88,Not Applicable,88,Not Applicable,FALSE,1,Public Road,1,"Trafficway, On Road",CT0009300,New Haven PD,42049,13:21.0,C,Closed,01:42.0,,,,,,,
1169249,1,Complete,1169249,1169249,41.314668,-72.917322,3661440,New Haven,93,93,New Haven,6/18/2024,2024,6,June,18,3,Tuesday,12:31:00,12,24024690,A,"Injury of any type (Serious, Minor, Possible)",C,Possible Injury (C),2,0,0,4,Local,1,450,ORANGE ST NO 1,ORANGE ST NO 1,PEARL ST,,,,,41.314668,-72.917322,14,Motor Vehicle in Operation,3,Angle,1,On Roadway,1,Clear,88,Not Applicable,1,Daylight,1,Dry,0,None,88,Not Applicable,88,Not Applicable,0,None,88,Not Applicable,88,Not Applicable,2,Intersection,2,Four-Way Intersection,1,No,1,No,88,Not Applicable,88,Not Applicable,88,Not Applicable,88,Not Applicable,FALSE,1,Public Road,1,"Trafficway, On Road",CT0009300,New Haven PD,40807,07:47.0,C,Closed,01:40.0,,,,,,,
1169250,1,Complete,1169250,1169250,41.312325,-72.919122,3661441,New Haven,93,93,New Haven,6/18/2024,2024,6,June,18,3,Tuesday,15:55:00,15,24024706,A,"Injury of any type (Serious, Minor, Possible)",C,Possible Injury (C),2,0,0,4,Local,1.17,450,ORANGE ST NO 1,ORANGE ST NO 1,,TRUMBULL ST,65,Feet,N,41.312325,-72.919122,14,Motor Vehicle in Operation,1,Front to rear,1,On Roadway,1,Clear,88,Not Applicable,1,Daylight,1,Dry,0,None,88,Not Applicable,88,Not Applicable,0,None,88,Not Applicable,88,Not Applicable,3,Intersection-Related,2,Four-Way Intersection,1,No,1,No,88,Not Applicable,88,Not Applicable,88,Not Applicable,88,Not Applicable,FALSE,1,Public Road,1,"Trafficway, On Road",CT0009300,New Haven PD,46611,41:52.0,C,Closed,01:44.0,,,,,,,
1169251,1,Complete,1169251,1169251,41.309348,-72.927089,3661442,New Haven,93,93,New Haven,6/18/2024,2024,6,June,18,3,Tuesday,16:14:00,16,24024715,A,"Injury of any type (Serious, Minor, Possible)",B,Suspected Minor Injury (B),1,1,0,4,Local,0.18,117,COLLEGE ST,COLLEGE ST,,ELM ST,25,Feet,S,41.309348,-72.927089,10,Pedalcycle/Pedalcyclist,3,Angle,1,On Roadway,1,Clear,88,Not Applicable,1,Daylight,1,Dry,0,None,88,Not Applicable,88,Not Applicable,0,None,88,Not Applicable,88,Not Applicable,3,Intersection-Related,2,Four-Way Intersection,1,No,1,No,88,Not Applicable,88,Not Applicable,88,Not Applicable,88,Not Applicable,FALSE,1,Public Road,1,"Trafficway, On Road",CT0009300,New Haven PD,44049,14:28.0,C,Closed,01:43.0,,,,,,,