CrashId,Fatal Case Status,Fatal Case Status Text Format,CrashId,CrashId,Latitude,Longitude,DOT Case Number,Town Name,Town Number,Town Number,Town Number Text Format,Date Of Crash,Year,Month,Month Text Format,Day,Day of the Week,Day of the Week Text Format,Time of Crash,Hour of the Day,Case Identifier,Crash Severity,Crash Severity Text Format,Most Severe Injury,Most Severe Injury Text Format,Number Of Motor Vehicles,Number Of Non-Motorist,Number Of Witnesses,Route Class,Route Class Text Format,Milemarker,Road Number,Road Description,Roadway Name,Intersecting Roadway Name,Landmark Description,Distance From Nearest Landmark,Unit Of Measure From Nearest Landmark,Direction From Nearest Landmark,Latitude,Longitude,First Harmful Event,First Harmful Event Text Format,Manner of Crash / Collision Impact,Manner of Crash / Collision Impact Text Format,Location of First Harmful Event,Location of First Harmful Event Text Format,Weather Condition,Weather Condition Text Format,Weather 2,Weather 2 Text Format,Light Condition,Light Condition Text Format,Road Surface Condition,Road Surface Condition Text Format,"Contributing Circumstances, Environment","Contributing Circumstances, Environment Text Format",Environment 2,Environment 2 Text Format,Environment 3,Environment 3 Text Format,"Contributing Circumstances, Road","Contributing Circumstances, Road Text Format",Road 2,Road 2 Text Format,Road 3,Road 3 Text Format,Crash Specific Location,Crash Specific Location Text Format,Type of Intersection,Type of Intersection Text Format,School Bus Related,School Bus Related Text Format,Work Zone Related,Work Zone Related Text Format,Location Of Crash Relative To Work Zone,Location Of Crash Relative To Work Zone Text Format,Type of Work Zone,Type of Work Zone Text Format,Worker Presence,Worker Presence Text Format,Law Enforcement Presence,Law Enforcement Presence Text Format,Were Vehicles Moved Prior To Police Arrival,Trafficway Ownership,Trafficway Ownership Text Format,Trafficway Class,Trafficway Class Text Format,Police Agency,Police Agency Text Format,Badge Number,Approval Date,Police Case Status,Police Case Status Text Format,Crash Report Submission Date,Related Case Identifiers,No. of Through Lanes (Log Dir.),Average Daily Traffic,Functional Classification,Functional Classification Text Format,Rural or Urban,Rural or Urban Text Format
1169592,1,Complete,1169592,1169592,41.28752,-72.93276,3661783,New Haven,93,93,New Haven,6/18/2024,2024,6,June,18,3,Tuesday,20:33:00,20,24024774,A,"Injury of any type (Serious, Minor, Possible)",A,Suspected Serious Injury (A),2,0,0,4,Local,0.26,268,GREENWICH AV NO 1,GREENWICH AV NO 1,THIRD ST,,,,,41.28752,-72.93276,14,Motor Vehicle in Operation,3,Angle,1,On Roadway,1,Clear,88,Not Applicable,4,Dark-Lighted,1,Dry,99,Unknown,88,Not Applicable,88,Not Applicable,0,None,88,Not Applicable,88,Not Applicable,2,Intersection,3,T-Intersection,1,No,1,No,88,Not Applicable,88,Not Applicable,88,Not Applicable,88,Not Applicable,FALSE,1,Public Road,1,"Trafficway, On Road",CT0009300,New Haven PD,46622,13:17.0,C,Closed,00:13.0,,,,,,,
1169593,1,Complete,1169593,1169593,41.316512,-72.942251,3661784,New Haven,93,93,New Haven,6/18/2024,2024,6,June,18,3,Tuesday,21:45:00,21,24024790,A,"Injury of any type (Serious, Minor, Possible)",C,Possible Injury (C),2,0,0,4,Local,0.39,653,WHALLEY AV,WHALLEY AV,,SHERMAN AVE,30,Feet,E,41.316512,-72.942251,14,Motor Vehicle in Operation,3,Angle,1,On Roadway,1,Clear,88,Not Applicable,4,Dark-Lighted,1,Dry,0,None,88,Not Applicable,88,Not Applicable,0,None,88,Not Applicable,88,Not Applicable,3,Intersection-Related,2,Four-Way Intersection,1,No,1,No,88,Not Applicable,88,Not Applicable,88,Not Applicable,88,Not Applicable,TRUE,1,Public Road,1,"Trafficway, On Road",CT0009300,New Haven PD,11107,40:38.0,C,Closed,00:09.0,,,,,,,
1169595,1,Complete,1169595,1169595,41.329472,-72.935147,3661786,New Haven,93,93,New Haven,6/19/2024,2024,6,June,19,4,Wednesday,8:00:00,8,24024809,A,"Injury of any type (Serious, Minor, Possible)",A,Suspected Serious Injury (A),2,0,0,4,Local,1.18,152,DIXWELL AV,DIXWELL AV,HAZEL ST,,,,,41.329472,-72.935147,14,Motor Vehicle in Operation,3,Angle,1,On Roadway,1,Clear,88,Not Applicable,1,Daylight,1,Dry,0,None,88,Not Applicable,88,Not Applicable,0,None,88,Not Applicable,88,Not Applicable,2,Intersection,3,T-Intersection,1,No,1,No,88,Not Applicable,88,Not Applicable,88,Not Applicable,88,Not Applicable,FALSE,1,Public Road,1,"Trafficway, On Road",CT0009300,New Haven PD,87,58:57.0,C,Closed,00:12.0,,,,,,,
1169600,1,Complete,1169600,1169600,41.33363,-72.935217,3661791,New Haven,93,93,New Haven,6/19/2024,2024,6,June,19,4,Wednesday,20:53:00,20,24024927,A,"Injury of any type (Serious, Minor, Possible)",C,Possible Injury (C),3,0,0,4,Local,1.46,152,DIXWELL AV,DIXWELL AV,,DORMAN ST,50,Feet,N,41.33363,-72.935217,14,Motor Vehicle in Operation,1,Front to rear,1,On Roadway,1,Clear,88,Not Applicable,4,Dark-Lighted,1,Dry,0,None,88,Not Applicable,88,Not Applicable,0,None,88,Not Applicable,88,Not Applicable,1,Non-Junction,1,Not at Intersection,1,No,1,No,88,Not Applicable,88,Not Applicable,88,Not Applicable,88,Not Applicable,FALSE,1,Public Road,1,"Trafficway, On Road",CT0009300,New Haven PD,46625,43:39.0,C,Closed,00:15.0,,,,,,,
1169601,1,Complete,1169601,1169601,41.305107,-72.894596,3661792,New Haven,93,93,New Haven,6/19/2024,2024,6,June,19,4,Wednesday,21:20:00,21,24024935,A,"Injury of any type (Serious, Minor, Possible)",C,Possible Injury (C),2,0,0,4,Local,1.03,213,FERRY ST,FERRY ST,,STALTONSTALL AVE,40,Feet,S,41.305107,-72.894596,14,Motor Vehicle in Operation,3,Angle,1,On Roadway,1,Clear,88,Not Applicable,4,Dark-Lighted,1,Dry,0,None,88,Not Applicable,88,Not Applicable,0,None,88,Not Applicable,88,Not Applicable,1,Non-Junction,1,Not at Intersection,1,No,1,No,88,Not Applicable,88,Not Applicable,88,Not Applicable,88,Not Applicable,FALSE,1,Public Road,1,"Trafficway, On Road",CT0009300,New Haven PD,45394,42:30.0,C,Closed,00:14.0,,,,,,,
1169941,1,Complete,1169941,1169941,41.300819,-72.942728,3662132,New Haven,93,93,New Haven,6/17/2024,2024,6,June,17,2,Monday,14:00:00,14,24024550,A,"Injury of any type (Serious, Minor, Possible)",C,Possible Injury (C),2,0,0,4,Local,0.34,141,DAVENPORT AV,DAVENPORT AV,,Stevens St,120,Feet,S,41.300819,-72.942728,14,Motor Vehicle in Operation,1,Front to rear,1,On Roadway,1,Clear,88,Not Applicable,1,Daylight,1,Dry,0,None,88,Not Applicable,88,Not Applicable,0,None,88,Not Applicable,88,Not Applicable,3,Intersection-Related,3,T-Intersection,1,No,1,No,88,Not Applicable,88,Not Applicable,88,Not Applicable,88,Not Applicable,FALSE,1,Public Road,1,"Trafficway, On Road",CT0009300,New Haven PD,40819,35:26.0,C,Closed,00:17.0,,,,,,,
1169942,1,Complete,1169942,1169942,41.32144876,-72.96467283,3662133,New Haven,93,93,New Haven,6/17/2024,2024,6,June,17,2,Monday,19:43:00,19,24024594,A,"Injury of any type (Serious, Minor, Possible)",B,Suspected Minor Injury (B),1,1,0,4,Local,0.36,6,ALDEN AV,ALDEN AV,,Woodbridge Ave,130,Feet,N,41.32144876,-72.96467283,9,Pedestrian,88,Not Applicable,4,Roadside,1,Clear,88,Not Applicable,1,Daylight,1,Dry,0,None,88,Not Applicable,88,Not Applicable,0,None,88,Not Applicable,88,Not Applicable,9,Driveway Access-Related,1,Not at Intersection,1,No,1,No,88,Not Applicable,88,Not Applicable,88,Not Applicable,88,Not Applicable,TRUE,1,Public Road,1,"Trafficway, On Road",CT0009300,New Haven PD,42045,31:28.0,C,Closed,00:17.0,,2,2680,7,LOCAL - NEW HPMS,2,Urban
1169951,1,Complete,1169951,1169951,41.301901,-72.93354,3662142,New Haven,93,93,New Haven,6/20/2024,2024,6,June,20,5,Thursday,12:47:00,12,24025011,A,"Injury of any type (Serious, Minor, Possible)",B,Suspected Minor Injury (B),2,0,0,4,Local,0.79,123,CONGRESS AV,CONGRESS AV,CEDAR ST NO 3,,,,,41.301901,-72.93354,14,Motor Vehicle in Operation,5,"Sideswipe, opposite direction",1,On Roadway,1,Clear,88,Not Applicable,1,Daylight,1,Dry,0,None,88,Not Applicable,88,Not Applicable,0,None,88,Not Applicable,88,Not Applicable,2,Intersection,2,Four-Way Intersection,1,No,1,No,88,Not Applicable,88,Not Applicable,88,Not Applicable,88,Not Applicable,TRUE,1,Public Road,1,"Trafficway, On Road",CT0009300,New Haven PD,26,42:14.0,C,Closed,00:20.0,,,,,,,
1169954,1,Complete,1169954,1169954,41.297352,-72.950144,3662145,New Haven,93,93,New Haven,6/20/2024,2024,6,June,20,5,Thursday,18:09:00,18,24025050,A,"Injury of any type (Serious, Minor, Possible)",C,Possible Injury (C),2,0,0,2,USRoute,46.57,1,1-N,1-N,,ELLA T GRASSO BLVD,300,Feet,W,41.297352,-72.950144,14,Motor Vehicle in Operation,1,Front to rear,1,On Roadway,1,Clear,88,Not Applicable,1,Daylight,1,Dry,0,None,88,Not Applicable,88,Not Applicable,0,None,88,Not Applicable,88,Not Applicable,1,Non-Junction,1,Not at Intersection,1,No,1,No,88,Not Applicable,88,Not Applicable,88,Not Applicable,88,Not Applicable,TRUE,1,Public Road,1,"Trafficway, On Road",CT0009300,New Haven PD,42366,57:25.0,O,Open,00:22.0,,,,,,,
1170427,1,Complete,1170427,1170427,41.30083,-72.91643,3662618,New Haven,93,93,New Haven,5/28/2024,2024,5,May,28,3,Tuesday,8:20:00,8,24021566,A,"Injury of any type (Serious, Minor, Possible)",C,Possible Injury (C),2,0,0,2,USRoute,48.66,1,1-N,1-N,,BROWN ST,103,Feet,E,41.30083,-72.91643,14,Motor Vehicle in Operation,1,Front to rear,1,On Roadway,1,Clear,88,Not Applicable,1,Daylight,1,Dry,0,None,88,Not Applicable,88,Not Applicable,0,None,88,Not Applicable,88,Not Applicable,1,Non-Junction,1,Not at Intersection,1,No,1,No,88,Not Applicable,88,Not Applicable,88,Not Applicable,88,Not Applicable,TRUE,1,Public Road,1,"Trafficway, On Road",CT0009300,New Haven PD,469,11:18.0,O,Open,00:18.0,,,,,,,
1170436,1,Complete,1170436,1170436,41.320021,-72.906193,3662627,New Haven,93,93,New Haven,6/18/2024,2024,6,June,18,3,Tuesday,14:28:00,14,24024703,A,"Injury of any type (Serious, Minor, Possible)",C,Possible Injury (C),2,0,0,4,Local,0.01,418,MITCHELL DR,MITCHELL DR,,WILLOW ST,30,Feet,N,41.320021,-72.906193,14,Motor Vehicle in Operation,1,Front to rear,1,On Roadway,1,Clear,88,Not Applicable,1,Daylight,1,Dry,0,None,88,Not Applicable,88,Not Applicable,0,None,88,Not Applicable,88,Not Applicable,3,Intersection-Related,3,T-Intersection,1,No,1,No,88,Not Applicable,88,Not Applicable,88,Not Applicable,88,Not Applicable,FALSE,1,Public Road,1,"Trafficway, On Road",CT0009300,New Haven PD,43689,17:33.0,C,Closed,00:38.0,,,,,,,
1170440,1,Complete,1170440,1170440,41.332494,-72.951385,3662631,New Haven,93,93,New Haven,6/20/2024,2024,6,June,20,5,Thursday,9:01:00,9,24024974,A,"Injury of any type (Serious, Minor, Possible)",C,Possible Injury (C),2,0,2,4,Local,0.09,208,FARNHAM AV,FARNHAM AV,,SI 282,195,Feet,N,41.332494,-72.951385,14,Motor Vehicle in Operation,1,Front to rear,1,On Roadway,1,Clear,88,Not Applicable,1,Daylight,1,Dry,0,None,88,Not Applicable,88,Not Applicable,0,None,88,Not Applicable,88,Not Applicable,1,Non-Junction,1,Not at Intersection,1,No,1,No,88,Not Applicable,88,Not Applicable,88,Not Applicable,88,Not Applicable,FALSE,1,Public Road,1,"Trafficway, On Road",CT0009300,New Haven PD,46623,56:34.0,C,Closed,00:24.0,,,,,,,
1170447,1,Complete,1170447,1170447,41.305474,-72.952683,3662638,New Haven,93,93,New Haven,6/21/2024,2024,6,June,21,6,Friday,2:22:00,2,24025090,A,"Injury of any type (Serious, Minor, Possible)",C,Possible Injury (C),1,0,0,3,State,1.87,10,10-N,10-N,LEGION AV-RT 34,,,,,41.305474,-72.952683,6,Fell/Jumped from Vehicle,88,Not Applicable,1,On Roadway,1,Clear,88,Not Applicable,4,Dark-Lighted,1,Dry,0,None,88,Not Applicable,88,Not Applicable,0,None,88,Not Applicable,88,Not Applicable,2,Intersection,3,T-Intersection,1,No,1,No,88,Not Applicable,88,Not Applicable,88,Not Applicable,88,Not Applicable,FALSE,1,Public Road,1,"Trafficway, On Road",CT0009300,New Haven PD,44949,56:28.0,C,Closed,00:41.0,,4,24400,3,PRINCIPAL ARTERIAL - OTHER - NEW HPMS,2,Urban
1170453,1,Complete,1170453,1170453,41.28654103,-72.93648586,3662644,New Haven,93,93,New Haven,6/21/2024,2024,6,June,21,6,Friday,12:47:00,12,24025153,A,"Injury of any type (Serious, Minor, Possible)",C,Possible Injury (C),2,0,0,3,State,0.48,10,10-N,10-N,,KIMBERLY AVENUE,95,Feet,W,41.28654103,-72.93648586,14,Motor Vehicle in Operation,1,Front to rear,1,On Roadway,1,Clear,1,Clear,1,Daylight,1,Dry,0,None,88,Not Applicable,88,Not Applicable,0,None,88,Not Applicable,88,Not Applicable,1,Non-Junction,1,Not at Intersection,1,No,1,No,88,Not Applicable,88,Not Applicable,88,Not Applicable,88,Not Applicable,FALSE,1,Public Road,1,"Trafficway, On Road",CT0009300,New Haven PD,10,55:46.0,C,Closed,00:39.0,,,,,,,
1170454,1,Complete,1170454,1170454,41.2910894,-72.93435563,3662645,New Haven,93,93,New Haven,6/21/2024,2024,6,June,21,6,Friday,13:35:00,13,24025164,A,"Injury of any type (Serious, Minor, Possible)",B,Suspected Minor Injury (B),2,0,0,4,Local,0.32,350,LAMBERTON ST,LAMBERTON ST,,DEWITT ST,49,Feet,W,41.2910894,-72.93435563,14,Motor Vehicle in Operation,4,"Sideswipe, same direction",1,On Roadway,1,Clear,88,Not Applicable,1,Daylight,1,Dry,0,None,88,Not Applicable,88,Not Applicable,0,None,88,Not Applicable,88,Not Applicable,9,Driveway Access-Related,1,Not at Intersection,1,No,1,No,88,Not Applicable,88,Not Applicable,88,Not Applicable,88,Not Applicable,TRUE,1,Public Road,1,"Trafficway, On Road",CT0009300,New Haven PD,26,23:37.0,C,Closed,00:36.0,,,,,,,
1170455,1,Complete,1170455,1170455,41.33276,-72.928746,3662646,New Haven,93,93,New Haven,6/21/2024,2024,6,June,21,6,Friday,15:24:00,15,24025173,A,"Injury of any type (Serious, Minor, Possible)",A,Suspected Serious Injury (A),2,0,0,4,Local,0.14,554,SHEPARD ST,SHEPARD ST,,READ ST,90,Feet,S,41.33276,-72.928746,14,Motor Vehicle in Operation,3,Angle,1,On Roadway,1,Clear,88,Not Applicable,1,Daylight,1,Dry,0,None,88,Not Applicable,88,Not Applicable,0,None,88,Not Applicable,88,Not Applicable,1,Non-Junction,1,Not at Intersection,1,No,1,No,88,Not Applicable,88,Not Applicable,88,Not Applicable,88,Not Applicable,FALSE,1,Public Road,1,"Trafficway, On Road",CT0009300,New Haven PD,42054,20:06.0,C,Closed,00:33.0,,,,,,,
1170456,1,Complete,1170456,1170456,41.30198,-72.933051,3662647,New Haven,93,93,New Haven,6/21/2024,2024,6,June,21,6,Friday,15:56:00,15,24025182,A,"Injury of any type (Serious, Minor, Possible)",C,Possible Injury (C),2,0,0,4,Local,0.82,123,CONGRESS AV,CONGRESS AV,LIBERTY ST NO 2,,,,,41.30198,-72.933051,14,Motor Vehicle in Operation,3,Angle,1,On Roadway,1,Clear,88,Not Applicable,1,Daylight,1,Dry,0,None,88,Not Applicable,88,Not Applicable,0,None,88,Not Applicable,88,Not Applicable,2,Intersection,3,T-Intersection,1,No,1,No,88,Not Applicable,88,Not Applicable,88,Not Applicable,88,Not Applicable,TRUE,1,Public Road,1,"Trafficway, On Road",CT0009300,New Haven PD,45395,29:44.0,C,Closed,00:32.0,,,,,,,
1170457,1,Complete,1170457,1170457,41.331711,-72.973756,3662648,New Haven,93,93,New Haven,6/21/2024,2024,6,June,21,6,Friday,19:07:00,19,24025210,A,"Injury of any type (Serious, Minor, Possible)",B,Suspected Minor Injury (B),2,0,0,3,State,1.03,63,63-N,63-N,,ANTHONY ST,115,Feet,E,41.331711,-72.973756,14,Motor Vehicle in Operation,3,Angle,1,On Roadway,4,Rain,88,Not Applicable,1,Daylight,2,Wet,0,None,88,Not Applicable,88,Not Applicable,0,None,88,Not Applicable,88,Not Applicable,9,Driveway Access-Related,1,Not at Intersection,1,No,1,No,88,Not Applicable,88,Not Applicable,88,Not Applicable,88,Not Applicable,FALSE,1,Public Road,1,"Trafficway, On Road",CT0009300,New Haven PD,402,27:05.0,C,Closed,00:32.0,,,,,,,
1170460,1,Complete,1170460,1170460,41.311488,-72.918411,3662651,New Haven,93,93,New Haven,6/22/2024,2024,6,June,22,7,Saturday,2:38:00,2,24025252,A,"Injury of any type (Serious, Minor, Possible)",C,Possible Injury (C),3,0,0,4,Local,0.39,601,TRUMBULL ST,TRUMBULL ST,,91-N-136,130,Feet,E,41.311488,-72.918411,14,Motor Vehicle in Operation,1,Front to rear,1,On Roadway,1,Clear,88,Not Applicable,4,Dark-Lighted,1,Dry,0,None,88,Not Applicable,88,Not Applicable,0,None,88,Not Applicable,88,Not Applicable,1,Non-Junction,1,Not at Intersection,1,No,1,No,88,Not Applicable,88,Not Applicable,88,Not Applicable,88,Not Applicable,FALSE,1,Public Road,1,"Trafficway, On Road",CT0009300,New Haven PD,44048,51:46.0,C,Closed,00:34.0,,,,,,,
1170465,1,Complete,1170465,1170465,41.28257637,-72.93804634,3662656,New Haven,93,93,New Haven,6/22/2024,2024,6,June,22,7,Saturday,21:29:00,21,24025356,A,"Injury of any type (Serious, Minor, Possible)",C,Possible Injury (C),2,0,0,3,State,0.94,745,745-E,745-E,Ella T Grasso Blvd,,,,,41.28257637,-72.93804634,14,Motor Vehicle in Operation,3,Angle,1,On Roadway,4,Rain,88,Not Applicable,4,Dark-Lighted,2,Wet,0,None,88,Not Applicable,88,Not Applicable,0,None,88,Not Applicable,88,Not Applicable,2,Intersection,3,T-Intersection,1,No,1,No,88,Not Applicable,88,Not Applicable,88,Not Applicable,88,Not Applicable,FALSE,1,Public Road,1,"Trafficway, On Road",CT0009300,New Haven PD,45625,25:02.0,C,Closed,00:23.0,,,,,,,
1170466,1,Complete,1170466,1170466,41.323212,-72.948737,3662657,New Haven,93,93,New Haven,6/23/2024,2024,6,June,23,1,Sunday,8:28:00,8,24025379,A,"Injury of any type (Serious, Minor, Possible)",C,Possible Injury (C),2,0,1,4,Local,0.11,258,GOFFE TER,GOFFE TER,ELLA T GRASSO BLVD NO 2,,,,,41.323212,-72.948737,14,Motor Vehicle in Operation,3,Angle,1,On Roadway,2,Cloudy,88,Not Applicable,1,Daylight,1,Dry,0,None,88,Not Applicable,88,Not Applicable,0,None,88,Not Applicable,88,Not Applicable,2,Intersection,2,Four-Way Intersection,1,No,1,No,88,Not Applicable,88,Not Applicable,88,Not Applicable,88,Not Applicable,FALSE,1,Public Road,1,"Trafficway, On Road",CT0009300,New Haven PD,359,39:25.0,C,Closed,00:42.0,,,,,,,
1170469,1,Complete,1170469,1170469,41.31249,-72.946654,3662660,New Haven,93,93,New Haven,6/23/2024,2024,6,June,23,1,Sunday,11:14:00,11,24025398,A,"Injury of any type (Serious, Minor, Possible)",C,Possible Injury (C),2,0,0,4,Local,0.39,775,WINTHROP AV NO 2,WINTHROP AV NO 2,,CHAPEL ST,210,Feet,N,41.31249,-72.946654,14,Motor Vehicle in Operation,3,Angle,1,On Roadway,1,Clear,88,Not Applicable,1,Daylight,1,Dry,0,None,88,Not Applicable,88,Not Applicable,0,None,88,Not Applicable,88,Not Applicable,9,Driveway Access-Related,1,Not at Intersection,1,No,1,No,88,Not Applicable,88,Not Applicable,88,Not Applicable,88,Not Applicable,FALSE,1,Public Road,1,"Trafficway, On Road",CT0009300,New Haven PD,91,40:34.0,C,Closed,00:29.0,,,,,,,
1170471,1,Complete,1170471,1170471,41.298056,-72.913225,3662662,New Haven,93,93,New Haven,6/23/2024,2024,6,June,23,1,Sunday,16:28:00,16,24025425,A,"Injury of any type (Serious, Minor, Possible)",A,Suspected Serious Injury (A),2,0,2,4,Local,1.06,513,LONG WHARF DR,LONG WHARF DR,HAMILTON ST NO 1,,,,,41.298056,-72.913225,14,Motor Vehicle in Operation,1,Front to rear,1,On Roadway,1,Clear,88,Not Applicable,1,Daylight,1,Dry,0,None,88,Not Applicable,88,Not Applicable,0,None,88,Not Applicable,88,Not Applicable,2,Intersection,3,T-Intersection,1,No,1,No,88,Not Applicable,88,Not Applicable,88,Not Applicable,88,Not Applicable,FALSE,1,Public Road,1,"Trafficway, On Road",CT0009300,New Haven PD,40810,49:44.0,C,Closed,00:46.0,,,,,,,
1171167,1,Complete,1171167,1171167,41.302732,-72.928297,3663358,New Haven,93,93,New Haven,12/24/2023,2023,12,December,24,1,Sunday,2:07:00,2,23051142,A,"Injury of any type (Serious, Minor, Possible)",C,Possible Injury (C),2,0,0,4,Local,0.19,809,REV DR MLK JR BLVD,REV DR MLK JR BLVD,CHURCH ST SOUTH NO 1,,,,,41.302732,-72.928297,14,Motor Vehicle in Operation,3,Angle,1,On Roadway,1,Clear,88,Not Applicable,4,Dark-Lighted,1,Dry,0,None,88,Not Applicable,88,Not Applicable,0,None,88,Not Applicable,88,Not Applicable,2,Intersection,2,Four-Way Intersection,1,No,1,No,88,Not Applicable,88,Not Applicable,88,Not Applicable,88,Not Applicable,FALSE,1,Public Road,1,"Trafficway, On Road",CT0009300,New Haven PD,44952,33:01.0,C,Closed,00:03.0,,,,,,,
1171169,1,Complete,1171169,1171169,41.318049,-72.91484,3663360,New Haven,93,93,New Haven,6/23/2024,2024,6,June,23,1,Sunday,15:51:00,15,24025417,A,"Injury of any type (Serious, Minor, Possible)",C,Possible Injury (C),3,0,0,4,Local,0.72,450,ORANGE ST NO 1,ORANGE ST NO 1,,EDWARDS ST,35,Feet,S,41.318049,-72.91484,14,Motor Vehicle in Operation,4,"Sideswipe, same direction",1,On Roadway,2,Cloudy,88,Not Applicable,1,Daylight,1,Dry,0,None,88,Not Applicable,88,Not Applicable,0,None,88,Not Applicable,88,Not Applicable,3,Intersection-Related,2,Four-Way Intersection,1,No,1,No,88,Not Applicable,88,Not Applicable,88,Not Applicable,88,Not Applicable,FALSE,1,Public Road,1,"Trafficway, On Road",CT0009300,New Haven PD,42048,43:30.0,C,Closed,00:14.0,,,,,,,
1171171,1,Complete,1171171,1171171,41.323677,-72.885799,3663362,New Haven,93,93,New Haven,6/23/2024,2024,6,June,23,1,Sunday,17:58:00,17,24025431,A,"Injury of any type (Serious, Minor, Possible)",B,Suspected Minor Injury (B),1,0,1,4,Local,0.01,411,MIDDLETOWN AV,MIDDLETOWN AV,,DUMP RD,140,Feet,S,41.323677,-72.885799,39,"Other Fixed Object (wall, building, tunnel, etc.)",88,Not Applicable,1,On Roadway,2,Cloudy,88,Not Applicable,1,Daylight,1,Dry,0,None,88,Not Applicable,88,Not Applicable,0,None,88,Not Applicable,88,Not Applicable,1,Non-Junction,1,Not at Intersection,1,No,1,No,88,Not Applicable,88,Not Applicable,88,Not Applicable,88,Not Applicable,FALSE,1,Public Road,1,"Trafficway, On Road",CT0009300,New Haven PD,44056,19:03.0,C,Closed,00:16.0,,2,12900,3,PRINCIPAL ARTERIAL - OTHER - NEW HPMS,2,Urban
1171172,1,Complete,1171172,1171172,41.316912,-72.942317,3663363,New Haven,93,93,New Haven,6/23/2024,2024,6,June,23,1,Sunday,23:47:00,23,24025458,A,"Injury of any type (Serious, Minor, Possible)",C,Possible Injury (C),2,0,0,4,Local,0.79,556,SHERMAN AV,SHERMAN AV,,whalley ave ,30,Feet,N,41.316912,-72.942317,14,Motor Vehicle in Operation,1,Front to rear,1,On Roadway,2,Cloudy,88,Not Applicable,4,Dark-Lighted,2,Wet,0,None,88,Not Applicable,88,Not Applicable,0,None,88,Not Applicable,88,Not Applicable,3,Intersection-Related,2,Four-Way Intersection,1,No,1,No,88,Not Applicable,88,Not Applicable,88,Not Applicable,88,Not Applicable,FALSE,1,Public Road,1,"Trafficway, On Road",CT0009300,New Haven PD,44046,09:02.0,C,Closed,00:08.0,,,,,,,
1171174,1,Complete,1171174,1171174,41.32091151,-72.93606636,3663365,New Haven,93,93,New Haven,6/24/2024,2024,6,June,24,2,Monday,6:42:00,6,24025473,A,"Injury of any type (Serious, Minor, Possible)",C,Possible Injury (C),2,0,0,4,Local,0.16,289,HENRY ST,HENRY ST,ORCHARD ST,,,,,41.32091151,-72.93606636,14,Motor Vehicle in Operation,3,Angle,1,On Roadway,1,Clear,88,Not Applicable,1,Daylight,1,Dry,0,None,88,Not Applicable,88,Not Applicable,0,None,88,Not Applicable,88,Not Applicable,2,Intersection,2,Four-Way Intersection,1,No,1,No,88,Not Applicable,88,Not Applicable,88,Not Applicable,88,Not Applicable,FALSE,1,Public Road,1,"Trafficway, On Road",CT0009300,New Haven PD,991,43:54.0,C,Closed,00:13.0,,,,,,,
1171177,1,Complete,1171177,1171177,41.288868,-72.892607,3663368,New Haven,93,93,New Haven,6/24/2024,2024,6,June,24,2,Monday,12:53:00,12,24025502,A,"Injury of any type (Serious, Minor, Possible)",C,Possible Injury (C),2,0,0,3,State,0.09,741,741-E,741-E,337-E,,,,,41.288868,-72.892607,14,Motor Vehicle in Operation,3,Angle,1,On Roadway,1,Clear,88,Not Applicable,1,Daylight,1,Dry,0,None,88,Not Applicable,88,Not Applicable,0,None,88,Not Applicable,88,Not Applicable,2,Intersection,2,Four-Way Intersection,1,No,1,No,88,Not Applicable,88,Not Applicable,88,Not Applicable,88,Not Applicable,FALSE,1,Public Road,1,"Trafficway, On Road",CT0009300,New Haven PD,430,29:15.0,C,Closed,00:11.0,,,,,,,
1171615,1,Complete,1171615,1171615,41.324515,-72.935159,3663805,New Haven,93,93,New Haven,5/3/2024,2024,5,May,3,6,Friday,14:55:00,14,24018021,A,"Injury of any type (Serious, Minor, Possible)",A,Suspected Serious Injury (A),2,0,0,4,Local,0.83,152,DIXWELL AV,DIXWELL AV,ARGYLE ST,,,,,41.324515,-72.935159,14,Motor Vehicle in Operation,3,Angle,1,On Roadway,1,Clear,88,Not Applicable,1,Daylight,1,Dry,0,None,88,Not Applicable,88,Not Applicable,0,None,88,Not Applicable,88,Not Applicable,3,Intersection-Related,3,T-Intersection,1,No,1,No,88,Not Applicable,88,Not Applicable,88,Not Applicable,88,Not Applicable,FALSE,1,Public Road,1,"Trafficway, On Road",CT0009300,New Haven PD,45401,48:56.0,C,Closed,01:30.0,24-018021,,,,,,
1171617,1,Complete,1171617,1171617,41.30948,-72.92704,3663807,New Haven,93,93,New Haven,6/14/2024,2024,6,June,14,6,Friday,21:07:00,21,24024279,A,"Injury of any type (Serious, Minor, Possible)",C,Possible Injury (C),2,0,0,4,Local,0.38,726,ELM ST NO 2,ELM ST NO 2,COLLEGE ST,,,,,41.30948,-72.92704,14,Motor Vehicle in Operation,3,Angle,1,On Roadway,4,Rain,88,Not Applicable,4,Dark-Lighted,2,Wet,0,None,88,Not Applicable,88,Not Applicable,0,None,88,Not Applicable,88,Not Applicable,2,Intersection,2,Four-Way Intersection,1,No,1,No,88,Not Applicable,88,Not Applicable,88,Not Applicable,88,Not Applicable,FALSE,1,Public Road,1,"Trafficway, On Road",CT0009300,New Haven PD,31814,40:47.0,C,Closed,01:43.0,,,,,,,