CrashId,Fatal Case Status,Fatal Case Status Text Format,CrashId,CrashId,Latitude,Longitude,DOT Case Number,Town Name,Town Number,Town Number,Town Number Text Format,Date Of Crash,Year,Month,Month Text Format,Day,Day of the Week,Day of the Week Text Format,Time of Crash,Hour of the Day,Case Identifier,Crash Severity,Crash Severity Text Format,Most Severe Injury,Most Severe Injury Text Format,Number Of Motor Vehicles,Number Of Non-Motorist,Number Of Witnesses,Route Class,Route Class Text Format,Milemarker,Road Number,Road Description,Roadway Name,Intersecting Roadway Name,Landmark Description,Distance From Nearest Landmark,Unit Of Measure From Nearest Landmark,Direction From Nearest Landmark,Latitude,Longitude,First Harmful Event,First Harmful Event Text Format,Manner of Crash / Collision Impact,Manner of Crash / Collision Impact Text Format,Location of First Harmful Event,Location of First Harmful Event Text Format,Weather Condition,Weather Condition Text Format,Weather 2,Weather 2 Text Format,Light Condition,Light Condition Text Format,Road Surface Condition,Road Surface Condition Text Format,"Contributing Circumstances, Environment","Contributing Circumstances, Environment Text Format",Environment 2,Environment 2 Text Format,Environment 3,Environment 3 Text Format,"Contributing Circumstances, Road","Contributing Circumstances, Road Text Format",Road 2,Road 2 Text Format,Road 3,Road 3 Text Format,Crash Specific Location,Crash Specific Location Text Format,Type of Intersection,Type of Intersection Text Format,School Bus Related,School Bus Related Text Format,Work Zone Related,Work Zone Related Text Format,Location Of Crash Relative To Work Zone,Location Of Crash Relative To Work Zone Text Format,Type of Work Zone,Type of Work Zone Text Format,Worker Presence,Worker Presence Text Format,Law Enforcement Presence,Law Enforcement Presence Text Format,Were Vehicles Moved Prior To Police Arrival,Trafficway Ownership,Trafficway Ownership Text Format,Trafficway Class,Trafficway Class Text Format,Police Agency,Police Agency Text Format,Badge Number,Approval Date,Police Case Status,Police Case Status Text Format,Crash Report Submission Date,Related Case Identifiers,No. of Through Lanes (Log Dir.),Average Daily Traffic,Functional Classification,Functional Classification Text Format,Rural or Urban,Rural or Urban Text Format
1196707,1,Complete,1196707,1196707,41.312284,-72.948575,3684913,New Haven,93,93,New Haven,9/6/2024,2024,9,September,6,6,Friday,2:19:00,2,24036901,A,"Injury of any type (Serious, Minor, Possible)",C,Possible Injury (C),2,0,0,4,Local,3.04,97,CHAPEL ST,CHAPEL ST,NORTON ST,,,,,41.312284,-72.948575,14,Motor Vehicle in Operation,3,Angle,1,On Roadway,1,Clear,88,Not Applicable,5,Dark-Not Lighted,1,Dry,0,None,88,Not Applicable,88,Not Applicable,0,None,88,Not Applicable,88,Not Applicable,2,Intersection,2,Four-Way Intersection,1,No,1,No,88,Not Applicable,88,Not Applicable,88,Not Applicable,88,Not Applicable,FALSE,1,Public Road,1,"Trafficway, On Road",CT0009300,New Haven PD,44046,46:49.0,C,Closed,01:48.0,,,,,,,
1196712,1,Complete,1196712,1196712,41.306075,-72.925737,3684918,New Haven,93,93,New Haven,9/6/2024,2024,9,September,6,6,Friday,9:26:00,9,24036924,A,"Injury of any type (Serious, Minor, Possible)",C,Possible Injury (C),2,0,0,4,Local,1.77,97,CHAPEL ST,CHAPEL ST,CHURCH ST,,,,,41.306075,-72.925737,14,Motor Vehicle in Operation,1,Front to rear,1,On Roadway,1,Clear,88,Not Applicable,1,Daylight,1,Dry,0,None,88,Not Applicable,88,Not Applicable,0,None,88,Not Applicable,88,Not Applicable,2,Intersection,2,Four-Way Intersection,1,No,1,No,88,Not Applicable,88,Not Applicable,88,Not Applicable,88,Not Applicable,TRUE,1,Public Road,1,"Trafficway, On Road",CT0009300,New Haven PD,43688,01:41.0,C,Closed,01:40.0,,,,,,,
1196722,1,Complete,1196722,1196722,41.28530367,-72.93670032,3684928,New Haven,93,93,New Haven,9/6/2024,2024,9,September,6,6,Friday,16:26:00,16,24037012,A,"Injury of any type (Serious, Minor, Possible)",C,Possible Injury (C),2,0,0,3,State,1.14,745,745-E,745-E,,ELLA T GRASSO BLVD,325,Feet,S,41.28530367,-72.93670032,14,Motor Vehicle in Operation,3,Angle,1,On Roadway,1,Clear,88,Not Applicable,1,Daylight,1,Dry,0,None,88,Not Applicable,88,Not Applicable,0,None,88,Not Applicable,88,Not Applicable,9,Driveway Access-Related,1,Not at Intersection,1,No,1,No,88,Not Applicable,88,Not Applicable,88,Not Applicable,88,Not Applicable,FALSE,1,Public Road,1,"Trafficway, On Road",CT0009300,New Haven PD,46613,09:04.0,C,Closed,01:45.0,,,,,,,
1196725,1,Complete,1196725,1196725,41.288875,-72.931777,3684931,New Haven,93,93,New Haven,9/6/2024,2024,9,September,6,6,Friday,23:39:00,23,24037034,A,"Injury of any type (Serious, Minor, Possible)",B,Suspected Minor Injury (B),2,0,0,4,Local,1.23,308,HOWARD AV,HOWARD AV,SECOND ST NO 1,,,,,41.288875,-72.931777,14,Motor Vehicle in Operation,1,Front to rear,1,On Roadway,1,Clear,88,Not Applicable,4,Dark-Lighted,1,Dry,0,None,88,Not Applicable,88,Not Applicable,0,None,88,Not Applicable,88,Not Applicable,2,Intersection,2,Four-Way Intersection,1,No,1,No,88,Not Applicable,88,Not Applicable,88,Not Applicable,88,Not Applicable,TRUE,1,Public Road,1,"Trafficway, On Road",CT0009300,New Haven PD,45400,50:11.0,C,Closed,01:51.0,,,,,,,
1196726,1,Complete,1196726,1196726,41.319552,-72.918594,3684932,New Haven,93,93,New Haven,9/7/2024,2024,9,September,7,7,Saturday,8:26:00,8,24037073,A,"Injury of any type (Serious, Minor, Possible)",C,Possible Injury (C),3,0,0,4,Local,0.26,184,EDWARDS ST,EDWARDS ST,,WHITNEY AVE,53,Feet,E,41.319552,-72.918594,14,Motor Vehicle in Operation,1,Front to rear,1,On Roadway,2,Cloudy,88,Not Applicable,1,Daylight,1,Dry,0,None,88,Not Applicable,88,Not Applicable,0,None,88,Not Applicable,88,Not Applicable,3,Intersection-Related,2,Four-Way Intersection,1,No,1,No,88,Not Applicable,88,Not Applicable,88,Not Applicable,88,Not Applicable,FALSE,1,Public Road,1,"Trafficway, On Road",CT0009300,New Haven PD,32,58:50.0,C,Closed,01:41.0,,,,,,,
1196731,1,Complete,1196731,1196731,41.33193873,-72.92761084,3684937,New Haven,93,93,New Haven,9/8/2024,2024,9,September,8,1,Sunday,18:53:00,18,24037141,A,"Injury of any type (Serious, Minor, Possible)",C,Possible Injury (C),2,0,0,4,Local,0.72,319,HUNTINGTON ST,HUNTINGTON ST,NEWHALL ST,,,,,41.33193873,-72.92761084,14,Motor Vehicle in Operation,4,"Sideswipe, same direction",1,On Roadway,1,Clear,88,Not Applicable,3,Dusk,2,Wet,0,None,88,Not Applicable,88,Not Applicable,0,None,88,Not Applicable,88,Not Applicable,2,Intersection,2,Four-Way Intersection,1,No,1,No,88,Not Applicable,88,Not Applicable,88,Not Applicable,88,Not Applicable,TRUE,1,Public Road,1,"Trafficway, On Road",CT0009300,New Haven PD,46621,50:11.0,C,Closed,01:58.0,,,,,,,
1196736,1,Complete,1196736,1196736,41.30663062,-72.92157198,3684942,New Haven,93,93,New Haven,9/8/2024,2024,9,September,8,1,Sunday,0:46:00,0,24037173,A,"Injury of any type (Serious, Minor, Possible)",B,Suspected Minor Injury (B),3,0,0,4,Local,1.2,575,STATE ST,STATE ST,,COURT STREET,135,Feet,S,41.30663062,-72.92157198,14,Motor Vehicle in Operation,1,Front to rear,1,On Roadway,1,Clear,88,Not Applicable,4,Dark-Lighted,1,Dry,0,None,88,Not Applicable,88,Not Applicable,0,None,88,Not Applicable,88,Not Applicable,1,Non-Junction,1,Not at Intersection,1,No,1,No,88,Not Applicable,88,Not Applicable,88,Not Applicable,88,Not Applicable,FALSE,1,Public Road,1,"Trafficway, On Road",CT0009300,New Haven PD,44048,02:03.0,C,Closed,01:52.0,,,,,,,
1197377,1,Complete,1197377,1197377,41.29230448,-72.89242745,3685583,New Haven,93,93,New Haven,9/9/2024,2024,9,September,9,2,Monday,1:05:00,1,24037274,A,"Injury of any type (Serious, Minor, Possible)",C,Possible Injury (C),2,0,0,4,Local,0.06,597,TOWNSEND AV,TOWNSEND AV,,WOODWARD AVE,311,Feet,S,41.29230448,-72.89242745,14,Motor Vehicle in Operation,3,Angle,1,On Roadway,1,Clear,88,Not Applicable,6,Dark-Unknown Lighting,1,Dry,99,Unknown,88,Not Applicable,88,Not Applicable,99,Unknown,88,Not Applicable,88,Not Applicable,9,Driveway Access-Related,1,Not at Intersection,1,No,1,No,88,Not Applicable,88,Not Applicable,88,Not Applicable,88,Not Applicable,FALSE,1,Public Road,1,"Trafficway, On Road",CT0009300,New Haven PD,40792,41:27.0,C,Closed,01:09.0,,,,,,,
1197381,1,Complete,1197381,1197381,41.307591,-72.938456,3685587,New Haven,93,93,New Haven,9/9/2024,2024,9,September,9,2,Monday,15:42:00,15,24037337,A,"Injury of any type (Serious, Minor, Possible)",C,Possible Injury (C),2,0,0,4,Local,0.47,160,DWIGHT ST,DWIGHT ST,,REV DR MLK JR BLVD,200,Feet,W,41.307591,-72.938456,14,Motor Vehicle in Operation,4,"Sideswipe, same direction",1,On Roadway,1,Clear,88,Not Applicable,1,Daylight,1,Dry,0,None,88,Not Applicable,88,Not Applicable,0,None,88,Not Applicable,88,Not Applicable,1,Non-Junction,1,Not at Intersection,1,No,1,No,88,Not Applicable,88,Not Applicable,88,Not Applicable,88,Not Applicable,FALSE,1,Public Road,1,"Trafficway, On Road",CT0009300,New Haven PD,46615,16:10.0,O,Open,01:14.0,,,,,,,
1197757,1,Complete,1197757,1197757,41.30625224,-72.88124907,3685963,New Haven,93,93,New Haven,9/8/2024,2024,9,September,8,1,Sunday,17:40:00,17,24037228,A,"Injury of any type (Serious, Minor, Possible)",A,Suspected Serious Injury (A),2,0,1,4,Local,0.29,168,EAST GRAND AV,EAST GRAND AV,,summit st,10,Feet,W,41.30625224,-72.88124907,14,Motor Vehicle in Operation,3,Angle,1,On Roadway,1,Clear,88,Not Applicable,1,Daylight,1,Dry,0,None,88,Not Applicable,88,Not Applicable,0,None,88,Not Applicable,88,Not Applicable,3,Intersection-Related,2,Four-Way Intersection,1,No,1,No,88,Not Applicable,88,Not Applicable,88,Not Applicable,88,Not Applicable,FALSE,1,Public Road,1,"Trafficway, On Road",CT0009300,New Haven PD,409,12:56.0,C,Closed,01:00.0,,,,,,,
1197762,1,Complete,1197762,1197762,41.32016494,-72.94027027,3685968,New Haven,93,93,New Haven,9/10/2024,2024,9,September,10,3,Tuesday,13:32:00,13,24037536,A,"Injury of any type (Serious, Minor, Possible)",C,Possible Injury (C),2,0,0,4,Local,0.02,557,SHERMAN PKWY,SHERMAN PKWY,,geoffe st,35,Feet,N,41.32016494,-72.94027027,14,Motor Vehicle in Operation,1,Front to rear,1,On Roadway,1,Clear,88,Not Applicable,1,Daylight,1,Dry,0,None,88,Not Applicable,88,Not Applicable,0,None,88,Not Applicable,88,Not Applicable,3,Intersection-Related,2,Four-Way Intersection,1,No,1,No,88,Not Applicable,88,Not Applicable,88,Not Applicable,88,Not Applicable,TRUE,1,Public Road,1,"Trafficway, On Road",CT0009300,New Haven PD,332,40:50.0,C,Closed,01:05.0,,,,,,,
1198089,1,Complete,1198089,1198089,41.307079,-72.921035,3686295,New Haven,93,93,New Haven,9/7/2024,2024,9,September,7,7,Saturday,2:04:00,2,24037050,A,"Injury of any type (Serious, Minor, Possible)",A,Suspected Serious Injury (A),2,0,0,4,Local,1.17,575,STATE ST,STATE ST,GRAND AV,,,,,41.307079,-72.921035,14,Motor Vehicle in Operation,3,Angle,1,On Roadway,1,Clear,88,Not Applicable,4,Dark-Lighted,1,Dry,0,None,88,Not Applicable,88,Not Applicable,0,None,88,Not Applicable,88,Not Applicable,2,Intersection,2,Four-Way Intersection,1,No,1,No,88,Not Applicable,88,Not Applicable,88,Not Applicable,88,Not Applicable,FALSE,1,Public Road,1,"Trafficway, On Road",CT0009300,New Haven PD,7729,47:17.0,C,Closed,00:41.0,,,,,,,
1198090,1,Complete,1198090,1198090,41.317158,-72.897499,3686296,New Haven,93,93,New Haven,9/7/2024,2024,9,September,7,7,Saturday,12:53:00,12,24037101,A,"Injury of any type (Serious, Minor, Possible)",C,Possible Injury (C),2,0,0,4,Local,0.17,213,FERRY ST,FERRY ST,FOX ST,,,,,41.317158,-72.897499,14,Motor Vehicle in Operation,3,Angle,1,On Roadway,1,Clear,88,Not Applicable,1,Daylight,1,Dry,0,None,88,Not Applicable,88,Not Applicable,0,None,88,Not Applicable,88,Not Applicable,2,Intersection,3,T-Intersection,1,No,1,No,88,Not Applicable,88,Not Applicable,88,Not Applicable,88,Not Applicable,FALSE,1,Public Road,1,"Trafficway, On Road",CT0009300,New Haven PD,45392,41:42.0,C,Closed,00:46.0,NONE,,,,,,
1198093,1,Complete,1198093,1198093,41.304016,-72.898657,3686299,New Haven,93,93,New Haven,9/10/2024,2024,9,September,10,3,Tuesday,20:21:00,20,24037571,A,"Injury of any type (Serious, Minor, Possible)",C,Possible Injury (C),2,0,0,4,Local,0.32,97,CHAPEL ST,CHAPEL ST,BLATCHLEY AV,,,,,41.304016,-72.898657,14,Motor Vehicle in Operation,3,Angle,1,On Roadway,1,Clear,88,Not Applicable,1,Daylight,1,Dry,0,None,88,Not Applicable,88,Not Applicable,0,None,88,Not Applicable,88,Not Applicable,2,Intersection,2,Four-Way Intersection,1,No,1,No,88,Not Applicable,88,Not Applicable,88,Not Applicable,88,Not Applicable,TRUE,1,Public Road,1,"Trafficway, On Road",CT0009300,New Haven PD,44176,20:17.0,C,Closed,00:43.0,,,,,,,
1198095,1,Complete,1198095,1198095,41.30413851,-72.94569996,3686301,New Haven,93,93,New Haven,9/11/2024,2024,9,September,11,4,Wednesday,7:26:00,7,24037639,A,"Injury of any type (Serious, Minor, Possible)",C,Possible Injury (C),2,0,0,4,Local,0.27,672,WINTHROP AV NO 1,WINTHROP AV NO 1,,SYLVAN AVE,75,Feet,N,41.30413851,-72.94569996,14,Motor Vehicle in Operation,1,Front to rear,1,On Roadway,1,Clear,88,Not Applicable,1,Daylight,1,Dry,0,None,88,Not Applicable,88,Not Applicable,0,None,88,Not Applicable,88,Not Applicable,3,Intersection-Related,3,T-Intersection,1,No,1,No,88,Not Applicable,88,Not Applicable,88,Not Applicable,88,Not Applicable,FALSE,1,Public Road,1,"Trafficway, On Road",CT0009300,New Haven PD,44338,24:33.0,C,Closed,00:44.0,,,,,,,
1198098,1,Complete,1198098,1198098,41.338474,-72.973309,3686304,New Haven,93,93,New Haven,9/11/2024,2024,9,September,11,4,Wednesday,16:04:00,16,24037708,A,"Injury of any type (Serious, Minor, Possible)",C,Possible Injury (C),1,0,0,4,Local,0.1,612,VALLEY ST NO 1,VALLEY ST NO 1,HARPER AV,,,,,41.338474,-72.973309,1,Overturn/Rollover,88,Not Applicable,1,On Roadway,1,Clear,88,Not Applicable,1,Daylight,1,Dry,0,None,88,Not Applicable,88,Not Applicable,0,None,88,Not Applicable,88,Not Applicable,2,Intersection,3,T-Intersection,1,No,1,No,88,Not Applicable,88,Not Applicable,88,Not Applicable,88,Not Applicable,FALSE,1,Public Road,1,"Trafficway, On Road",CT0009300,New Haven PD,170,21:19.0,C,Closed,00:48.0,,,,,,,
1198099,1,Complete,1198099,1198099,41.30754,-72.9263,3686305,New Haven,93,93,New Haven,9/11/2024,2024,9,September,11,4,Wednesday,15:13:00,15,24037734,A,"Injury of any type (Serious, Minor, Possible)",B,Suspected Minor Injury (B),1,1,1,4,Local,0.49,588,TEMPLE ST,TEMPLE ST,,CHAPEL ST,366,Feet,N,41.30754,-72.9263,10,Pedalcycle/Pedalcyclist,3,Angle,1,On Roadway,1,Clear,88,Not Applicable,1,Daylight,1,Dry,2,Visual Obstruction(s),88,Not Applicable,88,Not Applicable,0,None,88,Not Applicable,88,Not Applicable,1,Non-Junction,1,Not at Intersection,1,No,1,No,88,Not Applicable,88,Not Applicable,88,Not Applicable,88,Not Applicable,TRUE,1,Public Road,1,"Trafficway, On Road",CT0009300,New Haven PD,97,19:55.0,C,Closed,00:45.0,,,,,,,
1198360,1,Complete,1198360,1198360,41.33189883,-72.96704257,3686566,New Haven,93,93,New Haven,9/10/2024,2024,9,September,10,3,Tuesday,21:24:00,21,24037617,A,"Injury of any type (Serious, Minor, Possible)",C,Possible Injury (C),3,0,0,4,Local,0.05,582,STRONG ST,STRONG ST,,VALLEY STREET,281,Feet,N,41.33189883,-72.96704257,14,Motor Vehicle in Operation,4,"Sideswipe, same direction",1,On Roadway,1,Clear,88,Not Applicable,4,Dark-Lighted,1,Dry,0,None,88,Not Applicable,88,Not Applicable,0,None,88,Not Applicable,88,Not Applicable,1,Non-Junction,1,Not at Intersection,1,No,1,No,88,Not Applicable,88,Not Applicable,88,Not Applicable,88,Not Applicable,FALSE,1,Public Road,1,"Trafficway, On Road",CT0009300,New Haven PD,765,13:58.0,C,Closed,00:19.0,,,,,,,
1198362,1,Complete,1198362,1198362,41.31083045,-72.92025096,3686568,New Haven,93,93,New Haven,9/11/2024,2024,9,September,11,4,Wednesday,10:01:00,10,24037665,A,"Injury of any type (Serious, Minor, Possible)",C,Possible Injury (C),1,1,0,4,Local,1.3,450,ORANGE ST NO 1,ORANGE ST NO 1,AUDUBON ST,,,,,41.31083045,-72.92025096,9,Pedestrian,88,Not Applicable,1,On Roadway,10,"Blowing Sand, Soil, Dirt",88,Not Applicable,1,Daylight,1,Dry,0,None,88,Not Applicable,88,Not Applicable,0,None,88,Not Applicable,88,Not Applicable,2,Intersection,2,Four-Way Intersection,1,No,1,No,88,Not Applicable,88,Not Applicable,88,Not Applicable,88,Not Applicable,TRUE,1,Public Road,1,"Trafficway, On Road",CT0009300,New Haven PD,469,36:35.0,C,Closed,00:21.0,,,,,,,
1198363,1,Complete,1198363,1198363,41.31918,-72.898984,3686569,New Haven,93,93,New Haven,9/11/2024,2024,9,September,11,4,Wednesday,19:57:00,19,24037755,A,"Injury of any type (Serious, Minor, Possible)",C,Possible Injury (C),2,0,0,2,USRoute,0.34,5,5-N,5-N,,May St ,71,Feet,W,41.31918,-72.898984,14,Motor Vehicle in Operation,1,Front to rear,1,On Roadway,1,Clear,88,Not Applicable,4,Dark-Lighted,1,Dry,0,None,88,Not Applicable,88,Not Applicable,0,None,88,Not Applicable,88,Not Applicable,1,Non-Junction,1,Not at Intersection,1,No,1,No,88,Not Applicable,88,Not Applicable,88,Not Applicable,88,Not Applicable,FALSE,1,Public Road,1,"Trafficway, On Road",CT0009300,New Haven PD,45700,23:18.0,O,Open,00:24.0,,,,,,,
1198364,1,Complete,1198364,1198364,41.33287616,-72.94924042,3686570,New Haven,93,93,New Haven,9/11/2024,2024,9,September,11,4,Wednesday,20:51:00,20,24037762,A,"Injury of any type (Serious, Minor, Possible)",C,Possible Injury (C),2,0,0,3,State,4.31,10,10-S,10-S,WINTERGREEN AV,,,,,41.33287616,-72.94924042,14,Motor Vehicle in Operation,3,Angle,1,On Roadway,1,Clear,88,Not Applicable,6,Dark-Unknown Lighting,1,Dry,0,None,88,Not Applicable,88,Not Applicable,0,None,88,Not Applicable,88,Not Applicable,2,Intersection,3,T-Intersection,1,No,1,No,88,Not Applicable,88,Not Applicable,88,Not Applicable,88,Not Applicable,FALSE,1,Public Road,1,"Trafficway, On Road",CT0009300,New Haven PD,44062,37:31.0,C,Closed,00:24.0,,,,,,,
1198370,1,Complete,1198370,1198370,41.30593904,-72.94696011,3686576,New Haven,93,93,New Haven,9/12/2024,2024,9,September,12,5,Thursday,15:42:00,15,24037894,A,"Injury of any type (Serious, Minor, Possible)",C,Possible Injury (C),3,0,0,4,Local,0.29,360,LEGION AV-RT 34,LEGION AV-RT 34,WINTHROP AV NO 1,,,,,41.30593904,-72.94696011,14,Motor Vehicle in Operation,1,Front to rear,1,On Roadway,1,Clear,88,Not Applicable,1,Daylight,1,Dry,0,None,88,Not Applicable,88,Not Applicable,0,None,88,Not Applicable,88,Not Applicable,2,Intersection,2,Four-Way Intersection,1,No,1,No,88,Not Applicable,88,Not Applicable,88,Not Applicable,88,Not Applicable,FALSE,1,Public Road,1,"Trafficway, On Road",CT0009300,New Haven PD,42056,33:45.0,C,Closed,00:29.0,,,,,,,
1198372,1,Complete,1198372,1198372,41.333793,-72.948316,3686578,New Haven,93,93,New Haven,9/12/2024,2024,9,September,12,5,Thursday,16:20:00,16,24037902,A,"Injury of any type (Serious, Minor, Possible)",B,Suspected Minor Injury (B),2,0,0,3,State,4.39,10,10-N,10-N,,PINE ROCK AVE,275,Feet,S,41.333793,-72.948316,14,Motor Vehicle in Operation,1,Front to rear,1,On Roadway,1,Clear,88,Not Applicable,1,Daylight,1,Dry,0,None,88,Not Applicable,88,Not Applicable,0,None,88,Not Applicable,88,Not Applicable,1,Non-Junction,1,Not at Intersection,1,No,1,No,88,Not Applicable,88,Not Applicable,88,Not Applicable,88,Not Applicable,FALSE,1,Public Road,1,"Trafficway, On Road",CT0009300,New Haven PD,170,48:20.0,C,Closed,00:23.0,,,,,,,
1198811,1,Complete,1198811,1198811,41.308839,-72.898131,3687017,New Haven,93,93,New Haven,3/28/2023,2023,3,March,28,3,Tuesday,9:40:00,9,23012180,A,"Injury of any type (Serious, Minor, Possible)",C,Possible Injury (C),3,0,0,4,Local,0.64,264,GRAND AV,GRAND AV,FILLMORE ST,,,,,41.308839,-72.898131,14,Motor Vehicle in Operation,3,Angle,1,On Roadway,2,Cloudy,88,Not Applicable,1,Daylight,2,Wet,2,Visual Obstruction(s),88,Not Applicable,88,Not Applicable,0,None,88,Not Applicable,88,Not Applicable,2,Intersection,3,T-Intersection,1,No,1,No,88,Not Applicable,88,Not Applicable,88,Not Applicable,88,Not Applicable,FALSE,1,Public Road,1,"Trafficway, On Road",CT0009300,New Haven PD,332,58:00.0,C,Closed,01:36.0,,2,13600,4,MINOR ARTERIAL - NEW HPMS,2,Urban
1198813,1,Complete,1198813,1198813,41.320186,-72.893138,3687019,New Haven,93,93,New Haven,9/2/2024,2024,9,September,2,2,Monday,22:25:00,22,24036371,A,"Injury of any type (Serious, Minor, Possible)",B,Suspected Minor Injury (B),2,0,0,4,Local,0.49,411,MIDDLETOWN AV,MIDDLETOWN AV,CLINTON AV,,,,,41.320186,-72.893138,14,Motor Vehicle in Operation,3,Angle,1,On Roadway,1,Clear,88,Not Applicable,4,Dark-Lighted,1,Dry,0,None,88,Not Applicable,88,Not Applicable,0,None,88,Not Applicable,88,Not Applicable,2,Intersection,2,Four-Way Intersection,1,No,1,No,88,Not Applicable,88,Not Applicable,88,Not Applicable,88,Not Applicable,FALSE,1,Public Road,1,"Trafficway, On Road",CT0009300,New Haven PD,33160,34:46.0,O,Open,01:49.0,,,,,,,
1198819,1,Complete,1198819,1198819,41.286474,-72.93619,3687025,New Haven,93,93,New Haven,9/8/2024,2024,9,September,8,1,Sunday,8:43:00,8,24037196,A,"Injury of any type (Serious, Minor, Possible)",C,Possible Injury (C),2,0,0,4,Local,0.43,339,KIMBERLY AV,KIMBERLY AV,10-N,,,,,41.286474,-72.93619,14,Motor Vehicle in Operation,3,Angle,1,On Roadway,1,Clear,88,Not Applicable,1,Daylight,1,Dry,0,None,88,Not Applicable,88,Not Applicable,0,None,88,Not Applicable,88,Not Applicable,2,Intersection,2,Four-Way Intersection,1,No,1,No,88,Not Applicable,88,Not Applicable,88,Not Applicable,88,Not Applicable,TRUE,1,Public Road,1,"Trafficway, On Road",CT0009300,New Haven PD,46611,14:17.0,C,Closed,01:32.0,,,,,,,
1198823,1,Complete,1198823,1198823,41.282549,-72.938014,3687029,New Haven,93,93,New Haven,9/9/2024,2024,9,September,9,2,Monday,20:27:00,20,24037424,A,"Injury of any type (Serious, Minor, Possible)",B,Suspected Minor Injury (B),2,0,1,3,State,0.94,745,745-E,745-E,10-N,,,,,41.282549,-72.938014,14,Motor Vehicle in Operation,3,Angle,1,On Roadway,1,Clear,88,Not Applicable,4,Dark-Lighted,1,Dry,0,None,88,Not Applicable,88,Not Applicable,0,None,88,Not Applicable,88,Not Applicable,2,Intersection,3,T-Intersection,1,No,1,No,88,Not Applicable,88,Not Applicable,88,Not Applicable,88,Not Applicable,FALSE,1,Public Road,1,"Trafficway, On Road",CT0009300,New Haven PD,45400,10:43.0,C,Closed,01:32.0,,,,,,,
1198825,1,Complete,1198825,1198825,41.30457,-72.94057,3687031,New Haven,93,93,New Haven,9/10/2024,2024,9,September,10,3,Tuesday,16:30:00,16,24037582,A,"Injury of any type (Serious, Minor, Possible)",C,Possible Injury (C),2,0,0,4,Local,0.18,585,SYLVAN AV,SYLVAN AV,ASYLUM ST,,,,,41.30457,-72.94057,14,Motor Vehicle in Operation,4,"Sideswipe, same direction",1,On Roadway,1,Clear,88,Not Applicable,1,Daylight,1,Dry,99,Unknown,88,Not Applicable,88,Not Applicable,99,Unknown,88,Not Applicable,88,Not Applicable,2,Intersection,3,T-Intersection,1,No,1,No,88,Not Applicable,88,Not Applicable,88,Not Applicable,88,Not Applicable,TRUE,1,Public Road,1,"Trafficway, On Road",CT0009300,New Haven PD,45698,03:17.0,C,Closed,01:29.0,,,,,,,
1198828,1,Complete,1198828,1198828,41.323867,-72.881538,3687034,New Haven,93,93,New Haven,9/12/2024,2024,9,September,12,5,Thursday,8:36:00,8,24037811,A,"Injury of any type (Serious, Minor, Possible)",C,Possible Injury (C),2,0,2,3,State,0,80,80-W,80-W,17-N,,,,,41.323867,-72.881538,14,Motor Vehicle in Operation,3,Angle,1,On Roadway,1,Clear,88,Not Applicable,1,Daylight,1,Dry,0,None,88,Not Applicable,88,Not Applicable,0,None,88,Not Applicable,88,Not Applicable,2,Intersection,2,Four-Way Intersection,1,No,1,No,88,Not Applicable,88,Not Applicable,88,Not Applicable,88,Not Applicable,FALSE,1,Public Road,1,"Trafficway, On Road",CT0009300,New Haven PD,180,28:55.0,C,Closed,01:43.0,24037811,,,,,,
1198833,1,Complete,1198833,1198833,41.3241664,-72.93413122,3687039,New Haven,93,93,New Haven,9/12/2024,2024,9,September,12,5,Thursday,17:55:00,17,24037938,A,"Injury of any type (Serious, Minor, Possible)",C,Possible Injury (C),2,0,0,4,Local,0.13,552,SHELTON AV,SHELTON AV,,ARGYLE ST,45,Feet,S,41.3241664,-72.93413122,14,Motor Vehicle in Operation,3,Angle,1,On Roadway,1,Clear,88,Not Applicable,1,Daylight,1,Dry,0,None,88,Not Applicable,88,Not Applicable,0,None,88,Not Applicable,88,Not Applicable,1,Non-Junction,1,Not at Intersection,1,No,1,No,88,Not Applicable,88,Not Applicable,88,Not Applicable,88,Not Applicable,FALSE,1,Public Road,1,"Trafficway, On Road",CT0009300,New Haven PD,46621,15:32.0,C,Closed,01:35.0,,,,,,,
1198836,1,Complete,1198836,1198836,41.30530853,-72.89473777,3687042,New Haven,93,93,New Haven,9/12/2024,2024,9,September,12,5,Thursday,21:46:00,21,24037966,A,"Injury of any type (Serious, Minor, Possible)",C,Possible Injury (C),2,0,0,4,Local,1.02,213,FERRY ST,FERRY ST,SALTONSTALL AV,,,,,41.30530853,-72.89473777,14,Motor Vehicle in Operation,3,Angle,1,On Roadway,1,Clear,1,Clear,4,Dark-Lighted,1,Dry,0,None,88,Not Applicable,88,Not Applicable,0,None,88,Not Applicable,88,Not Applicable,2,Intersection,3,T-Intersection,1,No,1,No,88,Not Applicable,88,Not Applicable,88,Not Applicable,88,Not Applicable,FALSE,1,Public Road,1,"Trafficway, On Road",CT0009300,New Haven PD,46622,45:45.0,C,Closed,01:25.0,,,,,,,
1198840,1,Complete,1198840,1198840,41.32073821,-72.94810555,3687046,New Haven,93,93,New Haven,9/13/2024,2024,9,September,13,6,Friday,10:30:00,10,24038030,A,"Injury of any type (Serious, Minor, Possible)",C,Possible Injury (C),1,1,0,,,,,,471 WHALLEY AVE,,ella t grasso blvd,315,Feet,E,41.32073821,-72.94810555,9,Pedestrian,88,Not Applicable,97,Other,1,Clear,88,Not Applicable,1,Daylight,1,Dry,0,None,88,Not Applicable,88,Not Applicable,0,None,88,Not Applicable,88,Not Applicable,97,Other,1,Not at Intersection,1,No,1,No,88,Not Applicable,88,Not Applicable,88,Not Applicable,88,Not Applicable,TRUE,88,Not Applicable,4,Parking Lot,CT0009300,New Haven PD,332,42:33.0,C,Closed,01:27.0,,,,,,,