CrashId,Fatal Case Status,Fatal Case Status Text Format,CrashId,CrashId,Latitude,Longitude,DOT Case Number,Town Name,Town Number,Town Number,Town Number Text Format,Date Of Crash,Year,Month,Month Text Format,Day,Day of the Week,Day of the Week Text Format,Time of Crash,Hour of the Day,Case Identifier,Crash Severity,Crash Severity Text Format,Most Severe Injury,Most Severe Injury Text Format,Number Of Motor Vehicles,Number Of Non-Motorist,Number Of Witnesses,Route Class,Route Class Text Format,Milemarker,Road Number,Road Description,Roadway Name,Intersecting Roadway Name,Landmark Description,Distance From Nearest Landmark,Unit Of Measure From Nearest Landmark,Direction From Nearest Landmark,Latitude,Longitude,First Harmful Event,First Harmful Event Text Format,Manner of Crash / Collision Impact,Manner of Crash / Collision Impact Text Format,Location of First Harmful Event,Location of First Harmful Event Text Format,Weather Condition,Weather Condition Text Format,Weather 2,Weather 2 Text Format,Light Condition,Light Condition Text Format,Road Surface Condition,Road Surface Condition Text Format,"Contributing Circumstances, Environment","Contributing Circumstances, Environment Text Format",Environment 2,Environment 2 Text Format,Environment 3,Environment 3 Text Format,"Contributing Circumstances, Road","Contributing Circumstances, Road Text Format",Road 2,Road 2 Text Format,Road 3,Road 3 Text Format,Crash Specific Location,Crash Specific Location Text Format,Type of Intersection,Type of Intersection Text Format,School Bus Related,School Bus Related Text Format,Work Zone Related,Work Zone Related Text Format,Location Of Crash Relative To Work Zone,Location Of Crash Relative To Work Zone Text Format,Type of Work Zone,Type of Work Zone Text Format,Worker Presence,Worker Presence Text Format,Law Enforcement Presence,Law Enforcement Presence Text Format,Were Vehicles Moved Prior To Police Arrival,Trafficway Ownership,Trafficway Ownership Text Format,Trafficway Class,Trafficway Class Text Format,Police Agency,Police Agency Text Format,Badge Number,Approval Date,Police Case Status,Police Case Status Text Format,Crash Report Submission Date,Related Case Identifiers,No. of Through Lanes (Log Dir.),Average Daily Traffic,Functional Classification,Functional Classification Text Format,Rural or Urban,Rural or Urban Text Format
1198842,1,Complete,1198842,1198842,41.297838,-72.937662,3687048,New Haven,93,93,New Haven,9/11/2024,2024,9,September,11,4,Wednesday,8:30:00,8,24038050,A,"Injury of any type (Serious, Minor, Possible)",C,Possible Injury (C),1,1,0,4,Local,0.17,19,ARCH ST,ARCH ST,,Columbus Ave ,10,Feet,N,41.297838,-72.937662,11,Other Non-motorist,88,Not Applicable,1,On Roadway,1,Clear,88,Not Applicable,1,Daylight,1,Dry,99,Unknown,88,Not Applicable,88,Not Applicable,99,Unknown,88,Not Applicable,88,Not Applicable,3,Intersection-Related,2,Four-Way Intersection,1,No,1,No,88,Not Applicable,88,Not Applicable,88,Not Applicable,88,Not Applicable,TRUE,1,Public Road,1,"Trafficway, On Road",CT0009300,New Haven PD,45698,37:45.0,C,Closed,01:41.0,,,,,,,
1198844,1,Complete,1198844,1198844,41.31009,-72.95325,3687050,New Haven,93,93,New Haven,9/13/2024,2024,9,September,13,6,Friday,20:32:00,20,24038077,A,"Injury of any type (Serious, Minor, Possible)",C,Possible Injury (C),2,0,0,3,State,21.88,34,34-E,34-E,10-N,,,,,41.31009,-72.95325,14,Motor Vehicle in Operation,1,Front to rear,1,On Roadway,1,Clear,88,Not Applicable,4,Dark-Lighted,1,Dry,0,None,88,Not Applicable,88,Not Applicable,0,None,88,Not Applicable,88,Not Applicable,3,Intersection-Related,2,Four-Way Intersection,1,No,1,No,88,Not Applicable,88,Not Applicable,88,Not Applicable,88,Not Applicable,FALSE,1,Public Road,1,"Trafficway, On Road",CT0009300,New Haven PD,44045,03:24.0,C,Closed,01:33.0,,,,,,,
1198845,1,Complete,1198845,1198845,41.32145165,-72.95258001,3687051,New Haven,93,93,New Haven,9/13/2024,2024,9,September,13,6,Friday,23:57:00,23,24038091,A,"Injury of any type (Serious, Minor, Possible)",C,Possible Injury (C),2,0,0,3,State,3.28,10,10-N,10-N,,HUBINGER ST,80,Feet,S,41.32145165,-72.95258001,15,Parked Motor Vehicle,4,"Sideswipe, same direction",1,On Roadway,1,Clear,88,Not Applicable,4,Dark-Lighted,1,Dry,0,None,88,Not Applicable,88,Not Applicable,0,None,88,Not Applicable,88,Not Applicable,1,Non-Junction,1,Not at Intersection,1,No,1,No,88,Not Applicable,88,Not Applicable,88,Not Applicable,88,Not Applicable,FALSE,1,Public Road,1,"Trafficway, On Road",CT0009300,New Haven PD,42053,41:31.0,C,Closed,01:34.0,,,,,,,
1198846,1,Complete,1198846,1198846,41.30594253,-72.94685156,3687052,New Haven,93,93,New Haven,9/14/2024,2024,9,September,14,7,Saturday,8:07:00,8,24038129,A,"Injury of any type (Serious, Minor, Possible)",C,Possible Injury (C),2,0,0,4,Local,0.29,360,LEGION AV-RT 34,LEGION AV-RT 34,sherman ave,,,,,41.30594253,-72.94685156,14,Motor Vehicle in Operation,3,Angle,1,On Roadway,1,Clear,88,Not Applicable,1,Daylight,1,Dry,0,None,88,Not Applicable,88,Not Applicable,0,None,88,Not Applicable,88,Not Applicable,2,Intersection,2,Four-Way Intersection,1,No,1,No,88,Not Applicable,88,Not Applicable,88,Not Applicable,88,Not Applicable,TRUE,1,Public Road,1,"Trafficway, On Road",CT0009300,New Haven PD,44947,23:15.0,C,Closed,01:38.0,,,,,,,
1198852,1,Complete,1198852,1198852,41.31917023,-72.96589191,3687058,New Haven,93,93,New Haven,9/15/2024,2024,9,September,15,1,Sunday,15:25:00,15,24038277,A,"Injury of any type (Serious, Minor, Possible)",C,Possible Injury (C),2,0,0,4,Local,0.23,179,EDGEWOOD AV,EDGEWOOD AV,ALDEN AV,,,,,41.31917023,-72.96589191,14,Motor Vehicle in Operation,3,Angle,1,On Roadway,1,Clear,88,Not Applicable,1,Daylight,1,Dry,0,None,88,Not Applicable,88,Not Applicable,0,None,88,Not Applicable,88,Not Applicable,2,Intersection,2,Four-Way Intersection,1,No,1,No,88,Not Applicable,88,Not Applicable,88,Not Applicable,88,Not Applicable,FALSE,1,Public Road,1,"Trafficway, On Road",CT0009300,New Haven PD,402,03:45.0,C,Closed,01:46.0,,,,,,,
1198853,1,Complete,1198853,1198853,41.31530963,-72.95093443,3687059,New Haven,93,93,New Haven,9/15/2024,2024,9,September,15,1,Sunday,16:53:00,16,24038300,A,"Injury of any type (Serious, Minor, Possible)",C,Possible Injury (C),2,0,0,3,State,2.58,10,10-N,10-N,EDGEWOOD AV,,,,,41.31530963,-72.95093443,14,Motor Vehicle in Operation,3,Angle,1,On Roadway,1,Clear,88,Not Applicable,1,Daylight,1,Dry,0,None,88,Not Applicable,88,Not Applicable,0,None,88,Not Applicable,88,Not Applicable,2,Intersection,2,Four-Way Intersection,1,No,1,No,88,Not Applicable,88,Not Applicable,88,Not Applicable,88,Not Applicable,FALSE,1,Public Road,1,"Trafficway, On Road",CT0009300,New Haven PD,40804,01:46.0,O,Open,01:45.0,,,,,,,
1198855,1,Complete,1198855,1198855,41.316415,-72.94246,3687061,New Haven,93,93,New Haven,9/15/2024,2024,9,September,15,1,Sunday,18:29:00,18,24038315,A,"Injury of any type (Serious, Minor, Possible)",C,Possible Injury (C),2,0,0,4,Local,0.75,556,SHERMAN AV,SHERMAN AV,,Whalley Ave,45,Feet,S,41.316415,-72.94246,14,Motor Vehicle in Operation,3,Angle,1,On Roadway,1,Clear,88,Not Applicable,1,Daylight,1,Dry,0,None,88,Not Applicable,88,Not Applicable,0,None,88,Not Applicable,88,Not Applicable,9,Driveway Access-Related,1,Not at Intersection,1,No,1,No,88,Not Applicable,88,Not Applicable,88,Not Applicable,88,Not Applicable,FALSE,1,Public Road,1,"Trafficway, On Road",CT0009300,New Haven PD,44055,03:36.0,C,Closed,01:47.0,,,,,,,
1198857,1,Complete,1198857,1198857,41.34275956,-72.9576637,3687063,New Haven,93,93,New Haven,9/15/2024,2024,9,September,15,1,Sunday,18:47:00,18,24038325,A,"Injury of any type (Serious, Minor, Possible)",A,Suspected Serious Injury (A),1,0,0,4,Local,0.22,70,BROOKSIDE AV,BROOKSIDE AV,WILMOT RD,,,,,41.34275956,-72.9576637,32,Tree (standing),88,Not Applicable,1,On Roadway,1,Clear,88,Not Applicable,3,Dusk,1,Dry,99,Unknown,88,Not Applicable,88,Not Applicable,99,Unknown,88,Not Applicable,88,Not Applicable,2,Intersection,2,Four-Way Intersection,1,No,1,No,88,Not Applicable,88,Not Applicable,88,Not Applicable,88,Not Applicable,FALSE,1,Public Road,1,"Trafficway, On Road",CT0009300,New Haven PD,402,49:13.0,O,Open,01:45.0,24038325,,,,,,
1199359,1,Complete,1199359,1199359,41.305421,-72.931268,3687565,New Haven,93,93,New Haven,9/14/2024,2024,9,September,14,7,Saturday,8:49:00,8,24038136,A,"Injury of any type (Serious, Minor, Possible)",C,Possible Injury (C),4,0,0,4,Local,1.05,248,GEORGE ST,GEORGE ST,,HIGH ST,200,Feet,E,41.305421,-72.931268,14,Motor Vehicle in Operation,4,"Sideswipe, same direction",1,On Roadway,1,Clear,88,Not Applicable,1,Daylight,1,Dry,0,None,88,Not Applicable,88,Not Applicable,0,None,88,Not Applicable,88,Not Applicable,1,Non-Junction,1,Not at Intersection,1,No,1,No,88,Not Applicable,88,Not Applicable,88,Not Applicable,88,Not Applicable,FALSE,1,Public Road,1,"Trafficway, On Road",CT0009300,New Haven PD,42366,08:11.0,C,Closed,00:06.0,,,,,,,
1199722,1,Complete,1199722,1199722,41.318817,-72.949152,3687928,New Haven,93,93,New Haven,9/14/2024,2024,9,September,14,7,Saturday,21:49:00,21,24038214,A,"Injury of any type (Serious, Minor, Possible)",C,Possible Injury (C),2,0,0,3,State,3.02,10,10-N,10-N,,WHALLEY AVE,50,Feet,S,41.318817,-72.949152,14,Motor Vehicle in Operation,1,Front to rear,1,On Roadway,1,Clear,88,Not Applicable,4,Dark-Lighted,1,Dry,0,None,88,Not Applicable,88,Not Applicable,0,None,88,Not Applicable,88,Not Applicable,3,Intersection-Related,3,T-Intersection,1,No,1,No,88,Not Applicable,88,Not Applicable,88,Not Applicable,88,Not Applicable,FALSE,1,Public Road,1,"Trafficway, On Road",CT0009300,New Haven PD,45701,32:06.0,C,Closed,00:27.0,,,,,,,
1199723,1,Complete,1199723,1199723,41.29008534,-72.94038588,3687929,New Haven,93,93,New Haven,9/15/2024,2024,9,September,15,1,Sunday,1:36:00,1,24038228,A,"Injury of any type (Serious, Minor, Possible)",C,Possible Injury (C),2,0,0,3,State,0.62,10,10-N,10-N,lamberton st,,,,,41.29008534,-72.94038588,14,Motor Vehicle in Operation,3,Angle,1,On Roadway,1,Clear,88,Not Applicable,4,Dark-Lighted,1,Dry,0,None,88,Not Applicable,88,Not Applicable,0,None,88,Not Applicable,88,Not Applicable,2,Intersection,2,Four-Way Intersection,1,No,1,No,88,Not Applicable,88,Not Applicable,88,Not Applicable,88,Not Applicable,FALSE,1,Public Road,1,"Trafficway, On Road",CT0009300,New Haven PD,45983,07:02.0,C,Closed,00:26.0,,,,,,,
1199724,1,Complete,1199724,1199724,41.30138457,-72.92402044,3687930,New Haven,93,93,New Haven,9/16/2024,2024,9,September,16,2,Monday,10:41:00,10,24038385,A,"Injury of any type (Serious, Minor, Possible)",C,Possible Injury (C),2,0,1,2,USRoute,48.26,1,1-N,1-N,STATE ST NORTH,,,,,41.30138457,-72.92402044,14,Motor Vehicle in Operation,3,Angle,1,On Roadway,1,Clear,88,Not Applicable,1,Daylight,1,Dry,0,None,88,Not Applicable,88,Not Applicable,0,None,88,Not Applicable,88,Not Applicable,2,Intersection,2,Four-Way Intersection,1,No,1,No,88,Not Applicable,88,Not Applicable,88,Not Applicable,88,Not Applicable,FALSE,1,Public Road,1,"Trafficway, On Road",CT0009300,New Haven PD,251,19:30.0,C,Closed,00:30.0,,,,,,,
1200132,1,Complete,1200132,1200132,41.317204,-72.970924,3688338,New Haven,93,93,New Haven,9/17/2024,2024,9,September,17,3,Tuesday,16:19:00,16,24038591,A,"Injury of any type (Serious, Minor, Possible)",B,Suspected Minor Injury (B),2,0,0,3,State,2.65,122,122-N,122-N,CHAPEL ST,,,,,41.317204,-72.970924,14,Motor Vehicle in Operation,3,Angle,1,On Roadway,1,Clear,88,Not Applicable,1,Daylight,1,Dry,0,None,88,Not Applicable,88,Not Applicable,0,None,88,Not Applicable,88,Not Applicable,2,Intersection,3,T-Intersection,1,No,1,No,88,Not Applicable,88,Not Applicable,88,Not Applicable,88,Not Applicable,FALSE,1,Public Road,1,"Trafficway, On Road",CT0009300,New Haven PD,44055,30:13.0,C,Closed,00:18.0,,,,,,,
1200134,1,Complete,1200134,1200134,41.31041,-72.89956,3688340,New Haven,93,93,New Haven,9/17/2024,2024,9,September,17,3,Tuesday,22:05:00,22,24038650,A,"Injury of any type (Serious, Minor, Possible)",B,Suspected Minor Injury (B),1,1,0,4,Local,0,108,CLAY ST NO 1,CLAY ST NO 1,BLATCHLEY AV,,,,,41.31041,-72.89956,9,Pedestrian,88,Not Applicable,1,On Roadway,1,Clear,88,Not Applicable,4,Dark-Lighted,1,Dry,99,Unknown,88,Not Applicable,88,Not Applicable,0,None,88,Not Applicable,88,Not Applicable,2,Intersection,2,Four-Way Intersection,1,No,1,No,88,Not Applicable,88,Not Applicable,88,Not Applicable,88,Not Applicable,TRUE,1,Public Road,1,"Trafficway, On Road",CT0009300,New Haven PD,45403,28:57.0,O,Open,00:21.0,,2,9700,5,MAJOR COLLECTOR - NEW HPMS,2,Urban
1200136,1,Complete,1200136,1200136,41.305055,-72.888035,3688342,New Haven,93,93,New Haven,9/18/2024,2024,9,September,18,4,Wednesday,0:53:00,0,24038655,A,"Injury of any type (Serious, Minor, Possible)",B,Suspected Minor Injury (B),3,0,0,4,Local,0.89,498,QUINNIPIAC AV,QUINNIPIAC AV,,ANER ST,150,Feet,S,41.305055,-72.888035,14,Motor Vehicle in Operation,1,Front to rear,1,On Roadway,1,Clear,88,Not Applicable,5,Dark-Not Lighted,1,Dry,0,None,88,Not Applicable,88,Not Applicable,0,None,88,Not Applicable,88,Not Applicable,1,Non-Junction,1,Not at Intersection,1,No,1,No,88,Not Applicable,88,Not Applicable,88,Not Applicable,88,Not Applicable,FALSE,1,Public Road,1,"Trafficway, On Road",CT0009300,New Haven PD,45626,26:36.0,C,Closed,00:21.0,,,,,,,
1200137,1,Complete,1200137,1200137,41.31425121,-72.91240184,3688343,New Haven,93,93,New Haven,9/17/2024,2024,9,September,17,3,Tuesday,10:30:00,10,24038677,A,"Injury of any type (Serious, Minor, Possible)",C,Possible Injury (C),2,0,0,4,Local,0.45,316,HUMPHREY ST,HUMPHREY ST,,STATE ST,45,Feet,W,41.31425121,-72.91240184,14,Motor Vehicle in Operation,3,Angle,1,On Roadway,1,Clear,88,Not Applicable,1,Daylight,1,Dry,0,None,88,Not Applicable,88,Not Applicable,0,None,88,Not Applicable,88,Not Applicable,9,Driveway Access-Related,1,Not at Intersection,1,No,1,No,88,Not Applicable,88,Not Applicable,88,Not Applicable,88,Not Applicable,TRUE,1,Public Road,1,"Trafficway, On Road",CT0009300,New Haven PD,332,18:34.0,C,Closed,00:24.0,,,,,,,
1200144,1,Complete,1200144,1200144,41.329165,-72.968368,3688350,New Haven,93,93,New Haven,9/18/2024,2024,9,September,18,4,Wednesday,20:30:00,20,24038773,A,"Injury of any type (Serious, Minor, Possible)",C,Possible Injury (C),2,0,0,3,State,0.7,63,63-N,63-N,,DAYTON ST,50,Feet,E,41.329165,-72.968368,14,Motor Vehicle in Operation,4,"Sideswipe, same direction",1,On Roadway,1,Clear,88,Not Applicable,4,Dark-Lighted,1,Dry,0,None,88,Not Applicable,88,Not Applicable,0,None,88,Not Applicable,88,Not Applicable,3,Intersection-Related,3,T-Intersection,1,No,1,No,88,Not Applicable,88,Not Applicable,88,Not Applicable,88,Not Applicable,FALSE,1,Public Road,1,"Trafficway, On Road",CT0009300,New Haven PD,45397,58:55.0,O,Open,00:31.0,,,,,,,
1200145,1,Complete,1200145,1200145,41.33351,-72.971356,3688351,New Haven,93,93,New Haven,9/18/2024,2024,9,September,18,4,Wednesday,21:25:00,21,24038781,A,"Injury of any type (Serious, Minor, Possible)",C,Possible Injury (C),2,0,0,4,Local,0.04,465,PARK SIDE DR,PARK SIDE DR,,VALLEY ST,200,Feet,W,41.33351,-72.971356,14,Motor Vehicle in Operation,2,Front to front,1,On Roadway,1,Clear,88,Not Applicable,4,Dark-Lighted,1,Dry,0,None,88,Not Applicable,88,Not Applicable,0,None,88,Not Applicable,88,Not Applicable,1,Non-Junction,1,Not at Intersection,1,No,1,No,88,Not Applicable,88,Not Applicable,88,Not Applicable,88,Not Applicable,FALSE,1,Public Road,1,"Trafficway, On Road",CT0009300,New Haven PD,170,52:41.0,C,Closed,00:33.0,,,,,,,
1200431,1,Complete,1200431,1200431,41.295406,-72.946596,3688637,New Haven,93,93,New Haven,8/31/2024,2024,8,August,31,7,Saturday,12:48:00,12,24036062,A,"Injury of any type (Serious, Minor, Possible)",C,Possible Injury (C),2,0,0,3,State,1.1,10,10-N,10-N,PRINTERS LA,,,,,41.295406,-72.946596,14,Motor Vehicle in Operation,3,Angle,1,On Roadway,1,Clear,88,Not Applicable,1,Daylight,1,Dry,0,None,88,Not Applicable,88,Not Applicable,0,None,88,Not Applicable,88,Not Applicable,2,Intersection,3,T-Intersection,1,No,1,No,88,Not Applicable,88,Not Applicable,88,Not Applicable,88,Not Applicable,FALSE,1,Public Road,1,"Trafficway, On Road",CT0009300,New Haven PD,45392,23:57.0,O,Open,00:58.0,NONE,,,,,,
1200432,1,Complete,1200432,1200432,41.30534,-72.92806,3688638,New Haven,93,93,New Haven,9/19/2024,2024,9,September,19,5,Thursday,15:30:00,15,24036481,A,"Injury of any type (Serious, Minor, Possible)",C,Possible Injury (C),1,1,0,4,Local,0.67,588,TEMPLE ST,TEMPLE ST,CROWN ST,,,,,41.30534,-72.92806,9,Pedestrian,88,Not Applicable,1,On Roadway,1,Clear,88,Not Applicable,1,Daylight,1,Dry,0,None,88,Not Applicable,88,Not Applicable,0,None,88,Not Applicable,88,Not Applicable,2,Intersection,2,Four-Way Intersection,1,No,1,No,88,Not Applicable,88,Not Applicable,88,Not Applicable,88,Not Applicable,FALSE,1,Public Road,1,"Trafficway, On Road",CT0009300,New Haven PD,42044,30:54.0,C,Closed,01:03.0,,2,21900,4,MINOR ARTERIAL - NEW HPMS,2,Urban
1200436,1,Complete,1200436,1200436,41.315504,-72.934892,3688642,New Haven,93,93,New Haven,9/19/2024,2024,9,September,19,5,Thursday,5:50:00,5,24038812,A,"Injury of any type (Serious, Minor, Possible)",C,Possible Injury (C),2,0,0,4,Local,0.09,570,SPERRY ST,SPERRY ST,GOFFE ST,,,,,41.315504,-72.934892,14,Motor Vehicle in Operation,3,Angle,1,On Roadway,1,Clear,88,Not Applicable,2,Dawn,1,Dry,0,None,88,Not Applicable,88,Not Applicable,0,None,88,Not Applicable,88,Not Applicable,2,Intersection,2,Four-Way Intersection,1,No,1,No,88,Not Applicable,88,Not Applicable,88,Not Applicable,88,Not Applicable,TRUE,1,Public Road,1,"Trafficway, On Road",CT0009300,New Haven PD,82,55:10.0,C,Closed,00:56.0,,,,,,,
1200438,1,Complete,1200438,1200438,41.29856143,-72.92624672,3688644,New Haven,93,93,New Haven,9/19/2024,2024,9,September,19,5,Thursday,8:56:00,8,24038820,A,"Injury of any type (Serious, Minor, Possible)",C,Possible Injury (C),2,0,0,2,USRoute,48.05,1,1-N,1-N,,COLUMBUS AVE,140,Feet,E,41.29856143,-72.92624672,14,Motor Vehicle in Operation,1,Front to rear,1,On Roadway,1,Clear,88,Not Applicable,1,Daylight,1,Dry,0,None,88,Not Applicable,88,Not Applicable,0,None,88,Not Applicable,88,Not Applicable,1,Non-Junction,1,Not at Intersection,1,No,1,No,88,Not Applicable,88,Not Applicable,88,Not Applicable,88,Not Applicable,TRUE,1,Public Road,1,"Trafficway, On Road",CT0009300,New Haven PD,301,44:45.0,C,Closed,00:59.0,,,,,,,
1200439,1,Complete,1200439,1200439,41.320177,-72.869683,3688645,New Haven,93,93,New Haven,9/19/2024,2024,9,September,19,5,Thursday,9:08:00,9,24038831,A,"Injury of any type (Serious, Minor, Possible)",C,Possible Injury (C),2,0,0,3,State,0.68,80,80-E,80-E,,Old Foxon Rd,205,Feet,W,41.320177,-72.869683,14,Motor Vehicle in Operation,1,Front to rear,1,On Roadway,1,Clear,88,Not Applicable,1,Daylight,1,Dry,0,None,88,Not Applicable,88,Not Applicable,0,None,88,Not Applicable,88,Not Applicable,1,Non-Junction,1,Not at Intersection,1,No,1,No,88,Not Applicable,88,Not Applicable,88,Not Applicable,88,Not Applicable,FALSE,1,Public Road,1,"Trafficway, On Road",CT0009300,New Haven PD,180,02:18.0,C,Closed,01:02.0,24038831,,,,,,
1201318,1,Complete,1201318,1201318,41.31776,-72.944413,3689524,New Haven,93,93,New Haven,9/18/2024,2024,9,September,18,4,Wednesday,22:30:00,22,24037969,A,"Injury of any type (Serious, Minor, Possible)",C,Possible Injury (C),3,0,0,4,Local,0.77,775,WINTHROP AV NO 2,WINTHROP AV NO 2,,WHALLEY AVE,95,Feet,N,41.31776,-72.944413,14,Motor Vehicle in Operation,4,"Sideswipe, same direction",1,On Roadway,1,Clear,88,Not Applicable,4,Dark-Lighted,1,Dry,0,None,88,Not Applicable,88,Not Applicable,0,None,88,Not Applicable,88,Not Applicable,1,Non-Junction,1,Not at Intersection,1,No,1,No,88,Not Applicable,88,Not Applicable,88,Not Applicable,88,Not Applicable,FALSE,1,Public Road,1,"Trafficway, On Road",CT0009300,New Haven PD,45700,37:18.0,C,Closed,01:22.0,,,,,,,
1201319,1,Complete,1201319,1201319,41.305722,-72.928924,3689525,New Haven,93,93,New Haven,9/15/2024,2024,9,September,15,1,Sunday,2:00:00,2,24038229,A,"Injury of any type (Serious, Minor, Possible)",C,Possible Injury (C),3,0,0,4,Local,0.34,136,CROWN ST,CROWN ST,,COLLEGE ST ,200,Feet,E,41.305722,-72.928924,14,Motor Vehicle in Operation,1,Front to rear,1,On Roadway,1,Clear,88,Not Applicable,4,Dark-Lighted,1,Dry,0,None,88,Not Applicable,88,Not Applicable,0,None,88,Not Applicable,88,Not Applicable,1,Non-Junction,1,Not at Intersection,1,No,1,No,88,Not Applicable,88,Not Applicable,88,Not Applicable,88,Not Applicable,FALSE,1,Public Road,1,"Trafficway, On Road",CT0009300,New Haven PD,45630,34:11.0,C,Closed,01:15.0,,,,,,,
1201323,1,Complete,1201323,1201323,41.309007,-72.894964,3689529,New Haven,93,93,New Haven,9/18/2024,2024,9,September,18,4,Wednesday,16:29:00,16,24038739,A,"Injury of any type (Serious, Minor, Possible)",B,Suspected Minor Injury (B),1,1,0,4,Local,0.48,264,GRAND AV,GRAND AV,,FERRY ST,115,Feet,E,41.309007,-72.894964,10,Pedalcycle/Pedalcyclist,3,Angle,1,On Roadway,1,Clear,88,Not Applicable,1,Daylight,1,Dry,0,None,88,Not Applicable,88,Not Applicable,0,None,88,Not Applicable,88,Not Applicable,9,Driveway Access-Related,1,Not at Intersection,1,No,1,No,88,Not Applicable,88,Not Applicable,88,Not Applicable,88,Not Applicable,TRUE,1,Public Road,1,"Trafficway, On Road",CT0009300,New Haven PD,46614,04:06.0,C,Closed,01:33.0,,,,,,,
1201330,1,Complete,1201330,1201330,41.325664,-72.95828,3689536,New Haven,93,93,New Haven,9/20/2024,2024,9,September,20,6,Friday,13:47:00,13,24038991,A,"Injury of any type (Serious, Minor, Possible)",C,Possible Injury (C),2,0,0,3,State,0.09,63,63-N,63-N,,WEST ROCK AVE,50,Feet,S,41.325664,-72.95828,14,Motor Vehicle in Operation,4,"Sideswipe, same direction",1,On Roadway,1,Clear,88,Not Applicable,1,Daylight,1,Dry,0,None,88,Not Applicable,88,Not Applicable,0,None,88,Not Applicable,88,Not Applicable,1,Non-Junction,1,Not at Intersection,1,No,1,No,88,Not Applicable,88,Not Applicable,88,Not Applicable,88,Not Applicable,FALSE,1,Public Road,1,"Trafficway, On Road",CT0009300,New Haven PD,9,56:02.0,C,Closed,01:31.0,,,,,,,
1201333,1,Complete,1201333,1201333,41.292907,-72.940204,3689539,New Haven,93,93,New Haven,9/20/2024,2024,9,September,20,6,Friday,17:41:00,17,24039023,A,"Injury of any type (Serious, Minor, Possible)",B,Suspected Minor Injury (B),1,1,1,4,Local,0.05,424,MORRIS ST,MORRIS ST,,WASHINGTON AVE,80,Feet,N,41.292907,-72.940204,9,Pedestrian,88,Not Applicable,1,On Roadway,1,Clear,88,Not Applicable,1,Daylight,1,Dry,0,None,88,Not Applicable,88,Not Applicable,0,None,88,Not Applicable,88,Not Applicable,1,Non-Junction,1,Not at Intersection,1,No,1,No,88,Not Applicable,88,Not Applicable,88,Not Applicable,88,Not Applicable,FALSE,1,Public Road,1,"Trafficway, On Road",CT0009300,New Haven PD,42366,29:30.0,C,Closed,01:14.0,,2,10500,4,MINOR ARTERIAL - NEW HPMS,2,Urban
1201334,1,Complete,1201334,1201334,41.32189363,-72.9148849,3689540,New Haven,93,93,New Haven,9/20/2024,2024,9,September,20,6,Friday,15:25:00,15,24039028,A,"Injury of any type (Serious, Minor, Possible)",C,Possible Injury (C),2,0,0,4,Local,0.63,376,LIVINGSTON ST,LIVINGSTON ST,,LINDEN ST,160,Feet,S,41.32189363,-72.9148849,14,Motor Vehicle in Operation,3,Angle,1,On Roadway,1,Clear,88,Not Applicable,1,Daylight,1,Dry,0,None,88,Not Applicable,88,Not Applicable,0,None,88,Not Applicable,88,Not Applicable,9,Driveway Access-Related,1,Not at Intersection,1,No,1,No,88,Not Applicable,88,Not Applicable,88,Not Applicable,88,Not Applicable,TRUE,1,Public Road,1,"Trafficway, On Road",CT0009300,New Haven PD,46621,57:00.0,C,Closed,01:25.0,,,,,,,
1201337,1,Complete,1201337,1201337,41.322285,-72.946107,3689543,New Haven,93,93,New Haven,9/21/2024,2024,9,September,21,7,Saturday,2:31:00,2,24039063,A,"Injury of any type (Serious, Minor, Possible)",C,Possible Injury (C),2,0,0,4,Local,0.27,258,GOFFE TER,GOFFE TER,,ELLSWORTH AVE,165,Feet,W,41.322285,-72.946107,15,Parked Motor Vehicle,4,"Sideswipe, same direction",2,Shoulder,1,Clear,88,Not Applicable,4,Dark-Lighted,1,Dry,0,None,88,Not Applicable,88,Not Applicable,1,Backup Due to Prior Crash,88,Not Applicable,88,Not Applicable,1,Non-Junction,1,Not at Intersection,1,No,1,No,88,Not Applicable,88,Not Applicable,88,Not Applicable,88,Not Applicable,FALSE,1,Public Road,2,"Trafficway, Not on Road",CT0009300,New Haven PD,40956,10:18.0,C,Closed,01:16.0,,,,,,,
1201338,1,Complete,1201338,1201338,41.297229,-72.948678,3689544,New Haven,93,93,New Haven,9/21/2024,2024,9,September,21,7,Saturday,9:16:00,9,24039086,A,"Injury of any type (Serious, Minor, Possible)",C,Possible Injury (C),2,0,0,3,State,1.45,10,10-N,10-N,,COLUMBUS AVE,80,Feet,S,41.297229,-72.948678,14,Motor Vehicle in Operation,1,Front to rear,1,On Roadway,1,Clear,88,Not Applicable,1,Daylight,1,Dry,0,None,88,Not Applicable,88,Not Applicable,0,None,88,Not Applicable,88,Not Applicable,3,Intersection-Related,2,Four-Way Intersection,1,No,1,No,88,Not Applicable,88,Not Applicable,88,Not Applicable,88,Not Applicable,TRUE,1,Public Road,1,"Trafficway, On Road",CT0009300,New Haven PD,476,30:39.0,C,Closed,01:19.0,,,,,,,