CrashId,Fatal Case Status,Fatal Case Status Text Format,CrashId,CrashId,Latitude,Longitude,DOT Case Number,Town Name,Town Number,Town Number,Town Number Text Format,Date Of Crash,Year,Month,Month Text Format,Day,Day of the Week,Day of the Week Text Format,Time of Crash,Hour of the Day,Case Identifier,Crash Severity,Crash Severity Text Format,Most Severe Injury,Most Severe Injury Text Format,Number Of Motor Vehicles,Number Of Non-Motorist,Number Of Witnesses,Route Class,Route Class Text Format,Milemarker,Road Number,Road Description,Roadway Name,Intersecting Roadway Name,Landmark Description,Distance From Nearest Landmark,Unit Of Measure From Nearest Landmark,Direction From Nearest Landmark,Latitude,Longitude,First Harmful Event,First Harmful Event Text Format,Manner of Crash / Collision Impact,Manner of Crash / Collision Impact Text Format,Location of First Harmful Event,Location of First Harmful Event Text Format,Weather Condition,Weather Condition Text Format,Weather 2,Weather 2 Text Format,Light Condition,Light Condition Text Format,Road Surface Condition,Road Surface Condition Text Format,"Contributing Circumstances, Environment","Contributing Circumstances, Environment Text Format",Environment 2,Environment 2 Text Format,Environment 3,Environment 3 Text Format,"Contributing Circumstances, Road","Contributing Circumstances, Road Text Format",Road 2,Road 2 Text Format,Road 3,Road 3 Text Format,Crash Specific Location,Crash Specific Location Text Format,Type of Intersection,Type of Intersection Text Format,School Bus Related,School Bus Related Text Format,Work Zone Related,Work Zone Related Text Format,Location Of Crash Relative To Work Zone,Location Of Crash Relative To Work Zone Text Format,Type of Work Zone,Type of Work Zone Text Format,Worker Presence,Worker Presence Text Format,Law Enforcement Presence,Law Enforcement Presence Text Format,Were Vehicles Moved Prior To Police Arrival,Trafficway Ownership,Trafficway Ownership Text Format,Trafficway Class,Trafficway Class Text Format,Police Agency,Police Agency Text Format,Badge Number,Approval Date,Police Case Status,Police Case Status Text Format,Crash Report Submission Date,Related Case Identifiers,No. of Through Lanes (Log Dir.),Average Daily Traffic,Functional Classification,Functional Classification Text Format,Rural or Urban,Rural or Urban Text Format
1201345,1,Complete,1201345,1201345,41.31243547,-72.92204573,3689551,New Haven,93,93,New Haven,9/21/2024,2024,9,September,21,7,Saturday,20:26:00,20,24039143,A,"Injury of any type (Serious, Minor, Possible)",B,Suspected Minor Injury (B),2,0,0,4,Local,0.14,656,WHITNEY AV,WHITNEY AV,,TRUMBULL ST,195,Feet,S,41.31243547,-72.92204573,14,Motor Vehicle in Operation,6,Rear to side,1,On Roadway,1,Clear,88,Not Applicable,4,Dark-Lighted,1,Dry,0,None,88,Not Applicable,88,Not Applicable,0,None,88,Not Applicable,88,Not Applicable,9,Driveway Access-Related,1,Not at Intersection,1,No,1,No,88,Not Applicable,88,Not Applicable,88,Not Applicable,88,Not Applicable,FALSE,1,Public Road,1,"Trafficway, On Road",CT0009300,New Haven PD,46173,19:22.0,C,Closed,01:20.0,,,,,,,
1201346,1,Complete,1201346,1201346,41.301435,-72.923681,3689552,New Haven,93,93,New Haven,9/21/2024,2024,9,September,21,7,Saturday,20:57:00,20,24039146,A,"Injury of any type (Serious, Minor, Possible)",C,Possible Injury (C),2,0,0,2,USRoute,48.28,1,1-N,1-N,,STATE ST NORTH ,32,Feet,E,41.301435,-72.923681,14,Motor Vehicle in Operation,3,Angle,1,On Roadway,1,Clear,88,Not Applicable,4,Dark-Lighted,1,Dry,0,None,88,Not Applicable,88,Not Applicable,0,None,88,Not Applicable,88,Not Applicable,3,Intersection-Related,2,Four-Way Intersection,1,No,1,No,88,Not Applicable,88,Not Applicable,88,Not Applicable,88,Not Applicable,FALSE,1,Public Road,1,"Trafficway, On Road",CT0009300,New Haven PD,44049,44:59.0,C,Closed,01:24.0,,,,,,,
1201347,1,Complete,1201347,1201347,41.329254,-72.968761,3689553,New Haven,93,93,New Haven,9/21/2024,2024,9,September,21,7,Saturday,21:29:00,21,24039147,A,"Injury of any type (Serious, Minor, Possible)",B,Suspected Minor Injury (B),2,0,0,3,State,0.72,63,63-N,63-N,,DAYTON ST,30,Feet,W,41.329254,-72.968761,14,Motor Vehicle in Operation,1,Front to rear,1,On Roadway,1,Clear,88,Not Applicable,4,Dark-Lighted,1,Dry,0,None,88,Not Applicable,88,Not Applicable,0,None,88,Not Applicable,88,Not Applicable,3,Intersection-Related,3,T-Intersection,1,No,1,No,88,Not Applicable,88,Not Applicable,88,Not Applicable,88,Not Applicable,TRUE,1,Public Road,1,"Trafficway, On Road",CT0009300,New Haven PD,45403,24:22.0,C,Closed,01:23.0,,,,,,,
1201348,1,Complete,1201348,1201348,41.25761036,-72.89095851,3689554,New Haven,93,93,New Haven,9/21/2024,2024,9,September,21,7,Saturday,23:14:00,23,24039155,A,"Injury of any type (Serious, Minor, Possible)",C,Possible Injury (C),2,0,1,,,,,,25 TOWNSEND AVE,,TOWNSEND AVE,57,Feet,E,41.25761036,-72.89095851,15,Parked Motor Vehicle,3,Angle,97,Other,1,Clear,88,Not Applicable,6,Dark-Unknown Lighting,1,Dry,99,Unknown,88,Not Applicable,88,Not Applicable,99,Unknown,88,Not Applicable,88,Not Applicable,97,Other,1,Not at Intersection,1,No,1,No,88,Not Applicable,88,Not Applicable,88,Not Applicable,88,Not Applicable,TRUE,88,Not Applicable,4,Parking Lot,CT0009300,New Haven PD,42369,47:01.0,O,Open,01:27.0,,,,,,,
1201351,1,Complete,1201351,1201351,41.32859417,-72.95705455,3689557,New Haven,93,93,New Haven,9/22/2024,2024,9,September,22,1,Sunday,2:39:00,2,24039169,A,"Injury of any type (Serious, Minor, Possible)",B,Suspected Minor Injury (B),1,0,0,4,Local,0.79,56,BLAKE ST,BLAKE ST,,STONE ST,70,Feet,E,41.32859417,-72.95705455,33,Utility Pole/Light Support,88,Not Applicable,1,On Roadway,1,Clear,88,Not Applicable,4,Dark-Lighted,1,Dry,0,None,88,Not Applicable,88,Not Applicable,0,None,88,Not Applicable,88,Not Applicable,1,Non-Junction,1,Not at Intersection,1,No,1,No,88,Not Applicable,88,Not Applicable,88,Not Applicable,88,Not Applicable,FALSE,1,Public Road,1,"Trafficway, On Road",CT0009300,New Haven PD,45701,08:55.0,C,Closed,01:27.0,,4,19000,3,PRINCIPAL ARTERIAL - OTHER - NEW HPMS,2,Urban
1201354,1,Complete,1201354,1201354,41.330328,-72.944322,3689560,New Haven,93,93,New Haven,9/22/2024,2024,9,September,22,1,Sunday,7:46:00,7,24039190,A,"Injury of any type (Serious, Minor, Possible)",B,Suspected Minor Injury (B),1,0,0,4,Local,0.81,,ELLA T GRASSO BLVD NO 2,ELLA T GRASSO BLVD NO 2,CRESCENT ST,,,,,41.330328,-72.944322,1,Overturn/Rollover,88,Not Applicable,1,On Roadway,1,Clear,88,Not Applicable,99,Unknown,99,Unknown,0,None,88,Not Applicable,88,Not Applicable,0,None,88,Not Applicable,88,Not Applicable,2,Intersection,3,T-Intersection,1,No,1,No,88,Not Applicable,88,Not Applicable,88,Not Applicable,88,Not Applicable,FALSE,1,Public Road,1,"Trafficway, On Road",CT0009300,New Haven PD,10,11:32.0,C,Closed,01:30.0,,2,3590,7,LOCAL - NEW HPMS,2,Urban
1201359,1,Complete,1201359,1201359,41.31789993,-72.94596809,3689565,New Haven,93,93,New Haven,9/22/2024,2024,9,September,22,1,Sunday,17:50:00,17,24039236,A,"Injury of any type (Serious, Minor, Possible)",B,Suspected Minor Injury (B),2,0,0,4,Local,0.17,653,WHALLEY AV,WHALLEY AV,NORTON ST,,,,,41.31789993,-72.94596809,14,Motor Vehicle in Operation,1,Front to rear,1,On Roadway,1,Clear,88,Not Applicable,1,Daylight,1,Dry,0,None,88,Not Applicable,88,Not Applicable,0,None,88,Not Applicable,88,Not Applicable,2,Intersection,2,Four-Way Intersection,1,No,1,No,88,Not Applicable,88,Not Applicable,88,Not Applicable,88,Not Applicable,FALSE,1,Public Road,1,"Trafficway, On Road",CT0009300,New Haven PD,45401,52:40.0,C,Closed,01:34.0,,,,,,,
1201694,1,Complete,1201694,1201694,41.308021,-72.937519,3689900,New Haven,93,93,New Haven,9/23/2024,2024,9,September,23,2,Monday,5:59:00,5,24039271,A,"Injury of any type (Serious, Minor, Possible)",C,Possible Injury (C),2,0,0,4,Local,0.67,248,GEORGE ST,GEORGE ST,,DWIGHT ST,139,Feet,E,41.308021,-72.937519,14,Motor Vehicle in Operation,1,Front to rear,1,On Roadway,1,Clear,88,Not Applicable,4,Dark-Lighted,1,Dry,99,Unknown,88,Not Applicable,88,Not Applicable,99,Unknown,88,Not Applicable,88,Not Applicable,1,Non-Junction,1,Not at Intersection,1,No,1,No,88,Not Applicable,88,Not Applicable,88,Not Applicable,88,Not Applicable,FALSE,1,Public Road,1,"Trafficway, On Road",CT0009300,New Haven PD,82,20:56.0,C,Closed,01:34.0,,,,,,,
1201703,1,Complete,1201703,1201703,41.32683843,-72.95305643,3689909,New Haven,93,93,New Haven,9/23/2024,2024,9,September,23,2,Monday,15:24:00,15,24039352,A,"Injury of any type (Serious, Minor, Possible)",C,Possible Injury (C),1,1,0,4,Local,0.5,56,BLAKE ST,BLAKE ST,,FITCH ST,227,Feet,S,41.32683843,-72.95305643,9,Pedestrian,88,Not Applicable,4,Roadside,1,Clear,88,Not Applicable,1,Daylight,1,Dry,0,None,88,Not Applicable,88,Not Applicable,0,None,88,Not Applicable,88,Not Applicable,1,Non-Junction,1,Not at Intersection,1,No,1,No,88,Not Applicable,88,Not Applicable,88,Not Applicable,88,Not Applicable,FALSE,1,Public Road,1,"Trafficway, On Road",CT0009300,New Haven PD,44045,14:51.0,C,Closed,01:41.0,,2,12400,4,MINOR ARTERIAL - NEW HPMS,2,Urban
1201705,1,Complete,1201705,1201705,41.33312917,-72.97552903,3689911,New Haven,93,93,New Haven,9/23/2024,2024,9,September,23,2,Monday,15:41:00,15,24039371,A,"Injury of any type (Serious, Minor, Possible)",C,Possible Injury (C),2,0,0,3,State,1.16,63,63-N,63-N,WESTERLEIGH RD,,,,,41.33312917,-72.97552903,14,Motor Vehicle in Operation,3,Angle,1,On Roadway,1,Clear,88,Not Applicable,1,Daylight,1,Dry,0,None,88,Not Applicable,88,Not Applicable,0,None,88,Not Applicable,88,Not Applicable,2,Intersection,3,T-Intersection,1,No,1,No,88,Not Applicable,88,Not Applicable,88,Not Applicable,88,Not Applicable,FALSE,1,Public Road,1,"Trafficway, On Road",CT0009300,New Haven PD,40804,37:12.0,C,Closed,01:39.0,,,,,,,
1202110,1,Complete,1202110,1202110,41.32935728,-72.93230456,3690316,New Haven,93,93,New Haven,9/15/2024,2024,9,September,15,1,Sunday,13:12:00,13,24038272,A,"Injury of any type (Serious, Minor, Possible)",A,Suspected Serious Injury (A),3,0,0,4,Local,0.5,552,SHELTON AV,SHELTON AV,,HAZEL ST,140,Feet,N,41.32935728,-72.93230456,14,Motor Vehicle in Operation,1,Front to rear,1,On Roadway,1,Clear,88,Not Applicable,1,Daylight,1,Dry,0,None,88,Not Applicable,88,Not Applicable,0,None,88,Not Applicable,88,Not Applicable,1,Non-Junction,1,Not at Intersection,1,No,1,No,88,Not Applicable,88,Not Applicable,88,Not Applicable,88,Not Applicable,FALSE,1,Public Road,1,"Trafficway, On Road",CT0009300,New Haven PD,42048,11:54.0,O,Open,01:37.0,24-038272,,,,,,
1202112,1,Complete,1202112,1202112,41.301053,-72.936546,3690318,New Haven,93,93,New Haven,9/17/2024,2024,9,September,17,3,Tuesday,8:21:00,8,24038522,A,"Injury of any type (Serious, Minor, Possible)",C,Possible Injury (C),2,0,0,4,Local,0.63,123,CONGRESS AV,CONGRESS AV,VERNON ST,,,,,41.301053,-72.936546,14,Motor Vehicle in Operation,3,Angle,1,On Roadway,1,Clear,88,Not Applicable,1,Daylight,1,Dry,0,None,88,Not Applicable,88,Not Applicable,0,None,88,Not Applicable,88,Not Applicable,2,Intersection,3,T-Intersection,1,No,1,No,88,Not Applicable,88,Not Applicable,88,Not Applicable,88,Not Applicable,TRUE,1,Public Road,1,"Trafficway, On Road",CT0009300,New Haven PD,301,42:34.0,C,Closed,01:33.0,,,,,,,
1202116,1,Complete,1202116,1202116,41.287597,-72.925481,3690322,New Haven,93,93,New Haven,9/23/2024,2024,9,September,23,2,Monday,15:58:00,15,24039339,A,"Injury of any type (Serious, Minor, Possible)",C,Possible Injury (C),2,0,0,4,Local,0.26,359,SARGENT DR,SARGENT DR,,LONG WHARF DRIVE,100,Feet,N,41.287597,-72.925481,14,Motor Vehicle in Operation,1,Front to rear,1,On Roadway,1,Clear,88,Not Applicable,1,Daylight,1,Dry,0,None,88,Not Applicable,88,Not Applicable,0,None,88,Not Applicable,88,Not Applicable,1,Non-Junction,1,Not at Intersection,1,No,1,No,88,Not Applicable,88,Not Applicable,88,Not Applicable,88,Not Applicable,FALSE,1,Public Road,1,"Trafficway, On Road",CT0009300,New Haven PD,40811,34:59.0,C,Closed,01:41.0,,,,,,,
1202123,1,Complete,1202123,1202123,41.30873604,-72.93371941,3690329,New Haven,93,93,New Haven,9/22/2024,2024,9,September,22,1,Sunday,18:00:00,18,24039430,A,"Injury of any type (Serious, Minor, Possible)",C,Possible Injury (C),1,1,0,4,Local,0.2,463,PARK ST,PARK ST,,CHAPEL ST,60,Feet,S,41.30873604,-72.93371941,9,Pedestrian,88,Not Applicable,2,Shoulder,1,Clear,88,Not Applicable,1,Daylight,1,Dry,0,None,88,Not Applicable,88,Not Applicable,0,None,88,Not Applicable,88,Not Applicable,2,Intersection,2,Four-Way Intersection,1,No,1,No,88,Not Applicable,88,Not Applicable,88,Not Applicable,88,Not Applicable,TRUE,1,Public Road,1,"Trafficway, On Road",CT0009300,New Haven PD,349,12:53.0,O,Open,01:34.0,,4,18900,3,PRINCIPAL ARTERIAL - OTHER - NEW HPMS,1,Rural
1202124,1,Complete,1202124,1202124,41.309864,-72.920929,3690330,New Haven,93,93,New Haven,9/24/2024,2024,9,September,24,3,Tuesday,13:51:00,13,24039460,A,"Injury of any type (Serious, Minor, Possible)",B,Suspected Minor Injury (B),1,1,0,4,Local,1.38,450,ORANGE ST NO 1,ORANGE ST NO 1,GROVE ST,,,,,41.309864,-72.920929,9,Pedestrian,88,Not Applicable,1,On Roadway,1,Clear,88,Not Applicable,1,Daylight,1,Dry,0,None,88,Not Applicable,88,Not Applicable,0,None,88,Not Applicable,88,Not Applicable,2,Intersection,2,Four-Way Intersection,1,No,1,No,88,Not Applicable,88,Not Applicable,88,Not Applicable,88,Not Applicable,TRUE,1,Public Road,1,"Trafficway, On Road",CT0009300,New Haven PD,46614,05:49.0,C,Closed,01:39.0,,2,20900,4,MINOR ARTERIAL - NEW HPMS,2,Urban
1202125,1,Complete,1202125,1202125,41.325578,-72.922655,3690331,New Haven,93,93,New Haven,9/24/2024,2024,9,September,24,3,Tuesday,15:06:00,15,24039469,A,"Injury of any type (Serious, Minor, Possible)",C,Possible Injury (C),2,0,0,4,Local,0.01,83,CANNER ST,CANNER ST,,PROSPECT ST,35,Feet,E,41.325578,-72.922655,14,Motor Vehicle in Operation,1,Front to rear,1,On Roadway,1,Clear,88,Not Applicable,1,Daylight,1,Dry,0,None,88,Not Applicable,88,Not Applicable,0,None,88,Not Applicable,88,Not Applicable,3,Intersection-Related,3,T-Intersection,1,No,1,No,88,Not Applicable,88,Not Applicable,88,Not Applicable,88,Not Applicable,FALSE,1,Public Road,1,"Trafficway, On Road",CT0009300,New Haven PD,44045,06:09.0,C,Closed,01:39.0,,,,,,,
1202127,1,Complete,1202127,1202127,41.327223,-72.967746,3690333,New Haven,93,93,New Haven,9/24/2024,2024,9,September,24,3,Tuesday,14:10:00,14,24039471,A,"Injury of any type (Serious, Minor, Possible)",C,Possible Injury (C),2,0,0,3,State,6.24,243,243-W,243-W,,FOREST RD,100,Feet,E,41.327223,-72.967746,14,Motor Vehicle in Operation,4,"Sideswipe, same direction",1,On Roadway,1,Clear,88,Not Applicable,1,Daylight,1,Dry,0,None,88,Not Applicable,88,Not Applicable,0,None,88,Not Applicable,88,Not Applicable,3,Intersection-Related,3,T-Intersection,1,No,1,No,88,Not Applicable,88,Not Applicable,88,Not Applicable,88,Not Applicable,TRUE,1,Public Road,1,"Trafficway, On Road",CT0009300,New Haven PD,42045,05:40.0,C,Closed,01:42.0,,,,,,,
1202130,1,Complete,1202130,1202130,41.3141774,-72.92111751,3690336,New Haven,93,93,New Haven,9/24/2024,2024,9,September,24,3,Tuesday,17:15:00,17,24039501,A,"Injury of any type (Serious, Minor, Possible)",B,Suspected Minor Injury (B),2,0,0,4,Local,0.1,691,BRADLEY ST NO 2,BRADLEY ST NO 2,,WHITNEY AVE,80,Feet,E,41.3141774,-72.92111751,14,Motor Vehicle in Operation,2,Front to front,1,On Roadway,1,Clear,88,Not Applicable,1,Daylight,1,Dry,0,None,0,None,88,Not Applicable,0,None,88,Not Applicable,88,Not Applicable,1,Non-Junction,1,Not at Intersection,1,No,1,No,88,Not Applicable,88,Not Applicable,88,Not Applicable,88,Not Applicable,FALSE,1,Public Road,1,"Trafficway, On Road",CT0009300,New Haven PD,46614,12:13.0,C,Closed,01:42.0,,,,,,,
1202425,1,Complete,1202425,1202425,41.29773,-72.937333,3690631,New Haven,93,93,New Haven,9/25/2024,2024,9,September,25,4,Wednesday,7:42:00,7,24039561,A,"Injury of any type (Serious, Minor, Possible)",C,Possible Injury (C),2,0,0,2,USRoute,47.23,1,1-N,1-N,,WASHINGTON AVE,60,Feet,E,41.29773,-72.937333,14,Motor Vehicle in Operation,1,Front to rear,1,On Roadway,1,Clear,88,Not Applicable,1,Daylight,1,Dry,0,None,88,Not Applicable,88,Not Applicable,0,None,88,Not Applicable,88,Not Applicable,1,Non-Junction,1,Not at Intersection,1,No,1,No,88,Not Applicable,88,Not Applicable,88,Not Applicable,88,Not Applicable,FALSE,1,Public Road,1,"Trafficway, On Road",CT0009300,New Haven PD,45392,11:36.0,C,Closed,01:58.0,NONE,,,,,,
1202787,1,Complete,1202787,1202787,41.30708632,-72.93489239,3690993,New Haven,93,93,New Haven,9/4/2024,2024,9,September,4,4,Wednesday,18:30:00,18,24036718,A,"Injury of any type (Serious, Minor, Possible)",B,Suspected Minor Injury (B),1,1,0,4,Local,0.33,463,PARK ST,PARK ST,George St ,,,,,41.30708632,-72.93489239,9,Pedestrian,88,Not Applicable,1,On Roadway,1,Clear,88,Not Applicable,1,Daylight,1,Dry,0,None,0,None,88,Not Applicable,0,None,88,Not Applicable,88,Not Applicable,2,Intersection,2,Four-Way Intersection,1,No,1,No,88,Not Applicable,88,Not Applicable,88,Not Applicable,88,Not Applicable,FALSE,1,Public Road,1,"Trafficway, On Road",CT0009300,New Haven PD,42046,38:32.0,C,Closed,01:32.0,,,,,,,
1202792,1,Complete,1202792,1202792,41.332687,-72.937877,3690998,New Haven,93,93,New Haven,9/25/2024,2024,9,September,25,4,Wednesday,11:31:00,11,24039575,A,"Injury of any type (Serious, Minor, Possible)",C,Possible Injury (C),2,0,0,4,Local,0.95,557,SHERMAN PKWY,SHERMAN PKWY,BASSETT ST,,,,,41.332687,-72.937877,14,Motor Vehicle in Operation,3,Angle,1,On Roadway,1,Clear,88,Not Applicable,1,Daylight,1,Dry,0,None,88,Not Applicable,88,Not Applicable,0,None,88,Not Applicable,88,Not Applicable,2,Intersection,2,Four-Way Intersection,1,No,1,No,88,Not Applicable,88,Not Applicable,88,Not Applicable,88,Not Applicable,FALSE,1,Public Road,1,"Trafficway, On Road",CT0009300,New Haven PD,42044,20:21.0,C,Closed,01:26.0,,,,,,,
1202795,1,Complete,1202795,1202795,41.33193,-72.937935,3691001,New Haven,93,93,New Haven,9/25/2024,2024,9,September,25,4,Wednesday,18:50:00,18,24039650,A,"Injury of any type (Serious, Minor, Possible)",C,Possible Injury (C),2,0,0,4,Local,0.9,557,SHERMAN PKWY,SHERMAN PKWY,WILLIS ST,,,,,41.33193,-72.937935,14,Motor Vehicle in Operation,3,Angle,1,On Roadway,1,Clear,88,Not Applicable,1,Daylight,1,Dry,0,None,88,Not Applicable,88,Not Applicable,0,None,88,Not Applicable,88,Not Applicable,2,Intersection,2,Four-Way Intersection,1,No,1,No,88,Not Applicable,88,Not Applicable,88,Not Applicable,88,Not Applicable,FALSE,1,Public Road,1,"Trafficway, On Road",CT0009300,New Haven PD,46621,52:12.0,C,Closed,01:20.0,,,,,,,
1202800,1,Complete,1202800,1202800,41.325596,-72.958137,3691006,New Haven,93,93,New Haven,9/26/2024,2024,9,September,26,5,Thursday,8:31:00,8,24039738,A,"Injury of any type (Serious, Minor, Possible)",A,Suspected Serious Injury (A),2,0,0,3,State,0.08,63,63-N,63-N,,WEST ROCK AVE,100,Feet,E,41.325596,-72.958137,14,Motor Vehicle in Operation,3,Angle,1,On Roadway,1,Clear,88,Not Applicable,1,Daylight,1,Dry,0,None,88,Not Applicable,88,Not Applicable,0,None,88,Not Applicable,88,Not Applicable,1,Non-Junction,1,Not at Intersection,1,No,1,No,88,Not Applicable,88,Not Applicable,88,Not Applicable,88,Not Applicable,FALSE,1,Public Road,1,"Trafficway, On Road",CT0009300,New Haven PD,79,18:29.0,C,Closed,01:25.0,,,,,,,
1202802,1,Complete,1202802,1202802,41.333201,-72.975664,3691008,New Haven,93,93,New Haven,9/26/2024,2024,9,September,26,5,Thursday,9:48:00,9,24039751,A,"Injury of any type (Serious, Minor, Possible)",C,Possible Injury (C),2,0,0,3,State,1.17,63,63-N,63-N,,WESTERLEIGH RD,40,Feet,N,41.333201,-72.975664,14,Motor Vehicle in Operation,3,Angle,1,On Roadway,4,Rain,88,Not Applicable,1,Daylight,2,Wet,0,None,88,Not Applicable,88,Not Applicable,0,None,88,Not Applicable,88,Not Applicable,1,Non-Junction,1,Not at Intersection,1,No,1,No,88,Not Applicable,88,Not Applicable,88,Not Applicable,88,Not Applicable,FALSE,1,Public Road,1,"Trafficway, On Road",CT0009300,New Haven PD,42046,11:21.0,C,Closed,01:27.0,,,,,,,
1202803,1,Complete,1202803,1202803,41.307071,-72.921412,3691009,New Haven,93,93,New Haven,9/26/2024,2024,9,September,26,5,Thursday,16:35:00,16,24039800,A,"Injury of any type (Serious, Minor, Possible)",C,Possible Injury (C),2,0,0,4,Local,0.72,726,ELM ST NO 2,ELM ST NO 2,,STATE ST,15,Feet,W,41.307071,-72.921412,14,Motor Vehicle in Operation,1,Front to rear,1,On Roadway,4,Rain,88,Not Applicable,4,Dark-Lighted,2,Wet,0,None,88,Not Applicable,88,Not Applicable,0,None,88,Not Applicable,88,Not Applicable,3,Intersection-Related,2,Four-Way Intersection,1,No,1,No,88,Not Applicable,88,Not Applicable,88,Not Applicable,88,Not Applicable,FALSE,1,Public Road,1,"Trafficway, On Road",CT0009300,New Haven PD,45388,58:43.0,C,Closed,01:28.0,,,,,,,
1202805,1,Complete,1202805,1202805,41.320053,-72.940671,3691011,New Haven,93,93,New Haven,9/26/2024,2024,9,September,26,5,Thursday,15:11:00,15,24039809,A,"Injury of any type (Serious, Minor, Possible)",C,Possible Injury (C),2,0,0,4,Local,0.04,257,GOFFE ST,GOFFE ST,,SHERMAN AVE,25,Feet,W,41.320053,-72.940671,14,Motor Vehicle in Operation,4,"Sideswipe, same direction",1,On Roadway,2,Cloudy,88,Not Applicable,1,Daylight,1,Dry,0,None,88,Not Applicable,88,Not Applicable,0,None,88,Not Applicable,88,Not Applicable,3,Intersection-Related,2,Four-Way Intersection,1,No,1,No,88,Not Applicable,88,Not Applicable,88,Not Applicable,88,Not Applicable,FALSE,1,Public Road,1,"Trafficway, On Road",CT0009300,New Haven PD,276,12:38.0,C,Closed,01:29.0,24039809,,,,,,
1204170,1,Complete,1204170,1204170,41.288986,-72.894368,3692376,New Haven,93,93,New Haven,9/21/2024,2024,9,September,21,7,Saturday,22:46:00,22,24039159,A,"Injury of any type (Serious, Minor, Possible)",C,Possible Injury (C),2,0,0,3,State,0.01,741,741-E,741-E,,WOODWARD AVE,35,Feet,E,41.288986,-72.894368,14,Motor Vehicle in Operation,3,Angle,1,On Roadway,1,Clear,88,Not Applicable,4,Dark-Lighted,1,Dry,0,None,88,Not Applicable,88,Not Applicable,0,None,88,Not Applicable,88,Not Applicable,3,Intersection-Related,2,Four-Way Intersection,1,No,1,No,88,Not Applicable,88,Not Applicable,88,Not Applicable,88,Not Applicable,FALSE,1,Public Road,1,"Trafficway, On Road",CT0009300,New Haven PD,44951,31:46.0,C,Closed,35:15.0,,,,,,,
1204174,1,Complete,1204174,1204174,41.32010592,-72.89326113,3692380,New Haven,93,93,New Haven,9/25/2024,2024,9,September,25,4,Wednesday,20:58:00,20,24039708,A,"Injury of any type (Serious, Minor, Possible)",C,Possible Injury (C),2,0,0,4,Local,0.49,411,MIDDLETOWN AV,MIDDLETOWN AV,CLINTON AV,,,,,41.32010592,-72.89326113,14,Motor Vehicle in Operation,4,"Sideswipe, same direction",1,On Roadway,1,Clear,88,Not Applicable,4,Dark-Lighted,1,Dry,0,None,88,Not Applicable,88,Not Applicable,0,None,88,Not Applicable,88,Not Applicable,2,Intersection,2,Four-Way Intersection,1,No,1,No,88,Not Applicable,88,Not Applicable,88,Not Applicable,88,Not Applicable,TRUE,1,Public Road,1,"Trafficway, On Road",CT0009300,New Haven PD,44176,49:15.0,C,Closed,35:06.0,,,,,,,
1204176,1,Complete,1204176,1204176,41.30216121,-72.92463371,3692382,New Haven,93,93,New Haven,9/26/2024,2024,9,September,26,5,Thursday,16:21:00,16,24039795,A,"Injury of any type (Serious, Minor, Possible)",B,Suspected Minor Injury (B),1,1,0,4,Local,1.55,575,STATE ST,STATE ST,,GEORGE ST,130,Feet,S,41.30216121,-72.92463371,9,Pedestrian,88,Not Applicable,2,Shoulder,1,Clear,88,Not Applicable,1,Daylight,1,Dry,99,Unknown,88,Not Applicable,88,Not Applicable,0,None,88,Not Applicable,88,Not Applicable,1,Non-Junction,1,Not at Intersection,1,No,1,No,88,Not Applicable,88,Not Applicable,88,Not Applicable,88,Not Applicable,FALSE,1,Public Road,2,"Trafficway, Not on Road",CT0009300,New Haven PD,46617,57:59.0,C,Closed,35:09.0,,2,2000,7,LOCAL - NEW HPMS,2,Urban
1204179,1,Complete,1204179,1204179,41.30428187,-72.93097651,3692385,New Haven,93,93,New Haven,9/26/2024,2024,9,September,26,5,Thursday,23:37:00,23,24039843,A,"Injury of any type (Serious, Minor, Possible)",C,Possible Injury (C),2,0,0,4,Local,0.28,809,REV DR MLK JR BLVD,REV DR MLK JR BLVD,COLLEGE STREET ,,,,,41.30428187,-72.93097651,14,Motor Vehicle in Operation,2,Front to front,1,On Roadway,4,Rain,88,Not Applicable,4,Dark-Lighted,2,Wet,0,None,88,Not Applicable,88,Not Applicable,0,None,88,Not Applicable,88,Not Applicable,2,Intersection,2,Four-Way Intersection,1,No,1,No,88,Not Applicable,88,Not Applicable,88,Not Applicable,88,Not Applicable,FALSE,1,Public Road,1,"Trafficway, On Road",CT0009300,New Haven PD,45395,51:10.0,C,Closed,35:27.0,,,,,,,
1204182,1,Complete,1204182,1204182,41.32693665,-72.96532148,3692388,New Haven,93,93,New Haven,9/27/2024,2024,9,September,27,6,Friday,8:14:00,8,24039862,A,"Injury of any type (Serious, Minor, Possible)",B,Suspected Minor Injury (B),1,1,2,3,State,6.37,243,243-W,243-W,EMERSON ST NO 2,,,,,41.32693665,-72.96532148,9,Pedestrian,88,Not Applicable,1,On Roadway,1,Clear,88,Not Applicable,1,Daylight,2,Wet,0,None,88,Not Applicable,88,Not Applicable,0,None,88,Not Applicable,88,Not Applicable,2,Intersection,3,T-Intersection,1,No,1,No,88,Not Applicable,88,Not Applicable,88,Not Applicable,88,Not Applicable,TRUE,1,Public Road,1,"Trafficway, On Road",CT0009300,New Haven PD,359,28:48.0,C,Closed,35:08.0,,2,13500,4,MINOR ARTERIAL - NEW HPMS,2,Urban