CrashId,Fatal Case Status,Fatal Case Status Text Format,CrashId,CrashId,Latitude,Longitude,DOT Case Number,Town Name,Town Number,Town Number,Town Number Text Format,Date Of Crash,Year,Month,Month Text Format,Day,Day of the Week,Day of the Week Text Format,Time of Crash,Hour of the Day,Case Identifier,Crash Severity,Crash Severity Text Format,Most Severe Injury,Most Severe Injury Text Format,Number Of Motor Vehicles,Number Of Non-Motorist,Number Of Witnesses,Route Class,Route Class Text Format,Milemarker,Road Number,Road Description,Roadway Name,Intersecting Roadway Name,Landmark Description,Distance From Nearest Landmark,Unit Of Measure From Nearest Landmark,Direction From Nearest Landmark,Latitude,Longitude,First Harmful Event,First Harmful Event Text Format,Manner of Crash / Collision Impact,Manner of Crash / Collision Impact Text Format,Location of First Harmful Event,Location of First Harmful Event Text Format,Weather Condition,Weather Condition Text Format,Weather 2,Weather 2 Text Format,Light Condition,Light Condition Text Format,Road Surface Condition,Road Surface Condition Text Format,"Contributing Circumstances, Environment","Contributing Circumstances, Environment Text Format",Environment 2,Environment 2 Text Format,Environment 3,Environment 3 Text Format,"Contributing Circumstances, Road","Contributing Circumstances, Road Text Format",Road 2,Road 2 Text Format,Road 3,Road 3 Text Format,Crash Specific Location,Crash Specific Location Text Format,Type of Intersection,Type of Intersection Text Format,School Bus Related,School Bus Related Text Format,Work Zone Related,Work Zone Related Text Format,Location Of Crash Relative To Work Zone,Location Of Crash Relative To Work Zone Text Format,Type of Work Zone,Type of Work Zone Text Format,Worker Presence,Worker Presence Text Format,Law Enforcement Presence,Law Enforcement Presence Text Format,Were Vehicles Moved Prior To Police Arrival,Trafficway Ownership,Trafficway Ownership Text Format,Trafficway Class,Trafficway Class Text Format,Police Agency,Police Agency Text Format,Badge Number,Approval Date,Police Case Status,Police Case Status Text Format,Crash Report Submission Date,Related Case Identifiers,No. of Through Lanes (Log Dir.),Average Daily Traffic,Functional Classification,Functional Classification Text Format,Rural or Urban,Rural or Urban Text Format
1204193,1,Complete,1204193,1204193,41.33385786,-72.97609999,3692399,New Haven,93,93,New Haven,9/27/2024,2024,9,September,27,6,Friday,20:19:00,20,24039968,A,"Injury of any type (Serious, Minor, Possible)",C,Possible Injury (C),2,0,0,3,State,1.23,63,63-N,63-N,,GLENVIEW TERRACE,120,Feet,S,41.33385786,-72.97609999,14,Motor Vehicle in Operation,3,Angle,1,On Roadway,1,Clear,88,Not Applicable,4,Dark-Lighted,1,Dry,0,None,88,Not Applicable,88,Not Applicable,0,None,88,Not Applicable,88,Not Applicable,9,Driveway Access-Related,1,Not at Intersection,1,No,1,No,88,Not Applicable,88,Not Applicable,88,Not Applicable,88,Not Applicable,FALSE,1,Public Road,1,"Trafficway, On Road",CT0009300,New Haven PD,45983,12:04.0,C,Closed,35:10.0,,,,,,,
1204194,1,Complete,1204194,1204194,41.31482968,-72.96752993,3692400,New Haven,93,93,New Haven,9/28/2024,2024,9,September,28,7,Saturday,1:10:00,1,24039981,A,"Injury of any type (Serious, Minor, Possible)",B,Suspected Minor Injury (B),1,0,0,4,Local,0.85,6,ALDEN AV,ALDEN AV,CLEVELAND RD,,,,,41.31482968,-72.96752993,39,"Other Fixed Object (wall, building, tunnel, etc.)",88,Not Applicable,1,On Roadway,1,Clear,88,Not Applicable,4,Dark-Lighted,1,Dry,0,None,88,Not Applicable,88,Not Applicable,0,None,88,Not Applicable,88,Not Applicable,2,Intersection,3,T-Intersection,1,No,1,No,88,Not Applicable,88,Not Applicable,88,Not Applicable,88,Not Applicable,FALSE,1,Public Road,1,"Trafficway, On Road",CT0009300,New Haven PD,42053,20:50.0,C,Closed,35:12.0,,2,3700,4,MINOR ARTERIAL - NEW HPMS,2,Urban
1204195,1,Complete,1204195,1204195,41.32318828,-72.94873215,3692401,New Haven,93,93,New Haven,9/28/2024,2024,9,September,28,7,Saturday,0:51:00,0,24039982,A,"Injury of any type (Serious, Minor, Possible)",C,Possible Injury (C),2,0,0,4,Local,0.11,258,GOFFE TER,GOFFE TER,ELLA T GRASSO BLVD NO 2,,,,,41.32318828,-72.94873215,14,Motor Vehicle in Operation,3,Angle,1,On Roadway,2,Cloudy,88,Not Applicable,4,Dark-Lighted,1,Dry,0,None,88,Not Applicable,88,Not Applicable,0,None,88,Not Applicable,88,Not Applicable,2,Intersection,2,Four-Way Intersection,1,No,1,No,88,Not Applicable,88,Not Applicable,88,Not Applicable,88,Not Applicable,TRUE,1,Public Road,1,"Trafficway, On Road",CT0009300,New Haven PD,40956,09:15.0,C,Closed,35:11.0,,,,,,,
1204196,1,Complete,1204196,1204196,41.29723983,-72.94874843,3692402,New Haven,93,93,New Haven,9/28/2024,2024,9,September,28,7,Saturday,1:35:00,1,24039984,A,"Injury of any type (Serious, Minor, Possible)",C,Possible Injury (C),2,0,0,3,State,1.45,10,10-N,10-N,,rt 1,65,Feet,S,41.29723983,-72.94874843,14,Motor Vehicle in Operation,3,Angle,1,On Roadway,1,Clear,88,Not Applicable,4,Dark-Lighted,1,Dry,0,None,88,Not Applicable,88,Not Applicable,0,None,88,Not Applicable,88,Not Applicable,9,Driveway Access-Related,1,Not at Intersection,1,No,1,No,88,Not Applicable,88,Not Applicable,88,Not Applicable,88,Not Applicable,FALSE,1,Public Road,1,"Trafficway, On Road",CT0009300,New Haven PD,45389,06:28.0,C,Closed,35:11.0,,,,,,,
1204199,1,Complete,1204199,1204199,41.3069442,-72.9350119,3692405,New Haven,93,93,New Haven,9/27/2024,2024,9,September,27,6,Friday,21:18:00,21,24040008,A,"Injury of any type (Serious, Minor, Possible)",C,Possible Injury (C),1,1,0,4,Local,0.83,248,GEORGE ST,GEORGE ST,PARK ST,,,,,41.3069442,-72.9350119,9,Pedestrian,88,Not Applicable,1,On Roadway,1,Clear,88,Not Applicable,4,Dark-Lighted,1,Dry,0,None,88,Not Applicable,88,Not Applicable,0,None,88,Not Applicable,88,Not Applicable,2,Intersection,2,Four-Way Intersection,1,No,1,No,88,Not Applicable,88,Not Applicable,88,Not Applicable,88,Not Applicable,FALSE,1,Public Road,1,"Trafficway, On Road",CT0009300,New Haven PD,91,47:11.0,O,Open,35:14.0,,2,15300,3,PRINCIPAL ARTERIAL - OTHER - NEW HPMS,2,Urban
1204218,1,Complete,1204218,1204218,41.30616914,-72.93798249,3692424,New Haven,93,93,New Haven,9/29/2024,2024,9,September,29,1,Sunday,22:08:00,22,24040190,A,"Injury of any type (Serious, Minor, Possible)",A,Suspected Serious Injury (A),1,0,0,4,Local,0.76,360,LEGION AV-RT 34,LEGION AV-RT 34,,howard ave,65,Feet,W,41.30616914,-72.93798249,25,Curb,88,Not Applicable,1,On Roadway,1,Clear,88,Not Applicable,4,Dark-Lighted,1,Dry,0,None,88,Not Applicable,88,Not Applicable,0,None,88,Not Applicable,88,Not Applicable,3,Intersection-Related,2,Four-Way Intersection,1,No,1,No,88,Not Applicable,88,Not Applicable,88,Not Applicable,88,Not Applicable,FALSE,1,Public Road,1,"Trafficway, On Road",CT0009300,New Haven PD,45394,31:14.0,O,Open,35:33.0,,2,19000,4,MINOR ARTERIAL - NEW HPMS,2,Urban
1204219,1,Complete,1204219,1204219,41.31658177,-72.94239563,3692425,New Haven,93,93,New Haven,9/29/2024,2024,9,September,29,1,Sunday,23:38:00,23,24040197,A,"Injury of any type (Serious, Minor, Possible)",C,Possible Injury (C),2,0,0,4,Local,0.38,653,WHALLEY AV,WHALLEY AV,SHERMAN AV,,,,,41.31658177,-72.94239563,14,Motor Vehicle in Operation,3,Angle,1,On Roadway,1,Clear,88,Not Applicable,4,Dark-Lighted,1,Dry,0,None,88,Not Applicable,88,Not Applicable,0,None,88,Not Applicable,88,Not Applicable,2,Intersection,2,Four-Way Intersection,1,No,1,No,88,Not Applicable,88,Not Applicable,88,Not Applicable,88,Not Applicable,FALSE,1,Public Road,1,"Trafficway, On Road",CT0009300,New Haven PD,45132,38:43.0,O,Open,35:32.0,,,,,,,
1204233,1,Complete,1204233,1204233,41.3203861,-72.86778971,3692439,New Haven,93,93,New Haven,9/30/2024,2024,9,September,30,2,Monday,19:49:00,19,24040334,A,"Injury of any type (Serious, Minor, Possible)",C,Possible Injury (C),2,0,0,3,State,0.78,80,80-E,80-E,,DELL DRIVE,60,Feet,W,41.3203861,-72.86778971,14,Motor Vehicle in Operation,1,Front to rear,1,On Roadway,1,Clear,88,Not Applicable,4,Dark-Lighted,1,Dry,0,None,88,Not Applicable,88,Not Applicable,0,None,88,Not Applicable,88,Not Applicable,1,Non-Junction,1,Not at Intersection,1,No,1,No,88,Not Applicable,88,Not Applicable,88,Not Applicable,88,Not Applicable,FALSE,1,Public Road,1,"Trafficway, On Road",CT0009300,New Haven PD,409,30:11.0,C,Closed,35:41.0,,,,,,,
1205145,1,Complete,1205145,1205145,41.2914566,-72.94214649,3693351,New Haven,93,93,New Haven,9/15/2024,2024,9,September,15,1,Sunday,16:05:00,16,24038291,A,"Injury of any type (Serious, Minor, Possible)",C,Possible Injury (C),2,0,0,3,State,0.93,10,10-N,10-N,,washington ave ,270,Feet,N,41.2914566,-72.94214649,14,Motor Vehicle in Operation,1,Front to rear,1,On Roadway,1,Clear,88,Not Applicable,1,Daylight,1,Dry,0,None,88,Not Applicable,88,Not Applicable,0,None,88,Not Applicable,88,Not Applicable,1,Non-Junction,1,Not at Intersection,1,No,1,No,88,Not Applicable,88,Not Applicable,88,Not Applicable,88,Not Applicable,FALSE,1,Public Road,1,"Trafficway, On Road",CT0009300,New Haven PD,44946,29:07.0,O,Open,00:21.0,,,,,,,
1205148,1,Complete,1205148,1205148,41.28910191,-72.89437249,3693354,New Haven,93,93,New Haven,9/28/2024,2024,9,September,28,7,Saturday,14:42:00,14,24040041,A,"Injury of any type (Serious, Minor, Possible)",C,Possible Injury (C),2,0,0,3,State,0.01,741,741-E,741-E,,WOODWARD AVE,25,Feet,E,41.28910191,-72.89437249,14,Motor Vehicle in Operation,1,Front to rear,1,On Roadway,4,Rain,88,Not Applicable,1,Daylight,2,Wet,0,None,88,Not Applicable,88,Not Applicable,0,None,88,Not Applicable,88,Not Applicable,3,Intersection-Related,8,"Five-Point, or More",1,No,1,No,88,Not Applicable,88,Not Applicable,88,Not Applicable,88,Not Applicable,TRUE,1,Public Road,1,"Trafficway, On Road",CT0009300,New Haven PD,175,27:41.0,C,Closed,00:30.0,,,,,,,
1205149,1,Complete,1205149,1205149,41.30604225,-72.94263433,3693355,New Haven,93,93,New Haven,9/29/2024,2024,9,September,29,1,Sunday,8:26:00,8,24040115,A,"Injury of any type (Serious, Minor, Possible)",C,Possible Injury (C),2,0,0,4,Local,0.52,360,LEGION AV-RT 34,LEGION AV-RT 34,ORCHARD ST,,,,,41.30604225,-72.94263433,14,Motor Vehicle in Operation,3,Angle,1,On Roadway,2,Cloudy,88,Not Applicable,1,Daylight,1,Dry,0,None,88,Not Applicable,88,Not Applicable,0,None,88,Not Applicable,88,Not Applicable,2,Intersection,2,Four-Way Intersection,1,No,1,No,88,Not Applicable,88,Not Applicable,88,Not Applicable,88,Not Applicable,FALSE,1,Public Road,1,"Trafficway, On Road",CT0009300,New Haven PD,44947,12:04.0,O,Open,00:28.0,,,,,,,
1205152,1,Complete,1205152,1205152,41.334181,-72.970851,3693358,New Haven,93,93,New Haven,9/30/2024,2024,9,September,30,2,Monday,11:20:00,11,24040241,A,"Injury of any type (Serious, Minor, Possible)",C,Possible Injury (C),2,0,0,4,Local,0.42,612,VALLEY ST NO 1,VALLEY ST NO 1,,VICTORY DR,35,Feet,N,41.334181,-72.970851,14,Motor Vehicle in Operation,1,Front to rear,1,On Roadway,1,Clear,88,Not Applicable,1,Daylight,1,Dry,0,None,88,Not Applicable,88,Not Applicable,0,None,88,Not Applicable,88,Not Applicable,1,Non-Junction,1,Not at Intersection,1,No,1,No,88,Not Applicable,88,Not Applicable,88,Not Applicable,88,Not Applicable,FALSE,1,Public Road,1,"Trafficway, On Road",CT0009300,New Haven PD,45699,32:16.0,C,Closed,00:19.0,,,,,,,
1215353,1,Complete,1215353,1215353,41.29638976,-72.94772613,3703559,New Haven,93,93,New Haven,11/3/2024,2024,11,November,3,1,Sunday,1:16:00,1,24044931,A,"Injury of any type (Serious, Minor, Possible)",C,Possible Injury (C),4,0,0,3,State,1.38,10,10-N,10-N,,1-N,1,TenthsofMile,S,41.29638976,-72.94772613,14,Motor Vehicle in Operation,4,"Sideswipe, same direction",1,On Roadway,1,Clear,1,Clear,4,Dark-Lighted,1,Dry,0,None,88,Not Applicable,88,Not Applicable,99,Unknown,88,Not Applicable,88,Not Applicable,1,Non-Junction,1,Not at Intersection,1,No,1,No,88,Not Applicable,88,Not Applicable,88,Not Applicable,88,Not Applicable,TRUE,1,Public Road,1,"Trafficway, On Road",CT0009300,New Haven PD,43690,58:39.0,O,Open,00:47.0,,,,,,,
1215360,1,Complete,1215360,1215360,41.309931,-72.953337,3703566,New Haven,93,93,New Haven,11/6/2024,2024,11,November,6,4,Wednesday,9:54:00,9,24045328,A,"Injury of any type (Serious, Minor, Possible)",C,Possible Injury (C),2,0,0,3,State,21.88,34,34-E,34-E,10-N,,,,,41.309931,-72.953337,14,Motor Vehicle in Operation,1,Front to rear,1,On Roadway,1,Clear,88,Not Applicable,1,Daylight,1,Dry,0,None,88,Not Applicable,88,Not Applicable,0,None,88,Not Applicable,88,Not Applicable,1,Non-Junction,1,Not at Intersection,1,No,1,No,88,Not Applicable,88,Not Applicable,88,Not Applicable,88,Not Applicable,TRUE,1,Public Road,1,"Trafficway, On Road",CT0009300,New Haven PD,349,02:47.0,O,Open,00:48.0,,4,20300,3,PRINCIPAL ARTERIAL - OTHER - NEW HPMS,2,Urban
1215365,1,Complete,1215365,1215365,41.324495,-72.963271,3703571,New Haven,93,93,New Haven,11/6/2024,2024,11,November,6,4,Wednesday,17:27:00,17,24045411,A,"Injury of any type (Serious, Minor, Possible)",B,Suspected Minor Injury (B),1,1,0,4,Local,0.28,662,WILLARD ST,WILLARD ST,ALDEN AV,,,,,41.324495,-72.963271,9,Pedestrian,88,Not Applicable,1,On Roadway,1,Clear,88,Not Applicable,4,Dark-Lighted,1,Dry,0,None,88,Not Applicable,88,Not Applicable,0,None,88,Not Applicable,88,Not Applicable,2,Intersection,2,Four-Way Intersection,1,No,1,No,88,Not Applicable,88,Not Applicable,88,Not Applicable,88,Not Applicable,TRUE,1,Public Road,1,"Trafficway, On Road",CT0009300,New Haven PD,170,28:27.0,C,Closed,00:57.0,,2,2680,7,LOCAL - NEW HPMS,2,Urban
1215366,1,Complete,1215366,1215366,41.320395,-72.867924,3703572,New Haven,93,93,New Haven,11/6/2024,2024,11,November,6,4,Wednesday,17:16:00,17,24045414,A,"Injury of any type (Serious, Minor, Possible)",A,Suspected Serious Injury (A),2,0,1,3,State,0.77,80,80-E,80-E,,Dell Dr,115,Feet,W,41.320395,-72.867924,14,Motor Vehicle in Operation,3,Angle,1,On Roadway,1,Clear,88,Not Applicable,4,Dark-Lighted,1,Dry,0,None,88,Not Applicable,88,Not Applicable,0,None,88,Not Applicable,88,Not Applicable,9,Driveway Access-Related,1,Not at Intersection,1,No,1,No,88,Not Applicable,88,Not Applicable,88,Not Applicable,88,Not Applicable,FALSE,1,Public Road,1,"Trafficway, On Road",CT0009300,New Haven PD,46622,15:01.0,C,Closed,00:56.0,,4,15400,3,PRINCIPAL ARTERIAL - OTHER - NEW HPMS,2,Urban
1215367,1,Complete,1215367,1215367,41.320849,-72.923469,3703573,New Haven,93,93,New Haven,11/6/2024,2024,11,November,6,4,Wednesday,18:01:00,18,24045416,A,"Injury of any type (Serious, Minor, Possible)",C,Possible Injury (C),1,1,2,4,Local,0.64,495,PROSPECT ST,PROSPECT ST,Hillside Pl ,,,,,41.320849,-72.923469,9,Pedestrian,88,Not Applicable,1,On Roadway,1,Clear,88,Not Applicable,3,Dusk,1,Dry,0,None,88,Not Applicable,88,Not Applicable,0,None,88,Not Applicable,88,Not Applicable,2,Intersection,3,T-Intersection,1,No,1,No,88,Not Applicable,88,Not Applicable,88,Not Applicable,88,Not Applicable,FALSE,1,Public Road,1,"Trafficway, On Road",CT0009300,New Haven PD,44053,47:06.0,C,Closed,00:57.0,,2,7200,4,MINOR ARTERIAL - NEW HPMS,2,Urban
1215369,1,Complete,1215369,1215369,41.29771,-72.938419,3703575,New Haven,93,93,New Haven,11/6/2024,2024,11,November,6,4,Wednesday,17:54:00,17,24045434,A,"Injury of any type (Serious, Minor, Possible)",B,Suspected Minor Injury (B),1,1,1,2,USRoute,47.18,1,1-N,1-N,,WHITE ST,50,Feet,E,41.29771,-72.938419,10,Pedalcycle/Pedalcyclist,2,Front to front,1,On Roadway,1,Clear,88,Not Applicable,4,Dark-Lighted,1,Dry,0,None,88,Not Applicable,88,Not Applicable,0,None,88,Not Applicable,88,Not Applicable,1,Non-Junction,1,Not at Intersection,1,No,1,No,88,Not Applicable,88,Not Applicable,88,Not Applicable,88,Not Applicable,FALSE,1,Public Road,1,"Trafficway, On Road",CT0009300,New Haven PD,42366,30:22.0,C,Closed,00:58.0,,2,15700,3,PRINCIPAL ARTERIAL - OTHER - NEW HPMS,2,Urban
1215730,1,Complete,1215730,1215730,41.29422,-72.93328,3703936,New Haven,93,93,New Haven,11/6/2024,2024,11,November,6,4,Wednesday,20:38:00,20,24045448,A,"Injury of any type (Serious, Minor, Possible)",C,Possible Injury (C),2,0,0,4,Local,0.85,308,HOWARD AV,HOWARD AV,SPRING ST,,,,,41.29422,-72.93328,14,Motor Vehicle in Operation,3,Angle,1,On Roadway,1,Clear,88,Not Applicable,4,Dark-Lighted,1,Dry,99,Unknown,88,Not Applicable,88,Not Applicable,99,Unknown,88,Not Applicable,88,Not Applicable,2,Intersection,2,Four-Way Intersection,1,No,1,No,88,Not Applicable,88,Not Applicable,88,Not Applicable,88,Not Applicable,FALSE,1,Public Road,1,"Trafficway, On Road",CT0009300,New Haven PD,40947,55:29.0,C,Closed,01:20.0,,2,4000,5,MAJOR COLLECTOR - NEW HPMS,2,Urban
1215732,1,Complete,1215732,1215732,41.320645,-72.908272,3703938,New Haven,93,93,New Haven,11/7/2024,2024,11,November,7,5,Thursday,7:57:00,7,24045484,A,"Injury of any type (Serious, Minor, Possible)",B,Suspected Minor Injury (B),2,0,0,4,Local,0.42,666,WILLOW ST,WILLOW ST,NICOLL ST,,,,,41.320645,-72.908272,14,Motor Vehicle in Operation,3,Angle,1,On Roadway,1,Clear,88,Not Applicable,1,Daylight,1,Dry,0,None,88,Not Applicable,88,Not Applicable,0,None,88,Not Applicable,88,Not Applicable,2,Intersection,2,Four-Way Intersection,1,No,1,No,88,Not Applicable,88,Not Applicable,88,Not Applicable,88,Not Applicable,FALSE,1,Public Road,1,"Trafficway, On Road",CT0009300,New Haven PD,87,50:55.0,C,Closed,01:24.0,,2,4600,7,LOCAL - NEW HPMS,2,Urban
1216232,1,Complete,1216232,1216232,41.32384118,-72.88160162,3704438,New Haven,93,93,New Haven,11/1/2024,2024,11,November,1,6,Friday,14:35:00,14,24044737,A,"Injury of any type (Serious, Minor, Possible)",C,Possible Injury (C),3,0,0,1,Interstate,0.15,91,91-N-16,91-N-16,17-N,,,,,41.32384118,-72.88160162,14,Motor Vehicle in Operation,3,Angle,1,On Roadway,1,Clear,88,Not Applicable,1,Daylight,1,Dry,0,None,88,Not Applicable,88,Not Applicable,0,None,88,Not Applicable,88,Not Applicable,2,Intersection,2,Four-Way Intersection,1,No,1,No,88,Not Applicable,88,Not Applicable,88,Not Applicable,88,Not Applicable,FALSE,1,Public Road,1,"Trafficway, On Road",CT0009300,New Haven PD,40807,30:59.0,C,Closed,01:03.0,,2,4900,5,MAJOR COLLECTOR - NEW HPMS,2,Urban
1216234,1,Complete,1216234,1216234,41.30974056,-72.9533296,3704440,New Haven,93,93,New Haven,11/2/2024,2024,11,November,2,7,Saturday,18:07:00,18,24044895,A,"Injury of any type (Serious, Minor, Possible)",C,Possible Injury (C),5,0,0,3,State,2.36,10,10-N,10-N,,DERBY AVE,75,Feet,S,41.30974056,-72.9533296,14,Motor Vehicle in Operation,1,Front to rear,1,On Roadway,1,Clear,88,Not Applicable,4,Dark-Lighted,1,Dry,0,None,88,Not Applicable,88,Not Applicable,0,None,88,Not Applicable,88,Not Applicable,3,Intersection-Related,2,Four-Way Intersection,1,No,1,No,88,Not Applicable,88,Not Applicable,88,Not Applicable,88,Not Applicable,FALSE,1,Public Road,1,"Trafficway, On Road",CT0009300,New Haven PD,46901,27:40.0,C,Closed,00:59.0,,2,14900,4,MINOR ARTERIAL - NEW HPMS,2,Urban
1216259,1,Complete,1216259,1216259,41.290106,-72.89427,3704465,New Haven,93,93,New Haven,11/8/2024,2024,11,November,8,6,Friday,16:18:00,16,24045651,A,"Injury of any type (Serious, Minor, Possible)",C,Possible Injury (C),1,1,0,4,Local,1.44,678,WOODWARD AV,WOODWARD AV,,Forbes Ave ,35,Feet,S,41.290106,-72.89427,9,Pedestrian,88,Not Applicable,1,On Roadway,1,Clear,88,Not Applicable,3,Dusk,1,Dry,3,Glare,88,Not Applicable,88,Not Applicable,0,None,88,Not Applicable,88,Not Applicable,1,Non-Junction,1,Not at Intersection,1,No,1,No,88,Not Applicable,88,Not Applicable,88,Not Applicable,88,Not Applicable,FALSE,1,Public Road,1,"Trafficway, On Road",CT0009300,New Haven PD,45388,12:39.0,C,Closed,01:04.0,,2,6700,4,MINOR ARTERIAL - NEW HPMS,2,Urban
1216267,1,Complete,1216267,1216267,41.331017,-72.874571,3704473,New Haven,93,93,New Haven,11/8/2024,2024,11,November,8,6,Friday,20:06:00,20,24045696,A,"Injury of any type (Serious, Minor, Possible)",C,Possible Injury (C),2,0,0,3,State,0.84,17,17-N,17-N,,CROSS ST,30,Feet,E,41.331017,-72.874571,14,Motor Vehicle in Operation,1,Front to rear,1,On Roadway,1,Clear,88,Not Applicable,4,Dark-Lighted,1,Dry,0,None,88,Not Applicable,88,Not Applicable,0,None,88,Not Applicable,88,Not Applicable,3,Intersection-Related,3,T-Intersection,1,No,1,No,88,Not Applicable,88,Not Applicable,88,Not Applicable,88,Not Applicable,FALSE,1,Public Road,1,"Trafficway, On Road",CT0009300,New Haven PD,45388,15:29.0,C,Closed,01:05.0,,2,7171,7,LOCAL - NEW HPMS,2,Urban
1216270,1,Complete,1216270,1216270,41.329525,-72.935106,3704476,New Haven,93,93,New Haven,11/9/2024,2024,11,November,9,7,Saturday,0:00:00,0,24045711,A,"Injury of any type (Serious, Minor, Possible)",C,Possible Injury (C),2,0,0,4,Local,1.18,152,DIXWELL AV,DIXWELL AV,HAZEL ST,,,,,41.329525,-72.935106,14,Motor Vehicle in Operation,3,Angle,1,On Roadway,1,Clear,88,Not Applicable,4,Dark-Lighted,1,Dry,0,None,88,Not Applicable,88,Not Applicable,0,None,88,Not Applicable,88,Not Applicable,2,Intersection,3,T-Intersection,1,No,1,No,88,Not Applicable,88,Not Applicable,88,Not Applicable,88,Not Applicable,FALSE,1,Public Road,1,"Trafficway, On Road",CT0009300,New Haven PD,33160,54:06.0,C,Closed,01:01.0,,2,15100,3,PRINCIPAL ARTERIAL - OTHER - NEW HPMS,2,Urban
1216271,1,Complete,1216271,1216271,41.31048988,-72.89881336,3704477,New Haven,93,93,New Haven,11/9/2024,2024,11,November,9,7,Saturday,4:14:00,4,24045726,A,"Injury of any type (Serious, Minor, Possible)",C,Possible Injury (C),2,0,1,4,Local,0.04,734,CLAY ST NO 2,CLAY ST NO 2,,FILLMORE ST,55,Feet,W,41.31048988,-72.89881336,15,Parked Motor Vehicle,1,Front to rear,1,On Roadway,1,Clear,88,Not Applicable,4,Dark-Lighted,1,Dry,0,None,88,Not Applicable,88,Not Applicable,0,None,88,Not Applicable,88,Not Applicable,1,Non-Junction,1,Not at Intersection,1,No,1,No,88,Not Applicable,88,Not Applicable,88,Not Applicable,88,Not Applicable,FALSE,1,Public Road,1,"Trafficway, On Road",CT0009300,New Haven PD,46898,57:33.0,C,Closed,01:02.0,,2,3600,5,MAJOR COLLECTOR - NEW HPMS,2,Urban
1216272,1,Complete,1216272,1216272,41.30258293,-72.95116947,3704478,New Haven,93,93,New Haven,11/9/2024,2024,11,November,9,7,Saturday,8:40:00,8,24045730,A,"Injury of any type (Serious, Minor, Possible)",B,Suspected Minor Injury (B),1,1,1,,,,,,91 ELLA T GRASSO BLVD,,ELLA T GRASSO BLVD,14,Feet,E,41.30258293,-72.95116947,10,Pedalcycle/Pedalcyclist,3,Angle,97,Other,1,Clear,88,Not Applicable,1,Daylight,1,Dry,0,None,88,Not Applicable,88,Not Applicable,97,Other,88,Not Applicable,88,Not Applicable,8,Driveway Access,1,Not at Intersection,1,No,1,No,88,Not Applicable,88,Not Applicable,88,Not Applicable,88,Not Applicable,FALSE,88,Not Applicable,3,Non-trafficway,CT0009300,New Haven PD,301,13:57.0,C,Closed,01:06.0,,,,,,,
1216278,1,Complete,1216278,1216278,41.32231201,-72.89651677,924277,New Haven,93,93,New Haven,11/10/2024,2024,11,November,10,1,Sunday,2:18:00,2,24045821,K,Fatal (Kill),K,Fatal Injury (K),1,1,1,2,USRoute,0.6,5,5-N,5-N,,ROCK ST,1,TenthsofMile,N,41.32231201,-72.89651677,9,Pedestrian,88,Not Applicable,1,On Roadway,1,Clear,88,Not Applicable,4,Dark-Lighted,1,Dry,0,None,88,Not Applicable,88,Not Applicable,0,None,88,Not Applicable,88,Not Applicable,1,Non-Junction,1,Not at Intersection,1,No,1,No,88,Not Applicable,88,Not Applicable,88,Not Applicable,88,Not Applicable,TRUE,1,Public Road,1,"Trafficway, On Road",CT0009300,New Haven PD,46898,50:03.0,O,Open,01:14.0,,2,17300,4,MINOR ARTERIAL - NEW HPMS,2,Urban
1216284,1,Complete,1216284,1216284,41.28660471,-72.93655902,3704490,New Haven,93,93,New Haven,11/10/2024,2024,11,November,10,1,Sunday,13:28:00,13,24045864,A,"Injury of any type (Serious, Minor, Possible)",C,Possible Injury (C),2,0,1,3,State,0.49,10,10-N,10-N,,KIMBERLY AVE,85,Feet,N,41.28660471,-72.93655902,14,Motor Vehicle in Operation,3,Angle,1,On Roadway,2,Cloudy,88,Not Applicable,1,Daylight,1,Dry,0,None,88,Not Applicable,88,Not Applicable,0,None,88,Not Applicable,88,Not Applicable,9,Driveway Access-Related,1,Not at Intersection,1,No,1,No,88,Not Applicable,88,Not Applicable,88,Not Applicable,88,Not Applicable,FALSE,1,Public Road,1,"Trafficway, On Road",CT0009300,New Haven PD,42366,09:10.0,C,Closed,01:18.0,,2,400,7,LOCAL - NEW HPMS,2,Urban
1216286,1,Complete,1216286,1216286,41.29773368,-72.94100367,3704492,New Haven,93,93,New Haven,11/10/2024,2024,11,November,10,1,Sunday,16:46:00,16,24045880,A,"Injury of any type (Serious, Minor, Possible)",B,Suspected Minor Injury (B),1,1,0,2,USRoute,47.05,1,1-N,1-N,WEST ST,,,,,41.29773368,-72.94100367,9,Pedestrian,88,Not Applicable,1,On Roadway,1,Clear,88,Not Applicable,6,Dark-Unknown Lighting,1,Dry,0,None,88,Not Applicable,88,Not Applicable,0,None,88,Not Applicable,88,Not Applicable,2,Intersection,2,Four-Way Intersection,1,No,1,No,88,Not Applicable,88,Not Applicable,88,Not Applicable,88,Not Applicable,FALSE,1,Public Road,1,"Trafficway, On Road",CT0009300,New Haven PD,46900,32:59.0,C,Closed,01:19.0,,,,,,,