CrashId,Fatal Case Status,Fatal Case Status Text Format,CrashId,CrashId,Latitude,Longitude,DOT Case Number,Town Name,Town Number,Town Number,Town Number Text Format,Date Of Crash,Year,Month,Month Text Format,Day,Day of the Week,Day of the Week Text Format,Time of Crash,Hour of the Day,Case Identifier,Crash Severity,Crash Severity Text Format,Most Severe Injury,Most Severe Injury Text Format,Number Of Motor Vehicles,Number Of Non-Motorist,Number Of Witnesses,Route Class,Route Class Text Format,Milemarker,Road Number,Road Description,Roadway Name,Intersecting Roadway Name,Landmark Description,Distance From Nearest Landmark,Unit Of Measure From Nearest Landmark,Direction From Nearest Landmark,Latitude,Longitude,First Harmful Event,First Harmful Event Text Format,Manner of Crash / Collision Impact,Manner of Crash / Collision Impact Text Format,Location of First Harmful Event,Location of First Harmful Event Text Format,Weather Condition,Weather Condition Text Format,Weather 2,Weather 2 Text Format,Light Condition,Light Condition Text Format,Road Surface Condition,Road Surface Condition Text Format,"Contributing Circumstances, Environment","Contributing Circumstances, Environment Text Format",Environment 2,Environment 2 Text Format,Environment 3,Environment 3 Text Format,"Contributing Circumstances, Road","Contributing Circumstances, Road Text Format",Road 2,Road 2 Text Format,Road 3,Road 3 Text Format,Crash Specific Location,Crash Specific Location Text Format,Type of Intersection,Type of Intersection Text Format,School Bus Related,School Bus Related Text Format,Work Zone Related,Work Zone Related Text Format,Location Of Crash Relative To Work Zone,Location Of Crash Relative To Work Zone Text Format,Type of Work Zone,Type of Work Zone Text Format,Worker Presence,Worker Presence Text Format,Law Enforcement Presence,Law Enforcement Presence Text Format,Were Vehicles Moved Prior To Police Arrival,Trafficway Ownership,Trafficway Ownership Text Format,Trafficway Class,Trafficway Class Text Format,Police Agency,Police Agency Text Format,Badge Number,Approval Date,Police Case Status,Police Case Status Text Format,Crash Report Submission Date,Related Case Identifiers,No. of Through Lanes (Log Dir.),Average Daily Traffic,Functional Classification,Functional Classification Text Format,Rural or Urban,Rural or Urban Text Format
1216288,1,Complete,1216288,1216288,41.308335,-72.924394,3704494,New Haven,93,93,New Haven,11/10/2024,2024,11,November,10,1,Sunday,20:01:00,20,24045897,A,"Injury of any type (Serious, Minor, Possible)",C,Possible Injury (C),2,0,0,4,Local,0.54,726,ELM ST NO 2,ELM ST NO 2,,CHURCH ST ,35,Feet,W,41.308335,-72.924394,14,Motor Vehicle in Operation,1,Front to rear,1,On Roadway,4,Rain,88,Not Applicable,6,Dark-Unknown Lighting,2,Wet,0,None,88,Not Applicable,88,Not Applicable,0,None,88,Not Applicable,88,Not Applicable,3,Intersection-Related,2,Four-Way Intersection,1,No,1,No,88,Not Applicable,88,Not Applicable,88,Not Applicable,88,Not Applicable,FALSE,1,Public Road,1,"Trafficway, On Road",CT0009300,New Haven PD,46624,18:29.0,C,Closed,01:21.0,,2,5800,4,MINOR ARTERIAL - NEW HPMS,2,Urban
1216883,1,Complete,1216883,1216883,41.296925,-72.892797,3705089,New Haven,93,93,New Haven,11/9/2024,2024,11,November,9,7,Saturday,14:11:00,14,24045754,A,"Injury of any type (Serious, Minor, Possible)",B,Suspected Minor Injury (B),1,1,0,4,Local,0.18,210,FARREN AV,FARREN AV,FULTON ST,,,,,41.296925,-72.892797,9,Pedestrian,88,Not Applicable,1,On Roadway,1,Clear,88,Not Applicable,1,Daylight,1,Dry,0,None,88,Not Applicable,88,Not Applicable,0,None,88,Not Applicable,88,Not Applicable,2,Intersection,2,Four-Way Intersection,1,No,1,No,88,Not Applicable,88,Not Applicable,88,Not Applicable,88,Not Applicable,FALSE,1,Public Road,1,"Trafficway, On Road",CT0009300,New Haven PD,46615,16:36.0,O,Open,02:08.0,,2,11400,4,MINOR ARTERIAL - NEW HPMS,2,Urban
1216884,1,Complete,1216884,1216884,41.323377,-72.87233,3705090,New Haven,93,93,New Haven,11/9/2024,2024,11,November,9,7,Saturday,16:57:00,16,24045771,A,"Injury of any type (Serious, Minor, Possible)",B,Suspected Minor Injury (B),2,0,0,3,State,0.19,103,103-N,103-N,,KENNY DR,100,Feet,S,41.323377,-72.87233,14,Motor Vehicle in Operation,2,Front to front,1,On Roadway,1,Clear,88,Not Applicable,4,Dark-Lighted,1,Dry,0,None,88,Not Applicable,88,Not Applicable,0,None,88,Not Applicable,88,Not Applicable,1,Non-Junction,1,Not at Intersection,1,No,1,No,88,Not Applicable,88,Not Applicable,88,Not Applicable,88,Not Applicable,FALSE,1,Public Road,1,"Trafficway, On Road",CT0009300,New Haven PD,44949,53:32.0,C,Closed,01:55.0,,,,,,,
1216888,1,Complete,1216888,1216888,41.30146675,-72.93499616,3705094,New Haven,93,93,New Haven,11/5/2024,2024,11,November,5,3,Tuesday,17:45:00,17,24045919,A,"Injury of any type (Serious, Minor, Possible)",C,Possible Injury (C),2,0,0,4,Local,0.72,123,CONGRESS AV,CONGRESS AV,,HOWARD AVE,45,Feet,E,41.30146675,-72.93499616,14,Motor Vehicle in Operation,1,Front to rear,1,On Roadway,99,Unknown,99,Unknown,3,Dusk,99,Unknown,0,None,88,Not Applicable,88,Not Applicable,0,None,88,Not Applicable,88,Not Applicable,3,Intersection-Related,2,Four-Way Intersection,1,No,1,No,88,Not Applicable,88,Not Applicable,88,Not Applicable,88,Not Applicable,TRUE,1,Public Road,1,"Trafficway, On Road",CT0009300,New Haven PD,301,04:17.0,C,Closed,01:57.0,,2,9600,4,MINOR ARTERIAL - NEW HPMS,2,Urban
1216892,1,Complete,1216892,1216892,41.3357655,-72.9779003,3705098,New Haven,93,93,New Haven,11/11/2024,2024,11,November,11,2,Monday,15:26:00,15,24045984,A,"Injury of any type (Serious, Minor, Possible)",C,Possible Injury (C),3,0,0,3,State,1.39,63,63-N,63-N,,FOWLER ST,10,Feet,N,41.3357655,-72.9779003,14,Motor Vehicle in Operation,3,Angle,1,On Roadway,1,Clear,88,Not Applicable,1,Daylight,1,Dry,0,None,88,Not Applicable,88,Not Applicable,0,None,88,Not Applicable,88,Not Applicable,9,Driveway Access-Related,1,Not at Intersection,1,No,1,No,88,Not Applicable,88,Not Applicable,88,Not Applicable,88,Not Applicable,TRUE,1,Public Road,1,"Trafficway, On Road",CT0009300,New Haven PD,170,52:52.0,C,Closed,02:04.0,,2,10900,4,MINOR ARTERIAL - NEW HPMS,2,Urban
1216900,1,Complete,1216900,1216900,41.32036297,-72.95098724,3705106,New Haven,93,93,New Haven,11/11/2024,2024,11,November,11,2,Monday,22:17:00,22,24046045,A,"Injury of any type (Serious, Minor, Possible)",C,Possible Injury (C),2,0,0,3,State,3.16,10,10-N,10-N,HOBART ST,,,,,41.32036297,-72.95098724,14,Motor Vehicle in Operation,97,Other,1,On Roadway,1,Clear,88,Not Applicable,4,Dark-Lighted,1,Dry,0,None,88,Not Applicable,88,Not Applicable,0,None,88,Not Applicable,88,Not Applicable,2,Intersection,3,T-Intersection,1,No,1,No,88,Not Applicable,88,Not Applicable,88,Not Applicable,88,Not Applicable,FALSE,1,Public Road,1,"Trafficway, On Road",CT0009300,New Haven PD,45625,10:47.0,C,Closed,02:09.0,,2,22300,3,PRINCIPAL ARTERIAL - OTHER - NEW HPMS,2,Urban
1217309,1,Complete,1217309,1217309,41.297375,-72.931915,3705515,New Haven,93,93,New Haven,11/1/2024,2024,11,November,1,6,Friday,9:29:00,9,24044726,A,"Injury of any type (Serious, Minor, Possible)",B,Suspected Minor Injury (B),2,0,0,4,Local,0.4,90,CEDAR ST NO 1,CEDAR ST NO 1,,PORTSEA ST,20,Feet,N,41.297375,-72.931915,14,Motor Vehicle in Operation,1,Front to rear,2,Shoulder,1,Clear,88,Not Applicable,1,Daylight,1,Dry,0,None,88,Not Applicable,88,Not Applicable,0,None,88,Not Applicable,88,Not Applicable,1,Non-Junction,1,Not at Intersection,1,No,1,No,88,Not Applicable,88,Not Applicable,88,Not Applicable,88,Not Applicable,FALSE,1,Public Road,1,"Trafficway, On Road",CT0009300,New Haven PD,45395,45:09.0,C,Closed,00:06.0,,2,10900,3,PRINCIPAL ARTERIAL - OTHER - NEW HPMS,2,Urban
1217311,1,Complete,1217311,1217311,41.293631,-72.937715,3705517,New Haven,93,93,New Haven,11/3/2024,2024,11,November,3,1,Sunday,1:29:00,1,24044942,A,"Injury of any type (Serious, Minor, Possible)",C,Possible Injury (C),2,0,0,4,Local,0.09,571,SPRING ST,SPRING ST,HURLBURT ST,,,,,41.293631,-72.937715,14,Motor Vehicle in Operation,2,Front to front,1,On Roadway,1,Clear,88,Not Applicable,4,Dark-Lighted,1,Dry,0,None,88,Not Applicable,88,Not Applicable,0,None,88,Not Applicable,88,Not Applicable,2,Intersection,2,Four-Way Intersection,1,No,1,No,88,Not Applicable,88,Not Applicable,88,Not Applicable,88,Not Applicable,FALSE,1,Public Road,1,"Trafficway, On Road",CT0009300,New Haven PD,44338,05:16.0,O,Open,00:14.0,,2,4400,5,MAJOR COLLECTOR - NEW HPMS,2,Urban
1217312,1,Complete,1217312,1217312,41.32077995,-72.918379,3705518,New Haven,93,93,New Haven,11/3/2024,2024,11,November,3,1,Sunday,11:30:00,11,24044970,A,"Injury of any type (Serious, Minor, Possible)",C,Possible Injury (C),2,0,0,4,Local,0.75,656,WHITNEY AV,WHITNEY AV,,lawrence st,55,Feet,N,41.32077995,-72.918379,14,Motor Vehicle in Operation,3,Angle,1,On Roadway,1,Clear,88,Not Applicable,1,Daylight,1,Dry,0,None,88,Not Applicable,88,Not Applicable,0,None,88,Not Applicable,88,Not Applicable,9,Driveway Access-Related,1,Not at Intersection,1,No,1,No,88,Not Applicable,88,Not Applicable,88,Not Applicable,88,Not Applicable,FALSE,99,Unknown,1,"Trafficway, On Road",CT0009300,New Haven PD,23,25:56.0,C,Closed,00:09.0,,1,4400,5,MAJOR COLLECTOR - NEW HPMS,2,Urban
1217313,1,Complete,1217313,1217313,41.310618,-72.934502,3705519,New Haven,93,93,New Haven,11/6/2024,2024,11,November,6,4,Wednesday,22:27:00,22,24045457,A,"Injury of any type (Serious, Minor, Possible)",C,Possible Injury (C),1,1,1,4,Local,0.34,310,HOWE ST,HOWE ST,EDGEWOOD AV,,,,,41.310618,-72.934502,9,Pedestrian,88,Not Applicable,1,On Roadway,1,Clear,88,Not Applicable,4,Dark-Lighted,1,Dry,0,None,88,Not Applicable,88,Not Applicable,0,None,88,Not Applicable,88,Not Applicable,2,Intersection,2,Four-Way Intersection,1,No,1,No,88,Not Applicable,88,Not Applicable,88,Not Applicable,88,Not Applicable,FALSE,1,Public Road,1,"Trafficway, On Road",CT0009300,New Haven PD,45398,03:28.0,C,Closed,00:04.0,,2,6100,4,MINOR ARTERIAL - NEW HPMS,2,Urban
1217315,1,Complete,1217315,1217315,41.328503,-72.874009,3705521,New Haven,93,93,New Haven,11/11/2024,2024,11,November,11,2,Monday,21:11:00,21,24046043,A,"Injury of any type (Serious, Minor, Possible)",C,Possible Injury (C),1,0,0,,,,,,431 SMITH AVE,,CROSS ST,550,,S,41.328503,-72.874009,1,Overturn/Rollover,88,Not Applicable,97,Other,1,Clear,88,Not Applicable,4,Dark-Lighted,1,Dry,0,None,88,Not Applicable,88,Not Applicable,7,"Rut, Holes, Bumps",88,Not Applicable,88,Not Applicable,8,Driveway Access,1,Not at Intersection,1,No,1,No,88,Not Applicable,88,Not Applicable,88,Not Applicable,88,Not Applicable,FALSE,88,Not Applicable,4,Parking Lot,CT0009300,New Haven PD,40788,32:46.0,C,Closed,00:11.0,,,,,,,
1217317,1,Complete,1217317,1217317,41.32109605,-72.89791059,3705523,New Haven,93,93,New Haven,11/12/2024,2024,11,November,12,3,Tuesday,0:17:00,0,24046053,A,"Injury of any type (Serious, Minor, Possible)",B,Suspected Minor Injury (B),3,0,0,4,Local,0.03,518,ROCK ST,ROCK ST,,STATE ST,150,Feet,W,41.32109605,-72.89791059,14,Motor Vehicle in Operation,1,Front to rear,1,On Roadway,1,Clear,88,Not Applicable,4,Dark-Lighted,1,Dry,0,None,88,Not Applicable,88,Not Applicable,0,None,88,Not Applicable,88,Not Applicable,1,Non-Junction,1,Not at Intersection,1,No,1,No,88,Not Applicable,88,Not Applicable,88,Not Applicable,88,Not Applicable,FALSE,1,Public Road,1,"Trafficway, On Road",CT0009300,New Haven PD,41104,51:17.0,C,Closed,00:05.0,,2,18800,4,MINOR ARTERIAL - NEW HPMS,2,Urban
1217318,1,Complete,1217318,1217318,41.32141984,-72.87532686,3705524,New Haven,93,93,New Haven,11/12/2024,2024,11,November,12,3,Tuesday,7:22:00,7,24046065,A,"Injury of any type (Serious, Minor, Possible)",C,Possible Injury (C),2,0,0,3,State,0.36,80,80-E,80-E,,Quinipiac AVE,355,Feet,W,41.32141984,-72.87532686,14,Motor Vehicle in Operation,3,Angle,1,On Roadway,1,Clear,88,Not Applicable,1,Daylight,1,Dry,0,None,88,Not Applicable,88,Not Applicable,0,None,88,Not Applicable,88,Not Applicable,9,Driveway Access-Related,1,Not at Intersection,1,No,1,No,88,Not Applicable,88,Not Applicable,88,Not Applicable,88,Not Applicable,FALSE,1,Public Road,1,"Trafficway, On Road",CT0009300,New Haven PD,40807,25:24.0,C,Closed,00:10.0,,2,13500,3,PRINCIPAL ARTERIAL - OTHER - NEW HPMS,2,Urban
1217319,1,Complete,1217319,1217319,41.318441,-72.94761,3705525,New Haven,93,93,New Haven,11/12/2024,2024,11,November,12,3,Tuesday,7:19:00,7,24046066,A,"Injury of any type (Serious, Minor, Possible)",C,Possible Injury (C),2,0,0,4,Local,0.08,653,WHALLEY AV,WHALLEY AV,ELLSWORTH AV,,,,,41.318441,-72.94761,14,Motor Vehicle in Operation,3,Angle,1,On Roadway,1,Clear,88,Not Applicable,1,Daylight,1,Dry,3,Glare,88,Not Applicable,88,Not Applicable,0,None,88,Not Applicable,88,Not Applicable,2,Intersection,2,Four-Way Intersection,1,No,1,No,88,Not Applicable,88,Not Applicable,88,Not Applicable,88,Not Applicable,TRUE,1,Public Road,1,"Trafficway, On Road",CT0009300,New Haven PD,332,16:32.0,C,Closed,00:07.0,,,,,,,
1217688,1,Complete,1217688,1217688,41.309294,-72.935282,3705894,New Haven,93,93,New Haven,4/18/2024,2024,4,April,18,5,Thursday,22:15:00,22,24016016,A,"Injury of any type (Serious, Minor, Possible)",C,Possible Injury (C),2,0,0,4,Local,2.33,97,CHAPEL ST,CHAPEL ST,,Howe St,35,Feet,E,41.309294,-72.935282,14,Motor Vehicle in Operation,1,Front to rear,1,On Roadway,1,Clear,88,Not Applicable,1,Daylight,1,Dry,0,None,88,Not Applicable,88,Not Applicable,0,None,88,Not Applicable,88,Not Applicable,3,Intersection-Related,2,Four-Way Intersection,1,No,1,No,88,Not Applicable,88,Not Applicable,88,Not Applicable,88,Not Applicable,FALSE,1,Public Road,1,"Trafficway, On Road",CT0009300,New Haven PD,44055,44:49.0,C,Closed,00:16.0,,,,,,,
1217692,1,Complete,1217692,1217692,41.302027,-72.928593,3705898,New Haven,93,93,New Haven,11/7/2024,2024,11,November,7,5,Thursday,9:30:00,9,24045496,A,"Injury of any type (Serious, Minor, Possible)",C,Possible Injury (C),1,0,0,4,Local,0.24,104,CHURCH ST SOUTH NO 1,CHURCH ST SOUTH NO 1,CHURCH ST SOUTH NO 1,,,,,41.302027,-72.928593,38,"Other Post, Pole or Support",88,Not Applicable,6,Separator,1,Clear,88,Not Applicable,1,Daylight,1,Dry,0,None,88,Not Applicable,88,Not Applicable,0,None,88,Not Applicable,88,Not Applicable,2,Intersection,2,Four-Way Intersection,1,No,1,No,88,Not Applicable,88,Not Applicable,88,Not Applicable,88,Not Applicable,FALSE,1,Public Road,1,"Trafficway, On Road",CT0009300,New Haven PD,42056,32:17.0,C,Closed,00:19.0,,5,15300,3,PRINCIPAL ARTERIAL - OTHER - NEW HPMS,2,Urban
1217694,1,Complete,1217694,1217694,41.306746,-72.927476,3705900,New Haven,93,93,New Haven,11/12/2024,2024,11,November,12,3,Tuesday,9:05:00,9,24046104,A,"Injury of any type (Serious, Minor, Possible)",A,Suspected Serious Injury (A),2,1,0,4,Local,1.87,97,CHAPEL ST,CHAPEL ST,,TEMPLE ST,100,Feet,W,41.306746,-72.927476,9,Pedestrian,97,Other,1,On Roadway,1,Clear,88,Not Applicable,1,Daylight,1,Dry,0,None,88,Not Applicable,88,Not Applicable,0,None,88,Not Applicable,88,Not Applicable,1,Non-Junction,1,Not at Intersection,1,No,1,No,88,Not Applicable,88,Not Applicable,88,Not Applicable,88,Not Applicable,TRUE,1,Public Road,1,"Trafficway, On Road",CT0009300,New Haven PD,279,16:14.0,O,Open,00:29.0,,2,8036,7,LOCAL - NEW HPMS,2,Urban
1217696,1,Complete,1217696,1217696,41.29257,-72.938399,3705902,New Haven,93,93,New Haven,11/12/2024,2024,11,November,12,3,Tuesday,16:18:00,16,24046144,A,"Injury of any type (Serious, Minor, Possible)",C,Possible Injury (C),2,0,0,4,Local,0.13,668,WILSON ST,WILSON ST,,ROSETTE ST,15,Feet,S,41.29257,-72.938399,14,Motor Vehicle in Operation,4,"Sideswipe, same direction",1,On Roadway,1,Clear,88,Not Applicable,1,Daylight,1,Dry,0,None,88,Not Applicable,88,Not Applicable,0,None,88,Not Applicable,88,Not Applicable,3,Intersection-Related,3,T-Intersection,2,"Yes, School Bus Directly Involved",1,No,88,Not Applicable,88,Not Applicable,88,Not Applicable,88,Not Applicable,FALSE,1,Public Road,1,"Trafficway, On Road",CT0009300,New Haven PD,46613,28:47.0,C,Closed,00:19.0,,1,6281,7,LOCAL - NEW HPMS,2,Urban
1217705,1,Complete,1217705,1217705,41.309772,-72.953337,3705911,New Haven,93,93,New Haven,11/13/2024,2024,11,November,13,4,Wednesday,17:08:00,17,24046304,A,"Injury of any type (Serious, Minor, Possible)",C,Possible Injury (C),3,0,0,3,State,21.9,34,34-E,34-E,,DERBY AVE,112,Feet,S,41.309772,-72.953337,14,Motor Vehicle in Operation,3,Angle,1,On Roadway,1,Clear,88,Not Applicable,4,Dark-Lighted,1,Dry,0,None,88,Not Applicable,88,Not Applicable,0,None,88,Not Applicable,88,Not Applicable,2,Intersection,2,Four-Way Intersection,1,No,1,No,88,Not Applicable,88,Not Applicable,88,Not Applicable,88,Not Applicable,FALSE,1,Public Road,1,"Trafficway, On Road",CT0009300,New Haven PD,47744,58:14.0,C,Closed,00:27.0,,,,,,,
1217707,1,Complete,1217707,1217707,41.317865,-72.937768,3705913,New Haven,93,93,New Haven,11/13/2024,2024,11,November,13,4,Wednesday,19:35:00,19,24046322,A,"Injury of any type (Serious, Minor, Possible)",C,Possible Injury (C),2,0,0,4,Local,1.19,453,ORCHARD ST,ORCHARD ST,GOFFE ST,,,,,41.317865,-72.937768,14,Motor Vehicle in Operation,2,Front to front,1,On Roadway,1,Clear,88,Not Applicable,4,Dark-Lighted,1,Dry,0,None,88,Not Applicable,88,Not Applicable,0,None,88,Not Applicable,88,Not Applicable,2,Intersection,2,Four-Way Intersection,1,No,1,No,88,Not Applicable,88,Not Applicable,88,Not Applicable,88,Not Applicable,FALSE,1,Public Road,1,"Trafficway, On Road",CT0009300,New Haven PD,44045,19:19.0,C,Closed,00:24.0,,2,3900,7,LOCAL - NEW HPMS,2,Urban
1218109,1,Complete,1218109,1218109,41.3053,-72.896512,3706315,New Haven,93,93,New Haven,11/13/2024,2024,11,November,13,4,Wednesday,12:06:00,12,24046249,A,"Injury of any type (Serious, Minor, Possible)",C,Possible Injury (C),2,0,0,4,Local,0.23,487,POPLAR ST,POPLAR ST,,SALTONSTALL AVE,50,Feet,N,41.3053,-72.896512,14,Motor Vehicle in Operation,3,Angle,1,On Roadway,1,Clear,88,Not Applicable,1,Daylight,1,Dry,0,None,88,Not Applicable,88,Not Applicable,0,None,88,Not Applicable,88,Not Applicable,3,Intersection-Related,2,Four-Way Intersection,1,No,1,No,88,Not Applicable,88,Not Applicable,88,Not Applicable,88,Not Applicable,FALSE,1,Public Road,1,"Trafficway, On Road",CT0009300,New Haven PD,43689,03:15.0,C,Closed,01:13.0,,1,1700,1,INTERSTATE - NEW HPMS,1,Rural
1218111,1,Complete,1218111,1218111,41.318719,-72.897618,3706317,New Haven,93,93,New Haven,11/13/2024,2024,11,November,13,4,Wednesday,23:16:00,23,24046339,A,"Injury of any type (Serious, Minor, Possible)",C,Possible Injury (C),2,0,0,4,Local,0.74,411,MIDDLETOWN AV,MIDDLETOWN AV,FERRY ST,,,,,41.318719,-72.897618,14,Motor Vehicle in Operation,4,"Sideswipe, same direction",1,On Roadway,1,Clear,88,Not Applicable,4,Dark-Lighted,1,Dry,0,None,88,Not Applicable,88,Not Applicable,0,None,88,Not Applicable,88,Not Applicable,2,Intersection,3,T-Intersection,1,No,1,No,88,Not Applicable,88,Not Applicable,88,Not Applicable,88,Not Applicable,TRUE,1,Public Road,1,"Trafficway, On Road",CT0009300,New Haven PD,42055,42:01.0,C,Closed,01:11.0,,1,42100,2,PRIN ART-OTHER FREEWAYS & EXPRESSWAYS - NEW HPMS,2,Urban
1218592,1,Complete,1218592,1218592,41.321993,-72.877609,3706798,New Haven,93,93,New Haven,11/15/2024,2024,11,November,15,6,Friday,17:09:00,17,24045671,A,"Injury of any type (Serious, Minor, Possible)",C,Possible Injury (C),1,1,0,,,,,,Walmart Plaza (New Haven) ,,Foxon Blvd ,40,Feet,S,41.321993,-72.877609,9,Pedestrian,88,Not Applicable,1,On Roadway,1,Clear,88,Not Applicable,3,Dusk,1,Dry,99,Unknown,88,Not Applicable,88,Not Applicable,0,None,88,Not Applicable,88,Not Applicable,8,Driveway Access,1,Not at Intersection,1,No,1,No,88,Not Applicable,88,Not Applicable,88,Not Applicable,88,Not Applicable,TRUE,2,Private Road,1,"Trafficway, On Road",CT0009300,New Haven PD,409,58:00.0,C,Closed,00:26.0,,,,,,,
1218601,1,Complete,1218601,1218601,41.305945,-72.946523,3706807,New Haven,93,93,New Haven,11/14/2024,2024,11,November,14,5,Thursday,19:22:00,19,24046491,A,"Injury of any type (Serious, Minor, Possible)",C,Possible Injury (C),2,0,0,4,Local,0.31,360,LEGION AV-RT 34,LEGION AV-RT 34,,SHERMAN AVE,75,Feet,E,41.305945,-72.946523,14,Motor Vehicle in Operation,4,"Sideswipe, same direction",1,On Roadway,1,Clear,88,Not Applicable,1,Daylight,1,Dry,0,None,88,Not Applicable,88,Not Applicable,0,None,88,Not Applicable,88,Not Applicable,1,Non-Junction,1,Not at Intersection,1,No,1,No,88,Not Applicable,88,Not Applicable,88,Not Applicable,88,Not Applicable,FALSE,1,Public Road,1,"Trafficway, On Road",CT0009300,New Haven PD,33016,10:56.0,C,Closed,00:16.0,,8,141000,1,INTERSTATE - NEW HPMS,2,Urban
1218606,1,Complete,1218606,1218606,41.32742751,-72.96045528,3706812,New Haven,93,93,New Haven,11/15/2024,2024,11,November,15,6,Friday,13:21:00,13,24046557,A,"Injury of any type (Serious, Minor, Possible)",B,Suspected Minor Injury (B),2,0,0,3,State,0.25,63,63-N,63-N,BLAKE ST,,,,,41.32742751,-72.96045528,14,Motor Vehicle in Operation,3,Angle,1,On Roadway,1,Clear,88,Not Applicable,1,Daylight,1,Dry,0,None,88,Not Applicable,88,Not Applicable,0,None,88,Not Applicable,88,Not Applicable,2,Intersection,3,T-Intersection,1,No,1,No,88,Not Applicable,88,Not Applicable,88,Not Applicable,88,Not Applicable,FALSE,1,Public Road,1,"Trafficway, On Road",CT0009300,New Haven PD,46622,07:57.0,C,Closed,00:23.0,,,,,,,
1218607,1,Complete,1218607,1218607,41.315868,-72.892075,3706813,New Haven,93,93,New Haven,11/16/2024,2024,11,November,16,7,Saturday,16:26:00,16,24046565,A,"Injury of any type (Serious, Minor, Possible)",C,Possible Injury (C),2,0,0,4,Local,0.45,113,CLINTON AV,CLINTON AV,LOMBARD ST,,,,,41.315868,-72.892075,14,Motor Vehicle in Operation,3,Angle,1,On Roadway,1,Clear,88,Not Applicable,1,Daylight,1,Dry,0,None,88,Not Applicable,88,Not Applicable,0,None,88,Not Applicable,88,Not Applicable,2,Intersection,2,Four-Way Intersection,1,No,1,No,88,Not Applicable,88,Not Applicable,88,Not Applicable,88,Not Applicable,FALSE,1,Public Road,1,"Trafficway, On Road",CT0009300,New Haven PD,45396,03:26.0,C,Closed,00:16.0,24046565,3,70300,1,INTERSTATE - NEW HPMS,2,Urban
1218616,1,Complete,1218616,1218616,41.31841254,-72.9522251,3706822,New Haven,93,93,New Haven,11/16/2024,2024,11,November,16,7,Saturday,9:22:00,9,24046666,A,"Injury of any type (Serious, Minor, Possible)",A,Suspected Serious Injury (A),2,1,0,4,Local,0.15,301,HOBART ST,HOBART ST,ELM ST NO 1,,,,,41.31841254,-72.9522251,14,Motor Vehicle in Operation,3,Angle,1,On Roadway,1,Clear,88,Not Applicable,1,Daylight,1,Dry,0,None,88,Not Applicable,88,Not Applicable,0,None,88,Not Applicable,88,Not Applicable,2,Intersection,2,Four-Way Intersection,1,No,1,No,88,Not Applicable,88,Not Applicable,88,Not Applicable,88,Not Applicable,FALSE,1,Public Road,1,"Trafficway, On Road",CT0009300,New Haven PD,33016,14:52.0,C,Closed,00:13.0,,6,81400,1,INTERSTATE - NEW HPMS,2,Urban
1218617,1,Complete,1218617,1218617,41.28898,-72.894569,3706823,New Haven,93,93,New Haven,11/15/2024,2024,11,November,15,6,Friday,23:30:00,23,24046667,A,"Injury of any type (Serious, Minor, Possible)",C,Possible Injury (C),2,0,0,1,Interstate,0.36,95,95-N-346,95-N-346 (Exit 50) ,WOODWARD AV,,,,,41.28898,-72.894569,14,Motor Vehicle in Operation,3,Angle,1,On Roadway,1,Clear,88,Not Applicable,4,Dark-Lighted,1,Dry,0,None,88,Not Applicable,88,Not Applicable,0,None,88,Not Applicable,88,Not Applicable,2,Intersection,2,Four-Way Intersection,1,No,1,No,88,Not Applicable,88,Not Applicable,88,Not Applicable,88,Not Applicable,FALSE,1,Public Road,1,"Trafficway, On Road",CT0009300,New Haven PD,180,41:21.0,C,Closed,00:09.0,24046667,8,101000,1,INTERSTATE - NEW HPMS,2,Urban
1218618,1,Complete,1218618,1218618,41.293652,-72.937738,3706824,New Haven,93,93,New Haven,11/16/2024,2024,11,November,16,7,Saturday,13:47:00,13,24046679,A,"Injury of any type (Serious, Minor, Possible)",C,Possible Injury (C),2,0,0,4,Local,0.09,571,SPRING ST,SPRING ST,HURLBURT ST,,,,,41.293652,-72.937738,14,Motor Vehicle in Operation,3,Angle,1,On Roadway,1,Clear,88,Not Applicable,1,Daylight,1,Dry,0,None,88,Not Applicable,88,Not Applicable,0,None,88,Not Applicable,88,Not Applicable,2,Intersection,2,Four-Way Intersection,1,No,1,No,88,Not Applicable,88,Not Applicable,88,Not Applicable,88,Not Applicable,FALSE,1,Public Road,1,"Trafficway, On Road",CT0009300,New Haven PD,45392,20:54.0,C,Closed,00:12.0,NONE,8,134700,1,INTERSTATE - NEW HPMS,2,Urban
1218619,1,Complete,1218619,1218619,41.306859,-72.921144,3706825,New Haven,93,93,New Haven,11/16/2024,2024,11,November,16,7,Saturday,14:32:00,14,24046682,A,"Injury of any type (Serious, Minor, Possible)",C,Possible Injury (C),2,0,0,4,Local,1.18,575,STATE ST,STATE ST,,GRAND AVE,50,Feet,S,41.306859,-72.921144,14,Motor Vehicle in Operation,1,Front to rear,1,On Roadway,1,Clear,88,Not Applicable,1,Daylight,1,Dry,0,None,88,Not Applicable,88,Not Applicable,0,None,88,Not Applicable,88,Not Applicable,3,Intersection-Related,2,Four-Way Intersection,1,No,1,No,88,Not Applicable,88,Not Applicable,88,Not Applicable,88,Not Applicable,FALSE,1,Public Road,1,"Trafficway, On Road",CT0009300,New Haven PD,45700,46:05.0,C,Closed,00:12.0,,6,116600,1,INTERSTATE - NEW HPMS,2,Urban