CrashId,Fatal Case Status,Fatal Case Status Text Format,CrashId,CrashId,Latitude,Longitude,DOT Case Number,Town Name,Town Number,Town Number,Town Number Text Format,Date Of Crash,Year,Month,Month Text Format,Day,Day of the Week,Day of the Week Text Format,Time of Crash,Hour of the Day,Case Identifier,Crash Severity,Crash Severity Text Format,Most Severe Injury,Most Severe Injury Text Format,Number Of Motor Vehicles,Number Of Non-Motorist,Number Of Witnesses,Route Class,Route Class Text Format,Milemarker,Road Number,Road Description,Roadway Name,Intersecting Roadway Name,Landmark Description,Distance From Nearest Landmark,Unit Of Measure From Nearest Landmark,Direction From Nearest Landmark,Latitude,Longitude,First Harmful Event,First Harmful Event Text Format,Manner of Crash / Collision Impact,Manner of Crash / Collision Impact Text Format,Location of First Harmful Event,Location of First Harmful Event Text Format,Weather Condition,Weather Condition Text Format,Weather 2,Weather 2 Text Format,Light Condition,Light Condition Text Format,Road Surface Condition,Road Surface Condition Text Format,"Contributing Circumstances, Environment","Contributing Circumstances, Environment Text Format",Environment 2,Environment 2 Text Format,Environment 3,Environment 3 Text Format,"Contributing Circumstances, Road","Contributing Circumstances, Road Text Format",Road 2,Road 2 Text Format,Road 3,Road 3 Text Format,Crash Specific Location,Crash Specific Location Text Format,Type of Intersection,Type of Intersection Text Format,School Bus Related,School Bus Related Text Format,Work Zone Related,Work Zone Related Text Format,Location Of Crash Relative To Work Zone,Location Of Crash Relative To Work Zone Text Format,Type of Work Zone,Type of Work Zone Text Format,Worker Presence,Worker Presence Text Format,Law Enforcement Presence,Law Enforcement Presence Text Format,Were Vehicles Moved Prior To Police Arrival,Trafficway Ownership,Trafficway Ownership Text Format,Trafficway Class,Trafficway Class Text Format,Police Agency,Police Agency Text Format,Badge Number,Approval Date,Police Case Status,Police Case Status Text Format,Crash Report Submission Date,Related Case Identifiers,No. of Through Lanes (Log Dir.),Average Daily Traffic,Functional Classification,Functional Classification Text Format,Rural or Urban,Rural or Urban Text Format
1218622,1,Complete,1218622,1218622,41.283258,-72.93449,3706828,New Haven,93,93,New Haven,11/16/2024,2024,11,November,16,7,Saturday,16:18:00,16,24046704,A,"Injury of any type (Serious, Minor, Possible)",C,Possible Injury (C),2,0,0,3,State,0.22,10,10-S,10-S,,95-N-365 (Exit 44) ,90,Feet,N,41.283258,-72.93449,14,Motor Vehicle in Operation,1,Front to rear,1,On Roadway,1,Clear,88,Not Applicable,4,Dark-Lighted,1,Dry,0,None,88,Not Applicable,88,Not Applicable,0,None,88,Not Applicable,88,Not Applicable,1,Non-Junction,1,Not at Intersection,1,No,1,No,88,Not Applicable,88,Not Applicable,88,Not Applicable,88,Not Applicable,FALSE,1,Public Road,1,"Trafficway, On Road",CT0009300,New Haven PD,9,24:13.0,O,Open,00:25.0,,8,137300,1,INTERSTATE - NEW HPMS,2,Urban
1218623,1,Complete,1218623,1218623,41.3327193,-72.97521102,3706829,New Haven,93,93,New Haven,11/16/2024,2024,11,November,16,7,Saturday,20:00:00,20,24046708,A,"Injury of any type (Serious, Minor, Possible)",C,Possible Injury (C),3,0,0,3,State,1.13,63,63-N,63-N,,Ramsdell st,15,Feet,N,41.3327193,-72.97521102,14,Motor Vehicle in Operation,1,Front to rear,1,On Roadway,1,Clear,88,Not Applicable,4,Dark-Lighted,1,Dry,0,None,88,Not Applicable,88,Not Applicable,0,None,88,Not Applicable,88,Not Applicable,3,Intersection-Related,2,Four-Way Intersection,1,No,1,No,88,Not Applicable,88,Not Applicable,88,Not Applicable,88,Not Applicable,FALSE,1,Public Road,1,"Trafficway, On Road",CT0009300,New Haven PD,45392,58:55.0,O,Open,00:30.0,NONE,,,,,,
1218629,1,Complete,1218629,1218629,41.31139687,-72.94458209,3706835,New Haven,93,93,New Haven,11/17/2024,2024,11,November,17,1,Sunday,17:33:00,17,24046822,A,"Injury of any type (Serious, Minor, Possible)",B,Suspected Minor Injury (B),2,0,0,4,Local,0.39,556,SHERMAN AV,SHERMAN AV,CHAPEL ST,,,,,41.31139687,-72.94458209,14,Motor Vehicle in Operation,3,Angle,1,On Roadway,1,Clear,88,Not Applicable,4,Dark-Lighted,1,Dry,0,None,88,Not Applicable,88,Not Applicable,0,None,88,Not Applicable,88,Not Applicable,2,Intersection,2,Four-Way Intersection,1,No,1,No,88,Not Applicable,88,Not Applicable,88,Not Applicable,88,Not Applicable,FALSE,1,Public Road,1,"Trafficway, On Road",CT0009300,New Haven PD,47744,10:18.0,C,Closed,00:32.0,,,,,,,
1218631,1,Complete,1218631,1218631,41.297709,-72.937604,3706837,New Haven,93,93,New Haven,11/17/2024,2024,11,November,17,1,Sunday,19:13:00,19,24046832,A,"Injury of any type (Serious, Minor, Possible)",C,Possible Injury (C),2,0,0,2,USRoute,47.22,1,1-N,1-N,WASHINGTON AV NO 1,,,,,41.297709,-72.937604,14,Motor Vehicle in Operation,3,Angle,1,On Roadway,1,Clear,88,Not Applicable,4,Dark-Lighted,1,Dry,0,None,88,Not Applicable,88,Not Applicable,0,None,88,Not Applicable,88,Not Applicable,2,Intersection,2,Four-Way Intersection,1,No,1,No,88,Not Applicable,88,Not Applicable,88,Not Applicable,88,Not Applicable,FALSE,1,Public Road,1,"Trafficway, On Road",CT0009300,New Haven PD,42366,40:37.0,C,Closed,00:36.0,,,,,,,
1219229,1,Complete,1219229,1219229,41.303516,-72.923731,3707435,New Haven,93,93,New Haven,11/14/2024,2024,11,November,14,5,Thursday,12:48:00,12,24046406,A,"Injury of any type (Serious, Minor, Possible)",C,Possible Injury (C),2,0,1,4,Local,1.45,575,STATE ST,STATE ST,CROWN ST,,,,,41.303516,-72.923731,14,Motor Vehicle in Operation,97,Other,1,On Roadway,1,Clear,88,Not Applicable,1,Daylight,1,Dry,0,None,88,Not Applicable,88,Not Applicable,0,None,88,Not Applicable,88,Not Applicable,2,Intersection,2,Four-Way Intersection,1,No,1,No,88,Not Applicable,88,Not Applicable,88,Not Applicable,88,Not Applicable,FALSE,1,Public Road,1,"Trafficway, On Road",CT0009300,New Haven PD,274,07:59.0,C,Closed,00:45.0,,,,,,,
1219231,1,Complete,1219231,1219231,41.32031,-72.87216,3707437,New Haven,93,93,New Haven,11/17/2024,2024,11,November,17,1,Sunday,12:40:00,12,24046793,A,"Injury of any type (Serious, Minor, Possible)",C,Possible Injury (C),2,0,0,3,State,0.55,80,80-E,80-E,,EASTERN STREET,120,Feet,W,41.32031,-72.87216,14,Motor Vehicle in Operation,3,Angle,1,On Roadway,1,Clear,88,Not Applicable,1,Daylight,1,Dry,0,None,88,Not Applicable,88,Not Applicable,0,None,88,Not Applicable,88,Not Applicable,1,Non-Junction,1,Not at Intersection,1,No,1,No,88,Not Applicable,88,Not Applicable,88,Not Applicable,88,Not Applicable,FALSE,1,Public Road,1,"Trafficway, On Road",CT0009300,New Haven PD,46900,52:04.0,C,Closed,00:45.0,,2,21900,4,MINOR ARTERIAL - NEW HPMS,2,Urban
1219233,1,Complete,1219233,1219233,41.299946,-72.934875,3707439,New Haven,93,93,New Haven,11/18/2024,2024,11,November,18,2,Monday,6:52:00,6,24046875,A,"Injury of any type (Serious, Minor, Possible)",C,Possible Injury (C),2,0,0,4,Local,0.46,308,HOWARD AV,HOWARD AV,,WASHINGTON AVE,200,Feet,N,41.299946,-72.934875,14,Motor Vehicle in Operation,3,Angle,1,On Roadway,1,Clear,88,Not Applicable,1,Daylight,1,Dry,0,None,88,Not Applicable,88,Not Applicable,0,None,88,Not Applicable,88,Not Applicable,1,Non-Junction,1,Not at Intersection,1,No,1,No,88,Not Applicable,88,Not Applicable,88,Not Applicable,88,Not Applicable,TRUE,1,Public Road,1,"Trafficway, On Road",CT0009300,New Haven PD,301,04:47.0,C,Closed,00:44.0,,4,18000,4,MINOR ARTERIAL - NEW HPMS,2,Urban
1219652,1,Complete,1219652,1219652,41.329906,-72.932111,3707858,New Haven,93,93,New Haven,11/16/2024,2024,11,November,16,7,Saturday,17:41:00,17,24046710,A,"Injury of any type (Serious, Minor, Possible)",C,Possible Injury (C),2,0,0,4,Local,0.54,552,SHELTON AV,SHELTON AV,IVY ST NO 1,,,,,41.329906,-72.932111,14,Motor Vehicle in Operation,3,Angle,1,On Roadway,1,Clear,88,Not Applicable,5,Dark-Not Lighted,1,Dry,0,None,88,Not Applicable,88,Not Applicable,0,None,88,Not Applicable,88,Not Applicable,2,Intersection,2,Four-Way Intersection,1,No,1,No,88,Not Applicable,88,Not Applicable,88,Not Applicable,88,Not Applicable,FALSE,1,Public Road,1,"Trafficway, On Road",CT0009300,New Haven PD,46625,34:37.0,C,Closed,00:32.0,,5,17400,3,PRINCIPAL ARTERIAL - OTHER - NEW HPMS,2,Urban
1219653,1,Complete,1219653,1219653,41.29300795,-72.92068331,3707859,New Haven,93,93,New Haven,11/16/2024,2024,11,November,16,7,Saturday,18:51:00,18,24046718,A,"Injury of any type (Serious, Minor, Possible)",C,Possible Injury (C),2,0,0,4,Local,0.71,359,SARGENT DR,SARGENT DR,,CHURCH ST EXT,355,Feet,N,41.29300795,-72.92068331,14,Motor Vehicle in Operation,1,Front to rear,1,On Roadway,1,Clear,88,Not Applicable,4,Dark-Lighted,1,Dry,0,None,88,Not Applicable,88,Not Applicable,0,None,88,Not Applicable,88,Not Applicable,1,Non-Junction,1,Not at Intersection,1,No,1,No,88,Not Applicable,88,Not Applicable,88,Not Applicable,88,Not Applicable,FALSE,1,Public Road,1,"Trafficway, On Road",CT0009300,New Haven PD,9,50:50.0,C,Closed,00:26.0,,5,17400,3,PRINCIPAL ARTERIAL - OTHER - NEW HPMS,2,Urban
1219657,1,Complete,1219657,1219657,41.29026,-72.894298,924301,New Haven,93,93,New Haven,11/19/2024,2024,11,November,19,3,Tuesday,0:22:00,0,24046996,K,Fatal (Kill),A,Suspected Serious Injury (A),1,1,0,2,USRoute,50.14,1,1-N,1-N,,Woodward Ave ,30,Feet,S,41.29026,-72.894298,9,Pedestrian,88,Not Applicable,1,On Roadway,1,Clear,88,Not Applicable,4,Dark-Lighted,1,Dry,0,None,88,Not Applicable,88,Not Applicable,0,None,88,Not Applicable,88,Not Applicable,3,Intersection-Related,2,Four-Way Intersection,1,No,1,No,88,Not Applicable,88,Not Applicable,88,Not Applicable,88,Not Applicable,FALSE,1,Public Road,1,"Trafficway, On Road",CT0009300,New Haven PD,42369,56:35.0,O,Open,00:25.0,,4,9400,3,PRINCIPAL ARTERIAL - OTHER - NEW HPMS,2,Urban
1219660,1,Complete,1219660,1219660,41.3107239,-72.94167823,3707866,New Haven,93,93,New Haven,11/19/2024,2024,11,November,19,3,Tuesday,8:39:00,8,24047011,A,"Injury of any type (Serious, Minor, Possible)",C,Possible Injury (C),2,0,0,4,Local,2.66,97,CHAPEL ST,CHAPEL ST,,ORCHARD ST,25,Feet,W,41.3107239,-72.94167823,14,Motor Vehicle in Operation,4,"Sideswipe, same direction",1,On Roadway,1,Clear,88,Not Applicable,1,Daylight,1,Dry,0,None,88,Not Applicable,88,Not Applicable,0,None,88,Not Applicable,88,Not Applicable,3,Intersection-Related,2,Four-Way Intersection,1,No,1,No,88,Not Applicable,88,Not Applicable,88,Not Applicable,88,Not Applicable,TRUE,1,Public Road,1,"Trafficway, On Road",CT0009300,New Haven PD,40800,52:36.0,O,Open,00:28.0,,4,16200,3,PRINCIPAL ARTERIAL - OTHER - NEW HPMS,2,Urban
1219661,1,Complete,1219661,1219661,41.334404,-72.952114,3707867,New Haven,93,93,New Haven,11/19/2024,2024,11,November,19,3,Tuesday,11:15:00,11,24047029,A,"Injury of any type (Serious, Minor, Possible)",C,Possible Injury (C),2,0,0,4,Local,0.18,671,WINTERGREEN AV,WINTERGREEN AV,,FARNHAM AVE,200,Feet,N,41.334404,-72.952114,14,Motor Vehicle in Operation,1,Front to rear,1,On Roadway,1,Clear,88,Not Applicable,1,Daylight,1,Dry,0,None,88,Not Applicable,88,Not Applicable,0,None,88,Not Applicable,88,Not Applicable,1,Non-Junction,1,Not at Intersection,1,No,1,No,88,Not Applicable,88,Not Applicable,88,Not Applicable,88,Not Applicable,FALSE,1,Public Road,1,"Trafficway, On Road",CT0009300,New Haven PD,62,08:31.0,C,Closed,00:27.0,,2,18200,4,MINOR ARTERIAL - NEW HPMS,2,Urban
1219662,1,Complete,1219662,1219662,41.315496,-72.938983,3707868,New Haven,93,93,New Haven,11/19/2024,2024,11,November,19,3,Tuesday,15:04:00,15,24047050,A,"Injury of any type (Serious, Minor, Possible)",C,Possible Injury (C),2,0,0,4,Local,0.57,653,WHALLEY AV,WHALLEY AV,,Orchard St,55,Feet,E,41.315496,-72.938983,14,Motor Vehicle in Operation,1,Front to rear,1,On Roadway,1,Clear,88,Not Applicable,1,Daylight,1,Dry,0,None,88,Not Applicable,88,Not Applicable,0,None,88,Not Applicable,88,Not Applicable,3,Intersection-Related,2,Four-Way Intersection,1,No,1,No,88,Not Applicable,88,Not Applicable,88,Not Applicable,88,Not Applicable,FALSE,1,Public Road,1,"Trafficway, On Road",CT0009300,New Haven PD,44055,20:37.0,C,Closed,00:29.0,,3,20300,4,MINOR ARTERIAL - NEW HPMS,2,Urban
1219993,1,Complete,1219993,1219993,41.302826,-72.937421,3708198,New Haven,93,93,New Haven,11/20/2024,2024,11,November,20,4,Wednesday,8:07:00,8,24047165,A,"Injury of any type (Serious, Minor, Possible)",B,Suspected Minor Injury (B),2,0,2,4,Local,0.66,141,DAVENPORT AV,DAVENPORT AV,VERNON ST,,,,,41.302826,-72.937421,14,Motor Vehicle in Operation,3,Angle,1,On Roadway,1,Clear,88,Not Applicable,1,Daylight,1,Dry,0,None,88,Not Applicable,88,Not Applicable,0,None,88,Not Applicable,88,Not Applicable,2,Intersection,2,Four-Way Intersection,1,No,1,No,88,Not Applicable,88,Not Applicable,88,Not Applicable,88,Not Applicable,FALSE,1,Public Road,1,"Trafficway, On Road",CT0009300,New Haven PD,251,27:43.0,C,Closed,00:41.0,,,,,,,
1219994,1,Complete,1219994,1219994,41.311502,-72.916109,3708199,New Haven,93,93,New Haven,11/20/2024,2024,11,November,20,4,Wednesday,8:49:00,8,24047166,A,"Injury of any type (Serious, Minor, Possible)",C,Possible Injury (C),2,0,0,4,Local,0.75,575,STATE ST,STATE ST,BRADLEY ST NO 1,,,,,41.311502,-72.916109,14,Motor Vehicle in Operation,1,Front to rear,1,On Roadway,1,Clear,88,Not Applicable,1,Daylight,1,Dry,0,None,88,Not Applicable,88,Not Applicable,0,None,88,Not Applicable,88,Not Applicable,2,Intersection,3,T-Intersection,1,No,1,No,88,Not Applicable,88,Not Applicable,88,Not Applicable,88,Not Applicable,TRUE,1,Public Road,1,"Trafficway, On Road",CT0009300,New Haven PD,40085,27:44.0,C,Closed,00:44.0,,,,,,,
1220345,1,Complete,1220345,1220345,41.319284,-72.898816,3708550,New Haven,93,93,New Haven,11/20/2024,2024,11,November,20,4,Wednesday,13:01:00,13,24047197,A,"Injury of any type (Serious, Minor, Possible)",C,Possible Injury (C),2,0,0,2,USRoute,0.36,5,5-N,5-N,MAY ST,,,,,41.319284,-72.898816,14,Motor Vehicle in Operation,1,Front to rear,1,On Roadway,1,Clear,88,Not Applicable,1,Daylight,1,Dry,0,None,88,Not Applicable,88,Not Applicable,0,None,88,Not Applicable,88,Not Applicable,3,Intersection-Related,2,Four-Way Intersection,1,No,1,No,88,Not Applicable,88,Not Applicable,88,Not Applicable,88,Not Applicable,FALSE,1,Public Road,1,"Trafficway, On Road",CT0009300,New Haven PD,43689,44:45.0,C,Closed,00:14.0,,,,,,,
1220356,1,Complete,1220356,1220356,41.32091785,-72.87433325,3708561,New Haven,93,93,New Haven,11/21/2024,2024,11,November,21,5,Thursday,16:40:00,16,24047356,A,"Injury of any type (Serious, Minor, Possible)",C,Possible Injury (C),2,0,0,3,State,0.42,80,80-E,80-E,,QUINNIPIAC AVE,50,Feet,W,41.32091785,-72.87433325,14,Motor Vehicle in Operation,1,Front to rear,1,On Roadway,4,Rain,88,Not Applicable,4,Dark-Lighted,2,Wet,0,None,88,Not Applicable,88,Not Applicable,0,None,88,Not Applicable,88,Not Applicable,3,Intersection-Related,2,Four-Way Intersection,1,No,1,No,88,Not Applicable,88,Not Applicable,88,Not Applicable,88,Not Applicable,FALSE,1,Public Road,1,"Trafficway, On Road",CT0009300,New Haven PD,46901,28:11.0,C,Closed,00:23.0,,,,,,,
1220358,1,Complete,1220358,1220358,41.321668,-72.907597,3708563,New Haven,93,93,New Haven,11/21/2024,2024,11,November,21,5,Thursday,16:56:00,16,24047364,A,"Injury of any type (Serious, Minor, Possible)",C,Possible Injury (C),1,1,0,4,Local,0.85,83,CANNER ST,CANNER ST,NICOLL ST,,,,,41.321668,-72.907597,9,Pedestrian,88,Not Applicable,1,On Roadway,4,Rain,88,Not Applicable,4,Dark-Lighted,2,Wet,0,None,88,Not Applicable,88,Not Applicable,0,None,88,Not Applicable,88,Not Applicable,2,Intersection,3,T-Intersection,1,No,1,No,88,Not Applicable,88,Not Applicable,88,Not Applicable,88,Not Applicable,FALSE,1,Public Road,1,"Trafficway, On Road",CT0009300,New Haven PD,40085,01:04.0,C,Closed,00:23.0,,2,3820,7,LOCAL - NEW HPMS,2,Urban
1220359,1,Complete,1220359,1220359,41.296096,-72.928044,3708564,New Haven,93,93,New Haven,11/21/2024,2024,11,November,21,5,Thursday,17:33:00,17,24047367,A,"Injury of any type (Serious, Minor, Possible)",C,Possible Injury (C),3,0,0,4,Local,0.43,759,CHURCH ST SOUTH NO 2,CHURCH ST SOUTH NO 2,,UNION AVE,77,Feet,E,41.296096,-72.928044,14,Motor Vehicle in Operation,1,Front to rear,1,On Roadway,4,Rain,88,Not Applicable,4,Dark-Lighted,2,Wet,0,None,88,Not Applicable,88,Not Applicable,0,None,88,Not Applicable,88,Not Applicable,3,Intersection-Related,2,Four-Way Intersection,1,No,1,No,88,Not Applicable,88,Not Applicable,88,Not Applicable,88,Not Applicable,FALSE,1,Public Road,1,"Trafficway, On Road",CT0009300,New Haven PD,40810,26:35.0,C,Closed,00:25.0,,,,,,,
1221201,1,Complete,1221201,1221201,41.3019215,-72.92697294,3709406,New Haven,93,93,New Haven,11/19/2024,2024,11,November,19,3,Tuesday,16:43:00,16,24047073,A,"Injury of any type (Serious, Minor, Possible)",C,Possible Injury (C),2,0,0,4,Local,0.1,809,REV DR MLK JR BLVD,REV DR MLK JR BLVD,CHURCH ST SOUTH NO 1,,,,,41.3019215,-72.92697294,14,Motor Vehicle in Operation,4,"Sideswipe, same direction",1,On Roadway,1,Clear,88,Not Applicable,1,Daylight,1,Dry,0,None,88,Not Applicable,88,Not Applicable,0,None,88,Not Applicable,88,Not Applicable,2,Intersection,2,Four-Way Intersection,1,No,1,No,88,Not Applicable,88,Not Applicable,88,Not Applicable,88,Not Applicable,FALSE,1,Public Road,1,"Trafficway, On Road",CT0009300,New Haven PD,46624,14:48.0,C,Closed,01:14.0,,,,,,,
1221221,1,Complete,1221221,1221221,41.31478,-72.945507,3709426,New Haven,93,93,New Haven,11/23/2024,2024,11,November,23,7,Saturday,10:51:00,10,24047572,A,"Injury of any type (Serious, Minor, Possible)",C,Possible Injury (C),2,0,1,4,Local,0.11,393,MAPLE ST,MAPLE ST,,WINTHROP AVE,25,Feet,E,41.31478,-72.945507,32,Tree (standing),3,Angle,1,On Roadway,2,Cloudy,88,Not Applicable,1,Daylight,2,Wet,0,None,88,Not Applicable,88,Not Applicable,0,None,88,Not Applicable,88,Not Applicable,3,Intersection-Related,2,Four-Way Intersection,1,No,1,No,88,Not Applicable,88,Not Applicable,88,Not Applicable,88,Not Applicable,TRUE,1,Public Road,1,"Trafficway, On Road",CT0009300,New Haven PD,359,01:27.0,C,Closed,01:02.0,,,,,,,
1221224,1,Complete,1221224,1221224,41.33133367,-72.91724828,3709429,New Haven,93,93,New Haven,11/23/2024,2024,11,November,23,7,Saturday,15:53:00,15,24047612,A,"Injury of any type (Serious, Minor, Possible)",C,Possible Injury (C),2,0,0,4,Local,0.21,177,EDGEHILL RD,EDGEHILL RD,EAST ROCK RD,,,,,41.33133367,-72.91724828,14,Motor Vehicle in Operation,3,Angle,1,On Roadway,2,Cloudy,88,Not Applicable,1,Daylight,1,Dry,0,None,88,Not Applicable,88,Not Applicable,0,None,88,Not Applicable,88,Not Applicable,3,Intersection-Related,2,Four-Way Intersection,1,No,1,No,88,Not Applicable,88,Not Applicable,88,Not Applicable,88,Not Applicable,TRUE,1,Public Road,1,"Trafficway, On Road",CT0009300,New Haven PD,46621,33:25.0,C,Closed,01:05.0,,,,,,,
1221227,1,Complete,1221227,1221227,41.30261336,-72.92801667,3709432,New Haven,93,93,New Haven,11/23/2024,2024,11,November,23,7,Saturday,17:49:00,17,24047624,A,"Injury of any type (Serious, Minor, Possible)",C,Possible Injury (C),2,0,0,4,Local,0.17,809,REV DR MLK JR BLVD,REV DR MLK JR BLVD,,CHURCH ST,54,Feet,E,41.30261336,-72.92801667,14,Motor Vehicle in Operation,4,"Sideswipe, same direction",1,On Roadway,1,Clear,88,Not Applicable,4,Dark-Lighted,1,Dry,0,None,88,Not Applicable,88,Not Applicable,0,None,88,Not Applicable,88,Not Applicable,1,Non-Junction,1,Not at Intersection,1,No,1,No,88,Not Applicable,88,Not Applicable,88,Not Applicable,88,Not Applicable,FALSE,1,Public Road,1,"Trafficway, On Road",CT0009300,New Haven PD,46613,46:24.0,C,Closed,01:07.0,,,,,,,
1221228,1,Complete,1221228,1221228,41.31956861,-72.91888173,3709433,New Haven,93,93,New Haven,11/23/2024,2024,11,November,23,7,Saturday,20:13:00,20,24047630,A,"Injury of any type (Serious, Minor, Possible)",C,Possible Injury (C),1,1,0,4,Local,0.66,656,WHITNEY AV,WHITNEY AV,EDWARDS ST,,,,,41.31956861,-72.91888173,10,Pedalcycle/Pedalcyclist,1,Front to rear,1,On Roadway,1,Clear,88,Not Applicable,4,Dark-Lighted,1,Dry,0,None,88,Not Applicable,88,Not Applicable,0,None,88,Not Applicable,88,Not Applicable,2,Intersection,2,Four-Way Intersection,1,No,1,No,88,Not Applicable,88,Not Applicable,88,Not Applicable,88,Not Applicable,FALSE,1,Public Road,1,"Trafficway, On Road",CT0009300,New Haven PD,40085,49:48.0,C,Closed,01:12.0,,,,,,,
1221231,1,Complete,1221231,1221231,41.29647786,-72.93251094,3709436,New Haven,93,93,New Haven,11/24/2024,2024,11,November,24,1,Sunday,12:46:00,12,24047698,A,"Injury of any type (Serious, Minor, Possible)",C,Possible Injury (C),2,0,0,4,Local,0.07,84,CARLISLE ST,CARLISLE ST,SALEM ST,,,,,41.29647786,-72.93251094,14,Motor Vehicle in Operation,3,Angle,1,On Roadway,1,Clear,88,Not Applicable,1,Daylight,1,Dry,0,None,88,Not Applicable,88,Not Applicable,0,None,88,Not Applicable,88,Not Applicable,2,Intersection,2,Four-Way Intersection,1,No,1,No,88,Not Applicable,88,Not Applicable,88,Not Applicable,88,Not Applicable,FALSE,1,Public Road,1,"Trafficway, On Road",CT0009300,New Haven PD,26,14:18.0,C,Closed,01:09.0,,,,,,,
1221668,1,Complete,1221668,1221668,41.320905,-72.942359,3709873,New Haven,93,93,New Haven,11/25/2024,2024,11,November,25,2,Monday,14:06:00,14,24047845,A,"Injury of any type (Serious, Minor, Possible)",A,Suspected Serious Injury (A),2,0,0,4,Local,0.48,258,GOFFE TER,GOFFE TER,WINTHROP AV NO 2,,,,,41.320905,-72.942359,14,Motor Vehicle in Operation,2,Front to front,1,On Roadway,1,Clear,88,Not Applicable,1,Daylight,1,Dry,0,None,88,Not Applicable,88,Not Applicable,0,None,88,Not Applicable,88,Not Applicable,2,Intersection,2,Four-Way Intersection,1,No,1,No,88,Not Applicable,88,Not Applicable,88,Not Applicable,88,Not Applicable,FALSE,1,Public Road,1,"Trafficway, On Road",CT0009300,New Haven PD,332,57:27.0,C,Closed,01:21.0,,,,,,,
1221979,1,Complete,1221979,1221979,41.314668,-72.899998,3710184,New Haven,93,93,New Haven,11/19/2024,2024,11,November,19,3,Tuesday,8:44:00,8,24047016,A,"Injury of any type (Serious, Minor, Possible)",C,Possible Injury (C),2,0,0,4,Local,0.21,379,LOMBARD ST,LOMBARD ST,,FILMORE ST,85,Feet,W,41.314668,-72.899998,14,Motor Vehicle in Operation,2,Front to front,1,On Roadway,1,Clear,88,Not Applicable,1,Daylight,1,Dry,0,None,88,Not Applicable,88,Not Applicable,0,None,88,Not Applicable,88,Not Applicable,1,Non-Junction,1,Not at Intersection,1,No,1,No,88,Not Applicable,88,Not Applicable,88,Not Applicable,88,Not Applicable,FALSE,1,Public Road,1,"Trafficway, On Road",CT0009300,New Haven PD,40789,00:01.0,C,Closed,00:43.0,,,,,,,
1221982,1,Complete,1221982,1221982,41.314033,-72.935235,3710187,New Haven,93,93,New Haven,11/24/2024,2024,11,November,24,1,Sunday,14:30:00,14,24047701,A,"Injury of any type (Serious, Minor, Possible)",C,Possible Injury (C),3,0,0,4,Local,0.79,653,WHALLEY AV,WHALLEY AV,,SPERRY ST,150,Feet,E,41.314033,-72.935235,14,Motor Vehicle in Operation,1,Front to rear,1,On Roadway,1,Clear,88,Not Applicable,1,Daylight,1,Dry,0,None,88,Not Applicable,88,Not Applicable,0,None,88,Not Applicable,88,Not Applicable,1,Non-Junction,1,Not at Intersection,1,No,1,No,88,Not Applicable,88,Not Applicable,88,Not Applicable,88,Not Applicable,FALSE,1,Public Road,1,"Trafficway, On Road",CT0009300,New Haven PD,44947,48:09.0,O,Open,00:49.0,,,,,,,
1221986,1,Complete,1221986,1221986,41.328109,-72.915049,3710191,New Haven,93,93,New Haven,11/26/2024,2024,11,November,26,3,Tuesday,9:38:00,9,24047960,A,"Injury of any type (Serious, Minor, Possible)",C,Possible Injury (C),1,1,0,4,Local,1.29,656,WHITNEY AV,WHITNEY AV,HIGHLAND ST,,,,,41.328109,-72.915049,9,Pedestrian,88,Not Applicable,1,On Roadway,4,Rain,88,Not Applicable,1,Daylight,2,Wet,0,None,88,Not Applicable,88,Not Applicable,0,None,88,Not Applicable,88,Not Applicable,2,Intersection,3,T-Intersection,1,No,1,No,88,Not Applicable,88,Not Applicable,88,Not Applicable,88,Not Applicable,TRUE,1,Public Road,1,"Trafficway, On Road",CT0009300,New Haven PD,46900,37:19.0,C,Closed,00:48.0,,2,11100,3,PRINCIPAL ARTERIAL - OTHER - NEW HPMS,2,Urban
1221988,1,Complete,1221988,1221988,41.308063,-72.905079,3710193,New Haven,93,93,New Haven,11/26/2024,2024,11,November,26,3,Tuesday,11:29:00,11,24047976,A,"Injury of any type (Serious, Minor, Possible)",C,Possible Injury (C),1,0,0,,,,,,458 GRAND AVE,,JOHN W MURPHY,250,Feet,W,41.308063,-72.905079,36,Fence,88,Not Applicable,97,Other,4,Rain,88,Not Applicable,1,Daylight,2,Wet,0,None,88,Not Applicable,88,Not Applicable,0,None,88,Not Applicable,88,Not Applicable,97,Other,1,Not at Intersection,1,No,1,No,88,Not Applicable,88,Not Applicable,88,Not Applicable,88,Not Applicable,FALSE,88,Not Applicable,4,Parking Lot,CT0009300,New Haven PD,42057,04:30.0,C,Closed,00:48.0,,,,,,,
1221992,1,Complete,1221992,1221992,41.307846,-72.947948,3710197,New Haven,93,93,New Haven,11/26/2024,2024,11,November,26,3,Tuesday,16:24:00,16,24048035,A,"Injury of any type (Serious, Minor, Possible)",C,Possible Injury (C),1,3,0,4,Local,0.06,775,WINTHROP AV NO 2,WINTHROP AV NO 2,SCRANTON ST,,,,,41.307846,-72.947948,9,Pedestrian,88,Not Applicable,1,On Roadway,1,Clear,88,Not Applicable,1,Daylight,99,Unknown,99,Unknown,88,Not Applicable,88,Not Applicable,99,Unknown,88,Not Applicable,88,Not Applicable,2,Intersection,3,T-Intersection,1,No,1,No,88,Not Applicable,88,Not Applicable,88,Not Applicable,88,Not Applicable,TRUE,1,Public Road,1,"Trafficway, On Road",CT0009300,New Haven PD,40947,14:55.0,C,Closed,00:54.0,,2,3638,7,LOCAL - NEW HPMS,2,Urban