CrashId,Fatal Case Status,Fatal Case Status Text Format,CrashId,CrashId,Latitude,Longitude,DOT Case Number,Town Name,Town Number,Town Number,Town Number Text Format,Date Of Crash,Year,Month,Month Text Format,Day,Day of the Week,Day of the Week Text Format,Time of Crash,Hour of the Day,Case Identifier,Crash Severity,Crash Severity Text Format,Most Severe Injury,Most Severe Injury Text Format,Number Of Motor Vehicles,Number Of Non-Motorist,Number Of Witnesses,Route Class,Route Class Text Format,Milemarker,Road Number,Road Description,Roadway Name,Intersecting Roadway Name,Landmark Description,Distance From Nearest Landmark,Unit Of Measure From Nearest Landmark,Direction From Nearest Landmark,Latitude,Longitude,First Harmful Event,First Harmful Event Text Format,Manner of Crash / Collision Impact,Manner of Crash / Collision Impact Text Format,Location of First Harmful Event,Location of First Harmful Event Text Format,Weather Condition,Weather Condition Text Format,Weather 2,Weather 2 Text Format,Light Condition,Light Condition Text Format,Road Surface Condition,Road Surface Condition Text Format,"Contributing Circumstances, Environment","Contributing Circumstances, Environment Text Format",Environment 2,Environment 2 Text Format,Environment 3,Environment 3 Text Format,"Contributing Circumstances, Road","Contributing Circumstances, Road Text Format",Road 2,Road 2 Text Format,Road 3,Road 3 Text Format,Crash Specific Location,Crash Specific Location Text Format,Type of Intersection,Type of Intersection Text Format,School Bus Related,School Bus Related Text Format,Work Zone Related,Work Zone Related Text Format,Location Of Crash Relative To Work Zone,Location Of Crash Relative To Work Zone Text Format,Type of Work Zone,Type of Work Zone Text Format,Worker Presence,Worker Presence Text Format,Law Enforcement Presence,Law Enforcement Presence Text Format,Were Vehicles Moved Prior To Police Arrival,Trafficway Ownership,Trafficway Ownership Text Format,Trafficway Class,Trafficway Class Text Format,Police Agency,Police Agency Text Format,Badge Number,Approval Date,Police Case Status,Police Case Status Text Format,Crash Report Submission Date,Related Case Identifiers,No. of Through Lanes (Log Dir.),Average Daily Traffic,Functional Classification,Functional Classification Text Format,Rural or Urban,Rural or Urban Text Format
1225270,1,Complete,1225270,1225270,41.318306,-72.914556,3713475,New Haven,93,93,New Haven,12/7/2024,2024,12,December,7,7,Saturday,16:16:00,16,24049441,A,"Injury of any type (Serious, Minor, Possible)",C,Possible Injury (C),3,0,0,4,Local,0.7,450,ORANGE ST NO 1,ORANGE ST NO 1,,EDWARDS ST,40,Feet,N,41.318306,-72.914556,14,Motor Vehicle in Operation,2,Front to front,1,On Roadway,1,Clear,88,Not Applicable,1,Daylight,1,Dry,0,None,88,Not Applicable,88,Not Applicable,0,None,88,Not Applicable,88,Not Applicable,1,Non-Junction,1,Not at Intersection,1,No,1,No,88,Not Applicable,88,Not Applicable,88,Not Applicable,88,Not Applicable,FALSE,1,Public Road,1,"Trafficway, On Road",CT0009300,New Haven PD,40085,11:05.0,C,Closed,02:05.0,,,,,,,
1225272,1,Complete,1225272,1225272,41.313237,-72.921805,3713477,New Haven,93,93,New Haven,12/7/2024,2024,12,December,7,7,Saturday,17:12:00,17,24049455,A,"Injury of any type (Serious, Minor, Possible)",C,Possible Injury (C),2,0,0,4,Local,0.19,656,WHITNEY AV,WHITNEY AV,,TRUMBULL ST,30,Feet,N,41.313237,-72.921805,14,Motor Vehicle in Operation,1,Front to rear,1,On Roadway,1,Clear,88,Not Applicable,4,Dark-Lighted,1,Dry,0,None,88,Not Applicable,88,Not Applicable,0,None,88,Not Applicable,88,Not Applicable,3,Intersection-Related,2,Four-Way Intersection,1,No,1,No,88,Not Applicable,88,Not Applicable,88,Not Applicable,88,Not Applicable,FALSE,1,Public Road,1,"Trafficway, On Road",CT0009300,New Haven PD,42057,10:26.0,C,Closed,02:05.0,,,,,,,
1226039,1,Complete,1226039,1226039,41.309494,-72.899427,3714244,New Haven,93,93,New Haven,12/9/2024,2024,12,December,9,2,Monday,7:22:00,7,24049605,A,"Injury of any type (Serious, Minor, Possible)",C,Possible Injury (C),1,1,0,4,Local,0.44,57,BLATCHLEY AV,BLATCHLEY AV,,MONROE ST,130,Feet,S,41.309494,-72.899427,9,Pedestrian,88,Not Applicable,1,On Roadway,1,Clear,88,Not Applicable,1,Daylight,1,Dry,0,None,88,Not Applicable,88,Not Applicable,0,None,88,Not Applicable,88,Not Applicable,1,Non-Junction,1,Not at Intersection,1,No,1,No,88,Not Applicable,88,Not Applicable,88,Not Applicable,88,Not Applicable,FALSE,1,Public Road,1,"Trafficway, On Road",CT0009300,New Haven PD,42057,31:30.0,C,Closed,00:47.0,,,,,,,
1226044,1,Complete,1226044,1226044,41.326015,-72.95875,3714249,New Haven,93,93,New Haven,12/9/2024,2024,12,December,9,2,Monday,17:17:00,17,24049661,A,"Injury of any type (Serious, Minor, Possible)",C,Possible Injury (C),2,0,0,3,State,0.12,63,63-N,63-N,,W ROCK AV,89,Feet,W,41.326015,-72.95875,14,Motor Vehicle in Operation,3,Angle,1,On Roadway,4,Rain,88,Not Applicable,3,Dusk,2,Wet,0,None,88,Not Applicable,88,Not Applicable,0,None,88,Not Applicable,88,Not Applicable,3,Intersection-Related,3,T-Intersection,1,No,1,No,88,Not Applicable,88,Not Applicable,88,Not Applicable,88,Not Applicable,FALSE,1,Public Road,1,"Trafficway, On Road",CT0009300,New Haven PD,170,07:22.0,C,Closed,00:54.0,,,,,,,
1226045,1,Complete,1226045,1226045,41.313862,-72.903941,3714250,New Haven,93,93,New Haven,12/9/2024,2024,12,December,9,2,Monday,16:23:00,16,24049663,A,"Injury of any type (Serious, Minor, Possible)",C,Possible Injury (C),1,1,0,4,Local,0.17,327,JAMES ST,JAMES ST,,LOMBARD ST,80,Feet,S,41.313862,-72.903941,9,Pedestrian,88,Not Applicable,1,On Roadway,4,Rain,88,Not Applicable,1,Daylight,2,Wet,99,Unknown,88,Not Applicable,88,Not Applicable,0,None,88,Not Applicable,88,Not Applicable,1,Non-Junction,1,Not at Intersection,1,No,1,No,88,Not Applicable,88,Not Applicable,88,Not Applicable,88,Not Applicable,FALSE,1,Public Road,1,"Trafficway, On Road",CT0009300,New Haven PD,46627,45:57.0,C,Closed,00:53.0,,,,,,,
1226046,1,Complete,1226046,1226046,41.322017,-72.945342,3714251,New Haven,93,93,New Haven,12/9/2024,2024,12,December,9,2,Monday,14:42:00,14,24049664,A,"Injury of any type (Serious, Minor, Possible)",C,Possible Injury (C),2,0,0,4,Local,0.31,258,GOFFE TER,GOFFE TER,ELLSWORTH AVE,,,,,41.322017,-72.945342,14,Motor Vehicle in Operation,1,Front to rear,1,On Roadway,4,Rain,88,Not Applicable,1,Daylight,2,Wet,0,None,88,Not Applicable,88,Not Applicable,0,None,88,Not Applicable,88,Not Applicable,3,Intersection-Related,2,Four-Way Intersection,1,No,1,No,88,Not Applicable,88,Not Applicable,88,Not Applicable,88,Not Applicable,FALSE,1,Public Road,1,"Trafficway, On Road",CT0009300,New Haven PD,276,35:11.0,C,Closed,00:52.0,24049664,,,,,,
1226047,1,Complete,1226047,1226047,41.321122,-72.878108,3714252,New Haven,93,93,New Haven,12/9/2024,2024,12,December,9,2,Monday,14:05:00,14,24049667,A,"Injury of any type (Serious, Minor, Possible)",C,Possible Injury (C),2,0,0,,,,,,315 FOXON BLVD,,FOXON BLVD,386.6000061,Feet,N,41.321122,-72.878108,14,Motor Vehicle in Operation,2,Front to front,1,On Roadway,4,Rain,88,Not Applicable,3,Dusk,2,Wet,0,None,88,Not Applicable,88,Not Applicable,0,None,88,Not Applicable,88,Not Applicable,3,Intersection-Related,2,Four-Way Intersection,1,No,1,No,88,Not Applicable,88,Not Applicable,88,Not Applicable,88,Not Applicable,TRUE,2,Private Road,4,Parking Lot,CT0009300,New Haven PD,26,05:36.0,C,Closed,00:55.0,,,,,,,
1226048,1,Complete,1226048,1226048,41.30977,-72.9452,3714253,New Haven,93,93,New Haven,12/9/2024,2024,12,December,9,2,Monday,16:54:00,16,24049670,A,"Injury of any type (Serious, Minor, Possible)",C,Possible Injury (C),2,0,0,4,Local,0.28,556,SHERMAN AV,SHERMAN AV,GEORGE ST,,,,,41.30977,-72.9452,14,Motor Vehicle in Operation,1,Front to rear,1,On Roadway,4,Rain,88,Not Applicable,4,Dark-Lighted,2,Wet,0,None,88,Not Applicable,88,Not Applicable,0,None,88,Not Applicable,88,Not Applicable,2,Intersection,2,Four-Way Intersection,1,No,1,No,88,Not Applicable,88,Not Applicable,88,Not Applicable,88,Not Applicable,FALSE,1,Public Road,1,"Trafficway, On Road",CT0009300,New Haven PD,11439,26:45.0,C,Closed,00:49.0,,,,,,,
1226523,1,Complete,1226523,1226523,41.286873,-72.893011,3714728,New Haven,93,93,New Haven,12/9/2024,2024,12,December,9,2,Monday,22:43:00,22,24049706,A,"Injury of any type (Serious, Minor, Possible)",C,Possible Injury (C),2,0,1,3,State,0.2,337,337-E,337-E,JOHN ST,,,,,41.286873,-72.893011,14,Motor Vehicle in Operation,1,Front to rear,1,On Roadway,4,Rain,88,Not Applicable,4,Dark-Lighted,2,Wet,0,None,88,Not Applicable,88,Not Applicable,0,None,88,Not Applicable,88,Not Applicable,2,Intersection,3,T-Intersection,1,No,1,No,88,Not Applicable,88,Not Applicable,88,Not Applicable,88,Not Applicable,FALSE,1,Public Road,1,"Trafficway, On Road",CT0009300,New Haven PD,45388,40:24.0,C,Closed,00:44.0,,,,,,,
1226925,1,Complete,1226925,1226925,41.32058228,-72.9700524,3715130,New Haven,93,93,New Haven,12/11/2024,2024,12,December,11,4,Wednesday,9:11:00,9,24049862,A,"Injury of any type (Serious, Minor, Possible)",C,Possible Injury (C),2,0,0,3,State,2.9,122,122-N,122-N,,EDGEWOOD WAY,75,Feet,N,41.32058228,-72.9700524,14,Motor Vehicle in Operation,1,Front to rear,1,On Roadway,4,Rain,88,Not Applicable,1,Daylight,2,Wet,1,Weather Conditions,88,Not Applicable,88,Not Applicable,0,None,88,Not Applicable,88,Not Applicable,3,Intersection-Related,2,Four-Way Intersection,1,No,1,No,88,Not Applicable,88,Not Applicable,88,Not Applicable,88,Not Applicable,FALSE,1,Public Road,1,"Trafficway, On Road",CT0009300,New Haven PD,44062,25:35.0,C,Closed,00:21.0,,,,,,,
1226927,1,Complete,1226927,1226927,41.32211386,-72.95323484,3715132,New Haven,93,93,New Haven,11/23/2024,2024,11,November,23,7,Saturday,14:47:00,14,24049877,A,"Injury of any type (Serious, Minor, Possible)",C,Possible Injury (C),2,0,0,3,State,3.34,10,10-N,10-N,,OSBORN AVE,20,Feet,S,41.32211386,-72.95323484,14,Motor Vehicle in Operation,1,Front to rear,1,On Roadway,99,Unknown,88,Not Applicable,1,Daylight,99,Unknown,99,Unknown,88,Not Applicable,88,Not Applicable,99,Unknown,88,Not Applicable,88,Not Applicable,3,Intersection-Related,3,T-Intersection,1,No,99,Unknown,99,Unknown,99,Unknown,99,Unknown,99,Unknown,TRUE,1,Public Road,1,"Trafficway, On Road",CT0009300,New Haven PD,359,35:11.0,C,Closed,00:22.0,,,,,,,
1227207,1,Complete,1227207,1227207,41.305909,-72.946981,3715412,New Haven,93,93,New Haven,11/30/2024,2024,11,November,30,7,Saturday,20:30:00,20,24048525,A,"Injury of any type (Serious, Minor, Possible)",B,Suspected Minor Injury (B),2,0,0,4,Local,0.29,360,LEGION AV-RT 34,LEGION AV-RT 34,Sherman Ave ,,,,,41.305909,-72.946981,14,Motor Vehicle in Operation,4,"Sideswipe, same direction",1,On Roadway,1,Clear,88,Not Applicable,4,Dark-Lighted,1,Dry,0,None,88,Not Applicable,88,Not Applicable,0,None,88,Not Applicable,88,Not Applicable,2,Intersection,2,Four-Way Intersection,1,No,1,No,88,Not Applicable,88,Not Applicable,88,Not Applicable,88,Not Applicable,FALSE,1,Public Road,1,"Trafficway, On Road",CT0009300,New Haven PD,45400,50:18.0,C,Closed,00:56.0,,,,,,,
1227209,1,Complete,1227209,1227209,41.303705,-72.902495,3715414,New Haven,93,93,New Haven,12/6/2024,2024,12,December,6,6,Friday,20:42:00,20,24049362,A,"Injury of any type (Serious, Minor, Possible)",C,Possible Injury (C),2,0,0,4,Local,0.51,97,CHAPEL ST,CHAPEL ST,JAMES ST,,,,,41.303705,-72.902495,14,Motor Vehicle in Operation,5,"Sideswipe, opposite direction",1,On Roadway,1,Clear,88,Not Applicable,4,Dark-Lighted,1,Dry,0,None,88,Not Applicable,88,Not Applicable,0,None,88,Not Applicable,88,Not Applicable,2,Intersection,2,Four-Way Intersection,1,No,1,No,88,Not Applicable,88,Not Applicable,88,Not Applicable,88,Not Applicable,TRUE,1,Public Road,1,"Trafficway, On Road",CT0009300,New Haven PD,40788,05:27.0,C,Closed,00:52.0,,,,,,,
1227211,1,Complete,1227211,1227211,41.316661,-72.929354,3715416,New Haven,93,93,New Haven,12/9/2024,2024,12,December,9,2,Monday,14:00:00,14,24049651,A,"Injury of any type (Serious, Minor, Possible)",C,Possible Injury (C),2,0,0,4,Local,0.21,716,FRANCES HUNTER DR,FRANCES HUNTER DR,ASHMUN ST NO 2,,,,,41.316661,-72.929354,14,Motor Vehicle in Operation,3,Angle,1,On Roadway,4,Rain,88,Not Applicable,1,Daylight,2,Wet,0,None,88,Not Applicable,88,Not Applicable,0,None,88,Not Applicable,88,Not Applicable,2,Intersection,3,T-Intersection,1,No,1,No,88,Not Applicable,88,Not Applicable,88,Not Applicable,88,Not Applicable,TRUE,1,Public Road,1,"Trafficway, On Road",CT0009300,New Haven PD,23,33:34.0,C,Closed,00:47.0,,,,,,,
1227212,1,Complete,1227212,1227212,41.304386,-72.92867,3715417,New Haven,93,93,New Haven,12/11/2024,2024,12,December,11,4,Wednesday,10:57:00,10,24049876,A,"Injury of any type (Serious, Minor, Possible)",C,Possible Injury (C),2,0,0,4,Local,0.75,588,TEMPLE ST,TEMPLE ST,GEORGE ST,,,,,41.304386,-72.92867,14,Motor Vehicle in Operation,3,Angle,1,On Roadway,4,Rain,4,Rain,1,Daylight,2,Wet,0,None,88,Not Applicable,88,Not Applicable,0,None,88,Not Applicable,88,Not Applicable,2,Intersection,2,Four-Way Intersection,1,No,1,No,88,Not Applicable,88,Not Applicable,88,Not Applicable,88,Not Applicable,FALSE,1,Public Road,1,"Trafficway, On Road",CT0009300,New Haven PD,42046,06:51.0,C,Closed,00:49.0,,,,,,,
1227213,1,Complete,1227213,1227213,41.316415,-72.942461,3715418,New Haven,93,93,New Haven,12/11/2024,2024,12,December,11,4,Wednesday,11:55:00,11,24049881,A,"Injury of any type (Serious, Minor, Possible)",C,Possible Injury (C),2,0,0,4,Local,0.75,556,SHERMAN AV,SHERMAN AV,,SHERMAN AVE,47,Feet,S,41.316415,-72.942461,14,Motor Vehicle in Operation,1,Front to rear,1,On Roadway,4,Rain,88,Not Applicable,1,Daylight,2,Wet,0,None,88,Not Applicable,88,Not Applicable,0,None,88,Not Applicable,88,Not Applicable,3,Intersection-Related,2,Four-Way Intersection,1,No,1,No,88,Not Applicable,88,Not Applicable,88,Not Applicable,88,Not Applicable,FALSE,1,Public Road,1,"Trafficway, On Road",CT0009300,New Haven PD,91,15:48.0,C,Closed,00:46.0,,,,,,,
1227215,1,Complete,1227215,1227215,41.297453,-72.949291,3715420,New Haven,93,93,New Haven,12/11/2024,2024,12,December,11,4,Wednesday,19:00:00,19,24049944,A,"Injury of any type (Serious, Minor, Possible)",C,Possible Injury (C),2,0,0,2,USRoute,46.62,1,1-N,1-N,,ELLA T GRASSO BLVD,60,Feet,W,41.297453,-72.949291,14,Motor Vehicle in Operation,3,Angle,1,On Roadway,4,Rain,88,Not Applicable,4,Dark-Lighted,2,Wet,99,Unknown,88,Not Applicable,88,Not Applicable,99,Unknown,88,Not Applicable,88,Not Applicable,3,Intersection-Related,2,Four-Way Intersection,1,No,1,No,88,Not Applicable,88,Not Applicable,88,Not Applicable,88,Not Applicable,TRUE,1,Public Road,1,"Trafficway, On Road",CT0009300,New Haven PD,47005,46:26.0,C,Closed,00:56.0,,,,,,,
1227216,1,Complete,1227216,1227216,41.314535,-72.936347,3715421,New Haven,93,93,New Haven,12/11/2024,2024,12,December,11,4,Wednesday,20:54:00,20,24049949,A,"Injury of any type (Serious, Minor, Possible)",B,Suspected Minor Injury (B),2,0,0,4,Local,0.72,653,WHALLEY AV,WHALLEY AV,,SPERRY ST,150,Feet,W,41.314535,-72.936347,14,Motor Vehicle in Operation,3,Angle,1,On Roadway,4,Rain,88,Not Applicable,4,Dark-Lighted,2,Wet,0,None,88,Not Applicable,88,Not Applicable,0,None,88,Not Applicable,88,Not Applicable,9,Driveway Access-Related,1,Not at Intersection,1,No,1,No,88,Not Applicable,88,Not Applicable,88,Not Applicable,88,Not Applicable,TRUE,1,Public Road,1,"Trafficway, On Road",CT0009300,New Haven PD,44175,21:03.0,C,Closed,00:44.0,,,,,,,
1227221,1,Complete,1227221,1227221,41.315945,-72.940792,3715426,New Haven,93,93,New Haven,12/12/2024,2024,12,December,12,5,Thursday,8:52:00,8,24049979,A,"Injury of any type (Serious, Minor, Possible)",A,Suspected Serious Injury (A),1,1,0,,,,,,240 WHALLEY AVE,,Orchard St,445,Feet,W,41.315945,-72.940792,10,Pedalcycle/Pedalcyclist,97,Other,4,Roadside,1,Clear,88,Not Applicable,1,Daylight,1,Dry,0,None,88,Not Applicable,88,Not Applicable,0,None,88,Not Applicable,88,Not Applicable,8,Driveway Access,1,Not at Intersection,1,No,1,No,88,Not Applicable,88,Not Applicable,88,Not Applicable,88,Not Applicable,FALSE,88,Not Applicable,4,Parking Lot,CT0009300,New Haven PD,44045,00:50.0,O,Open,00:51.0,,,,,,,
1227628,1,Complete,1227628,1227628,41.311654,-72.874972,3715833,New Haven,93,93,New Haven,11/4/2024,2024,11,November,4,2,Monday,10:59:00,10,24045078,A,"Injury of any type (Serious, Minor, Possible)",C,Possible Injury (C),2,0,0,4,Local,0.18,535,RUSSELL ST,RUSSELL ST,,WOODHILL RD,27,Feet,N,41.311654,-72.874972,14,Motor Vehicle in Operation,3,Angle,1,On Roadway,1,Clear,88,Not Applicable,1,Daylight,1,Dry,0,None,88,Not Applicable,88,Not Applicable,0,None,88,Not Applicable,88,Not Applicable,9,Driveway Access-Related,1,Not at Intersection,1,No,1,No,88,Not Applicable,88,Not Applicable,88,Not Applicable,88,Not Applicable,FALSE,1,Public Road,1,"Trafficway, On Road",CT0009300,New Haven PD,45401,53:16.0,C,Closed,01:16.0,,,,,,,
1227629,1,Complete,1227629,1227629,41.307389,-72.9192317,3715834,New Haven,93,93,New Haven,11/10/2024,2024,11,November,10,1,Sunday,13:51:00,13,24045866,A,"Injury of any type (Serious, Minor, Possible)",C,Possible Injury (C),2,0,0,4,Local,1.75,264,GRAND AV,GRAND AV,OLIVE ST,,,,,41.307389,-72.9192317,14,Motor Vehicle in Operation,3,Angle,1,On Roadway,1,Clear,88,Not Applicable,1,Daylight,1,Dry,0,None,88,Not Applicable,88,Not Applicable,0,None,88,Not Applicable,88,Not Applicable,2,Intersection,2,Four-Way Intersection,1,No,1,No,88,Not Applicable,88,Not Applicable,88,Not Applicable,88,Not Applicable,TRUE,1,Public Road,1,"Trafficway, On Road",CT0009300,New Haven PD,469,11:54.0,C,Closed,01:10.0,,,,,,,
1227636,1,Complete,1227636,1227636,41.324924,-72.952412,3715841,New Haven,93,93,New Haven,12/8/2024,2024,12,December,8,1,Sunday,18:44:00,18,24049561,A,"Injury of any type (Serious, Minor, Possible)",B,Suspected Minor Injury (B),2,0,0,4,Local,0.37,56,BLAKE ST,BLAKE ST,,JEWEL STREET,400,Feet,S,41.324924,-72.952412,14,Motor Vehicle in Operation,1,Front to rear,2,Shoulder,1,Clear,88,Not Applicable,4,Dark-Lighted,1,Dry,0,None,88,Not Applicable,88,Not Applicable,0,None,88,Not Applicable,88,Not Applicable,1,Non-Junction,1,Not at Intersection,1,No,1,No,88,Not Applicable,88,Not Applicable,88,Not Applicable,88,Not Applicable,FALSE,1,Public Road,1,"Trafficway, On Road",CT0009300,New Haven PD,45398,16:52.0,C,Closed,01:09.0,,,,,,,
1227637,1,Complete,1227637,1227637,41.30687642,-72.94254258,3715842,New Haven,93,93,New Haven,12/10/2024,2024,12,December,10,3,Tuesday,1:35:00,1,24049716,A,"Injury of any type (Serious, Minor, Possible)",C,Possible Injury (C),1,1,0,4,Local,1.02,809,REV DR MLK JR BLVD,REV DR MLK JR BLVD,ORCHARD ST,,,,,41.30687642,-72.94254258,9,Pedestrian,88,Not Applicable,1,On Roadway,4,Rain,88,Not Applicable,4,Dark-Lighted,2,Wet,0,None,88,Not Applicable,88,Not Applicable,0,None,88,Not Applicable,88,Not Applicable,2,Intersection,2,Four-Way Intersection,1,No,1,No,88,Not Applicable,88,Not Applicable,88,Not Applicable,88,Not Applicable,FALSE,1,Public Road,1,"Trafficway, On Road",CT0009300,New Haven PD,45395,42:53.0,C,Closed,01:18.0,,,,,,,
1227644,1,Complete,1227644,1227644,41.31770977,-72.93757079,3715849,New Haven,93,93,New Haven,12/13/2024,2024,12,December,13,6,Friday,7:48:00,7,24050159,A,"Injury of any type (Serious, Minor, Possible)",C,Possible Injury (C),2,0,0,4,Local,0.28,257,GOFFE ST,GOFFE ST,,ORCHARD ST,30,Feet,S,41.31770977,-72.93757079,14,Motor Vehicle in Operation,1,Front to rear,1,On Roadway,1,Clear,88,Not Applicable,1,Daylight,1,Dry,0,None,88,Not Applicable,88,Not Applicable,0,None,88,Not Applicable,88,Not Applicable,3,Intersection-Related,2,Four-Way Intersection,1,No,1,No,88,Not Applicable,88,Not Applicable,88,Not Applicable,88,Not Applicable,FALSE,1,Public Road,1,"Trafficway, On Road",CT0009300,New Haven PD,332,50:53.0,C,Closed,01:23.0,,,,,,,
1227646,1,Complete,1227646,1227646,41.325488,-72.947313,3715851,New Haven,93,93,New Haven,12/13/2024,2024,12,December,13,6,Friday,12:14:00,12,24050186,A,"Injury of any type (Serious, Minor, Possible)",C,Possible Injury (C),2,0,0,4,Local,0.45,,ELLA T GRASSO BLVD NO 2,ELLA T GRASSO BLVD NO 2,GLEN RD,,,,,41.325488,-72.947313,14,Motor Vehicle in Operation,3,Angle,1,On Roadway,1,Clear,88,Not Applicable,1,Daylight,1,Dry,0,None,88,Not Applicable,88,Not Applicable,0,None,88,Not Applicable,88,Not Applicable,2,Intersection,2,Four-Way Intersection,1,No,1,No,88,Not Applicable,88,Not Applicable,88,Not Applicable,88,Not Applicable,FALSE,1,Public Road,1,"Trafficway, On Road",CT0009300,New Haven PD,44947,10:38.0,C,Closed,01:20.0,,,,,,,
1227650,1,Complete,1227650,1227650,41.324082,-72.881789,3715855,New Haven,93,93,New Haven,12/13/2024,2024,12,December,13,6,Friday,19:37:00,19,24050206,A,"Injury of any type (Serious, Minor, Possible)",C,Possible Injury (C),2,0,0,3,State,0.2,17,17-S,17-S,,RT 80,80,Feet,W,41.324082,-72.881789,14,Motor Vehicle in Operation,1,Front to rear,1,On Roadway,1,Clear,88,Not Applicable,4,Dark-Lighted,1,Dry,3,Glare,88,Not Applicable,88,Not Applicable,3,Backup Due to Regular Congestion,88,Not Applicable,88,Not Applicable,2,Intersection,3,T-Intersection,1,No,1,No,88,Not Applicable,88,Not Applicable,88,Not Applicable,88,Not Applicable,TRUE,1,Public Road,1,"Trafficway, On Road",CT0009300,New Haven PD,409,48:00.0,C,Closed,01:29.0,,,,,,,
1227654,1,Complete,1227654,1227654,41.310343,-72.9401,3715859,New Haven,93,93,New Haven,12/13/2024,2024,12,December,13,6,Friday,16:22:00,16,24050227,A,"Injury of any type (Serious, Minor, Possible)",C,Possible Injury (C),2,0,0,4,Local,2.57,97,CHAPEL ST,CHAPEL ST,,KENSINGTON ST,40,Feet,E,41.310343,-72.9401,14,Motor Vehicle in Operation,4,"Sideswipe, same direction",1,On Roadway,1,Clear,88,Not Applicable,1,Daylight,1,Dry,0,None,88,Not Applicable,88,Not Applicable,0,None,88,Not Applicable,88,Not Applicable,3,Intersection-Related,3,T-Intersection,1,No,1,No,88,Not Applicable,88,Not Applicable,88,Not Applicable,88,Not Applicable,FALSE,1,Public Road,1,"Trafficway, On Road",CT0009300,New Haven PD,11439,56:39.0,O,Open,01:25.0,,,,,,,
1227664,1,Complete,1227664,1227664,41.29162895,-72.89108327,3715869,New Haven,93,93,New Haven,12/14/2024,2024,12,December,14,7,Saturday,16:39:00,16,24050330,A,"Injury of any type (Serious, Minor, Possible)",A,Suspected Serious Injury (A),1,0,0,4,Local,0.36,76,BURWELL ST,BURWELL ST,CHESTER ST,,,,,41.29162895,-72.89108327,32,Tree (standing),88,Not Applicable,4,Roadside,1,Clear,88,Not Applicable,1,Daylight,1,Dry,0,None,88,Not Applicable,88,Not Applicable,0,None,88,Not Applicable,88,Not Applicable,2,Intersection,3,T-Intersection,1,No,1,No,88,Not Applicable,88,Not Applicable,88,Not Applicable,88,Not Applicable,FALSE,1,Public Road,1,"Trafficway, On Road",CT0009300,New Haven PD,409,02:36.0,C,Closed,01:34.0,,,,,,,
1227666,1,Complete,1227666,1227666,41.30374556,-72.93170039,3715871,New Haven,93,93,New Haven,12/14/2024,2024,12,December,14,7,Saturday,21:47:00,21,24050360,A,"Injury of any type (Serious, Minor, Possible)",C,Possible Injury (C),2,0,0,4,Local,0.07,564,SOUTH FRONTAGE RD,SOUTH FRONTAGE RD,,College St,30,Feet,N,41.30374556,-72.93170039,14,Motor Vehicle in Operation,1,Front to rear,1,On Roadway,1,Clear,88,Not Applicable,4,Dark-Lighted,1,Dry,0,None,88,Not Applicable,88,Not Applicable,0,None,88,Not Applicable,88,Not Applicable,3,Intersection-Related,2,Four-Way Intersection,1,No,1,No,88,Not Applicable,88,Not Applicable,88,Not Applicable,88,Not Applicable,FALSE,1,Public Road,1,"Trafficway, On Road",CT0009300,New Haven PD,44339,59:44.0,C,Closed,01:36.0,,,,,,,
1228433,1,Complete,1228433,1228433,41.315381,-72.947104,3716638,New Haven,93,93,New Haven,12/15/2024,2024,12,December,15,1,Sunday,22:57:00,22,24050432,A,"Injury of any type (Serious, Minor, Possible)",C,Possible Injury (C),2,0,0,4,Local,0.35,439,NORTON ST,NORTON ST,MAPLE ST,,,,,41.315381,-72.947104,14,Motor Vehicle in Operation,3,Angle,1,On Roadway,1,Clear,88,Not Applicable,4,Dark-Lighted,1,Dry,0,None,88,Not Applicable,88,Not Applicable,0,None,88,Not Applicable,88,Not Applicable,2,Intersection,2,Four-Way Intersection,1,No,1,No,88,Not Applicable,88,Not Applicable,88,Not Applicable,88,Not Applicable,FALSE,1,Public Road,1,"Trafficway, On Road",CT0009300,New Haven PD,44175,54:27.0,C,Closed,00:40.0,,,,,,,
1228435,1,Complete,1228435,1228435,41.311635,-72.903707,3716640,New Haven,93,93,New Haven,12/16/2024,2024,12,December,16,2,Monday,5:42:00,5,24050452,A,"Injury of any type (Serious, Minor, Possible)",C,Possible Injury (C),1,0,0,4,Local,0.33,327,JAMES ST,JAMES ST,,CASTLE ST,100,Feet,S,41.311635,-72.903707,34,Traffic Sign Support,88,Not Applicable,4,Roadside,5,Sleet or Hail ,88,Not Applicable,4,Dark-Lighted,4,Slush,1,Weather Conditions,88,Not Applicable,88,Not Applicable,5,"Road Surface Condition (wet, icy, snow, slush, etc.)",88,Not Applicable,88,Not Applicable,1,Non-Junction,1,Not at Intersection,1,No,1,No,88,Not Applicable,88,Not Applicable,88,Not Applicable,88,Not Applicable,FALSE,1,Public Road,1,"Trafficway, On Road",CT0009300,New Haven PD,42055,41:48.0,C,Closed,00:42.0,,,,,,,