CrashId,Fatal Case Status,Fatal Case Status Text Format,CrashId,CrashId,Latitude,Longitude,DOT Case Number,Town Name,Town Number,Town Number,Town Number Text Format,Date Of Crash,Year,Month,Month Text Format,Day,Day of the Week,Day of the Week Text Format,Time of Crash,Hour of the Day,Case Identifier,Crash Severity,Crash Severity Text Format,Most Severe Injury,Most Severe Injury Text Format,Number Of Motor Vehicles,Number Of Non-Motorist,Number Of Witnesses,Route Class,Route Class Text Format,Milemarker,Road Number,Road Description,Roadway Name,Intersecting Roadway Name,Landmark Description,Distance From Nearest Landmark,Unit Of Measure From Nearest Landmark,Direction From Nearest Landmark,Latitude,Longitude,First Harmful Event,First Harmful Event Text Format,Manner of Crash / Collision Impact,Manner of Crash / Collision Impact Text Format,Location of First Harmful Event,Location of First Harmful Event Text Format,Weather Condition,Weather Condition Text Format,Weather 2,Weather 2 Text Format,Light Condition,Light Condition Text Format,Road Surface Condition,Road Surface Condition Text Format,"Contributing Circumstances, Environment","Contributing Circumstances, Environment Text Format",Environment 2,Environment 2 Text Format,Environment 3,Environment 3 Text Format,"Contributing Circumstances, Road","Contributing Circumstances, Road Text Format",Road 2,Road 2 Text Format,Road 3,Road 3 Text Format,Crash Specific Location,Crash Specific Location Text Format,Type of Intersection,Type of Intersection Text Format,School Bus Related,School Bus Related Text Format,Work Zone Related,Work Zone Related Text Format,Location Of Crash Relative To Work Zone,Location Of Crash Relative To Work Zone Text Format,Type of Work Zone,Type of Work Zone Text Format,Worker Presence,Worker Presence Text Format,Law Enforcement Presence,Law Enforcement Presence Text Format,Were Vehicles Moved Prior To Police Arrival,Trafficway Ownership,Trafficway Ownership Text Format,Trafficway Class,Trafficway Class Text Format,Police Agency,Police Agency Text Format,Badge Number,Approval Date,Police Case Status,Police Case Status Text Format,Crash Report Submission Date,Related Case Identifiers,No. of Through Lanes (Log Dir.),Average Daily Traffic,Functional Classification,Functional Classification Text Format,Rural or Urban,Rural or Urban Text Format
1235078,1,Complete,1235078,1235078,41.297722,-72.949027,3723283,New Haven,93,93,New Haven,1/6/2025,2025,1,January,6,2,Monday,19:37:00,19,25000797,A,"Injury of any type (Serious, Minor, Possible)",B,Suspected Minor Injury (B),2,0,0,3,State,1.49,10,10-N,10-N,,COLUMBUS AVE,60,Feet,N,41.297722,-72.949027,14,Motor Vehicle in Operation,3,Angle,1,On Roadway,1,Clear,88,Not Applicable,5,Dark-Not Lighted,1,Dry,0,None,88,Not Applicable,88,Not Applicable,0,None,88,Not Applicable,88,Not Applicable,1,Non-Junction,1,Not at Intersection,1,No,1,No,88,Not Applicable,88,Not Applicable,88,Not Applicable,88,Not Applicable,FALSE,1,Public Road,1,"Trafficway, On Road",CT0009300,New Haven PD,45394,14:26.0,O,Open,00:50.0,,,,,,,
1235491,1,Complete,1235491,1235491,41.306027,-72.929675,3723696,New Haven,93,93,New Haven,1/7/2025,2025,1,January,7,3,Tuesday,7:02:00,7,25000828,A,"Injury of any type (Serious, Minor, Possible)",C,Possible Injury (C),2,0,0,4,Local,0.44,117,COLLEGE ST,COLLEGE ST,CROWN ST,,,,,41.306027,-72.929675,14,Motor Vehicle in Operation,5,"Sideswipe, opposite direction",1,On Roadway,1,Clear,88,Not Applicable,1,Daylight,1,Dry,0,None,88,Not Applicable,88,Not Applicable,0,None,88,Not Applicable,88,Not Applicable,2,Intersection,2,Four-Way Intersection,1,No,1,No,88,Not Applicable,88,Not Applicable,88,Not Applicable,88,Not Applicable,FALSE,1,Public Road,1,"Trafficway, On Road",CT0009300,New Haven PD,40800,35:08.0,C,Closed,01:23.0,,,,,,,
1235492,1,Complete,1235492,1235492,41.309472,-72.92721,3723697,New Haven,93,93,New Haven,1/7/2025,2025,1,January,7,3,Tuesday,7:24:00,7,25000834,A,"Injury of any type (Serious, Minor, Possible)",C,Possible Injury (C),1,1,0,4,Local,0.38,726,ELM ST NO 2,ELM ST NO 2,COLLEGE ST,,,,,41.309472,-72.92721,14,Motor Vehicle in Operation,4,"Sideswipe, same direction",1,On Roadway,1,Clear,88,Not Applicable,1,Daylight,1,Dry,0,None,88,Not Applicable,88,Not Applicable,0,None,88,Not Applicable,88,Not Applicable,2,Intersection,2,Four-Way Intersection,1,No,1,No,88,Not Applicable,88,Not Applicable,88,Not Applicable,88,Not Applicable,FALSE,1,Public Road,1,"Trafficway, On Road",CT0009300,New Haven PD,106,25:27.0,C,Closed,01:22.0,,,,,,,
1235496,1,Complete,1235496,1235496,41.30348,-72.89397,3723701,New Haven,93,93,New Haven,1/7/2025,2025,1,January,7,3,Tuesday,15:14:00,15,25000875,A,"Injury of any type (Serious, Minor, Possible)",C,Possible Injury (C),2,0,0,4,Local,0,514,RIVER ST,RIVER ST,FERRY ST,,,,,41.30348,-72.89397,14,Motor Vehicle in Operation,1,Front to rear,1,On Roadway,1,Clear,88,Not Applicable,1,Daylight,1,Dry,0,None,88,Not Applicable,88,Not Applicable,0,None,88,Not Applicable,88,Not Applicable,2,Intersection,3,T-Intersection,2,"Yes, School Bus Directly Involved",1,No,88,Not Applicable,88,Not Applicable,88,Not Applicable,88,Not Applicable,FALSE,1,Public Road,1,"Trafficway, On Road",CT0009300,New Haven PD,40788,56:09.0,C,Closed,01:26.0,,,,,,,
1235955,1,Complete,1235955,1235955,41.296071,-72.928077,3724160,New Haven,93,93,New Haven,1/6/2025,2025,1,January,6,2,Monday,13:09:00,13,25000705,A,"Injury of any type (Serious, Minor, Possible)",C,Possible Injury (C),3,0,0,4,Local,0.43,759,CHURCH ST SOUTH NO 2,CHURCH ST SOUTH NO 2,,UNION AVE,80,Feet,E,41.296071,-72.928077,14,Motor Vehicle in Operation,1,Front to rear,1,On Roadway,7,Snow,7,Snow,1,Daylight,3,Snow,1,Weather Conditions,88,Not Applicable,88,Not Applicable,5,"Road Surface Condition (wet, icy, snow, slush, etc.)",88,Not Applicable,88,Not Applicable,3,Intersection-Related,2,Four-Way Intersection,1,No,1,No,88,Not Applicable,88,Not Applicable,88,Not Applicable,88,Not Applicable,FALSE,1,Public Road,1,"Trafficway, On Road",CT0009300,New Haven PD,44062,48:41.0,C,Closed,01:01.0,,,,,,,
1235957,1,Complete,1235957,1235957,41.284456,-72.934724,3724162,New Haven,93,93,New Haven,1/7/2025,2025,1,January,7,3,Tuesday,14:41:00,14,25000888,A,"Injury of any type (Serious, Minor, Possible)",C,Possible Injury (C),2,0,0,3,State,0.31,10,10-N,10-N,EXIT 44 (95-S-368),,,,,41.284456,-72.934724,14,Motor Vehicle in Operation,3,Angle,1,On Roadway,1,Clear,88,Not Applicable,1,Daylight,1,Dry,3,Glare,88,Not Applicable,88,Not Applicable,0,None,88,Not Applicable,88,Not Applicable,2,Intersection,2,Four-Way Intersection,1,No,1,No,88,Not Applicable,88,Not Applicable,88,Not Applicable,88,Not Applicable,FALSE,1,Public Road,1,"Trafficway, On Road",CT0009300,New Haven PD,268,29:46.0,C,Closed,01:00.0,,,,,,,
1235961,1,Complete,1235961,1235961,41.3162026,-72.94257415,3724166,New Haven,93,93,New Haven,1/8/2025,2025,1,January,8,4,Wednesday,8:04:00,8,25000955,A,"Injury of any type (Serious, Minor, Possible)",C,Possible Injury (C),3,0,0,4,Local,0.74,556,SHERMAN AV,SHERMAN AV,,WHALLEY AVE,120,Feet,S,41.3162026,-72.94257415,14,Motor Vehicle in Operation,4,"Sideswipe, same direction",1,On Roadway,1,Clear,88,Not Applicable,1,Daylight,1,Dry,0,None,88,Not Applicable,88,Not Applicable,0,None,88,Not Applicable,88,Not Applicable,1,Non-Junction,1,Not at Intersection,1,No,1,No,88,Not Applicable,88,Not Applicable,88,Not Applicable,88,Not Applicable,FALSE,1,Public Road,1,"Trafficway, On Road",CT0009300,New Haven PD,238,31:36.0,C,Closed,01:06.0,,,,,,,
1235965,1,Complete,1235965,1235965,41.306856,-72.936938,3724170,New Haven,93,93,New Haven,1/8/2025,2025,1,January,8,4,Wednesday,14:36:00,14,25001035,A,"Injury of any type (Serious, Minor, Possible)",C,Possible Injury (C),2,0,0,4,Local,0.62,809,REV DR MLK JR BLVD,REV DR MLK JR BLVD,,HOWE ST,70,Feet,E,41.306856,-72.936938,14,Motor Vehicle in Operation,1,Front to rear,1,On Roadway,1,Clear,88,Not Applicable,1,Daylight,1,Dry,0,None,88,Not Applicable,88,Not Applicable,0,None,88,Not Applicable,88,Not Applicable,3,Intersection-Related,2,Four-Way Intersection,1,No,1,No,88,Not Applicable,88,Not Applicable,88,Not Applicable,88,Not Applicable,TRUE,1,Public Road,1,"Trafficway, On Road",CT0009300,New Haven PD,39,44:06.0,C,Closed,01:07.0,,,,,,,
1236306,1,Complete,1236306,1236306,41.307038,-72.900731,3724511,New Haven,93,93,New Haven,1/8/2025,2025,1,January,8,4,Wednesday,18:58:00,18,25001031,A,"Injury of any type (Serious, Minor, Possible)",C,Possible Injury (C),2,0,0,4,Local,0.23,377,LLOYD ST,LLOYD ST,EXCHANGE ST,,,,,41.307038,-72.900731,14,Motor Vehicle in Operation,3,Angle,1,On Roadway,1,Clear,88,Not Applicable,4,Dark-Lighted,1,Dry,0,None,88,Not Applicable,88,Not Applicable,0,None,88,Not Applicable,88,Not Applicable,2,Intersection,2,Four-Way Intersection,1,No,1,No,88,Not Applicable,88,Not Applicable,88,Not Applicable,88,Not Applicable,FALSE,1,Public Road,1,"Trafficway, On Road",CT0009300,New Haven PD,44176,41:12.0,C,Closed,01:02.0,,,,,,,
1236313,1,Complete,1236313,1236313,41.303726,-72.931666,3724518,New Haven,93,93,New Haven,1/9/2025,2025,1,January,9,5,Thursday,15:55:00,15,25001199,A,"Injury of any type (Serious, Minor, Possible)",C,Possible Injury (C),2,0,0,4,Local,0.33,564,SOUTH FRONTAGE RD,SOUTH FRONTAGE RD,,COLLEGE ST,50,Feet,W,41.303726,-72.931666,14,Motor Vehicle in Operation,1,Front to rear,1,On Roadway,1,Clear,88,Not Applicable,1,Daylight,1,Dry,0,None,88,Not Applicable,88,Not Applicable,0,None,88,Not Applicable,88,Not Applicable,3,Intersection-Related,2,Four-Way Intersection,1,No,1,No,88,Not Applicable,88,Not Applicable,88,Not Applicable,88,Not Applicable,TRUE,1,Public Road,1,"Trafficway, On Road",CT0009300,New Haven PD,476,46:24.0,C,Closed,00:57.0,,,,,,,
1236734,1,Complete,1236734,1236734,41.33059,-72.944853,3724939,New Haven,93,93,New Haven,1/25/2024,2024,1,January,25,5,Thursday,17:15:00,17,24003590,A,"Injury of any type (Serious, Minor, Possible)",C,Possible Injury (C),2,0,0,4,Local,0.78,133,CRESCENT ST,CRESCENT ST,,ROGER WHITE DR,35,Feet,N,41.33059,-72.944853,14,Motor Vehicle in Operation,1,Front to rear,1,On Roadway,1,Clear,88,Not Applicable,4,Dark-Lighted,1,Dry,0,None,88,Not Applicable,88,Not Applicable,0,None,88,Not Applicable,88,Not Applicable,3,Intersection-Related,3,T-Intersection,1,No,1,No,88,Not Applicable,88,Not Applicable,88,Not Applicable,88,Not Applicable,TRUE,1,Public Road,1,"Trafficway, On Road",CT0009300,New Haven PD,503,39:24.0,C,Closed,01:56.0,,,,,,,
1236737,1,Complete,1236737,1236737,41.33194887,-72.93785275,3724942,New Haven,93,93,New Haven,12/26/2024,2024,12,December,26,5,Thursday,10:07:00,10,24051591,A,"Injury of any type (Serious, Minor, Possible)",C,Possible Injury (C),2,0,0,4,Local,0.9,557,SHERMAN PKWY,SHERMAN PKWY,WILLIS ST,,,,,41.33194887,-72.93785275,14,Motor Vehicle in Operation,3,Angle,1,On Roadway,1,Clear,88,Not Applicable,1,Daylight,1,Dry,0,None,88,Not Applicable,88,Not Applicable,0,None,88,Not Applicable,88,Not Applicable,2,Intersection,2,Four-Way Intersection,1,No,1,No,88,Not Applicable,88,Not Applicable,88,Not Applicable,88,Not Applicable,TRUE,1,Public Road,1,"Trafficway, On Road",CT0009300,New Haven PD,44947,50:48.0,C,Closed,01:46.0,,,,,,,
1236738,1,Complete,1236738,1236738,41.323884,-72.881492,3724943,New Haven,93,93,New Haven,1/1/2025,2025,1,January,1,4,Wednesday,1:25:00,1,25000011,A,"Injury of any type (Serious, Minor, Possible)",C,Possible Injury (C),2,0,0,3,State,0,80,80-W,80-W,17-N,,,,,41.323884,-72.881492,14,Motor Vehicle in Operation,3,Angle,1,On Roadway,4,Rain,88,Not Applicable,5,Dark-Not Lighted,2,Wet,0,None,88,Not Applicable,88,Not Applicable,0,None,88,Not Applicable,88,Not Applicable,2,Intersection,2,Four-Way Intersection,1,No,1,No,88,Not Applicable,88,Not Applicable,88,Not Applicable,88,Not Applicable,FALSE,1,Public Road,1,"Trafficway, On Road",CT0009300,New Haven PD,45388,37:11.0,C,Closed,01:54.0,,,,,,,
1236744,1,Complete,1236744,1236744,41.315967,-72.953401,3724949,New Haven,93,93,New Haven,1/7/2025,2025,1,January,7,3,Tuesday,11:29:00,11,25000860,A,"Injury of any type (Serious, Minor, Possible)",C,Possible Injury (C),1,1,0,4,Local,0.92,179,EDGEWOOD AV,EDGEWOOD AV,HOBART ST,,,,,41.315967,-72.953401,10,Pedalcycle/Pedalcyclist,3,Angle,1,On Roadway,1,Clear,88,Not Applicable,1,Daylight,1,Dry,0,None,88,Not Applicable,88,Not Applicable,0,None,88,Not Applicable,88,Not Applicable,2,Intersection,2,Four-Way Intersection,1,No,1,No,88,Not Applicable,88,Not Applicable,88,Not Applicable,88,Not Applicable,FALSE,1,Public Road,1,"Trafficway, On Road",CT0009300,New Haven PD,44051,52:06.0,C,Closed,01:51.0,,,,,,,
1236755,1,Complete,1236755,1236755,41.293082,-72.943974,3724960,New Haven,93,93,New Haven,1/10/2025,2025,1,January,10,6,Friday,8:20:00,8,25001287,A,"Injury of any type (Serious, Minor, Possible)",C,Possible Injury (C),2,0,0,3,State,0.89,10,10-N,10-N,ADELINE ST,,,,,41.293082,-72.943974,14,Motor Vehicle in Operation,99,Unknown,1,On Roadway,1,Clear,88,Not Applicable,1,Daylight,1,Dry,0,None,88,Not Applicable,88,Not Applicable,0,None,88,Not Applicable,88,Not Applicable,2,Intersection,3,T-Intersection,1,No,1,No,88,Not Applicable,88,Not Applicable,88,Not Applicable,88,Not Applicable,TRUE,1,Public Road,1,"Trafficway, On Road",CT0009300,New Haven PD,26,02:23.0,C,Closed,01:58.0,,,,,,,
1236763,1,Complete,1236763,1236763,41.316687,-72.942425,3724968,New Haven,93,93,New Haven,1/11/2025,2025,1,January,11,7,Saturday,4:05:00,4,25001431,A,"Injury of any type (Serious, Minor, Possible)",C,Possible Injury (C),2,0,0,4,Local,0.38,653,WHALLEY AV,WHALLEY AV,SHERMAN AV,,,,,41.316687,-72.942425,14,Motor Vehicle in Operation,3,Angle,1,On Roadway,1,Clear,88,Not Applicable,4,Dark-Lighted,1,Dry,0,None,0,None,88,Not Applicable,0,None,88,Not Applicable,88,Not Applicable,2,Intersection,2,Four-Way Intersection,1,No,1,No,88,Not Applicable,88,Not Applicable,88,Not Applicable,88,Not Applicable,TRUE,1,Public Road,1,"Trafficway, On Road",CT0009300,New Haven PD,45132,45:57.0,O,Open,02:07.0,,,,,,,
1236765,1,Complete,1236765,1236765,41.315575,-72.963508,3724970,New Haven,93,93,New Haven,1/11/2025,2025,1,January,11,7,Saturday,7:34:00,7,25001442,A,"Injury of any type (Serious, Minor, Possible)",C,Possible Injury (C),2,0,0,4,Local,3.85,97,CHAPEL ST,CHAPEL ST,CENTRAL AV,,,,,41.315575,-72.963508,14,Motor Vehicle in Operation,3,Angle,1,On Roadway,7,Snow,88,Not Applicable,1,Daylight,3,Snow,1,Weather Conditions,88,Not Applicable,88,Not Applicable,97,Other,88,Not Applicable,88,Not Applicable,2,Intersection,2,Four-Way Intersection,1,No,1,No,88,Not Applicable,88,Not Applicable,88,Not Applicable,88,Not Applicable,TRUE,1,Public Road,1,"Trafficway, On Road",CT0009300,New Haven PD,42366,49:52.0,O,Open,02:06.0,,,,,,,
1237575,1,Complete,1237575,1237575,41.31563408,-72.92900535,3725780,New Haven,93,93,New Haven,1/7/2025,2025,1,January,7,3,Tuesday,6:59:00,6,25000827,A,"Injury of any type (Serious, Minor, Possible)",C,Possible Injury (C),2,0,0,4,Local,0.26,736,ASHMUN ST NO 2,ASHMUN ST NO 2,LOCK ST,,,,,41.31563408,-72.92900535,14,Motor Vehicle in Operation,3,Angle,1,On Roadway,1,Clear,88,Not Applicable,1,Daylight,1,Dry,0,None,88,Not Applicable,88,Not Applicable,0,None,88,Not Applicable,88,Not Applicable,2,Intersection,3,T-Intersection,1,No,1,No,88,Not Applicable,88,Not Applicable,88,Not Applicable,88,Not Applicable,FALSE,1,Public Road,1,"Trafficway, On Road",CT0009300,New Haven PD,33016,52:22.0,C,Closed,01:10.0,,,,,,,
1237578,1,Complete,1237578,1237578,41.3089347,-72.90975934,3725783,New Haven,93,93,New Haven,1/13/2025,2025,1,January,13,2,Monday,1:18:00,1,25001604,A,"Injury of any type (Serious, Minor, Possible)",B,Suspected Minor Injury (B),2,0,0,4,Local,0.49,165,EAST ST,EAST ST,GRAND AV,,,,,41.3089347,-72.90975934,14,Motor Vehicle in Operation,2,Front to front,1,On Roadway,1,Clear,88,Not Applicable,4,Dark-Lighted,1,Dry,0,None,88,Not Applicable,88,Not Applicable,0,None,88,Not Applicable,88,Not Applicable,2,Intersection,2,Four-Way Intersection,1,No,1,No,88,Not Applicable,88,Not Applicable,88,Not Applicable,88,Not Applicable,FALSE,1,Public Road,1,"Trafficway, On Road",CT0009300,New Haven PD,44951,10:55.0,C,Closed,01:09.0,,,,,,,
1237581,1,Complete,1237581,1237581,41.31686929,-72.94313599,3725786,New Haven,93,93,New Haven,1/13/2025,2025,1,January,13,2,Monday,9:40:00,9,25001624,A,"Injury of any type (Serious, Minor, Possible)",C,Possible Injury (C),2,0,0,4,Local,0.34,653,WHALLEY AV,WHALLEY AV,,CARMEL ST,85,Feet,E,41.31686929,-72.94313599,14,Motor Vehicle in Operation,3,Angle,1,On Roadway,1,Clear,88,Not Applicable,1,Daylight,1,Dry,0,None,88,Not Applicable,88,Not Applicable,0,None,88,Not Applicable,88,Not Applicable,1,Non-Junction,1,Not at Intersection,1,No,1,No,88,Not Applicable,88,Not Applicable,88,Not Applicable,88,Not Applicable,FALSE,1,Public Road,1,"Trafficway, On Road",CT0009300,New Haven PD,359,17:37.0,C,Closed,01:12.0,,,,,,,
1237582,1,Complete,1237582,1237582,41.30831,-72.89512,3725787,New Haven,93,93,New Haven,1/13/2025,2025,1,January,13,2,Monday,14:43:00,14,25001677,A,"Injury of any type (Serious, Minor, Possible)",C,Possible Injury (C),3,0,0,,,,,,FERRY ST,,GRAND AVE,10,Feet,S,41.30831,-72.89512,14,Motor Vehicle in Operation,7,Rear to rear,1,On Roadway,1,Clear,88,Not Applicable,1,Daylight,1,Dry,0,None,88,Not Applicable,88,Not Applicable,0,None,88,Not Applicable,88,Not Applicable,1,Non-Junction,1,Not at Intersection,1,No,1,No,88,Not Applicable,88,Not Applicable,88,Not Applicable,88,Not Applicable,TRUE,1,Public Road,1,"Trafficway, On Road",CT0009300,New Haven PD,45403,09:29.0,C,Closed,01:14.0,,,,,,,
1237583,1,Complete,1237583,1237583,41.308942,-72.895905,3725788,New Haven,93,93,New Haven,1/11/2025,2025,1,January,11,7,Saturday,14:30:00,14,25001710,A,"Injury of any type (Serious, Minor, Possible)",C,Possible Injury (C),2,0,0,4,Local,0.53,264,GRAND AV,GRAND AV,,FERRY ST,105,Feet,W,41.308942,-72.895905,14,Motor Vehicle in Operation,4,"Sideswipe, same direction",1,On Roadway,1,Clear,88,Not Applicable,1,Daylight,1,Dry,0,None,0,None,88,Not Applicable,0,None,88,Not Applicable,88,Not Applicable,1,Non-Junction,1,Not at Intersection,1,No,1,No,88,Not Applicable,88,Not Applicable,88,Not Applicable,88,Not Applicable,TRUE,1,Public Road,1,"Trafficway, On Road",CT0009300,New Haven PD,46614,28:07.0,C,Closed,01:14.0,,,,,,,
1237939,1,Complete,1237939,1237939,41.31292,-72.932142,3726144,New Haven,93,93,New Haven,1/14/2025,2025,1,January,14,3,Tuesday,10:53:00,10,25001854,A,"Injury of any type (Serious, Minor, Possible)",C,Possible Injury (C),2,0,0,4,Local,0.21,596,TOWER PKWY,TOWER PKWY,BROADWAY,,,,,41.31292,-72.932142,14,Motor Vehicle in Operation,4,"Sideswipe, same direction",1,On Roadway,1,Clear,88,Not Applicable,1,Daylight,1,Dry,0,None,88,Not Applicable,88,Not Applicable,0,None,88,Not Applicable,88,Not Applicable,2,Intersection,8,"Five-Point, or More",1,No,1,No,88,Not Applicable,88,Not Applicable,88,Not Applicable,88,Not Applicable,TRUE,1,Public Road,1,"Trafficway, On Road",CT0009300,New Haven PD,349,54:35.0,O,Open,00:40.0,,,,,,,
1238267,1,Complete,1238267,1238267,41.308062,-72.953065,3726472,New Haven,93,93,New Haven,1/15/2025,2025,1,January,15,4,Wednesday,17:31:00,17,25002108,A,"Injury of any type (Serious, Minor, Possible)",C,Possible Injury (C),2,0,0,3,State,2.06,10,10-N,10-N,JUDSON AV,,,,,41.308062,-72.953065,14,Motor Vehicle in Operation,3,Angle,1,On Roadway,1,Clear,88,Not Applicable,1,Daylight,1,Dry,0,None,88,Not Applicable,88,Not Applicable,0,None,88,Not Applicable,88,Not Applicable,2,Intersection,3,T-Intersection,1,No,1,No,88,Not Applicable,88,Not Applicable,88,Not Applicable,88,Not Applicable,FALSE,1,Public Road,1,"Trafficway, On Road",CT0009300,New Haven PD,40804,21:14.0,C,Closed,00:09.0,,,,,,,
1238587,1,Complete,1238587,1238587,41.305584,-72.952773,3726792,New Haven,93,93,New Haven,1/3/2025,2025,1,January,3,6,Friday,14:00:00,14,25000380,A,"Injury of any type (Serious, Minor, Possible)",C,Possible Injury (C),2,0,0,3,State,2.06,10,10-N,10-N,,LEGION AVE,25,Feet,N,41.305584,-72.952773,14,Motor Vehicle in Operation,1,Front to rear,1,On Roadway,1,Clear,88,Not Applicable,1,Daylight,2,Wet,0,None,88,Not Applicable,88,Not Applicable,0,None,88,Not Applicable,88,Not Applicable,3,Intersection-Related,3,T-Intersection,1,No,1,No,88,Not Applicable,88,Not Applicable,88,Not Applicable,88,Not Applicable,FALSE,1,Public Road,1,"Trafficway, On Road",CT0009300,New Haven PD,44947,39:45.0,C,Closed,01:27.0,,,,,,,
1238590,1,Complete,1238590,1238590,41.303617,-72.93143,3726795,New Haven,93,93,New Haven,1/15/2025,2025,1,January,15,4,Wednesday,7:44:00,7,25001987,A,"Injury of any type (Serious, Minor, Possible)",C,Possible Injury (C),2,0,1,4,Local,0.09,564,SOUTH FRONTAGE RD,SOUTH FRONTAGE RD,COLLEGE ST,,,,,41.303617,-72.93143,14,Motor Vehicle in Operation,3,Angle,1,On Roadway,1,Clear,88,Not Applicable,1,Daylight,1,Dry,2,Visual Obstruction(s),88,Not Applicable,88,Not Applicable,0,None,88,Not Applicable,88,Not Applicable,2,Intersection,2,Four-Way Intersection,1,No,1,No,88,Not Applicable,88,Not Applicable,88,Not Applicable,88,Not Applicable,FALSE,1,Public Road,1,"Trafficway, On Road",CT0009300,New Haven PD,47005,27:40.0,C,Closed,01:21.0,,,,,,,
1238599,1,Complete,1238599,1238599,41.32795457,-72.95986098,3726804,New Haven,93,93,New Haven,1/16/2025,2025,1,January,16,5,Thursday,9:13:00,9,25002210,A,"Injury of any type (Serious, Minor, Possible)",C,Possible Injury (C),2,0,0,4,Local,1.23,612,VALLEY ST NO 1,VALLEY ST NO 1,BLAKE ST,,,,,41.32795457,-72.95986098,14,Motor Vehicle in Operation,3,Angle,1,On Roadway,1,Clear,88,Not Applicable,1,Daylight,1,Dry,0,None,88,Not Applicable,88,Not Applicable,0,None,88,Not Applicable,88,Not Applicable,2,Intersection,3,T-Intersection,1,No,1,No,88,Not Applicable,88,Not Applicable,88,Not Applicable,88,Not Applicable,FALSE,1,Public Road,1,"Trafficway, On Road",CT0009300,New Haven PD,9,58:55.0,C,Closed,01:20.0,,,,,,,
1238601,1,Complete,1238601,1238601,41.312177,-72.919532,3726806,New Haven,93,93,New Haven,1/16/2025,2025,1,January,16,5,Thursday,11:42:00,11,25002245,A,"Injury of any type (Serious, Minor, Possible)",C,Possible Injury (C),2,0,0,4,Local,0.31,601,TRUMBULL ST,TRUMBULL ST,,ORANGE ST,55,Feet,W,41.312177,-72.919532,14,Motor Vehicle in Operation,1,Front to rear,1,On Roadway,1,Clear,88,Not Applicable,1,Daylight,1,Dry,0,None,88,Not Applicable,88,Not Applicable,0,None,88,Not Applicable,88,Not Applicable,3,Intersection-Related,2,Four-Way Intersection,1,No,1,No,88,Not Applicable,88,Not Applicable,88,Not Applicable,88,Not Applicable,FALSE,1,Public Road,1,"Trafficway, On Road",CT0009300,New Haven PD,44176,31:06.0,C,Closed,01:27.0,,,,,,,
1238604,1,Complete,1238604,1238604,41.29010667,-72.94062802,3726809,New Haven,93,93,New Haven,1/16/2025,2025,1,January,16,5,Thursday,18:52:00,18,25002325,A,"Injury of any type (Serious, Minor, Possible)",C,Possible Injury (C),2,0,0,3,State,0.62,10,10-N,10-N,LAMBERTON ST,,,,,41.29010667,-72.94062802,14,Motor Vehicle in Operation,4,"Sideswipe, same direction",1,On Roadway,1,Clear,88,Not Applicable,6,Dark-Unknown Lighting,1,Dry,0,None,88,Not Applicable,88,Not Applicable,0,None,88,Not Applicable,88,Not Applicable,2,Intersection,3,T-Intersection,1,No,1,No,88,Not Applicable,88,Not Applicable,88,Not Applicable,88,Not Applicable,FALSE,1,Public Road,1,"Trafficway, On Road",CT0009300,New Haven PD,46613,11:40.0,C,Closed,01:35.0,25002325,,,,,,
1238998,1,Complete,1238998,1238998,41.288807,-72.892858,3727203,New Haven,93,93,New Haven,12/28/2024,2024,12,December,28,7,Saturday,5:00:00,5,24051780,A,"Injury of any type (Serious, Minor, Possible)",C,Possible Injury (C),2,0,0,3,State,0.08,741,741-E,741-E,,TOWNSEND AVE,50,Feet,W,41.288807,-72.892858,14,Motor Vehicle in Operation,3,Angle,1,On Roadway,2,Cloudy,88,Not Applicable,4,Dark-Lighted,1,Dry,0,None,88,Not Applicable,88,Not Applicable,0,None,88,Not Applicable,88,Not Applicable,3,Intersection-Related,2,Four-Way Intersection,1,No,1,No,88,Not Applicable,88,Not Applicable,88,Not Applicable,88,Not Applicable,TRUE,1,Public Road,1,"Trafficway, On Road",CT0009300,New Haven PD,175,19:25.0,C,Closed,02:17.0,,,,,,,
1239000,1,Complete,1239000,1239000,41.300645,-72.937694,3727205,New Haven,93,93,New Haven,1/14/2025,2025,1,January,14,3,Tuesday,11:48:00,11,25001867,A,"Injury of any type (Serious, Minor, Possible)",C,Possible Injury (C),2,0,0,4,Local,0.56,123,CONGRESS AV,CONGRESS AV,DAGGETT ST,,,,,41.300645,-72.937694,14,Motor Vehicle in Operation,3,Angle,1,On Roadway,1,Clear,88,Not Applicable,1,Daylight,1,Dry,0,None,88,Not Applicable,88,Not Applicable,0,None,88,Not Applicable,88,Not Applicable,2,Intersection,2,Four-Way Intersection,1,No,1,No,88,Not Applicable,88,Not Applicable,88,Not Applicable,88,Not Applicable,TRUE,1,Public Road,1,"Trafficway, On Road",CT0009300,New Haven PD,40800,07:43.0,C,Closed,02:06.0,,,,,,,