CrashId,Fatal Case Status,Fatal Case Status Text Format,CrashId,CrashId,Latitude,Longitude,DOT Case Number,Town Name,Town Number,Town Number,Town Number Text Format,Date Of Crash,Year,Month,Month Text Format,Day,Day of the Week,Day of the Week Text Format,Time of Crash,Hour of the Day,Case Identifier,Crash Severity,Crash Severity Text Format,Most Severe Injury,Most Severe Injury Text Format,Number Of Motor Vehicles,Number Of Non-Motorist,Number Of Witnesses,Route Class,Route Class Text Format,Milemarker,Road Number,Road Description,Roadway Name,Intersecting Roadway Name,Landmark Description,Distance From Nearest Landmark,Unit Of Measure From Nearest Landmark,Direction From Nearest Landmark,Latitude,Longitude,First Harmful Event,First Harmful Event Text Format,Manner of Crash / Collision Impact,Manner of Crash / Collision Impact Text Format,Location of First Harmful Event,Location of First Harmful Event Text Format,Weather Condition,Weather Condition Text Format,Weather 2,Weather 2 Text Format,Light Condition,Light Condition Text Format,Road Surface Condition,Road Surface Condition Text Format,"Contributing Circumstances, Environment","Contributing Circumstances, Environment Text Format",Environment 2,Environment 2 Text Format,Environment 3,Environment 3 Text Format,"Contributing Circumstances, Road","Contributing Circumstances, Road Text Format",Road 2,Road 2 Text Format,Road 3,Road 3 Text Format,Crash Specific Location,Crash Specific Location Text Format,Type of Intersection,Type of Intersection Text Format,School Bus Related,School Bus Related Text Format,Work Zone Related,Work Zone Related Text Format,Location Of Crash Relative To Work Zone,Location Of Crash Relative To Work Zone Text Format,Type of Work Zone,Type of Work Zone Text Format,Worker Presence,Worker Presence Text Format,Law Enforcement Presence,Law Enforcement Presence Text Format,Were Vehicles Moved Prior To Police Arrival,Trafficway Ownership,Trafficway Ownership Text Format,Trafficway Class,Trafficway Class Text Format,Police Agency,Police Agency Text Format,Badge Number,Approval Date,Police Case Status,Police Case Status Text Format,Crash Report Submission Date,Related Case Identifiers,No. of Through Lanes (Log Dir.),Average Daily Traffic,Functional Classification,Functional Classification Text Format,Rural or Urban,Rural or Urban Text Format
1239002,1,Complete,1239002,1239002,41.29492,-72.946133,3727207,New Haven,93,93,New Haven,1/15/2025,2025,1,January,15,4,Wednesday,12:14:00,12,25002024,A,"Injury of any type (Serious, Minor, Possible)",C,Possible Injury (C),2,0,0,3,State,1.24,10,10-N,10-N,,PRINTER LANE,200,Feet,S,41.29492,-72.946133,14,Motor Vehicle in Operation,3,Angle,1,On Roadway,1,Clear,88,Not Applicable,1,Daylight,1,Dry,0,None,88,Not Applicable,88,Not Applicable,0,None,88,Not Applicable,88,Not Applicable,1,Non-Junction,1,Not at Intersection,1,No,1,No,88,Not Applicable,88,Not Applicable,88,Not Applicable,88,Not Applicable,FALSE,1,Public Road,1,"Trafficway, On Road",CT0009300,New Haven PD,42056,39:21.0,C,Closed,02:06.0,,,,,,,
1239003,1,Complete,1239003,1239003,41.31593662,-72.87285359,3727208,New Haven,93,93,New Haven,1/15/2025,2025,1,January,15,4,Wednesday,20:44:00,20,25002155,A,"Injury of any type (Serious, Minor, Possible)",B,Suspected Minor Injury (B),2,0,0,4,Local,0.65,167,EASTERN ST,EASTERN ST,Bella Vista Dr,,,,,41.31593662,-72.87285359,14,Motor Vehicle in Operation,3,Angle,1,On Roadway,1,Clear,88,Not Applicable,4,Dark-Lighted,1,Dry,0,None,88,Not Applicable,88,Not Applicable,0,None,88,Not Applicable,88,Not Applicable,2,Intersection,3,T-Intersection,1,No,1,No,88,Not Applicable,88,Not Applicable,88,Not Applicable,88,Not Applicable,FALSE,1,Public Road,1,"Trafficway, On Road",CT0009300,New Haven PD,44056,38:55.0,C,Closed,02:15.0,,,,,,,
1239007,1,Complete,1239007,1239007,41.305162,-72.902774,3727212,New Haven,93,93,New Haven,1/17/2025,2025,1,January,17,6,Friday,8:33:00,8,25002371,A,"Injury of any type (Serious, Minor, Possible)",C,Possible Injury (C),2,0,0,4,Local,0.78,327,JAMES ST,JAMES ST,,SALTONSTAL AVE,180,Feet,N,41.305162,-72.902774,14,Motor Vehicle in Operation,6,Rear to side,7,In Parking Lane or Zone,1,Clear,88,Not Applicable,1,Daylight,3,Snow,0,None,88,Not Applicable,88,Not Applicable,0,None,88,Not Applicable,88,Not Applicable,1,Non-Junction,1,Not at Intersection,1,No,1,No,88,Not Applicable,88,Not Applicable,88,Not Applicable,88,Not Applicable,FALSE,1,Public Road,2,"Trafficway, Not on Road",CT0009300,New Haven PD,45390,15:14.0,C,Closed,01:51.0,,,,,,,
1239008,1,Complete,1239008,1239008,41.318948,-72.97721,3727213,New Haven,93,93,New Haven,1/17/2025,2025,1,January,17,6,Friday,9:16:00,9,25002385,A,"Injury of any type (Serious, Minor, Possible)",C,Possible Injury (C),2,0,0,4,Local,0.05,79,BYRON PL,BYRON PL,,KOHARY DR,245,Feet,W,41.318948,-72.97721,14,Motor Vehicle in Operation,2,Front to front,1,On Roadway,1,Clear,88,Not Applicable,1,Daylight,3,Snow,0,None,88,Not Applicable,88,Not Applicable,0,None,88,Not Applicable,88,Not Applicable,1,Non-Junction,1,Not at Intersection,1,No,1,No,88,Not Applicable,88,Not Applicable,88,Not Applicable,88,Not Applicable,FALSE,1,Public Road,1,"Trafficway, On Road",CT0009300,New Haven PD,45397,38:03.0,C,Closed,01:50.0,,,,,,,
1239012,1,Complete,1239012,1239012,41.290896,-72.941489,3727217,New Haven,93,93,New Haven,1/17/2025,2025,1,January,17,6,Friday,16:02:00,16,25002488,A,"Injury of any type (Serious, Minor, Possible)",C,Possible Injury (C),3,0,2,3,State,0.7,10,10-N,10-N,WASHINGTON AV NO 1,,,,,41.290896,-72.941489,14,Motor Vehicle in Operation,3,Angle,1,On Roadway,1,Clear,88,Not Applicable,1,Daylight,1,Dry,99,Unknown,88,Not Applicable,88,Not Applicable,99,Unknown,88,Not Applicable,88,Not Applicable,2,Intersection,2,Four-Way Intersection,1,No,1,No,88,Not Applicable,88,Not Applicable,88,Not Applicable,88,Not Applicable,TRUE,1,Public Road,1,"Trafficway, On Road",CT0009300,New Haven PD,40947,49:55.0,C,Closed,01:56.0,,,,,,,
1239029,1,Complete,1239029,1239029,41.30628673,-72.93547202,3727234,New Haven,93,93,New Haven,1/18/2025,2025,1,January,18,7,Saturday,20:44:00,20,25002669,A,"Injury of any type (Serious, Minor, Possible)",C,Possible Injury (C),2,0,0,4,Local,0.64,809,REV DR MLK JR BLVD,REV DR MLK JR BLVD,PARK ST,,,,,41.30628673,-72.93547202,14,Motor Vehicle in Operation,3,Angle,1,On Roadway,1,Clear,88,Not Applicable,4,Dark-Lighted,2,Wet,99,Unknown,88,Not Applicable,88,Not Applicable,99,Unknown,88,Not Applicable,88,Not Applicable,2,Intersection,2,Four-Way Intersection,1,No,1,No,88,Not Applicable,88,Not Applicable,88,Not Applicable,88,Not Applicable,TRUE,1,Public Road,1,"Trafficway, On Road",CT0009300,New Haven PD,46901,01:08.0,C,Closed,02:11.0,,,,,,,
1239640,1,Complete,1239640,1239640,41.314624,-72.938447,3727845,New Haven,93,93,New Haven,1/19/2025,2025,1,January,19,1,Sunday,21:37:00,21,25002753,A,"Injury of any type (Serious, Minor, Possible)",C,Possible Injury (C),2,0,0,,,,,,150 WHALLEY AVE,,ORCHARD ST,1030,Feet,E,41.314624,-72.938447,14,Motor Vehicle in Operation,1,Front to rear,97,Other,7,Snow,88,Not Applicable,4,Dark-Lighted,3,Snow,0,None,88,Not Applicable,88,Not Applicable,0,None,88,Not Applicable,88,Not Applicable,97,Other,1,Not at Intersection,1,No,1,No,88,Not Applicable,88,Not Applicable,88,Not Applicable,88,Not Applicable,TRUE,88,Not Applicable,4,Parking Lot,CT0009300,New Haven PD,44175,26:09.0,C,Closed,01:18.0,,,,,,,
1239647,1,Complete,1239647,1239647,41.290769,-72.941227,3727852,New Haven,93,93,New Haven,1/20/2025,2025,1,January,20,2,Monday,16:22:00,16,25002822,A,"Injury of any type (Serious, Minor, Possible)",B,Suspected Minor Injury (B),2,0,0,3,State,0.87,10,10-N,10-N,,WASHINGTON AVE,70,Feet,E,41.290769,-72.941227,14,Motor Vehicle in Operation,1,Front to rear,1,On Roadway,1,Clear,88,Not Applicable,1,Daylight,2,Wet,0,None,88,Not Applicable,88,Not Applicable,0,None,88,Not Applicable,88,Not Applicable,3,Intersection-Related,2,Four-Way Intersection,1,No,1,No,88,Not Applicable,88,Not Applicable,88,Not Applicable,88,Not Applicable,TRUE,1,Public Road,1,"Trafficway, On Road",CT0009300,New Haven PD,47007,21:26.0,C,Closed,01:23.0,,,,,,,
1240017,1,Complete,1240017,1240017,41.31218489,-72.93210284,3728222,New Haven,93,93,New Haven,1/21/2025,2025,1,January,21,3,Tuesday,7:04:00,7,25002859,A,"Injury of any type (Serious, Minor, Possible)",B,Suspected Minor Injury (B),1,1,0,4,Local,1,653,WHALLEY AV,WHALLEY AV,,PARK ST,300,Feet,W,41.31218489,-72.93210284,9,Pedestrian,88,Not Applicable,1,On Roadway,1,Clear,88,Not Applicable,1,Daylight,2,Wet,0,None,88,Not Applicable,88,Not Applicable,0,None,88,Not Applicable,88,Not Applicable,1,Non-Junction,1,Not at Intersection,1,No,1,No,88,Not Applicable,88,Not Applicable,88,Not Applicable,88,Not Applicable,FALSE,1,Public Road,1,"Trafficway, On Road",CT0009300,New Haven PD,238,09:57.0,C,Closed,00:39.0,,,,,,,
1240022,1,Complete,1240022,1240022,41.32137697,-72.93914616,3728227,New Haven,93,93,New Haven,1/21/2025,2025,1,January,21,3,Tuesday,14:07:00,14,25002960,A,"Injury of any type (Serious, Minor, Possible)",C,Possible Injury (C),2,0,0,4,Local,0.13,557,SHERMAN PKWY,SHERMAN PKWY,HENRY ST,,,,,41.32137697,-72.93914616,14,Motor Vehicle in Operation,1,Front to rear,1,On Roadway,1,Clear,88,Not Applicable,1,Daylight,1,Dry,0,None,88,Not Applicable,88,Not Applicable,0,None,88,Not Applicable,88,Not Applicable,2,Intersection,3,T-Intersection,1,No,1,No,88,Not Applicable,88,Not Applicable,88,Not Applicable,88,Not Applicable,TRUE,1,Public Road,1,"Trafficway, On Road",CT0009300,New Haven PD,44056,43:05.0,C,Closed,00:45.0,,,,,,,
1240386,1,Complete,1240386,1240386,41.321893,-72.877592,3728591,New Haven,93,93,New Haven,1/22/2025,2025,1,January,22,4,Wednesday,18:03:00,18,25003187,A,"Injury of any type (Serious, Minor, Possible)",C,Possible Injury (C),2,0,0,,,,,,WALMART PLAZA (PRIVATE),,FOXON BLVD,70,Feet,S,41.321893,-72.877592,14,Motor Vehicle in Operation,1,Front to rear,1,On Roadway,1,Clear,88,Not Applicable,3,Dusk,1,Dry,0,None,88,Not Applicable,88,Not Applicable,0,None,88,Not Applicable,88,Not Applicable,3,Intersection-Related,3,T-Intersection,1,No,1,No,88,Not Applicable,88,Not Applicable,88,Not Applicable,88,Not Applicable,FALSE,2,Private Road,1,"Trafficway, On Road",CT0009300,New Haven PD,45388,08:36.0,C,Closed,01:19.0,,,,,,,
1240723,1,Complete,1240723,1240723,41.30469632,-72.92287489,3728928,New Haven,93,93,New Haven,1/17/2025,2025,1,January,17,6,Friday,12:45:00,12,25002435,A,"Injury of any type (Serious, Minor, Possible)",C,Possible Injury (C),2,0,1,4,Local,1.35,575,STATE ST,STATE ST,,CHAPEL ST,25,Feet,S,41.30469632,-72.92287489,14,Motor Vehicle in Operation,4,"Sideswipe, same direction",1,On Roadway,1,Clear,88,Not Applicable,1,Daylight,1,Dry,0,None,88,Not Applicable,88,Not Applicable,97,Other,88,Not Applicable,88,Not Applicable,1,Non-Junction,1,Not at Intersection,1,No,1,No,88,Not Applicable,88,Not Applicable,88,Not Applicable,88,Not Applicable,TRUE,1,Public Road,1,"Trafficway, On Road",CT0009300,New Haven PD,469,45:09.0,C,Closed,00:43.0,,,,,,,
1240727,1,Complete,1240727,1240727,41.331096,-72.867676,3728932,New Haven,93,93,New Haven,1/22/2025,2025,1,January,22,4,Wednesday,11:00:00,11,25003098,A,"Injury of any type (Serious, Minor, Possible)",C,Possible Injury (C),2,0,0,3,State,0.77,103,103-N,103-N,,FOXON HILL RD,80,Feet,S,41.331096,-72.867676,14,Motor Vehicle in Operation,1,Front to rear,1,On Roadway,1,Clear,88,Not Applicable,1,Daylight,1,Dry,0,None,88,Not Applicable,88,Not Applicable,0,None,88,Not Applicable,88,Not Applicable,3,Intersection-Related,2,Four-Way Intersection,1,No,1,No,88,Not Applicable,88,Not Applicable,88,Not Applicable,88,Not Applicable,FALSE,1,Public Road,1,"Trafficway, On Road",CT0009300,New Haven PD,45401,33:29.0,C,Closed,00:41.0,,,,,,,
1240728,1,Complete,1240728,1240728,41.315614,-72.928941,3728933,New Haven,93,93,New Haven,1/23/2025,2025,1,January,23,5,Thursday,9:18:00,9,25003235,A,"Injury of any type (Serious, Minor, Possible)",C,Possible Injury (C),1,1,0,4,Local,0.26,736,ASHMUN ST NO 2,ASHMUN ST NO 2,LOCK ST,,,,,41.315614,-72.928941,9,Pedestrian,88,Not Applicable,1,On Roadway,1,Clear,88,Not Applicable,1,Daylight,1,Dry,3,Glare,88,Not Applicable,88,Not Applicable,0,None,88,Not Applicable,88,Not Applicable,2,Intersection,3,T-Intersection,1,No,1,No,88,Not Applicable,88,Not Applicable,88,Not Applicable,88,Not Applicable,FALSE,1,Public Road,1,"Trafficway, On Road",CT0009300,New Haven PD,991,15:36.0,C,Closed,00:46.0,,,,,,,
1241322,1,Complete,1241322,1241322,41.320553,-72.873208,3729527,New Haven,93,93,New Haven,1/24/2025,2025,1,January,24,6,Friday,8:36:00,8,25003393,A,"Injury of any type (Serious, Minor, Possible)",B,Suspected Minor Injury (B),1,1,0,3,State,0.49,80,80-E,80-E (Foxon Boulevard),,QUINNIPIAC AVE,200,Feet,E,41.320553,-72.873208,11,Other Non-motorist,88,Not Applicable,2,Shoulder,1,Clear,88,Not Applicable,1,Daylight,1,Dry,0,None,88,Not Applicable,88,Not Applicable,0,None,88,Not Applicable,88,Not Applicable,9,Driveway Access-Related,1,Not at Intersection,1,No,1,No,88,Not Applicable,88,Not Applicable,88,Not Applicable,88,Not Applicable,FALSE,1,Public Road,1,"Trafficway, On Road",CT0009300,New Haven PD,42049,33:49.0,C,Closed,00:48.0,,,,,,,
1241329,1,Complete,1241329,1241329,41.323505,-72.951509,3729534,New Haven,93,93,New Haven,1/24/2025,2025,1,January,24,6,Friday,15:41:00,15,25003503,A,"Injury of any type (Serious, Minor, Possible)",C,Possible Injury (C),2,0,0,4,Local,0.26,56,BLAKE ST,BLAKE ST,OSBORN AV,,,,,41.323505,-72.951509,14,Motor Vehicle in Operation,3,Angle,1,On Roadway,1,Clear,88,Not Applicable,2,Dawn,4,Slush,99,Unknown,88,Not Applicable,88,Not Applicable,99,Unknown,88,Not Applicable,88,Not Applicable,2,Intersection,2,Four-Way Intersection,1,No,1,No,88,Not Applicable,88,Not Applicable,88,Not Applicable,88,Not Applicable,TRUE,1,Public Road,1,"Trafficway, On Road",CT0009300,New Haven PD,46901,09:23.0,C,Closed,00:30.0,,,,,,,
1241330,1,Complete,1241330,1241330,41.321171,-72.873838,3729535,New Haven,93,93,New Haven,1/24/2025,2025,1,January,24,6,Friday,17:29:00,17,25003519,A,"Injury of any type (Serious, Minor, Possible)",A,Suspected Serious Injury (A),2,0,0,3,State,0.02,103,103-N,103-N,,RT 80,85,Feet,N,41.321171,-72.873838,14,Motor Vehicle in Operation,3,Angle,1,On Roadway,1,Clear,88,Not Applicable,4,Dark-Lighted,1,Dry,0,None,88,Not Applicable,88,Not Applicable,0,None,88,Not Applicable,88,Not Applicable,9,Driveway Access-Related,1,Not at Intersection,1,No,1,No,88,Not Applicable,88,Not Applicable,88,Not Applicable,88,Not Applicable,FALSE,1,Public Road,1,"Trafficway, On Road",CT0009300,New Haven PD,42049,08:13.0,C,Closed,00:33.0,,,,,,,
1241337,1,Complete,1241337,1241337,41.282551,-72.93808,3729542,New Haven,93,93,New Haven,1/25/2025,2025,1,January,25,7,Saturday,6:17:00,6,25003581,A,"Injury of any type (Serious, Minor, Possible)",C,Possible Injury (C),2,0,0,3,State,0.94,745,745-E,745-E (KIMBERLY AVE),10-N (ELLA T GRASSO BLVD),,,,,41.282551,-72.93808,14,Motor Vehicle in Operation,3,Angle,1,On Roadway,1,Clear,88,Not Applicable,2,Dawn,1,Dry,0,None,88,Not Applicable,88,Not Applicable,0,None,88,Not Applicable,88,Not Applicable,2,Intersection,3,T-Intersection,1,No,1,No,88,Not Applicable,88,Not Applicable,88,Not Applicable,88,Not Applicable,TRUE,1,Public Road,1,"Trafficway, On Road",CT0009300,New Haven PD,44949,39:00.0,C,Closed,00:37.0,,,,,,,
1241339,1,Complete,1241339,1241339,41.3062835,-72.93548321,3729544,New Haven,93,93,New Haven,1/25/2025,2025,1,January,25,7,Saturday,15:27:00,15,25003624,A,"Injury of any type (Serious, Minor, Possible)",C,Possible Injury (C),2,0,0,4,Local,0.64,809,REV DR MLK JR BLVD,REV DR MLK JR BLVD,PARK ST,,,,,41.3062835,-72.93548321,14,Motor Vehicle in Operation,3,Angle,1,On Roadway,1,Clear,88,Not Applicable,1,Daylight,1,Dry,0,None,88,Not Applicable,88,Not Applicable,0,None,88,Not Applicable,88,Not Applicable,2,Intersection,2,Four-Way Intersection,1,No,1,No,88,Not Applicable,88,Not Applicable,88,Not Applicable,88,Not Applicable,FALSE,1,Public Road,1,"Trafficway, On Road",CT0009300,New Haven PD,45396,46:05.0,C,Closed,00:41.0,,,,,,,
1241342,1,Complete,1241342,1241342,41.312123,-72.933973,3729547,New Haven,93,93,New Haven,1/25/2025,2025,1,January,25,7,Saturday,23:46:00,23,25003668,A,"Injury of any type (Serious, Minor, Possible)",C,Possible Injury (C),5,0,1,4,Local,0.02,194,ELM ST NO 1,ELM ST NO 1,,HOWE ST,100,Feet,W,41.312123,-72.933973,14,Motor Vehicle in Operation,3,Angle,2,Shoulder,1,Clear,88,Not Applicable,4,Dark-Lighted,5,Ice / Frost,99,Unknown,88,Not Applicable,88,Not Applicable,5,"Road Surface Condition (wet, icy, snow, slush, etc.)",88,Not Applicable,88,Not Applicable,1,Non-Junction,1,Not at Intersection,1,No,1,No,88,Not Applicable,88,Not Applicable,88,Not Applicable,88,Not Applicable,FALSE,1,Public Road,1,"Trafficway, On Road",CT0009300,New Haven PD,44175,03:56.0,C,Closed,00:44.0,,,,,,,
1242009,1,Complete,1242009,1242009,41.324835,-72.956673,3730214,New Haven,93,93,New Haven,1/17/2025,2025,1,January,17,6,Friday,21:06:00,21,25002553,A,"Injury of any type (Serious, Minor, Possible)",C,Possible Injury (C),2,0,0,3,State,3.58,10,10-N,10-N,,"41.324835, -72.956673",80,Feet,E,41.324835,-72.956673,14,Motor Vehicle in Operation,1,Front to rear,1,On Roadway,1,Clear,88,Not Applicable,4,Dark-Lighted,1,Dry,0,None,88,Not Applicable,88,Not Applicable,0,None,88,Not Applicable,88,Not Applicable,3,Intersection-Related,2,Four-Way Intersection,1,No,1,No,88,Not Applicable,88,Not Applicable,88,Not Applicable,88,Not Applicable,TRUE,1,Public Road,1,"Trafficway, On Road",CT0009300,New Haven PD,46615,39:02.0,O,Open,00:24.0,,,,,,,
1242010,1,Complete,1242010,1242010,41.316715,-72.933499,3730215,New Haven,93,93,New Haven,1/20/2025,2025,1,January,20,2,Monday,12:41:00,12,25002784,A,"Injury of any type (Serious, Minor, Possible)",C,Possible Injury (C),2,0,0,4,Local,0.33,631,WEBSTER ST,WEBSTER ST,,DIXWELL AVE,40,Feet,W,41.316715,-72.933499,14,Motor Vehicle in Operation,1,Front to rear,1,On Roadway,1,Clear,88,Not Applicable,1,Daylight,5,Ice / Frost,0,None,88,Not Applicable,88,Not Applicable,0,None,88,Not Applicable,88,Not Applicable,3,Intersection-Related,2,Four-Way Intersection,1,No,1,No,88,Not Applicable,88,Not Applicable,88,Not Applicable,88,Not Applicable,FALSE,1,Public Road,1,"Trafficway, On Road",CT0009300,New Haven PD,991,32:10.0,C,Closed,00:31.0,,,,,,,
1242012,1,Complete,1242012,1242012,41.31165,-72.92557,3730217,New Haven,93,93,New Haven,1/24/2025,2025,1,January,24,6,Friday,17:54:00,17,25003528,A,"Injury of any type (Serious, Minor, Possible)",B,Suspected Minor Injury (B),1,1,0,4,Local,0,117,COLLEGE ST,COLLEGE ST,GROVE ST,,,,,41.31165,-72.92557,9,Pedestrian,88,Not Applicable,1,On Roadway,1,Clear,88,Not Applicable,4,Dark-Lighted,1,Dry,0,None,88,Not Applicable,88,Not Applicable,0,None,88,Not Applicable,88,Not Applicable,2,Intersection,2,Four-Way Intersection,1,No,1,No,88,Not Applicable,88,Not Applicable,88,Not Applicable,88,Not Applicable,FALSE,1,Public Road,1,"Trafficway, On Road",CT0009300,New Haven PD,97,24:37.0,C,Closed,00:21.0,,,,,,,
1242014,1,Complete,1242014,1242014,41.288872,-72.892517,3730219,New Haven,93,93,New Haven,1/26/2025,2025,1,January,26,1,Sunday,19:49:00,19,25003755,A,"Injury of any type (Serious, Minor, Possible)",C,Possible Injury (C),2,0,0,3,State,0.07,337,337-E,337-E,MAIN ST No 2,,,,,41.288872,-72.892517,14,Motor Vehicle in Operation,3,Angle,1,On Roadway,1,Clear,88,Not Applicable,4,Dark-Lighted,1,Dry,0,None,88,Not Applicable,88,Not Applicable,0,None,88,Not Applicable,88,Not Applicable,2,Intersection,2,Four-Way Intersection,1,No,1,No,88,Not Applicable,88,Not Applicable,88,Not Applicable,88,Not Applicable,FALSE,1,Public Road,1,"Trafficway, On Road",CT0009300,New Haven PD,279,25:06.0,C,Closed,00:29.0,,,,,,,
1242015,1,Complete,1242015,1242015,41.3148,-72.939646,3730220,New Haven,93,93,New Haven,1/27/2025,2025,1,January,27,2,Monday,7:49:00,7,25003794,A,"Injury of any type (Serious, Minor, Possible)",B,Suspected Minor Injury (B),1,0,0,4,Local,0.95,453,ORCHARD ST,ORCHARD ST,,WHALLEY AVE,260,Feet,S,41.3148,-72.939646,32,Tree (standing),88,Not Applicable,4,Roadside,1,Clear,88,Not Applicable,1,Daylight,1,Dry,0,None,88,Not Applicable,88,Not Applicable,0,None,88,Not Applicable,88,Not Applicable,1,Non-Junction,1,Not at Intersection,1,No,1,No,88,Not Applicable,88,Not Applicable,88,Not Applicable,88,Not Applicable,FALSE,1,Public Road,1,"Trafficway, On Road",CT0009300,New Haven PD,503,42:53.0,C,Closed,00:25.0,,,,,,,
1242017,1,Complete,1242017,1242017,41.319968,-72.898066,3730222,New Haven,93,93,New Haven,1/27/2025,2025,1,January,27,2,Monday,11:29:00,11,25003829,A,"Injury of any type (Serious, Minor, Possible)",C,Possible Injury (C),2,0,0,2,USRoute,0.42,5,5-N,5-N,GRACE ST,,,,,41.319968,-72.898066,14,Motor Vehicle in Operation,1,Front to rear,1,On Roadway,1,Clear,88,Not Applicable,1,Daylight,1,Dry,0,None,88,Not Applicable,88,Not Applicable,0,None,88,Not Applicable,88,Not Applicable,2,Intersection,3,T-Intersection,1,No,1,No,88,Not Applicable,88,Not Applicable,88,Not Applicable,88,Not Applicable,FALSE,1,Public Road,1,"Trafficway, On Road",CT0009300,New Haven PD,87,46:59.0,C,Closed,00:26.0,,,,,,,
1242768,1,Complete,1242768,1242768,41.292271,-72.921931,3730973,New Haven,93,93,New Haven,1/29/2025,2025,1,January,29,4,Wednesday,8:36:00,8,25004144,A,"Injury of any type (Serious, Minor, Possible)",A,Suspected Serious Injury (A),2,0,0,4,Local,0.02,759,CHURCH ST SOUTH NO 2,CHURCH ST SOUTH NO 2,,SARGENT DR,100,Feet,W,41.292271,-72.921931,14,Motor Vehicle in Operation,2,Front to front,1,On Roadway,1,Clear,88,Not Applicable,1,Daylight,1,Dry,0,None,88,Not Applicable,88,Not Applicable,0,None,88,Not Applicable,88,Not Applicable,1,Non-Junction,1,Not at Intersection,1,No,1,No,88,Not Applicable,88,Not Applicable,88,Not Applicable,88,Not Applicable,FALSE,1,Public Road,1,"Trafficway, On Road",CT0009300,New Haven PD,46622,24:00.0,C,Closed,00:29.0,,,,,,,
1242771,1,Complete,1242771,1242771,41.31043124,-72.94049,3730976,New Haven,93,93,New Haven,1/29/2025,2025,1,January,29,4,Wednesday,15:44:00,15,25004199,A,"Injury of any type (Serious, Minor, Possible)",C,Possible Injury (C),2,0,0,4,Local,2.59,97,CHAPEL ST,CHAPEL ST,,KENSINGTON ST,55,Feet,W,41.31043124,-72.94049,14,Motor Vehicle in Operation,1,Front to rear,1,On Roadway,1,Clear,88,Not Applicable,1,Daylight,1,Dry,0,None,88,Not Applicable,88,Not Applicable,0,None,88,Not Applicable,88,Not Applicable,2,Intersection,3,T-Intersection,1,No,2,Yes,3,Transition Area,1,Lane Closure,99,Unknown,99,Unknown,FALSE,1,Public Road,1,"Trafficway, On Road",CT0009300,New Haven PD,44055,53:10.0,C,Closed,00:32.0,,,,,,,
1242775,1,Complete,1242775,1242775,41.30433,-72.92862,3730980,New Haven,93,93,New Haven,1/29/2025,2025,1,January,29,4,Wednesday,21:15:00,21,25004263,A,"Injury of any type (Serious, Minor, Possible)",C,Possible Injury (C),2,0,0,4,Local,0.75,588,TEMPLE ST,TEMPLE ST,GEORGE ST,,,,,41.30433,-72.92862,14,Motor Vehicle in Operation,3,Angle,1,On Roadway,1,Clear,88,Not Applicable,4,Dark-Lighted,1,Dry,0,None,88,Not Applicable,88,Not Applicable,0,None,88,Not Applicable,88,Not Applicable,2,Intersection,2,Four-Way Intersection,1,No,1,No,88,Not Applicable,88,Not Applicable,88,Not Applicable,88,Not Applicable,FALSE,1,Public Road,1,"Trafficway, On Road",CT0009300,New Haven PD,44049,44:21.0,C,Closed,00:37.0,,,,,,,
1243148,1,Complete,1243148,1243148,41.30904966,-72.89543838,3731353,New Haven,93,93,New Haven,12/31/2024,2024,12,December,31,3,Tuesday,0:43:00,0,24052096,A,"Injury of any type (Serious, Minor, Possible)",C,Possible Injury (C),3,0,0,4,Local,0.5,264,GRAND AV,GRAND AV,FERRY ST,,,,,41.30904966,-72.89543838,14,Motor Vehicle in Operation,3,Angle,1,On Roadway,1,Clear,88,Not Applicable,97,Other,1,Dry,0,None,88,Not Applicable,88,Not Applicable,0,None,88,Not Applicable,88,Not Applicable,2,Intersection,2,Four-Way Intersection,1,No,1,No,88,Not Applicable,88,Not Applicable,88,Not Applicable,88,Not Applicable,FALSE,1,Public Road,1,"Trafficway, On Road",CT0009300,New Haven PD,40789,32:34.0,C,Closed,00:21.0,,,,,,,
1243152,1,Complete,1243152,1243152,41.345383,-72.962348,3731357,New Haven,93,93,New Haven,1/30/2025,2025,1,January,30,5,Thursday,1:02:00,1,25004125,A,"Injury of any type (Serious, Minor, Possible)",A,Suspected Serious Injury (A),2,0,0,4,Local,0.23,725,WAYFARER ST,WAYFARER ST,LEVEL ST,,,,,41.345383,-72.962348,14,Motor Vehicle in Operation,3,Angle,1,On Roadway,1,Clear,88,Not Applicable,4,Dark-Lighted,1,Dry,0,None,88,Not Applicable,88,Not Applicable,0,None,88,Not Applicable,88,Not Applicable,2,Intersection,3,T-Intersection,1,No,1,No,88,Not Applicable,88,Not Applicable,88,Not Applicable,88,Not Applicable,FALSE,1,Public Road,1,"Trafficway, On Road",CT0009300,New Haven PD,44175,22:08.0,C,Closed,00:09.0,,,,,,,