CrashId,Fatal Case Status,Fatal Case Status Text Format,CrashId,CrashId,Latitude,Longitude,DOT Case Number,Town Name,Town Number,Town Number,Town Number Text Format,Date Of Crash,Year,Month,Month Text Format,Day,Day of the Week,Day of the Week Text Format,Time of Crash,Hour of the Day,Case Identifier,Crash Severity,Crash Severity Text Format,Most Severe Injury,Most Severe Injury Text Format,Number Of Motor Vehicles,Number Of Non-Motorist,Number Of Witnesses,Route Class,Route Class Text Format,Milemarker,Road Number,Road Description,Roadway Name,Intersecting Roadway Name,Landmark Description,Distance From Nearest Landmark,Unit Of Measure From Nearest Landmark,Direction From Nearest Landmark,Latitude,Longitude,First Harmful Event,First Harmful Event Text Format,Manner of Crash / Collision Impact,Manner of Crash / Collision Impact Text Format,Location of First Harmful Event,Location of First Harmful Event Text Format,Weather Condition,Weather Condition Text Format,Weather 2,Weather 2 Text Format,Light Condition,Light Condition Text Format,Road Surface Condition,Road Surface Condition Text Format,"Contributing Circumstances, Environment","Contributing Circumstances, Environment Text Format",Environment 2,Environment 2 Text Format,Environment 3,Environment 3 Text Format,"Contributing Circumstances, Road","Contributing Circumstances, Road Text Format",Road 2,Road 2 Text Format,Road 3,Road 3 Text Format,Crash Specific Location,Crash Specific Location Text Format,Type of Intersection,Type of Intersection Text Format,School Bus Related,School Bus Related Text Format,Work Zone Related,Work Zone Related Text Format,Location Of Crash Relative To Work Zone,Location Of Crash Relative To Work Zone Text Format,Type of Work Zone,Type of Work Zone Text Format,Worker Presence,Worker Presence Text Format,Law Enforcement Presence,Law Enforcement Presence Text Format,Were Vehicles Moved Prior To Police Arrival,Trafficway Ownership,Trafficway Ownership Text Format,Trafficway Class,Trafficway Class Text Format,Police Agency,Police Agency Text Format,Badge Number,Approval Date,Police Case Status,Police Case Status Text Format,Crash Report Submission Date,Related Case Identifiers,No. of Through Lanes (Log Dir.),Average Daily Traffic,Functional Classification,Functional Classification Text Format,Rural or Urban,Rural or Urban Text Format
1246609,1,Complete,1246609,1246609,41.307249,-72.93877,3734814,New Haven,93,93,New Haven,2/11/2025,2025,2,February,11,3,Tuesday,12:28:00,12,25005939,A,"Injury of any type (Serious, Minor, Possible)",C,Possible Injury (C),2,0,0,4,Local,0.5,160,DWIGHT ST,DWIGHT ST,,REV DR MARTIN LUTHER KING JR BLVD,70,Feet,N,41.307249,-72.93877,14,Motor Vehicle in Operation,1,Front to rear,1,On Roadway,1,Clear,88,Not Applicable,1,Daylight,1,Dry,0,None,88,Not Applicable,88,Not Applicable,0,None,88,Not Applicable,88,Not Applicable,3,Intersection-Related,2,Four-Way Intersection,1,No,1,No,88,Not Applicable,88,Not Applicable,88,Not Applicable,88,Not Applicable,FALSE,1,Public Road,1,"Trafficway, On Road",CT0009300,New Haven PD,503,37:28.0,C,Closed,01:36.0,,,,,,,
1246613,1,Complete,1246613,1246613,41.28731,-72.937314,3734818,New Haven,93,93,New Haven,2/11/2025,2025,2,February,11,3,Tuesday,17:11:00,17,25006006,A,"Injury of any type (Serious, Minor, Possible)",C,Possible Injury (C),2,0,0,3,State,0.55,10,10-N,10-N,,RD A,70,Feet,S,41.28731,-72.937314,14,Motor Vehicle in Operation,3,Angle,1,On Roadway,1,Clear,88,Not Applicable,4,Dark-Lighted,1,Dry,0,None,88,Not Applicable,88,Not Applicable,0,None,88,Not Applicable,88,Not Applicable,9,Driveway Access-Related,1,Not at Intersection,1,No,1,No,88,Not Applicable,88,Not Applicable,88,Not Applicable,88,Not Applicable,FALSE,1,Public Road,1,"Trafficway, On Road",CT0009300,New Haven PD,47005,53:28.0,C,Closed,01:40.0,,,,,,,
1246968,1,Complete,1246968,1246968,41.28648541,-72.93106281,3735173,New Haven,93,93,New Haven,2/11/2025,2025,2,February,11,3,Tuesday,16:30:00,16,25005977,A,"Injury of any type (Serious, Minor, Possible)",C,Possible Injury (C),2,0,0,4,Local,1.4,308,HOWARD AV,HOWARD AV,FOURTH ST,,,,,41.28648541,-72.93106281,14,Motor Vehicle in Operation,3,Angle,1,On Roadway,1,Clear,88,Not Applicable,1,Daylight,1,Dry,99,Unknown,88,Not Applicable,88,Not Applicable,99,Unknown,88,Not Applicable,88,Not Applicable,2,Intersection,2,Four-Way Intersection,1,No,1,No,88,Not Applicable,88,Not Applicable,88,Not Applicable,88,Not Applicable,FALSE,1,Public Road,1,"Trafficway, On Road",CT0009300,New Haven PD,46901,22:52.0,C,Closed,00:21.0,,,,,,,
1246972,1,Complete,1246972,1246972,41.297596,-72.942472,3735177,New Haven,93,93,New Haven,2/11/2025,2025,2,February,11,3,Tuesday,23:21:00,23,25006042,A,"Injury of any type (Serious, Minor, Possible)",C,Possible Injury (C),1,0,0,2,USRoute,46.97,1,1-N,1-N,,Bond St ,95,Feet,E,41.297596,-72.942472,36,Fence,88,Not Applicable,1,On Roadway,7,Snow,88,Not Applicable,4,Dark-Lighted,3,Snow,1,Weather Conditions,88,Not Applicable,88,Not Applicable,5,"Road Surface Condition (wet, icy, snow, slush, etc.)",88,Not Applicable,88,Not Applicable,1,Non-Junction,1,Not at Intersection,1,No,1,No,88,Not Applicable,88,Not Applicable,88,Not Applicable,88,Not Applicable,FALSE,1,Public Road,1,"Trafficway, On Road",CT0009300,New Haven PD,43690,33:54.0,C,Closed,00:21.0,,,,,,,
1246975,1,Complete,1246975,1246975,41.32507487,-72.92477274,3735180,New Haven,93,93,New Haven,2/12/2025,2025,2,February,12,4,Wednesday,0:13:00,0,25006049,A,"Injury of any type (Serious, Minor, Possible)",C,Possible Injury (C),2,0,0,4,Local,0.55,151,DIVISION ST,DIVISION ST,MANSFIELD ST,,,,,41.32507487,-72.92477274,14,Motor Vehicle in Operation,3,Angle,1,On Roadway,7,Snow,88,Not Applicable,4,Dark-Lighted,3,Snow,99,Unknown,88,Not Applicable,88,Not Applicable,0,None,88,Not Applicable,88,Not Applicable,2,Intersection,2,Four-Way Intersection,1,No,1,No,88,Not Applicable,88,Not Applicable,88,Not Applicable,88,Not Applicable,FALSE,1,Public Road,1,"Trafficway, On Road",CT0009300,New Haven PD,46619,23:12.0,C,Closed,00:20.0,,,,,,,
1246979,1,Complete,1246979,1246979,41.32491637,-72.92316264,3735184,New Haven,93,93,New Haven,2/12/2025,2025,2,February,12,4,Wednesday,7:45:00,7,25006059,A,"Injury of any type (Serious, Minor, Possible)",C,Possible Injury (C),2,0,0,4,Local,0.92,495,PROSPECT ST,PROSPECT ST,,DIVISION ST,37,Feet,N,41.32491637,-72.92316264,14,Motor Vehicle in Operation,1,Front to rear,1,On Roadway,7,Snow,88,Not Applicable,1,Daylight,3,Snow,1,Weather Conditions,88,Not Applicable,88,Not Applicable,5,"Road Surface Condition (wet, icy, snow, slush, etc.)",88,Not Applicable,88,Not Applicable,2,Intersection,3,T-Intersection,1,No,1,No,88,Not Applicable,88,Not Applicable,88,Not Applicable,88,Not Applicable,FALSE,1,Public Road,1,"Trafficway, On Road",CT0009300,New Haven PD,32,23:56.0,C,Closed,00:22.0,,,,,,,
1247346,1,Complete,1247346,1247346,41.3009191,-72.91540218,3735551,New Haven,93,93,New Haven,2/13/2025,2025,2,February,13,5,Thursday,9:05:00,9,25006267,A,"Injury of any type (Serious, Minor, Possible)",C,Possible Injury (C),2,0,0,2,USRoute,48.72,1,1-N,1-N,CHESTNUT ST NO 1,,,,,41.3009191,-72.91540218,14,Motor Vehicle in Operation,3,Angle,1,On Roadway,4,Rain,88,Not Applicable,1,Daylight,2,Wet,0,None,88,Not Applicable,88,Not Applicable,0,None,88,Not Applicable,88,Not Applicable,2,Intersection,3,T-Intersection,1,No,1,No,88,Not Applicable,88,Not Applicable,88,Not Applicable,88,Not Applicable,FALSE,1,Public Road,1,"Trafficway, On Road",CT0009300,New Haven PD,476,23:07.0,C,Closed,00:18.0,,,,,,,
1247351,1,Complete,1247351,1247351,41.300649,-72.943298,3735556,New Haven,93,93,New Haven,2/13/2025,2025,2,February,13,5,Thursday,15:16:00,15,25006346,A,"Injury of any type (Serious, Minor, Possible)",C,Possible Injury (C),2,0,0,4,Local,0.01,672,WINTHROP AV NO 1,WINTHROP AV NO 1,,DAVENPORT AVE,32,Feet,N,41.300649,-72.943298,14,Motor Vehicle in Operation,1,Front to rear,1,On Roadway,1,Clear,88,Not Applicable,1,Daylight,4,Slush,99,Unknown,88,Not Applicable,88,Not Applicable,99,Unknown,88,Not Applicable,88,Not Applicable,3,Intersection-Related,3,T-Intersection,1,No,1,No,88,Not Applicable,88,Not Applicable,88,Not Applicable,88,Not Applicable,TRUE,1,Public Road,1,"Trafficway, On Road",CT0009300,New Haven PD,46901,17:51.0,C,Closed,00:20.0,,,,,,,
1247353,1,Complete,1247353,1247353,41.29675872,-72.89282703,3735558,New Haven,93,93,New Haven,2/13/2025,2025,2,February,13,5,Thursday,19:44:00,19,25006400,A,"Injury of any type (Serious, Minor, Possible)",C,Possible Injury (C),2,0,0,4,Local,0.16,210,FARREN AV,FARREN AV,,FULTON ST,80,Feet,S,41.29675872,-72.89282703,14,Motor Vehicle in Operation,4,"Sideswipe, same direction",1,On Roadway,1,Clear,88,Not Applicable,4,Dark-Lighted,2,Wet,0,None,88,Not Applicable,88,Not Applicable,0,None,88,Not Applicable,88,Not Applicable,1,Non-Junction,1,Not at Intersection,1,No,1,No,88,Not Applicable,88,Not Applicable,88,Not Applicable,88,Not Applicable,FALSE,1,Public Road,1,"Trafficway, On Road",CT0009300,New Haven PD,279,54:12.0,C,Closed,00:22.0,,,,,,,
1247938,1,Complete,1247938,1247938,41.313957,-72.932577,3736143,New Haven,93,93,New Haven,1/31/2025,2025,1,January,31,6,Friday,11:46:00,11,25004512,A,"Injury of any type (Serious, Minor, Possible)",C,Possible Injury (C),2,0,0,4,Local,0.07,152,DIXWELL AV,DIXWELL AV,,Goffe St,250,Feet,N,41.313957,-72.932577,14,Motor Vehicle in Operation,4,"Sideswipe, same direction",1,On Roadway,4,Rain,88,Not Applicable,1,Daylight,2,Wet,0,None,88,Not Applicable,88,Not Applicable,97,Other,88,Not Applicable,88,Not Applicable,1,Non-Junction,1,Not at Intersection,1,No,1,No,88,Not Applicable,88,Not Applicable,88,Not Applicable,88,Not Applicable,FALSE,1,Public Road,1,"Trafficway, On Road",CT0009300,New Haven PD,279,25:27.0,C,Closed,00:26.0,,,,,,,
1247943,1,Complete,1247943,1247943,41.305412,-72.924324,3736148,New Haven,93,93,New Haven,2/7/2025,2025,2,February,7,6,Friday,23:50:00,23,25005553,A,"Injury of any type (Serious, Minor, Possible)",C,Possible Injury (C),2,0,0,4,Local,1.68,97,CHAPEL ST,CHAPEL ST,ORANGE ST NO 1,,,,,41.305412,-72.924324,14,Motor Vehicle in Operation,3,Angle,1,On Roadway,1,Clear,88,Not Applicable,4,Dark-Lighted,1,Dry,0,None,88,Not Applicable,88,Not Applicable,0,None,88,Not Applicable,88,Not Applicable,2,Intersection,2,Four-Way Intersection,1,No,1,No,88,Not Applicable,88,Not Applicable,88,Not Applicable,88,Not Applicable,FALSE,1,Public Road,1,"Trafficway, On Road",CT0009300,New Haven PD,751,58:56.0,C,Closed,00:27.0,,,,,,,
1247949,1,Complete,1247949,1247949,41.312272,-72.948598,3736154,New Haven,93,93,New Haven,2/14/2025,2025,2,February,14,6,Friday,1:13:00,1,25006429,A,"Injury of any type (Serious, Minor, Possible)",B,Suspected Minor Injury (B),3,0,0,4,Local,3.04,97,CHAPEL ST,CHAPEL ST,,NORTON ST,100,Feet,W,41.312272,-72.948598,14,Motor Vehicle in Operation,1,Front to rear,1,On Roadway,1,Clear,88,Not Applicable,4,Dark-Lighted,1,Dry,0,None,88,Not Applicable,88,Not Applicable,0,None,88,Not Applicable,88,Not Applicable,1,Non-Junction,1,Not at Intersection,1,No,1,No,88,Not Applicable,88,Not Applicable,88,Not Applicable,88,Not Applicable,FALSE,1,Public Road,1,"Trafficway, On Road",CT0009300,New Haven PD,11107,29:22.0,C,Closed,00:28.0,,,,,,,
1247951,1,Complete,1247951,1247951,41.31326655,-72.94281609,3736156,New Haven,93,93,New Haven,2/14/2025,2025,2,February,14,6,Friday,8:28:00,8,25006451,A,"Injury of any type (Serious, Minor, Possible)",C,Possible Injury (C),2,0,0,4,Local,0.11,481,PLATT ST,PLATT ST,,EDGEWOOD AVE,75,Feet,N,41.31326655,-72.94281609,14,Motor Vehicle in Operation,3,Angle,7,In Parking Lane or Zone,1,Clear,88,Not Applicable,1,Daylight,1,Dry,0,None,88,Not Applicable,88,Not Applicable,0,None,88,Not Applicable,88,Not Applicable,1,Non-Junction,1,Not at Intersection,1,No,1,No,88,Not Applicable,88,Not Applicable,88,Not Applicable,88,Not Applicable,FALSE,1,Public Road,1,"Trafficway, On Road",CT0009300,New Haven PD,503,23:42.0,C,Closed,00:31.0,,,,,,,
1247966,1,Complete,1247966,1247966,41.314965,-72.896927,3736171,New Haven,93,93,New Haven,2/14/2025,2025,2,February,14,6,Friday,21:27:00,21,25006587,A,"Injury of any type (Serious, Minor, Possible)",B,Suspected Minor Injury (B),2,0,0,4,Local,0.33,213,FERRY ST,FERRY ST,,,,,,41.314965,-72.896927,14,Motor Vehicle in Operation,1,Front to rear,1,On Roadway,1,Clear,88,Not Applicable,4,Dark-Lighted,1,Dry,0,None,88,Not Applicable,88,Not Applicable,0,None,88,Not Applicable,88,Not Applicable,3,Intersection-Related,2,Four-Way Intersection,1,No,1,No,88,Not Applicable,88,Not Applicable,88,Not Applicable,88,Not Applicable,TRUE,1,Public Road,1,"Trafficway, On Road",CT0009300,New Haven PD,46614,13:14.0,C,Closed,00:33.0,,,,,,,
1247967,1,Complete,1247967,1247967,41.29962457,-72.94488281,3736172,New Haven,93,93,New Haven,2/15/2025,2025,2,February,15,7,Saturday,1:31:00,1,25006606,A,"Injury of any type (Serious, Minor, Possible)",C,Possible Injury (C),2,0,0,4,Local,0.21,141,DAVENPORT AV,DAVENPORT AV,,WEST ST,400,Feet,W,41.29962457,-72.94488281,14,Motor Vehicle in Operation,3,Angle,7,In Parking Lane or Zone,1,Clear,88,Not Applicable,4,Dark-Lighted,1,Dry,0,None,88,Not Applicable,88,Not Applicable,0,None,88,Not Applicable,88,Not Applicable,1,Non-Junction,1,Not at Intersection,1,No,1,No,88,Not Applicable,88,Not Applicable,88,Not Applicable,88,Not Applicable,FALSE,1,Public Road,1,"Trafficway, On Road",CT0009300,New Haven PD,45132,16:38.0,C,Closed,00:35.0,,,,,,,
1247971,1,Complete,1247971,1247971,41.331978,-72.97436,3736176,New Haven,93,93,New Haven,2/15/2025,2025,2,February,15,7,Saturday,7:03:00,7,25006622,A,"Injury of any type (Serious, Minor, Possible)",C,Possible Injury (C),2,0,0,3,State,1.07,63,63-N,63-N,,ANTHONY ST,35,Feet,W,41.331978,-72.97436,14,Motor Vehicle in Operation,3,Angle,1,On Roadway,1,Clear,88,Not Applicable,1,Daylight,1,Dry,0,None,88,Not Applicable,88,Not Applicable,0,None,88,Not Applicable,88,Not Applicable,9,Driveway Access-Related,1,Not at Intersection,1,No,1,No,88,Not Applicable,88,Not Applicable,88,Not Applicable,88,Not Applicable,FALSE,1,Public Road,1,"Trafficway, On Road",CT0009300,New Haven PD,62,10:13.0,C,Closed,00:37.0,,,,,,,
1247983,1,Complete,1247983,1247983,41.328902,-72.965255,3736188,New Haven,93,93,New Haven,2/16/2025,2025,2,February,16,1,Sunday,23:24:00,23,25006717,A,"Injury of any type (Serious, Minor, Possible)",C,Possible Injury (C),1,0,0,3,State,0.53,63,63-N,63-N,Emerson St ,,,,,41.328902,-72.965255,33,Utility Pole/Light Support,88,Not Applicable,1,On Roadway,7,Snow,88,Not Applicable,4,Dark-Lighted,3,Snow,1,Weather Conditions,88,Not Applicable,88,Not Applicable,0,None,88,Not Applicable,88,Not Applicable,2,Intersection,2,Four-Way Intersection,1,No,1,No,88,Not Applicable,88,Not Applicable,88,Not Applicable,88,Not Applicable,FALSE,1,Public Road,1,"Trafficway, On Road",CT0009300,New Haven PD,44175,43:58.0,C,Closed,00:42.0,,,,,,,
1248920,1,Complete,1248920,1248920,41.2862088,-72.93618935,3737123,New Haven,93,93,New Haven,2/18/2025,2025,2,February,18,3,Tuesday,17:42:00,17,25007044,A,"Injury of any type (Serious, Minor, Possible)",C,Possible Injury (C),2,0,0,3,State,0.28,10,10-N,10-N,745-E,,,,,41.2862088,-72.93618935,14,Motor Vehicle in Operation,3,Angle,1,On Roadway,1,Clear,88,Not Applicable,4,Dark-Lighted,1,Dry,0,None,88,Not Applicable,88,Not Applicable,0,None,88,Not Applicable,88,Not Applicable,2,Intersection,2,Four-Way Intersection,1,No,1,No,88,Not Applicable,88,Not Applicable,88,Not Applicable,88,Not Applicable,FALSE,1,Public Road,1,"Trafficway, On Road",CT0009300,New Haven PD,46613,35:58.0,C,Closed,01:40.0,,,,,,,
1249136,1,Complete,1249136,1249136,41.30087,-72.915375,3737339,New Haven,93,93,New Haven,2/7/2025,2025,2,February,7,6,Friday,13:47:00,13,25005484,A,"Injury of any type (Serious, Minor, Possible)",C,Possible Injury (C),2,0,0,2,USRoute,48.72,1,1-N,1-N,CHESTNUT ST NO 1,,,,,41.30087,-72.915375,14,Motor Vehicle in Operation,3,Angle,1,On Roadway,1,Clear,88,Not Applicable,1,Daylight,1,Dry,0,None,88,Not Applicable,88,Not Applicable,0,None,88,Not Applicable,88,Not Applicable,2,Intersection,3,T-Intersection,1,No,1,No,88,Not Applicable,88,Not Applicable,88,Not Applicable,88,Not Applicable,FALSE,1,Public Road,1,"Trafficway, On Road",CT0009300,New Haven PD,329,17:53.0,C,Closed,00:59.0,,,,,,,
1249143,1,Complete,1249143,1249143,41.320328,-72.970078,3737346,New Haven,93,93,New Haven,2/20/2025,2025,2,February,20,5,Thursday,7:08:00,7,25007303,A,"Injury of any type (Serious, Minor, Possible)",C,Possible Injury (C),2,0,0,3,State,2.88,122,122-N,122-N,EDGEWOOD WAY,,,,,41.320328,-72.970078,14,Motor Vehicle in Operation,3,Angle,1,On Roadway,1,Clear,88,Not Applicable,1,Daylight,1,Dry,0,None,88,Not Applicable,88,Not Applicable,0,None,88,Not Applicable,88,Not Applicable,2,Intersection,2,Four-Way Intersection,1,No,1,No,88,Not Applicable,88,Not Applicable,88,Not Applicable,88,Not Applicable,FALSE,1,Public Road,1,"Trafficway, On Road",CT0009300,New Haven PD,503,44:41.0,C,Closed,00:56.0,,,,,,,
1249144,1,Complete,1249144,1249144,41.307724,-72.936695,3737347,New Haven,93,93,New Haven,2/20/2025,2025,2,February,20,5,Thursday,7:34:00,7,25007306,A,"Injury of any type (Serious, Minor, Possible)",C,Possible Injury (C),2,0,0,4,Local,0.72,248,GEORGE ST,GEORGE ST,HOWE ST,,,,,41.307724,-72.936695,14,Motor Vehicle in Operation,3,Angle,1,On Roadway,1,Clear,88,Not Applicable,1,Daylight,1,Dry,0,None,88,Not Applicable,88,Not Applicable,0,None,88,Not Applicable,88,Not Applicable,2,Intersection,2,Four-Way Intersection,1,No,1,No,88,Not Applicable,88,Not Applicable,88,Not Applicable,88,Not Applicable,FALSE,1,Public Road,1,"Trafficway, On Road",CT0009300,New Haven PD,91,47:02.0,C,Closed,00:56.0,,,,,,,
1249153,1,Complete,1249153,1249153,41.30606,-72.92585,3737356,New Haven,93,93,New Haven,2/20/2025,2025,2,February,20,5,Thursday,18:41:00,18,25007454,A,"Injury of any type (Serious, Minor, Possible)",B,Suspected Minor Injury (B),2,0,0,4,Local,1.77,97,CHAPEL ST,CHAPEL ST,Church St ,,,,,41.30606,-72.92585,14,Motor Vehicle in Operation,3,Angle,1,On Roadway,1,Clear,88,Not Applicable,4,Dark-Lighted,1,Dry,0,None,88,Not Applicable,88,Not Applicable,0,None,88,Not Applicable,88,Not Applicable,2,Intersection,2,Four-Way Intersection,1,No,1,No,88,Not Applicable,88,Not Applicable,88,Not Applicable,88,Not Applicable,FALSE,1,Public Road,1,"Trafficway, On Road",CT0009300,New Haven PD,44049,24:03.0,C,Closed,00:59.0,,,,,,,
1249523,1,Complete,1249523,1249523,41.319004,-72.914035,3737726,New Haven,93,93,New Haven,2/7/2025,2025,2,February,7,6,Friday,18:10:00,18,25005532,A,"Injury of any type (Serious, Minor, Possible)",C,Possible Injury (C),2,0,0,4,Local,0.64,450,ORANGE ST NO 1,ORANGE ST NO 1,LAWRENCE ST,,,,,41.319004,-72.914035,14,Motor Vehicle in Operation,3,Angle,1,On Roadway,1,Clear,1,Clear,4,Dark-Lighted,1,Dry,0,None,88,Not Applicable,88,Not Applicable,0,None,88,Not Applicable,88,Not Applicable,2,Intersection,2,Four-Way Intersection,1,No,1,No,88,Not Applicable,88,Not Applicable,88,Not Applicable,88,Not Applicable,FALSE,1,Public Road,1,"Trafficway, On Road",CT0009300,New Haven PD,46621,16:44.0,C,Closed,00:40.0,,,,,,,
1249527,1,Complete,1249527,1249527,41.306776,-72.926877,3737730,New Haven,93,93,New Haven,2/17/2025,2025,2,February,17,2,Monday,13:19:00,13,25006848,A,"Injury of any type (Serious, Minor, Possible)",C,Possible Injury (C),2,0,0,4,Local,0.55,588,TEMPLE ST,TEMPLE ST,,CHAPEL ST,50,Feet,N,41.306776,-72.926877,14,Motor Vehicle in Operation,1,Front to rear,1,On Roadway,1,Clear,88,Not Applicable,1,Daylight,2,Wet,0,None,88,Not Applicable,88,Not Applicable,0,None,88,Not Applicable,88,Not Applicable,3,Intersection-Related,2,Four-Way Intersection,1,No,1,No,88,Not Applicable,88,Not Applicable,88,Not Applicable,88,Not Applicable,FALSE,1,Public Road,1,"Trafficway, On Road",CT0009300,New Haven PD,46624,09:31.0,C,Closed,00:39.0,,,,,,,
1249530,1,Complete,1249530,1249530,41.32494497,-72.9279074,3737733,New Haven,93,93,New Haven,2/20/2025,2025,2,February,20,5,Thursday,22:50:00,22,25007480,A,"Injury of any type (Serious, Minor, Possible)",C,Possible Injury (C),1,0,0,4,Local,0.64,669,WINCHESTER AV,WINCHESTER AV,,Division st,195,Feet,S,41.32494497,-72.9279074,33,Utility Pole/Light Support,88,Not Applicable,1,On Roadway,1,Clear,88,Not Applicable,4,Dark-Lighted,1,Dry,0,None,88,Not Applicable,88,Not Applicable,0,None,88,Not Applicable,88,Not Applicable,1,Non-Junction,1,Not at Intersection,1,No,1,No,88,Not Applicable,88,Not Applicable,88,Not Applicable,88,Not Applicable,FALSE,1,Public Road,99,Unknown,CT0009300,New Haven PD,40085,14:21.0,C,Closed,00:36.0,,,,,,,
1249534,1,Complete,1249534,1249534,41.28974,-72.89237,3737737,New Haven,93,93,New Haven,2/21/2025,2025,2,February,21,6,Friday,4:26:00,4,25007489,A,"Injury of any type (Serious, Minor, Possible)",C,Possible Injury (C),2,0,0,2,USRoute,50.25,1,1-N,1-N,TOWNSEND AV,,,,,41.28974,-72.89237,14,Motor Vehicle in Operation,3,Angle,1,On Roadway,1,Clear,88,Not Applicable,4,Dark-Lighted,1,Dry,0,None,88,Not Applicable,88,Not Applicable,0,None,88,Not Applicable,88,Not Applicable,2,Intersection,2,Four-Way Intersection,1,No,1,No,88,Not Applicable,88,Not Applicable,88,Not Applicable,88,Not Applicable,FALSE,1,Public Road,1,"Trafficway, On Road",CT0009300,New Haven PD,42369,33:41.0,C,Closed,00:42.0,,,,,,,
1249540,1,Complete,1249540,1249540,41.327553,-72.960323,3737743,New Haven,93,93,New Haven,2/21/2025,2025,2,February,21,6,Friday,15:30:00,15,25007543,A,"Injury of any type (Serious, Minor, Possible)",C,Possible Injury (C),2,0,0,4,Local,0.98,56,BLAKE ST,BLAKE ST,,WHALLEY AVE,40,Feet,E,41.327553,-72.960323,14,Motor Vehicle in Operation,1,Front to rear,1,On Roadway,1,Clear,88,Not Applicable,1,Daylight,1,Dry,0,None,88,Not Applicable,88,Not Applicable,0,None,88,Not Applicable,88,Not Applicable,3,Intersection-Related,3,T-Intersection,1,No,1,No,88,Not Applicable,88,Not Applicable,88,Not Applicable,88,Not Applicable,FALSE,1,Public Road,1,"Trafficway, On Road",CT0009300,New Haven PD,45403,14:14.0,C,Closed,00:39.0,,,,,,,
1249543,1,Complete,1249543,1249543,41.30934238,-72.9354955,3737746,New Haven,93,93,New Haven,2/21/2025,2025,2,February,21,6,Friday,16:11:00,16,25007550,A,"Injury of any type (Serious, Minor, Possible)",C,Possible Injury (C),2,0,0,4,Local,0.24,310,HOWE ST,HOWE ST,CHAPEL ST,,,,,41.30934238,-72.9354955,14,Motor Vehicle in Operation,3,Angle,1,On Roadway,1,Clear,88,Not Applicable,1,Daylight,1,Dry,0,None,88,Not Applicable,88,Not Applicable,0,None,88,Not Applicable,88,Not Applicable,2,Intersection,2,Four-Way Intersection,1,No,1,No,88,Not Applicable,88,Not Applicable,88,Not Applicable,88,Not Applicable,FALSE,1,Public Road,1,"Trafficway, On Road",CT0009300,New Haven PD,46627,26:04.0,C,Closed,00:43.0,,,,,,,
1249544,1,Complete,1249544,1249544,41.319444,-72.918894,3737747,New Haven,93,93,New Haven,2/21/2025,2025,2,February,21,6,Friday,16:35:00,16,25007554,A,"Injury of any type (Serious, Minor, Possible)",C,Possible Injury (C),2,0,0,4,Local,0.65,656,WHITNEY AV,WHITNEY AV,,EDWARDS ST,30,Feet,S,41.319444,-72.918894,14,Motor Vehicle in Operation,1,Front to rear,1,On Roadway,1,Clear,88,Not Applicable,1,Daylight,1,Dry,0,None,88,Not Applicable,88,Not Applicable,0,None,88,Not Applicable,88,Not Applicable,3,Intersection-Related,2,Four-Way Intersection,1,No,1,No,88,Not Applicable,88,Not Applicable,88,Not Applicable,88,Not Applicable,FALSE,1,Public Road,1,"Trafficway, On Road",CT0009300,New Haven PD,87,00:21.0,C,Closed,00:41.0,,,,,,,
1249550,1,Complete,1249550,1249550,41.30893869,-72.93375803,3737753,New Haven,93,93,New Haven,2/22/2025,2025,2,February,22,7,Saturday,2:27:00,2,25007612,A,"Injury of any type (Serious, Minor, Possible)",C,Possible Injury (C),3,0,0,4,Local,2.23,97,CHAPEL ST,CHAPEL ST,,PARK STREET,25,Feet,W,41.30893869,-72.93375803,15,Parked Motor Vehicle,1,Front to rear,1,On Roadway,1,Clear,88,Not Applicable,4,Dark-Lighted,1,Dry,0,None,88,Not Applicable,88,Not Applicable,0,None,88,Not Applicable,88,Not Applicable,1,Non-Junction,1,Not at Intersection,1,No,1,No,88,Not Applicable,88,Not Applicable,88,Not Applicable,88,Not Applicable,FALSE,1,Public Road,1,"Trafficway, On Road",CT0009300,New Haven PD,11107,23:27.0,C,Closed,00:42.0,,,,,,,
1249554,1,Complete,1249554,1249554,41.3265,-72.96215,3737757,New Haven,93,93,New Haven,2/22/2025,2025,2,February,22,7,Saturday,13:44:00,13,25007669,A,"Injury of any type (Serious, Minor, Possible)",C,Possible Injury (C),2,0,0,3,State,6.53,243,243-E,243-E,PHILIP ST,,,,,41.3265,-72.96215,14,Motor Vehicle in Operation,1,Front to rear,1,On Roadway,1,Clear,88,Not Applicable,1,Daylight,1,Dry,0,None,88,Not Applicable,88,Not Applicable,0,None,88,Not Applicable,88,Not Applicable,2,Intersection,3,T-Intersection,1,No,1,No,88,Not Applicable,88,Not Applicable,88,Not Applicable,88,Not Applicable,TRUE,1,Public Road,1,"Trafficway, On Road",CT0009300,New Haven PD,42045,46:27.0,C,Closed,00:43.0,,,,,,,