CrashId,Fatal Case Status,Fatal Case Status Text Format,CrashId,CrashId,Latitude,Longitude,DOT Case Number,Town Name,Town Number,Town Number,Town Number Text Format,Date Of Crash,Year,Month,Month Text Format,Day,Day of the Week,Day of the Week Text Format,Time of Crash,Hour of the Day,Case Identifier,Crash Severity,Crash Severity Text Format,Most Severe Injury,Most Severe Injury Text Format,Number Of Motor Vehicles,Number Of Non-Motorist,Number Of Witnesses,Route Class,Route Class Text Format,Milemarker,Road Number,Road Description,Roadway Name,Intersecting Roadway Name,Landmark Description,Distance From Nearest Landmark,Unit Of Measure From Nearest Landmark,Direction From Nearest Landmark,Latitude,Longitude,First Harmful Event,First Harmful Event Text Format,Manner of Crash / Collision Impact,Manner of Crash / Collision Impact Text Format,Location of First Harmful Event,Location of First Harmful Event Text Format,Weather Condition,Weather Condition Text Format,Weather 2,Weather 2 Text Format,Light Condition,Light Condition Text Format,Road Surface Condition,Road Surface Condition Text Format,"Contributing Circumstances, Environment","Contributing Circumstances, Environment Text Format",Environment 2,Environment 2 Text Format,Environment 3,Environment 3 Text Format,"Contributing Circumstances, Road","Contributing Circumstances, Road Text Format",Road 2,Road 2 Text Format,Road 3,Road 3 Text Format,Crash Specific Location,Crash Specific Location Text Format,Type of Intersection,Type of Intersection Text Format,School Bus Related,School Bus Related Text Format,Work Zone Related,Work Zone Related Text Format,Location Of Crash Relative To Work Zone,Location Of Crash Relative To Work Zone Text Format,Type of Work Zone,Type of Work Zone Text Format,Worker Presence,Worker Presence Text Format,Law Enforcement Presence,Law Enforcement Presence Text Format,Were Vehicles Moved Prior To Police Arrival,Trafficway Ownership,Trafficway Ownership Text Format,Trafficway Class,Trafficway Class Text Format,Police Agency,Police Agency Text Format,Badge Number,Approval Date,Police Case Status,Police Case Status Text Format,Crash Report Submission Date,Related Case Identifiers,No. of Through Lanes (Log Dir.),Average Daily Traffic,Functional Classification,Functional Classification Text Format,Rural or Urban,Rural or Urban Text Format
1249557,1,Complete,1249557,1249557,41.308915,-72.897096,3737760,New Haven,93,93,New Haven,2/22/2025,2025,2,February,22,7,Saturday,18:17:00,18,25007692,A,"Injury of any type (Serious, Minor, Possible)",C,Possible Injury (C),2,0,0,4,Local,0.59,264,GRAND AV,GRAND AV,POPLAR ST,,,,,41.308915,-72.897096,14,Motor Vehicle in Operation,1,Front to rear,1,On Roadway,1,Clear,88,Not Applicable,4,Dark-Lighted,1,Dry,0,None,88,Not Applicable,88,Not Applicable,0,None,88,Not Applicable,88,Not Applicable,2,Intersection,2,Four-Way Intersection,1,No,1,No,88,Not Applicable,88,Not Applicable,88,Not Applicable,88,Not Applicable,TRUE,1,Public Road,1,"Trafficway, On Road",CT0009300,New Haven PD,46614,49:01.0,C,Closed,00:43.0,,,,,,,
1249560,1,Complete,1249560,1249560,41.320895,-72.934445,3737763,New Haven,93,93,New Haven,2/23/2025,2025,2,February,23,1,Sunday,19:35:00,19,25007710,A,"Injury of any type (Serious, Minor, Possible)",C,Possible Injury (C),1,1,0,4,Local,0.56,152,DIXWELL AV,DIXWELL AV,HENRY ST,,,,,41.320895,-72.934445,9,Pedestrian,88,Not Applicable,1,On Roadway,1,Clear,88,Not Applicable,4,Dark-Lighted,1,Dry,0,None,88,Not Applicable,88,Not Applicable,0,None,88,Not Applicable,88,Not Applicable,2,Intersection,2,Four-Way Intersection,1,No,1,No,88,Not Applicable,88,Not Applicable,88,Not Applicable,88,Not Applicable,TRUE,1,Public Road,1,"Trafficway, On Road",CT0009300,New Haven PD,40801,42:56.0,C,Closed,00:47.0,,,,,,,
1249561,1,Complete,1249561,1249561,41.2963036,-72.928297,3737764,New Haven,93,93,New Haven,2/22/2025,2025,2,February,22,7,Saturday,22:17:00,22,25007714,A,"Injury of any type (Serious, Minor, Possible)",C,Possible Injury (C),2,0,0,2,USRoute,47.84,1,1-N,1-N,CHURCH ST SOUTH NO 2,,,,,41.2963036,-72.928297,14,Motor Vehicle in Operation,97,Other,1,On Roadway,1,Clear,88,Not Applicable,4,Dark-Lighted,1,Dry,0,None,88,Not Applicable,88,Not Applicable,0,None,88,Not Applicable,88,Not Applicable,2,Intersection,2,Four-Way Intersection,1,No,1,No,88,Not Applicable,88,Not Applicable,88,Not Applicable,88,Not Applicable,FALSE,1,Public Road,1,"Trafficway, On Road",CT0009300,New Haven PD,45625,31:44.0,O,Open,00:44.0,,,,,,,
1250321,1,Complete,1250321,1250321,41.305034,-72.894585,3738524,New Haven,93,93,New Haven,2/23/2025,2025,2,February,23,1,Sunday,0:45:00,0,25007626,A,"Injury of any type (Serious, Minor, Possible)",C,Possible Injury (C),2,0,0,4,Local,1.04,213,FERRY ST,FERRY ST,,SALTONSTALL AVE,65,Feet,S,41.305034,-72.894585,14,Motor Vehicle in Operation,1,Front to rear,1,On Roadway,1,Clear,88,Not Applicable,6,Dark-Unknown Lighting,1,Dry,0,None,88,Not Applicable,88,Not Applicable,0,None,88,Not Applicable,88,Not Applicable,1,Non-Junction,1,Not at Intersection,1,No,1,No,88,Not Applicable,88,Not Applicable,88,Not Applicable,88,Not Applicable,FALSE,1,Public Road,1,"Trafficway, On Road",CT0009300,New Haven PD,45701,49:33.0,C,Closed,00:35.0,,,,,,,
1250323,1,Complete,1250323,1250323,41.322421,-72.878276,3738526,New Haven,93,93,New Haven,2/23/2025,2025,2,February,23,1,Sunday,18:35:00,18,25007819,A,"Injury of any type (Serious, Minor, Possible)",C,Possible Injury (C),2,0,0,3,State,0.19,80,80-E,80-E,,EXIT 8 (91-N-16A),785,Feet,E,41.322421,-72.878276,14,Motor Vehicle in Operation,3,Angle,1,On Roadway,1,Clear,88,Not Applicable,4,Dark-Lighted,1,Dry,0,None,88,Not Applicable,88,Not Applicable,0,None,88,Not Applicable,88,Not Applicable,9,Driveway Access-Related,1,Not at Intersection,1,No,1,No,88,Not Applicable,88,Not Applicable,88,Not Applicable,88,Not Applicable,TRUE,1,Public Road,1,"Trafficway, On Road",CT0009300,New Haven PD,279,36:55.0,C,Closed,00:42.0,,,,,,,
1250748,1,Complete,1250748,1250748,41.298383,-72.89392,3738951,New Haven,93,93,New Haven,2/25/2025,2025,2,February,25,3,Tuesday,9:33:00,9,25008080,A,"Injury of any type (Serious, Minor, Possible)",C,Possible Injury (C),2,0,0,4,Local,0.2,207,FAIRMONT AV,FAIRMONT AV,,LANCRAFT ST,50,Feet,S,41.298383,-72.89392,14,Motor Vehicle in Operation,4,"Sideswipe, same direction",1,On Roadway,1,Clear,88,Not Applicable,1,Daylight,1,Dry,0,None,88,Not Applicable,88,Not Applicable,0,None,88,Not Applicable,88,Not Applicable,1,Non-Junction,1,Not at Intersection,1,No,1,No,88,Not Applicable,88,Not Applicable,88,Not Applicable,88,Not Applicable,FALSE,1,Public Road,1,"Trafficway, On Road",CT0009300,New Haven PD,42049,09:01.0,C,Closed,01:57.0,,,,,,,
1250749,1,Complete,1250749,1250749,41.318247,-72.945793,3738952,New Haven,93,93,New Haven,2/25/2025,2025,2,February,25,3,Tuesday,9:36:00,9,25008081,A,"Injury of any type (Serious, Minor, Possible)",C,Possible Injury (C),2,0,0,4,Local,0.56,439,NORTON ST,NORTON ST,,WHALLEY AVE,100,Feet,N,41.318247,-72.945793,14,Motor Vehicle in Operation,3,Angle,1,On Roadway,1,Clear,88,Not Applicable,1,Daylight,1,Dry,0,None,88,Not Applicable,88,Not Applicable,0,None,88,Not Applicable,88,Not Applicable,1,Non-Junction,1,Not at Intersection,1,No,1,No,88,Not Applicable,88,Not Applicable,88,Not Applicable,88,Not Applicable,TRUE,1,Public Road,1,"Trafficway, On Road",CT0009300,New Haven PD,359,44:02.0,C,Closed,01:57.0,,,,,,,
1251047,1,Complete,1251047,1251047,41.309374,-72.888836,3739250,New Haven,93,93,New Haven,2/19/2025,2025,2,February,19,4,Wednesday,11:30:00,11,25006988,A,"Injury of any type (Serious, Minor, Possible)",C,Possible Injury (C),2,0,0,4,Local,0.15,264,GRAND AV,GRAND AV,FRONT ST,,,,,41.309374,-72.888836,14,Motor Vehicle in Operation,3,Angle,1,On Roadway,1,Clear,88,Not Applicable,1,Daylight,2,Wet,0,None,88,Not Applicable,88,Not Applicable,0,None,88,Not Applicable,88,Not Applicable,2,Intersection,2,Four-Way Intersection,1,No,1,No,88,Not Applicable,88,Not Applicable,88,Not Applicable,88,Not Applicable,FALSE,1,Public Road,1,"Trafficway, On Road",CT0009300,New Haven PD,765,52:44.0,C,Closed,01:48.0,,,,,,,
1251051,1,Complete,1251051,1251051,41.300638,-72.891728,3739254,New Haven,93,93,New Haven,2/26/2025,2025,2,February,26,4,Wednesday,9:20:00,9,25008267,A,"Injury of any type (Serious, Minor, Possible)",C,Possible Injury (C),3,0,0,4,Local,0.23,795,EAST FERRY ST,EAST FERRY ST,,FARREN AVENUE,50,Feet,E,41.300638,-72.891728,14,Motor Vehicle in Operation,1,Front to rear,1,On Roadway,1,Clear,88,Not Applicable,1,Daylight,1,Dry,0,None,88,Not Applicable,88,Not Applicable,0,None,88,Not Applicable,88,Not Applicable,3,Intersection-Related,2,Four-Way Intersection,1,No,1,No,88,Not Applicable,88,Not Applicable,88,Not Applicable,88,Not Applicable,FALSE,1,Public Road,1,"Trafficway, On Road",CT0009300,New Haven PD,180,57:25.0,C,Closed,01:49.0,25008267,,,,,,
1251337,1,Complete,1251337,1251337,41.321397,-72.875369,3739540,New Haven,93,93,New Haven,2/27/2025,2025,2,February,27,5,Thursday,10:41:00,10,25008424,A,"Injury of any type (Serious, Minor, Possible)",C,Possible Injury (C),2,0,0,3,State,0.36,80,80-E,80-E,,QUINNIPIAC AVENUE,390,Feet,W,41.321397,-72.875369,14,Motor Vehicle in Operation,1,Front to rear,1,On Roadway,4,Rain,88,Not Applicable,1,Daylight,2,Wet,1,Weather Conditions,88,Not Applicable,88,Not Applicable,0,None,88,Not Applicable,88,Not Applicable,9,Driveway Access-Related,1,Not at Intersection,1,No,1,No,88,Not Applicable,88,Not Applicable,88,Not Applicable,88,Not Applicable,FALSE,1,Public Road,1,"Trafficway, On Road",CT0009300,New Haven PD,180,16:48.0,C,Closed,01:27.0,25008424,,,,,,
1251698,1,Complete,1251698,1251698,41.320932,-72.936048,3739901,New Haven,93,93,New Haven,2/22/2025,2025,2,February,22,7,Saturday,11:15:00,11,25007652,A,"Injury of any type (Serious, Minor, Possible)",C,Possible Injury (C),2,0,0,4,Local,1.42,453,ORCHARD ST,ORCHARD ST,HENRY ST,,,,,41.320932,-72.936048,14,Motor Vehicle in Operation,3,Angle,1,On Roadway,1,Clear,88,Not Applicable,1,Daylight,1,Dry,0,None,88,Not Applicable,88,Not Applicable,0,None,88,Not Applicable,88,Not Applicable,2,Intersection,2,Four-Way Intersection,1,No,1,No,88,Not Applicable,88,Not Applicable,88,Not Applicable,88,Not Applicable,FALSE,1,Public Road,1,"Trafficway, On Road",CT0009300,New Haven PD,40799,50:42.0,C,Closed,01:09.0,,,,,,,
1251699,1,Complete,1251699,1251699,41.304905,-72.938085,3739902,New Haven,93,93,New Haven,2/22/2025,2025,2,February,22,7,Saturday,14:24:00,14,25007683,A,"Injury of any type (Serious, Minor, Possible)",C,Possible Injury (C),2,0,0,4,Local,0.04,585,SYLVAN AV,SYLVAN AV,,Vernon St,65,Feet,E,41.304905,-72.938085,14,Motor Vehicle in Operation,4,"Sideswipe, same direction",1,On Roadway,1,Clear,88,Not Applicable,1,Daylight,1,Dry,99,Unknown,88,Not Applicable,88,Not Applicable,0,None,88,Not Applicable,88,Not Applicable,1,Non-Junction,1,Not at Intersection,1,No,1,No,88,Not Applicable,88,Not Applicable,88,Not Applicable,88,Not Applicable,TRUE,1,Public Road,1,"Trafficway, On Road",CT0009300,New Haven PD,46901,05:52.0,C,Closed,01:07.0,,,,,,,
1251702,1,Complete,1251702,1251702,41.306764,-72.946381,3739905,New Haven,93,93,New Haven,2/27/2025,2025,2,February,27,5,Thursday,20:41:00,20,25008520,A,"Injury of any type (Serious, Minor, Possible)",C,Possible Injury (C),2,0,0,4,Local,1.23,809,REV DR MLK JR BLVD,REV DR MLK JR BLVD,SHERMAN AV,,,,,41.306764,-72.946381,14,Motor Vehicle in Operation,3,Angle,1,On Roadway,1,Clear,88,Not Applicable,4,Dark-Lighted,2,Wet,99,Unknown,88,Not Applicable,88,Not Applicable,0,None,88,Not Applicable,88,Not Applicable,2,Intersection,2,Four-Way Intersection,1,No,1,No,88,Not Applicable,88,Not Applicable,88,Not Applicable,88,Not Applicable,TRUE,1,Public Road,1,"Trafficway, On Road",CT0009300,New Haven PD,46627,44:30.0,C,Closed,01:12.0,,,,,,,
1251705,1,Complete,1251705,1251705,41.315713,-72.922477,3739908,New Haven,93,93,New Haven,2/28/2025,2025,2,February,28,6,Friday,7:11:00,7,25008542,A,"Injury of any type (Serious, Minor, Possible)",C,Possible Injury (C),2,0,0,4,Local,0.09,536,SACHEM ST,SACHEM ST,,HILLHOUSE AVE,50,Feet,E,41.315713,-72.922477,15,Parked Motor Vehicle,1,Front to rear,1,On Roadway,1,Clear,88,Not Applicable,1,Daylight,1,Dry,3,Glare,88,Not Applicable,88,Not Applicable,0,None,88,Not Applicable,88,Not Applicable,1,Non-Junction,1,Not at Intersection,1,No,1,No,88,Not Applicable,88,Not Applicable,88,Not Applicable,88,Not Applicable,FALSE,1,Public Road,1,"Trafficway, On Road",CT0009300,New Haven PD,32,21:50.0,C,Closed,01:08.0,,,,,,,
1251712,1,Complete,1251712,1251712,41.313793,-72.94650343,3739915,New Haven,93,93,New Haven,2/28/2025,2025,2,February,28,6,Friday,18:36:00,18,25008644,A,"Injury of any type (Serious, Minor, Possible)",C,Possible Injury (C),2,0,0,4,Local,1.3,179,EDGEWOOD AV,EDGEWOOD AV,,WINTHROP AVE,75,Feet,W,41.313793,-72.94650343,14,Motor Vehicle in Operation,6,Rear to side,1,On Roadway,1,Clear,88,Not Applicable,4,Dark-Lighted,1,Dry,0,None,88,Not Applicable,88,Not Applicable,0,None,88,Not Applicable,88,Not Applicable,9,Driveway Access-Related,1,Not at Intersection,1,No,1,No,88,Not Applicable,88,Not Applicable,88,Not Applicable,88,Not Applicable,FALSE,1,Public Road,1,"Trafficway, On Road",CT0009300,New Haven PD,44055,53:15.0,C,Closed,01:18.0,,,,,,,
1251714,1,Complete,1251714,1251714,41.2934,-72.939326,3739917,New Haven,93,93,New Haven,2/28/2025,2025,2,February,28,6,Friday,19:06:00,19,25008660,A,"Injury of any type (Serious, Minor, Possible)",C,Possible Injury (C),2,0,0,4,Local,0.34,626,WASHINGTON AV NO 1,WASHINGTON AV NO 1,SPRING ST,,,,,41.2934,-72.939326,14,Motor Vehicle in Operation,3,Angle,1,On Roadway,1,Clear,88,Not Applicable,4,Dark-Lighted,1,Dry,0,None,88,Not Applicable,88,Not Applicable,0,None,88,Not Applicable,88,Not Applicable,2,Intersection,2,Four-Way Intersection,1,No,1,No,88,Not Applicable,88,Not Applicable,88,Not Applicable,88,Not Applicable,TRUE,1,Public Road,1,"Trafficway, On Road",CT0009300,New Haven PD,44949,35:18.0,C,Closed,01:12.0,,,,,,,
1251717,1,Complete,1251717,1251717,41.31281261,-72.90389718,3739920,New Haven,93,93,New Haven,3/1/2025,2025,3,March,1,7,Saturday,2:06:00,2,25008696,A,"Injury of any type (Serious, Minor, Possible)",C,Possible Injury (C),1,0,0,4,Local,0.24,327,JAMES ST,JAMES ST,,JOHN W MURPHY DR,16,Feet,N,41.31281261,-72.90389718,33,Utility Pole/Light Support,88,Not Applicable,4,Roadside,1,Clear,88,Not Applicable,4,Dark-Lighted,1,Dry,0,None,88,Not Applicable,88,Not Applicable,0,None,88,Not Applicable,88,Not Applicable,3,Intersection-Related,3,T-Intersection,1,No,1,No,88,Not Applicable,88,Not Applicable,88,Not Applicable,88,Not Applicable,FALSE,1,Public Road,1,"Trafficway, On Road",CT0009300,New Haven PD,47003,48:51.0,C,Closed,01:15.0,25008696,,,,,,
1251718,1,Complete,1251718,1251718,41.291867,-72.892303,3739921,New Haven,93,93,New Haven,3/1/2025,2025,3,March,1,7,Saturday,3:12:00,3,25008700,A,"Injury of any type (Serious, Minor, Possible)",B,Suspected Minor Injury (B),3,0,1,4,Local,0.1,597,TOWNSEND AV,TOWNSEND AV,,BURWELL ST,285,Feet,N,41.291867,-72.892303,14,Motor Vehicle in Operation,1,Front to rear,2,Shoulder,1,Clear,88,Not Applicable,4,Dark-Lighted,1,Dry,0,None,88,Not Applicable,88,Not Applicable,0,None,88,Not Applicable,88,Not Applicable,1,Non-Junction,1,Not at Intersection,1,No,1,No,88,Not Applicable,88,Not Applicable,88,Not Applicable,88,Not Applicable,FALSE,1,Public Road,1,"Trafficway, On Road",CT0009300,New Haven PD,44063,48:03.0,C,Closed,01:14.0,,,,,,,
1251722,1,Complete,1251722,1251722,41.3208988,-72.8744124,3739925,New Haven,93,93,New Haven,3/1/2025,2025,3,March,1,7,Saturday,11:19:00,11,25008728,A,"Injury of any type (Serious, Minor, Possible)",C,Possible Injury (C),3,0,0,3,State,0.42,80,80-E,80-E,,QUINNIPIAC AVE,60,Feet,W,41.3208988,-72.8744124,14,Motor Vehicle in Operation,3,Angle,1,On Roadway,1,Clear,88,Not Applicable,1,Daylight,1,Dry,0,None,88,Not Applicable,88,Not Applicable,0,None,88,Not Applicable,88,Not Applicable,9,Driveway Access-Related,1,Not at Intersection,1,No,1,No,88,Not Applicable,88,Not Applicable,88,Not Applicable,88,Not Applicable,FALSE,1,Public Road,1,"Trafficway, On Road",CT0009300,New Haven PD,42049,48:04.0,C,Closed,01:18.0,,,,,,,
1251729,1,Complete,1251729,1251729,41.320259,-72.868416,3739932,New Haven,93,93,New Haven,3/2/2025,2025,3,March,2,1,Sunday,13:05:00,13,25008856,A,"Injury of any type (Serious, Minor, Possible)",C,Possible Injury (C),2,0,0,3,State,0.75,80,80-E,80-E,,OLD FOXON RD,50,Feet,E,41.320259,-72.868416,14,Motor Vehicle in Operation,1,Front to rear,1,On Roadway,1,Clear,88,Not Applicable,1,Daylight,1,Dry,0,None,88,Not Applicable,88,Not Applicable,0,None,88,Not Applicable,88,Not Applicable,1,Non-Junction,1,Not at Intersection,1,No,1,No,88,Not Applicable,88,Not Applicable,88,Not Applicable,88,Not Applicable,FALSE,1,Public Road,1,"Trafficway, On Road",CT0009300,New Haven PD,42049,17:51.0,C,Closed,01:22.0,,,,,,,
1251732,1,Complete,1251732,1251732,41.30289363,-72.91811583,3739935,New Haven,93,93,New Haven,3/2/2025,2025,3,March,2,1,Sunday,15:00:00,15,25008874,A,"Injury of any type (Serious, Minor, Possible)",C,Possible Injury (C),2,0,0,4,Local,0.06,62,DEPALMA CT,DEPALMA CT,WOOSTER ST NO 1,,,,,41.30289363,-72.91811583,14,Motor Vehicle in Operation,3,Angle,1,On Roadway,1,Clear,88,Not Applicable,1,Daylight,1,Dry,0,None,88,Not Applicable,88,Not Applicable,0,None,88,Not Applicable,88,Not Applicable,2,Intersection,3,T-Intersection,1,No,1,No,88,Not Applicable,88,Not Applicable,88,Not Applicable,88,Not Applicable,FALSE,1,Public Road,1,"Trafficway, On Road",CT0009300,New Haven PD,46624,47:24.0,C,Closed,01:23.0,,,,,,,
1251736,1,Complete,1251736,1251736,41.309453,-72.943497,3739939,New Haven,93,93,New Haven,3/2/2025,2025,3,March,2,1,Sunday,18:52:00,18,25008896,A,"Injury of any type (Serious, Minor, Possible)",C,Possible Injury (C),2,0,0,4,Local,0.34,248,GEORGE ST,GEORGE ST,GREENWOOD ST NO 2,,,,,41.309453,-72.943497,14,Motor Vehicle in Operation,4,"Sideswipe, same direction",1,On Roadway,1,Clear,88,Not Applicable,4,Dark-Lighted,1,Dry,0,None,88,Not Applicable,88,Not Applicable,0,None,88,Not Applicable,88,Not Applicable,2,Intersection,3,T-Intersection,1,No,1,No,88,Not Applicable,88,Not Applicable,88,Not Applicable,88,Not Applicable,FALSE,1,Public Road,1,"Trafficway, On Road",CT0009300,New Haven PD,11439,26:28.0,C,Closed,01:26.0,,,,,,,
1252482,1,Complete,1252482,1252482,41.29096726,-72.94140456,924020,New Haven,93,93,New Haven,1/28/2024,2024,1,January,28,1,Sunday,1:28:00,1,24003940,K,Fatal (Kill),K,Fatal Injury (K),1,1,1,3,State,0.7,10,10-N,10-N,WASHINGTON AV NO 1,,,,,41.29096726,-72.94140456,9,Pedestrian,88,Not Applicable,1,On Roadway,1,Clear,88,Not Applicable,4,Dark-Lighted,1,Dry,0,None,88,Not Applicable,88,Not Applicable,0,None,88,Not Applicable,88,Not Applicable,2,Intersection,2,Four-Way Intersection,1,No,1,No,88,Not Applicable,88,Not Applicable,88,Not Applicable,88,Not Applicable,FALSE,1,Public Road,1,"Trafficway, On Road",CT0009300,New Haven PD,44952,29:09.0,C,Closed,00:20.0,,,,,,,
1252492,1,Complete,1252492,1252492,41.32108388,-72.95186888,3740695,New Haven,93,93,New Haven,3/1/2025,2025,3,March,1,7,Saturday,16:03:00,16,25008763,A,"Injury of any type (Serious, Minor, Possible)",C,Possible Injury (C),2,0,0,3,State,3.24,10,10-N,10-N,,whittlesey av ,15,Feet,E,41.32108388,-72.95186888,14,Motor Vehicle in Operation,97,Other,1,On Roadway,1,Clear,88,Not Applicable,1,Daylight,1,Dry,0,None,88,Not Applicable,88,Not Applicable,0,None,88,Not Applicable,88,Not Applicable,9,Driveway Access-Related,1,Not at Intersection,1,No,1,No,88,Not Applicable,88,Not Applicable,88,Not Applicable,88,Not Applicable,FALSE,1,Public Road,1,"Trafficway, On Road",CT0009300,New Haven PD,45398,49:04.0,C,Closed,00:24.0,,,,,,,
1252493,1,Complete,1252493,1252493,41.319518,-72.928914,3740696,New Haven,93,93,New Haven,3/1/2025,2025,3,March,1,7,Saturday,17:13:00,17,25008774,A,"Injury of any type (Serious, Minor, Possible)",C,Possible Injury (C),2,0,0,4,Local,0.14,81,CANAL ST NO 1,CANAL ST NO 1,GREGORY ST,,,,,41.319518,-72.928914,14,Motor Vehicle in Operation,3,Angle,1,On Roadway,1,Clear,88,Not Applicable,1,Daylight,1,Dry,0,None,88,Not Applicable,88,Not Applicable,0,None,88,Not Applicable,88,Not Applicable,2,Intersection,3,T-Intersection,1,No,1,No,88,Not Applicable,88,Not Applicable,88,Not Applicable,88,Not Applicable,TRUE,1,Public Road,1,"Trafficway, On Road",CT0009300,New Haven PD,40801,24:41.0,C,Closed,00:24.0,,,,,,,
1252494,1,Complete,1252494,1252494,41.316461,-72.942557,3740697,New Haven,93,93,New Haven,3/1/2025,2025,3,March,1,7,Saturday,20:54:00,20,25008797,A,"Injury of any type (Serious, Minor, Possible)",C,Possible Injury (C),2,0,0,4,Local,0.76,556,SHERMAN AV,SHERMAN AV,,WHALLEY AVENUE,50,Feet,S,41.316461,-72.942557,14,Motor Vehicle in Operation,4,"Sideswipe, same direction",1,On Roadway,1,Clear,88,Not Applicable,4,Dark-Lighted,1,Dry,0,None,88,Not Applicable,88,Not Applicable,0,None,88,Not Applicable,88,Not Applicable,9,Driveway Access-Related,1,Not at Intersection,1,No,1,No,88,Not Applicable,88,Not Applicable,88,Not Applicable,88,Not Applicable,TRUE,1,Public Road,1,"Trafficway, On Road",CT0009300,New Haven PD,45398,41:11.0,C,Closed,00:24.0,,,,,,,
1252503,1,Complete,1252503,1252503,41.297543,-72.948554,3740706,New Haven,93,93,New Haven,3/3/2025,2025,3,March,3,2,Monday,16:41:00,16,25009028,A,"Injury of any type (Serious, Minor, Possible)",C,Possible Injury (C),2,0,0,2,USRoute,46.66,1,1-N,1-N,,ELLA T GRASSO BLVD,85,Feet,E,41.297543,-72.948554,14,Motor Vehicle in Operation,3,Angle,1,On Roadway,1,Clear,88,Not Applicable,1,Daylight,1,Dry,99,Unknown,88,Not Applicable,88,Not Applicable,99,Unknown,88,Not Applicable,88,Not Applicable,3,Intersection-Related,2,Four-Way Intersection,1,No,1,No,88,Not Applicable,88,Not Applicable,88,Not Applicable,88,Not Applicable,FALSE,1,Public Road,1,"Trafficway, On Road",CT0009300,New Haven PD,40947,58:24.0,C,Closed,00:33.0,,,,,,,
1252505,1,Complete,1252505,1252505,41.291261,-72.933234,3740708,New Haven,93,93,New Haven,3/3/2025,2025,3,March,3,2,Monday,17:06:00,17,25009057,A,"Injury of any type (Serious, Minor, Possible)",C,Possible Injury (C),2,0,0,4,Local,0.07,339,KIMBERLY AV,KIMBERLY AV,LAMBERTON ST,,,,,41.291261,-72.933234,14,Motor Vehicle in Operation,4,"Sideswipe, same direction",1,On Roadway,1,Clear,88,Not Applicable,1,Daylight,1,Dry,0,None,88,Not Applicable,88,Not Applicable,0,None,88,Not Applicable,88,Not Applicable,2,Intersection,2,Four-Way Intersection,1,No,1,No,88,Not Applicable,88,Not Applicable,88,Not Applicable,88,Not Applicable,FALSE,1,Public Road,1,"Trafficway, On Road",CT0009300,New Haven PD,46627,44:36.0,C,Closed,00:34.0,,,,,,,
1252507,1,Complete,1252507,1252507,41.30875,-72.895379,3740710,New Haven,93,93,New Haven,3/3/2025,2025,3,March,3,2,Monday,19:00:00,19,25009085,A,"Injury of any type (Serious, Minor, Possible)",C,Possible Injury (C),3,0,0,4,Local,0.77,213,FERRY ST,FERRY ST,,GRAND AVE,80,Feet,S,41.30875,-72.895379,14,Motor Vehicle in Operation,1,Front to rear,1,On Roadway,1,Clear,88,Not Applicable,4,Dark-Lighted,1,Dry,0,None,88,Not Applicable,88,Not Applicable,0,None,88,Not Applicable,88,Not Applicable,3,Intersection-Related,2,Four-Way Intersection,1,No,1,No,88,Not Applicable,88,Not Applicable,88,Not Applicable,88,Not Applicable,FALSE,1,Public Road,1,"Trafficway, On Road",CT0009300,New Haven PD,45700,02:28.0,C,Closed,00:34.0,,,,,,,
1252852,1,Complete,1252852,1252852,41.309485,-72.873917,3741054,New Haven,93,93,New Haven,2/27/2025,2025,2,February,27,5,Thursday,19:03:00,19,25008501,A,"Injury of any type (Serious, Minor, Possible)",C,Possible Injury (C),2,0,1,,,,,,84 EASTERN ST,,MARIE ST,115,Feet,W,41.309485,-72.873917,14,Motor Vehicle in Operation,1,Front to rear,97,Other,1,Clear,88,Not Applicable,4,Dark-Lighted,1,Dry,0,None,88,Not Applicable,88,Not Applicable,0,None,88,Not Applicable,88,Not Applicable,97,Other,1,Not at Intersection,1,No,1,No,88,Not Applicable,88,Not Applicable,88,Not Applicable,88,Not Applicable,FALSE,88,Not Applicable,4,Parking Lot,CT0009300,New Haven PD,47005,14:47.0,C,Closed,00:44.0,,,,,,,
1252864,1,Complete,1252864,1252864,41.314707,-72.959374,3741066,New Haven,93,93,New Haven,3/4/2025,2025,3,March,4,3,Tuesday,19:22:00,19,25009222,A,"Injury of any type (Serious, Minor, Possible)",C,Possible Injury (C),3,0,0,4,Local,3.64,97,CHAPEL ST,CHAPEL ST,,YALE AVE,60,Feet,W,41.314707,-72.959374,14,Motor Vehicle in Operation,1,Front to rear,2,Shoulder,1,Clear,88,Not Applicable,4,Dark-Lighted,1,Dry,0,None,88,Not Applicable,88,Not Applicable,0,None,88,Not Applicable,88,Not Applicable,1,Non-Junction,1,Not at Intersection,1,No,1,No,88,Not Applicable,88,Not Applicable,88,Not Applicable,88,Not Applicable,FALSE,1,Public Road,1,"Trafficway, On Road",CT0009300,New Haven PD,45397,59:12.0,C,Closed,00:48.0,,,,,,,