CrashId,Fatal Case Status,Fatal Case Status Text Format,CrashId,CrashId,Latitude,Longitude,DOT Case Number,Town Name,Town Number,Town Number,Town Number Text Format,Date Of Crash,Year,Month,Month Text Format,Day,Day of the Week,Day of the Week Text Format,Time of Crash,Hour of the Day,Case Identifier,Crash Severity,Crash Severity Text Format,Most Severe Injury,Most Severe Injury Text Format,Number Of Motor Vehicles,Number Of Non-Motorist,Number Of Witnesses,Route Class,Route Class Text Format,Milemarker,Road Number,Road Description,Roadway Name,Intersecting Roadway Name,Landmark Description,Distance From Nearest Landmark,Unit Of Measure From Nearest Landmark,Direction From Nearest Landmark,Latitude,Longitude,First Harmful Event,First Harmful Event Text Format,Manner of Crash / Collision Impact,Manner of Crash / Collision Impact Text Format,Location of First Harmful Event,Location of First Harmful Event Text Format,Weather Condition,Weather Condition Text Format,Weather 2,Weather 2 Text Format,Light Condition,Light Condition Text Format,Road Surface Condition,Road Surface Condition Text Format,"Contributing Circumstances, Environment","Contributing Circumstances, Environment Text Format",Environment 2,Environment 2 Text Format,Environment 3,Environment 3 Text Format,"Contributing Circumstances, Road","Contributing Circumstances, Road Text Format",Road 2,Road 2 Text Format,Road 3,Road 3 Text Format,Crash Specific Location,Crash Specific Location Text Format,Type of Intersection,Type of Intersection Text Format,School Bus Related,School Bus Related Text Format,Work Zone Related,Work Zone Related Text Format,Location Of Crash Relative To Work Zone,Location Of Crash Relative To Work Zone Text Format,Type of Work Zone,Type of Work Zone Text Format,Worker Presence,Worker Presence Text Format,Law Enforcement Presence,Law Enforcement Presence Text Format,Were Vehicles Moved Prior To Police Arrival,Trafficway Ownership,Trafficway Ownership Text Format,Trafficway Class,Trafficway Class Text Format,Police Agency,Police Agency Text Format,Badge Number,Approval Date,Police Case Status,Police Case Status Text Format,Crash Report Submission Date,Related Case Identifiers,No. of Through Lanes (Log Dir.),Average Daily Traffic,Functional Classification,Functional Classification Text Format,Rural or Urban,Rural or Urban Text Format
1253115,1,Complete,1253115,1253115,41.301497,-72.926973,3741317,New Haven,93,93,New Haven,2/22/2025,2025,2,February,22,7,Saturday,22:47:00,22,25007720,A,"Injury of any type (Serious, Minor, Possible)",C,Possible Injury (C),2,0,0,4,Local,0.61,564,SOUTH FRONTAGE RD,SOUTH FRONTAGE RD,S ORANGE ST,,,,,41.301497,-72.926973,14,Motor Vehicle in Operation,3,Angle,1,On Roadway,1,Clear,88,Not Applicable,4,Dark-Lighted,1,Dry,0,None,88,Not Applicable,88,Not Applicable,0,None,88,Not Applicable,88,Not Applicable,2,Intersection,8,"Five-Point, or More",1,No,1,No,88,Not Applicable,88,Not Applicable,88,Not Applicable,88,Not Applicable,FALSE,1,Public Road,1,"Trafficway, On Road",CT0009300,New Haven PD,44953,51:34.0,C,Closed,00:19.0,,,,,,,
1253120,1,Complete,1253120,1253120,41.296365,-72.893951,3741322,New Haven,93,93,New Haven,3/5/2025,2025,3,March,5,4,Wednesday,0:06:00,0,25009243,A,"Injury of any type (Serious, Minor, Possible)",B,Suspected Minor Injury (B),3,0,0,4,Local,0.34,207,FAIRMONT AV,FAIRMONT AV,,FULTON ST,100,Feet,S,41.296365,-72.893951,15,Parked Motor Vehicle,3,Angle,2,Shoulder,1,Clear,88,Not Applicable,4,Dark-Lighted,1,Dry,0,None,88,Not Applicable,88,Not Applicable,0,None,88,Not Applicable,88,Not Applicable,1,Non-Junction,1,Not at Intersection,1,No,1,No,88,Not Applicable,88,Not Applicable,88,Not Applicable,88,Not Applicable,FALSE,1,Public Road,1,"Trafficway, On Road",CT0009300,New Haven PD,44339,04:59.0,C,Closed,00:20.0,,,,,,,
1253125,1,Complete,1253125,1253125,41.316708,-72.933499,3741327,New Haven,93,93,New Haven,3/5/2025,2025,3,March,5,4,Wednesday,20:10:00,20,25009377,A,"Injury of any type (Serious, Minor, Possible)",C,Possible Injury (C),2,0,0,4,Local,0.33,631,WEBSTER ST,WEBSTER ST,,DIXWELL AVE,45,Feet,W,41.316708,-72.933499,14,Motor Vehicle in Operation,1,Front to rear,1,On Roadway,4,Rain,4,Rain,4,Dark-Lighted,2,Wet,1,Weather Conditions,88,Not Applicable,88,Not Applicable,0,None,88,Not Applicable,88,Not Applicable,3,Intersection-Related,2,Four-Way Intersection,1,No,1,No,88,Not Applicable,88,Not Applicable,88,Not Applicable,88,Not Applicable,FALSE,1,Public Road,1,"Trafficway, On Road",CT0009300,New Haven PD,42042,40:47.0,C,Closed,00:21.0,,,,,,,
1254804,1,Complete,1254804,1254804,41.302038,-72.927178,3743006,New Haven,93,93,New Haven,2/13/2025,2025,2,February,13,5,Thursday,17:10:00,17,25006360,A,"Injury of any type (Serious, Minor, Possible)",C,Possible Injury (C),2,0,0,4,Local,0.03,809,REV DR MLK JR BLVD,REV DR MLK JR BLVD,,S. ORANGE STREET,95,Feet,W,41.302038,-72.927178,14,Motor Vehicle in Operation,1,Front to rear,1,On Roadway,1,Clear,1,Clear,1,Daylight,1,Dry,0,None,88,Not Applicable,88,Not Applicable,0,None,88,Not Applicable,88,Not Applicable,1,Non-Junction,1,Not at Intersection,1,No,1,No,88,Not Applicable,88,Not Applicable,88,Not Applicable,88,Not Applicable,FALSE,1,Public Road,1,"Trafficway, On Road",CT0009300,New Haven PD,10,13:25.0,C,Closed,10:36.0,,,,,,,
1254813,1,Complete,1254813,1254813,41.30385439,-72.93663473,3743015,New Haven,93,93,New Haven,3/4/2025,2025,3,March,4,3,Tuesday,21:47:00,21,25009234,A,"Injury of any type (Serious, Minor, Possible)",C,Possible Injury (C),2,0,0,4,Local,0.17,308,HOWARD AV,HOWARD AV,,DAVENPORT AVE,185,Feet,N,41.30385439,-72.93663473,14,Motor Vehicle in Operation,1,Front to rear,1,On Roadway,1,Clear,88,Not Applicable,4,Dark-Lighted,1,Dry,0,None,88,Not Applicable,88,Not Applicable,0,None,88,Not Applicable,88,Not Applicable,9,Driveway Access-Related,1,Not at Intersection,1,No,1,No,88,Not Applicable,88,Not Applicable,88,Not Applicable,88,Not Applicable,FALSE,1,Public Road,1,"Trafficway, On Road",CT0009300,New Haven PD,46898,04:01.0,C,Closed,10:51.0,,,,,,,
1254814,1,Complete,1254814,1254814,41.31334,-72.929843,3743016,New Haven,93,93,New Haven,3/5/2025,2025,3,March,5,4,Wednesday,18:52:00,18,25009370,A,"Injury of any type (Serious, Minor, Possible)",C,Possible Injury (C),2,0,0,4,Local,0.09,596,TOWER PKWY,TOWER PKWY,,YORK SQUARE PL,100,Feet,E,41.31334,-72.929843,14,Motor Vehicle in Operation,1,Front to rear,1,On Roadway,4,Rain,88,Not Applicable,4,Dark-Lighted,2,Wet,0,None,88,Not Applicable,88,Not Applicable,0,None,88,Not Applicable,88,Not Applicable,1,Non-Junction,1,Not at Intersection,1,No,1,No,88,Not Applicable,88,Not Applicable,88,Not Applicable,88,Not Applicable,FALSE,1,Public Road,1,"Trafficway, On Road",CT0009300,New Haven PD,44049,28:49.0,C,Closed,10:46.0,,,,,,,
1254815,1,Complete,1254815,1254815,41.310273,-72.952562,3743017,New Haven,93,93,New Haven,3/5/2025,2025,3,March,5,4,Wednesday,21:05:00,21,25009380,A,"Injury of any type (Serious, Minor, Possible)",C,Possible Injury (C),2,0,0,4,Local,0.35,147,DERBY AV,DERBY AV,,ELLA T GRASSO BLVD,185,Feet,E,41.310273,-72.952562,14,Motor Vehicle in Operation,3,Angle,1,On Roadway,4,Rain,88,Not Applicable,4,Dark-Lighted,2,Wet,0,None,88,Not Applicable,88,Not Applicable,0,None,88,Not Applicable,88,Not Applicable,9,Driveway Access-Related,1,Not at Intersection,1,No,1,No,88,Not Applicable,88,Not Applicable,88,Not Applicable,88,Not Applicable,FALSE,1,Public Road,1,"Trafficway, On Road",CT0009300,New Haven PD,40804,44:23.0,C,Closed,10:37.0,,,,,,,
1254816,1,Complete,1254816,1254816,41.31619083,-72.89731104,3743018,New Haven,93,93,New Haven,3/6/2025,2025,3,March,6,5,Thursday,8:02:00,8,25009405,A,"Injury of any type (Serious, Minor, Possible)",C,Possible Injury (C),2,0,0,4,Local,0.24,213,FERRY ST,FERRY ST,PECK ST NO 1,,,,,41.31619083,-72.89731104,14,Motor Vehicle in Operation,3,Angle,1,On Roadway,4,Rain,88,Not Applicable,1,Daylight,2,Wet,0,None,88,Not Applicable,88,Not Applicable,0,None,88,Not Applicable,88,Not Applicable,2,Intersection,2,Four-Way Intersection,1,No,1,No,88,Not Applicable,88,Not Applicable,88,Not Applicable,88,Not Applicable,FALSE,1,Public Road,1,"Trafficway, On Road",CT0009300,New Haven PD,45388,52:44.0,C,Closed,10:40.0,,,,,,,
1254824,1,Complete,1254824,1254824,41.290077,-72.932177,3743026,New Haven,93,93,New Haven,3/6/2025,2025,3,March,6,5,Thursday,16:34:00,16,25009478,A,"Injury of any type (Serious, Minor, Possible)",C,Possible Injury (C),2,0,0,4,Local,1.14,308,HOWARD AV,HOWARD AV,FIRST ST,,,,,41.290077,-72.932177,14,Motor Vehicle in Operation,2,Front to front,1,On Roadway,1,Clear,88,Not Applicable,1,Daylight,1,Dry,0,None,88,Not Applicable,88,Not Applicable,0,None,88,Not Applicable,88,Not Applicable,2,Intersection,2,Four-Way Intersection,1,No,1,No,88,Not Applicable,88,Not Applicable,88,Not Applicable,88,Not Applicable,FALSE,1,Public Road,1,"Trafficway, On Road",CT0009300,New Haven PD,46613,24:51.0,C,Closed,10:39.0,,,,,,,
1254826,1,Complete,1254826,1254826,41.30725,-72.932664,3743028,New Haven,93,93,New Haven,3/6/2025,2025,3,March,6,5,Thursday,18:16:00,18,25009493,A,"Injury of any type (Serious, Minor, Possible)",C,Possible Injury (C),1,1,1,4,Local,0.35,766,YORK ST,YORK ST,CROWN ST,,,,,41.30725,-72.932664,9,Pedestrian,88,Not Applicable,1,On Roadway,1,Clear,88,Not Applicable,4,Dark-Lighted,1,Dry,0,None,88,Not Applicable,88,Not Applicable,0,None,88,Not Applicable,88,Not Applicable,2,Intersection,2,Four-Way Intersection,1,No,1,No,88,Not Applicable,88,Not Applicable,88,Not Applicable,88,Not Applicable,TRUE,1,Public Road,1,"Trafficway, On Road",CT0009300,New Haven PD,26,58:25.0,C,Closed,10:40.0,,,,,,,
1254828,1,Complete,1254828,1254828,41.32745825,-72.95330578,3743030,New Haven,93,93,New Haven,3/7/2025,2025,3,March,7,6,Friday,8:00:00,8,25009538,A,"Injury of any type (Serious, Minor, Possible)",C,Possible Injury (C),2,0,0,3,State,3.68,10,10-N,10-N,BLAKE ST,,,,,41.32745825,-72.95330578,14,Motor Vehicle in Operation,3,Angle,1,On Roadway,1,Clear,88,Not Applicable,1,Daylight,1,Dry,0,None,88,Not Applicable,88,Not Applicable,0,None,88,Not Applicable,88,Not Applicable,2,Intersection,2,Four-Way Intersection,1,No,1,No,88,Not Applicable,88,Not Applicable,88,Not Applicable,88,Not Applicable,FALSE,1,Public Road,1,"Trafficway, On Road",CT0009300,New Haven PD,45397,47:39.0,C,Closed,10:44.0,,,,,,,
1254844,1,Complete,1254844,1254844,41.317128,-72.970919,3743046,New Haven,93,93,New Haven,3/8/2025,2025,3,March,8,7,Saturday,10:30:00,10,25009662,A,"Injury of any type (Serious, Minor, Possible)",C,Possible Injury (C),2,0,0,3,State,2.65,122,122-N,122-N,CHAPEL ST,,,,,41.317128,-72.970919,14,Motor Vehicle in Operation,1,Front to rear,1,On Roadway,1,Clear,88,Not Applicable,1,Daylight,1,Dry,0,None,88,Not Applicable,88,Not Applicable,0,None,88,Not Applicable,88,Not Applicable,2,Intersection,3,T-Intersection,1,No,1,No,88,Not Applicable,88,Not Applicable,88,Not Applicable,88,Not Applicable,TRUE,1,Public Road,1,"Trafficway, On Road",CT0009300,New Haven PD,44947,04:33.0,C,Closed,10:54.0,,,,,,,
1254846,1,Complete,1254846,1254846,41.303732,-72.92029,3743048,New Haven,93,93,New Haven,3/8/2025,2025,3,March,8,7,Saturday,13:55:00,13,25009686,A,"Injury of any type (Serious, Minor, Possible)",C,Possible Injury (C),3,0,0,4,Local,0.17,447,OLIVE ST,OLIVE ST,,CHAPEL ST,55,Feet,S,41.303732,-72.92029,14,Motor Vehicle in Operation,4,"Sideswipe, same direction",1,On Roadway,1,Clear,88,Not Applicable,1,Daylight,1,Dry,0,None,88,Not Applicable,88,Not Applicable,0,None,88,Not Applicable,88,Not Applicable,1,Non-Junction,1,Not at Intersection,1,No,1,No,88,Not Applicable,88,Not Applicable,88,Not Applicable,88,Not Applicable,FALSE,1,Public Road,1,"Trafficway, On Road",CT0009300,New Haven PD,33160,43:46.0,C,Closed,10:48.0,,,,,,,
1254848,1,Complete,1254848,1254848,41.303235,-72.936474,3743050,New Haven,93,93,New Haven,3/8/2025,2025,3,March,8,7,Saturday,16:19:00,16,25009697,A,"Injury of any type (Serious, Minor, Possible)",B,Suspected Minor Injury (B),1,1,1,4,Local,0.21,308,HOWARD AV,HOWARD AV,DAVENPORT AV,,,,,41.303235,-72.936474,10,Pedalcycle/Pedalcyclist,97,Other,1,On Roadway,1,Clear,88,Not Applicable,1,Daylight,1,Dry,3,Glare,88,Not Applicable,88,Not Applicable,0,None,88,Not Applicable,88,Not Applicable,2,Intersection,2,Four-Way Intersection,1,No,1,No,88,Not Applicable,88,Not Applicable,88,Not Applicable,88,Not Applicable,FALSE,1,Public Road,1,"Trafficway, On Road",CT0009300,New Haven PD,45394,25:05.0,C,Closed,10:52.0,,,,,,,
1254860,1,Complete,1254860,1254860,41.30678731,-72.9464944,3743062,New Haven,93,93,New Haven,3/10/2025,2025,3,March,10,2,Monday,9:00:00,9,25009883,A,"Injury of any type (Serious, Minor, Possible)",C,Possible Injury (C),2,0,0,4,Local,1.23,809,REV DR MLK JR BLVD,REV DR MLK JR BLVD,SHERMAN AV,,,,,41.30678731,-72.9464944,14,Motor Vehicle in Operation,3,Angle,1,On Roadway,1,Clear,88,Not Applicable,1,Daylight,1,Dry,0,None,88,Not Applicable,88,Not Applicable,0,None,88,Not Applicable,88,Not Applicable,2,Intersection,2,Four-Way Intersection,1,No,1,No,88,Not Applicable,88,Not Applicable,88,Not Applicable,88,Not Applicable,TRUE,1,Public Road,1,"Trafficway, On Road",CT0009300,New Haven PD,40800,15:54.0,O,Open,11:01.0,,,,,,,
1254868,1,Complete,1254868,1254868,41.314018,-72.911344,3743070,New Haven,93,93,New Haven,3/10/2025,2025,3,March,10,2,Monday,17:12:00,17,25009986,A,"Injury of any type (Serious, Minor, Possible)",C,Possible Injury (C),2,0,0,1,Interstate,0.2,91,91-S-137,91-S-137,,,,,,41.314018,-72.911344,14,Motor Vehicle in Operation,1,Front to rear,1,On Roadway,1,Clear,88,Not Applicable,1,Daylight,1,Dry,0,None,88,Not Applicable,88,Not Applicable,0,None,88,Not Applicable,88,Not Applicable,3,Intersection-Related,3,T-Intersection,1,No,1,No,88,Not Applicable,88,Not Applicable,88,Not Applicable,88,Not Applicable,FALSE,1,Public Road,1,"Trafficway, On Road",CT0009300,New Haven PD,45403,36:12.0,C,Closed,11:01.0,,,,,,,
1254869,1,Complete,1254869,1254869,41.31967,-72.898433,3743071,New Haven,93,93,New Haven,3/10/2025,2025,3,March,10,2,Monday,17:42:00,17,25009995,A,"Injury of any type (Serious, Minor, Possible)",C,Possible Injury (C),3,0,0,2,USRoute,0.39,5,5-N,5-N,,FERRY ST,90,Feet,N,41.31967,-72.898433,14,Motor Vehicle in Operation,1,Front to rear,1,On Roadway,1,Clear,88,Not Applicable,1,Daylight,1,Dry,0,None,88,Not Applicable,88,Not Applicable,0,None,88,Not Applicable,88,Not Applicable,3,Intersection-Related,3,T-Intersection,1,No,1,No,88,Not Applicable,88,Not Applicable,88,Not Applicable,88,Not Applicable,TRUE,1,Public Road,1,"Trafficway, On Road",CT0009300,New Haven PD,45403,39:07.0,C,Closed,11:01.0,,,,,,,
1254877,1,Complete,1254877,1254877,41.321025,-72.874473,3743079,New Haven,93,93,New Haven,3/11/2025,2025,3,March,11,3,Tuesday,14:50:00,14,25010098,A,"Injury of any type (Serious, Minor, Possible)",C,Possible Injury (C),2,0,0,3,State,0.41,80,80-E,80-E,,QUINNIPIAC AVE,100,Feet,W,41.321025,-72.874473,14,Motor Vehicle in Operation,1,Front to rear,1,On Roadway,1,Clear,88,Not Applicable,1,Daylight,1,Dry,0,None,88,Not Applicable,88,Not Applicable,0,None,88,Not Applicable,88,Not Applicable,3,Intersection-Related,2,Four-Way Intersection,1,No,1,No,88,Not Applicable,88,Not Applicable,88,Not Applicable,88,Not Applicable,FALSE,1,Public Road,1,"Trafficway, On Road",CT0009300,New Haven PD,42049,45:13.0,C,Closed,10:42.0,,,,,,,
1255020,1,Complete,1255020,1255020,41.308328,-72.930066,3743222,New Haven,93,93,New Haven,3/12/2025,2025,3,March,12,4,Wednesday,15:26:00,15,25010261,A,"Injury of any type (Serious, Minor, Possible)",C,Possible Injury (C),2,0,0,4,Local,0.2,291,HIGH ST,HIGH ST,,CHAPEL STREET,132,Feet,N,41.308328,-72.930066,14,Motor Vehicle in Operation,4,"Sideswipe, same direction",1,On Roadway,1,Clear,88,Not Applicable,1,Daylight,1,Dry,0,None,88,Not Applicable,88,Not Applicable,0,None,88,Not Applicable,88,Not Applicable,1,Non-Junction,1,Not at Intersection,1,No,1,No,88,Not Applicable,88,Not Applicable,88,Not Applicable,88,Not Applicable,FALSE,1,Public Road,1,"Trafficway, On Road",CT0009300,New Haven PD,11439,56:31.0,C,Closed,00:27.0,,,,,,,
1255267,1,Complete,1255267,1255267,41.297335,-72.948691,3743469,New Haven,93,93,New Haven,3/5/2025,2025,3,March,5,4,Wednesday,22:21:00,22,25009388,A,"Injury of any type (Serious, Minor, Possible)",C,Possible Injury (C),2,0,0,3,State,1.46,10,10-N,10-N,,Columbus Ave,44,Feet,S,41.297335,-72.948691,14,Motor Vehicle in Operation,1,Front to rear,1,On Roadway,4,Rain,88,Not Applicable,4,Dark-Lighted,2,Wet,0,None,88,Not Applicable,88,Not Applicable,0,None,88,Not Applicable,88,Not Applicable,3,Intersection-Related,2,Four-Way Intersection,1,No,1,No,88,Not Applicable,88,Not Applicable,88,Not Applicable,88,Not Applicable,FALSE,1,Public Road,1,"Trafficway, On Road",CT0009300,New Haven PD,44338,36:07.0,O,Open,00:09.0,,,,,,,
1255269,1,Complete,1255269,1255269,41.325081,-72.924787,3743471,New Haven,93,93,New Haven,3/12/2025,2025,3,March,12,4,Wednesday,14:21:00,14,25010262,A,"Injury of any type (Serious, Minor, Possible)",C,Possible Injury (C),2,0,0,4,Local,0.55,151,DIVISION ST,DIVISION ST,MANSFIELD ST,,,,,41.325081,-72.924787,14,Motor Vehicle in Operation,3,Angle,1,On Roadway,1,Clear,88,Not Applicable,1,Daylight,1,Dry,0,None,88,Not Applicable,88,Not Applicable,0,None,88,Not Applicable,88,Not Applicable,2,Intersection,2,Four-Way Intersection,1,No,1,No,88,Not Applicable,88,Not Applicable,88,Not Applicable,88,Not Applicable,FALSE,1,Public Road,1,"Trafficway, On Road",CT0009300,New Haven PD,43689,04:42.0,C,Closed,00:04.0,,,,,,,
1255667,1,Complete,1255667,1255667,41.303803,-72.927445,3743869,New Haven,93,93,New Haven,3/6/2025,2025,3,March,6,5,Thursday,11:37:00,11,25009427,A,"Injury of any type (Serious, Minor, Possible)",C,Possible Injury (C),3,0,0,4,Local,0.38,104,CHURCH ST SOUTH NO 1,CHURCH ST SOUTH NO 1,GEORGE ST,,,,,41.303803,-72.927445,14,Motor Vehicle in Operation,3,Angle,1,On Roadway,1,Clear,88,Not Applicable,1,Daylight,1,Dry,99,Unknown,88,Not Applicable,88,Not Applicable,0,None,88,Not Applicable,88,Not Applicable,2,Intersection,2,Four-Way Intersection,1,No,1,No,88,Not Applicable,88,Not Applicable,88,Not Applicable,88,Not Applicable,FALSE,1,Public Road,1,"Trafficway, On Road",CT0009300,New Haven PD,46174,37:51.0,C,Closed,01:44.0,,,,,,,
1255673,1,Complete,1255673,1255673,41.306935,-72.942492,3743875,New Haven,93,93,New Haven,3/13/2025,2025,3,March,13,5,Thursday,8:47:00,8,25010382,A,"Injury of any type (Serious, Minor, Possible)",C,Possible Injury (C),2,0,1,4,Local,0.92,809,REV DR MLK JR BLVD,REV DR MLK JR BLVD,ORCHARD ST,,,,,41.306935,-72.942492,14,Motor Vehicle in Operation,3,Angle,1,On Roadway,1,Clear,88,Not Applicable,1,Daylight,1,Dry,99,Unknown,88,Not Applicable,88,Not Applicable,99,Unknown,88,Not Applicable,88,Not Applicable,2,Intersection,2,Four-Way Intersection,1,No,1,No,88,Not Applicable,88,Not Applicable,88,Not Applicable,88,Not Applicable,FALSE,1,Public Road,1,"Trafficway, On Road",CT0009300,New Haven PD,47003,11:15.0,C,Closed,01:51.0,25-010382,,,,,,
1255691,1,Complete,1255691,1255691,41.3082444,-72.92419807,3743893,New Haven,93,93,New Haven,3/15/2025,2025,3,March,15,7,Saturday,18:58:00,18,25010641,A,"Injury of any type (Serious, Minor, Possible)",C,Possible Injury (C),2,0,0,4,Local,0.47,103,CHURCH ST,CHURCH ST,ELM ST NO 2,,,,,41.3082444,-72.92419807,14,Motor Vehicle in Operation,3,Angle,1,On Roadway,1,Clear,88,Not Applicable,3,Dusk,1,Dry,0,None,88,Not Applicable,88,Not Applicable,0,None,88,Not Applicable,88,Not Applicable,2,Intersection,2,Four-Way Intersection,1,No,1,No,88,Not Applicable,88,Not Applicable,88,Not Applicable,88,Not Applicable,FALSE,1,Public Road,1,"Trafficway, On Road",CT0009300,New Haven PD,44049,45:14.0,C,Closed,01:55.0,,,,,,,
1255693,1,Complete,1255693,1255693,41.316322,-72.904369,3743895,New Haven,93,93,New Haven,3/15/2025,2025,3,March,15,7,Saturday,22:10:00,22,25010660,A,"Injury of any type (Serious, Minor, Possible)",B,Suspected Minor Injury (B),2,0,0,2,USRoute,0,5,5-N,5-N,James St,,,,,41.316322,-72.904369,14,Motor Vehicle in Operation,3,Angle,1,On Roadway,4,Rain,88,Not Applicable,4,Dark-Lighted,2,Wet,0,None,88,Not Applicable,88,Not Applicable,0,None,88,Not Applicable,88,Not Applicable,2,Intersection,2,Four-Way Intersection,1,No,1,No,88,Not Applicable,88,Not Applicable,88,Not Applicable,88,Not Applicable,TRUE,1,Public Road,1,"Trafficway, On Road",CT0009300,New Haven PD,46614,59:12.0,C,Closed,01:58.0,,,,,,,
1256389,1,Complete,1256389,1256389,41.315071,-72.924658,3744591,New Haven,93,93,New Haven,3/7/2025,2025,3,March,7,6,Friday,15:28:00,15,202500607,A,"Injury of any type (Serious, Minor, Possible)",C,Possible Injury (C),1,1,0,4,Local,0.24,495,PROSPECT ST,PROSPECT ST,,SACHEM ST,390,Feet,S,41.315071,-72.924658,10,Pedalcycle/Pedalcyclist,97,Other,1,On Roadway,1,Clear,88,Not Applicable,1,Daylight,1,Dry,0,None,88,Not Applicable,88,Not Applicable,0,None,88,Not Applicable,88,Not Applicable,97,Other,1,Not at Intersection,1,No,1,No,88,Not Applicable,88,Not Applicable,88,Not Applicable,88,Not Applicable,TRUE,1,Public Road,1,"Trafficway, On Road",CT0009300,New Haven PD,984,55:07.0,O,Open,01:22.0,2025-00607,,,,,,
1256685,1,Complete,1256685,1256685,41.304838,-72.934325,3744887,New Haven,93,93,New Haven,3/3/2025,2025,3,March,3,2,Monday,10:02:00,10,25008975,A,"Injury of any type (Serious, Minor, Possible)",B,Suspected Minor Injury (B),1,1,0,4,Local,0.16,766,YORK ST,YORK ST,S FRONTAGE RD,,,,,41.304838,-72.934325,9,Pedestrian,88,Not Applicable,1,On Roadway,1,Clear,88,Not Applicable,1,Daylight,1,Dry,0,None,88,Not Applicable,88,Not Applicable,0,None,88,Not Applicable,88,Not Applicable,2,Intersection,3,T-Intersection,1,No,1,No,88,Not Applicable,88,Not Applicable,88,Not Applicable,88,Not Applicable,TRUE,1,Public Road,1,"Trafficway, On Road",CT0009300,New Haven PD,301,29:54.0,O,Open,01:31.0,,,,,,,
1256692,1,Complete,1256692,1256692,41.315794,-72.935179,3744894,New Haven,93,93,New Haven,3/18/2025,2025,3,March,18,3,Tuesday,16:51:00,16,25010950,A,"Injury of any type (Serious, Minor, Possible)",C,Possible Injury (C),2,0,0,4,Local,0.46,257,GOFFE ST,GOFFE ST,,SPERRY ST,80,Feet,W,41.315794,-72.935179,14,Motor Vehicle in Operation,1,Front to rear,1,On Roadway,1,Clear,88,Not Applicable,1,Daylight,1,Dry,0,None,88,Not Applicable,88,Not Applicable,0,None,88,Not Applicable,88,Not Applicable,3,Intersection-Related,2,Four-Way Intersection,1,No,1,No,88,Not Applicable,88,Not Applicable,88,Not Applicable,88,Not Applicable,TRUE,1,Public Road,1,"Trafficway, On Road",CT0009300,New Haven PD,40085,54:23.0,C,Closed,01:31.0,,,,,,,
1256925,1,Complete,1256925,1256925,41.320973,-72.942348,3745127,New Haven,93,93,New Haven,3/17/2025,2025,3,March,17,2,Monday,14:21:00,14,25010816,A,"Injury of any type (Serious, Minor, Possible)",C,Possible Injury (C),2,0,0,4,Local,1.02,775,WINTHROP AV NO 2,WINTHROP AV NO 2,GOFFE TER,,,,,41.320973,-72.942348,14,Motor Vehicle in Operation,3,Angle,1,On Roadway,1,Clear,88,Not Applicable,1,Daylight,1,Dry,0,None,88,Not Applicable,88,Not Applicable,0,None,88,Not Applicable,88,Not Applicable,2,Intersection,2,Four-Way Intersection,1,No,1,No,88,Not Applicable,88,Not Applicable,88,Not Applicable,88,Not Applicable,FALSE,1,Public Road,1,"Trafficway, On Road",CT0009300,New Haven PD,44947,00:10.0,C,Closed,00:20.0,,,,,,,
1257198,1,Complete,1257198,1257198,41.329967,-72.950663,3745400,New Haven,93,93,New Haven,3/13/2025,2025,3,March,13,5,Thursday,22:52:00,22,25010467,A,"Injury of any type (Serious, Minor, Possible)",C,Possible Injury (C),2,0,0,3,State,4.09,10,10-N,10-N,,CRESCENT ST,1,Feet,W,41.329967,-72.950663,14,Motor Vehicle in Operation,3,Angle,1,On Roadway,1,Clear,88,Not Applicable,99,Unknown,1,Dry,0,None,0,None,88,Not Applicable,0,None,88,Not Applicable,88,Not Applicable,1,Non-Junction,1,Not at Intersection,1,No,1,No,88,Not Applicable,88,Not Applicable,88,Not Applicable,88,Not Applicable,FALSE,1,Public Road,1,"Trafficway, On Road",CT0009300,New Haven PD,40789,51:53.0,C,Closed,01:16.0,,,,,,,
1257206,1,Complete,1257206,1257206,41.30349579,-72.9295258,3745408,New Haven,93,93,New Haven,3/20/2025,2025,3,March,20,5,Thursday,6:56:00,6,25011127,A,"Injury of any type (Serious, Minor, Possible)",C,Possible Injury (C),2,0,0,4,Local,0.19,809,REV DR MLK JR BLVD,REV DR MLK JR BLVD,Temple St ,,,,,41.30349579,-72.9295258,14,Motor Vehicle in Operation,1,Front to rear,1,On Roadway,4,Rain,4,Rain,1,Daylight,2,Wet,0,None,88,Not Applicable,88,Not Applicable,0,None,88,Not Applicable,88,Not Applicable,2,Intersection,3,T-Intersection,1,No,1,No,88,Not Applicable,88,Not Applicable,88,Not Applicable,88,Not Applicable,TRUE,1,Public Road,1,"Trafficway, On Road",CT0009300,New Haven PD,301,00:48.0,C,Closed,01:16.0,,,,,,,
1257207,1,Complete,1257207,1257207,41.32401695,-72.88150502,3745409,New Haven,93,93,New Haven,3/20/2025,2025,3,March,20,5,Thursday,16:20:00,16,25011185,A,"Injury of any type (Serious, Minor, Possible)",C,Possible Injury (C),2,0,0,3,State,0.23,17,17-S,17-S,,FOXON BLVD,40,Feet,N,41.32401695,-72.88150502,14,Motor Vehicle in Operation,1,Front to rear,1,On Roadway,2,Cloudy,88,Not Applicable,1,Daylight,1,Dry,0,None,88,Not Applicable,88,Not Applicable,0,None,88,Not Applicable,88,Not Applicable,3,Intersection-Related,4,Y-Intersection,1,No,1,No,88,Not Applicable,88,Not Applicable,88,Not Applicable,88,Not Applicable,FALSE,1,Public Road,1,"Trafficway, On Road",CT0009300,New Haven PD,65,35:41.0,C,Closed,01:17.0,,,,,,,