CrashId,Fatal Case Status,Fatal Case Status Text Format,CrashId,CrashId,Latitude,Longitude,DOT Case Number,Town Name,Town Number,Town Number,Town Number Text Format,Date Of Crash,Year,Month,Month Text Format,Day,Day of the Week,Day of the Week Text Format,Time of Crash,Hour of the Day,Case Identifier,Crash Severity,Crash Severity Text Format,Most Severe Injury,Most Severe Injury Text Format,Number Of Motor Vehicles,Number Of Non-Motorist,Number Of Witnesses,Route Class,Route Class Text Format,Milemarker,Road Number,Road Description,Roadway Name,Intersecting Roadway Name,Landmark Description,Distance From Nearest Landmark,Unit Of Measure From Nearest Landmark,Direction From Nearest Landmark,Latitude,Longitude,First Harmful Event,First Harmful Event Text Format,Manner of Crash / Collision Impact,Manner of Crash / Collision Impact Text Format,Location of First Harmful Event,Location of First Harmful Event Text Format,Weather Condition,Weather Condition Text Format,Weather 2,Weather 2 Text Format,Light Condition,Light Condition Text Format,Road Surface Condition,Road Surface Condition Text Format,"Contributing Circumstances, Environment","Contributing Circumstances, Environment Text Format",Environment 2,Environment 2 Text Format,Environment 3,Environment 3 Text Format,"Contributing Circumstances, Road","Contributing Circumstances, Road Text Format",Road 2,Road 2 Text Format,Road 3,Road 3 Text Format,Crash Specific Location,Crash Specific Location Text Format,Type of Intersection,Type of Intersection Text Format,School Bus Related,School Bus Related Text Format,Work Zone Related,Work Zone Related Text Format,Location Of Crash Relative To Work Zone,Location Of Crash Relative To Work Zone Text Format,Type of Work Zone,Type of Work Zone Text Format,Worker Presence,Worker Presence Text Format,Law Enforcement Presence,Law Enforcement Presence Text Format,Were Vehicles Moved Prior To Police Arrival,Trafficway Ownership,Trafficway Ownership Text Format,Trafficway Class,Trafficway Class Text Format,Police Agency,Police Agency Text Format,Badge Number,Approval Date,Police Case Status,Police Case Status Text Format,Crash Report Submission Date,Related Case Identifiers,No. of Through Lanes (Log Dir.),Average Daily Traffic,Functional Classification,Functional Classification Text Format,Rural or Urban,Rural or Urban Text Format
1257209,1,Complete,1257209,1257209,41.32702,-72.879516,3745411,New Haven,93,93,New Haven,3/20/2025,2025,3,March,20,5,Thursday,17:52:00,17,25011227,A,"Injury of any type (Serious, Minor, Possible)",C,Possible Injury (C),2,0,0,3,State,0.46,17,17-N,17-N,,Barnes Rd,77,Feet,N,41.32702,-72.879516,14,Motor Vehicle in Operation,1,Front to rear,1,On Roadway,2,Cloudy,88,Not Applicable,1,Daylight,2,Wet,0,None,88,Not Applicable,88,Not Applicable,0,None,88,Not Applicable,88,Not Applicable,3,Intersection-Related,3,T-Intersection,1,No,1,No,88,Not Applicable,88,Not Applicable,88,Not Applicable,88,Not Applicable,FALSE,1,Public Road,1,"Trafficway, On Road",CT0009300,New Haven PD,46622,16:17.0,C,Closed,01:17.0,,,,,,,
1257573,1,Complete,1257573,1257573,41.302733,-72.924373,3745775,New Haven,93,93,New Haven,3/14/2025,2025,3,March,14,6,Friday,17:34:00,17,25010540,A,"Injury of any type (Serious, Minor, Possible)",C,Possible Injury (C),2,0,0,4,Local,1.51,575,STATE ST,STATE ST,,GEORGE ST,25,Feet,N,41.302733,-72.924373,14,Motor Vehicle in Operation,1,Front to rear,1,On Roadway,1,Clear,88,Not Applicable,1,Daylight,1,Dry,0,None,88,Not Applicable,88,Not Applicable,0,None,88,Not Applicable,88,Not Applicable,3,Intersection-Related,2,Four-Way Intersection,1,No,1,No,88,Not Applicable,88,Not Applicable,88,Not Applicable,88,Not Applicable,FALSE,1,Public Road,1,"Trafficway, On Road",CT0009300,New Haven PD,40799,01:12.0,C,Closed,00:45.0,,,,,,,
1257575,1,Complete,1257575,1257575,41.312434,-72.940787,3745777,New Haven,93,93,New Haven,3/19/2025,2025,3,March,19,4,Wednesday,11:24:00,11,25011027,A,"Injury of any type (Serious, Minor, Possible)",C,Possible Injury (C),2,0,0,4,Local,1.63,179,EDGEWOOD AV,EDGEWOOD AV,ORCHARD ST,,,,,41.312434,-72.940787,14,Motor Vehicle in Operation,3,Angle,1,On Roadway,1,Clear,88,Not Applicable,1,Daylight,1,Dry,0,None,88,Not Applicable,88,Not Applicable,0,None,88,Not Applicable,88,Not Applicable,3,Intersection-Related,2,Four-Way Intersection,1,No,1,No,88,Not Applicable,88,Not Applicable,88,Not Applicable,88,Not Applicable,TRUE,1,Public Road,1,"Trafficway, On Road",CT0009300,New Haven PD,39,16:41.0,C,Closed,00:54.0,,,,,,,
1257577,1,Complete,1257577,1257577,41.3231782,-72.93496302,3745779,New Haven,93,93,New Haven,3/20/2025,2025,3,March,20,5,Thursday,13:26:00,13,25011163,A,"Injury of any type (Serious, Minor, Possible)",C,Possible Injury (C),2,0,0,4,Local,0.72,152,DIXWELL AV,DIXWELL AV,,MUNSON ST,65,Feet,N,41.3231782,-72.93496302,14,Motor Vehicle in Operation,4,"Sideswipe, same direction",1,On Roadway,4,Rain,88,Not Applicable,1,Daylight,2,Wet,0,None,88,Not Applicable,88,Not Applicable,0,None,88,Not Applicable,88,Not Applicable,1,Non-Junction,1,Not at Intersection,1,No,1,No,88,Not Applicable,88,Not Applicable,88,Not Applicable,88,Not Applicable,TRUE,1,Public Road,1,"Trafficway, On Road",CT0009300,New Haven PD,46622,30:44.0,O,Open,00:38.0,,,,,,,
1257580,1,Complete,1257580,1257580,41.299763,-72.93802,3745782,New Haven,93,93,New Haven,3/21/2025,2025,3,March,21,6,Friday,1:29:00,1,25011270,A,"Injury of any type (Serious, Minor, Possible)",C,Possible Injury (C),3,0,0,4,Local,0.17,274,HALLOCK ST,HALLOCK ST,,CONGRESS AVE,285,Feet,S,41.299763,-72.93802,14,Motor Vehicle in Operation,1,Front to rear,4,Roadside,4,Rain,88,Not Applicable,4,Dark-Lighted,2,Wet,0,None,88,Not Applicable,88,Not Applicable,0,None,88,Not Applicable,88,Not Applicable,1,Non-Junction,1,Not at Intersection,1,No,1,No,88,Not Applicable,88,Not Applicable,88,Not Applicable,88,Not Applicable,FALSE,1,Public Road,1,"Trafficway, On Road",CT0009300,New Haven PD,45395,29:29.0,C,Closed,00:36.0,,,,,,,
1257585,1,Complete,1257585,1257585,41.30080085,-72.91837341,3745787,New Haven,93,93,New Haven,3/21/2025,2025,3,March,21,6,Friday,12:30:00,12,25011321,A,"Injury of any type (Serious, Minor, Possible)",C,Possible Injury (C),2,0,0,4,Local,0,692,BREWERY ST,BREWERY ST,1-N,,,,,41.30080085,-72.91837341,14,Motor Vehicle in Operation,3,Angle,1,On Roadway,1,Clear,88,Not Applicable,1,Daylight,1,Dry,99,Unknown,88,Not Applicable,88,Not Applicable,99,Unknown,88,Not Applicable,88,Not Applicable,2,Intersection,3,T-Intersection,1,No,1,No,88,Not Applicable,88,Not Applicable,88,Not Applicable,88,Not Applicable,FALSE,1,Public Road,1,"Trafficway, On Road",CT0009300,New Haven PD,47003,41:09.0,C,Closed,00:43.0,25-011321,,,,,,
1257590,1,Complete,1257590,1257590,41.30395403,-72.93210437,3745792,New Haven,93,93,New Haven,3/21/2025,2025,3,March,21,6,Friday,15:55:00,15,25011335,A,"Injury of any type (Serious, Minor, Possible)",C,Possible Injury (C),3,0,0,4,Local,0.3,564,SOUTH FRONTAGE RD,SOUTH FRONTAGE RD,,COLLEGE ST,160,Feet,W,41.30395403,-72.93210437,14,Motor Vehicle in Operation,3,Angle,1,On Roadway,1,Clear,88,Not Applicable,1,Daylight,1,Dry,0,None,88,Not Applicable,88,Not Applicable,0,None,88,Not Applicable,88,Not Applicable,1,Non-Junction,1,Not at Intersection,1,No,1,No,88,Not Applicable,88,Not Applicable,88,Not Applicable,88,Not Applicable,FALSE,1,Public Road,1,"Trafficway, On Road",CT0009300,New Haven PD,87,19:25.0,C,Closed,00:40.0,,,,,,,
1257594,1,Complete,1257594,1257594,41.296266,-72.933705,3745796,New Haven,93,93,New Haven,3/21/2025,2025,3,March,21,6,Friday,20:50:00,20,25011382,A,"Injury of any type (Serious, Minor, Possible)",B,Suspected Minor Injury (B),1,1,0,4,Local,0.72,308,HOWARD AV,HOWARD AV,CARLISLE ST,,,,,41.296266,-72.933705,9,Pedestrian,88,Not Applicable,1,On Roadway,1,Clear,88,Not Applicable,4,Dark-Lighted,1,Dry,0,None,88,Not Applicable,88,Not Applicable,0,None,88,Not Applicable,88,Not Applicable,2,Intersection,3,T-Intersection,1,No,1,No,88,Not Applicable,88,Not Applicable,88,Not Applicable,88,Not Applicable,FALSE,1,Public Road,1,"Trafficway, On Road",CT0009300,New Haven PD,42366,38:11.0,C,Closed,00:41.0,,,,,,,
1257595,1,Complete,1257595,1257595,41.328178,-72.869465,3745797,New Haven,93,93,New Haven,3/21/2025,2025,3,March,21,6,Friday,20:59:00,20,25011385,A,"Injury of any type (Serious, Minor, Possible)",B,Suspected Minor Injury (B),2,0,0,3,State,0.55,103,103-N,103-N,Assumption Street ,,,,,41.328178,-72.869465,14,Motor Vehicle in Operation,4,"Sideswipe, same direction",1,On Roadway,1,Clear,88,Not Applicable,4,Dark-Lighted,1,Dry,0,None,88,Not Applicable,88,Not Applicable,0,None,88,Not Applicable,88,Not Applicable,2,Intersection,3,T-Intersection,1,No,1,No,88,Not Applicable,88,Not Applicable,88,Not Applicable,88,Not Applicable,TRUE,1,Public Road,1,"Trafficway, On Road",CT0009300,New Haven PD,46622,41:42.0,O,Open,00:42.0,,,,,,,
1257597,1,Complete,1257597,1257597,41.305524,-72.910368,3745799,New Haven,93,93,New Haven,3/22/2025,2025,3,March,22,7,Saturday,1:01:00,1,25011408,A,"Injury of any type (Serious, Minor, Possible)",C,Possible Injury (C),1,0,0,4,Local,0.74,165,EAST ST,EAST ST,IVES PL,,,,,41.305524,-72.910368,39,"Other Fixed Object (wall, building, tunnel, etc.)",88,Not Applicable,1,On Roadway,1,Clear,88,Not Applicable,4,Dark-Lighted,1,Dry,0,None,88,Not Applicable,88,Not Applicable,0,None,88,Not Applicable,88,Not Applicable,2,Intersection,2,Four-Way Intersection,1,No,1,No,88,Not Applicable,88,Not Applicable,88,Not Applicable,88,Not Applicable,FALSE,1,Public Road,1,"Trafficway, On Road",CT0009300,New Haven PD,44951,47:54.0,C,Closed,00:44.0,,,,,,,
1257605,1,Complete,1257605,1257605,41.305801,-72.936454,3745807,New Haven,93,93,New Haven,3/22/2025,2025,3,March,22,7,Saturday,18:01:00,18,25011468,A,"Injury of any type (Serious, Minor, Possible)",A,Suspected Serious Injury (A),2,0,0,4,Local,0.05,564,SOUTH FRONTAGE RD,SOUTH FRONTAGE RD,,PARK ST,130,Feet,W,41.305801,-72.936454,14,Motor Vehicle in Operation,1,Front to rear,1,On Roadway,1,Clear,88,Not Applicable,1,Daylight,1,Dry,0,None,88,Not Applicable,88,Not Applicable,0,None,88,Not Applicable,88,Not Applicable,3,Intersection-Related,2,Four-Way Intersection,1,No,1,No,88,Not Applicable,88,Not Applicable,88,Not Applicable,88,Not Applicable,FALSE,1,Public Road,1,"Trafficway, On Road",CT0009300,New Haven PD,33016,51:30.0,C,Closed,00:49.0,,,,,,,
1257607,1,Complete,1257607,1257607,41.332792,-72.872417,3745809,New Haven,93,93,New Haven,3/22/2025,2025,3,March,22,7,Saturday,20:30:00,20,25011481,A,"Injury of any type (Serious, Minor, Possible)",C,Possible Injury (C),1,1,0,3,State,1,17,17-N,17-N,,cranston st,240,Feet,N,41.332792,-72.872417,9,Pedestrian,88,Not Applicable,1,On Roadway,2,Cloudy,88,Not Applicable,5,Dark-Not Lighted,2,Wet,0,None,88,Not Applicable,88,Not Applicable,0,None,88,Not Applicable,88,Not Applicable,1,Non-Junction,1,Not at Intersection,1,No,1,No,88,Not Applicable,88,Not Applicable,88,Not Applicable,88,Not Applicable,TRUE,1,Public Road,1,"Trafficway, On Road",CT0009300,New Haven PD,44056,33:51.0,C,Closed,00:53.0,,,,,,,
1258124,1,Complete,1258124,1258124,41.29784,-72.93427,3746326,New Haven,93,93,New Haven,3/16/2025,2025,3,March,16,1,Sunday,17:20:00,17,25010728,A,"Injury of any type (Serious, Minor, Possible)",B,Suspected Minor Injury (B),2,0,0,2,USRoute,47.4,1,1-N,1-N,HOWARD AV,,,,,41.29784,-72.93427,14,Motor Vehicle in Operation,3,Angle,1,On Roadway,2,Cloudy,88,Not Applicable,1,Daylight,1,Dry,99,Unknown,88,Not Applicable,88,Not Applicable,99,Unknown,88,Not Applicable,88,Not Applicable,3,Intersection-Related,2,Four-Way Intersection,1,No,1,No,88,Not Applicable,88,Not Applicable,88,Not Applicable,88,Not Applicable,FALSE,1,Public Road,1,"Trafficway, On Road",CT0009300,New Haven PD,46617,29:56.0,C,Closed,00:13.0,,,,,,,
1258128,1,Complete,1258128,1258128,41.315474,-72.939013,3746330,New Haven,93,93,New Haven,3/24/2025,2025,3,March,24,2,Monday,5:19:00,5,25011586,A,"Injury of any type (Serious, Minor, Possible)",C,Possible Injury (C),2,0,0,4,Local,0.57,653,WHALLEY AV,WHALLEY AV,,ORCHARD ST,40,Feet,E,41.315474,-72.939013,14,Motor Vehicle in Operation,1,Front to rear,1,On Roadway,4,Rain,88,Not Applicable,4,Dark-Lighted,2,Wet,0,None,88,Not Applicable,88,Not Applicable,0,None,88,Not Applicable,88,Not Applicable,3,Intersection-Related,2,Four-Way Intersection,1,No,1,No,88,Not Applicable,88,Not Applicable,88,Not Applicable,88,Not Applicable,TRUE,1,Public Road,1,"Trafficway, On Road",CT0009300,New Haven PD,45395,00:11.0,O,Open,00:10.0,,,,,,,
1258132,1,Complete,1258132,1258132,41.290831,-72.941604,3746334,New Haven,93,93,New Haven,3/24/2025,2025,3,March,24,2,Monday,12:40:00,12,25011636,A,"Injury of any type (Serious, Minor, Possible)",C,Possible Injury (C),2,0,0,4,Local,0.12,626,WASHINGTON AV NO 1,WASHINGTON AV NO 1,Ella T Grasso Blvd,,,,,41.290831,-72.941604,14,Motor Vehicle in Operation,3,Angle,1,On Roadway,4,Rain,88,Not Applicable,1,Daylight,2,Wet,0,None,88,Not Applicable,88,Not Applicable,0,None,88,Not Applicable,88,Not Applicable,2,Intersection,2,Four-Way Intersection,1,No,1,No,88,Not Applicable,88,Not Applicable,88,Not Applicable,88,Not Applicable,FALSE,1,Public Road,1,"Trafficway, On Road",CT0009300,New Haven PD,40810,30:17.0,O,Open,00:12.0,,,,,,,
1258136,1,Complete,1258136,1258136,41.322226,-72.940581,3746338,New Haven,93,93,New Haven,3/23/2025,2025,3,March,23,1,Sunday,14:30:00,14,25011679,A,"Injury of any type (Serious, Minor, Possible)",C,Possible Injury (C),2,0,0,4,Local,0.12,133,CRESCENT ST,CRESCENT ST,,Moreland Rd,120,Feet,N,41.322226,-72.940581,14,Motor Vehicle in Operation,1,Front to rear,1,On Roadway,1,Clear,88,Not Applicable,1,Daylight,1,Dry,0,None,88,Not Applicable,88,Not Applicable,0,None,88,Not Applicable,88,Not Applicable,1,Non-Junction,1,Not at Intersection,1,No,1,No,88,Not Applicable,88,Not Applicable,88,Not Applicable,88,Not Applicable,TRUE,1,Public Road,1,"Trafficway, On Road",CT0009300,New Haven PD,46900,35:02.0,C,Closed,00:13.0,,,,,,,
1258424,1,Complete,1258424,1258424,41.322102,-72.953274,3746625,New Haven,93,93,New Haven,3/24/2025,2025,3,March,24,2,Monday,17:00:00,17,25011692,A,"Injury of any type (Serious, Minor, Possible)",C,Possible Injury (C),2,0,0,3,State,3.34,10,10-N,10-N,,OSBORN AVE,40,Feet,S,41.322102,-72.953274,14,Motor Vehicle in Operation,1,Front to rear,1,On Roadway,99,Unknown,88,Not Applicable,1,Daylight,99,Unknown,99,Unknown,88,Not Applicable,88,Not Applicable,99,Unknown,88,Not Applicable,88,Not Applicable,3,Intersection-Related,3,T-Intersection,1,No,1,No,88,Not Applicable,88,Not Applicable,88,Not Applicable,88,Not Applicable,FALSE,1,Public Road,1,"Trafficway, On Road",CT0009300,New Haven PD,45398,30:58.0,O,Open,01:23.0,,,,,,,
1258428,1,Complete,1258428,1258428,41.30774786,-72.91699077,3746629,New Haven,93,93,New Haven,3/25/2025,2025,3,March,25,3,Tuesday,7:50:00,7,25011735,A,"Injury of any type (Serious, Minor, Possible)",C,Possible Injury (C),2,0,0,4,Local,1.63,264,GRAND AV,GRAND AV,,JEFFERSON STREET,300,Feet,W,41.30774786,-72.91699077,14,Motor Vehicle in Operation,1,Front to rear,1,On Roadway,1,Clear,88,Not Applicable,1,Daylight,1,Dry,0,None,88,Not Applicable,88,Not Applicable,0,None,88,Not Applicable,88,Not Applicable,1,Non-Junction,1,Not at Intersection,1,No,1,No,88,Not Applicable,88,Not Applicable,88,Not Applicable,88,Not Applicable,TRUE,1,Public Road,1,"Trafficway, On Road",CT0009300,New Haven PD,46627,21:30.0,C,Closed,01:26.0,,,,,,,
1258432,1,Complete,1258432,1258432,41.333827,-72.976114,3746633,New Haven,93,93,New Haven,3/25/2025,2025,3,March,25,3,Tuesday,14:56:00,14,25011817,A,"Injury of any type (Serious, Minor, Possible)",C,Possible Injury (C),2,0,0,3,State,1.23,63,63-N,63-N,,WESTERLEIGH ST,300,Feet,N,41.333827,-72.976114,14,Motor Vehicle in Operation,1,Front to rear,1,On Roadway,1,Clear,88,Not Applicable,1,Daylight,1,Dry,0,None,88,Not Applicable,88,Not Applicable,0,None,88,Not Applicable,88,Not Applicable,1,Non-Junction,1,Not at Intersection,1,No,1,No,88,Not Applicable,88,Not Applicable,88,Not Applicable,88,Not Applicable,TRUE,1,Public Road,1,"Trafficway, On Road",CT0009300,New Haven PD,170,59:22.0,C,Closed,01:28.0,,,,,,,
1258434,1,Complete,1258434,1258434,41.334711,-72.935187,3746635,New Haven,93,93,New Haven,3/25/2025,2025,3,March,25,3,Tuesday,19:05:00,19,25011838,A,"Injury of any type (Serious, Minor, Possible)",C,Possible Injury (C),2,0,1,4,Local,1.54,152,DIXWELL AV,DIXWELL AV,,POND SR,137,Feet,N,41.334711,-72.935187,14,Motor Vehicle in Operation,97,Other,1,On Roadway,1,Clear,88,Not Applicable,1,Daylight,1,Dry,0,None,88,Not Applicable,88,Not Applicable,0,None,88,Not Applicable,88,Not Applicable,1,Non-Junction,1,Not at Intersection,1,No,1,No,88,Not Applicable,88,Not Applicable,88,Not Applicable,88,Not Applicable,FALSE,1,Public Road,1,"Trafficway, On Road",CT0009300,New Haven PD,42042,32:53.0,O,Open,01:29.0,,,,,,,
1258435,1,Complete,1258435,1258435,41.309,-72.89545,3746636,New Haven,93,93,New Haven,3/25/2025,2025,3,March,25,3,Tuesday,17:14:00,17,25011856,A,"Injury of any type (Serious, Minor, Possible)",C,Possible Injury (C),1,1,0,4,Local,0.5,264,GRAND AV,GRAND AV,FERRY ST,,,,,41.309,-72.89545,9,Pedestrian,88,Not Applicable,1,On Roadway,1,Clear,88,Not Applicable,1,Daylight,1,Dry,0,None,88,Not Applicable,88,Not Applicable,0,None,88,Not Applicable,88,Not Applicable,2,Intersection,2,Four-Way Intersection,1,No,1,No,88,Not Applicable,88,Not Applicable,88,Not Applicable,88,Not Applicable,FALSE,1,Public Road,1,"Trafficway, On Road",CT0009300,New Haven PD,42057,09:40.0,C,Closed,01:29.0,,,,,,,
1258438,1,Complete,1258438,1258438,41.30423,-72.93094,3746639,New Haven,93,93,New Haven,3/25/2025,2025,3,March,25,3,Tuesday,21:11:00,21,25011893,A,"Injury of any type (Serious, Minor, Possible)",C,Possible Injury (C),2,0,1,4,Local,0.09,564,SOUTH FRONTAGE RD,SOUTH FRONTAGE RD,COLLEGE ST,,,,,41.30423,-72.93094,14,Motor Vehicle in Operation,3,Angle,1,On Roadway,1,Clear,88,Not Applicable,4,Dark-Lighted,1,Dry,0,None,88,Not Applicable,88,Not Applicable,0,None,88,Not Applicable,88,Not Applicable,2,Intersection,2,Four-Way Intersection,1,No,1,No,88,Not Applicable,88,Not Applicable,88,Not Applicable,88,Not Applicable,FALSE,1,Public Road,1,"Trafficway, On Road",CT0009300,New Haven PD,45394,06:32.0,C,Closed,01:29.0,,,,,,,
1258672,1,Complete,1258672,1258672,41.31457,-72.90065,3746873,New Haven,93,93,New Haven,3/11/2025,2025,3,March,11,3,Tuesday,14:31:00,14,25010089,A,"Injury of any type (Serious, Minor, Possible)",C,Possible Injury (C),2,0,0,4,Local,0.18,379,LOMBARD ST,LOMBARD ST,BLATCHLEY AV,,,,,41.31457,-72.90065,14,Motor Vehicle in Operation,3,Angle,1,On Roadway,1,Clear,88,Not Applicable,1,Daylight,1,Dry,0,None,88,Not Applicable,88,Not Applicable,0,None,88,Not Applicable,88,Not Applicable,2,Intersection,2,Four-Way Intersection,1,No,1,No,88,Not Applicable,88,Not Applicable,88,Not Applicable,88,Not Applicable,FALSE,1,Public Road,1,"Trafficway, On Road",CT0009300,New Haven PD,46613,38:07.0,C,Closed,01:06.0,,,,,,,
1258675,1,Complete,1258675,1258675,41.315461,-72.938985,3746876,New Haven,93,93,New Haven,3/22/2025,2025,3,March,22,7,Saturday,10:38:00,10,25011432,A,"Injury of any type (Serious, Minor, Possible)",C,Possible Injury (C),2,0,0,4,Local,0.57,653,WHALLEY AV,WHALLEY AV,,ORCHARD ST,60,Feet,E,41.315461,-72.938985,14,Motor Vehicle in Operation,1,Front to rear,1,On Roadway,1,Clear,88,Not Applicable,1,Daylight,1,Dry,0,None,88,Not Applicable,88,Not Applicable,0,None,88,Not Applicable,88,Not Applicable,3,Intersection-Related,2,Four-Way Intersection,1,No,1,No,88,Not Applicable,88,Not Applicable,88,Not Applicable,88,Not Applicable,FALSE,1,Public Road,1,"Trafficway, On Road",CT0009300,New Haven PD,44062,00:27.0,C,Closed,01:05.0,,,,,,,
1258681,1,Complete,1258681,1258681,41.332685,-72.935213,3746882,New Haven,93,93,New Haven,3/25/2025,2025,3,March,25,3,Tuesday,22:35:00,22,25011896,A,"Injury of any type (Serious, Minor, Possible)",C,Possible Injury (C),3,0,0,4,Local,1.4,152,DIXWELL AV,DIXWELL AV,,BASSETT ST,50,Feet,N,41.332685,-72.935213,14,Motor Vehicle in Operation,1,Front to rear,1,On Roadway,1,Clear,88,Not Applicable,5,Dark-Not Lighted,1,Dry,0,None,88,Not Applicable,88,Not Applicable,0,None,88,Not Applicable,88,Not Applicable,3,Intersection-Related,2,Four-Way Intersection,1,No,1,No,88,Not Applicable,88,Not Applicable,88,Not Applicable,88,Not Applicable,FALSE,1,Public Road,1,"Trafficway, On Road",CT0009300,New Haven PD,46624,12:21.0,C,Closed,01:06.0,,,,,,,
1258687,1,Complete,1258687,1258687,41.313264,-72.932626,3746888,New Haven,93,93,New Haven,3/26/2025,2025,3,March,26,4,Wednesday,12:40:00,12,25011979,A,"Injury of any type (Serious, Minor, Possible)",C,Possible Injury (C),2,0,0,4,Local,0.67,257,GOFFE ST,GOFFE ST,,DIXWELL AVE ,50,Feet,W,41.313264,-72.932626,14,Motor Vehicle in Operation,1,Front to rear,1,On Roadway,1,Clear,88,Not Applicable,1,Daylight,1,Dry,0,None,88,Not Applicable,88,Not Applicable,0,None,88,Not Applicable,88,Not Applicable,3,Intersection-Related,2,Four-Way Intersection,1,No,1,No,88,Not Applicable,88,Not Applicable,88,Not Applicable,88,Not Applicable,TRUE,1,Public Road,1,"Trafficway, On Road",CT0009300,New Haven PD,45403,47:26.0,C,Closed,01:04.0,,,,,,,
1259964,1,Complete,1259964,1259964,41.289996,-72.92159,3747170,New Haven,93,93,New Haven,3/17/2025,2025,3,March,17,2,Monday,0:30:00,0,25010765,A,"Injury of any type (Serious, Minor, Possible)",C,Possible Injury (C),2,0,0,4,Local,0.35,513,LONG WHARF DR,LONG WHARF DR,,Sargent Drive,1788,Feet,N,41.289996,-72.92159,15,Parked Motor Vehicle,3,Angle,7,In Parking Lane or Zone,1,Clear,4,Rain,4,Dark-Lighted,2,Wet,99,Unknown,88,Not Applicable,88,Not Applicable,99,Unknown,88,Not Applicable,88,Not Applicable,1,Non-Junction,1,Not at Intersection,1,No,1,No,88,Not Applicable,88,Not Applicable,88,Not Applicable,88,Not Applicable,FALSE,1,Public Road,1,"Trafficway, On Road",CT0009300,New Haven PD,45701,13:19.0,C,Closed,00:57.0,,,,,,,
1259965,1,Complete,1259965,1259965,41.321481,-72.939061,3747171,New Haven,93,93,New Haven,3/22/2025,2025,3,March,22,7,Saturday,11:16:00,11,25011438,A,"Injury of any type (Serious, Minor, Possible)",C,Possible Injury (C),2,0,0,4,Local,0.13,557,SHERMAN PKWY,SHERMAN PKWY,Henry St ,,,,,41.321481,-72.939061,14,Motor Vehicle in Operation,97,Other,1,On Roadway,1,Clear,88,Not Applicable,1,Daylight,1,Dry,99,Unknown,88,Not Applicable,88,Not Applicable,0,None,88,Not Applicable,88,Not Applicable,2,Intersection,3,T-Intersection,1,No,1,No,88,Not Applicable,88,Not Applicable,88,Not Applicable,88,Not Applicable,FALSE,1,Public Road,1,"Trafficway, On Road",CT0009300,New Haven PD,44062,49:25.0,C,Closed,00:56.0,,,,,,,
1259971,1,Complete,1259971,1259971,41.319363,-72.898783,3747177,New Haven,93,93,New Haven,3/26/2025,2025,3,March,26,4,Wednesday,17:49:00,17,25012040,A,"Injury of any type (Serious, Minor, Possible)",C,Possible Injury (C),2,0,0,2,USRoute,0.36,5,5-N,5-N,MAY ST,,,,,41.319363,-72.898783,14,Motor Vehicle in Operation,3,Angle,1,On Roadway,1,Clear,88,Not Applicable,1,Daylight,1,Dry,0,None,88,Not Applicable,88,Not Applicable,0,None,88,Not Applicable,88,Not Applicable,2,Intersection,2,Four-Way Intersection,1,No,1,No,88,Not Applicable,88,Not Applicable,88,Not Applicable,88,Not Applicable,FALSE,1,Public Road,1,"Trafficway, On Road",CT0009300,New Haven PD,46627,21:48.0,C,Closed,01:01.0,,,,,,,
1259974,1,Complete,1259974,1259974,41.302157,-72.928811,3747180,New Haven,93,93,New Haven,3/26/2025,2025,3,March,26,4,Wednesday,23:32:00,23,25012084,A,"Injury of any type (Serious, Minor, Possible)",C,Possible Injury (C),2,0,0,4,Local,0.25,104,CHURCH ST SOUTH NO 1,CHURCH ST SOUTH NO 1,CHURCH ST SOUTH NO 1,,,,,41.302157,-72.928811,14,Motor Vehicle in Operation,3,Angle,1,On Roadway,1,Clear,88,Not Applicable,4,Dark-Lighted,1,Dry,0,None,88,Not Applicable,88,Not Applicable,0,None,88,Not Applicable,88,Not Applicable,2,Intersection,2,Four-Way Intersection,1,No,1,No,88,Not Applicable,88,Not Applicable,88,Not Applicable,88,Not Applicable,FALSE,1,Public Road,1,"Trafficway, On Road",CT0009300,New Haven PD,44953,15:34.0,C,Closed,00:55.0,,,,,,,
1259978,1,Complete,1259978,1259978,41.324979,-72.896739,3747184,New Haven,93,93,New Haven,3/27/2025,2025,3,March,27,5,Thursday,9:22:00,9,25012121,A,"Injury of any type (Serious, Minor, Possible)",B,Suspected Minor Injury (B),1,0,0,2,USRoute,0.79,5,5-N,5-N,,LYMAN ST,270,Feet,N,41.324979,-72.896739,33,Utility Pole/Light Support,88,Not Applicable,4,Roadside,1,Clear,88,Not Applicable,1,Daylight,1,Dry,0,None,88,Not Applicable,88,Not Applicable,0,None,88,Not Applicable,88,Not Applicable,1,Non-Junction,1,Not at Intersection,1,No,1,No,88,Not Applicable,88,Not Applicable,88,Not Applicable,88,Not Applicable,FALSE,1,Public Road,1,"Trafficway, On Road",CT0009300,New Haven PD,87,48:46.0,C,Closed,00:56.0,,,,,,,