CrashId,Fatal Case Status,Fatal Case Status Text Format,CrashId,CrashId,Latitude,Longitude,DOT Case Number,Town Name,Town Number,Town Number,Town Number Text Format,Date Of Crash,Year,Month,Month Text Format,Day,Day of the Week,Day of the Week Text Format,Time of Crash,Hour of the Day,Case Identifier,Crash Severity,Crash Severity Text Format,Most Severe Injury,Most Severe Injury Text Format,Number Of Motor Vehicles,Number Of Non-Motorist,Number Of Witnesses,Route Class,Route Class Text Format,Milemarker,Road Number,Road Description,Roadway Name,Intersecting Roadway Name,Landmark Description,Distance From Nearest Landmark,Unit Of Measure From Nearest Landmark,Direction From Nearest Landmark,Latitude,Longitude,First Harmful Event,First Harmful Event Text Format,Manner of Crash / Collision Impact,Manner of Crash / Collision Impact Text Format,Location of First Harmful Event,Location of First Harmful Event Text Format,Weather Condition,Weather Condition Text Format,Weather 2,Weather 2 Text Format,Light Condition,Light Condition Text Format,Road Surface Condition,Road Surface Condition Text Format,"Contributing Circumstances, Environment","Contributing Circumstances, Environment Text Format",Environment 2,Environment 2 Text Format,Environment 3,Environment 3 Text Format,"Contributing Circumstances, Road","Contributing Circumstances, Road Text Format",Road 2,Road 2 Text Format,Road 3,Road 3 Text Format,Crash Specific Location,Crash Specific Location Text Format,Type of Intersection,Type of Intersection Text Format,School Bus Related,School Bus Related Text Format,Work Zone Related,Work Zone Related Text Format,Location Of Crash Relative To Work Zone,Location Of Crash Relative To Work Zone Text Format,Type of Work Zone,Type of Work Zone Text Format,Worker Presence,Worker Presence Text Format,Law Enforcement Presence,Law Enforcement Presence Text Format,Were Vehicles Moved Prior To Police Arrival,Trafficway Ownership,Trafficway Ownership Text Format,Trafficway Class,Trafficway Class Text Format,Police Agency,Police Agency Text Format,Badge Number,Approval Date,Police Case Status,Police Case Status Text Format,Crash Report Submission Date,Related Case Identifiers,No. of Through Lanes (Log Dir.),Average Daily Traffic,Functional Classification,Functional Classification Text Format,Rural or Urban,Rural or Urban Text Format
1262977,1,Complete,1262977,1262977,41.332681,-72.939099,3750182,New Haven,93,93,New Haven,4/4/2025,2025,4,April,4,6,Friday,22:44:00,22,25013375,A,"Injury of any type (Serious, Minor, Possible)",C,Possible Injury (C),3,0,0,4,Local,0.06,230,FOURNIER ST NO 1,FOURNIER ST NO 1,BASSETT ST,,,,,41.332681,-72.939099,14,Motor Vehicle in Operation,3,Angle,1,On Roadway,1,Clear,88,Not Applicable,4,Dark-Lighted,1,Dry,0,None,88,Not Applicable,88,Not Applicable,0,None,88,Not Applicable,88,Not Applicable,2,Intersection,3,T-Intersection,1,No,1,No,88,Not Applicable,88,Not Applicable,88,Not Applicable,88,Not Applicable,TRUE,1,Public Road,1,"Trafficway, On Road",CT0009300,New Haven PD,45399,29:02.0,C,Closed,01:25.0,,,,,,,
1262985,1,Complete,1262985,1262985,41.319745,-72.919895,3750190,New Haven,93,93,New Haven,4/8/2025,2025,4,April,8,3,Tuesday,8:02:00,8,25013731,A,"Injury of any type (Serious, Minor, Possible)",C,Possible Injury (C),2,0,0,4,Local,0.18,184,EDWARDS ST,EDWARDS ST,,ST RONAN STREET,125,Feet,E,41.319745,-72.919895,14,Motor Vehicle in Operation,1,Front to rear,1,On Roadway,2,Cloudy,88,Not Applicable,1,Daylight,1,Dry,0,None,88,Not Applicable,88,Not Applicable,0,None,88,Not Applicable,88,Not Applicable,1,Non-Junction,1,Not at Intersection,1,No,1,No,88,Not Applicable,88,Not Applicable,88,Not Applicable,88,Not Applicable,FALSE,1,Public Road,1,"Trafficway, On Road",CT0009300,New Haven PD,47744,12:03.0,O,Open,01:16.0,25-013731,,,,,,
1262994,1,Complete,1262994,1262994,41.342795,-72.957725,3750199,New Haven,93,93,New Haven,4/8/2025,2025,4,April,8,3,Tuesday,17:09:00,17,25013813,A,"Injury of any type (Serious, Minor, Possible)",C,Possible Injury (C),2,0,0,4,Local,0.26,667,WILMOT RD,WILMOT RD,Brookside Ave,,,,,41.342795,-72.957725,14,Motor Vehicle in Operation,3,Angle,1,On Roadway,1,Clear,88,Not Applicable,1,Daylight,1,Dry,0,None,88,Not Applicable,88,Not Applicable,0,None,88,Not Applicable,88,Not Applicable,2,Intersection,2,Four-Way Intersection,1,No,1,No,88,Not Applicable,88,Not Applicable,88,Not Applicable,88,Not Applicable,TRUE,1,Public Road,1,"Trafficway, On Road",CT0009300,New Haven PD,170,42:32.0,C,Closed,01:20.0,,,,,,,
1263279,1,Complete,1263279,1263279,41.31723997,-72.97095719,3750483,New Haven,93,93,New Haven,4/8/2025,2025,4,April,8,3,Tuesday,18:01:00,18,25013823,A,"Injury of any type (Serious, Minor, Possible)",C,Possible Injury (C),3,0,0,3,State,2.65,122,122-N,122-N,CHAPEL ST,,,,,41.31723997,-72.97095719,14,Motor Vehicle in Operation,97,Other,1,On Roadway,1,Clear,88,Not Applicable,3,Dusk,1,Dry,0,None,88,Not Applicable,88,Not Applicable,0,None,88,Not Applicable,88,Not Applicable,2,Intersection,3,T-Intersection,1,No,1,No,88,Not Applicable,88,Not Applicable,88,Not Applicable,88,Not Applicable,FALSE,1,Public Road,1,"Trafficway, On Road",CT0009300,New Haven PD,402,30:03.0,C,Closed,01:30.0,,,,,,,
1263280,1,Complete,1263280,1263280,41.326562,-72.935233,3750484,New Haven,93,93,New Haven,4/8/2025,2025,4,April,8,3,Tuesday,19:39:00,19,25013843,A,"Injury of any type (Serious, Minor, Possible)",C,Possible Injury (C),3,0,0,4,Local,0.97,152,DIXWELL AV,DIXWELL AV,,W DIVISION,100,Feet,S,41.326562,-72.935233,15,Parked Motor Vehicle,1,Front to rear,1,On Roadway,1,Clear,88,Not Applicable,1,Daylight,1,Dry,0,None,88,Not Applicable,88,Not Applicable,0,None,88,Not Applicable,88,Not Applicable,1,Non-Junction,1,Not at Intersection,1,No,1,No,88,Not Applicable,88,Not Applicable,88,Not Applicable,88,Not Applicable,FALSE,1,Public Road,1,"Trafficway, On Road",CT0009300,New Haven PD,47005,40:51.0,C,Closed,01:30.0,,,,,,,
1263284,1,Complete,1263284,1263284,41.302253,-72.929014,3750488,New Haven,93,93,New Haven,4/9/2025,2025,4,April,9,4,Wednesday,11:20:00,11,25013916,A,"Injury of any type (Serious, Minor, Possible)",C,Possible Injury (C),2,0,0,4,Local,0.51,564,SOUTH FRONTAGE RD,SOUTH FRONTAGE RD,,CHURCH ST,60,Feet,N,41.302253,-72.929014,14,Motor Vehicle in Operation,1,Front to rear,1,On Roadway,1,Clear,88,Not Applicable,1,Daylight,1,Dry,0,None,88,Not Applicable,88,Not Applicable,0,None,88,Not Applicable,88,Not Applicable,3,Intersection-Related,2,Four-Way Intersection,1,No,1,No,88,Not Applicable,88,Not Applicable,88,Not Applicable,88,Not Applicable,TRUE,1,Public Road,1,"Trafficway, On Road",CT0009300,New Haven PD,476,59:18.0,C,Closed,01:35.0,,,,,,,
1263562,1,Complete,1263562,1263562,41.321882,-72.917775,3750766,New Haven,93,93,New Haven,4/9/2025,2025,4,April,9,4,Wednesday,12:10:00,12,25013922,A,"Injury of any type (Serious, Minor, Possible)",B,Suspected Minor Injury (B),2,0,0,4,Local,0.83,656,WHITNEY AV,WHITNEY AV,,COTTAGE ST,150,Feet,N,41.321882,-72.917775,14,Motor Vehicle in Operation,3,Angle,1,On Roadway,1,Clear,88,Not Applicable,1,Daylight,1,Dry,0,None,88,Not Applicable,88,Not Applicable,0,None,88,Not Applicable,88,Not Applicable,9,Driveway Access-Related,1,Not at Intersection,1,No,1,No,88,Not Applicable,88,Not Applicable,88,Not Applicable,88,Not Applicable,FALSE,1,Public Road,1,"Trafficway, On Road",CT0009300,New Haven PD,47744,27:19.0,C,Closed,01:21.0,25-013922,,,,,,
1263567,1,Complete,1263567,1263567,41.29077765,-72.94164332,3750771,New Haven,93,93,New Haven,4/10/2025,2025,4,April,10,5,Thursday,9:37:00,9,25014060,A,"Injury of any type (Serious, Minor, Possible)",C,Possible Injury (C),2,0,0,4,Local,0.12,626,WASHINGTON AV NO 1,WASHINGTON AV NO 1,,Ella T Grasso,15,Feet,W,41.29077765,-72.94164332,14,Motor Vehicle in Operation,1,Front to rear,1,On Roadway,1,Clear,88,Not Applicable,1,Daylight,1,Dry,0,None,88,Not Applicable,88,Not Applicable,0,None,88,Not Applicable,88,Not Applicable,3,Intersection-Related,2,Four-Way Intersection,1,No,1,No,88,Not Applicable,88,Not Applicable,88,Not Applicable,88,Not Applicable,FALSE,1,Public Road,1,"Trafficway, On Road",CT0009300,New Haven PD,40810,23:15.0,O,Open,01:22.0,,,,,,,
1263901,1,Complete,1263901,1263901,41.330948,-72.972884,3751105,New Haven,93,93,New Haven,3/18/2025,2025,3,March,18,3,Tuesday,21:20:00,21,25010990,A,"Injury of any type (Serious, Minor, Possible)",C,Possible Injury (C),1,1,1,4,Local,0.24,142,DAVIS ST,DAVIS ST,,WHALLEY AVE,10,,S,41.330948,-72.972884,9,Pedestrian,88,Not Applicable,1,On Roadway,1,Clear,88,Not Applicable,4,Dark-Lighted,1,Dry,0,None,88,Not Applicable,88,Not Applicable,0,None,88,Not Applicable,88,Not Applicable,3,Intersection-Related,3,T-Intersection,1,No,1,No,88,Not Applicable,88,Not Applicable,88,Not Applicable,88,Not Applicable,FALSE,1,Public Road,1,"Trafficway, On Road",CT0009300,New Haven PD,45397,04:56.0,C,Closed,00:39.0,,,,,,,
1263902,1,Complete,1263902,1263902,41.302604,-72.878139,3751106,New Haven,93,93,New Haven,3/22/2025,2025,3,March,22,7,Saturday,18:16:00,18,25011467,A,"Injury of any type (Serious, Minor, Possible)",A,Suspected Serious Injury (A),1,1,0,4,Local,0.12,293,HIGHVIEW LA,HIGHVIEW LA,,MOUNTAIN TOP LN,100,Feet,S,41.302604,-72.878139,9,Pedestrian,88,Not Applicable,1,On Roadway,2,Cloudy,88,Not Applicable,1,Daylight,1,Dry,0,None,88,Not Applicable,88,Not Applicable,0,None,88,Not Applicable,88,Not Applicable,1,Non-Junction,1,Not at Intersection,1,No,1,No,88,Not Applicable,88,Not Applicable,88,Not Applicable,88,Not Applicable,FALSE,1,Public Road,1,"Trafficway, On Road",CT0009300,New Haven PD,65,33:07.0,C,Closed,00:38.0,,,,,,,
1263918,1,Complete,1263918,1263918,41.31539371,-72.94711171,3751122,New Haven,93,93,New Haven,4/12/2025,2025,4,April,12,7,Saturday,10:16:00,10,25014112,A,"Injury of any type (Serious, Minor, Possible)",C,Possible Injury (C),3,0,0,4,Local,0.35,439,NORTON ST,NORTON ST,MAPLE ST,,,,,41.31539371,-72.94711171,14,Motor Vehicle in Operation,3,Angle,1,On Roadway,1,Clear,88,Not Applicable,1,Daylight,1,Dry,0,None,88,Not Applicable,88,Not Applicable,0,None,88,Not Applicable,88,Not Applicable,2,Intersection,2,Four-Way Intersection,1,No,1,No,88,Not Applicable,88,Not Applicable,88,Not Applicable,88,Not Applicable,FALSE,1,Public Road,1,"Trafficway, On Road",CT0009300,New Haven PD,307,46:02.0,C,Closed,00:45.0,,,,,,,
1263921,1,Complete,1263921,1263921,41.3291939,-72.94208714,3751125,New Haven,93,93,New Haven,4/10/2025,2025,4,April,10,5,Thursday,15:00:00,15,25014131,A,"Injury of any type (Serious, Minor, Possible)",C,Possible Injury (C),2,0,0,4,Local,0.35,230,FOURNIER ST NO 1,FOURNIER ST NO 1,,crescent st,40,Feet,E,41.3291939,-72.94208714,14,Motor Vehicle in Operation,4,"Sideswipe, same direction",1,On Roadway,1,Clear,88,Not Applicable,1,Daylight,1,Dry,0,None,88,Not Applicable,88,Not Applicable,0,None,88,Not Applicable,88,Not Applicable,3,Intersection-Related,3,T-Intersection,1,No,1,No,88,Not Applicable,88,Not Applicable,88,Not Applicable,88,Not Applicable,TRUE,1,Public Road,1,"Trafficway, On Road",CT0009300,New Haven PD,46615,59:03.0,O,Open,00:42.0,,,,,,,
1263924,1,Complete,1263924,1263924,41.2974484,-72.92731266,3751128,New Haven,93,93,New Haven,4/10/2025,2025,4,April,10,5,Thursday,17:23:00,17,25014169,A,"Injury of any type (Serious, Minor, Possible)",C,Possible Injury (C),2,0,0,2,USRoute,47.94,1,1-N,1-N,,CHURCH ST,475,Feet,E,41.2974484,-72.92731266,14,Motor Vehicle in Operation,4,"Sideswipe, same direction",1,On Roadway,1,Clear,88,Not Applicable,1,Daylight,1,Dry,0,None,88,Not Applicable,88,Not Applicable,0,None,88,Not Applicable,88,Not Applicable,1,Non-Junction,1,Not at Intersection,1,No,1,No,88,Not Applicable,88,Not Applicable,88,Not Applicable,88,Not Applicable,TRUE,1,Public Road,1,"Trafficway, On Road",CT0009300,New Haven PD,45700,31:11.0,C,Closed,00:34.0,,,,,,,
1263928,1,Complete,1263928,1263928,41.28620076,-72.93597957,3751132,New Haven,93,93,New Haven,4/10/2025,2025,4,April,10,5,Thursday,16:53:00,16,25014191,A,"Injury of any type (Serious, Minor, Possible)",C,Possible Injury (C),2,0,0,3,State,0.45,10,10-N,10-N,,kimberly ave,20,Feet,S,41.28620076,-72.93597957,14,Motor Vehicle in Operation,1,Front to rear,1,On Roadway,4,Rain,88,Not Applicable,4,Dark-Lighted,2,Wet,0,None,88,Not Applicable,88,Not Applicable,0,None,88,Not Applicable,88,Not Applicable,3,Intersection-Related,2,Four-Way Intersection,1,No,1,No,88,Not Applicable,88,Not Applicable,88,Not Applicable,88,Not Applicable,TRUE,1,Public Road,1,"Trafficway, On Road",CT0009300,New Haven PD,45700,57:33.0,O,Open,00:35.0,,,,,,,
1263937,1,Complete,1263937,1263937,41.32092447,-72.89059764,3751141,New Haven,93,93,New Haven,4/11/2025,2025,4,April,11,6,Friday,15:42:00,15,25014262,A,"Injury of any type (Serious, Minor, Possible)",C,Possible Injury (C),2,0,0,4,Local,0.35,411,MIDDLETOWN AV,MIDDLETOWN AV,,FRONT ST,140,Feet,E,41.32092447,-72.89059764,14,Motor Vehicle in Operation,1,Front to rear,1,On Roadway,2,Cloudy,88,Not Applicable,1,Daylight,1,Dry,0,None,88,Not Applicable,88,Not Applicable,0,None,88,Not Applicable,88,Not Applicable,1,Non-Junction,1,Not at Intersection,1,No,1,No,88,Not Applicable,88,Not Applicable,88,Not Applicable,88,Not Applicable,TRUE,1,Public Road,1,"Trafficway, On Road",CT0009300,New Haven PD,47745,19:58.0,O,Open,00:40.0,,,,,,,
1263939,1,Complete,1263939,1263939,41.284508,-72.934737,3751143,New Haven,93,93,New Haven,4/11/2025,2025,4,April,11,6,Friday,16:07:00,16,25014265,A,"Injury of any type (Serious, Minor, Possible)",B,Suspected Minor Injury (B),4,0,0,1,Interstate,0,,,95-S-154A,10-N,,,,,41.284508,-72.934737,14,Motor Vehicle in Operation,3,Angle,1,On Roadway,1,Clear,88,Not Applicable,1,Daylight,1,Dry,0,None,88,Not Applicable,88,Not Applicable,0,None,88,Not Applicable,88,Not Applicable,2,Intersection,2,Four-Way Intersection,1,No,1,No,88,Not Applicable,88,Not Applicable,88,Not Applicable,88,Not Applicable,FALSE,1,Public Road,1,"Trafficway, On Road",CT0009300,New Haven PD,40810,05:39.0,C,Closed,00:39.0,,,,,,,
1263944,1,Complete,1263944,1263944,41.30934,-72.895549,3751148,New Haven,93,93,New Haven,4/11/2025,2025,4,April,11,6,Friday,17:58:00,17,25014285,A,"Injury of any type (Serious, Minor, Possible)",C,Possible Injury (C),2,0,0,4,Local,0.73,213,FERRY ST,FERRY ST,,GRAND AVE,100,Feet,N,41.30934,-72.895549,14,Motor Vehicle in Operation,1,Front to rear,1,On Roadway,1,Clear,88,Not Applicable,1,Daylight,1,Dry,0,None,88,Not Applicable,88,Not Applicable,0,None,88,Not Applicable,88,Not Applicable,1,Non-Junction,1,Not at Intersection,1,No,1,No,88,Not Applicable,88,Not Applicable,88,Not Applicable,88,Not Applicable,FALSE,1,Public Road,1,"Trafficway, On Road",CT0009300,New Haven PD,46898,30:44.0,C,Closed,00:45.0,,,,,,,
1263946,1,Complete,1263946,1263946,41.31348567,-72.97040334,3751150,New Haven,93,93,New Haven,4/12/2025,2025,4,April,12,7,Saturday,0:38:00,0,25014317,A,"Injury of any type (Serious, Minor, Possible)",B,Suspected Minor Injury (B),1,0,0,3,State,2.39,122,122-N,122-N,,ROGER ROAD,440,Feet,S,41.31348567,-72.97040334,32,Tree (standing),88,Not Applicable,1,On Roadway,4,Rain,88,Not Applicable,4,Dark-Lighted,2,Wet,1,Weather Conditions,88,Not Applicable,88,Not Applicable,0,None,88,Not Applicable,88,Not Applicable,1,Non-Junction,1,Not at Intersection,1,No,1,No,88,Not Applicable,88,Not Applicable,88,Not Applicable,88,Not Applicable,FALSE,1,Public Road,2,"Trafficway, Not on Road",CT0009300,New Haven PD,47740,32:09.0,C,Closed,00:43.0,,,,,,,
1263949,1,Complete,1263949,1263949,41.291975,-72.942468,3751153,New Haven,93,93,New Haven,4/12/2025,2025,4,April,12,7,Saturday,7:14:00,7,25014345,A,"Injury of any type (Serious, Minor, Possible)",C,Possible Injury (C),1,0,0,,,,,,TRUMAN ST,,ELLA T GRASSO BLVD,15,Feet,E,41.291975,-72.942468,33,Utility Pole/Light Support,88,Not Applicable,4,Roadside,4,Rain,88,Not Applicable,1,Daylight,2,Wet,1,Weather Conditions,88,Not Applicable,88,Not Applicable,0,None,88,Not Applicable,88,Not Applicable,3,Intersection-Related,3,T-Intersection,1,No,1,No,88,Not Applicable,88,Not Applicable,88,Not Applicable,88,Not Applicable,TRUE,2,Private Road,1,"Trafficway, On Road",CT0009300,New Haven PD,45700,46:38.0,C,Closed,00:45.0,,,,,,,
1263951,1,Complete,1263951,1263951,41.29627492,-72.91802192,3751155,New Haven,93,93,New Haven,4/12/2025,2025,4,April,12,7,Saturday,14:54:00,14,25014371,A,"Injury of any type (Serious, Minor, Possible)",C,Possible Injury (C),1,0,0,4,Local,0.98,359,SARGENT DR,SARGENT DR,CANAL DOCK RD,CANAL DOCK ROAD,60,Feet,S,41.29627492,-72.91802192,35,Traffic Signal Support,88,Not Applicable,1,On Roadway,4,Rain,88,Not Applicable,1,Daylight,2,Wet,99,Unknown,88,Not Applicable,88,Not Applicable,99,Unknown,88,Not Applicable,88,Not Applicable,2,Intersection,2,Four-Way Intersection,1,No,1,No,88,Not Applicable,88,Not Applicable,88,Not Applicable,88,Not Applicable,FALSE,1,Public Road,2,"Trafficway, Not on Road",CT0009300,New Haven PD,47739,04:28.0,C,Closed,00:46.0,,,,,,,
1263957,1,Complete,1263957,1263957,41.323538,-72.95153,3751161,New Haven,93,93,New Haven,4/13/2025,2025,4,April,13,1,Sunday,8:01:00,8,25014428,A,"Injury of any type (Serious, Minor, Possible)",A,Suspected Serious Injury (A),2,0,0,4,Local,0.26,56,BLAKE ST,BLAKE ST,Osborn Ave,,,,,41.323538,-72.95153,14,Motor Vehicle in Operation,3,Angle,1,On Roadway,1,Clear,88,Not Applicable,1,Daylight,1,Dry,0,None,88,Not Applicable,88,Not Applicable,0,None,88,Not Applicable,88,Not Applicable,2,Intersection,2,Four-Way Intersection,1,No,1,No,88,Not Applicable,88,Not Applicable,88,Not Applicable,88,Not Applicable,TRUE,1,Public Road,1,"Trafficway, On Road",CT0009300,New Haven PD,47006,27:43.0,C,Closed,00:50.0,,,,,,,
1263961,1,Complete,1263961,1263961,41.309968,-72.945159,3751165,New Haven,93,93,New Haven,4/13/2025,2025,4,April,13,1,Sunday,20:37:00,20,25014472,A,"Injury of any type (Serious, Minor, Possible)",C,Possible Injury (C),2,0,0,4,Local,0.29,556,SHERMAN AV,SHERMAN AV,,GEORGE ST,50,Feet,N,41.309968,-72.945159,14,Motor Vehicle in Operation,1,Front to rear,1,On Roadway,1,Clear,88,Not Applicable,4,Dark-Lighted,1,Dry,0,None,88,Not Applicable,88,Not Applicable,0,None,88,Not Applicable,88,Not Applicable,3,Intersection-Related,2,Four-Way Intersection,1,No,1,No,88,Not Applicable,88,Not Applicable,88,Not Applicable,88,Not Applicable,TRUE,1,Public Road,1,"Trafficway, On Road",CT0009300,New Haven PD,47738,13:00.0,C,Closed,00:48.0,,,,,,,
1263962,1,Complete,1263962,1263962,41.289529,-72.892368,3751166,New Haven,93,93,New Haven,4/13/2025,2025,4,April,13,1,Sunday,20:11:00,20,25014476,A,"Injury of any type (Serious, Minor, Possible)",C,Possible Injury (C),2,0,0,3,State,0.02,337,337-E,337-E,,FORBES AVE,20,Feet,S,41.289529,-72.892368,14,Motor Vehicle in Operation,1,Front to rear,1,On Roadway,1,Clear,88,Not Applicable,4,Dark-Lighted,1,Dry,0,None,88,Not Applicable,88,Not Applicable,0,None,88,Not Applicable,88,Not Applicable,3,Intersection-Related,2,Four-Way Intersection,1,No,1,No,88,Not Applicable,88,Not Applicable,88,Not Applicable,88,Not Applicable,FALSE,1,Public Road,1,"Trafficway, On Road",CT0009300,New Haven PD,45388,56:18.0,C,Closed,00:48.0,,,,,,,
1264436,1,Complete,1264436,1264436,41.30816,-72.918962,3751640,New Haven,93,93,New Haven,4/9/2025,2025,4,April,9,4,Wednesday,21:29:00,21,25014034,A,"Injury of any type (Serious, Minor, Possible)",B,Suspected Minor Injury (B),1,1,0,4,Local,0.48,447,OLIVE ST,OLIVE ST,LYON ST NO 1,,,,,41.30816,-72.918962,10,Pedalcycle/Pedalcyclist,3,Angle,1,On Roadway,1,Clear,88,Not Applicable,4,Dark-Lighted,1,Dry,0,None,88,Not Applicable,88,Not Applicable,0,None,88,Not Applicable,88,Not Applicable,2,Intersection,3,T-Intersection,1,No,1,No,88,Not Applicable,88,Not Applicable,88,Not Applicable,88,Not Applicable,FALSE,1,Public Road,1,"Trafficway, On Road",CT0009300,New Haven PD,44049,55:14.0,C,Closed,01:17.0,,,,,,,
1264439,1,Complete,1264439,1264439,41.282547,-72.938032,3751643,New Haven,93,93,New Haven,4/11/2025,2025,4,April,11,6,Friday,13:47:00,13,25014250,A,"Injury of any type (Serious, Minor, Possible)",C,Possible Injury (C),2,0,0,3,State,0,10,10-N,10-N,KIMBERLY AVE ,,,,,41.282547,-72.938032,14,Motor Vehicle in Operation,3,Angle,1,On Roadway,1,Clear,88,Not Applicable,1,Daylight,1,Dry,99,Unknown,88,Not Applicable,88,Not Applicable,99,Unknown,88,Not Applicable,88,Not Applicable,2,Intersection,3,T-Intersection,1,No,1,No,88,Not Applicable,88,Not Applicable,88,Not Applicable,88,Not Applicable,FALSE,1,Public Road,1,"Trafficway, On Road",CT0009300,New Haven PD,45398,25:00.0,O,Open,01:10.0,,,,,,,
1264447,1,Complete,1264447,1264447,41.32177,-72.929007,3751651,New Haven,93,93,New Haven,4/14/2025,2025,4,April,14,2,Monday,16:55:00,16,25014623,A,"Injury of any type (Serious, Minor, Possible)",A,Suspected Serious Injury (A),2,0,0,4,Local,0.41,669,WINCHESTER AV,WINCHESTER AV,,MUNSON ST,55,Feet,N,41.32177,-72.929007,14,Motor Vehicle in Operation,3,Angle,1,On Roadway,1,Clear,88,Not Applicable,1,Daylight,1,Dry,0,None,88,Not Applicable,88,Not Applicable,0,None,88,Not Applicable,88,Not Applicable,3,Intersection-Related,2,Four-Way Intersection,1,No,1,No,88,Not Applicable,88,Not Applicable,88,Not Applicable,88,Not Applicable,FALSE,1,Public Road,1,"Trafficway, On Road",CT0009300,New Haven PD,42049,48:24.0,C,Closed,01:15.0,,,,,,,
1264449,1,Complete,1264449,1264449,41.311394,-72.931958,3751653,New Haven,93,93,New Haven,4/14/2025,2025,4,April,14,2,Monday,17:42:00,17,25014632,A,"Injury of any type (Serious, Minor, Possible)",C,Possible Injury (C),2,0,0,4,Local,0.09,726,ELM ST NO 2,ELM ST NO 2,,PARK ST,40,Feet,W,41.311394,-72.931958,14,Motor Vehicle in Operation,4,"Sideswipe, same direction",1,On Roadway,1,Clear,88,Not Applicable,1,Daylight,1,Dry,0,None,88,Not Applicable,88,Not Applicable,0,None,88,Not Applicable,88,Not Applicable,3,Intersection-Related,2,Four-Way Intersection,1,No,1,No,88,Not Applicable,88,Not Applicable,88,Not Applicable,88,Not Applicable,FALSE,1,Public Road,1,"Trafficway, On Road",CT0009300,New Haven PD,44045,10:38.0,C,Closed,01:14.0,,,,,,,
1264452,1,Complete,1264452,1264452,41.310101,-72.953271,3751656,New Haven,93,93,New Haven,4/14/2025,2025,4,April,14,2,Monday,19:19:00,19,25014653,A,"Injury of any type (Serious, Minor, Possible)",B,Suspected Minor Injury (B),2,0,1,3,State,21.88,34,34-E,34-E,10-N,,,,,41.310101,-72.953271,14,Motor Vehicle in Operation,3,Angle,1,On Roadway,1,Clear,88,Not Applicable,3,Dusk,1,Dry,0,None,88,Not Applicable,88,Not Applicable,0,None,88,Not Applicable,88,Not Applicable,2,Intersection,2,Four-Way Intersection,1,No,1,No,88,Not Applicable,88,Not Applicable,88,Not Applicable,88,Not Applicable,FALSE,1,Public Road,1,"Trafficway, On Road",CT0009300,New Haven PD,45403,22:02.0,C,Closed,01:17.0,,,,,,,
1264714,1,Complete,1264714,1264714,41.302145,-72.928626,3751918,New Haven,93,93,New Haven,4/9/2025,2025,4,April,9,4,Wednesday,23:48:00,23,25014041,A,"Injury of any type (Serious, Minor, Possible)",C,Possible Injury (C),2,0,0,4,Local,0.25,104,CHURCH ST SOUTH NO 1,CHURCH ST SOUTH NO 1,S FRONTAGE RD ,,,,,41.302145,-72.928626,14,Motor Vehicle in Operation,3,Angle,1,On Roadway,1,Clear,88,Not Applicable,4,Dark-Lighted,1,Dry,0,None,88,Not Applicable,88,Not Applicable,0,None,88,Not Applicable,88,Not Applicable,2,Intersection,2,Four-Way Intersection,1,No,1,No,88,Not Applicable,88,Not Applicable,88,Not Applicable,88,Not Applicable,FALSE,1,Public Road,1,"Trafficway, On Road",CT0009300,New Haven PD,44338,26:42.0,O,Open,01:11.0,,,,,,,
1264723,1,Complete,1264723,1264723,41.293576,-72.918401,3751927,New Haven,93,93,New Haven,4/15/2025,2025,4,April,15,3,Tuesday,13:30:00,13,25014724,A,"Injury of any type (Serious, Minor, Possible)",C,Possible Injury (C),2,0,0,4,Local,0.65,513,LONG WHARF DR,LONG WHARF DR,,CANAL DOCK RD,840,Feet,S,41.293576,-72.918401,14,Motor Vehicle in Operation,3,Angle,1,On Roadway,2,Cloudy,88,Not Applicable,1,Daylight,1,Dry,0,None,88,Not Applicable,88,Not Applicable,0,None,88,Not Applicable,88,Not Applicable,1,Non-Junction,1,Not at Intersection,1,No,1,No,88,Not Applicable,88,Not Applicable,88,Not Applicable,88,Not Applicable,FALSE,1,Public Road,1,"Trafficway, On Road",CT0009300,New Haven PD,274,11:34.0,C,Closed,01:10.0,,,,,,,
1264724,1,Complete,1264724,1264724,41.33307185,-72.9755718,3751928,New Haven,93,93,New Haven,4/15/2025,2025,4,April,15,3,Tuesday,13:30:00,13,25014727,A,"Injury of any type (Serious, Minor, Possible)",C,Possible Injury (C),2,0,0,3,State,1.16,63,63-N,63-N,WESTERLEIGH RD,,,,,41.33307185,-72.9755718,14,Motor Vehicle in Operation,3,Angle,1,On Roadway,1,Clear,88,Not Applicable,1,Daylight,1,Dry,0,None,88,Not Applicable,88,Not Applicable,0,None,88,Not Applicable,88,Not Applicable,2,Intersection,3,T-Intersection,1,No,1,No,88,Not Applicable,88,Not Applicable,88,Not Applicable,88,Not Applicable,FALSE,1,Public Road,1,"Trafficway, On Road",CT0009300,New Haven PD,44062,34:50.0,C,Closed,01:08.0,,,,,,,