CrashId,Fatal Case Status,Fatal Case Status Text Format,CrashId,CrashId,Latitude,Longitude,DOT Case Number,Town Name,Town Number,Town Number,Town Number Text Format,Date Of Crash,Year,Month,Month Text Format,Day,Day of the Week,Day of the Week Text Format,Time of Crash,Hour of the Day,Case Identifier,Crash Severity,Crash Severity Text Format,Most Severe Injury,Most Severe Injury Text Format,Number Of Motor Vehicles,Number Of Non-Motorist,Number Of Witnesses,Route Class,Route Class Text Format,Milemarker,Road Number,Road Description,Roadway Name,Intersecting Roadway Name,Landmark Description,Distance From Nearest Landmark,Unit Of Measure From Nearest Landmark,Direction From Nearest Landmark,Latitude,Longitude,First Harmful Event,First Harmful Event Text Format,Manner of Crash / Collision Impact,Manner of Crash / Collision Impact Text Format,Location of First Harmful Event,Location of First Harmful Event Text Format,Weather Condition,Weather Condition Text Format,Weather 2,Weather 2 Text Format,Light Condition,Light Condition Text Format,Road Surface Condition,Road Surface Condition Text Format,"Contributing Circumstances, Environment","Contributing Circumstances, Environment Text Format",Environment 2,Environment 2 Text Format,Environment 3,Environment 3 Text Format,"Contributing Circumstances, Road","Contributing Circumstances, Road Text Format",Road 2,Road 2 Text Format,Road 3,Road 3 Text Format,Crash Specific Location,Crash Specific Location Text Format,Type of Intersection,Type of Intersection Text Format,School Bus Related,School Bus Related Text Format,Work Zone Related,Work Zone Related Text Format,Location Of Crash Relative To Work Zone,Location Of Crash Relative To Work Zone Text Format,Type of Work Zone,Type of Work Zone Text Format,Worker Presence,Worker Presence Text Format,Law Enforcement Presence,Law Enforcement Presence Text Format,Were Vehicles Moved Prior To Police Arrival,Trafficway Ownership,Trafficway Ownership Text Format,Trafficway Class,Trafficway Class Text Format,Police Agency,Police Agency Text Format,Badge Number,Approval Date,Police Case Status,Police Case Status Text Format,Crash Report Submission Date,Related Case Identifiers,No. of Through Lanes (Log Dir.),Average Daily Traffic,Functional Classification,Functional Classification Text Format,Rural or Urban,Rural or Urban Text Format
1264725,1,Complete,1264725,1264725,41.309181,-72.898164,3751929,New Haven,93,93,New Haven,4/15/2025,2025,4,April,15,3,Tuesday,14:16:00,14,25014729,A,"Injury of any type (Serious, Minor, Possible)",C,Possible Injury (C),3,0,0,4,Local,0.47,216,FILLMORE ST,FILLMORE ST,,GRAND AVE,120,Feet,S,41.309181,-72.898164,14,Motor Vehicle in Operation,1,Front to rear,1,On Roadway,1,Clear,88,Not Applicable,1,Daylight,1,Dry,0,None,88,Not Applicable,88,Not Applicable,0,None,88,Not Applicable,88,Not Applicable,1,Non-Junction,1,Not at Intersection,1,No,1,No,88,Not Applicable,88,Not Applicable,88,Not Applicable,88,Not Applicable,FALSE,1,Public Road,1,"Trafficway, On Road",CT0009300,New Haven PD,45389,36:54.0,C,Closed,01:08.0,,,,,,,
1264974,1,Complete,1264974,1264974,41.292613,-72.94342,3752177,New Haven,93,93,New Haven,4/16/2025,2025,4,April,16,4,Wednesday,8:48:00,8,25014835,A,"Injury of any type (Serious, Minor, Possible)",C,Possible Injury (C),2,0,0,3,State,1.03,10,10-N,10-N,,FRANK ST,40,Feet,N,41.292613,-72.94342,14,Motor Vehicle in Operation,1,Front to rear,1,On Roadway,1,Clear,88,Not Applicable,1,Daylight,1,Dry,0,None,88,Not Applicable,88,Not Applicable,0,None,88,Not Applicable,88,Not Applicable,3,Intersection-Related,3,T-Intersection,1,No,1,No,88,Not Applicable,88,Not Applicable,88,Not Applicable,88,Not Applicable,FALSE,1,Public Road,1,"Trafficway, On Road",CT0009300,New Haven PD,45392,42:49.0,C,Closed,00:29.0,NONE,,,,,,
1264979,1,Complete,1264979,1264979,41.282113,-72.897169,3752182,New Haven,93,93,New Haven,4/16/2025,2025,4,April,16,4,Wednesday,16:25:00,16,25014933,A,"Injury of any type (Serious, Minor, Possible)",B,Suspected Minor Injury (B),2,0,0,4,Local,0.87,678,WOODWARD AV,WOODWARD AV,,UPSON TERRACE,1,TenthsofMile,N,41.282113,-72.897169,14,Motor Vehicle in Operation,1,Front to rear,1,On Roadway,1,Clear,88,Not Applicable,1,Daylight,1,Dry,0,None,88,Not Applicable,88,Not Applicable,0,None,88,Not Applicable,88,Not Applicable,1,Non-Junction,1,Not at Intersection,1,No,1,No,88,Not Applicable,88,Not Applicable,88,Not Applicable,88,Not Applicable,FALSE,1,Public Road,1,"Trafficway, On Road",CT0009300,New Haven PD,46900,02:18.0,C,Closed,00:34.0,,,,,,,
1264980,1,Complete,1264980,1264980,41.334833,-72.935263,3752183,New Haven,93,93,New Haven,4/16/2025,2025,4,April,16,4,Wednesday,17:24:00,17,25014950,A,"Injury of any type (Serious, Minor, Possible)",C,Possible Injury (C),1,1,0,4,Local,1.55,152,DIXWELL AV,DIXWELL AV,ELIZABETH ST,,,,,41.334833,-72.935263,10,Pedalcycle/Pedalcyclist,4,"Sideswipe, same direction",1,On Roadway,1,Clear,88,Not Applicable,1,Daylight,1,Dry,0,None,88,Not Applicable,88,Not Applicable,0,None,88,Not Applicable,88,Not Applicable,2,Intersection,3,T-Intersection,1,No,1,No,88,Not Applicable,88,Not Applicable,88,Not Applicable,88,Not Applicable,FALSE,1,Public Road,1,"Trafficway, On Road",CT0009300,New Haven PD,45399,49:31.0,O,Open,00:33.0,,,,,,,
1264984,1,Complete,1264984,1264984,41.327234,-72.879234,3752187,New Haven,93,93,New Haven,4/16/2025,2025,4,April,16,4,Wednesday,18:38:00,18,25014981,A,"Injury of any type (Serious, Minor, Possible)",C,Possible Injury (C),3,0,0,3,State,0.48,17,17-N,17-N,,BARNES AVE,130,Feet,N,41.327234,-72.879234,14,Motor Vehicle in Operation,1,Front to rear,1,On Roadway,1,Clear,88,Not Applicable,3,Dusk,1,Dry,0,None,88,Not Applicable,88,Not Applicable,0,None,88,Not Applicable,88,Not Applicable,3,Intersection-Related,3,T-Intersection,1,No,1,No,88,Not Applicable,88,Not Applicable,88,Not Applicable,88,Not Applicable,FALSE,1,Public Road,1,"Trafficway, On Road",CT0009300,New Haven PD,46900,03:03.0,C,Closed,00:31.0,,,,,,,
1265224,1,Complete,1265224,1265224,41.320215,-72.953829,3752427,New Haven,93,93,New Haven,4/9/2025,2025,4,April,9,4,Wednesday,22:24:00,22,25014038,A,"Injury of any type (Serious, Minor, Possible)",C,Possible Injury (C),2,0,0,4,Local,0.11,311,HUBINGER ST,HUBINGER ST,,ELDERT ST,40,Feet,S,41.320215,-72.953829,14,Motor Vehicle in Operation,4,"Sideswipe, same direction",1,On Roadway,1,Clear,88,Not Applicable,4,Dark-Lighted,1,Dry,0,None,88,Not Applicable,88,Not Applicable,0,None,88,Not Applicable,88,Not Applicable,1,Non-Junction,1,Not at Intersection,1,No,1,No,88,Not Applicable,88,Not Applicable,88,Not Applicable,88,Not Applicable,FALSE,1,Public Road,1,"Trafficway, On Road",CT0009300,New Haven PD,46615,26:00.0,O,Open,00:29.0,,,,,,,
1265227,1,Complete,1265227,1265227,41.30894011,-72.93354138,3752430,New Haven,93,93,New Haven,4/17/2025,2025,4,April,17,5,Thursday,8:09:00,8,25015048,A,"Injury of any type (Serious, Minor, Possible)",C,Possible Injury (C),1,1,0,4,Local,0.19,463,PARK ST,PARK ST,CHAPEL ST,,,,,41.30894011,-72.93354138,9,Pedestrian,88,Not Applicable,1,On Roadway,1,Clear,88,Not Applicable,1,Daylight,1,Dry,0,None,88,Not Applicable,88,Not Applicable,0,None,88,Not Applicable,88,Not Applicable,2,Intersection,2,Four-Way Intersection,1,No,1,No,88,Not Applicable,88,Not Applicable,88,Not Applicable,88,Not Applicable,FALSE,1,Public Road,1,"Trafficway, On Road",CT0009300,New Haven PD,40804,34:12.0,C,Closed,00:26.0,,,,,,,
1265229,1,Complete,1265229,1265229,41.32563,-72.927767,3752432,New Haven,93,93,New Haven,4/17/2025,2025,4,April,17,5,Thursday,10:20:00,10,25015060,A,"Injury of any type (Serious, Minor, Possible)",C,Possible Injury (C),2,0,0,4,Local,0.4,151,DIVISION ST,DIVISION ST,Winchester Ave,,,,,41.32563,-72.927767,14,Motor Vehicle in Operation,3,Angle,1,On Roadway,1,Clear,88,Not Applicable,1,Daylight,1,Dry,0,None,88,Not Applicable,88,Not Applicable,0,None,88,Not Applicable,88,Not Applicable,2,Intersection,2,Four-Way Intersection,1,No,1,No,88,Not Applicable,88,Not Applicable,88,Not Applicable,88,Not Applicable,FALSE,1,Public Road,1,"Trafficway, On Road",CT0009300,New Haven PD,42042,21:27.0,C,Closed,00:26.0,,,,,,,
1265231,1,Complete,1265231,1265231,41.321193,-72.92338,3752434,New Haven,93,93,New Haven,4/17/2025,2025,4,April,17,5,Thursday,12:40:00,12,25015085,A,"Injury of any type (Serious, Minor, Possible)",C,Possible Injury (C),2,0,0,4,Local,0.67,495,PROSPECT ST,PROSPECT ST,,HILLSIDE,100,Feet,N,41.321193,-72.92338,14,Motor Vehicle in Operation,4,"Sideswipe, same direction",1,On Roadway,1,Clear,88,Not Applicable,1,Daylight,1,Dry,0,None,88,Not Applicable,88,Not Applicable,0,None,88,Not Applicable,88,Not Applicable,1,Non-Junction,1,Not at Intersection,2,"Yes, School Bus Directly Involved",1,No,88,Not Applicable,88,Not Applicable,88,Not Applicable,88,Not Applicable,TRUE,1,Public Road,1,"Trafficway, On Road",CT0009300,New Haven PD,42042,56:08.0,C,Closed,00:27.0,,,,,,,
1265235,1,Complete,1265235,1265235,41.313844,-72.924992,3752438,New Haven,93,93,New Haven,4/17/2025,2025,4,April,17,5,Thursday,15:50:00,15,25015113,A,"Injury of any type (Serious, Minor, Possible)",C,Possible Injury (C),2,0,0,4,Local,0.15,495,PROSPECT ST,PROSPECT ST,TRUMBULL ST,,,,,41.313844,-72.924992,14,Motor Vehicle in Operation,3,Angle,1,On Roadway,1,Clear,88,Not Applicable,1,Daylight,1,Dry,0,None,88,Not Applicable,88,Not Applicable,0,None,88,Not Applicable,88,Not Applicable,2,Intersection,2,Four-Way Intersection,1,No,1,No,88,Not Applicable,88,Not Applicable,88,Not Applicable,88,Not Applicable,TRUE,1,Public Road,1,"Trafficway, On Road",CT0009300,New Haven PD,45630,14:40.0,C,Closed,00:27.0,,,,,,,
1265236,1,Complete,1265236,1265236,41.31005405,-72.93273057,3752439,New Haven,93,93,New Haven,4/17/2025,2025,4,April,17,5,Thursday,16:54:00,16,25015134,A,"Injury of any type (Serious, Minor, Possible)",C,Possible Injury (C),3,0,0,4,Local,0.1,463,PARK ST,PARK ST,,CHAPEL ST,19,Feet,N,41.31005405,-72.93273057,14,Motor Vehicle in Operation,4,"Sideswipe, same direction",1,On Roadway,1,Clear,88,Not Applicable,1,Daylight,1,Dry,0,None,88,Not Applicable,88,Not Applicable,0,None,88,Not Applicable,88,Not Applicable,1,Non-Junction,1,Not at Intersection,1,No,1,No,88,Not Applicable,88,Not Applicable,88,Not Applicable,88,Not Applicable,FALSE,1,Public Road,1,"Trafficway, On Road",CT0009300,New Haven PD,45700,17:22.0,C,Closed,00:29.0,,,,,,,
1265238,1,Complete,1265238,1265238,41.306592,-72.942496,3752441,New Haven,93,93,New Haven,4/17/2025,2025,4,April,17,5,Thursday,19:03:00,19,25015160,A,"Injury of any type (Serious, Minor, Possible)",C,Possible Injury (C),2,0,0,4,Local,0.37,453,ORCHARD ST,ORCHARD ST,,REV DR MLK JR BLVD,100,Feet,S,41.306592,-72.942496,14,Motor Vehicle in Operation,1,Front to rear,1,On Roadway,1,Clear,88,Not Applicable,1,Daylight,1,Dry,0,None,88,Not Applicable,88,Not Applicable,0,None,88,Not Applicable,88,Not Applicable,3,Intersection-Related,2,Four-Way Intersection,1,No,1,No,88,Not Applicable,88,Not Applicable,88,Not Applicable,88,Not Applicable,FALSE,1,Public Road,1,"Trafficway, On Road",CT0009300,New Haven PD,44055,58:39.0,C,Closed,00:27.0,,,,,,,
1265239,1,Complete,1265239,1265239,41.291862,-72.942484,3752442,New Haven,93,93,New Haven,4/17/2025,2025,4,April,17,5,Thursday,20:01:00,20,25015165,A,"Injury of any type (Serious, Minor, Possible)",C,Possible Injury (C),3,0,0,3,State,0.96,10,10-N,10-N,Truman Street,,,,,41.291862,-72.942484,14,Motor Vehicle in Operation,1,Front to rear,1,On Roadway,1,Clear,88,Not Applicable,1,Daylight,1,Dry,0,None,88,Not Applicable,88,Not Applicable,0,None,88,Not Applicable,88,Not Applicable,2,Intersection,3,T-Intersection,1,No,1,No,88,Not Applicable,88,Not Applicable,88,Not Applicable,88,Not Applicable,FALSE,1,Public Road,1,"Trafficway, On Road",CT0009300,New Haven PD,45395,27:44.0,C,Closed,00:30.0,,,,,,,
1265550,1,Complete,1265550,1265550,41.310061,-72.953458,3752753,New Haven,93,93,New Haven,4/3/2025,2025,4,April,3,5,Thursday,6:19:00,6,25013114,A,"Injury of any type (Serious, Minor, Possible)",C,Possible Injury (C),2,0,0,3,State,21.88,34,34-E,34-E,10-N,,,,,41.310061,-72.953458,14,Motor Vehicle in Operation,1,Front to rear,1,On Roadway,4,Rain,88,Not Applicable,2,Dawn,2,Wet,0,None,88,Not Applicable,88,Not Applicable,0,None,88,Not Applicable,88,Not Applicable,2,Intersection,2,Four-Way Intersection,1,No,1,No,88,Not Applicable,88,Not Applicable,88,Not Applicable,88,Not Applicable,TRUE,1,Public Road,1,"Trafficway, On Road",CT0009300,New Haven PD,503,51:15.0,C,Closed,00:14.0,,,,,,,
1265554,1,Complete,1265554,1265554,41.32861,-72.954876,3752757,New Haven,93,93,New Haven,4/14/2025,2025,4,April,14,2,Monday,20:01:00,20,25014655,A,"Injury of any type (Serious, Minor, Possible)",C,Possible Injury (C),2,0,0,4,Local,0.67,56,BLAKE ST,BLAKE ST,,FARNHAM AVE,50,Feet,W,41.32861,-72.954876,14,Motor Vehicle in Operation,1,Front to rear,1,On Roadway,1,Clear,88,Not Applicable,1,Daylight,1,Dry,0,None,88,Not Applicable,88,Not Applicable,0,None,88,Not Applicable,88,Not Applicable,1,Non-Junction,1,Not at Intersection,1,No,1,No,88,Not Applicable,88,Not Applicable,88,Not Applicable,88,Not Applicable,FALSE,1,Public Road,1,"Trafficway, On Road",CT0009300,New Haven PD,44947,27:26.0,C,Closed,00:23.0,,,,,,,
1265557,1,Complete,1265557,1265557,41.30418009,-72.92527962,3752760,New Haven,93,93,New Haven,4/17/2025,2025,4,April,17,5,Thursday,19:20:00,19,25015163,A,"Injury of any type (Serious, Minor, Possible)",C,Possible Injury (C),2,0,0,4,Local,0.11,136,CROWN ST,CROWN ST,Orange St ,,,,,41.30418009,-72.92527962,14,Motor Vehicle in Operation,3,Angle,1,On Roadway,1,Clear,88,Not Applicable,3,Dusk,1,Dry,0,None,88,Not Applicable,88,Not Applicable,0,None,88,Not Applicable,88,Not Applicable,2,Intersection,3,T-Intersection,1,No,1,No,88,Not Applicable,88,Not Applicable,88,Not Applicable,88,Not Applicable,FALSE,1,Public Road,1,"Trafficway, On Road",CT0009300,New Haven PD,44049,10:19.0,C,Closed,00:21.0,,,,,,,
1265563,1,Complete,1265563,1265563,41.332059,-72.974416,3752766,New Haven,93,93,New Haven,4/18/2025,2025,4,April,18,6,Friday,10:41:00,10,25015256,A,"Injury of any type (Serious, Minor, Possible)",C,Possible Injury (C),1,2,0,3,State,1.07,63,63-N,63-N,,ANTHONY ST,55,Feet,W,41.332059,-72.974416,9,Pedestrian,88,Not Applicable,1,On Roadway,1,Clear,88,Not Applicable,1,Daylight,1,Dry,0,None,88,Not Applicable,88,Not Applicable,0,None,88,Not Applicable,88,Not Applicable,9,Driveway Access-Related,1,Not at Intersection,1,No,1,No,88,Not Applicable,88,Not Applicable,88,Not Applicable,88,Not Applicable,TRUE,1,Public Road,1,"Trafficway, On Road",CT0009300,New Haven PD,45403,47:31.0,C,Closed,00:19.0,,,,,,,
1265566,1,Complete,1265566,1265566,41.326069,-72.880124,3752769,New Haven,93,93,New Haven,4/18/2025,2025,4,April,18,6,Friday,16:20:00,16,25015297,A,"Injury of any type (Serious, Minor, Possible)",C,Possible Injury (C),2,0,0,3,State,0.39,17,17-N,17-N,,BARNES AVE,300,Feet,S,41.326069,-72.880124,14,Motor Vehicle in Operation,1,Front to rear,1,On Roadway,2,Cloudy,88,Not Applicable,1,Daylight,1,Dry,0,None,88,Not Applicable,88,Not Applicable,3,Backup Due to Regular Congestion,88,Not Applicable,88,Not Applicable,1,Non-Junction,1,Not at Intersection,1,No,1,No,88,Not Applicable,88,Not Applicable,88,Not Applicable,88,Not Applicable,TRUE,1,Public Road,1,"Trafficway, On Road",CT0009300,New Haven PD,409,19:49.0,C,Closed,00:21.0,,,,,,,
1265569,1,Complete,1265569,1265569,41.30596045,-72.93241875,3752772,New Haven,93,93,New Haven,4/18/2025,2025,4,April,18,6,Friday,18:14:00,18,25015325,A,"Injury of any type (Serious, Minor, Possible)",C,Possible Injury (C),2,0,0,4,Local,0.98,248,GEORGE ST,GEORGE ST,,HIGH ST,125,Feet,W,41.30596045,-72.93241875,14,Motor Vehicle in Operation,4,"Sideswipe, same direction",1,On Roadway,1,Clear,88,Not Applicable,1,Daylight,1,Dry,0,None,88,Not Applicable,88,Not Applicable,0,None,88,Not Applicable,88,Not Applicable,1,Non-Junction,1,Not at Intersection,1,No,1,No,88,Not Applicable,88,Not Applicable,88,Not Applicable,88,Not Applicable,FALSE,1,Public Road,1,"Trafficway, On Road",CT0009300,New Haven PD,44049,17:58.0,C,Closed,00:21.0,,,,,,,
1265573,1,Complete,1265573,1265573,41.29601618,-72.94720299,3752776,New Haven,93,93,New Haven,4/19/2025,2025,4,April,19,7,Saturday,9:59:00,9,25015383,A,"Injury of any type (Serious, Minor, Possible)",B,Suspected Minor Injury (B),1,1,0,3,State,1.34,10,10-N,10-N,,LONGHINI LN,70,Feet,S,41.29601618,-72.94720299,10,Pedalcycle/Pedalcyclist,88,Not Applicable,1,On Roadway,1,Clear,88,Not Applicable,1,Daylight,1,Dry,0,None,88,Not Applicable,88,Not Applicable,0,None,88,Not Applicable,88,Not Applicable,1,Non-Junction,1,Not at Intersection,1,No,1,No,88,Not Applicable,88,Not Applicable,88,Not Applicable,88,Not Applicable,FALSE,1,Public Road,1,"Trafficway, On Road",CT0009300,New Haven PD,40811,44:23.0,C,Closed,00:23.0,,,,,,,
1265576,1,Complete,1265576,1265576,41.310862,-72.896177,3752779,New Haven,93,93,New Haven,4/19/2025,2025,4,April,19,7,Saturday,20:31:00,20,25015454,A,"Injury of any type (Serious, Minor, Possible)",C,Possible Injury (C),2,0,0,4,Local,0.18,734,CLAY ST NO 2,CLAY ST NO 2,,Ferry Street,45,Feet,W,41.310862,-72.896177,14,Motor Vehicle in Operation,1,Front to rear,1,On Roadway,1,Clear,88,Not Applicable,3,Dusk,1,Dry,0,None,88,Not Applicable,88,Not Applicable,0,None,88,Not Applicable,88,Not Applicable,3,Intersection-Related,3,T-Intersection,1,No,1,No,88,Not Applicable,88,Not Applicable,88,Not Applicable,88,Not Applicable,TRUE,1,Public Road,1,"Trafficway, On Road",CT0009300,New Haven PD,45626,33:23.0,C,Closed,00:24.0,,,,,,,
1265577,1,Complete,1265577,1265577,41.303846,-72.927426,3752780,New Haven,93,93,New Haven,4/20/2025,2025,4,April,20,1,Sunday,2:59:00,2,25015484,A,"Injury of any type (Serious, Minor, Possible)",B,Suspected Minor Injury (B),2,0,0,4,Local,0.38,104,CHURCH ST SOUTH NO 1,CHURCH ST SOUTH NO 1,GEORGE ST,,,,,41.303846,-72.927426,14,Motor Vehicle in Operation,3,Angle,1,On Roadway,1,Clear,88,Not Applicable,4,Dark-Lighted,1,Dry,0,None,88,Not Applicable,88,Not Applicable,0,None,88,Not Applicable,88,Not Applicable,2,Intersection,2,Four-Way Intersection,1,No,1,No,88,Not Applicable,88,Not Applicable,88,Not Applicable,88,Not Applicable,FALSE,1,Public Road,1,"Trafficway, On Road",CT0009300,New Haven PD,37569,22:42.0,O,Open,00:24.0,,,,,,,
1265583,1,Complete,1265583,1265583,41.318017,-72.961802,3752786,New Haven,93,93,New Haven,4/20/2025,2025,4,April,20,1,Sunday,13:59:00,13,25015537,A,"Injury of any type (Serious, Minor, Possible)",B,Suspected Minor Injury (B),2,0,3,4,Local,0.45,179,EDGEWOOD AV,EDGEWOOD AV,,WEST ROCK AVE,70,Feet,W,41.318017,-72.961802,25,Curb,88,Not Applicable,2,Shoulder,1,Clear,88,Not Applicable,1,Daylight,1,Dry,99,Unknown,88,Not Applicable,88,Not Applicable,99,Unknown,88,Not Applicable,88,Not Applicable,1,Non-Junction,1,Not at Intersection,1,No,1,No,88,Not Applicable,88,Not Applicable,88,Not Applicable,88,Not Applicable,FALSE,1,Public Road,1,"Trafficway, On Road",CT0009300,New Haven PD,47006,41:12.0,C,Closed,00:26.0,,,,,,,
1266387,1,Complete,1266387,1266387,41.320407,-72.872316,3753590,New Haven,93,93,New Haven,4/18/2025,2025,4,April,18,6,Friday,11:30:00,11,25015316,A,"Injury of any type (Serious, Minor, Possible)",C,Possible Injury (C),2,0,0,3,State,0.54,80,80-E,80-E,,EASTERN ST,150,Feet,W,41.320407,-72.872316,14,Motor Vehicle in Operation,3,Angle,1,On Roadway,1,Clear,88,Not Applicable,1,Daylight,1,Dry,0,None,88,Not Applicable,88,Not Applicable,0,None,88,Not Applicable,88,Not Applicable,9,Driveway Access-Related,1,Not at Intersection,1,No,1,No,88,Not Applicable,88,Not Applicable,88,Not Applicable,88,Not Applicable,FALSE,1,Public Road,1,"Trafficway, On Road",CT0009300,New Haven PD,42049,40:56.0,C,Closed,01:36.0,,,,,,,
1266397,1,Complete,1266397,1266397,41.314251,-72.931626,3753600,New Haven,93,93,New Haven,4/21/2025,2025,4,April,21,2,Monday,12:44:00,12,25015638,A,"Injury of any type (Serious, Minor, Possible)",C,Possible Injury (C),2,0,0,4,Local,0.05,348,LAKE PL,LAKE PL,,DIXWELL AVE,265,Feet,E,41.314251,-72.931626,14,Motor Vehicle in Operation,3,Angle,1,On Roadway,1,Clear,88,Not Applicable,1,Daylight,1,Dry,0,None,88,Not Applicable,88,Not Applicable,0,None,88,Not Applicable,88,Not Applicable,9,Driveway Access-Related,1,Not at Intersection,1,No,1,No,88,Not Applicable,88,Not Applicable,88,Not Applicable,88,Not Applicable,FALSE,1,Public Road,1,"Trafficway, On Road",CT0009300,New Haven PD,46624,43:11.0,C,Closed,01:39.0,,,,,,,
1266674,1,Complete,1266674,1266674,41.29375,-72.9368,3753877,New Haven,93,93,New Haven,4/10/2025,2025,4,April,10,5,Thursday,6:47:00,6,25014050,A,"Injury of any type (Serious, Minor, Possible)",C,Possible Injury (C),2,0,0,4,Local,0.13,571,SPRING ST,SPRING ST,Button Street,,,,,41.29375,-72.9368,14,Motor Vehicle in Operation,3,Angle,1,On Roadway,1,Clear,88,Not Applicable,1,Daylight,1,Dry,0,None,88,Not Applicable,88,Not Applicable,0,None,88,Not Applicable,88,Not Applicable,2,Intersection,2,Four-Way Intersection,1,No,1,No,88,Not Applicable,88,Not Applicable,88,Not Applicable,88,Not Applicable,TRUE,1,Public Road,1,"Trafficway, On Road",CT0009300,New Haven PD,45394,38:34.0,O,Open,01:06.0,,,,,,,
1266685,1,Complete,1266685,1266685,41.29745486,-72.9492737,3753888,New Haven,93,93,New Haven,4/22/2025,2025,4,April,22,3,Tuesday,20:10:00,20,25015899,A,"Injury of any type (Serious, Minor, Possible)",C,Possible Injury (C),2,0,0,2,USRoute,46.62,1,1-N,1-N,,Ella T Grasso Blvd,20,Feet,W,41.29745486,-72.9492737,14,Motor Vehicle in Operation,1,Front to rear,1,On Roadway,1,Clear,88,Not Applicable,4,Dark-Lighted,1,Dry,99,Unknown,88,Not Applicable,88,Not Applicable,0,None,88,Not Applicable,88,Not Applicable,3,Intersection-Related,2,Four-Way Intersection,1,No,1,No,88,Not Applicable,88,Not Applicable,88,Not Applicable,88,Not Applicable,FALSE,1,Public Road,1,"Trafficway, On Road",CT0009300,New Haven PD,47003,34:55.0,C,Closed,01:04.0,25-015899,,,,,,
1266964,1,Complete,1266964,1266964,41.318495,-72.947724,3754167,New Haven,93,93,New Haven,4/22/2025,2025,4,April,22,3,Tuesday,19:04:00,19,25015897,A,"Injury of any type (Serious, Minor, Possible)",C,Possible Injury (C),2,0,0,4,Local,0.07,653,WHALLEY AV,WHALLEY AV,Ellsworth Avenue,,,,,41.318495,-72.947724,14,Motor Vehicle in Operation,1,Front to rear,1,On Roadway,1,Clear,88,Not Applicable,1,Daylight,1,Dry,0,None,88,Not Applicable,88,Not Applicable,0,None,88,Not Applicable,88,Not Applicable,2,Intersection,2,Four-Way Intersection,1,No,1,No,88,Not Applicable,88,Not Applicable,88,Not Applicable,88,Not Applicable,FALSE,1,Public Road,1,"Trafficway, On Road",CT0009300,New Haven PD,276,32:15.0,C,Closed,00:26.0,25015897,,,,,,
1266966,1,Complete,1266966,1266966,41.3119063,-72.9378978,3754169,New Haven,93,93,New Haven,4/23/2025,2025,4,April,23,4,Wednesday,8:26:00,8,25015942,A,"Injury of any type (Serious, Minor, Possible)",C,Possible Injury (C),1,1,1,4,Local,0.01,244,GARDEN ST,GARDEN ST,,EDGEWOOD AVE,50,Feet,N,41.3119063,-72.9378978,9,Pedestrian,88,Not Applicable,1,On Roadway,1,Clear,88,Not Applicable,1,Daylight,1,Dry,0,None,88,Not Applicable,88,Not Applicable,0,None,88,Not Applicable,88,Not Applicable,1,Non-Junction,1,Not at Intersection,1,No,1,No,88,Not Applicable,88,Not Applicable,88,Not Applicable,88,Not Applicable,FALSE,1,Public Road,1,"Trafficway, On Road",CT0009300,New Haven PD,47740,10:46.0,C,Closed,00:25.0,,,,,,,
1266967,1,Complete,1266967,1266967,41.314446,-72.958132,3754170,New Haven,93,93,New Haven,4/23/2025,2025,4,April,23,4,Wednesday,10:17:00,10,25015973,A,"Injury of any type (Serious, Minor, Possible)",B,Suspected Minor Injury (B),1,0,0,4,Local,3.57,97,CHAPEL ST,CHAPEL ST,,YALE AVE,75,Feet,E,41.314446,-72.958132,32,Tree (standing),88,Not Applicable,4,Roadside,1,Clear,88,Not Applicable,1,Daylight,1,Dry,0,None,88,Not Applicable,88,Not Applicable,0,None,88,Not Applicable,88,Not Applicable,1,Non-Junction,1,Not at Intersection,1,No,1,No,88,Not Applicable,88,Not Applicable,88,Not Applicable,88,Not Applicable,FALSE,1,Public Road,1,"Trafficway, On Road",CT0009300,New Haven PD,46173,15:29.0,C,Closed,00:24.0,,,,,,,
1266968,1,Complete,1266968,1266968,41.302194,-72.932407,3754171,New Haven,93,93,New Haven,4/23/2025,2025,4,April,23,4,Wednesday,14:25:00,14,25016001,A,"Injury of any type (Serious, Minor, Possible)",C,Possible Injury (C),2,0,1,4,Local,0.75,117,COLLEGE ST,COLLEGE ST,CONGRESS AV,,,,,41.302194,-72.932407,14,Motor Vehicle in Operation,3,Angle,1,On Roadway,1,Clear,88,Not Applicable,1,Daylight,1,Dry,0,None,88,Not Applicable,88,Not Applicable,0,None,88,Not Applicable,88,Not Applicable,2,Intersection,4,Y-Intersection,1,No,1,No,88,Not Applicable,88,Not Applicable,88,Not Applicable,88,Not Applicable,FALSE,1,Public Road,1,"Trafficway, On Road",CT0009300,New Haven PD,44055,55:26.0,C,Closed,00:24.0,,,,,,,
1266971,1,Complete,1266971,1266971,41.315347,-72.941556,3754174,New Haven,93,93,New Haven,4/23/2025,2025,4,April,23,4,Wednesday,20:57:00,20,25016065,A,"Injury of any type (Serious, Minor, Possible)",C,Possible Injury (C),2,0,0,,,,,,250 WHALLEY AVE,,Sherman Avenue,335,Feet,E,41.315347,-72.941556,14,Motor Vehicle in Operation,1,Front to rear,97,Other,1,Clear,88,Not Applicable,4,Dark-Lighted,1,Dry,0,None,88,Not Applicable,88,Not Applicable,0,None,88,Not Applicable,88,Not Applicable,97,Other,1,Not at Intersection,1,No,1,No,88,Not Applicable,88,Not Applicable,88,Not Applicable,88,Not Applicable,TRUE,88,Not Applicable,4,Parking Lot,CT0009300,New Haven PD,44947,22:48.0,C,Closed,00:24.0,,,,,,,