CrashId,Fatal Case Status,Fatal Case Status Text Format,CrashId,CrashId,Latitude,Longitude,DOT Case Number,Town Name,Town Number,Town Number,Town Number Text Format,Date Of Crash,Year,Month,Month Text Format,Day,Day of the Week,Day of the Week Text Format,Time of Crash,Hour of the Day,Case Identifier,Crash Severity,Crash Severity Text Format,Most Severe Injury,Most Severe Injury Text Format,Number Of Motor Vehicles,Number Of Non-Motorist,Number Of Witnesses,Route Class,Route Class Text Format,Milemarker,Road Number,Road Description,Roadway Name,Intersecting Roadway Name,Landmark Description,Distance From Nearest Landmark,Unit Of Measure From Nearest Landmark,Direction From Nearest Landmark,Latitude,Longitude,First Harmful Event,First Harmful Event Text Format,Manner of Crash / Collision Impact,Manner of Crash / Collision Impact Text Format,Location of First Harmful Event,Location of First Harmful Event Text Format,Weather Condition,Weather Condition Text Format,Weather 2,Weather 2 Text Format,Light Condition,Light Condition Text Format,Road Surface Condition,Road Surface Condition Text Format,"Contributing Circumstances, Environment","Contributing Circumstances, Environment Text Format",Environment 2,Environment 2 Text Format,Environment 3,Environment 3 Text Format,"Contributing Circumstances, Road","Contributing Circumstances, Road Text Format",Road 2,Road 2 Text Format,Road 3,Road 3 Text Format,Crash Specific Location,Crash Specific Location Text Format,Type of Intersection,Type of Intersection Text Format,School Bus Related,School Bus Related Text Format,Work Zone Related,Work Zone Related Text Format,Location Of Crash Relative To Work Zone,Location Of Crash Relative To Work Zone Text Format,Type of Work Zone,Type of Work Zone Text Format,Worker Presence,Worker Presence Text Format,Law Enforcement Presence,Law Enforcement Presence Text Format,Were Vehicles Moved Prior To Police Arrival,Trafficway Ownership,Trafficway Ownership Text Format,Trafficway Class,Trafficway Class Text Format,Police Agency,Police Agency Text Format,Badge Number,Approval Date,Police Case Status,Police Case Status Text Format,Crash Report Submission Date,Related Case Identifiers,No. of Through Lanes (Log Dir.),Average Daily Traffic,Functional Classification,Functional Classification Text Format,Rural or Urban,Rural or Urban Text Format
1269537,1,Complete,1269537,1269537,41.308859,-72.925618,3756740,New Haven,93,93,New Haven,5/2/2025,2025,5,May,2,6,Friday,16:31:00,16,25017351,A,"Injury of any type (Serious, Minor, Possible)",C,Possible Injury (C),2,0,0,4,Local,0.47,726,ELM ST NO 2,ELM ST NO 2,,TEMPLE ST,40,Feet,W,41.308859,-72.925618,14,Motor Vehicle in Operation,1,Front to rear,1,On Roadway,1,Clear,88,Not Applicable,1,Daylight,1,Dry,0,None,88,Not Applicable,88,Not Applicable,0,None,88,Not Applicable,88,Not Applicable,3,Intersection-Related,2,Four-Way Intersection,1,No,1,No,88,Not Applicable,88,Not Applicable,88,Not Applicable,88,Not Applicable,TRUE,1,Public Road,1,"Trafficway, On Road",CT0009300,New Haven PD,44048,16:16.0,O,Open,01:33.0,,,,,,,
1269542,1,Complete,1269542,1269542,41.30077724,-72.93725347,3756745,New Haven,93,93,New Haven,5/3/2025,2025,5,May,3,7,Saturday,8:49:00,8,25017423,A,"Injury of any type (Serious, Minor, Possible)",B,Suspected Minor Injury (B),1,1,2,4,Local,0.59,123,CONGRESS AV,CONGRESS AV,,Ward St,70,Feet,E,41.30077724,-72.93725347,9,Pedestrian,88,Not Applicable,1,On Roadway,1,Clear,88,Not Applicable,1,Daylight,1,Dry,0,None,88,Not Applicable,88,Not Applicable,0,None,88,Not Applicable,88,Not Applicable,1,Non-Junction,1,Not at Intersection,1,No,1,No,88,Not Applicable,88,Not Applicable,88,Not Applicable,88,Not Applicable,FALSE,1,Public Road,1,"Trafficway, On Road",CT0009300,New Haven PD,47738,20:33.0,C,Closed,01:38.0,,,,,,,
1270159,1,Complete,1270159,1270159,41.315158,-72.922917,3757361,New Haven,93,93,New Haven,5/2/2025,2025,5,May,2,6,Friday,10:50:00,10,25016864,A,"Injury of any type (Serious, Minor, Possible)",C,Possible Injury (C),5,0,0,4,Local,0.28,294,HILLHOUSE AV,HILLHOUSE AV,,SACHEM ST,225,Feet,S,41.315158,-72.922917,14,Motor Vehicle in Operation,3,Angle,2,Shoulder,1,Clear,88,Not Applicable,1,Daylight,1,Dry,2,Visual Obstruction(s),88,Not Applicable,88,Not Applicable,0,None,88,Not Applicable,88,Not Applicable,1,Non-Junction,1,Not at Intersection,1,No,1,No,88,Not Applicable,88,Not Applicable,88,Not Applicable,88,Not Applicable,FALSE,1,Public Road,1,"Trafficway, On Road",CT0009300,New Haven PD,40799,50:51.0,C,Closed,00:37.0,,,,,,,
1270160,1,Complete,1270160,1270160,41.284766,-72.934919,3757362,New Haven,93,93,New Haven,5/2/2025,2025,5,May,2,6,Friday,15:46:00,15,25017342,A,"Injury of any type (Serious, Minor, Possible)",C,Possible Injury (C),3,0,0,3,State,0.33,10,10-N,10-N,,Exit 44 on ramp (95-S-366),,,,41.284766,-72.934919,14,Motor Vehicle in Operation,1,Front to rear,1,On Roadway,1,Clear,88,Not Applicable,1,Daylight,1,Dry,99,Unknown,88,Not Applicable,88,Not Applicable,99,Unknown,88,Not Applicable,88,Not Applicable,3,Intersection-Related,2,Four-Way Intersection,1,No,1,No,88,Not Applicable,88,Not Applicable,88,Not Applicable,88,Not Applicable,TRUE,1,Public Road,1,"Trafficway, On Road",CT0009300,New Haven PD,40947,25:56.0,C,Closed,00:33.0,,,,,,,
1270164,1,Complete,1270164,1270164,41.28712,-72.925584,3757366,New Haven,93,93,New Haven,5/5/2025,2025,5,May,5,2,Monday,7:32:00,7,25017588,A,"Injury of any type (Serious, Minor, Possible)",C,Possible Injury (C),2,0,0,4,Local,0.02,513,LONG WHARF DR,LONG WHARF DR,,SARGENT DRIVE,50,Feet,E,41.28712,-72.925584,14,Motor Vehicle in Operation,1,Front to rear,1,On Roadway,4,Rain,88,Not Applicable,1,Daylight,2,Wet,0,None,88,Not Applicable,88,Not Applicable,0,None,88,Not Applicable,88,Not Applicable,1,Non-Junction,1,Not at Intersection,1,No,1,No,88,Not Applicable,88,Not Applicable,88,Not Applicable,88,Not Applicable,FALSE,1,Public Road,1,"Trafficway, On Road",CT0009300,New Haven PD,476,01:31.0,C,Closed,00:35.0,,,,,,,
1270172,1,Complete,1270172,1270172,41.324666,-72.950294,3757374,New Haven,93,93,New Haven,5/5/2025,2025,5,May,5,2,Monday,17:30:00,17,25017689,A,"Injury of any type (Serious, Minor, Possible)",C,Possible Injury (C),2,0,0,4,Local,0.24,454,OSBORN AV,OSBORN AV,,RUBY ST ,135,Feet,S,41.324666,-72.950294,14,Motor Vehicle in Operation,3,Angle,1,On Roadway,4,Rain,88,Not Applicable,1,Daylight,2,Wet,0,None,88,Not Applicable,88,Not Applicable,0,None,88,Not Applicable,88,Not Applicable,9,Driveway Access-Related,1,Not at Intersection,1,No,1,No,88,Not Applicable,88,Not Applicable,88,Not Applicable,88,Not Applicable,TRUE,1,Public Road,1,"Trafficway, On Road",CT0009300,New Haven PD,44947,26:25.0,O,Open,00:39.0,,,,,,,
1270763,1,Complete,1270763,1270763,41.308223,-72.886262,3757965,New Haven,93,93,New Haven,4/30/2025,2025,4,April,30,4,Wednesday,18:52:00,18,25017055,A,"Injury of any type (Serious, Minor, Possible)",C,Possible Injury (C),2,0,1,4,Local,1.12,498,QUINNIPIAC AV,QUINNIPIAC AV,GRAND AV,,,,,41.308223,-72.886262,14,Motor Vehicle in Operation,3,Angle,1,On Roadway,1,Clear,88,Not Applicable,1,Daylight,1,Dry,0,None,88,Not Applicable,88,Not Applicable,0,None,88,Not Applicable,88,Not Applicable,2,Intersection,2,Four-Way Intersection,1,No,1,No,88,Not Applicable,88,Not Applicable,88,Not Applicable,88,Not Applicable,FALSE,1,Public Road,1,"Trafficway, On Road",CT0009300,New Haven PD,45388,46:49.0,C,Closed,00:27.0,,,,,,,
1270767,1,Complete,1270767,1270767,41.32103,-72.874685,3757969,New Haven,93,93,New Haven,5/4/2025,2025,5,May,4,1,Sunday,19:53:00,19,25017568,A,"Injury of any type (Serious, Minor, Possible)",C,Possible Injury (C),2,0,0,3,State,0.4,80,80-E,80-E,,QUINNIPIAC AVE,150,Feet,W,41.32103,-72.874685,14,Motor Vehicle in Operation,1,Front to rear,1,On Roadway,4,Rain,88,Not Applicable,4,Dark-Lighted,2,Wet,0,None,88,Not Applicable,88,Not Applicable,0,None,88,Not Applicable,88,Not Applicable,3,Intersection-Related,2,Four-Way Intersection,1,No,1,No,88,Not Applicable,88,Not Applicable,88,Not Applicable,88,Not Applicable,TRUE,1,Public Road,1,"Trafficway, On Road",CT0009300,New Haven PD,279,38:54.0,O,Open,00:25.0,,,,,,,
1270782,1,Complete,1270782,1270782,41.29988709,-72.92509038,3757984,New Haven,93,93,New Haven,5/6/2025,2025,5,May,6,3,Tuesday,19:00:00,19,25017851,A,"Injury of any type (Serious, Minor, Possible)",C,Possible Injury (C),2,0,0,2,USRoute,48.15,1,1-N,1-N,,Meadow ST,200,Feet,N,41.29988709,-72.92509038,14,Motor Vehicle in Operation,4,"Sideswipe, same direction",1,On Roadway,1,Clear,88,Not Applicable,1,Daylight,1,Dry,0,None,88,Not Applicable,88,Not Applicable,0,None,88,Not Applicable,88,Not Applicable,1,Non-Junction,1,Not at Intersection,1,No,1,No,88,Not Applicable,88,Not Applicable,88,Not Applicable,88,Not Applicable,FALSE,1,Public Road,1,"Trafficway, On Road",CT0009300,New Haven PD,46616,39:40.0,C,Closed,00:27.0,,,,,,,
1271128,1,Complete,1271128,1271128,41.32009125,-72.87168242,3758330,New Haven,93,93,New Haven,5/6/2025,2025,5,May,6,3,Tuesday,12:45:00,12,25017741,A,"Injury of any type (Serious, Minor, Possible)",C,Possible Injury (C),1,2,0,3,State,0.57,80,80-E,80-E,EASTERN ST,,,,,41.32009125,-72.87168242,9,Pedestrian,88,Not Applicable,1,On Roadway,4,Rain,88,Not Applicable,1,Daylight,1,Dry,0,None,88,Not Applicable,88,Not Applicable,0,None,88,Not Applicable,88,Not Applicable,2,Intersection,2,Four-Way Intersection,1,No,1,No,88,Not Applicable,88,Not Applicable,88,Not Applicable,88,Not Applicable,FALSE,1,Public Road,1,"Trafficway, On Road",CT0009300,New Haven PD,48043,10:41.0,O,Open,00:37.0,,,,,,,
1271132,1,Complete,1271132,1271132,41.32092104,-72.93606948,3758334,New Haven,93,93,New Haven,5/7/2025,2025,5,May,7,4,Wednesday,10:24:00,10,25017941,A,"Injury of any type (Serious, Minor, Possible)",C,Possible Injury (C),2,0,0,4,Local,1.42,453,ORCHARD ST,ORCHARD ST,HENRY ST,,,,,41.32092104,-72.93606948,14,Motor Vehicle in Operation,3,Angle,1,On Roadway,1,Clear,88,Not Applicable,1,Daylight,1,Dry,0,None,88,Not Applicable,88,Not Applicable,0,None,88,Not Applicable,88,Not Applicable,2,Intersection,2,Four-Way Intersection,1,No,1,No,88,Not Applicable,88,Not Applicable,88,Not Applicable,88,Not Applicable,FALSE,1,Public Road,1,"Trafficway, On Road",CT0009300,New Haven PD,991,35:40.0,C,Closed,00:38.0,,,,,,,
1271444,1,Complete,1271444,1271444,41.308072,-72.88974,3758646,New Haven,93,93,New Haven,5/8/2025,2025,5,May,8,5,Thursday,17:53:00,17,25018172,A,"Injury of any type (Serious, Minor, Possible)",B,Suspected Minor Injury (B),2,0,0,4,Local,1,240,FRONT ST,FRONT ST,EXCHANGE ST,,,,,41.308072,-72.88974,14,Motor Vehicle in Operation,3,Angle,1,On Roadway,1,Clear,88,Not Applicable,1,Daylight,1,Dry,0,None,88,Not Applicable,88,Not Applicable,0,None,88,Not Applicable,88,Not Applicable,2,Intersection,3,T-Intersection,1,No,1,No,88,Not Applicable,88,Not Applicable,88,Not Applicable,88,Not Applicable,FALSE,1,Public Road,1,"Trafficway, On Road",CT0009300,New Haven PD,44176,40:38.0,C,Closed,00:25.0,,,,,,,
1271447,1,Complete,1271447,1271447,41.317373,-72.94435,3758649,New Haven,93,93,New Haven,5/8/2025,2025,5,May,8,5,Thursday,20:37:00,20,25018197,A,"Injury of any type (Serious, Minor, Possible)",A,Suspected Serious Injury (A),1,1,0,4,Local,0.27,653,WHALLEY AV,WHALLEY AV,,WINTHROP AVE,40,Feet,E,41.317373,-72.94435,9,Pedestrian,88,Not Applicable,1,On Roadway,1,Clear,88,Not Applicable,5,Dark-Not Lighted,1,Dry,0,None,88,Not Applicable,88,Not Applicable,0,None,88,Not Applicable,88,Not Applicable,1,Non-Junction,1,Not at Intersection,1,No,1,No,88,Not Applicable,88,Not Applicable,88,Not Applicable,88,Not Applicable,FALSE,1,Public Road,1,"Trafficway, On Road",CT0009300,New Haven PD,44947,12:50.0,C,Closed,00:27.0,,,,,,,
1271846,1,Complete,1271846,1271846,41.30613573,-72.92995078,3759048,New Haven,93,93,New Haven,5/2/2025,2025,5,May,2,6,Friday,16:18:00,16,25017352,A,"Injury of any type (Serious, Minor, Possible)",C,Possible Injury (C),2,0,0,4,Local,0.39,136,CROWN ST,CROWN ST,,college street ,70,Feet,W,41.30613573,-72.92995078,14,Motor Vehicle in Operation,1,Front to rear,1,On Roadway,1,Clear,88,Not Applicable,1,Daylight,1,Dry,0,None,88,Not Applicable,88,Not Applicable,0,None,88,Not Applicable,88,Not Applicable,1,Non-Junction,1,Not at Intersection,1,No,1,No,88,Not Applicable,88,Not Applicable,88,Not Applicable,88,Not Applicable,FALSE,1,Public Road,1,"Trafficway, On Road",CT0009300,New Haven PD,991,03:27.0,C,Closed,00:23.0,,,,,,,
1271847,1,Complete,1271847,1271847,41.307136,-72.928278,3759049,New Haven,93,93,New Haven,5/2/2025,2025,5,May,2,6,Friday,19:40:00,19,25017374,A,"Injury of any type (Serious, Minor, Possible)",C,Possible Injury (C),2,0,0,4,Local,1.92,97,CHAPEL ST,CHAPEL ST,,COLLEGE ST,120,Feet,E,41.307136,-72.928278,14,Motor Vehicle in Operation,4,"Sideswipe, same direction",1,On Roadway,1,Clear,88,Not Applicable,4,Dark-Lighted,1,Dry,0,None,88,Not Applicable,88,Not Applicable,0,None,88,Not Applicable,88,Not Applicable,3,Intersection-Related,2,Four-Way Intersection,1,No,1,No,88,Not Applicable,88,Not Applicable,88,Not Applicable,88,Not Applicable,FALSE,1,Public Road,1,"Trafficway, On Road",CT0009300,New Haven PD,991,36:44.0,C,Closed,00:33.0,,,,,,,
1271852,1,Complete,1271852,1271852,41.304695,-72.922712,3759054,New Haven,93,93,New Haven,5/6/2025,2025,5,May,6,3,Tuesday,18:52:00,18,25017849,A,"Injury of any type (Serious, Minor, Possible)",C,Possible Injury (C),1,1,0,4,Local,1.34,575,STATE ST,STATE ST,CHAPEL ST,,,,,41.304695,-72.922712,9,Pedestrian,88,Not Applicable,1,On Roadway,1,Clear,88,Not Applicable,3,Dusk,1,Dry,0,None,88,Not Applicable,88,Not Applicable,0,None,88,Not Applicable,88,Not Applicable,2,Intersection,2,Four-Way Intersection,1,No,1,No,88,Not Applicable,88,Not Applicable,88,Not Applicable,88,Not Applicable,TRUE,1,Public Road,1,"Trafficway, On Road",CT0009300,New Haven PD,45630,39:15.0,C,Closed,00:47.0,,,,,,,
1271853,1,Complete,1271853,1271853,41.30196,-72.92827,3759055,New Haven,93,93,New Haven,5/7/2025,2025,5,May,7,4,Wednesday,19:35:00,19,25018026,A,"Injury of any type (Serious, Minor, Possible)",B,Suspected Minor Injury (B),2,0,0,4,Local,0.55,564,SOUTH FRONTAGE RD,SOUTH FRONTAGE RD,,CHURCH ST S,80,Feet,S,41.30196,-72.92827,14,Motor Vehicle in Operation,1,Front to rear,1,On Roadway,1,Clear,88,Not Applicable,1,Daylight,1,Dry,0,None,88,Not Applicable,88,Not Applicable,0,None,88,Not Applicable,88,Not Applicable,3,Intersection-Related,2,Four-Way Intersection,1,No,1,No,88,Not Applicable,88,Not Applicable,88,Not Applicable,88,Not Applicable,FALSE,1,Public Road,1,"Trafficway, On Road",CT0009300,New Haven PD,46615,02:37.0,C,Closed,00:45.0,,,,,,,
1271858,1,Complete,1271858,1271858,41.282539,-72.937568,3759060,New Haven,93,93,New Haven,5/8/2025,2025,5,May,8,5,Thursday,21:56:00,21,25018205,A,"Injury of any type (Serious, Minor, Possible)",C,Possible Injury (C),2,0,0,3,State,0.03,10,10-N,10-N,,KIMBERLY AVE,70,Feet,E,41.282539,-72.937568,14,Motor Vehicle in Operation,1,Front to rear,1,On Roadway,1,Clear,88,Not Applicable,4,Dark-Lighted,1,Dry,0,None,88,Not Applicable,88,Not Applicable,0,None,88,Not Applicable,88,Not Applicable,3,Intersection-Related,3,T-Intersection,1,No,1,No,88,Not Applicable,88,Not Applicable,88,Not Applicable,88,Not Applicable,FALSE,1,Public Road,1,"Trafficway, On Road",CT0009300,New Haven PD,45389,37:55.0,C,Closed,00:20.0,,,,,,,
1271864,1,Complete,1271864,1271864,41.300551,-72.943206,3759066,New Haven,93,93,New Haven,5/9/2025,2025,5,May,9,6,Friday,15:15:00,15,25018276,A,"Injury of any type (Serious, Minor, Possible)",B,Suspected Minor Injury (B),3,0,0,4,Local,0,672,DAVENPORT AV,DAVENPORT AV,WINTHROP AV NO 1,,,,,41.300551,-72.943206,14,Motor Vehicle in Operation,3,Angle,1,On Roadway,4,Rain,88,Not Applicable,1,Daylight,2,Wet,0,None,88,Not Applicable,88,Not Applicable,0,None,88,Not Applicable,88,Not Applicable,2,Intersection,3,T-Intersection,1,No,1,No,88,Not Applicable,88,Not Applicable,88,Not Applicable,88,Not Applicable,FALSE,1,Public Road,1,"Trafficway, On Road",CT0009300,New Haven PD,42056,10:29.0,C,Closed,00:49.0,,,,,,,
1271880,1,Complete,1271880,1271880,41.298573,-72.892488,3759082,New Haven,93,93,New Haven,5/10/2025,2025,5,May,10,7,Saturday,16:53:00,16,25018422,A,"Injury of any type (Serious, Minor, Possible)",B,Suspected Minor Injury (B),3,0,0,4,Local,0.29,210,FARREN AV,FARREN AV,,LANCRAFT ST,35,Feet,N,41.298573,-72.892488,14,Motor Vehicle in Operation,3,Angle,1,On Roadway,1,Clear,88,Not Applicable,1,Daylight,1,Dry,0,None,88,Not Applicable,88,Not Applicable,3,Backup Due to Regular Congestion,88,Not Applicable,88,Not Applicable,1,Non-Junction,1,Not at Intersection,1,No,1,No,88,Not Applicable,88,Not Applicable,88,Not Applicable,88,Not Applicable,TRUE,1,Public Road,1,"Trafficway, On Road",CT0009300,New Haven PD,47737,19:13.0,C,Closed,00:48.0,25019422,,,,,,
1271883,1,Complete,1271883,1271883,41.306807,-72.946539,3759085,New Haven,93,93,New Haven,5/10/2025,2025,5,May,10,7,Saturday,20:27:00,20,25018442,A,"Injury of any type (Serious, Minor, Possible)",A,Suspected Serious Injury (A),2,0,0,4,Local,1.13,809,REV DR MLK JR BLVD,REV DR MLK JR BLVD,Sherman Ave ,,,,,41.306807,-72.946539,14,Motor Vehicle in Operation,1,Front to rear,1,On Roadway,1,Clear,88,Not Applicable,4,Dark-Lighted,1,Dry,0,None,88,Not Applicable,88,Not Applicable,0,None,88,Not Applicable,88,Not Applicable,2,Intersection,2,Four-Way Intersection,1,No,1,No,88,Not Applicable,88,Not Applicable,88,Not Applicable,88,Not Applicable,TRUE,1,Public Road,1,"Trafficway, On Road",CT0009300,New Haven PD,46622,27:36.0,C,Closed,00:40.0,,,,,,,
1271884,1,Complete,1271884,1271884,41.29765,-72.941233,3759086,New Haven,93,93,New Haven,5/10/2025,2025,5,May,10,7,Saturday,21:25:00,21,25018446,A,"Injury of any type (Serious, Minor, Possible)",B,Suspected Minor Injury (B),3,0,0,2,USRoute,47.03,1,1-N,1-N,,WEST STREET,60,Feet,W,41.29765,-72.941233,14,Motor Vehicle in Operation,1,Front to rear,1,On Roadway,1,Clear,88,Not Applicable,4,Dark-Lighted,1,Dry,0,None,88,Not Applicable,88,Not Applicable,0,None,88,Not Applicable,88,Not Applicable,3,Intersection-Related,2,Four-Way Intersection,1,No,1,No,88,Not Applicable,88,Not Applicable,88,Not Applicable,88,Not Applicable,FALSE,1,Public Road,1,"Trafficway, On Road",CT0009300,New Haven PD,45625,07:16.0,O,Open,00:48.0,,,,,,,
1271890,1,Complete,1271890,1271890,41.282863,-72.93457,3759092,New Haven,93,93,New Haven,5/11/2025,2025,5,May,11,1,Sunday,13:00:00,13,25018527,A,"Injury of any type (Serious, Minor, Possible)",C,Possible Injury (C),2,0,0,4,Local,0,545,SEA ST,SEA ST,ELLA T GRASSO BLVD,,,,,41.282863,-72.93457,14,Motor Vehicle in Operation,1,Front to rear,1,On Roadway,1,Clear,88,Not Applicable,1,Daylight,1,Dry,0,None,88,Not Applicable,88,Not Applicable,0,None,88,Not Applicable,88,Not Applicable,2,Intersection,2,Four-Way Intersection,1,No,1,No,88,Not Applicable,88,Not Applicable,88,Not Applicable,88,Not Applicable,FALSE,1,Public Road,1,"Trafficway, On Road",CT0009300,New Haven PD,46613,12:55.0,C,Closed,00:49.0,,,,,,,
1271891,1,Complete,1271891,1271891,41.30721111,-72.93255611,3759093,New Haven,93,93,New Haven,5/11/2025,2025,5,May,11,1,Sunday,17:01:00,17,25018536,A,"Injury of any type (Serious, Minor, Possible)",A,Suspected Serious Injury (A),2,0,1,4,Local,0.55,136,CROWN ST,CROWN ST,YORK ST,,,,,41.30721111,-72.93255611,14,Motor Vehicle in Operation,3,Angle,1,On Roadway,1,Clear,88,Not Applicable,1,Daylight,1,Dry,0,None,88,Not Applicable,88,Not Applicable,0,None,88,Not Applicable,88,Not Applicable,2,Intersection,2,Four-Way Intersection,1,No,1,No,88,Not Applicable,88,Not Applicable,88,Not Applicable,88,Not Applicable,TRUE,1,Public Road,1,"Trafficway, On Road",CT0009300,New Haven PD,45630,38:51.0,C,Closed,00:46.0,,,,,,,
1271892,1,Complete,1271892,1271892,41.296332,-72.947738,3759094,New Haven,93,93,New Haven,5/11/2025,2025,5,May,11,1,Sunday,17:00:00,17,25018545,A,"Injury of any type (Serious, Minor, Possible)",C,Possible Injury (C),2,0,0,3,State,1.38,10,10-N,10-N,,COLUMBUS AVE,500,Feet,S,41.296332,-72.947738,14,Motor Vehicle in Operation,1,Front to rear,1,On Roadway,1,Clear,88,Not Applicable,1,Daylight,1,Dry,0,None,88,Not Applicable,88,Not Applicable,0,None,88,Not Applicable,88,Not Applicable,1,Non-Junction,1,Not at Intersection,1,No,1,No,88,Not Applicable,88,Not Applicable,88,Not Applicable,88,Not Applicable,FALSE,1,Public Road,1,"Trafficway, On Road",CT0009300,New Haven PD,45395,45:21.0,C,Closed,00:46.0,,,,,,,
1272506,1,Complete,1272506,1272506,41.31034965,-72.90027739,3759708,New Haven,93,93,New Haven,5/11/2025,2025,5,May,11,1,Sunday,9:01:00,9,25015312,A,"Injury of any type (Serious, Minor, Possible)",B,Suspected Minor Injury (B),1,1,0,4,Local,0.03,108,CLAY ST NO 1,CLAY ST NO 1,,SHELTER ST,20,Feet,S,41.31034965,-72.90027739,9,Pedestrian,88,Not Applicable,1,On Roadway,1,Clear,88,Not Applicable,1,Daylight,1,Dry,0,None,88,Not Applicable,88,Not Applicable,0,None,88,Not Applicable,88,Not Applicable,9,Driveway Access-Related,1,Not at Intersection,1,No,1,No,88,Not Applicable,88,Not Applicable,88,Not Applicable,88,Not Applicable,FALSE,1,Public Road,1,"Trafficway, On Road",CT0009300,New Haven PD,42057,25:32.0,C,Closed,00:31.0,,,,,,,
1272507,1,Complete,1272507,1272507,41.320189,-72.869409,3759709,New Haven,93,93,New Haven,5/8/2025,2025,5,May,8,5,Thursday,9:40:00,9,25018100,A,"Injury of any type (Serious, Minor, Possible)",C,Possible Injury (C),4,0,0,3,State,0.69,80,80-E,80-E,,OLD FOXON RD,200,Feet,W,41.320189,-72.869409,14,Motor Vehicle in Operation,3,Angle,1,On Roadway,1,Clear,88,Not Applicable,1,Daylight,1,Dry,0,None,88,Not Applicable,88,Not Applicable,0,None,88,Not Applicable,88,Not Applicable,3,Intersection-Related,2,Four-Way Intersection,1,No,1,No,88,Not Applicable,88,Not Applicable,88,Not Applicable,88,Not Applicable,FALSE,1,Public Road,1,"Trafficway, On Road",CT0009300,New Haven PD,42049,27:57.0,C,Closed,00:33.0,,,,,,,
1272511,1,Complete,1272511,1272511,41.29867622,-72.94446162,3759713,New Haven,93,93,New Haven,5/10/2025,2025,5,May,10,7,Saturday,22:09:00,22,25018474,A,"Injury of any type (Serious, Minor, Possible)",C,Possible Injury (C),2,0,0,4,Local,0.2,123,CONGRESS AV,CONGRESS AV,DOWNES ST,,,,,41.29867622,-72.94446162,14,Motor Vehicle in Operation,1,Front to rear,1,On Roadway,1,Clear,88,Not Applicable,4,Dark-Lighted,1,Dry,0,None,88,Not Applicable,88,Not Applicable,0,None,88,Not Applicable,88,Not Applicable,2,Intersection,3,T-Intersection,1,No,1,No,88,Not Applicable,88,Not Applicable,88,Not Applicable,88,Not Applicable,FALSE,1,Public Road,1,"Trafficway, On Road",CT0009300,New Haven PD,43690,39:24.0,C,Closed,00:37.0,,,,,,,
1272519,1,Complete,1272519,1272519,41.316723,-72.942499,3759721,New Haven,93,93,New Haven,5/12/2025,2025,5,May,12,2,Monday,4:52:00,4,25018583,A,"Injury of any type (Serious, Minor, Possible)",B,Suspected Minor Injury (B),1,1,0,4,Local,0.38,653,WHALLEY AV,WHALLEY AV,SHERMAN AV,,,,,41.316723,-72.942499,9,Pedestrian,88,Not Applicable,1,On Roadway,1,Clear,88,Not Applicable,4,Dark-Lighted,1,Dry,0,None,88,Not Applicable,88,Not Applicable,0,None,88,Not Applicable,88,Not Applicable,2,Intersection,2,Four-Way Intersection,1,No,1,No,88,Not Applicable,88,Not Applicable,88,Not Applicable,88,Not Applicable,FALSE,1,Public Road,1,"Trafficway, On Road",CT0009300,New Haven PD,82,36:14.0,C,Closed,00:31.0,,,,,,,
1272520,1,Complete,1272520,1272520,41.312769,-72.932853,3759722,New Haven,93,93,New Haven,5/12/2025,2025,5,May,12,2,Monday,8:28:00,8,25018593,A,"Injury of any type (Serious, Minor, Possible)",B,Suspected Minor Injury (B),2,0,1,4,Local,0.95,653,WHALLEY AV,WHALLEY AV,HOWE ST ,,,,,41.312769,-72.932853,14,Motor Vehicle in Operation,1,Front to rear,1,On Roadway,1,Clear,88,Not Applicable,1,Daylight,1,Dry,0,None,88,Not Applicable,88,Not Applicable,0,None,88,Not Applicable,88,Not Applicable,2,Intersection,3,T-Intersection,1,No,1,No,88,Not Applicable,88,Not Applicable,88,Not Applicable,88,Not Applicable,FALSE,1,Public Road,1,"Trafficway, On Road",CT0009300,New Haven PD,47741,43:29.0,C,Closed,00:31.0,,,,,,,
1272526,1,Complete,1272526,1272526,41.300804,-72.910872,3759728,New Haven,93,93,New Haven,5/12/2025,2025,5,May,12,2,Monday,20:42:00,20,25018699,A,"Injury of any type (Serious, Minor, Possible)",C,Possible Injury (C),2,0,0,2,USRoute,48.96,1,1-N,1-N,EAST ST,,,,,41.300804,-72.910872,14,Motor Vehicle in Operation,3,Angle,1,On Roadway,1,Clear,88,Not Applicable,4,Dark-Lighted,1,Dry,0,None,88,Not Applicable,88,Not Applicable,0,None,88,Not Applicable,88,Not Applicable,2,Intersection,2,Four-Way Intersection,1,No,1,No,88,Not Applicable,88,Not Applicable,88,Not Applicable,88,Not Applicable,FALSE,1,Public Road,1,"Trafficway, On Road",CT0009300,New Haven PD,7573,22:53.0,C,Closed,00:38.0,,,,,,,
1272847,1,Complete,1272847,1272847,41.308587,-72.923976,3760049,New Haven,93,93,New Haven,5/12/2025,2025,5,May,12,2,Monday,9:31:00,9,25018611,A,"Injury of any type (Serious, Minor, Possible)",C,Possible Injury (C),1,1,1,4,Local,0.5,103,CHURCH ST,CHURCH ST,,ELM STREET,105,Feet,N,41.308587,-72.923976,9,Pedestrian,88,Not Applicable,1,On Roadway,1,Clear,88,Not Applicable,1,Daylight,1,Dry,0,None,88,Not Applicable,88,Not Applicable,0,None,88,Not Applicable,88,Not Applicable,1,Non-Junction,1,Not at Intersection,1,No,1,No,88,Not Applicable,88,Not Applicable,88,Not Applicable,88,Not Applicable,TRUE,1,Public Road,1,"Trafficway, On Road",CT0009300,New Haven PD,48046,33:01.0,C,Closed,00:24.0,,,,,,,