CrashId,Fatal Case Status,Fatal Case Status Text Format,CrashId,CrashId,Latitude,Longitude,DOT Case Number,Town Name,Town Number,Town Number,Town Number Text Format,Date Of Crash,Year,Month,Month Text Format,Day,Day of the Week,Day of the Week Text Format,Time of Crash,Hour of the Day,Case Identifier,Crash Severity,Crash Severity Text Format,Most Severe Injury,Most Severe Injury Text Format,Number Of Motor Vehicles,Number Of Non-Motorist,Number Of Witnesses,Route Class,Route Class Text Format,Milemarker,Road Number,Road Description,Roadway Name,Intersecting Roadway Name,Landmark Description,Distance From Nearest Landmark,Unit Of Measure From Nearest Landmark,Direction From Nearest Landmark,Latitude,Longitude,First Harmful Event,First Harmful Event Text Format,Manner of Crash / Collision Impact,Manner of Crash / Collision Impact Text Format,Location of First Harmful Event,Location of First Harmful Event Text Format,Weather Condition,Weather Condition Text Format,Weather 2,Weather 2 Text Format,Light Condition,Light Condition Text Format,Road Surface Condition,Road Surface Condition Text Format,"Contributing Circumstances, Environment","Contributing Circumstances, Environment Text Format",Environment 2,Environment 2 Text Format,Environment 3,Environment 3 Text Format,"Contributing Circumstances, Road","Contributing Circumstances, Road Text Format",Road 2,Road 2 Text Format,Road 3,Road 3 Text Format,Crash Specific Location,Crash Specific Location Text Format,Type of Intersection,Type of Intersection Text Format,School Bus Related,School Bus Related Text Format,Work Zone Related,Work Zone Related Text Format,Location Of Crash Relative To Work Zone,Location Of Crash Relative To Work Zone Text Format,Type of Work Zone,Type of Work Zone Text Format,Worker Presence,Worker Presence Text Format,Law Enforcement Presence,Law Enforcement Presence Text Format,Were Vehicles Moved Prior To Police Arrival,Trafficway Ownership,Trafficway Ownership Text Format,Trafficway Class,Trafficway Class Text Format,Police Agency,Police Agency Text Format,Badge Number,Approval Date,Police Case Status,Police Case Status Text Format,Crash Report Submission Date,Related Case Identifiers,No. of Through Lanes (Log Dir.),Average Daily Traffic,Functional Classification,Functional Classification Text Format,Rural or Urban,Rural or Urban Text Format
1281705,1,Complete,1281705,1281705,41.303537,-72.910436,3768908,New Haven,93,93,New Haven,6/6/2025,2025,6,June,6,6,Friday,4:29:00,4,25022425,A,"Injury of any type (Serious, Minor, Possible)",B,Suspected Minor Injury (B),2,0,0,4,Local,0.93,97,CHAPEL ST,CHAPEL ST,EAST ST,,,,,41.303537,-72.910436,14,Motor Vehicle in Operation,3,Angle,1,On Roadway,1,Clear,88,Not Applicable,4,Dark-Lighted,1,Dry,0,None,88,Not Applicable,88,Not Applicable,0,None,88,Not Applicable,88,Not Applicable,2,Intersection,2,Four-Way Intersection,1,No,1,No,88,Not Applicable,88,Not Applicable,88,Not Applicable,88,Not Applicable,FALSE,1,Public Road,1,"Trafficway, On Road",CT0009300,New Haven PD,46898,46:19.0,C,Closed,53:28.0,,,,,,,
1281707,1,Complete,1281707,1281707,41.30618,-72.88113,3768910,New Haven,93,93,New Haven,6/6/2025,2025,6,June,6,6,Friday,12:57:00,12,25022488,A,"Injury of any type (Serious, Minor, Possible)",C,Possible Injury (C),2,0,0,4,Local,0.13,584,SUMMIT ST,SUMMIT ST,EAST GRAND AV,,,,,41.30618,-72.88113,14,Motor Vehicle in Operation,3,Angle,1,On Roadway,1,Clear,88,Not Applicable,1,Daylight,1,Dry,0,None,88,Not Applicable,88,Not Applicable,0,None,88,Not Applicable,88,Not Applicable,2,Intersection,2,Four-Way Intersection,1,No,1,No,88,Not Applicable,88,Not Applicable,88,Not Applicable,88,Not Applicable,FALSE,1,Public Road,1,"Trafficway, On Road",CT0009300,New Haven PD,42049,42:27.0,C,Closed,52:50.0,,,,,,,
1281712,1,Complete,1281712,1281712,41.334888,-72.935224,3768915,New Haven,93,93,New Haven,6/6/2025,2025,6,June,6,6,Friday,15:48:00,15,25022503,A,"Injury of any type (Serious, Minor, Possible)",B,Suspected Minor Injury (B),1,1,0,4,Local,1.55,152,DIXWELL AV,DIXWELL AV,ELIZABETH ST,,,,,41.334888,-72.935224,9,Pedestrian,88,Not Applicable,1,On Roadway,1,Clear,88,Not Applicable,1,Daylight,1,Dry,0,None,88,Not Applicable,88,Not Applicable,0,None,88,Not Applicable,88,Not Applicable,2,Intersection,3,T-Intersection,1,No,1,No,88,Not Applicable,88,Not Applicable,88,Not Applicable,88,Not Applicable,FALSE,1,Public Road,1,"Trafficway, On Road",CT0009300,New Haven PD,991,39:44.0,C,Closed,52:41.0,,,,,,,
1281717,1,Complete,1281717,1281717,41.327908,-72.959768,3768920,New Haven,93,93,New Haven,6/6/2025,2025,6,June,6,6,Friday,19:23:00,19,25022534,A,"Injury of any type (Serious, Minor, Possible)",C,Possible Injury (C),2,0,0,4,Local,1.23,612,VALLEY ST NO 1,VALLEY ST NO 1,BLAKE ST,,,,,41.327908,-72.959768,14,Motor Vehicle in Operation,3,Angle,1,On Roadway,1,Clear,88,Not Applicable,1,Daylight,1,Dry,0,None,88,Not Applicable,88,Not Applicable,0,None,88,Not Applicable,88,Not Applicable,2,Intersection,3,T-Intersection,1,No,1,No,88,Not Applicable,88,Not Applicable,88,Not Applicable,88,Not Applicable,TRUE,1,Public Road,1,"Trafficway, On Road",CT0009300,New Haven PD,7573,08:47.0,C,Closed,52:43.0,,,,,,,
1281718,1,Complete,1281718,1281718,41.320845,-72.874112,3768921,New Haven,93,93,New Haven,6/6/2025,2025,6,June,6,6,Friday,22:50:00,22,25022560,A,"Injury of any type (Serious, Minor, Possible)",C,Possible Injury (C),2,0,0,4,Local,2.22,498,QUINNIPIAC AV,QUINNIPIAC AV,FOXON BLVD,,,,,41.320845,-72.874112,14,Motor Vehicle in Operation,3,Angle,1,On Roadway,1,Clear,88,Not Applicable,4,Dark-Lighted,1,Dry,0,None,88,Not Applicable,88,Not Applicable,0,None,88,Not Applicable,88,Not Applicable,2,Intersection,2,Four-Way Intersection,1,No,1,No,88,Not Applicable,88,Not Applicable,88,Not Applicable,88,Not Applicable,FALSE,1,Public Road,1,"Trafficway, On Road",CT0009300,New Haven PD,40085,58:42.0,C,Closed,52:54.0,,,,,,,
1281720,1,Complete,1281720,1281720,41.317561,-72.933543,925095,New Haven,93,93,New Haven,6/7/2025,2025,6,June,7,7,Saturday,3:43:00,3,25022581,K,Fatal (Kill),K,Fatal Injury (K),1,1,1,4,Local,0.34,152,DIXWELL AV,DIXWELL AV,,FOOTE ST,100,Feet,S,41.317561,-72.933543,11,Other Non-motorist,88,Not Applicable,1,On Roadway,1,Clear,88,Not Applicable,4,Dark-Lighted,1,Dry,0,None,88,Not Applicable,88,Not Applicable,0,None,88,Not Applicable,88,Not Applicable,1,Non-Junction,1,Not at Intersection,1,No,1,No,88,Not Applicable,88,Not Applicable,88,Not Applicable,88,Not Applicable,FALSE,1,Public Road,1,"Trafficway, On Road",CT0009300,New Haven PD,42365,49:59.0,C,Closed,52:44.0,,,,,,,
1281721,1,Complete,1281721,1281721,41.305136,-72.926472,3768924,New Haven,93,93,New Haven,6/7/2025,2025,6,June,7,7,Saturday,2:12:00,2,25022583,A,"Injury of any type (Serious, Minor, Possible)",B,Suspected Minor Injury (B),1,1,0,4,Local,0.23,103,CHURCH ST,CHURCH ST,,Center St,75,Feet,S,41.305136,-72.926472,9,Pedestrian,88,Not Applicable,1,On Roadway,1,Clear,88,Not Applicable,4,Dark-Lighted,1,Dry,0,None,88,Not Applicable,88,Not Applicable,0,None,88,Not Applicable,88,Not Applicable,1,Non-Junction,1,Not at Intersection,1,No,1,No,88,Not Applicable,88,Not Applicable,88,Not Applicable,88,Not Applicable,TRUE,1,Public Road,1,"Trafficway, On Road",CT0009300,New Haven PD,44047,50:30.0,O,Open,53:27.0,,,,,,,
1281724,1,Complete,1281724,1281724,41.326531,-72.962082,3768927,New Haven,93,93,New Haven,6/7/2025,2025,6,June,7,7,Saturday,11:52:00,11,25022628,A,"Injury of any type (Serious, Minor, Possible)",C,Possible Injury (C),2,0,0,3,State,6.53,243,243-E,243-E,PHILIP ST,,,,,41.326531,-72.962082,14,Motor Vehicle in Operation,3,Angle,1,On Roadway,1,Clear,88,Not Applicable,1,Daylight,1,Dry,0,None,88,Not Applicable,88,Not Applicable,1,Backup Due to Prior Crash,88,Not Applicable,88,Not Applicable,2,Intersection,3,T-Intersection,1,No,1,No,88,Not Applicable,88,Not Applicable,88,Not Applicable,88,Not Applicable,FALSE,1,Public Road,1,"Trafficway, On Road",CT0009300,New Haven PD,45983,18:48.0,C,Closed,52:45.0,,,,,,,
1281725,1,Complete,1281725,1281725,41.303542,-72.91045,3768928,New Haven,93,93,New Haven,6/7/2025,2025,6,June,7,7,Saturday,12:07:00,12,25022629,A,"Injury of any type (Serious, Minor, Possible)",C,Possible Injury (C),2,0,1,4,Local,0.93,97,CHAPEL ST,CHAPEL ST,EAST ST,,,,,41.303542,-72.91045,14,Motor Vehicle in Operation,2,Front to front,1,On Roadway,2,Cloudy,88,Not Applicable,1,Daylight,1,Dry,0,None,88,Not Applicable,88,Not Applicable,0,None,88,Not Applicable,88,Not Applicable,2,Intersection,2,Four-Way Intersection,1,No,1,No,88,Not Applicable,88,Not Applicable,88,Not Applicable,88,Not Applicable,FALSE,1,Public Road,1,"Trafficway, On Road",CT0009300,New Haven PD,180,42:17.0,C,Closed,52:47.0,25022629,,,,,,
1281729,1,Complete,1281729,1281729,41.304959,-72.937199,3768932,New Haven,93,93,New Haven,6/7/2025,2025,6,June,7,7,Saturday,17:37:00,17,25022676,A,"Injury of any type (Serious, Minor, Possible)",C,Possible Injury (C),2,0,0,4,Local,0.08,308,HOWARD AV,HOWARD AV,SYLVAN AV,,,,,41.304959,-72.937199,14,Motor Vehicle in Operation,1,Front to rear,1,On Roadway,4,Rain,88,Not Applicable,1,Daylight,2,Wet,0,None,88,Not Applicable,88,Not Applicable,0,None,88,Not Applicable,88,Not Applicable,2,Intersection,3,T-Intersection,1,No,1,No,88,Not Applicable,88,Not Applicable,88,Not Applicable,88,Not Applicable,FALSE,1,Public Road,1,"Trafficway, On Road",CT0009300,New Haven PD,46613,23:09.0,C,Closed,52:49.0,,,,,,,
1281730,1,Complete,1281730,1281730,41.308562,-72.923974,3768933,New Haven,93,93,New Haven,6/7/2025,2025,6,June,7,7,Saturday,18:40:00,18,25022688,A,"Injury of any type (Serious, Minor, Possible)",C,Possible Injury (C),2,0,0,4,Local,0.5,103,CHURCH ST,CHURCH ST,,ELM ST,100,Feet,N,41.308562,-72.923974,14,Motor Vehicle in Operation,3,Angle,1,On Roadway,2,Cloudy,88,Not Applicable,1,Daylight,2,Wet,0,None,88,Not Applicable,88,Not Applicable,0,None,88,Not Applicable,88,Not Applicable,1,Non-Junction,1,Not at Intersection,1,No,1,No,88,Not Applicable,88,Not Applicable,88,Not Applicable,88,Not Applicable,TRUE,1,Public Road,1,"Trafficway, On Road",CT0009300,New Haven PD,40801,45:51.0,C,Closed,52:48.0,,,,,,,
1281732,1,Complete,1281732,1281732,41.308774,-72.899078,3768935,New Haven,93,93,New Haven,6/8/2025,2025,6,June,8,1,Sunday,2:19:00,2,25022715,A,"Injury of any type (Serious, Minor, Possible)",C,Possible Injury (C),2,0,0,4,Local,0.7,264,GRAND AV,GRAND AV,,BLATCHLEY AVE,50,Feet,E,41.308774,-72.899078,14,Motor Vehicle in Operation,1,Front to rear,1,On Roadway,1,Clear,88,Not Applicable,4,Dark-Lighted,1,Dry,0,None,88,Not Applicable,88,Not Applicable,0,None,88,Not Applicable,88,Not Applicable,3,Intersection-Related,2,Four-Way Intersection,1,No,1,No,88,Not Applicable,88,Not Applicable,88,Not Applicable,88,Not Applicable,FALSE,1,Public Road,1,"Trafficway, On Road",CT0009300,New Haven PD,40814,23:23.0,C,Closed,52:49.0,,,,,,,
1281733,1,Complete,1281733,1281733,41.296628,-72.892819,3768936,New Haven,93,93,New Haven,6/8/2025,2025,6,June,8,1,Sunday,5:15:00,5,25022718,A,"Injury of any type (Serious, Minor, Possible)",B,Suspected Minor Injury (B),2,0,0,4,Local,0.16,210,FARREN AV,FARREN AV,,FULTON ST ,115,Feet,S,41.296628,-72.892819,14,Motor Vehicle in Operation,2,Front to front,1,On Roadway,1,Clear,88,Not Applicable,4,Dark-Lighted,1,Dry,99,Unknown,88,Not Applicable,88,Not Applicable,99,Unknown,88,Not Applicable,88,Not Applicable,1,Non-Junction,1,Not at Intersection,1,No,1,No,88,Not Applicable,88,Not Applicable,88,Not Applicable,88,Not Applicable,FALSE,1,Public Road,1,"Trafficway, On Road",CT0009300,New Haven PD,46901,48:41.0,C,Closed,53:15.0,,,,,,,
1281742,1,Complete,1281742,1281742,41.300834,-72.910884,3768945,New Haven,93,93,New Haven,6/8/2025,2025,6,June,8,1,Sunday,21:37:00,21,25022807,A,"Injury of any type (Serious, Minor, Possible)",B,Suspected Minor Injury (B),2,0,2,2,USRoute,48.96,1,1-N,1-N,EAST ST,,,,,41.300834,-72.910884,14,Motor Vehicle in Operation,3,Angle,1,On Roadway,1,Clear,88,Not Applicable,5,Dark-Not Lighted,1,Dry,0,None,88,Not Applicable,88,Not Applicable,0,None,88,Not Applicable,88,Not Applicable,2,Intersection,2,Four-Way Intersection,1,No,1,No,88,Not Applicable,88,Not Applicable,88,Not Applicable,88,Not Applicable,FALSE,1,Public Road,1,"Trafficway, On Road",CT0009300,New Haven PD,45389,47:03.0,C,Closed,52:52.0,,,,,,,
1281755,1,Complete,1281755,1281755,41.307076,-72.928125,3768958,New Haven,93,93,New Haven,6/9/2025,2025,6,June,9,2,Monday,17:13:00,17,25022949,A,"Injury of any type (Serious, Minor, Possible)",C,Possible Injury (C),2,0,0,4,Local,1.91,97,CHAPEL ST,CHAPEL ST,,COLLEGE ST,150,Feet,E,41.307076,-72.928125,14,Motor Vehicle in Operation,1,Front to rear,1,On Roadway,4,Rain,88,Not Applicable,1,Daylight,2,Wet,0,None,88,Not Applicable,88,Not Applicable,0,None,88,Not Applicable,88,Not Applicable,1,Non-Junction,1,Not at Intersection,1,No,1,No,88,Not Applicable,88,Not Applicable,88,Not Applicable,88,Not Applicable,TRUE,1,Public Road,1,"Trafficway, On Road",CT0009300,New Haven PD,42042,45:28.0,O,Open,52:57.0,,,,,,,
1281765,1,Complete,1281765,1281765,41.303906,-72.900237,3768968,New Haven,93,93,New Haven,6/10/2025,2025,6,June,10,3,Tuesday,12:58:00,12,25023048,A,"Injury of any type (Serious, Minor, Possible)",C,Possible Injury (C),2,0,0,4,Local,0.4,97,CHAPEL ST,CHAPEL ST,LLOYD ST,,,,,41.303906,-72.900237,14,Motor Vehicle in Operation,3,Angle,1,On Roadway,4,Rain,88,Not Applicable,1,Daylight,2,Wet,0,None,88,Not Applicable,88,Not Applicable,0,None,88,Not Applicable,88,Not Applicable,2,Intersection,2,Four-Way Intersection,1,No,1,No,88,Not Applicable,88,Not Applicable,88,Not Applicable,88,Not Applicable,TRUE,1,Public Road,1,"Trafficway, On Road",CT0009300,New Haven PD,45132,21:52.0,C,Closed,53:03.0,,,,,,,
1281767,1,Complete,1281767,1281767,41.303824,-72.927441,3768970,New Haven,93,93,New Haven,6/10/2025,2025,6,June,10,3,Tuesday,13:24:00,13,25023053,A,"Injury of any type (Serious, Minor, Possible)",C,Possible Injury (C),2,0,0,4,Local,0.13,103,CHURCH ST,CHURCH ST,GEORGE ST,,,,,41.303824,-72.927441,14,Motor Vehicle in Operation,4,"Sideswipe, same direction",1,On Roadway,4,Rain,88,Not Applicable,1,Daylight,2,Wet,0,None,88,Not Applicable,88,Not Applicable,0,None,88,Not Applicable,88,Not Applicable,2,Intersection,2,Four-Way Intersection,1,No,1,No,88,Not Applicable,88,Not Applicable,88,Not Applicable,88,Not Applicable,FALSE,1,Public Road,1,"Trafficway, On Road",CT0009300,New Haven PD,106,42:32.0,C,Closed,53:07.0,,,,,,,
1281775,1,Complete,1281775,1281775,41.317375,-72.901704,3768978,New Haven,93,93,New Haven,6/10/2025,2025,6,June,10,3,Tuesday,17:56:00,17,25023106,A,"Injury of any type (Serious, Minor, Possible)",C,Possible Injury (C),2,0,0,2,USRoute,0.15,5,5-N,5-N,,BLATCHLEY AVE,70,Feet,W,41.317375,-72.901704,14,Motor Vehicle in Operation,1,Front to rear,1,On Roadway,1,Clear,88,Not Applicable,1,Daylight,1,Dry,0,None,88,Not Applicable,88,Not Applicable,0,None,88,Not Applicable,88,Not Applicable,3,Intersection-Related,2,Four-Way Intersection,1,No,1,No,88,Not Applicable,88,Not Applicable,88,Not Applicable,88,Not Applicable,FALSE,1,Public Road,1,"Trafficway, On Road",CT0009300,New Haven PD,44060,13:01.0,C,Closed,53:05.0,,,,,,,
1281825,1,Complete,1281825,1281825,41.2987723,-72.9290029,3769028,New Haven,93,93,New Haven,6/12/2025,2025,6,June,12,5,Thursday,16:13:00,16,25023464,A,"Injury of any type (Serious, Minor, Possible)",C,Possible Injury (C),1,1,1,4,Local,0.01,104,CHURCH ST SOUTH NO 1,CHURCH ST SOUTH NO 1,COLUMBUS AVE,,,,,41.2987723,-72.9290029,10,Pedalcycle/Pedalcyclist,99,Unknown,1,On Roadway,1,Clear,88,Not Applicable,1,Daylight,1,Dry,0,None,88,Not Applicable,88,Not Applicable,0,None,88,Not Applicable,88,Not Applicable,2,Intersection,2,Four-Way Intersection,1,No,1,No,88,Not Applicable,88,Not Applicable,88,Not Applicable,88,Not Applicable,TRUE,1,Public Road,1,"Trafficway, On Road",CT0009300,New Haven PD,48044,16:19.0,C,Closed,53:22.0,,,,,,,
1281826,1,Complete,1281826,1281826,41.320223,-72.906039,3769029,New Haven,93,93,New Haven,6/12/2025,2025,6,June,12,5,Thursday,16:35:00,16,25023478,A,"Injury of any type (Serious, Minor, Possible)",C,Possible Injury (C),2,0,0,4,Local,0.03,418,MITCHELL DR,MITCHELL DR,,WILLOW ST,100,Feet,N,41.320223,-72.906039,14,Motor Vehicle in Operation,1,Front to rear,1,On Roadway,1,Clear,88,Not Applicable,1,Daylight,1,Dry,0,None,88,Not Applicable,88,Not Applicable,0,None,88,Not Applicable,88,Not Applicable,1,Non-Junction,1,Not at Intersection,1,No,1,No,88,Not Applicable,88,Not Applicable,88,Not Applicable,88,Not Applicable,FALSE,1,Public Road,1,"Trafficway, On Road",CT0009300,New Haven PD,45399,10:55.0,C,Closed,53:21.0,,,,,,,
1281827,1,Complete,1281827,1281827,41.298552,-72.912004,3769030,New Haven,93,93,New Haven,6/12/2025,2025,6,June,12,5,Thursday,17:25:00,17,25023494,A,"Injury of any type (Serious, Minor, Possible)",B,Suspected Minor Injury (B),2,0,1,4,Local,1.14,513,LONG WHARF DR,LONG WHARF DR,,HAMILTON ST,385,Feet,E,41.298552,-72.912004,14,Motor Vehicle in Operation,3,Angle,1,On Roadway,1,Clear,88,Not Applicable,1,Daylight,1,Dry,0,None,88,Not Applicable,88,Not Applicable,0,None,88,Not Applicable,88,Not Applicable,9,Driveway Access-Related,1,Not at Intersection,1,No,1,No,88,Not Applicable,88,Not Applicable,88,Not Applicable,88,Not Applicable,FALSE,1,Public Road,1,"Trafficway, On Road",CT0009300,New Haven PD,45389,39:14.0,C,Closed,53:25.0,,,,,,,
1281830,1,Complete,1281830,1281830,41.334339,-72.947374,3769033,New Haven,93,93,New Haven,6/12/2025,2025,6,June,12,5,Thursday,21:33:00,21,25023538,A,"Injury of any type (Serious, Minor, Possible)",C,Possible Injury (C),2,0,0,3,State,4.45,10,10-N,10-N,PINE ROCK AVE,,,,,41.334339,-72.947374,14,Motor Vehicle in Operation,3,Angle,1,On Roadway,1,Clear,88,Not Applicable,4,Dark-Lighted,1,Dry,0,None,88,Not Applicable,88,Not Applicable,0,None,88,Not Applicable,88,Not Applicable,2,Intersection,3,T-Intersection,1,No,1,No,88,Not Applicable,88,Not Applicable,88,Not Applicable,88,Not Applicable,FALSE,1,Public Road,1,"Trafficway, On Road",CT0009300,New Haven PD,170,37:06.0,C,Closed,53:24.0,,,,,,,
1281831,1,Complete,1281831,1281831,41.284959,-72.936881,3769034,New Haven,93,93,New Haven,6/12/2025,2025,6,June,12,5,Thursday,21:58:00,21,25023539,A,"Injury of any type (Serious, Minor, Possible)",A,Suspected Serious Injury (A),2,0,0,3,State,1.11,745,745-E,745-E,,ELLA T GRASSO BLVD,500,Feet,S,41.284959,-72.936881,14,Motor Vehicle in Operation,3,Angle,1,On Roadway,1,Clear,88,Not Applicable,4,Dark-Lighted,1,Dry,0,None,88,Not Applicable,88,Not Applicable,0,None,88,Not Applicable,88,Not Applicable,9,Driveway Access-Related,1,Not at Intersection,1,No,1,No,88,Not Applicable,88,Not Applicable,88,Not Applicable,88,Not Applicable,TRUE,1,Public Road,1,"Trafficway, On Road",CT0009300,New Haven PD,45389,39:40.0,C,Closed,53:24.0,,,,,,,
1282193,1,Complete,1282193,1282193,41.30971972,-72.9207742,3769396,New Haven,93,93,New Haven,6/12/2025,2025,6,June,12,5,Thursday,1:41:00,1,25023311,A,"Injury of any type (Serious, Minor, Possible)",C,Possible Injury (C),2,0,0,4,Local,0.07,271,GROVE ST,GROVE ST,,ORANGE ST,20,Feet,E,41.30971972,-72.9207742,14,Motor Vehicle in Operation,1,Front to rear,1,On Roadway,1,Clear,88,Not Applicable,6,Dark-Unknown Lighting,1,Dry,0,None,88,Not Applicable,88,Not Applicable,0,None,88,Not Applicable,88,Not Applicable,3,Intersection-Related,2,Four-Way Intersection,1,No,1,No,88,Not Applicable,88,Not Applicable,88,Not Applicable,88,Not Applicable,TRUE,1,Public Road,1,"Trafficway, On Road",CT0009300,New Haven PD,44053,02:48.0,C,Closed,01:54.0,,,,,,,
1282196,1,Complete,1282196,1282196,41.287496,-72.889719,3769399,New Haven,93,93,New Haven,6/12/2025,2025,6,June,12,5,Thursday,10:57:00,10,25023434,A,"Injury of any type (Serious, Minor, Possible)",A,Suspected Serious Injury (A),1,1,0,4,Local,0.18,388,MAIN ST NO 2,MAIN ST NO 2,HUNTINGTON RD,,,,,41.287496,-72.889719,9,Pedestrian,88,Not Applicable,1,On Roadway,1,Clear,88,Not Applicable,1,Daylight,1,Dry,0,None,88,Not Applicable,88,Not Applicable,0,None,88,Not Applicable,88,Not Applicable,2,Intersection,2,Four-Way Intersection,1,No,1,No,88,Not Applicable,88,Not Applicable,88,Not Applicable,88,Not Applicable,FALSE,1,Public Road,1,"Trafficway, On Road",CT0009300,New Haven PD,156,35:00.0,C,Closed,01:43.0,,,,,,,
1282197,1,Complete,1282197,1282197,41.259477,-72.892726,3769400,New Haven,93,93,New Haven,6/14/2025,2025,6,June,14,7,Saturday,7:31:00,7,25023460,A,"Injury of any type (Serious, Minor, Possible)",C,Possible Injury (C),1,0,0,3,State,2.17,337,337-E,337-E,,KIRKHAM ST ,125,Feet,S,41.259477,-72.892726,33,Utility Pole/Light Support,88,Not Applicable,4,Roadside,2,Cloudy,88,Not Applicable,1,Daylight,1,Dry,0,None,88,Not Applicable,88,Not Applicable,0,None,88,Not Applicable,88,Not Applicable,1,Non-Junction,1,Not at Intersection,1,No,1,No,88,Not Applicable,88,Not Applicable,88,Not Applicable,88,Not Applicable,FALSE,1,Public Road,1,"Trafficway, On Road",CT0009300,New Haven PD,48045,04:10.0,O,Open,01:55.0,,,,,,,
1282202,1,Complete,1282202,1282202,41.30776945,-72.9245439,3769405,New Haven,93,93,New Haven,6/13/2025,2025,6,June,13,6,Friday,11:17:00,11,25023585,A,"Injury of any type (Serious, Minor, Possible)",C,Possible Injury (C),3,0,0,4,Local,0.43,103,CHURCH ST,CHURCH ST,,ELM STREET,140,Feet,S,41.30776945,-72.9245439,14,Motor Vehicle in Operation,4,"Sideswipe, same direction",1,On Roadway,1,Clear,88,Not Applicable,1,Daylight,1,Dry,0,None,88,Not Applicable,88,Not Applicable,0,None,88,Not Applicable,88,Not Applicable,1,Non-Junction,1,Not at Intersection,1,No,1,No,88,Not Applicable,88,Not Applicable,88,Not Applicable,88,Not Applicable,TRUE,1,Public Road,1,"Trafficway, On Road",CT0009300,New Haven PD,44949,11:14.0,C,Closed,01:45.0,,,,,,,
1282208,1,Complete,1282208,1282208,41.303581,-72.903969,3769411,New Haven,93,93,New Haven,6/13/2025,2025,6,June,13,6,Friday,20:08:00,20,25023651,A,"Injury of any type (Serious, Minor, Possible)",C,Possible Injury (C),2,0,0,4,Local,0.6,97,CHAPEL ST,CHAPEL ST,,MILL ST,30,Feet,W,41.303581,-72.903969,14,Motor Vehicle in Operation,3,Angle,1,On Roadway,1,Clear,88,Not Applicable,4,Dark-Lighted,1,Dry,0,None,88,Not Applicable,88,Not Applicable,0,None,88,Not Applicable,88,Not Applicable,1,Non-Junction,1,Not at Intersection,1,No,1,No,88,Not Applicable,88,Not Applicable,88,Not Applicable,88,Not Applicable,FALSE,1,Public Road,1,"Trafficway, On Road",CT0009300,New Haven PD,7573,36:43.0,C,Closed,01:52.0,,,,,,,
1282214,1,Complete,1282214,1282214,41.313444,-72.943802,3769417,New Haven,93,93,New Haven,6/14/2025,2025,6,June,14,7,Saturday,9:22:00,9,25023713,A,"Injury of any type (Serious, Minor, Possible)",C,Possible Injury (C),3,0,0,4,Local,0.54,556,SHERMAN AV,SHERMAN AV,,edgewood ave,30,Feet,N,41.313444,-72.943802,14,Motor Vehicle in Operation,1,Front to rear,1,On Roadway,4,Rain,88,Not Applicable,1,Daylight,2,Wet,0,None,88,Not Applicable,88,Not Applicable,0,None,88,Not Applicable,88,Not Applicable,3,Intersection-Related,2,Four-Way Intersection,1,No,1,No,88,Not Applicable,88,Not Applicable,88,Not Applicable,88,Not Applicable,TRUE,1,Public Road,1,"Trafficway, On Road",CT0009300,New Haven PD,45700,41:25.0,O,Open,01:53.0,,,,,,,
1282227,1,Complete,1282227,1282227,41.314261,-72.951395,3769430,New Haven,93,93,New Haven,6/15/2025,2025,6,June,15,1,Sunday,15:52:00,15,25023831,A,"Injury of any type (Serious, Minor, Possible)",A,Suspected Serious Injury (A),3,0,1,3,State,2.69,10,10-N,10-N,,STANLEY ST,170,Feet,N,41.314261,-72.951395,14,Motor Vehicle in Operation,3,Angle,1,On Roadway,1,Clear,88,Not Applicable,1,Daylight,1,Dry,0,None,88,Not Applicable,88,Not Applicable,0,None,88,Not Applicable,88,Not Applicable,1,Non-Junction,1,Not at Intersection,1,No,1,No,88,Not Applicable,88,Not Applicable,88,Not Applicable,88,Not Applicable,TRUE,1,Public Road,1,"Trafficway, On Road",CT0009300,New Haven PD,48044,54:34.0,C,Closed,02:00.0,,,,,,,
1282230,1,Complete,1282230,1282230,41.31928985,-72.94936159,3769433,New Haven,93,93,New Haven,6/15/2025,2025,6,June,15,1,Sunday,20:33:00,20,25023859,A,"Injury of any type (Serious, Minor, Possible)",C,Possible Injury (C),2,0,0,3,State,2.86,10,10-N,10-N,ELLA T GRASSO BLVD NO 2,,,,,41.31928985,-72.94936159,14,Motor Vehicle in Operation,3,Angle,1,On Roadway,1,Clear,88,Not Applicable,4,Dark-Lighted,1,Dry,0,None,88,Not Applicable,88,Not Applicable,0,None,88,Not Applicable,88,Not Applicable,2,Intersection,2,Four-Way Intersection,1,No,1,No,88,Not Applicable,88,Not Applicable,88,Not Applicable,88,Not Applicable,FALSE,1,Public Road,1,"Trafficway, On Road",CT0009300,New Haven PD,44045,42:10.0,C,Closed,02:01.0,,,,,,,
1282845,1,Complete,1282845,1282845,41.304049,-72.888617,3770048,New Haven,93,93,New Haven,5/3/2025,2025,5,May,3,7,Saturday,11:17:00,11,25017428,A,"Injury of any type (Serious, Minor, Possible)",A,Suspected Serious Injury (A),2,0,0,4,Local,0.81,498,QUINNIPIAC AV,QUINNIPIAC AV,,OXFORD ST,50,Feet,N,41.304049,-72.888617,14,Motor Vehicle in Operation,4,"Sideswipe, same direction",1,On Roadway,1,Clear,88,Not Applicable,1,Daylight,1,Dry,0,None,88,Not Applicable,88,Not Applicable,0,None,88,Not Applicable,88,Not Applicable,1,Non-Junction,1,Not at Intersection,1,No,1,No,88,Not Applicable,88,Not Applicable,88,Not Applicable,88,Not Applicable,TRUE,1,Public Road,1,"Trafficway, On Road",CT0009300,New Haven PD,175,11:43.0,C,Closed,01:16.0,,,,,,,