CrashId,Fatal Case Status,Fatal Case Status Text Format,CrashId,CrashId,Latitude,Longitude,DOT Case Number,Town Name,Town Number,Town Number,Town Number Text Format,Date Of Crash,Year,Month,Month Text Format,Day,Day of the Week,Day of the Week Text Format,Time of Crash,Hour of the Day,Case Identifier,Crash Severity,Crash Severity Text Format,Most Severe Injury,Most Severe Injury Text Format,Number Of Motor Vehicles,Number Of Non-Motorist,Number Of Witnesses,Route Class,Route Class Text Format,Milemarker,Road Number,Road Description,Roadway Name,Intersecting Roadway Name,Landmark Description,Distance From Nearest Landmark,Unit Of Measure From Nearest Landmark,Direction From Nearest Landmark,Latitude,Longitude,First Harmful Event,First Harmful Event Text Format,Manner of Crash / Collision Impact,Manner of Crash / Collision Impact Text Format,Location of First Harmful Event,Location of First Harmful Event Text Format,Weather Condition,Weather Condition Text Format,Weather 2,Weather 2 Text Format,Light Condition,Light Condition Text Format,Road Surface Condition,Road Surface Condition Text Format,"Contributing Circumstances, Environment","Contributing Circumstances, Environment Text Format",Environment 2,Environment 2 Text Format,Environment 3,Environment 3 Text Format,"Contributing Circumstances, Road","Contributing Circumstances, Road Text Format",Road 2,Road 2 Text Format,Road 3,Road 3 Text Format,Crash Specific Location,Crash Specific Location Text Format,Type of Intersection,Type of Intersection Text Format,School Bus Related,School Bus Related Text Format,Work Zone Related,Work Zone Related Text Format,Location Of Crash Relative To Work Zone,Location Of Crash Relative To Work Zone Text Format,Type of Work Zone,Type of Work Zone Text Format,Worker Presence,Worker Presence Text Format,Law Enforcement Presence,Law Enforcement Presence Text Format,Were Vehicles Moved Prior To Police Arrival,Trafficway Ownership,Trafficway Ownership Text Format,Trafficway Class,Trafficway Class Text Format,Police Agency,Police Agency Text Format,Badge Number,Approval Date,Police Case Status,Police Case Status Text Format,Crash Report Submission Date,Related Case Identifiers,No. of Through Lanes (Log Dir.),Average Daily Traffic,Functional Classification,Functional Classification Text Format,Rural or Urban,Rural or Urban Text Format
1288616,1,Complete,1288616,1288616,41.317988,-72.941601,3774824,New Haven,93,93,New Haven,6/29/2025,2025,6,June,29,1,Sunday,17:04:00,17,25025741,A,"Injury of any type (Serious, Minor, Possible)",C,Possible Injury (C),2,0,0,4,Local,0.87,556,SHERMAN AV,SHERMAN AV,,Percival Street,184,Feet,S,41.317988,-72.941601,14,Motor Vehicle in Operation,5,"Sideswipe, opposite direction",1,On Roadway,1,Clear,88,Not Applicable,1,Daylight,1,Dry,0,None,88,Not Applicable,88,Not Applicable,0,None,88,Not Applicable,88,Not Applicable,1,Non-Junction,1,Not at Intersection,1,No,1,No,88,Not Applicable,88,Not Applicable,88,Not Applicable,88,Not Applicable,FALSE,1,Public Road,1,"Trafficway, On Road",CT0009300,New Haven PD,45398,47:36.0,O,Open,00:39.0,,,,,,,
1288619,1,Complete,1288619,1288619,41.319237,-72.898919,3774827,New Haven,93,93,New Haven,7/1/2025,2025,7,July,1,3,Tuesday,16:17:00,16,25026162,A,"Injury of any type (Serious, Minor, Possible)",C,Possible Injury (C),2,0,0,2,USRoute,0.35,5,5-N,5-N,,MAY ST,40,Feet,S,41.319237,-72.898919,14,Motor Vehicle in Operation,3,Angle,1,On Roadway,1,Clear,88,Not Applicable,1,Daylight,1,Dry,0,None,88,Not Applicable,88,Not Applicable,0,None,88,Not Applicable,88,Not Applicable,3,Intersection-Related,2,Four-Way Intersection,1,No,1,No,88,Not Applicable,88,Not Applicable,88,Not Applicable,88,Not Applicable,TRUE,1,Public Road,1,"Trafficway, On Road",CT0009300,New Haven PD,40085,42:00.0,C,Closed,00:42.0,,,,,,,
1288621,1,Complete,1288621,1288621,41.322072,-72.911742,3774829,New Haven,93,93,New Haven,7/2/2025,2025,7,July,2,4,Wednesday,7:01:00,7,25026268,A,"Injury of any type (Serious, Minor, Possible)",C,Possible Injury (C),3,0,0,4,Local,0.39,450,ORANGE ST NO 1,ORANGE ST NO 1,WILLOW ST,,,,,41.322072,-72.911742,14,Motor Vehicle in Operation,3,Angle,1,On Roadway,4,Rain,88,Not Applicable,1,Daylight,2,Wet,0,None,88,Not Applicable,88,Not Applicable,0,None,88,Not Applicable,88,Not Applicable,2,Intersection,2,Four-Way Intersection,1,No,1,No,88,Not Applicable,88,Not Applicable,88,Not Applicable,88,Not Applicable,FALSE,1,Public Road,1,"Trafficway, On Road",CT0009300,New Haven PD,87,10:51.0,C,Closed,00:42.0,,,,,,,
1288622,1,Complete,1288622,1288622,41.314237,-72.93587,3774830,New Haven,93,93,New Haven,7/2/2025,2025,7,July,2,4,Wednesday,15:35:00,15,25026347,A,"Injury of any type (Serious, Minor, Possible)",A,Suspected Serious Injury (A),1,0,0,4,Local,0.76,653,WHALLEY AV,WHALLEY AV,SPERRY ST,,,,,41.314237,-72.93587,33,Utility Pole/Light Support,88,Not Applicable,1,On Roadway,1,Clear,88,Not Applicable,1,Daylight,1,Dry,0,None,88,Not Applicable,88,Not Applicable,0,None,88,Not Applicable,88,Not Applicable,2,Intersection,3,T-Intersection,1,No,1,No,88,Not Applicable,88,Not Applicable,88,Not Applicable,88,Not Applicable,FALSE,1,Public Road,1,"Trafficway, On Road",CT0009300,New Haven PD,44947,53:32.0,C,Closed,00:42.0,,,,,,,
1288624,1,Complete,1288624,1288624,41.309622,-72.936646,3774832,New Haven,93,93,New Haven,7/2/2025,2025,7,July,2,4,Wednesday,16:48:00,16,25026382,A,"Injury of any type (Serious, Minor, Possible)",C,Possible Injury (C),2,0,0,4,Local,2.4,97,CHAPEL ST,CHAPEL ST,,DWIGHT ST,75,Feet,E,41.309622,-72.936646,14,Motor Vehicle in Operation,3,Angle,1,On Roadway,1,Clear,88,Not Applicable,1,Daylight,1,Dry,0,None,0,None,88,Not Applicable,0,None,88,Not Applicable,88,Not Applicable,1,Non-Junction,1,Not at Intersection,1,No,1,No,88,Not Applicable,88,Not Applicable,88,Not Applicable,88,Not Applicable,TRUE,1,Public Road,1,"Trafficway, On Road",CT0009300,New Haven PD,45132,17:23.0,C,Closed,00:42.0,,,,,,,
1288902,1,Complete,1288902,1288902,41.33132,-72.86754,3775110,New Haven,93,93,New Haven,7/1/2025,2025,7,July,1,3,Tuesday,21:48:00,21,25026246,A,"Injury of any type (Serious, Minor, Possible)",B,Suspected Minor Injury (B),2,0,0,4,Local,0,561,SMITH AV,SMITH AV,Quinnipiac Ave,,,,,41.33132,-72.86754,14,Motor Vehicle in Operation,3,Angle,1,On Roadway,1,Clear,88,Not Applicable,4,Dark-Lighted,1,Dry,0,None,88,Not Applicable,88,Not Applicable,0,None,88,Not Applicable,88,Not Applicable,2,Intersection,2,Four-Way Intersection,1,No,1,No,88,Not Applicable,88,Not Applicable,88,Not Applicable,88,Not Applicable,FALSE,1,Public Road,1,"Trafficway, On Road",CT0009300,New Haven PD,42049,00:27.0,O,Open,00:28.0,,,,,,,
1288904,1,Complete,1288904,1288904,41.304204,-72.931027,3775112,New Haven,93,93,New Haven,7/2/2025,2025,7,July,2,4,Wednesday,10:38:00,10,25026319,A,"Injury of any type (Serious, Minor, Possible)",C,Possible Injury (C),1,0,0,4,Local,0.59,117,COLLEGE ST,COLLEGE ST,REV DR MARTIN LUTHER KING JR BLVD,,,,,41.304204,-72.931027,32,Tree (standing),88,Not Applicable,1,On Roadway,2,Cloudy,88,Not Applicable,1,Daylight,1,Dry,0,None,88,Not Applicable,88,Not Applicable,0,None,88,Not Applicable,88,Not Applicable,2,Intersection,2,Four-Way Intersection,1,No,1,No,88,Not Applicable,88,Not Applicable,88,Not Applicable,88,Not Applicable,FALSE,1,Public Road,1,"Trafficway, On Road",CT0009300,New Haven PD,43688,24:28.0,C,Closed,00:27.0,,,,,,,
1288910,1,Complete,1288910,1288910,41.3092791,-72.935449,3775118,New Haven,93,93,New Haven,7/3/2025,2025,7,July,3,5,Thursday,12:37:00,12,25026511,A,"Injury of any type (Serious, Minor, Possible)",B,Suspected Minor Injury (B),1,1,0,4,Local,2.34,97,CHAPEL ST,CHAPEL ST,HOWE ST,,,,,41.3092791,-72.935449,10,Pedalcycle/Pedalcyclist,3,Angle,1,On Roadway,1,Clear,88,Not Applicable,1,Daylight,1,Dry,0,None,88,Not Applicable,88,Not Applicable,0,None,88,Not Applicable,88,Not Applicable,2,Intersection,2,Four-Way Intersection,1,No,1,No,88,Not Applicable,88,Not Applicable,88,Not Applicable,88,Not Applicable,TRUE,1,Public Road,1,"Trafficway, On Road",CT0009300,New Haven PD,48044,25:31.0,C,Closed,00:31.0,,,,,,,
1288914,1,Complete,1288914,1288914,41.2946908,-72.8934033,3775122,New Haven,93,93,New Haven,7/3/2025,2025,7,July,3,5,Thursday,19:42:00,19,25026600,A,"Injury of any type (Serious, Minor, Possible)",B,Suspected Minor Injury (B),2,0,0,4,Local,0.2,95,CHAMBERLAIN ST,CHAMBERLAIN ST,FAIRMONT AV,,,,,41.2946908,-72.8934033,14,Motor Vehicle in Operation,1,Front to rear,1,On Roadway,4,Rain,88,Not Applicable,1,Daylight,2,Wet,0,None,88,Not Applicable,88,Not Applicable,0,None,88,Not Applicable,88,Not Applicable,2,Intersection,3,T-Intersection,1,No,1,No,88,Not Applicable,88,Not Applicable,88,Not Applicable,88,Not Applicable,TRUE,1,Public Road,1,"Trafficway, On Road",CT0009300,New Haven PD,46622,21:20.0,O,Open,00:31.0,,,,,,,
1289317,1,Complete,1289317,1289317,41.31951,-72.898059,3775525,New Haven,93,93,New Haven,7/5/2025,2025,7,July,5,7,Saturday,10:53:00,10,25024468,A,"Injury of any type (Serious, Minor, Possible)",C,Possible Injury (C),1,1,0,,,,,,1331 STATE ST,,FERRY ST,110,Feet,N,41.31951,-72.898059,9,Pedestrian,88,Not Applicable,97,Other,1,Clear,88,Not Applicable,1,Daylight,1,Dry,0,None,88,Not Applicable,88,Not Applicable,0,None,88,Not Applicable,88,Not Applicable,1,Non-Junction,1,Not at Intersection,1,No,1,No,88,Not Applicable,88,Not Applicable,88,Not Applicable,88,Not Applicable,FALSE,88,Not Applicable,4,Parking Lot,CT0009300,New Haven PD,46623,49:36.0,C,Closed,01:02.0,,,,,,,
1289333,1,Complete,1289333,1289333,41.29766388,-72.94089314,3775541,New Haven,93,93,New Haven,7/4/2025,2025,7,July,4,6,Friday,13:56:00,13,25026675,A,"Injury of any type (Serious, Minor, Possible)",C,Possible Injury (C),2,0,1,2,USRoute,47.05,1,1-N,1-N,WEST ST,,,,,41.29766388,-72.94089314,14,Motor Vehicle in Operation,3,Angle,1,On Roadway,1,Clear,1,Clear,1,Daylight,1,Dry,0,None,88,Not Applicable,88,Not Applicable,0,None,88,Not Applicable,88,Not Applicable,2,Intersection,2,Four-Way Intersection,1,No,1,No,88,Not Applicable,88,Not Applicable,88,Not Applicable,88,Not Applicable,FALSE,1,Public Road,1,"Trafficway, On Road",CT0009300,New Haven PD,47738,19:27.0,O,Open,00:54.0,,,,,,,
1289337,1,Complete,1289337,1289337,41.330227,-72.86826,3775545,New Haven,93,93,New Haven,7/5/2025,2025,7,July,5,7,Saturday,0:22:00,0,25026717,A,"Injury of any type (Serious, Minor, Possible)",A,Suspected Serious Injury (A),2,0,0,3,State,0.71,103,103-N,103-N,,FIORE STREET,100,Feet,N,41.330227,-72.86826,15,Parked Motor Vehicle,4,"Sideswipe, same direction",7,In Parking Lane or Zone,1,Clear,88,Not Applicable,5,Dark-Not Lighted,1,Dry,0,None,88,Not Applicable,88,Not Applicable,0,None,88,Not Applicable,88,Not Applicable,1,Non-Junction,1,Not at Intersection,1,No,1,No,88,Not Applicable,88,Not Applicable,88,Not Applicable,88,Not Applicable,TRUE,1,Public Road,1,"Trafficway, On Road",CT0009300,New Haven PD,44048,32:11.0,O,Open,00:56.0,,,,,,,
1289338,1,Complete,1289338,1289338,41.32137,-72.87371,3775546,New Haven,93,93,New Haven,7/4/2025,2025,7,July,4,6,Friday,23:33:00,23,25026719,A,"Injury of any type (Serious, Minor, Possible)",C,Possible Injury (C),2,0,0,3,State,0.04,103,103-N,103-N,,Route 80,145,Feet,N,41.32137,-72.87371,14,Motor Vehicle in Operation,3,Angle,1,On Roadway,1,Clear,88,Not Applicable,4,Dark-Lighted,1,Dry,0,None,88,Not Applicable,88,Not Applicable,0,None,88,Not Applicable,88,Not Applicable,1,Non-Junction,1,Not at Intersection,1,No,1,No,88,Not Applicable,88,Not Applicable,88,Not Applicable,88,Not Applicable,FALSE,1,Public Road,1,"Trafficway, On Road",CT0009300,New Haven PD,48045,02:24.0,C,Closed,00:55.0,25-026717,,,,,,
1289341,1,Complete,1289341,1289341,41.319269,-72.898581,3775549,New Haven,93,93,New Haven,7/5/2025,2025,7,July,5,7,Saturday,0:22:00,0,25026729,A,"Injury of any type (Serious, Minor, Possible)",B,Suspected Minor Injury (B),1,0,0,4,Local,0.01,213,FERRY ST,FERRY ST,,STATE ST,30,Feet,S,41.319269,-72.898581,32,Tree (standing),88,Not Applicable,1,On Roadway,1,Clear,88,Not Applicable,4,Dark-Lighted,1,Dry,0,None,88,Not Applicable,88,Not Applicable,0,None,88,Not Applicable,88,Not Applicable,3,Intersection-Related,2,Four-Way Intersection,1,No,1,No,88,Not Applicable,88,Not Applicable,88,Not Applicable,88,Not Applicable,FALSE,1,Public Road,1,"Trafficway, On Road",CT0009300,New Haven PD,48045,43:18.0,C,Closed,00:56.0,,,,,,,
1289342,1,Complete,1289342,1289342,41.33044,-72.875212,3775550,New Haven,93,93,New Haven,7/5/2025,2025,7,July,5,7,Saturday,1:00:00,1,25026734,A,"Injury of any type (Serious, Minor, Possible)",B,Suspected Minor Injury (B),2,0,0,3,State,0.78,17,17-N,17-N,,CROSS STREET,226,Feet,S,41.33044,-72.875212,14,Motor Vehicle in Operation,3,Angle,1,On Roadway,1,Clear,88,Not Applicable,5,Dark-Not Lighted,1,Dry,0,None,88,Not Applicable,88,Not Applicable,0,None,88,Not Applicable,88,Not Applicable,9,Driveway Access-Related,1,Not at Intersection,1,No,1,No,88,Not Applicable,88,Not Applicable,88,Not Applicable,88,Not Applicable,FALSE,1,Public Road,1,"Trafficway, On Road",CT0009300,New Haven PD,44063,57:40.0,C,Closed,00:55.0,,,,,,,
1289343,1,Complete,1289343,1289343,41.299251,-72.892325,3775551,New Haven,93,93,New Haven,7/5/2025,2025,7,July,5,7,Saturday,4:33:00,4,25026747,A,"Injury of any type (Serious, Minor, Possible)",C,Possible Injury (C),2,0,0,4,Local,0.33,210,FARREN AV,FARREN AV,,LANCRAFT ST,300,Feet,N,41.299251,-72.892325,14,Motor Vehicle in Operation,4,"Sideswipe, same direction",1,On Roadway,1,Clear,88,Not Applicable,4,Dark-Lighted,1,Dry,0,None,88,Not Applicable,88,Not Applicable,0,None,88,Not Applicable,88,Not Applicable,1,Non-Junction,1,Not at Intersection,1,No,1,No,88,Not Applicable,88,Not Applicable,88,Not Applicable,88,Not Applicable,FALSE,1,Public Road,1,"Trafficway, On Road",CT0009300,New Haven PD,45630,11:00.0,C,Closed,00:56.0,,,,,,,
1289349,1,Complete,1289349,1289349,41.330896,-72.927362,3775557,New Haven,93,93,New Haven,7/5/2025,2025,7,July,5,7,Saturday,18:39:00,18,25026792,A,"Injury of any type (Serious, Minor, Possible)",C,Possible Injury (C),2,0,0,4,Local,0.63,42,BASSETT ST,BASSETT ST,,NEWHALL ST,135,Feet,E,41.330896,-72.927362,14,Motor Vehicle in Operation,3,Angle,1,On Roadway,1,Clear,88,Not Applicable,1,Daylight,1,Dry,0,None,88,Not Applicable,88,Not Applicable,0,None,88,Not Applicable,88,Not Applicable,9,Driveway Access-Related,1,Not at Intersection,1,No,1,No,88,Not Applicable,88,Not Applicable,88,Not Applicable,88,Not Applicable,FALSE,1,Public Road,1,"Trafficway, On Road",CT0009300,New Haven PD,46616,52:09.0,C,Closed,00:57.0,,,,,,,
1289927,1,Complete,1289927,1289927,41.304353,-72.928668,3776135,New Haven,93,93,New Haven,6/27/2025,2025,6,June,27,6,Friday,23:10:00,23,25025567,A,"Injury of any type (Serious, Minor, Possible)",C,Possible Injury (C),4,0,0,4,Local,0.75,588,TEMPLE ST,TEMPLE ST,GEORGE ST,,,,,41.304353,-72.928668,14,Motor Vehicle in Operation,3,Angle,1,On Roadway,1,Clear,88,Not Applicable,4,Dark-Lighted,1,Dry,0,None,88,Not Applicable,88,Not Applicable,0,None,88,Not Applicable,88,Not Applicable,2,Intersection,2,Four-Way Intersection,1,No,1,No,88,Not Applicable,88,Not Applicable,88,Not Applicable,88,Not Applicable,FALSE,1,Public Road,1,"Trafficway, On Road",CT0009300,New Haven PD,44047,45:12.0,O,Open,01:58.0,,,,,,,
1289928,1,Complete,1289928,1289928,41.320863,-72.874052,3776136,New Haven,93,93,New Haven,7/1/2025,2025,7,July,1,3,Tuesday,12:27:00,12,25026081,A,"Injury of any type (Serious, Minor, Possible)",C,Possible Injury (C),2,0,0,3,State,0.44,80,80-E,80-E,QUINNIPIAC AVE,,,,,41.320863,-72.874052,14,Motor Vehicle in Operation,4,"Sideswipe, same direction",1,On Roadway,1,Clear,88,Not Applicable,1,Daylight,1,Dry,0,None,88,Not Applicable,88,Not Applicable,0,None,88,Not Applicable,88,Not Applicable,2,Intersection,2,Four-Way Intersection,1,No,1,No,88,Not Applicable,88,Not Applicable,88,Not Applicable,88,Not Applicable,FALSE,1,Public Road,1,"Trafficway, On Road",CT0009300,New Haven PD,45701,52:44.0,C,Closed,01:57.0,,,,,,,
1289931,1,Complete,1289931,1289931,41.305513,-72.95234,3776139,New Haven,93,93,New Haven,7/6/2025,2025,7,July,6,1,Sunday,18:10:00,18,25026911,A,"Injury of any type (Serious, Minor, Possible)",C,Possible Injury (C),1,0,1,4,Local,0.01,360,LEGION AV,LEGION AV,,ELLA T GRASSO BLVD,45,Feet,E,41.305513,-72.95234,25,Curb,88,Not Applicable,1,On Roadway,1,Clear,88,Not Applicable,1,Daylight,1,Dry,0,None,88,Not Applicable,88,Not Applicable,0,None,88,Not Applicable,88,Not Applicable,3,Intersection-Related,3,T-Intersection,1,No,1,No,88,Not Applicable,88,Not Applicable,88,Not Applicable,88,Not Applicable,FALSE,1,Public Road,1,"Trafficway, On Road",CT0009300,New Haven PD,45394,54:58.0,O,Open,02:01.0,,,,,,,
1289935,1,Complete,1289935,1289935,41.301162,-72.935197,3776143,New Haven,93,93,New Haven,7/7/2025,2025,7,July,7,2,Monday,8:07:00,8,25026965,A,"Injury of any type (Serious, Minor, Possible)",C,Possible Injury (C),2,0,0,4,Local,0.37,308,HOWARD AV,HOWARD AV,,CONGRESS AVE,59,Feet,S,41.301162,-72.935197,14,Motor Vehicle in Operation,4,"Sideswipe, same direction",1,On Roadway,1,Clear,88,Not Applicable,1,Daylight,1,Dry,0,None,88,Not Applicable,88,Not Applicable,0,None,88,Not Applicable,88,Not Applicable,3,Intersection-Related,2,Four-Way Intersection,1,No,1,No,88,Not Applicable,88,Not Applicable,88,Not Applicable,88,Not Applicable,TRUE,1,Public Road,1,"Trafficway, On Road",CT0009300,New Haven PD,40810,29:46.0,C,Closed,01:59.0,,,,,,,
1289937,1,Complete,1289937,1289937,41.304891,-72.938307,3776145,New Haven,93,93,New Haven,7/7/2025,2025,7,July,7,2,Monday,15:35:00,15,25027030,A,"Injury of any type (Serious, Minor, Possible)",C,Possible Injury (C),2,0,0,4,Local,0.06,585,SYLVAN AV,SYLVAN AV,VERNON ST,,,,,41.304891,-72.938307,14,Motor Vehicle in Operation,1,Front to rear,1,On Roadway,1,Clear,88,Not Applicable,1,Daylight,1,Dry,0,None,88,Not Applicable,88,Not Applicable,0,None,88,Not Applicable,88,Not Applicable,3,Intersection-Related,3,T-Intersection,1,No,1,No,88,Not Applicable,88,Not Applicable,88,Not Applicable,88,Not Applicable,FALSE,1,Public Road,1,"Trafficway, On Road",CT0009300,New Haven PD,42366,20:31.0,C,Closed,02:00.0,,,,,,,
1290291,1,Complete,1290291,1290291,41.311722,-72.925515,3776499,New Haven,93,93,New Haven,7/5/2025,2025,7,July,5,7,Saturday,23:04:00,23,25026833,A,"Injury of any type (Serious, Minor, Possible)",B,Suspected Minor Injury (B),2,0,0,4,Local,0,495,PROSPECT ST,PROSPECT ST,GROVE ST,,,,,41.311722,-72.925515,14,Motor Vehicle in Operation,3,Angle,1,On Roadway,1,Clear,88,Not Applicable,4,Dark-Lighted,1,Dry,0,None,88,Not Applicable,88,Not Applicable,0,None,88,Not Applicable,88,Not Applicable,2,Intersection,2,Four-Way Intersection,1,No,1,No,88,Not Applicable,88,Not Applicable,88,Not Applicable,88,Not Applicable,FALSE,1,Public Road,1,"Trafficway, On Road",CT0009300,New Haven PD,45630,10:52.0,C,Closed,01:00.0,,,,,,,
1290301,1,Complete,1290301,1290301,41.31945,-72.898742,3776509,New Haven,93,93,New Haven,7/8/2025,2025,7,July,8,3,Tuesday,18:52:00,18,25027261,A,"Injury of any type (Serious, Minor, Possible)",C,Possible Injury (C),1,0,0,2,USRoute,0.37,5,5-N,5-N,May St,,,,,41.31945,-72.898742,25,Curb,88,Not Applicable,4,Roadside,1,Clear,88,Not Applicable,1,Daylight,1,Dry,97,Other,88,Not Applicable,88,Not Applicable,0,None,88,Not Applicable,88,Not Applicable,2,Intersection,2,Four-Way Intersection,1,No,1,No,88,Not Applicable,88,Not Applicable,88,Not Applicable,88,Not Applicable,FALSE,1,Public Road,1,"Trafficway, On Road",CT0009300,New Haven PD,47739,18:05.0,C,Closed,01:01.0,,,,,,,
1290654,1,Complete,1290654,1290654,41.295046,-72.917193,3776862,New Haven,93,93,New Haven,6/22/2025,2025,6,June,22,1,Sunday,1:25:00,1,25024658,A,"Injury of any type (Serious, Minor, Possible)",C,Possible Injury (C),2,0,0,4,Local,0.77,513,LONG WHARF DR,LONG WHARF DR,,CANAL DOCK RD,180,Feet,S,41.295046,-72.917193,14,Motor Vehicle in Operation,4,"Sideswipe, same direction",1,On Roadway,1,Clear,88,Not Applicable,5,Dark-Not Lighted,1,Dry,99,Unknown,88,Not Applicable,88,Not Applicable,0,None,88,Not Applicable,88,Not Applicable,1,Non-Junction,1,Not at Intersection,1,No,1,No,88,Not Applicable,88,Not Applicable,88,Not Applicable,88,Not Applicable,FALSE,1,Public Road,1,"Trafficway, On Road",CT0009300,New Haven PD,43690,05:41.0,C,Closed,00:26.0,,,,,,,
1290656,1,Complete,1290656,1290656,41.31786,-72.941692,3776864,New Haven,93,93,New Haven,7/6/2025,2025,7,July,6,1,Sunday,16:22:00,16,25025735,A,"Injury of any type (Serious, Minor, Possible)",C,Possible Injury (C),2,0,0,4,Local,0.86,556,SHERMAN AV,SHERMAN AV,,Percival Street,230,Feet,S,41.31786,-72.941692,14,Motor Vehicle in Operation,2,Front to front,1,On Roadway,1,Clear,88,Not Applicable,1,Daylight,1,Dry,0,None,88,Not Applicable,88,Not Applicable,0,None,88,Not Applicable,88,Not Applicable,1,Non-Junction,1,Not at Intersection,1,No,1,No,88,Not Applicable,88,Not Applicable,88,Not Applicable,88,Not Applicable,FALSE,1,Public Road,1,"Trafficway, On Road",CT0009300,New Haven PD,45398,21:23.0,O,Open,00:21.0,,,,,,,
1290657,1,Complete,1290657,1290657,41.286729,-72.924644,3776865,New Haven,93,93,New Haven,7/1/2025,2025,7,July,1,3,Tuesday,23:57:00,23,25026255,A,"Injury of any type (Serious, Minor, Possible)",B,Suspected Minor Injury (B),1,0,0,4,Local,0.07,513,LONG WHARF DR,LONG WHARF DR,,SARGENT DR,365,Feet,E,41.286729,-72.924644,6,Fell/Jumped from Vehicle,88,Not Applicable,1,On Roadway,4,Rain,88,Not Applicable,4,Dark-Lighted,2,Wet,1,Weather Conditions,88,Not Applicable,88,Not Applicable,0,None,88,Not Applicable,88,Not Applicable,1,Non-Junction,1,Not at Intersection,1,No,1,No,88,Not Applicable,88,Not Applicable,88,Not Applicable,88,Not Applicable,TRUE,1,Public Road,1,"Trafficway, On Road",CT0009300,New Haven PD,46898,58:58.0,C,Closed,00:27.0,,,,,,,
1290659,1,Complete,1290659,1290659,41.297332,-72.948697,3776867,New Haven,93,93,New Haven,7/4/2025,2025,7,July,4,6,Friday,21:48:00,21,25026714,A,"Injury of any type (Serious, Minor, Possible)",A,Suspected Serious Injury (A),2,0,0,3,State,1.46,10,10-N,10-N,,COLUMBUS AVE,25,Feet,S,41.297332,-72.948697,14,Motor Vehicle in Operation,1,Front to rear,1,On Roadway,1,Clear,88,Not Applicable,4,Dark-Lighted,1,Dry,0,None,88,Not Applicable,88,Not Applicable,0,None,88,Not Applicable,88,Not Applicable,3,Intersection-Related,2,Four-Way Intersection,1,No,1,No,88,Not Applicable,88,Not Applicable,88,Not Applicable,88,Not Applicable,FALSE,1,Public Road,1,"Trafficway, On Road",CT0009300,New Haven PD,45392,16:26.0,O,Open,00:26.0,N/A,,,,,,
1290663,1,Complete,1290663,1290663,41.327481,-72.953295,3776871,New Haven,93,93,New Haven,7/9/2025,2025,7,July,9,4,Wednesday,7:35:00,7,25027313,A,"Injury of any type (Serious, Minor, Possible)",A,Suspected Serious Injury (A),2,0,0,4,Local,0.55,56,BLAKE ST,BLAKE ST,FITCH ST,,,,,41.327481,-72.953295,14,Motor Vehicle in Operation,3,Angle,1,On Roadway,1,Clear,88,Not Applicable,1,Daylight,1,Dry,0,None,88,Not Applicable,88,Not Applicable,0,None,88,Not Applicable,88,Not Applicable,2,Intersection,2,Four-Way Intersection,1,No,1,No,88,Not Applicable,88,Not Applicable,88,Not Applicable,88,Not Applicable,FALSE,1,Public Road,1,"Trafficway, On Road",CT0009300,New Haven PD,33016,01:41.0,C,Closed,00:27.0,,,,,,,
1290664,1,Complete,1290664,1290664,41.3193853,-72.8986713,3776872,New Haven,93,93,New Haven,7/9/2025,2025,7,July,9,4,Wednesday,9:54:00,9,25027335,A,"Injury of any type (Serious, Minor, Possible)",C,Possible Injury (C),2,0,0,4,Local,0,213,FERRY ST,FERRY ST,5-N,,,,,41.3193853,-72.8986713,14,Motor Vehicle in Operation,3,Angle,1,On Roadway,1,Clear,88,Not Applicable,1,Daylight,1,Dry,0,None,88,Not Applicable,88,Not Applicable,0,None,88,Not Applicable,88,Not Applicable,3,Intersection-Related,2,Four-Way Intersection,1,No,1,No,88,Not Applicable,88,Not Applicable,88,Not Applicable,88,Not Applicable,FALSE,1,Public Road,1,"Trafficway, On Road",CT0009300,New Haven PD,42048,39:06.0,C,Closed,00:25.0,,,,,,,
1290668,1,Complete,1290668,1290668,41.300829,-72.911031,3776876,New Haven,93,93,New Haven,7/9/2025,2025,7,July,9,4,Wednesday,15:12:00,15,25027389,A,"Injury of any type (Serious, Minor, Possible)",C,Possible Injury (C),1,1,0,2,USRoute,48.95,1,1-N,1-N,East Street,,,,,41.300829,-72.911031,9,Pedestrian,88,Not Applicable,1,On Roadway,1,Clear,88,Not Applicable,1,Daylight,1,Dry,0,None,88,Not Applicable,88,Not Applicable,0,None,88,Not Applicable,88,Not Applicable,2,Intersection,2,Four-Way Intersection,1,No,1,No,88,Not Applicable,88,Not Applicable,88,Not Applicable,88,Not Applicable,TRUE,1,Public Road,1,"Trafficway, On Road",CT0009300,New Haven PD,40788,50:02.0,C,Closed,00:27.0,,,,,,,
1290949,1,Complete,1290949,1290949,41.33197999,-72.9330385,3777157,New Haven,93,93,New Haven,5/18/2025,2025,5,May,18,1,Sunday,2:08:00,2,25019494,A,"Injury of any type (Serious, Minor, Possible)",B,Suspected Minor Injury (B),1,1,0,,,,,,180 BASSETT ST,,GOODYEAR ST,75,Feet,W,41.33197999,-72.9330385,10,Pedalcycle/Pedalcyclist,3,Angle,8,"Off Roadway,  Location Unknown",1,Clear,88,Not Applicable,3,Dusk,1,Dry,0,None,88,Not Applicable,88,Not Applicable,0,None,88,Not Applicable,88,Not Applicable,97,Other,1,Not at Intersection,1,No,1,No,88,Not Applicable,88,Not Applicable,88,Not Applicable,88,Not Applicable,TRUE,88,Not Applicable,4,Parking Lot,CT0009300,New Haven PD,45393,09:53.0,C,Closed,01:22.0,,,,,,,