CrashId,Fatal Case Status,Fatal Case Status Text Format,CrashId,CrashId,Latitude,Longitude,DOT Case Number,Town Name,Town Number,Town Number,Town Number Text Format,Date Of Crash,Year,Month,Month Text Format,Day,Day of the Week,Day of the Week Text Format,Time of Crash,Hour of the Day,Case Identifier,Crash Severity,Crash Severity Text Format,Most Severe Injury,Most Severe Injury Text Format,Number Of Motor Vehicles,Number Of Non-Motorist,Number Of Witnesses,Route Class,Route Class Text Format,Milemarker,Road Number,Road Description,Roadway Name,Intersecting Roadway Name,Landmark Description,Distance From Nearest Landmark,Unit Of Measure From Nearest Landmark,Direction From Nearest Landmark,Latitude,Longitude,First Harmful Event,First Harmful Event Text Format,Manner of Crash / Collision Impact,Manner of Crash / Collision Impact Text Format,Location of First Harmful Event,Location of First Harmful Event Text Format,Weather Condition,Weather Condition Text Format,Weather 2,Weather 2 Text Format,Light Condition,Light Condition Text Format,Road Surface Condition,Road Surface Condition Text Format,"Contributing Circumstances, Environment","Contributing Circumstances, Environment Text Format",Environment 2,Environment 2 Text Format,Environment 3,Environment 3 Text Format,"Contributing Circumstances, Road","Contributing Circumstances, Road Text Format",Road 2,Road 2 Text Format,Road 3,Road 3 Text Format,Crash Specific Location,Crash Specific Location Text Format,Type of Intersection,Type of Intersection Text Format,School Bus Related,School Bus Related Text Format,Work Zone Related,Work Zone Related Text Format,Location Of Crash Relative To Work Zone,Location Of Crash Relative To Work Zone Text Format,Type of Work Zone,Type of Work Zone Text Format,Worker Presence,Worker Presence Text Format,Law Enforcement Presence,Law Enforcement Presence Text Format,Were Vehicles Moved Prior To Police Arrival,Trafficway Ownership,Trafficway Ownership Text Format,Trafficway Class,Trafficway Class Text Format,Police Agency,Police Agency Text Format,Badge Number,Approval Date,Police Case Status,Police Case Status Text Format,Crash Report Submission Date,Related Case Identifiers,No. of Through Lanes (Log Dir.),Average Daily Traffic,Functional Classification,Functional Classification Text Format,Rural or Urban,Rural or Urban Text Format
1290955,1,Complete,1290955,1290955,41.291348,-72.932461,3777163,New Haven,93,93,New Haven,7/9/2025,2025,7,July,9,4,Wednesday,22:35:00,22,25027479,A,"Injury of any type (Serious, Minor, Possible)",C,Possible Injury (C),2,0,0,4,Local,1.05,308,HOWARD AV,HOWARD AV,LAMBERTON ST,,,,,41.291348,-72.932461,14,Motor Vehicle in Operation,3,Angle,1,On Roadway,1,Clear,88,Not Applicable,6,Dark-Unknown Lighting,1,Dry,0,None,88,Not Applicable,88,Not Applicable,0,None,88,Not Applicable,88,Not Applicable,2,Intersection,2,Four-Way Intersection,1,No,1,No,88,Not Applicable,88,Not Applicable,88,Not Applicable,88,Not Applicable,FALSE,1,Public Road,1,"Trafficway, On Road",CT0009300,New Haven PD,44953,54:56.0,C,Closed,01:17.0,,,,,,,
1291427,1,Complete,1291427,1291427,41.306922,-72.942245,3777635,New Haven,93,93,New Haven,7/11/2025,2025,7,July,11,6,Friday,2:20:00,2,25027656,A,"Injury of any type (Serious, Minor, Possible)",C,Possible Injury (C),1,1,2,4,Local,0.91,809,REV DR MLK JR BLVD,REV DR MLK JR BLVD,,Orchard St,40,Feet,E,41.306922,-72.942245,10,Pedalcycle/Pedalcyclist,97,Other,1,On Roadway,1,Clear,88,Not Applicable,4,Dark-Lighted,1,Dry,0,None,88,Not Applicable,88,Not Applicable,0,None,88,Not Applicable,88,Not Applicable,3,Intersection-Related,2,Four-Way Intersection,1,No,1,No,88,Not Applicable,88,Not Applicable,88,Not Applicable,88,Not Applicable,FALSE,1,Public Road,1,"Trafficway, On Road",CT0009300,New Haven PD,11107,38:59.0,C,Closed,01:17.0,,,,,,,
1291431,1,Complete,1291431,1291431,41.29509902,-72.94628889,3777639,New Haven,93,93,New Haven,7/11/2025,2025,7,July,11,6,Friday,16:04:00,16,25027736,A,"Injury of any type (Serious, Minor, Possible)",C,Possible Injury (C),2,0,0,3,State,1.25,10,10-N,10-N,,PRINTERS LANE,105,Feet,S,41.29509902,-72.94628889,14,Motor Vehicle in Operation,1,Front to rear,1,On Roadway,1,Clear,88,Not Applicable,1,Daylight,1,Dry,0,None,88,Not Applicable,88,Not Applicable,0,None,88,Not Applicable,88,Not Applicable,9,Driveway Access-Related,1,Not at Intersection,1,No,1,No,88,Not Applicable,88,Not Applicable,88,Not Applicable,88,Not Applicable,TRUE,1,Public Road,1,"Trafficway, On Road",CT0009300,New Haven PD,42366,03:30.0,C,Closed,01:19.0,,,,,,,
1291436,1,Complete,1291436,1291436,41.30518833,-72.93735324,3777644,New Haven,93,93,New Haven,7/11/2025,2025,7,July,11,6,Friday,17:36:00,17,25027752,A,"Injury of any type (Serious, Minor, Possible)",C,Possible Injury (C),2,0,0,4,Local,0.06,308,HOWARD AV,HOWARD AV,,SYLVAN AVE,30,Feet,N,41.30518833,-72.93735324,14,Motor Vehicle in Operation,1,Front to rear,1,On Roadway,1,Clear,88,Not Applicable,1,Daylight,1,Dry,0,None,88,Not Applicable,88,Not Applicable,0,None,88,Not Applicable,88,Not Applicable,3,Intersection-Related,2,Four-Way Intersection,1,No,1,No,88,Not Applicable,88,Not Applicable,88,Not Applicable,1,No,TRUE,1,Public Road,1,"Trafficway, On Road",CT0009300,New Haven PD,45395,59:34.0,C,Closed,01:17.0,,,,,,,
1291447,1,Complete,1291447,1291447,41.31791689,-72.89429168,3777655,New Haven,93,93,New Haven,7/12/2025,2025,7,July,12,7,Saturday,20:34:00,20,25027904,A,"Injury of any type (Serious, Minor, Possible)",B,Suspected Minor Injury (B),1,1,0,4,Local,0.04,29,ATWATER ST,ATWATER ST,DOVER ST,,,,,41.31791689,-72.89429168,14,Motor Vehicle in Operation,4,"Sideswipe, same direction",1,On Roadway,1,Clear,88,Not Applicable,5,Dark-Not Lighted,1,Dry,0,None,88,Not Applicable,88,Not Applicable,0,None,88,Not Applicable,88,Not Applicable,2,Intersection,2,Four-Way Intersection,1,No,1,No,88,Not Applicable,88,Not Applicable,88,Not Applicable,88,Not Applicable,FALSE,1,Public Road,1,"Trafficway, On Road",CT0009300,New Haven PD,44060,13:55.0,C,Closed,01:24.0,,,,,,,
1291449,1,Complete,1291449,1291449,41.303509,-72.910438,3777657,New Haven,93,93,New Haven,7/13/2025,2025,7,July,13,1,Sunday,0:53:00,0,25027918,A,"Injury of any type (Serious, Minor, Possible)",C,Possible Injury (C),2,0,0,4,Local,0.93,97,CHAPEL ST,CHAPEL ST,East St,,,,,41.303509,-72.910438,14,Motor Vehicle in Operation,3,Angle,1,On Roadway,1,Clear,88,Not Applicable,4,Dark-Lighted,1,Dry,0,None,88,Not Applicable,88,Not Applicable,0,None,88,Not Applicable,88,Not Applicable,2,Intersection,2,Four-Way Intersection,1,No,1,No,88,Not Applicable,88,Not Applicable,88,Not Applicable,88,Not Applicable,FALSE,1,Public Road,1,"Trafficway, On Road",CT0009300,New Haven PD,44048,03:09.0,C,Closed,01:14.0,,,,,,,
1291451,1,Complete,1291451,1291451,41.333832,-72.967312,3777659,New Haven,93,93,New Haven,7/13/2025,2025,7,July,13,1,Sunday,3:07:00,3,25027929,A,"Injury of any type (Serious, Minor, Possible)",C,Possible Injury (C),2,0,0,4,Local,0.03,522,ROCK CREEK RD NO 4,ROCK CREEK RD NO 4,,Rock Creek Rd,115,Feet,N,41.333832,-72.967312,15,Parked Motor Vehicle,6,Rear to side,1,On Roadway,1,Clear,88,Not Applicable,4,Dark-Lighted,1,Dry,0,None,88,Not Applicable,88,Not Applicable,0,None,88,Not Applicable,88,Not Applicable,1,Non-Junction,1,Not at Intersection,1,No,1,No,88,Not Applicable,88,Not Applicable,88,Not Applicable,88,Not Applicable,TRUE,1,Public Road,1,"Trafficway, On Road",CT0009300,New Haven PD,42053,18:43.0,O,Open,01:16.0,,,,,,,
1291452,1,Complete,1291452,1291452,41.3123167,-72.91981755,3777660,New Haven,93,93,New Haven,7/13/2025,2025,7,July,13,1,Sunday,11:34:00,11,25027956,A,"Injury of any type (Serious, Minor, Possible)",B,Suspected Minor Injury (B),1,1,0,4,Local,0.29,601,TRUMBULL ST,TRUMBULL ST,,Orange ave,135,Feet,E,41.3123167,-72.91981755,9,Pedestrian,88,Not Applicable,1,On Roadway,1,Clear,88,Not Applicable,1,Daylight,1,Dry,0,None,88,Not Applicable,88,Not Applicable,0,None,88,Not Applicable,88,Not Applicable,1,Non-Junction,1,Not at Intersection,1,No,1,No,88,Not Applicable,88,Not Applicable,88,Not Applicable,88,Not Applicable,FALSE,1,Public Road,1,"Trafficway, On Road",CT0009300,New Haven PD,106,14:01.0,C,Closed,01:16.0,,,,,,,
1291454,1,Complete,1291454,1291454,41.300829,-72.918336,3777662,New Haven,93,93,New Haven,7/13/2025,2025,7,July,13,1,Sunday,15:38:00,15,25027973,A,"Injury of any type (Serious, Minor, Possible)",C,Possible Injury (C),2,0,0,2,USRoute,48.57,1,1-N,1-N,BREWERY ST,,,,,41.300829,-72.918336,14,Motor Vehicle in Operation,4,"Sideswipe, same direction",1,On Roadway,1,Clear,88,Not Applicable,1,Daylight,1,Dry,0,None,88,Not Applicable,88,Not Applicable,0,None,88,Not Applicable,88,Not Applicable,2,Intersection,2,Four-Way Intersection,1,No,1,No,88,Not Applicable,88,Not Applicable,88,Not Applicable,88,Not Applicable,TRUE,1,Public Road,1,"Trafficway, On Road",CT0009300,New Haven PD,45630,39:34.0,C,Closed,01:16.0,,,,,,,
1291455,1,Complete,1291455,1291455,41.307908,-72.930167,3777663,New Haven,93,93,New Haven,7/11/2025,2025,7,July,11,6,Friday,21:40:00,21,202501529,A,"Injury of any type (Serious, Minor, Possible)",C,Possible Injury (C),2,0,0,4,Local,2.03,97,CHAPEL ST,CHAPEL ST,,HIGH STREET,40,Feet,E,41.307908,-72.930167,14,Motor Vehicle in Operation,1,Front to rear,1,On Roadway,1,Clear,88,Not Applicable,4,Dark-Lighted,1,Dry,0,None,88,Not Applicable,88,Not Applicable,0,None,88,Not Applicable,88,Not Applicable,3,Intersection-Related,2,Four-Way Intersection,1,No,1,No,88,Not Applicable,88,Not Applicable,88,Not Applicable,88,Not Applicable,FALSE,1,Public Road,1,"Trafficway, On Road",CT0009300,New Haven PD,94,53:56.0,O,Open,04:32.0,,,,,,,
1292114,1,Complete,1292114,1292114,41.303086,-72.910469,3778322,New Haven,93,93,New Haven,7/11/2025,2025,7,July,11,6,Friday,8:57:00,8,25027692,A,"Injury of any type (Serious, Minor, Possible)",C,Possible Injury (C),2,0,0,4,Local,0.9,165,EAST ST,EAST ST,,CHAPEL ST,150,Feet,S,41.303086,-72.910469,14,Motor Vehicle in Operation,3,Angle,1,On Roadway,1,Clear,88,Not Applicable,1,Daylight,1,Dry,0,None,88,Not Applicable,88,Not Applicable,0,None,88,Not Applicable,88,Not Applicable,9,Driveway Access-Related,1,Not at Intersection,1,No,1,No,88,Not Applicable,88,Not Applicable,88,Not Applicable,88,Not Applicable,FALSE,1,Public Road,1,"Trafficway, On Road",CT0009300,New Haven PD,40789,05:19.0,C,Closed,00:52.0,,,,,,,
1292116,1,Complete,1292116,1292116,41.321029,-72.909364,3778324,New Haven,93,93,New Haven,7/12/2025,2025,7,July,12,7,Saturday,17:00:00,17,25027872,A,"Injury of any type (Serious, Minor, Possible)",B,Suspected Minor Injury (B),2,0,0,4,Local,0.19,228,FOSTER ST,FOSTER ST,WILLOW ST,,,,,41.321029,-72.909364,14,Motor Vehicle in Operation,3,Angle,1,On Roadway,1,Clear,88,Not Applicable,1,Daylight,1,Dry,0,None,88,Not Applicable,88,Not Applicable,0,None,88,Not Applicable,88,Not Applicable,2,Intersection,2,Four-Way Intersection,1,No,1,No,88,Not Applicable,88,Not Applicable,88,Not Applicable,88,Not Applicable,FALSE,1,Public Road,1,"Trafficway, On Road",CT0009300,New Haven PD,46623,24:44.0,C,Closed,00:56.0,,,,,,,
1292117,1,Complete,1292117,1292117,41.30628,-72.935456,3778325,New Haven,93,93,New Haven,7/12/2025,2025,7,July,12,7,Saturday,17:29:00,17,25027878,A,"Injury of any type (Serious, Minor, Possible)",C,Possible Injury (C),2,0,0,4,Local,0.54,809,REV DR MLK JR BLVD,REV DR MLK JR BLVD,PARK ST,,,,,41.30628,-72.935456,14,Motor Vehicle in Operation,3,Angle,1,On Roadway,1,Clear,88,Not Applicable,1,Daylight,1,Dry,0,None,88,Not Applicable,88,Not Applicable,0,None,88,Not Applicable,88,Not Applicable,2,Intersection,2,Four-Way Intersection,1,No,1,No,88,Not Applicable,88,Not Applicable,88,Not Applicable,88,Not Applicable,FALSE,1,Public Road,1,"Trafficway, On Road",CT0009300,New Haven PD,45398,33:25.0,O,Open,00:55.0,,,,,,,
1292118,1,Complete,1292118,1292118,41.288832,-72.892352,3778326,New Haven,93,93,New Haven,7/12/2025,2025,7,July,12,7,Saturday,20:25:00,20,25027903,A,"Injury of any type (Serious, Minor, Possible)",C,Possible Injury (C),2,0,0,4,Local,0.01,388,MAIN ST NO 2,MAIN ST NO 2,,TOWNSEND AVENUE,40,Feet,E,41.288832,-72.892352,14,Motor Vehicle in Operation,1,Front to rear,1,On Roadway,1,Clear,88,Not Applicable,1,Daylight,1,Dry,0,None,88,Not Applicable,88,Not Applicable,0,None,88,Not Applicable,88,Not Applicable,3,Intersection-Related,2,Four-Way Intersection,1,No,1,No,88,Not Applicable,88,Not Applicable,88,Not Applicable,88,Not Applicable,FALSE,1,Public Road,1,"Trafficway, On Road",CT0009300,New Haven PD,47737,27:46.0,C,Closed,00:53.0,,,,,,,
1292123,1,Complete,1292123,1292123,41.323226,-72.896359,3778331,New Haven,93,93,New Haven,7/14/2025,2025,7,July,14,2,Monday,11:19:00,11,25028068,A,"Injury of any type (Serious, Minor, Possible)",C,Possible Injury (C),5,0,0,2,USRoute,0.66,5,5-N,5-N,,LYMAN ST,400,Feet,S,41.323226,-72.896359,14,Motor Vehicle in Operation,3,Angle,1,On Roadway,1,Clear,88,Not Applicable,1,Daylight,1,Dry,0,None,88,Not Applicable,88,Not Applicable,0,None,88,Not Applicable,88,Not Applicable,1,Non-Junction,1,Not at Intersection,1,No,1,No,88,Not Applicable,88,Not Applicable,88,Not Applicable,88,Not Applicable,FALSE,1,Public Road,1,"Trafficway, On Road",CT0009300,New Haven PD,42044,34:19.0,C,Closed,00:57.0,,,,,,,
1292126,1,Complete,1292126,1292126,41.3106,-72.926195,3778334,New Haven,93,93,New Haven,7/14/2025,2025,7,July,14,2,Monday,13:00:00,13,25028105,A,"Injury of any type (Serious, Minor, Possible)",B,Suspected Minor Injury (B),1,1,1,4,Local,0.08,117,COLLEGE ST,COLLEGE ST,,WALL ST,40,Feet,S,41.3106,-72.926195,9,Pedestrian,88,Not Applicable,1,On Roadway,1,Clear,88,Not Applicable,1,Daylight,1,Dry,0,None,88,Not Applicable,88,Not Applicable,0,None,88,Not Applicable,88,Not Applicable,1,Non-Junction,1,Not at Intersection,1,No,1,No,88,Not Applicable,88,Not Applicable,88,Not Applicable,88,Not Applicable,TRUE,1,Public Road,1,"Trafficway, On Road",CT0009300,New Haven PD,40952,12:49.0,C,Closed,00:52.0,,,,,,,
1292478,1,Complete,1292478,1292478,41.326264,-72.959982,3778686,New Haven,93,93,New Haven,7/9/2025,2025,7,July,9,4,Wednesday,7:54:00,7,25027325,A,"Injury of any type (Serious, Minor, Possible)",C,Possible Injury (C),2,0,0,3,State,6.64,243,243-E,243-E,CENTRAL AVE,,,,,41.326264,-72.959982,14,Motor Vehicle in Operation,4,"Sideswipe, same direction",1,On Roadway,1,Clear,88,Not Applicable,1,Daylight,1,Dry,0,None,88,Not Applicable,88,Not Applicable,0,None,88,Not Applicable,88,Not Applicable,2,Intersection,3,T-Intersection,1,No,1,No,88,Not Applicable,88,Not Applicable,88,Not Applicable,88,Not Applicable,FALSE,1,Public Road,1,"Trafficway, On Road",CT0009300,New Haven PD,19532,35:19.0,C,Closed,01:20.0,,,,,,,
1292482,1,Complete,1292482,1292482,41.321455,-72.938816,3778690,New Haven,93,93,New Haven,7/14/2025,2025,7,July,14,2,Monday,8:56:00,8,25028066,A,"Injury of any type (Serious, Minor, Possible)",A,Suspected Serious Injury (A),5,0,0,4,Local,0.01,289,HENRY ST,HENRY ST,,Sherman Parkway,25,Feet,E,41.321455,-72.938816,14,Motor Vehicle in Operation,3,Angle,1,On Roadway,1,Clear,88,Not Applicable,1,Daylight,1,Dry,0,None,88,Not Applicable,88,Not Applicable,0,None,88,Not Applicable,88,Not Applicable,2,Intersection,2,Four-Way Intersection,1,No,1,No,88,Not Applicable,88,Not Applicable,88,Not Applicable,88,Not Applicable,FALSE,1,Public Road,1,"Trafficway, On Road",CT0009300,New Haven PD,45700,57:00.0,C,Closed,01:23.0,,,,,,,
1292483,1,Complete,1292483,1292483,41.318953,-72.897864,3778691,New Haven,93,93,New Haven,7/14/2025,2025,7,July,14,2,Monday,19:36:00,19,25028178,A,"Injury of any type (Serious, Minor, Possible)",A,Suspected Serious Injury (A),2,0,0,4,Local,0.04,213,FERRY ST,FERRY ST,,MIDDLETOWN AVE,75,Feet,N,41.318953,-72.897864,14,Motor Vehicle in Operation,5,"Sideswipe, opposite direction",1,On Roadway,1,Clear,88,Not Applicable,4,Dark-Lighted,1,Dry,0,None,88,Not Applicable,88,Not Applicable,0,None,88,Not Applicable,88,Not Applicable,13,On a Bridge,1,Not at Intersection,1,No,1,No,88,Not Applicable,88,Not Applicable,88,Not Applicable,88,Not Applicable,TRUE,1,Public Road,1,"Trafficway, On Road",CT0009300,New Haven PD,44176,55:15.0,C,Closed,01:18.0,,,,,,,
1292490,1,Complete,1292490,1292490,41.324953,-72.956882,3778698,New Haven,93,93,New Haven,7/15/2025,2025,7,July,15,3,Tuesday,17:24:00,17,25028296,A,"Injury of any type (Serious, Minor, Possible)",A,Suspected Serious Injury (A),1,1,0,3,State,0,63,63-N,63-N,FITCH ST,,,,,41.324953,-72.956882,10,Pedalcycle/Pedalcyclist,97,Other,2,Shoulder,1,Clear,88,Not Applicable,1,Daylight,1,Dry,0,None,88,Not Applicable,88,Not Applicable,0,None,88,Not Applicable,88,Not Applicable,2,Intersection,2,Four-Way Intersection,1,No,1,No,88,Not Applicable,88,Not Applicable,88,Not Applicable,88,Not Applicable,TRUE,1,Public Road,1,"Trafficway, On Road",CT0009300,New Haven PD,980,27:41.0,C,Closed,01:27.0,,,,,,,
1292493,1,Complete,1292493,1292493,41.316183,-72.897322,3778701,New Haven,93,93,New Haven,7/15/2025,2025,7,July,15,3,Tuesday,21:17:00,21,25028325,A,"Injury of any type (Serious, Minor, Possible)",A,Suspected Serious Injury (A),1,1,0,4,Local,0.24,213,FERRY ST,FERRY ST,PECK ST,,,,,41.316183,-72.897322,9,Pedestrian,88,Not Applicable,1,On Roadway,1,Clear,88,Not Applicable,4,Dark-Lighted,1,Dry,0,None,88,Not Applicable,88,Not Applicable,0,None,88,Not Applicable,88,Not Applicable,2,Intersection,2,Four-Way Intersection,1,No,1,No,88,Not Applicable,88,Not Applicable,88,Not Applicable,88,Not Applicable,FALSE,1,Public Road,1,"Trafficway, On Road",CT0009300,New Haven PD,44176,14:21.0,C,Closed,01:28.0,,,,,,,
1292867,1,Complete,1292867,1292867,41.316873,-72.947659,3779075,New Haven,93,93,New Haven,7/16/2025,2025,7,July,16,4,Wednesday,4:11:00,4,25028351,A,"Injury of any type (Serious, Minor, Possible)",C,Possible Injury (C),3,0,0,4,Local,0.82,194,ELM ST NO 1,ELM ST NO 1,,ELLSWORTH AVE,155,Feet,E,41.316873,-72.947659,14,Motor Vehicle in Operation,4,"Sideswipe, same direction",1,On Roadway,1,Clear,88,Not Applicable,4,Dark-Lighted,1,Dry,0,None,88,Not Applicable,88,Not Applicable,0,None,88,Not Applicable,88,Not Applicable,1,Non-Junction,1,Not at Intersection,1,No,1,No,88,Not Applicable,88,Not Applicable,88,Not Applicable,88,Not Applicable,FALSE,1,Public Road,1,"Trafficway, On Road",CT0009300,New Haven PD,82,14:05.0,C,Closed,01:09.0,,,,,,,
1292870,1,Complete,1292870,1292870,41.308852,-72.945569,3779078,New Haven,93,93,New Haven,7/16/2025,2025,7,July,16,4,Wednesday,8:16:00,8,25028367,A,"Injury of any type (Serious, Minor, Possible)",C,Possible Injury (C),2,0,0,4,Local,0.21,556,SHERMAN AV,SHERMAN AV,GILBERT AV,,,,,41.308852,-72.945569,14,Motor Vehicle in Operation,3,Angle,1,On Roadway,1,Clear,88,Not Applicable,1,Daylight,1,Dry,0,None,88,Not Applicable,88,Not Applicable,0,None,88,Not Applicable,88,Not Applicable,2,Intersection,2,Four-Way Intersection,1,No,1,No,88,Not Applicable,88,Not Applicable,88,Not Applicable,88,Not Applicable,TRUE,1,Public Road,1,"Trafficway, On Road",CT0009300,New Haven PD,45700,34:12.0,C,Closed,01:12.0,,,,,,,
1293216,1,Complete,1293216,1293216,41.320726,-72.953016,3779424,New Haven,93,93,New Haven,6/16/2025,2025,6,June,16,2,Monday,13:11:00,13,25023958,A,"Injury of any type (Serious, Minor, Possible)",A,Suspected Serious Injury (A),2,0,0,,,,,,117 HUBINGER ST,,,,,,41.320726,-72.953016,14,Motor Vehicle in Operation,4,"Sideswipe, same direction",7,In Parking Lane or Zone,2,Cloudy,88,Not Applicable,1,Daylight,1,Dry,0,None,88,Not Applicable,88,Not Applicable,0,None,88,Not Applicable,88,Not Applicable,97,Other,1,Not at Intersection,1,No,1,No,88,Not Applicable,88,Not Applicable,88,Not Applicable,88,Not Applicable,FALSE,88,Not Applicable,4,Parking Lot,CT0009300,New Haven PD,44062,01:35.0,C,Closed,00:34.0,,,,,,,
1293217,1,Complete,1293217,1293217,41.282861,-72.934591,3779425,New Haven,93,93,New Haven,7/4/2025,2025,7,July,4,6,Friday,1:03:00,1,25026621,A,"Injury of any type (Serious, Minor, Possible)",C,Possible Injury (C),2,0,0,3,State,0.19,10,10-N,10-N,95-N-365 (exit 44),,,,,41.282861,-72.934591,14,Motor Vehicle in Operation,3,Angle,1,On Roadway,1,Clear,88,Not Applicable,6,Dark-Unknown Lighting,1,Dry,0,None,88,Not Applicable,88,Not Applicable,0,None,88,Not Applicable,88,Not Applicable,2,Intersection,2,Four-Way Intersection,1,No,1,No,88,Not Applicable,88,Not Applicable,88,Not Applicable,88,Not Applicable,FALSE,1,Public Road,1,"Trafficway, On Road",CT0009300,New Haven PD,44946,34:17.0,O,Open,00:35.0,,,,,,,
1293218,1,Complete,1293218,1293218,41.323755,-72.88546,3779426,New Haven,93,93,New Haven,7/10/2025,2025,7,July,10,5,Thursday,22:11:00,22,25027644,A,"Injury of any type (Serious, Minor, Possible)",B,Suspected Minor Injury (B),2,0,0,4,Local,0,411,MIDDLETOWN AV,MIDDLETOWN AV,EDWARD B. GRANT WAY,,,,,41.323755,-72.88546,14,Motor Vehicle in Operation,3,Angle,1,On Roadway,1,Clear,88,Not Applicable,5,Dark-Not Lighted,1,Dry,0,None,88,Not Applicable,88,Not Applicable,0,None,88,Not Applicable,88,Not Applicable,2,Intersection,3,T-Intersection,1,No,1,No,88,Not Applicable,88,Not Applicable,88,Not Applicable,88,Not Applicable,TRUE,1,Public Road,1,"Trafficway, On Road",CT0009300,New Haven PD,31814,33:08.0,C,Closed,00:37.0,,,,,,,
1293220,1,Complete,1293220,1293220,41.30136794,-72.93530414,3779428,New Haven,93,93,New Haven,7/16/2025,2025,7,July,16,4,Wednesday,13:00:00,13,25028415,A,"Injury of any type (Serious, Minor, Possible)",C,Possible Injury (C),2,0,0,4,Local,0.35,308,HOWARD AV,HOWARD AV,CONGRESS AV,,,,,41.30136794,-72.93530414,14,Motor Vehicle in Operation,3,Angle,1,On Roadway,1,Clear,88,Not Applicable,1,Daylight,1,Dry,0,None,88,Not Applicable,88,Not Applicable,0,None,88,Not Applicable,88,Not Applicable,2,Intersection,2,Four-Way Intersection,1,No,1,No,88,Not Applicable,88,Not Applicable,88,Not Applicable,88,Not Applicable,FALSE,1,Public Road,1,"Trafficway, On Road",CT0009300,New Haven PD,10,11:25.0,C,Closed,00:34.0,,,,,,,
1293221,1,Complete,1293221,1293221,41.313215,-72.943779,3779429,New Haven,93,93,New Haven,7/16/2025,2025,7,July,16,4,Wednesday,15:00:00,15,25028433,A,"Injury of any type (Serious, Minor, Possible)",B,Suspected Minor Injury (B),1,1,0,4,Local,1.46,179,EDGEWOOD AV,EDGEWOOD AV,SHERMAN AV,,,,,41.313215,-72.943779,14,Motor Vehicle in Operation,3,Angle,1,On Roadway,1,Clear,88,Not Applicable,1,Daylight,1,Dry,0,None,88,Not Applicable,88,Not Applicable,0,None,88,Not Applicable,88,Not Applicable,2,Intersection,2,Four-Way Intersection,1,No,1,No,88,Not Applicable,88,Not Applicable,88,Not Applicable,88,Not Applicable,TRUE,1,Public Road,1,"Trafficway, On Road",CT0009300,New Haven PD,47738,29:21.0,C,Closed,00:36.0,,,,,,,
1293228,1,Complete,1293228,1293228,41.30698,-72.93718,3779436,New Haven,93,93,New Haven,7/17/2025,2025,7,July,17,5,Thursday,11:07:00,11,25028572,A,"Injury of any type (Serious, Minor, Possible)",C,Possible Injury (C),2,0,0,4,Local,0.74,809,REV DR MLK JR BLVD,REV DR MLK JR BLVD,HOWE ST,,,,,41.30698,-72.93718,14,Motor Vehicle in Operation,3,Angle,1,On Roadway,4,Rain,88,Not Applicable,1,Daylight,2,Wet,0,None,88,Not Applicable,88,Not Applicable,0,None,88,Not Applicable,88,Not Applicable,2,Intersection,2,Four-Way Intersection,1,No,1,No,88,Not Applicable,88,Not Applicable,88,Not Applicable,88,Not Applicable,TRUE,1,Public Road,1,"Trafficway, On Road",CT0009300,New Haven PD,47738,02:24.0,O,Open,00:36.0,,,,,,,
1293229,1,Complete,1293229,1293229,41.30354672,-72.91046469,3779437,New Haven,93,93,New Haven,7/17/2025,2025,7,July,17,5,Thursday,11:53:00,11,25028575,A,"Injury of any type (Serious, Minor, Possible)",C,Possible Injury (C),2,0,0,4,Local,1,97,CHAPEL ST,CHAPEL ST,east street ,,,,,41.30354672,-72.91046469,14,Motor Vehicle in Operation,1,Front to rear,1,On Roadway,2,Cloudy,88,Not Applicable,1,Daylight,1,Dry,0,None,88,Not Applicable,88,Not Applicable,0,None,88,Not Applicable,88,Not Applicable,2,Intersection,2,Four-Way Intersection,1,No,1,No,88,Not Applicable,88,Not Applicable,88,Not Applicable,88,Not Applicable,FALSE,1,Public Road,1,"Trafficway, On Road",CT0009300,New Haven PD,42057,26:20.0,C,Closed,00:35.0,,,,,,,
1293234,1,Complete,1293234,1293234,41.314158,-72.904005,3779442,New Haven,93,93,New Haven,7/17/2025,2025,7,July,17,5,Thursday,18:27:00,18,25028630,A,"Injury of any type (Serious, Minor, Possible)",C,Possible Injury (C),2,0,0,4,Local,0.15,327,JAMES ST,JAMES ST,Lombard St ,,,,,41.314158,-72.904005,14,Motor Vehicle in Operation,3,Angle,1,On Roadway,1,Clear,88,Not Applicable,3,Dusk,1,Dry,0,None,88,Not Applicable,88,Not Applicable,0,None,88,Not Applicable,88,Not Applicable,2,Intersection,2,Four-Way Intersection,1,No,1,No,88,Not Applicable,88,Not Applicable,88,Not Applicable,88,Not Applicable,FALSE,1,Public Road,1,"Trafficway, On Road",CT0009300,New Haven PD,42049,17:40.0,C,Closed,00:36.0,,,,,,,