CrashId,Fatal Case Status,Fatal Case Status Text Format,CrashId,CrashId,Latitude,Longitude,DOT Case Number,Town Name,Town Number,Town Number,Town Number Text Format,Date Of Crash,Year,Month,Month Text Format,Day,Day of the Week,Day of the Week Text Format,Time of Crash,Hour of the Day,Case Identifier,Crash Severity,Crash Severity Text Format,Most Severe Injury,Most Severe Injury Text Format,Number Of Motor Vehicles,Number Of Non-Motorist,Number Of Witnesses,Route Class,Route Class Text Format,Milemarker,Road Number,Road Description,Roadway Name,Intersecting Roadway Name,Landmark Description,Distance From Nearest Landmark,Unit Of Measure From Nearest Landmark,Direction From Nearest Landmark,Latitude,Longitude,First Harmful Event,First Harmful Event Text Format,Manner of Crash / Collision Impact,Manner of Crash / Collision Impact Text Format,Location of First Harmful Event,Location of First Harmful Event Text Format,Weather Condition,Weather Condition Text Format,Weather 2,Weather 2 Text Format,Light Condition,Light Condition Text Format,Road Surface Condition,Road Surface Condition Text Format,"Contributing Circumstances, Environment","Contributing Circumstances, Environment Text Format",Environment 2,Environment 2 Text Format,Environment 3,Environment 3 Text Format,"Contributing Circumstances, Road","Contributing Circumstances, Road Text Format",Road 2,Road 2 Text Format,Road 3,Road 3 Text Format,Crash Specific Location,Crash Specific Location Text Format,Type of Intersection,Type of Intersection Text Format,School Bus Related,School Bus Related Text Format,Work Zone Related,Work Zone Related Text Format,Location Of Crash Relative To Work Zone,Location Of Crash Relative To Work Zone Text Format,Type of Work Zone,Type of Work Zone Text Format,Worker Presence,Worker Presence Text Format,Law Enforcement Presence,Law Enforcement Presence Text Format,Were Vehicles Moved Prior To Police Arrival,Trafficway Ownership,Trafficway Ownership Text Format,Trafficway Class,Trafficway Class Text Format,Police Agency,Police Agency Text Format,Badge Number,Approval Date,Police Case Status,Police Case Status Text Format,Crash Report Submission Date,Related Case Identifiers,No. of Through Lanes (Log Dir.),Average Daily Traffic,Functional Classification,Functional Classification Text Format,Rural or Urban,Rural or Urban Text Format
1293235,1,Complete,1293235,1293235,41.311309,-72.963649,3779443,New Haven,93,93,New Haven,7/17/2025,2025,7,July,17,5,Thursday,18:46:00,18,25028632,A,"Injury of any type (Serious, Minor, Possible)",C,Possible Injury (C),2,0,0,4,Local,1.11,93,CENTRAL AV,CENTRAL AV,,DERBY AVE,609,Feet,N,41.311309,-72.963649,14,Motor Vehicle in Operation,1,Front to rear,1,On Roadway,1,Clear,88,Not Applicable,1,Daylight,1,Dry,0,None,88,Not Applicable,88,Not Applicable,0,None,88,Not Applicable,88,Not Applicable,1,Non-Junction,1,Not at Intersection,1,No,1,No,88,Not Applicable,88,Not Applicable,88,Not Applicable,88,Not Applicable,TRUE,1,Public Road,1,"Trafficway, On Road",CT0009300,New Haven PD,7573,54:34.0,C,Closed,00:36.0,,,,,,,
1293236,1,Complete,1293236,1293236,41.30728,-72.8951,3779444,New Haven,93,93,New Haven,7/17/2025,2025,7,July,17,5,Thursday,20:52:00,20,25028638,A,"Injury of any type (Serious, Minor, Possible)",B,Suspected Minor Injury (B),2,0,0,4,Local,0.87,213,FERRY ST,FERRY ST,,EXCHANGE ST,90,Feet,S,41.30728,-72.8951,14,Motor Vehicle in Operation,1,Front to rear,1,On Roadway,1,Clear,1,Clear,1,Daylight,1,Dry,0,None,88,Not Applicable,88,Not Applicable,0,None,88,Not Applicable,88,Not Applicable,1,Non-Junction,1,Not at Intersection,1,No,1,No,88,Not Applicable,88,Not Applicable,88,Not Applicable,88,Not Applicable,FALSE,1,Public Road,1,"Trafficway, On Road",CT0009300,New Haven PD,42367,24:05.0,C,Closed,00:37.0,,,,,,,
1293643,1,Complete,1293643,1293643,41.301643,-72.92655,3779851,New Haven,93,93,New Haven,7/17/2025,2025,7,July,17,5,Thursday,12:52:00,12,25028590,A,"Injury of any type (Serious, Minor, Possible)",C,Possible Injury (C),2,0,0,4,Local,0.01,809,REV DR MLK JR BLVD,REV DR MLK JR BLVD,,S ORANGE ST,50,Feet,E,41.301643,-72.92655,14,Motor Vehicle in Operation,1,Front to rear,1,On Roadway,1,Clear,88,Not Applicable,1,Daylight,1,Dry,0,None,88,Not Applicable,88,Not Applicable,0,None,88,Not Applicable,88,Not Applicable,3,Intersection-Related,8,"Five-Point, or More",1,No,1,No,88,Not Applicable,88,Not Applicable,88,Not Applicable,88,Not Applicable,TRUE,1,Public Road,1,"Trafficway, On Road",CT0009300,New Haven PD,47738,42:30.0,C,Closed,01:13.0,,,,,,,
1293651,1,Complete,1293651,1293651,41.253637,-72.891146,3779859,New Haven,93,93,New Haven,7/18/2025,2025,7,July,18,6,Friday,16:36:00,16,25028746,A,"Injury of any type (Serious, Minor, Possible)",B,Suspected Minor Injury (B),2,0,0,3,State,2.61,337,337-E,337-E,,MEADOW VIEW ST,100,Feet,N,41.253637,-72.891146,14,Motor Vehicle in Operation,2,Front to front,1,On Roadway,1,Clear,88,Not Applicable,1,Daylight,1,Dry,0,None,88,Not Applicable,88,Not Applicable,0,None,88,Not Applicable,88,Not Applicable,1,Non-Junction,1,Not at Intersection,1,No,1,No,88,Not Applicable,88,Not Applicable,88,Not Applicable,88,Not Applicable,FALSE,1,Public Road,1,"Trafficway, On Road",CT0009300,New Haven PD,47738,34:43.0,C,Closed,01:15.0,,,,,,,
1293658,1,Complete,1293658,1293658,41.307907,-72.93031,3779866,New Haven,93,93,New Haven,7/18/2025,2025,7,July,18,6,Friday,20:19:00,20,25028774,A,"Injury of any type (Serious, Minor, Possible)",A,Suspected Serious Injury (A),1,1,0,4,Local,0.17,291,HIGH ST,HIGH ST,CHAPEL ST,,,,,41.307907,-72.93031,9,Pedestrian,88,Not Applicable,1,On Roadway,1,Clear,88,Not Applicable,1,Daylight,1,Dry,0,None,88,Not Applicable,88,Not Applicable,0,None,88,Not Applicable,88,Not Applicable,2,Intersection,2,Four-Way Intersection,1,No,1,No,88,Not Applicable,88,Not Applicable,88,Not Applicable,88,Not Applicable,FALSE,1,Public Road,1,"Trafficway, On Road",CT0009300,New Haven PD,46624,17:15.0,C,Closed,01:20.0,,,,,,,
1293660,1,Complete,1293660,1293660,41.32411,-72.88255,3779868,New Haven,93,93,New Haven,7/18/2025,2025,7,July,18,6,Friday,22:25:00,22,25028780,A,"Injury of any type (Serious, Minor, Possible)",C,Possible Injury (C),3,0,0,3,State,0.16,17,17-N,17-N,,91-N-16 (Exit 8),200,Feet,W,41.32411,-72.88255,14,Motor Vehicle in Operation,1,Front to rear,1,On Roadway,1,Clear,88,Not Applicable,5,Dark-Not Lighted,1,Dry,0,None,88,Not Applicable,88,Not Applicable,0,None,88,Not Applicable,88,Not Applicable,1,Non-Junction,1,Not at Intersection,1,No,1,No,88,Not Applicable,88,Not Applicable,88,Not Applicable,88,Not Applicable,FALSE,1,Public Road,1,"Trafficway, On Road",CT0009300,New Haven PD,45388,47:19.0,C,Closed,01:22.0,,,,,,,
1293667,1,Complete,1293667,1293667,41.327229,-72.967927,3779875,New Haven,93,93,New Haven,7/19/2025,2025,7,July,19,7,Saturday,21:14:00,21,25028884,A,"Injury of any type (Serious, Minor, Possible)",B,Suspected Minor Injury (B),2,0,0,3,State,6.23,243,243-W,243-W,,FOREST RD,50,Feet,E,41.327229,-72.967927,14,Motor Vehicle in Operation,1,Front to rear,1,On Roadway,1,Clear,88,Not Applicable,4,Dark-Lighted,1,Dry,0,None,88,Not Applicable,88,Not Applicable,0,None,88,Not Applicable,88,Not Applicable,3,Intersection-Related,3,T-Intersection,1,No,1,No,88,Not Applicable,88,Not Applicable,88,Not Applicable,88,Not Applicable,FALSE,1,Public Road,1,"Trafficway, On Road",CT0009300,New Haven PD,45403,17:02.0,C,Closed,01:23.0,,,,,,,
1293669,1,Complete,1293669,1293669,41.312024,-72.919184,3779877,New Haven,93,93,New Haven,7/19/2025,2025,7,July,19,7,Saturday,23:32:00,23,25028892,A,"Injury of any type (Serious, Minor, Possible)",A,Suspected Serious Injury (A),1,1,0,4,Local,0.33,601,TRUMBULL ST,TRUMBULL ST,ORANGE ST,,,,,41.312024,-72.919184,10,Pedalcycle/Pedalcyclist,3,Angle,1,On Roadway,1,Clear,88,Not Applicable,4,Dark-Lighted,1,Dry,0,None,88,Not Applicable,88,Not Applicable,0,None,88,Not Applicable,88,Not Applicable,2,Intersection,2,Four-Way Intersection,1,No,1,No,88,Not Applicable,88,Not Applicable,88,Not Applicable,88,Not Applicable,FALSE,1,Public Road,1,"Trafficway, On Road",CT0009300,New Haven PD,44048,13:27.0,C,Closed,01:25.0,,,,,,,
1293673,1,Complete,1293673,1293673,41.3245,-72.96894,3779881,New Haven,93,93,New Haven,7/20/2025,2025,7,July,20,1,Sunday,3:03:00,3,25028929,A,"Injury of any type (Serious, Minor, Possible)",A,Suspected Serious Injury (A),2,0,0,3,State,3.18,122,122-N,122-N,W ELM ST,,,,,41.3245,-72.96894,14,Motor Vehicle in Operation,3,Angle,1,On Roadway,1,Clear,88,Not Applicable,6,Dark-Unknown Lighting,1,Dry,0,None,88,Not Applicable,88,Not Applicable,0,None,88,Not Applicable,88,Not Applicable,2,Intersection,3,T-Intersection,1,No,1,No,88,Not Applicable,88,Not Applicable,88,Not Applicable,88,Not Applicable,TRUE,1,Public Road,1,"Trafficway, On Road",CT0009300,New Haven PD,45983,08:59.0,C,Closed,01:25.0,,,,,,,
1293682,1,Complete,1293682,1293682,41.29187086,-72.94254671,3779890,New Haven,93,93,New Haven,7/20/2025,2025,7,July,20,1,Sunday,22:31:00,22,25029005,A,"Injury of any type (Serious, Minor, Possible)",B,Suspected Minor Injury (B),2,0,0,3,State,0.96,10,10-N,10-N,Truman St,,,,,41.29187086,-72.94254671,33,Utility Pole/Light Support,88,Not Applicable,1,On Roadway,2,Cloudy,88,Not Applicable,4,Dark-Lighted,2,Wet,0,None,88,Not Applicable,88,Not Applicable,0,None,88,Not Applicable,88,Not Applicable,2,Intersection,3,T-Intersection,1,No,1,No,88,Not Applicable,88,Not Applicable,88,Not Applicable,88,Not Applicable,FALSE,1,Public Road,1,"Trafficway, On Road",CT0009300,New Haven PD,45625,06:45.0,C,Closed,01:30.0,,,,,,,
1294742,1,Complete,1294742,1294742,41.304872,-72.93769,3780950,New Haven,93,93,New Haven,7/21/2025,2025,7,July,21,2,Monday,15:14:00,15,25029101,A,"Injury of any type (Serious, Minor, Possible)",C,Possible Injury (C),1,1,0,4,Local,0.02,585,SYLVAN AV,SYLVAN AV,,HOWARD AVE,110,Feet,W,41.304872,-72.93769,11,Other Non-motorist,88,Not Applicable,4,Roadside,1,Clear,88,Not Applicable,1,Daylight,1,Dry,0,None,88,Not Applicable,88,Not Applicable,0,None,88,Not Applicable,88,Not Applicable,9,Driveway Access-Related,1,Not at Intersection,1,No,1,No,88,Not Applicable,88,Not Applicable,88,Not Applicable,88,Not Applicable,FALSE,1,Public Road,2,"Trafficway, Not on Road",CT0009300,New Haven PD,45395,10:00.0,C,Closed,02:01.0,,,,,,,
1294744,1,Complete,1294744,1294744,41.302801,-72.922528,3780952,New Haven,93,93,New Haven,7/22/2025,2025,7,July,22,3,Tuesday,8:48:00,8,25029186,A,"Injury of any type (Serious, Minor, Possible)",C,Possible Injury (C),2,0,0,4,Local,0.1,606,UNION ST,UNION ST,,Fair Street,25,Feet,N,41.302801,-72.922528,14,Motor Vehicle in Operation,1,Front to rear,1,On Roadway,1,Clear,88,Not Applicable,1,Daylight,1,Dry,0,None,88,Not Applicable,88,Not Applicable,0,None,88,Not Applicable,88,Not Applicable,2,Intersection,2,Four-Way Intersection,1,No,1,No,88,Not Applicable,88,Not Applicable,88,Not Applicable,88,Not Applicable,TRUE,1,Public Road,1,"Trafficway, On Road",CT0009300,New Haven PD,40952,35:25.0,C,Closed,02:01.0,,,,,,,
1295036,1,Complete,1295036,1295036,41.316193,-72.926521,3781244,New Haven,93,93,New Haven,7/19/2025,2025,7,July,19,7,Saturday,19:02:00,19,25027744,A,"Injury of any type (Serious, Minor, Possible)",C,Possible Injury (C),1,1,0,4,Local,0.01,669,WINCHESTER AV,WINCHESTER AV,SACHEM ST,,,,,41.316193,-72.926521,10,Pedalcycle/Pedalcyclist,3,Angle,1,On Roadway,1,Clear,88,Not Applicable,1,Daylight,1,Dry,0,None,88,Not Applicable,88,Not Applicable,0,None,88,Not Applicable,88,Not Applicable,2,Intersection,5,L-Intersection,1,No,1,No,88,Not Applicable,88,Not Applicable,88,Not Applicable,88,Not Applicable,TRUE,1,Public Road,1,"Trafficway, On Road",CT0009300,New Haven PD,46900,54:01.0,C,Closed,01:12.0,,,,,,,
1295037,1,Complete,1295037,1295037,41.29034,-72.938975,3781245,New Haven,93,93,New Haven,7/17/2025,2025,7,July,17,5,Thursday,6:38:00,6,25028542,A,"Injury of any type (Serious, Minor, Possible)",B,Suspected Minor Injury (B),2,0,0,4,Local,0.08,350,LAMBERTON ST,LAMBERTON ST,MORRIS ST,,,,,41.29034,-72.938975,14,Motor Vehicle in Operation,3,Angle,1,On Roadway,1,Clear,88,Not Applicable,1,Daylight,1,Dry,0,None,88,Not Applicable,88,Not Applicable,0,None,88,Not Applicable,88,Not Applicable,2,Intersection,2,Four-Way Intersection,1,No,1,No,88,Not Applicable,88,Not Applicable,88,Not Applicable,88,Not Applicable,FALSE,1,Public Road,1,"Trafficway, On Road",CT0009300,New Haven PD,45701,37:26.0,C,Closed,01:19.0,,,,,,,
1295039,1,Complete,1295039,1295039,41.30824,-72.924209,3781247,New Haven,93,93,New Haven,7/20/2025,2025,7,July,20,1,Sunday,8:44:00,8,25028928,A,"Injury of any type (Serious, Minor, Possible)",B,Suspected Minor Injury (B),2,0,0,4,Local,0.47,103,CHURCH ST,CHURCH ST,ELM ST,,,,,41.30824,-72.924209,14,Motor Vehicle in Operation,3,Angle,1,On Roadway,1,Clear,88,Not Applicable,1,Daylight,1,Dry,0,None,88,Not Applicable,88,Not Applicable,0,None,88,Not Applicable,88,Not Applicable,2,Intersection,2,Four-Way Intersection,1,No,1,No,88,Not Applicable,88,Not Applicable,88,Not Applicable,88,Not Applicable,FALSE,1,Public Road,1,"Trafficway, On Road",CT0009300,New Haven PD,45394,10:10.0,O,Open,01:10.0,,,,,,,
1295040,1,Complete,1295040,1295040,41.303079,-72.936239,3781248,New Haven,93,93,New Haven,7/23/2025,2025,7,July,23,4,Wednesday,16:18:00,16,25028971,A,"Injury of any type (Serious, Minor, Possible)",C,Possible Injury (C),2,0,0,4,Local,0.22,308,HOWARD AV,HOWARD AV,,York Street,43,Feet,N,41.303079,-72.936239,14,Motor Vehicle in Operation,1,Front to rear,1,On Roadway,1,Clear,88,Not Applicable,1,Daylight,1,Dry,0,None,88,Not Applicable,88,Not Applicable,0,None,88,Not Applicable,88,Not Applicable,3,Intersection-Related,2,Four-Way Intersection,1,No,1,No,88,Not Applicable,88,Not Applicable,88,Not Applicable,88,Not Applicable,TRUE,1,Public Road,1,"Trafficway, On Road",CT0009300,New Haven PD,45395,16:18.0,O,Open,01:11.0,,,,,,,
1295049,1,Complete,1295049,1295049,41.332242,-72.935177,3781257,New Haven,93,93,New Haven,7/23/2025,2025,7,July,23,4,Wednesday,16:51:00,16,25029387,A,"Injury of any type (Serious, Minor, Possible)",C,Possible Injury (C),2,0,0,4,Local,1.36,152,DIXWELL AV,DIXWELL AV,,BASSETT ST,70,Feet,S,41.332242,-72.935177,14,Motor Vehicle in Operation,1,Front to rear,1,On Roadway,1,Clear,88,Not Applicable,1,Daylight,1,Dry,0,None,88,Not Applicable,88,Not Applicable,0,None,88,Not Applicable,88,Not Applicable,3,Intersection-Related,2,Four-Way Intersection,1,No,1,No,88,Not Applicable,88,Not Applicable,88,Not Applicable,88,Not Applicable,FALSE,1,Public Road,1,"Trafficway, On Road",CT0009300,New Haven PD,48045,58:02.0,C,Closed,01:18.0,,,,,,,
1295054,1,Complete,1295054,1295054,41.31508,-72.89699,3781262,New Haven,93,93,New Haven,7/23/2025,2025,7,July,23,4,Wednesday,19:22:00,19,25029418,A,"Injury of any type (Serious, Minor, Possible)",B,Suspected Minor Injury (B),2,0,1,4,Local,0.38,379,LOMBARD ST,LOMBARD ST,FERRY ST,,,,,41.31508,-72.89699,14,Motor Vehicle in Operation,3,Angle,1,On Roadway,1,Clear,88,Not Applicable,3,Dusk,1,Dry,0,None,88,Not Applicable,88,Not Applicable,0,None,88,Not Applicable,88,Not Applicable,2,Intersection,2,Four-Way Intersection,1,No,1,No,88,Not Applicable,88,Not Applicable,88,Not Applicable,88,Not Applicable,FALSE,1,Public Road,1,"Trafficway, On Road",CT0009300,New Haven PD,45403,56:19.0,C,Closed,01:19.0,,,,,,,
1295304,1,Complete,1295304,1295304,41.312238,-72.919669,3781512,New Haven,93,93,New Haven,7/23/2025,2025,7,July,23,4,Wednesday,11:50:00,11,25029371,A,"Injury of any type (Serious, Minor, Possible)",C,Possible Injury (C),2,0,0,4,Local,0.3,601,TRUMBULL ST,TRUMBULL ST,,ORANGE ST,100,Feet,W,41.312238,-72.919669,14,Motor Vehicle in Operation,4,"Sideswipe, same direction",1,On Roadway,1,Clear,88,Not Applicable,1,Daylight,1,Dry,0,None,88,Not Applicable,88,Not Applicable,0,None,88,Not Applicable,88,Not Applicable,1,Non-Junction,1,Not at Intersection,1,No,1,No,88,Not Applicable,88,Not Applicable,88,Not Applicable,88,Not Applicable,TRUE,1,Public Road,1,"Trafficway, On Road",CT0009300,New Haven PD,469,22:42.0,C,Closed,01:48.0,,,,,,,
1295740,1,Complete,1295740,1295740,41.318097,-72.914613,3781948,New Haven,93,93,New Haven,7/22/2025,2025,7,July,22,3,Tuesday,17:44:00,17,25029290,A,"Injury of any type (Serious, Minor, Possible)",B,Suspected Minor Injury (B),1,1,0,4,Local,0.48,184,EDWARDS ST,EDWARDS ST,ORANGE ST,,,,,41.318097,-72.914613,9,Pedestrian,88,Not Applicable,1,On Roadway,1,Clear,88,Not Applicable,1,Daylight,1,Dry,0,None,88,Not Applicable,88,Not Applicable,0,None,88,Not Applicable,88,Not Applicable,2,Intersection,2,Four-Way Intersection,1,No,1,No,88,Not Applicable,88,Not Applicable,88,Not Applicable,88,Not Applicable,TRUE,1,Public Road,1,"Trafficway, On Road",CT0009300,New Haven PD,46623,30:23.0,C,Closed,00:22.0,,,,,,,
1295744,1,Complete,1295744,1295744,41.302177,-72.928733,3781952,New Haven,93,93,New Haven,7/23/2025,2025,7,July,23,4,Wednesday,20:48:00,20,25029429,A,"Injury of any type (Serious, Minor, Possible)",C,Possible Injury (C),2,0,0,4,Local,0.25,104,CHURCH ST SOUTH NO 1,CHURCH ST SOUTH NO 1,CHURCH ST SOUTH NO 1,,,,,41.302177,-72.928733,14,Motor Vehicle in Operation,5,"Sideswipe, opposite direction",1,On Roadway,1,Clear,88,Not Applicable,1,Daylight,1,Dry,0,None,88,Not Applicable,88,Not Applicable,0,None,88,Not Applicable,88,Not Applicable,2,Intersection,2,Four-Way Intersection,1,No,1,No,88,Not Applicable,88,Not Applicable,88,Not Applicable,88,Not Applicable,FALSE,1,Public Road,1,"Trafficway, On Road",CT0009300,New Haven PD,48043,26:56.0,C,Closed,00:20.0,,,,,,,
1295745,1,Complete,1295745,1295745,41.313028,-72.890183,3781953,New Haven,93,93,New Haven,7/24/2025,2025,7,July,24,5,Thursday,20:57:00,20,25029623,A,"Injury of any type (Serious, Minor, Possible)",C,Possible Injury (C),2,0,0,4,Local,0.24,474,PERKINS ST,PERKINS ST,PINE ST NO 2,,,,,41.313028,-72.890183,14,Motor Vehicle in Operation,3,Angle,1,On Roadway,1,Clear,88,Not Applicable,4,Dark-Lighted,1,Dry,0,None,88,Not Applicable,88,Not Applicable,0,None,88,Not Applicable,88,Not Applicable,2,Intersection,3,T-Intersection,1,No,1,No,88,Not Applicable,88,Not Applicable,88,Not Applicable,88,Not Applicable,FALSE,1,Public Road,1,"Trafficway, On Road",CT0009300,New Haven PD,46621,33:42.0,C,Closed,00:15.0,,,,,,,
1295748,1,Complete,1295748,1295748,41.317191,-72.970926,3781956,New Haven,93,93,New Haven,7/25/2025,2025,7,July,25,6,Friday,12:41:00,12,25029687,A,"Injury of any type (Serious, Minor, Possible)",C,Possible Injury (C),2,0,2,3,State,2.65,122,122-N,122-N,CHAPEL ST,,,,,41.317191,-72.970926,14,Motor Vehicle in Operation,3,Angle,1,On Roadway,1,Clear,88,Not Applicable,1,Daylight,1,Dry,0,None,88,Not Applicable,88,Not Applicable,0,None,88,Not Applicable,88,Not Applicable,2,Intersection,3,T-Intersection,1,No,1,No,88,Not Applicable,88,Not Applicable,88,Not Applicable,88,Not Applicable,FALSE,1,Public Road,1,"Trafficway, On Road",CT0009300,New Haven PD,47744,43:29.0,C,Closed,00:18.0,,,,,,,
1295751,1,Complete,1295751,1295751,41.310732,-72.873768,3781959,New Haven,93,93,New Haven,7/25/2025,2025,7,July,25,6,Friday,17:52:00,17,25029725,A,"Injury of any type (Serious, Minor, Possible)",C,Possible Injury (C),2,0,0,4,Local,0.27,167,EASTERN ST,EASTERN ST,,BOUCHET LA,100,Feet,S,41.310732,-72.873768,14,Motor Vehicle in Operation,3,Angle,1,On Roadway,1,Clear,88,Not Applicable,1,Daylight,1,Dry,0,None,88,Not Applicable,88,Not Applicable,0,None,88,Not Applicable,88,Not Applicable,1,Non-Junction,1,Not at Intersection,1,No,1,No,88,Not Applicable,88,Not Applicable,88,Not Applicable,88,Not Applicable,FALSE,1,Public Road,1,"Trafficway, On Road",CT0009300,New Haven PD,45388,42:15.0,C,Closed,00:20.0,,,,,,,
1295752,1,Complete,1295752,1295752,41.294009,-72.898541,3781960,New Haven,93,93,New Haven,7/27/2025,2025,7,July,27,1,Sunday,14:07:00,14,25029728,A,"Injury of any type (Serious, Minor, Possible)",C,Possible Injury (C),2,0,0,2,USRoute,49.77,1,1-N,1-N,,LAURA ST,15,Feet,E,41.294009,-72.898541,14,Motor Vehicle in Operation,3,Angle,1,On Roadway,1,Clear,88,Not Applicable,1,Daylight,1,Dry,0,None,88,Not Applicable,88,Not Applicable,0,None,88,Not Applicable,88,Not Applicable,3,Intersection-Related,3,T-Intersection,1,No,1,No,88,Not Applicable,88,Not Applicable,88,Not Applicable,88,Not Applicable,FALSE,1,Public Road,1,"Trafficway, On Road",CT0009300,New Haven PD,48829,52:26.0,O,Open,00:23.0,25-29728,,,,,,
1295754,1,Complete,1295754,1295754,41.291434,-72.931025,3781962,New Haven,93,93,New Haven,7/25/2025,2025,7,July,25,6,Friday,23:45:00,23,25029766,A,"Injury of any type (Serious, Minor, Possible)",C,Possible Injury (C),2,0,0,4,Local,0.42,273,HALLOCK AV NO 1,HALLOCK AV NO 1,,LAMBERTON ST,25,Feet,S,41.291434,-72.931025,14,Motor Vehicle in Operation,3,Angle,1,On Roadway,1,Clear,88,Not Applicable,4,Dark-Lighted,1,Dry,0,None,88,Not Applicable,88,Not Applicable,0,None,88,Not Applicable,88,Not Applicable,3,Intersection-Related,3,T-Intersection,1,No,1,No,88,Not Applicable,88,Not Applicable,88,Not Applicable,88,Not Applicable,FALSE,1,Public Road,1,"Trafficway, On Road",CT0009300,New Haven PD,43690,24:18.0,O,Open,00:17.0,,,,,,,
1295755,1,Complete,1295755,1295755,41.32752168,-72.96059496,3781963,New Haven,93,93,New Haven,7/26/2025,2025,7,July,26,7,Saturday,0:18:00,0,25029770,A,"Injury of any type (Serious, Minor, Possible)",C,Possible Injury (C),2,0,0,3,State,0.26,63,63-N,63-N,,Blake street ,20,Feet,W,41.32752168,-72.96059496,14,Motor Vehicle in Operation,1,Front to rear,1,On Roadway,1,Clear,88,Not Applicable,4,Dark-Lighted,1,Dry,0,None,88,Not Applicable,88,Not Applicable,0,None,88,Not Applicable,88,Not Applicable,3,Intersection-Related,3,T-Intersection,1,No,1,No,88,Not Applicable,88,Not Applicable,88,Not Applicable,88,Not Applicable,FALSE,1,Public Road,1,"Trafficway, On Road",CT0009300,New Haven PD,42053,41:40.0,C,Closed,00:17.0,,,,,,,
1295757,1,Complete,1295757,1295757,41.310455,-72.899672,3781965,New Haven,93,93,New Haven,7/26/2025,2025,7,July,26,7,Saturday,0:56:00,0,25029772,A,"Injury of any type (Serious, Minor, Possible)",C,Possible Injury (C),2,0,0,4,Local,0,108,CLAY ST NO 1,CLAY ST NO 1,BLATCHLEY AV,,,,,41.310455,-72.899672,14,Motor Vehicle in Operation,1,Front to rear,4,Roadside,1,Clear,88,Not Applicable,6,Dark-Unknown Lighting,1,Dry,0,None,88,Not Applicable,88,Not Applicable,0,None,88,Not Applicable,88,Not Applicable,2,Intersection,2,Four-Way Intersection,1,No,1,No,88,Not Applicable,88,Not Applicable,88,Not Applicable,88,Not Applicable,FALSE,1,Public Road,1,"Trafficway, On Road",CT0009300,New Haven PD,42369,17:29.0,C,Closed,00:17.0,,,,,,,
1295762,1,Complete,1295762,1295762,41.312085,-72.939466,3781970,New Haven,93,93,New Haven,7/26/2025,2025,7,July,26,7,Saturday,13:49:00,13,25029851,A,"Injury of any type (Serious, Minor, Possible)",C,Possible Injury (C),2,0,0,4,Local,1.71,179,EDGEWOOD AV,EDGEWOOD AV,KENSINGTON ST,,,,,41.312085,-72.939466,14,Motor Vehicle in Operation,3,Angle,1,On Roadway,1,Clear,88,Not Applicable,1,Daylight,1,Dry,0,None,88,Not Applicable,88,Not Applicable,0,None,88,Not Applicable,88,Not Applicable,2,Intersection,2,Four-Way Intersection,1,No,1,No,88,Not Applicable,88,Not Applicable,88,Not Applicable,88,Not Applicable,FALSE,1,Public Road,1,"Trafficway, On Road",CT0009300,New Haven PD,349,15:31.0,C,Closed,00:22.0,,,,,,,
1295766,1,Complete,1295766,1295766,41.32305877,-72.93502555,3781974,New Haven,93,93,New Haven,7/26/2025,2025,7,July,26,7,Saturday,21:24:00,21,25029905,A,"Injury of any type (Serious, Minor, Possible)",C,Possible Injury (C),2,0,0,4,Local,0.71,152,DIXWELL AV,DIXWELL AV,,MUNSON ST,70,Feet,N,41.32305877,-72.93502555,14,Motor Vehicle in Operation,1,Front to rear,1,On Roadway,1,Clear,88,Not Applicable,97,Other,1,Dry,0,None,88,Not Applicable,88,Not Applicable,0,None,88,Not Applicable,88,Not Applicable,1,Non-Junction,1,Not at Intersection,1,No,1,No,88,Not Applicable,88,Not Applicable,88,Not Applicable,88,Not Applicable,TRUE,1,Public Road,1,"Trafficway, On Road",CT0009300,New Haven PD,48044,00:49.0,C,Closed,00:21.0,,,,,,,
1295768,1,Complete,1295768,1295768,41.296146,-72.947524,3781976,New Haven,93,93,New Haven,7/27/2025,2025,7,July,27,1,Sunday,1:04:00,1,25029915,A,"Injury of any type (Serious, Minor, Possible)",C,Possible Injury (C),2,0,0,3,State,1.36,10,10-N,10-N,LONGHINI LN,,,,,41.296146,-72.947524,14,Motor Vehicle in Operation,3,Angle,1,On Roadway,1,Clear,88,Not Applicable,4,Dark-Lighted,1,Dry,0,None,88,Not Applicable,88,Not Applicable,10,Obstruction in Roadway,88,Not Applicable,88,Not Applicable,2,Intersection,3,T-Intersection,1,No,1,No,88,Not Applicable,88,Not Applicable,88,Not Applicable,88,Not Applicable,FALSE,1,Public Road,1,"Trafficway, On Road",CT0009300,New Haven PD,44339,32:42.0,C,Closed,00:21.0,,,,,,,
1295770,1,Complete,1295770,1295770,41.28903174,-72.89459987,3781978,New Haven,93,93,New Haven,7/27/2025,2025,7,July,27,1,Sunday,8:34:00,8,25029937,A,"Injury of any type (Serious, Minor, Possible)",C,Possible Injury (C),2,0,1,1,Interstate,0.36,95,95-N-346,95-N-346 (exit 50) ,WOODWARD AV,,,,,41.28903174,-72.89459987,14,Motor Vehicle in Operation,3,Angle,1,On Roadway,1,Clear,88,Not Applicable,1,Daylight,2,Wet,0,None,88,Not Applicable,88,Not Applicable,0,None,88,Not Applicable,88,Not Applicable,2,Intersection,2,Four-Way Intersection,1,No,1,No,88,Not Applicable,88,Not Applicable,88,Not Applicable,88,Not Applicable,FALSE,1,Public Road,1,"Trafficway, On Road",CT0009300,New Haven PD,44175,12:08.0,C,Closed,00:23.0,,,,,,,