CrashId,Fatal Case Status,Fatal Case Status Text Format,CrashId,CrashId,Latitude,Longitude,DOT Case Number,Town Name,Town Number,Town Number,Town Number Text Format,Date Of Crash,Year,Month,Month Text Format,Day,Day of the Week,Day of the Week Text Format,Time of Crash,Hour of the Day,Case Identifier,Crash Severity,Crash Severity Text Format,Most Severe Injury,Most Severe Injury Text Format,Number Of Motor Vehicles,Number Of Non-Motorist,Number Of Witnesses,Route Class,Route Class Text Format,Milemarker,Road Number,Road Description,Roadway Name,Intersecting Roadway Name,Landmark Description,Distance From Nearest Landmark,Unit Of Measure From Nearest Landmark,Direction From Nearest Landmark,Latitude,Longitude,First Harmful Event,First Harmful Event Text Format,Manner of Crash / Collision Impact,Manner of Crash / Collision Impact Text Format,Location of First Harmful Event,Location of First Harmful Event Text Format,Weather Condition,Weather Condition Text Format,Weather 2,Weather 2 Text Format,Light Condition,Light Condition Text Format,Road Surface Condition,Road Surface Condition Text Format,"Contributing Circumstances, Environment","Contributing Circumstances, Environment Text Format",Environment 2,Environment 2 Text Format,Environment 3,Environment 3 Text Format,"Contributing Circumstances, Road","Contributing Circumstances, Road Text Format",Road 2,Road 2 Text Format,Road 3,Road 3 Text Format,Crash Specific Location,Crash Specific Location Text Format,Type of Intersection,Type of Intersection Text Format,School Bus Related,School Bus Related Text Format,Work Zone Related,Work Zone Related Text Format,Location Of Crash Relative To Work Zone,Location Of Crash Relative To Work Zone Text Format,Type of Work Zone,Type of Work Zone Text Format,Worker Presence,Worker Presence Text Format,Law Enforcement Presence,Law Enforcement Presence Text Format,Were Vehicles Moved Prior To Police Arrival,Trafficway Ownership,Trafficway Ownership Text Format,Trafficway Class,Trafficway Class Text Format,Police Agency,Police Agency Text Format,Badge Number,Approval Date,Police Case Status,Police Case Status Text Format,Crash Report Submission Date,Related Case Identifiers,No. of Through Lanes (Log Dir.),Average Daily Traffic,Functional Classification,Functional Classification Text Format,Rural or Urban,Rural or Urban Text Format
1296317,1,Complete,1296317,1296317,41.285905,-72.895673,3782525,New Haven,93,93,New Haven,7/19/2025,2025,7,July,19,7,Saturday,10:37:00,10,25028832,A,"Injury of any type (Serious, Minor, Possible)",C,Possible Injury (C),2,0,0,4,Local,1.14,678,WOODWARD AV,WOODWARD AV,,PARK LN,260,Feet,N,41.285905,-72.895673,14,Motor Vehicle in Operation,1,Front to rear,1,On Roadway,2,Cloudy,88,Not Applicable,1,Daylight,1,Dry,0,None,88,Not Applicable,88,Not Applicable,0,None,88,Not Applicable,88,Not Applicable,9,Driveway Access-Related,1,Not at Intersection,1,No,1,No,88,Not Applicable,88,Not Applicable,88,Not Applicable,88,Not Applicable,FALSE,1,Public Road,1,"Trafficway, On Road",CT0009300,New Haven PD,175,38:50.0,C,Closed,01:21.0,,,,,,,
1296323,1,Complete,1296323,1296323,41.323144,-72.935037,3782531,New Haven,93,93,New Haven,7/27/2025,2025,7,July,27,1,Sunday,22:07:00,22,25030018,A,"Injury of any type (Serious, Minor, Possible)",C,Possible Injury (C),2,0,0,4,Local,0.72,152,DIXWELL AV,DIXWELL AV,,MUNSON STREET,65,Feet,N,41.323144,-72.935037,14,Motor Vehicle in Operation,1,Front to rear,1,On Roadway,1,Clear,88,Not Applicable,4,Dark-Lighted,1,Dry,0,None,88,Not Applicable,88,Not Applicable,0,None,88,Not Applicable,88,Not Applicable,3,Intersection-Related,8,"Five-Point, or More",1,No,1,No,88,Not Applicable,88,Not Applicable,88,Not Applicable,88,Not Applicable,TRUE,1,Public Road,1,"Trafficway, On Road",CT0009300,New Haven PD,48044,43:13.0,C,Closed,01:20.0,,,,,,,
1297093,1,Complete,1297093,1297093,41.308399,-72.904908,3783301,New Haven,93,93,New Haven,7/24/2025,2025,7,July,24,5,Thursday,16:13:00,16,25029563,A,"Injury of any type (Serious, Minor, Possible)",C,Possible Injury (C),2,0,0,4,Local,1.01,264,GRAND AV,GRAND AV,JOHN W MURPHY DR,,,,,41.308399,-72.904908,14,Motor Vehicle in Operation,1,Front to rear,1,On Roadway,1,Clear,88,Not Applicable,1,Daylight,1,Dry,0,None,88,Not Applicable,88,Not Applicable,0,None,88,Not Applicable,88,Not Applicable,1,Non-Junction,1,Not at Intersection,1,No,1,No,88,Not Applicable,88,Not Applicable,88,Not Applicable,88,Not Applicable,FALSE,1,Public Road,1,"Trafficway, On Road",CT0009300,New Haven PD,42057,22:10.0,C,Closed,00:09.0,,,,,,,
1297094,1,Complete,1297094,1297094,41.300399,-72.908036,3783302,New Haven,93,93,New Haven,7/25/2025,2025,7,July,25,6,Friday,23:30:00,23,25029762,A,"Injury of any type (Serious, Minor, Possible)",A,Suspected Serious Injury (A),1,0,0,2,USRoute,49.11,1,1-N,1-N,,East Street,755,Feet,E,41.300399,-72.908036,1,Overturn/Rollover,88,Not Applicable,1,On Roadway,1,Clear,88,Not Applicable,4,Dark-Lighted,1,Dry,0,None,88,Not Applicable,88,Not Applicable,0,None,88,Not Applicable,88,Not Applicable,1,Non-Junction,1,Not at Intersection,1,No,1,No,88,Not Applicable,88,Not Applicable,88,Not Applicable,88,Not Applicable,FALSE,1,Public Road,1,"Trafficway, On Road",CT0009300,New Haven PD,46613,41:08.0,C,Closed,00:12.0,,,,,,,
1297096,1,Complete,1297096,1297096,41.324262,-72.936996,3783304,New Haven,93,93,New Haven,7/29/2025,2025,7,July,29,3,Tuesday,22:57:00,22,25030355,A,"Injury of any type (Serious, Minor, Possible)",C,Possible Injury (C),3,0,0,4,Local,0.35,557,SHERMAN PKWY,SHERMAN PKWY,,MUNSON ST,490,Feet,N,41.324262,-72.936996,14,Motor Vehicle in Operation,1,Front to rear,1,On Roadway,1,Clear,88,Not Applicable,6,Dark-Unknown Lighting,1,Dry,0,None,88,Not Applicable,88,Not Applicable,0,None,88,Not Applicable,88,Not Applicable,1,Non-Junction,1,Not at Intersection,1,No,1,No,88,Not Applicable,88,Not Applicable,88,Not Applicable,88,Not Applicable,FALSE,1,Public Road,1,"Trafficway, On Road",CT0009300,New Haven PD,48045,55:46.0,C,Closed,00:11.0,,,,,,,
1297103,1,Complete,1297103,1297103,41.31328,-72.94034,3783311,New Haven,93,93,New Haven,7/26/2025,2025,7,July,26,7,Saturday,10:00:00,10,25030445,A,"Injury of any type (Serious, Minor, Possible)",A,Suspected Serious Injury (A),1,1,0,4,Local,0.84,453,ORCHARD ST,ORCHARD ST,,Edgewood Street,300,Feet,N,41.31328,-72.94034,10,Pedalcycle/Pedalcyclist,2,Front to front,1,On Roadway,1,Clear,88,Not Applicable,1,Daylight,1,Dry,0,None,88,Not Applicable,88,Not Applicable,0,None,88,Not Applicable,88,Not Applicable,1,Non-Junction,1,Not at Intersection,1,No,1,No,88,Not Applicable,88,Not Applicable,88,Not Applicable,88,Not Applicable,TRUE,1,Public Road,1,"Trafficway, On Road",CT0009300,New Haven PD,46900,54:31.0,C,Closed,00:12.0,,,,,,,
1297391,1,Complete,1297391,1297391,41.304451,-72.926051,3783599,New Haven,93,93,New Haven,7/26/2025,2025,7,July,26,7,Saturday,20:06:00,20,25029944,A,"Injury of any type (Serious, Minor, Possible)",C,Possible Injury (C),1,1,0,4,Local,0.16,136,CROWN ST,CROWN ST,,CHURCH ST,190,Feet,E,41.304451,-72.926051,9,Pedestrian,88,Not Applicable,4,Roadside,1,Clear,88,Not Applicable,1,Daylight,1,Dry,0,None,88,Not Applicable,88,Not Applicable,0,None,88,Not Applicable,88,Not Applicable,9,Driveway Access-Related,1,Not at Intersection,1,No,1,No,88,Not Applicable,88,Not Applicable,88,Not Applicable,88,Not Applicable,FALSE,1,Public Road,2,"Trafficway, Not on Road",CT0009300,New Haven PD,106,01:46.0,C,Closed,00:04.0,,,,,,,
1297394,1,Complete,1297394,1297394,41.304393,-72.894582,3783602,New Haven,93,93,New Haven,7/30/2025,2025,7,July,30,4,Wednesday,22:39:00,22,25030514,A,"Injury of any type (Serious, Minor, Possible)",C,Possible Injury (C),2,0,0,4,Local,0.11,97,CHAPEL ST,CHAPEL ST,FERRY ST,,,,,41.304393,-72.894582,34,Traffic Sign Support,3,Angle,4,Roadside,1,Clear,88,Not Applicable,4,Dark-Lighted,1,Dry,0,None,88,Not Applicable,88,Not Applicable,0,None,88,Not Applicable,88,Not Applicable,2,Intersection,2,Four-Way Intersection,1,No,1,No,88,Not Applicable,88,Not Applicable,88,Not Applicable,88,Not Applicable,FALSE,1,Public Road,1,"Trafficway, On Road",CT0009300,New Haven PD,42055,52:16.0,C,Closed,00:03.0,,,,,,,
1297397,1,Complete,1297397,1297397,41.316296,-72.904347,3783605,New Haven,93,93,New Haven,7/31/2025,2025,7,July,31,5,Thursday,10:26:00,10,25030569,A,"Injury of any type (Serious, Minor, Possible)",C,Possible Injury (C),2,0,0,4,Local,0,327,JAMES ST,JAMES ST,STATE ST,,,,,41.316296,-72.904347,14,Motor Vehicle in Operation,3,Angle,1,On Roadway,1,Clear,88,Not Applicable,1,Daylight,1,Dry,0,None,88,Not Applicable,88,Not Applicable,0,None,88,Not Applicable,88,Not Applicable,2,Intersection,2,Four-Way Intersection,1,No,1,No,88,Not Applicable,88,Not Applicable,88,Not Applicable,88,Not Applicable,FALSE,1,Public Road,1,"Trafficway, On Road",CT0009300,New Haven PD,42057,44:18.0,C,Closed,00:05.0,,,,,,,
1297814,1,Complete,1297814,1297814,41.315475,-72.93913,3784022,New Haven,93,93,New Haven,7/29/2025,2025,7,July,29,3,Tuesday,13:44:00,13,25030267,A,"Injury of any type (Serious, Minor, Possible)",C,Possible Injury (C),1,1,1,4,Local,0.56,653,WHALLEY AV,WHALLEY AV,ORCHARD ST,,,,,41.315475,-72.93913,9,Pedestrian,88,Not Applicable,1,On Roadway,1,Clear,88,Not Applicable,1,Daylight,1,Dry,0,None,88,Not Applicable,88,Not Applicable,0,None,88,Not Applicable,88,Not Applicable,2,Intersection,2,Four-Way Intersection,1,No,1,No,88,Not Applicable,88,Not Applicable,88,Not Applicable,88,Not Applicable,FALSE,1,Public Road,1,"Trafficway, On Road",CT0009300,New Haven PD,45398,53:46.0,C,Closed,00:49.0,,,,,,,
1297819,1,Complete,1297819,1297819,41.297993,-72.949247,3784027,New Haven,93,93,New Haven,7/30/2025,2025,7,July,30,4,Wednesday,21:15:00,21,25030509,A,"Injury of any type (Serious, Minor, Possible)",C,Possible Injury (C),4,0,0,3,State,1.51,10,10-N,10-N,,Boston Post Road,150,Feet,N,41.297993,-72.949247,14,Motor Vehicle in Operation,1,Front to rear,1,On Roadway,1,Clear,88,Not Applicable,4,Dark-Lighted,1,Dry,0,None,88,Not Applicable,88,Not Applicable,0,None,88,Not Applicable,88,Not Applicable,3,Intersection-Related,2,Four-Way Intersection,1,No,1,No,88,Not Applicable,88,Not Applicable,88,Not Applicable,88,Not Applicable,TRUE,1,Public Road,1,"Trafficway, On Road",CT0009300,New Haven PD,45625,15:36.0,C,Closed,00:59.0,,,,,,,
1297820,1,Complete,1297820,1297820,41.307059,-72.938863,3784028,New Haven,93,93,New Haven,7/31/2025,2025,7,July,31,5,Thursday,9:13:00,9,25030552,A,"Injury of any type (Serious, Minor, Possible)",C,Possible Injury (C),2,0,0,4,Local,0.74,809,REV DR MLK JR BLVD,REV DR MLK JR BLVD,DWIGHT ST,,,,,41.307059,-72.938863,14,Motor Vehicle in Operation,3,Angle,1,On Roadway,1,Clear,88,Not Applicable,1,Daylight,1,Dry,0,None,88,Not Applicable,88,Not Applicable,0,None,88,Not Applicable,88,Not Applicable,2,Intersection,2,Four-Way Intersection,1,No,1,No,88,Not Applicable,88,Not Applicable,88,Not Applicable,88,Not Applicable,FALSE,1,Public Road,1,"Trafficway, On Road",CT0009300,New Haven PD,47006,35:17.0,C,Closed,00:55.0,,,,,,,
1297824,1,Complete,1297824,1297824,41.331956,-72.937926,3784032,New Haven,93,93,New Haven,7/31/2025,2025,7,July,31,5,Thursday,15:38:00,15,25030596,A,"Injury of any type (Serious, Minor, Possible)",C,Possible Injury (C),2,0,0,4,Local,0.9,557,SHERMAN PKWY,SHERMAN PKWY,WILLIS ST,,,,,41.331956,-72.937926,14,Motor Vehicle in Operation,3,Angle,1,On Roadway,2,Cloudy,88,Not Applicable,1,Daylight,1,Dry,0,None,88,Not Applicable,88,Not Applicable,0,None,88,Not Applicable,88,Not Applicable,2,Intersection,2,Four-Way Intersection,1,No,1,No,88,Not Applicable,88,Not Applicable,88,Not Applicable,88,Not Applicable,FALSE,1,Public Road,1,"Trafficway, On Road",CT0009300,New Haven PD,42048,52:08.0,C,Closed,01:00.0,,,,,,,
1297826,1,Complete,1297826,1297826,41.291434,-72.93316,3784034,New Haven,93,93,New Haven,8/1/2025,2025,8,August,1,6,Friday,17:35:00,17,25030633,A,"Injury of any type (Serious, Minor, Possible)",C,Possible Injury (C),2,0,0,4,Local,0.05,339,KIMBERLY AV,KIMBERLY AV,,LAMBERTON ST,50,Feet,N,41.291434,-72.93316,14,Motor Vehicle in Operation,1,Front to rear,1,On Roadway,1,Clear,88,Not Applicable,1,Daylight,1,Dry,0,None,88,Not Applicable,88,Not Applicable,0,None,88,Not Applicable,88,Not Applicable,1,Non-Junction,1,Not at Intersection,1,No,1,No,88,Not Applicable,88,Not Applicable,88,Not Applicable,88,Not Applicable,FALSE,1,Public Road,1,"Trafficway, On Road",CT0009300,New Haven PD,46613,00:14.0,C,Closed,00:56.0,,,,,,,
1297828,1,Complete,1297828,1297828,41.297461,-72.948125,3784036,New Haven,93,93,New Haven,7/31/2025,2025,7,July,31,5,Thursday,22:27:00,22,25030654,A,"Injury of any type (Serious, Minor, Possible)",A,Suspected Serious Injury (A),1,1,0,2,USRoute,46.68,1,1-N,1-N,,Davenport Ave,40,Feet,W,41.297461,-72.948125,9,Pedestrian,88,Not Applicable,1,On Roadway,4,Rain,88,Not Applicable,4,Dark-Lighted,2,Wet,1,Weather Conditions,88,Not Applicable,88,Not Applicable,99,Unknown,88,Not Applicable,88,Not Applicable,3,Intersection-Related,3,T-Intersection,1,No,1,No,88,Not Applicable,88,Not Applicable,88,Not Applicable,88,Not Applicable,FALSE,1,Public Road,1,"Trafficway, On Road",CT0009300,New Haven PD,46617,25:29.0,O,Open,00:50.0,,,,,,,
1297830,1,Complete,1297830,1297830,41.290105,-72.932119,3784038,New Haven,93,93,New Haven,8/1/2025,2025,8,August,1,6,Friday,4:26:00,4,25030665,A,"Injury of any type (Serious, Minor, Possible)",C,Possible Injury (C),2,0,0,4,Local,1.14,308,HOWARD AV,HOWARD AV,First St,,,,,41.290105,-72.932119,14,Motor Vehicle in Operation,3,Angle,1,On Roadway,1,Clear,88,Not Applicable,4,Dark-Lighted,2,Wet,0,None,88,Not Applicable,88,Not Applicable,0,None,88,Not Applicable,88,Not Applicable,2,Intersection,2,Four-Way Intersection,1,No,1,No,88,Not Applicable,88,Not Applicable,88,Not Applicable,88,Not Applicable,FALSE,1,Public Road,1,"Trafficway, On Road",CT0009300,New Haven PD,44953,20:58.0,C,Closed,00:49.0,,,,,,,
1297835,1,Complete,1297835,1297835,41.322714,-72.934889,3784043,New Haven,93,93,New Haven,8/1/2025,2025,8,August,1,6,Friday,8:28:00,8,25030684,A,"Injury of any type (Serious, Minor, Possible)",B,Suspected Minor Injury (B),1,1,0,4,Local,0.7,152,DIXWELL AV,DIXWELL AV,MUNSON ST,,,,,41.322714,-72.934889,9,Pedestrian,88,Not Applicable,1,On Roadway,1,Clear,88,Not Applicable,1,Daylight,1,Dry,0,None,88,Not Applicable,88,Not Applicable,0,None,88,Not Applicable,88,Not Applicable,2,Intersection,2,Four-Way Intersection,1,No,1,No,88,Not Applicable,88,Not Applicable,88,Not Applicable,88,Not Applicable,FALSE,1,Public Road,1,"Trafficway, On Road",CT0009300,New Haven PD,991,46:11.0,C,Closed,00:51.0,,,,,,,
1297842,1,Complete,1297842,1297842,41.28729,-72.88979,3784050,New Haven,93,93,New Haven,8/1/2025,2025,8,August,1,6,Friday,16:15:00,16,25030776,A,"Injury of any type (Serious, Minor, Possible)",C,Possible Injury (C),2,0,0,4,Local,0.01,317,HUNTINGTON AV,HUNTINGTON AV,,MAIN ST,50,Feet,S,41.28729,-72.88979,14,Motor Vehicle in Operation,3,Angle,1,On Roadway,1,Clear,88,Not Applicable,1,Daylight,1,Dry,0,None,88,Not Applicable,88,Not Applicable,0,None,88,Not Applicable,88,Not Applicable,3,Intersection-Related,2,Four-Way Intersection,1,No,1,No,88,Not Applicable,88,Not Applicable,88,Not Applicable,88,Not Applicable,TRUE,1,Public Road,1,"Trafficway, On Road",CT0009300,New Haven PD,45393,44:57.0,C,Closed,01:08.0,,,,,,,
1297843,1,Complete,1297843,1297843,41.306544,-72.894975,3784051,New Haven,93,93,New Haven,8/1/2025,2025,8,August,1,6,Friday,16:48:00,16,25030783,A,"Injury of any type (Serious, Minor, Possible)",C,Possible Injury (C),2,0,0,4,Local,0.93,213,FERRY ST,FERRY ST,WOLCOTT ST,,,,,41.306544,-72.894975,14,Motor Vehicle in Operation,3,Angle,1,On Roadway,1,Clear,88,Not Applicable,1,Daylight,1,Dry,0,None,88,Not Applicable,88,Not Applicable,0,None,88,Not Applicable,88,Not Applicable,2,Intersection,3,T-Intersection,1,No,1,No,88,Not Applicable,88,Not Applicable,88,Not Applicable,88,Not Applicable,FALSE,1,Public Road,1,"Trafficway, On Road",CT0009300,New Haven PD,42057,06:59.0,C,Closed,00:55.0,,,,,,,
1297844,1,Complete,1297844,1297844,41.304714,-72.939487,3784052,New Haven,93,93,New Haven,8/1/2025,2025,8,August,1,6,Friday,17:51:00,17,25030795,A,"Injury of any type (Serious, Minor, Possible)",A,Suspected Serious Injury (A),2,0,0,4,Local,0.3,622,WARD ST,WARD ST,SYLVAN AV,,,,,41.304714,-72.939487,14,Motor Vehicle in Operation,3,Angle,1,On Roadway,1,Clear,88,Not Applicable,1,Daylight,1,Dry,99,Unknown,88,Not Applicable,88,Not Applicable,99,Unknown,88,Not Applicable,88,Not Applicable,2,Intersection,2,Four-Way Intersection,1,No,1,No,88,Not Applicable,88,Not Applicable,88,Not Applicable,88,Not Applicable,FALSE,1,Public Road,1,"Trafficway, On Road",CT0009300,New Haven PD,46617,20:31.0,C,Closed,01:04.0,,,,,,,
1297850,1,Complete,1297850,1297850,41.29334556,-72.93303123,3784058,New Haven,93,93,New Haven,8/2/2025,2025,8,August,2,7,Saturday,13:12:00,13,25030899,A,"Injury of any type (Serious, Minor, Possible)",C,Possible Injury (C),3,0,0,4,Local,0.92,308,HOWARD AV,HOWARD AV,Rosette St ,,,,,41.29334556,-72.93303123,14,Motor Vehicle in Operation,3,Angle,1,On Roadway,1,Clear,88,Not Applicable,1,Daylight,1,Dry,0,None,88,Not Applicable,88,Not Applicable,0,None,88,Not Applicable,88,Not Applicable,2,Intersection,2,Four-Way Intersection,1,No,1,No,88,Not Applicable,88,Not Applicable,88,Not Applicable,88,Not Applicable,FALSE,1,Public Road,1,"Trafficway, On Road",CT0009300,New Haven PD,476,57:48.0,C,Closed,01:06.0,,,,,,,
1297856,1,Complete,1297856,1297856,41.322288,-72.953633,3784064,New Haven,93,93,New Haven,8/2/2025,2025,8,August,2,7,Saturday,19:20:00,19,25030939,A,"Injury of any type (Serious, Minor, Possible)",C,Possible Injury (C),2,0,0,3,State,3.36,10,10-N,10-N,,OSBORN AVE,40,,W,41.322288,-72.953633,14,Motor Vehicle in Operation,1,Front to rear,1,On Roadway,1,Clear,88,Not Applicable,1,Daylight,1,Dry,0,None,88,Not Applicable,88,Not Applicable,0,None,88,Not Applicable,88,Not Applicable,3,Intersection-Related,3,T-Intersection,1,No,1,No,88,Not Applicable,88,Not Applicable,88,Not Applicable,88,Not Applicable,FALSE,1,Public Road,1,"Trafficway, On Road",CT0009300,New Haven PD,48046,27:44.0,C,Closed,01:03.0,,,,,,,
1297857,1,Complete,1297857,1297857,41.297384,-72.91459,3784065,New Haven,93,93,New Haven,8/2/2025,2025,8,August,2,7,Saturday,19:57:00,19,25030946,A,"Injury of any type (Serious, Minor, Possible)",C,Possible Injury (C),2,0,1,4,Local,0.98,513,LONG WHARF DR,LONG WHARF DR,,HAMILTON ST,400,Feet,W,41.297384,-72.91459,14,Motor Vehicle in Operation,3,Angle,1,On Roadway,1,Clear,88,Not Applicable,1,Daylight,1,Dry,99,Unknown,88,Not Applicable,88,Not Applicable,99,Unknown,88,Not Applicable,88,Not Applicable,1,Non-Junction,1,Not at Intersection,1,No,1,No,88,Not Applicable,88,Not Applicable,88,Not Applicable,88,Not Applicable,TRUE,1,Public Road,1,"Trafficway, On Road",CT0009300,New Haven PD,40947,43:59.0,C,Closed,01:06.0,,,,,,,
1297858,1,Complete,1297858,1297858,41.315503,-72.939001,3784066,New Haven,93,93,New Haven,8/2/2025,2025,8,August,2,7,Saturday,23:59:00,23,25030962,A,"Injury of any type (Serious, Minor, Possible)",C,Possible Injury (C),2,0,0,4,Local,0.57,653,WHALLEY AV,WHALLEY AV,,ORCHARD ST,45,Feet,E,41.315503,-72.939001,14,Motor Vehicle in Operation,1,Front to rear,1,On Roadway,1,Clear,88,Not Applicable,4,Dark-Lighted,1,Dry,0,None,88,Not Applicable,88,Not Applicable,0,None,88,Not Applicable,88,Not Applicable,3,Intersection-Related,2,Four-Way Intersection,1,No,1,No,88,Not Applicable,88,Not Applicable,88,Not Applicable,88,Not Applicable,FALSE,1,Public Road,1,"Trafficway, On Road",CT0009300,New Haven PD,44175,02:31.0,C,Closed,01:07.0,,,,,,,
1298455,1,Complete,1298455,1298455,41.305681,-72.950457,3784663,New Haven,93,93,New Haven,7/19/2025,2025,7,July,19,7,Saturday,14:40:00,14,25028855,A,"Injury of any type (Serious, Minor, Possible)",B,Suspected Minor Injury (B),1,1,0,,,,,,EVERGREEN CT,Legion Avenue,,,,,41.305681,-72.950457,10,Pedalcycle/Pedalcyclist,3,Angle,1,On Roadway,1,Clear,88,Not Applicable,1,Daylight,1,Dry,0,None,88,Not Applicable,88,Not Applicable,0,None,88,Not Applicable,88,Not Applicable,2,Intersection,3,T-Intersection,1,No,1,No,88,Not Applicable,88,Not Applicable,88,Not Applicable,88,Not Applicable,FALSE,2,Private Road,3,Non-trafficway,CT0009300,New Haven PD,301,40:22.0,C,Closed,01:28.0,,,,,,,
1298456,1,Complete,1298456,1298456,41.305829,-72.894784,3784664,New Haven,93,93,New Haven,7/20/2025,2025,7,July,20,1,Sunday,14:14:00,14,25028964,A,"Injury of any type (Serious, Minor, Possible)",C,Possible Injury (C),2,0,0,4,Local,0.98,213,FERRY ST,FERRY ST,,CHAMBERS ST,100,Feet,S,41.305829,-72.894784,14,Motor Vehicle in Operation,5,"Sideswipe, opposite direction",1,On Roadway,1,Clear,88,Not Applicable,1,Daylight,1,Dry,0,None,88,Not Applicable,88,Not Applicable,0,None,88,Not Applicable,88,Not Applicable,1,Non-Junction,1,Not at Intersection,1,No,1,No,88,Not Applicable,88,Not Applicable,88,Not Applicable,88,Not Applicable,FALSE,1,Public Road,1,"Trafficway, On Road",CT0009300,New Haven PD,44060,58:12.0,C,Closed,01:31.0,,,,,,,
1298458,1,Complete,1298458,1298458,41.315101,-72.94304,3784666,New Haven,93,93,New Haven,8/2/2025,2025,8,August,2,7,Saturday,6:22:00,6,25030867,A,"Injury of any type (Serious, Minor, Possible)",C,Possible Injury (C),2,0,0,4,Local,0.66,556,SHERMAN AV,SHERMAN AV,"41.315101, -72.943040",,,,,41.315101,-72.94304,14,Motor Vehicle in Operation,3,Angle,1,On Roadway,1,Clear,88,Not Applicable,1,Daylight,1,Dry,0,None,88,Not Applicable,88,Not Applicable,0,None,88,Not Applicable,88,Not Applicable,2,Intersection,2,Four-Way Intersection,1,No,1,No,88,Not Applicable,88,Not Applicable,88,Not Applicable,88,Not Applicable,FALSE,1,Public Road,1,"Trafficway, On Road",CT0009300,New Haven PD,238,16:56.0,C,Closed,01:32.0,,,,,,,
1298461,1,Complete,1298461,1298461,41.31446,-72.951245,3784669,New Haven,93,93,New Haven,8/3/2025,2025,8,August,3,1,Sunday,22:30:00,22,25031065,A,"Injury of any type (Serious, Minor, Possible)",B,Suspected Minor Injury (B),2,1,0,3,State,2.7,10,10-N,10-N,,EDGEWOOD AVE,175,Feet,S,41.31446,-72.951245,14,Motor Vehicle in Operation,1,Front to rear,7,In Parking Lane or Zone,1,Clear,88,Not Applicable,4,Dark-Lighted,1,Dry,0,None,88,Not Applicable,88,Not Applicable,0,None,88,Not Applicable,88,Not Applicable,1,Non-Junction,1,Not at Intersection,1,No,1,No,88,Not Applicable,88,Not Applicable,88,Not Applicable,88,Not Applicable,TRUE,1,Public Road,1,"Trafficway, On Road",CT0009300,New Haven PD,45132,40:35.0,O,Open,01:28.0,,,,,,,
1298462,1,Complete,1298462,1298462,41.297825,-72.934322,3784670,New Haven,93,93,New Haven,8/4/2025,2025,8,August,4,2,Monday,11:32:00,11,25031126,A,"Injury of any type (Serious, Minor, Possible)",B,Suspected Minor Injury (B),2,0,0,2,USRoute,47.4,1,1-N,1-N,HOWARD AVE,,,,,41.297825,-72.934322,14,Motor Vehicle in Operation,2,Front to front,1,On Roadway,1,Clear,88,Not Applicable,1,Daylight,1,Dry,0,None,88,Not Applicable,88,Not Applicable,0,None,88,Not Applicable,88,Not Applicable,2,Intersection,2,Four-Way Intersection,1,No,1,No,88,Not Applicable,88,Not Applicable,88,Not Applicable,88,Not Applicable,FALSE,1,Public Road,1,"Trafficway, On Road",CT0009300,New Haven PD,243,13:06.0,C,Closed,01:29.0,,,,,,,
1298757,1,Complete,1298757,1298757,41.32105855,-72.93600361,3784965,New Haven,93,93,New Haven,8/4/2025,2025,8,August,4,2,Monday,13:30:00,13,25031153,A,"Injury of any type (Serious, Minor, Possible)",C,Possible Injury (C),2,0,0,4,Local,1.43,453,ORCHARD ST,ORCHARD ST,,henry street,40,Feet,N,41.32105855,-72.93600361,14,Motor Vehicle in Operation,1,Front to rear,1,On Roadway,1,Clear,88,Not Applicable,1,Daylight,1,Dry,0,None,88,Not Applicable,88,Not Applicable,0,None,88,Not Applicable,88,Not Applicable,3,Intersection-Related,2,Four-Way Intersection,1,No,1,No,88,Not Applicable,88,Not Applicable,88,Not Applicable,88,Not Applicable,FALSE,1,Public Road,1,"Trafficway, On Road",CT0009300,New Haven PD,991,46:07.0,C,Closed,00:54.0,,,,,,,
1298759,1,Complete,1298759,1298759,41.289494,-72.897694,3784967,New Haven,93,93,New Haven,8/5/2025,2025,8,August,5,3,Tuesday,4:18:00,4,25031254,A,"Injury of any type (Serious, Minor, Possible)",B,Suspected Minor Injury (B),2,0,1,3,State,0.07,921,921-W,921-W,,95-N-346 (EXIT 50),320,Feet,W,41.289494,-72.897694,14,Motor Vehicle in Operation,2,Front to front,1,On Roadway,1,Clear,88,Not Applicable,4,Dark-Lighted,1,Dry,0,None,88,Not Applicable,88,Not Applicable,0,None,88,Not Applicable,88,Not Applicable,4,Entrance / Exit Ramp,1,Not at Intersection,1,No,1,No,88,Not Applicable,88,Not Applicable,88,Not Applicable,88,Not Applicable,FALSE,1,Public Road,1,"Trafficway, On Road",CT0009300,New Haven PD,45626,11:34.0,C,Closed,00:53.0,,,,,,,
1298761,1,Complete,1298761,1298761,41.31398227,-72.91226964,3784969,New Haven,93,93,New Haven,8/5/2025,2025,8,August,5,3,Tuesday,6:56:00,6,25031277,A,"Injury of any type (Serious, Minor, Possible)",C,Possible Injury (C),2,0,0,4,Local,0.48,575,STATE ST,STATE ST,,HUMPHREY ST,72,Feet,W,41.31398227,-72.91226964,14,Motor Vehicle in Operation,1,Front to rear,1,On Roadway,1,Clear,88,Not Applicable,1,Daylight,1,Dry,99,Unknown,88,Not Applicable,88,Not Applicable,0,None,88,Not Applicable,88,Not Applicable,3,Intersection-Related,2,Four-Way Intersection,1,No,1,No,88,Not Applicable,88,Not Applicable,88,Not Applicable,88,Not Applicable,FALSE,1,Public Road,1,"Trafficway, On Road",CT0009300,New Haven PD,46174,24:35.0,C,Closed,00:55.0,,,,,,,