CrashId,Fatal Case Status,Fatal Case Status Text Format,CrashId,CrashId,Latitude,Longitude,DOT Case Number,Town Name,Town Number,Town Number,Town Number Text Format,Date Of Crash,Year,Month,Month Text Format,Day,Day of the Week,Day of the Week Text Format,Time of Crash,Hour of the Day,Case Identifier,Crash Severity,Crash Severity Text Format,Most Severe Injury,Most Severe Injury Text Format,Number Of Motor Vehicles,Number Of Non-Motorist,Number Of Witnesses,Route Class,Route Class Text Format,Milemarker,Road Number,Road Description,Roadway Name,Intersecting Roadway Name,Landmark Description,Distance From Nearest Landmark,Unit Of Measure From Nearest Landmark,Direction From Nearest Landmark,Latitude,Longitude,First Harmful Event,First Harmful Event Text Format,Manner of Crash / Collision Impact,Manner of Crash / Collision Impact Text Format,Location of First Harmful Event,Location of First Harmful Event Text Format,Weather Condition,Weather Condition Text Format,Weather 2,Weather 2 Text Format,Light Condition,Light Condition Text Format,Road Surface Condition,Road Surface Condition Text Format,"Contributing Circumstances, Environment","Contributing Circumstances, Environment Text Format",Environment 2,Environment 2 Text Format,Environment 3,Environment 3 Text Format,"Contributing Circumstances, Road","Contributing Circumstances, Road Text Format",Road 2,Road 2 Text Format,Road 3,Road 3 Text Format,Crash Specific Location,Crash Specific Location Text Format,Type of Intersection,Type of Intersection Text Format,School Bus Related,School Bus Related Text Format,Work Zone Related,Work Zone Related Text Format,Location Of Crash Relative To Work Zone,Location Of Crash Relative To Work Zone Text Format,Type of Work Zone,Type of Work Zone Text Format,Worker Presence,Worker Presence Text Format,Law Enforcement Presence,Law Enforcement Presence Text Format,Were Vehicles Moved Prior To Police Arrival,Trafficway Ownership,Trafficway Ownership Text Format,Trafficway Class,Trafficway Class Text Format,Police Agency,Police Agency Text Format,Badge Number,Approval Date,Police Case Status,Police Case Status Text Format,Crash Report Submission Date,Related Case Identifiers,No. of Through Lanes (Log Dir.),Average Daily Traffic,Functional Classification,Functional Classification Text Format,Rural or Urban,Rural or Urban Text Format
1299076,1,Complete,1299076,1299076,41.304465,-72.894545,3785284,New Haven,93,93,New Haven,8/6/2025,2025,8,August,6,4,Wednesday,11:04:00,11,25031485,A,"Injury of any type (Serious, Minor, Possible)",C,Possible Injury (C),2,0,0,4,Local,1.08,213,FERRY ST,FERRY ST,,CHAPEL ST,25,Feet,N,41.304465,-72.894545,14,Motor Vehicle in Operation,1,Front to rear,1,On Roadway,1,Clear,88,Not Applicable,1,Daylight,1,Dry,0,None,88,Not Applicable,88,Not Applicable,0,None,88,Not Applicable,88,Not Applicable,3,Intersection-Related,2,Four-Way Intersection,1,No,1,No,88,Not Applicable,88,Not Applicable,88,Not Applicable,88,Not Applicable,FALSE,1,Public Road,1,"Trafficway, On Road",CT0009300,New Haven PD,40789,25:50.0,C,Closed,00:33.0,,,,,,,
1299077,1,Complete,1299077,1299077,41.32362216,-72.8856404,3785285,New Haven,93,93,New Haven,8/6/2025,2025,8,August,6,4,Wednesday,12:14:00,12,25031494,A,"Injury of any type (Serious, Minor, Possible)",C,Possible Injury (C),2,0,0,4,Local,0.01,411,MIDDLETOWN AV,MIDDLETOWN AV,,FRONT ST,4,TenthsofMile,N,41.32362216,-72.8856404,14,Motor Vehicle in Operation,3,Angle,1,On Roadway,1,Clear,88,Not Applicable,1,Daylight,1,Dry,0,None,88,Not Applicable,88,Not Applicable,0,None,88,Not Applicable,88,Not Applicable,1,Non-Junction,1,Not at Intersection,1,No,1,No,88,Not Applicable,88,Not Applicable,88,Not Applicable,88,Not Applicable,FALSE,1,Public Road,1,"Trafficway, On Road",CT0009300,New Haven PD,44052,37:01.0,C,Closed,00:32.0,,,,,,,
1299082,1,Complete,1299082,1299082,41.32466,-72.9165,3785290,New Haven,93,93,New Haven,8/6/2025,2025,8,August,6,4,Wednesday,19:01:00,19,25031580,A,"Injury of any type (Serious, Minor, Possible)",C,Possible Injury (C),2,0,0,4,Local,0.34,83,CANNER ST,CANNER ST,WHITNEY AVE,,,,,41.32466,-72.9165,14,Motor Vehicle in Operation,2,Front to front,1,On Roadway,1,Clear,88,Not Applicable,1,Daylight,1,Dry,0,None,88,Not Applicable,88,Not Applicable,0,None,88,Not Applicable,88,Not Applicable,2,Intersection,2,Four-Way Intersection,1,No,1,No,88,Not Applicable,88,Not Applicable,88,Not Applicable,88,Not Applicable,FALSE,1,Public Road,1,"Trafficway, On Road",CT0009300,New Haven PD,45399,31:59.0,C,Closed,00:33.0,,,,,,,
1299352,1,Complete,1299352,1299352,41.29668,-72.89274,3785560,New Haven,93,93,New Haven,8/2/2025,2025,8,August,2,7,Saturday,22:00:00,22,25030953,A,"Injury of any type (Serious, Minor, Possible)",C,Possible Injury (C),2,0,0,4,Local,0.16,210,FARREN AV,FARREN AV,,FULTON STREET,82,Feet,S,41.29668,-72.89274,14,Motor Vehicle in Operation,1,Front to rear,1,On Roadway,1,Clear,88,Not Applicable,5,Dark-Not Lighted,1,Dry,0,None,88,Not Applicable,88,Not Applicable,0,None,88,Not Applicable,88,Not Applicable,1,Non-Junction,1,Not at Intersection,1,No,1,No,88,Not Applicable,88,Not Applicable,88,Not Applicable,88,Not Applicable,FALSE,1,Public Road,1,"Trafficway, On Road",CT0009300,New Haven PD,754,43:18.0,C,Closed,00:13.0,,,,,,,
1299353,1,Complete,1299353,1299353,41.28882,-72.89258,3785561,New Haven,93,93,New Haven,8/5/2025,2025,8,August,5,3,Tuesday,16:23:00,16,25031371,A,"Injury of any type (Serious, Minor, Possible)",C,Possible Injury (C),2,0,0,3,State,0.09,741,741-E,741-E,MAIN ST NO 2,,,,,41.28882,-72.89258,14,Motor Vehicle in Operation,3,Angle,1,On Roadway,1,Clear,88,Not Applicable,1,Daylight,1,Dry,0,None,88,Not Applicable,88,Not Applicable,0,None,88,Not Applicable,88,Not Applicable,2,Intersection,2,Four-Way Intersection,1,No,1,No,88,Not Applicable,88,Not Applicable,88,Not Applicable,88,Not Applicable,TRUE,1,Public Road,1,"Trafficway, On Road",CT0009300,New Haven PD,44056,43:53.0,C,Closed,00:14.0,,,,,,,
1299356,1,Complete,1299356,1299356,41.32183,-72.87671,925141,New Haven,93,93,New Haven,8/6/2025,2025,8,August,6,4,Wednesday,22:13:00,22,25031606,K,Fatal (Kill),K,Fatal Injury (K),1,1,2,3,State,0.28,80,80-E,80-E,,QUINNIPIAC AVENUE,0.15,TenthsofMile,W,41.32183,-72.87671,9,Pedestrian,88,Not Applicable,1,On Roadway,1,Clear,88,Not Applicable,4,Dark-Lighted,1,Dry,99,Unknown,88,Not Applicable,88,Not Applicable,0,None,88,Not Applicable,88,Not Applicable,1,Non-Junction,1,Not at Intersection,1,No,1,No,88,Not Applicable,88,Not Applicable,88,Not Applicable,88,Not Applicable,FALSE,1,Public Road,1,"Trafficway, On Road",CT0009300,New Haven PD,47737,00:33.0,O,Open,00:14.0,,,,,,,
1299361,1,Complete,1299361,1299361,41.312111,-72.90944,3785569,New Haven,93,93,New Haven,8/7/2025,2025,8,August,7,5,Thursday,16:38:00,16,25031707,A,"Injury of any type (Serious, Minor, Possible)",C,Possible Injury (C),2,0,0,4,Local,0.05,621,WALNUT ST,WALNUT ST,EAST ST,,,,,41.312111,-72.90944,14,Motor Vehicle in Operation,3,Angle,1,On Roadway,1,Clear,88,Not Applicable,1,Daylight,1,Dry,0,None,88,Not Applicable,88,Not Applicable,0,None,88,Not Applicable,88,Not Applicable,2,Intersection,2,Four-Way Intersection,1,No,1,No,88,Not Applicable,88,Not Applicable,88,Not Applicable,88,Not Applicable,FALSE,1,Public Road,1,"Trafficway, On Road",CT0009300,New Haven PD,48045,55:32.0,C,Closed,00:14.0,,,,,,,
1299365,1,Complete,1299365,1299365,41.310626,-72.94958,3785573,New Haven,93,93,New Haven,8/7/2025,2025,8,August,7,5,Thursday,22:01:00,22,25031762,A,"Injury of any type (Serious, Minor, Possible)",B,Suspected Minor Injury (B),1,1,0,4,Local,0.02,248,GEORGE ST,GEORGE ST,,NORTON ST,25,Feet,W,41.310626,-72.94958,10,Pedalcycle/Pedalcyclist,97,Other,1,On Roadway,1,Clear,88,Not Applicable,4,Dark-Lighted,1,Dry,0,None,88,Not Applicable,88,Not Applicable,0,None,88,Not Applicable,88,Not Applicable,1,Non-Junction,1,Not at Intersection,1,No,1,No,88,Not Applicable,88,Not Applicable,88,Not Applicable,88,Not Applicable,FALSE,1,Public Road,1,"Trafficway, On Road",CT0009300,New Haven PD,46173,30:02.0,C,Closed,00:16.0,,,,,,,
1299774,1,Complete,1299774,1299774,41.307423,-72.886981,3785982,New Haven,93,93,New Haven,8/3/2025,2025,8,August,3,1,Sunday,6:33:00,6,25030977,A,"Injury of any type (Serious, Minor, Possible)",C,Possible Injury (C),2,0,0,4,Local,1.05,498,QUINNIPIAC AV,QUINNIPIAC AV,,WELCOME STREET,60,Feet,N,41.307423,-72.886981,14,Motor Vehicle in Operation,1,Front to rear,1,On Roadway,1,Clear,88,Not Applicable,1,Daylight,1,Dry,0,None,88,Not Applicable,88,Not Applicable,0,None,88,Not Applicable,88,Not Applicable,1,Non-Junction,1,Not at Intersection,1,No,1,No,88,Not Applicable,88,Not Applicable,88,Not Applicable,88,Not Applicable,FALSE,1,Public Road,1,"Trafficway, On Road",CT0009300,New Haven PD,156,14:14.0,C,Closed,00:20.0,,,,,,,
1299781,1,Complete,1299781,1299781,41.31466,-72.939612,3785989,New Haven,93,93,New Haven,8/7/2025,2025,8,August,7,5,Thursday,12:33:00,12,25031692,A,"Injury of any type (Serious, Minor, Possible)",C,Possible Injury (C),2,0,0,4,Local,0.94,453,ORCHARD ST,ORCHARD ST,,ELM ST,195,Feet,N,41.31466,-72.939612,14,Motor Vehicle in Operation,3,Angle,1,On Roadway,1,Clear,88,Not Applicable,1,Daylight,1,Dry,0,None,88,Not Applicable,88,Not Applicable,0,None,88,Not Applicable,88,Not Applicable,1,Non-Junction,1,Not at Intersection,1,No,1,No,88,Not Applicable,88,Not Applicable,88,Not Applicable,88,Not Applicable,FALSE,1,Public Road,1,"Trafficway, On Road",CT0009300,New Haven PD,40804,33:51.0,C,Closed,00:15.0,,,,,,,
1299786,1,Complete,1299786,1299786,41.29765936,-72.94089582,3785994,New Haven,93,93,New Haven,8/8/2025,2025,8,August,8,6,Friday,10:29:00,10,25031789,A,"Injury of any type (Serious, Minor, Possible)",C,Possible Injury (C),2,0,0,2,USRoute,47.05,1,1-N,1-N,WEST ST,,,,,41.29765936,-72.94089582,14,Motor Vehicle in Operation,3,Angle,1,On Roadway,1,Clear,88,Not Applicable,1,Daylight,1,Dry,0,None,88,Not Applicable,88,Not Applicable,0,None,88,Not Applicable,88,Not Applicable,2,Intersection,2,Four-Way Intersection,1,No,1,No,88,Not Applicable,88,Not Applicable,88,Not Applicable,88,Not Applicable,FALSE,1,Public Road,1,"Trafficway, On Road",CT0009300,New Haven PD,45397,11:50.0,C,Closed,00:19.0,,,,,,,
1299789,1,Complete,1299789,1299789,41.314141,-72.903993,3785997,New Haven,93,93,New Haven,8/8/2025,2025,8,August,8,6,Friday,13:51:00,13,25031808,A,"Injury of any type (Serious, Minor, Possible)",C,Possible Injury (C),2,0,0,4,Local,0,379,LOMBARD ST,LOMBARD ST,JAMES ST,,,,,41.314141,-72.903993,14,Motor Vehicle in Operation,1,Front to rear,1,On Roadway,1,Clear,88,Not Applicable,1,Daylight,1,Dry,0,None,88,Not Applicable,88,Not Applicable,0,None,88,Not Applicable,88,Not Applicable,2,Intersection,2,Four-Way Intersection,1,No,1,No,88,Not Applicable,88,Not Applicable,88,Not Applicable,88,Not Applicable,FALSE,1,Public Road,1,"Trafficway, On Road",CT0009300,New Haven PD,42057,43:00.0,C,Closed,00:20.0,,,,,,,
1299795,1,Complete,1299795,1299795,41.286381,-72.936249,3786003,New Haven,93,93,New Haven,8/8/2025,2025,8,August,8,6,Friday,21:30:00,21,25031873,A,"Injury of any type (Serious, Minor, Possible)",B,Suspected Minor Injury (B),1,1,0,3,State,0.47,10,10-N,10-N,KIMBERLY AVE,,,,,41.286381,-72.936249,9,Pedestrian,88,Not Applicable,1,On Roadway,1,Clear,88,Not Applicable,4,Dark-Lighted,1,Dry,0,None,88,Not Applicable,88,Not Applicable,0,None,88,Not Applicable,88,Not Applicable,2,Intersection,2,Four-Way Intersection,1,No,1,No,88,Not Applicable,88,Not Applicable,88,Not Applicable,88,Not Applicable,FALSE,1,Public Road,1,"Trafficway, On Road",CT0009300,New Haven PD,46628,12:26.0,C,Closed,00:29.0,25-031873,,,,,,
1299797,1,Complete,1299797,1299797,41.3022,-72.928787,3786005,New Haven,93,93,New Haven,8/8/2025,2025,8,August,8,6,Friday,22:21:00,22,25031884,A,"Injury of any type (Serious, Minor, Possible)",C,Possible Injury (C),2,0,0,4,Local,0.52,564,SOUTH FRONTAGE RD,SOUTH FRONTAGE RD,CHURCH ST S,,,,,41.3022,-72.928787,14,Motor Vehicle in Operation,2,Front to front,1,On Roadway,1,Clear,88,Not Applicable,4,Dark-Lighted,1,Dry,0,None,88,Not Applicable,88,Not Applicable,0,None,88,Not Applicable,88,Not Applicable,2,Intersection,2,Four-Way Intersection,1,No,1,No,88,Not Applicable,88,Not Applicable,88,Not Applicable,88,Not Applicable,FALSE,1,Public Road,1,"Trafficway, On Road",CT0009300,New Haven PD,44949,37:27.0,C,Closed,00:22.0,,,,,,,
1299801,1,Complete,1299801,1299801,41.306579,-72.952723,3786009,New Haven,93,93,New Haven,8/9/2025,2025,8,August,9,7,Saturday,15:10:00,15,25031974,A,"Injury of any type (Serious, Minor, Possible)",C,Possible Injury (C),1,1,0,4,Local,1.45,809,REV DR MLK JR BLVD,REV DR MLK JR BLVD,ELLA T GRASSO BLVD,,,,,41.306579,-72.952723,9,Pedestrian,88,Not Applicable,1,On Roadway,1,Clear,88,Not Applicable,1,Daylight,1,Dry,0,None,88,Not Applicable,88,Not Applicable,0,None,88,Not Applicable,88,Not Applicable,2,Intersection,3,T-Intersection,1,No,1,No,88,Not Applicable,88,Not Applicable,88,Not Applicable,88,Not Applicable,FALSE,1,Public Road,1,"Trafficway, On Road",CT0009300,New Haven PD,44045,25:53.0,C,Closed,00:25.0,,,,,,,
1299811,1,Complete,1299811,1299811,41.313225,-72.943834,3786019,New Haven,93,93,New Haven,8/10/2025,2025,8,August,10,1,Sunday,1:41:00,1,25032033,A,"Injury of any type (Serious, Minor, Possible)",C,Possible Injury (C),2,0,0,4,Local,1.46,179,EDGEWOOD AV,EDGEWOOD AV,SHERMAN AV,,,,,41.313225,-72.943834,14,Motor Vehicle in Operation,3,Angle,1,On Roadway,1,Clear,88,Not Applicable,4,Dark-Lighted,1,Dry,0,None,0,None,88,Not Applicable,0,None,88,Not Applicable,88,Not Applicable,2,Intersection,2,Four-Way Intersection,1,No,1,No,88,Not Applicable,88,Not Applicable,88,Not Applicable,88,Not Applicable,FALSE,1,Public Road,1,"Trafficway, On Road",CT0009300,New Haven PD,44175,46:22.0,C,Closed,00:28.0,,,,,,,
1299817,1,Complete,1299817,1299817,41.318503,-72.947519,3786025,New Haven,93,93,New Haven,8/10/2025,2025,8,August,10,1,Sunday,18:45:00,18,25032134,A,"Injury of any type (Serious, Minor, Possible)",B,Suspected Minor Injury (B),2,0,0,4,Local,0.08,653,WHALLEY AV,WHALLEY AV,ELLSWORTH AVE,,,,,41.318503,-72.947519,14,Motor Vehicle in Operation,3,Angle,1,On Roadway,1,Clear,88,Not Applicable,1,Daylight,1,Dry,0,None,88,Not Applicable,88,Not Applicable,0,None,88,Not Applicable,88,Not Applicable,2,Intersection,2,Four-Way Intersection,1,No,1,No,88,Not Applicable,88,Not Applicable,88,Not Applicable,88,Not Applicable,TRUE,1,Public Road,1,"Trafficway, On Road",CT0009300,New Haven PD,44947,46:59.0,C,Closed,00:34.0,,,,,,,
1300415,1,Complete,1300415,1300415,41.303817,-72.918184,3786623,New Haven,93,93,New Haven,6/18/2025,2025,6,June,18,4,Wednesday,16:28:00,16,25024264,A,"Injury of any type (Serious, Minor, Possible)",C,Possible Injury (C),2,0,0,4,Local,1.34,97,CHAPEL ST,CHAPEL ST,,DEPALMA CT,30,Feet,W,41.303817,-72.918184,14,Motor Vehicle in Operation,2,Front to front,1,On Roadway,1,Clear,88,Not Applicable,1,Daylight,1,Dry,0,None,88,Not Applicable,88,Not Applicable,0,None,88,Not Applicable,88,Not Applicable,1,Non-Junction,1,Not at Intersection,1,No,1,No,88,Not Applicable,88,Not Applicable,88,Not Applicable,88,Not Applicable,FALSE,1,Public Road,1,"Trafficway, On Road",CT0009300,New Haven PD,31814,03:56.0,C,Closed,01:39.0,,,,,,,
1300430,1,Complete,1300430,1300430,41.30249,-72.938438,3786638,New Haven,93,93,New Haven,8/11/2025,2025,8,August,11,2,Monday,13:48:00,13,25032250,A,"Injury of any type (Serious, Minor, Possible)",C,Possible Injury (C),2,0,0,4,Local,0.6,141,DAVENPORT AV,DAVENPORT AV,WARD ST,,,,,41.30249,-72.938438,14,Motor Vehicle in Operation,3,Angle,1,On Roadway,1,Clear,88,Not Applicable,1,Daylight,1,Dry,0,None,88,Not Applicable,88,Not Applicable,0,None,88,Not Applicable,88,Not Applicable,2,Intersection,2,Four-Way Intersection,1,No,1,No,88,Not Applicable,88,Not Applicable,88,Not Applicable,88,Not Applicable,FALSE,1,Public Road,1,"Trafficway, On Road",CT0009300,New Haven PD,45983,08:31.0,C,Closed,01:33.0,,,,,,,
1300436,1,Complete,1300436,1300436,41.3229,-72.948983,3786644,New Haven,93,93,New Haven,8/11/2025,2025,8,August,11,2,Monday,19:30:00,19,25032310,A,"Injury of any type (Serious, Minor, Possible)",C,Possible Injury (C),2,0,0,4,Local,0.26,690,ELLA T GRASSO BLVD,ELLA T GRASSO BLVD,,GOFFE TERR,100,Feet,S,41.3229,-72.948983,14,Motor Vehicle in Operation,1,Front to rear,1,On Roadway,1,Clear,88,Not Applicable,1,Daylight,1,Dry,0,None,88,Not Applicable,88,Not Applicable,0,None,88,Not Applicable,88,Not Applicable,1,Non-Junction,1,Not at Intersection,1,No,1,No,88,Not Applicable,88,Not Applicable,88,Not Applicable,88,Not Applicable,FALSE,1,Public Road,1,"Trafficway, On Road",CT0009300,New Haven PD,276,32:19.0,C,Closed,01:39.0,25032310,,,,,,
1300673,1,Complete,1300673,1300673,41.308882,-72.897052,3786881,New Haven,93,93,New Haven,7/19/2025,2025,7,July,19,7,Saturday,19:27:00,19,25028877,A,"Injury of any type (Serious, Minor, Possible)",A,Suspected Serious Injury (A),2,0,0,4,Local,0.59,264,GRAND AV,GRAND AV,POPLAR ST,,,,,41.308882,-72.897052,14,Motor Vehicle in Operation,3,Angle,1,On Roadway,1,Clear,88,Not Applicable,1,Daylight,1,Dry,99,Unknown,88,Not Applicable,88,Not Applicable,0,None,88,Not Applicable,99,Unknown,2,Intersection,2,Four-Way Intersection,1,No,1,No,88,Not Applicable,88,Not Applicable,88,Not Applicable,88,Not Applicable,FALSE,1,Public Road,1,"Trafficway, On Road",CT0009300,New Haven PD,44057,37:17.0,C,Closed,01:49.0,,,,,,,
1300674,1,Complete,1300674,1300674,41.315826,-72.892029,3786882,New Haven,93,93,New Haven,8/7/2025,2025,8,August,7,5,Thursday,11:35:00,11,25031684,A,"Injury of any type (Serious, Minor, Possible)",C,Possible Injury (C),2,0,1,4,Local,0.45,113,CLINTON AV,CLINTON AV,LOMBARD ST,,,,,41.315826,-72.892029,14,Motor Vehicle in Operation,3,Angle,1,On Roadway,1,Clear,88,Not Applicable,1,Daylight,1,Dry,0,None,88,Not Applicable,88,Not Applicable,0,None,88,Not Applicable,88,Not Applicable,2,Intersection,2,Four-Way Intersection,1,No,1,No,88,Not Applicable,88,Not Applicable,88,Not Applicable,88,Not Applicable,FALSE,1,Public Road,1,"Trafficway, On Road",CT0009300,New Haven PD,40789,50:07.0,C,Closed,01:47.0,,,,,,,
1300677,1,Complete,1300677,1300677,41.322308,-72.878001,3786885,New Haven,93,93,New Haven,8/12/2025,2025,8,August,12,3,Tuesday,11:54:00,11,25032401,A,"Injury of any type (Serious, Minor, Possible)",C,Possible Injury (C),2,0,0,3,State,0.21,80,80-E,80-E,,EXIT 8 (91-N-16A),870,Feet,W,41.322308,-72.878001,14,Motor Vehicle in Operation,4,"Sideswipe, same direction",1,On Roadway,1,Clear,88,Not Applicable,1,Daylight,1,Dry,0,None,88,Not Applicable,88,Not Applicable,0,None,88,Not Applicable,88,Not Applicable,3,Intersection-Related,3,T-Intersection,1,No,1,No,88,Not Applicable,88,Not Applicable,88,Not Applicable,88,Not Applicable,FALSE,1,Public Road,1,"Trafficway, On Road",CT0009300,New Haven PD,40807,06:18.0,C,Closed,01:49.0,,,,,,,
1300681,1,Complete,1300681,1300681,41.30902,-72.894953,3786889,New Haven,93,93,New Haven,8/12/2025,2025,8,August,12,3,Tuesday,18:39:00,18,25032452,A,"Injury of any type (Serious, Minor, Possible)",C,Possible Injury (C),2,0,0,4,Local,0.48,264,GRAND AV,GRAND AV,,FERRY ST,125,Feet,E,41.30902,-72.894953,14,Motor Vehicle in Operation,3,Angle,1,On Roadway,1,Clear,88,Not Applicable,1,Daylight,1,Dry,0,None,88,Not Applicable,88,Not Applicable,0,None,88,Not Applicable,88,Not Applicable,9,Driveway Access-Related,1,Not at Intersection,1,No,1,No,88,Not Applicable,88,Not Applicable,88,Not Applicable,88,Not Applicable,TRUE,1,Public Road,1,"Trafficway, On Road",CT0009300,New Haven PD,46614,10:32.0,C,Closed,01:50.0,,,,,,,
1301027,1,Complete,1301027,1301027,41.316704,-72.942649,3787235,New Haven,93,93,New Haven,8/13/2025,2025,8,August,13,4,Wednesday,15:05:00,15,25032582,A,"Injury of any type (Serious, Minor, Possible)",C,Possible Injury (C),2,0,0,4,Local,0.37,653,WHALLEY AV,WHALLEY AV,,SHERMAN AVE,35,Feet,W,41.316704,-72.942649,14,Motor Vehicle in Operation,1,Front to rear,1,On Roadway,2,Cloudy,88,Not Applicable,1,Daylight,1,Dry,0,None,88,Not Applicable,88,Not Applicable,0,None,88,Not Applicable,88,Not Applicable,3,Intersection-Related,2,Four-Way Intersection,1,No,1,No,88,Not Applicable,88,Not Applicable,88,Not Applicable,88,Not Applicable,TRUE,1,Public Road,1,"Trafficway, On Road",CT0009300,New Haven PD,44947,28:46.0,O,Open,00:53.0,,,,,,,
1301028,1,Complete,1301028,1301028,41.315556,-72.940662,3787236,New Haven,93,93,New Haven,8/13/2025,2025,8,August,13,4,Wednesday,15:26:00,15,25032589,A,"Injury of any type (Serious, Minor, Possible)",C,Possible Injury (C),2,0,0,,,,,,226 WHALLEY AVE,,COUNTY ST ,195,Feet,S,41.315556,-72.940662,14,Motor Vehicle in Operation,1,Front to rear,97,Other,2,Cloudy,88,Not Applicable,1,Daylight,1,Dry,0,None,88,Not Applicable,88,Not Applicable,0,None,88,Not Applicable,88,Not Applicable,97,Other,1,Not at Intersection,1,No,1,No,88,Not Applicable,88,Not Applicable,88,Not Applicable,88,Not Applicable,TRUE,88,Not Applicable,4,Parking Lot,CT0009300,New Haven PD,44947,12:29.0,C,Closed,00:52.0,,,,,,,
1301032,1,Complete,1301032,1301032,41.308871,-72.945609,3787240,New Haven,93,93,New Haven,8/13/2025,2025,8,August,13,4,Wednesday,21:01:00,21,25032643,A,"Injury of any type (Serious, Minor, Possible)",B,Suspected Minor Injury (B),2,0,0,4,Local,0.21,556,SHERMAN AV,SHERMAN AV,GILBERT AV,,,,,41.308871,-72.945609,14,Motor Vehicle in Operation,3,Angle,1,On Roadway,4,Rain,88,Not Applicable,4,Dark-Lighted,2,Wet,0,None,88,Not Applicable,88,Not Applicable,0,None,88,Not Applicable,88,Not Applicable,2,Intersection,2,Four-Way Intersection,1,No,1,No,88,Not Applicable,88,Not Applicable,88,Not Applicable,88,Not Applicable,FALSE,1,Public Road,1,"Trafficway, On Road",CT0009300,New Haven PD,44045,32:57.0,C,Closed,00:54.0,,,,,,,
1301248,1,Complete,1301248,1301248,41.308229,-72.949531,3787456,New Haven,93,93,New Haven,8/13/2025,2025,8,August,13,4,Wednesday,12:59:00,12,25032555,A,"Injury of any type (Serious, Minor, Possible)",A,Suspected Serious Injury (A),1,1,0,4,Local,0.18,333,JUDSON AV,JUDSON AV,,WINTHROP AVENUE,350,Feet,W,41.308229,-72.949531,14,Motor Vehicle in Operation,3,Angle,1,On Roadway,1,Clear,88,Not Applicable,1,Daylight,1,Dry,0,None,88,Not Applicable,88,Not Applicable,0,None,88,Not Applicable,88,Not Applicable,1,Non-Junction,1,Not at Intersection,1,No,1,No,88,Not Applicable,88,Not Applicable,88,Not Applicable,88,Not Applicable,FALSE,1,Public Road,1,"Trafficway, On Road",CT0009300,New Haven PD,44062,56:01.0,C,Closed,00:24.0,,,,,,,
1301249,1,Complete,1301249,1301249,41.306138,-72.925871,3787457,New Haven,93,93,New Haven,8/13/2025,2025,8,August,13,4,Wednesday,15:49:00,15,25032587,A,"Injury of any type (Serious, Minor, Possible)",A,Suspected Serious Injury (A),1,1,0,4,Local,1.78,97,CHAPEL ST,CHAPEL ST,Church Street,,,,,41.306138,-72.925871,9,Pedestrian,88,Not Applicable,1,On Roadway,1,Clear,88,Not Applicable,1,Daylight,1,Dry,0,None,88,Not Applicable,88,Not Applicable,0,None,88,Not Applicable,88,Not Applicable,2,Intersection,2,Four-Way Intersection,1,No,1,No,88,Not Applicable,88,Not Applicable,88,Not Applicable,88,Not Applicable,FALSE,1,Public Road,1,"Trafficway, On Road",CT0009300,New Haven PD,74,42:20.0,C,Closed,00:25.0,,,,,,,
1301251,1,Complete,1301251,1301251,41.300419,-72.937468,3787459,New Haven,93,93,New Haven,8/13/2025,2025,8,August,13,4,Wednesday,19:04:00,19,25032623,A,"Injury of any type (Serious, Minor, Possible)",C,Possible Injury (C),4,0,0,4,Local,0.02,138,DAGGETT ST,DAGGETT ST,,CONGRESS AVE,100,Feet,S,41.300419,-72.937468,14,Motor Vehicle in Operation,4,"Sideswipe, same direction",1,On Roadway,4,Rain,88,Not Applicable,1,Daylight,2,Wet,0,None,88,Not Applicable,88,Not Applicable,0,None,88,Not Applicable,88,Not Applicable,1,Non-Junction,1,Not at Intersection,1,No,1,No,88,Not Applicable,88,Not Applicable,88,Not Applicable,88,Not Applicable,FALSE,1,Public Road,1,"Trafficway, On Road",CT0009300,New Haven PD,46613,57:52.0,C,Closed,00:27.0,,,,,,,
1301260,1,Complete,1301260,1301260,41.305316,-72.937357,3787468,New Haven,93,93,New Haven,8/14/2025,2025,8,August,14,5,Thursday,14:00:00,14,25032749,A,"Injury of any type (Serious, Minor, Possible)",C,Possible Injury (C),2,0,0,4,Local,0.06,308,HOWARD AV,HOWARD AV,,SYLVAN AVE,100,Feet,N,41.305316,-72.937357,14,Motor Vehicle in Operation,1,Front to rear,1,On Roadway,1,Clear,88,Not Applicable,1,Daylight,1,Dry,99,Unknown,88,Not Applicable,88,Not Applicable,0,None,88,Not Applicable,88,Not Applicable,1,Non-Junction,1,Not at Intersection,1,No,1,No,88,Not Applicable,88,Not Applicable,88,Not Applicable,88,Not Applicable,TRUE,1,Public Road,1,"Trafficway, On Road",CT0009300,New Haven PD,476,00:00.0,C,Closed,00:30.0,,,,,,,