CrashId,Fatal Case Status,Fatal Case Status Text Format,CrashId,CrashId,Latitude,Longitude,DOT Case Number,Town Name,Town Number,Town Number,Town Number Text Format,Date Of Crash,Year,Month,Month Text Format,Day,Day of the Week,Day of the Week Text Format,Time of Crash,Hour of the Day,Case Identifier,Crash Severity,Crash Severity Text Format,Most Severe Injury,Most Severe Injury Text Format,Number Of Motor Vehicles,Number Of Non-Motorist,Number Of Witnesses,Route Class,Route Class Text Format,Milemarker,Road Number,Road Description,Roadway Name,Intersecting Roadway Name,Landmark Description,Distance From Nearest Landmark,Unit Of Measure From Nearest Landmark,Direction From Nearest Landmark,Latitude,Longitude,First Harmful Event,First Harmful Event Text Format,Manner of Crash / Collision Impact,Manner of Crash / Collision Impact Text Format,Location of First Harmful Event,Location of First Harmful Event Text Format,Weather Condition,Weather Condition Text Format,Weather 2,Weather 2 Text Format,Light Condition,Light Condition Text Format,Road Surface Condition,Road Surface Condition Text Format,"Contributing Circumstances, Environment","Contributing Circumstances, Environment Text Format",Environment 2,Environment 2 Text Format,Environment 3,Environment 3 Text Format,"Contributing Circumstances, Road","Contributing Circumstances, Road Text Format",Road 2,Road 2 Text Format,Road 3,Road 3 Text Format,Crash Specific Location,Crash Specific Location Text Format,Type of Intersection,Type of Intersection Text Format,School Bus Related,School Bus Related Text Format,Work Zone Related,Work Zone Related Text Format,Location Of Crash Relative To Work Zone,Location Of Crash Relative To Work Zone Text Format,Type of Work Zone,Type of Work Zone Text Format,Worker Presence,Worker Presence Text Format,Law Enforcement Presence,Law Enforcement Presence Text Format,Were Vehicles Moved Prior To Police Arrival,Trafficway Ownership,Trafficway Ownership Text Format,Trafficway Class,Trafficway Class Text Format,Police Agency,Police Agency Text Format,Badge Number,Approval Date,Police Case Status,Police Case Status Text Format,Crash Report Submission Date,Related Case Identifiers,No. of Through Lanes (Log Dir.),Average Daily Traffic,Functional Classification,Functional Classification Text Format,Rural or Urban,Rural or Urban Text Format
1301600,1,Complete,1301600,1301600,41.33149,-72.935203,3787808,New Haven,93,93,New Haven,7/23/2025,2025,7,July,23,4,Wednesday,16:05:00,16,25031518,A,"Injury of any type (Serious, Minor, Possible)",C,Possible Injury (C),1,1,0,4,Local,1.31,152,DIXWELL AV,DIXWELL AV,BREWSTER ST,,,,,41.33149,-72.935203,9,Pedestrian,88,Not Applicable,1,On Roadway,1,Clear,88,Not Applicable,1,Daylight,1,Dry,99,Unknown,88,Not Applicable,88,Not Applicable,99,Unknown,88,Not Applicable,88,Not Applicable,2,Intersection,3,T-Intersection,1,No,1,No,88,Not Applicable,88,Not Applicable,88,Not Applicable,88,Not Applicable,FALSE,1,Public Road,1,"Trafficway, On Road",CT0009300,New Haven PD,42048,37:27.0,O,Open,01:09.0,,,,,,,
1301608,1,Complete,1301608,1301608,41.326655,-72.946674,3787816,New Haven,93,93,New Haven,8/14/2025,2025,8,August,14,5,Thursday,10:26:00,10,25032711,A,"Injury of any type (Serious, Minor, Possible)",C,Possible Injury (C),2,0,0,4,Local,0.54,690,ELLA T GRASSO BLVD,ELLA T GRASSO BLVD,DYER ST,,,,,41.326655,-72.946674,14,Motor Vehicle in Operation,2,Front to front,1,On Roadway,1,Clear,88,Not Applicable,1,Daylight,1,Dry,0,None,88,Not Applicable,88,Not Applicable,0,None,88,Not Applicable,88,Not Applicable,2,Intersection,2,Four-Way Intersection,1,No,1,No,88,Not Applicable,88,Not Applicable,88,Not Applicable,88,Not Applicable,FALSE,1,Public Road,1,"Trafficway, On Road",CT0009300,New Haven PD,45397,00:34.0,C,Closed,01:01.0,,,,,,,
1301611,1,Complete,1301611,1301611,41.327167,-72.97212,3787819,New Haven,93,93,New Haven,8/15/2025,2025,8,August,15,6,Friday,9:18:00,9,25032874,A,"Injury of any type (Serious, Minor, Possible)",B,Suspected Minor Injury (B),2,0,0,3,State,6.01,243,243-E,243-E,W PROSPECT ST,,,,,41.327167,-72.97212,14,Motor Vehicle in Operation,3,Angle,1,On Roadway,1,Clear,1,Clear,1,Daylight,1,Dry,0,None,88,Not Applicable,88,Not Applicable,0,None,88,Not Applicable,88,Not Applicable,2,Intersection,2,Four-Way Intersection,1,No,1,No,88,Not Applicable,88,Not Applicable,88,Not Applicable,88,Not Applicable,TRUE,1,Public Road,1,"Trafficway, On Road",CT0009300,New Haven PD,45403,12:37.0,C,Closed,00:52.0,,,,,,,
1301612,1,Complete,1301612,1301612,41.321031,-72.874339,3787820,New Haven,93,93,New Haven,8/15/2025,2025,8,August,15,6,Friday,10:53:00,10,25032893,A,"Injury of any type (Serious, Minor, Possible)",C,Possible Injury (C),2,0,0,3,State,0.42,80,80-E,80-E,,QUINNIPIAC AVE,70,Feet,E,41.321031,-72.874339,14,Motor Vehicle in Operation,3,Angle,1,On Roadway,1,Clear,88,Not Applicable,1,Daylight,1,Dry,0,None,88,Not Applicable,88,Not Applicable,1,Backup Due to Prior Crash,88,Not Applicable,88,Not Applicable,1,Non-Junction,1,Not at Intersection,1,No,1,No,88,Not Applicable,88,Not Applicable,88,Not Applicable,88,Not Applicable,FALSE,1,Public Road,1,"Trafficway, On Road",CT0009300,New Haven PD,44052,52:01.0,C,Closed,00:52.0,,,,,,,
1301617,1,Complete,1301617,1301617,41.322039,-72.911697,3787825,New Haven,93,93,New Haven,8/15/2025,2025,8,August,15,6,Friday,14:09:00,14,25032925,A,"Injury of any type (Serious, Minor, Possible)",B,Suspected Minor Injury (B),1,1,0,4,Local,0.39,450,ORANGE ST NO 1,ORANGE ST NO 1,WILLOW ST,,,,,41.322039,-72.911697,10,Pedalcycle/Pedalcyclist,3,Angle,1,On Roadway,1,Clear,88,Not Applicable,1,Daylight,1,Dry,0,None,88,Not Applicable,88,Not Applicable,0,None,88,Not Applicable,88,Not Applicable,2,Intersection,2,Four-Way Intersection,1,No,1,No,88,Not Applicable,88,Not Applicable,88,Not Applicable,88,Not Applicable,FALSE,1,Public Road,1,"Trafficway, On Road",CT0009300,New Haven PD,42048,30:51.0,C,Closed,01:04.0,,,,,,,
1301627,1,Complete,1301627,1301627,41.30658262,-72.927059,925146,New Haven,93,93,New Haven,8/16/2025,2025,8,August,16,7,Saturday,0:01:00,0,25032981,K,Fatal (Kill),K,Fatal Injury (K),1,1,0,4,Local,1.84,97,CHAPEL ST,CHAPEL ST,TEMPLE ST,,,,,41.30658262,-72.927059,9,Pedestrian,88,Not Applicable,1,On Roadway,1,Clear,1,Clear,4,Dark-Lighted,1,Dry,0,None,88,Not Applicable,88,Not Applicable,1,Backup Due to Prior Crash,88,Not Applicable,88,Not Applicable,2,Intersection,2,Four-Way Intersection,1,No,1,No,88,Not Applicable,88,Not Applicable,88,Not Applicable,88,Not Applicable,FALSE,1,Public Road,1,"Trafficway, On Road",CT0009300,New Haven PD,7729,35:26.0,O,Open,01:00.0,,,,,,,
1301628,1,Complete,1301628,1301628,41.298372,-72.892433,3787836,New Haven,93,93,New Haven,8/15/2025,2025,8,August,15,6,Friday,23:33:00,23,25032985,A,"Injury of any type (Serious, Minor, Possible)",B,Suspected Minor Injury (B),2,0,0,4,Local,0.28,210,FARREN AV,FARREN AV,LANCRAFT ST,,,,,41.298372,-72.892433,14,Motor Vehicle in Operation,3,Angle,1,On Roadway,1,Clear,88,Not Applicable,4,Dark-Lighted,1,Dry,0,None,88,Not Applicable,88,Not Applicable,0,None,88,Not Applicable,88,Not Applicable,2,Intersection,2,Four-Way Intersection,1,No,1,No,88,Not Applicable,88,Not Applicable,88,Not Applicable,88,Not Applicable,FALSE,1,Public Road,1,"Trafficway, On Road",CT0009300,New Haven PD,44063,27:10.0,O,Open,00:59.0,,,,,,,
1301639,1,Complete,1301639,1301639,41.315954,-72.93507,3787847,New Haven,93,93,New Haven,8/17/2025,2025,8,August,17,1,Sunday,13:33:00,13,25033145,A,"Injury of any type (Serious, Minor, Possible)",C,Possible Injury (C),2,0,0,4,Local,0.42,631,WEBSTER ST,WEBSTER ST,,GOFFE ST,40,Feet,E,41.315954,-72.93507,14,Motor Vehicle in Operation,1,Front to rear,1,On Roadway,1,Clear,88,Not Applicable,1,Daylight,1,Dry,0,None,88,Not Applicable,88,Not Applicable,0,None,88,Not Applicable,88,Not Applicable,3,Intersection-Related,2,Four-Way Intersection,1,No,1,No,88,Not Applicable,88,Not Applicable,88,Not Applicable,88,Not Applicable,FALSE,1,Public Road,1,"Trafficway, On Road",CT0009300,New Haven PD,45397,52:56.0,C,Closed,01:11.0,,,,,,,
1301641,1,Complete,1301641,1301641,41.325374,-72.921334,3787849,New Haven,93,93,New Haven,8/17/2025,2025,8,August,17,1,Sunday,18:27:00,18,25033179,A,"Injury of any type (Serious, Minor, Possible)",C,Possible Injury (C),1,0,0,4,Local,0.08,83,CANNER ST,CANNER ST,,PROSPECT ST,400,Feet,E,41.325374,-72.921334,32,Tree (standing),88,Not Applicable,1,On Roadway,1,Clear,88,Not Applicable,1,Daylight,1,Dry,0,None,88,Not Applicable,88,Not Applicable,0,None,88,Not Applicable,88,Not Applicable,1,Non-Junction,1,Not at Intersection,1,No,1,No,88,Not Applicable,88,Not Applicable,88,Not Applicable,88,Not Applicable,FALSE,1,Public Road,1,"Trafficway, On Road",CT0009300,New Haven PD,46623,57:00.0,C,Closed,01:12.0,,,,,,,
1302168,1,Complete,1302168,1302168,41.293602,-72.897706,3788376,New Haven,93,93,New Haven,8/4/2025,2025,8,August,4,2,Monday,14:06:00,14,25031161,A,"Injury of any type (Serious, Minor, Possible)",C,Possible Injury (C),2,0,0,4,Local,0.46,242,FULTON ST,FULTON ST,Forbes Avenue,,,,,41.293602,-72.897706,14,Motor Vehicle in Operation,3,Angle,1,On Roadway,1,Clear,88,Not Applicable,1,Daylight,1,Dry,0,None,88,Not Applicable,88,Not Applicable,0,None,88,Not Applicable,88,Not Applicable,2,Intersection,2,Four-Way Intersection,1,No,1,No,88,Not Applicable,88,Not Applicable,88,Not Applicable,88,Not Applicable,FALSE,1,Public Road,1,"Trafficway, On Road",CT0009300,New Haven PD,175,03:14.0,C,Closed,01:29.0,,,,,,,
1302172,1,Complete,1302172,1302172,41.302275,-72.893074,3788380,New Haven,93,93,New Haven,8/18/2025,2025,8,August,18,2,Monday,11:27:00,11,25033271,A,"Injury of any type (Serious, Minor, Possible)",C,Possible Injury (C),2,0,0,4,Local,0.09,795,EAST FERRY ST,EAST FERRY ST,,RIVER ST,480,Feet,S,41.302275,-72.893074,14,Motor Vehicle in Operation,1,Front to rear,1,On Roadway,1,Clear,88,Not Applicable,1,Daylight,1,Dry,0,None,88,Not Applicable,88,Not Applicable,0,None,88,Not Applicable,88,Not Applicable,13,On a Bridge,1,Not at Intersection,1,No,1,No,88,Not Applicable,88,Not Applicable,88,Not Applicable,88,Not Applicable,FALSE,1,Public Road,1,"Trafficway, On Road",CT0009300,New Haven PD,42057,03:38.0,C,Closed,01:30.0,,,,,,,
1302177,1,Complete,1302177,1302177,41.317275,-72.912846,3788385,New Haven,93,93,New Haven,8/18/2025,2025,8,August,18,2,Monday,16:31:00,16,25033337,A,"Injury of any type (Serious, Minor, Possible)",C,Possible Injury (C),2,0,0,4,Local,0.59,184,EDWARDS ST,EDWARDS ST,,Foster ST,125,Feet,N,41.317275,-72.912846,14,Motor Vehicle in Operation,1,Front to rear,1,On Roadway,1,Clear,88,Not Applicable,1,Daylight,1,Dry,0,None,88,Not Applicable,88,Not Applicable,0,None,88,Not Applicable,88,Not Applicable,1,Non-Junction,1,Not at Intersection,1,No,1,No,88,Not Applicable,88,Not Applicable,88,Not Applicable,88,Not Applicable,FALSE,1,Public Road,1,"Trafficway, On Road",CT0009300,New Haven PD,751,52:59.0,C,Closed,01:33.0,,,,,,,
1302493,1,Complete,1302493,1302493,41.300782,-72.910634,3788701,New Haven,93,93,New Haven,8/18/2025,2025,8,August,18,2,Monday,13:07:00,13,25033300,A,"Injury of any type (Serious, Minor, Possible)",C,Possible Injury (C),1,0,0,2,USRoute,48.97,1,1-N,1-N,,EAST ST,25,Feet,E,41.300782,-72.910634,25,Curb,88,Not Applicable,4,Roadside,1,Clear,88,Not Applicable,1,Daylight,1,Dry,0,None,88,Not Applicable,88,Not Applicable,0,None,88,Not Applicable,88,Not Applicable,1,Non-Junction,1,Not at Intersection,1,No,1,No,88,Not Applicable,88,Not Applicable,88,Not Applicable,88,Not Applicable,FALSE,1,Public Road,1,"Trafficway, On Road",CT0009300,New Haven PD,33016,19:08.0,C,Closed,00:55.0,,,,,,,
1302501,1,Complete,1302501,1302501,41.31871,-72.949198,3788709,New Haven,93,93,New Haven,8/19/2025,2025,8,August,19,3,Tuesday,15:48:00,15,25033530,A,"Injury of any type (Serious, Minor, Possible)",C,Possible Injury (C),2,0,0,3,State,3.01,10,10-N,10-N,,WHALLEY AVE,100,Feet,S,41.31871,-72.949198,14,Motor Vehicle in Operation,3,Angle,1,On Roadway,1,Clear,88,Not Applicable,1,Daylight,1,Dry,0,None,88,Not Applicable,88,Not Applicable,0,None,88,Not Applicable,88,Not Applicable,9,Driveway Access-Related,1,Not at Intersection,1,No,1,No,88,Not Applicable,88,Not Applicable,88,Not Applicable,88,Not Applicable,FALSE,1,Public Road,1,"Trafficway, On Road",CT0009300,New Haven PD,276,23:55.0,C,Closed,00:56.0,25033530,,,,,,
1302504,1,Complete,1302504,1302504,41.303931,-72.920016,3788712,New Haven,93,93,New Haven,8/19/2025,2025,8,August,19,3,Tuesday,16:42:00,16,25033546,A,"Injury of any type (Serious, Minor, Possible)",C,Possible Injury (C),2,0,0,4,Local,1.43,97,CHAPEL ST,CHAPEL ST,,OLIVE ST,35,Feet,E,41.303931,-72.920016,14,Motor Vehicle in Operation,1,Front to rear,1,On Roadway,1,Clear,88,Not Applicable,1,Daylight,1,Dry,3,Glare,88,Not Applicable,88,Not Applicable,0,None,88,Not Applicable,88,Not Applicable,3,Intersection-Related,2,Four-Way Intersection,1,No,1,No,88,Not Applicable,88,Not Applicable,88,Not Applicable,88,Not Applicable,FALSE,1,Public Road,1,"Trafficway, On Road",CT0009300,New Haven PD,46621,42:56.0,C,Closed,00:56.0,,,,,,,
1302505,1,Complete,1302505,1302505,41.282542,-72.936114,3788713,New Haven,93,93,New Haven,8/19/2025,2025,8,August,19,3,Tuesday,16:49:00,16,25033552,A,"Injury of any type (Serious, Minor, Possible)",C,Possible Injury (C),2,0,0,3,State,0.1,10,10-N,10-N,,KIMBERLY AVENUE,500,Feet,W,41.282542,-72.936114,14,Motor Vehicle in Operation,1,Front to rear,1,On Roadway,1,Clear,88,Not Applicable,1,Daylight,1,Dry,0,None,88,Not Applicable,88,Not Applicable,0,None,88,Not Applicable,88,Not Applicable,3,Intersection-Related,3,T-Intersection,1,No,1,No,88,Not Applicable,88,Not Applicable,88,Not Applicable,88,Not Applicable,FALSE,1,Public Road,1,"Trafficway, On Road",CT0009300,New Haven PD,48046,00:57.0,C,Closed,00:54.0,,,,,,,
1302506,1,Complete,1302506,1302506,41.314578,-72.959127,3788714,New Haven,93,93,New Haven,8/19/2025,2025,8,August,19,3,Tuesday,17:12:00,17,25033560,A,"Injury of any type (Serious, Minor, Possible)",C,Possible Injury (C),2,0,0,4,Local,0.73,683,YALE AV,YALE AV,Chapel Street,,,,,41.314578,-72.959127,14,Motor Vehicle in Operation,3,Angle,1,On Roadway,1,Clear,88,Not Applicable,1,Daylight,1,Dry,0,None,88,Not Applicable,88,Not Applicable,0,None,88,Not Applicable,88,Not Applicable,2,Intersection,7,Roundabout,1,No,1,No,88,Not Applicable,88,Not Applicable,88,Not Applicable,88,Not Applicable,FALSE,1,Public Road,1,"Trafficway, On Road",CT0009300,New Haven PD,45403,43:54.0,C,Closed,00:55.0,,,,,,,
1302507,1,Complete,1302507,1302507,41.343474,-72.963836,3788715,New Haven,93,93,New Haven,8/19/2025,2025,8,August,19,3,Tuesday,19:43:00,19,25033583,A,"Injury of any type (Serious, Minor, Possible)",C,Possible Injury (C),2,0,0,4,Local,1.1,671,WINTERGREEN AV,WINTERGREEN AV,,LEVEL ST,500,Feet,W,41.343474,-72.963836,14,Motor Vehicle in Operation,3,Angle,1,On Roadway,1,Clear,88,Not Applicable,4,Dark-Lighted,1,Dry,0,None,88,Not Applicable,88,Not Applicable,0,None,88,Not Applicable,88,Not Applicable,1,Non-Junction,1,Not at Intersection,1,No,1,No,88,Not Applicable,88,Not Applicable,88,Not Applicable,88,Not Applicable,FALSE,1,Public Road,1,"Trafficway, On Road",CT0009300,New Haven PD,45403,39:34.0,C,Closed,00:56.0,,,,,,,
1302755,1,Complete,1302755,1302755,41.320933,-72.874378,3788963,New Haven,93,93,New Haven,8/12/2025,2025,8,August,12,3,Tuesday,13:00:00,13,25032408,A,"Injury of any type (Serious, Minor, Possible)",C,Possible Injury (C),2,0,0,3,State,0.42,80,80-E,80-E,,QUINNIPIAC AVE,70,Feet,W,41.320933,-72.874378,14,Motor Vehicle in Operation,1,Front to rear,1,On Roadway,1,Clear,88,Not Applicable,1,Daylight,1,Dry,0,None,88,Not Applicable,88,Not Applicable,0,None,88,Not Applicable,88,Not Applicable,3,Intersection-Related,2,Four-Way Intersection,1,No,1,No,88,Not Applicable,88,Not Applicable,88,Not Applicable,88,Not Applicable,FALSE,1,Public Road,1,"Trafficway, On Road",CT0009300,New Haven PD,42049,09:36.0,O,Open,00:47.0,,,,,,,
1302758,1,Complete,1302758,1302758,41.332452,-72.935166,3788966,New Haven,93,93,New Haven,8/20/2025,2025,8,August,20,4,Wednesday,8:30:00,8,25033627,A,"Injury of any type (Serious, Minor, Possible)",B,Suspected Minor Injury (B),2,0,0,4,Local,1.38,152,DIXWELL AV,DIXWELL AV,,,,,,41.332452,-72.935166,14,Motor Vehicle in Operation,3,Angle,1,On Roadway,2,Cloudy,88,Not Applicable,1,Daylight,1,Dry,0,None,88,Not Applicable,88,Not Applicable,0,None,88,Not Applicable,88,Not Applicable,2,Intersection,2,Four-Way Intersection,1,No,1,No,88,Not Applicable,88,Not Applicable,88,Not Applicable,88,Not Applicable,TRUE,1,Public Road,1,"Trafficway, On Road",CT0009300,New Haven PD,43689,14:26.0,C,Closed,00:48.0,,,,,,,
1303057,1,Complete,1303057,1303057,41.307362,-72.928619,3789265,New Haven,93,93,New Haven,8/15/2025,2025,8,August,15,6,Friday,22:06:00,22,25032971,A,"Injury of any type (Serious, Minor, Possible)",B,Suspected Minor Injury (B),1,1,0,4,Local,0.33,117,COLLEGE ST,COLLEGE ST,CHAPEL ST,,,,,41.307362,-72.928619,9,Pedestrian,88,Not Applicable,1,On Roadway,1,Clear,88,Not Applicable,4,Dark-Lighted,1,Dry,0,None,88,Not Applicable,88,Not Applicable,0,None,88,Not Applicable,88,Not Applicable,2,Intersection,2,Four-Way Intersection,1,No,1,No,88,Not Applicable,88,Not Applicable,88,Not Applicable,88,Not Applicable,FALSE,1,Public Road,1,"Trafficway, On Road",CT0009300,New Haven PD,46628,33:50.0,C,Closed,02:03.0,25-032971,,,,,,
1303071,1,Complete,1303071,1303071,41.315312,-72.935578,3789279,New Haven,93,93,New Haven,8/21/2025,2025,8,August,21,5,Thursday,21:14:00,21,25033864,A,"Injury of any type (Serious, Minor, Possible)",C,Possible Injury (C),3,0,0,4,Local,0.02,150,DICKERMAN ST,DICKERMAN ST,,SPERRY ST,100,Feet,W,41.315312,-72.935578,14,Motor Vehicle in Operation,1,Front to rear,1,On Roadway,1,Clear,88,Not Applicable,5,Dark-Not Lighted,1,Dry,0,None,88,Not Applicable,88,Not Applicable,0,None,88,Not Applicable,88,Not Applicable,1,Non-Junction,1,Not at Intersection,1,No,1,No,88,Not Applicable,88,Not Applicable,88,Not Applicable,88,Not Applicable,FALSE,1,Public Road,1,"Trafficway, On Road",CT0009300,New Haven PD,44947,06:55.0,O,Open,02:04.0,,,,,,,
1303513,1,Complete,1303513,1303513,41.339501,-72.976998,3789721,New Haven,93,93,New Haven,8/22/2025,2025,8,August,22,6,Friday,9:00:00,9,25033893,A,"Injury of any type (Serious, Minor, Possible)",C,Possible Injury (C),2,0,0,3,State,0.35,69,69-N,69-N,,15-S-116,25,Feet,S,41.339501,-72.976998,14,Motor Vehicle in Operation,4,"Sideswipe, same direction",1,On Roadway,1,Clear,88,Not Applicable,1,Daylight,1,Dry,0,None,88,Not Applicable,88,Not Applicable,0,None,88,Not Applicable,88,Not Applicable,3,Intersection-Related,3,T-Intersection,1,No,1,No,88,Not Applicable,88,Not Applicable,88,Not Applicable,88,Not Applicable,TRUE,1,Public Road,1,"Trafficway, On Road",CT0009300,New Haven PD,46900,07:32.0,C,Closed,00:41.0,,,,,,,
1303514,1,Complete,1303514,1303514,41.306428,-72.943433,3789722,New Haven,93,93,New Haven,8/22/2025,2025,8,August,22,6,Friday,6:45:00,6,25033899,A,"Injury of any type (Serious, Minor, Possible)",C,Possible Injury (C),1,1,0,,,,,,102 N FRONTAGE RD ,,LEGION AVE ,130,Feet,N,41.306428,-72.943433,9,Pedestrian,88,Not Applicable,97,Other,1,Clear,88,Not Applicable,1,Daylight,1,Dry,0,None,88,Not Applicable,88,Not Applicable,0,None,88,Not Applicable,88,Not Applicable,97,Other,1,Not at Intersection,1,No,1,No,88,Not Applicable,88,Not Applicable,88,Not Applicable,88,Not Applicable,TRUE,88,Not Applicable,4,Parking Lot,CT0009300,New Haven PD,45394,38:56.0,C,Closed,00:43.0,,,,,,,
1303517,1,Complete,1303517,1303517,41.32949,-72.968997,3789725,New Haven,93,93,New Haven,8/22/2025,2025,8,August,22,6,Friday,10:36:00,10,25033906,A,"Injury of any type (Serious, Minor, Possible)",C,Possible Injury (C),2,0,0,,,,,,1159 WHALLEY AVE,,DAYTON ST ,155,Feet,N,41.32949,-72.968997,14,Motor Vehicle in Operation,4,"Sideswipe, same direction",97,Other,1,Clear,88,Not Applicable,1,Daylight,1,Dry,0,None,88,Not Applicable,88,Not Applicable,0,None,88,Not Applicable,88,Not Applicable,8,Driveway Access,1,Not at Intersection,1,No,1,No,88,Not Applicable,88,Not Applicable,88,Not Applicable,88,Not Applicable,TRUE,88,Not Applicable,4,Parking Lot,CT0009300,New Haven PD,46900,45:02.0,C,Closed,00:42.0,,,,,,,
1303530,1,Complete,1303530,1303530,41.309673,-72.936976,3789738,New Haven,93,93,New Haven,8/22/2025,2025,8,August,22,6,Friday,22:44:00,22,25033990,A,"Injury of any type (Serious, Minor, Possible)",B,Suspected Minor Injury (B),2,0,0,4,Local,0.3,160,DWIGHT ST,DWIGHT ST,CHAPEL ST,,,,,41.309673,-72.936976,14,Motor Vehicle in Operation,97,Other,1,On Roadway,1,Clear,88,Not Applicable,4,Dark-Lighted,1,Dry,0,None,88,Not Applicable,88,Not Applicable,0,None,88,Not Applicable,88,Not Applicable,2,Intersection,2,Four-Way Intersection,1,No,1,No,88,Not Applicable,88,Not Applicable,88,Not Applicable,88,Not Applicable,FALSE,1,Public Road,1,"Trafficway, On Road",CT0009300,New Haven PD,45625,01:40.0,C,Closed,00:54.0,,,,,,,
1303533,1,Complete,1303533,1303533,41.307591,-72.922733,3789741,New Haven,93,93,New Haven,8/23/2025,2025,8,August,23,7,Saturday,12:58:00,12,25034054,A,"Injury of any type (Serious, Minor, Possible)",B,Suspected Minor Injury (B),2,0,0,4,Local,0.64,726,ELM ST NO 2,ELM ST NO 2,ORANGE ST,,,,,41.307591,-72.922733,14,Motor Vehicle in Operation,3,Angle,1,On Roadway,1,Clear,88,Not Applicable,1,Daylight,1,Dry,0,None,88,Not Applicable,88,Not Applicable,0,None,88,Not Applicable,88,Not Applicable,2,Intersection,2,Four-Way Intersection,1,No,1,No,88,Not Applicable,88,Not Applicable,88,Not Applicable,88,Not Applicable,FALSE,1,Public Road,1,"Trafficway, On Road",CT0009300,New Haven PD,44048,31:49.0,C,Closed,00:50.0,,,,,,,
1303539,1,Complete,1303539,1303539,41.294987,-72.893086,3789747,New Haven,93,93,New Haven,8/23/2025,2025,8,August,23,7,Saturday,16:43:00,16,25034074,A,"Injury of any type (Serious, Minor, Possible)",C,Possible Injury (C),1,0,0,4,Local,0.04,210,FARREN AV,FARREN AV,,Fairmount Ave,105,Feet,N,41.294987,-72.893086,33,Utility Pole/Light Support,88,Not Applicable,4,Roadside,1,Clear,88,Not Applicable,1,Daylight,1,Dry,0,None,88,Not Applicable,88,Not Applicable,0,None,88,Not Applicable,88,Not Applicable,1,Non-Junction,1,Not at Intersection,1,No,1,No,88,Not Applicable,88,Not Applicable,88,Not Applicable,88,Not Applicable,FALSE,1,Public Road,1,"Trafficway, On Road",CT0009300,New Haven PD,46622,29:16.0,C,Closed,00:53.0,,,,,,,
1303540,1,Complete,1303540,1303540,41.328863,-72.956298,3789748,New Haven,93,93,New Haven,8/23/2025,2025,8,August,23,7,Saturday,18:23:00,18,25034082,A,"Injury of any type (Serious, Minor, Possible)",A,Suspected Serious Injury (A),1,0,1,4,Local,0.75,56,BLAKE ST,BLAKE ST,,AUSTIN ST,50,Feet,S,41.328863,-72.956298,25,Curb,88,Not Applicable,4,Roadside,1,Clear,88,Not Applicable,1,Daylight,1,Dry,0,None,88,Not Applicable,88,Not Applicable,0,None,88,Not Applicable,88,Not Applicable,1,Non-Junction,1,Not at Intersection,1,No,1,No,88,Not Applicable,88,Not Applicable,88,Not Applicable,88,Not Applicable,FALSE,1,Public Road,1,"Trafficway, On Road",CT0009300,New Haven PD,170,48:13.0,C,Closed,00:53.0,,,,,,,
1303550,1,Complete,1303550,1303550,41.316567,-72.893961,3789758,New Haven,93,93,New Haven,8/24/2025,2025,8,August,24,1,Sunday,18:35:00,18,25034213,A,"Injury of any type (Serious, Minor, Possible)",B,Suspected Minor Injury (B),2,0,1,4,Local,0.14,29,ATWATER ST,ATWATER ST,PECK ST NO 2,,,,,41.316567,-72.893961,14,Motor Vehicle in Operation,2,Front to front,1,On Roadway,1,Clear,88,Not Applicable,1,Daylight,1,Dry,0,None,88,Not Applicable,88,Not Applicable,0,None,88,Not Applicable,88,Not Applicable,2,Intersection,2,Four-Way Intersection,1,No,1,No,88,Not Applicable,88,Not Applicable,88,Not Applicable,88,Not Applicable,FALSE,1,Public Road,1,"Trafficway, On Road",CT0009300,New Haven PD,44176,21:03.0,C,Closed,00:57.0,,,,,,,
1304151,1,Complete,1304151,1304151,41.317881,-72.927499,3790359,New Haven,93,93,New Haven,7/23/2025,2025,7,July,23,4,Wednesday,17:31:00,17,25029435,A,"Injury of any type (Serious, Minor, Possible)",B,Suspected Minor Injury (B),2,0,0,4,Local,0.01,631,WEBSTER ST,WEBSTER ST,,WINCHESTER AVE,30,Feet,W,41.317881,-72.927499,14,Motor Vehicle in Operation,1,Front to rear,1,On Roadway,1,Clear,88,Not Applicable,1,Daylight,1,Dry,0,None,88,Not Applicable,88,Not Applicable,0,None,88,Not Applicable,88,Not Applicable,3,Intersection-Related,3,T-Intersection,1,No,1,No,88,Not Applicable,88,Not Applicable,88,Not Applicable,88,Not Applicable,FALSE,1,Public Road,1,"Trafficway, On Road",CT0009300,New Haven PD,796,59:33.0,C,Closed,01:16.0,,,,,,,
1304152,1,Complete,1304152,1304152,41.332787,-72.966505,3790360,New Haven,93,93,New Haven,8/12/2025,2025,8,August,12,3,Tuesday,20:46:00,20,25032459,A,"Injury of any type (Serious, Minor, Possible)",C,Possible Injury (C),2,0,0,4,Local,0.29,519,ROCK CREEK RD NO 1,ROCK CREEK RD NO 1,,STRONG ST,200,Feet,N,41.332787,-72.966505,14,Motor Vehicle in Operation,5,"Sideswipe, opposite direction",1,On Roadway,1,Clear,88,Not Applicable,5,Dark-Not Lighted,1,Dry,0,None,88,Not Applicable,88,Not Applicable,0,None,88,Not Applicable,88,Not Applicable,1,Non-Junction,1,Not at Intersection,1,No,1,No,88,Not Applicable,88,Not Applicable,88,Not Applicable,88,Not Applicable,TRUE,1,Public Road,1,"Trafficway, On Road",CT0009300,New Haven PD,777,59:00.0,C,Closed,01:12.0,,,,,,,