CrashId,Fatal Case Status,Fatal Case Status Text Format,CrashId,CrashId,Latitude,Longitude,DOT Case Number,Town Name,Town Number,Town Number,Town Number Text Format,Date Of Crash,Year,Month,Month Text Format,Day,Day of the Week,Day of the Week Text Format,Time of Crash,Hour of the Day,Case Identifier,Crash Severity,Crash Severity Text Format,Most Severe Injury,Most Severe Injury Text Format,Number Of Motor Vehicles,Number Of Non-Motorist,Number Of Witnesses,Route Class,Route Class Text Format,Milemarker,Road Number,Road Description,Roadway Name,Intersecting Roadway Name,Landmark Description,Distance From Nearest Landmark,Unit Of Measure From Nearest Landmark,Direction From Nearest Landmark,Latitude,Longitude,First Harmful Event,First Harmful Event Text Format,Manner of Crash / Collision Impact,Manner of Crash / Collision Impact Text Format,Location of First Harmful Event,Location of First Harmful Event Text Format,Weather Condition,Weather Condition Text Format,Weather 2,Weather 2 Text Format,Light Condition,Light Condition Text Format,Road Surface Condition,Road Surface Condition Text Format,"Contributing Circumstances, Environment","Contributing Circumstances, Environment Text Format",Environment 2,Environment 2 Text Format,Environment 3,Environment 3 Text Format,"Contributing Circumstances, Road","Contributing Circumstances, Road Text Format",Road 2,Road 2 Text Format,Road 3,Road 3 Text Format,Crash Specific Location,Crash Specific Location Text Format,Type of Intersection,Type of Intersection Text Format,School Bus Related,School Bus Related Text Format,Work Zone Related,Work Zone Related Text Format,Location Of Crash Relative To Work Zone,Location Of Crash Relative To Work Zone Text Format,Type of Work Zone,Type of Work Zone Text Format,Worker Presence,Worker Presence Text Format,Law Enforcement Presence,Law Enforcement Presence Text Format,Were Vehicles Moved Prior To Police Arrival,Trafficway Ownership,Trafficway Ownership Text Format,Trafficway Class,Trafficway Class Text Format,Police Agency,Police Agency Text Format,Badge Number,Approval Date,Police Case Status,Police Case Status Text Format,Crash Report Submission Date,Related Case Identifiers,No. of Through Lanes (Log Dir.),Average Daily Traffic,Functional Classification,Functional Classification Text Format,Rural or Urban,Rural or Urban Text Format
1304154,1,Complete,1304154,1304154,41.317575,-72.949754,3790362,New Haven,93,93,New Haven,8/24/2025,2025,8,August,24,1,Sunday,6:50:00,6,25034150,A,"Injury of any type (Serious, Minor, Possible)",C,Possible Injury (C),2,0,1,3,State,2.74,10,10-N,10-N,ELM ST NO 1,,,,,41.317575,-72.949754,14,Motor Vehicle in Operation,3,Angle,1,On Roadway,1,Clear,88,Not Applicable,1,Daylight,1,Dry,0,None,88,Not Applicable,88,Not Applicable,0,None,88,Not Applicable,88,Not Applicable,2,Intersection,2,Four-Way Intersection,1,No,1,No,88,Not Applicable,88,Not Applicable,88,Not Applicable,88,Not Applicable,FALSE,1,Public Road,1,"Trafficway, On Road",CT0009300,New Haven PD,307,37:15.0,C,Closed,01:14.0,,,,,,,
1304156,1,Complete,1304156,1304156,41.29961,-72.91078,3790364,New Haven,93,93,New Haven,8/24/2025,2025,8,August,24,1,Sunday,18:27:00,18,25034217,A,"Injury of any type (Serious, Minor, Possible)",B,Suspected Minor Injury (B),1,0,0,4,Local,1.15,165,EAST ST,EAST ST,,FORBES AVE,405,Feet,S,41.29961,-72.91078,6,Fell/Jumped from Vehicle,88,Not Applicable,1,On Roadway,1,Clear,88,Not Applicable,1,Daylight,1,Dry,0,None,88,Not Applicable,88,Not Applicable,0,None,88,Not Applicable,88,Not Applicable,1,Non-Junction,1,Not at Intersection,1,No,1,No,88,Not Applicable,88,Not Applicable,88,Not Applicable,88,Not Applicable,FALSE,1,Public Road,1,"Trafficway, On Road",CT0009300,New Haven PD,46898,11:22.0,C,Closed,01:17.0,,,,,,,
1304164,1,Complete,1304164,1304164,41.282478,-72.936804,3790372,New Haven,93,93,New Haven,8/25/2025,2025,8,August,25,2,Monday,15:10:00,15,25034347,A,"Injury of any type (Serious, Minor, Possible)",C,Possible Injury (C),2,0,0,3,State,0.07,10,10-N,10-N,,KIMBERLY AVE,300,Feet,E,41.282478,-72.936804,14,Motor Vehicle in Operation,4,"Sideswipe, same direction",1,On Roadway,1,Clear,88,Not Applicable,1,Daylight,1,Dry,0,None,88,Not Applicable,88,Not Applicable,0,None,88,Not Applicable,88,Not Applicable,1,Non-Junction,1,Not at Intersection,1,No,1,No,88,Not Applicable,88,Not Applicable,88,Not Applicable,88,Not Applicable,FALSE,1,Public Road,1,"Trafficway, On Road",CT0009300,New Haven PD,46613,39:28.0,C,Closed,01:18.0,,,,,,,
1304165,1,Complete,1304165,1304165,41.3107033,-72.9300129,3790373,New Haven,93,93,New Haven,8/25/2025,2025,8,August,25,2,Monday,22:11:00,22,25034381,A,"Injury of any type (Serious, Minor, Possible)",A,Suspected Serious Injury (A),1,1,0,4,Local,0.2,726,ELM ST NO 2,ELM ST NO 2,YORK ST,,,,,41.3107033,-72.9300129,10,Pedalcycle/Pedalcyclist,3,Angle,1,On Roadway,1,Clear,88,Not Applicable,6,Dark-Unknown Lighting,1,Dry,0,None,88,Not Applicable,88,Not Applicable,0,None,88,Not Applicable,88,Not Applicable,2,Intersection,2,Four-Way Intersection,1,No,1,No,88,Not Applicable,88,Not Applicable,88,Not Applicable,88,Not Applicable,FALSE,1,Public Road,1,"Trafficway, On Road",CT0009300,New Haven PD,46624,19:51.0,C,Closed,01:20.0,,,,,,,
1304433,1,Complete,1304433,1304433,41.307444,-72.92086,3790641,New Haven,93,93,New Haven,8/15/2025,2025,8,August,15,6,Friday,23:10:00,23,25032976,A,"Injury of any type (Serious, Minor, Possible)",C,Possible Injury (C),2,0,0,4,Local,1.14,575,STATE ST,STATE ST,,FAIR ST,40,,S,41.307444,-72.92086,14,Motor Vehicle in Operation,3,Angle,1,On Roadway,1,Clear,88,Not Applicable,4,Dark-Lighted,1,Dry,0,None,88,Not Applicable,88,Not Applicable,0,None,88,Not Applicable,88,Not Applicable,3,Intersection-Related,2,Four-Way Intersection,1,No,1,No,88,Not Applicable,88,Not Applicable,88,Not Applicable,88,Not Applicable,FALSE,1,Public Road,1,"Trafficway, On Road",CT0009300,New Haven PD,44047,28:40.0,O,Open,00:53.0,,,,,,,
1304440,1,Complete,1304440,1304440,41.303631,-72.914583,3790648,New Haven,93,93,New Haven,8/25/2025,2025,8,August,25,2,Monday,18:58:00,18,25034384,A,"Injury of any type (Serious, Minor, Possible)",C,Possible Injury (C),1,1,0,4,Local,1.15,97,CHAPEL ST,CHAPEL ST,Franklin Street,,,,,41.303631,-72.914583,10,Pedalcycle/Pedalcyclist,3,Angle,1,On Roadway,1,Clear,88,Not Applicable,1,Daylight,1,Dry,0,None,88,Not Applicable,88,Not Applicable,0,None,88,Not Applicable,88,Not Applicable,2,Intersection,3,T-Intersection,1,No,1,No,88,Not Applicable,88,Not Applicable,88,Not Applicable,88,Not Applicable,TRUE,1,Public Road,1,"Trafficway, On Road",CT0009300,New Haven PD,31814,35:15.0,C,Closed,00:58.0,,,,,,,
1304453,1,Complete,1304453,1304453,41.286788,-72.936714,3790661,New Haven,93,93,New Haven,8/26/2025,2025,8,August,26,3,Tuesday,18:53:00,18,25034573,A,"Injury of any type (Serious, Minor, Possible)",C,Possible Injury (C),3,0,0,3,State,0.5,10,10-N,10-N,,KIMBERLY AVE,200,Feet,N,41.286788,-72.936714,14,Motor Vehicle in Operation,1,Front to rear,1,On Roadway,1,Clear,88,Not Applicable,3,Dusk,1,Dry,0,None,88,Not Applicable,88,Not Applicable,0,None,88,Not Applicable,88,Not Applicable,3,Intersection-Related,2,Four-Way Intersection,1,No,1,No,88,Not Applicable,88,Not Applicable,88,Not Applicable,88,Not Applicable,FALSE,1,Public Road,1,"Trafficway, On Road",CT0009300,New Haven PD,40810,57:13.0,C,Closed,00:55.0,,,,,,,
1304456,1,Complete,1304456,1304456,41.319306,-72.949457,3790664,New Haven,93,93,New Haven,8/26/2025,2025,8,August,26,3,Tuesday,23:08:00,23,25034608,A,"Injury of any type (Serious, Minor, Possible)",C,Possible Injury (C),2,0,0,3,State,3.06,10,10-N,10-N,ELLA T GRASSO BLVD,,,,,41.319306,-72.949457,14,Motor Vehicle in Operation,1,Front to rear,1,On Roadway,1,Clear,88,Not Applicable,4,Dark-Lighted,1,Dry,0,None,88,Not Applicable,88,Not Applicable,0,None,88,Not Applicable,88,Not Applicable,2,Intersection,2,Four-Way Intersection,1,No,1,No,88,Not Applicable,88,Not Applicable,88,Not Applicable,88,Not Applicable,FALSE,1,Public Road,1,"Trafficway, On Road",CT0009300,New Haven PD,44175,25:33.0,C,Closed,01:01.0,,,,,,,
1304747,1,Complete,1304747,1304747,41.297591,-72.944036,3790955,New Haven,93,93,New Haven,8/26/2025,2025,8,August,26,3,Tuesday,12:37:00,12,25034472,A,"Injury of any type (Serious, Minor, Possible)",C,Possible Injury (C),2,0,0,2,USRoute,46.89,1,1-N,1-N,DOWNES ST,,,,,41.297591,-72.944036,14,Motor Vehicle in Operation,1,Front to rear,1,On Roadway,1,Clear,88,Not Applicable,1,Daylight,1,Dry,0,None,88,Not Applicable,88,Not Applicable,0,None,88,Not Applicable,88,Not Applicable,2,Intersection,3,T-Intersection,1,No,1,No,88,Not Applicable,88,Not Applicable,88,Not Applicable,88,Not Applicable,FALSE,1,Public Road,1,"Trafficway, On Road",CT0009300,New Haven PD,45392,50:10.0,C,Closed,01:03.0,NONE,,,,,,
1304752,1,Complete,1304752,1304752,41.303814,-72.931768,3790960,New Haven,93,93,New Haven,8/27/2025,2025,8,August,27,4,Wednesday,13:32:00,13,25034673,A,"Injury of any type (Serious, Minor, Possible)",C,Possible Injury (C),2,0,0,4,Local,0.32,564,SOUTH FRONTAGE RD,SOUTH FRONTAGE RD,,COLLEGE ST,100,Feet,W,41.303814,-72.931768,14,Motor Vehicle in Operation,3,Angle,1,On Roadway,1,Clear,88,Not Applicable,1,Daylight,1,Dry,0,None,88,Not Applicable,88,Not Applicable,0,None,88,Not Applicable,88,Not Applicable,1,Non-Junction,1,Not at Intersection,1,No,1,No,88,Not Applicable,88,Not Applicable,88,Not Applicable,88,Not Applicable,TRUE,1,Public Road,1,"Trafficway, On Road",CT0009300,New Haven PD,301,50:45.0,C,Closed,01:07.0,,,,,,,
1304755,1,Complete,1304755,1304755,41.321794,-72.873433,3790963,New Haven,93,93,New Haven,8/27/2025,2025,8,August,27,4,Wednesday,17:31:00,17,25034729,A,"Injury of any type (Serious, Minor, Possible)",C,Possible Injury (C),2,0,0,3,State,0.07,103,103-N,103-N,BARNES AV,,,,,41.321794,-72.873433,14,Motor Vehicle in Operation,3,Angle,1,On Roadway,1,Clear,88,Not Applicable,1,Daylight,1,Dry,0,None,88,Not Applicable,88,Not Applicable,0,None,88,Not Applicable,88,Not Applicable,2,Intersection,3,T-Intersection,1,No,1,No,88,Not Applicable,88,Not Applicable,88,Not Applicable,88,Not Applicable,FALSE,1,Public Road,1,"Trafficway, On Road",CT0009300,New Haven PD,45388,47:45.0,C,Closed,01:11.0,,,,,,,
1305074,1,Complete,1305074,1305074,41.327393,-72.878984,3791282,New Haven,93,93,New Haven,8/11/2025,2025,8,August,11,2,Monday,9:46:00,9,25032196,A,"Injury of any type (Serious, Minor, Possible)",C,Possible Injury (C),2,0,0,3,State,0.5,17,17-N,17-N,,91-N-19(FLINT ST),45,Feet,S,41.327393,-72.878984,14,Motor Vehicle in Operation,1,Front to rear,1,On Roadway,1,Clear,88,Not Applicable,1,Daylight,1,Dry,0,None,88,Not Applicable,88,Not Applicable,0,None,88,Not Applicable,88,Not Applicable,1,Non-Junction,1,Not at Intersection,1,No,1,No,88,Not Applicable,88,Not Applicable,88,Not Applicable,88,Not Applicable,FALSE,1,Public Road,1,"Trafficway, On Road",CT0009300,New Haven PD,65,23:14.0,C,Closed,01:04.0,,,,,,,
1305079,1,Complete,1305079,1305079,41.30813016,-72.95312882,3791287,New Haven,93,93,New Haven,8/25/2025,2025,8,August,25,2,Monday,14:12:00,14,25034323,A,"Injury of any type (Serious, Minor, Possible)",B,Suspected Minor Injury (B),2,0,1,3,State,2.06,10,10-N,10-N,JUDSON AV,,,,,41.30813016,-72.95312882,14,Motor Vehicle in Operation,4,"Sideswipe, same direction",1,On Roadway,1,Clear,88,Not Applicable,1,Daylight,1,Dry,0,None,0,None,88,Not Applicable,0,None,88,Not Applicable,88,Not Applicable,2,Intersection,3,T-Intersection,1,No,1,No,88,Not Applicable,88,Not Applicable,88,Not Applicable,88,Not Applicable,TRUE,1,Public Road,1,"Trafficway, On Road",CT0009300,New Haven PD,301,01:48.0,C,Closed,01:04.0,,,,,,,
1305083,1,Complete,1305083,1305083,41.3262365,-72.98284023,3791291,New Haven,93,93,New Haven,8/27/2025,2025,8,August,27,4,Wednesday,17:49:00,17,25034744,A,"Injury of any type (Serious, Minor, Possible)",B,Suspected Minor Injury (B),2,0,0,4,Local,0.12,199,ENGLEWOOD DR,ENGLEWOOD DR,,WESTBROOK LN,100,Feet,N,41.3262365,-72.98284023,15,Parked Motor Vehicle,1,Front to rear,1,On Roadway,1,Clear,88,Not Applicable,1,Daylight,1,Dry,0,None,88,Not Applicable,88,Not Applicable,0,None,88,Not Applicable,88,Not Applicable,1,Non-Junction,1,Not at Intersection,1,No,1,No,88,Not Applicable,88,Not Applicable,88,Not Applicable,88,Not Applicable,TRUE,1,Public Road,1,"Trafficway, On Road",CT0009300,New Haven PD,45403,27:43.0,C,Closed,01:04.0,,,,,,,
1305092,1,Complete,1305092,1305092,41.315278,-72.897068,3791300,New Haven,93,93,New Haven,8/28/2025,2025,8,August,28,5,Thursday,19:27:00,19,25034970,A,"Injury of any type (Serious, Minor, Possible)",C,Possible Injury (C),2,0,0,4,Local,0.31,213,FERRY ST,FERRY ST,,LOMBARD ST,40,Feet,N,41.315278,-72.897068,14,Motor Vehicle in Operation,1,Front to rear,1,On Roadway,1,Clear,88,Not Applicable,4,Dark-Lighted,1,Dry,0,None,88,Not Applicable,88,Not Applicable,0,None,88,Not Applicable,88,Not Applicable,3,Intersection-Related,2,Four-Way Intersection,1,No,1,No,88,Not Applicable,88,Not Applicable,88,Not Applicable,88,Not Applicable,FALSE,1,Public Road,1,"Trafficway, On Road",CT0009300,New Haven PD,44060,10:20.0,C,Closed,01:06.0,,,,,,,
1305522,1,Complete,1305522,1305522,41.328619,-72.935229,3791730,New Haven,93,93,New Haven,8/28/2025,2025,8,August,28,5,Thursday,7:38:00,7,25034797,A,"Injury of any type (Serious, Minor, Possible)",C,Possible Injury (C),3,0,0,4,Local,1.12,152,DIXWELL AV,DIXWELL AV,,FORD ST,70,Feet,N,41.328619,-72.935229,14,Motor Vehicle in Operation,1,Front to rear,1,On Roadway,1,Clear,88,Not Applicable,1,Daylight,1,Dry,0,None,88,Not Applicable,88,Not Applicable,0,None,88,Not Applicable,88,Not Applicable,1,Non-Junction,1,Not at Intersection,1,No,1,No,88,Not Applicable,88,Not Applicable,88,Not Applicable,88,Not Applicable,FALSE,1,Public Road,1,"Trafficway, On Road",CT0009300,New Haven PD,87,21:59.0,C,Closed,01:24.0,,,,,,,
1305530,1,Complete,1305530,1305530,41.338917,-72.976752,3791738,New Haven,93,93,New Haven,8/29/2025,2025,8,August,29,6,Friday,11:24:00,11,25035061,A,"Injury of any type (Serious, Minor, Possible)",C,Possible Injury (C),3,0,0,3,State,0.31,69,69-N,69-N,POND LILY AVE,,,,,41.338917,-72.976752,14,Motor Vehicle in Operation,1,Front to rear,1,On Roadway,1,Clear,88,Not Applicable,1,Daylight,1,Dry,0,None,88,Not Applicable,88,Not Applicable,0,None,88,Not Applicable,88,Not Applicable,2,Intersection,3,T-Intersection,1,No,1,No,88,Not Applicable,88,Not Applicable,88,Not Applicable,88,Not Applicable,FALSE,1,Public Road,1,"Trafficway, On Road",CT0009300,New Haven PD,45983,28:54.0,C,Closed,01:27.0,,,,,,,
1305535,1,Complete,1305535,1305535,41.290037,-72.934044,3791743,New Haven,93,93,New Haven,8/29/2025,2025,8,August,29,6,Friday,15:27:00,15,25035099,A,"Injury of any type (Serious, Minor, Possible)",C,Possible Injury (C),2,0,0,4,Local,0.16,339,KIMBERLY AV,KIMBERLY AV,,1ST ST,60,Feet,N,41.290037,-72.934044,14,Motor Vehicle in Operation,3,Angle,1,On Roadway,1,Clear,88,Not Applicable,1,Daylight,1,Dry,0,None,88,Not Applicable,88,Not Applicable,0,None,88,Not Applicable,88,Not Applicable,1,Non-Junction,1,Not at Intersection,1,No,1,No,88,Not Applicable,88,Not Applicable,88,Not Applicable,88,Not Applicable,FALSE,1,Public Road,1,"Trafficway, On Road",CT0009300,New Haven PD,48829,56:56.0,C,Closed,01:29.0,,,,,,,
1305540,1,Complete,1305540,1305540,41.30697,-72.9389,3791748,New Haven,93,93,New Haven,8/29/2025,2025,8,August,29,6,Friday,7:59:00,7,25035113,A,"Injury of any type (Serious, Minor, Possible)",C,Possible Injury (C),1,1,0,4,Local,0.53,160,DWIGHT ST,DWIGHT ST,REV DR MARTIN LUTHER KING JR BLVD,,,,,41.30697,-72.9389,10,Pedalcycle/Pedalcyclist,3,Angle,1,On Roadway,1,Clear,88,Not Applicable,1,Daylight,1,Dry,0,None,88,Not Applicable,88,Not Applicable,0,None,88,Not Applicable,88,Not Applicable,2,Intersection,2,Four-Way Intersection,1,No,1,No,88,Not Applicable,88,Not Applicable,88,Not Applicable,88,Not Applicable,TRUE,1,Public Road,1,"Trafficway, On Road",CT0009300,New Haven PD,45394,19:50.0,C,Closed,01:36.0,,,,,,,
1305541,1,Complete,1305541,1305541,41.305475,-72.910331,3791749,New Haven,93,93,New Haven,8/29/2025,2025,8,August,29,6,Friday,17:30:00,17,25035121,A,"Injury of any type (Serious, Minor, Possible)",C,Possible Injury (C),1,1,0,4,Local,0.74,165,EAST ST,EAST ST,IVES PL,,,,,41.305475,-72.910331,10,Pedalcycle/Pedalcyclist,3,Angle,1,On Roadway,1,Clear,88,Not Applicable,1,Daylight,1,Dry,0,None,88,Not Applicable,88,Not Applicable,0,None,88,Not Applicable,88,Not Applicable,2,Intersection,2,Four-Way Intersection,1,No,1,No,88,Not Applicable,88,Not Applicable,88,Not Applicable,88,Not Applicable,FALSE,1,Public Road,1,"Trafficway, On Road",CT0009300,New Haven PD,42367,35:03.0,C,Closed,01:28.0,,,,,,,
1305544,1,Complete,1305544,1305544,41.303691,-72.924133,3791752,New Haven,93,93,New Haven,8/30/2025,2025,8,August,30,7,Saturday,0:28:00,0,25035158,A,"Injury of any type (Serious, Minor, Possible)",C,Possible Injury (C),2,0,0,4,Local,0.04,136,CROWN ST,CROWN ST,,STATE ST,100,Feet,W,41.303691,-72.924133,14,Motor Vehicle in Operation,1,Front to rear,1,On Roadway,1,Clear,88,Not Applicable,4,Dark-Lighted,1,Dry,0,None,88,Not Applicable,88,Not Applicable,0,None,88,Not Applicable,88,Not Applicable,1,Non-Junction,1,Not at Intersection,1,No,1,No,88,Not Applicable,88,Not Applicable,88,Not Applicable,88,Not Applicable,FALSE,1,Public Road,1,"Trafficway, On Road",CT0009300,New Haven PD,34591,31:38.0,C,Closed,01:32.0,,,,,,,
1305548,1,Complete,1305548,1305548,41.33127,-72.868113,3791756,New Haven,93,93,New Haven,8/30/2025,2025,8,August,30,7,Saturday,3:07:00,3,25035174,A,"Injury of any type (Serious, Minor, Possible)",B,Suspected Minor Injury (B),1,0,0,4,Local,0.03,561,SMITH AV,SMITH AV,,Quinnipiac Ave,75,Feet,W,41.33127,-72.868113,32,Tree (standing),88,Not Applicable,1,On Roadway,1,Clear,88,Not Applicable,6,Dark-Unknown Lighting,1,Dry,99,Unknown,88,Not Applicable,88,Not Applicable,99,Unknown,88,Not Applicable,88,Not Applicable,1,Non-Junction,1,Not at Intersection,1,No,1,No,88,Not Applicable,88,Not Applicable,88,Not Applicable,88,Not Applicable,FALSE,1,Public Road,1,"Trafficway, On Road",CT0009300,New Haven PD,40792,06:15.0,C,Closed,01:32.0,,,,,,,
1305553,1,Complete,1305553,1305553,41.313196,-72.918505,3791761,New Haven,93,93,New Haven,8/30/2025,2025,8,August,30,7,Saturday,14:34:00,14,25035224,A,"Injury of any type (Serious, Minor, Possible)",C,Possible Injury (C),2,0,0,4,Local,1.11,450,ORANGE ST NO 1,ORANGE ST NO 1,BRADLEY ST,,,,,41.313196,-72.918505,14,Motor Vehicle in Operation,3,Angle,1,On Roadway,1,Clear,88,Not Applicable,1,Daylight,1,Dry,0,None,88,Not Applicable,88,Not Applicable,0,None,88,Not Applicable,88,Not Applicable,2,Intersection,2,Four-Way Intersection,1,No,1,No,88,Not Applicable,88,Not Applicable,88,Not Applicable,88,Not Applicable,FALSE,1,Public Road,1,"Trafficway, On Road",CT0009300,New Haven PD,45388,59:48.0,C,Closed,01:36.0,,,,,,,
1305561,1,Complete,1305561,1305561,41.29322,-72.944201,925158,New Haven,93,93,New Haven,8/31/2025,2025,8,August,31,1,Sunday,2:54:00,2,25035300,K,Fatal (Kill),K,Fatal Injury (K),1,0,0,3,State,1.09,10,10-N,10-N,,ADELINE STREET,55,Feet,N,41.29322,-72.944201,25,Curb,88,Not Applicable,1,On Roadway,1,Clear,88,Not Applicable,4,Dark-Lighted,1,Dry,0,None,88,Not Applicable,88,Not Applicable,0,None,88,Not Applicable,88,Not Applicable,2,Intersection,3,T-Intersection,1,No,1,No,88,Not Applicable,88,Not Applicable,88,Not Applicable,88,Not Applicable,FALSE,1,Public Road,1,"Trafficway, On Road",CT0009300,New Haven PD,44946,35:22.0,O,Open,01:39.0,,,,,,,
1305562,1,Complete,1305562,1305562,41.314501,-72.935639,3791770,New Haven,93,93,New Haven,8/31/2025,2025,8,August,31,1,Sunday,8:46:00,8,25035311,A,"Injury of any type (Serious, Minor, Possible)",C,Possible Injury (C),2,0,0,4,Local,0.02,570,SPERRY ST,SPERRY ST,,WHALLEY AVE,50,Feet,W,41.314501,-72.935639,14,Motor Vehicle in Operation,3,Angle,1,On Roadway,1,Clear,88,Not Applicable,1,Daylight,1,Dry,0,None,88,Not Applicable,88,Not Applicable,0,None,88,Not Applicable,88,Not Applicable,1,Non-Junction,1,Not at Intersection,1,No,1,No,88,Not Applicable,88,Not Applicable,88,Not Applicable,88,Not Applicable,FALSE,1,Public Road,1,"Trafficway, On Road",CT0009300,New Haven PD,45700,33:39.0,C,Closed,01:38.0,,,,,,,
1305563,1,Complete,1305563,1305563,41.321504,-72.94393,3791771,New Haven,93,93,New Haven,8/31/2025,2025,8,August,31,1,Sunday,14:25:00,14,25035340,A,"Injury of any type (Serious, Minor, Possible)",C,Possible Injury (C),5,0,0,4,Local,0.8,439,NORTON ST,NORTON ST,GOFFE TER,,,,,41.321504,-72.94393,14,Motor Vehicle in Operation,3,Angle,1,On Roadway,1,Clear,1,Clear,1,Daylight,1,Dry,0,None,88,Not Applicable,88,Not Applicable,0,None,88,Not Applicable,88,Not Applicable,2,Intersection,2,Four-Way Intersection,1,No,1,No,88,Not Applicable,88,Not Applicable,88,Not Applicable,88,Not Applicable,FALSE,1,Public Road,1,"Trafficway, On Road",CT0009300,New Haven PD,45700,12:41.0,O,Open,01:39.0,,,,,,,
1305565,1,Complete,1305565,1305565,41.327488,-72.96037,3791773,New Haven,93,93,New Haven,8/31/2025,2025,8,August,31,1,Sunday,20:28:00,20,25035389,A,"Injury of any type (Serious, Minor, Possible)",A,Suspected Serious Injury (A),2,0,0,4,Local,0.98,56,BLAKE ST,BLAKE ST,Whalley Ave,,,,,41.327488,-72.96037,14,Motor Vehicle in Operation,3,Angle,1,On Roadway,1,Clear,88,Not Applicable,4,Dark-Lighted,1,Dry,0,None,88,Not Applicable,88,Not Applicable,0,None,88,Not Applicable,88,Not Applicable,2,Intersection,3,T-Intersection,1,No,1,No,88,Not Applicable,88,Not Applicable,88,Not Applicable,88,Not Applicable,FALSE,1,Public Road,1,"Trafficway, On Road",CT0009300,New Haven PD,48046,14:26.0,C,Closed,01:42.0,,,,,,,
1305971,1,Complete,1305971,1305971,41.327143,-72.87928,3792179,New Haven,93,93,New Haven,8/11/2025,2025,8,August,11,2,Monday,17:35:00,17,25032302,A,"Injury of any type (Serious, Minor, Possible)",C,Possible Injury (C),2,0,0,3,State,0.47,17,17-N,17-N,,BARNES AVE,100,Feet,N,41.327143,-72.87928,14,Motor Vehicle in Operation,1,Front to rear,1,On Roadway,1,Clear,88,Not Applicable,1,Daylight,1,Dry,0,None,88,Not Applicable,88,Not Applicable,0,None,88,Not Applicable,88,Not Applicable,1,Non-Junction,1,Not at Intersection,1,No,1,No,88,Not Applicable,88,Not Applicable,88,Not Applicable,88,Not Applicable,FALSE,1,Public Road,1,"Trafficway, On Road",CT0009300,New Haven PD,44946,26:37.0,C,Closed,01:34.0,,,,,,,
1305974,1,Complete,1305974,1305974,41.315471,-72.938957,3792182,New Haven,93,93,New Haven,8/16/2025,2025,8,August,16,7,Saturday,19:37:00,19,25033071,A,"Injury of any type (Serious, Minor, Possible)",C,Possible Injury (C),3,0,0,4,Local,0.57,653,WHALLEY AV,WHALLEY AV,,ORCHARD ST,60,Feet,E,41.315471,-72.938957,14,Motor Vehicle in Operation,1,Front to rear,1,On Roadway,1,Clear,88,Not Applicable,1,Daylight,1,Dry,99,Unknown,88,Not Applicable,88,Not Applicable,99,Unknown,88,Not Applicable,88,Not Applicable,3,Intersection-Related,2,Four-Way Intersection,1,No,1,No,88,Not Applicable,88,Not Applicable,88,Not Applicable,88,Not Applicable,FALSE,1,Public Road,1,"Trafficway, On Road",CT0009300,New Haven PD,45398,58:34.0,C,Closed,01:35.0,,,,,,,
1305977,1,Complete,1305977,1305977,41.332009,-72.92097,3792185,New Haven,93,93,New Haven,8/26/2025,2025,8,August,26,3,Tuesday,14:48:00,14,25034487,A,"Injury of any type (Serious, Minor, Possible)",C,Possible Injury (C),2,0,0,4,Local,1.42,495,PROSPECT ST,PROSPECT ST,EAST ROCK RD,,,,,41.332009,-72.92097,14,Motor Vehicle in Operation,1,Front to rear,1,On Roadway,2,Cloudy,88,Not Applicable,1,Daylight,1,Dry,0,None,88,Not Applicable,88,Not Applicable,0,None,88,Not Applicable,88,Not Applicable,2,Intersection,3,T-Intersection,1,No,1,No,88,Not Applicable,88,Not Applicable,88,Not Applicable,88,Not Applicable,FALSE,1,Public Road,1,"Trafficway, On Road",CT0009300,New Haven PD,42048,40:37.0,C,Closed,01:35.0,,,,,,,
1305982,1,Complete,1305982,1305982,41.326604,-72.946707,3792190,New Haven,93,93,New Haven,8/30/2025,2025,8,August,30,7,Saturday,16:54:00,16,25035239,A,"Injury of any type (Serious, Minor, Possible)",C,Possible Injury (C),1,1,2,4,Local,0.54,690,ELLA T GRASSO BLVD,ELLA T GRASSO BLVD,DYER ST,,,,,41.326604,-72.946707,10,Pedalcycle/Pedalcyclist,3,Angle,1,On Roadway,1,Clear,88,Not Applicable,1,Daylight,1,Dry,99,Unknown,88,Not Applicable,88,Not Applicable,99,Unknown,88,Not Applicable,88,Not Applicable,2,Intersection,2,Four-Way Intersection,1,No,1,No,88,Not Applicable,88,Not Applicable,88,Not Applicable,88,Not Applicable,FALSE,1,Public Road,1,"Trafficway, On Road",CT0009300,New Haven PD,45398,07:33.0,C,Closed,01:33.0,,,,,,,
1305990,1,Complete,1305990,1305990,41.312444,-72.928784,3792198,New Haven,93,93,New Haven,9/1/2025,2025,9,September,1,2,Monday,11:00:00,11,25035439,A,"Injury of any type (Serious, Minor, Possible)",C,Possible Injury (C),1,1,0,4,Local,0.76,766,YORK ST,YORK ST,,TOWER PKWY,50,Feet,S,41.312444,-72.928784,9,Pedestrian,88,Not Applicable,1,On Roadway,1,Clear,88,Not Applicable,1,Daylight,1,Dry,0,None,88,Not Applicable,88,Not Applicable,0,None,88,Not Applicable,88,Not Applicable,1,Non-Junction,1,Not at Intersection,1,No,1,No,88,Not Applicable,88,Not Applicable,88,Not Applicable,88,Not Applicable,FALSE,1,Public Road,1,"Trafficway, On Road",CT0009300,New Haven PD,727,10:42.0,C,Closed,01:35.0,,,,,,,