CrashId,Fatal Case Status,Fatal Case Status Text Format,CrashId,CrashId,Latitude,Longitude,DOT Case Number,Town Name,Town Number,Town Number,Town Number Text Format,Date Of Crash,Year,Month,Month Text Format,Day,Day of the Week,Day of the Week Text Format,Time of Crash,Hour of the Day,Case Identifier,Crash Severity,Crash Severity Text Format,Most Severe Injury,Most Severe Injury Text Format,Number Of Motor Vehicles,Number Of Non-Motorist,Number Of Witnesses,Route Class,Route Class Text Format,Milemarker,Road Number,Road Description,Roadway Name,Intersecting Roadway Name,Landmark Description,Distance From Nearest Landmark,Unit Of Measure From Nearest Landmark,Direction From Nearest Landmark,Latitude,Longitude,First Harmful Event,First Harmful Event Text Format,Manner of Crash / Collision Impact,Manner of Crash / Collision Impact Text Format,Location of First Harmful Event,Location of First Harmful Event Text Format,Weather Condition,Weather Condition Text Format,Weather 2,Weather 2 Text Format,Light Condition,Light Condition Text Format,Road Surface Condition,Road Surface Condition Text Format,"Contributing Circumstances, Environment","Contributing Circumstances, Environment Text Format",Environment 2,Environment 2 Text Format,Environment 3,Environment 3 Text Format,"Contributing Circumstances, Road","Contributing Circumstances, Road Text Format",Road 2,Road 2 Text Format,Road 3,Road 3 Text Format,Crash Specific Location,Crash Specific Location Text Format,Type of Intersection,Type of Intersection Text Format,School Bus Related,School Bus Related Text Format,Work Zone Related,Work Zone Related Text Format,Location Of Crash Relative To Work Zone,Location Of Crash Relative To Work Zone Text Format,Type of Work Zone,Type of Work Zone Text Format,Worker Presence,Worker Presence Text Format,Law Enforcement Presence,Law Enforcement Presence Text Format,Were Vehicles Moved Prior To Police Arrival,Trafficway Ownership,Trafficway Ownership Text Format,Trafficway Class,Trafficway Class Text Format,Police Agency,Police Agency Text Format,Badge Number,Approval Date,Police Case Status,Police Case Status Text Format,Crash Report Submission Date,Related Case Identifiers,No. of Through Lanes (Log Dir.),Average Daily Traffic,Functional Classification,Functional Classification Text Format,Rural or Urban,Rural or Urban Text Format
1306469,1,Complete,1306469,1306469,41.289382,-72.934358,3792677,New Haven,93,93,New Haven,8/29/2025,2025,8,August,29,6,Friday,8:02:00,8,25035014,A,"Injury of any type (Serious, Minor, Possible)",C,Possible Injury (C),3,0,1,4,Local,0.21,339,KIMBERLY AV,KIMBERLY AV,,1st Street,150,Feet,S,41.289382,-72.934358,14,Motor Vehicle in Operation,2,Front to front,1,On Roadway,1,Clear,88,Not Applicable,1,Daylight,1,Dry,0,None,88,Not Applicable,88,Not Applicable,0,None,88,Not Applicable,88,Not Applicable,1,Non-Junction,1,Not at Intersection,1,No,1,No,88,Not Applicable,88,Not Applicable,88,Not Applicable,88,Not Applicable,FALSE,1,Public Road,1,"Trafficway, On Road",CT0009300,New Haven PD,40811,35:25.0,C,Closed,01:51.0,,,,,,,
1306478,1,Complete,1306478,1306478,41.303659,-72.888849,3792686,New Haven,93,93,New Haven,9/2/2025,2025,9,September,2,3,Tuesday,12:35:00,12,25035571,A,"Injury of any type (Serious, Minor, Possible)",C,Possible Injury (C),2,0,0,4,Local,0.78,498,QUINNIPIAC AV,QUINNIPIAC AV,,OXFORD ST,80,Feet,S,41.303659,-72.888849,3,"Immersion, Full or Partial",3,Angle,1,On Roadway,1,Clear,88,Not Applicable,1,Daylight,1,Dry,0,None,88,Not Applicable,88,Not Applicable,0,None,88,Not Applicable,88,Not Applicable,1,Non-Junction,1,Not at Intersection,1,No,1,No,88,Not Applicable,88,Not Applicable,88,Not Applicable,88,Not Applicable,FALSE,1,Public Road,1,"Trafficway, On Road",CT0009300,New Haven PD,42049,13:27.0,C,Closed,01:52.0,,,,,,,
1306857,1,Complete,1306857,1306857,41.321558,-72.939071,3793065,New Haven,93,93,New Haven,9/3/2025,2025,9,September,3,4,Wednesday,11:15:00,11,25035818,A,"Injury of any type (Serious, Minor, Possible)",C,Possible Injury (C),2,0,0,4,Local,0.13,557,SHERMAN PKWY,SHERMAN PKWY,HENRY ST,,,,,41.321558,-72.939071,14,Motor Vehicle in Operation,1,Front to rear,1,On Roadway,1,Clear,88,Not Applicable,1,Daylight,1,Dry,0,None,0,None,88,Not Applicable,0,None,88,Not Applicable,88,Not Applicable,2,Intersection,3,T-Intersection,1,No,1,No,88,Not Applicable,88,Not Applicable,88,Not Applicable,88,Not Applicable,FALSE,1,Public Road,1,"Trafficway, On Road",CT0009300,New Haven PD,47741,50:25.0,C,Closed,01:17.0,,,,,,,
1306863,1,Complete,1306863,1306863,41.302355,-72.929084,3793071,New Haven,93,93,New Haven,9/3/2025,2025,9,September,3,4,Wednesday,20:46:00,20,25035900,A,"Injury of any type (Serious, Minor, Possible)",C,Possible Injury (C),2,0,0,4,Local,0.51,564,SOUTH FRONTAGE RD,SOUTH FRONTAGE RD,,CHURCH ST,100,Feet,N,41.302355,-72.929084,14,Motor Vehicle in Operation,3,Angle,1,On Roadway,1,Clear,88,Not Applicable,1,Daylight,1,Dry,0,None,88,Not Applicable,88,Not Applicable,0,None,88,Not Applicable,88,Not Applicable,1,Non-Junction,1,Not at Intersection,1,No,1,No,88,Not Applicable,88,Not Applicable,88,Not Applicable,88,Not Applicable,FALSE,1,Public Road,1,"Trafficway, On Road",CT0009300,New Haven PD,46624,38:51.0,C,Closed,01:18.0,,,,,,,
1306864,1,Complete,1306864,1306864,41.327899,-72.959746,3793072,New Haven,93,93,New Haven,9/3/2025,2025,9,September,3,4,Wednesday,19:52:00,19,25035923,A,"Injury of any type (Serious, Minor, Possible)",C,Possible Injury (C),2,0,0,4,Local,0.95,56,BLAKE ST,BLAKE ST,VALLEY ST,,,,,41.327899,-72.959746,14,Motor Vehicle in Operation,4,"Sideswipe, same direction",1,On Roadway,1,Clear,88,Not Applicable,1,Daylight,1,Dry,0,None,88,Not Applicable,88,Not Applicable,0,None,88,Not Applicable,88,Not Applicable,2,Intersection,3,T-Intersection,1,No,1,No,88,Not Applicable,88,Not Applicable,88,Not Applicable,88,Not Applicable,TRUE,1,Public Road,1,"Trafficway, On Road",CT0009300,New Haven PD,44947,03:12.0,C,Closed,01:18.0,,,,,,,
1307153,1,Complete,1307153,1307153,41.322176,-72.877562,3793361,New Haven,93,93,New Haven,9/4/2025,2025,9,September,4,5,Thursday,13:30:00,13,25035452,A,"Injury of any type (Serious, Minor, Possible)",C,Possible Injury (C),2,0,0,3,State,0.23,80,80-E,80-E,,QUINNIPIAC AVE,2,Feet,W,41.322176,-72.877562,14,Motor Vehicle in Operation,3,Angle,1,On Roadway,1,Clear,88,Not Applicable,1,Daylight,1,Dry,0,None,88,Not Applicable,88,Not Applicable,0,None,88,Not Applicable,88,Not Applicable,1,Non-Junction,1,Not at Intersection,1,No,1,No,88,Not Applicable,88,Not Applicable,88,Not Applicable,88,Not Applicable,TRUE,1,Public Road,1,"Trafficway, On Road",CT0009300,New Haven PD,42049,01:25.0,C,Closed,00:47.0,,,,,,,
1307157,1,Complete,1307157,1307157,41.319416,-72.970177,3793365,New Haven,93,93,New Haven,9/4/2025,2025,9,September,4,5,Thursday,8:11:00,8,25035952,A,"Injury of any type (Serious, Minor, Possible)",C,Possible Injury (C),2,0,0,3,State,2.82,122,122-N,122-N,,EDGEWOOD AVE,290,Feet,S,41.319416,-72.970177,14,Motor Vehicle in Operation,3,Angle,1,On Roadway,1,Clear,88,Not Applicable,1,Daylight,1,Dry,3,Glare,88,Not Applicable,88,Not Applicable,0,None,88,Not Applicable,88,Not Applicable,9,Driveway Access-Related,1,Not at Intersection,1,No,1,No,88,Not Applicable,88,Not Applicable,88,Not Applicable,88,Not Applicable,TRUE,1,Public Road,1,"Trafficway, On Road",CT0009300,New Haven PD,46625,35:11.0,C,Closed,00:46.0,,,,,,,
1307166,1,Complete,1307166,1307166,41.320299,-72.923395,3793374,New Haven,93,93,New Haven,9/4/2025,2025,9,September,4,5,Thursday,22:47:00,22,202501914,A,"Injury of any type (Serious, Minor, Possible)",B,Suspected Minor Injury (B),1,0,0,4,Local,0,184,EDWARDS ST,EDWARDS ST,PROSPECT ST,,,,,41.320299,-72.923395,39,"Other Fixed Object (wall, building, tunnel, etc.)",88,Not Applicable,4,Roadside,1,Clear,88,Not Applicable,4,Dark-Lighted,1,Dry,0,None,88,Not Applicable,88,Not Applicable,99,Unknown,88,Not Applicable,88,Not Applicable,2,Intersection,3,T-Intersection,1,No,1,No,88,Not Applicable,88,Not Applicable,88,Not Applicable,88,Not Applicable,FALSE,1,Public Road,1,"Trafficway, On Road",CT0009300,New Haven PD,141,27:49.0,C,Closed,01:59.0,,,,,,,
1307623,1,Complete,1307623,1307623,41.310156,-72.953599,3793831,New Haven,93,93,New Haven,7/16/2025,2025,7,July,16,4,Wednesday,22:28:00,22,25028514,A,"Injury of any type (Serious, Minor, Possible)",C,Possible Injury (C),2,0,0,3,State,21.87,34,34-E,34-E,DERBY AVE,,,,,41.310156,-72.953599,14,Motor Vehicle in Operation,3,Angle,1,On Roadway,1,Clear,88,Not Applicable,4,Dark-Lighted,1,Dry,0,None,88,Not Applicable,88,Not Applicable,0,None,88,Not Applicable,88,Not Applicable,2,Intersection,2,Four-Way Intersection,1,No,1,No,88,Not Applicable,88,Not Applicable,88,Not Applicable,88,Not Applicable,FALSE,1,Public Road,1,"Trafficway, On Road",CT0009300,New Haven PD,45398,12:48.0,O,Open,00:39.0,,,,,,,
1307625,1,Complete,1307625,1307625,41.313947,-72.89668,3793833,New Haven,93,93,New Haven,8/11/2025,2025,8,August,11,2,Monday,10:55:00,10,25032216,A,"Injury of any type (Serious, Minor, Possible)",C,Possible Injury (C),2,0,0,4,Local,0.39,213,FERRY ST,FERRY ST,,CHATHAM ST,50,Feet,S,41.313947,-72.89668,14,Motor Vehicle in Operation,1,Front to rear,1,On Roadway,1,Clear,88,Not Applicable,1,Daylight,1,Dry,0,None,88,Not Applicable,88,Not Applicable,0,None,88,Not Applicable,88,Not Applicable,3,Intersection-Related,2,Four-Way Intersection,1,No,1,No,88,Not Applicable,88,Not Applicable,88,Not Applicable,88,Not Applicable,FALSE,1,Public Road,1,"Trafficway, On Road",CT0009300,New Haven PD,44052,35:44.0,C,Closed,00:37.0,,,,,,,
1307629,1,Complete,1307629,1307629,41.3175,-72.90144,3793837,New Haven,93,93,New Haven,8/16/2025,2025,8,August,16,7,Saturday,22:25:00,22,25033095,A,"Injury of any type (Serious, Minor, Possible)",B,Suspected Minor Injury (B),2,0,0,2,USRoute,0.17,5,5-N,5-N,WILLOW ST,,,,,41.3175,-72.90144,14,Motor Vehicle in Operation,3,Angle,1,On Roadway,1,Clear,88,Not Applicable,4,Dark-Lighted,1,Dry,0,None,88,Not Applicable,88,Not Applicable,0,None,88,Not Applicable,88,Not Applicable,2,Intersection,2,Four-Way Intersection,1,No,1,No,88,Not Applicable,88,Not Applicable,88,Not Applicable,88,Not Applicable,FALSE,1,Public Road,1,"Trafficway, On Road",CT0009300,New Haven PD,46628,14:04.0,C,Closed,00:52.0,25-033095,,,,,,
1307632,1,Complete,1307632,1307632,41.297507,-72.949001,3793840,New Haven,93,93,New Haven,8/31/2025,2025,8,August,31,1,Sunday,16:32:00,16,25035381,A,"Injury of any type (Serious, Minor, Possible)",C,Possible Injury (C),2,0,0,3,State,1.47,10,10-N,10-N,ORANGE AVE,,,,,41.297507,-72.949001,14,Motor Vehicle in Operation,3,Angle,1,On Roadway,1,Clear,88,Not Applicable,4,Dark-Lighted,1,Dry,0,None,88,Not Applicable,88,Not Applicable,0,None,88,Not Applicable,88,Not Applicable,2,Intersection,2,Four-Way Intersection,1,No,1,No,88,Not Applicable,88,Not Applicable,88,Not Applicable,88,Not Applicable,FALSE,1,Public Road,1,"Trafficway, On Road",CT0009300,New Haven PD,46613,55:10.0,C,Closed,00:53.0,,,,,,,
1307633,1,Complete,1307633,1307633,41.30678791,-72.94643886,3793841,New Haven,93,93,New Haven,9/1/2025,2025,9,September,1,2,Monday,11:22:00,11,25035440,A,"Injury of any type (Serious, Minor, Possible)",B,Suspected Minor Injury (B),2,0,0,4,Local,1.23,809,REV DR MLK JR BLVD,REV DR MLK JR BLVD,SHERMAN AV,,,,,41.30678791,-72.94643886,14,Motor Vehicle in Operation,3,Angle,1,On Roadway,2,Cloudy,88,Not Applicable,1,Daylight,1,Dry,0,None,88,Not Applicable,88,Not Applicable,0,None,88,Not Applicable,88,Not Applicable,2,Intersection,2,Four-Way Intersection,1,No,1,No,88,Not Applicable,88,Not Applicable,88,Not Applicable,88,Not Applicable,FALSE,1,Public Road,1,"Trafficway, On Road",CT0009300,New Haven PD,40810,07:43.0,C,Closed,00:46.0,,,,,,,
1307641,1,Complete,1307641,1307641,41.322798,-72.947705,3793849,New Haven,93,93,New Haven,9/4/2025,2025,9,September,4,5,Thursday,14:11:00,14,25035990,A,"Injury of any type (Serious, Minor, Possible)",B,Suspected Minor Injury (B),2,0,0,4,Local,0.17,258,GOFFE TER,GOFFE TER,BELLEVUE RD,,,,,41.322798,-72.947705,14,Motor Vehicle in Operation,1,Front to rear,1,On Roadway,1,Clear,88,Not Applicable,1,Daylight,1,Dry,0,None,88,Not Applicable,88,Not Applicable,97,Other,88,Not Applicable,88,Not Applicable,2,Intersection,3,T-Intersection,1,No,1,No,88,Not Applicable,88,Not Applicable,88,Not Applicable,88,Not Applicable,FALSE,1,Public Road,1,"Trafficway, On Road",CT0009300,New Haven PD,44062,36:28.0,C,Closed,00:39.0,,,,,,,
1307646,1,Complete,1307646,1307646,41.316293,-72.941439,3793854,New Haven,93,93,New Haven,9/5/2025,2025,9,September,5,6,Friday,7:54:00,7,25036139,A,"Injury of any type (Serious, Minor, Possible)",C,Possible Injury (C),2,0,0,4,Local,0.44,653,WHALLEY AV,WHALLEY AV,HUDSON ST,,,,,41.316293,-72.941439,14,Motor Vehicle in Operation,4,"Sideswipe, same direction",1,On Roadway,1,Clear,88,Not Applicable,1,Daylight,1,Dry,0,None,88,Not Applicable,88,Not Applicable,0,None,88,Not Applicable,88,Not Applicable,3,Intersection-Related,3,T-Intersection,1,No,1,No,88,Not Applicable,88,Not Applicable,88,Not Applicable,88,Not Applicable,FALSE,1,Public Road,1,"Trafficway, On Road",CT0009300,New Haven PD,33016,45:58.0,C,Closed,00:42.0,,,,,,,
1307649,1,Complete,1307649,1307649,41.307245,-72.932526,3793857,New Haven,93,93,New Haven,9/5/2025,2025,9,September,5,6,Friday,12:28:00,12,25036180,A,"Injury of any type (Serious, Minor, Possible)",B,Suspected Minor Injury (B),1,1,0,4,Local,0.35,766,YORK ST,YORK ST,CROWN ST,,,,,41.307245,-72.932526,9,Pedestrian,88,Not Applicable,1,On Roadway,1,Clear,88,Not Applicable,1,Daylight,1,Dry,0,None,88,Not Applicable,88,Not Applicable,0,None,88,Not Applicable,88,Not Applicable,2,Intersection,2,Four-Way Intersection,1,No,1,No,88,Not Applicable,88,Not Applicable,88,Not Applicable,88,Not Applicable,TRUE,1,Public Road,1,"Trafficway, On Road",CT0009300,New Haven PD,43688,50:02.0,C,Closed,00:42.0,,,,,,,
1307655,1,Complete,1307655,1307655,41.305575,-72.91278,3793863,New Haven,93,93,New Haven,9/5/2025,2025,9,September,5,6,Friday,16:48:00,16,25036215,A,"Injury of any type (Serious, Minor, Possible)",C,Possible Injury (C),2,0,1,4,Local,0.13,275,HAMILTON ST NO 2,HAMILTON ST NO 2,IVES PL,,,,,41.305575,-72.91278,14,Motor Vehicle in Operation,3,Angle,1,On Roadway,1,Clear,88,Not Applicable,1,Daylight,1,Dry,0,None,88,Not Applicable,88,Not Applicable,0,None,88,Not Applicable,88,Not Applicable,2,Intersection,2,Four-Way Intersection,1,No,1,No,88,Not Applicable,88,Not Applicable,88,Not Applicable,88,Not Applicable,FALSE,1,Public Road,1,"Trafficway, On Road",CT0009300,New Haven PD,46627,26:05.0,C,Closed,00:48.0,,,,,,,
1307660,1,Complete,1307660,1307660,41.309469,-72.927149,3793868,New Haven,93,93,New Haven,9/5/2025,2025,9,September,5,6,Friday,23:48:00,23,25036269,A,"Injury of any type (Serious, Minor, Possible)",C,Possible Injury (C),2,0,1,4,Local,0.38,726,ELM ST NO 2,ELM ST NO 2,COLLEGE ST,,,,,41.309469,-72.927149,14,Motor Vehicle in Operation,4,"Sideswipe, same direction",1,On Roadway,1,Clear,88,Not Applicable,4,Dark-Lighted,1,Dry,99,Unknown,0,None,88,Not Applicable,0,None,88,Not Applicable,88,Not Applicable,2,Intersection,2,Four-Way Intersection,1,No,1,No,88,Not Applicable,88,Not Applicable,88,Not Applicable,88,Not Applicable,FALSE,1,Public Road,1,"Trafficway, On Road",CT0009300,New Haven PD,45391,38:06.0,C,Closed,00:45.0,,,,,,,
1307661,1,Complete,1307661,1307661,41.305066,-72.930395,3793869,New Haven,93,93,New Haven,9/5/2025,2025,9,September,5,6,Friday,23:58:00,23,25036275,A,"Injury of any type (Serious, Minor, Possible)",C,Possible Injury (C),2,0,0,4,Local,0.52,117,COLLEGE ST,COLLEGE ST,GEORGE ST,,,,,41.305066,-72.930395,14,Motor Vehicle in Operation,3,Angle,1,On Roadway,1,Clear,88,Not Applicable,4,Dark-Lighted,1,Dry,0,None,88,Not Applicable,88,Not Applicable,0,None,88,Not Applicable,88,Not Applicable,2,Intersection,2,Four-Way Intersection,1,No,1,No,88,Not Applicable,88,Not Applicable,88,Not Applicable,88,Not Applicable,FALSE,1,Public Road,1,"Trafficway, On Road",CT0009300,New Haven PD,46625,34:06.0,C,Closed,00:46.0,,,,,,,
1307665,1,Complete,1307665,1307665,41.33106,-72.972715,3793873,New Haven,93,93,New Haven,9/6/2025,2025,9,September,6,7,Saturday,15:11:00,15,25036337,A,"Injury of any type (Serious, Minor, Possible)",C,Possible Injury (C),2,0,0,,,,,1289 WHALLEY AV,1289 WHALLEY AV,,DAVIS ST ,55,Feet,N,41.33106,-72.972715,14,Motor Vehicle in Operation,3,Angle,97,Other,1,Clear,88,Not Applicable,1,Daylight,1,Dry,0,None,88,Not Applicable,88,Not Applicable,0,None,88,Not Applicable,88,Not Applicable,97,Other,1,Not at Intersection,1,No,1,No,88,Not Applicable,88,Not Applicable,88,Not Applicable,88,Not Applicable,FALSE,88,Not Applicable,4,Parking Lot,CT0009300,New Haven PD,44055,37:44.0,C,Closed,00:47.0,,,,,,,
1307666,1,Complete,1307666,1307666,41.331313,-72.867554,3793874,New Haven,93,93,New Haven,9/6/2025,2025,9,September,6,7,Saturday,16:59:00,16,25036349,A,"Injury of any type (Serious, Minor, Possible)",C,Possible Injury (C),2,0,0,3,State,0.79,103,103-N,103-N,FOXON HILL RD,,,,,41.331313,-72.867554,14,Motor Vehicle in Operation,3,Angle,1,On Roadway,4,Rain,88,Not Applicable,1,Daylight,2,Wet,1,Weather Conditions,88,Not Applicable,88,Not Applicable,0,None,88,Not Applicable,88,Not Applicable,2,Intersection,2,Four-Way Intersection,1,No,1,No,88,Not Applicable,88,Not Applicable,88,Not Applicable,88,Not Applicable,FALSE,1,Public Road,1,"Trafficway, On Road",CT0009300,New Haven PD,45388,10:00.0,C,Closed,00:48.0,,,,,,,
1308265,1,Complete,1308265,1308265,41.290791,-72.941388,3794473,New Haven,93,93,New Haven,8/28/2025,2025,8,August,28,5,Thursday,22:57:00,22,25034991,A,"Injury of any type (Serious, Minor, Possible)",B,Suspected Minor Injury (B),1,1,0,3,State,0.87,10,10-N,10-N,WASHINGTON AVE,,,,,41.290791,-72.941388,9,Pedestrian,88,Not Applicable,1,On Roadway,1,Clear,88,Not Applicable,5,Dark-Not Lighted,1,Dry,0,None,88,Not Applicable,88,Not Applicable,0,None,88,Not Applicable,88,Not Applicable,2,Intersection,2,Four-Way Intersection,1,No,1,No,88,Not Applicable,88,Not Applicable,88,Not Applicable,88,Not Applicable,FALSE,1,Public Road,1,"Trafficway, On Road",CT0009300,New Haven PD,45395,50:19.0,O,Open,01:52.0,,,,,,,
1308266,1,Complete,1308266,1308266,41.32392,-72.88198,3794474,New Haven,93,93,New Haven,8/31/2025,2025,8,August,31,1,Sunday,13:27:00,13,25035336,A,"Injury of any type (Serious, Minor, Possible)",A,Suspected Serious Injury (A),2,0,1,3,State,0.19,17,17-N,17-N,91-N-16 (Exit 8),,75,Feet,W,41.32392,-72.88198,14,Motor Vehicle in Operation,4,"Sideswipe, same direction",1,On Roadway,1,Clear,88,Not Applicable,1,Daylight,1,Dry,0,None,88,Not Applicable,88,Not Applicable,0,None,88,Not Applicable,88,Not Applicable,2,Intersection,2,Four-Way Intersection,1,No,1,No,88,Not Applicable,88,Not Applicable,88,Not Applicable,88,Not Applicable,TRUE,1,Public Road,1,"Trafficway, On Road",CT0009300,New Haven PD,44056,22:21.0,C,Closed,01:48.0,,,,,,,
1308281,1,Complete,1308281,1308281,41.288828,-72.892886,3794489,New Haven,93,93,New Haven,9/8/2025,2025,9,September,8,2,Monday,19:22:00,19,25036666,A,"Injury of any type (Serious, Minor, Possible)",C,Possible Injury (C),2,0,0,3,State,0.08,741,741-E,741-E,,TOWNSEND AVE,60,Feet,W,41.288828,-72.892886,14,Motor Vehicle in Operation,1,Front to rear,1,On Roadway,1,Clear,88,Not Applicable,1,Daylight,1,Dry,0,None,88,Not Applicable,88,Not Applicable,0,None,88,Not Applicable,88,Not Applicable,3,Intersection-Related,2,Four-Way Intersection,1,No,1,No,88,Not Applicable,88,Not Applicable,88,Not Applicable,88,Not Applicable,TRUE,1,Public Road,1,"Trafficway, On Road",CT0009300,New Haven PD,48045,24:18.0,C,Closed,01:49.0,,,,,,,
1308284,1,Complete,1308284,1308284,41.30055,-72.9432,3794492,New Haven,93,93,New Haven,9/8/2025,2025,9,September,8,2,Monday,19:39:00,19,25036689,A,"Injury of any type (Serious, Minor, Possible)",B,Suspected Minor Injury (B),2,0,0,4,Local,0.31,141,DAVENPORT AV,DAVENPORT AV,WINTHROP AVE,,,,,41.30055,-72.9432,14,Motor Vehicle in Operation,3,Angle,1,On Roadway,1,Clear,88,Not Applicable,4,Dark-Lighted,1,Dry,0,None,88,Not Applicable,88,Not Applicable,0,None,88,Not Applicable,88,Not Applicable,2,Intersection,3,T-Intersection,1,No,1,No,88,Not Applicable,88,Not Applicable,88,Not Applicable,88,Not Applicable,FALSE,1,Public Road,1,"Trafficway, On Road",CT0009300,New Haven PD,45389,43:30.0,C,Closed,01:50.0,,,,,,,
1309030,1,Complete,1309030,1309030,41.311964,-72.897782,3795238,New Haven,93,93,New Haven,9/2/2025,2025,9,September,2,3,Tuesday,8:55:00,8,25035528,A,"Injury of any type (Serious, Minor, Possible)",C,Possible Injury (C),2,0,0,4,Local,0.7,487,POPLAR ST,POPLAR ST,PINE ST,,,,,41.311964,-72.897782,14,Motor Vehicle in Operation,2,Front to front,1,On Roadway,1,Clear,88,Not Applicable,1,Daylight,1,Dry,0,None,88,Not Applicable,88,Not Applicable,0,None,88,Not Applicable,88,Not Applicable,2,Intersection,2,Four-Way Intersection,1,No,1,No,88,Not Applicable,88,Not Applicable,88,Not Applicable,88,Not Applicable,FALSE,1,Public Road,1,"Trafficway, On Road",CT0009300,New Haven PD,42057,24:50.0,C,Closed,02:00.0,,,,,,,
1309033,1,Complete,1309033,1309033,41.314997,-72.897972,3795241,New Haven,93,93,New Haven,9/8/2025,2025,9,September,8,2,Monday,14:17:00,14,25036585,A,"Injury of any type (Serious, Minor, Possible)",C,Possible Injury (C),2,0,0,4,Local,0.32,379,LOMBARD ST,LOMBARD ST,,Poplar ST,160,Feet,E,41.314997,-72.897972,14,Motor Vehicle in Operation,3,Angle,1,On Roadway,1,Clear,88,Not Applicable,1,Daylight,1,Dry,0,None,88,Not Applicable,88,Not Applicable,0,None,88,Not Applicable,88,Not Applicable,9,Driveway Access-Related,1,Not at Intersection,1,No,1,No,88,Not Applicable,88,Not Applicable,88,Not Applicable,88,Not Applicable,FALSE,1,Public Road,1,"Trafficway, On Road",CT0009300,New Haven PD,42048,03:38.0,C,Closed,02:00.0,,,,,,,
1309035,1,Complete,1309035,1309035,41.316013,-72.904297,3795243,New Haven,93,93,New Haven,9/8/2025,2025,9,September,8,2,Monday,23:18:00,23,25036706,A,"Injury of any type (Serious, Minor, Possible)",C,Possible Injury (C),2,0,0,4,Local,0.01,327,JAMES ST,JAMES ST,,STATE ST,118,Feet,S,41.316013,-72.904297,14,Motor Vehicle in Operation,1,Front to rear,1,On Roadway,1,Clear,88,Not Applicable,4,Dark-Lighted,1,Dry,0,None,88,Not Applicable,88,Not Applicable,0,None,88,Not Applicable,88,Not Applicable,3,Intersection-Related,2,Four-Way Intersection,1,No,1,No,88,Not Applicable,88,Not Applicable,88,Not Applicable,88,Not Applicable,FALSE,1,Public Road,1,"Trafficway, On Road",CT0009300,New Haven PD,44047,22:27.0,C,Closed,01:57.0,,,,,,,
1309038,1,Complete,1309038,1309038,41.304375,-72.894523,3795246,New Haven,93,93,New Haven,9/9/2025,2025,9,September,9,3,Tuesday,8:45:00,8,25036722,A,"Injury of any type (Serious, Minor, Possible)",C,Possible Injury (C),2,0,0,4,Local,0.1,97,CHAPEL ST,CHAPEL ST,FERRY ST,,,,,41.304375,-72.894523,14,Motor Vehicle in Operation,2,Front to front,1,On Roadway,1,Clear,88,Not Applicable,1,Daylight,1,Dry,0,None,88,Not Applicable,88,Not Applicable,0,None,88,Not Applicable,88,Not Applicable,2,Intersection,2,Four-Way Intersection,1,No,1,No,88,Not Applicable,88,Not Applicable,88,Not Applicable,88,Not Applicable,FALSE,1,Public Road,1,"Trafficway, On Road",CT0009300,New Haven PD,42057,53:22.0,C,Closed,02:00.0,,,,,,,
1309474,1,Complete,1309474,1309474,41.306286,-72.935481,3795682,New Haven,93,93,New Haven,9/9/2025,2025,9,September,9,3,Tuesday,15:59:00,15,25036832,A,"Injury of any type (Serious, Minor, Possible)",B,Suspected Minor Injury (B),2,0,0,4,Local,0.54,809,REV DR MLK JR BLVD,REV DR MLK JR BLVD,PARK ST,,,,,41.306286,-72.935481,14,Motor Vehicle in Operation,3,Angle,1,On Roadway,1,Clear,88,Not Applicable,1,Daylight,1,Dry,99,Unknown,88,Not Applicable,88,Not Applicable,99,Unknown,88,Not Applicable,88,Not Applicable,2,Intersection,2,Four-Way Intersection,1,No,1,No,88,Not Applicable,88,Not Applicable,88,Not Applicable,88,Not Applicable,FALSE,1,Public Road,1,"Trafficway, On Road",CT0009300,New Haven PD,46617,13:24.0,C,Closed,01:14.0,,,,,,,
1309476,1,Complete,1309476,1309476,41.290922,-72.941358,3795684,New Haven,93,93,New Haven,9/9/2025,2025,9,September,9,3,Tuesday,16:28:00,16,25036889,A,"Injury of any type (Serious, Minor, Possible)",C,Possible Injury (C),2,0,0,3,State,0.88,10,10-N,10-N,WASHINGTON AVENUE,,,,,41.290922,-72.941358,14,Motor Vehicle in Operation,4,"Sideswipe, same direction",1,On Roadway,1,Clear,88,Not Applicable,1,Daylight,1,Dry,0,None,88,Not Applicable,88,Not Applicable,0,None,88,Not Applicable,88,Not Applicable,2,Intersection,2,Four-Way Intersection,1,No,1,No,88,Not Applicable,88,Not Applicable,88,Not Applicable,88,Not Applicable,TRUE,1,Public Road,1,"Trafficway, On Road",CT0009300,New Haven PD,45625,29:41.0,C,Closed,01:06.0,,,,,,,