CrashId,Fatal Case Status,Fatal Case Status Text Format,CrashId,CrashId,Latitude,Longitude,DOT Case Number,Town Name,Town Number,Town Number,Town Number Text Format,Date Of Crash,Year,Month,Month Text Format,Day,Day of the Week,Day of the Week Text Format,Time of Crash,Hour of the Day,Case Identifier,Crash Severity,Crash Severity Text Format,Most Severe Injury,Most Severe Injury Text Format,Number Of Motor Vehicles,Number Of Non-Motorist,Number Of Witnesses,Route Class,Route Class Text Format,Milemarker,Road Number,Road Description,Roadway Name,Intersecting Roadway Name,Landmark Description,Distance From Nearest Landmark,Unit Of Measure From Nearest Landmark,Direction From Nearest Landmark,Latitude,Longitude,First Harmful Event,First Harmful Event Text Format,Manner of Crash / Collision Impact,Manner of Crash / Collision Impact Text Format,Location of First Harmful Event,Location of First Harmful Event Text Format,Weather Condition,Weather Condition Text Format,Weather 2,Weather 2 Text Format,Light Condition,Light Condition Text Format,Road Surface Condition,Road Surface Condition Text Format,"Contributing Circumstances, Environment","Contributing Circumstances, Environment Text Format",Environment 2,Environment 2 Text Format,Environment 3,Environment 3 Text Format,"Contributing Circumstances, Road","Contributing Circumstances, Road Text Format",Road 2,Road 2 Text Format,Road 3,Road 3 Text Format,Crash Specific Location,Crash Specific Location Text Format,Type of Intersection,Type of Intersection Text Format,School Bus Related,School Bus Related Text Format,Work Zone Related,Work Zone Related Text Format,Location Of Crash Relative To Work Zone,Location Of Crash Relative To Work Zone Text Format,Type of Work Zone,Type of Work Zone Text Format,Worker Presence,Worker Presence Text Format,Law Enforcement Presence,Law Enforcement Presence Text Format,Were Vehicles Moved Prior To Police Arrival,Trafficway Ownership,Trafficway Ownership Text Format,Trafficway Class,Trafficway Class Text Format,Police Agency,Police Agency Text Format,Badge Number,Approval Date,Police Case Status,Police Case Status Text Format,Crash Report Submission Date,Related Case Identifiers,No. of Through Lanes (Log Dir.),Average Daily Traffic,Functional Classification,Functional Classification Text Format,Rural or Urban,Rural or Urban Text Format
1309486,1,Complete,1309486,1309486,41.31109962,-72.93088176,3795694,New Haven,93,93,New Haven,9/10/2025,2025,9,September,10,4,Wednesday,13:25:00,13,25037002,A,"Injury of any type (Serious, Minor, Possible)",C,Possible Injury (C),2,0,0,4,Local,0,68,BROADWAY,BROADWAY,ELM ST NO 2,,,,,41.31109962,-72.93088176,14,Motor Vehicle in Operation,4,"Sideswipe, same direction",1,On Roadway,2,Cloudy,88,Not Applicable,1,Daylight,1,Dry,0,None,88,Not Applicable,88,Not Applicable,0,None,88,Not Applicable,88,Not Applicable,2,Intersection,8,"Five-Point, or More",1,No,1,No,88,Not Applicable,88,Not Applicable,88,Not Applicable,88,Not Applicable,FALSE,1,Public Road,1,"Trafficway, On Road",CT0009300,New Haven PD,44062,08:52.0,C,Closed,01:11.0,,,,,,,
1309490,1,Complete,1309490,1309490,41.332862,-72.970125,3795698,New Haven,93,93,New Haven,9/10/2025,2025,9,September,10,4,Wednesday,16:48:00,16,25037068,A,"Injury of any type (Serious, Minor, Possible)",C,Possible Injury (C),3,0,0,4,Local,0.52,612,VALLEY ST NO 1,VALLEY ST NO 1,,VALLEY PL N,45,Feet,S,41.332862,-72.970125,14,Motor Vehicle in Operation,1,Front to rear,1,On Roadway,1,Clear,88,Not Applicable,1,Daylight,1,Dry,0,None,88,Not Applicable,88,Not Applicable,0,None,88,Not Applicable,88,Not Applicable,3,Intersection-Related,3,T-Intersection,1,No,1,No,88,Not Applicable,88,Not Applicable,88,Not Applicable,88,Not Applicable,TRUE,1,Public Road,1,"Trafficway, On Road",CT0009300,New Haven PD,45403,27:20.0,C,Closed,01:14.0,,,,,,,
1309788,1,Complete,1309788,1309788,41.31368,-72.943553,3795995,New Haven,93,93,New Haven,9/6/2025,2025,9,September,6,7,Saturday,21:11:00,21,25036378,A,"Injury of any type (Serious, Minor, Possible)",B,Suspected Minor Injury (B),2,1,0,4,Local,0.56,556,SHERMAN AV,SHERMAN AV,,EDGEWOOD AVE,160,Feet,N,41.31368,-72.943553,14,Motor Vehicle in Operation,1,Front to rear,1,On Roadway,4,Rain,4,Rain,4,Dark-Lighted,2,Wet,0,None,88,Not Applicable,88,Not Applicable,0,None,88,Not Applicable,88,Not Applicable,1,Non-Junction,1,Not at Intersection,1,No,1,No,88,Not Applicable,88,Not Applicable,88,Not Applicable,88,Not Applicable,TRUE,1,Public Road,1,"Trafficway, On Road",CT0009300,New Haven PD,45132,25:21.0,O,Open,00:13.0,,,,,,,
1309791,1,Complete,1309791,1309791,41.334728,-72.946475,3795998,New Haven,93,93,New Haven,9/9/2025,2025,9,September,9,3,Tuesday,15:19:00,15,25036829,A,"Injury of any type (Serious, Minor, Possible)",A,Suspected Serious Injury (A),2,0,0,3,State,4.5,10,10-N,10-N,,PINE ROCK AVE,300,Feet,N,41.334728,-72.946475,14,Motor Vehicle in Operation,1,Front to rear,1,On Roadway,1,Clear,88,Not Applicable,1,Daylight,1,Dry,0,None,88,Not Applicable,88,Not Applicable,0,None,88,Not Applicable,88,Not Applicable,1,Non-Junction,1,Not at Intersection,1,No,1,No,88,Not Applicable,88,Not Applicable,88,Not Applicable,88,Not Applicable,TRUE,1,Public Road,1,"Trafficway, On Road",CT0009300,New Haven PD,170,45:17.0,C,Closed,00:09.0,,,,,,,
1310189,1,Complete,1310189,1310189,41.320424,-72.867747,3796396,New Haven,93,93,New Haven,9/9/2025,2025,9,September,9,3,Tuesday,15:26:00,15,25036811,A,"Injury of any type (Serious, Minor, Possible)",C,Possible Injury (C),4,0,0,3,State,0.78,80,80-E,80-E,,OLD FOXON RD,250,Feet,E,41.320424,-72.867747,14,Motor Vehicle in Operation,1,Front to rear,1,On Roadway,1,Clear,88,Not Applicable,1,Daylight,1,Dry,0,None,88,Not Applicable,88,Not Applicable,0,None,88,Not Applicable,88,Not Applicable,3,Intersection-Related,3,T-Intersection,1,No,1,No,88,Not Applicable,88,Not Applicable,88,Not Applicable,88,Not Applicable,FALSE,1,Public Road,1,"Trafficway, On Road",CT0009300,New Haven PD,44056,32:09.0,C,Closed,00:38.0,,,,,,,
1310198,1,Complete,1310198,1310198,41.30731,-72.883815,3796405,New Haven,93,93,New Haven,9/12/2025,2025,9,September,12,6,Friday,7:51:00,7,25037305,A,"Injury of any type (Serious, Minor, Possible)",C,Possible Injury (C),2,0,0,4,Local,0.14,168,EAST GRAND AV,EAST GRAND AV,LEXINGTON AVE,,,,,41.30731,-72.883815,14,Motor Vehicle in Operation,3,Angle,1,On Roadway,1,Clear,88,Not Applicable,1,Daylight,1,Dry,0,None,88,Not Applicable,88,Not Applicable,0,None,88,Not Applicable,88,Not Applicable,2,Intersection,2,Four-Way Intersection,1,No,1,No,88,Not Applicable,88,Not Applicable,88,Not Applicable,88,Not Applicable,FALSE,1,Public Road,1,"Trafficway, On Road",CT0009300,New Haven PD,65,50:54.0,C,Closed,00:32.0,,,,,,,
1310201,1,Complete,1310201,1310201,41.297309,-72.931477,3796408,New Haven,93,93,New Haven,9/12/2025,2025,9,September,12,6,Friday,17:49:00,17,25037380,A,"Injury of any type (Serious, Minor, Possible)",C,Possible Injury (C),2,0,0,4,Local,0.12,490,PORTSEA ST,PORTSEA ST,,CEDAR ST,100,Feet,E,41.297309,-72.931477,14,Motor Vehicle in Operation,3,Angle,1,On Roadway,1,Clear,88,Not Applicable,1,Daylight,1,Dry,0,None,88,Not Applicable,88,Not Applicable,0,None,88,Not Applicable,88,Not Applicable,1,Non-Junction,1,Not at Intersection,1,No,1,No,88,Not Applicable,88,Not Applicable,88,Not Applicable,88,Not Applicable,FALSE,1,Public Road,1,"Trafficway, On Road",CT0009300,New Haven PD,48829,34:18.0,C,Closed,00:35.0,,,,,,,
1310206,1,Complete,1310206,1310206,41.314316,-72.93573,3796413,New Haven,93,93,New Haven,9/12/2025,2025,9,September,12,6,Friday,22:36:00,22,25037413,A,"Injury of any type (Serious, Minor, Possible)",B,Suspected Minor Injury (B),2,0,0,4,Local,0.76,653,WHALLEY AV,WHALLEY AV,SPERRY ST,,,,,41.314316,-72.93573,14,Motor Vehicle in Operation,3,Angle,1,On Roadway,1,Clear,88,Not Applicable,4,Dark-Lighted,1,Dry,0,None,88,Not Applicable,88,Not Applicable,0,None,88,Not Applicable,88,Not Applicable,2,Intersection,3,T-Intersection,1,No,1,No,88,Not Applicable,88,Not Applicable,88,Not Applicable,88,Not Applicable,FALSE,1,Public Road,1,"Trafficway, On Road",CT0009300,New Haven PD,46627,21:48.0,C,Closed,00:35.0,,,,,,,
1310209,1,Complete,1310209,1310209,41.329273,-72.968634,3796416,New Haven,93,93,New Haven,9/13/2025,2025,9,September,13,7,Saturday,6:40:00,6,25037441,A,"Injury of any type (Serious, Minor, Possible)",A,Suspected Serious Injury (A),2,0,0,3,State,0.71,63,63-N,63-N,DAYTON ST,,,,,41.329273,-72.968634,14,Motor Vehicle in Operation,5,"Sideswipe, opposite direction",1,On Roadway,1,Clear,88,Not Applicable,1,Daylight,1,Dry,0,None,88,Not Applicable,88,Not Applicable,0,None,88,Not Applicable,88,Not Applicable,2,Intersection,2,Four-Way Intersection,1,No,1,No,88,Not Applicable,88,Not Applicable,88,Not Applicable,88,Not Applicable,FALSE,1,Public Road,1,"Trafficway, On Road",CT0009300,New Haven PD,286,26:43.0,C,Closed,00:41.0,,,,,,,
1310212,1,Complete,1310212,1310212,41.314495,-72.935582,3796419,New Haven,93,93,New Haven,9/13/2025,2025,9,September,13,7,Saturday,16:20:00,16,25037502,A,"Injury of any type (Serious, Minor, Possible)",C,Possible Injury (C),2,0,0,4,Local,0.02,570,SPERRY ST,SPERRY ST,,WHALLEY AVE,50,Feet,N,41.314495,-72.935582,14,Motor Vehicle in Operation,4,"Sideswipe, same direction",1,On Roadway,1,Clear,88,Not Applicable,1,Daylight,1,Dry,0,None,88,Not Applicable,88,Not Applicable,0,None,88,Not Applicable,88,Not Applicable,1,Non-Junction,1,Not at Intersection,1,No,1,No,88,Not Applicable,88,Not Applicable,88,Not Applicable,88,Not Applicable,TRUE,1,Public Road,1,"Trafficway, On Road",CT0009300,New Haven PD,44947,57:43.0,C,Closed,00:40.0,,,,,,,
1310215,1,Complete,1310215,1310215,41.307778,-72.900311,3796422,New Haven,93,93,New Haven,9/13/2025,2025,9,September,13,7,Saturday,19:06:00,19,25037518,A,"Injury of any type (Serious, Minor, Possible)",C,Possible Injury (C),3,0,0,4,Local,0.14,679,WOOLSEY ST,WOOLSEY ST,,LLOYD ST,120,Feet,E,41.307778,-72.900311,14,Motor Vehicle in Operation,1,Front to rear,1,On Roadway,1,Clear,88,Not Applicable,5,Dark-Not Lighted,1,Dry,0,None,88,Not Applicable,88,Not Applicable,0,None,88,Not Applicable,88,Not Applicable,1,Non-Junction,1,Not at Intersection,1,No,1,No,88,Not Applicable,88,Not Applicable,88,Not Applicable,88,Not Applicable,FALSE,1,Public Road,1,"Trafficway, On Road",CT0009300,New Haven PD,42367,44:26.0,C,Closed,00:42.0,,,,,,,
1310219,1,Complete,1310219,1310219,41.307225,-72.932524,3796426,New Haven,93,93,New Haven,9/14/2025,2025,9,September,14,1,Sunday,2:20:00,2,25037546,A,"Injury of any type (Serious, Minor, Possible)",C,Possible Injury (C),2,0,0,4,Local,0.35,766,YORK ST,YORK ST,CROWN ST,,,,,41.307225,-72.932524,14,Motor Vehicle in Operation,3,Angle,1,On Roadway,1,Clear,88,Not Applicable,4,Dark-Lighted,1,Dry,0,None,88,Not Applicable,88,Not Applicable,0,None,88,Not Applicable,88,Not Applicable,2,Intersection,2,Four-Way Intersection,1,No,1,No,88,Not Applicable,88,Not Applicable,88,Not Applicable,88,Not Applicable,FALSE,1,Public Road,1,"Trafficway, On Road",CT0009300,New Haven PD,44048,21:07.0,O,Open,00:46.0,,,,,,,
1310220,1,Complete,1310220,1310220,41.3341221,-72.9475179,3796427,New Haven,93,93,New Haven,9/14/2025,2025,9,September,14,1,Sunday,4:31:00,4,25037553,A,"Injury of any type (Serious, Minor, Possible)",C,Possible Injury (C),1,0,0,3,State,4.43,10,10-N,10-N,PINE ROCK AVE,,,,,41.3341221,-72.9475179,25,Curb,88,Not Applicable,4,Roadside,1,Clear,88,Not Applicable,4,Dark-Lighted,1,Dry,97,Other,88,Not Applicable,88,Not Applicable,0,None,88,Not Applicable,88,Not Applicable,2,Intersection,3,T-Intersection,1,No,1,No,88,Not Applicable,88,Not Applicable,88,Not Applicable,88,Not Applicable,FALSE,1,Public Road,1,"Trafficway, On Road",CT0009300,New Haven PD,42053,08:51.0,C,Closed,00:43.0,,,,,,,
1310223,1,Complete,1310223,1310223,41.30128,-72.920494,3796430,New Haven,93,93,New Haven,9/14/2025,2025,9,September,14,1,Sunday,13:26:00,13,25037586,A,"Injury of any type (Serious, Minor, Possible)",C,Possible Injury (C),2,0,0,2,USRoute,48.46,1,1-N,1-N,,OLIVE ST,60,Feet,E,41.30128,-72.920494,14,Motor Vehicle in Operation,1,Front to rear,1,On Roadway,1,Clear,88,Not Applicable,1,Daylight,1,Dry,0,None,88,Not Applicable,88,Not Applicable,0,None,88,Not Applicable,88,Not Applicable,3,Intersection-Related,3,T-Intersection,1,No,1,No,88,Not Applicable,88,Not Applicable,88,Not Applicable,88,Not Applicable,FALSE,1,Public Road,1,"Trafficway, On Road",CT0009300,New Haven PD,43688,23:39.0,C,Closed,00:43.0,,,,,,,
1310225,1,Complete,1310225,1310225,41.293764,-72.936836,3796432,New Haven,93,93,New Haven,9/14/2025,2025,9,September,14,1,Sunday,21:07:00,21,25037624,A,"Injury of any type (Serious, Minor, Possible)",C,Possible Injury (C),2,0,0,4,Local,0.21,78,BUTTON ST,BUTTON ST,SPRING ST,,,,,41.293764,-72.936836,14,Motor Vehicle in Operation,97,Other,1,On Roadway,1,Clear,88,Not Applicable,4,Dark-Lighted,1,Dry,0,None,88,Not Applicable,88,Not Applicable,0,None,88,Not Applicable,88,Not Applicable,2,Intersection,2,Four-Way Intersection,1,No,1,No,88,Not Applicable,88,Not Applicable,88,Not Applicable,88,Not Applicable,TRUE,1,Public Road,1,"Trafficway, On Road",CT0009300,New Haven PD,45625,08:28.0,C,Closed,00:48.0,,,,,,,
1310763,1,Complete,1310763,1310763,41.294857,-72.919086,3796970,New Haven,93,93,New Haven,9/10/2025,2025,9,September,10,4,Wednesday,21:20:00,21,25037100,A,"Injury of any type (Serious, Minor, Possible)",B,Suspected Minor Injury (B),1,0,0,4,Local,0.86,359,SARGENT DR,SARGENT DR,,CHURCH ST EXT,1185,Feet,N,41.294857,-72.919086,6,Fell/Jumped from Vehicle,88,Not Applicable,1,On Roadway,1,Clear,88,Not Applicable,4,Dark-Lighted,1,Dry,0,None,88,Not Applicable,88,Not Applicable,0,None,88,Not Applicable,88,Not Applicable,1,Non-Junction,1,Not at Intersection,1,No,1,No,88,Not Applicable,88,Not Applicable,88,Not Applicable,88,Not Applicable,FALSE,1,Public Road,1,"Trafficway, On Road",CT0009300,New Haven PD,268,13:37.0,C,Closed,00:20.0,,,,,,,
1310767,1,Complete,1310767,1310767,41.308764,-72.925508,3796974,New Haven,93,93,New Haven,9/15/2025,2025,9,September,15,2,Monday,11:07:00,11,25037674,A,"Injury of any type (Serious, Minor, Possible)",C,Possible Injury (C),2,0,0,4,Local,0.48,726,ELM ST NO 2,ELM ST NO 2,TEMPLE ST ,,,,,41.308764,-72.925508,14,Motor Vehicle in Operation,3,Angle,1,On Roadway,1,Clear,88,Not Applicable,1,Daylight,1,Dry,0,None,88,Not Applicable,88,Not Applicable,0,None,88,Not Applicable,88,Not Applicable,2,Intersection,2,Four-Way Intersection,1,No,1,No,88,Not Applicable,88,Not Applicable,88,Not Applicable,88,Not Applicable,TRUE,1,Public Road,1,"Trafficway, On Road",CT0009300,New Haven PD,47005,02:04.0,C,Closed,00:24.0,25-037674,,,,,,
1310769,1,Complete,1310769,1310769,41.30115,-72.92963,3796976,New Haven,93,93,New Haven,9/15/2025,2025,9,September,15,2,Monday,16:24:00,16,25037732,A,"Injury of any type (Serious, Minor, Possible)",C,Possible Injury (C),2,0,0,4,Local,0.11,347,LAFAYETTE ST,LAFAYETTE ST,CHURCH ST S,,,,,41.30115,-72.92963,14,Motor Vehicle in Operation,1,Front to rear,1,On Roadway,1,Clear,88,Not Applicable,1,Daylight,1,Dry,0,None,88,Not Applicable,88,Not Applicable,0,None,88,Not Applicable,88,Not Applicable,2,Intersection,2,Four-Way Intersection,1,No,1,No,88,Not Applicable,88,Not Applicable,88,Not Applicable,88,Not Applicable,FALSE,1,Public Road,1,"Trafficway, On Road",CT0009300,New Haven PD,45389,27:48.0,C,Closed,00:23.0,,,,,,,
1311061,1,Complete,1311061,1311061,41.30726221,-72.9218279,3797268,New Haven,93,93,New Haven,9/8/2025,2025,9,September,8,2,Monday,16:55:00,16,25036650,A,"Injury of any type (Serious, Minor, Possible)",C,Possible Injury (C),2,0,0,4,Local,0.69,726,ELM ST NO 2,ELM ST NO 2,,STATE ST,200,Feet,W,41.30726221,-72.9218279,14,Motor Vehicle in Operation,4,"Sideswipe, same direction",1,On Roadway,1,Clear,88,Not Applicable,1,Daylight,1,Dry,0,None,88,Not Applicable,88,Not Applicable,0,None,88,Not Applicable,88,Not Applicable,1,Non-Junction,1,Not at Intersection,1,No,1,No,88,Not Applicable,88,Not Applicable,88,Not Applicable,88,Not Applicable,FALSE,1,Public Road,1,"Trafficway, On Road",CT0009300,New Haven PD,42044,40:27.0,C,Closed,00:09.0,,,,,,,
1311063,1,Complete,1311063,1311063,41.305526,-72.952502,3797270,New Haven,93,93,New Haven,9/9/2025,2025,9,September,9,3,Tuesday,23:49:00,23,25036904,A,"Injury of any type (Serious, Minor, Possible)",B,Suspected Minor Injury (B),1,1,0,4,Local,0.01,360,LEGION AV,LEGION AV,ELLA T GRASSO BLVD,,,,,41.305526,-72.952502,9,Pedestrian,88,Not Applicable,1,On Roadway,1,Clear,88,Not Applicable,5,Dark-Not Lighted,1,Dry,99,Unknown,88,Not Applicable,88,Not Applicable,0,None,88,Not Applicable,88,Not Applicable,2,Intersection,3,T-Intersection,1,No,1,No,88,Not Applicable,88,Not Applicable,88,Not Applicable,88,Not Applicable,FALSE,1,Public Road,1,"Trafficway, On Road",CT0009300,New Haven PD,43690,33:43.0,C,Closed,00:07.0,,,,,,,
1311070,1,Complete,1311070,1311070,41.323574,-72.916024,3797277,New Haven,93,93,New Haven,9/16/2025,2025,9,September,16,3,Tuesday,7:23:00,7,25037810,A,"Injury of any type (Serious, Minor, Possible)",C,Possible Injury (C),2,0,0,4,Local,0.87,666,WILLOW ST,WILLOW ST,,WHITNEY AVE,230,Feet,E,41.323574,-72.916024,14,Motor Vehicle in Operation,1,Front to rear,1,On Roadway,2,Cloudy,88,Not Applicable,1,Daylight,1,Dry,0,None,88,Not Applicable,88,Not Applicable,0,None,88,Not Applicable,88,Not Applicable,1,Non-Junction,1,Not at Intersection,1,No,1,No,88,Not Applicable,88,Not Applicable,88,Not Applicable,88,Not Applicable,FALSE,1,Public Road,1,"Trafficway, On Road",CT0009300,New Haven PD,87,08:32.0,C,Closed,00:07.0,,,,,,,
1311369,1,Complete,1311369,1311369,41.297775,-72.935854,3797576,New Haven,93,93,New Haven,9/15/2025,2025,9,September,15,2,Monday,17:07:00,17,25037733,A,"Injury of any type (Serious, Minor, Possible)",B,Suspected Minor Injury (B),2,0,0,2,USRoute,47.31,1,1-N,1-N,WASHINGTON AVE,,,,,41.297775,-72.935854,14,Motor Vehicle in Operation,3,Angle,1,On Roadway,1,Clear,1,Clear,1,Daylight,1,Dry,0,None,88,Not Applicable,88,Not Applicable,0,None,88,Not Applicable,88,Not Applicable,2,Intersection,2,Four-Way Intersection,1,No,1,No,88,Not Applicable,88,Not Applicable,88,Not Applicable,88,Not Applicable,FALSE,1,Public Road,1,"Trafficway, On Road",CT0009300,New Haven PD,46628,51:32.0,C,Closed,00:05.0,25-037733,,,,,,
1311372,1,Complete,1311372,1311372,41.293125,-72.942692,3797579,New Haven,93,93,New Haven,9/17/2025,2025,9,September,17,4,Wednesday,23:41:00,23,25037986,A,"Injury of any type (Serious, Minor, Possible)",C,Possible Injury (C),1,1,0,4,Local,0.13,39,BARCLAY ST,BARCLAY ST,FRANK ST,,,,,41.293125,-72.942692,9,Pedestrian,88,Not Applicable,1,On Roadway,1,Clear,88,Not Applicable,99,Unknown,1,Dry,99,Unknown,88,Not Applicable,88,Not Applicable,99,Unknown,88,Not Applicable,88,Not Applicable,1,Non-Junction,1,Not at Intersection,1,No,1,No,88,Not Applicable,88,Not Applicable,88,Not Applicable,88,Not Applicable,FALSE,1,Public Road,1,"Trafficway, On Road",CT0009300,New Haven PD,47003,42:40.0,C,Closed,00:10.0,25-037986,,,,,,
1311373,1,Complete,1311373,1311373,41.29773603,-72.93888696,3797580,New Haven,93,93,New Haven,9/17/2025,2025,9,September,17,4,Wednesday,1:09:00,1,25037995,A,"Injury of any type (Serious, Minor, Possible)",C,Possible Injury (C),2,0,0,2,USRoute,47.16,1,1-N,1-N,,WHITE ST,50,Feet,W,41.29773603,-72.93888696,14,Motor Vehicle in Operation,4,"Sideswipe, same direction",1,On Roadway,1,Clear,88,Not Applicable,4,Dark-Lighted,1,Dry,0,None,88,Not Applicable,88,Not Applicable,0,None,88,Not Applicable,88,Not Applicable,1,Non-Junction,1,Not at Intersection,1,No,1,No,88,Not Applicable,88,Not Applicable,88,Not Applicable,88,Not Applicable,FALSE,1,Public Road,1,"Trafficway, On Road",CT0009300,New Haven PD,44338,15:54.0,C,Closed,00:04.0,,,,,,,
1311662,1,Complete,1311662,1311662,41.3029771,-72.9203837,3797869,New Haven,93,93,New Haven,9/17/2025,2025,9,September,17,4,Wednesday,11:45:00,11,25038086,A,"Injury of any type (Serious, Minor, Possible)",C,Possible Injury (C),1,1,0,4,Local,0,681,WOOSTER ST NO 1,WOOSTER ST NO 1,OLIVE ST,,,,,41.3029771,-72.9203837,9,Pedestrian,88,Not Applicable,1,On Roadway,1,Clear,88,Not Applicable,1,Daylight,1,Dry,0,None,88,Not Applicable,88,Not Applicable,0,None,88,Not Applicable,88,Not Applicable,2,Intersection,3,T-Intersection,1,No,1,No,88,Not Applicable,88,Not Applicable,88,Not Applicable,88,Not Applicable,TRUE,1,Public Road,1,"Trafficway, On Road",CT0009300,New Haven PD,40952,22:15.0,O,Open,01:54.0,,,,,,,
1311671,1,Complete,1311671,1311671,41.301363,-72.935267,3797878,New Haven,93,93,New Haven,9/18/2025,2025,9,September,18,5,Thursday,16:33:00,16,25038272,A,"Injury of any type (Serious, Minor, Possible)",C,Possible Injury (C),2,0,0,4,Local,0.35,308,HOWARD AV,HOWARD AV,CONGRESS AVE,,,,,41.301363,-72.935267,14,Motor Vehicle in Operation,3,Angle,1,On Roadway,1,Clear,88,Not Applicable,1,Daylight,1,Dry,0,None,88,Not Applicable,88,Not Applicable,0,None,88,Not Applicable,88,Not Applicable,2,Intersection,2,Four-Way Intersection,1,No,1,No,88,Not Applicable,88,Not Applicable,88,Not Applicable,88,Not Applicable,FALSE,1,Public Road,1,"Trafficway, On Road",CT0009300,New Haven PD,46627,48:04.0,C,Closed,01:55.0,,,,,,,
1311673,1,Complete,1311673,1311673,41.33276,-72.94926,3797880,New Haven,93,93,New Haven,9/18/2025,2025,9,September,18,5,Thursday,15:55:00,15,25038274,A,"Injury of any type (Serious, Minor, Possible)",C,Possible Injury (C),2,0,0,3,State,4.3,10,10-S,10-S,Wintergreen Ave,,,,,41.33276,-72.94926,14,Motor Vehicle in Operation,3,Angle,1,On Roadway,1,Clear,88,Not Applicable,1,Daylight,1,Dry,0,None,88,Not Applicable,88,Not Applicable,0,None,88,Not Applicable,88,Not Applicable,2,Intersection,3,T-Intersection,1,No,1,No,88,Not Applicable,88,Not Applicable,88,Not Applicable,88,Not Applicable,TRUE,1,Public Road,1,"Trafficway, On Road",CT0009300,New Haven PD,45403,30:18.0,C,Closed,01:57.0,,,,,,,
1311675,1,Complete,1311675,1311675,41.31914,-72.91902,3797882,New Haven,93,93,New Haven,9/18/2025,2025,9,September,18,5,Thursday,17:17:00,17,25038308,A,"Injury of any type (Serious, Minor, Possible)",C,Possible Injury (C),2,0,0,4,Local,0.63,656,WHITNEY AV,WHITNEY AV,,EDWARDS ST,130,Feet,S,41.31914,-72.91902,14,Motor Vehicle in Operation,1,Front to rear,1,On Roadway,1,Clear,88,Not Applicable,1,Daylight,1,Dry,0,None,88,Not Applicable,88,Not Applicable,0,None,88,Not Applicable,88,Not Applicable,1,Non-Junction,1,Not at Intersection,1,No,1,No,88,Not Applicable,88,Not Applicable,88,Not Applicable,88,Not Applicable,TRUE,1,Public Road,1,"Trafficway, On Road",CT0009300,New Haven PD,47739,39:45.0,C,Closed,01:59.0,,,,,,,
1312130,1,Complete,1312130,1312130,41.319367,-72.898832,3798337,New Haven,93,93,New Haven,9/19/2025,2025,9,September,19,6,Friday,16:17:00,16,25038462,A,"Injury of any type (Serious, Minor, Possible)",C,Possible Injury (C),1,1,0,2,USRoute,0.36,5,5-N,5-N,May St,,,,,41.319367,-72.898832,10,Pedalcycle/Pedalcyclist,3,Angle,1,On Roadway,1,Clear,88,Not Applicable,1,Daylight,1,Dry,0,None,88,Not Applicable,88,Not Applicable,0,None,88,Not Applicable,88,Not Applicable,2,Intersection,2,Four-Way Intersection,1,No,1,No,88,Not Applicable,88,Not Applicable,88,Not Applicable,88,Not Applicable,FALSE,1,Public Road,1,"Trafficway, On Road",CT0009300,New Haven PD,40085,54:57.0,C,Closed,01:24.0,,,,,,,
1312134,1,Complete,1312134,1312134,41.297157,-72.948506,3798341,New Haven,93,93,New Haven,9/19/2025,2025,9,September,19,6,Friday,18:45:00,18,25038493,A,"Injury of any type (Serious, Minor, Possible)",B,Suspected Minor Injury (B),1,1,0,3,State,1.44,10,10-N,10-N,,COLUMBUS AVE,100,Feet,S,41.297157,-72.948506,14,Motor Vehicle in Operation,2,Front to front,1,On Roadway,1,Clear,88,Not Applicable,1,Daylight,1,Dry,0,None,88,Not Applicable,88,Not Applicable,0,None,88,Not Applicable,88,Not Applicable,1,Non-Junction,1,Not at Intersection,1,No,1,No,88,Not Applicable,88,Not Applicable,88,Not Applicable,88,Not Applicable,TRUE,1,Public Road,1,"Trafficway, On Road",CT0009300,New Haven PD,476,19:37.0,C,Closed,01:26.0,,,,,,,
1312135,1,Complete,1312135,1312135,41.322106,-72.911784,3798342,New Haven,93,93,New Haven,9/19/2025,2025,9,September,19,6,Friday,18:25:00,18,25038494,A,"Injury of any type (Serious, Minor, Possible)",C,Possible Injury (C),1,1,0,4,Local,0.63,666,WILLOW ST,WILLOW ST,Orange St ,,,,,41.322106,-72.911784,10,Pedalcycle/Pedalcyclist,88,Not Applicable,1,On Roadway,1,Clear,88,Not Applicable,1,Daylight,1,Dry,0,None,88,Not Applicable,88,Not Applicable,0,None,88,Not Applicable,88,Not Applicable,2,Intersection,2,Four-Way Intersection,1,No,1,No,88,Not Applicable,88,Not Applicable,88,Not Applicable,88,Not Applicable,TRUE,1,Public Road,1,"Trafficway, On Road",CT0009300,New Haven PD,40085,54:56.0,C,Closed,01:27.0,,,,,,,
1312136,1,Complete,1312136,1312136,41.286904,-72.932585,3798343,New Haven,93,93,New Haven,9/19/2025,2025,9,September,19,6,Friday,18:45:00,18,25038496,A,"Injury of any type (Serious, Minor, Possible)",C,Possible Injury (C),2,0,0,4,Local,0.3,268,GREENWICH AV NO 1,GREENWICH AV NO 1,,THIRD ST,205,Feet,S,41.286904,-72.932585,14,Motor Vehicle in Operation,3,Angle,1,On Roadway,1,Clear,88,Not Applicable,1,Daylight,1,Dry,0,None,88,Not Applicable,88,Not Applicable,0,None,88,Not Applicable,88,Not Applicable,1,Non-Junction,1,Not at Intersection,1,No,1,No,88,Not Applicable,88,Not Applicable,88,Not Applicable,88,Not Applicable,FALSE,1,Public Road,1,"Trafficway, On Road",CT0009300,New Haven PD,476,39:28.0,C,Closed,01:24.0,,,,,,,