CrashId,Fatal Case Status,Fatal Case Status Text Format,CrashId,CrashId,Latitude,Longitude,DOT Case Number,Town Name,Town Number,Town Number,Town Number Text Format,Date Of Crash,Year,Month,Month Text Format,Day,Day of the Week,Day of the Week Text Format,Time of Crash,Hour of the Day,Case Identifier,Crash Severity,Crash Severity Text Format,Most Severe Injury,Most Severe Injury Text Format,Number Of Motor Vehicles,Number Of Non-Motorist,Number Of Witnesses,Route Class,Route Class Text Format,Milemarker,Road Number,Road Description,Roadway Name,Intersecting Roadway Name,Landmark Description,Distance From Nearest Landmark,Unit Of Measure From Nearest Landmark,Direction From Nearest Landmark,Latitude,Longitude,First Harmful Event,First Harmful Event Text Format,Manner of Crash / Collision Impact,Manner of Crash / Collision Impact Text Format,Location of First Harmful Event,Location of First Harmful Event Text Format,Weather Condition,Weather Condition Text Format,Weather 2,Weather 2 Text Format,Light Condition,Light Condition Text Format,Road Surface Condition,Road Surface Condition Text Format,"Contributing Circumstances, Environment","Contributing Circumstances, Environment Text Format",Environment 2,Environment 2 Text Format,Environment 3,Environment 3 Text Format,"Contributing Circumstances, Road","Contributing Circumstances, Road Text Format",Road 2,Road 2 Text Format,Road 3,Road 3 Text Format,Crash Specific Location,Crash Specific Location Text Format,Type of Intersection,Type of Intersection Text Format,School Bus Related,School Bus Related Text Format,Work Zone Related,Work Zone Related Text Format,Location Of Crash Relative To Work Zone,Location Of Crash Relative To Work Zone Text Format,Type of Work Zone,Type of Work Zone Text Format,Worker Presence,Worker Presence Text Format,Law Enforcement Presence,Law Enforcement Presence Text Format,Were Vehicles Moved Prior To Police Arrival,Trafficway Ownership,Trafficway Ownership Text Format,Trafficway Class,Trafficway Class Text Format,Police Agency,Police Agency Text Format,Badge Number,Approval Date,Police Case Status,Police Case Status Text Format,Crash Report Submission Date,Related Case Identifiers,No. of Through Lanes (Log Dir.),Average Daily Traffic,Functional Classification,Functional Classification Text Format,Rural or Urban,Rural or Urban Text Format
1312137,1,Complete,1312137,1312137,41.308114,-72.891199,3798344,New Haven,93,93,New Haven,9/19/2025,2025,9,September,19,6,Friday,19:21:00,19,25038501,A,"Injury of any type (Serious, Minor, Possible)",C,Possible Injury (C),2,0,0,4,Local,0.08,204,EXCHANGE ST,EXCHANGE ST,,E PEARL ST,60,Feet,E,41.308114,-72.891199,14,Motor Vehicle in Operation,5,"Sideswipe, opposite direction",1,On Roadway,1,Clear,88,Not Applicable,5,Dark-Not Lighted,1,Dry,0,None,88,Not Applicable,88,Not Applicable,0,None,88,Not Applicable,88,Not Applicable,1,Non-Junction,1,Not at Intersection,1,No,1,No,88,Not Applicable,88,Not Applicable,88,Not Applicable,88,Not Applicable,FALSE,1,Public Road,1,"Trafficway, On Road",CT0009300,New Haven PD,42367,05:05.0,C,Closed,01:28.0,,,,,,,
1312139,1,Complete,1312139,1312139,41.312396,-72.934817,3798346,New Haven,93,93,New Haven,9/19/2025,2025,9,September,19,6,Friday,20:24:00,20,25038510,A,"Injury of any type (Serious, Minor, Possible)",C,Possible Injury (C),2,0,0,4,Local,0.07,194,ELM ST NO 1,ELM ST NO 1,,DWIGHT ST,30,Feet,E,41.312396,-72.934817,14,Motor Vehicle in Operation,1,Front to rear,1,On Roadway,1,Clear,88,Not Applicable,4,Dark-Lighted,1,Dry,0,None,88,Not Applicable,88,Not Applicable,0,None,88,Not Applicable,88,Not Applicable,3,Intersection-Related,2,Four-Way Intersection,1,No,1,No,88,Not Applicable,88,Not Applicable,88,Not Applicable,88,Not Applicable,FALSE,1,Public Road,1,"Trafficway, On Road",CT0009300,New Haven PD,44045,31:53.0,C,Closed,01:24.0,,,,,,,
1312141,1,Complete,1312141,1312141,41.295386,-72.946484,3798348,New Haven,93,93,New Haven,9/20/2025,2025,9,September,20,7,Saturday,9:12:00,9,25038551,A,"Injury of any type (Serious, Minor, Possible)",C,Possible Injury (C),3,0,0,3,State,1.28,10,10-N,10-N,PRINTERS LA,,,,,41.295386,-72.946484,14,Motor Vehicle in Operation,3,Angle,1,On Roadway,1,Clear,88,Not Applicable,1,Daylight,1,Dry,0,None,88,Not Applicable,88,Not Applicable,0,None,88,Not Applicable,88,Not Applicable,2,Intersection,3,T-Intersection,1,No,1,No,88,Not Applicable,88,Not Applicable,88,Not Applicable,88,Not Applicable,FALSE,1,Public Road,1,"Trafficway, On Road",CT0009300,New Haven PD,45392,14:39.0,C,Closed,01:27.0,NONE,,,,,,
1312149,1,Complete,1312149,1312149,41.3035336,-72.9104332,3798356,New Haven,93,93,New Haven,9/20/2025,2025,9,September,20,7,Saturday,23:24:00,23,25038648,A,"Injury of any type (Serious, Minor, Possible)",B,Suspected Minor Injury (B),1,1,0,4,Local,0.87,165,EAST ST,EAST ST,CHAPEL ST,,,,,41.3035336,-72.9104332,10,Pedalcycle/Pedalcyclist,3,Angle,1,On Roadway,1,Clear,88,Not Applicable,6,Dark-Unknown Lighting,1,Dry,99,Unknown,88,Not Applicable,88,Not Applicable,99,Unknown,88,Not Applicable,88,Not Applicable,2,Intersection,2,Four-Way Intersection,1,No,1,No,88,Not Applicable,88,Not Applicable,88,Not Applicable,88,Not Applicable,TRUE,1,Public Road,1,"Trafficway, On Road",CT0009300,New Haven PD,40792,13:32.0,C,Closed,01:30.0,,,,,,,
1312150,1,Complete,1312150,1312150,41.307653,-72.894743,3798357,New Haven,93,93,New Haven,9/20/2025,2025,9,September,20,7,Saturday,23:52:00,23,25038650,A,"Injury of any type (Serious, Minor, Possible)",C,Possible Injury (C),1,0,0,4,Local,0.27,204,EXCHANGE ST,EXCHANGE ST,,FERRY ST,100,Feet,E,41.307653,-72.894743,38,"Other Post, Pole or Support",88,Not Applicable,1,On Roadway,1,Clear,88,Not Applicable,4,Dark-Lighted,1,Dry,0,None,88,Not Applicable,88,Not Applicable,0,None,88,Not Applicable,88,Not Applicable,1,Non-Junction,1,Not at Intersection,1,No,1,No,88,Not Applicable,88,Not Applicable,88,Not Applicable,88,Not Applicable,FALSE,1,Public Road,1,"Trafficway, On Road",CT0009300,New Haven PD,45629,37:56.0,C,Closed,01:30.0,,,,,,,
1312151,1,Complete,1312151,1312151,41.300002,-72.892125,3798358,New Haven,93,93,New Haven,9/21/2025,2025,9,September,21,1,Sunday,2:10:00,2,25038662,A,"Injury of any type (Serious, Minor, Possible)",B,Suspected Minor Injury (B),2,0,0,4,Local,0.38,210,FARREN AV,FARREN AV,,EAST FERRY,250,Feet,S,41.300002,-72.892125,15,Parked Motor Vehicle,4,"Sideswipe, same direction",1,On Roadway,1,Clear,88,Not Applicable,5,Dark-Not Lighted,1,Dry,0,None,88,Not Applicable,88,Not Applicable,0,None,88,Not Applicable,88,Not Applicable,1,Non-Junction,1,Not at Intersection,1,No,1,No,88,Not Applicable,88,Not Applicable,88,Not Applicable,88,Not Applicable,FALSE,1,Public Road,1,"Trafficway, On Road",CT0009300,New Haven PD,44063,09:06.0,C,Closed,01:30.0,,,,,,,
1312774,1,Complete,1312774,1312774,41.313187,-72.922213,3798981,New Haven,93,93,New Haven,9/21/2025,2025,9,September,21,1,Sunday,14:29:00,14,25038726,A,"Injury of any type (Serious, Minor, Possible)",B,Suspected Minor Injury (B),2,0,0,4,Local,0.15,601,TRUMBULL ST,TRUMBULL ST,TEMPLE ST,,,,,41.313187,-72.922213,14,Motor Vehicle in Operation,97,Other,1,On Roadway,1,Clear,88,Not Applicable,1,Daylight,1,Dry,0,None,88,Not Applicable,88,Not Applicable,0,None,88,Not Applicable,88,Not Applicable,2,Intersection,2,Four-Way Intersection,1,No,1,No,88,Not Applicable,88,Not Applicable,88,Not Applicable,88,Not Applicable,TRUE,1,Public Road,1,"Trafficway, On Road",CT0009300,New Haven PD,43688,29:13.0,C,Closed,00:49.0,,,,,,,
1312776,1,Complete,1312776,1312776,41.297163,-72.915275,3798983,New Haven,93,93,New Haven,9/21/2025,2025,9,September,21,1,Sunday,19:30:00,19,25038751,A,"Injury of any type (Serious, Minor, Possible)",C,Possible Injury (C),1,0,1,4,Local,0.94,513,LONG WHARF DR,LONG WHARF DR,,HAMILTON ST ,1260,Feet,W,41.297163,-72.915275,25,Curb,88,Not Applicable,4,Roadside,1,Clear,88,Not Applicable,4,Dark-Lighted,1,Dry,0,None,88,Not Applicable,88,Not Applicable,0,None,88,Not Applicable,88,Not Applicable,1,Non-Junction,1,Not at Intersection,1,No,1,No,88,Not Applicable,88,Not Applicable,88,Not Applicable,88,Not Applicable,FALSE,1,Public Road,1,"Trafficway, On Road",CT0009300,New Haven PD,45395,06:43.0,C,Closed,00:53.0,,,,,,,
1312777,1,Complete,1312777,1312777,41.314318,-72.935741,3798984,New Haven,93,93,New Haven,9/21/2025,2025,9,September,21,1,Sunday,15:13:00,15,25038759,A,"Injury of any type (Serious, Minor, Possible)",C,Possible Injury (C),2,0,0,4,Local,0.76,653,WHALLEY AV,WHALLEY AV,SPERRY ST,,,,,41.314318,-72.935741,14,Motor Vehicle in Operation,99,Unknown,1,On Roadway,1,Clear,88,Not Applicable,1,Daylight,1,Dry,99,Unknown,88,Not Applicable,88,Not Applicable,0,None,88,Not Applicable,88,Not Applicable,2,Intersection,3,T-Intersection,1,No,1,No,88,Not Applicable,88,Not Applicable,88,Not Applicable,88,Not Applicable,FALSE,1,Public Road,1,"Trafficway, On Road",CT0009300,New Haven PD,44062,23:26.0,C,Closed,00:50.0,,,,,,,
1312784,1,Complete,1312784,1312784,41.308138,-72.945902,3798991,New Haven,93,93,New Haven,9/22/2025,2025,9,September,22,2,Monday,15:04:00,15,25038855,A,"Injury of any type (Serious, Minor, Possible)",C,Possible Injury (C),2,0,0,4,Local,0.16,556,SHERMAN AV,SHERMAN AV,,Scranton Street,201,Feet,N,41.308138,-72.945902,14,Motor Vehicle in Operation,1,Front to rear,1,On Roadway,1,Clear,88,Not Applicable,1,Daylight,1,Dry,0,None,88,Not Applicable,88,Not Applicable,0,None,88,Not Applicable,88,Not Applicable,1,Non-Junction,1,Not at Intersection,1,No,1,No,88,Not Applicable,88,Not Applicable,88,Not Applicable,88,Not Applicable,FALSE,1,Public Road,1,"Trafficway, On Road",CT0009300,New Haven PD,48044,57:34.0,C,Closed,00:54.0,,,,,,,
1312786,1,Complete,1312786,1312786,41.309955,-72.945171,3798993,New Haven,93,93,New Haven,9/22/2025,2025,9,September,22,2,Monday,16:55:00,16,25038887,A,"Injury of any type (Serious, Minor, Possible)",C,Possible Injury (C),2,0,0,4,Local,0.29,556,SHERMAN AV,SHERMAN AV,,GEORGE ST,54,Feet,N,41.309955,-72.945171,15,Parked Motor Vehicle,4,"Sideswipe, same direction",1,On Roadway,1,Clear,88,Not Applicable,1,Daylight,1,Dry,0,None,88,Not Applicable,88,Not Applicable,0,None,88,Not Applicable,88,Not Applicable,1,Non-Junction,1,Not at Intersection,1,No,1,No,88,Not Applicable,88,Not Applicable,88,Not Applicable,88,Not Applicable,FALSE,1,Public Road,1,"Trafficway, On Road",CT0009300,New Haven PD,44055,22:07.0,C,Closed,00:53.0,,,,,,,
1312787,1,Complete,1312787,1312787,41.308854,-72.945617,3798994,New Haven,93,93,New Haven,9/22/2025,2025,9,September,22,2,Monday,19:36:00,19,25038918,A,"Injury of any type (Serious, Minor, Possible)",C,Possible Injury (C),2,0,0,4,Local,0.21,556,SHERMAN AV,SHERMAN AV,GILBERT AVE,,,,,41.308854,-72.945617,14,Motor Vehicle in Operation,3,Angle,1,On Roadway,1,Clear,88,Not Applicable,4,Dark-Lighted,1,Dry,0,None,88,Not Applicable,88,Not Applicable,0,None,88,Not Applicable,88,Not Applicable,2,Intersection,2,Four-Way Intersection,1,No,1,No,88,Not Applicable,88,Not Applicable,88,Not Applicable,88,Not Applicable,FALSE,1,Public Road,1,"Trafficway, On Road",CT0009300,New Haven PD,44055,54:43.0,C,Closed,00:54.0,,,,,,,
1313110,1,Complete,1313110,1313110,41.284506,-72.934771,3799317,New Haven,93,93,New Haven,9/17/2025,2025,9,September,17,4,Wednesday,16:27:00,16,25038113,A,"Injury of any type (Serious, Minor, Possible)",C,Possible Injury (C),2,0,0,3,State,0.31,10,10-N,10-N,95-S-366 (Exit 44),,,,,41.284506,-72.934771,14,Motor Vehicle in Operation,3,Angle,1,On Roadway,1,Clear,88,Not Applicable,1,Daylight,1,Dry,0,None,88,Not Applicable,88,Not Applicable,0,None,88,Not Applicable,88,Not Applicable,2,Intersection,2,Four-Way Intersection,1,No,1,No,88,Not Applicable,88,Not Applicable,88,Not Applicable,88,Not Applicable,FALSE,1,Public Road,1,"Trafficway, On Road",CT0009300,New Haven PD,46613,47:38.0,C,Closed,01:15.0,,,,,,,
1313114,1,Complete,1313114,1313114,41.3078536,-72.929996,3799321,New Haven,93,93,New Haven,9/22/2025,2025,9,September,22,2,Monday,13:16:00,13,25038846,A,"Injury of any type (Serious, Minor, Possible)",C,Possible Injury (C),2,1,0,4,Local,2.02,97,CHAPEL ST,CHAPEL ST,,HIGH ST,50,Feet,E,41.3078536,-72.929996,10,Pedalcycle/Pedalcyclist,3,Angle,1,On Roadway,1,Clear,88,Not Applicable,1,Daylight,1,Dry,0,None,88,Not Applicable,88,Not Applicable,0,None,88,Not Applicable,88,Not Applicable,1,Non-Junction,1,Not at Intersection,1,No,1,No,88,Not Applicable,88,Not Applicable,88,Not Applicable,88,Not Applicable,TRUE,1,Public Road,1,"Trafficway, On Road",CT0009300,New Haven PD,40952,03:31.0,C,Closed,01:15.0,,,,,,,
1313124,1,Complete,1313124,1313124,41.332524,-72.97506,3799331,New Haven,93,93,New Haven,9/23/2025,2025,9,September,23,3,Tuesday,19:40:00,19,25039035,A,"Injury of any type (Serious, Minor, Possible)",C,Possible Injury (C),2,0,0,3,State,1.12,63,63-N,63-N,RAMSDELL ST,,,,,41.332524,-72.97506,14,Motor Vehicle in Operation,1,Front to rear,1,On Roadway,1,Clear,88,Not Applicable,4,Dark-Lighted,1,Dry,0,None,88,Not Applicable,88,Not Applicable,0,None,88,Not Applicable,88,Not Applicable,2,Intersection,2,Four-Way Intersection,1,No,1,No,88,Not Applicable,88,Not Applicable,88,Not Applicable,88,Not Applicable,TRUE,1,Public Road,1,"Trafficway, On Road",CT0009300,New Haven PD,170,56:40.0,C,Closed,01:17.0,,,,,,,
1313395,1,Complete,1313395,1313395,41.308502,-72.903092,3799602,New Haven,93,93,New Haven,9/23/2025,2025,9,September,23,3,Tuesday,22:45:00,22,25039053,A,"Injury of any type (Serious, Minor, Possible)",B,Suspected Minor Injury (B),1,1,0,4,Local,0.91,264,GRAND AV,GRAND AV,JAMES ST,,,,,41.308502,-72.903092,9,Pedestrian,88,Not Applicable,1,On Roadway,1,Clear,88,Not Applicable,4,Dark-Lighted,1,Dry,0,None,88,Not Applicable,88,Not Applicable,0,None,88,Not Applicable,88,Not Applicable,2,Intersection,2,Four-Way Intersection,1,No,1,No,88,Not Applicable,88,Not Applicable,88,Not Applicable,88,Not Applicable,FALSE,1,Public Road,1,"Trafficway, On Road",CT0009300,New Haven PD,46628,20:47.0,C,Closed,01:53.0,25-039053,,,,,,
1313398,1,Complete,1313398,1313398,41.31367646,-72.9386371,3799605,New Haven,93,93,New Haven,9/24/2025,2025,9,September,24,4,Wednesday,8:30:00,8,25039078,A,"Injury of any type (Serious, Minor, Possible)",C,Possible Injury (C),2,0,0,4,Local,0.3,194,ELM ST NO 1,ELM ST NO 1,KENSINGTON ST,,,,,41.31367646,-72.9386371,14,Motor Vehicle in Operation,3,Angle,1,On Roadway,1,Clear,88,Not Applicable,1,Daylight,1,Dry,0,None,88,Not Applicable,88,Not Applicable,0,None,88,Not Applicable,88,Not Applicable,2,Intersection,3,T-Intersection,1,No,1,No,88,Not Applicable,88,Not Applicable,88,Not Applicable,88,Not Applicable,FALSE,1,Public Road,1,"Trafficway, On Road",CT0009300,New Haven PD,40804,37:30.0,O,Open,01:56.0,,,,,,,
1313405,1,Complete,1313405,1313405,41.3098785,-72.953397,3799612,New Haven,93,93,New Haven,9/24/2025,2025,9,September,24,4,Wednesday,15:51:00,15,25039160,A,"Injury of any type (Serious, Minor, Possible)",B,Suspected Minor Injury (B),3,0,1,3,State,21.88,34,34-E,34-E,10-N,,,,,41.3098785,-72.953397,14,Motor Vehicle in Operation,3,Angle,1,On Roadway,2,Cloudy,88,Not Applicable,1,Daylight,1,Dry,0,None,88,Not Applicable,88,Not Applicable,0,None,88,Not Applicable,88,Not Applicable,2,Intersection,2,Four-Way Intersection,1,No,1,No,88,Not Applicable,88,Not Applicable,88,Not Applicable,88,Not Applicable,FALSE,1,Public Road,1,"Trafficway, On Road",CT0009300,New Haven PD,48046,59:49.0,C,Closed,01:51.0,,,,,,,
1313739,1,Complete,1313739,1313739,41.286865,-72.892985,3799946,New Haven,93,93,New Haven,9/20/2025,2025,9,September,20,7,Saturday,15:59:00,15,25038607,A,"Injury of any type (Serious, Minor, Possible)",C,Possible Injury (C),3,0,0,3,State,0.2,337,337-E,337-E,JOHN ST,,,,,41.286865,-72.892985,14,Motor Vehicle in Operation,1,Front to rear,2,Shoulder,1,Clear,88,Not Applicable,1,Daylight,1,Dry,0,None,0,None,88,Not Applicable,0,None,88,Not Applicable,88,Not Applicable,2,Intersection,3,T-Intersection,1,No,1,No,88,Not Applicable,88,Not Applicable,88,Not Applicable,88,Not Applicable,FALSE,1,Public Road,1,"Trafficway, On Road",CT0009300,New Haven PD,47741,28:18.0,C,Closed,01:39.0,,,,,,,
1313745,1,Complete,1313745,1313745,41.313989,-72.896756,3799952,New Haven,93,93,New Haven,9/25/2025,2025,9,September,25,5,Thursday,13:13:00,13,25039275,A,"Injury of any type (Serious, Minor, Possible)",B,Suspected Minor Injury (B),1,1,0,4,Local,0.39,213,FERRY ST,FERRY ST,,CHATHAM ST,35,Feet,S,41.313989,-72.896756,9,Pedestrian,88,Not Applicable,1,On Roadway,4,Rain,88,Not Applicable,1,Daylight,2,Wet,0,None,88,Not Applicable,88,Not Applicable,0,None,88,Not Applicable,88,Not Applicable,3,Intersection-Related,2,Four-Way Intersection,1,No,1,No,88,Not Applicable,88,Not Applicable,88,Not Applicable,88,Not Applicable,FALSE,1,Public Road,1,"Trafficway, On Road",CT0009300,New Haven PD,42057,29:37.0,C,Closed,01:40.0,,,,,,,
1313746,1,Complete,1313746,1313746,41.302191,-72.932444,3799953,New Haven,93,93,New Haven,9/25/2025,2025,9,September,25,5,Thursday,15:47:00,15,25039290,A,"Injury of any type (Serious, Minor, Possible)",C,Possible Injury (C),2,0,0,4,Local,0.75,117,COLLEGE ST,COLLEGE ST,CONGRESS AV,,,,,41.302191,-72.932444,14,Motor Vehicle in Operation,1,Front to rear,1,On Roadway,1,Clear,1,Clear,1,Daylight,1,Dry,0,None,88,Not Applicable,88,Not Applicable,0,None,88,Not Applicable,88,Not Applicable,2,Intersection,3,T-Intersection,1,No,1,No,88,Not Applicable,88,Not Applicable,88,Not Applicable,88,Not Applicable,FALSE,1,Public Road,1,"Trafficway, On Road",CT0009300,New Haven PD,10,45:01.0,C,Closed,01:42.0,,,,,,,
1314204,1,Complete,1314204,1314204,41.297725,-72.937662,3800411,New Haven,93,93,New Haven,9/20/2025,2025,9,September,20,7,Saturday,18:46:00,18,25038628,A,"Injury of any type (Serious, Minor, Possible)",A,Suspected Serious Injury (A),2,0,0,2,USRoute,47.22,1,1-N,1-N,Washington Ave,,,,,41.297725,-72.937662,14,Motor Vehicle in Operation,3,Angle,1,On Roadway,1,Clear,88,Not Applicable,1,Daylight,1,Dry,0,None,88,Not Applicable,88,Not Applicable,0,None,88,Not Applicable,88,Not Applicable,2,Intersection,2,Four-Way Intersection,1,No,1,No,88,Not Applicable,88,Not Applicable,88,Not Applicable,88,Not Applicable,FALSE,1,Public Road,1,"Trafficway, On Road",CT0009300,New Haven PD,46898,57:45.0,C,Closed,01:47.0,,,,,,,
1314209,1,Complete,1314209,1314209,41.31077,-72.92247,3800416,New Haven,93,93,New Haven,9/25/2025,2025,9,September,25,5,Thursday,16:59:00,16,25039312,A,"Injury of any type (Serious, Minor, Possible)",C,Possible Injury (C),2,0,0,4,Local,0.02,656,WHITNEY AV,WHITNEY AV,,GROVE ST,40,Feet,N,41.31077,-72.92247,14,Motor Vehicle in Operation,4,"Sideswipe, same direction",1,On Roadway,1,Clear,88,Not Applicable,1,Daylight,1,Dry,0,None,88,Not Applicable,88,Not Applicable,3,Backup Due to Regular Congestion,88,Not Applicable,88,Not Applicable,1,Non-Junction,1,Not at Intersection,1,No,1,No,88,Not Applicable,88,Not Applicable,88,Not Applicable,88,Not Applicable,FALSE,1,Public Road,1,"Trafficway, On Road",CT0009300,New Haven PD,47737,27:21.0,C,Closed,01:35.0,,,,,,,
1314214,1,Complete,1314214,1314214,41.326658,-72.963162,3800421,New Haven,93,93,New Haven,9/26/2025,2025,9,September,26,6,Friday,9:28:00,9,25039386,A,"Injury of any type (Serious, Minor, Possible)",C,Possible Injury (C),2,0,0,3,State,6.47,243,243-E,243-E,,HARRISON ST,115,Feet,W,41.326658,-72.963162,14,Motor Vehicle in Operation,1,Front to rear,1,On Roadway,1,Clear,88,Not Applicable,1,Daylight,1,Dry,0,None,88,Not Applicable,88,Not Applicable,0,None,88,Not Applicable,88,Not Applicable,3,Intersection-Related,3,T-Intersection,1,No,1,No,88,Not Applicable,88,Not Applicable,88,Not Applicable,88,Not Applicable,FALSE,1,Public Road,1,"Trafficway, On Road",CT0009300,New Haven PD,19532,09:27.0,C,Closed,01:42.0,,,,,,,
1314215,1,Complete,1314215,1314215,41.308778,-72.899064,3800422,New Haven,93,93,New Haven,9/26/2025,2025,9,September,26,6,Friday,10:57:00,10,25039398,A,"Injury of any type (Serious, Minor, Possible)",B,Suspected Minor Injury (B),1,0,0,4,Local,0.69,264,GRAND AV,GRAND AV,,BLATCHLEY AV,50,Feet,E,41.308778,-72.899064,25,Curb,88,Not Applicable,1,On Roadway,1,Clear,88,Not Applicable,1,Daylight,1,Dry,0,None,88,Not Applicable,88,Not Applicable,0,None,88,Not Applicable,88,Not Applicable,3,Intersection-Related,2,Four-Way Intersection,1,No,1,No,88,Not Applicable,88,Not Applicable,88,Not Applicable,88,Not Applicable,FALSE,1,Public Road,1,"Trafficway, On Road",CT0009300,New Haven PD,46614,52:55.0,C,Closed,01:36.0,,,,,,,
1314217,1,Complete,1314217,1314217,41.315554,-72.934911,3800424,New Haven,93,93,New Haven,9/26/2025,2025,9,September,26,6,Friday,14:18:00,14,25039427,A,"Injury of any type (Serious, Minor, Possible)",C,Possible Injury (C),2,0,0,4,Local,0.48,257,GOFFE ST,GOFFE ST,SPERRY ST,,,,,41.315554,-72.934911,14,Motor Vehicle in Operation,3,Angle,1,On Roadway,1,Clear,88,Not Applicable,1,Daylight,1,Dry,0,None,88,Not Applicable,88,Not Applicable,0,None,88,Not Applicable,88,Not Applicable,2,Intersection,2,Four-Way Intersection,1,No,1,No,88,Not Applicable,88,Not Applicable,88,Not Applicable,88,Not Applicable,FALSE,1,Public Road,1,"Trafficway, On Road",CT0009300,New Haven PD,45403,36:59.0,C,Closed,01:36.0,,,,,,,
1314218,1,Complete,1314218,1314218,41.32054397,-72.89148521,925185,New Haven,93,93,New Haven,9/26/2025,2025,9,September,26,6,Friday,16:16:00,16,25039435,K,Fatal (Kill),K,Fatal Injury (K),2,0,3,4,Local,0.4,411,MIDDLETOWN AV,MIDDLETOWN AV,,FRONT ST,100,Feet,W,41.32054397,-72.89148521,14,Motor Vehicle in Operation,2,Front to front,1,On Roadway,1,Clear,88,Not Applicable,1,Daylight,1,Dry,0,None,88,Not Applicable,88,Not Applicable,0,None,88,Not Applicable,88,Not Applicable,1,Non-Junction,1,Not at Intersection,1,No,1,No,88,Not Applicable,88,Not Applicable,88,Not Applicable,88,Not Applicable,FALSE,1,Public Road,1,"Trafficway, On Road",CT0009300,New Haven PD,48045,26:40.0,O,Open,01:40.0,,,,,,,
1314219,1,Complete,1314219,1314219,41.303753,-72.915566,3800426,New Haven,93,93,New Haven,9/26/2025,2025,9,September,26,6,Friday,19:02:00,19,25039451,A,"Injury of any type (Serious, Minor, Possible)",C,Possible Injury (C),2,0,0,4,Local,1.2,97,CHAPEL ST,CHAPEL ST,,Chestnut ST,45,Feet,E,41.303753,-72.915566,14,Motor Vehicle in Operation,3,Angle,1,On Roadway,1,Clear,88,Not Applicable,5,Dark-Not Lighted,1,Dry,0,None,88,Not Applicable,88,Not Applicable,0,None,88,Not Applicable,88,Not Applicable,1,Non-Junction,1,Not at Intersection,1,No,1,No,88,Not Applicable,88,Not Applicable,88,Not Applicable,88,Not Applicable,FALSE,1,Public Road,1,"Trafficway, On Road",CT0009300,New Haven PD,31814,51:50.0,C,Closed,01:36.0,,,,,,,
1314220,1,Complete,1314220,1314220,41.291152,-72.94117,3800427,New Haven,93,93,New Haven,9/26/2025,2025,9,September,26,6,Friday,19:10:00,19,25039453,A,"Injury of any type (Serious, Minor, Possible)",C,Possible Injury (C),2,0,0,4,Local,0.15,626,WASHINGTON AV NO 1,WASHINGTON AV NO 1,,Ella T Grasso Boulevard,80,Feet,N,41.291152,-72.94117,14,Motor Vehicle in Operation,3,Angle,1,On Roadway,1,Clear,88,Not Applicable,1,Daylight,1,Dry,0,None,88,Not Applicable,88,Not Applicable,0,None,88,Not Applicable,88,Not Applicable,9,Driveway Access-Related,1,Not at Intersection,1,No,1,No,88,Not Applicable,88,Not Applicable,88,Not Applicable,88,Not Applicable,FALSE,1,Public Road,1,"Trafficway, On Road",CT0009300,New Haven PD,46613,37:55.0,C,Closed,01:44.0,,,,,,,
1314227,1,Complete,1314227,1314227,41.3153384,-72.9509266,3800434,New Haven,93,93,New Haven,9/27/2025,2025,9,September,27,7,Saturday,17:22:00,17,25039494,A,"Injury of any type (Serious, Minor, Possible)",A,Suspected Serious Injury (A),3,0,0,4,Local,1.06,179,EDGEWOOD AV,EDGEWOOD AV,ELLA T GRASSO BLVD,,,,,41.3153384,-72.9509266,14,Motor Vehicle in Operation,3,Angle,1,On Roadway,1,Clear,88,Not Applicable,4,Dark-Lighted,1,Dry,0,None,88,Not Applicable,88,Not Applicable,0,None,88,Not Applicable,88,Not Applicable,2,Intersection,2,Four-Way Intersection,1,No,1,No,88,Not Applicable,88,Not Applicable,88,Not Applicable,88,Not Applicable,FALSE,1,Public Road,1,"Trafficway, On Road",CT0009300,New Haven PD,48046,12:23.0,C,Closed,01:43.0,,,,,,,
1314229,1,Complete,1314229,1314229,41.295096,-72.893168,3800436,New Haven,93,93,New Haven,9/27/2025,2025,9,September,27,7,Saturday,12:15:00,12,25039521,A,"Injury of any type (Serious, Minor, Possible)",C,Possible Injury (C),3,0,0,4,Local,0.05,210,FARREN AV,FARREN AV,,FAIRMONT AVE,160,Feet,N,41.295096,-72.893168,14,Motor Vehicle in Operation,3,Angle,1,On Roadway,1,Clear,88,Not Applicable,1,Daylight,1,Dry,0,None,88,Not Applicable,88,Not Applicable,0,None,88,Not Applicable,88,Not Applicable,9,Driveway Access-Related,1,Not at Intersection,1,No,1,No,88,Not Applicable,88,Not Applicable,88,Not Applicable,88,Not Applicable,FALSE,1,Public Road,1,"Trafficway, On Road",CT0009300,New Haven PD,45983,02:21.0,C,Closed,01:44.0,,,,,,,