CrashId,Fatal Case Status,Fatal Case Status Text Format,CrashId,CrashId,Latitude,Longitude,DOT Case Number,Town Name,Town Number,Town Number,Town Number Text Format,Date Of Crash,Year,Month,Month Text Format,Day,Day of the Week,Day of the Week Text Format,Time of Crash,Hour of the Day,Case Identifier,Crash Severity,Crash Severity Text Format,Most Severe Injury,Most Severe Injury Text Format,Number Of Motor Vehicles,Number Of Non-Motorist,Number Of Witnesses,Route Class,Route Class Text Format,Milemarker,Road Number,Road Description,Roadway Name,Intersecting Roadway Name,Landmark Description,Distance From Nearest Landmark,Unit Of Measure From Nearest Landmark,Direction From Nearest Landmark,Latitude,Longitude,First Harmful Event,First Harmful Event Text Format,Manner of Crash / Collision Impact,Manner of Crash / Collision Impact Text Format,Location of First Harmful Event,Location of First Harmful Event Text Format,Weather Condition,Weather Condition Text Format,Weather 2,Weather 2 Text Format,Light Condition,Light Condition Text Format,Road Surface Condition,Road Surface Condition Text Format,"Contributing Circumstances, Environment","Contributing Circumstances, Environment Text Format",Environment 2,Environment 2 Text Format,Environment 3,Environment 3 Text Format,"Contributing Circumstances, Road","Contributing Circumstances, Road Text Format",Road 2,Road 2 Text Format,Road 3,Road 3 Text Format,Crash Specific Location,Crash Specific Location Text Format,Type of Intersection,Type of Intersection Text Format,School Bus Related,School Bus Related Text Format,Work Zone Related,Work Zone Related Text Format,Location Of Crash Relative To Work Zone,Location Of Crash Relative To Work Zone Text Format,Type of Work Zone,Type of Work Zone Text Format,Worker Presence,Worker Presence Text Format,Law Enforcement Presence,Law Enforcement Presence Text Format,Were Vehicles Moved Prior To Police Arrival,Trafficway Ownership,Trafficway Ownership Text Format,Trafficway Class,Trafficway Class Text Format,Police Agency,Police Agency Text Format,Badge Number,Approval Date,Police Case Status,Police Case Status Text Format,Crash Report Submission Date,Related Case Identifiers,No. of Through Lanes (Log Dir.),Average Daily Traffic,Functional Classification,Functional Classification Text Format,Rural or Urban,Rural or Urban Text Format
1314236,1,Complete,1314236,1314236,41.320676,-72.908336,3800443,New Haven,93,93,New Haven,9/28/2025,2025,9,September,28,1,Sunday,9:48:00,9,25039620,A,"Injury of any type (Serious, Minor, Possible)",C,Possible Injury (C),2,0,0,4,Local,0.32,435,NICOLL ST,NICOLL ST,WILLOW ST,,,,,41.320676,-72.908336,14,Motor Vehicle in Operation,97,Other,1,On Roadway,1,Clear,88,Not Applicable,1,Daylight,1,Dry,99,Unknown,88,Not Applicable,88,Not Applicable,99,Unknown,88,Not Applicable,88,Not Applicable,2,Intersection,2,Four-Way Intersection,1,No,1,No,88,Not Applicable,88,Not Applicable,88,Not Applicable,88,Not Applicable,FALSE,1,Public Road,1,"Trafficway, On Road",CT0009300,New Haven PD,44057,23:24.0,C,Closed,01:45.0,,,,,,,
1314740,1,Complete,1314740,1314740,41.282544,-72.938031,3800947,New Haven,93,93,New Haven,9/29/2025,2025,9,September,29,2,Monday,0:28:00,0,25039694,A,"Injury of any type (Serious, Minor, Possible)",C,Possible Injury (C),2,0,0,3,State,0.94,745,745-E,745-E,ELLA T GRASSO BLVD,,,,,41.282544,-72.938031,14,Motor Vehicle in Operation,3,Angle,1,On Roadway,1,Clear,88,Not Applicable,4,Dark-Lighted,1,Dry,0,None,88,Not Applicable,88,Not Applicable,0,None,88,Not Applicable,88,Not Applicable,2,Intersection,3,T-Intersection,1,No,1,No,88,Not Applicable,88,Not Applicable,88,Not Applicable,88,Not Applicable,FALSE,1,Public Road,1,"Trafficway, On Road",CT0009300,New Haven PD,44953,03:29.0,C,Closed,01:33.0,,,,,,,
1314741,1,Complete,1314741,1314741,41.31301,-72.951999,3800948,New Haven,93,93,New Haven,9/29/2025,2025,9,September,29,2,Monday,7:22:00,7,25039709,A,"Injury of any type (Serious, Minor, Possible)",C,Possible Injury (C),2,0,0,4,Local,3.23,97,CHAPEL ST,CHAPEL ST,ELLA T GRASSO BLVD,,,,,41.31301,-72.951999,14,Motor Vehicle in Operation,3,Angle,1,On Roadway,1,Clear,88,Not Applicable,1,Daylight,1,Dry,0,None,88,Not Applicable,88,Not Applicable,0,None,88,Not Applicable,88,Not Applicable,2,Intersection,2,Four-Way Intersection,1,No,1,No,88,Not Applicable,88,Not Applicable,88,Not Applicable,88,Not Applicable,FALSE,1,Public Road,1,"Trafficway, On Road",CT0009300,New Haven PD,40810,26:39.0,C,Closed,01:34.0,,,,,,,
1314745,1,Complete,1314745,1314745,41.325067,-72.957267,3800952,New Haven,93,93,New Haven,9/29/2025,2025,9,September,29,2,Monday,9:53:00,9,25039720,A,"Injury of any type (Serious, Minor, Possible)",C,Possible Injury (C),2,0,0,3,State,0.02,63,63-N,63-N,,FITCH STREET,50,Feet,W,41.325067,-72.957267,14,Motor Vehicle in Operation,1,Front to rear,1,On Roadway,1,Clear,88,Not Applicable,1,Daylight,1,Dry,0,None,88,Not Applicable,88,Not Applicable,0,None,88,Not Applicable,88,Not Applicable,3,Intersection-Related,2,Four-Way Intersection,1,No,1,No,88,Not Applicable,88,Not Applicable,88,Not Applicable,88,Not Applicable,FALSE,1,Public Road,1,"Trafficway, On Road",CT0009300,New Haven PD,44062,53:31.0,C,Closed,01:38.0,,,,,,,
1314746,1,Complete,1314746,1314746,41.289099,-72.894644,3800953,New Haven,93,93,New Haven,9/29/2025,2025,9,September,29,2,Monday,9:23:00,9,25039721,A,"Injury of any type (Serious, Minor, Possible)",C,Possible Injury (C),2,0,0,4,Local,1.37,678,WOODWARD AV,WOODWARD AV,MAIN ST ANX,,,,,41.289099,-72.894644,14,Motor Vehicle in Operation,3,Angle,1,On Roadway,1,Clear,88,Not Applicable,1,Daylight,1,Dry,0,None,88,Not Applicable,88,Not Applicable,0,None,88,Not Applicable,88,Not Applicable,2,Intersection,2,Four-Way Intersection,1,No,1,No,88,Not Applicable,88,Not Applicable,88,Not Applicable,88,Not Applicable,FALSE,1,Public Road,1,"Trafficway, On Road",CT0009300,New Haven PD,42049,25:32.0,C,Closed,01:34.0,,,,,,,
1314748,1,Complete,1314748,1314748,41.320622,-72.873374,3800955,New Haven,93,93,New Haven,9/29/2025,2025,9,September,29,2,Monday,12:35:00,12,25039755,A,"Injury of any type (Serious, Minor, Possible)",C,Possible Injury (C),3,0,0,3,State,0.48,80,80-E,80-E,,Quinnipiac Avenue,165,Feet,E,41.320622,-72.873374,14,Motor Vehicle in Operation,1,Front to rear,1,On Roadway,1,Clear,88,Not Applicable,1,Daylight,1,Dry,0,None,88,Not Applicable,88,Not Applicable,0,None,88,Not Applicable,88,Not Applicable,1,Non-Junction,1,Not at Intersection,1,No,1,No,88,Not Applicable,88,Not Applicable,88,Not Applicable,88,Not Applicable,FALSE,1,Public Road,1,"Trafficway, On Road",CT0009300,New Haven PD,42049,50:37.0,C,Closed,01:36.0,,,,,,,
1314750,1,Complete,1314750,1314750,41.316909,-72.943269,3800957,New Haven,93,93,New Haven,9/29/2025,2025,9,September,29,2,Monday,12:57:00,12,25039759,A,"Injury of any type (Serious, Minor, Possible)",C,Possible Injury (C),2,0,0,4,Local,0.33,653,WHALLEY AV,WHALLEY AV,,SHERMAN AVENUE,220,Feet,W,41.316909,-72.943269,14,Motor Vehicle in Operation,97,Other,1,On Roadway,1,Clear,88,Not Applicable,1,Daylight,1,Dry,0,None,88,Not Applicable,88,Not Applicable,0,None,88,Not Applicable,88,Not Applicable,9,Driveway Access-Related,1,Not at Intersection,1,No,1,No,88,Not Applicable,88,Not Applicable,88,Not Applicable,88,Not Applicable,FALSE,1,Public Road,1,"Trafficway, On Road",CT0009300,New Haven PD,44062,08:54.0,C,Closed,01:42.0,,,,,,,
1314754,1,Complete,1314754,1314754,41.334371,-72.972582,3800961,New Haven,93,93,New Haven,9/29/2025,2025,9,September,29,2,Monday,17:09:00,17,25039789,A,"Injury of any type (Serious, Minor, Possible)",C,Possible Injury (C),1,1,0,4,Local,0.02,566,SOUTH GENESEE ST,SOUTH GENESEE ST,,E RAMSDELL ST,105,Feet,N,41.334371,-72.972582,9,Pedestrian,88,Not Applicable,1,On Roadway,1,Clear,88,Not Applicable,1,Daylight,1,Dry,0,None,88,Not Applicable,88,Not Applicable,0,None,88,Not Applicable,88,Not Applicable,1,Non-Junction,1,Not at Intersection,1,No,1,No,88,Not Applicable,88,Not Applicable,88,Not Applicable,88,Not Applicable,TRUE,1,Public Road,1,"Trafficway, On Road",CT0009300,New Haven PD,45403,12:29.0,C,Closed,01:42.0,,,,,,,
1314755,1,Complete,1314755,1314755,41.334395,-72.952087,3800962,New Haven,93,93,New Haven,9/29/2025,2025,9,September,29,2,Monday,20:07:00,20,25039824,A,"Injury of any type (Serious, Minor, Possible)",C,Possible Injury (C),2,0,1,4,Local,0.18,671,WINTERGREEN AV,WINTERGREEN AV,,FARNHAM AVE,500,Feet,W,41.334395,-72.952087,14,Motor Vehicle in Operation,3,Angle,1,On Roadway,1,Clear,88,Not Applicable,4,Dark-Lighted,1,Dry,0,None,88,Not Applicable,88,Not Applicable,0,None,88,Not Applicable,88,Not Applicable,9,Driveway Access-Related,1,Not at Intersection,1,No,1,No,88,Not Applicable,88,Not Applicable,88,Not Applicable,88,Not Applicable,FALSE,1,Public Road,1,"Trafficway, On Road",CT0009300,New Haven PD,45397,36:56.0,C,Closed,01:44.0,,,,,,,
1314756,1,Complete,1314756,1314756,41.309999,-72.934941,3800963,New Haven,93,93,New Haven,9/29/2025,2025,9,September,29,2,Monday,13:53:00,13,202502124,A,"Injury of any type (Serious, Minor, Possible)",C,Possible Injury (C),2,0,0,4,Local,0.29,310,HOWE ST,HOWE ST,,EDGEWOOD AVENUE,255,Feet,S,41.309999,-72.934941,14,Motor Vehicle in Operation,1,Front to rear,1,On Roadway,1,Clear,88,Not Applicable,1,Daylight,1,Dry,0,None,88,Not Applicable,88,Not Applicable,0,None,88,Not Applicable,88,Not Applicable,1,Non-Junction,1,Not at Intersection,1,No,1,No,88,Not Applicable,88,Not Applicable,88,Not Applicable,88,Not Applicable,TRUE,1,Public Road,1,"Trafficway, On Road",CT0009300,New Haven PD,470,13:27.0,C,Closed,03:46.0,2025-02124,,,,,,
1315023,1,Complete,1315023,1315023,41.325856,-72.948371,3801230,New Haven,93,93,New Haven,9/29/2025,2025,9,September,29,2,Monday,9:53:00,9,25039726,A,"Injury of any type (Serious, Minor, Possible)",C,Possible Injury (C),2,0,0,4,Local,0.05,254,GLEN RD,GLEN RD,Roydon Road,,,,,41.325856,-72.948371,14,Motor Vehicle in Operation,97,Other,1,On Roadway,1,Clear,88,Not Applicable,1,Daylight,1,Dry,0,None,88,Not Applicable,88,Not Applicable,0,None,88,Not Applicable,88,Not Applicable,2,Intersection,2,Four-Way Intersection,1,No,1,No,88,Not Applicable,88,Not Applicable,88,Not Applicable,88,Not Applicable,FALSE,1,Public Road,1,"Trafficway, On Road",CT0009300,New Haven PD,44062,47:49.0,C,Closed,00:04.0,,,,,,,
1315031,1,Complete,1315031,1315031,41.320269,-72.872151,3801238,New Haven,93,93,New Haven,9/30/2025,2025,9,September,30,3,Tuesday,22:07:00,22,25040017,A,"Injury of any type (Serious, Minor, Possible)",C,Possible Injury (C),2,0,0,3,State,0.55,80,80-E,80-E,,Eastern Street,70,Feet,W,41.320269,-72.872151,14,Motor Vehicle in Operation,1,Front to rear,1,On Roadway,1,Clear,88,Not Applicable,4,Dark-Lighted,1,Dry,0,None,88,Not Applicable,88,Not Applicable,0,None,88,Not Applicable,88,Not Applicable,3,Intersection-Related,2,Four-Way Intersection,1,No,1,No,88,Not Applicable,88,Not Applicable,88,Not Applicable,88,Not Applicable,TRUE,1,Public Road,1,"Trafficway, On Road",CT0009300,New Haven PD,46614,25:09.0,C,Closed,00:06.0,,,,,,,
1315686,1,Complete,1315686,1315686,41.307295,-72.883764,3801893,New Haven,93,93,New Haven,9/30/2025,2025,9,September,30,3,Tuesday,16:51:00,16,25039960,A,"Injury of any type (Serious, Minor, Possible)",C,Possible Injury (C),2,0,0,4,Local,0.14,168,EAST GRAND AV,EAST GRAND AV,LEXINGTON AVE,,,,,41.307295,-72.883764,14,Motor Vehicle in Operation,3,Angle,1,On Roadway,1,Clear,88,Not Applicable,1,Daylight,1,Dry,0,None,88,Not Applicable,88,Not Applicable,0,None,88,Not Applicable,88,Not Applicable,2,Intersection,2,Four-Way Intersection,1,No,1,No,88,Not Applicable,88,Not Applicable,88,Not Applicable,88,Not Applicable,FALSE,1,Public Road,1,"Trafficway, On Road",CT0009300,New Haven PD,45388,34:18.0,C,Closed,01:58.0,,,,,,,
1315695,1,Complete,1315695,1315695,41.306196,-72.935293,3801902,New Haven,93,93,New Haven,10/2/2025,2025,10,October,2,5,Thursday,12:51:00,12,25040228,A,"Injury of any type (Serious, Minor, Possible)",C,Possible Injury (C),2,0,0,4,Local,0.53,809,REV DR MLK JR BLVD,REV DR MLK JR BLVD,,Park Street,35,Feet,E,41.306196,-72.935293,14,Motor Vehicle in Operation,1,Front to rear,1,On Roadway,1,Clear,88,Not Applicable,1,Daylight,1,Dry,0,None,88,Not Applicable,88,Not Applicable,0,None,88,Not Applicable,88,Not Applicable,3,Intersection-Related,2,Four-Way Intersection,1,No,1,No,88,Not Applicable,88,Not Applicable,88,Not Applicable,88,Not Applicable,TRUE,1,Public Road,1,"Trafficway, On Road",CT0009300,New Haven PD,45395,38:14.0,C,Closed,02:04.0,,,,,,,
1315696,1,Complete,1315696,1315696,41.294526,-72.917579,3801903,New Haven,93,93,New Haven,10/2/2025,2025,10,October,2,5,Thursday,17:09:00,17,25040275,A,"Injury of any type (Serious, Minor, Possible)",C,Possible Injury (C),1,1,0,4,Local,0.72,513,LONG WHARF DR,LONG WHARF DR,,CANAL DOCK RD,410,Feet,S,41.294526,-72.917579,10,Pedalcycle/Pedalcyclist,3,Angle,1,On Roadway,1,Clear,88,Not Applicable,1,Daylight,1,Dry,0,None,88,Not Applicable,88,Not Applicable,0,None,88,Not Applicable,88,Not Applicable,1,Non-Junction,1,Not at Intersection,1,No,1,No,88,Not Applicable,88,Not Applicable,88,Not Applicable,88,Not Applicable,FALSE,1,Public Road,1,"Trafficway, On Road",CT0009300,New Haven PD,44338,33:48.0,C,Closed,02:06.0,,,,,,,
1316176,1,Complete,1316176,1316176,41.313463,-72.934706,3802383,New Haven,93,93,New Haven,9/25/2025,2025,9,September,25,5,Thursday,15:04:00,15,25039287,A,"Injury of any type (Serious, Minor, Possible)",C,Possible Injury (C),1,1,0,,,,,,60 Whalley Ave,,Elm St,330,Feet,N,41.313463,-72.934706,9,Pedestrian,88,Not Applicable,97,Other,2,Cloudy,4,Rain,1,Daylight,2,Wet,0,None,88,Not Applicable,88,Not Applicable,0,None,88,Not Applicable,88,Not Applicable,97,Other,1,Not at Intersection,1,No,1,No,88,Not Applicable,88,Not Applicable,88,Not Applicable,88,Not Applicable,FALSE,88,Not Applicable,4,Parking Lot,CT0009300,New Haven PD,42052,18:31.0,C,Closed,01:22.0,,,,,,,
1316177,1,Complete,1316177,1316177,41.338381,-72.976608,3802384,New Haven,93,93,New Haven,9/25/2025,2025,9,September,25,5,Thursday,23:09:00,23,25039348,A,"Injury of any type (Serious, Minor, Possible)",C,Possible Injury (C),1,0,0,3,State,0.27,69,69-N,69-N,,15-N-114,85,Feet,N,41.338381,-72.976608,27,Embankment,88,Not Applicable,1,On Roadway,4,Rain,88,Not Applicable,4,Dark-Lighted,2,Wet,0,None,88,Not Applicable,88,Not Applicable,0,None,88,Not Applicable,88,Not Applicable,9,Driveway Access-Related,1,Not at Intersection,1,No,1,No,88,Not Applicable,88,Not Applicable,88,Not Applicable,88,Not Applicable,FALSE,1,Public Road,1,"Trafficway, On Road",CT0009300,New Haven PD,45397,59:00.0,C,Closed,01:21.0,,,,,,,
1316178,1,Complete,1316178,1316178,41.308913,-72.925378,3802385,New Haven,93,93,New Haven,9/26/2025,2025,9,September,26,6,Friday,12:00:00,12,25039416,A,"Injury of any type (Serious, Minor, Possible)",C,Possible Injury (C),2,0,0,4,Local,0.39,588,TEMPLE ST,TEMPLE ST,,ELM ST,25,Feet,N,41.308913,-72.925378,14,Motor Vehicle in Operation,1,Front to rear,1,On Roadway,1,Clear,88,Not Applicable,1,Daylight,1,Dry,0,None,88,Not Applicable,88,Not Applicable,0,None,88,Not Applicable,88,Not Applicable,3,Intersection-Related,2,Four-Way Intersection,1,No,1,No,88,Not Applicable,88,Not Applicable,88,Not Applicable,88,Not Applicable,TRUE,1,Public Road,1,"Trafficway, On Road",CT0009300,New Haven PD,47738,30:54.0,C,Closed,01:37.0,,,,,,,
1316185,1,Complete,1316185,1316185,41.316955,-72.942293,3802392,New Haven,93,93,New Haven,10/3/2025,2025,10,October,3,6,Friday,7:52:00,7,25040336,A,"Injury of any type (Serious, Minor, Possible)",C,Possible Injury (C),2,0,0,4,Local,0.79,556,SHERMAN AV,SHERMAN AV,,WHALLEY AV,75,Feet,N,41.316955,-72.942293,14,Motor Vehicle in Operation,3,Angle,1,On Roadway,1,Clear,88,Not Applicable,1,Daylight,1,Dry,0,None,88,Not Applicable,88,Not Applicable,0,None,88,Not Applicable,88,Not Applicable,1,Non-Junction,1,Not at Intersection,1,No,1,No,88,Not Applicable,88,Not Applicable,88,Not Applicable,88,Not Applicable,TRUE,1,Public Road,1,"Trafficway, On Road",CT0009300,New Haven PD,503,47:33.0,C,Closed,01:23.0,,,,,,,
1316187,1,Complete,1316187,1316187,41.31244,-72.92197,3802394,New Haven,93,93,New Haven,10/3/2025,2025,10,October,3,6,Friday,14:14:00,14,25040407,A,"Injury of any type (Serious, Minor, Possible)",C,Possible Injury (C),2,0,0,4,Local,0.14,656,WHITNEY AV,WHITNEY AV,,TRUMBULL ST,190,Feet,S,41.31244,-72.92197,14,Motor Vehicle in Operation,3,Angle,1,On Roadway,1,Clear,88,Not Applicable,1,Daylight,1,Dry,0,None,88,Not Applicable,88,Not Applicable,0,None,88,Not Applicable,88,Not Applicable,10,Shared-Use Path or Trail,1,Not at Intersection,1,No,1,No,88,Not Applicable,88,Not Applicable,88,Not Applicable,88,Not Applicable,TRUE,1,Public Road,1,"Trafficway, On Road",CT0009300,New Haven PD,47005,45:50.0,C,Closed,01:26.0,,,,,,,
1316188,1,Complete,1316188,1316188,41.30834959,-72.91237699,3802395,New Haven,93,93,New Haven,10/3/2025,2025,10,October,3,6,Friday,15:18:00,15,25040409,A,"Injury of any type (Serious, Minor, Possible)",C,Possible Injury (C),2,0,0,4,Local,0.32,275,HAMILTON ST NO 2,HAMILTON ST NO 2,,GRAND AVE,50,Feet,S,41.30834959,-72.91237699,14,Motor Vehicle in Operation,1,Front to rear,1,On Roadway,1,Clear,88,Not Applicable,1,Daylight,1,Dry,0,None,88,Not Applicable,88,Not Applicable,0,None,88,Not Applicable,88,Not Applicable,1,Non-Junction,1,Not at Intersection,2,"Yes, School Bus Directly Involved",1,No,88,Not Applicable,88,Not Applicable,88,Not Applicable,88,Not Applicable,FALSE,1,Public Road,1,"Trafficway, On Road",CT0009300,New Haven PD,48508,42:00.0,C,Closed,01:26.0,,,,,,,
1316190,1,Complete,1316190,1316190,41.334694,-72.935224,3802397,New Haven,93,93,New Haven,10/3/2025,2025,10,October,3,6,Friday,15:19:00,15,25040414,A,"Injury of any type (Serious, Minor, Possible)",C,Possible Injury (C),2,0,0,4,Local,1.54,152,DIXWELL AV,DIXWELL AV,,ELIZABETH ST,45,Feet,S,41.334694,-72.935224,14,Motor Vehicle in Operation,3,Angle,1,On Roadway,1,Clear,88,Not Applicable,1,Daylight,1,Dry,0,None,88,Not Applicable,88,Not Applicable,0,None,88,Not Applicable,88,Not Applicable,1,Non-Junction,1,Not at Intersection,1,No,1,No,88,Not Applicable,88,Not Applicable,88,Not Applicable,88,Not Applicable,FALSE,1,Public Road,1,"Trafficway, On Road",CT0009300,New Haven PD,87,56:37.0,C,Closed,01:25.0,,,,,,,
1316195,1,Complete,1316195,1316195,41.287465,-72.889635,3802402,New Haven,93,93,New Haven,10/4/2025,2025,10,October,4,7,Saturday,8:42:00,8,25040480,A,"Injury of any type (Serious, Minor, Possible)",C,Possible Injury (C),4,0,0,4,Local,0.18,388,MAIN ST NO 2,MAIN ST NO 2,OAKLEY STREET,,,,,41.287465,-72.889635,14,Motor Vehicle in Operation,3,Angle,1,On Roadway,1,Clear,88,Not Applicable,1,Daylight,1,Dry,0,None,88,Not Applicable,88,Not Applicable,0,None,88,Not Applicable,88,Not Applicable,2,Intersection,2,Four-Way Intersection,1,No,1,No,88,Not Applicable,88,Not Applicable,88,Not Applicable,88,Not Applicable,FALSE,1,Public Road,1,"Trafficway, On Road",CT0009300,New Haven PD,156,57:24.0,C,Closed,01:38.0,,,,,,,
1316198,1,Complete,1316198,1316198,41.305562,-72.912789,3802405,New Haven,93,93,New Haven,10/4/2025,2025,10,October,4,7,Saturday,15:26:00,15,25040514,A,"Injury of any type (Serious, Minor, Possible)",C,Possible Injury (C),2,0,1,4,Local,0.14,275,HAMILTON ST NO 2,HAMILTON ST NO 2,IVES PL,,,,,41.305562,-72.912789,14,Motor Vehicle in Operation,3,Angle,1,On Roadway,1,Clear,88,Not Applicable,1,Daylight,1,Dry,0,None,88,Not Applicable,88,Not Applicable,0,None,88,Not Applicable,88,Not Applicable,2,Intersection,2,Four-Way Intersection,1,No,1,No,88,Not Applicable,88,Not Applicable,88,Not Applicable,88,Not Applicable,FALSE,1,Public Road,1,"Trafficway, On Road",CT0009300,New Haven PD,48508,18:46.0,C,Closed,01:33.0,,,,,,,
1316202,1,Complete,1316202,1316202,41.33698063,-72.95537748,3802409,New Haven,93,93,New Haven,10/4/2025,2025,10,October,4,7,Saturday,16:25:00,16,25040528,A,"Injury of any type (Serious, Minor, Possible)",C,Possible Injury (C),2,0,0,4,Local,0.43,671,WINTERGREEN AV,WINTERGREEN AV,,WILMOT RD,1000,Feet,S,41.33698063,-72.95537748,15,Parked Motor Vehicle,3,Angle,2,Shoulder,1,Clear,88,Not Applicable,1,Daylight,1,Dry,0,None,88,Not Applicable,88,Not Applicable,0,None,88,Not Applicable,88,Not Applicable,1,Non-Junction,1,Not at Intersection,1,No,1,No,88,Not Applicable,88,Not Applicable,88,Not Applicable,88,Not Applicable,FALSE,1,Public Road,1,"Trafficway, On Road",CT0009300,New Haven PD,45403,49:36.0,C,Closed,01:34.0,,,,,,,
1316203,1,Complete,1316203,1316203,41.297387,-72.949348,3802410,New Haven,93,93,New Haven,10/4/2025,2025,10,October,4,7,Saturday,18:34:00,18,25040537,A,"Injury of any type (Serious, Minor, Possible)",C,Possible Injury (C),2,0,0,2,USRoute,46.62,1,1-N,1-N,,ELLA T GRASSO BLVD,100,Feet,E,41.297387,-72.949348,14,Motor Vehicle in Operation,1,Front to rear,1,On Roadway,1,Clear,88,Not Applicable,4,Dark-Lighted,1,Dry,0,None,88,Not Applicable,88,Not Applicable,0,None,88,Not Applicable,88,Not Applicable,3,Intersection-Related,2,Four-Way Intersection,1,No,1,No,88,Not Applicable,88,Not Applicable,88,Not Applicable,88,Not Applicable,FALSE,1,Public Road,1,"Trafficway, On Road",CT0009300,New Haven PD,46898,25:39.0,C,Closed,01:35.0,,,,,,,
1316204,1,Complete,1316204,1316204,41.297534,-72.947599,3802411,New Haven,93,93,New Haven,10/4/2025,2025,10,October,4,7,Saturday,20:52:00,20,25040550,A,"Injury of any type (Serious, Minor, Possible)",C,Possible Injury (C),2,0,0,2,USRoute,46.7,1,1-N,1-N,,DAVENPORT AVE,55,Feet,E,41.297534,-72.947599,14,Motor Vehicle in Operation,1,Front to rear,1,On Roadway,1,Clear,88,Not Applicable,4,Dark-Lighted,1,Dry,0,None,88,Not Applicable,88,Not Applicable,0,None,88,Not Applicable,88,Not Applicable,3,Intersection-Related,3,T-Intersection,1,No,1,No,88,Not Applicable,88,Not Applicable,88,Not Applicable,88,Not Applicable,TRUE,1,Public Road,1,"Trafficway, On Road",CT0009300,New Haven PD,46627,41:39.0,C,Closed,01:35.0,,,,,,,
1316208,1,Complete,1316208,1316208,41.327406,-72.931842,3802415,New Haven,93,93,New Haven,10/5/2025,2025,10,October,5,1,Sunday,19:22:00,19,25040626,A,"Injury of any type (Serious, Minor, Possible)",C,Possible Injury (C),3,0,0,4,Local,0.24,592,THOMPSON ST,THOMPSON ST,,SHELTON AVE,300,Feet,E,41.327406,-72.931842,14,Motor Vehicle in Operation,1,Front to rear,1,On Roadway,1,Clear,88,Not Applicable,4,Dark-Lighted,1,Dry,0,None,88,Not Applicable,88,Not Applicable,0,None,88,Not Applicable,88,Not Applicable,1,Non-Junction,1,Not at Intersection,1,No,1,No,88,Not Applicable,88,Not Applicable,88,Not Applicable,88,Not Applicable,FALSE,1,Public Road,1,"Trafficway, On Road",CT0009300,New Haven PD,45629,31:57.0,C,Closed,01:39.0,,,,,,,
1317829,1,Complete,1317829,1317829,41.290736,-72.941163,3803051,New Haven,93,93,New Haven,10/5/2025,2025,10,October,5,1,Sunday,17:58:00,17,25040616,A,"Injury of any type (Serious, Minor, Possible)",C,Possible Injury (C),2,0,0,3,State,0.86,10,10-N,10-N,,WASHINGTON AVE,50,Feet,S,41.290736,-72.941163,14,Motor Vehicle in Operation,1,Front to rear,1,On Roadway,1,Clear,88,Not Applicable,1,Daylight,1,Dry,0,None,88,Not Applicable,88,Not Applicable,0,None,88,Not Applicable,88,Not Applicable,3,Intersection-Related,2,Four-Way Intersection,1,No,1,No,88,Not Applicable,88,Not Applicable,88,Not Applicable,88,Not Applicable,FALSE,1,Public Road,1,"Trafficway, On Road",CT0009300,New Haven PD,45403,56:07.0,C,Closed,00:27.0,,,,,,,
1317831,1,Complete,1317831,1317831,41.320598,-72.876384,3803053,New Haven,93,93,New Haven,10/6/2025,2025,10,October,6,2,Monday,10:04:00,10,25040708,A,"Injury of any type (Serious, Minor, Possible)",C,Possible Injury (C),1,1,0,,,,,,315 FOXON BLVD,,QUINNIPIAC AVE,520,Feet,W,41.320598,-72.876384,9,Pedestrian,88,Not Applicable,97,Other,1,Clear,88,Not Applicable,1,Daylight,1,Dry,3,Glare,88,Not Applicable,88,Not Applicable,0,None,88,Not Applicable,88,Not Applicable,97,Other,1,Not at Intersection,1,No,1,No,88,Not Applicable,88,Not Applicable,88,Not Applicable,88,Not Applicable,FALSE,88,Not Applicable,4,Parking Lot,CT0009300,New Haven PD,42049,27:45.0,C,Closed,00:24.0,,,,,,,
1317835,1,Complete,1317835,1317835,41.319155,-72.896547,3803057,New Haven,93,93,New Haven,10/6/2025,2025,10,October,6,2,Monday,13:53:00,13,25040760,A,"Injury of any type (Serious, Minor, Possible)",B,Suspected Minor Injury (B),1,0,0,4,Local,0.68,411,MIDDLETOWN AV,MIDDLETOWN AV,,Ferry St,240,Feet,N,41.319155,-72.896547,39,"Other Fixed Object (wall, building, tunnel, etc.)",88,Not Applicable,1,On Roadway,1,Clear,88,Not Applicable,1,Daylight,1,Dry,0,None,88,Not Applicable,88,Not Applicable,0,None,88,Not Applicable,88,Not Applicable,1,Non-Junction,1,Not at Intersection,1,No,1,No,88,Not Applicable,88,Not Applicable,88,Not Applicable,88,Not Applicable,FALSE,1,Public Road,1,"Trafficway, On Road",CT0009300,New Haven PD,44052,33:43.0,C,Closed,00:28.0,,,,,,,
1317836,1,Complete,1317836,1317836,41.315895,-72.872447,3803058,New Haven,93,93,New Haven,10/6/2025,2025,10,October,6,2,Monday,16:28:00,16,25040775,A,"Injury of any type (Serious, Minor, Possible)",C,Possible Injury (C),2,0,0,,,,,,bella vista dr (private),,EASTERN ST,100,Feet,E,41.315895,-72.872447,14,Motor Vehicle in Operation,1,Front to rear,1,On Roadway,1,Clear,88,Not Applicable,1,Daylight,1,Dry,0,None,88,Not Applicable,88,Not Applicable,0,None,88,Not Applicable,88,Not Applicable,1,Non-Junction,1,Not at Intersection,1,No,1,No,88,Not Applicable,88,Not Applicable,88,Not Applicable,88,Not Applicable,FALSE,2,Private Road,1,"Trafficway, On Road",CT0009300,New Haven PD,45388,47:10.0,C,Closed,00:28.0,,,,,,,