CrashId,Fatal Case Status,Fatal Case Status Text Format,CrashId,CrashId,Latitude,Longitude,DOT Case Number,Town Name,Town Number,Town Number,Town Number Text Format,Date Of Crash,Year,Month,Month Text Format,Day,Day of the Week,Day of the Week Text Format,Time of Crash,Hour of the Day,Case Identifier,Crash Severity,Crash Severity Text Format,Most Severe Injury,Most Severe Injury Text Format,Number Of Motor Vehicles,Number Of Non-Motorist,Number Of Witnesses,Route Class,Route Class Text Format,Milemarker,Road Number,Road Description,Roadway Name,Intersecting Roadway Name,Landmark Description,Distance From Nearest Landmark,Unit Of Measure From Nearest Landmark,Direction From Nearest Landmark,Latitude,Longitude,First Harmful Event,First Harmful Event Text Format,Manner of Crash / Collision Impact,Manner of Crash / Collision Impact Text Format,Location of First Harmful Event,Location of First Harmful Event Text Format,Weather Condition,Weather Condition Text Format,Weather 2,Weather 2 Text Format,Light Condition,Light Condition Text Format,Road Surface Condition,Road Surface Condition Text Format,"Contributing Circumstances, Environment","Contributing Circumstances, Environment Text Format",Environment 2,Environment 2 Text Format,Environment 3,Environment 3 Text Format,"Contributing Circumstances, Road","Contributing Circumstances, Road Text Format",Road 2,Road 2 Text Format,Road 3,Road 3 Text Format,Crash Specific Location,Crash Specific Location Text Format,Type of Intersection,Type of Intersection Text Format,School Bus Related,School Bus Related Text Format,Work Zone Related,Work Zone Related Text Format,Location Of Crash Relative To Work Zone,Location Of Crash Relative To Work Zone Text Format,Type of Work Zone,Type of Work Zone Text Format,Worker Presence,Worker Presence Text Format,Law Enforcement Presence,Law Enforcement Presence Text Format,Were Vehicles Moved Prior To Police Arrival,Trafficway Ownership,Trafficway Ownership Text Format,Trafficway Class,Trafficway Class Text Format,Police Agency,Police Agency Text Format,Badge Number,Approval Date,Police Case Status,Police Case Status Text Format,Crash Report Submission Date,Related Case Identifiers,No. of Through Lanes (Log Dir.),Average Daily Traffic,Functional Classification,Functional Classification Text Format,Rural or Urban,Rural or Urban Text Format
1324932,1,Complete,1324932,1324932,41.3292,-72.96861,3809158,New Haven,93,93,New Haven,10/25/2025,2025,10,October,25,7,Saturday,8:15:00,8,25043363,A,"Injury of any type (Serious, Minor, Possible)",C,Possible Injury (C),2,0,0,3,State,0.71,63,63-N,63-N,Dayton St,,,,,41.3292,-72.96861,14,Motor Vehicle in Operation,3,Angle,1,On Roadway,1,Clear,88,Not Applicable,1,Daylight,1,Dry,0,None,88,Not Applicable,88,Not Applicable,0,None,88,Not Applicable,88,Not Applicable,2,Intersection,3,T-Intersection,1,No,1,No,88,Not Applicable,88,Not Applicable,88,Not Applicable,88,Not Applicable,FALSE,1,Public Road,1,"Trafficway, On Road",CT0009300,New Haven PD,45983,04:38.0,C,Closed,01:45.0,,,,,,,
1324933,1,Complete,1324933,1324933,41.305061,-72.930351,3809159,New Haven,93,93,New Haven,10/25/2025,2025,10,October,25,7,Saturday,8:45:00,8,25043367,A,"Injury of any type (Serious, Minor, Possible)",C,Possible Injury (C),2,0,0,4,Local,0.52,117,COLLEGE ST,COLLEGE ST,GEORGE ST,,,,,41.305061,-72.930351,14,Motor Vehicle in Operation,1,Front to rear,1,On Roadway,1,Clear,88,Not Applicable,1,Daylight,1,Dry,0,None,88,Not Applicable,88,Not Applicable,0,None,88,Not Applicable,88,Not Applicable,2,Intersection,2,Four-Way Intersection,1,No,1,No,88,Not Applicable,88,Not Applicable,88,Not Applicable,88,Not Applicable,FALSE,1,Public Road,1,"Trafficway, On Road",CT0009300,New Haven PD,46616,57:09.0,C,Closed,01:42.0,,,,,,,
1324934,1,Complete,1324934,1324934,41.309043,-72.894681,3809160,New Haven,93,93,New Haven,10/25/2025,2025,10,October,25,7,Saturday,13:49:00,13,25043394,A,"Injury of any type (Serious, Minor, Possible)",C,Possible Injury (C),3,0,0,4,Local,0.46,264,GRAND AV,GRAND AV,,BRIGHT ST,100,Feet,W,41.309043,-72.894681,14,Motor Vehicle in Operation,1,Front to rear,1,On Roadway,1,Clear,88,Not Applicable,1,Daylight,1,Dry,0,None,88,Not Applicable,88,Not Applicable,0,None,88,Not Applicable,88,Not Applicable,1,Non-Junction,1,Not at Intersection,1,No,1,No,88,Not Applicable,88,Not Applicable,88,Not Applicable,88,Not Applicable,TRUE,1,Public Road,1,"Trafficway, On Road",CT0009300,New Haven PD,48044,42:40.0,C,Closed,01:44.0,,,,,,,
1325542,1,Complete,1325542,1325542,41.317503,-72.89749,3809768,New Haven,93,93,New Haven,10/23/2025,2025,10,October,23,5,Thursday,19:13:00,19,25043161,A,"Injury of any type (Serious, Minor, Possible)",C,Possible Injury (C),1,1,0,4,Local,0,157,DOVER ST,DOVER ST,FERRY ST ,,,,,41.317503,-72.89749,10,Pedalcycle/Pedalcyclist,97,Other,1,On Roadway,1,Clear,88,Not Applicable,1,Daylight,1,Dry,0,None,88,Not Applicable,88,Not Applicable,0,None,88,Not Applicable,88,Not Applicable,2,Intersection,3,T-Intersection,1,No,1,No,88,Not Applicable,88,Not Applicable,88,Not Applicable,88,Not Applicable,TRUE,1,Public Road,1,"Trafficway, On Road",CT0009300,New Haven PD,44176,50:37.0,C,Closed,01:07.0,,,,,,,
1325546,1,Complete,1325546,1325546,41.308078,-72.930581,3809772,New Haven,93,93,New Haven,10/26/2025,2025,10,October,26,1,Sunday,22:03:00,22,25043534,A,"Injury of any type (Serious, Minor, Possible)",C,Possible Injury (C),2,0,0,4,Local,2.06,97,CHAPEL ST,CHAPEL ST,,HIGH ST,70,Feet,W,41.308078,-72.930581,14,Motor Vehicle in Operation,1,Front to rear,1,On Roadway,1,Clear,88,Not Applicable,4,Dark-Lighted,1,Dry,99,Unknown,88,Not Applicable,88,Not Applicable,99,Unknown,88,Not Applicable,88,Not Applicable,1,Non-Junction,1,Not at Intersection,1,No,1,No,88,Not Applicable,88,Not Applicable,88,Not Applicable,88,Not Applicable,TRUE,1,Public Road,1,"Trafficway, On Road",CT0009300,New Haven PD,46901,49:53.0,C,Closed,01:09.0,,,,,,,
1325547,1,Complete,1325547,1325547,41.329551,-72.93513,3809773,New Haven,93,93,New Haven,10/27/2025,2025,10,October,27,2,Monday,6:00:00,6,25043554,A,"Injury of any type (Serious, Minor, Possible)",A,Suspected Serious Injury (A),2,0,0,4,Local,1.18,152,DIXWELL AV,DIXWELL AV,HAZEL ST,,,,,41.329551,-72.93513,14,Motor Vehicle in Operation,3,Angle,1,On Roadway,1,Clear,88,Not Applicable,4,Dark-Lighted,1,Dry,0,None,88,Not Applicable,88,Not Applicable,0,None,88,Not Applicable,88,Not Applicable,2,Intersection,3,T-Intersection,1,No,1,No,88,Not Applicable,88,Not Applicable,88,Not Applicable,88,Not Applicable,FALSE,1,Public Road,1,"Trafficway, On Road",CT0009300,New Haven PD,47737,20:04.0,C,Closed,01:07.0,,,,,,,
1325882,1,Complete,1325882,1325882,41.328021,-72.935205,3810108,New Haven,93,93,New Haven,9/19/2025,2025,9,September,19,6,Friday,22:34:00,22,25038521,A,"Injury of any type (Serious, Minor, Possible)",C,Possible Injury (C),1,1,0,4,Local,1.07,152,DIXWELL AV,DIXWELL AV,THOMPSON ST,,,,,41.328021,-72.935205,11,Other Non-motorist,88,Not Applicable,1,On Roadway,1,Clear,88,Not Applicable,4,Dark-Lighted,1,Dry,0,None,88,Not Applicable,88,Not Applicable,0,None,88,Not Applicable,88,Not Applicable,2,Intersection,3,T-Intersection,1,No,1,No,88,Not Applicable,88,Not Applicable,88,Not Applicable,88,Not Applicable,TRUE,1,Public Road,1,"Trafficway, On Road",CT0009300,New Haven PD,40085,06:37.0,C,Closed,01:10.0,,,,,,,
1325886,1,Complete,1325886,1325886,41.321388,-72.875478,3810112,New Haven,93,93,New Haven,10/22/2025,2025,10,October,22,4,Wednesday,7:02:00,7,25042910,A,"Injury of any type (Serious, Minor, Possible)",C,Possible Injury (C),1,0,0,3,State,0.36,80,80-E,80-E,,QUINNIPIAC AVE,404,Feet,W,41.321388,-72.875478,25,Curb,88,Not Applicable,1,On Roadway,1,Clear,88,Not Applicable,2,Dawn,1,Dry,0,None,88,Not Applicable,88,Not Applicable,0,None,88,Not Applicable,88,Not Applicable,9,Driveway Access-Related,1,Not at Intersection,1,No,1,No,88,Not Applicable,88,Not Applicable,88,Not Applicable,88,Not Applicable,FALSE,1,Public Road,1,"Trafficway, On Road",CT0009300,New Haven PD,47738,46:56.0,C,Closed,01:06.0,,,,,,,
1325891,1,Complete,1325891,1325891,41.286322,-72.936137,3810117,New Haven,93,93,New Haven,10/26/2025,2025,10,October,26,1,Sunday,15:36:00,15,25043502,A,"Injury of any type (Serious, Minor, Possible)",B,Suspected Minor Injury (B),2,0,0,3,State,0.46,10,10-N,10-N,Kimberly Avenue,,,,,41.286322,-72.936137,14,Motor Vehicle in Operation,3,Angle,1,On Roadway,1,Clear,88,Not Applicable,1,Daylight,1,Dry,0,None,88,Not Applicable,88,Not Applicable,0,None,88,Not Applicable,88,Not Applicable,2,Intersection,2,Four-Way Intersection,1,No,1,No,88,Not Applicable,88,Not Applicable,88,Not Applicable,88,Not Applicable,FALSE,1,Public Road,1,"Trafficway, On Road",CT0009300,New Haven PD,46613,23:55.0,C,Closed,01:07.0,,,,,,,
1325898,1,Complete,1325898,1325898,41.302304,-72.932211,3810124,New Haven,93,93,New Haven,10/28/2025,2025,10,October,28,3,Tuesday,17:15:00,17,25043641,A,"Injury of any type (Serious, Minor, Possible)",A,Suspected Serious Injury (A),1,1,0,4,Local,0.87,123,CONGRESS AV,CONGRESS AV,,College Street,5,Feet,E,41.302304,-72.932211,9,Pedestrian,88,Not Applicable,1,On Roadway,1,Clear,88,Not Applicable,1,Daylight,1,Dry,3,Glare,88,Not Applicable,88,Not Applicable,0,None,88,Not Applicable,88,Not Applicable,1,Non-Junction,1,Not at Intersection,1,No,1,No,88,Not Applicable,88,Not Applicable,88,Not Applicable,88,Not Applicable,FALSE,1,Public Road,1,"Trafficway, On Road",CT0009300,New Haven PD,46898,42:09.0,C,Closed,01:09.0,,,,,,,
1326324,1,Complete,1326324,1326324,41.315548,-72.939101,3810550,New Haven,93,93,New Haven,10/29/2025,2025,10,October,29,4,Wednesday,9:00:00,9,25043576,A,"Injury of any type (Serious, Minor, Possible)",C,Possible Injury (C),2,0,0,4,Local,0.56,653,WHALLEY AV,WHALLEY AV,ORCHARD ST,,,,,41.315548,-72.939101,14,Motor Vehicle in Operation,1,Front to rear,1,On Roadway,1,Clear,1,Clear,1,Daylight,1,Dry,0,None,97,Other,88,Not Applicable,0,None,88,Not Applicable,88,Not Applicable,2,Intersection,2,Four-Way Intersection,1,No,1,No,88,Not Applicable,88,Not Applicable,88,Not Applicable,88,Not Applicable,FALSE,1,Public Road,1,"Trafficway, On Road",CT0009300,New Haven PD,307,10:52.0,C,Closed,00:26.0,,,,,,,
1326605,1,Complete,1326605,1326605,41.300458,-72.910877,3810831,New Haven,93,93,New Haven,10/28/2025,2025,10,October,28,3,Tuesday,12:56:00,12,25043728,A,"Injury of any type (Serious, Minor, Possible)",C,Possible Injury (C),2,0,0,4,Local,1.09,165,EAST ST,EAST ST,,RT 1,140,Feet,S,41.300458,-72.910877,14,Motor Vehicle in Operation,3,Angle,1,On Roadway,1,Clear,88,Not Applicable,1,Daylight,1,Dry,0,None,88,Not Applicable,88,Not Applicable,0,None,88,Not Applicable,88,Not Applicable,2,Intersection,2,Four-Way Intersection,1,No,1,No,88,Not Applicable,88,Not Applicable,88,Not Applicable,88,Not Applicable,TRUE,1,Public Road,1,"Trafficway, On Road",CT0009300,New Haven PD,45395,41:01.0,C,Closed,01:46.0,,,,,,,
1326610,1,Complete,1326610,1326610,41.326953,-72.968216,3810836,New Haven,93,93,New Haven,10/30/2025,2025,10,October,30,5,Thursday,14:57:00,14,25044050,A,"Injury of any type (Serious, Minor, Possible)",C,Possible Injury (C),2,0,0,3,State,3.35,122,122-N,122-N,,FOUNTAIN ST,80,Feet,S,41.326953,-72.968216,14,Motor Vehicle in Operation,1,Front to rear,1,On Roadway,4,Rain,88,Not Applicable,1,Daylight,2,Wet,0,None,88,Not Applicable,88,Not Applicable,0,None,88,Not Applicable,88,Not Applicable,3,Intersection-Related,3,T-Intersection,1,No,1,No,88,Not Applicable,88,Not Applicable,88,Not Applicable,88,Not Applicable,FALSE,1,Public Road,1,"Trafficway, On Road",CT0009300,New Haven PD,45397,24:01.0,C,Closed,01:46.0,,,,,,,
1327130,1,Complete,1327130,1327130,41.31576895,-72.93968276,3811356,New Haven,93,93,New Haven,10/18/2025,2025,10,October,18,7,Saturday,20:50:00,20,25042406,A,"Injury of any type (Serious, Minor, Possible)",A,Suspected Serious Injury (A),1,1,0,4,Local,0.53,653,WHALLEY AV,WHALLEY AV,,ORCHARD ST,150,Feet,W,41.31576895,-72.93968276,9,Pedestrian,88,Not Applicable,1,On Roadway,1,Clear,1,Clear,5,Dark-Not Lighted,1,Dry,0,None,88,Not Applicable,88,Not Applicable,0,None,88,Not Applicable,88,Not Applicable,1,Non-Junction,1,Not at Intersection,1,No,1,No,88,Not Applicable,88,Not Applicable,88,Not Applicable,88,Not Applicable,TRUE,1,Public Road,1,"Trafficway, On Road",CT0009300,New Haven PD,45132,21:22.0,O,Open,01:31.0,,,,,,,
1327134,1,Complete,1327134,1327134,41.323828,-72.913251,3811360,New Haven,93,93,New Haven,10/26/2025,2025,10,October,26,1,Sunday,23:46:00,23,25043542,A,"Injury of any type (Serious, Minor, Possible)",C,Possible Injury (C),3,0,0,4,Local,0.51,83,CANNER ST,CANNER ST,,LIVINGSTON ST,100,Feet,E,41.323828,-72.913251,14,Motor Vehicle in Operation,3,Angle,1,On Roadway,1,Clear,88,Not Applicable,5,Dark-Not Lighted,1,Dry,0,None,88,Not Applicable,88,Not Applicable,0,None,88,Not Applicable,88,Not Applicable,1,Non-Junction,1,Not at Intersection,1,No,1,No,88,Not Applicable,88,Not Applicable,88,Not Applicable,88,Not Applicable,FALSE,1,Public Road,1,"Trafficway, On Road",CT0009300,New Haven PD,45393,30:54.0,C,Closed,01:32.0,,,,,,,
1327137,1,Complete,1327137,1327137,41.292244,-72.932759,3811363,New Haven,93,93,New Haven,10/29/2025,2025,10,October,29,4,Wednesday,13:19:00,13,25043900,A,"Injury of any type (Serious, Minor, Possible)",C,Possible Injury (C),1,0,0,4,Local,0.99,308,HOWARD AV,HOWARD AV,KIMBERLY AV,,,,,41.292244,-72.932759,30,Concrete Traffic Barrier,88,Not Applicable,1,On Roadway,1,Clear,88,Not Applicable,1,Daylight,1,Dry,0,None,88,Not Applicable,88,Not Applicable,0,None,88,Not Applicable,88,Not Applicable,2,Intersection,2,Four-Way Intersection,1,No,1,No,88,Not Applicable,88,Not Applicable,88,Not Applicable,88,Not Applicable,FALSE,1,Public Road,1,"Trafficway, On Road",CT0009300,New Haven PD,45392,37:13.0,C,Closed,01:27.0,NONE,,,,,,
1327138,1,Complete,1327138,1327138,41.305708,-72.928807,3811364,New Haven,93,93,New Haven,10/30/2025,2025,10,October,30,5,Thursday,18:12:00,18,25044061,A,"Injury of any type (Serious, Minor, Possible)",C,Possible Injury (C),3,1,0,,,,,,213 CROWN ST,,COLLEGE STREET,240,Feet,E,41.305708,-72.928807,14,Motor Vehicle in Operation,1,Front to rear,97,Other,4,Rain,88,Not Applicable,4,Dark-Lighted,2,Wet,0,None,88,Not Applicable,88,Not Applicable,0,None,88,Not Applicable,88,Not Applicable,97,Other,1,Not at Intersection,1,No,1,No,88,Not Applicable,88,Not Applicable,88,Not Applicable,88,Not Applicable,FALSE,88,Not Applicable,4,Parking Lot,CT0009300,New Haven PD,45393,19:36.0,C,Closed,01:31.0,,,,,,,
1327140,1,Complete,1327140,1327140,41.295811,-72.916638,3811366,New Haven,93,93,New Haven,10/30/2025,2025,10,October,30,5,Thursday,22:49:00,22,25044087,A,"Injury of any type (Serious, Minor, Possible)",B,Suspected Minor Injury (B),1,1,2,4,Local,0.83,513,LONG WHARF DR,LONG WHARF DR,,CANAL DOCK RD,15,Feet,N,41.295811,-72.916638,9,Pedestrian,88,Not Applicable,1,On Roadway,4,Rain,88,Not Applicable,4,Dark-Lighted,2,Wet,0,None,88,Not Applicable,88,Not Applicable,0,None,88,Not Applicable,88,Not Applicable,2,Intersection,3,T-Intersection,1,No,1,No,88,Not Applicable,88,Not Applicable,88,Not Applicable,88,Not Applicable,FALSE,1,Public Road,1,"Trafficway, On Road",CT0009300,New Haven PD,46898,48:00.0,C,Closed,01:25.0,,,,,,,
1327143,1,Complete,1327143,1327143,41.325255,-72.957631,3811369,New Haven,93,93,New Haven,10/31/2025,2025,10,October,31,6,Friday,6:32:00,6,25044111,A,"Injury of any type (Serious, Minor, Possible)",C,Possible Injury (C),2,0,0,3,State,0.04,63,63-N,63-N,,FITCH STREET,200,Feet,W,41.325255,-72.957631,14,Motor Vehicle in Operation,4,"Sideswipe, same direction",1,On Roadway,2,Cloudy,88,Not Applicable,2,Dawn,2,Wet,0,None,88,Not Applicable,88,Not Applicable,0,None,88,Not Applicable,88,Not Applicable,1,Non-Junction,1,Not at Intersection,1,No,1,No,88,Not Applicable,88,Not Applicable,88,Not Applicable,88,Not Applicable,FALSE,1,Public Road,1,"Trafficway, On Road",CT0009300,New Haven PD,47737,02:07.0,C,Closed,01:41.0,,,,,,,
1327144,1,Complete,1327144,1327144,41.33253,-72.975026,3811370,New Haven,93,93,New Haven,10/31/2025,2025,10,October,31,6,Friday,6:30:00,6,25044113,A,"Injury of any type (Serious, Minor, Possible)",A,Suspected Serious Injury (A),2,0,0,3,State,1.12,63,63-N,63-N,E RAMSDELL ST,,,,,41.33253,-72.975026,14,Motor Vehicle in Operation,3,Angle,1,On Roadway,2,Cloudy,88,Not Applicable,2,Dawn,2,Wet,0,None,88,Not Applicable,88,Not Applicable,0,None,88,Not Applicable,88,Not Applicable,2,Intersection,2,Four-Way Intersection,1,No,1,No,88,Not Applicable,88,Not Applicable,88,Not Applicable,88,Not Applicable,TRUE,1,Public Road,1,"Trafficway, On Road",CT0009300,New Haven PD,44056,33:14.0,C,Closed,01:28.0,,,,,,,
1327145,1,Complete,1327145,1327145,41.304389,-72.928788,3811371,New Haven,93,93,New Haven,10/31/2025,2025,10,October,31,6,Friday,7:42:00,7,25044114,A,"Injury of any type (Serious, Minor, Possible)",C,Possible Injury (C),2,0,0,4,Local,1.19,248,GEORGE ST,GEORGE ST,,TEMPLE ST,25,Feet,W,41.304389,-72.928788,14,Motor Vehicle in Operation,1,Front to rear,1,On Roadway,1,Clear,88,Not Applicable,1,Daylight,2,Wet,0,None,88,Not Applicable,88,Not Applicable,0,None,88,Not Applicable,88,Not Applicable,3,Intersection-Related,2,Four-Way Intersection,1,No,1,No,88,Not Applicable,88,Not Applicable,88,Not Applicable,88,Not Applicable,FALSE,1,Public Road,1,"Trafficway, On Road",CT0009300,New Haven PD,469,48:02.0,C,Closed,01:27.0,,,,,,,
1327150,1,Complete,1327150,1327150,41.287387,-72.937395,3811376,New Haven,93,93,New Haven,10/31/2025,2025,10,October,31,6,Friday,15:18:00,15,25044154,A,"Injury of any type (Serious, Minor, Possible)",C,Possible Injury (C),2,0,0,3,State,0.56,10,10-N,10-N,,PLYMOUTH ST,70,Feet,W,41.287387,-72.937395,14,Motor Vehicle in Operation,1,Front to rear,1,On Roadway,1,Clear,88,Not Applicable,1,Daylight,1,Dry,0,None,88,Not Applicable,88,Not Applicable,0,None,88,Not Applicable,88,Not Applicable,1,Non-Junction,1,Not at Intersection,1,No,1,No,88,Not Applicable,88,Not Applicable,88,Not Applicable,88,Not Applicable,FALSE,1,Public Road,1,"Trafficway, On Road",CT0009300,New Haven PD,45389,57:07.0,C,Closed,01:30.0,,,,,,,
1327158,1,Complete,1327158,1327158,41.308453,-72.936099,3811384,New Haven,93,93,New Haven,10/31/2025,2025,10,October,31,6,Friday,20:45:00,20,25044231,A,"Injury of any type (Serious, Minor, Possible)",C,Possible Injury (C),2,0,0,4,Local,0.18,310,HOWE ST,HOWE ST,,CROWN ST,50,Feet,S,41.308453,-72.936099,14,Motor Vehicle in Operation,3,Angle,1,On Roadway,99,Unknown,88,Not Applicable,4,Dark-Lighted,99,Unknown,0,None,88,Not Applicable,88,Not Applicable,0,None,88,Not Applicable,88,Not Applicable,3,Intersection-Related,3,T-Intersection,1,No,1,No,88,Not Applicable,88,Not Applicable,88,Not Applicable,88,Not Applicable,TRUE,1,Public Road,1,"Trafficway, On Road",CT0009300,New Haven PD,349,46:03.0,C,Closed,01:34.0,,,,,,,
1327170,1,Complete,1327170,1327170,41.305639,-72.936,3811396,New Haven,93,93,New Haven,11/2/2025,2025,11,November,2,1,Sunday,1:49:00,1,25044332,A,"Injury of any type (Serious, Minor, Possible)",C,Possible Injury (C),2,0,0,4,Local,0.08,,SOUTH FRONTAGE RD-RT 34,SOUTH FRONTAGE RD-RT 34,PARK ST,,,,,41.305639,-72.936,14,Motor Vehicle in Operation,3,Angle,1,On Roadway,1,Clear,88,Not Applicable,4,Dark-Lighted,1,Dry,0,None,88,Not Applicable,88,Not Applicable,0,None,88,Not Applicable,88,Not Applicable,2,Intersection,2,Four-Way Intersection,1,No,1,No,88,Not Applicable,88,Not Applicable,88,Not Applicable,88,Not Applicable,FALSE,1,Public Road,1,"Trafficway, On Road",CT0009300,New Haven PD,44949,24:38.0,C,Closed,01:41.0,,,,,,,
1327172,1,Complete,1327172,1327172,41.307297,-72.896802,3811398,New Haven,93,93,New Haven,11/2/2025,2025,11,November,2,1,Sunday,14:51:00,14,25044360,A,"Injury of any type (Serious, Minor, Possible)",A,Suspected Serious Injury (A),1,1,0,4,Local,0.38,204,EXCHANGE ST,EXCHANGE ST,POPLAR ST,,,,,41.307297,-72.896802,14,Motor Vehicle in Operation,3,Angle,1,On Roadway,1,Clear,88,Not Applicable,1,Daylight,1,Dry,0,None,88,Not Applicable,88,Not Applicable,0,None,88,Not Applicable,88,Not Applicable,2,Intersection,2,Four-Way Intersection,1,No,1,No,88,Not Applicable,88,Not Applicable,88,Not Applicable,88,Not Applicable,FALSE,1,Public Road,1,"Trafficway, On Road",CT0009300,New Haven PD,44060,04:03.0,C,Closed,01:43.0,,,,,,,
1327173,1,Complete,1327173,1327173,41.296391,-72.893886,3811399,New Haven,93,93,New Haven,11/2/2025,2025,11,November,2,1,Sunday,17:27:00,17,25044370,A,"Injury of any type (Serious, Minor, Possible)",B,Suspected Minor Injury (B),2,0,1,4,Local,0.34,207,FAIRMONT AV,FAIRMONT AV,,FULTON ST,100,Feet,S,41.296391,-72.893886,14,Motor Vehicle in Operation,4,"Sideswipe, same direction",2,Shoulder,1,Clear,88,Not Applicable,4,Dark-Lighted,1,Dry,0,None,88,Not Applicable,88,Not Applicable,0,None,88,Not Applicable,88,Not Applicable,1,Non-Junction,1,Not at Intersection,1,No,1,No,88,Not Applicable,88,Not Applicable,88,Not Applicable,88,Not Applicable,FALSE,1,Public Road,1,"Trafficway, On Road",CT0009300,New Haven PD,44063,58:01.0,C,Closed,01:45.0,,,,,,,
1327912,1,Complete,1327912,1327912,41.316779,-72.93337,3812138,New Haven,93,93,New Haven,11/3/2025,2025,11,November,3,2,Monday,18:19:00,18,25044167,A,"Injury of any type (Serious, Minor, Possible)",B,Suspected Minor Injury (B),1,1,0,4,Local,0.32,631,WEBSTER ST,WEBSTER ST,DIXWELL AVE,,,,,41.316779,-72.93337,10,Pedalcycle/Pedalcyclist,3,Angle,1,On Roadway,1,Clear,88,Not Applicable,6,Dark-Unknown Lighting,1,Dry,0,None,88,Not Applicable,88,Not Applicable,0,None,88,Not Applicable,88,Not Applicable,2,Intersection,2,Four-Way Intersection,1,No,1,No,88,Not Applicable,88,Not Applicable,88,Not Applicable,88,Not Applicable,TRUE,1,Public Road,1,"Trafficway, On Road",CT0009300,New Haven PD,46900,37:34.0,C,Closed,01:09.0,,,,,,,
1327913,1,Complete,1327913,1327913,41.323039,-72.93522,3812139,New Haven,93,93,New Haven,11/3/2025,2025,11,November,3,2,Monday,19:16:00,19,25044175,A,"Injury of any type (Serious, Minor, Possible)",C,Possible Injury (C),2,0,0,4,Local,0.71,152,DIXWELL AV,DIXWELL AV,,MUNSON ST,41,Feet,N,41.323039,-72.93522,14,Motor Vehicle in Operation,1,Front to rear,1,On Roadway,1,Clear,88,Not Applicable,6,Dark-Unknown Lighting,1,Dry,0,None,88,Not Applicable,88,Not Applicable,0,None,88,Not Applicable,88,Not Applicable,3,Intersection-Related,2,Four-Way Intersection,1,No,1,No,88,Not Applicable,88,Not Applicable,88,Not Applicable,88,Not Applicable,FALSE,1,Public Road,1,"Trafficway, On Road",CT0009300,New Haven PD,46900,30:20.0,C,Closed,01:09.0,,,,,,,
1327922,1,Complete,1327922,1327922,41.313238,-72.943838,3812148,New Haven,93,93,New Haven,11/3/2025,2025,11,November,3,2,Monday,13:59:00,13,25044471,A,"Injury of any type (Serious, Minor, Possible)",C,Possible Injury (C),2,0,0,4,Local,1.46,179,EDGEWOOD AV,EDGEWOOD AV,SHERMAN AV,,,,,41.313238,-72.943838,14,Motor Vehicle in Operation,3,Angle,1,On Roadway,2,Cloudy,88,Not Applicable,1,Daylight,1,Dry,0,None,88,Not Applicable,88,Not Applicable,0,None,88,Not Applicable,88,Not Applicable,2,Intersection,2,Four-Way Intersection,1,No,1,No,88,Not Applicable,88,Not Applicable,88,Not Applicable,88,Not Applicable,TRUE,1,Public Road,1,"Trafficway, On Road",CT0009300,New Haven PD,349,35:07.0,C,Closed,01:08.0,,,,,,,
1328211,1,Complete,1328211,1328211,41.328393,-72.935135,3812437,New Haven,93,93,New Haven,9/27/2025,2025,9,September,27,7,Saturday,12:21:00,12,25039533,A,"Injury of any type (Serious, Minor, Possible)",B,Suspected Minor Injury (B),1,1,0,4,Local,1.1,152,DIXWELL AV,DIXWELL AV,FORD ST,,,,,41.328393,-72.935135,11,Other Non-motorist,88,Not Applicable,1,On Roadway,1,Clear,88,Not Applicable,1,Daylight,1,Dry,0,None,88,Not Applicable,88,Not Applicable,0,None,88,Not Applicable,88,Not Applicable,2,Intersection,3,T-Intersection,1,No,1,No,88,Not Applicable,88,Not Applicable,88,Not Applicable,88,Not Applicable,FALSE,1,Public Road,1,"Trafficway, On Road",CT0009300,New Haven PD,42048,12:54.0,C,Closed,01:33.0,,,,,,,
1328215,1,Complete,1328215,1328215,41.286606,-72.936461,3812441,New Haven,93,93,New Haven,10/30/2025,2025,10,October,30,5,Thursday,7:10:00,7,25043986,A,"Injury of any type (Serious, Minor, Possible)",C,Possible Injury (C),2,0,0,3,State,0.49,10,10-N,10-N,,KIMBERLY AVE,100,Feet,N,41.286606,-72.936461,14,Motor Vehicle in Operation,3,Angle,1,On Roadway,4,Rain,88,Not Applicable,1,Daylight,2,Wet,0,None,88,Not Applicable,88,Not Applicable,0,None,88,Not Applicable,88,Not Applicable,9,Driveway Access-Related,1,Not at Intersection,1,No,1,No,88,Not Applicable,88,Not Applicable,88,Not Applicable,88,Not Applicable,FALSE,1,Public Road,1,"Trafficway, On Road",CT0009300,New Haven PD,45395,32:49.0,C,Closed,01:34.0,,,,,,,