CrashId,Fatal Case Status,Fatal Case Status Text Format,CrashId,CrashId,Latitude,Longitude,DOT Case Number,Town Name,Town Number,Town Number,Town Number Text Format,Date Of Crash,Year,Month,Month Text Format,Day,Day of the Week,Day of the Week Text Format,Time of Crash,Hour of the Day,Case Identifier,Crash Severity,Crash Severity Text Format,Most Severe Injury,Most Severe Injury Text Format,Number Of Motor Vehicles,Number Of Non-Motorist,Number Of Witnesses,Route Class,Route Class Text Format,Milemarker,Road Number,Road Description,Roadway Name,Intersecting Roadway Name,Landmark Description,Distance From Nearest Landmark,Unit Of Measure From Nearest Landmark,Direction From Nearest Landmark,Latitude,Longitude,First Harmful Event,First Harmful Event Text Format,Manner of Crash / Collision Impact,Manner of Crash / Collision Impact Text Format,Location of First Harmful Event,Location of First Harmful Event Text Format,Weather Condition,Weather Condition Text Format,Weather 2,Weather 2 Text Format,Light Condition,Light Condition Text Format,Road Surface Condition,Road Surface Condition Text Format,"Contributing Circumstances, Environment","Contributing Circumstances, Environment Text Format",Environment 2,Environment 2 Text Format,Environment 3,Environment 3 Text Format,"Contributing Circumstances, Road","Contributing Circumstances, Road Text Format",Road 2,Road 2 Text Format,Road 3,Road 3 Text Format,Crash Specific Location,Crash Specific Location Text Format,Type of Intersection,Type of Intersection Text Format,School Bus Related,School Bus Related Text Format,Work Zone Related,Work Zone Related Text Format,Location Of Crash Relative To Work Zone,Location Of Crash Relative To Work Zone Text Format,Type of Work Zone,Type of Work Zone Text Format,Worker Presence,Worker Presence Text Format,Law Enforcement Presence,Law Enforcement Presence Text Format,Were Vehicles Moved Prior To Police Arrival,Trafficway Ownership,Trafficway Ownership Text Format,Trafficway Class,Trafficway Class Text Format,Police Agency,Police Agency Text Format,Badge Number,Approval Date,Police Case Status,Police Case Status Text Format,Crash Report Submission Date,Related Case Identifiers,No. of Through Lanes (Log Dir.),Average Daily Traffic,Functional Classification,Functional Classification Text Format,Rural or Urban,Rural or Urban Text Format
1328218,1,Complete,1328218,1328218,41.302507,-72.938413,3812444,New Haven,93,93,New Haven,11/4/2025,2025,11,November,4,3,Tuesday,8:17:00,8,25044602,A,"Injury of any type (Serious, Minor, Possible)",C,Possible Injury (C),3,0,0,4,Local,0.13,622,WARD ST,WARD ST,DAVENPORT AVE,,,,,41.302507,-72.938413,14,Motor Vehicle in Operation,3,Angle,1,On Roadway,1,Clear,88,Not Applicable,1,Daylight,1,Dry,0,None,88,Not Applicable,88,Not Applicable,0,None,88,Not Applicable,88,Not Applicable,2,Intersection,2,Four-Way Intersection,1,No,1,No,88,Not Applicable,88,Not Applicable,88,Not Applicable,88,Not Applicable,FALSE,1,Public Road,1,"Trafficway, On Road",CT0009300,New Haven PD,44949,46:50.0,C,Closed,01:35.0,,,,,,,
1328221,1,Complete,1328221,1328221,41.332496,-72.935465,3812447,New Haven,93,93,New Haven,11/4/2025,2025,11,November,4,3,Tuesday,11:54:00,11,25044632,A,"Injury of any type (Serious, Minor, Possible)",C,Possible Injury (C),2,0,0,4,Local,0.2,42,BASSETT ST,BASSETT ST,,DIXWELL AVE,20,Feet,W,41.332496,-72.935465,14,Motor Vehicle in Operation,1,Front to rear,1,On Roadway,1,Clear,88,Not Applicable,1,Daylight,1,Dry,0,None,88,Not Applicable,88,Not Applicable,0,None,88,Not Applicable,88,Not Applicable,3,Intersection-Related,2,Four-Way Intersection,1,No,1,No,88,Not Applicable,88,Not Applicable,88,Not Applicable,88,Not Applicable,FALSE,1,Public Road,1,"Trafficway, On Road",CT0009300,New Haven PD,48507,01:50.0,C,Closed,01:36.0,,,,,,,
1328226,1,Complete,1328226,1328226,41.313237,-72.940379,3812452,New Haven,93,93,New Haven,11/4/2025,2025,11,November,4,3,Tuesday,17:07:00,17,25044673,A,"Injury of any type (Serious, Minor, Possible)",C,Possible Injury (C),2,0,0,4,Local,0.84,453,ORCHARD ST,ORCHARD ST,,Edgewood Avenue,295,Feet,N,41.313237,-72.940379,14,Motor Vehicle in Operation,3,Angle,1,On Roadway,1,Clear,88,Not Applicable,4,Dark-Lighted,1,Dry,0,None,88,Not Applicable,88,Not Applicable,0,None,88,Not Applicable,88,Not Applicable,9,Driveway Access-Related,1,Not at Intersection,1,No,1,No,88,Not Applicable,88,Not Applicable,88,Not Applicable,88,Not Applicable,FALSE,1,Public Road,1,"Trafficway, On Road",CT0009300,New Haven PD,44055,53:18.0,C,Closed,01:38.0,,,,,,,
1328627,1,Complete,1328627,1328627,41.2888117,-72.8925788,3812853,New Haven,93,93,New Haven,8/12/2025,2025,8,August,12,3,Tuesday,16:00:00,16,25032146,A,"Injury of any type (Serious, Minor, Possible)",C,Possible Injury (C),2,0,0,3,State,0.09,741,741-E,741-E,TOWNSEND AVE,,,,,41.2888117,-72.8925788,14,Motor Vehicle in Operation,3,Angle,1,On Roadway,1,Clear,88,Not Applicable,1,Daylight,1,Dry,0,None,88,Not Applicable,88,Not Applicable,0,None,88,Not Applicable,88,Not Applicable,2,Intersection,2,Four-Way Intersection,1,No,1,No,88,Not Applicable,88,Not Applicable,88,Not Applicable,88,Not Applicable,FALSE,1,Public Road,1,"Trafficway, On Road",CT0009300,New Haven PD,47741,31:07.0,C,Closed,01:01.0,,,,,,,
1328629,1,Complete,1328629,1328629,41.30428,-72.894958,3812855,New Haven,93,93,New Haven,9/19/2025,2025,9,September,19,6,Friday,19:38:00,19,25041843,A,"Injury of any type (Serious, Minor, Possible)",C,Possible Injury (C),2,0,0,4,Local,0.13,97,CHAPEL ST,CHAPEL ST,,FERRY ST,75,Feet,W,41.30428,-72.894958,14,Motor Vehicle in Operation,4,"Sideswipe, same direction",1,On Roadway,1,Clear,88,Not Applicable,4,Dark-Lighted,1,Dry,0,None,88,Not Applicable,88,Not Applicable,0,None,88,Not Applicable,88,Not Applicable,1,Non-Junction,1,Not at Intersection,1,No,1,No,88,Not Applicable,88,Not Applicable,88,Not Applicable,88,Not Applicable,FALSE,1,Public Road,1,"Trafficway, On Road",CT0009300,New Haven PD,42367,11:56.0,C,Closed,01:06.0,,,,,,,
1328632,1,Complete,1328632,1328632,41.318592,-72.902975,3812858,New Haven,93,93,New Haven,11/4/2025,2025,11,November,4,3,Tuesday,14:25:00,14,25044643,A,"Injury of any type (Serious, Minor, Possible)",C,Possible Injury (C),2,0,0,1,Interstate,0.32,91,91-N-141,91-N-141 (EXIT 6),WILLOW ST,,,,,41.318592,-72.902975,14,Motor Vehicle in Operation,1,Front to rear,1,On Roadway,1,Clear,88,Not Applicable,1,Daylight,1,Dry,0,None,88,Not Applicable,88,Not Applicable,0,None,88,Not Applicable,88,Not Applicable,2,Intersection,3,T-Intersection,1,No,1,No,88,Not Applicable,88,Not Applicable,88,Not Applicable,88,Not Applicable,TRUE,1,Public Road,1,"Trafficway, On Road",CT0009300,New Haven PD,48507,12:05.0,C,Closed,01:03.0,,,,,,,
1328635,1,Complete,1328635,1328635,41.285764,-72.893362,3812861,New Haven,93,93,New Haven,11/5/2025,2025,11,November,5,4,Wednesday,8:21:00,8,25044730,A,"Injury of any type (Serious, Minor, Possible)",C,Possible Injury (C),2,1,0,3,State,0.28,337,337-E,337-E,,FROST ST,85,Feet,S,41.285764,-72.893362,9,Pedestrian,4,"Sideswipe, same direction",2,Shoulder,1,Clear,88,Not Applicable,1,Daylight,1,Dry,0,None,88,Not Applicable,88,Not Applicable,0,None,88,Not Applicable,88,Not Applicable,1,Non-Junction,1,Not at Intersection,1,No,1,No,88,Not Applicable,88,Not Applicable,88,Not Applicable,88,Not Applicable,TRUE,1,Public Road,1,"Trafficway, On Road",CT0009300,New Haven PD,469,48:36.0,C,Closed,01:05.0,,,,,,,
1328638,1,Complete,1328638,1328638,41.304685,-72.926842,3812864,New Haven,93,93,New Haven,11/5/2025,2025,11,November,5,4,Wednesday,11:14:00,11,25044764,A,"Injury of any type (Serious, Minor, Possible)",C,Possible Injury (C),2,0,0,4,Local,0.19,103,CHURCH ST,CHURCH ST,,CROWN ST,35,Feet,S,41.304685,-72.926842,14,Motor Vehicle in Operation,3,Angle,1,On Roadway,1,Clear,88,Not Applicable,1,Daylight,1,Dry,0,None,88,Not Applicable,88,Not Applicable,3,Backup Due to Regular Congestion,10,Obstruction in Roadway,88,Not Applicable,3,Intersection-Related,2,Four-Way Intersection,1,No,1,No,88,Not Applicable,88,Not Applicable,88,Not Applicable,88,Not Applicable,TRUE,1,Public Road,1,"Trafficway, On Road",CT0009300,New Haven PD,40952,07:43.0,C,Closed,01:03.0,,,,,,,
1328641,1,Complete,1328641,1328641,41.30142,-72.92307,3812867,New Haven,93,93,New Haven,11/5/2025,2025,11,November,5,4,Wednesday,15:31:00,15,25044799,A,"Injury of any type (Serious, Minor, Possible)",C,Possible Injury (C),2,0,0,2,USRoute,48.32,1,1-N,1-N,UNION ST,,,,,41.30142,-72.92307,14,Motor Vehicle in Operation,1,Front to rear,1,On Roadway,1,Clear,88,Not Applicable,1,Daylight,1,Dry,0,None,88,Not Applicable,88,Not Applicable,0,None,88,Not Applicable,88,Not Applicable,1,Non-Junction,1,Not at Intersection,1,No,1,No,88,Not Applicable,88,Not Applicable,88,Not Applicable,88,Not Applicable,FALSE,1,Public Road,1,"Trafficway, On Road",CT0009300,New Haven PD,42048,32:42.0,C,Closed,01:06.0,,,,,,,
1328971,1,Complete,1328971,1328971,41.28451,-72.934795,3813197,New Haven,93,93,New Haven,10/27/2025,2025,10,October,27,2,Monday,13:57:00,13,25043618,A,"Injury of any type (Serious, Minor, Possible)",C,Possible Injury (C),2,0,0,3,State,0.31,10,10-N,10-N,95-S-366 (Exit 44 on ramp),,,,,41.28451,-72.934795,14,Motor Vehicle in Operation,3,Angle,1,On Roadway,1,Clear,1,Clear,1,Daylight,1,Dry,0,None,0,None,88,Not Applicable,0,None,88,Not Applicable,88,Not Applicable,2,Intersection,2,Four-Way Intersection,1,No,1,No,88,Not Applicable,88,Not Applicable,88,Not Applicable,88,Not Applicable,FALSE,1,Public Road,1,"Trafficway, On Road",CT0009300,New Haven PD,307,50:03.0,C,Closed,00:44.0,,,,,,,
1328978,1,Complete,1328978,1328978,41.317498,-72.944797,3813204,New Haven,93,93,New Haven,11/5/2025,2025,11,November,5,4,Wednesday,22:45:00,22,25044869,A,"Injury of any type (Serious, Minor, Possible)",C,Possible Injury (C),3,0,0,4,Local,0.24,653,WHALLEY AV,WHALLEY AV,,WINTHROP AVE,55,Feet,W,41.317498,-72.944797,14,Motor Vehicle in Operation,1,Front to rear,1,On Roadway,4,Rain,88,Not Applicable,4,Dark-Lighted,2,Wet,0,None,88,Not Applicable,88,Not Applicable,0,None,88,Not Applicable,88,Not Applicable,3,Intersection-Related,2,Four-Way Intersection,1,No,1,No,88,Not Applicable,88,Not Applicable,88,Not Applicable,88,Not Applicable,TRUE,1,Public Road,1,"Trafficway, On Road",CT0009300,New Haven PD,45403,36:39.0,O,Open,00:46.0,,,,,,,
1329427,1,Complete,1329427,1329427,41.332787,-72.935218,3813653,New Haven,93,93,New Haven,10/9/2025,2025,10,October,9,5,Thursday,7:58:00,7,25041180,A,"Injury of any type (Serious, Minor, Possible)",C,Possible Injury (C),5,0,0,4,Local,1.4,152,DIXWELL AV,DIXWELL AV,,BASSETT ST,95,Feet,N,41.332787,-72.935218,14,Motor Vehicle in Operation,1,Front to rear,1,On Roadway,1,Clear,88,Not Applicable,1,Daylight,1,Dry,0,None,88,Not Applicable,88,Not Applicable,0,None,88,Not Applicable,88,Not Applicable,3,Intersection-Related,2,Four-Way Intersection,1,No,1,No,88,Not Applicable,88,Not Applicable,88,Not Applicable,88,Not Applicable,FALSE,1,Public Road,1,"Trafficway, On Road",CT0009300,New Haven PD,87,04:46.0,C,Closed,01:12.0,,,,,,,
1329429,1,Complete,1329429,1329429,41.286587,-72.936053,3813655,New Haven,93,93,New Haven,10/11/2025,2025,10,October,11,7,Saturday,8:46:00,8,25041490,A,"Injury of any type (Serious, Minor, Possible)",C,Possible Injury (C),2,0,0,4,Local,0.41,339,KIMBERLY AV,KIMBERLY AV,,ELLA T GRASSO BLVD,62,Feet,N,41.286587,-72.936053,14,Motor Vehicle in Operation,1,Front to rear,1,On Roadway,1,Clear,88,Not Applicable,1,Daylight,1,Dry,0,None,88,Not Applicable,88,Not Applicable,0,None,88,Not Applicable,88,Not Applicable,3,Intersection-Related,2,Four-Way Intersection,1,No,1,No,88,Not Applicable,88,Not Applicable,88,Not Applicable,88,Not Applicable,FALSE,1,Public Road,1,"Trafficway, On Road",CT0009300,New Haven PD,47005,21:52.0,C,Closed,01:23.0,,,,,,,
1329439,1,Complete,1329439,1329439,41.300456,-72.938534,3813665,New Haven,93,93,New Haven,11/5/2025,2025,11,November,5,4,Wednesday,15:11:00,15,25044793,A,"Injury of any type (Serious, Minor, Possible)",A,Suspected Serious Injury (A),2,0,0,4,Local,0.51,123,CONGRESS AV,CONGRESS AV,,Hallock ST,55,Feet,E,41.300456,-72.938534,14,Motor Vehicle in Operation,1,Front to rear,1,On Roadway,1,Clear,88,Not Applicable,1,Daylight,1,Dry,0,None,88,Not Applicable,88,Not Applicable,0,None,88,Not Applicable,88,Not Applicable,3,Intersection-Related,3,T-Intersection,1,No,1,No,88,Not Applicable,88,Not Applicable,88,Not Applicable,88,Not Applicable,TRUE,1,Public Road,1,"Trafficway, On Road",CT0009300,New Haven PD,301,43:29.0,C,Closed,01:20.0,,,,,,,
1329443,1,Complete,1329443,1329443,41.30422,-72.92616,3813669,New Haven,93,93,New Haven,11/7/2025,2025,11,November,7,6,Friday,4:46:00,4,25045041,A,"Injury of any type (Serious, Minor, Possible)",C,Possible Injury (C),1,1,0,,,,,,CROWN ST,,CHURCH,10,Feet,W,41.30422,-72.92616,9,Pedestrian,88,Not Applicable,99,Unknown,1,Clear,88,Not Applicable,5,Dark-Not Lighted,1,Dry,0,None,88,Not Applicable,88,Not Applicable,0,None,88,Not Applicable,88,Not Applicable,97,Other,1,Not at Intersection,1,No,1,No,88,Not Applicable,88,Not Applicable,88,Not Applicable,88,Not Applicable,TRUE,88,Not Applicable,4,Parking Lot,CT0009300,New Haven PD,46174,06:31.0,C,Closed,01:17.0,,,,,,,
1329444,1,Complete,1329444,1329444,41.290987,-72.892145,3813670,New Haven,93,93,New Haven,11/7/2025,2025,11,November,7,6,Friday,8:40:00,8,25045056,A,"Injury of any type (Serious, Minor, Possible)",C,Possible Injury (C),2,0,0,4,Local,0.16,597,TOWNSEND AV,TOWNSEND AV,BURWELL ST,,,,,41.290987,-72.892145,14,Motor Vehicle in Operation,3,Angle,1,On Roadway,1,Clear,88,Not Applicable,1,Daylight,1,Dry,0,None,88,Not Applicable,88,Not Applicable,0,None,88,Not Applicable,88,Not Applicable,2,Intersection,3,T-Intersection,1,No,1,No,88,Not Applicable,88,Not Applicable,88,Not Applicable,88,Not Applicable,TRUE,1,Public Road,1,"Trafficway, On Road",CT0009300,New Haven PD,175,16:35.0,C,Closed,01:06.0,,,,,,,
1329451,1,Complete,1329451,1329451,41.311274,-72.931052,3813677,New Haven,93,93,New Haven,11/7/2025,2025,11,November,7,6,Friday,13:32:00,13,25045097,A,"Injury of any type (Serious, Minor, Possible)",C,Possible Injury (C),2,0,0,4,Local,1.09,653,WHALLEY AV,WHALLEY AV,,ELM ST,100,Feet,N,41.311274,-72.931052,14,Motor Vehicle in Operation,3,Angle,1,On Roadway,1,Clear,1,Clear,1,Daylight,1,Dry,0,None,88,Not Applicable,88,Not Applicable,0,None,88,Not Applicable,88,Not Applicable,3,Intersection-Related,3,T-Intersection,1,No,1,No,88,Not Applicable,88,Not Applicable,88,Not Applicable,88,Not Applicable,TRUE,1,Public Road,1,"Trafficway, On Road",CT0009300,New Haven PD,45132,49:24.0,C,Closed,01:16.0,,,,,,,
1329452,1,Complete,1329452,1329452,41.316752,-72.933262,3813678,New Haven,93,93,New Haven,11/7/2025,2025,11,November,7,6,Friday,17:22:00,17,25045117,A,"Injury of any type (Serious, Minor, Possible)",A,Suspected Serious Injury (A),1,1,0,4,Local,0.28,152,DIXWELL AV,DIXWELL AV,,WEBSTER ST,20,,S,41.316752,-72.933262,9,Pedestrian,88,Not Applicable,1,On Roadway,2,Cloudy,88,Not Applicable,4,Dark-Lighted,1,Dry,0,None,88,Not Applicable,88,Not Applicable,0,None,88,Not Applicable,88,Not Applicable,3,Intersection-Related,2,Four-Way Intersection,1,No,1,No,88,Not Applicable,88,Not Applicable,88,Not Applicable,88,Not Applicable,TRUE,1,Public Road,1,"Trafficway, On Road",CT0009300,New Haven PD,46622,31:51.0,C,Closed,01:08.0,,,,,,,
1329455,1,Complete,1329455,1329455,41.308872,-72.909841,3813681,New Haven,93,93,New Haven,11/7/2025,2025,11,November,7,6,Friday,21:03:00,21,25045147,A,"Injury of any type (Serious, Minor, Possible)",C,Possible Injury (C),2,0,0,4,Local,0.49,165,EAST ST,EAST ST,GRAND AV,,,,,41.308872,-72.909841,14,Motor Vehicle in Operation,3,Angle,1,On Roadway,4,Rain,1,Clear,4,Dark-Lighted,2,Wet,0,None,88,Not Applicable,88,Not Applicable,0,None,88,Not Applicable,88,Not Applicable,2,Intersection,2,Four-Way Intersection,1,No,1,No,88,Not Applicable,88,Not Applicable,88,Not Applicable,88,Not Applicable,FALSE,1,Public Road,1,"Trafficway, On Road",CT0009300,New Haven PD,44060,05:22.0,C,Closed,01:10.0,,,,,,,
1329458,1,Complete,1329458,1329458,41.30693,-72.896724,3813684,New Haven,93,93,New Haven,11/8/2025,2025,11,November,8,7,Saturday,10:33:00,10,25045197,A,"Injury of any type (Serious, Minor, Possible)",C,Possible Injury (C),2,0,0,4,Local,0.35,487,POPLAR ST,POPLAR ST,,EXCHANGE ST,140,Feet,S,41.30693,-72.896724,14,Motor Vehicle in Operation,4,"Sideswipe, same direction",1,On Roadway,1,Clear,88,Not Applicable,1,Daylight,1,Dry,0,None,88,Not Applicable,88,Not Applicable,0,None,88,Not Applicable,88,Not Applicable,1,Non-Junction,1,Not at Intersection,1,No,1,No,88,Not Applicable,88,Not Applicable,88,Not Applicable,88,Not Applicable,FALSE,1,Public Road,1,"Trafficway, On Road",CT0009300,New Haven PD,44060,40:56.0,C,Closed,01:13.0,,,,,,,
1329463,1,Complete,1329463,1329463,41.30599,-72.92581,3813689,New Haven,93,93,New Haven,11/8/2025,2025,11,November,8,7,Saturday,17:13:00,17,25045243,A,"Injury of any type (Serious, Minor, Possible)",C,Possible Injury (C),2,0,0,4,Local,0.3,103,CHURCH ST,CHURCH ST,CHAPEL ST,,,,,41.30599,-72.92581,14,Motor Vehicle in Operation,1,Front to rear,1,On Roadway,1,Clear,88,Not Applicable,4,Dark-Lighted,1,Dry,0,None,88,Not Applicable,88,Not Applicable,0,None,88,Not Applicable,88,Not Applicable,2,Intersection,2,Four-Way Intersection,1,No,1,No,88,Not Applicable,88,Not Applicable,88,Not Applicable,88,Not Applicable,FALSE,1,Public Road,1,"Trafficway, On Road",CT0009300,New Haven PD,44049,33:33.0,C,Closed,01:15.0,,,,,,,
1329464,1,Complete,1329464,1329464,41.324896,-72.956826,3813690,New Haven,93,93,New Haven,11/8/2025,2025,11,November,8,7,Saturday,16:11:00,16,25045251,A,"Injury of any type (Serious, Minor, Possible)",C,Possible Injury (C),2,0,0,3,State,3.59,10,10-N,10-N,,FITCH ST,35,Feet,E,41.324896,-72.956826,14,Motor Vehicle in Operation,3,Angle,1,On Roadway,1,Clear,88,Not Applicable,1,Daylight,1,Dry,0,None,88,Not Applicable,88,Not Applicable,0,None,88,Not Applicable,88,Not Applicable,9,Driveway Access-Related,1,Not at Intersection,1,No,1,No,88,Not Applicable,88,Not Applicable,88,Not Applicable,88,Not Applicable,TRUE,1,Public Road,1,"Trafficway, On Road",CT0009300,New Haven PD,46900,31:18.0,C,Closed,01:16.0,,,,,,,
1329470,1,Complete,1329470,1329470,41.304788,-72.894546,3813696,New Haven,93,93,New Haven,11/9/2025,2025,11,November,9,1,Sunday,5:23:00,5,25045305,A,"Injury of any type (Serious, Minor, Possible)",B,Suspected Minor Injury (B),2,0,1,4,Local,1.06,213,FERRY ST,FERRY ST,SANFORD ST,,,,,41.304788,-72.894546,14,Motor Vehicle in Operation,3,Angle,1,On Roadway,1,Clear,88,Not Applicable,5,Dark-Not Lighted,1,Dry,0,None,88,Not Applicable,88,Not Applicable,0,None,88,Not Applicable,88,Not Applicable,2,Intersection,3,T-Intersection,1,No,1,No,88,Not Applicable,88,Not Applicable,88,Not Applicable,88,Not Applicable,FALSE,1,Public Road,1,"Trafficway, On Road",CT0009300,New Haven PD,45626,19:42.0,C,Closed,01:19.0,,,,,,,
1329471,1,Complete,1329471,1329471,41.320879,-72.934366,3813697,New Haven,93,93,New Haven,11/9/2025,2025,11,November,9,1,Sunday,11:10:00,11,25045322,A,"Injury of any type (Serious, Minor, Possible)",C,Possible Injury (C),2,0,0,4,Local,0.56,152,DIXWELL AV,DIXWELL AV,HENRY ST,,,,,41.320879,-72.934366,14,Motor Vehicle in Operation,3,Angle,1,On Roadway,1,Clear,88,Not Applicable,1,Daylight,1,Dry,0,None,88,Not Applicable,88,Not Applicable,0,None,88,Not Applicable,88,Not Applicable,2,Intersection,2,Four-Way Intersection,1,No,1,No,88,Not Applicable,88,Not Applicable,88,Not Applicable,88,Not Applicable,FALSE,1,Public Road,1,"Trafficway, On Road",CT0009300,New Haven PD,991,13:45.0,C,Closed,01:22.0,,,,,,,
1330478,1,Complete,1330478,1330478,41.315926,-72.872865,3814704,New Haven,93,93,New Haven,10/27/2025,2025,10,October,27,2,Monday,14:15:00,14,25043620,A,"Injury of any type (Serious, Minor, Possible)",C,Possible Injury (C),2,0,0,4,Local,0.64,167,EASTERN ST,EASTERN ST,,HEMINGWAY ST ,480,Feet,N,41.315926,-72.872865,14,Motor Vehicle in Operation,1,Front to rear,1,On Roadway,1,Clear,88,Not Applicable,1,Daylight,1,Dry,0,None,88,Not Applicable,88,Not Applicable,0,None,88,Not Applicable,88,Not Applicable,9,Driveway Access-Related,1,Not at Intersection,1,No,1,No,88,Not Applicable,88,Not Applicable,88,Not Applicable,88,Not Applicable,FALSE,1,Public Road,1,"Trafficway, On Road",CT0009300,New Haven PD,813,57:17.0,C,Closed,00:13.0,,,,,,,
1330481,1,Complete,1330481,1330481,41.285471,-72.93667,3814707,New Haven,93,93,New Haven,10/31/2025,2025,10,October,31,6,Friday,1:05:00,1,25044097,A,"Injury of any type (Serious, Minor, Possible)",C,Possible Injury (C),1,1,1,3,State,1.15,745,745-E,745-E,,ELLA T GRASSO BLVD,330,Feet,S,41.285471,-72.93667,9,Pedestrian,88,Not Applicable,1,On Roadway,4,Rain,88,Not Applicable,4,Dark-Lighted,2,Wet,0,None,88,Not Applicable,88,Not Applicable,0,None,88,Not Applicable,88,Not Applicable,9,Driveway Access-Related,1,Not at Intersection,1,No,1,No,88,Not Applicable,88,Not Applicable,88,Not Applicable,88,Not Applicable,FALSE,1,Public Road,1,"Trafficway, On Road",CT0009300,New Haven PD,44953,16:19.0,C,Closed,00:18.0,,,,,,,
1330483,1,Complete,1330483,1330483,41.322221,-72.953371,3814709,New Haven,93,93,New Haven,11/3/2025,2025,11,November,3,2,Monday,16:30:00,16,25044488,A,"Injury of any type (Serious, Minor, Possible)",C,Possible Injury (C),2,0,0,3,State,3.35,10,10-N,10-N,OSBORN AVE,,,,,41.322221,-72.953371,14,Motor Vehicle in Operation,3,Angle,1,On Roadway,1,Clear,88,Not Applicable,4,Dark-Lighted,1,Dry,99,Unknown,88,Not Applicable,88,Not Applicable,0,None,88,Not Applicable,88,Not Applicable,2,Intersection,3,T-Intersection,1,No,1,No,88,Not Applicable,88,Not Applicable,88,Not Applicable,88,Not Applicable,FALSE,1,Public Road,1,"Trafficway, On Road",CT0009300,New Haven PD,45398,25:21.0,C,Closed,00:19.0,,,,,,,
1330485,1,Complete,1330485,1330485,41.318575,-72.947944,3814711,New Haven,93,93,New Haven,11/5/2025,2025,11,November,5,4,Wednesday,13:06:00,13,25044781,A,"Injury of any type (Serious, Minor, Possible)",C,Possible Injury (C),2,0,0,4,Local,0.06,653,WHALLEY AV,WHALLEY AV,,,,,,41.318575,-72.947944,14,Motor Vehicle in Operation,1,Front to rear,1,On Roadway,2,Cloudy,2,Cloudy,1,Daylight,1,Dry,0,None,88,Not Applicable,88,Not Applicable,0,None,88,Not Applicable,88,Not Applicable,2,Intersection,2,Four-Way Intersection,1,No,1,No,88,Not Applicable,88,Not Applicable,88,Not Applicable,88,Not Applicable,FALSE,1,Public Road,1,"Trafficway, On Road",CT0009300,New Haven PD,44062,14:54.0,C,Closed,00:08.0,,,,,,,
1330491,1,Complete,1330491,1330491,41.321198,-72.905817,3814717,New Haven,93,93,New Haven,11/10/2025,2025,11,November,10,2,Monday,9:00:00,9,25045420,A,"Injury of any type (Serious, Minor, Possible)",C,Possible Injury (C),2,0,0,4,Local,0.1,418,MITCHELL DR,MITCHELL DR,,Willow ST,465,Feet,N,41.321198,-72.905817,14,Motor Vehicle in Operation,1,Front to rear,1,On Roadway,4,Rain,88,Not Applicable,1,Daylight,2,Wet,0,None,88,Not Applicable,88,Not Applicable,0,None,88,Not Applicable,88,Not Applicable,9,Driveway Access-Related,1,Not at Intersection,1,No,1,No,88,Not Applicable,88,Not Applicable,88,Not Applicable,88,Not Applicable,FALSE,1,Public Road,1,"Trafficway, On Road",CT0009300,New Haven PD,48507,37:19.0,C,Closed,02:07.0,,,,,,,
1330492,1,Complete,1330492,1330492,41.31107,-72.903551,3814718,New Haven,93,93,New Haven,11/10/2025,2025,11,November,10,2,Monday,8:31:00,8,25045421,A,"Injury of any type (Serious, Minor, Possible)",C,Possible Injury (C),2,0,0,4,Local,0.37,327,JAMES ST,JAMES ST,MARKET ST,,,,,41.31107,-72.903551,14,Motor Vehicle in Operation,3,Angle,1,On Roadway,2,Cloudy,88,Not Applicable,1,Daylight,2,Wet,0,None,88,Not Applicable,88,Not Applicable,0,None,88,Not Applicable,88,Not Applicable,2,Intersection,2,Four-Way Intersection,1,No,1,No,88,Not Applicable,88,Not Applicable,88,Not Applicable,88,Not Applicable,TRUE,1,Public Road,1,"Trafficway, On Road",CT0009300,New Haven PD,980,41:55.0,C,Closed,00:16.0,,,,,,,
1330493,1,Complete,1330493,1330493,41.332073,-72.9744,3814719,New Haven,93,93,New Haven,11/10/2025,2025,11,November,10,2,Monday,9:13:00,9,25045430,A,"Injury of any type (Serious, Minor, Possible)",C,Possible Injury (C),1,1,0,3,State,1.07,63,63-N,63-N,,anthony st ,60,Feet,W,41.332073,-72.9744,9,Pedestrian,88,Not Applicable,1,On Roadway,2,Cloudy,88,Not Applicable,1,Daylight,2,Wet,0,None,88,Not Applicable,88,Not Applicable,0,None,88,Not Applicable,88,Not Applicable,9,Driveway Access-Related,1,Not at Intersection,1,No,1,No,88,Not Applicable,88,Not Applicable,88,Not Applicable,88,Not Applicable,FALSE,1,Public Road,1,"Trafficway, On Road",CT0009300,New Haven PD,45389,03:34.0,C,Closed,00:15.0,,,,,,,
1330497,1,Complete,1330497,1330497,41.315553,-72.939215,3814723,New Haven,93,93,New Haven,11/10/2025,2025,11,November,10,2,Monday,20:42:00,20,25045568,A,"Injury of any type (Serious, Minor, Possible)",B,Suspected Minor Injury (B),2,0,1,4,Local,0.56,653,WHALLEY AV,WHALLEY AV,ORCHARD ST,,,,,41.315553,-72.939215,14,Motor Vehicle in Operation,3,Angle,1,On Roadway,4,Rain,88,Not Applicable,4,Dark-Lighted,2,Wet,0,None,88,Not Applicable,88,Not Applicable,0,None,88,Not Applicable,88,Not Applicable,2,Intersection,2,Four-Way Intersection,1,No,1,No,88,Not Applicable,88,Not Applicable,88,Not Applicable,88,Not Applicable,TRUE,1,Public Road,1,"Trafficway, On Road",CT0009300,New Haven PD,44048,52:11.0,O,Open,00:17.0,,,,,,,