CrashId,Fatal Case Status,Fatal Case Status Text Format,CrashId,CrashId,Latitude,Longitude,DOT Case Number,Town Name,Town Number,Town Number,Town Number Text Format,Date Of Crash,Year,Month,Month Text Format,Day,Day of the Week,Day of the Week Text Format,Time of Crash,Hour of the Day,Case Identifier,Crash Severity,Crash Severity Text Format,Most Severe Injury,Most Severe Injury Text Format,Number Of Motor Vehicles,Number Of Non-Motorist,Number Of Witnesses,Route Class,Route Class Text Format,Milemarker,Road Number,Road Description,Roadway Name,Intersecting Roadway Name,Landmark Description,Distance From Nearest Landmark,Unit Of Measure From Nearest Landmark,Direction From Nearest Landmark,Latitude,Longitude,First Harmful Event,First Harmful Event Text Format,Manner of Crash / Collision Impact,Manner of Crash / Collision Impact Text Format,Location of First Harmful Event,Location of First Harmful Event Text Format,Weather Condition,Weather Condition Text Format,Weather 2,Weather 2 Text Format,Light Condition,Light Condition Text Format,Road Surface Condition,Road Surface Condition Text Format,"Contributing Circumstances, Environment","Contributing Circumstances, Environment Text Format",Environment 2,Environment 2 Text Format,Environment 3,Environment 3 Text Format,"Contributing Circumstances, Road","Contributing Circumstances, Road Text Format",Road 2,Road 2 Text Format,Road 3,Road 3 Text Format,Crash Specific Location,Crash Specific Location Text Format,Type of Intersection,Type of Intersection Text Format,School Bus Related,School Bus Related Text Format,Work Zone Related,Work Zone Related Text Format,Location Of Crash Relative To Work Zone,Location Of Crash Relative To Work Zone Text Format,Type of Work Zone,Type of Work Zone Text Format,Worker Presence,Worker Presence Text Format,Law Enforcement Presence,Law Enforcement Presence Text Format,Were Vehicles Moved Prior To Police Arrival,Trafficway Ownership,Trafficway Ownership Text Format,Trafficway Class,Trafficway Class Text Format,Police Agency,Police Agency Text Format,Badge Number,Approval Date,Police Case Status,Police Case Status Text Format,Crash Report Submission Date,Related Case Identifiers,No. of Through Lanes (Log Dir.),Average Daily Traffic,Functional Classification,Functional Classification Text Format,Rural or Urban,Rural or Urban Text Format
1330502,1,Complete,1330502,1330502,41.308928,-72.889107,3814728,New Haven,93,93,New Haven,11/11/2025,2025,11,November,11,3,Tuesday,12:43:00,12,25045645,A,"Injury of any type (Serious, Minor, Possible)",C,Possible Injury (C),2,0,0,4,Local,0.93,240,FRONT ST,FRONT ST,,GRAND AVE,75,TenthsofMile,S,41.308928,-72.889107,14,Motor Vehicle in Operation,3,Angle,1,On Roadway,1,Clear,88,Not Applicable,1,Daylight,1,Dry,0,None,88,Not Applicable,88,Not Applicable,0,None,88,Not Applicable,88,Not Applicable,9,Driveway Access-Related,1,Not at Intersection,1,No,1,No,88,Not Applicable,88,Not Applicable,88,Not Applicable,88,Not Applicable,FALSE,1,Public Road,1,"Trafficway, On Road",CT0009300,New Haven PD,47745,29:33.0,C,Closed,02:07.0,,,,,,,
1330503,1,Complete,1330503,1330503,41.334323,-72.94754,3814729,New Haven,93,93,New Haven,11/11/2025,2025,11,November,11,3,Tuesday,13:19:00,13,25045648,A,"Injury of any type (Serious, Minor, Possible)",C,Possible Injury (C),2,0,0,4,Local,0.01,403,PINE ROCK AV,PINE ROCK AV,FITCH ST,,,,,41.334323,-72.94754,14,Motor Vehicle in Operation,1,Front to rear,1,On Roadway,1,Clear,88,Not Applicable,1,Daylight,1,Dry,0,None,88,Not Applicable,88,Not Applicable,0,None,88,Not Applicable,88,Not Applicable,2,Intersection,3,T-Intersection,1,No,1,No,88,Not Applicable,88,Not Applicable,88,Not Applicable,88,Not Applicable,TRUE,1,Public Road,1,"Trafficway, On Road",CT0009300,New Haven PD,503,23:38.0,C,Closed,02:08.0,,,,,,,
1330507,1,Complete,1330507,1330507,41.32753,-72.91508,3814733,New Haven,93,93,New Haven,11/11/2025,2025,11,November,11,3,Tuesday,18:21:00,18,25045706,A,"Injury of any type (Serious, Minor, Possible)",C,Possible Injury (C),2,0,0,4,Local,1.25,656,WHITNEY AV,WHITNEY AV,,HIGHLAND ST,200,Feet,S,41.32753,-72.91508,14,Motor Vehicle in Operation,4,"Sideswipe, same direction",1,On Roadway,1,Clear,88,Not Applicable,4,Dark-Lighted,1,Dry,0,None,88,Not Applicable,88,Not Applicable,0,None,88,Not Applicable,88,Not Applicable,1,Non-Junction,1,Not at Intersection,1,No,1,No,88,Not Applicable,88,Not Applicable,88,Not Applicable,88,Not Applicable,FALSE,1,Public Road,1,"Trafficway, On Road",CT0009300,New Haven PD,40085,40:49.0,O,Open,02:10.0,,,,,,,
1330833,1,Complete,1330833,1330833,41.337524,-72.979456,3815059,New Haven,93,93,New Haven,10/23/2025,2025,10,October,23,5,Thursday,13:24:00,13,25043148,A,"Injury of any type (Serious, Minor, Possible)",C,Possible Injury (C),2,0,0,3,State,1.54,63,63-N,63-N,,15-S-113,215,Feet,S,41.337524,-72.979456,14,Motor Vehicle in Operation,3,Angle,1,On Roadway,1,Clear,88,Not Applicable,1,Daylight,1,Dry,0,None,88,Not Applicable,88,Not Applicable,8,Work Zone (construction / maintenance / utility),88,Not Applicable,88,Not Applicable,9,Driveway Access-Related,1,Not at Intersection,1,No,2,Yes,99,Unknown,99,Unknown,2,Yes,99,Unknown,FALSE,1,Public Road,1,"Trafficway, On Road",CT0009300,New Haven PD,19532,28:33.0,C,Closed,00:11.0,,,,,,,
1331165,1,Complete,1331165,1331165,41.31489,-72.945696,3815391,New Haven,93,93,New Haven,11/13/2025,2025,11,November,13,5,Thursday,13:06:00,13,25045969,A,"Injury of any type (Serious, Minor, Possible)",C,Possible Injury (C),2,0,0,4,Local,0.12,393,MAPLE ST,MAPLE ST,WINTHROP AV NO 2,,,,,41.31489,-72.945696,14,Motor Vehicle in Operation,3,Angle,1,On Roadway,1,Clear,88,Not Applicable,1,Daylight,1,Dry,0,None,88,Not Applicable,88,Not Applicable,0,None,88,Not Applicable,88,Not Applicable,2,Intersection,2,Four-Way Intersection,1,No,1,No,88,Not Applicable,88,Not Applicable,88,Not Applicable,88,Not Applicable,FALSE,1,Public Road,1,"Trafficway, On Road",CT0009300,New Haven PD,44055,30:48.0,C,Closed,01:45.0,,,,,,,
1331166,1,Complete,1331166,1331166,41.334143,-72.9476,3815392,New Haven,93,93,New Haven,11/13/2025,2025,11,November,13,5,Thursday,16:48:00,16,25045995,A,"Injury of any type (Serious, Minor, Possible)",C,Possible Injury (C),2,0,0,3,State,4.43,10,10-N,10-N,,pine rock ave ,30,Feet,W,41.334143,-72.9476,14,Motor Vehicle in Operation,1,Front to rear,1,On Roadway,1,Clear,88,Not Applicable,1,Daylight,1,Dry,0,None,88,Not Applicable,88,Not Applicable,0,None,88,Not Applicable,88,Not Applicable,3,Intersection-Related,2,Four-Way Intersection,1,No,1,No,88,Not Applicable,88,Not Applicable,88,Not Applicable,88,Not Applicable,FALSE,1,Public Road,1,"Trafficway, On Road",CT0009300,New Haven PD,45397,39:22.0,O,Open,01:44.0,,,,,,,
1331283,1,Complete,1331283,1331283,41.319402,-72.91894,3815509,New Haven,93,93,New Haven,7/21/2024,2024,7,July,21,1,Sunday,11:12:00,11,24019279,A,"Injury of any type (Serious, Minor, Possible)",A,Suspected Serious Injury (A),3,0,1,4,Local,0.65,656,WHITNEY AV,WHITNEY AV,,EDWARDS ST,60,Feet,S,41.319402,-72.91894,14,Motor Vehicle in Operation,4,"Sideswipe, same direction",1,On Roadway,1,Clear,88,Not Applicable,1,Daylight,1,Dry,0,None,88,Not Applicable,88,Not Applicable,0,None,88,Not Applicable,88,Not Applicable,1,Non-Junction,1,Not at Intersection,1,No,1,No,88,Not Applicable,88,Not Applicable,88,Not Applicable,88,Not Applicable,FALSE,1,Public Road,1,"Trafficway, On Road",CT0009300,New Haven PD,42049,55:19.0,C,Closed,39:58.0,,,,,,,
1331285,1,Complete,1331285,1331285,41.30915518,-72.89367371,3815511,New Haven,93,93,New Haven,7/21/2024,2024,7,July,21,1,Sunday,15:46:00,15,24024107,A,"Injury of any type (Serious, Minor, Possible)",C,Possible Injury (C),1,1,0,4,Local,0.41,264,GRAND AV,GRAND AV,,BRIGHT STREET,170,Feet,E,41.30915518,-72.89367371,9,Pedestrian,88,Not Applicable,1,On Roadway,1,Clear,88,Not Applicable,1,Daylight,1,Dry,0,None,88,Not Applicable,88,Not Applicable,0,None,88,Not Applicable,88,Not Applicable,1,Non-Junction,1,Not at Intersection,1,No,1,No,88,Not Applicable,88,Not Applicable,88,Not Applicable,88,Not Applicable,FALSE,1,Public Road,1,"Trafficway, On Road",CT0009300,New Haven PD,42057,30:55.0,C,Closed,41:58.0,,,,,,,
1331288,1,Complete,1331288,1331288,41.316269,-72.928995,3815514,New Haven,93,93,New Haven,7/26/2024,2024,7,July,26,6,Friday,16:07:00,16,24025770,A,"Injury of any type (Serious, Minor, Possible)",C,Possible Injury (C),2,0,0,4,Local,0.22,67,BRISTOL ST,BRISTOL ST,,ASHMUN ST,40,Feet,E,41.316269,-72.928995,14,Motor Vehicle in Operation,1,Front to rear,1,On Roadway,1,Clear,88,Not Applicable,1,Daylight,1,Dry,0,None,88,Not Applicable,88,Not Applicable,0,None,88,Not Applicable,88,Not Applicable,1,Non-Junction,1,Not at Intersection,1,No,1,No,88,Not Applicable,88,Not Applicable,88,Not Applicable,88,Not Applicable,FALSE,1,Public Road,1,"Trafficway, On Road",CT0009300,New Haven PD,45699,45:19.0,C,Closed,39:06.0,,,,,,,
1331293,1,Complete,1331293,1331293,41.319078,-72.91406,3815519,New Haven,93,93,New Haven,7/1/2024,2024,7,July,1,2,Monday,12:50:00,12,24026631,A,"Injury of any type (Serious, Minor, Possible)",C,Possible Injury (C),2,0,0,4,Local,0.64,450,ORANGE ST NO 1,ORANGE ST NO 1,LAWRENCE ST NO 1,,,,,41.319078,-72.91406,14,Motor Vehicle in Operation,3,Angle,1,On Roadway,1,Clear,88,Not Applicable,1,Daylight,1,Dry,0,None,88,Not Applicable,88,Not Applicable,0,None,88,Not Applicable,88,Not Applicable,2,Intersection,2,Four-Way Intersection,1,No,1,No,88,Not Applicable,88,Not Applicable,88,Not Applicable,88,Not Applicable,FALSE,1,Public Road,1,"Trafficway, On Road",CT0009300,New Haven PD,87,13:59.0,C,Closed,38:11.0,,,,,,,
1331297,1,Complete,1331297,1331297,41.295976,-72.886851,3815523,New Haven,93,93,New Haven,7/1/2024,2024,7,July,1,2,Monday,21:30:00,21,24026715,A,"Injury of any type (Serious, Minor, Possible)",B,Suspected Minor Injury (B),1,0,0,4,Local,0.23,625,WARWICK ST,WARWICK ST,,Russell St,500,Feet,S,41.295976,-72.886851,6,Fell/Jumped from Vehicle,88,Not Applicable,1,On Roadway,1,Clear,88,Not Applicable,5,Dark-Not Lighted,1,Dry,0,None,88,Not Applicable,88,Not Applicable,0,None,88,Not Applicable,88,Not Applicable,1,Non-Junction,1,Not at Intersection,1,No,1,No,88,Not Applicable,88,Not Applicable,88,Not Applicable,88,Not Applicable,FALSE,1,Public Road,1,"Trafficway, On Road",CT0009300,New Haven PD,45983,10:15.0,C,Closed,38:24.0,,,,,,,
1331298,1,Complete,1331298,1331298,41.289107,-72.894574,3815524,New Haven,93,93,New Haven,7/1/2024,2024,7,July,1,2,Monday,23:46:00,23,24026726,A,"Injury of any type (Serious, Minor, Possible)",B,Suspected Minor Injury (B),2,0,1,1,Interstate,0,95,95-S-347,95-S-347,WOODWARD AV,,,,,41.289107,-72.894574,14,Motor Vehicle in Operation,3,Angle,1,On Roadway,1,Clear,88,Not Applicable,4,Dark-Lighted,1,Dry,0,None,88,Not Applicable,88,Not Applicable,0,None,88,Not Applicable,88,Not Applicable,2,Intersection,2,Four-Way Intersection,1,No,1,No,88,Not Applicable,88,Not Applicable,88,Not Applicable,88,Not Applicable,FALSE,1,Public Road,1,"Trafficway, On Road",CT0009300,New Haven PD,44947,16:45.0,O,Open,40:06.0,,,,,,,
1331300,1,Complete,1331300,1331300,41.294307,-72.893239,3815526,New Haven,93,93,New Haven,7/2/2024,2024,7,July,2,3,Tuesday,1:46:00,1,24026736,A,"Injury of any type (Serious, Minor, Possible)",A,Suspected Serious Injury (A),1,0,0,4,Local,0.49,207,FAIRMONT AV,FAIRMONT AV,,Chamberlain St,110,Feet,S,41.294307,-72.893239,33,Utility Pole/Light Support,88,Not Applicable,1,On Roadway,1,Clear,88,Not Applicable,4,Dark-Lighted,1,Dry,99,Unknown,88,Not Applicable,88,Not Applicable,99,Unknown,88,Not Applicable,88,Not Applicable,1,Non-Junction,1,Not at Intersection,1,No,1,No,88,Not Applicable,88,Not Applicable,88,Not Applicable,88,Not Applicable,FALSE,1,Public Road,1,"Trafficway, On Road",CT0009300,New Haven PD,46617,55:35.0,O,Open,39:18.0,,,,,,,
1331301,1,Complete,1331301,1331301,41.319916,-72.933514,3815527,New Haven,93,93,New Haven,7/2/2024,2024,7,July,2,3,Tuesday,13:04:00,13,24026776,A,"Injury of any type (Serious, Minor, Possible)",C,Possible Injury (C),2,0,0,4,Local,0.03,3,ADMIRAL ST,ADMIRAL ST,,DIXWELL AVE,150,Feet,E,41.319916,-72.933514,14,Motor Vehicle in Operation,4,"Sideswipe, same direction",1,On Roadway,1,Clear,88,Not Applicable,1,Daylight,1,Dry,0,None,88,Not Applicable,88,Not Applicable,0,None,88,Not Applicable,88,Not Applicable,1,Non-Junction,1,Not at Intersection,1,No,1,No,88,Not Applicable,88,Not Applicable,88,Not Applicable,88,Not Applicable,FALSE,1,Public Road,1,"Trafficway, On Road",CT0009300,New Haven PD,44947,54:26.0,C,Closed,40:23.0,,,,,,,
1331304,1,Complete,1331304,1331304,41.320987,-72.874675,3815530,New Haven,93,93,New Haven,7/2/2024,2024,7,July,2,3,Tuesday,12:26:00,12,24026817,A,"Injury of any type (Serious, Minor, Possible)",B,Suspected Minor Injury (B),2,0,0,3,State,0.4,80,80-E,80-E,,QUINNIPIAC AVE,130,Feet,W,41.320987,-72.874675,14,Motor Vehicle in Operation,3,Angle,1,On Roadway,1,Clear,88,Not Applicable,1,Daylight,1,Dry,0,None,88,Not Applicable,88,Not Applicable,0,None,88,Not Applicable,88,Not Applicable,9,Driveway Access-Related,1,Not at Intersection,1,No,1,No,88,Not Applicable,88,Not Applicable,88,Not Applicable,88,Not Applicable,FALSE,1,Public Road,1,"Trafficway, On Road",CT0009300,New Haven PD,46173,32:51.0,C,Closed,41:14.0,,,,,,,
1331309,1,Complete,1331309,1331309,41.306892,-72.937026,3815535,New Haven,93,93,New Haven,7/2/2024,2024,7,July,2,3,Tuesday,17:58:00,17,24026860,A,"Injury of any type (Serious, Minor, Possible)",C,Possible Injury (C),2,0,0,4,Local,0.73,809,REV DR MLK JR BLVD,REV DR MLK JR BLVD,,HOWE ST,45,Feet,E,41.306892,-72.937026,14,Motor Vehicle in Operation,1,Front to rear,1,On Roadway,1,Clear,88,Not Applicable,1,Daylight,1,Dry,0,None,88,Not Applicable,88,Not Applicable,0,None,88,Not Applicable,88,Not Applicable,3,Intersection-Related,2,Four-Way Intersection,1,No,1,No,88,Not Applicable,88,Not Applicable,88,Not Applicable,88,Not Applicable,FALSE,1,Public Road,1,"Trafficway, On Road",CT0009300,New Haven PD,45397,01:26.0,C,Closed,40:54.0,,,,,,,
1331313,1,Complete,1331313,1331313,41.317498,-72.9014,3815539,New Haven,93,93,New Haven,7/3/2024,2024,7,July,3,4,Wednesday,6:50:00,6,24026914,A,"Injury of any type (Serious, Minor, Possible)",C,Possible Injury (C),2,0,0,2,USRoute,0.17,5,5-N,5-N,BLATCHLEY AVE,,,,,41.317498,-72.9014,14,Motor Vehicle in Operation,3,Angle,1,On Roadway,1,Clear,88,Not Applicable,1,Daylight,1,Dry,0,None,88,Not Applicable,88,Not Applicable,0,None,88,Not Applicable,88,Not Applicable,2,Intersection,2,Four-Way Intersection,1,No,1,No,88,Not Applicable,88,Not Applicable,88,Not Applicable,88,Not Applicable,FALSE,1,Public Road,1,"Trafficway, On Road",CT0009300,New Haven PD,34591,27:14.0,C,Closed,40:58.0,,,,,,,
1331314,1,Complete,1331314,1331314,41.302632,-72.938187,3815540,New Haven,93,93,New Haven,7/3/2024,2024,7,July,3,4,Wednesday,10:42:00,10,24026934,A,"Injury of any type (Serious, Minor, Possible)",C,Possible Injury (C),4,0,0,4,Local,0.61,141,DAVENPORT AV,DAVENPORT AV,,WARD ST,60,Feet,E,41.302632,-72.938187,14,Motor Vehicle in Operation,1,Front to rear,1,On Roadway,1,Clear,88,Not Applicable,1,Daylight,1,Dry,0,None,88,Not Applicable,88,Not Applicable,0,None,88,Not Applicable,88,Not Applicable,3,Intersection-Related,2,Four-Way Intersection,1,No,1,No,88,Not Applicable,88,Not Applicable,88,Not Applicable,88,Not Applicable,TRUE,1,Public Road,1,"Trafficway, On Road",CT0009300,New Haven PD,301,11:06.0,O,Open,37:04.0,,,,,,,
1331316,1,Complete,1331316,1331316,41.311345,-72.94436,3815542,New Haven,93,93,New Haven,7/3/2024,2024,7,July,3,4,Wednesday,15:02:00,15,24026960,A,"Injury of any type (Serious, Minor, Possible)",B,Suspected Minor Injury (B),1,1,0,4,Local,2.81,97,CHAPEL ST,CHAPEL ST,,SHERMAN AVENUE,20,Feet,E,41.311345,-72.94436,9,Pedestrian,88,Not Applicable,1,On Roadway,1,Clear,88,Not Applicable,1,Daylight,1,Dry,0,None,88,Not Applicable,88,Not Applicable,0,None,88,Not Applicable,88,Not Applicable,3,Intersection-Related,2,Four-Way Intersection,1,No,1,No,88,Not Applicable,88,Not Applicable,88,Not Applicable,88,Not Applicable,TRUE,1,Public Road,1,"Trafficway, On Road",CT0009300,New Haven PD,46619,49:25.0,C,Closed,41:17.0,,,,,,,
1331317,1,Complete,1331317,1331317,41.309109,-72.879361,3815543,New Haven,93,93,New Haven,7/3/2024,2024,7,July,3,4,Wednesday,15:26:00,15,24026969,A,"Injury of any type (Serious, Minor, Possible)",C,Possible Injury (C),2,0,0,4,Local,0.3,112,CLIFTON ST,CLIFTON ST,,FIRST AVE,145,Feet,W,41.309109,-72.879361,14,Motor Vehicle in Operation,3,Angle,1,On Roadway,1,Clear,88,Not Applicable,1,Daylight,1,Dry,0,None,88,Not Applicable,88,Not Applicable,0,None,88,Not Applicable,88,Not Applicable,9,Driveway Access-Related,1,Not at Intersection,1,No,1,No,88,Not Applicable,88,Not Applicable,88,Not Applicable,88,Not Applicable,FALSE,1,Public Road,1,"Trafficway, On Road",CT0009300,New Haven PD,44056,43:01.0,C,Closed,41:02.0,,,,,,,
1331319,1,Complete,1331319,1331319,41.298384,-72.892424,3815545,New Haven,93,93,New Haven,7/3/2024,2024,7,July,3,4,Wednesday,17:22:00,17,24026985,A,"Injury of any type (Serious, Minor, Possible)",C,Possible Injury (C),2,0,0,4,Local,0.28,210,FARREN AV,FARREN AV,LANCRAFT ST,,,,,41.298384,-72.892424,14,Motor Vehicle in Operation,3,Angle,1,On Roadway,1,Clear,88,Not Applicable,1,Daylight,1,Dry,0,None,88,Not Applicable,88,Not Applicable,0,None,88,Not Applicable,88,Not Applicable,2,Intersection,2,Four-Way Intersection,1,No,1,No,88,Not Applicable,88,Not Applicable,88,Not Applicable,88,Not Applicable,FALSE,1,Public Road,1,"Trafficway, On Road",CT0009300,New Haven PD,45701,45:45.0,C,Closed,37:13.0,,,,,,,
1331320,1,Complete,1331320,1331320,41.315851,-72.954374,3815546,New Haven,93,93,New Haven,7/3/2024,2024,7,July,3,4,Wednesday,18:44:00,18,24027002,A,"Injury of any type (Serious, Minor, Possible)",C,Possible Injury (C),2,0,0,4,Local,0.89,179,EDGEWOOD AV,EDGEWOOD AV,,PENDLETON ST,35,Feet,E,41.315851,-72.954374,14,Motor Vehicle in Operation,1,Front to rear,2,Shoulder,1,Clear,88,Not Applicable,1,Daylight,1,Dry,0,None,88,Not Applicable,88,Not Applicable,0,None,88,Not Applicable,88,Not Applicable,1,Non-Junction,1,Not at Intersection,1,No,1,No,88,Not Applicable,88,Not Applicable,88,Not Applicable,88,Not Applicable,FALSE,1,Public Road,1,"Trafficway, On Road",CT0009300,New Haven PD,44055,59:32.0,C,Closed,41:18.0,,,,,,,
1331323,1,Complete,1331323,1331323,41.289331,-72.890607,3815549,New Haven,93,93,New Haven,7/3/2024,2024,7,July,3,4,Wednesday,22:32:00,22,24027020,A,"Injury of any type (Serious, Minor, Possible)",C,Possible Injury (C),2,0,0,3,State,0.02,916,916-E,916-E,Water St,,,,,41.289331,-72.890607,14,Motor Vehicle in Operation,3,Angle,1,On Roadway,1,Clear,88,Not Applicable,4,Dark-Lighted,1,Dry,0,None,88,Not Applicable,88,Not Applicable,0,None,88,Not Applicable,88,Not Applicable,2,Intersection,3,T-Intersection,1,No,1,No,88,Not Applicable,88,Not Applicable,88,Not Applicable,88,Not Applicable,FALSE,1,Public Road,1,"Trafficway, On Road",CT0009300,New Haven PD,42049,12:53.0,C,Closed,42:40.0,,,,,,,
1331327,1,Complete,1331327,1331327,41.301232,-72.92423,3815553,New Haven,93,93,New Haven,7/4/2024,2024,7,July,4,5,Thursday,20:27:00,20,24027121,A,"Injury of any type (Serious, Minor, Possible)",C,Possible Injury (C),2,0,0,2,USRoute,48.26,1,1-N,1-N,,Water St,65,Feet,S,41.301232,-72.92423,14,Motor Vehicle in Operation,4,"Sideswipe, same direction",1,On Roadway,1,Clear,88,Not Applicable,1,Daylight,1,Dry,0,None,88,Not Applicable,88,Not Applicable,0,None,88,Not Applicable,88,Not Applicable,3,Intersection-Related,2,Four-Way Intersection,1,No,1,No,88,Not Applicable,88,Not Applicable,88,Not Applicable,88,Not Applicable,FALSE,1,Public Road,1,"Trafficway, On Road",CT0009300,New Haven PD,46616,12:24.0,C,Closed,37:57.0,,,,,,,
1331329,1,Complete,1331329,1331329,41.324546,-72.923243,3815555,New Haven,93,93,New Haven,7/4/2024,2024,7,July,4,5,Thursday,21:58:00,21,24027131,A,"Injury of any type (Serious, Minor, Possible)",C,Possible Injury (C),2,0,0,4,Local,0.9,495,PROSPECT ST,PROSPECT ST,,DIVISION ST,60,Feet,S,41.324546,-72.923243,14,Motor Vehicle in Operation,1,Front to rear,1,On Roadway,1,Clear,88,Not Applicable,4,Dark-Lighted,1,Dry,0,None,88,Not Applicable,88,Not Applicable,0,None,88,Not Applicable,88,Not Applicable,1,Non-Junction,1,Not at Intersection,1,No,1,No,88,Not Applicable,88,Not Applicable,88,Not Applicable,88,Not Applicable,FALSE,1,Public Road,1,"Trafficway, On Road",CT0009300,New Haven PD,43689,58:11.0,C,Closed,43:11.0,,,,,,,
1331337,1,Complete,1331337,1331337,41.306994,-72.940441,3815563,New Haven,93,93,New Haven,7/5/2024,2024,7,July,5,6,Friday,5:05:00,5,24027154,A,"Injury of any type (Serious, Minor, Possible)",C,Possible Injury (C),2,2,0,4,Local,0.92,809,REV DR MLK JR BLVD,REV DR MLK JR BLVD,,Dwight St ,385,Feet,W,41.306994,-72.940441,9,Pedestrian,4,"Sideswipe, same direction",1,On Roadway,2,Cloudy,88,Not Applicable,4,Dark-Lighted,1,Dry,0,None,88,Not Applicable,88,Not Applicable,97,Other,88,Not Applicable,88,Not Applicable,1,Non-Junction,1,Not at Intersection,1,No,1,No,88,Not Applicable,88,Not Applicable,88,Not Applicable,88,Not Applicable,TRUE,1,Public Road,1,"Trafficway, On Road",CT0009300,New Haven PD,44046,50:38.0,C,Closed,41:59.0,,,,,,,
1331342,1,Complete,1331342,1331342,41.321236,-72.952255,3815568,New Haven,93,93,New Haven,7/5/2024,2024,7,July,5,6,Friday,11:53:00,11,24027219,A,"Injury of any type (Serious, Minor, Possible)",C,Possible Injury (C),2,0,0,3,State,3.26,10,10-N,10-N,,Whittlesey Ave,60,Feet,N,41.321236,-72.952255,14,Motor Vehicle in Operation,4,"Sideswipe, same direction",1,On Roadway,1,Clear,88,Not Applicable,1,Daylight,1,Dry,0,None,88,Not Applicable,88,Not Applicable,0,None,88,Not Applicable,88,Not Applicable,3,Intersection-Related,3,T-Intersection,1,No,1,No,88,Not Applicable,88,Not Applicable,88,Not Applicable,88,Not Applicable,TRUE,1,Public Road,1,"Trafficway, On Road",CT0009300,New Haven PD,359,25:14.0,C,Closed,42:23.0,,,,,,,
1331352,1,Complete,1331352,1331352,41.30653,-72.95292,3815578,New Haven,93,93,New Haven,7/6/2024,2024,7,July,6,7,Saturday,2:00:00,2,24027323,A,"Injury of any type (Serious, Minor, Possible)",C,Possible Injury (C),1,0,0,3,State,2.13,10,10-N,10-N,REV DR MLK JR BLVD,,,,,41.30653,-72.95292,26,Ditch,88,Not Applicable,1,On Roadway,1,Clear,88,Not Applicable,4,Dark-Lighted,1,Dry,99,Unknown,88,Not Applicable,88,Not Applicable,99,Unknown,88,Not Applicable,88,Not Applicable,2,Intersection,3,T-Intersection,1,No,1,No,88,Not Applicable,88,Not Applicable,88,Not Applicable,88,Not Applicable,FALSE,1,Public Road,1,"Trafficway, On Road",CT0009300,New Haven PD,45698,51:45.0,C,Closed,36:24.0,,,,,,,
1331353,1,Complete,1331353,1331353,41.326706,-72.935196,3815579,New Haven,93,93,New Haven,7/6/2024,2024,7,July,6,7,Saturday,11:34:00,11,24027367,A,"Injury of any type (Serious, Minor, Possible)",C,Possible Injury (C),2,0,0,4,Local,0.98,152,DIXWELL AV,DIXWELL AV,,West Division St,35,Feet,S,41.326706,-72.935196,14,Motor Vehicle in Operation,3,Angle,1,On Roadway,2,Cloudy,88,Not Applicable,1,Daylight,1,Dry,0,None,88,Not Applicable,88,Not Applicable,0,None,88,Not Applicable,88,Not Applicable,1,Non-Junction,1,Not at Intersection,1,No,1,No,88,Not Applicable,88,Not Applicable,88,Not Applicable,88,Not Applicable,FALSE,1,Public Road,1,"Trafficway, On Road",CT0009300,New Haven PD,87,31:09.0,C,Closed,42:34.0,,,,,,,
1331356,1,Complete,1331356,1331356,41.307236,-72.928466,3815582,New Haven,93,93,New Haven,7/6/2024,2024,7,July,6,7,Saturday,13:58:00,13,24027392,A,"Injury of any type (Serious, Minor, Possible)",B,Suspected Minor Injury (B),1,1,0,4,Local,1.93,97,CHAPEL ST,CHAPEL ST,,COLLEGE ST,50,Feet,E,41.307236,-72.928466,11,Other Non-motorist,4,"Sideswipe, same direction",1,On Roadway,2,Cloudy,88,Not Applicable,1,Daylight,1,Dry,0,None,88,Not Applicable,88,Not Applicable,0,None,88,Not Applicable,88,Not Applicable,3,Intersection-Related,2,Four-Way Intersection,1,No,1,No,88,Not Applicable,88,Not Applicable,88,Not Applicable,88,Not Applicable,FALSE,1,Public Road,1,"Trafficway, On Road",CT0009300,New Haven PD,46624,26:18.0,C,Closed,43:09.0,,,,,,,
1331360,1,Complete,1331360,1331360,41.332875,-72.949224,3815586,New Haven,93,93,New Haven,7/6/2024,2024,7,July,6,7,Saturday,22:00:00,22,24027449,A,"Injury of any type (Serious, Minor, Possible)",B,Suspected Minor Injury (B),2,0,0,3,State,4.13,10,10-S,10-S,WINTERGREEN AV,,,,,41.332875,-72.949224,14,Motor Vehicle in Operation,3,Angle,1,On Roadway,1,Clear,88,Not Applicable,4,Dark-Lighted,1,Dry,0,None,88,Not Applicable,88,Not Applicable,0,None,88,Not Applicable,88,Not Applicable,2,Intersection,3,T-Intersection,1,No,1,No,88,Not Applicable,88,Not Applicable,88,Not Applicable,88,Not Applicable,FALSE,1,Public Road,1,"Trafficway, On Road",CT0009300,New Haven PD,45403,47:18.0,C,Closed,39:22.0,,,,,,,