CrashId,Fatal Case Status,Fatal Case Status Text Format,CrashId,CrashId,Latitude,Longitude,DOT Case Number,Town Name,Town Number,Town Number,Town Number Text Format,Date Of Crash,Year,Month,Month Text Format,Day,Day of the Week,Day of the Week Text Format,Time of Crash,Hour of the Day,Case Identifier,Crash Severity,Crash Severity Text Format,Most Severe Injury,Most Severe Injury Text Format,Number Of Motor Vehicles,Number Of Non-Motorist,Number Of Witnesses,Route Class,Route Class Text Format,Milemarker,Road Number,Road Description,Roadway Name,Intersecting Roadway Name,Landmark Description,Distance From Nearest Landmark,Unit Of Measure From Nearest Landmark,Direction From Nearest Landmark,Latitude,Longitude,First Harmful Event,First Harmful Event Text Format,Manner of Crash / Collision Impact,Manner of Crash / Collision Impact Text Format,Location of First Harmful Event,Location of First Harmful Event Text Format,Weather Condition,Weather Condition Text Format,Weather 2,Weather 2 Text Format,Light Condition,Light Condition Text Format,Road Surface Condition,Road Surface Condition Text Format,"Contributing Circumstances, Environment","Contributing Circumstances, Environment Text Format",Environment 2,Environment 2 Text Format,Environment 3,Environment 3 Text Format,"Contributing Circumstances, Road","Contributing Circumstances, Road Text Format",Road 2,Road 2 Text Format,Road 3,Road 3 Text Format,Crash Specific Location,Crash Specific Location Text Format,Type of Intersection,Type of Intersection Text Format,School Bus Related,School Bus Related Text Format,Work Zone Related,Work Zone Related Text Format,Location Of Crash Relative To Work Zone,Location Of Crash Relative To Work Zone Text Format,Type of Work Zone,Type of Work Zone Text Format,Worker Presence,Worker Presence Text Format,Law Enforcement Presence,Law Enforcement Presence Text Format,Were Vehicles Moved Prior To Police Arrival,Trafficway Ownership,Trafficway Ownership Text Format,Trafficway Class,Trafficway Class Text Format,Police Agency,Police Agency Text Format,Badge Number,Approval Date,Police Case Status,Police Case Status Text Format,Crash Report Submission Date,Related Case Identifiers,No. of Through Lanes (Log Dir.),Average Daily Traffic,Functional Classification,Functional Classification Text Format,Rural or Urban,Rural or Urban Text Format
1331363,1,Complete,1331363,1331363,41.31333,-72.932656,3815589,New Haven,93,93,New Haven,7/7/2024,2024,7,July,7,1,Sunday,2:40:00,2,24027468,A,"Injury of any type (Serious, Minor, Possible)",A,Suspected Serious Injury (A),1,0,0,4,Local,0.67,257,GOFFE ST,GOFFE ST,,Dixwell Ave,60,Feet,N,41.31333,-72.932656,33,Utility Pole/Light Support,88,Not Applicable,1,On Roadway,1,Clear,88,Not Applicable,4,Dark-Lighted,1,Dry,0,None,88,Not Applicable,88,Not Applicable,0,None,88,Not Applicable,88,Not Applicable,3,Intersection-Related,8,"Five-Point, or More",1,No,1,No,88,Not Applicable,88,Not Applicable,88,Not Applicable,88,Not Applicable,FALSE,1,Public Road,1,"Trafficway, On Road",CT0009300,New Haven PD,44947,17:43.0,C,Closed,42:44.0,,,,,,,
1331372,1,Complete,1331372,1331372,41.274435,-72.900059,3815598,New Haven,93,93,New Haven,7/8/2024,2024,7,July,8,2,Monday,1:29:00,1,24027576,A,"Injury of any type (Serious, Minor, Possible)",B,Suspected Minor Injury (B),2,0,0,4,Local,0.31,678,WOODWARD AV,WOODWARD AV,,HERVEY ST,20,Feet,S,41.274435,-72.900059,14,Motor Vehicle in Operation,2,Front to front,1,On Roadway,1,Clear,88,Not Applicable,5,Dark-Not Lighted,1,Dry,99,Unknown,88,Not Applicable,88,Not Applicable,99,Unknown,88,Not Applicable,88,Not Applicable,1,Non-Junction,1,Not at Intersection,1,No,1,No,88,Not Applicable,88,Not Applicable,88,Not Applicable,88,Not Applicable,FALSE,1,Public Road,1,"Trafficway, On Road",CT0009300,New Haven PD,46617,18:52.0,C,Closed,35:50.0,,,,,,,
1331374,1,Complete,1331374,1331374,41.323921,-72.908317,3815600,New Haven,93,93,New Haven,7/8/2024,2024,7,July,8,2,Monday,8:02:00,8,24027595,A,"Injury of any type (Serious, Minor, Possible)",B,Suspected Minor Injury (B),1,2,0,4,Local,0.34,418,MITCHELL DR,MITCHELL DR,,ANDERSON ST,50,Feet,W,41.323921,-72.908317,9,Pedestrian,88,Not Applicable,1,On Roadway,1,Clear,88,Not Applicable,1,Daylight,1,Dry,0,None,88,Not Applicable,88,Not Applicable,0,None,88,Not Applicable,88,Not Applicable,1,Non-Junction,1,Not at Intersection,1,No,1,No,88,Not Applicable,88,Not Applicable,88,Not Applicable,88,Not Applicable,FALSE,1,Public Road,1,"Trafficway, On Road",CT0009300,New Haven PD,34591,41:31.0,C,Closed,35:53.0,,,,,,,
1331375,1,Complete,1331375,1331375,41.311406,-72.874995,3815601,New Haven,93,93,New Haven,7/8/2024,2024,7,July,8,2,Monday,7:57:00,7,24027598,A,"Injury of any type (Serious, Minor, Possible)",C,Possible Injury (C),2,0,0,4,Local,0.19,535,RUSSELL ST,RUSSELL ST,,Woodhill Rd,160,Feet,N,41.311406,-72.874995,14,Motor Vehicle in Operation,3,Angle,1,On Roadway,1,Clear,88,Not Applicable,1,Daylight,1,Dry,0,None,88,Not Applicable,88,Not Applicable,0,None,88,Not Applicable,88,Not Applicable,9,Driveway Access-Related,1,Not at Intersection,1,No,1,No,88,Not Applicable,88,Not Applicable,88,Not Applicable,88,Not Applicable,FALSE,1,Public Road,1,"Trafficway, On Road",CT0009300,New Haven PD,35856,11:40.0,C,Closed,36:01.0,,,,,,,
1331400,1,Complete,1331400,1331400,41.332647,-72.935173,3815626,New Haven,93,93,New Haven,7/8/2024,2024,7,July,8,2,Monday,16:25:00,16,24027674,A,"Injury of any type (Serious, Minor, Possible)",C,Possible Injury (C),1,1,0,4,Local,1.39,152,DIXWELL AV,DIXWELL AV,,Bassett St,35,Feet,N,41.332647,-72.935173,9,Pedestrian,88,Not Applicable,1,On Roadway,1,Clear,88,Not Applicable,1,Daylight,1,Dry,99,Unknown,88,Not Applicable,88,Not Applicable,99,Unknown,88,Not Applicable,88,Not Applicable,3,Intersection-Related,2,Four-Way Intersection,1,No,1,No,88,Not Applicable,88,Not Applicable,88,Not Applicable,88,Not Applicable,FALSE,1,Public Road,1,"Trafficway, On Road",CT0009300,New Haven PD,46626,46:38.0,C,Closed,37:51.0,,,,,,,
1331403,1,Complete,1331403,1331403,41.31244,-72.94072,3815629,New Haven,93,93,New Haven,7/9/2024,2024,7,July,9,3,Tuesday,8:42:00,8,24027782,A,"Injury of any type (Serious, Minor, Possible)",C,Possible Injury (C),1,1,0,4,Local,1.63,179,EDGEWOOD AV,EDGEWOOD AV,ORCHARD ST,,,,,41.31244,-72.94072,14,Motor Vehicle in Operation,3,Angle,1,On Roadway,1,Clear,88,Not Applicable,1,Daylight,1,Dry,0,None,88,Not Applicable,88,Not Applicable,0,None,88,Not Applicable,88,Not Applicable,2,Intersection,2,Four-Way Intersection,1,No,1,No,88,Not Applicable,88,Not Applicable,88,Not Applicable,88,Not Applicable,TRUE,1,Public Road,1,"Trafficway, On Road",CT0009300,New Haven PD,46174,41:00.0,C,Closed,36:51.0,,,,,,,
1331406,1,Complete,1331406,1331406,41.296474,-72.932529,3815632,New Haven,93,93,New Haven,7/9/2024,2024,7,July,9,3,Tuesday,14:19:00,14,24027835,A,"Injury of any type (Serious, Minor, Possible)",C,Possible Injury (C),2,0,0,4,Local,0.07,84,CARLISLE ST,CARLISLE ST,SALEM ST,,,,,41.296474,-72.932529,14,Motor Vehicle in Operation,3,Angle,1,On Roadway,1,Clear,88,Not Applicable,1,Daylight,1,Dry,0,None,88,Not Applicable,88,Not Applicable,0,None,88,Not Applicable,88,Not Applicable,2,Intersection,2,Four-Way Intersection,1,No,1,No,88,Not Applicable,88,Not Applicable,88,Not Applicable,88,Not Applicable,FALSE,1,Public Road,1,"Trafficway, On Road",CT0009300,New Haven PD,476,15:36.0,C,Closed,37:30.0,,,,,,,
1331412,1,Complete,1331412,1331412,41.303626,-72.931463,924160,New Haven,93,93,New Haven,7/10/2024,2024,7,July,10,4,Wednesday,4:54:00,4,24027920,K,Fatal (Kill),K,Fatal Injury (K),2,0,0,4,Local,0.09,564,SOUTH FRONTAGE RD,SOUTH FRONTAGE RD,COLLEGE ST,,,,,41.303626,-72.931463,14,Motor Vehicle in Operation,3,Angle,1,On Roadway,1,Clear,88,Not Applicable,4,Dark-Lighted,1,Dry,0,None,88,Not Applicable,88,Not Applicable,0,None,88,Not Applicable,88,Not Applicable,2,Intersection,2,Four-Way Intersection,1,No,1,No,88,Not Applicable,88,Not Applicable,88,Not Applicable,88,Not Applicable,FALSE,1,Public Road,1,"Trafficway, On Road",CT0009300,New Haven PD,44947,01:40.0,O,Open,37:29.0,,,,,,,
1331416,1,Complete,1331416,1331416,41.306098,-72.937904,3815642,New Haven,93,93,New Haven,7/10/2024,2024,7,July,10,4,Wednesday,10:19:00,10,24027947,A,"Injury of any type (Serious, Minor, Possible)",C,Possible Injury (C),2,0,0,4,Local,0.76,360,LEGION AV-RT 34,LEGION AV-RT 34,,HOWE ST,65,Feet,W,41.306098,-72.937904,14,Motor Vehicle in Operation,1,Front to rear,1,On Roadway,1,Clear,88,Not Applicable,1,Daylight,1,Dry,0,None,88,Not Applicable,88,Not Applicable,0,None,88,Not Applicable,88,Not Applicable,3,Intersection-Related,2,Four-Way Intersection,1,No,1,No,88,Not Applicable,88,Not Applicable,88,Not Applicable,88,Not Applicable,FALSE,1,Public Road,1,"Trafficway, On Road",CT0009300,New Haven PD,40819,38:34.0,C,Closed,38:29.0,,,,,,,
1331422,1,Complete,1331422,1331422,41.297709,-72.939812,3815648,New Haven,93,93,New Haven,7/10/2024,2024,7,July,10,4,Wednesday,16:44:00,16,24028018,A,"Injury of any type (Serious, Minor, Possible)",C,Possible Injury (C),2,0,0,2,USRoute,47.11,1,1-N,1-N,REDFIELD ST,,,,,41.297709,-72.939812,14,Motor Vehicle in Operation,3,Angle,1,On Roadway,1,Clear,88,Not Applicable,1,Daylight,1,Dry,0,None,88,Not Applicable,88,Not Applicable,0,None,88,Not Applicable,88,Not Applicable,2,Intersection,3,T-Intersection,1,No,1,No,88,Not Applicable,88,Not Applicable,88,Not Applicable,88,Not Applicable,FALSE,1,Public Road,1,"Trafficway, On Road",CT0009300,New Haven PD,26,28:38.0,C,Closed,40:17.0,,,,,,,
1331427,1,Complete,1331427,1331427,41.327854,-72.878425,3815653,New Haven,93,93,New Haven,7/10/2024,2024,7,July,10,4,Wednesday,21:03:00,21,24028066,A,"Injury of any type (Serious, Minor, Possible)",B,Suspected Minor Injury (B),1,1,0,3,State,0.54,17,17-N,17-N,,FLINT ST,50,Feet,N,41.327854,-72.878425,9,Pedestrian,88,Not Applicable,1,On Roadway,1,Clear,88,Not Applicable,4,Dark-Lighted,1,Dry,0,None,88,Not Applicable,88,Not Applicable,0,None,88,Not Applicable,88,Not Applicable,1,Non-Junction,1,Not at Intersection,1,No,1,No,88,Not Applicable,88,Not Applicable,88,Not Applicable,88,Not Applicable,FALSE,1,Public Road,1,"Trafficway, On Road",CT0009300,New Haven PD,42049,52:40.0,C,Closed,42:02.0,,,,,,,
1331429,1,Complete,1331429,1331429,41.298957,-72.943627,3815655,New Haven,93,93,New Haven,7/11/2024,2024,7,July,11,5,Thursday,14:12:00,14,24028157,A,"Injury of any type (Serious, Minor, Possible)",C,Possible Injury (C),2,0,0,4,Local,0.23,123,CONGRESS AV,CONGRESS AV,,BOND ST,60,Feet,W,41.298957,-72.943627,14,Motor Vehicle in Operation,7,Rear to rear,1,On Roadway,1,Clear,88,Not Applicable,1,Daylight,1,Dry,0,None,88,Not Applicable,88,Not Applicable,0,None,88,Not Applicable,88,Not Applicable,9,Driveway Access-Related,1,Not at Intersection,1,No,1,No,88,Not Applicable,88,Not Applicable,88,Not Applicable,88,Not Applicable,FALSE,1,Public Road,1,"Trafficway, On Road",CT0009300,New Haven PD,40819,41:49.0,C,Closed,40:00.0,,,,,,,
1331430,1,Complete,1331430,1331430,41.3333,-72.93504,3815656,New Haven,93,93,New Haven,7/11/2024,2024,7,July,11,5,Thursday,16:54:00,16,24028159,A,"Injury of any type (Serious, Minor, Possible)",C,Possible Injury (C),3,0,0,4,Local,1.44,152,DIXWELL AV,DIXWELL AV,,DORMAN ST,50,Feet,S,41.3333,-72.93504,14,Motor Vehicle in Operation,1,Front to rear,1,On Roadway,1,Clear,88,Not Applicable,1,Daylight,1,Dry,0,None,88,Not Applicable,88,Not Applicable,0,None,88,Not Applicable,88,Not Applicable,1,Non-Junction,1,Not at Intersection,1,No,1,No,88,Not Applicable,88,Not Applicable,88,Not Applicable,88,Not Applicable,FALSE,1,Public Road,1,"Trafficway, On Road",CT0009300,New Haven PD,42048,59:01.0,O,Open,38:59.0,,,,,,,
1331432,1,Complete,1331432,1331432,41.330321,-72.971632,3815658,New Haven,93,93,New Haven,7/11/2024,2024,7,July,11,5,Thursday,17:49:00,17,24028186,A,"Injury of any type (Serious, Minor, Possible)",C,Possible Injury (C),2,0,0,3,State,0.89,63,63-N,63-N,,W PROSPECT ST,40,Feet,E,41.330321,-72.971632,14,Motor Vehicle in Operation,1,Front to rear,1,On Roadway,1,Clear,88,Not Applicable,1,Daylight,1,Dry,0,None,88,Not Applicable,88,Not Applicable,0,None,88,Not Applicable,88,Not Applicable,3,Intersection-Related,3,T-Intersection,1,No,1,No,88,Not Applicable,88,Not Applicable,88,Not Applicable,88,Not Applicable,FALSE,1,Public Road,1,"Trafficway, On Road",CT0009300,New Haven PD,44055,20:23.0,C,Closed,38:40.0,,,,,,,
1331434,1,Complete,1331434,1331434,41.312872,-72.921356,3815660,New Haven,93,93,New Haven,7/12/2024,2024,7,July,12,6,Friday,6:58:00,6,24028262,A,"Injury of any type (Serious, Minor, Possible)",C,Possible Injury (C),2,0,1,4,Local,0.2,601,TRUMBULL ST,TRUMBULL ST,,WHITNEY AVE,120,Feet,E,41.312872,-72.921356,15,Parked Motor Vehicle,1,Front to rear,2,Shoulder,1,Clear,88,Not Applicable,1,Daylight,1,Dry,0,None,88,Not Applicable,88,Not Applicable,0,None,88,Not Applicable,88,Not Applicable,1,Non-Junction,1,Not at Intersection,1,No,1,No,88,Not Applicable,88,Not Applicable,88,Not Applicable,88,Not Applicable,FALSE,1,Public Road,1,"Trafficway, On Road",CT0009300,New Haven PD,469,28:58.0,C,Closed,40:28.0,,,,,,,
1331448,1,Complete,1331448,1331448,41.311018,-72.903631,3815674,New Haven,93,93,New Haven,7/12/2024,2024,7,July,12,6,Friday,18:21:00,18,24028388,A,"Injury of any type (Serious, Minor, Possible)",B,Suspected Minor Injury (B),2,0,0,4,Local,0.1,397,MARKET ST,MARKET ST,JAMES ST,,,,,41.311018,-72.903631,14,Motor Vehicle in Operation,99,Unknown,1,On Roadway,1,Clear,88,Not Applicable,1,Daylight,1,Dry,0,None,88,Not Applicable,88,Not Applicable,0,None,88,Not Applicable,88,Not Applicable,2,Intersection,2,Four-Way Intersection,1,No,1,No,88,Not Applicable,88,Not Applicable,88,Not Applicable,88,Not Applicable,FALSE,1,Public Road,1,"Trafficway, On Road",CT0009300,New Haven PD,42057,16:23.0,O,Open,39:44.0,,,,,,,
1331452,1,Complete,1331452,1331452,41.322887,-72.970738,3815678,New Haven,93,93,New Haven,7/13/2024,2024,7,July,13,7,Saturday,8:34:00,8,24028457,A,"Injury of any type (Serious, Minor, Possible)",C,Possible Injury (C),2,0,0,4,Local,0,180,EDGEWOOD WAY,EDGEWOOD WAY,LAUREL RD ,,,,,41.322887,-72.970738,14,Motor Vehicle in Operation,3,Angle,1,On Roadway,99,Unknown,88,Not Applicable,1,Daylight,99,Unknown,99,Unknown,88,Not Applicable,88,Not Applicable,99,Unknown,88,Not Applicable,88,Not Applicable,2,Intersection,3,T-Intersection,1,No,1,No,88,Not Applicable,88,Not Applicable,88,Not Applicable,88,Not Applicable,TRUE,1,Public Road,1,"Trafficway, On Road",CT0009300,New Haven PD,46621,38:52.0,O,Open,40:09.0,,,,,,,
1331457,1,Complete,1331457,1331457,41.32019,-72.950737,3815683,New Haven,93,93,New Haven,7/13/2024,2024,7,July,13,7,Saturday,18:24:00,18,24028516,A,"Injury of any type (Serious, Minor, Possible)",B,Suspected Minor Injury (B),1,1,0,3,State,3.15,10,10-N,10-N,,HOBART ST,75,Feet,E,41.32019,-72.950737,9,Pedestrian,88,Not Applicable,1,On Roadway,1,Clear,88,Not Applicable,1,Daylight,1,Dry,0,None,88,Not Applicable,88,Not Applicable,0,None,88,Not Applicable,88,Not Applicable,1,Non-Junction,1,Not at Intersection,1,No,1,No,88,Not Applicable,88,Not Applicable,88,Not Applicable,88,Not Applicable,FALSE,1,Public Road,1,"Trafficway, On Road",CT0009300,New Haven PD,45398,36:03.0,C,Closed,40:14.0,,,,,,,
1331458,1,Complete,1331458,1331458,41.33154,-72.97388,3815684,New Haven,93,93,New Haven,7/13/2024,2024,7,July,13,7,Saturday,18:46:00,18,24028520,A,"Injury of any type (Serious, Minor, Possible)",B,Suspected Minor Injury (B),2,0,0,3,State,1.03,63,63-N,63-N,,ANTHONY ST,150,Feet,E,41.33154,-72.97388,14,Motor Vehicle in Operation,3,Angle,1,On Roadway,1,Clear,88,Not Applicable,1,Daylight,1,Dry,0,None,88,Not Applicable,88,Not Applicable,0,None,88,Not Applicable,88,Not Applicable,1,Non-Junction,1,Not at Intersection,1,No,1,No,88,Not Applicable,88,Not Applicable,88,Not Applicable,88,Not Applicable,TRUE,1,Public Road,1,"Trafficway, On Road",CT0009300,New Haven PD,170,55:21.0,C,Closed,40:14.0,24-028516,,,,,,
1331461,1,Complete,1331461,1331461,41.303303,-72.896272,3815687,New Haven,93,93,New Haven,7/13/2024,2024,7,July,13,7,Saturday,20:01:00,20,24028535,A,"Injury of any type (Serious, Minor, Possible)",A,Suspected Serious Injury (A),2,0,1,4,Local,0.12,514,RIVER ST,RIVER ST,POPLAR ST,,,,,41.303303,-72.896272,14,Motor Vehicle in Operation,3,Angle,1,On Roadway,1,Clear,88,Not Applicable,3,Dusk,1,Dry,0,None,88,Not Applicable,88,Not Applicable,0,None,88,Not Applicable,88,Not Applicable,2,Intersection,2,Four-Way Intersection,1,No,1,No,88,Not Applicable,88,Not Applicable,88,Not Applicable,88,Not Applicable,FALSE,1,Public Road,1,"Trafficway, On Road",CT0009300,New Haven PD,45388,12:41.0,C,Closed,40:15.0,,,,,,,
1331462,1,Complete,1331462,1331462,41.323865,-72.881544,3815688,New Haven,93,93,New Haven,7/13/2024,2024,7,July,13,7,Saturday,21:11:00,21,24028545,A,"Injury of any type (Serious, Minor, Possible)",B,Suspected Minor Injury (B),2,0,0,3,State,0,80,80-E,80-E,17-S,,,,,41.323865,-72.881544,14,Motor Vehicle in Operation,3,Angle,1,On Roadway,1,Clear,88,Not Applicable,4,Dark-Lighted,1,Dry,0,None,88,Not Applicable,88,Not Applicable,0,None,88,Not Applicable,88,Not Applicable,2,Intersection,2,Four-Way Intersection,1,No,1,No,88,Not Applicable,88,Not Applicable,88,Not Applicable,88,Not Applicable,FALSE,1,Public Road,1,"Trafficway, On Road",CT0009300,New Haven PD,45699,51:30.0,C,Closed,40:29.0,,,,,,,
1331471,1,Complete,1331471,1331471,41.302851,-72.93742,3815697,New Haven,93,93,New Haven,7/14/2024,2024,7,July,14,1,Sunday,12:53:00,12,24028602,A,"Injury of any type (Serious, Minor, Possible)",C,Possible Injury (C),2,0,0,4,Local,0.66,141,DAVENPORT AV,DAVENPORT AV,VERNON ST,,,,,41.302851,-72.93742,14,Motor Vehicle in Operation,3,Angle,1,On Roadway,1,Clear,88,Not Applicable,1,Daylight,1,Dry,0,None,88,Not Applicable,88,Not Applicable,0,None,88,Not Applicable,88,Not Applicable,2,Intersection,2,Four-Way Intersection,1,No,1,No,88,Not Applicable,88,Not Applicable,88,Not Applicable,88,Not Applicable,FALSE,1,Public Road,1,"Trafficway, On Road",CT0009300,New Haven PD,301,07:58.0,O,Open,39:42.0,,,,,,,
1331472,1,Complete,1331472,1331472,41.313073,-72.952052,3815698,New Haven,93,93,New Haven,7/14/2024,2024,7,July,14,1,Sunday,14:21:00,14,24028617,A,"Injury of any type (Serious, Minor, Possible)",C,Possible Injury (C),2,0,1,3,State,2.59,10,10-N,10-N,CHAPEL ST,,,,,41.313073,-72.952052,14,Motor Vehicle in Operation,3,Angle,1,On Roadway,1,Clear,88,Not Applicable,1,Daylight,1,Dry,0,None,88,Not Applicable,88,Not Applicable,0,None,88,Not Applicable,88,Not Applicable,2,Intersection,2,Four-Way Intersection,1,No,1,No,88,Not Applicable,88,Not Applicable,88,Not Applicable,88,Not Applicable,FALSE,1,Public Road,1,"Trafficway, On Road",CT0009300,New Haven PD,11439,51:00.0,O,Open,40:25.0,,,,,,,
1331475,1,Complete,1331475,1331475,41.30121985,-72.9251145,3815701,New Haven,93,93,New Haven,7/14/2024,2024,7,July,14,1,Sunday,21:07:00,21,24028649,A,"Injury of any type (Serious, Minor, Possible)",C,Possible Injury (C),2,0,0,4,Local,0,809,REV DR MLK JR BLVD,REV DR MLK JR BLVD,S Orange St ,,,,,41.30121985,-72.9251145,14,Motor Vehicle in Operation,3,Angle,1,On Roadway,1,Clear,88,Not Applicable,1,Daylight,1,Dry,0,None,88,Not Applicable,88,Not Applicable,0,None,88,Not Applicable,88,Not Applicable,2,Intersection,2,Four-Way Intersection,1,No,1,No,88,Not Applicable,88,Not Applicable,88,Not Applicable,88,Not Applicable,FALSE,1,Public Road,1,"Trafficway, On Road",CT0009300,New Haven PD,45395,41:43.0,C,Closed,40:32.0,,,,,,,
1331477,1,Complete,1331477,1331477,41.270572,-72.900778,3815703,New Haven,93,93,New Haven,7/14/2024,2024,7,July,14,1,Sunday,21:30:00,21,24028652,A,"Injury of any type (Serious, Minor, Possible)",A,Suspected Serious Injury (A),2,0,0,4,Local,0.04,678,WOODWARD AV,WOODWARD AV,,POPE ST,50,Feet,S,41.270572,-72.900778,14,Motor Vehicle in Operation,2,Front to front,1,On Roadway,1,Clear,88,Not Applicable,4,Dark-Lighted,1,Dry,0,None,88,Not Applicable,88,Not Applicable,0,None,88,Not Applicable,88,Not Applicable,1,Non-Junction,1,Not at Intersection,1,No,1,No,88,Not Applicable,88,Not Applicable,88,Not Applicable,88,Not Applicable,FALSE,1,Public Road,1,"Trafficway, On Road",CT0009300,New Haven PD,42049,52:21.0,C,Closed,42:02.0,,,,,,,
1331478,1,Complete,1331478,1331478,41.307326,-72.900816,3815704,New Haven,93,93,New Haven,7/14/2024,2024,7,July,14,1,Sunday,21:21:00,21,24028655,A,"Injury of any type (Serious, Minor, Possible)",C,Possible Injury (C),1,1,0,4,Local,0.2,377,LLOYD ST,LLOYD ST,,EXCHANGE ST,100,Feet,N,41.307326,-72.900816,9,Pedestrian,88,Not Applicable,1,On Roadway,1,Clear,88,Not Applicable,5,Dark-Not Lighted,1,Dry,0,None,88,Not Applicable,88,Not Applicable,0,None,88,Not Applicable,88,Not Applicable,1,Non-Junction,1,Not at Intersection,1,No,1,No,88,Not Applicable,88,Not Applicable,88,Not Applicable,88,Not Applicable,FALSE,1,Public Road,1,"Trafficway, On Road",CT0009300,New Haven PD,44060,52:13.0,C,Closed,41:57.0,,,,,,,
1331479,1,Complete,1331479,1331479,41.271426,-72.896853,3815705,New Haven,93,93,New Haven,7/14/2024,2024,7,July,14,1,Sunday,22:20:00,22,24028657,A,"Injury of any type (Serious, Minor, Possible)",B,Suspected Minor Injury (B),2,0,0,3,State,1.28,337,337-E,337-E,,MORSE PL,40,Feet,S,41.271426,-72.896853,14,Motor Vehicle in Operation,3,Angle,1,On Roadway,1,Clear,88,Not Applicable,4,Dark-Lighted,1,Dry,0,None,88,Not Applicable,88,Not Applicable,0,None,88,Not Applicable,88,Not Applicable,3,Intersection-Related,3,T-Intersection,1,No,1,No,88,Not Applicable,88,Not Applicable,88,Not Applicable,88,Not Applicable,FALSE,1,Public Road,1,"Trafficway, On Road",CT0009300,New Haven PD,45388,10:49.0,C,Closed,40:29.0,,,,,,,
1331481,1,Complete,1331481,1331481,41.307408,-72.919208,3815707,New Haven,93,93,New Haven,7/15/2024,2024,7,July,15,2,Monday,1:13:00,1,24028668,A,"Injury of any type (Serious, Minor, Possible)",A,Suspected Serious Injury (A),2,0,0,4,Local,1.75,264,GRAND AV,GRAND AV,OLIVE ST,,,,,41.307408,-72.919208,14,Motor Vehicle in Operation,3,Angle,1,On Roadway,1,Clear,88,Not Applicable,4,Dark-Lighted,1,Dry,0,None,88,Not Applicable,88,Not Applicable,0,None,88,Not Applicable,88,Not Applicable,2,Intersection,2,Four-Way Intersection,1,No,1,No,88,Not Applicable,88,Not Applicable,88,Not Applicable,88,Not Applicable,FALSE,1,Public Road,1,"Trafficway, On Road",CT0009300,New Haven PD,45630,29:20.0,C,Closed,41:40.0,,,,,,,
1331485,1,Complete,1331485,1331485,41.289715,-72.892343,3815711,New Haven,93,93,New Haven,7/12/2024,2024,7,July,12,6,Friday,14:15:00,14,24028745,A,"Injury of any type (Serious, Minor, Possible)",C,Possible Injury (C),2,0,0,4,Local,0.24,597,TOWNSEND AV,TOWNSEND AV,FORBES AVE ,,,,,41.289715,-72.892343,14,Motor Vehicle in Operation,3,Angle,1,On Roadway,1,Clear,88,Not Applicable,1,Daylight,1,Dry,0,None,88,Not Applicable,88,Not Applicable,0,None,88,Not Applicable,88,Not Applicable,2,Intersection,2,Four-Way Intersection,1,No,1,No,88,Not Applicable,88,Not Applicable,88,Not Applicable,88,Not Applicable,TRUE,1,Public Road,1,"Trafficway, On Road",CT0009300,New Haven PD,279,45:52.0,O,Open,41:39.0,,,,,,,
1331486,1,Complete,1331486,1331486,41.313372,-72.907933,3815712,New Haven,93,93,New Haven,7/15/2024,2024,7,July,15,2,Monday,14:05:00,14,24028753,A,"Injury of any type (Serious, Minor, Possible)",C,Possible Injury (C),4,0,0,4,Local,0.71,316,HUMPHREY ST,HUMPHREY ST,,MILL RIVER ST,80,Feet,E,41.313372,-72.907933,14,Motor Vehicle in Operation,1,Front to rear,1,On Roadway,1,Clear,88,Not Applicable,1,Daylight,1,Dry,0,None,88,Not Applicable,88,Not Applicable,0,None,88,Not Applicable,88,Not Applicable,3,Intersection-Related,2,Four-Way Intersection,1,No,1,No,88,Not Applicable,88,Not Applicable,88,Not Applicable,88,Not Applicable,FALSE,1,Public Road,1,"Trafficway, On Road",CT0009300,New Haven PD,991,59:46.0,C,Closed,42:28.0,,,,,,,
1331487,1,Complete,1331487,1331487,41.314238,-72.903039,3815713,New Haven,93,93,New Haven,7/15/2024,2024,7,July,15,2,Monday,14:50:00,14,24028758,A,"Injury of any type (Serious, Minor, Possible)",C,Possible Injury (C),3,0,0,4,Local,0.05,379,LOMBARD ST,LOMBARD ST,MAIN ST NO 1,,,,,41.314238,-72.903039,14,Motor Vehicle in Operation,3,Angle,1,On Roadway,1,Clear,88,Not Applicable,1,Daylight,1,Dry,0,None,88,Not Applicable,88,Not Applicable,0,None,88,Not Applicable,88,Not Applicable,2,Intersection,2,Four-Way Intersection,1,No,1,No,88,Not Applicable,88,Not Applicable,88,Not Applicable,88,Not Applicable,FALSE,1,Public Road,1,"Trafficway, On Road",CT0009300,New Haven PD,44946,46:32.0,C,Closed,42:09.0,,,,,,,
1331488,1,Complete,1331488,1331488,41.315366,-72.895356,3815714,New Haven,93,93,New Haven,7/15/2024,2024,7,July,15,2,Monday,16:16:00,16,24028763,A,"Injury of any type (Serious, Minor, Possible)",C,Possible Injury (C),2,0,0,4,Local,0.45,379,LOMBARD ST,LOMBARD ST,ROWE ST,,,,,41.315366,-72.895356,14,Motor Vehicle in Operation,3,Angle,1,On Roadway,1,Clear,88,Not Applicable,1,Daylight,1,Dry,0,None,88,Not Applicable,88,Not Applicable,0,None,88,Not Applicable,0,None,2,Intersection,2,Four-Way Intersection,1,No,1,No,88,Not Applicable,88,Not Applicable,88,Not Applicable,88,Not Applicable,FALSE,1,Public Road,1,"Trafficway, On Road",CT0009300,New Haven PD,10,26:16.0,O,Open,40:58.0,,,,,,,