CrashId,Fatal Case Status,Fatal Case Status Text Format,CrashId,CrashId,Latitude,Longitude,DOT Case Number,Town Name,Town Number,Town Number,Town Number Text Format,Date Of Crash,Year,Month,Month Text Format,Day,Day of the Week,Day of the Week Text Format,Time of Crash,Hour of the Day,Case Identifier,Crash Severity,Crash Severity Text Format,Most Severe Injury,Most Severe Injury Text Format,Number Of Motor Vehicles,Number Of Non-Motorist,Number Of Witnesses,Route Class,Route Class Text Format,Milemarker,Road Number,Road Description,Roadway Name,Intersecting Roadway Name,Landmark Description,Distance From Nearest Landmark,Unit Of Measure From Nearest Landmark,Direction From Nearest Landmark,Latitude,Longitude,First Harmful Event,First Harmful Event Text Format,Manner of Crash / Collision Impact,Manner of Crash / Collision Impact Text Format,Location of First Harmful Event,Location of First Harmful Event Text Format,Weather Condition,Weather Condition Text Format,Weather 2,Weather 2 Text Format,Light Condition,Light Condition Text Format,Road Surface Condition,Road Surface Condition Text Format,"Contributing Circumstances, Environment","Contributing Circumstances, Environment Text Format",Environment 2,Environment 2 Text Format,Environment 3,Environment 3 Text Format,"Contributing Circumstances, Road","Contributing Circumstances, Road Text Format",Road 2,Road 2 Text Format,Road 3,Road 3 Text Format,Crash Specific Location,Crash Specific Location Text Format,Type of Intersection,Type of Intersection Text Format,School Bus Related,School Bus Related Text Format,Work Zone Related,Work Zone Related Text Format,Location Of Crash Relative To Work Zone,Location Of Crash Relative To Work Zone Text Format,Type of Work Zone,Type of Work Zone Text Format,Worker Presence,Worker Presence Text Format,Law Enforcement Presence,Law Enforcement Presence Text Format,Were Vehicles Moved Prior To Police Arrival,Trafficway Ownership,Trafficway Ownership Text Format,Trafficway Class,Trafficway Class Text Format,Police Agency,Police Agency Text Format,Badge Number,Approval Date,Police Case Status,Police Case Status Text Format,Crash Report Submission Date,Related Case Identifiers,No. of Through Lanes (Log Dir.),Average Daily Traffic,Functional Classification,Functional Classification Text Format,Rural or Urban,Rural or Urban Text Format
1331666,1,Complete,1331666,1331666,41.30552,-72.952626,3815892,New Haven,93,93,New Haven,7/26/2024,2024,7,July,26,6,Friday,20:29:00,20,24030607,A,"Injury of any type (Serious, Minor, Possible)",B,Suspected Minor Injury (B),2,0,0,3,State,2.05,10,10-N,10-N,LEGION AVE,,,,,41.30552,-72.952626,14,Motor Vehicle in Operation,1,Front to rear,1,On Roadway,1,Clear,88,Not Applicable,4,Dark-Lighted,1,Dry,99,Unknown,88,Not Applicable,88,Not Applicable,0,None,88,Not Applicable,88,Not Applicable,2,Intersection,3,T-Intersection,1,No,1,No,88,Not Applicable,88,Not Applicable,88,Not Applicable,88,Not Applicable,FALSE,1,Public Road,1,"Trafficway, On Road",CT0009300,New Haven PD,46627,50:23.0,C,Closed,40:05.0,,,,,,,
1331668,1,Complete,1331668,1331668,41.337776,-72.976553,3815894,New Haven,93,93,New Haven,7/26/2024,2024,7,July,26,6,Friday,22:15:00,22,24030622,A,"Injury of any type (Serious, Minor, Possible)",C,Possible Injury (C),2,0,0,3,State,0.23,69,69-N,69-N,,15-N-114,100,Feet,S,41.337776,-72.976553,14,Motor Vehicle in Operation,1,Front to rear,1,On Roadway,1,Clear,88,Not Applicable,4,Dark-Lighted,1,Dry,0,None,88,Not Applicable,88,Not Applicable,0,None,88,Not Applicable,88,Not Applicable,1,Non-Junction,1,Not at Intersection,1,No,1,No,88,Not Applicable,88,Not Applicable,88,Not Applicable,88,Not Applicable,TRUE,1,Public Road,1,"Trafficway, On Road",CT0009300,New Haven PD,45403,16:34.0,O,Open,39:31.0,,,,,,,
1331671,1,Complete,1331671,1331671,41.331403,-72.929858,3815897,New Haven,93,93,New Haven,7/27/2024,2024,7,July,27,7,Saturday,1:53:00,1,24030632,A,"Injury of any type (Serious, Minor, Possible)",C,Possible Injury (C),2,0,0,4,Local,0.49,42,BASSETT ST,BASSETT ST,,Butler St,125,Feet,E,41.331403,-72.929858,14,Motor Vehicle in Operation,2,Front to front,1,On Roadway,1,Clear,88,Not Applicable,4,Dark-Lighted,1,Dry,0,None,88,Not Applicable,88,Not Applicable,0,None,88,Not Applicable,88,Not Applicable,1,Non-Junction,1,Not at Intersection,1,No,1,No,88,Not Applicable,88,Not Applicable,88,Not Applicable,88,Not Applicable,FALSE,1,Public Road,1,"Trafficway, On Road",CT0009300,New Haven PD,44948,12:05.0,C,Closed,40:24.0,24-030632,,,,,,
1331672,1,Complete,1331672,1331672,41.301644,-72.924536,3815898,New Haven,93,93,New Haven,7/27/2024,2024,7,July,27,7,Saturday,3:03:00,3,24030635,A,"Injury of any type (Serious, Minor, Possible)",A,Suspected Serious Injury (A),1,0,0,4,Local,1.59,575,STATE ST,STATE ST,,WATER ST,50,Feet,N,41.301644,-72.924536,32,Tree (standing),88,Not Applicable,1,On Roadway,1,Clear,88,Not Applicable,4,Dark-Lighted,1,Dry,0,None,88,Not Applicable,88,Not Applicable,0,None,88,Not Applicable,88,Not Applicable,1,Non-Junction,1,Not at Intersection,1,No,1,No,88,Not Applicable,88,Not Applicable,88,Not Applicable,88,Not Applicable,FALSE,1,Public Road,1,"Trafficway, On Road",CT0009300,New Haven PD,44338,16:15.0,C,Closed,40:08.0,,,,,,,
1331679,1,Complete,1331679,1331679,41.317113,-72.94345,3815905,New Haven,93,93,New Haven,7/27/2024,2024,7,July,27,7,Saturday,17:58:00,17,24030701,A,"Injury of any type (Serious, Minor, Possible)",C,Possible Injury (C),2,0,0,4,Local,0.32,653,WHALLEY AV,WHALLEY AV,CARMEL STREET,,,,,41.317113,-72.94345,14,Motor Vehicle in Operation,3,Angle,1,On Roadway,1,Clear,88,Not Applicable,1,Daylight,1,Dry,0,None,88,Not Applicable,88,Not Applicable,0,None,88,Not Applicable,88,Not Applicable,2,Intersection,3,T-Intersection,1,No,1,No,88,Not Applicable,88,Not Applicable,88,Not Applicable,88,Not Applicable,TRUE,1,Public Road,1,"Trafficway, On Road",CT0009300,New Haven PD,45403,09:18.0,O,Open,40:18.0,,,,,,,
1331680,1,Complete,1331680,1331680,41.308872,-72.909824,3815906,New Haven,93,93,New Haven,7/27/2024,2024,7,July,27,7,Saturday,17:50:00,17,24030703,A,"Injury of any type (Serious, Minor, Possible)",C,Possible Injury (C),2,0,0,4,Local,1.26,264,GRAND AV,GRAND AV,EAST ST,,,,,41.308872,-72.909824,14,Motor Vehicle in Operation,3,Angle,1,On Roadway,1,Clear,88,Not Applicable,1,Daylight,1,Dry,0,None,88,Not Applicable,88,Not Applicable,0,None,88,Not Applicable,88,Not Applicable,2,Intersection,2,Four-Way Intersection,1,No,1,No,88,Not Applicable,88,Not Applicable,88,Not Applicable,88,Not Applicable,FALSE,1,Public Road,1,"Trafficway, On Road",CT0009300,New Haven PD,42367,12:46.0,C,Closed,40:43.0,,,,,,,
1331682,1,Complete,1331682,1331682,41.315994,-72.94034,3815908,New Haven,93,93,New Haven,7/27/2024,2024,7,July,27,7,Saturday,20:48:00,20,24030721,A,"Injury of any type (Serious, Minor, Possible)",C,Possible Injury (C),1,1,0,4,Local,0.49,653,WHALLEY AV,WHALLEY AV,,COUNTY ST,40,Feet,E,41.315994,-72.94034,9,Pedestrian,88,Not Applicable,1,On Roadway,1,Clear,88,Not Applicable,4,Dark-Lighted,1,Dry,0,None,88,Not Applicable,88,Not Applicable,0,None,88,Not Applicable,88,Not Applicable,1,Non-Junction,1,Not at Intersection,1,No,1,No,88,Not Applicable,88,Not Applicable,88,Not Applicable,88,Not Applicable,FALSE,1,Public Road,1,"Trafficway, On Road",CT0009300,New Haven PD,46626,01:05.0,C,Closed,40:17.0,,,,,,,
1331683,1,Complete,1331683,1331683,41.314116,-72.939911,3815909,New Haven,93,93,New Haven,7/27/2024,2024,7,July,27,7,Saturday,21:30:00,21,24030728,A,"Injury of any type (Serious, Minor, Possible)",C,Possible Injury (C),3,0,0,4,Local,0.9,453,ORCHARD ST,ORCHARD ST,ELM ST,,,,,41.314116,-72.939911,14,Motor Vehicle in Operation,3,Angle,1,On Roadway,1,Clear,88,Not Applicable,4,Dark-Lighted,1,Dry,0,None,88,Not Applicable,88,Not Applicable,0,None,88,Not Applicable,88,Not Applicable,2,Intersection,2,Four-Way Intersection,1,No,1,No,88,Not Applicable,88,Not Applicable,88,Not Applicable,88,Not Applicable,TRUE,1,Public Road,1,"Trafficway, On Road",CT0009300,New Haven PD,45403,21:50.0,O,Open,40:10.0,,,,,,,
1331691,1,Complete,1331691,1331691,41.307181,-72.898969,3815917,New Haven,93,93,New Haven,7/28/2024,2024,7,July,28,1,Sunday,18:29:00,18,24030816,A,"Injury of any type (Serious, Minor, Possible)",C,Possible Injury (C),1,1,0,4,Local,0.48,204,EXCHANGE ST,EXCHANGE ST,,BLATCHLEY AVE,15,Feet,E,41.307181,-72.898969,10,Pedalcycle/Pedalcyclist,3,Angle,1,On Roadway,1,Clear,88,Not Applicable,1,Daylight,1,Dry,0,None,88,Not Applicable,88,Not Applicable,0,None,88,Not Applicable,88,Not Applicable,2,Intersection,3,T-Intersection,1,No,1,No,88,Not Applicable,88,Not Applicable,88,Not Applicable,88,Not Applicable,FALSE,1,Public Road,1,"Trafficway, On Road",CT0009300,New Haven PD,44060,15:03.0,C,Closed,40:18.0,,,,,,,
1331698,1,Complete,1331698,1331698,41.306185,-72.933374,3815924,New Haven,93,93,New Haven,7/29/2024,2024,7,July,29,2,Monday,10:57:00,10,24030904,A,"Injury of any type (Serious, Minor, Possible)",C,Possible Injury (C),2,0,0,4,Local,0.26,766,YORK ST,YORK ST,,GEORGE ST,28,Feet,S,41.306185,-72.933374,14,Motor Vehicle in Operation,1,Front to rear,1,On Roadway,4,Rain,88,Not Applicable,1,Daylight,2,Wet,0,None,88,Not Applicable,88,Not Applicable,0,None,88,Not Applicable,88,Not Applicable,3,Intersection-Related,2,Four-Way Intersection,1,No,1,No,88,Not Applicable,88,Not Applicable,88,Not Applicable,88,Not Applicable,TRUE,1,Public Road,1,"Trafficway, On Road",CT0009300,New Haven PD,40790,02:43.0,C,Closed,40:30.0,,,,,,,
1331732,1,Complete,1331732,1331732,41.31751,-72.92951,3815958,New Haven,93,93,New Haven,7/29/2024,2024,7,July,29,2,Monday,20:04:00,20,24031022,A,"Injury of any type (Serious, Minor, Possible)",C,Possible Injury (C),2,1,0,4,Local,0.12,631,WEBSTER ST,WEBSTER ST,ASHMUN ST,,,,,41.31751,-72.92951,14,Motor Vehicle in Operation,3,Angle,1,On Roadway,1,Clear,88,Not Applicable,1,Daylight,1,Dry,0,None,88,Not Applicable,88,Not Applicable,0,None,88,Not Applicable,88,Not Applicable,2,Intersection,2,Four-Way Intersection,1,No,1,No,88,Not Applicable,88,Not Applicable,88,Not Applicable,88,Not Applicable,TRUE,1,Public Road,1,"Trafficway, On Road",CT0009300,New Haven PD,45395,11:16.0,C,Closed,42:11.0,,,,,,,
1331735,1,Complete,1331735,1331735,41.299921,-72.910806,3815961,New Haven,93,93,New Haven,7/30/2024,2024,7,July,30,3,Tuesday,8:21:00,8,24031059,A,"Injury of any type (Serious, Minor, Possible)",C,Possible Injury (C),2,0,0,4,Local,1.13,165,EAST ST,EAST ST,,WATER ST,300,Feet,S,41.299921,-72.910806,14,Motor Vehicle in Operation,1,Front to rear,1,On Roadway,1,Clear,88,Not Applicable,1,Daylight,1,Dry,0,None,88,Not Applicable,88,Not Applicable,0,None,88,Not Applicable,88,Not Applicable,1,Non-Junction,1,Not at Intersection,1,No,1,No,88,Not Applicable,88,Not Applicable,88,Not Applicable,88,Not Applicable,FALSE,1,Public Road,1,"Trafficway, On Road",CT0009300,New Haven PD,980,55:42.0,C,Closed,40:53.0,,,,,,,
1331736,1,Complete,1331736,1331736,41.29722025,-72.89272013,3815962,New Haven,93,93,New Haven,7/30/2024,2024,7,July,30,3,Tuesday,9:40:00,9,24031067,A,"Injury of any type (Serious, Minor, Possible)",B,Suspected Minor Injury (B),1,1,0,4,Local,0.2,210,FARREN AV,FARREN AV,,FULTON ST,69,Feet,N,41.29722025,-72.89272013,9,Pedestrian,88,Not Applicable,1,On Roadway,1,Clear,88,Not Applicable,1,Daylight,1,Dry,0,None,88,Not Applicable,88,Not Applicable,0,None,88,Not Applicable,88,Not Applicable,1,Non-Junction,1,Not at Intersection,1,No,1,No,88,Not Applicable,88,Not Applicable,88,Not Applicable,88,Not Applicable,FALSE,1,Public Road,1,"Trafficway, On Road",CT0009300,New Haven PD,46614,34:10.0,C,Closed,40:50.0,,,,,,,
1331738,1,Complete,1331738,1331738,41.32057275,-72.87432757,3815964,New Haven,93,93,New Haven,7/30/2024,2024,7,July,30,3,Tuesday,12:53:00,12,24031124,A,"Injury of any type (Serious, Minor, Possible)",A,Suspected Serious Injury (A),1,0,0,4,Local,2.2,498,QUINNIPIAC AV,QUINNIPIAC AV,,FOXON BLVD,80,Feet,S,41.32057275,-72.87432757,32,Tree (standing),88,Not Applicable,4,Roadside,2,Cloudy,88,Not Applicable,1,Daylight,1,Dry,99,Unknown,88,Not Applicable,88,Not Applicable,99,Unknown,88,Not Applicable,88,Not Applicable,1,Non-Junction,1,Not at Intersection,1,No,1,No,88,Not Applicable,88,Not Applicable,88,Not Applicable,88,Not Applicable,FALSE,1,Public Road,1,"Trafficway, On Road",CT0009300,New Haven PD,175,29:36.0,C,Closed,44:46.0,,,,,,,
1331739,1,Complete,1331739,1331739,41.297706,-72.940046,3815965,New Haven,93,93,New Haven,7/30/2024,2024,7,July,30,3,Tuesday,14:49:00,14,24031131,A,"Injury of any type (Serious, Minor, Possible)",C,Possible Injury (C),2,0,0,2,USRoute,47.09,1,1-N,1-N,,REDFIELD ST,50,Feet,W,41.297706,-72.940046,14,Motor Vehicle in Operation,1,Front to rear,1,On Roadway,1,Clear,88,Not Applicable,1,Daylight,1,Dry,0,None,88,Not Applicable,88,Not Applicable,0,None,88,Not Applicable,88,Not Applicable,1,Non-Junction,1,Not at Intersection,1,No,1,No,88,Not Applicable,88,Not Applicable,88,Not Applicable,88,Not Applicable,TRUE,1,Public Road,1,"Trafficway, On Road",CT0009300,New Haven PD,46623,36:41.0,C,Closed,40:52.0,,,,,,,
1331749,1,Complete,1331749,1331749,41.327859,-72.950208,3815975,New Haven,93,93,New Haven,7/30/2024,2024,7,July,30,3,Tuesday,22:06:00,22,24031224,A,"Injury of any type (Serious, Minor, Possible)",C,Possible Injury (C),2,0,1,4,Local,0.09,162,DYER ST,DYER ST,DIAMOND ST,,,,,41.327859,-72.950208,14,Motor Vehicle in Operation,3,Angle,1,On Roadway,1,Clear,88,Not Applicable,4,Dark-Lighted,1,Dry,0,None,88,Not Applicable,88,Not Applicable,0,None,88,Not Applicable,88,Not Applicable,2,Intersection,2,Four-Way Intersection,1,No,1,No,88,Not Applicable,88,Not Applicable,88,Not Applicable,88,Not Applicable,FALSE,1,Public Road,1,"Trafficway, On Road",CT0009300,New Haven PD,45701,51:14.0,C,Closed,41:04.0,,,,,,,
1331753,1,Complete,1331753,1331753,41.313521,-72.923441,3815979,New Haven,93,93,New Haven,7/31/2024,2024,7,July,31,4,Wednesday,11:11:00,11,24031304,A,"Injury of any type (Serious, Minor, Possible)",B,Suspected Minor Injury (B),1,1,2,4,Local,0.09,601,TRUMBULL ST,TRUMBULL ST,HILLHOUSE AVE,,,,,41.313521,-72.923441,9,Pedestrian,88,Not Applicable,1,On Roadway,1,Clear,88,Not Applicable,1,Daylight,1,Dry,0,None,88,Not Applicable,88,Not Applicable,3,Backup Due to Regular Congestion,88,Not Applicable,88,Not Applicable,2,Intersection,2,Four-Way Intersection,1,No,1,No,88,Not Applicable,88,Not Applicable,88,Not Applicable,88,Not Applicable,FALSE,1,Public Road,1,"Trafficway, On Road",CT0009300,New Haven PD,43688,41:11.0,C,Closed,41:04.0,,,,,,,
1331756,1,Complete,1331756,1331756,41.316509,-72.897336,3815982,New Haven,93,93,New Haven,7/31/2024,2024,7,July,31,4,Wednesday,12:48:00,12,24031317,A,"Injury of any type (Serious, Minor, Possible)",C,Possible Injury (C),2,0,0,4,Local,0.22,213,FERRY ST,FERRY ST,ENGLISH ST,,,,,41.316509,-72.897336,14,Motor Vehicle in Operation,3,Angle,1,On Roadway,1,Clear,88,Not Applicable,1,Daylight,1,Dry,0,None,88,Not Applicable,88,Not Applicable,0,None,88,Not Applicable,88,Not Applicable,2,Intersection,3,T-Intersection,1,No,1,No,88,Not Applicable,88,Not Applicable,88,Not Applicable,88,Not Applicable,TRUE,1,Public Road,1,"Trafficway, On Road",CT0009300,New Haven PD,980,56:09.0,C,Closed,41:08.0,,,,,,,
1331759,1,Complete,1331759,1331759,41.330955,-72.935186,3815985,New Haven,93,93,New Haven,7/31/2024,2024,7,July,31,4,Wednesday,16:12:00,16,24031339,A,"Injury of any type (Serious, Minor, Possible)",B,Suspected Minor Injury (B),2,0,0,4,Local,1.27,152,DIXWELL AV,DIXWELL AV,,IVY ST,142,Feet,N,41.330955,-72.935186,14,Motor Vehicle in Operation,1,Front to rear,1,On Roadway,1,Clear,88,Not Applicable,1,Daylight,1,Dry,0,None,88,Not Applicable,88,Not Applicable,0,None,88,Not Applicable,88,Not Applicable,1,Non-Junction,1,Not at Intersection,1,No,1,No,88,Not Applicable,88,Not Applicable,88,Not Applicable,88,Not Applicable,TRUE,1,Public Road,1,"Trafficway, On Road",CT0009300,New Haven PD,42048,08:21.0,C,Closed,41:12.0,,,,,,,
1331761,1,Complete,1331761,1331761,41.29063677,-72.93392806,3815987,New Haven,93,93,New Haven,7/31/2024,2024,7,July,31,4,Wednesday,16:11:00,16,24031350,A,"Injury of any type (Serious, Minor, Possible)",C,Possible Injury (C),1,1,0,,,,,,482 GREENWICH AVE,,KIMBERLY AVE,40,Feet,W,41.29063677,-72.93392806,9,Pedestrian,88,Not Applicable,97,Other,1,Clear,88,Not Applicable,1,Daylight,1,Dry,0,None,88,Not Applicable,88,Not Applicable,0,None,88,Not Applicable,88,Not Applicable,97,Other,1,Not at Intersection,1,No,1,No,88,Not Applicable,88,Not Applicable,88,Not Applicable,88,Not Applicable,TRUE,88,Not Applicable,4,Parking Lot,CT0009300,New Haven PD,46623,59:38.0,C,Closed,41:07.0,,,,,,,
1331763,1,Complete,1331763,1331763,41.333896,-72.924979,3815989,New Haven,93,93,New Haven,7/31/2024,2024,7,July,31,4,Wednesday,17:35:00,17,24031368,A,"Injury of any type (Serious, Minor, Possible)",C,Possible Injury (C),2,0,0,4,Local,1.28,669,WINCHESTER AV,WINCHESTER AV,LANDER ST,,,,,41.333896,-72.924979,14,Motor Vehicle in Operation,3,Angle,1,On Roadway,1,Clear,88,Not Applicable,1,Daylight,1,Dry,0,None,88,Not Applicable,88,Not Applicable,0,None,88,Not Applicable,88,Not Applicable,2,Intersection,3,T-Intersection,1,No,1,No,88,Not Applicable,88,Not Applicable,88,Not Applicable,88,Not Applicable,FALSE,1,Public Road,1,"Trafficway, On Road",CT0009300,New Haven PD,45397,52:57.0,C,Closed,41:05.0,,,,,,,
1331765,1,Complete,1331765,1331765,41.32094673,-72.94239175,3815991,New Haven,93,93,New Haven,7/31/2024,2024,7,July,31,4,Wednesday,19:47:00,19,24031406,A,"Injury of any type (Serious, Minor, Possible)",C,Possible Injury (C),2,0,0,4,Local,0.48,258,GOFFE TER,GOFFE TER,WINTHROP AV NO 2,,,,,41.32094673,-72.94239175,14,Motor Vehicle in Operation,3,Angle,1,On Roadway,1,Clear,88,Not Applicable,4,Dark-Lighted,1,Dry,0,None,88,Not Applicable,88,Not Applicable,0,None,88,Not Applicable,88,Not Applicable,2,Intersection,2,Four-Way Intersection,1,No,1,No,88,Not Applicable,88,Not Applicable,88,Not Applicable,88,Not Applicable,TRUE,1,Public Road,1,"Trafficway, On Road",CT0009300,New Haven PD,39,44:08.0,C,Closed,38:26.0,24031406,,,,,,
1331779,1,Complete,1331779,1331779,41.32703227,-72.96002885,3816005,New Haven,93,93,New Haven,8/2/2024,2024,8,August,2,6,Friday,0:01:00,0,24031571,A,"Injury of any type (Serious, Minor, Possible)",C,Possible Injury (C),2,0,0,3,State,0.22,63,63-N,63-N,,CENTRAL AVE,120,Feet,W,41.32703227,-72.96002885,14,Motor Vehicle in Operation,3,Angle,1,On Roadway,1,Clear,88,Not Applicable,4,Dark-Lighted,1,Dry,0,None,88,Not Applicable,88,Not Applicable,0,None,88,Not Applicable,88,Not Applicable,9,Driveway Access-Related,1,Not at Intersection,1,No,1,No,88,Not Applicable,88,Not Applicable,88,Not Applicable,88,Not Applicable,FALSE,1,Public Road,1,"Trafficway, On Road",CT0009300,New Haven PD,45388,09:12.0,C,Closed,41:39.0,,,,,,,
1331780,1,Complete,1331780,1331780,41.286594,-72.936506,3816006,New Haven,93,93,New Haven,8/2/2024,2024,8,August,2,6,Friday,6:23:00,6,24031585,A,"Injury of any type (Serious, Minor, Possible)",B,Suspected Minor Injury (B),2,0,0,3,State,0.49,10,10-N,10-N,,KIMBERLY AVE,110,Feet,W,41.286594,-72.936506,14,Motor Vehicle in Operation,3,Angle,1,On Roadway,1,Clear,88,Not Applicable,1,Daylight,1,Dry,0,None,88,Not Applicable,88,Not Applicable,0,None,88,Not Applicable,88,Not Applicable,9,Driveway Access-Related,1,Not at Intersection,1,No,1,No,88,Not Applicable,88,Not Applicable,88,Not Applicable,88,Not Applicable,FALSE,1,Public Road,1,"Trafficway, On Road",CT0009300,New Haven PD,44065,50:46.0,C,Closed,43:19.0,,,,,,,
1331782,1,Complete,1331782,1331782,41.301437,-72.927055,3816008,New Haven,93,93,New Haven,8/2/2024,2024,8,August,2,6,Friday,8:54:00,8,24031608,A,"Injury of any type (Serious, Minor, Possible)",C,Possible Injury (C),2,0,0,4,Local,0.01,567,SOUTH ORANGE ST,SOUTH ORANGE ST,S FRONTAGE RD,,,,,41.301437,-72.927055,14,Motor Vehicle in Operation,1,Front to rear,1,On Roadway,1,Clear,88,Not Applicable,1,Daylight,1,Dry,0,None,88,Not Applicable,88,Not Applicable,0,None,88,Not Applicable,88,Not Applicable,2,Intersection,2,Four-Way Intersection,1,No,1,No,88,Not Applicable,88,Not Applicable,88,Not Applicable,88,Not Applicable,FALSE,1,Public Road,1,"Trafficway, On Road",CT0009300,New Haven PD,45392,52:12.0,C,Closed,42:29.0,NONE,,,,,,
1331791,1,Complete,1331791,1331791,41.285622,-72.88765,3816017,New Haven,93,93,New Haven,8/2/2024,2024,8,August,2,6,Friday,21:52:00,21,24031706,A,"Injury of any type (Serious, Minor, Possible)",C,Possible Injury (C),2,0,0,4,Local,0.34,388,MAIN ST NO 2,MAIN ST NO 2,,TERRACE ST,30,Feet,E,41.285622,-72.88765,14,Motor Vehicle in Operation,1,Front to rear,1,On Roadway,4,Rain,88,Not Applicable,4,Dark-Lighted,2,Wet,99,Unknown,88,Not Applicable,88,Not Applicable,99,Unknown,88,Not Applicable,88,Not Applicable,1,Non-Junction,1,Not at Intersection,1,No,1,No,88,Not Applicable,88,Not Applicable,88,Not Applicable,88,Not Applicable,TRUE,1,Public Road,1,"Trafficway, On Road",CT0009300,New Haven PD,46615,32:56.0,O,Open,41:39.0,,,,,,,
1331793,1,Complete,1331793,1331793,41.319263,-72.949518,3816019,New Haven,93,93,New Haven,8/3/2024,2024,8,August,3,7,Saturday,6:43:00,6,24031732,A,"Injury of any type (Serious, Minor, Possible)",A,Suspected Serious Injury (A),2,0,0,3,State,3.06,10,10-N,10-N,,ELLA GRASSO BLVD,80,Feet,W,41.319263,-72.949518,14,Motor Vehicle in Operation,1,Front to rear,1,On Roadway,1,Clear,88,Not Applicable,1,Daylight,1,Dry,0,None,88,Not Applicable,88,Not Applicable,0,None,88,Not Applicable,88,Not Applicable,3,Intersection-Related,2,Four-Way Intersection,1,No,1,No,88,Not Applicable,88,Not Applicable,88,Not Applicable,88,Not Applicable,FALSE,1,Public Road,1,"Trafficway, On Road",CT0009300,New Haven PD,238,52:01.0,C,Closed,41:40.0,,,,,,,
1331794,1,Complete,1331794,1331794,41.303792,-72.927404,3816020,New Haven,93,93,New Haven,8/3/2024,2024,8,August,3,7,Saturday,7:34:00,7,24031734,A,"Injury of any type (Serious, Minor, Possible)",C,Possible Injury (C),2,0,1,4,Local,1.27,248,GEORGE ST,GEORGE ST,CHURCH ST,,,,,41.303792,-72.927404,14,Motor Vehicle in Operation,3,Angle,1,On Roadway,1,Clear,88,Not Applicable,1,Daylight,1,Dry,0,None,88,Not Applicable,88,Not Applicable,0,None,88,Not Applicable,88,Not Applicable,2,Intersection,2,Four-Way Intersection,1,No,1,No,88,Not Applicable,88,Not Applicable,88,Not Applicable,88,Not Applicable,TRUE,1,Public Road,1,"Trafficway, On Road",CT0009300,New Haven PD,469,00:27.0,C,Closed,41:47.0,,,,,,,
1331796,1,Complete,1331796,1331796,41.315031,-72.951105,3816022,New Haven,93,93,New Haven,8/3/2024,2024,8,August,3,7,Saturday,14:53:00,14,24031793,A,"Injury of any type (Serious, Minor, Possible)",B,Suspected Minor Injury (B),2,0,2,3,State,2.74,10,10-N,10-N,EDGEWOOD AVE,,,,,41.315031,-72.951105,14,Motor Vehicle in Operation,3,Angle,1,On Roadway,1,Clear,88,Not Applicable,1,Daylight,1,Dry,0,None,88,Not Applicable,88,Not Applicable,0,None,88,Not Applicable,88,Not Applicable,2,Intersection,2,Four-Way Intersection,1,No,1,No,88,Not Applicable,88,Not Applicable,88,Not Applicable,88,Not Applicable,FALSE,1,Public Road,1,"Trafficway, On Road",CT0009300,New Haven PD,44045,51:50.0,C,Closed,41:47.0,,,,,,,
1331811,1,Complete,1331811,1331811,41.320206,-72.871861,3816037,New Haven,93,93,New Haven,8/4/2024,2024,8,August,4,1,Sunday,18:52:00,18,24031906,A,"Injury of any type (Serious, Minor, Possible)",C,Possible Injury (C),2,0,0,3,State,0.56,80,80-E,80-E,EASTERN ST,,,,,41.320206,-72.871861,14,Motor Vehicle in Operation,1,Front to rear,1,On Roadway,4,Rain,88,Not Applicable,1,Daylight,2,Wet,0,None,88,Not Applicable,88,Not Applicable,0,None,88,Not Applicable,88,Not Applicable,2,Intersection,2,Four-Way Intersection,1,No,1,No,88,Not Applicable,88,Not Applicable,88,Not Applicable,88,Not Applicable,FALSE,1,Public Road,1,"Trafficway, On Road",CT0009300,New Haven PD,42367,20:17.0,C,Closed,42:42.0,,,,,,,
1331813,1,Complete,1331813,1331813,41.30035,-72.938408,3816039,New Haven,93,93,New Haven,8/4/2024,2024,8,August,4,1,Sunday,22:43:00,22,24031932,A,"Injury of any type (Serious, Minor, Possible)",C,Possible Injury (C),1,0,0,4,Local,0.52,123,CONGRESS AV,CONGRESS AV,,HALLOCK ST,50,Feet,E,41.30035,-72.938408,25,Curb,88,Not Applicable,4,Roadside,1,Clear,88,Not Applicable,4,Dark-Lighted,1,Dry,0,None,88,Not Applicable,88,Not Applicable,0,None,88,Not Applicable,88,Not Applicable,1,Non-Junction,1,Not at Intersection,1,No,1,No,88,Not Applicable,88,Not Applicable,88,Not Applicable,88,Not Applicable,FALSE,1,Public Road,1,"Trafficway, On Road",CT0009300,New Haven PD,754,49:37.0,C,Closed,41:52.0,,,,,,,
1331814,1,Complete,1331814,1331814,41.3164049,-72.9342959,3816040,New Haven,93,93,New Haven,8/4/2024,2024,8,August,4,1,Sunday,21:54:00,21,24031937,A,"Injury of any type (Serious, Minor, Possible)",C,Possible Injury (C),2,0,0,4,Local,0.38,631,WEBSTER ST,WEBSTER ST,WINTER ST,,,,,41.3164049,-72.9342959,14,Motor Vehicle in Operation,3,Angle,1,On Roadway,1,Clear,88,Not Applicable,3,Dusk,1,Dry,0,None,88,Not Applicable,88,Not Applicable,0,None,88,Not Applicable,88,Not Applicable,2,Intersection,3,T-Intersection,1,No,1,No,88,Not Applicable,88,Not Applicable,88,Not Applicable,88,Not Applicable,TRUE,1,Public Road,1,"Trafficway, On Road",CT0009300,New Haven PD,44947,58:21.0,O,Open,41:52.0,,,,,,,