CrashId,Fatal Case Status,Fatal Case Status Text Format,CrashId,CrashId,Latitude,Longitude,DOT Case Number,Town Name,Town Number,Town Number,Town Number Text Format,Date Of Crash,Year,Month,Month Text Format,Day,Day of the Week,Day of the Week Text Format,Time of Crash,Hour of the Day,Case Identifier,Crash Severity,Crash Severity Text Format,Most Severe Injury,Most Severe Injury Text Format,Number Of Motor Vehicles,Number Of Non-Motorist,Number Of Witnesses,Route Class,Route Class Text Format,Milemarker,Road Number,Road Description,Roadway Name,Intersecting Roadway Name,Landmark Description,Distance From Nearest Landmark,Unit Of Measure From Nearest Landmark,Direction From Nearest Landmark,Latitude,Longitude,First Harmful Event,First Harmful Event Text Format,Manner of Crash / Collision Impact,Manner of Crash / Collision Impact Text Format,Location of First Harmful Event,Location of First Harmful Event Text Format,Weather Condition,Weather Condition Text Format,Weather 2,Weather 2 Text Format,Light Condition,Light Condition Text Format,Road Surface Condition,Road Surface Condition Text Format,"Contributing Circumstances, Environment","Contributing Circumstances, Environment Text Format",Environment 2,Environment 2 Text Format,Environment 3,Environment 3 Text Format,"Contributing Circumstances, Road","Contributing Circumstances, Road Text Format",Road 2,Road 2 Text Format,Road 3,Road 3 Text Format,Crash Specific Location,Crash Specific Location Text Format,Type of Intersection,Type of Intersection Text Format,School Bus Related,School Bus Related Text Format,Work Zone Related,Work Zone Related Text Format,Location Of Crash Relative To Work Zone,Location Of Crash Relative To Work Zone Text Format,Type of Work Zone,Type of Work Zone Text Format,Worker Presence,Worker Presence Text Format,Law Enforcement Presence,Law Enforcement Presence Text Format,Were Vehicles Moved Prior To Police Arrival,Trafficway Ownership,Trafficway Ownership Text Format,Trafficway Class,Trafficway Class Text Format,Police Agency,Police Agency Text Format,Badge Number,Approval Date,Police Case Status,Police Case Status Text Format,Crash Report Submission Date,Related Case Identifiers,No. of Through Lanes (Log Dir.),Average Daily Traffic,Functional Classification,Functional Classification Text Format,Rural or Urban,Rural or Urban Text Format
1331973,1,Complete,1331973,1331973,41.334375,-72.937823,3816199,New Haven,93,93,New Haven,8/15/2024,2024,8,August,15,5,Thursday,12:22:00,12,24033643,A,"Injury of any type (Serious, Minor, Possible)",B,Suspected Minor Injury (B),2,0,0,4,Local,1.07,557,SHERMAN PKWY,SHERMAN PKWY,POND ST,,,,,41.334375,-72.937823,14,Motor Vehicle in Operation,3,Angle,1,On Roadway,1,Clear,88,Not Applicable,1,Daylight,1,Dry,0,None,88,Not Applicable,88,Not Applicable,0,None,88,Not Applicable,88,Not Applicable,2,Intersection,2,Four-Way Intersection,1,No,1,No,88,Not Applicable,88,Not Applicable,88,Not Applicable,88,Not Applicable,FALSE,1,Public Road,1,"Trafficway, On Road",CT0009300,New Haven PD,46614,25:44.0,C,Closed,43:58.0,,,,,,,
1331974,1,Complete,1331974,1331974,41.327486,-72.953329,3816200,New Haven,93,93,New Haven,8/15/2024,2024,8,August,15,5,Thursday,13:56:00,13,24033652,A,"Injury of any type (Serious, Minor, Possible)",A,Suspected Serious Injury (A),2,0,1,4,Local,0.55,56,BLAKE ST,BLAKE ST,FITCH ST,,,,,41.327486,-72.953329,14,Motor Vehicle in Operation,97,Other,1,On Roadway,1,Clear,88,Not Applicable,1,Daylight,1,Dry,0,None,88,Not Applicable,88,Not Applicable,0,None,88,Not Applicable,88,Not Applicable,2,Intersection,2,Four-Way Intersection,1,No,1,No,88,Not Applicable,88,Not Applicable,88,Not Applicable,88,Not Applicable,FALSE,1,Public Road,1,"Trafficway, On Road",CT0009300,New Haven PD,326,16:48.0,C,Closed,43:47.0,,,,,,,
1331975,1,Complete,1331975,1331975,41.31542,-72.938735,3816201,New Haven,93,93,New Haven,8/15/2024,2024,8,August,15,5,Thursday,15:30:00,15,24033654,A,"Injury of any type (Serious, Minor, Possible)",C,Possible Injury (C),2,0,0,4,Local,0.58,653,WHALLEY AV,WHALLEY AV,,ORCHARD ST,125,Feet,E,41.31542,-72.938735,14,Motor Vehicle in Operation,3,Angle,1,On Roadway,1,Clear,88,Not Applicable,1,Daylight,1,Dry,0,None,88,Not Applicable,88,Not Applicable,0,None,88,Not Applicable,88,Not Applicable,9,Driveway Access-Related,1,Not at Intersection,1,No,1,No,88,Not Applicable,88,Not Applicable,88,Not Applicable,88,Not Applicable,FALSE,1,Public Road,1,"Trafficway, On Road",CT0009300,New Haven PD,40085,16:47.0,O,Open,43:56.0,,,,,,,
1331982,1,Complete,1331982,1331982,41.29729,-72.94875,3816208,New Haven,93,93,New Haven,8/15/2024,2024,8,August,15,5,Thursday,18:24:00,18,24033701,A,"Injury of any type (Serious, Minor, Possible)",C,Possible Injury (C),2,0,0,3,State,1.46,10,10-N,10-N,,COLUMBUS AV,50,Feet,S,41.29729,-72.94875,14,Motor Vehicle in Operation,1,Front to rear,1,On Roadway,1,Clear,88,Not Applicable,6,Dark-Unknown Lighting,1,Dry,0,None,88,Not Applicable,88,Not Applicable,0,None,88,Not Applicable,88,Not Applicable,3,Intersection-Related,2,Four-Way Intersection,1,No,1,No,88,Not Applicable,88,Not Applicable,88,Not Applicable,88,Not Applicable,FALSE,1,Public Road,1,"Trafficway, On Road",CT0009300,New Haven PD,46619,36:30.0,C,Closed,43:48.0,,,,,,,
1331983,1,Complete,1331983,1331983,41.320502,-72.951024,3816209,New Haven,93,93,New Haven,8/15/2024,2024,8,August,15,5,Thursday,20:57:00,20,24033702,A,"Injury of any type (Serious, Minor, Possible)",B,Suspected Minor Injury (B),3,0,0,3,State,3.17,10,10-N,10-N,,HOBART STREET,15,Feet,W,41.320502,-72.951024,14,Motor Vehicle in Operation,4,"Sideswipe, same direction",1,On Roadway,1,Clear,88,Not Applicable,4,Dark-Lighted,1,Dry,0,None,88,Not Applicable,88,Not Applicable,0,None,88,Not Applicable,88,Not Applicable,1,Non-Junction,1,Not at Intersection,1,No,1,No,88,Not Applicable,88,Not Applicable,88,Not Applicable,88,Not Applicable,FALSE,1,Public Road,1,"Trafficway, On Road",CT0009300,New Haven PD,45398,05:25.0,C,Closed,43:48.0,,,,,,,
1331988,1,Complete,1331988,1331988,41.288358,-72.935024,3816214,New Haven,93,93,New Haven,8/16/2024,2024,8,August,16,6,Friday,9:56:00,9,24033772,A,"Injury of any type (Serious, Minor, Possible)",C,Possible Injury (C),2,0,0,4,Local,0.29,339,KIMBERLY AV,KIMBERLY AV,,GRANT ST,88,Feet,N,41.288358,-72.935024,14,Motor Vehicle in Operation,1,Front to rear,1,On Roadway,1,Clear,88,Not Applicable,1,Daylight,1,Dry,0,None,88,Not Applicable,88,Not Applicable,0,None,88,Not Applicable,88,Not Applicable,3,Intersection-Related,2,Four-Way Intersection,1,No,1,No,88,Not Applicable,88,Not Applicable,88,Not Applicable,88,Not Applicable,TRUE,1,Public Road,1,"Trafficway, On Road",CT0009300,New Haven PD,45395,30:55.0,C,Closed,43:51.0,,,,,,,
1331993,1,Complete,1331993,1331993,41.334458,-72.935181,3816219,New Haven,93,93,New Haven,8/16/2024,2024,8,August,16,6,Friday,20:41:00,20,24033848,A,"Injury of any type (Serious, Minor, Possible)",C,Possible Injury (C),2,0,0,4,Local,1.48,152,DIXWELL AV,DIXWELL AV,,POND ST,40,Feet,N,41.334458,-72.935181,14,Motor Vehicle in Operation,1,Front to rear,1,On Roadway,1,Clear,88,Not Applicable,1,Daylight,1,Dry,0,None,88,Not Applicable,88,Not Applicable,0,None,88,Not Applicable,88,Not Applicable,1,Non-Junction,1,Not at Intersection,1,No,1,No,88,Not Applicable,88,Not Applicable,88,Not Applicable,88,Not Applicable,FALSE,1,Public Road,1,"Trafficway, On Road",CT0009300,New Haven PD,45401,46:00.0,C,Closed,43:52.0,,,,,,,
1331996,1,Complete,1331996,1331996,41.2852023,-72.8958569,3816222,New Haven,93,93,New Haven,8/17/2024,2024,8,August,17,7,Saturday,1:58:00,1,24033871,A,"Injury of any type (Serious, Minor, Possible)",C,Possible Injury (C),1,0,0,4,Local,1.09,678,WOODWARD AV,WOODWARD AV,PARK LN,,,,,41.2852023,-72.8958569,33,Utility Pole/Light Support,88,Not Applicable,1,On Roadway,1,Clear,88,Not Applicable,4,Dark-Lighted,1,Dry,0,None,88,Not Applicable,88,Not Applicable,0,None,88,Not Applicable,88,Not Applicable,2,Intersection,3,T-Intersection,1,No,1,No,88,Not Applicable,88,Not Applicable,88,Not Applicable,88,Not Applicable,FALSE,1,Public Road,1,"Trafficway, On Road",CT0009300,New Haven PD,42369,29:51.0,C,Closed,43:54.0,,,,,,,
1331999,1,Complete,1331999,1331999,41.294136,-72.946704,3816225,New Haven,93,93,New Haven,8/17/2024,2024,8,August,17,7,Saturday,12:18:00,12,24033914,A,"Injury of any type (Serious, Minor, Possible)",C,Possible Injury (C),2,0,0,,,,,,580 ELLA T GRASSO BLVD,,ELLA T GRASSO BLVD,290,Feet,S,41.294136,-72.946704,14,Motor Vehicle in Operation,7,Rear to rear,7,In Parking Lane or Zone,1,Clear,88,Not Applicable,1,Daylight,1,Dry,0,None,88,Not Applicable,88,Not Applicable,0,None,88,Not Applicable,88,Not Applicable,97,Other,1,Not at Intersection,1,No,1,No,88,Not Applicable,88,Not Applicable,88,Not Applicable,88,Not Applicable,FALSE,88,Not Applicable,4,Parking Lot,CT0009300,New Haven PD,45392,41:25.0,O,Open,39:55.0,NONE,,,,,,
1332001,1,Complete,1332001,1332001,41.3104,-72.940152,3816227,New Haven,93,93,New Haven,8/17/2024,2024,8,August,17,7,Saturday,12:35:00,12,24033916,A,"Injury of any type (Serious, Minor, Possible)",C,Possible Injury (C),2,0,0,4,Local,2.57,97,CHAPEL ST,CHAPEL ST,,KENSINGTON ST,20,Feet,E,41.3104,-72.940152,14,Motor Vehicle in Operation,1,Front to rear,1,On Roadway,1,Clear,88,Not Applicable,1,Daylight,1,Dry,0,None,88,Not Applicable,88,Not Applicable,0,None,88,Not Applicable,88,Not Applicable,3,Intersection-Related,3,T-Intersection,1,No,1,No,88,Not Applicable,88,Not Applicable,88,Not Applicable,88,Not Applicable,FALSE,1,Public Road,1,"Trafficway, On Road",CT0009300,New Haven PD,349,10:23.0,C,Closed,43:55.0,,,,,,,
1332006,1,Complete,1332006,1332006,41.302662,-72.92469,3816232,New Haven,93,93,New Haven,8/17/2024,2024,8,August,17,7,Saturday,20:06:00,20,24033959,A,"Injury of any type (Serious, Minor, Possible)",C,Possible Injury (C),2,0,0,4,Local,1.44,248,GEORGE ST,GEORGE ST,,STATE ST,58,Feet,W,41.302662,-72.92469,14,Motor Vehicle in Operation,1,Front to rear,1,On Roadway,1,Clear,88,Not Applicable,4,Dark-Lighted,1,Dry,0,None,88,Not Applicable,88,Not Applicable,0,None,88,Not Applicable,88,Not Applicable,3,Intersection-Related,2,Four-Way Intersection,1,No,1,No,88,Not Applicable,88,Not Applicable,88,Not Applicable,88,Not Applicable,FALSE,1,Public Road,1,"Trafficway, On Road",CT0009300,New Haven PD,44049,44:12.0,C,Closed,43:58.0,,,,,,,
1332009,1,Complete,1332009,1332009,41.291408,-72.892182,3816235,New Haven,93,93,New Haven,8/18/2024,2024,8,August,18,1,Sunday,2:09:00,2,24033980,A,"Injury of any type (Serious, Minor, Possible)",B,Suspected Minor Injury (B),1,1,2,4,Local,0.13,597,TOWNSEND AV,TOWNSEND AV,,BURWELL ST,115,Feet,N,41.291408,-72.892182,9,Pedestrian,88,Not Applicable,1,On Roadway,4,Rain,88,Not Applicable,4,Dark-Lighted,2,Wet,99,Unknown,88,Not Applicable,88,Not Applicable,99,Unknown,88,Not Applicable,88,Not Applicable,1,Non-Junction,1,Not at Intersection,1,No,1,No,88,Not Applicable,88,Not Applicable,88,Not Applicable,88,Not Applicable,FALSE,1,Public Road,1,"Trafficway, On Road",CT0009300,New Haven PD,42369,31:10.0,O,Open,43:57.0,,,,,,,
1332017,1,Complete,1332017,1332017,41.300003,-72.950092,3816243,New Haven,93,93,New Haven,8/18/2024,2024,8,August,18,1,Sunday,18:58:00,18,24034047,A,"Injury of any type (Serious, Minor, Possible)",C,Possible Injury (C),2,0,0,3,State,1.65,10,10-N,10-N,,ORANGE AV,930,Feet,N,41.300003,-72.950092,14,Motor Vehicle in Operation,3,Angle,1,On Roadway,4,Rain,88,Not Applicable,3,Dusk,2,Wet,0,None,88,Not Applicable,88,Not Applicable,0,None,88,Not Applicable,88,Not Applicable,9,Driveway Access-Related,1,Not at Intersection,1,No,1,No,88,Not Applicable,88,Not Applicable,88,Not Applicable,88,Not Applicable,FALSE,1,Public Road,1,"Trafficway, On Road",CT0009300,New Haven PD,45389,53:57.0,C,Closed,43:59.0,,,,,,,
1332022,1,Complete,1332022,1332022,41.316114,-72.87286,3816248,New Haven,93,93,New Haven,8/18/2024,2024,8,August,18,1,Sunday,20:04:00,20,24034062,A,"Injury of any type (Serious, Minor, Possible)",C,Possible Injury (C),2,0,0,4,Local,0.66,167,EASTERN ST,EASTERN ST,,HEMINGWAY ST,525,Feet,N,41.316114,-72.87286,14,Motor Vehicle in Operation,3,Angle,1,On Roadway,4,Rain,88,Not Applicable,4,Dark-Lighted,2,Wet,1,Weather Conditions,88,Not Applicable,88,Not Applicable,0,None,88,Not Applicable,88,Not Applicable,9,Driveway Access-Related,1,Not at Intersection,1,No,1,No,88,Not Applicable,88,Not Applicable,88,Not Applicable,88,Not Applicable,FALSE,1,Public Road,1,"Trafficway, On Road",CT0009300,New Haven PD,37594,31:16.0,C,Closed,44:14.0,,,,,,,
1332025,1,Complete,1332025,1332025,41.300416,-72.943324,3816251,New Haven,93,93,New Haven,8/19/2024,2024,8,August,19,2,Monday,1:03:00,1,24034073,A,"Injury of any type (Serious, Minor, Possible)",C,Possible Injury (C),2,0,0,4,Local,0.3,141,DAVENPORT AV,DAVENPORT AV,,WINTHROP AVENUE,10,Feet,W,41.300416,-72.943324,14,Motor Vehicle in Operation,1,Front to rear,1,On Roadway,1,Clear,88,Not Applicable,4,Dark-Lighted,1,Dry,0,None,88,Not Applicable,88,Not Applicable,0,None,88,Not Applicable,88,Not Applicable,3,Intersection-Related,3,T-Intersection,1,No,1,No,88,Not Applicable,88,Not Applicable,88,Not Applicable,88,Not Applicable,FALSE,1,Public Road,1,"Trafficway, On Road",CT0009300,New Haven PD,46625,23:49.0,C,Closed,44:05.0,,,,,,,
1332026,1,Complete,1332026,1332026,41.317838,-72.933496,3816252,New Haven,93,93,New Haven,8/19/2024,2024,8,August,19,2,Monday,2:41:00,2,24034080,A,"Injury of any type (Serious, Minor, Possible)",B,Suspected Minor Injury (B),1,0,0,4,Local,0.36,152,DIXWELL AV,DIXWELL AV,FOOTE ST,,,,,41.317838,-72.933496,32,Tree (standing),88,Not Applicable,1,On Roadway,4,Rain,88,Not Applicable,4,Dark-Lighted,2,Wet,0,None,88,Not Applicable,88,Not Applicable,0,None,88,Not Applicable,88,Not Applicable,2,Intersection,3,T-Intersection,1,No,1,No,88,Not Applicable,88,Not Applicable,88,Not Applicable,88,Not Applicable,FALSE,1,Public Road,1,"Trafficway, On Road",CT0009300,New Haven PD,42365,25:11.0,C,Closed,44:01.0,,,,,,,
1332027,1,Complete,1332027,1332027,41.289026,-72.894669,3816253,New Haven,93,93,New Haven,8/19/2024,2024,8,August,19,2,Monday,6:03:00,6,24034093,A,"Injury of any type (Serious, Minor, Possible)",C,Possible Injury (C),3,0,0,4,Local,1.36,678,WOODWARD AV,WOODWARD AV,95-N-346 (Exit 50) ,,,,,41.289026,-72.894669,14,Motor Vehicle in Operation,97,Other,1,On Roadway,4,Rain,4,Rain,1,Daylight,2,Wet,0,None,88,Not Applicable,88,Not Applicable,0,None,88,Not Applicable,88,Not Applicable,2,Intersection,2,Four-Way Intersection,1,No,1,No,88,Not Applicable,88,Not Applicable,88,Not Applicable,88,Not Applicable,FALSE,1,Public Road,1,"Trafficway, On Road",CT0009300,New Haven PD,44063,11:24.0,C,Closed,44:02.0,,,,,,,
1332028,1,Complete,1332028,1332028,41.297484,-72.884341,3816254,New Haven,93,93,New Haven,8/19/2024,2024,8,August,19,2,Monday,10:41:00,10,24034131,A,"Injury of any type (Serious, Minor, Possible)",A,Suspected Serious Injury (A),1,0,0,4,Local,1.31,535,RUSSELL ST,RUSSELL ST,,LEXINGTON AVE,990,Feet,E,41.297484,-72.884341,33,Utility Pole/Light Support,88,Not Applicable,1,On Roadway,4,Rain,88,Not Applicable,1,Daylight,2,Wet,0,None,88,Not Applicable,88,Not Applicable,0,None,88,Not Applicable,88,Not Applicable,1,Non-Junction,1,Not at Intersection,1,No,1,No,88,Not Applicable,88,Not Applicable,88,Not Applicable,88,Not Applicable,FALSE,1,Public Road,1,"Trafficway, On Road",CT0009300,New Haven PD,46623,22:16.0,C,Closed,44:04.0,,,,,,,
1332031,1,Complete,1332031,1332031,41.310545,-72.898535,3816257,New Haven,93,93,New Haven,8/19/2024,2024,8,August,19,2,Monday,12:48:00,12,24034156,A,"Injury of any type (Serious, Minor, Possible)",C,Possible Injury (C),2,0,0,4,Local,0.05,734,CLAY ST NO 2,CLAY ST NO 2,FILLMORE ST,,,,,41.310545,-72.898535,14,Motor Vehicle in Operation,2,Front to front,1,On Roadway,2,Cloudy,88,Not Applicable,1,Daylight,1,Dry,0,None,88,Not Applicable,88,Not Applicable,0,None,88,Not Applicable,88,Not Applicable,2,Intersection,2,Four-Way Intersection,1,No,1,No,88,Not Applicable,88,Not Applicable,88,Not Applicable,88,Not Applicable,FALSE,1,Public Road,1,"Trafficway, On Road",CT0009300,New Haven PD,46173,52:16.0,C,Closed,44:03.0,,,,,,,
1332057,1,Complete,1332057,1332057,41.327304,-72.968444,3816283,New Haven,93,93,New Haven,8/20/2024,2024,8,August,20,3,Tuesday,6:27:00,6,24034278,A,"Injury of any type (Serious, Minor, Possible)",B,Suspected Minor Injury (B),2,0,0,3,State,6.2,243,243-E,243-E,DAYTON ST,,,,,41.327304,-72.968444,14,Motor Vehicle in Operation,3,Angle,1,On Roadway,1,Clear,88,Not Applicable,1,Daylight,1,Dry,0,None,88,Not Applicable,88,Not Applicable,0,None,88,Not Applicable,88,Not Applicable,2,Intersection,3,T-Intersection,1,No,1,No,88,Not Applicable,88,Not Applicable,88,Not Applicable,88,Not Applicable,FALSE,1,Public Road,1,"Trafficway, On Road",CT0009300,New Haven PD,238,54:13.0,C,Closed,44:06.0,,,,,,,
1332061,1,Complete,1332061,1332061,41.31646,-72.904164,3816287,New Haven,93,93,New Haven,8/20/2024,2024,8,August,20,3,Tuesday,12:26:00,12,24034325,A,"Injury of any type (Serious, Minor, Possible)",C,Possible Injury (C),2,0,0,2,USRoute,0.01,5,5-N,5-N,,JAMES ST,15,Feet,E,41.31646,-72.904164,14,Motor Vehicle in Operation,1,Front to rear,1,On Roadway,1,Clear,88,Not Applicable,1,Daylight,1,Dry,0,None,88,Not Applicable,88,Not Applicable,0,None,88,Not Applicable,88,Not Applicable,3,Intersection-Related,3,T-Intersection,1,No,1,No,88,Not Applicable,88,Not Applicable,88,Not Applicable,88,Not Applicable,FALSE,1,Public Road,1,"Trafficway, On Road",CT0009300,New Haven PD,180,44:00.0,C,Closed,44:06.0,24034325,,,,,,
1332079,1,Complete,1332079,1332079,41.312894,-72.932476,3816305,New Haven,93,93,New Haven,8/21/2024,2024,8,August,21,4,Wednesday,12:50:00,12,24034491,A,"Injury of any type (Serious, Minor, Possible)",A,Suspected Serious Injury (A),2,0,0,4,Local,0.23,596,TOWER PKWY,TOWER PKWY,GOFFE ST,,,,,41.312894,-72.932476,14,Motor Vehicle in Operation,3,Angle,1,On Roadway,1,Clear,88,Not Applicable,1,Daylight,1,Dry,0,None,88,Not Applicable,88,Not Applicable,0,None,88,Not Applicable,88,Not Applicable,2,Intersection,2,Four-Way Intersection,1,No,1,No,88,Not Applicable,88,Not Applicable,88,Not Applicable,88,Not Applicable,FALSE,1,Public Road,1,"Trafficway, On Road",CT0009300,New Haven PD,46611,25:19.0,C,Closed,44:16.0,,,,,,,
1332081,1,Complete,1332081,1332081,41.310687,-72.941477,3816307,New Haven,93,93,New Haven,8/21/2024,2024,8,August,21,4,Wednesday,15:33:00,15,24034511,A,"Injury of any type (Serious, Minor, Possible)",C,Possible Injury (C),2,0,0,4,Local,2.65,97,CHAPEL ST,CHAPEL ST,ORCHARD ST,,,,,41.310687,-72.941477,14,Motor Vehicle in Operation,3,Angle,1,On Roadway,1,Clear,88,Not Applicable,1,Daylight,1,Dry,0,None,88,Not Applicable,88,Not Applicable,0,None,88,Not Applicable,88,Not Applicable,2,Intersection,2,Four-Way Intersection,1,No,1,No,88,Not Applicable,88,Not Applicable,88,Not Applicable,88,Not Applicable,FALSE,1,Public Road,1,"Trafficway, On Road",CT0009300,New Haven PD,46619,23:19.0,C,Closed,44:14.0,,,,,,,
1332089,1,Complete,1332089,1332089,41.305548,-72.935826,3816315,New Haven,93,93,New Haven,8/22/2024,2024,8,August,22,5,Thursday,14:03:00,14,24034703,A,"Injury of any type (Serious, Minor, Possible)",C,Possible Injury (C),2,0,0,4,Local,0.09,565,SOUTH FRONTAGE RD-RT 34,SOUTH FRONTAGE RD-RT 34,,park street ,20,Feet,E,41.305548,-72.935826,14,Motor Vehicle in Operation,1,Front to rear,1,On Roadway,1,Clear,88,Not Applicable,1,Daylight,1,Dry,0,None,88,Not Applicable,88,Not Applicable,0,None,88,Not Applicable,88,Not Applicable,1,Non-Junction,1,Not at Intersection,1,No,1,No,88,Not Applicable,88,Not Applicable,88,Not Applicable,88,Not Applicable,FALSE,1,Public Road,1,"Trafficway, On Road",CT0009300,New Haven PD,33016,40:28.0,C,Closed,44:25.0,,,,,,,
1332092,1,Complete,1332092,1332092,41.32882156,-72.9654156,3816318,New Haven,93,93,New Haven,8/22/2024,2024,8,August,22,5,Thursday,16:38:00,16,24034716,A,"Injury of any type (Serious, Minor, Possible)",B,Suspected Minor Injury (B),2,0,0,3,State,0.54,63,63-N,63-N,,EMERSON ST,20,Feet,W,41.32882156,-72.9654156,14,Motor Vehicle in Operation,1,Front to rear,1,On Roadway,1,Clear,88,Not Applicable,1,Daylight,1,Dry,0,None,88,Not Applicable,88,Not Applicable,0,None,88,Not Applicable,88,Not Applicable,3,Intersection-Related,3,T-Intersection,1,No,1,No,88,Not Applicable,88,Not Applicable,88,Not Applicable,88,Not Applicable,FALSE,1,Public Road,1,"Trafficway, On Road",CT0009300,New Haven PD,44045,22:09.0,C,Closed,44:24.0,,,,,,,
1332097,1,Complete,1332097,1332097,41.31169592,-72.94440787,3816323,New Haven,93,93,New Haven,8/22/2024,2024,8,August,22,5,Thursday,19:30:00,19,24034750,A,"Injury of any type (Serious, Minor, Possible)",C,Possible Injury (C),2,0,0,4,Local,0.41,556,SHERMAN AV,SHERMAN AV,,CHAPEL ST,80,Feet,N,41.31169592,-72.94440787,14,Motor Vehicle in Operation,3,Angle,1,On Roadway,1,Clear,88,Not Applicable,1,Daylight,1,Dry,0,None,88,Not Applicable,88,Not Applicable,0,None,88,Not Applicable,88,Not Applicable,1,Non-Junction,1,Not at Intersection,1,No,1,No,88,Not Applicable,88,Not Applicable,88,Not Applicable,88,Not Applicable,FALSE,1,Public Road,1,"Trafficway, On Road",CT0009300,New Haven PD,44055,41:45.0,C,Closed,44:19.0,,,,,,,
1332098,1,Complete,1332098,1332098,41.307038,-72.92129,3816324,New Haven,93,93,New Haven,8/22/2024,2024,8,August,22,5,Thursday,20:30:00,20,24034759,A,"Injury of any type (Serious, Minor, Possible)",C,Possible Injury (C),2,0,0,4,Local,0.73,726,ELM ST NO 2,ELM ST NO 2,STATE ST,,,,,41.307038,-72.92129,14,Motor Vehicle in Operation,3,Angle,1,On Roadway,1,Clear,88,Not Applicable,4,Dark-Lighted,1,Dry,0,None,88,Not Applicable,88,Not Applicable,0,None,88,Not Applicable,88,Not Applicable,2,Intersection,2,Four-Way Intersection,1,No,1,No,88,Not Applicable,88,Not Applicable,88,Not Applicable,88,Not Applicable,TRUE,1,Public Road,1,"Trafficway, On Road",CT0009300,New Haven PD,44048,48:12.0,O,Open,44:17.0,,,,,,,
1332099,1,Complete,1332099,1332099,41.309237,-72.895438,3816325,New Haven,93,93,New Haven,8/22/2024,2024,8,August,22,5,Thursday,20:26:00,20,24034763,A,"Injury of any type (Serious, Minor, Possible)",C,Possible Injury (C),1,1,0,4,Local,0.74,213,FERRY ST,FERRY ST,,GRAND AVE,50,Feet,N,41.309237,-72.895438,9,Pedestrian,88,Not Applicable,1,On Roadway,1,Clear,88,Not Applicable,1,Daylight,1,Dry,0,None,88,Not Applicable,88,Not Applicable,0,None,88,Not Applicable,88,Not Applicable,1,Non-Junction,1,Not at Intersection,1,No,1,No,88,Not Applicable,88,Not Applicable,88,Not Applicable,88,Not Applicable,FALSE,1,Public Road,1,"Trafficway, On Road",CT0009300,New Haven PD,45700,46:06.0,O,Open,44:31.0,,,,,,,
1332100,1,Complete,1332100,1332100,41.28633811,-72.93610829,3816326,New Haven,93,93,New Haven,8/23/2024,2024,8,August,23,6,Friday,0:17:00,0,24034773,A,"Injury of any type (Serious, Minor, Possible)",B,Suspected Minor Injury (B),3,0,0,3,State,0.28,10,10-N,10-N,745-E,,,,,41.28633811,-72.93610829,14,Motor Vehicle in Operation,3,Angle,1,On Roadway,1,Clear,88,Not Applicable,4,Dark-Lighted,1,Dry,0,None,88,Not Applicable,88,Not Applicable,0,None,88,Not Applicable,88,Not Applicable,2,Intersection,2,Four-Way Intersection,1,No,1,No,88,Not Applicable,88,Not Applicable,88,Not Applicable,88,Not Applicable,FALSE,1,Public Road,1,"Trafficway, On Road",CT0009300,New Haven PD,44953,14:00.0,C,Closed,44:19.0,,,,,,,
1332106,1,Complete,1332106,1332106,41.3044281,-72.89445933,3816332,New Haven,93,93,New Haven,8/23/2024,2024,8,August,23,6,Friday,9:11:00,9,24034821,A,"Injury of any type (Serious, Minor, Possible)",B,Suspected Minor Injury (B),1,1,1,4,Local,1.09,213,FERRY ST,FERRY ST,CHAPEL ST,,,,,41.3044281,-72.89445933,9,Pedestrian,88,Not Applicable,1,On Roadway,1,Clear,88,Not Applicable,1,Daylight,1,Dry,0,None,88,Not Applicable,88,Not Applicable,0,None,88,Not Applicable,88,Not Applicable,2,Intersection,2,Four-Way Intersection,1,No,1,No,88,Not Applicable,88,Not Applicable,88,Not Applicable,88,Not Applicable,FALSE,1,Public Road,1,"Trafficway, On Road",CT0009300,New Haven PD,45699,36:46.0,C,Closed,44:23.0,,,,,,,
1332107,1,Complete,1332107,1332107,41.30697071,-72.94234874,3816333,New Haven,93,93,New Haven,8/23/2024,2024,8,August,23,6,Friday,10:06:00,10,24034828,A,"Injury of any type (Serious, Minor, Possible)",C,Possible Injury (C),1,1,0,4,Local,1.01,809,REV DR MLK JR BLVD,REV DR MLK JR BLVD,ORCHARD ST,,,,,41.30697071,-72.94234874,14,Motor Vehicle in Operation,3,Angle,1,On Roadway,1,Clear,88,Not Applicable,1,Daylight,1,Dry,0,None,88,Not Applicable,88,Not Applicable,0,None,88,Not Applicable,88,Not Applicable,2,Intersection,2,Four-Way Intersection,1,No,1,No,88,Not Applicable,88,Not Applicable,88,Not Applicable,88,Not Applicable,TRUE,1,Public Road,1,"Trafficway, On Road",CT0009300,New Haven PD,46627,24:38.0,C,Closed,44:22.0,,,,,,,
1332109,1,Complete,1332109,1332109,41.30944013,-72.92306302,3816335,New Haven,93,93,New Haven,8/23/2024,2024,8,August,23,6,Friday,9:46:00,9,24034836,A,"Injury of any type (Serious, Minor, Possible)",C,Possible Injury (C),1,0,0,4,Local,0.18,712,WALL ST NO 2,WALL ST NO 2,,CHURCH ST,25,Feet,E,41.30944013,-72.92306302,38,"Other Post, Pole or Support",88,Not Applicable,2,Shoulder,1,Clear,88,Not Applicable,1,Daylight,1,Dry,0,None,88,Not Applicable,88,Not Applicable,0,None,88,Not Applicable,88,Not Applicable,1,Non-Junction,1,Not at Intersection,1,No,1,No,88,Not Applicable,88,Not Applicable,88,Not Applicable,88,Not Applicable,FALSE,1,Public Road,1,"Trafficway, On Road",CT0009300,New Haven PD,767,04:49.0,C,Closed,44:21.0,,,,,,,