CrashId,Fatal Case Status,Fatal Case Status Text Format,CrashId,CrashId,Latitude,Longitude,DOT Case Number,Town Name,Town Number,Town Number,Town Number Text Format,Date Of Crash,Year,Month,Month Text Format,Day,Day of the Week,Day of the Week Text Format,Time of Crash,Hour of the Day,Case Identifier,Crash Severity,Crash Severity Text Format,Most Severe Injury,Most Severe Injury Text Format,Number Of Motor Vehicles,Number Of Non-Motorist,Number Of Witnesses,Route Class,Route Class Text Format,Milemarker,Road Number,Road Description,Roadway Name,Intersecting Roadway Name,Landmark Description,Distance From Nearest Landmark,Unit Of Measure From Nearest Landmark,Direction From Nearest Landmark,Latitude,Longitude,First Harmful Event,First Harmful Event Text Format,Manner of Crash / Collision Impact,Manner of Crash / Collision Impact Text Format,Location of First Harmful Event,Location of First Harmful Event Text Format,Weather Condition,Weather Condition Text Format,Weather 2,Weather 2 Text Format,Light Condition,Light Condition Text Format,Road Surface Condition,Road Surface Condition Text Format,"Contributing Circumstances, Environment","Contributing Circumstances, Environment Text Format",Environment 2,Environment 2 Text Format,Environment 3,Environment 3 Text Format,"Contributing Circumstances, Road","Contributing Circumstances, Road Text Format",Road 2,Road 2 Text Format,Road 3,Road 3 Text Format,Crash Specific Location,Crash Specific Location Text Format,Type of Intersection,Type of Intersection Text Format,School Bus Related,School Bus Related Text Format,Work Zone Related,Work Zone Related Text Format,Location Of Crash Relative To Work Zone,Location Of Crash Relative To Work Zone Text Format,Type of Work Zone,Type of Work Zone Text Format,Worker Presence,Worker Presence Text Format,Law Enforcement Presence,Law Enforcement Presence Text Format,Were Vehicles Moved Prior To Police Arrival,Trafficway Ownership,Trafficway Ownership Text Format,Trafficway Class,Trafficway Class Text Format,Police Agency,Police Agency Text Format,Badge Number,Approval Date,Police Case Status,Police Case Status Text Format,Crash Report Submission Date,Related Case Identifiers,No. of Through Lanes (Log Dir.),Average Daily Traffic,Functional Classification,Functional Classification Text Format,Rural or Urban,Rural or Urban Text Format
1332112,1,Complete,1332112,1332112,41.30450374,-72.9313988,3816338,New Haven,93,93,New Haven,8/23/2024,2024,8,August,23,6,Friday,13:18:00,13,24034859,A,"Injury of any type (Serious, Minor, Possible)",C,Possible Injury (C),2,0,0,4,Local,0.4,809,REV DR MLK JR BLVD,REV DR MLK JR BLVD,,COLLEGE ST,100,Feet,W,41.30450374,-72.9313988,14,Motor Vehicle in Operation,1,Front to rear,1,On Roadway,1,Clear,88,Not Applicable,1,Daylight,1,Dry,0,None,88,Not Applicable,88,Not Applicable,0,None,88,Not Applicable,88,Not Applicable,1,Non-Junction,1,Not at Intersection,1,No,1,No,88,Not Applicable,88,Not Applicable,88,Not Applicable,88,Not Applicable,FALSE,1,Public Road,1,"Trafficway, On Road",CT0009300,New Haven PD,45395,41:18.0,C,Closed,44:25.0,,,,,,,
1332120,1,Complete,1332120,1332120,41.30644425,-72.95288096,3816346,New Haven,93,93,New Haven,8/23/2024,2024,8,August,23,6,Friday,17:49:00,17,24034902,A,"Injury of any type (Serious, Minor, Possible)",C,Possible Injury (C),2,0,0,3,State,2.12,10,10-N,10-N,Rev Dr M L King Jr Blvd,,,,,41.30644425,-72.95288096,14,Motor Vehicle in Operation,3,Angle,1,On Roadway,1,Clear,88,Not Applicable,1,Daylight,1,Dry,0,None,88,Not Applicable,88,Not Applicable,0,None,88,Not Applicable,88,Not Applicable,2,Intersection,2,Four-Way Intersection,1,No,1,No,88,Not Applicable,88,Not Applicable,88,Not Applicable,88,Not Applicable,TRUE,1,Public Road,1,"Trafficway, On Road",CT0009300,New Haven PD,45395,47:45.0,C,Closed,44:28.0,,,,,,,
1332123,1,Complete,1332123,1332123,41.326453,-72.961705,3816349,New Haven,93,93,New Haven,8/23/2024,2024,8,August,23,6,Friday,19:30:00,19,24034916,A,"Injury of any type (Serious, Minor, Possible)",C,Possible Injury (C),3,0,0,3,State,6.55,243,243-E,243-E,,ALDEN AVE,200,Feet,E,41.326453,-72.961705,14,Motor Vehicle in Operation,3,Angle,1,On Roadway,1,Clear,88,Not Applicable,1,Daylight,1,Dry,0,None,88,Not Applicable,88,Not Applicable,0,None,88,Not Applicable,88,Not Applicable,1,Non-Junction,1,Not at Intersection,1,No,1,No,88,Not Applicable,88,Not Applicable,88,Not Applicable,88,Not Applicable,FALSE,1,Public Road,1,"Trafficway, On Road",CT0009300,New Haven PD,7573,32:56.0,C,Closed,44:28.0,,,,,,,
1332126,1,Complete,1332126,1332126,41.31737457,-72.94435306,3816352,New Haven,93,93,New Haven,8/26/2024,2024,8,August,26,2,Monday,23:04:00,23,24034942,A,"Injury of any type (Serious, Minor, Possible)",C,Possible Injury (C),2,0,0,4,Local,0.27,653,WHALLEY AV,WHALLEY AV,,WINTHROP AVE,15,Feet,E,41.31737457,-72.94435306,14,Motor Vehicle in Operation,1,Front to rear,1,On Roadway,1,Clear,88,Not Applicable,4,Dark-Lighted,1,Dry,0,None,88,Not Applicable,88,Not Applicable,0,None,88,Not Applicable,88,Not Applicable,3,Intersection-Related,2,Four-Way Intersection,1,No,1,No,88,Not Applicable,88,Not Applicable,88,Not Applicable,88,Not Applicable,TRUE,1,Public Road,1,"Trafficway, On Road",CT0009300,New Haven PD,46623,07:27.0,C,Closed,44:38.0,,,,,,,
1332134,1,Complete,1332134,1332134,41.30465552,-72.93702927,3816360,New Haven,93,93,New Haven,8/24/2024,2024,8,August,24,7,Saturday,19:25:00,19,24035043,A,"Injury of any type (Serious, Minor, Possible)",C,Possible Injury (C),2,0,0,4,Local,0.11,308,HOWARD AV,HOWARD AV,,PARK STREET,35,Feet,N,41.30465552,-72.93702927,14,Motor Vehicle in Operation,1,Front to rear,1,On Roadway,1,Clear,88,Not Applicable,1,Daylight,1,Dry,0,None,88,Not Applicable,88,Not Applicable,0,None,88,Not Applicable,88,Not Applicable,3,Intersection-Related,3,T-Intersection,1,No,1,No,88,Not Applicable,88,Not Applicable,88,Not Applicable,88,Not Applicable,FALSE,1,Public Road,1,"Trafficway, On Road",CT0009300,New Haven PD,45625,32:58.0,C,Closed,44:31.0,,,,,,,
1332137,1,Complete,1332137,1332137,41.27838304,-72.89853683,3816363,New Haven,93,93,New Haven,8/24/2024,2024,8,August,24,7,Saturday,21:36:00,21,24035067,A,"Injury of any type (Serious, Minor, Possible)",B,Suspected Minor Injury (B),2,0,0,4,Local,0.59,678,WOODWARD AV,WOODWARD AV,Tuttle St ,,,,,41.27838304,-72.89853683,14,Motor Vehicle in Operation,4,"Sideswipe, same direction",1,On Roadway,1,Clear,88,Not Applicable,4,Dark-Lighted,1,Dry,0,None,88,Not Applicable,88,Not Applicable,0,None,88,Not Applicable,88,Not Applicable,2,Intersection,7,Roundabout,1,No,1,No,88,Not Applicable,88,Not Applicable,88,Not Applicable,88,Not Applicable,TRUE,1,Public Road,1,"Trafficway, On Road",CT0009300,New Haven PD,44056,27:06.0,C,Closed,38:27.0,,,,,,,
1332153,1,Complete,1332153,1332153,41.322617,-72.953895,3816379,New Haven,93,93,New Haven,8/25/2024,2024,8,August,25,1,Sunday,21:11:00,21,24035156,A,"Injury of any type (Serious, Minor, Possible)",C,Possible Injury (C),2,0,0,3,State,3.39,10,10-N,10-N,,WEST PARK AVE,100,Feet,E,41.322617,-72.953895,14,Motor Vehicle in Operation,1,Front to rear,1,On Roadway,1,Clear,88,Not Applicable,1,Daylight,1,Dry,0,None,88,Not Applicable,88,Not Applicable,0,None,88,Not Applicable,88,Not Applicable,1,Non-Junction,1,Not at Intersection,1,No,1,No,88,Not Applicable,88,Not Applicable,88,Not Applicable,88,Not Applicable,TRUE,1,Public Road,1,"Trafficway, On Road",CT0009300,New Haven PD,45403,34:02.0,O,Open,44:35.0,,,,,,,
1332158,1,Complete,1332158,1332158,41.28888456,-72.89475856,3816384,New Haven,93,93,New Haven,8/26/2024,2024,8,August,26,2,Monday,1:35:00,1,24035183,A,"Injury of any type (Serious, Minor, Possible)",B,Suspected Minor Injury (B),1,0,0,4,Local,1.35,678,WOODWARD AV,WOODWARD AV,,MAIN STREET ANNEX,20,Feet,S,41.28888456,-72.89475856,39,"Other Fixed Object (wall, building, tunnel, etc.)",88,Not Applicable,4,Roadside,4,Rain,88,Not Applicable,4,Dark-Lighted,2,Wet,1,Weather Conditions,88,Not Applicable,88,Not Applicable,0,None,88,Not Applicable,88,Not Applicable,1,Non-Junction,1,Not at Intersection,1,No,1,No,88,Not Applicable,88,Not Applicable,88,Not Applicable,88,Not Applicable,FALSE,1,Public Road,1,"Trafficway, On Road",CT0009300,New Haven PD,44063,12:59.0,O,Open,44:35.0,,,,,,,
1332159,1,Complete,1332159,1332159,41.29170658,-72.9395019,3816385,New Haven,93,93,New Haven,8/26/2024,2024,8,August,26,2,Monday,1:23:00,1,24035186,A,"Injury of any type (Serious, Minor, Possible)",C,Possible Injury (C),3,0,0,4,Local,0.14,424,MORRIS ST,MORRIS ST,,ROSETTE STREET,273,Feet,S,41.29170658,-72.9395019,14,Motor Vehicle in Operation,4,"Sideswipe, same direction",1,On Roadway,1,Clear,88,Not Applicable,3,Dusk,1,Dry,0,None,88,Not Applicable,88,Not Applicable,0,None,88,Not Applicable,88,Not Applicable,1,Non-Junction,1,Not at Intersection,1,No,1,No,88,Not Applicable,88,Not Applicable,88,Not Applicable,88,Not Applicable,FALSE,1,Public Road,1,"Trafficway, On Road",CT0009300,New Haven PD,44946,22:25.0,O,Open,40:38.0,,,,,,,
1332160,1,Complete,1332160,1332160,41.309207,-72.919381,3816386,New Haven,93,93,New Haven,8/26/2024,2024,8,August,26,2,Monday,2:15:00,2,24035187,A,"Injury of any type (Serious, Minor, Possible)",C,Possible Injury (C),1,0,0,4,Local,0.99,575,STATE ST,STATE ST,Grove St ,,,,,41.309207,-72.919381,30,Concrete Traffic Barrier,88,Not Applicable,1,On Roadway,1,Clear,88,Not Applicable,5,Dark-Not Lighted,1,Dry,0,None,88,Not Applicable,88,Not Applicable,99,Unknown,88,Not Applicable,88,Not Applicable,2,Intersection,2,Four-Way Intersection,1,No,1,No,88,Not Applicable,88,Not Applicable,88,Not Applicable,88,Not Applicable,FALSE,1,Public Road,1,"Trafficway, On Road",CT0009300,New Haven PD,46616,48:17.0,O,Open,44:40.0,,,,,,,
1332164,1,Complete,1332164,1332164,41.32888463,-72.96855277,3816390,New Haven,93,93,New Haven,8/26/2024,2024,8,August,26,2,Monday,9:39:00,9,24035229,A,"Injury of any type (Serious, Minor, Possible)",C,Possible Injury (C),2,0,0,3,State,3.49,122,122-N,122-N,Fairfield St ,,,,,41.32888463,-72.96855277,14,Motor Vehicle in Operation,3,Angle,1,On Roadway,1,Clear,88,Not Applicable,1,Daylight,1,Dry,0,None,88,Not Applicable,88,Not Applicable,0,None,88,Not Applicable,88,Not Applicable,2,Intersection,3,T-Intersection,1,No,1,No,88,Not Applicable,88,Not Applicable,88,Not Applicable,88,Not Applicable,FALSE,1,Public Road,1,"Trafficway, On Road",CT0009300,New Haven PD,46613,35:59.0,C,Closed,44:36.0,,,,,,,
1332166,1,Complete,1332166,1332166,41.30187029,-72.93352906,3816392,New Haven,93,93,New Haven,8/26/2024,2024,8,August,26,2,Monday,11:37:00,11,24035263,A,"Injury of any type (Serious, Minor, Possible)",C,Possible Injury (C),2,0,0,4,Local,0.79,123,CONGRESS AV,CONGRESS AV,Cedar St ,,,,,41.30187029,-72.93352906,14,Motor Vehicle in Operation,1,Front to rear,1,On Roadway,1,Clear,88,Not Applicable,1,Daylight,1,Dry,0,None,88,Not Applicable,88,Not Applicable,0,None,88,Not Applicable,88,Not Applicable,2,Intersection,3,T-Intersection,1,No,1,No,88,Not Applicable,88,Not Applicable,88,Not Applicable,88,Not Applicable,TRUE,1,Public Road,1,"Trafficway, On Road",CT0009300,New Haven PD,35848,56:03.0,C,Closed,44:36.0,,,,,,,
1332170,1,Complete,1332170,1332170,41.32090128,-72.87411552,3816396,New Haven,93,93,New Haven,8/26/2024,2024,8,August,26,2,Monday,13:30:00,13,24035282,A,"Injury of any type (Serious, Minor, Possible)",C,Possible Injury (C),2,0,0,3,State,0.44,80,80-E,80-E,103-N,,,,,41.32090128,-72.87411552,14,Motor Vehicle in Operation,2,Front to front,1,On Roadway,1,Clear,88,Not Applicable,1,Daylight,1,Dry,0,None,88,Not Applicable,88,Not Applicable,0,None,88,Not Applicable,88,Not Applicable,2,Intersection,2,Four-Way Intersection,1,No,1,No,88,Not Applicable,88,Not Applicable,88,Not Applicable,88,Not Applicable,FALSE,1,Public Road,1,"Trafficway, On Road",CT0009300,New Haven PD,46626,20:57.0,C,Closed,40:19.0,,,,,,,
1332176,1,Complete,1332176,1332176,41.32015715,-72.86896511,3816402,New Haven,93,93,New Haven,8/27/2024,2024,8,August,27,3,Tuesday,15:33:00,15,24035323,A,"Injury of any type (Serious, Minor, Possible)",C,Possible Injury (C),2,0,0,3,State,0.72,80,80-E,80-E,,OLD FOXON RD,10,Feet,W,41.32015715,-72.86896511,14,Motor Vehicle in Operation,1,Front to rear,1,On Roadway,1,Clear,88,Not Applicable,1,Daylight,1,Dry,0,None,88,Not Applicable,88,Not Applicable,0,None,88,Not Applicable,88,Not Applicable,3,Intersection-Related,3,T-Intersection,1,No,1,No,88,Not Applicable,88,Not Applicable,88,Not Applicable,88,Not Applicable,FALSE,1,Public Road,1,"Trafficway, On Road",CT0009300,New Haven PD,42049,51:15.0,O,Open,44:45.0,,,,,,,
1332177,1,Complete,1332177,1332177,41.34832939,-72.95446518,3816403,New Haven,93,93,New Haven,8/26/2024,2024,8,August,26,2,Monday,17:59:00,17,24035334,A,"Injury of any type (Serious, Minor, Possible)",C,Possible Injury (C),2,0,0,4,Local,0.04,800,BOSLEY ST,BOSLEY ST,,MILLER`S MEWS,35,Feet,E,41.34832939,-72.95446518,14,Motor Vehicle in Operation,1,Front to rear,1,On Roadway,1,Clear,88,Not Applicable,1,Daylight,1,Dry,0,None,88,Not Applicable,88,Not Applicable,0,None,88,Not Applicable,88,Not Applicable,3,Intersection-Related,3,T-Intersection,1,No,1,No,88,Not Applicable,88,Not Applicable,88,Not Applicable,88,Not Applicable,FALSE,1,Public Road,1,"Trafficway, On Road",CT0009300,New Haven PD,45403,01:12.0,O,Open,44:39.0,,,,,,,
1332185,1,Complete,1332185,1332185,41.287389,-72.889792,3816411,New Haven,93,93,New Haven,8/27/2024,2024,8,August,27,3,Tuesday,15:00:00,15,24035410,A,"Injury of any type (Serious, Minor, Possible)",A,Suspected Serious Injury (A),1,1,0,4,Local,0.18,388,MAIN ST NO 2,MAIN ST NO 2,Huntington Ave,,,,,41.287389,-72.889792,11,Other Non-motorist,88,Not Applicable,1,On Roadway,1,Clear,88,Not Applicable,1,Daylight,1,Dry,0,None,88,Not Applicable,88,Not Applicable,0,None,88,Not Applicable,88,Not Applicable,2,Intersection,2,Four-Way Intersection,1,No,1,No,88,Not Applicable,88,Not Applicable,88,Not Applicable,88,Not Applicable,FALSE,1,Public Road,1,"Trafficway, On Road",CT0009300,New Haven PD,44062,21:50.0,C,Closed,44:41.0,,,,,,,
1332187,1,Complete,1332187,1332187,41.30680677,-72.94569983,3816413,New Haven,93,93,New Haven,8/27/2024,2024,8,August,27,3,Tuesday,17:08:00,17,24035420,A,"Injury of any type (Serious, Minor, Possible)",C,Possible Injury (C),2,0,0,4,Local,1.19,809,REV DR MLK JR BLVD,REV DR MLK JR BLVD,,auburn street ,15,Feet,W,41.30680677,-72.94569983,14,Motor Vehicle in Operation,1,Front to rear,1,On Roadway,1,Clear,88,Not Applicable,1,Daylight,1,Dry,0,None,88,Not Applicable,88,Not Applicable,0,None,88,Not Applicable,88,Not Applicable,1,Non-Junction,1,Not at Intersection,1,No,1,No,88,Not Applicable,88,Not Applicable,88,Not Applicable,88,Not Applicable,FALSE,1,Public Road,1,"Trafficway, On Road",CT0009300,New Haven PD,40804,13:16.0,C,Closed,44:41.0,,,,,,,
1332198,1,Complete,1332198,1332198,41.32073294,-72.87374623,3816424,New Haven,93,93,New Haven,8/28/2024,2024,8,August,28,4,Wednesday,9:05:00,9,24035526,A,"Injury of any type (Serious, Minor, Possible)",C,Possible Injury (C),2,0,0,3,State,0.46,80,80-E,80-E,,Quinnipiac Ave,40,Feet,E,41.32073294,-72.87374623,14,Motor Vehicle in Operation,1,Front to rear,1,On Roadway,1,Clear,88,Not Applicable,1,Daylight,1,Dry,0,None,88,Not Applicable,88,Not Applicable,0,None,88,Not Applicable,88,Not Applicable,9,Driveway Access-Related,1,Not at Intersection,1,No,1,No,88,Not Applicable,88,Not Applicable,88,Not Applicable,88,Not Applicable,FALSE,1,Public Road,1,"Trafficway, On Road",CT0009300,New Haven PD,46613,27:05.0,C,Closed,36:40.0,,,,,,,
1332200,1,Complete,1332200,1332200,41.30851501,-72.93607474,3816426,New Haven,93,93,New Haven,8/28/2024,2024,8,August,28,4,Wednesday,12:26:00,12,24035575,A,"Injury of any type (Serious, Minor, Possible)",C,Possible Injury (C),2,0,0,4,Local,0.18,310,HOWE ST,HOWE ST,,CROWN ST,30,Feet,S,41.30851501,-72.93607474,14,Motor Vehicle in Operation,1,Front to rear,1,On Roadway,1,Clear,88,Not Applicable,1,Daylight,1,Dry,0,None,88,Not Applicable,88,Not Applicable,0,None,88,Not Applicable,88,Not Applicable,3,Intersection-Related,3,T-Intersection,1,No,1,No,88,Not Applicable,88,Not Applicable,88,Not Applicable,88,Not Applicable,TRUE,1,Public Road,1,"Trafficway, On Road",CT0009300,New Haven PD,39,47:52.0,C,Closed,37:22.0,,,,,,,
1332201,1,Complete,1332201,1332201,41.31615324,-72.94260965,3816427,New Haven,93,93,New Haven,8/28/2024,2024,8,August,28,4,Wednesday,12:28:00,12,24035578,A,"Injury of any type (Serious, Minor, Possible)",C,Possible Injury (C),2,0,0,4,Local,0.74,556,SHERMAN AV,SHERMAN AV,,WHALLEY AVE,155,Feet,S,41.31615324,-72.94260965,14,Motor Vehicle in Operation,3,Angle,1,On Roadway,1,Clear,88,Not Applicable,1,Daylight,1,Dry,0,None,88,Not Applicable,88,Not Applicable,0,None,88,Not Applicable,88,Not Applicable,9,Driveway Access-Related,1,Not at Intersection,1,No,1,No,88,Not Applicable,88,Not Applicable,88,Not Applicable,88,Not Applicable,FALSE,1,Public Road,1,"Trafficway, On Road",CT0009300,New Haven PD,238,58:48.0,C,Closed,44:47.0,,,,,,,
1332203,1,Complete,1332203,1332203,41.29812087,-72.93271858,3816429,New Haven,93,93,New Haven,8/28/2024,2024,8,August,28,4,Wednesday,14:24:00,14,24035590,A,"Injury of any type (Serious, Minor, Possible)",B,Suspected Minor Injury (B),1,1,0,2,USRoute,47.48,1,1-N,1-N,,SALEM ST,60,Feet,E,41.29812087,-72.93271858,9,Pedestrian,88,Not Applicable,1,On Roadway,1,Clear,88,Not Applicable,1,Daylight,1,Dry,0,None,88,Not Applicable,88,Not Applicable,0,None,88,Not Applicable,88,Not Applicable,1,Non-Junction,1,Not at Intersection,1,No,1,No,88,Not Applicable,88,Not Applicable,88,Not Applicable,88,Not Applicable,FALSE,1,Public Road,1,"Trafficway, On Road",CT0009300,New Haven PD,44947,04:04.0,C,Closed,36:07.0,,,,,,,
1332207,1,Complete,1332207,1332207,41.29918034,-72.92572541,3816433,New Haven,93,93,New Haven,8/28/2024,2024,8,August,28,4,Wednesday,16:39:00,16,24035611,A,"Injury of any type (Serious, Minor, Possible)",C,Possible Injury (C),1,1,0,2,USRoute,48.1,1,1-N,1-N,,COLUMBUS AVE,40,Feet,N,41.29918034,-72.92572541,9,Pedestrian,88,Not Applicable,1,On Roadway,1,Clear,88,Not Applicable,1,Daylight,1,Dry,99,Unknown,88,Not Applicable,88,Not Applicable,99,Unknown,88,Not Applicable,88,Not Applicable,1,Non-Junction,1,Not at Intersection,1,No,1,No,88,Not Applicable,88,Not Applicable,88,Not Applicable,88,Not Applicable,TRUE,1,Public Road,1,"Trafficway, On Road",CT0009300,New Haven PD,40947,06:23.0,C,Closed,36:16.0,,,,,,,
1332209,1,Complete,1332209,1332209,41.30608608,-72.93757697,3816435,New Haven,93,93,New Haven,8/28/2024,2024,8,August,28,4,Wednesday,17:36:00,17,24035633,A,"Injury of any type (Serious, Minor, Possible)",C,Possible Injury (C),2,0,0,4,Local,0.78,360,LEGION AV-RT 34,LEGION AV-RT 34,Howe St ,,,,,41.30608608,-72.93757697,14,Motor Vehicle in Operation,3,Angle,1,On Roadway,1,Clear,88,Not Applicable,1,Daylight,1,Dry,0,None,88,Not Applicable,88,Not Applicable,0,None,88,Not Applicable,88,Not Applicable,2,Intersection,2,Four-Way Intersection,1,No,1,No,88,Not Applicable,88,Not Applicable,88,Not Applicable,88,Not Applicable,FALSE,1,Public Road,1,"Trafficway, On Road",CT0009300,New Haven PD,42056,31:40.0,C,Closed,40:38.0,,,,,,,
1332210,1,Complete,1332210,1332210,41.30204878,-72.92848022,3816436,New Haven,93,93,New Haven,8/28/2024,2024,8,August,28,4,Wednesday,17:55:00,17,24035637,A,"Injury of any type (Serious, Minor, Possible)",B,Suspected Minor Injury (B),2,0,0,4,Local,0.54,564,SOUTH FRONTAGE RD,SOUTH FRONTAGE RD,,CHURCH ST S,15,Feet,E,41.30204878,-72.92848022,14,Motor Vehicle in Operation,1,Front to rear,1,On Roadway,1,Clear,88,Not Applicable,1,Daylight,1,Dry,0,None,88,Not Applicable,88,Not Applicable,0,None,88,Not Applicable,88,Not Applicable,3,Intersection-Related,3,T-Intersection,1,No,1,No,88,Not Applicable,88,Not Applicable,88,Not Applicable,88,Not Applicable,TRUE,1,Public Road,1,"Trafficway, On Road",CT0009300,New Haven PD,40814,33:05.0,C,Closed,37:07.0,,,,,,,
1332212,1,Complete,1332212,1332212,41.31748821,-72.94449462,3816438,New Haven,93,93,New Haven,8/29/2024,2024,8,August,29,5,Thursday,1:48:00,1,24035670,A,"Injury of any type (Serious, Minor, Possible)",C,Possible Injury (C),2,0,1,4,Local,0.26,653,WHALLEY AV,WHALLEY AV,WINTHROP AV NO 2,,,,,41.31748821,-72.94449462,14,Motor Vehicle in Operation,3,Angle,1,On Roadway,1,Clear,88,Not Applicable,4,Dark-Lighted,1,Dry,0,None,88,Not Applicable,88,Not Applicable,0,None,88,Not Applicable,88,Not Applicable,2,Intersection,2,Four-Way Intersection,1,No,1,No,88,Not Applicable,88,Not Applicable,88,Not Applicable,88,Not Applicable,FALSE,1,Public Road,1,"Trafficway, On Road",CT0009300,New Haven PD,40956,36:22.0,C,Closed,37:31.0,,,,,,,
1332213,1,Complete,1332213,1332213,41.32322247,-72.94873693,3816439,New Haven,93,93,New Haven,8/29/2024,2024,8,August,29,5,Thursday,6:58:00,6,24035677,A,"Injury of any type (Serious, Minor, Possible)",C,Possible Injury (C),2,0,0,4,Local,0.11,258,GOFFE TER,GOFFE TER,ELLA T GRASSO BLVD NO 2,,,,,41.32322247,-72.94873693,14,Motor Vehicle in Operation,3,Angle,1,On Roadway,1,Clear,88,Not Applicable,1,Daylight,1,Dry,0,None,88,Not Applicable,88,Not Applicable,0,None,88,Not Applicable,88,Not Applicable,2,Intersection,2,Four-Way Intersection,1,No,1,No,88,Not Applicable,88,Not Applicable,88,Not Applicable,88,Not Applicable,FALSE,1,Public Road,1,"Trafficway, On Road",CT0009300,New Haven PD,40085,30:09.0,O,Open,37:36.0,,,,,,,
1332219,1,Complete,1332219,1332219,41.3104912,-72.94052268,3816445,New Haven,93,93,New Haven,8/29/2024,2024,8,August,29,5,Thursday,11:40:00,11,24035743,A,"Injury of any type (Serious, Minor, Possible)",C,Possible Injury (C),2,0,0,4,Local,2.6,97,CHAPEL ST,CHAPEL ST,,ORCHARD STREET,230,Feet,E,41.3104912,-72.94052268,14,Motor Vehicle in Operation,4,"Sideswipe, same direction",1,On Roadway,1,Clear,88,Not Applicable,1,Daylight,1,Dry,99,Unknown,88,Not Applicable,88,Not Applicable,99,Unknown,88,Not Applicable,88,Not Applicable,1,Non-Junction,1,Not at Intersection,1,No,1,No,88,Not Applicable,88,Not Applicable,88,Not Applicable,88,Not Applicable,TRUE,1,Public Road,1,"Trafficway, On Road",CT0009300,New Haven PD,46627,44:32.0,C,Closed,38:07.0,,,,,,,
1332221,1,Complete,1332221,1332221,41.303718,-72.914435,3816447,New Haven,93,93,New Haven,8/29/2024,2024,8,August,29,5,Thursday,13:39:00,13,24035765,A,"Injury of any type (Serious, Minor, Possible)",C,Possible Injury (C),2,0,0,4,Local,1.14,97,CHAPEL ST,CHAPEL ST,,FRANKLIN ST,10,Feet,E,41.303718,-72.914435,14,Motor Vehicle in Operation,1,Front to rear,1,On Roadway,1,Clear,88,Not Applicable,1,Daylight,1,Dry,0,None,88,Not Applicable,88,Not Applicable,0,None,88,Not Applicable,88,Not Applicable,3,Intersection-Related,2,Four-Way Intersection,1,No,1,No,88,Not Applicable,88,Not Applicable,88,Not Applicable,88,Not Applicable,TRUE,1,Public Road,1,"Trafficway, On Road",CT0009300,New Haven PD,40790,20:41.0,C,Closed,38:06.0,,,,,,,
1332227,1,Complete,1332227,1332227,41.28451885,-72.93476747,3816453,New Haven,93,93,New Haven,8/29/2024,2024,8,August,29,5,Thursday,17:20:00,17,24035812,A,"Injury of any type (Serious, Minor, Possible)",C,Possible Injury (C),2,0,1,3,State,0.31,10,10-N,10-N,95-S-366 (exit 44 on ramp),,,,,41.28451885,-72.93476747,14,Motor Vehicle in Operation,3,Angle,1,On Roadway,1,Clear,88,Not Applicable,1,Daylight,1,Dry,99,Unknown,88,Not Applicable,88,Not Applicable,99,Unknown,88,Not Applicable,88,Not Applicable,2,Intersection,2,Four-Way Intersection,1,No,1,No,88,Not Applicable,88,Not Applicable,88,Not Applicable,88,Not Applicable,FALSE,1,Public Road,1,"Trafficway, On Road",CT0009300,New Haven PD,40947,20:09.0,C,Closed,39:16.0,,,,,,,
1332231,1,Complete,1332231,1332231,41.30153096,-72.92711294,3816457,New Haven,93,93,New Haven,8/29/2024,2024,8,August,29,5,Thursday,22:23:00,22,24035859,A,"Injury of any type (Serious, Minor, Possible)",C,Possible Injury (C),2,0,0,4,Local,0.6,564,SOUTH FRONTAGE RD,SOUTH FRONTAGE RD,S Orange St ,,,,,41.30153096,-72.92711294,14,Motor Vehicle in Operation,4,"Sideswipe, same direction",1,On Roadway,1,Clear,88,Not Applicable,4,Dark-Lighted,1,Dry,0,None,88,Not Applicable,88,Not Applicable,0,None,88,Not Applicable,88,Not Applicable,2,Intersection,2,Four-Way Intersection,1,No,1,No,88,Not Applicable,88,Not Applicable,88,Not Applicable,88,Not Applicable,FALSE,1,Public Road,1,"Trafficway, On Road",CT0009300,New Haven PD,44055,17:44.0,C,Closed,40:11.0,,,,,,,
1332237,1,Complete,1332237,1332237,41.324702,-72.923165,3816463,New Haven,93,93,New Haven,8/30/2024,2024,8,August,30,6,Friday,15:30:00,15,24035925,A,"Injury of any type (Serious, Minor, Possible)",C,Possible Injury (C),2,0,0,4,Local,0.64,151,DIVISION ST,DIVISION ST,PROSPECT ST,,,,,41.324702,-72.923165,14,Motor Vehicle in Operation,1,Front to rear,1,On Roadway,1,Clear,88,Not Applicable,1,Daylight,1,Dry,0,None,88,Not Applicable,88,Not Applicable,0,None,88,Not Applicable,88,Not Applicable,2,Intersection,3,T-Intersection,1,No,1,No,88,Not Applicable,88,Not Applicable,88,Not Applicable,88,Not Applicable,TRUE,1,Public Road,1,"Trafficway, On Road",CT0009300,New Haven PD,46625,43:55.0,C,Closed,40:02.0,,,,,,,