CrashId,Fatal Case Status,Fatal Case Status Text Format,CrashId,CrashId,Latitude,Longitude,DOT Case Number,Town Name,Town Number,Town Number,Town Number Text Format,Date Of Crash,Year,Month,Month Text Format,Day,Day of the Week,Day of the Week Text Format,Time of Crash,Hour of the Day,Case Identifier,Crash Severity,Crash Severity Text Format,Most Severe Injury,Most Severe Injury Text Format,Number Of Motor Vehicles,Number Of Non-Motorist,Number Of Witnesses,Route Class,Route Class Text Format,Milemarker,Road Number,Road Description,Roadway Name,Intersecting Roadway Name,Landmark Description,Distance From Nearest Landmark,Unit Of Measure From Nearest Landmark,Direction From Nearest Landmark,Latitude,Longitude,First Harmful Event,First Harmful Event Text Format,Manner of Crash / Collision Impact,Manner of Crash / Collision Impact Text Format,Location of First Harmful Event,Location of First Harmful Event Text Format,Weather Condition,Weather Condition Text Format,Weather 2,Weather 2 Text Format,Light Condition,Light Condition Text Format,Road Surface Condition,Road Surface Condition Text Format,"Contributing Circumstances, Environment","Contributing Circumstances, Environment Text Format",Environment 2,Environment 2 Text Format,Environment 3,Environment 3 Text Format,"Contributing Circumstances, Road","Contributing Circumstances, Road Text Format",Road 2,Road 2 Text Format,Road 3,Road 3 Text Format,Crash Specific Location,Crash Specific Location Text Format,Type of Intersection,Type of Intersection Text Format,School Bus Related,School Bus Related Text Format,Work Zone Related,Work Zone Related Text Format,Location Of Crash Relative To Work Zone,Location Of Crash Relative To Work Zone Text Format,Type of Work Zone,Type of Work Zone Text Format,Worker Presence,Worker Presence Text Format,Law Enforcement Presence,Law Enforcement Presence Text Format,Were Vehicles Moved Prior To Police Arrival,Trafficway Ownership,Trafficway Ownership Text Format,Trafficway Class,Trafficway Class Text Format,Police Agency,Police Agency Text Format,Badge Number,Approval Date,Police Case Status,Police Case Status Text Format,Crash Report Submission Date,Related Case Identifiers,No. of Through Lanes (Log Dir.),Average Daily Traffic,Functional Classification,Functional Classification Text Format,Rural or Urban,Rural or Urban Text Format
1334182,1,Complete,1334182,1334182,41.33094331,-72.97289902,3818408,New Haven,93,93,New Haven,10/1/2024,2024,10,October,1,3,Tuesday,21:57:00,21,24040538,A,"Injury of any type (Serious, Minor, Possible)",B,Suspected Minor Injury (B),1,1,0,4,Local,0.24,142,DAVIS ST,DAVIS ST,,Whalley Ave,15,Feet,S,41.33094331,-72.97289902,14,Motor Vehicle in Operation,3,Angle,1,On Roadway,1,Clear,88,Not Applicable,4,Dark-Lighted,1,Dry,0,None,88,Not Applicable,88,Not Applicable,0,None,88,Not Applicable,88,Not Applicable,3,Intersection-Related,3,T-Intersection,1,No,1,No,88,Not Applicable,88,Not Applicable,88,Not Applicable,88,Not Applicable,TRUE,1,Public Road,1,"Trafficway, On Road",CT0009300,New Haven PD,45403,45:05.0,C,Closed,03:29.0,,,,,,,
1334185,1,Complete,1334185,1334185,41.313075,-72.921757,3818411,New Haven,93,93,New Haven,10/2/2024,2024,10,October,2,4,Wednesday,8:19:00,8,24040563,A,"Injury of any type (Serious, Minor, Possible)",B,Suspected Minor Injury (B),2,0,0,4,Local,0.18,656,WHITNEY AV,WHITNEY AV,TRUMBULL ST,,,,,41.313075,-72.921757,14,Motor Vehicle in Operation,3,Angle,1,On Roadway,1,Clear,88,Not Applicable,1,Daylight,1,Dry,0,None,88,Not Applicable,88,Not Applicable,0,None,88,Not Applicable,88,Not Applicable,2,Intersection,2,Four-Way Intersection,1,No,1,No,88,Not Applicable,88,Not Applicable,88,Not Applicable,88,Not Applicable,FALSE,1,Public Road,1,"Trafficway, On Road",CT0009300,New Haven PD,46624,20:09.0,C,Closed,01:05.0,,,,,,,
1334186,1,Complete,1334186,1334186,41.313989,-72.947775,3818412,New Haven,93,93,New Haven,10/2/2024,2024,10,October,2,4,Wednesday,8:57:00,8,24040565,A,"Injury of any type (Serious, Minor, Possible)",B,Suspected Minor Injury (B),1,1,1,4,Local,0.25,439,NORTON ST,NORTON ST,,EDGEWOOD AVE,30,Feet,S,41.313989,-72.947775,9,Pedestrian,88,Not Applicable,1,On Roadway,1,Clear,88,Not Applicable,1,Daylight,1,Dry,0,None,88,Not Applicable,88,Not Applicable,0,None,88,Not Applicable,88,Not Applicable,3,Intersection-Related,2,Four-Way Intersection,1,No,1,No,88,Not Applicable,88,Not Applicable,88,Not Applicable,88,Not Applicable,TRUE,1,Public Road,1,"Trafficway, On Road",CT0009300,New Haven PD,46614,40:17.0,C,Closed,03:32.0,,,,,,,
1334187,1,Complete,1334187,1334187,41.300909,-72.910809,3818413,New Haven,93,93,New Haven,10/2/2024,2024,10,October,2,4,Wednesday,9:17:00,9,24040569,A,"Injury of any type (Serious, Minor, Possible)",C,Possible Injury (C),2,0,0,2,USRoute,48.96,1,1-N,1-N,EAST ST,,,,,41.300909,-72.910809,14,Motor Vehicle in Operation,3,Angle,1,On Roadway,1,Clear,88,Not Applicable,1,Daylight,1,Dry,0,None,88,Not Applicable,88,Not Applicable,0,None,88,Not Applicable,88,Not Applicable,2,Intersection,2,Four-Way Intersection,1,No,1,No,88,Not Applicable,88,Not Applicable,88,Not Applicable,88,Not Applicable,FALSE,1,Public Road,1,"Trafficway, On Road",CT0009300,New Haven PD,45392,28:57.0,O,Open,01:34.0,NONE,,,,,,
1334188,1,Complete,1334188,1334188,41.318199,-72.946685,3818414,New Haven,93,93,New Haven,10/2/2024,2024,10,October,2,4,Wednesday,11:38:00,11,24040602,A,"Injury of any type (Serious, Minor, Possible)",C,Possible Injury (C),2,0,0,4,Local,0.13,653,WHALLEY AV,WHALLEY AV,,NORTON ST,160,Feet,W,41.318199,-72.946685,14,Motor Vehicle in Operation,3,Angle,1,On Roadway,1,Clear,88,Not Applicable,1,Daylight,1,Dry,0,None,88,Not Applicable,88,Not Applicable,0,None,88,Not Applicable,88,Not Applicable,9,Driveway Access-Related,1,Not at Intersection,1,No,1,No,88,Not Applicable,88,Not Applicable,88,Not Applicable,88,Not Applicable,TRUE,1,Public Road,1,"Trafficway, On Road",CT0009300,New Haven PD,359,30:05.0,C,Closed,01:37.0,,,,,,,
1334191,1,Complete,1334191,1334191,41.335744,-72.944166,3818417,New Haven,93,93,New Haven,10/2/2024,2024,10,October,2,4,Wednesday,15:30:00,15,24040634,A,"Injury of any type (Serious, Minor, Possible)",C,Possible Injury (C),2,0,1,3,State,4.65,10,10-N,10-N,,prescott street ,495,Feet,S,41.335744,-72.944166,14,Motor Vehicle in Operation,1,Front to rear,1,On Roadway,1,Clear,88,Not Applicable,1,Daylight,1,Dry,99,Unknown,88,Not Applicable,88,Not Applicable,99,Unknown,88,Not Applicable,88,Not Applicable,3,Intersection-Related,3,T-Intersection,1,No,1,No,88,Not Applicable,88,Not Applicable,88,Not Applicable,88,Not Applicable,TRUE,1,Public Road,1,"Trafficway, On Road",CT0009300,New Haven PD,35291,03:38.0,O,Open,01:19.0,,,,,,,
1334192,1,Complete,1334192,1334192,41.308866,-72.945613,3818418,New Haven,93,93,New Haven,10/2/2024,2024,10,October,2,4,Wednesday,15:40:00,15,24040639,A,"Injury of any type (Serious, Minor, Possible)",C,Possible Injury (C),2,0,0,4,Local,0.21,556,SHERMAN AV,SHERMAN AV,GILBERT AV,,,,,41.308866,-72.945613,14,Motor Vehicle in Operation,3,Angle,1,On Roadway,1,Clear,88,Not Applicable,1,Daylight,1,Dry,0,None,88,Not Applicable,88,Not Applicable,0,None,88,Not Applicable,88,Not Applicable,2,Intersection,2,Four-Way Intersection,1,No,1,No,88,Not Applicable,88,Not Applicable,88,Not Applicable,88,Not Applicable,FALSE,1,Public Road,1,"Trafficway, On Road",CT0009300,New Haven PD,44055,01:11.0,C,Closed,01:26.0,,,,,,,
1334193,1,Complete,1334193,1334193,41.305017,-72.952347,3818419,New Haven,93,93,New Haven,10/2/2024,2024,10,October,2,4,Wednesday,15:46:00,15,24040644,A,"Injury of any type (Serious, Minor, Possible)",C,Possible Injury (C),2,0,0,3,State,2.01,10,10-N,10-N,,LEGION AVE,168,Feet,S,41.305017,-72.952347,14,Motor Vehicle in Operation,3,Angle,1,On Roadway,1,Clear,88,Not Applicable,1,Daylight,1,Dry,0,None,88,Not Applicable,88,Not Applicable,0,None,88,Not Applicable,88,Not Applicable,9,Driveway Access-Related,1,Not at Intersection,1,No,1,No,88,Not Applicable,88,Not Applicable,88,Not Applicable,88,Not Applicable,FALSE,1,Public Road,1,"Trafficway, On Road",CT0009300,New Haven PD,150,12:19.0,C,Closed,01:36.0,,,,,,,
1334195,1,Complete,1334195,1334195,41.321469,-72.875735,3818421,New Haven,93,93,New Haven,10/5/2024,2024,10,October,5,7,Saturday,9:03:00,9,24040674,A,"Injury of any type (Serious, Minor, Possible)",C,Possible Injury (C),2,0,0,3,State,0.34,80,80-E,80-E,,Quinnipiac Avenue,470,Feet,W,41.321469,-72.875735,14,Motor Vehicle in Operation,3,Angle,1,On Roadway,1,Clear,88,Not Applicable,1,Daylight,1,Dry,0,None,88,Not Applicable,88,Not Applicable,0,None,88,Not Applicable,88,Not Applicable,9,Driveway Access-Related,1,Not at Intersection,1,No,1,No,88,Not Applicable,88,Not Applicable,88,Not Applicable,88,Not Applicable,FALSE,1,Public Road,1,"Trafficway, On Road",CT0009300,New Haven PD,45392,23:09.0,C,Closed,06:19.0,NONE,,,,,,
1334196,1,Complete,1334196,1334196,41.314231,-72.935501,3818422,New Haven,93,93,New Haven,10/2/2024,2024,10,October,2,4,Wednesday,15:01:00,15,24040678,A,"Injury of any type (Serious, Minor, Possible)",C,Possible Injury (C),2,0,0,4,Local,0.77,653,WHALLEY AV,WHALLEY AV,,SPERRY ST,50,Feet,E,41.314231,-72.935501,14,Motor Vehicle in Operation,1,Front to rear,1,On Roadway,1,Clear,88,Not Applicable,1,Daylight,1,Dry,0,None,88,Not Applicable,88,Not Applicable,0,None,88,Not Applicable,88,Not Applicable,3,Intersection-Related,3,T-Intersection,1,No,1,No,88,Not Applicable,88,Not Applicable,88,Not Applicable,88,Not Applicable,TRUE,1,Public Road,1,"Trafficway, On Road",CT0009300,New Haven PD,39,33:50.0,C,Closed,04:21.0,,,,,,,
1334197,1,Complete,1334197,1334197,41.319116,-72.914042,3818423,New Haven,93,93,New Haven,10/2/2024,2024,10,October,2,4,Wednesday,19:20:00,19,24040679,A,"Injury of any type (Serious, Minor, Possible)",C,Possible Injury (C),1,1,0,4,Local,0.63,450,ORANGE ST NO 1,ORANGE ST NO 1,,LAWRENCE ST,10,Feet,N,41.319116,-72.914042,9,Pedestrian,88,Not Applicable,1,On Roadway,1,Clear,88,Not Applicable,5,Dark-Not Lighted,1,Dry,0,None,88,Not Applicable,88,Not Applicable,0,None,88,Not Applicable,88,Not Applicable,3,Intersection-Related,2,Four-Way Intersection,1,No,1,No,88,Not Applicable,88,Not Applicable,88,Not Applicable,88,Not Applicable,FALSE,1,Public Road,1,"Trafficway, On Road",CT0009300,New Haven PD,42367,55:49.0,C,Closed,01:15.0,,,,,,,
1334201,1,Complete,1334201,1334201,41.328241,-72.916864,3818427,New Haven,93,93,New Haven,10/3/2024,2024,10,October,3,5,Thursday,8:58:00,8,24040724,A,"Injury of any type (Serious, Minor, Possible)",C,Possible Injury (C),1,0,0,4,Local,0.5,292,HIGHLAND ST,HIGHLAND ST,,AUTUMN ST,200,Feet,W,41.328241,-72.916864,33,Utility Pole/Light Support,88,Not Applicable,4,Roadside,1,Clear,88,Not Applicable,1,Daylight,1,Dry,0,None,88,Not Applicable,88,Not Applicable,0,None,88,Not Applicable,88,Not Applicable,1,Non-Junction,1,Not at Intersection,1,No,1,No,88,Not Applicable,88,Not Applicable,88,Not Applicable,88,Not Applicable,FALSE,1,Public Road,1,"Trafficway, On Road",CT0009300,New Haven PD,42044,25:26.0,C,Closed,01:48.0,,,,,,,
1334204,1,Complete,1334204,1334204,41.29973804,-72.94457105,3818430,New Haven,93,93,New Haven,10/3/2024,2024,10,October,3,5,Thursday,11:40:00,11,24040766,A,"Injury of any type (Serious, Minor, Possible)",C,Possible Injury (C),2,0,0,4,Local,0.23,141,DAVENPORT AV,DAVENPORT AV,,WEST ST,305,Feet,W,41.29973804,-72.94457105,14,Motor Vehicle in Operation,3,Angle,1,On Roadway,1,Clear,88,Not Applicable,1,Daylight,1,Dry,0,None,88,Not Applicable,88,Not Applicable,0,None,88,Not Applicable,88,Not Applicable,1,Non-Junction,1,Not at Intersection,1,No,1,No,88,Not Applicable,88,Not Applicable,88,Not Applicable,88,Not Applicable,TRUE,1,Public Road,1,"Trafficway, On Road",CT0009300,New Haven PD,301,50:29.0,C,Closed,01:53.0,,,,,,,
1334215,1,Complete,1334215,1334215,41.325745,-72.958227,3818441,New Haven,93,93,New Haven,10/3/2024,2024,10,October,3,5,Thursday,23:16:00,23,24040843,A,"Injury of any type (Serious, Minor, Possible)",C,Possible Injury (C),2,0,0,3,State,0.09,63,63-N,63-N,,W ROCK AVE,40,Feet,E,41.325745,-72.958227,14,Motor Vehicle in Operation,4,"Sideswipe, same direction",1,On Roadway,1,Clear,88,Not Applicable,3,Dusk,1,Dry,0,None,88,Not Applicable,88,Not Applicable,0,None,88,Not Applicable,88,Not Applicable,3,Intersection-Related,3,T-Intersection,1,No,1,No,88,Not Applicable,88,Not Applicable,88,Not Applicable,88,Not Applicable,FALSE,1,Public Road,1,"Trafficway, On Road",CT0009300,New Haven PD,44946,39:00.0,O,Open,02:42.0,,,,,,,
1334230,1,Complete,1334230,1334230,41.317805,-72.945558,3818456,New Haven,93,93,New Haven,10/4/2024,2024,10,October,4,6,Friday,18:40:00,18,24040937,A,"Injury of any type (Serious, Minor, Possible)",C,Possible Injury (C),2,0,0,4,Local,0.2,653,WHALLEY AV,WHALLEY AV,,Norton Street,75,Feet,E,41.317805,-72.945558,14,Motor Vehicle in Operation,1,Front to rear,1,On Roadway,1,Clear,88,Not Applicable,4,Dark-Lighted,1,Dry,0,None,88,Not Applicable,88,Not Applicable,3,Backup Due to Regular Congestion,88,Not Applicable,88,Not Applicable,1,Non-Junction,1,Not at Intersection,1,No,1,No,88,Not Applicable,88,Not Applicable,88,Not Applicable,88,Not Applicable,TRUE,1,Public Road,1,"Trafficway, On Road",CT0009300,New Haven PD,45398,59:57.0,C,Closed,03:18.0,,,,,,,
1334231,1,Complete,1334231,1334231,41.33444713,-72.94746937,3818457,New Haven,93,93,New Haven,10/4/2024,2024,10,October,4,6,Friday,18:50:00,18,24040953,A,"Injury of any type (Serious, Minor, Possible)",C,Possible Injury (C),2,0,0,4,Local,0.01,403,PINE ROCK AV,PINE ROCK AV,,FITCH ST,60,Feet,N,41.33444713,-72.94746937,14,Motor Vehicle in Operation,1,Front to rear,1,On Roadway,1,Clear,88,Not Applicable,4,Dark-Lighted,1,Dry,0,None,88,Not Applicable,88,Not Applicable,0,None,88,Not Applicable,88,Not Applicable,3,Intersection-Related,3,T-Intersection,1,No,1,No,88,Not Applicable,88,Not Applicable,88,Not Applicable,88,Not Applicable,TRUE,1,Public Road,1,"Trafficway, On Road",CT0009300,New Haven PD,45403,34:15.0,C,Closed,03:22.0,,,,,,,
1334233,1,Complete,1334233,1334233,41.29359717,-72.89767268,3818459,New Haven,93,93,New Haven,10/4/2024,2024,10,October,4,6,Friday,21:53:00,21,24040968,A,"Injury of any type (Serious, Minor, Possible)",C,Possible Injury (C),2,0,0,2,USRoute,49.82,1,1-N,1-N,Fulton St ,,,,,41.29359717,-72.89767268,14,Motor Vehicle in Operation,3,Angle,1,On Roadway,1,Clear,88,Not Applicable,4,Dark-Lighted,1,Dry,0,None,88,Not Applicable,88,Not Applicable,0,None,88,Not Applicable,88,Not Applicable,2,Intersection,2,Four-Way Intersection,1,No,1,No,88,Not Applicable,88,Not Applicable,88,Not Applicable,88,Not Applicable,TRUE,1,Public Road,1,"Trafficway, On Road",CT0009300,New Haven PD,46625,46:40.0,C,Closed,04:01.0,,,,,,,
1334240,1,Complete,1334240,1334240,41.32005427,-72.87111186,3818466,New Haven,93,93,New Haven,10/5/2024,2024,10,October,5,7,Saturday,10:03:00,10,24041021,A,"Injury of any type (Serious, Minor, Possible)",B,Suspected Minor Injury (B),2,0,0,3,State,0.6,80,80-E,80-E,,EASTERN ST,145,Feet,E,41.32005427,-72.87111186,14,Motor Vehicle in Operation,2,Front to front,1,On Roadway,1,Clear,88,Not Applicable,1,Daylight,1,Dry,0,None,88,Not Applicable,88,Not Applicable,0,None,88,Not Applicable,88,Not Applicable,9,Driveway Access-Related,1,Not at Intersection,1,No,1,No,88,Not Applicable,88,Not Applicable,88,Not Applicable,88,Not Applicable,FALSE,1,Public Road,1,"Trafficway, On Road",CT0009300,New Haven PD,42049,57:10.0,C,Closed,03:40.0,,,,,,,
1334247,1,Complete,1334247,1334247,41.332311,-72.935166,3818473,New Haven,93,93,New Haven,10/5/2024,2024,10,October,5,7,Saturday,22:12:00,22,24041087,A,"Injury of any type (Serious, Minor, Possible)",C,Possible Injury (C),2,0,0,4,Local,1.37,152,DIXWELL AV,DIXWELL AV,,BASSETT ST,35,Feet,S,41.332311,-72.935166,14,Motor Vehicle in Operation,1,Front to rear,1,On Roadway,1,Clear,88,Not Applicable,4,Dark-Lighted,1,Dry,0,None,88,Not Applicable,88,Not Applicable,0,None,88,Not Applicable,88,Not Applicable,3,Intersection-Related,2,Four-Way Intersection,1,No,1,No,88,Not Applicable,88,Not Applicable,88,Not Applicable,88,Not Applicable,FALSE,1,Public Road,1,"Trafficway, On Road",CT0009300,New Haven PD,45399,46:17.0,C,Closed,07:40.0,,,,,,,
1334250,1,Complete,1334250,1334250,41.297483,-72.948593,3818476,New Haven,93,93,New Haven,10/7/2024,2024,10,October,7,2,Monday,2:40:00,2,24041115,A,"Injury of any type (Serious, Minor, Possible)",A,Suspected Serious Injury (A),2,0,0,2,USRoute,46.66,1,1-N,1-N,,ELLA T GRASSO BLVD,10,Feet,E,41.297483,-72.948593,14,Motor Vehicle in Operation,97,Other,1,On Roadway,1,Clear,88,Not Applicable,5,Dark-Not Lighted,1,Dry,0,None,88,Not Applicable,88,Not Applicable,0,None,88,Not Applicable,88,Not Applicable,3,Intersection-Related,2,Four-Way Intersection,1,No,1,No,88,Not Applicable,88,Not Applicable,88,Not Applicable,88,Not Applicable,TRUE,1,Public Road,1,"Trafficway, On Road",CT0009300,New Haven PD,42042,41:59.0,O,Open,04:51.0,,,,,,,
1334251,1,Complete,1334251,1334251,41.278588,-72.895438,3818477,New Haven,93,93,New Haven,10/6/2024,2024,10,October,6,1,Sunday,7:26:00,7,24041123,A,"Injury of any type (Serious, Minor, Possible)",C,Possible Injury (C),1,1,2,3,State,0.78,337,337-E,337-E,,TUTTLE ST,170,Feet,N,41.278588,-72.895438,9,Pedestrian,88,Not Applicable,2,Shoulder,1,Clear,88,Not Applicable,1,Daylight,1,Dry,0,None,88,Not Applicable,88,Not Applicable,0,None,88,Not Applicable,88,Not Applicable,1,Non-Junction,1,Not at Intersection,1,No,1,No,88,Not Applicable,88,Not Applicable,88,Not Applicable,88,Not Applicable,FALSE,1,Public Road,1,"Trafficway, On Road",CT0009300,New Haven PD,35856,58:52.0,O,Open,04:06.0,,,,,,,
1334257,1,Complete,1334257,1334257,41.32147538,-72.93901718,3818483,New Haven,93,93,New Haven,10/6/2024,2024,10,October,6,1,Sunday,13:13:00,13,24041152,A,"Injury of any type (Serious, Minor, Possible)",C,Possible Injury (C),2,0,0,4,Local,0.13,557,SHERMAN PKWY,SHERMAN PKWY,HENRY ST,,,,,41.32147538,-72.93901718,14,Motor Vehicle in Operation,3,Angle,1,On Roadway,1,Clear,88,Not Applicable,1,Daylight,1,Dry,3,Glare,88,Not Applicable,88,Not Applicable,0,None,88,Not Applicable,88,Not Applicable,2,Intersection,3,T-Intersection,1,No,1,No,88,Not Applicable,88,Not Applicable,88,Not Applicable,88,Not Applicable,FALSE,1,Public Road,1,"Trafficway, On Road",CT0009300,New Haven PD,44053,06:53.0,C,Closed,04:29.0,,,,,,,
1334281,1,Complete,1334281,1334281,41.33517274,-72.97672884,3818507,New Haven,93,93,New Haven,10/7/2024,2024,10,October,7,2,Monday,8:00:00,8,24041233,A,"Injury of any type (Serious, Minor, Possible)",C,Possible Injury (C),2,0,0,3,State,0.04,69,69-N,69-N,,AMITY RD.,75,Feet,N,41.33517274,-72.97672884,14,Motor Vehicle in Operation,3,Angle,1,On Roadway,4,Rain,88,Not Applicable,1,Daylight,2,Wet,0,None,88,Not Applicable,88,Not Applicable,0,None,88,Not Applicable,88,Not Applicable,9,Driveway Access-Related,1,Not at Intersection,1,No,1,No,88,Not Applicable,88,Not Applicable,88,Not Applicable,88,Not Applicable,FALSE,1,Public Road,1,"Trafficway, On Road",CT0009300,New Haven PD,62,02:20.0,C,Closed,04:41.0,,,,,,,
1334283,1,Complete,1334283,1334283,41.309456,-72.920158,3818509,New Haven,93,93,New Haven,10/7/2024,2024,10,October,7,2,Monday,9:28:00,9,24041249,A,"Injury of any type (Serious, Minor, Possible)",C,Possible Injury (C),2,0,0,4,Local,0.03,271,GROVE ST,GROVE ST,,STATE ST,154,Feet,W,41.309456,-72.920158,14,Motor Vehicle in Operation,1,Front to rear,1,On Roadway,4,Rain,88,Not Applicable,1,Daylight,2,Wet,0,None,88,Not Applicable,88,Not Applicable,0,None,88,Not Applicable,88,Not Applicable,1,Non-Junction,1,Not at Intersection,1,No,1,No,88,Not Applicable,88,Not Applicable,88,Not Applicable,88,Not Applicable,FALSE,1,Public Road,1,"Trafficway, On Road",CT0009300,New Haven PD,43688,55:29.0,C,Closed,04:45.0,,,,,,,
1334284,1,Complete,1334284,1334284,41.317593,-72.945077,3818510,New Haven,93,93,New Haven,10/7/2024,2024,10,October,7,2,Monday,12:25:00,12,24041260,A,"Injury of any type (Serious, Minor, Possible)",C,Possible Injury (C),2,0,0,4,Local,0.23,653,WHALLEY AV,WHALLEY AV,,WINTHROP AVE,140,Feet,W,41.317593,-72.945077,14,Motor Vehicle in Operation,4,"Sideswipe, same direction",1,On Roadway,1,Clear,88,Not Applicable,1,Daylight,1,Dry,0,None,88,Not Applicable,88,Not Applicable,0,None,88,Not Applicable,88,Not Applicable,1,Non-Junction,1,Not at Intersection,1,No,1,No,88,Not Applicable,88,Not Applicable,88,Not Applicable,88,Not Applicable,TRUE,1,Public Road,1,"Trafficway, On Road",CT0009300,New Haven PD,39,40:52.0,C,Closed,05:48.0,,,,,,,
1334287,1,Complete,1334287,1334287,41.313863,-72.891604,3818513,New Haven,93,93,New Haven,10/7/2024,2024,10,October,7,2,Monday,16:05:00,16,24041287,A,"Injury of any type (Serious, Minor, Possible)",C,Possible Injury (C),2,0,0,4,Local,0.31,113,CLINTON AV,CLINTON AV,GRAFTON ST,,,,,41.313863,-72.891604,14,Motor Vehicle in Operation,3,Angle,1,On Roadway,1,Clear,88,Not Applicable,1,Daylight,1,Dry,0,None,88,Not Applicable,88,Not Applicable,0,None,88,Not Applicable,88,Not Applicable,2,Intersection,2,Four-Way Intersection,1,No,1,No,88,Not Applicable,88,Not Applicable,88,Not Applicable,88,Not Applicable,FALSE,1,Public Road,1,"Trafficway, On Road",CT0009300,New Haven PD,46614,57:20.0,C,Closed,05:01.0,,,,,,,
1334292,1,Complete,1334292,1334292,41.30943,-72.92708,3818518,New Haven,93,93,New Haven,10/7/2024,2024,10,October,7,2,Monday,20:50:00,20,24041324,A,"Injury of any type (Serious, Minor, Possible)",B,Suspected Minor Injury (B),2,0,0,4,Local,0.38,726,ELM ST NO 2,ELM ST NO 2,COLLEGE ST,,,,,41.30943,-72.92708,14,Motor Vehicle in Operation,3,Angle,1,On Roadway,1,Clear,88,Not Applicable,4,Dark-Lighted,1,Dry,0,None,88,Not Applicable,88,Not Applicable,0,None,88,Not Applicable,88,Not Applicable,2,Intersection,2,Four-Way Intersection,1,No,1,No,88,Not Applicable,88,Not Applicable,88,Not Applicable,88,Not Applicable,FALSE,1,Public Road,1,"Trafficway, On Road",CT0009300,New Haven PD,44049,44:28.0,C,Closed,05:26.0,,,,,,,
1334297,1,Complete,1334297,1334297,41.33102,-72.972801,3818523,New Haven,93,93,New Haven,10/8/2024,2024,10,October,8,3,Tuesday,9:26:00,9,24041369,A,"Injury of any type (Serious, Minor, Possible)",C,Possible Injury (C),3,0,0,3,State,0.97,63,63-N,63-N,DAVIS ST,,,,,41.33102,-72.972801,14,Motor Vehicle in Operation,1,Front to rear,1,On Roadway,1,Clear,88,Not Applicable,1,Daylight,1,Dry,0,None,88,Not Applicable,88,Not Applicable,0,None,88,Not Applicable,88,Not Applicable,3,Intersection-Related,3,T-Intersection,1,No,1,No,88,Not Applicable,88,Not Applicable,88,Not Applicable,88,Not Applicable,FALSE,1,Public Road,1,"Trafficway, On Road",CT0009300,New Haven PD,62,36:12.0,C,Closed,05:20.0,,,,,,,
1334304,1,Complete,1334304,1334304,41.300896,-72.915471,3818530,New Haven,93,93,New Haven,10/8/2024,2024,10,October,8,3,Tuesday,12:04:00,12,24041429,A,"Injury of any type (Serious, Minor, Possible)",B,Suspected Minor Injury (B),1,1,0,2,USRoute,48.72,1,1-N,1-N,CHESTNUT ST,,,,,41.300896,-72.915471,10,Pedalcycle/Pedalcyclist,3,Angle,1,On Roadway,1,Clear,88,Not Applicable,1,Daylight,1,Dry,0,None,88,Not Applicable,88,Not Applicable,0,None,88,Not Applicable,88,Not Applicable,2,Intersection,3,T-Intersection,1,No,1,No,88,Not Applicable,88,Not Applicable,88,Not Applicable,88,Not Applicable,FALSE,1,Public Road,1,"Trafficway, On Road",CT0009300,New Haven PD,42056,49:32.0,C,Closed,08:56.0,,,,,,,
1334305,1,Complete,1334305,1334305,41.327218,-72.870101,3818531,New Haven,93,93,New Haven,10/8/2024,2024,10,October,8,3,Tuesday,14:55:00,14,24041439,A,"Injury of any type (Serious, Minor, Possible)",B,Suspected Minor Injury (B),1,1,0,3,State,0.48,103,103-N,103-N,,HEMINGWAY PL,20,Feet,S,41.327218,-72.870101,9,Pedestrian,88,Not Applicable,1,On Roadway,1,Clear,88,Not Applicable,1,Daylight,1,Dry,0,None,88,Not Applicable,88,Not Applicable,0,None,88,Not Applicable,88,Not Applicable,1,Non-Junction,1,Not at Intersection,1,No,1,No,88,Not Applicable,88,Not Applicable,88,Not Applicable,88,Not Applicable,FALSE,1,Public Road,1,"Trafficway, On Road",CT0009300,New Haven PD,175,11:46.0,C,Closed,10:38.0,,,,,,,
1334306,1,Complete,1334306,1334306,41.323345,-72.880592,3818532,New Haven,93,93,New Haven,10/8/2024,2024,10,October,8,3,Tuesday,15:26:00,15,24041457,A,"Injury of any type (Serious, Minor, Possible)",A,Suspected Serious Injury (A),1,1,0,3,State,0.06,80,80-E,80-E,,MIDDLETOWN AVE,300,Feet,E,41.323345,-72.880592,10,Pedalcycle/Pedalcyclist,1,Front to rear,1,On Roadway,1,Clear,88,Not Applicable,1,Daylight,1,Dry,0,None,88,Not Applicable,88,Not Applicable,0,None,88,Not Applicable,88,Not Applicable,5,Entrance / Exit Ramp-Related,1,Not at Intersection,1,No,1,No,88,Not Applicable,88,Not Applicable,88,Not Applicable,88,Not Applicable,FALSE,1,Public Road,1,"Trafficway, On Road",CT0009300,New Haven PD,44056,07:59.0,O,Open,08:23.0,,,,,,,
1334309,1,Complete,1334309,1334309,41.32932,-72.92631,3818535,New Haven,93,93,New Haven,10/8/2024,2024,10,October,8,3,Tuesday,18:45:00,18,24041513,A,"Injury of any type (Serious, Minor, Possible)",C,Possible Injury (C),2,0,1,4,Local,0.95,669,WINCHESTER AV,WINCHESTER AV,HIGHLAND ST,,,,,41.32932,-72.92631,14,Motor Vehicle in Operation,3,Angle,1,On Roadway,1,Clear,88,Not Applicable,4,Dark-Lighted,1,Dry,0,None,88,Not Applicable,88,Not Applicable,0,None,88,Not Applicable,88,Not Applicable,2,Intersection,3,T-Intersection,1,No,1,No,88,Not Applicable,88,Not Applicable,88,Not Applicable,88,Not Applicable,FALSE,1,Public Road,1,"Trafficway, On Road",CT0009300,New Haven PD,44176,30:13.0,O,Open,05:44.0,,,,,,,