CrashId,Fatal Case Status,Fatal Case Status Text Format,CrashId,CrashId,Latitude,Longitude,DOT Case Number,Town Name,Town Number,Town Number,Town Number Text Format,Date Of Crash,Year,Month,Month Text Format,Day,Day of the Week,Day of the Week Text Format,Time of Crash,Hour of the Day,Case Identifier,Crash Severity,Crash Severity Text Format,Most Severe Injury,Most Severe Injury Text Format,Number Of Motor Vehicles,Number Of Non-Motorist,Number Of Witnesses,Route Class,Route Class Text Format,Milemarker,Road Number,Road Description,Roadway Name,Intersecting Roadway Name,Landmark Description,Distance From Nearest Landmark,Unit Of Measure From Nearest Landmark,Direction From Nearest Landmark,Latitude,Longitude,First Harmful Event,First Harmful Event Text Format,Manner of Crash / Collision Impact,Manner of Crash / Collision Impact Text Format,Location of First Harmful Event,Location of First Harmful Event Text Format,Weather Condition,Weather Condition Text Format,Weather 2,Weather 2 Text Format,Light Condition,Light Condition Text Format,Road Surface Condition,Road Surface Condition Text Format,"Contributing Circumstances, Environment","Contributing Circumstances, Environment Text Format",Environment 2,Environment 2 Text Format,Environment 3,Environment 3 Text Format,"Contributing Circumstances, Road","Contributing Circumstances, Road Text Format",Road 2,Road 2 Text Format,Road 3,Road 3 Text Format,Crash Specific Location,Crash Specific Location Text Format,Type of Intersection,Type of Intersection Text Format,School Bus Related,School Bus Related Text Format,Work Zone Related,Work Zone Related Text Format,Location Of Crash Relative To Work Zone,Location Of Crash Relative To Work Zone Text Format,Type of Work Zone,Type of Work Zone Text Format,Worker Presence,Worker Presence Text Format,Law Enforcement Presence,Law Enforcement Presence Text Format,Were Vehicles Moved Prior To Police Arrival,Trafficway Ownership,Trafficway Ownership Text Format,Trafficway Class,Trafficway Class Text Format,Police Agency,Police Agency Text Format,Badge Number,Approval Date,Police Case Status,Police Case Status Text Format,Crash Report Submission Date,Related Case Identifiers,No. of Through Lanes (Log Dir.),Average Daily Traffic,Functional Classification,Functional Classification Text Format,Rural or Urban,Rural or Urban Text Format
1334311,1,Complete,1334311,1334311,41.308919,-72.909791,3818537,New Haven,93,93,New Haven,10/8/2024,2024,10,October,8,3,Tuesday,21:11:00,21,24041527,A,"Injury of any type (Serious, Minor, Possible)",C,Possible Injury (C),2,0,0,4,Local,0.49,165,EAST ST,EAST ST,GRAND AVE,,,,,41.308919,-72.909791,14,Motor Vehicle in Operation,3,Angle,1,On Roadway,1,Clear,88,Not Applicable,4,Dark-Lighted,1,Dry,99,Unknown,88,Not Applicable,88,Not Applicable,99,Unknown,88,Not Applicable,88,Not Applicable,2,Intersection,2,Four-Way Intersection,1,No,1,No,88,Not Applicable,88,Not Applicable,88,Not Applicable,88,Not Applicable,FALSE,1,Public Road,1,"Trafficway, On Road",CT0009300,New Haven PD,44057,22:53.0,C,Closed,07:44.0,,,,,,,
1334322,1,Complete,1334322,1334322,41.286285,-72.936133,3818548,New Haven,93,93,New Haven,10/9/2024,2024,10,October,9,4,Wednesday,17:00:00,17,24041641,A,"Injury of any type (Serious, Minor, Possible)",C,Possible Injury (C),2,0,0,3,State,0.46,10,10-N,10-N,KIMBERLY AVE,,,,,41.286285,-72.936133,14,Motor Vehicle in Operation,3,Angle,1,On Roadway,1,Clear,88,Not Applicable,1,Daylight,1,Dry,0,None,88,Not Applicable,88,Not Applicable,0,None,88,Not Applicable,88,Not Applicable,2,Intersection,2,Four-Way Intersection,1,No,1,No,88,Not Applicable,88,Not Applicable,88,Not Applicable,88,Not Applicable,FALSE,1,Public Road,1,"Trafficway, On Road",CT0009300,New Haven PD,40811,40:50.0,C,Closed,06:15.0,,,,,,,
1334327,1,Complete,1334327,1334327,41.327208,-72.968214,3818553,New Haven,93,93,New Haven,10/10/2024,2024,10,October,10,5,Thursday,14:50:00,14,24041727,A,"Injury of any type (Serious, Minor, Possible)",C,Possible Injury (C),2,0,0,3,State,6.22,243,243-E,243-E,FOREST RD,,,,,41.327208,-72.968214,14,Motor Vehicle in Operation,3,Angle,1,On Roadway,1,Clear,88,Not Applicable,1,Daylight,1,Dry,0,None,88,Not Applicable,88,Not Applicable,0,None,88,Not Applicable,88,Not Applicable,2,Intersection,2,Four-Way Intersection,1,No,1,No,88,Not Applicable,88,Not Applicable,88,Not Applicable,88,Not Applicable,TRUE,1,Public Road,1,"Trafficway, On Road",CT0009300,New Haven PD,44947,33:03.0,C,Closed,06:32.0,,,,,,,
1334328,1,Complete,1334328,1334328,41.304082,-72.934833,3818554,New Haven,93,93,New Haven,10/10/2024,2024,10,October,10,5,Thursday,15:00:00,15,24041731,A,"Injury of any type (Serious, Minor, Possible)",B,Suspected Minor Injury (B),1,1,2,4,Local,0.1,766,YORK ST,YORK ST,,CEDAR ST,25,Feet,E,41.304082,-72.934833,9,Pedestrian,88,Not Applicable,1,On Roadway,1,Clear,88,Not Applicable,1,Daylight,1,Dry,99,Unknown,88,Not Applicable,88,Not Applicable,99,Unknown,88,Not Applicable,88,Not Applicable,1,Non-Junction,1,Not at Intersection,1,No,1,No,88,Not Applicable,88,Not Applicable,88,Not Applicable,88,Not Applicable,TRUE,1,Public Road,1,"Trafficway, On Road",CT0009300,New Haven PD,35848,53:07.0,C,Closed,06:40.0,,,,,,,
1334336,1,Complete,1334336,1334336,41.331251,-72.9735,3818562,New Haven,93,93,New Haven,10/10/2024,2024,10,October,10,5,Thursday,18:58:00,18,24041756,A,"Injury of any type (Serious, Minor, Possible)",C,Possible Injury (C),2,0,0,,,,,,1302 Whalley Ave,,Davis St,190,Feet,N,41.331251,-72.9735,14,Motor Vehicle in Operation,4,"Sideswipe, same direction",97,Other,1,Clear,88,Not Applicable,4,Dark-Lighted,1,Dry,0,None,88,Not Applicable,88,Not Applicable,0,None,88,Not Applicable,88,Not Applicable,97,Other,1,Not at Intersection,1,No,1,No,88,Not Applicable,88,Not Applicable,88,Not Applicable,88,Not Applicable,FALSE,88,Not Applicable,4,Parking Lot,CT0009300,New Haven PD,42046,28:01.0,C,Closed,06:39.0,,,,,,,
1334338,1,Complete,1334338,1334338,41.304741,-72.922681,3818564,New Haven,93,93,New Haven,10/10/2024,2024,10,October,10,5,Thursday,22:11:00,22,24041768,A,"Injury of any type (Serious, Minor, Possible)",C,Possible Injury (C),2,0,0,4,Local,1.34,575,STATE ST,STATE ST,CHAPEL ST,,,,,41.304741,-72.922681,14,Motor Vehicle in Operation,3,Angle,1,On Roadway,1,Clear,88,Not Applicable,4,Dark-Lighted,1,Dry,0,None,88,Not Applicable,88,Not Applicable,0,None,88,Not Applicable,88,Not Applicable,2,Intersection,2,Four-Way Intersection,1,No,1,No,88,Not Applicable,88,Not Applicable,88,Not Applicable,88,Not Applicable,TRUE,1,Public Road,1,"Trafficway, On Road",CT0009300,New Haven PD,40790,29:02.0,C,Closed,09:02.0,,,,,,,
1334346,1,Complete,1334346,1334346,41.300853,-72.932908,3818572,New Haven,93,93,New Haven,10/11/2024,2024,10,October,11,6,Friday,10:36:00,10,24041810,A,"Injury of any type (Serious, Minor, Possible)",C,Possible Injury (C),1,1,0,4,Local,0.26,730,WASHINGTON AV NO 2,WASHINGTON AV NO 2,CEDAR ST,,,,,41.300853,-72.932908,9,Pedestrian,88,Not Applicable,1,On Roadway,1,Clear,88,Not Applicable,1,Daylight,1,Dry,0,None,88,Not Applicable,88,Not Applicable,0,None,88,Not Applicable,88,Not Applicable,2,Intersection,2,Four-Way Intersection,1,No,1,No,88,Not Applicable,88,Not Applicable,88,Not Applicable,88,Not Applicable,FALSE,1,Public Road,1,"Trafficway, On Road",CT0009300,New Haven PD,301,40:39.0,C,Closed,04:02.0,,,,,,,
1334348,1,Complete,1334348,1334348,41.305625,-72.936005,3818574,New Haven,93,93,New Haven,10/11/2024,2024,10,October,11,6,Friday,12:26:00,12,24041825,A,"Injury of any type (Serious, Minor, Possible)",C,Possible Injury (C),2,0,0,4,Local,0.08,565,SOUTH FRONTAGE RD-RT 34,SOUTH FRONTAGE RD-RT 34,PARK ST,,,,,41.305625,-72.936005,14,Motor Vehicle in Operation,3,Angle,1,On Roadway,1,Clear,1,Clear,1,Daylight,1,Dry,0,None,88,Not Applicable,88,Not Applicable,0,None,88,Not Applicable,88,Not Applicable,2,Intersection,2,Four-Way Intersection,1,No,1,No,88,Not Applicable,88,Not Applicable,88,Not Applicable,88,Not Applicable,TRUE,1,Public Road,1,"Trafficway, On Road",CT0009300,New Haven PD,301,27:42.0,C,Closed,07:13.0,,,,,,,
1334351,1,Complete,1334351,1334351,41.312365,-72.934807,3818577,New Haven,93,93,New Haven,10/11/2024,2024,10,October,11,6,Friday,13:55:00,13,24041836,A,"Injury of any type (Serious, Minor, Possible)",C,Possible Injury (C),2,0,0,4,Local,0.07,194,ELM ST NO 1,ELM ST NO 1,,DWIGHT ST,35,Feet,E,41.312365,-72.934807,14,Motor Vehicle in Operation,4,"Sideswipe, same direction",1,On Roadway,1,Clear,88,Not Applicable,1,Daylight,1,Dry,0,None,88,Not Applicable,88,Not Applicable,0,None,88,Not Applicable,88,Not Applicable,3,Intersection-Related,2,Four-Way Intersection,1,No,1,No,88,Not Applicable,88,Not Applicable,88,Not Applicable,88,Not Applicable,TRUE,1,Public Road,1,"Trafficway, On Road",CT0009300,New Haven PD,39,23:44.0,C,Closed,08:25.0,,,,,,,
1334367,1,Complete,1334367,1334367,41.327458,-72.953339,3818593,New Haven,93,93,New Haven,10/12/2024,2024,10,October,12,7,Saturday,9:40:00,9,24041926,A,"Injury of any type (Serious, Minor, Possible)",C,Possible Injury (C),2,0,0,3,State,3.86,10,10-N,10-N,BLAKE ST,,,,,41.327458,-72.953339,14,Motor Vehicle in Operation,3,Angle,1,On Roadway,1,Clear,88,Not Applicable,1,Daylight,1,Dry,0,None,88,Not Applicable,88,Not Applicable,0,None,88,Not Applicable,88,Not Applicable,2,Intersection,2,Four-Way Intersection,1,No,1,No,88,Not Applicable,88,Not Applicable,88,Not Applicable,88,Not Applicable,FALSE,1,Public Road,1,"Trafficway, On Road",CT0009300,New Haven PD,9,10:19.0,O,Open,08:14.0,,,,,,,
1334369,1,Complete,1334369,1334369,41.3041583,-72.94429901,3818595,New Haven,93,93,New Haven,10/12/2024,2024,10,October,12,7,Saturday,12:30:00,12,24041937,A,"Injury of any type (Serious, Minor, Possible)",C,Possible Injury (C),2,0,0,4,Local,0.37,585,SYLVAN AV,SYLVAN AV,GREENWOOD ST,,,,,41.3041583,-72.94429901,14,Motor Vehicle in Operation,4,"Sideswipe, same direction",1,On Roadway,1,Clear,1,Clear,1,Daylight,1,Dry,0,None,88,Not Applicable,88,Not Applicable,0,None,88,Not Applicable,88,Not Applicable,2,Intersection,3,T-Intersection,1,No,1,No,88,Not Applicable,88,Not Applicable,88,Not Applicable,88,Not Applicable,TRUE,1,Public Road,1,"Trafficway, On Road",CT0009300,New Haven PD,301,26:46.0,C,Closed,07:47.0,,,,,,,
1334373,1,Complete,1334373,1334373,41.316208,-72.941028,3818599,New Haven,93,93,New Haven,10/12/2024,2024,10,October,12,7,Saturday,15:30:00,15,24041951,A,"Injury of any type (Serious, Minor, Possible)",C,Possible Injury (C),2,0,0,4,Local,0.46,653,WHALLEY AV,WHALLEY AV,,HUDSON ST,95,Feet,E,41.316208,-72.941028,14,Motor Vehicle in Operation,1,Front to rear,1,On Roadway,1,Clear,88,Not Applicable,1,Daylight,1,Dry,0,None,88,Not Applicable,88,Not Applicable,0,None,88,Not Applicable,88,Not Applicable,9,Driveway Access-Related,1,Not at Intersection,1,No,1,No,88,Not Applicable,88,Not Applicable,88,Not Applicable,88,Not Applicable,FALSE,1,Public Road,1,"Trafficway, On Road",CT0009300,New Haven PD,276,05:37.0,C,Closed,07:53.0,24041951,,,,,,
1334374,1,Complete,1334374,1334374,41.322148,-72.911982,3818600,New Haven,93,93,New Haven,10/12/2024,2024,10,October,12,7,Saturday,16:59:00,16,24041958,A,"Injury of any type (Serious, Minor, Possible)",C,Possible Injury (C),2,0,0,4,Local,0.64,666,WILLOW ST,WILLOW ST,,ORANGE ST,45,Feet,W,41.322148,-72.911982,14,Motor Vehicle in Operation,1,Front to rear,1,On Roadway,1,Clear,88,Not Applicable,1,Daylight,1,Dry,0,None,88,Not Applicable,88,Not Applicable,0,None,88,Not Applicable,88,Not Applicable,3,Intersection-Related,2,Four-Way Intersection,1,No,1,No,88,Not Applicable,88,Not Applicable,88,Not Applicable,88,Not Applicable,FALSE,1,Public Road,1,"Trafficway, On Road",CT0009300,New Haven PD,40085,52:44.0,C,Closed,07:56.0,,,,,,,
1334395,1,Complete,1334395,1334395,41.329864,-72.916991,3818621,New Haven,93,93,New Haven,10/13/2024,2024,10,October,13,1,Sunday,8:54:00,8,24042020,A,"Injury of any type (Serious, Minor, Possible)",B,Suspected Minor Injury (B),2,0,0,4,Local,0.14,319,HUNTINGTON ST,HUNTINGTON ST,,EDGEHILL RD,80,Feet,E,41.329864,-72.916991,14,Motor Vehicle in Operation,1,Front to rear,1,On Roadway,2,Cloudy,88,Not Applicable,1,Daylight,1,Dry,0,None,88,Not Applicable,88,Not Applicable,0,None,88,Not Applicable,88,Not Applicable,1,Non-Junction,1,Not at Intersection,1,No,1,No,88,Not Applicable,88,Not Applicable,88,Not Applicable,88,Not Applicable,FALSE,1,Public Road,1,"Trafficway, On Road",CT0009300,New Haven PD,34591,00:06.0,C,Closed,09:23.0,,,,,,,
1334399,1,Complete,1334399,1334399,41.315308,-72.943286,3818625,New Haven,93,93,New Haven,10/13/2024,2024,10,October,13,1,Sunday,19:00:00,19,24042076,A,"Injury of any type (Serious, Minor, Possible)",C,Possible Injury (C),2,0,0,4,Local,0.56,194,ELM ST NO 1,ELM ST NO 1,,SHERMAN AVE,50,Feet,W,41.315308,-72.943286,14,Motor Vehicle in Operation,1,Front to rear,1,On Roadway,4,Rain,88,Not Applicable,4,Dark-Lighted,2,Wet,0,None,88,Not Applicable,88,Not Applicable,0,None,88,Not Applicable,88,Not Applicable,3,Intersection-Related,2,Four-Way Intersection,1,No,1,No,88,Not Applicable,88,Not Applicable,88,Not Applicable,88,Not Applicable,FALSE,1,Public Road,1,"Trafficway, On Road",CT0009300,New Haven PD,11439,34:08.0,C,Closed,08:27.0,,,,,,,
1334400,1,Complete,1334400,1334400,41.320215,-72.934236,3818626,New Haven,93,93,New Haven,10/13/2024,2024,10,October,13,1,Sunday,22:01:00,22,24042089,A,"Injury of any type (Serious, Minor, Possible)",C,Possible Injury (C),3,0,0,4,Local,0.52,152,DIXWELL AV,DIXWELL AV,,ADMIRAL ST,130,Feet,N,41.320215,-72.934236,14,Motor Vehicle in Operation,3,Angle,1,On Roadway,1,Clear,88,Not Applicable,4,Dark-Lighted,1,Dry,0,None,88,Not Applicable,88,Not Applicable,0,None,88,Not Applicable,88,Not Applicable,1,Non-Junction,1,Not at Intersection,1,No,1,No,88,Not Applicable,88,Not Applicable,88,Not Applicable,88,Not Applicable,FALSE,1,Public Road,1,"Trafficway, On Road",CT0009300,New Haven PD,40801,56:12.0,C,Closed,08:28.0,,,,,,,
1334401,1,Complete,1334401,1334401,41.286373,-72.926857,3818627,New Haven,93,93,New Haven,10/13/2024,2024,10,October,13,1,Sunday,11:58:00,11,24042097,A,"Injury of any type (Serious, Minor, Possible)",C,Possible Injury (C),1,0,0,4,Local,0.15,359,SARGENT DR,SARGENT DR,,LONG WHARF DR,400,Feet,S,41.286373,-72.926857,39,"Other Fixed Object (wall, building, tunnel, etc.)",88,Not Applicable,4,Roadside,1,Clear,88,Not Applicable,1,Daylight,1,Dry,0,None,88,Not Applicable,88,Not Applicable,0,None,88,Not Applicable,88,Not Applicable,1,Non-Junction,1,Not at Intersection,1,No,1,No,88,Not Applicable,88,Not Applicable,88,Not Applicable,88,Not Applicable,FALSE,1,Public Road,1,"Trafficway, On Road",CT0009300,New Haven PD,40810,40:34.0,C,Closed,08:48.0,,,,,,,
1334413,1,Complete,1334413,1334413,41.301562,-72.950849,3818639,New Haven,93,93,New Haven,10/14/2024,2024,10,October,14,2,Monday,19:07:00,19,24042215,A,"Injury of any type (Serious, Minor, Possible)",C,Possible Injury (C),3,0,0,3,State,1.77,10,10-N,10-N,,LEGION AVE,1465,Feet,S,41.301562,-72.950849,14,Motor Vehicle in Operation,2,Front to front,1,On Roadway,1,Clear,88,Not Applicable,4,Dark-Lighted,1,Dry,0,None,88,Not Applicable,88,Not Applicable,0,None,88,Not Applicable,88,Not Applicable,1,Non-Junction,1,Not at Intersection,1,No,1,No,88,Not Applicable,88,Not Applicable,88,Not Applicable,88,Not Applicable,FALSE,1,Public Road,1,"Trafficway, On Road",CT0009300,New Haven PD,476,22:00.0,C,Closed,09:07.0,,,,,,,
1334420,1,Complete,1334420,1334420,41.303955,-72.934859,3818646,New Haven,93,93,New Haven,10/15/2024,2024,10,October,15,3,Tuesday,10:18:00,10,24042278,A,"Injury of any type (Serious, Minor, Possible)",B,Suspected Minor Injury (B),1,1,1,4,Local,0.15,747,CEDAR ST NO 3,CEDAR ST NO 3,YORK ST,,,,,41.303955,-72.934859,9,Pedestrian,88,Not Applicable,1,On Roadway,1,Clear,88,Not Applicable,1,Daylight,1,Dry,0,None,88,Not Applicable,88,Not Applicable,0,None,88,Not Applicable,88,Not Applicable,2,Intersection,3,T-Intersection,1,No,1,No,88,Not Applicable,88,Not Applicable,88,Not Applicable,88,Not Applicable,FALSE,1,Public Road,1,"Trafficway, On Road",CT0009300,New Haven PD,301,17:58.0,C,Closed,03:57.0,,,,,,,
1334421,1,Complete,1334421,1334421,41.316539,-72.942089,3818647,New Haven,93,93,New Haven,10/15/2024,2024,10,October,15,3,Tuesday,7:32:00,7,24042283,A,"Injury of any type (Serious, Minor, Possible)",C,Possible Injury (C),2,0,0,4,Local,0.4,653,WHALLEY AV,WHALLEY AV,,SHERMAN AVE,45,Feet,E,41.316539,-72.942089,14,Motor Vehicle in Operation,3,Angle,1,On Roadway,1,Clear,88,Not Applicable,1,Daylight,1,Dry,0,None,88,Not Applicable,88,Not Applicable,0,None,88,Not Applicable,88,Not Applicable,9,Driveway Access-Related,1,Not at Intersection,1,No,1,No,88,Not Applicable,88,Not Applicable,88,Not Applicable,88,Not Applicable,FALSE,1,Public Road,1,"Trafficway, On Road",CT0009300,New Haven PD,44176,27:51.0,C,Closed,09:41.0,,,,,,,
1334430,1,Complete,1334430,1334430,41.311402,-72.92569,3818656,New Haven,93,93,New Haven,10/16/2024,2024,10,October,16,4,Wednesday,7:50:00,7,24042406,A,"Injury of any type (Serious, Minor, Possible)",C,Possible Injury (C),1,1,1,4,Local,0.02,117,COLLEGE ST,COLLEGE ST,,GROVE ST,90,Feet,S,41.311402,-72.92569,10,Pedalcycle/Pedalcyclist,1,Front to rear,1,On Roadway,1,Clear,88,Not Applicable,1,Daylight,1,Dry,0,None,88,Not Applicable,88,Not Applicable,0,None,88,Not Applicable,88,Not Applicable,1,Non-Junction,1,Not at Intersection,1,No,1,No,88,Not Applicable,88,Not Applicable,88,Not Applicable,88,Not Applicable,TRUE,1,Public Road,1,"Trafficway, On Road",CT0009300,New Haven PD,469,49:52.0,C,Closed,09:55.0,,,,,,,
1334436,1,Complete,1334436,1334436,41.308451,-72.912449,3818662,New Haven,93,93,New Haven,10/16/2024,2024,10,October,16,4,Wednesday,12:53:00,12,24042435,A,"Injury of any type (Serious, Minor, Possible)",C,Possible Injury (C),1,1,0,4,Local,1.39,264,GRAND AV,GRAND AV,HAMILTON ST,,,,,41.308451,-72.912449,10,Pedalcycle/Pedalcyclist,97,Other,1,On Roadway,1,Clear,88,Not Applicable,1,Daylight,1,Dry,0,None,88,Not Applicable,88,Not Applicable,0,None,88,Not Applicable,88,Not Applicable,2,Intersection,2,Four-Way Intersection,1,No,1,No,88,Not Applicable,88,Not Applicable,88,Not Applicable,88,Not Applicable,TRUE,1,Public Road,1,"Trafficway, On Road",CT0009300,New Haven PD,980,55:53.0,C,Closed,02:24.0,,,,,,,
1334440,1,Complete,1334440,1334440,41.306799,-72.882594,3818666,New Haven,93,93,New Haven,10/16/2024,2024,10,October,16,4,Wednesday,16:57:00,16,24042482,A,"Injury of any type (Serious, Minor, Possible)",A,Suspected Serious Injury (A),2,0,0,4,Local,0.22,168,EAST GRAND AV,EAST GRAND AV,SHERLAND AVE,,,,,41.306799,-72.882594,14,Motor Vehicle in Operation,3,Angle,1,On Roadway,1,Clear,88,Not Applicable,1,Daylight,1,Dry,0,None,88,Not Applicable,88,Not Applicable,0,None,88,Not Applicable,88,Not Applicable,2,Intersection,2,Four-Way Intersection,1,No,1,No,88,Not Applicable,88,Not Applicable,88,Not Applicable,88,Not Applicable,TRUE,1,Public Road,1,"Trafficway, On Road",CT0009300,New Haven PD,46622,19:20.0,C,Closed,10:16.0,,,,,,,
1334442,1,Complete,1334442,1334442,41.324846,-72.956692,3818668,New Haven,93,93,New Haven,10/17/2024,2024,10,October,17,5,Thursday,0:45:00,0,24042540,A,"Injury of any type (Serious, Minor, Possible)",C,Possible Injury (C),2,0,0,3,State,3.59,10,10-N,10-N,,Fitch Street,20,Feet,E,41.324846,-72.956692,14,Motor Vehicle in Operation,1,Front to rear,1,On Roadway,1,Clear,88,Not Applicable,4,Dark-Lighted,1,Dry,0,None,88,Not Applicable,88,Not Applicable,0,None,88,Not Applicable,88,Not Applicable,3,Intersection-Related,2,Four-Way Intersection,1,No,1,No,88,Not Applicable,88,Not Applicable,88,Not Applicable,88,Not Applicable,TRUE,1,Public Road,1,"Trafficway, On Road",CT0009300,New Haven PD,42053,37:40.0,C,Closed,10:29.0,,,,,,,
1334443,1,Complete,1334443,1334443,41.30437276,-72.92701687,924254,New Haven,93,93,New Haven,10/17/2024,2024,10,October,17,5,Thursday,2:07:00,2,24042543,K,Fatal (Kill),K,Fatal Injury (K),1,1,0,4,Local,0.04,103,CHURCH ST,CHURCH ST,REV DR MARTIN LUTHER KING JR BLVD,,,,,41.30437276,-72.92701687,10,Pedalcycle/Pedalcyclist,88,Not Applicable,1,On Roadway,1,Clear,88,Not Applicable,4,Dark-Lighted,1,Dry,0,None,88,Not Applicable,88,Not Applicable,0,None,88,Not Applicable,88,Not Applicable,2,Intersection,2,Four-Way Intersection,1,No,1,No,88,Not Applicable,88,Not Applicable,88,Not Applicable,88,Not Applicable,FALSE,1,Public Road,1,"Trafficway, On Road",CT0009300,New Haven PD,44946,21:05.0,O,Open,10:30.0,,,,,,,
1334452,1,Complete,1334452,1334452,41.328159,-72.915012,3818678,New Haven,93,93,New Haven,10/17/2024,2024,10,October,17,5,Thursday,14:49:00,14,24042601,A,"Injury of any type (Serious, Minor, Possible)",B,Suspected Minor Injury (B),1,1,0,4,Local,1.29,656,WHITNEY AV,WHITNEY AV,WHITNEY AVE,,,,,41.328159,-72.915012,9,Pedestrian,88,Not Applicable,1,On Roadway,2,Cloudy,88,Not Applicable,1,Daylight,1,Dry,0,None,88,Not Applicable,88,Not Applicable,0,None,88,Not Applicable,88,Not Applicable,2,Intersection,3,T-Intersection,1,No,1,No,88,Not Applicable,88,Not Applicable,88,Not Applicable,88,Not Applicable,FALSE,1,Public Road,1,"Trafficway, On Road",CT0009300,New Haven PD,42048,02:06.0,C,Closed,04:26.0,,,,,,,
1334456,1,Complete,1334456,1334456,41.307605,-72.936798,3818682,New Haven,93,93,New Haven,10/17/2024,2024,10,October,17,5,Thursday,19:33:00,19,24042631,A,"Injury of any type (Serious, Minor, Possible)",C,Possible Injury (C),2,0,0,4,Local,0.11,310,HOWE ST,HOWE ST,,GEORGE ST,30,Feet,S,41.307605,-72.936798,14,Motor Vehicle in Operation,1,Front to rear,1,On Roadway,1,Clear,88,Not Applicable,4,Dark-Lighted,1,Dry,0,None,88,Not Applicable,88,Not Applicable,0,None,88,Not Applicable,88,Not Applicable,3,Intersection-Related,2,Four-Way Intersection,1,No,1,No,88,Not Applicable,88,Not Applicable,88,Not Applicable,88,Not Applicable,FALSE,1,Public Road,1,"Trafficway, On Road",CT0009300,New Haven PD,46901,48:19.0,C,Closed,01:31.0,,,,,,,
1334460,1,Complete,1334460,1334460,41.319962,-72.898159,3818686,New Haven,93,93,New Haven,10/17/2024,2024,10,October,17,5,Thursday,21:36:00,21,24042640,A,"Injury of any type (Serious, Minor, Possible)",C,Possible Injury (C),1,1,0,2,USRoute,0.42,5,5-N,5-N,GRACE ST,,,,,41.319962,-72.898159,9,Pedestrian,88,Not Applicable,1,On Roadway,1,Clear,88,Not Applicable,6,Dark-Unknown Lighting,1,Dry,0,None,88,Not Applicable,88,Not Applicable,0,None,88,Not Applicable,88,Not Applicable,2,Intersection,3,T-Intersection,1,No,1,No,88,Not Applicable,88,Not Applicable,88,Not Applicable,88,Not Applicable,FALSE,1,Public Road,1,"Trafficway, On Road",CT0009300,New Haven PD,46621,27:49.0,C,Closed,02:07.0,,,,,,,
1334467,1,Complete,1334467,1334467,41.302195,-72.928744,3818693,New Haven,93,93,New Haven,10/18/2024,2024,10,October,18,6,Friday,8:38:00,8,24042679,A,"Injury of any type (Serious, Minor, Possible)",C,Possible Injury (C),2,0,0,4,Local,0.28,564,SOUTH FRONTAGE RD,SOUTH FRONTAGE RD,CHURCH ST S,,,,,41.302195,-72.928744,14,Motor Vehicle in Operation,3,Angle,1,On Roadway,1,Clear,88,Not Applicable,1,Daylight,1,Dry,3,Glare,88,Not Applicable,88,Not Applicable,0,None,88,Not Applicable,88,Not Applicable,2,Intersection,2,Four-Way Intersection,1,No,1,No,88,Not Applicable,88,Not Applicable,88,Not Applicable,88,Not Applicable,FALSE,1,Public Road,1,"Trafficway, On Road",CT0009300,New Haven PD,40819,43:03.0,C,Closed,02:25.0,,,,,,,
1334470,1,Complete,1334470,1334470,41.325321,-72.912697,3818696,New Haven,93,93,New Haven,10/18/2024,2024,10,October,18,6,Friday,10:20:00,10,24042694,A,"Injury of any type (Serious, Minor, Possible)",A,Suspected Serious Injury (A),1,5,1,4,Local,0.16,116,COLD SPRING ST,COLD SPRING ST,LIVINGSTON ST,,,,,41.325321,-72.912697,9,Pedestrian,88,Not Applicable,1,On Roadway,1,Clear,88,Not Applicable,1,Daylight,1,Dry,0,None,88,Not Applicable,88,Not Applicable,0,None,88,Not Applicable,88,Not Applicable,2,Intersection,2,Four-Way Intersection,1,No,1,No,88,Not Applicable,88,Not Applicable,88,Not Applicable,88,Not Applicable,FALSE,1,Public Road,1,"Trafficway, On Road",CT0009300,New Haven PD,44060,17:17.0,C,Closed,02:39.0,,,,,,,
1334472,1,Complete,1334472,1334472,41.314149,-72.903976,3818698,New Haven,93,93,New Haven,10/18/2024,2024,10,October,18,6,Friday,12:06:00,12,24042706,A,"Injury of any type (Serious, Minor, Possible)",C,Possible Injury (C),1,1,0,4,Local,0.15,327,JAMES ST,JAMES ST,LOMBARD ST,,,,,41.314149,-72.903976,9,Pedestrian,88,Not Applicable,1,On Roadway,1,Clear,88,Not Applicable,1,Daylight,1,Dry,0,None,88,Not Applicable,88,Not Applicable,0,None,88,Not Applicable,88,Not Applicable,2,Intersection,2,Four-Way Intersection,1,No,1,No,88,Not Applicable,88,Not Applicable,88,Not Applicable,88,Not Applicable,FALSE,1,Public Road,1,"Trafficway, On Road",CT0009300,New Haven PD,40807,43:36.0,O,Open,02:17.0,,,,,,,