CrashId,Fatal Case Status,Fatal Case Status Text Format,CrashId,CrashId,Latitude,Longitude,DOT Case Number,Town Name,Town Number,Town Number,Town Number Text Format,Date Of Crash,Year,Month,Month Text Format,Day,Day of the Week,Day of the Week Text Format,Time of Crash,Hour of the Day,Case Identifier,Crash Severity,Crash Severity Text Format,Most Severe Injury,Most Severe Injury Text Format,Number Of Motor Vehicles,Number Of Non-Motorist,Number Of Witnesses,Route Class,Route Class Text Format,Milemarker,Road Number,Road Description,Roadway Name,Intersecting Roadway Name,Landmark Description,Distance From Nearest Landmark,Unit Of Measure From Nearest Landmark,Direction From Nearest Landmark,Latitude,Longitude,First Harmful Event,First Harmful Event Text Format,Manner of Crash / Collision Impact,Manner of Crash / Collision Impact Text Format,Location of First Harmful Event,Location of First Harmful Event Text Format,Weather Condition,Weather Condition Text Format,Weather 2,Weather 2 Text Format,Light Condition,Light Condition Text Format,Road Surface Condition,Road Surface Condition Text Format,"Contributing Circumstances, Environment","Contributing Circumstances, Environment Text Format",Environment 2,Environment 2 Text Format,Environment 3,Environment 3 Text Format,"Contributing Circumstances, Road","Contributing Circumstances, Road Text Format",Road 2,Road 2 Text Format,Road 3,Road 3 Text Format,Crash Specific Location,Crash Specific Location Text Format,Type of Intersection,Type of Intersection Text Format,School Bus Related,School Bus Related Text Format,Work Zone Related,Work Zone Related Text Format,Location Of Crash Relative To Work Zone,Location Of Crash Relative To Work Zone Text Format,Type of Work Zone,Type of Work Zone Text Format,Worker Presence,Worker Presence Text Format,Law Enforcement Presence,Law Enforcement Presence Text Format,Were Vehicles Moved Prior To Police Arrival,Trafficway Ownership,Trafficway Ownership Text Format,Trafficway Class,Trafficway Class Text Format,Police Agency,Police Agency Text Format,Badge Number,Approval Date,Police Case Status,Police Case Status Text Format,Crash Report Submission Date,Related Case Identifiers,No. of Through Lanes (Log Dir.),Average Daily Traffic,Functional Classification,Functional Classification Text Format,Rural or Urban,Rural or Urban Text Format
1334479,1,Complete,1334479,1334479,41.295489,-72.933594,3818705,New Haven,93,93,New Haven,10/18/2024,2024,10,October,18,6,Friday,18:27:00,18,24042786,A,"Injury of any type (Serious, Minor, Possible)",B,Suspected Minor Injury (B),1,1,0,4,Local,0.76,308,HOWARD AV,HOWARD AV,PUTNAM ST,,,,,41.295489,-72.933594,9,Pedestrian,88,Not Applicable,1,On Roadway,1,Clear,88,Not Applicable,1,Daylight,1,Dry,99,Unknown,88,Not Applicable,88,Not Applicable,99,Unknown,88,Not Applicable,88,Not Applicable,2,Intersection,2,Four-Way Intersection,1,No,1,No,88,Not Applicable,88,Not Applicable,88,Not Applicable,88,Not Applicable,TRUE,1,Public Road,1,"Trafficway, On Road",CT0009300,New Haven PD,35848,59:24.0,C,Closed,04:48.0,,,,,,,
1334480,1,Complete,1334480,1334480,41.30143,-72.941544,3818706,New Haven,93,93,New Haven,10/18/2024,2024,10,October,18,6,Friday,21:23:00,21,24042790,A,"Injury of any type (Serious, Minor, Possible)",B,Suspected Minor Injury (B),2,0,0,4,Local,0.42,141,DAVENPORT AV,DAVENPORT AV,KOSSUTH ST,,,,,41.30143,-72.941544,14,Motor Vehicle in Operation,3,Angle,1,On Roadway,1,Clear,88,Not Applicable,4,Dark-Lighted,1,Dry,99,Unknown,88,Not Applicable,88,Not Applicable,99,Unknown,88,Not Applicable,88,Not Applicable,2,Intersection,3,T-Intersection,1,No,1,No,88,Not Applicable,88,Not Applicable,88,Not Applicable,88,Not Applicable,FALSE,1,Public Road,1,"Trafficway, On Road",CT0009300,New Haven PD,46617,40:08.0,C,Closed,03:55.0,,,,,,,
1334483,1,Complete,1334483,1334483,41.320309,-72.87017,3818709,New Haven,93,93,New Haven,10/18/2024,2024,10,October,18,6,Friday,23:33:00,23,24042804,A,"Injury of any type (Serious, Minor, Possible)",B,Suspected Minor Injury (B),2,0,0,,,,,,466 FOXON BLVD,,EASTERN STREET,400,Feet,E,41.320309,-72.87017,14,Motor Vehicle in Operation,1,Front to rear,97,Other,1,Clear,88,Not Applicable,4,Dark-Lighted,1,Dry,0,None,88,Not Applicable,88,Not Applicable,0,None,88,Not Applicable,88,Not Applicable,97,Other,1,Not at Intersection,1,No,1,No,88,Not Applicable,88,Not Applicable,88,Not Applicable,88,Not Applicable,FALSE,88,Not Applicable,4,Parking Lot,CT0009300,New Haven PD,44063,38:16.0,O,Open,06:26.0,,,,,,,
1334507,1,Complete,1334507,1334507,41.317061,-72.932104,3818733,New Haven,93,93,New Haven,10/19/2024,2024,10,October,19,7,Saturday,15:26:00,15,24042866,A,"Injury of any type (Serious, Minor, Possible)",B,Suspected Minor Injury (B),2,0,0,4,Local,0.25,631,WEBSTER ST,WEBSTER ST,JOHN DANIELS PL,,,,,41.317061,-72.932104,14,Motor Vehicle in Operation,3,Angle,1,On Roadway,1,Clear,88,Not Applicable,1,Daylight,1,Dry,0,None,88,Not Applicable,88,Not Applicable,0,None,88,Not Applicable,88,Not Applicable,2,Intersection,3,T-Intersection,1,No,1,No,88,Not Applicable,88,Not Applicable,88,Not Applicable,88,Not Applicable,FALSE,1,Public Road,1,"Trafficway, On Road",CT0009300,New Haven PD,40801,19:00.0,C,Closed,04:04.0,,,,,,,
1334508,1,Complete,1334508,1334508,41.343126,-72.962051,3818734,New Haven,93,93,New Haven,10/23/2024,2024,10,October,23,4,Wednesday,15:15:00,15,24042868,A,"Injury of any type (Serious, Minor, Possible)",C,Possible Injury (C),2,0,0,4,Local,1,671,WINTERGREEN AV,WINTERGREEN AV,LEVEL ST ,,,,,41.343126,-72.962051,14,Motor Vehicle in Operation,3,Angle,1,On Roadway,1,Clear,88,Not Applicable,1,Daylight,1,Dry,0,None,88,Not Applicable,88,Not Applicable,0,None,88,Not Applicable,88,Not Applicable,2,Intersection,2,Four-Way Intersection,1,No,1,No,88,Not Applicable,88,Not Applicable,88,Not Applicable,88,Not Applicable,FALSE,1,Public Road,1,"Trafficway, On Road",CT0009300,New Haven PD,35291,02:57.0,C,Closed,07:29.0,,,,,,,
1334511,1,Complete,1334511,1334511,41.312497,-72.897942,3818737,New Haven,93,93,New Haven,10/19/2024,2024,10,October,19,7,Saturday,18:02:00,18,24042893,A,"Injury of any type (Serious, Minor, Possible)",C,Possible Injury (C),2,0,0,4,Local,0.74,487,POPLAR ST,POPLAR ST,,PINE ST,510,Feet,N,41.312497,-72.897942,14,Motor Vehicle in Operation,4,"Sideswipe, same direction",1,On Roadway,1,Clear,88,Not Applicable,1,Daylight,1,Dry,0,None,88,Not Applicable,88,Not Applicable,0,None,88,Not Applicable,88,Not Applicable,1,Non-Junction,1,Not at Intersection,1,No,1,No,88,Not Applicable,88,Not Applicable,88,Not Applicable,88,Not Applicable,FALSE,1,Public Road,1,"Trafficway, On Road",CT0009300,New Haven PD,44060,16:08.0,C,Closed,07:12.0,,,,,,,
1334514,1,Complete,1334514,1334514,41.321575,-72.896972,3818740,New Haven,93,93,New Haven,10/19/2024,2024,10,October,19,7,Saturday,20:59:00,20,24042916,A,"Injury of any type (Serious, Minor, Possible)",C,Possible Injury (C),2,0,0,2,USRoute,0.54,5,5-N,5-N,,ROCK ST,200,Feet,N,41.321575,-72.896972,14,Motor Vehicle in Operation,4,"Sideswipe, same direction",1,On Roadway,1,Clear,88,Not Applicable,3,Dusk,1,Dry,0,None,88,Not Applicable,88,Not Applicable,0,None,88,Not Applicable,88,Not Applicable,1,Non-Junction,1,Not at Intersection,1,No,1,No,88,Not Applicable,88,Not Applicable,88,Not Applicable,88,Not Applicable,FALSE,1,Public Road,1,"Trafficway, On Road",CT0009300,New Haven PD,46621,56:28.0,C,Closed,05:29.0,,,,,,,
1334516,1,Complete,1334516,1334516,41.320197,-72.950744,3818742,New Haven,93,93,New Haven,10/19/2024,2024,10,October,19,7,Saturday,12:45:00,12,24042924,A,"Injury of any type (Serious, Minor, Possible)",C,Possible Injury (C),1,1,1,3,State,3.15,10,10-N,10-N,,Hobart Street,60,Feet,E,41.320197,-72.950744,10,Pedalcycle/Pedalcyclist,3,Angle,1,On Roadway,1,Clear,88,Not Applicable,1,Daylight,1,Dry,0,None,88,Not Applicable,88,Not Applicable,0,None,88,Not Applicable,88,Not Applicable,1,Non-Junction,1,Not at Intersection,1,No,1,No,88,Not Applicable,88,Not Applicable,88,Not Applicable,88,Not Applicable,TRUE,1,Public Road,1,"Trafficway, On Road",CT0009300,New Haven PD,46625,50:39.0,O,Open,06:37.0,,,,,,,
1334518,1,Complete,1334518,1334518,41.309985,-72.945158,3818744,New Haven,93,93,New Haven,10/22/2024,2024,10,October,22,3,Tuesday,0:33:00,0,24042927,A,"Injury of any type (Serious, Minor, Possible)",C,Possible Injury (C),2,0,0,4,Local,0.29,556,SHERMAN AV,SHERMAN AV,,GEORGE ST,55,Feet,N,41.309985,-72.945158,14,Motor Vehicle in Operation,1,Front to rear,1,On Roadway,1,Clear,88,Not Applicable,6,Dark-Unknown Lighting,1,Dry,0,None,88,Not Applicable,88,Not Applicable,0,None,88,Not Applicable,88,Not Applicable,3,Intersection-Related,2,Four-Way Intersection,1,No,1,No,88,Not Applicable,88,Not Applicable,88,Not Applicable,88,Not Applicable,TRUE,1,Public Road,1,"Trafficway, On Road",CT0009300,New Haven PD,45395,00:50.0,C,Closed,11:39.0,,,,,,,
1334525,1,Complete,1334525,1334525,41.310622,-72.898187,3818751,New Haven,93,93,New Haven,10/20/2024,2024,10,October,20,1,Sunday,11:13:00,11,24042970,A,"Injury of any type (Serious, Minor, Possible)",C,Possible Injury (C),2,0,0,4,Local,0.07,734,CLAY ST NO 2,CLAY ST NO 2,,Filmore St,85,Feet,E,41.310622,-72.898187,14,Motor Vehicle in Operation,3,Angle,1,On Roadway,1,Clear,88,Not Applicable,1,Daylight,1,Dry,0,None,88,Not Applicable,88,Not Applicable,0,None,88,Not Applicable,88,Not Applicable,1,Non-Junction,1,Not at Intersection,1,No,1,No,88,Not Applicable,88,Not Applicable,88,Not Applicable,88,Not Applicable,FALSE,1,Public Road,1,"Trafficway, On Road",CT0009300,New Haven PD,45401,35:11.0,C,Closed,04:36.0,,,,,,,
1334528,1,Complete,1334528,1334528,41.282669,-72.934822,3818754,New Haven,93,93,New Haven,10/20/2024,2024,10,October,20,1,Sunday,13:32:00,13,24042977,A,"Injury of any type (Serious, Minor, Possible)",C,Possible Injury (C),2,0,0,3,State,0.17,10,10-N,10-N,,Sea St,45,Feet,W,41.282669,-72.934822,14,Motor Vehicle in Operation,1,Front to rear,1,On Roadway,1,Clear,88,Not Applicable,1,Daylight,1,Dry,0,None,88,Not Applicable,88,Not Applicable,0,None,88,Not Applicable,88,Not Applicable,3,Intersection-Related,2,Four-Way Intersection,1,No,1,No,88,Not Applicable,88,Not Applicable,88,Not Applicable,88,Not Applicable,TRUE,1,Public Road,1,"Trafficway, On Road",CT0009300,New Haven PD,26,50:28.0,C,Closed,11:26.0,,,,,,,
1334536,1,Complete,1334536,1334536,41.301786,-72.927822,3818762,New Haven,93,93,New Haven,10/20/2024,2024,10,October,20,1,Sunday,21:46:00,21,24043033,A,"Injury of any type (Serious, Minor, Possible)",C,Possible Injury (C),2,0,0,4,Local,0.33,564,SOUTH FRONTAGE RD,SOUTH FRONTAGE RD,,Oak Street Connector,25,Feet,W,41.301786,-72.927822,14,Motor Vehicle in Operation,1,Front to rear,1,On Roadway,1,Clear,88,Not Applicable,4,Dark-Lighted,1,Dry,0,None,88,Not Applicable,88,Not Applicable,0,None,88,Not Applicable,88,Not Applicable,2,Intersection,4,Y-Intersection,1,No,1,No,88,Not Applicable,88,Not Applicable,88,Not Applicable,88,Not Applicable,FALSE,1,Public Road,1,"Trafficway, On Road",CT0009300,New Haven PD,40810,23:35.0,C,Closed,05:01.0,,,,,,,
1334540,1,Complete,1334540,1334540,41.3193602,-72.904802,3818766,New Haven,93,93,New Haven,10/21/2024,2024,10,October,21,2,Monday,8:19:00,8,24043062,A,"Injury of any type (Serious, Minor, Possible)",C,Possible Injury (C),1,1,0,4,Local,0.22,666,WILLOW ST,WILLOW ST,91-S-139 (Exit 6 on ramp),,,,,41.3193602,-72.904802,9,Pedestrian,88,Not Applicable,1,On Roadway,1,Clear,88,Not Applicable,1,Daylight,1,Dry,3,Glare,88,Not Applicable,88,Not Applicable,0,None,88,Not Applicable,88,Not Applicable,2,Intersection,3,T-Intersection,1,No,1,No,88,Not Applicable,88,Not Applicable,88,Not Applicable,88,Not Applicable,FALSE,1,Public Road,1,"Trafficway, On Road",CT0009300,New Haven PD,42048,54:13.0,C,Closed,05:17.0,,,,,,,
1334542,1,Complete,1334542,1334542,41.312252,-72.948614,3818768,New Haven,93,93,New Haven,10/21/2024,2024,10,October,21,2,Monday,7:51:00,7,24043069,A,"Injury of any type (Serious, Minor, Possible)",C,Possible Injury (C),3,0,0,4,Local,3.04,97,CHAPEL ST,CHAPEL ST,Norton Street,,,,,41.312252,-72.948614,14,Motor Vehicle in Operation,3,Angle,1,On Roadway,1,Clear,88,Not Applicable,1,Daylight,1,Dry,0,None,88,Not Applicable,88,Not Applicable,0,None,88,Not Applicable,88,Not Applicable,2,Intersection,2,Four-Way Intersection,1,No,1,No,88,Not Applicable,88,Not Applicable,88,Not Applicable,88,Not Applicable,TRUE,1,Public Road,1,"Trafficway, On Road",CT0009300,New Haven PD,349,08:03.0,C,Closed,05:35.0,,,,,,,
1334547,1,Complete,1334547,1334547,41.311024,-72.93077,3818773,New Haven,93,93,New Haven,10/21/2024,2024,10,October,21,2,Monday,12:03:00,12,24043127,A,"Injury of any type (Serious, Minor, Possible)",C,Possible Injury (C),2,0,0,4,Local,0,68,BROADWAY,BROADWAY,ELM ST NO 2,,,,,41.311024,-72.93077,14,Motor Vehicle in Operation,1,Front to rear,1,On Roadway,1,Clear,88,Not Applicable,1,Daylight,1,Dry,0,None,88,Not Applicable,88,Not Applicable,0,None,88,Not Applicable,88,Not Applicable,2,Intersection,3,T-Intersection,1,No,1,No,88,Not Applicable,88,Not Applicable,88,Not Applicable,88,Not Applicable,FALSE,1,Public Road,1,"Trafficway, On Road",CT0009300,New Haven PD,91,27:36.0,C,Closed,11:38.0,,,,,,,
1334551,1,Complete,1334551,1334551,41.297733,-72.947891,3818777,New Haven,93,93,New Haven,10/21/2024,2024,10,October,21,2,Monday,16:43:00,16,24043171,A,"Injury of any type (Serious, Minor, Possible)",C,Possible Injury (C),2,0,0,4,Local,0.01,141,DAVENPORT AV,DAVENPORT AV,,COLUMBUS AVE,55,Feet,N,41.297733,-72.947891,14,Motor Vehicle in Operation,1,Front to rear,1,On Roadway,1,Clear,88,Not Applicable,1,Daylight,1,Dry,99,Unknown,88,Not Applicable,88,Not Applicable,99,Unknown,88,Not Applicable,88,Not Applicable,3,Intersection-Related,3,T-Intersection,1,No,1,No,88,Not Applicable,88,Not Applicable,88,Not Applicable,88,Not Applicable,TRUE,1,Public Road,1,"Trafficway, On Road",CT0009300,New Haven PD,40947,21:43.0,C,Closed,05:49.0,,,,,,,
1334555,1,Complete,1334555,1334555,41.330531,-72.925912,3818781,New Haven,93,93,New Haven,10/18/2024,2024,10,October,18,6,Friday,14:52:00,14,24043229,A,"Injury of any type (Serious, Minor, Possible)",C,Possible Injury (C),2,0,1,4,Local,1.03,669,WINCHESTER AV,WINCHESTER AV,BASSETT ST,,,,,41.330531,-72.925912,14,Motor Vehicle in Operation,1,Front to rear,1,On Roadway,1,Clear,88,Not Applicable,1,Daylight,1,Dry,0,None,88,Not Applicable,88,Not Applicable,0,None,88,Not Applicable,88,Not Applicable,2,Intersection,3,T-Intersection,1,No,1,No,88,Not Applicable,88,Not Applicable,88,Not Applicable,88,Not Applicable,TRUE,1,Public Road,1,"Trafficway, On Road",CT0009300,New Haven PD,46625,08:53.0,O,Open,08:44.0,,,,,,,
1334558,1,Complete,1334558,1334558,41.314551,-72.936513,3818784,New Haven,93,93,New Haven,10/22/2024,2024,10,October,22,3,Tuesday,8:59:00,8,24043257,A,"Injury of any type (Serious, Minor, Possible)",C,Possible Injury (C),2,0,0,4,Local,0.72,653,WHALLEY AV,WHALLEY AV,,SPERRY ST,200,Feet,W,41.314551,-72.936513,14,Motor Vehicle in Operation,1,Front to rear,1,On Roadway,1,Clear,88,Not Applicable,1,Daylight,1,Dry,0,None,88,Not Applicable,88,Not Applicable,0,None,88,Not Applicable,88,Not Applicable,1,Non-Junction,1,Not at Intersection,1,No,1,No,88,Not Applicable,88,Not Applicable,88,Not Applicable,88,Not Applicable,TRUE,1,Public Road,1,"Trafficway, On Road",CT0009300,New Haven PD,44947,01:19.0,C,Closed,06:21.0,,,,,,,
1334561,1,Complete,1334561,1334561,41.327999,-72.927503,3818787,New Haven,93,93,New Haven,10/22/2024,2024,10,October,22,3,Tuesday,11:01:00,11,24043287,A,"Injury of any type (Serious, Minor, Possible)",C,Possible Injury (C),2,0,0,4,Local,0.03,720,HAZEL ST,HAZEL ST,,WINCHESTER AVE,165,Feet,W,41.327999,-72.927503,14,Motor Vehicle in Operation,1,Front to rear,2,Shoulder,1,Clear,88,Not Applicable,1,Daylight,1,Dry,0,None,88,Not Applicable,88,Not Applicable,0,None,88,Not Applicable,88,Not Applicable,1,Non-Junction,1,Not at Intersection,1,No,1,No,88,Not Applicable,88,Not Applicable,88,Not Applicable,88,Not Applicable,TRUE,1,Public Road,1,"Trafficway, On Road",CT0009300,New Haven PD,45395,34:34.0,C,Closed,06:25.0,,,,,,,
1334563,1,Complete,1334563,1334563,41.319198,-72.898998,3818789,New Haven,93,93,New Haven,10/22/2024,2024,10,October,22,3,Tuesday,13:01:00,13,24043309,A,"Injury of any type (Serious, Minor, Possible)",C,Possible Injury (C),2,0,0,2,USRoute,0.34,5,5-N,5-N,,MAY ST,60,Feet,S,41.319198,-72.898998,14,Motor Vehicle in Operation,4,"Sideswipe, same direction",1,On Roadway,1,Clear,88,Not Applicable,1,Daylight,1,Dry,0,None,88,Not Applicable,88,Not Applicable,0,None,88,Not Applicable,88,Not Applicable,1,Non-Junction,1,Not at Intersection,1,No,1,No,88,Not Applicable,88,Not Applicable,88,Not Applicable,88,Not Applicable,FALSE,1,Public Road,1,"Trafficway, On Road",CT0009300,New Haven PD,42048,47:32.0,C,Closed,11:18.0,,,,,,,
1334567,1,Complete,1334567,1334567,41.29101066,-72.89196594,3818793,New Haven,93,93,New Haven,10/22/2024,2024,10,October,22,3,Tuesday,21:35:00,21,24043393,A,"Injury of any type (Serious, Minor, Possible)",C,Possible Injury (C),2,0,0,4,Local,0.43,76,BURWELL ST,BURWELL ST,TOWNSEND AVE,,,,,41.29101066,-72.89196594,14,Motor Vehicle in Operation,3,Angle,1,On Roadway,1,Clear,88,Not Applicable,4,Dark-Lighted,1,Dry,0,None,88,Not Applicable,88,Not Applicable,0,None,88,Not Applicable,88,Not Applicable,2,Intersection,2,Four-Way Intersection,1,No,1,No,88,Not Applicable,88,Not Applicable,88,Not Applicable,88,Not Applicable,FALSE,1,Public Road,1,"Trafficway, On Road",CT0009300,New Haven PD,44056,49:18.0,C,Closed,11:11.0,,,,,,,
1334568,1,Complete,1334568,1334568,41.310537,-72.949108,3818794,New Haven,93,93,New Haven,10/22/2024,2024,10,October,22,3,Tuesday,20:53:00,20,24043407,A,"Injury of any type (Serious, Minor, Possible)",C,Possible Injury (C),3,0,1,4,Local,0.05,248,GEORGE ST,GEORGE ST,,DERBY AVE ,230,Feet,E,41.310537,-72.949108,14,Motor Vehicle in Operation,4,"Sideswipe, same direction",1,On Roadway,1,Clear,88,Not Applicable,4,Dark-Lighted,1,Dry,0,None,88,Not Applicable,88,Not Applicable,0,None,88,Not Applicable,88,Not Applicable,1,Non-Junction,1,Not at Intersection,1,No,1,No,88,Not Applicable,88,Not Applicable,88,Not Applicable,88,Not Applicable,FALSE,1,Public Road,1,"Trafficway, On Road",CT0009300,New Haven PD,11107,51:56.0,C,Closed,06:35.0,,,,,,,
1334573,1,Complete,1334573,1334573,41.292743,-72.94359,3818799,New Haven,93,93,New Haven,10/23/2024,2024,10,October,23,4,Wednesday,10:18:00,10,24043451,A,"Injury of any type (Serious, Minor, Possible)",C,Possible Injury (C),3,0,0,3,State,1.04,10,10-N,10-N,,FRANK ST,100,Feet,N,41.292743,-72.94359,14,Motor Vehicle in Operation,4,"Sideswipe, same direction",1,On Roadway,1,Clear,88,Not Applicable,1,Daylight,1,Dry,0,None,88,Not Applicable,88,Not Applicable,0,None,88,Not Applicable,88,Not Applicable,1,Non-Junction,1,Not at Intersection,1,No,1,No,88,Not Applicable,88,Not Applicable,88,Not Applicable,88,Not Applicable,FALSE,1,Public Road,1,"Trafficway, On Road",CT0009300,New Haven PD,476,05:53.0,C,Closed,06:52.0,,,,,,,
1334577,1,Complete,1334577,1334577,41.305961,-72.946878,3818803,New Haven,93,93,New Haven,10/23/2024,2024,10,October,23,4,Wednesday,13:48:00,13,24043498,A,"Injury of any type (Serious, Minor, Possible)",C,Possible Injury (C),2,0,0,4,Local,0.29,360,LEGION AV-RT 34,LEGION AV-RT 34,WINTHROP AV NO 1,,,,,41.305961,-72.946878,14,Motor Vehicle in Operation,3,Angle,1,On Roadway,1,Clear,88,Not Applicable,1,Daylight,1,Dry,0,None,88,Not Applicable,88,Not Applicable,0,None,88,Not Applicable,88,Not Applicable,2,Intersection,2,Four-Way Intersection,1,No,1,No,88,Not Applicable,88,Not Applicable,88,Not Applicable,88,Not Applicable,TRUE,1,Public Road,1,"Trafficway, On Road",CT0009300,New Haven PD,301,39:34.0,C,Closed,11:59.0,,,,,,,
1334584,1,Complete,1334584,1334584,41.323214,-72.951256,3818810,New Haven,93,93,New Haven,10/24/2024,2024,10,October,24,5,Thursday,4:30:00,4,24043612,A,"Injury of any type (Serious, Minor, Possible)",C,Possible Injury (C),2,0,0,4,Local,0.24,56,BLAKE ST,BLAKE ST,,OSBRONE AVE,100,Feet,S,41.323214,-72.951256,14,Motor Vehicle in Operation,3,Angle,1,On Roadway,1,Clear,88,Not Applicable,4,Dark-Lighted,1,Dry,0,None,88,Not Applicable,88,Not Applicable,0,None,88,Not Applicable,88,Not Applicable,1,Non-Junction,1,Not at Intersection,1,No,1,No,88,Not Applicable,88,Not Applicable,88,Not Applicable,88,Not Applicable,FALSE,1,Public Road,1,"Trafficway, On Road",CT0009300,New Haven PD,44175,05:48.0,C,Closed,07:26.0,,,,,,,
1334585,1,Complete,1334585,1334585,41.304457,-72.931317,3818811,New Haven,93,93,New Haven,10/24/2024,2024,10,October,24,5,Thursday,6:41:00,6,24043615,A,"Injury of any type (Serious, Minor, Possible)",C,Possible Injury (C),2,0,0,4,Local,0.39,809,REV DR MLK JR BLVD,REV DR MLK JR BLVD,,COLLEGE ST,100,Feet,W,41.304457,-72.931317,14,Motor Vehicle in Operation,3,Angle,1,On Roadway,1,Clear,88,Not Applicable,1,Daylight,1,Dry,0,None,0,None,88,Not Applicable,0,None,88,Not Applicable,88,Not Applicable,1,Non-Junction,1,Not at Intersection,1,No,1,No,88,Not Applicable,88,Not Applicable,88,Not Applicable,88,Not Applicable,FALSE,1,Public Road,1,"Trafficway, On Road",CT0009300,New Haven PD,45132,22:06.0,C,Closed,10:05.0,,,,,,,
1334589,1,Complete,1334589,1334589,41.321233,-72.874894,3818815,New Haven,93,93,New Haven,10/24/2024,2024,10,October,24,5,Thursday,10:27:00,10,24043649,A,"Injury of any type (Serious, Minor, Possible)",C,Possible Injury (C),2,0,0,3,State,0.39,80,80-E,80-E,,QUINNIPIAC AVENUE,245,Feet,W,41.321233,-72.874894,14,Motor Vehicle in Operation,3,Angle,1,On Roadway,1,Clear,88,Not Applicable,1,Daylight,1,Dry,0,None,88,Not Applicable,88,Not Applicable,0,None,88,Not Applicable,88,Not Applicable,9,Driveway Access-Related,1,Not at Intersection,1,No,1,No,88,Not Applicable,88,Not Applicable,88,Not Applicable,88,Not Applicable,FALSE,1,Public Road,1,"Trafficway, On Road",CT0009300,New Haven PD,180,25:33.0,C,Closed,07:30.0,24043649,,,,,,
1334624,1,Complete,1334624,1334624,41.323351,-72.896282,3818850,New Haven,93,93,New Haven,10/24/2024,2024,10,October,24,5,Thursday,17:59:00,17,24043710,A,"Injury of any type (Serious, Minor, Possible)",C,Possible Injury (C),4,0,0,2,USRoute,0.67,5,5-N,5-N,,Lyman St,330,Feet,S,41.323351,-72.896282,14,Motor Vehicle in Operation,2,Front to front,1,On Roadway,1,Clear,88,Not Applicable,4,Dark-Lighted,1,Dry,0,None,88,Not Applicable,88,Not Applicable,0,None,88,Not Applicable,88,Not Applicable,1,Non-Junction,1,Not at Intersection,1,No,1,No,88,Not Applicable,88,Not Applicable,88,Not Applicable,88,Not Applicable,TRUE,1,Public Road,1,"Trafficway, On Road",CT0009300,New Haven PD,980,24:10.0,C,Closed,08:16.0,,,,,,,
1334626,1,Complete,1334626,1334626,41.330255,-72.971658,3818852,New Haven,93,93,New Haven,10/24/2024,2024,10,October,24,5,Thursday,19:17:00,19,24043715,A,"Injury of any type (Serious, Minor, Possible)",C,Possible Injury (C),1,0,0,3,State,0.89,63,63-N,63-N,WEST PROSPECT ST,,,,,41.330255,-72.971658,25,Curb,88,Not Applicable,4,Roadside,1,Clear,88,Not Applicable,4,Dark-Lighted,1,Dry,0,None,88,Not Applicable,88,Not Applicable,0,None,88,Not Applicable,88,Not Applicable,1,Non-Junction,1,Not at Intersection,1,No,1,No,88,Not Applicable,88,Not Applicable,88,Not Applicable,88,Not Applicable,FALSE,1,Public Road,1,"Trafficway, On Road",CT0009300,New Haven PD,42045,14:36.0,C,Closed,07:50.0,,,,,,,
1334656,1,Complete,1334656,1334656,41.28805,-72.895007,3818882,New Haven,93,93,New Haven,10/26/2024,2024,10,October,26,7,Saturday,1:26:00,1,24043851,A,"Injury of any type (Serious, Minor, Possible)",C,Possible Injury (C),2,0,0,4,Local,1.29,678,WOODWARD AV,WOODWARD AV,,ALLEN PL,100,Feet,S,41.28805,-72.895007,14,Motor Vehicle in Operation,1,Front to rear,1,On Roadway,1,Clear,88,Not Applicable,4,Dark-Lighted,1,Dry,0,None,88,Not Applicable,88,Not Applicable,0,None,88,Not Applicable,88,Not Applicable,1,Non-Junction,1,Not at Intersection,1,No,1,No,88,Not Applicable,88,Not Applicable,88,Not Applicable,88,Not Applicable,FALSE,1,Public Road,1,"Trafficway, On Road",CT0009300,New Haven PD,45388,24:45.0,C,Closed,08:50.0,,,,,,,
1334664,1,Complete,1334664,1334664,41.2978181,-72.9342227,3818890,New Haven,93,93,New Haven,10/26/2024,2024,10,October,26,7,Saturday,10:36:00,10,24043887,A,"Injury of any type (Serious, Minor, Possible)",B,Suspected Minor Injury (B),2,0,0,2,USRoute,47.4,1,1-N,1-N,HOWARD AV,,,,,41.2978181,-72.9342227,14,Motor Vehicle in Operation,4,"Sideswipe, same direction",1,On Roadway,1,Clear,88,Not Applicable,1,Daylight,1,Dry,0,None,88,Not Applicable,88,Not Applicable,0,None,88,Not Applicable,88,Not Applicable,2,Intersection,2,Four-Way Intersection,1,No,1,No,88,Not Applicable,88,Not Applicable,88,Not Applicable,88,Not Applicable,TRUE,1,Public Road,1,"Trafficway, On Road",CT0009300,New Haven PD,44947,14:44.0,C,Closed,09:28.0,,,,,,,