CrashId,Fatal Case Status,Fatal Case Status Text Format,CrashId,CrashId,Latitude,Longitude,DOT Case Number,Town Name,Town Number,Town Number,Town Number Text Format,Date Of Crash,Year,Month,Month Text Format,Day,Day of the Week,Day of the Week Text Format,Time of Crash,Hour of the Day,Case Identifier,Crash Severity,Crash Severity Text Format,Most Severe Injury,Most Severe Injury Text Format,Number Of Motor Vehicles,Number Of Non-Motorist,Number Of Witnesses,Route Class,Route Class Text Format,Milemarker,Road Number,Road Description,Roadway Name,Intersecting Roadway Name,Landmark Description,Distance From Nearest Landmark,Unit Of Measure From Nearest Landmark,Direction From Nearest Landmark,Latitude,Longitude,First Harmful Event,First Harmful Event Text Format,Manner of Crash / Collision Impact,Manner of Crash / Collision Impact Text Format,Location of First Harmful Event,Location of First Harmful Event Text Format,Weather Condition,Weather Condition Text Format,Weather 2,Weather 2 Text Format,Light Condition,Light Condition Text Format,Road Surface Condition,Road Surface Condition Text Format,"Contributing Circumstances, Environment","Contributing Circumstances, Environment Text Format",Environment 2,Environment 2 Text Format,Environment 3,Environment 3 Text Format,"Contributing Circumstances, Road","Contributing Circumstances, Road Text Format",Road 2,Road 2 Text Format,Road 3,Road 3 Text Format,Crash Specific Location,Crash Specific Location Text Format,Type of Intersection,Type of Intersection Text Format,School Bus Related,School Bus Related Text Format,Work Zone Related,Work Zone Related Text Format,Location Of Crash Relative To Work Zone,Location Of Crash Relative To Work Zone Text Format,Type of Work Zone,Type of Work Zone Text Format,Worker Presence,Worker Presence Text Format,Law Enforcement Presence,Law Enforcement Presence Text Format,Were Vehicles Moved Prior To Police Arrival,Trafficway Ownership,Trafficway Ownership Text Format,Trafficway Class,Trafficway Class Text Format,Police Agency,Police Agency Text Format,Badge Number,Approval Date,Police Case Status,Police Case Status Text Format,Crash Report Submission Date,Related Case Identifiers,No. of Through Lanes (Log Dir.),Average Daily Traffic,Functional Classification,Functional Classification Text Format,Rural or Urban,Rural or Urban Text Format
1334834,1,Complete,1334834,1334834,41.305496,-72.952689,3819060,New Haven,93,93,New Haven,11/20/2025,2025,11,November,20,5,Thursday,7:40:00,7,25046710,A,"Injury of any type (Serious, Minor, Possible)",C,Possible Injury (C),3,0,0,4,Local,0,360,LEGION AV,LEGION AV,Ella T Grasso Blvd,,,,,41.305496,-72.952689,14,Motor Vehicle in Operation,3,Angle,1,On Roadway,1,Clear,88,Not Applicable,1,Daylight,1,Dry,0,None,88,Not Applicable,88,Not Applicable,0,None,88,Not Applicable,88,Not Applicable,2,Intersection,3,T-Intersection,1,No,1,No,88,Not Applicable,88,Not Applicable,88,Not Applicable,88,Not Applicable,TRUE,1,Public Road,1,"Trafficway, On Road",CT0009300,New Haven PD,45700,48:00.0,O,Open,02:26.0,,,,,,,
1334835,1,Complete,1334835,1334835,41.309163,-72.942038,3819061,New Haven,93,93,New Haven,11/20/2025,2025,11,November,20,5,Thursday,9:50:00,9,25046718,A,"Injury of any type (Serious, Minor, Possible)",C,Possible Injury (C),2,0,1,4,Local,0.54,453,ORCHARD ST,ORCHARD ST,GEORGE ST,,,,,41.309163,-72.942038,14,Motor Vehicle in Operation,3,Angle,1,On Roadway,1,Clear,88,Not Applicable,1,Daylight,1,Dry,0,None,88,Not Applicable,88,Not Applicable,0,None,88,Not Applicable,88,Not Applicable,2,Intersection,2,Four-Way Intersection,1,No,1,No,88,Not Applicable,88,Not Applicable,88,Not Applicable,88,Not Applicable,FALSE,1,Public Road,1,"Trafficway, On Road",CT0009300,New Haven PD,503,59:15.0,C,Closed,02:52.0,,,,,,,
1334836,1,Complete,1334836,1334836,41.320813,-72.873762,3819062,New Haven,93,93,New Haven,11/20/2025,2025,11,November,20,5,Thursday,11:50:00,11,25046736,A,"Injury of any type (Serious, Minor, Possible)",C,Possible Injury (C),2,0,0,3,State,0.45,80,80-E,80-E,,QUINNIPIAC AVE,50,Feet,E,41.320813,-72.873762,14,Motor Vehicle in Operation,4,"Sideswipe, same direction",1,On Roadway,1,Clear,88,Not Applicable,1,Daylight,1,Dry,0,None,88,Not Applicable,88,Not Applicable,0,None,88,Not Applicable,88,Not Applicable,3,Intersection-Related,2,Four-Way Intersection,1,No,1,No,88,Not Applicable,88,Not Applicable,88,Not Applicable,88,Not Applicable,FALSE,1,Public Road,1,"Trafficway, On Road",CT0009300,New Haven PD,42049,36:17.0,C,Closed,03:08.0,,,,,,,
1335128,1,Complete,1335128,1335128,41.309482,-72.923278,3819354,New Haven,93,93,New Haven,10/23/2024,2024,10,October,23,4,Wednesday,16:04:00,16,24043513,A,"Injury of any type (Serious, Minor, Possible)",B,Suspected Minor Injury (B),1,1,0,4,Local,0.45,103,CHURCH ST,CHURCH ST,WALL ST,,,,,41.309482,-72.923278,10,Pedalcycle/Pedalcyclist,3,Angle,1,On Roadway,1,Clear,88,Not Applicable,1,Daylight,1,Dry,0,None,88,Not Applicable,88,Not Applicable,0,None,88,Not Applicable,88,Not Applicable,2,Intersection,2,Four-Way Intersection,1,No,1,No,88,Not Applicable,88,Not Applicable,88,Not Applicable,88,Not Applicable,FALSE,1,Public Road,1,"Trafficway, On Road",CT0009300,New Haven PD,45398,28:36.0,C,Closed,01:54.0,,,,,,,
1335134,1,Complete,1335134,1335134,41.316432,-72.904719,3819360,New Haven,93,93,New Haven,10/28/2024,2024,10,October,28,2,Monday,21:54:00,21,24044194,A,"Injury of any type (Serious, Minor, Possible)",A,Suspected Serious Injury (A),2,0,0,4,Local,0.03,575,STATE ST,STATE ST,,JAMES ST,200,Feet,W,41.316432,-72.904719,15,Parked Motor Vehicle,1,Front to rear,1,On Roadway,1,Clear,88,Not Applicable,4,Dark-Lighted,1,Dry,0,None,88,Not Applicable,88,Not Applicable,0,None,88,Not Applicable,88,Not Applicable,1,Non-Junction,1,Not at Intersection,1,No,1,No,88,Not Applicable,88,Not Applicable,88,Not Applicable,88,Not Applicable,TRUE,1,Public Road,1,"Trafficway, On Road",CT0009300,New Haven PD,42042,58:26.0,C,Closed,01:55.0,,,,,,,
1335135,1,Complete,1335135,1335135,41.297544,-72.948899,3819361,New Haven,93,93,New Haven,11/6/2025,2025,11,November,6,5,Thursday,16:58:00,16,25044982,A,"Injury of any type (Serious, Minor, Possible)",C,Possible Injury (C),2,0,0,2,USRoute,46.64,1,1-N,1-N,10-N,,,,,41.297544,-72.948899,14,Motor Vehicle in Operation,3,Angle,1,On Roadway,1,Clear,88,Not Applicable,4,Dark-Lighted,1,Dry,0,None,88,Not Applicable,88,Not Applicable,0,None,88,Not Applicable,88,Not Applicable,2,Intersection,2,Four-Way Intersection,1,No,1,No,88,Not Applicable,88,Not Applicable,88,Not Applicable,88,Not Applicable,FALSE,1,Public Road,1,"Trafficway, On Road",CT0009300,New Haven PD,46898,53:10.0,C,Closed,02:26.0,,,,,,,
1335136,1,Complete,1335136,1335136,41.300943,-72.942413,3819362,New Haven,93,93,New Haven,11/12/2025,2025,11,November,12,4,Wednesday,13:21:00,13,25045805,A,"Injury of any type (Serious, Minor, Possible)",C,Possible Injury (C),2,0,0,4,Local,0.36,141,DAVENPORT AV,DAVENPORT AV,,STEVENS ST,57,Feet,S,41.300943,-72.942413,14,Motor Vehicle in Operation,1,Front to rear,1,On Roadway,1,Clear,88,Not Applicable,1,Daylight,1,Dry,0,None,88,Not Applicable,88,Not Applicable,0,None,88,Not Applicable,88,Not Applicable,3,Intersection-Related,3,T-Intersection,1,No,1,No,88,Not Applicable,88,Not Applicable,88,Not Applicable,88,Not Applicable,FALSE,1,Public Road,1,"Trafficway, On Road",CT0009300,New Haven PD,46898,30:35.0,C,Closed,02:33.0,,,,,,,
1335137,1,Complete,1335137,1335137,41.308765,-72.92541,3819363,New Haven,93,93,New Haven,11/14/2025,2025,11,November,14,6,Friday,18:51:00,18,25046107,A,"Injury of any type (Serious, Minor, Possible)",C,Possible Injury (C),2,0,0,4,Local,0.4,588,TEMPLE ST,TEMPLE ST,ELM ST NO 2,,,,,41.308765,-72.92541,14,Motor Vehicle in Operation,3,Angle,1,On Roadway,1,Clear,88,Not Applicable,1,Daylight,1,Dry,0,None,88,Not Applicable,88,Not Applicable,0,None,88,Not Applicable,88,Not Applicable,2,Intersection,2,Four-Way Intersection,1,No,1,No,88,Not Applicable,88,Not Applicable,88,Not Applicable,88,Not Applicable,FALSE,1,Public Road,1,"Trafficway, On Road",CT0009300,New Haven PD,46624,43:40.0,C,Closed,02:47.0,,,,,,,
1335156,1,Complete,1335156,1335156,41.317907,-72.946006,3819382,New Haven,93,93,New Haven,11/21/2025,2025,11,November,21,6,Friday,14:21:00,14,25046886,A,"Injury of any type (Serious, Minor, Possible)",B,Suspected Minor Injury (B),2,0,1,4,Local,0.17,653,WHALLEY AV,WHALLEY AV,NORTON ST,,,,,41.317907,-72.946006,14,Motor Vehicle in Operation,3,Angle,1,On Roadway,1,Clear,88,Not Applicable,1,Daylight,1,Dry,99,Unknown,88,Not Applicable,88,Not Applicable,0,None,88,Not Applicable,88,Not Applicable,2,Intersection,2,Four-Way Intersection,1,No,1,No,88,Not Applicable,88,Not Applicable,88,Not Applicable,88,Not Applicable,TRUE,1,Public Road,1,"Trafficway, On Road",CT0009300,New Haven PD,46627,21:20.0,C,Closed,02:23.0,,,,,,,
1335169,1,Complete,1335169,1335169,41.303767,-72.917467,3819395,New Haven,93,93,New Haven,11/21/2025,2025,11,November,21,6,Friday,22:34:00,22,25046945,A,"Injury of any type (Serious, Minor, Possible)",B,Suspected Minor Injury (B),4,0,0,4,Local,1.3,97,CHAPEL ST,CHAPEL ST,,WOOSTER PL,70,Feet,W,41.303767,-72.917467,14,Motor Vehicle in Operation,1,Front to rear,1,On Roadway,1,Clear,88,Not Applicable,4,Dark-Lighted,1,Dry,0,None,88,Not Applicable,88,Not Applicable,0,None,88,Not Applicable,88,Not Applicable,1,Non-Junction,1,Not at Intersection,1,No,1,No,88,Not Applicable,88,Not Applicable,88,Not Applicable,88,Not Applicable,FALSE,1,Public Road,1,"Trafficway, On Road",CT0009300,New Haven PD,46627,59:26.0,C,Closed,02:48.0,,,,,,,
1335173,1,Complete,1335173,1335173,41.308841,-72.945634,3819399,New Haven,93,93,New Haven,11/22/2025,2025,11,November,22,7,Saturday,10:42:00,10,25046977,A,"Injury of any type (Serious, Minor, Possible)",C,Possible Injury (C),2,0,0,4,Local,0.21,556,SHERMAN AV,SHERMAN AV,GILBERT AVE,,,,,41.308841,-72.945634,14,Motor Vehicle in Operation,3,Angle,1,On Roadway,1,Clear,88,Not Applicable,1,Daylight,2,Wet,0,None,88,Not Applicable,88,Not Applicable,0,None,88,Not Applicable,88,Not Applicable,2,Intersection,2,Four-Way Intersection,1,No,1,No,88,Not Applicable,88,Not Applicable,88,Not Applicable,88,Not Applicable,FALSE,1,Public Road,1,"Trafficway, On Road",CT0009300,New Haven PD,45700,25:48.0,C,Closed,02:43.0,,,,,,,
1335179,1,Complete,1335179,1335179,41.322128,-72.877567,3819405,New Haven,93,93,New Haven,11/23/2025,2025,11,November,23,1,Sunday,10:26:00,10,25047053,A,"Injury of any type (Serious, Minor, Possible)",C,Possible Injury (C),2,0,0,3,State,0.23,80,80-E,80-E,Walmart Plaza (private),,,,,41.322128,-72.877567,14,Motor Vehicle in Operation,3,Angle,1,On Roadway,1,Clear,88,Not Applicable,1,Daylight,1,Dry,0,None,88,Not Applicable,88,Not Applicable,0,None,88,Not Applicable,88,Not Applicable,2,Intersection,3,T-Intersection,1,No,1,No,88,Not Applicable,88,Not Applicable,88,Not Applicable,88,Not Applicable,TRUE,1,Public Road,1,"Trafficway, On Road",CT0009300,New Haven PD,42049,51:52.0,C,Closed,02:56.0,,,,,,,
1335182,1,Complete,1335182,1335182,41.324653,-72.977854,3819408,New Haven,93,93,New Haven,11/23/2025,2025,11,November,23,1,Sunday,18:24:00,18,25047099,A,"Injury of any type (Serious, Minor, Possible)",B,Suspected Minor Injury (B),2,1,0,4,Local,0.07,137,CURTIS DR,CURTIS DR,,RAY RD,50,Feet,S,41.324653,-72.977854,14,Motor Vehicle in Operation,4,"Sideswipe, same direction",1,On Roadway,1,Clear,88,Not Applicable,4,Dark-Lighted,1,Dry,0,None,88,Not Applicable,88,Not Applicable,0,None,88,Not Applicable,88,Not Applicable,1,Non-Junction,1,Not at Intersection,1,No,1,No,88,Not Applicable,88,Not Applicable,88,Not Applicable,88,Not Applicable,TRUE,1,Public Road,1,"Trafficway, On Road",CT0009300,New Haven PD,45403,51:01.0,C,Closed,02:59.0,,,,,,,
1335815,1,Complete,1335815,1335815,41.319281,-72.949552,3820041,New Haven,93,93,New Haven,11/6/2025,2025,11,November,6,5,Thursday,11:13:00,11,25044942,A,"Injury of any type (Serious, Minor, Possible)",C,Possible Injury (C),2,0,0,3,State,3.06,10,10-N,10-N,,ELLA T GRASSO BLVD,75,Feet,W,41.319281,-72.949552,14,Motor Vehicle in Operation,1,Front to rear,1,On Roadway,1,Clear,1,Clear,1,Daylight,1,Dry,0,None,88,Not Applicable,88,Not Applicable,0,None,88,Not Applicable,88,Not Applicable,3,Intersection-Related,2,Four-Way Intersection,1,No,1,No,88,Not Applicable,88,Not Applicable,88,Not Applicable,88,Not Applicable,FALSE,1,Public Road,1,"Trafficway, On Road",CT0009300,New Haven PD,307,37:39.0,C,Closed,00:38.0,,,,,,,
1335817,1,Complete,1335817,1335817,41.29869,-72.92901,3820043,New Haven,93,93,New Haven,11/20/2025,2025,11,November,20,5,Thursday,14:50:00,14,25046633,A,"Injury of any type (Serious, Minor, Possible)",C,Possible Injury (C),2,0,0,2,USRoute,47.67,1,1-N,1-N,1-S,,,,,41.29869,-72.92901,14,Motor Vehicle in Operation,3,Angle,1,On Roadway,1,Clear,88,Not Applicable,1,Daylight,1,Dry,0,None,88,Not Applicable,88,Not Applicable,0,None,88,Not Applicable,88,Not Applicable,2,Intersection,2,Four-Way Intersection,1,No,1,No,88,Not Applicable,88,Not Applicable,88,Not Applicable,88,Not Applicable,FALSE,1,Public Road,1,"Trafficway, On Road",CT0009300,New Haven PD,42044,18:23.0,C,Closed,00:42.0,,,,,,,
1335819,1,Complete,1335819,1335819,41.306569,-72.927033,3820045,New Haven,93,93,New Haven,11/23/2025,2025,11,November,23,1,Sunday,0:30:00,0,25047030,A,"Injury of any type (Serious, Minor, Possible)",C,Possible Injury (C),2,0,0,4,Local,1.84,97,CHAPEL ST,CHAPEL ST,TEMPLE ST,,,,,41.306569,-72.927033,14,Motor Vehicle in Operation,3,Angle,1,On Roadway,1,Clear,88,Not Applicable,4,Dark-Lighted,1,Dry,0,None,88,Not Applicable,88,Not Applicable,0,None,88,Not Applicable,88,Not Applicable,2,Intersection,2,Four-Way Intersection,1,No,1,No,88,Not Applicable,88,Not Applicable,88,Not Applicable,88,Not Applicable,FALSE,1,Public Road,1,"Trafficway, On Road",CT0009300,New Haven PD,48046,21:16.0,C,Closed,00:37.0,,,,,,,
1335833,1,Complete,1335833,1335833,41.3190575,-72.9491098,3820059,New Haven,93,93,New Haven,11/24/2025,2025,11,November,24,2,Monday,16:34:00,16,25047279,A,"Injury of any type (Serious, Minor, Possible)",C,Possible Injury (C),2,0,0,4,Local,0,690,ELLA T GRASSO BLVD,ELLA T GRASSO BLVD,WHALLEY AVE,,,,,41.3190575,-72.9491098,14,Motor Vehicle in Operation,3,Angle,1,On Roadway,1,Clear,88,Not Applicable,4,Dark-Lighted,1,Dry,0,None,88,Not Applicable,88,Not Applicable,0,None,88,Not Applicable,88,Not Applicable,2,Intersection,2,Four-Way Intersection,1,No,1,No,88,Not Applicable,88,Not Applicable,88,Not Applicable,88,Not Applicable,FALSE,1,Public Road,1,"Trafficway, On Road",CT0009300,New Haven PD,44947,36:49.0,C,Closed,01:06.0,,,,,,,
1335839,1,Complete,1335839,1335839,41.3238303,-72.9168978,3820065,New Haven,93,93,New Haven,11/24/2025,2025,11,November,24,2,Monday,18:31:00,18,25047309,A,"Injury of any type (Serious, Minor, Possible)",C,Possible Injury (C),2,0,0,4,Local,0.96,656,WHITNEY AV,WHITNEY AV,WILLOW ST,,,,,41.3238303,-72.9168978,14,Motor Vehicle in Operation,3,Angle,1,On Roadway,1,Clear,88,Not Applicable,99,Unknown,1,Dry,0,None,88,Not Applicable,88,Not Applicable,0,None,88,Not Applicable,88,Not Applicable,2,Intersection,3,T-Intersection,1,No,1,No,88,Not Applicable,88,Not Applicable,88,Not Applicable,88,Not Applicable,FALSE,1,Public Road,1,"Trafficway, On Road",CT0009300,New Haven PD,48044,12:30.0,C,Closed,01:07.0,,,,,,,
1336188,1,Complete,1336188,1336188,41.30752172,-72.95296777,925184,New Haven,93,93,New Haven,9/26/2025,2025,9,September,26,6,Friday,22:04:00,22,25039480,K,Fatal (Kill),K,Fatal Injury (K),1,1,0,3,State,2.2,10,10-N,10-N,,M LUTHER KING BLVD,315,Feet,N,41.30752172,-72.95296777,9,Pedestrian,88,Not Applicable,1,On Roadway,1,Clear,88,Not Applicable,5,Dark-Not Lighted,1,Dry,0,None,88,Not Applicable,88,Not Applicable,0,None,88,Not Applicable,88,Not Applicable,1,Non-Junction,1,Not at Intersection,1,No,1,No,88,Not Applicable,88,Not Applicable,88,Not Applicable,88,Not Applicable,FALSE,1,Public Road,1,"Trafficway, On Road",CT0009300,New Haven PD,48046,01:24.0,O,Open,01:53.0,,,,,,,
1336192,1,Complete,1336192,1336192,41.328983,-72.932427,3820418,New Haven,93,93,New Haven,11/20/2025,2025,11,November,20,5,Thursday,23:41:00,23,25046822,A,"Injury of any type (Serious, Minor, Possible)",C,Possible Injury (C),1,1,0,4,Local,0.47,552,SHELTON AV,SHELTON AV,HAZEL ST,,,,,41.328983,-72.932427,10,Pedalcycle/Pedalcyclist,3,Angle,1,On Roadway,1,Clear,88,Not Applicable,4,Dark-Lighted,1,Dry,0,None,88,Not Applicable,88,Not Applicable,0,None,88,Not Applicable,88,Not Applicable,2,Intersection,2,Four-Way Intersection,1,No,1,No,88,Not Applicable,88,Not Applicable,88,Not Applicable,88,Not Applicable,TRUE,1,Public Road,1,"Trafficway, On Road",CT0009300,New Haven PD,45393,51:46.0,C,Closed,02:18.0,,,,,,,
1336195,1,Complete,1336195,1336195,41.285251,-72.930796,3820421,New Haven,93,93,New Haven,11/24/2025,2025,11,November,24,2,Monday,15:55:00,15,25047271,A,"Injury of any type (Serious, Minor, Possible)",C,Possible Injury (C),2,0,0,4,Local,1.48,308,HOWARD AV,HOWARD AV,5th Street,,,,,41.285251,-72.930796,14,Motor Vehicle in Operation,3,Angle,1,On Roadway,1,Clear,88,Not Applicable,1,Daylight,1,Dry,0,None,88,Not Applicable,88,Not Applicable,0,None,88,Not Applicable,88,Not Applicable,2,Intersection,2,Four-Way Intersection,1,No,1,No,88,Not Applicable,88,Not Applicable,88,Not Applicable,88,Not Applicable,TRUE,1,Public Road,1,"Trafficway, On Road",CT0009300,New Haven PD,48375,09:08.0,C,Closed,01:56.0,,,,,,,
1336198,1,Complete,1336198,1336198,41.31484,-72.96006,3820424,New Haven,93,93,New Haven,11/25/2025,2025,11,November,25,3,Tuesday,7:47:00,7,25047368,A,"Injury of any type (Serious, Minor, Possible)",A,Suspected Serious Injury (A),3,0,0,4,Local,3.68,97,CHAPEL ST,CHAPEL ST,,YALE AVE,230,Feet,W,41.31484,-72.96006,14,Motor Vehicle in Operation,3,Angle,1,On Roadway,1,Clear,1,Clear,1,Daylight,1,Dry,0,None,88,Not Applicable,88,Not Applicable,0,None,88,Not Applicable,88,Not Applicable,1,Non-Junction,1,Not at Intersection,1,No,1,No,88,Not Applicable,88,Not Applicable,88,Not Applicable,88,Not Applicable,FALSE,1,Public Road,1,"Trafficway, On Road",CT0009300,New Haven PD,45132,06:35.0,C,Closed,02:02.0,,,,,,,
1336201,1,Complete,1336201,1336201,41.3149,-72.898632,3820427,New Haven,93,93,New Haven,11/25/2025,2025,11,November,25,3,Tuesday,15:01:00,15,25047436,A,"Injury of any type (Serious, Minor, Possible)",C,Possible Injury (C),2,0,0,4,Local,0.29,379,LOMBARD ST,LOMBARD ST,POPLAR ST,,,,,41.3149,-72.898632,14,Motor Vehicle in Operation,3,Angle,1,On Roadway,4,Rain,88,Not Applicable,1,Daylight,2,Wet,0,None,88,Not Applicable,88,Not Applicable,0,None,88,Not Applicable,88,Not Applicable,2,Intersection,3,T-Intersection,1,No,1,No,88,Not Applicable,88,Not Applicable,88,Not Applicable,88,Not Applicable,FALSE,1,Public Road,1,"Trafficway, On Road",CT0009300,New Haven PD,42367,22:16.0,C,Closed,01:58.0,,,,,,,
1336202,1,Complete,1336202,1336202,41.321685,-72.910831,3820428,New Haven,93,93,New Haven,11/25/2025,2025,11,November,25,3,Tuesday,15:48:00,15,25047441,A,"Injury of any type (Serious, Minor, Possible)",B,Suspected Minor Injury (B),2,0,0,4,Local,0.58,666,WILLOW ST,WILLOW ST,,ANDERSON ST,100,Feet,W,41.321685,-72.910831,14,Motor Vehicle in Operation,1,Front to rear,1,On Roadway,4,Rain,88,Not Applicable,1,Daylight,2,Wet,0,None,88,Not Applicable,88,Not Applicable,0,None,88,Not Applicable,88,Not Applicable,1,Non-Junction,1,Not at Intersection,1,No,1,No,88,Not Applicable,88,Not Applicable,88,Not Applicable,88,Not Applicable,FALSE,1,Public Road,1,"Trafficway, On Road",CT0009300,New Haven PD,87,28:58.0,C,Closed,02:09.0,,,,,,,
1336203,1,Complete,1336203,1336203,41.30482,-72.926729,3820429,New Haven,93,93,New Haven,11/25/2025,2025,11,November,25,3,Tuesday,16:23:00,16,25047445,A,"Injury of any type (Serious, Minor, Possible)",B,Suspected Minor Injury (B),1,1,0,4,Local,0.21,136,CROWN ST,CROWN ST,CHURCH ST,,,,,41.30482,-72.926729,10,Pedalcycle/Pedalcyclist,3,Angle,1,On Roadway,2,Cloudy,88,Not Applicable,3,Dusk,2,Wet,0,None,88,Not Applicable,88,Not Applicable,0,None,88,Not Applicable,88,Not Applicable,2,Intersection,2,Four-Way Intersection,1,No,1,No,88,Not Applicable,88,Not Applicable,88,Not Applicable,88,Not Applicable,FALSE,1,Public Road,1,"Trafficway, On Road",CT0009300,New Haven PD,44049,30:42.0,C,Closed,02:19.0,,,,,,,
1336205,1,Complete,1336205,1336205,41.3331,-72.935215,3820431,New Haven,93,93,New Haven,11/25/2025,2025,11,November,25,3,Tuesday,17:19:00,17,25047455,A,"Injury of any type (Serious, Minor, Possible)",B,Suspected Minor Injury (B),3,0,0,4,Local,1.42,152,DIXWELL AV,DIXWELL AV,,DORMAN ST,110,Feet,S,41.3331,-72.935215,14,Motor Vehicle in Operation,1,Front to rear,1,On Roadway,1,Clear,88,Not Applicable,6,Dark-Unknown Lighting,2,Wet,0,None,88,Not Applicable,88,Not Applicable,0,None,88,Not Applicable,88,Not Applicable,1,Non-Junction,1,Not at Intersection,1,No,1,No,88,Not Applicable,88,Not Applicable,88,Not Applicable,88,Not Applicable,FALSE,1,Public Road,1,"Trafficway, On Road",CT0009300,New Haven PD,46900,19:11.0,C,Closed,02:09.0,,,,,,,
1336206,1,Complete,1336206,1336206,41.310181,-72.952935,3820432,New Haven,93,93,New Haven,11/25/2025,2025,11,November,25,3,Tuesday,17:27:00,17,25047461,A,"Injury of any type (Serious, Minor, Possible)",C,Possible Injury (C),2,0,0,4,Local,0.37,147,DERBY AV,DERBY AV,,Ella T Grasso Boulevard,30,Feet,E,41.310181,-72.952935,14,Motor Vehicle in Operation,1,Front to rear,1,On Roadway,4,Rain,88,Not Applicable,4,Dark-Lighted,2,Wet,0,None,88,Not Applicable,88,Not Applicable,0,None,88,Not Applicable,88,Not Applicable,3,Intersection-Related,2,Four-Way Intersection,1,No,1,No,88,Not Applicable,88,Not Applicable,88,Not Applicable,88,Not Applicable,FALSE,1,Public Road,1,"Trafficway, On Road",CT0009300,New Haven PD,44055,43:26.0,C,Closed,02:03.0,,,,,,,
1336209,1,Complete,1336209,1336209,41.30398,-72.921771,3820435,New Haven,93,93,New Haven,11/25/2025,2025,11,November,25,3,Tuesday,19:23:00,19,25047476,A,"Injury of any type (Serious, Minor, Possible)",C,Possible Injury (C),1,1,0,4,Local,0.19,606,UNION ST,UNION ST,, CHAPEL ST,100,Feet,S,41.30398,-72.921771,9,Pedestrian,88,Not Applicable,1,On Roadway,4,Rain,88,Not Applicable,5,Dark-Not Lighted,2,Wet,1,Weather Conditions,88,Not Applicable,88,Not Applicable,0,None,88,Not Applicable,88,Not Applicable,1,Non-Junction,1,Not at Intersection,1,No,1,No,88,Not Applicable,88,Not Applicable,88,Not Applicable,88,Not Applicable,FALSE,1,Public Road,1,"Trafficway, On Road",CT0009300,New Haven PD,48044,11:15.0,C,Closed,02:14.0,,,,,,,
1336210,1,Complete,1336210,1336210,41.314484,-72.958654,3820436,New Haven,93,93,New Haven,11/25/2025,2025,11,November,25,3,Tuesday,16:47:00,16,25047481,A,"Injury of any type (Serious, Minor, Possible)",C,Possible Injury (C),2,0,0,4,Local,3.6,97,CHAPEL ST,CHAPEL ST,Yale Avenue,,,,,41.314484,-72.958654,14,Motor Vehicle in Operation,3,Angle,1,On Roadway,4,Rain,88,Not Applicable,3,Dusk,2,Wet,0,None,88,Not Applicable,88,Not Applicable,0,None,88,Not Applicable,88,Not Applicable,2,Intersection,7,Roundabout,1,No,1,No,88,Not Applicable,88,Not Applicable,88,Not Applicable,88,Not Applicable,TRUE,1,Public Road,1,"Trafficway, On Road",CT0009300,New Haven PD,47744,17:38.0,O,Open,02:15.0,,,,,,,
1336211,1,Complete,1336211,1336211,41.284799,-72.93484,3820437,New Haven,93,93,New Haven,11/25/2025,2025,11,November,25,3,Tuesday,20:10:00,20,25047482,A,"Injury of any type (Serious, Minor, Possible)",C,Possible Injury (C),2,0,0,3,State,0.33,10,10-N,10-N,,95-S-366 (Exit 44 on ramp),35,Feet,N,41.284799,-72.93484,14,Motor Vehicle in Operation,1,Front to rear,1,On Roadway,4,Rain,88,Not Applicable,4,Dark-Lighted,2,Wet,0,None,88,Not Applicable,88,Not Applicable,0,None,88,Not Applicable,88,Not Applicable,3,Intersection-Related,2,Four-Way Intersection,1,No,1,No,88,Not Applicable,88,Not Applicable,88,Not Applicable,88,Not Applicable,FALSE,1,Public Road,1,"Trafficway, On Road",CT0009300,New Haven PD,45625,07:21.0,C,Closed,02:13.0,,,,,,,
1336555,1,Complete,1336555,1336555,41.309427,-72.890935,3820781,New Haven,93,93,New Haven,11/19/2025,2025,11,November,19,4,Wednesday,9:46:00,9,25046605,A,"Injury of any type (Serious, Minor, Possible)",C,Possible Injury (C),2,0,0,4,Local,0.27,264,GRAND AV,GRAND AV,,Clinton Avenue,55,Feet,W,41.309427,-72.890935,14,Motor Vehicle in Operation,1,Front to rear,1,On Roadway,1,Clear,88,Not Applicable,1,Daylight,1,Dry,0,None,88,Not Applicable,88,Not Applicable,8,Work Zone (construction / maintenance / utility),88,Not Applicable,88,Not Applicable,1,Non-Junction,1,Not at Intersection,1,No,2,Yes,3,Transition Area,2,Lane Shift / Crossover,2,Yes,1,No,FALSE,1,Public Road,1,"Trafficway, On Road",CT0009300,New Haven PD,370,16:48.0,C,Closed,02:13.0,,,,,,,