CrashId,Fatal Case Status,Fatal Case Status Text Format,CrashId,CrashId,Latitude,Longitude,DOT Case Number,Town Name,Town Number,Town Number,Town Number Text Format,Date Of Crash,Year,Month,Month Text Format,Day,Day of the Week,Day of the Week Text Format,Time of Crash,Hour of the Day,Case Identifier,Crash Severity,Crash Severity Text Format,Most Severe Injury,Most Severe Injury Text Format,Number Of Motor Vehicles,Number Of Non-Motorist,Number Of Witnesses,Route Class,Route Class Text Format,Milemarker,Road Number,Road Description,Roadway Name,Intersecting Roadway Name,Landmark Description,Distance From Nearest Landmark,Unit Of Measure From Nearest Landmark,Direction From Nearest Landmark,Latitude,Longitude,First Harmful Event,First Harmful Event Text Format,Manner of Crash / Collision Impact,Manner of Crash / Collision Impact Text Format,Location of First Harmful Event,Location of First Harmful Event Text Format,Weather Condition,Weather Condition Text Format,Weather 2,Weather 2 Text Format,Light Condition,Light Condition Text Format,Road Surface Condition,Road Surface Condition Text Format,"Contributing Circumstances, Environment","Contributing Circumstances, Environment Text Format",Environment 2,Environment 2 Text Format,Environment 3,Environment 3 Text Format,"Contributing Circumstances, Road","Contributing Circumstances, Road Text Format",Road 2,Road 2 Text Format,Road 3,Road 3 Text Format,Crash Specific Location,Crash Specific Location Text Format,Type of Intersection,Type of Intersection Text Format,School Bus Related,School Bus Related Text Format,Work Zone Related,Work Zone Related Text Format,Location Of Crash Relative To Work Zone,Location Of Crash Relative To Work Zone Text Format,Type of Work Zone,Type of Work Zone Text Format,Worker Presence,Worker Presence Text Format,Law Enforcement Presence,Law Enforcement Presence Text Format,Were Vehicles Moved Prior To Police Arrival,Trafficway Ownership,Trafficway Ownership Text Format,Trafficway Class,Trafficway Class Text Format,Police Agency,Police Agency Text Format,Badge Number,Approval Date,Police Case Status,Police Case Status Text Format,Crash Report Submission Date,Related Case Identifiers,No. of Through Lanes (Log Dir.),Average Daily Traffic,Functional Classification,Functional Classification Text Format,Rural or Urban,Rural or Urban Text Format
1336562,1,Complete,1336562,1336562,41.31396,-72.970567,3820788,New Haven,93,93,New Haven,11/26/2025,2025,11,November,26,4,Wednesday,7:25:00,7,25047525,A,"Injury of any type (Serious, Minor, Possible)",C,Possible Injury (C),1,0,0,3,State,2.43,122,122-N,122-N,,ROGER RD,250,Feet,S,41.31396,-72.970567,39,"Other Fixed Object (wall, building, tunnel, etc.)",88,Not Applicable,1,On Roadway,1,Clear,88,Not Applicable,1,Daylight,2,Wet,0,None,88,Not Applicable,88,Not Applicable,0,None,88,Not Applicable,88,Not Applicable,1,Non-Junction,1,Not at Intersection,1,No,1,No,88,Not Applicable,88,Not Applicable,88,Not Applicable,88,Not Applicable,FALSE,1,Public Road,1,"Trafficway, On Road",CT0009300,New Haven PD,503,41:49.0,C,Closed,02:05.0,,,,,,,
1336563,1,Complete,1336563,1336563,41.319947,-72.940446,3820789,New Haven,93,93,New Haven,11/26/2025,2025,11,November,26,4,Wednesday,9:04:00,9,25047539,A,"Injury of any type (Serious, Minor, Possible)",C,Possible Injury (C),2,0,0,4,Local,0.05,257,GOFFE ST,GOFFE ST,Sherman Parkway,,,,,41.319947,-72.940446,14,Motor Vehicle in Operation,3,Angle,1,On Roadway,2,Cloudy,88,Not Applicable,1,Daylight,2,Wet,0,None,88,Not Applicable,88,Not Applicable,0,None,88,Not Applicable,88,Not Applicable,2,Intersection,2,Four-Way Intersection,1,No,1,No,88,Not Applicable,88,Not Applicable,88,Not Applicable,88,Not Applicable,FALSE,1,Public Road,1,"Trafficway, On Road",CT0009300,New Haven PD,45700,32:11.0,C,Closed,02:02.0,,,,,,,
1336725,1,Complete,1336725,1336725,41.314008,-72.93253,3820951,New Haven,93,93,New Haven,11/7/2025,2025,11,November,7,6,Friday,19:00:00,19,25045134,A,"Injury of any type (Serious, Minor, Possible)",C,Possible Injury (C),2,0,0,4,Local,0.07,152,DIXWELL AV,DIXWELL AV,,LAKE PL,50,Feet,N,41.314008,-72.93253,14,Motor Vehicle in Operation,3,Angle,1,On Roadway,1,Clear,88,Not Applicable,6,Dark-Unknown Lighting,1,Dry,0,None,88,Not Applicable,88,Not Applicable,0,None,88,Not Applicable,88,Not Applicable,1,Non-Junction,1,Not at Intersection,1,No,1,No,88,Not Applicable,88,Not Applicable,88,Not Applicable,88,Not Applicable,TRUE,1,Public Road,1,"Trafficway, On Road",CT0009300,New Haven PD,46900,52:41.0,C,Closed,01:42.0,,,,,,,
1336731,1,Complete,1336731,1336731,41.29743148,-72.9500828,925249,New Haven,93,93,New Haven,11/26/2025,2025,11,November,26,4,Wednesday,19:26:00,19,25047628,K,Fatal (Kill),K,Fatal Injury (K),1,1,0,2,USRoute,46.58,1,1-N,1-N,,ELLA T GRASSO BLVD,300,Feet,S,41.29743148,-72.9500828,9,Pedestrian,88,Not Applicable,1,On Roadway,1,Clear,88,Not Applicable,6,Dark-Unknown Lighting,1,Dry,99,Unknown,88,Not Applicable,88,Not Applicable,99,Unknown,88,Not Applicable,88,Not Applicable,1,Non-Junction,1,Not at Intersection,1,No,1,No,88,Not Applicable,88,Not Applicable,88,Not Applicable,88,Not Applicable,FALSE,1,Public Road,1,"Trafficway, On Road",CT0009300,New Haven PD,47003,36:39.0,C,Closed,01:29.0,25-047628,,,,,,
1337193,1,Complete,1337193,1337193,41.303468,-72.920354,3821419,New Haven,93,93,New Haven,10/31/2025,2025,10,October,31,6,Friday,15:28:00,15,25044151,A,"Injury of any type (Serious, Minor, Possible)",C,Possible Injury (C),1,1,0,4,Local,0.08,447,OLIVE ST,OLIVE ST,,Chapel ST,135,Feet,S,41.303468,-72.920354,9,Pedestrian,88,Not Applicable,1,On Roadway,1,Clear,88,Not Applicable,1,Daylight,1,Dry,0,None,88,Not Applicable,88,Not Applicable,0,None,88,Not Applicable,88,Not Applicable,1,Non-Junction,1,Not at Intersection,1,No,1,No,88,Not Applicable,88,Not Applicable,88,Not Applicable,88,Not Applicable,FALSE,1,Public Road,1,"Trafficway, On Road",CT0009300,New Haven PD,44052,15:25.0,C,Closed,00:49.0,,,,,,,
1337194,1,Complete,1337194,1337194,41.320028,-72.921692,3821420,New Haven,93,93,New Haven,11/6/2025,2025,11,November,6,5,Thursday,8:45:00,8,25044899,A,"Injury of any type (Serious, Minor, Possible)",C,Possible Injury (C),2,0,0,4,Local,0.08,184,EDWARDS ST,EDWARDS ST,,ST ROMAN ST ,330,Feet,W,41.320028,-72.921692,14,Motor Vehicle in Operation,6,Rear to side,1,On Roadway,1,Clear,88,Not Applicable,1,Daylight,1,Dry,0,None,88,Not Applicable,88,Not Applicable,0,None,88,Not Applicable,88,Not Applicable,9,Driveway Access-Related,1,Not at Intersection,1,No,1,No,88,Not Applicable,88,Not Applicable,88,Not Applicable,88,Not Applicable,FALSE,1,Public Road,1,"Trafficway, On Road",CT0009300,New Haven PD,48507,05:32.0,C,Closed,00:50.0,,,,,,,
1337203,1,Complete,1337203,1337203,41.291484,-72.931849,3821429,New Haven,93,93,New Haven,11/23/2025,2025,11,November,23,1,Sunday,0:48:00,0,25047032,A,"Injury of any type (Serious, Minor, Possible)",C,Possible Injury (C),3,0,0,4,Local,0.46,350,LAMBERTON ST,LAMBERTON ST,,HOWARD AV,150,Feet,E,41.291484,-72.931849,14,Motor Vehicle in Operation,2,Front to front,1,On Roadway,1,Clear,88,Not Applicable,4,Dark-Lighted,1,Dry,0,None,88,Not Applicable,88,Not Applicable,0,None,88,Not Applicable,88,Not Applicable,1,Non-Junction,1,Not at Intersection,1,No,1,No,88,Not Applicable,88,Not Applicable,88,Not Applicable,88,Not Applicable,FALSE,1,Public Road,1,"Trafficway, On Road",CT0009300,New Haven PD,48829,18:16.0,C,Closed,01:41.0,,,,,,,
1337213,1,Complete,1337213,1337213,41.28891,-72.93174,3821439,New Haven,93,93,New Haven,11/27/2025,2025,11,November,27,5,Thursday,12:21:00,12,25047706,A,"Injury of any type (Serious, Minor, Possible)",C,Possible Injury (C),2,0,0,4,Local,1.23,308,HOWARD AV,HOWARD AV,SECOND ST,,,,,41.28891,-72.93174,14,Motor Vehicle in Operation,97,Other,1,On Roadway,1,Clear,88,Not Applicable,1,Daylight,1,Dry,0,None,88,Not Applicable,88,Not Applicable,0,None,88,Not Applicable,88,Not Applicable,2,Intersection,2,Four-Way Intersection,1,No,1,No,88,Not Applicable,88,Not Applicable,88,Not Applicable,88,Not Applicable,FALSE,1,Public Road,1,"Trafficway, On Road",CT0009300,New Haven PD,48507,16:27.0,C,Closed,01:04.0,,,,,,,
1337214,1,Complete,1337214,1337214,41.31024,-72.95311,3821440,New Haven,93,93,New Haven,11/28/2025,2025,11,November,28,6,Friday,3:38:00,3,25047745,A,"Injury of any type (Serious, Minor, Possible)",C,Possible Injury (C),1,0,0,3,State,2.39,10,10-N,10-N,DERBY AV,,,,,41.31024,-72.95311,35,Traffic Signal Support,88,Not Applicable,4,Roadside,1,Clear,88,Not Applicable,4,Dark-Lighted,1,Dry,0,None,88,Not Applicable,88,Not Applicable,0,None,88,Not Applicable,88,Not Applicable,2,Intersection,2,Four-Way Intersection,1,No,1,No,88,Not Applicable,88,Not Applicable,88,Not Applicable,88,Not Applicable,FALSE,1,Public Road,1,"Trafficway, On Road",CT0009300,New Haven PD,47005,50:43.0,C,Closed,01:01.0,,,,,,,
1337219,1,Complete,1337219,1337219,41.32067744,-72.89752176,3821445,New Haven,93,93,New Haven,11/28/2025,2025,11,November,28,6,Friday,23:12:00,23,25047843,A,"Injury of any type (Serious, Minor, Possible)",A,Suspected Serious Injury (A),1,1,0,2,USRoute,0.47,5,5-N,5-N,,ROCK ST,150,Feet,S,41.32067744,-72.89752176,9,Pedestrian,88,Not Applicable,1,On Roadway,1,Clear,88,Not Applicable,4,Dark-Lighted,1,Dry,0,None,88,Not Applicable,88,Not Applicable,0,None,88,Not Applicable,88,Not Applicable,1,Non-Junction,1,Not at Intersection,1,No,1,No,88,Not Applicable,88,Not Applicable,88,Not Applicable,88,Not Applicable,TRUE,1,Public Road,1,"Trafficway, On Road",CT0009300,New Haven PD,40085,10:09.0,O,Open,01:13.0,,,,,,,
1337220,1,Complete,1337220,1337220,41.2865,-72.936373,3821446,New Haven,93,93,New Haven,11/28/2025,2025,11,November,28,6,Friday,23:37:00,23,25047845,A,"Injury of any type (Serious, Minor, Possible)",C,Possible Injury (C),2,0,0,3,State,0.48,10,10-N,10-N,,KIMBERLY AV,60,Feet,N,41.2865,-72.936373,14,Motor Vehicle in Operation,1,Front to rear,1,On Roadway,1,Clear,88,Not Applicable,4,Dark-Lighted,1,Dry,0,None,88,Not Applicable,88,Not Applicable,0,None,88,Not Applicable,88,Not Applicable,3,Intersection-Related,2,Four-Way Intersection,1,No,1,No,88,Not Applicable,88,Not Applicable,88,Not Applicable,88,Not Applicable,FALSE,1,Public Road,1,"Trafficway, On Road",CT0009300,New Haven PD,44953,06:24.0,C,Closed,01:12.0,,,,,,,
1337236,1,Complete,1337236,1337236,41.286584,-72.936474,3821462,New Haven,93,93,New Haven,11/30/2025,2025,11,November,30,1,Sunday,22:25:00,22,25048031,A,"Injury of any type (Serious, Minor, Possible)",C,Possible Injury (C),3,0,0,3,State,0.49,10,10-N,10-N,,KIMBERLY AV,100,Feet,N,41.286584,-72.936474,14,Motor Vehicle in Operation,1,Front to rear,1,On Roadway,1,Clear,88,Not Applicable,6,Dark-Unknown Lighting,1,Dry,0,None,88,Not Applicable,88,Not Applicable,0,None,88,Not Applicable,88,Not Applicable,3,Intersection-Related,2,Four-Way Intersection,1,No,1,No,88,Not Applicable,88,Not Applicable,88,Not Applicable,88,Not Applicable,TRUE,1,Public Road,1,"Trafficway, On Road",CT0009300,New Haven PD,44953,11:19.0,C,Closed,01:43.0,,,,,,,
1337862,1,Complete,1337862,1337862,41.309349,-72.935505,3822088,New Haven,93,93,New Haven,12/1/2025,2025,12,December,1,2,Monday,11:58:00,11,25048122,A,"Injury of any type (Serious, Minor, Possible)",C,Possible Injury (C),2,0,0,4,Local,0.24,310,HOWE ST,HOWE ST,CHAPEL ST,,,,,41.309349,-72.935505,14,Motor Vehicle in Operation,3,Angle,1,On Roadway,1,Clear,88,Not Applicable,1,Daylight,1,Dry,0,None,88,Not Applicable,88,Not Applicable,0,None,88,Not Applicable,88,Not Applicable,2,Intersection,2,Four-Way Intersection,1,No,1,No,88,Not Applicable,88,Not Applicable,88,Not Applicable,88,Not Applicable,FALSE,1,Public Road,1,"Trafficway, On Road",CT0009300,New Haven PD,45983,56:37.0,C,Closed,01:00.0,,,,,,,
1337867,1,Complete,1337867,1337867,41.3038245,-72.9184349,3822093,New Haven,93,93,New Haven,12/1/2025,2025,12,December,1,2,Monday,17:28:00,17,25048191,A,"Injury of any type (Serious, Minor, Possible)",C,Possible Injury (C),3,0,0,4,Local,1.35,97,CHAPEL ST,CHAPEL ST,ACADEMY ST,,,,,41.3038245,-72.9184349,14,Motor Vehicle in Operation,1,Front to rear,1,On Roadway,1,Clear,88,Not Applicable,5,Dark-Not Lighted,1,Dry,0,None,88,Not Applicable,88,Not Applicable,0,None,88,Not Applicable,88,Not Applicable,11,Through Roadway,1,Not at Intersection,1,No,1,No,88,Not Applicable,88,Not Applicable,88,Not Applicable,88,Not Applicable,FALSE,1,Public Road,1,"Trafficway, On Road",CT0009300,New Haven PD,46624,57:29.0,C,Closed,01:07.0,,,,,,,
1338320,1,Complete,1338320,1338320,41.306276,-72.926347,3822546,New Haven,93,93,New Haven,12/2/2025,2025,12,December,2,3,Tuesday,14:20:00,14,25037185,A,"Injury of any type (Serious, Minor, Possible)",C,Possible Injury (C),1,1,0,4,Local,1.8,97,CHAPEL ST,CHAPEL ST,,CHURCH ST,145,Feet,N,41.306276,-72.926347,9,Pedestrian,88,Not Applicable,1,On Roadway,1,Clear,88,Not Applicable,1,Daylight,1,Dry,0,None,88,Not Applicable,88,Not Applicable,0,None,88,Not Applicable,88,Not Applicable,1,Non-Junction,1,Not at Intersection,1,No,1,No,88,Not Applicable,88,Not Applicable,88,Not Applicable,88,Not Applicable,FALSE,1,Public Road,1,"Trafficway, On Road",CT0009300,New Haven PD,47741,47:50.0,C,Closed,00:40.0,,,,,,,
1338327,1,Complete,1338327,1338327,41.303778,-72.91805,3822553,New Haven,93,93,New Haven,12/1/2025,2025,12,December,1,2,Monday,17:49:00,17,25048212,A,"Injury of any type (Serious, Minor, Possible)",C,Possible Injury (C),1,1,0,4,Local,1.33,97,CHAPEL ST,CHAPEL ST,DEPALMA CT,,,,,41.303778,-72.91805,9,Pedestrian,88,Not Applicable,1,On Roadway,1,Clear,88,Not Applicable,1,Daylight,1,Dry,0,None,88,Not Applicable,88,Not Applicable,0,None,88,Not Applicable,88,Not Applicable,2,Intersection,3,T-Intersection,1,No,1,No,88,Not Applicable,88,Not Applicable,88,Not Applicable,88,Not Applicable,FALSE,1,Public Road,1,"Trafficway, On Road",CT0009300,New Haven PD,48829,10:40.0,C,Closed,00:26.0,,,,,,,
1338335,1,Complete,1338335,1338335,41.3129,-72.93235,3822561,New Haven,93,93,New Haven,12/2/2025,2025,12,December,2,3,Tuesday,15:00:00,15,25048314,A,"Injury of any type (Serious, Minor, Possible)",C,Possible Injury (C),2,0,0,4,Local,0.22,596,TOWER PKWY,TOWER PKWY,BROADWAY,,,,,41.3129,-72.93235,14,Motor Vehicle in Operation,4,"Sideswipe, same direction",1,On Roadway,4,Rain,88,Not Applicable,1,Daylight,2,Wet,0,None,88,Not Applicable,88,Not Applicable,0,None,88,Not Applicable,88,Not Applicable,2,Intersection,2,Four-Way Intersection,1,No,1,No,88,Not Applicable,88,Not Applicable,88,Not Applicable,88,Not Applicable,TRUE,1,Public Road,1,"Trafficway, On Road",CT0009300,New Haven PD,46900,49:47.0,C,Closed,00:44.0,,,,,,,
1338737,1,Complete,1338737,1338737,41.306966,-72.937237,3822963,New Haven,93,93,New Haven,12/3/2025,2025,12,December,3,4,Wednesday,13:59:00,13,25048444,A,"Injury of any type (Serious, Minor, Possible)",C,Possible Injury (C),2,0,0,4,Local,0.64,809,REV DR MLK JR BLVD,REV DR MLK JR BLVD,HOWE ST,,,,,41.306966,-72.937237,14,Motor Vehicle in Operation,3,Angle,1,On Roadway,1,Clear,88,Not Applicable,1,Daylight,1,Dry,0,None,88,Not Applicable,88,Not Applicable,0,None,88,Not Applicable,88,Not Applicable,2,Intersection,2,Four-Way Intersection,1,No,1,No,88,Not Applicable,88,Not Applicable,88,Not Applicable,88,Not Applicable,FALSE,1,Public Road,1,"Trafficway, On Road",CT0009300,New Haven PD,44045,54:52.0,C,Closed,00:28.0,,,,,,,
1338741,1,Complete,1338741,1338741,41.327479,-72.974305,3822967,New Haven,93,93,New Haven,12/3/2025,2025,12,December,3,4,Wednesday,17:59:00,17,25048459,A,"Injury of any type (Serious, Minor, Possible)",B,Suspected Minor Injury (B),1,1,0,3,State,5.89,243,243-E,243-E,,DAVIS ST,60,Feet,E,41.327479,-72.974305,9,Pedestrian,88,Not Applicable,1,On Roadway,1,Clear,88,Not Applicable,4,Dark-Lighted,1,Dry,0,None,88,Not Applicable,88,Not Applicable,0,None,88,Not Applicable,88,Not Applicable,1,Non-Junction,1,Not at Intersection,1,No,1,No,88,Not Applicable,88,Not Applicable,88,Not Applicable,88,Not Applicable,FALSE,1,Public Road,1,"Trafficway, On Road",CT0009300,New Haven PD,170,11:58.0,C,Closed,00:32.0,,,,,,,
1339058,1,Complete,1339058,1339058,41.307645,-72.922745,3823284,New Haven,93,93,New Haven,12/2/2025,2025,12,December,2,3,Tuesday,17:24:00,17,25048324,A,"Injury of any type (Serious, Minor, Possible)",C,Possible Injury (C),2,0,0,4,Local,0.64,726,ELM ST NO 2,ELM ST NO 2,ORANGE ST,,,,,41.307645,-72.922745,14,Motor Vehicle in Operation,1,Front to rear,1,On Roadway,4,Rain,88,Not Applicable,4,Dark-Lighted,2,Wet,0,None,88,Not Applicable,88,Not Applicable,0,None,88,Not Applicable,88,Not Applicable,2,Intersection,2,Four-Way Intersection,1,No,1,No,88,Not Applicable,88,Not Applicable,88,Not Applicable,88,Not Applicable,TRUE,1,Public Road,1,"Trafficway, On Road",CT0009300,New Haven PD,31814,52:19.0,C,Closed,01:48.0,,,,,,,
1339060,1,Complete,1339060,1339060,41.310792,-72.926149,3823286,New Haven,93,93,New Haven,12/3/2025,2025,12,December,3,4,Wednesday,23:25:00,23,25048487,A,"Injury of any type (Serious, Minor, Possible)",B,Suspected Minor Injury (B),1,1,0,4,Local,0.07,117,COLLEGE ST,COLLEGE ST,WALL ST,,,,,41.310792,-72.926149,9,Pedestrian,88,Not Applicable,1,On Roadway,1,Clear,88,Not Applicable,6,Dark-Unknown Lighting,1,Dry,0,None,88,Not Applicable,88,Not Applicable,0,None,88,Not Applicable,88,Not Applicable,2,Intersection,2,Four-Way Intersection,1,No,1,No,88,Not Applicable,88,Not Applicable,88,Not Applicable,88,Not Applicable,FALSE,1,Public Road,1,"Trafficway, On Road",CT0009300,New Haven PD,46900,28:47.0,C,Closed,01:41.0,,,,,,,
1339063,1,Complete,1339063,1339063,41.302178,-72.928614,3823289,New Haven,93,93,New Haven,12/4/2025,2025,12,December,4,5,Thursday,15:55:00,15,25048582,A,"Injury of any type (Serious, Minor, Possible)",C,Possible Injury (C),2,0,0,4,Local,0,103,CHURCH ST,CHURCH ST,S FRONTAGE RD,,,,,41.302178,-72.928614,14,Motor Vehicle in Operation,3,Angle,1,On Roadway,1,Clear,88,Not Applicable,1,Daylight,1,Dry,0,None,88,Not Applicable,88,Not Applicable,0,None,88,Not Applicable,88,Not Applicable,2,Intersection,2,Four-Way Intersection,1,No,1,No,88,Not Applicable,88,Not Applicable,88,Not Applicable,88,Not Applicable,FALSE,1,Public Road,1,"Trafficway, On Road",CT0009300,New Haven PD,45389,50:35.0,C,Closed,01:45.0,,,,,,,
1339482,1,Complete,1339482,1339482,41.314942,-72.945647,3823708,New Haven,93,93,New Haven,12/4/2025,2025,12,December,4,5,Thursday,13:30:00,13,25048561,A,"Injury of any type (Serious, Minor, Possible)",C,Possible Injury (C),2,0,0,4,Local,0.57,775,WINTHROP AV NO 2,WINTHROP AV NO 2,MAPLE ST,,,,,41.314942,-72.945647,14,Motor Vehicle in Operation,3,Angle,1,On Roadway,1,Clear,88,Not Applicable,1,Daylight,1,Dry,0,None,88,Not Applicable,88,Not Applicable,0,None,88,Not Applicable,88,Not Applicable,2,Intersection,2,Four-Way Intersection,1,No,1,No,88,Not Applicable,88,Not Applicable,88,Not Applicable,88,Not Applicable,TRUE,1,Public Road,1,"Trafficway, On Road",CT0009300,New Haven PD,503,39:27.0,C,Closed,01:20.0,,,,,,,
1339484,1,Complete,1339484,1339484,41.321103,-72.873934,3823710,New Haven,93,93,New Haven,12/5/2025,2025,12,December,5,6,Friday,3:38:00,3,25048660,A,"Injury of any type (Serious, Minor, Possible)",C,Possible Injury (C),2,0,0,3,State,0.02,103,103-N,103-N,,FOXON BLVD,55,Feet,N,41.321103,-72.873934,14,Motor Vehicle in Operation,1,Front to rear,1,On Roadway,99,Unknown,88,Not Applicable,6,Dark-Unknown Lighting,99,Unknown,99,Unknown,88,Not Applicable,88,Not Applicable,99,Unknown,88,Not Applicable,88,Not Applicable,3,Intersection-Related,2,Four-Way Intersection,1,No,1,No,88,Not Applicable,88,Not Applicable,88,Not Applicable,88,Not Applicable,TRUE,1,Public Road,1,"Trafficway, On Road",CT0009300,New Haven PD,40792,00:55.0,C,Closed,01:12.0,,,,,,,
1339494,1,Complete,1339494,1339494,41.333673,-72.935232,3823720,New Haven,93,93,New Haven,12/5/2025,2025,12,December,5,6,Friday,20:54:00,20,25048752,A,"Injury of any type (Serious, Minor, Possible)",C,Possible Injury (C),1,1,0,4,Local,1.47,152,DIXWELL AV,DIXWELL AV,,DORMAN ST,60,Feet,N,41.333673,-72.935232,9,Pedestrian,88,Not Applicable,1,On Roadway,1,Clear,88,Not Applicable,4,Dark-Lighted,1,Dry,0,None,88,Not Applicable,88,Not Applicable,0,None,88,Not Applicable,88,Not Applicable,1,Non-Junction,1,Not at Intersection,1,No,1,No,88,Not Applicable,88,Not Applicable,88,Not Applicable,88,Not Applicable,TRUE,1,Public Road,1,"Trafficway, On Road",CT0009300,New Haven PD,40085,26:13.0,O,Open,01:26.0,,,,,,,
1339495,1,Complete,1339495,1339495,41.313567,-72.964024,3823721,New Haven,93,93,New Haven,12/6/2025,2025,12,December,6,7,Saturday,2:13:00,2,25048777,A,"Injury of any type (Serious, Minor, Possible)",B,Suspected Minor Injury (B),1,0,0,4,Local,0.94,93,CENTRAL AV,CENTRAL AV,,CLEVELAND ROAD,192,Feet,S,41.313567,-72.964024,33,Utility Pole/Light Support,88,Not Applicable,4,Roadside,1,Clear,88,Not Applicable,4,Dark-Lighted,1,Dry,0,None,88,Not Applicable,88,Not Applicable,0,None,88,Not Applicable,88,Not Applicable,1,Non-Junction,1,Not at Intersection,1,No,1,No,88,Not Applicable,88,Not Applicable,88,Not Applicable,88,Not Applicable,FALSE,1,Public Road,1,"Trafficway, On Road",CT0009300,New Haven PD,47737,57:39.0,C,Closed,01:35.0,,,,,,,
1340091,1,Complete,1340091,1340091,41.2889861,-72.92423552,3824317,New Haven,93,93,New Haven,12/5/2025,2025,12,December,5,6,Friday,10:13:00,10,25048098,A,"Injury of any type (Serious, Minor, Possible)",C,Possible Injury (C),2,0,0,4,Local,0.37,359,SARGENT DR,SARGENT DR,95-S-327 (ent 46),,,,,41.2889861,-72.92423552,14,Motor Vehicle in Operation,3,Angle,1,On Roadway,1,Clear,88,Not Applicable,1,Daylight,1,Dry,0,None,88,Not Applicable,88,Not Applicable,0,None,88,Not Applicable,88,Not Applicable,5,Entrance / Exit Ramp-Related,1,Not at Intersection,1,No,1,No,88,Not Applicable,88,Not Applicable,88,Not Applicable,88,Not Applicable,FALSE,1,Public Road,1,"Trafficway, On Road",CT0009300,New Haven PD,45395,42:35.0,C,Closed,00:44.0,,,,,,,
1340094,1,Complete,1340094,1340094,41.298684,-72.929133,3824320,New Haven,93,93,New Haven,12/5/2025,2025,12,December,5,6,Friday,14:30:00,14,25048707,A,"Injury of any type (Serious, Minor, Possible)",C,Possible Injury (C),2,0,0,2,USRoute,47.67,1,1-N,1-N,1-S,,,,,41.298684,-72.929133,14,Motor Vehicle in Operation,4,"Sideswipe, same direction",1,On Roadway,1,Clear,88,Not Applicable,1,Daylight,1,Dry,0,None,88,Not Applicable,88,Not Applicable,0,None,88,Not Applicable,88,Not Applicable,2,Intersection,2,Four-Way Intersection,1,No,1,No,88,Not Applicable,88,Not Applicable,88,Not Applicable,88,Not Applicable,TRUE,1,Public Road,1,"Trafficway, On Road",CT0009300,New Haven PD,45395,40:04.0,C,Closed,00:42.0,,,,,,,
1340095,1,Complete,1340095,1340095,41.302763,-72.928221,3824321,New Haven,93,93,New Haven,12/7/2025,2025,12,December,7,1,Sunday,13:22:00,13,25048907,A,"Injury of any type (Serious, Minor, Possible)",C,Possible Injury (C),2,0,0,4,Local,0.14,809,REV DR MLK JR BLVD,REV DR MLK JR BLVD,CHURCH ST SOUTH NO 1,,,,,41.302763,-72.928221,14,Motor Vehicle in Operation,3,Angle,1,On Roadway,1,Clear,88,Not Applicable,1,Daylight,1,Dry,0,None,88,Not Applicable,88,Not Applicable,0,None,88,Not Applicable,88,Not Applicable,2,Intersection,2,Four-Way Intersection,1,No,1,No,88,Not Applicable,88,Not Applicable,88,Not Applicable,88,Not Applicable,FALSE,1,Public Road,1,"Trafficway, On Road",CT0009300,New Haven PD,45395,55:08.0,C,Closed,00:40.0,,,,,,,
1340100,1,Complete,1340100,1340100,41.308263,-72.89919,3824326,New Haven,93,93,New Haven,12/8/2025,2025,12,December,8,2,Monday,15:52:00,15,25049041,A,"Injury of any type (Serious, Minor, Possible)",C,Possible Injury (C),3,0,0,4,Local,0.36,57,BLATCHLEY AV,BLATCHLEY AV,,WOOLSEY ST,120,Feet,N,41.308263,-72.89919,14,Motor Vehicle in Operation,4,"Sideswipe, same direction",1,On Roadway,1,Clear,88,Not Applicable,1,Daylight,1,Dry,0,None,88,Not Applicable,88,Not Applicable,0,None,88,Not Applicable,88,Not Applicable,1,Non-Junction,1,Not at Intersection,1,No,1,No,88,Not Applicable,88,Not Applicable,88,Not Applicable,88,Not Applicable,FALSE,1,Public Road,1,"Trafficway, On Road",CT0009300,New Haven PD,48509,14:03.0,O,Open,00:51.0,,,,,,,
1340501,1,Complete,1340501,1340501,41.327896,-72.959809,3824727,New Haven,93,93,New Haven,12/9/2025,2025,12,December,9,3,Tuesday,9:22:00,9,25048996,A,"Injury of any type (Serious, Minor, Possible)",C,Possible Injury (C),2,0,0,4,Local,1.23,612,VALLEY ST NO 1,VALLEY ST NO 1,BLAKE ST,,,,,41.327896,-72.959809,14,Motor Vehicle in Operation,3,Angle,1,On Roadway,1,Clear,88,Not Applicable,1,Daylight,1,Dry,0,None,88,Not Applicable,88,Not Applicable,0,None,88,Not Applicable,88,Not Applicable,2,Intersection,3,T-Intersection,1,No,1,No,88,Not Applicable,88,Not Applicable,88,Not Applicable,88,Not Applicable,TRUE,1,Public Road,1,"Trafficway, On Road",CT0009300,New Haven PD,32768,47:04.0,C,Closed,00:33.0,,,,,,,
1340505,1,Complete,1340505,1340505,41.319148,-72.898995,3824731,New Haven,93,93,New Haven,12/9/2025,2025,12,December,9,3,Tuesday,12:29:00,12,25049154,A,"Injury of any type (Serious, Minor, Possible)",C,Possible Injury (C),2,0,0,2,USRoute,0.34,5,5-N,5-N,,FERRY ST,125,Feet,S,41.319148,-72.898995,14,Motor Vehicle in Operation,1,Front to rear,1,On Roadway,1,Clear,88,Not Applicable,1,Daylight,1,Dry,0,None,88,Not Applicable,88,Not Applicable,0,None,88,Not Applicable,88,Not Applicable,1,Non-Junction,1,Not at Intersection,1,No,1,No,88,Not Applicable,88,Not Applicable,88,Not Applicable,88,Not Applicable,FALSE,1,Public Road,1,"Trafficway, On Road",CT0009300,New Haven PD,40789,36:50.0,C,Closed,00:32.0,,,,,,,