CrashId,Fatal Case Status,Fatal Case Status Text Format,CrashId,CrashId,Latitude,Longitude,DOT Case Number,Town Name,Town Number,Town Number,Town Number Text Format,Date Of Crash,Year,Month,Month Text Format,Day,Day of the Week,Day of the Week Text Format,Time of Crash,Hour of the Day,Case Identifier,Crash Severity,Crash Severity Text Format,Most Severe Injury,Most Severe Injury Text Format,Number Of Motor Vehicles,Number Of Non-Motorist,Number Of Witnesses,Route Class,Route Class Text Format,Milemarker,Road Number,Road Description,Roadway Name,Intersecting Roadway Name,Landmark Description,Distance From Nearest Landmark,Unit Of Measure From Nearest Landmark,Direction From Nearest Landmark,Latitude,Longitude,First Harmful Event,First Harmful Event Text Format,Manner of Crash / Collision Impact,Manner of Crash / Collision Impact Text Format,Location of First Harmful Event,Location of First Harmful Event Text Format,Weather Condition,Weather Condition Text Format,Weather 2,Weather 2 Text Format,Light Condition,Light Condition Text Format,Road Surface Condition,Road Surface Condition Text Format,"Contributing Circumstances, Environment","Contributing Circumstances, Environment Text Format",Environment 2,Environment 2 Text Format,Environment 3,Environment 3 Text Format,"Contributing Circumstances, Road","Contributing Circumstances, Road Text Format",Road 2,Road 2 Text Format,Road 3,Road 3 Text Format,Crash Specific Location,Crash Specific Location Text Format,Type of Intersection,Type of Intersection Text Format,School Bus Related,School Bus Related Text Format,Work Zone Related,Work Zone Related Text Format,Location Of Crash Relative To Work Zone,Location Of Crash Relative To Work Zone Text Format,Type of Work Zone,Type of Work Zone Text Format,Worker Presence,Worker Presence Text Format,Law Enforcement Presence,Law Enforcement Presence Text Format,Were Vehicles Moved Prior To Police Arrival,Trafficway Ownership,Trafficway Ownership Text Format,Trafficway Class,Trafficway Class Text Format,Police Agency,Police Agency Text Format,Badge Number,Approval Date,Police Case Status,Police Case Status Text Format,Crash Report Submission Date,Related Case Identifiers,No. of Through Lanes (Log Dir.),Average Daily Traffic,Functional Classification,Functional Classification Text Format,Rural or Urban,Rural or Urban Text Format
1340509,1,Complete,1340509,1340509,41.32191247,-72.87658755,3824735,New Haven,93,93,New Haven,12/9/2025,2025,12,December,9,3,Tuesday,19:05:00,19,25049172,A,"Injury of any type (Serious, Minor, Possible)",C,Possible Injury (C),2,0,0,3,State,0.29,80,80-E,80-E,,QUINNIPIAC AVE,800,Feet,W,41.32191247,-72.87658755,14,Motor Vehicle in Operation,4,"Sideswipe, same direction",1,On Roadway,1,Clear,88,Not Applicable,6,Dark-Unknown Lighting,1,Dry,0,None,88,Not Applicable,88,Not Applicable,0,None,88,Not Applicable,88,Not Applicable,1,Non-Junction,1,Not at Intersection,1,No,1,No,88,Not Applicable,88,Not Applicable,88,Not Applicable,88,Not Applicable,FALSE,1,Public Road,1,"Trafficway, On Road",CT0009300,New Haven PD,45388,33:45.0,C,Closed,00:43.0,,,,,,,
1340512,1,Complete,1340512,1340512,41.314294,-72.902815,3824738,New Haven,93,93,New Haven,12/9/2025,2025,12,December,9,3,Tuesday,16:35:00,16,25049192,A,"Injury of any type (Serious, Minor, Possible)",C,Possible Injury (C),2,0,0,4,Local,0.06,379,LOMBARD ST,LOMBARD ST,,MAIN ST,50,Feet,E,41.314294,-72.902815,14,Motor Vehicle in Operation,3,Angle,1,On Roadway,1,Clear,88,Not Applicable,4,Dark-Lighted,1,Dry,0,None,88,Not Applicable,88,Not Applicable,0,None,88,Not Applicable,88,Not Applicable,1,Non-Junction,1,Not at Intersection,1,No,1,No,88,Not Applicable,88,Not Applicable,88,Not Applicable,88,Not Applicable,FALSE,1,Public Road,1,"Trafficway, On Road",CT0009300,New Haven PD,46614,29:29.0,C,Closed,00:37.0,,,,,,,
1340755,1,Complete,1340755,1340755,41.297648,-72.942867,3824981,New Haven,93,93,New Haven,12/9/2025,2025,12,December,9,3,Tuesday,10:07:00,10,25049142,A,"Injury of any type (Serious, Minor, Possible)",C,Possible Injury (C),2,0,0,2,USRoute,46.95,1,1-N,1-N,Bond St,,,,,41.297648,-72.942867,14,Motor Vehicle in Operation,1,Front to rear,1,On Roadway,1,Clear,88,Not Applicable,1,Daylight,1,Dry,0,None,88,Not Applicable,88,Not Applicable,0,None,88,Not Applicable,88,Not Applicable,2,Intersection,2,Four-Way Intersection,1,No,1,No,88,Not Applicable,88,Not Applicable,88,Not Applicable,88,Not Applicable,FALSE,1,Public Road,1,"Trafficway, On Road",CT0009300,New Haven PD,44065,14:28.0,C,Closed,00:39.0,,,,,,,
1340756,1,Complete,1340756,1340756,41.33552,-72.971616,3824982,New Haven,93,93,New Haven,12/9/2025,2025,12,December,9,3,Tuesday,13:00:00,13,25049156,A,"Injury of any type (Serious, Minor, Possible)",C,Possible Injury (C),4,0,0,4,Local,0.32,612,VALLEY ST NO 1,VALLEY ST NO 1,,E RAMSDELL ST,452,Feet,N,41.33552,-72.971616,15,Parked Motor Vehicle,3,Angle,7,In Parking Lane or Zone,1,Clear,88,Not Applicable,1,Daylight,1,Dry,0,None,88,Not Applicable,88,Not Applicable,0,None,88,Not Applicable,88,Not Applicable,1,Non-Junction,1,Not at Intersection,1,No,1,No,88,Not Applicable,88,Not Applicable,88,Not Applicable,88,Not Applicable,FALSE,1,Public Road,1,"Trafficway, On Road",CT0009300,New Haven PD,62,14:07.0,C,Closed,00:34.0,,,,,,,
1340757,1,Complete,1340757,1340757,41.315614,-72.900915,3824983,New Haven,93,93,New Haven,12/10/2025,2025,12,December,10,4,Wednesday,7:33:00,7,25049264,A,"Injury of any type (Serious, Minor, Possible)",C,Possible Injury (C),2,0,0,4,Local,0.88,57,BLATCHLEY AV,BLATCHLEY AV,PECK ST NO 1,,,,,41.315614,-72.900915,14,Motor Vehicle in Operation,2,Front to front,1,On Roadway,1,Clear,88,Not Applicable,1,Daylight,1,Dry,0,None,88,Not Applicable,88,Not Applicable,0,None,88,Not Applicable,88,Not Applicable,2,Intersection,2,Four-Way Intersection,1,No,1,No,88,Not Applicable,88,Not Applicable,88,Not Applicable,88,Not Applicable,FALSE,1,Public Road,1,"Trafficway, On Road",CT0009300,New Haven PD,42057,02:42.0,C,Closed,00:35.0,,,,,,,
1340759,1,Complete,1340759,1340759,41.322702,-72.943131,3824985,New Haven,93,93,New Haven,12/10/2025,2025,12,December,10,4,Wednesday,15:22:00,15,25049334,A,"Injury of any type (Serious, Minor, Possible)",C,Possible Injury (C),2,0,0,4,Local,0.09,438,NORTON PKWY,NORTON PKWY,MORELAND RD,,,,,41.322702,-72.943131,14,Motor Vehicle in Operation,3,Angle,1,On Roadway,1,Clear,88,Not Applicable,1,Daylight,1,Dry,0,None,88,Not Applicable,88,Not Applicable,0,None,88,Not Applicable,88,Not Applicable,2,Intersection,2,Four-Way Intersection,2,"Yes, School Bus Directly Involved",1,No,88,Not Applicable,88,Not Applicable,88,Not Applicable,88,Not Applicable,FALSE,1,Public Road,1,"Trafficway, On Road",CT0009300,New Haven PD,276,07:54.0,C,Closed,00:42.0,25049334,,,,,,
1341076,1,Complete,1341076,1341076,41.32078717,-72.87365416,3825302,New Haven,93,93,New Haven,11/20/2025,2025,11,November,20,5,Thursday,12:36:00,12,25046738,A,"Injury of any type (Serious, Minor, Possible)",C,Possible Injury (C),2,0,0,3,State,0.46,80,80-E,80-E,,QUINNIPIAC AVE,100,Feet,E,41.32078717,-72.87365416,14,Motor Vehicle in Operation,4,"Sideswipe, same direction",1,On Roadway,1,Clear,88,Not Applicable,1,Daylight,1,Dry,0,None,88,Not Applicable,88,Not Applicable,0,None,88,Not Applicable,88,Not Applicable,2,Intersection,2,Four-Way Intersection,1,No,1,No,88,Not Applicable,88,Not Applicable,88,Not Applicable,88,Not Applicable,FALSE,1,Public Road,1,"Trafficway, On Road",CT0009300,New Haven PD,42049,36:00.0,O,Open,01:50.0,,,,,,,
1341080,1,Complete,1341080,1341080,41.316332,-72.946124,3825306,New Haven,93,93,New Haven,12/7/2025,2025,12,December,7,1,Sunday,20:54:00,20,25048976,A,"Injury of any type (Serious, Minor, Possible)",B,Suspected Minor Injury (B),4,0,0,4,Local,0.72,194,ELM ST NO 1,ELM ST NO 1,,NORTON ST,95,Feet,E,41.316332,-72.946124,14,Motor Vehicle in Operation,4,"Sideswipe, same direction",1,On Roadway,1,Clear,88,Not Applicable,4,Dark-Lighted,1,Dry,0,None,88,Not Applicable,88,Not Applicable,0,None,88,Not Applicable,88,Not Applicable,1,Non-Junction,1,Not at Intersection,1,No,1,No,88,Not Applicable,88,Not Applicable,88,Not Applicable,88,Not Applicable,FALSE,1,Public Road,1,"Trafficway, On Road",CT0009300,New Haven PD,45701,57:56.0,C,Closed,01:42.0,,,,,,,
1341081,1,Complete,1341081,1341081,41.298692,-72.892435,3825307,New Haven,93,93,New Haven,12/8/2025,2025,12,December,8,2,Monday,17:14:00,17,25049059,A,"Injury of any type (Serious, Minor, Possible)",C,Possible Injury (C),1,1,0,4,Local,0.3,210,FARREN AV,FARREN AV,,LANCRAFT ST,95,Feet,N,41.298692,-72.892435,10,Pedalcycle/Pedalcyclist,3,Angle,1,On Roadway,1,Clear,88,Not Applicable,4,Dark-Lighted,1,Dry,0,None,88,Not Applicable,88,Not Applicable,0,None,88,Not Applicable,88,Not Applicable,1,Non-Junction,1,Not at Intersection,1,No,1,No,88,Not Applicable,88,Not Applicable,88,Not Applicable,88,Not Applicable,FALSE,1,Public Road,1,"Trafficway, On Road",CT0009300,New Haven PD,45388,26:32.0,C,Closed,01:59.0,,,,,,,
1341082,1,Complete,1341082,1341082,41.321426,-72.875428,3825308,New Haven,93,93,New Haven,12/9/2025,2025,12,December,9,3,Tuesday,21:38:00,21,25049242,A,"Injury of any type (Serious, Minor, Possible)",C,Possible Injury (C),2,0,0,3,State,0.36,80,80-E,80-E,,QUINNIPIAC AVE,400,Feet,W,41.321426,-72.875428,14,Motor Vehicle in Operation,1,Front to rear,1,On Roadway,1,Clear,88,Not Applicable,4,Dark-Lighted,1,Dry,0,None,88,Not Applicable,88,Not Applicable,0,None,88,Not Applicable,88,Not Applicable,1,Non-Junction,1,Not at Intersection,1,No,1,No,88,Not Applicable,88,Not Applicable,88,Not Applicable,88,Not Applicable,FALSE,1,Public Road,1,"Trafficway, On Road",CT0009300,New Haven PD,47741,32:35.0,C,Closed,01:44.0,,,,,,,
1341088,1,Complete,1341088,1341088,41.296562,-72.933888,3825314,New Haven,93,93,New Haven,12/10/2025,2025,12,December,10,4,Wednesday,14:56:00,14,25049350,A,"Injury of any type (Serious, Minor, Possible)",C,Possible Injury (C),2,0,0,4,Local,0.69,308,HOWARD AV,HOWARD AV,,CARLISLE ST,100,Feet,N,41.296562,-72.933888,14,Motor Vehicle in Operation,1,Front to rear,1,On Roadway,1,Clear,1,Clear,1,Daylight,1,Dry,0,None,88,Not Applicable,88,Not Applicable,0,None,88,Not Applicable,88,Not Applicable,1,Non-Junction,1,Not at Intersection,1,No,1,No,88,Not Applicable,88,Not Applicable,88,Not Applicable,88,Not Applicable,FALSE,1,Public Road,1,"Trafficway, On Road",CT0009300,New Haven PD,48375,15:20.0,C,Closed,01:27.0,,,,,,,
1341091,1,Complete,1341091,1341091,41.296906,-72.89303,3825317,New Haven,93,93,New Haven,12/10/2025,2025,12,December,10,4,Wednesday,17:30:00,17,25049372,A,"Injury of any type (Serious, Minor, Possible)",C,Possible Injury (C),2,0,0,4,Local,0.1,242,FULTON ST,FULTON ST,,FARREN AVE,55,Feet,W,41.296906,-72.89303,14,Motor Vehicle in Operation,1,Front to rear,1,On Roadway,4,Rain,88,Not Applicable,4,Dark-Lighted,2,Wet,0,None,88,Not Applicable,88,Not Applicable,0,None,88,Not Applicable,88,Not Applicable,3,Intersection-Related,2,Four-Way Intersection,1,No,1,No,88,Not Applicable,88,Not Applicable,88,Not Applicable,88,Not Applicable,FALSE,1,Public Road,1,"Trafficway, On Road",CT0009300,New Haven PD,45388,38:48.0,C,Closed,02:00.0,,,,,,,
1341092,1,Complete,1341092,1341092,41.316496,-72.963242,3825318,New Haven,93,93,New Haven,12/10/2025,2025,12,December,10,4,Wednesday,17:36:00,17,25049382,A,"Injury of any type (Serious, Minor, Possible)",C,Possible Injury (C),2,0,1,4,Local,0.74,93,CENTRAL AV,CENTRAL AV,WESTWOOD RD,,,,,41.316496,-72.963242,14,Motor Vehicle in Operation,2,Front to front,1,On Roadway,4,Rain,88,Not Applicable,4,Dark-Lighted,2,Wet,0,None,88,Not Applicable,88,Not Applicable,0,None,88,Not Applicable,88,Not Applicable,2,Intersection,2,Four-Way Intersection,1,No,1,No,88,Not Applicable,88,Not Applicable,88,Not Applicable,88,Not Applicable,FALSE,1,Public Road,1,"Trafficway, On Road",CT0009300,New Haven PD,45397,57:47.0,C,Closed,01:37.0,,,,,,,
1341095,1,Complete,1341095,1341095,41.30939,-72.89057,3825321,New Haven,93,93,New Haven,12/10/2025,2025,12,December,10,4,Wednesday,20:46:00,20,25049395,A,"Injury of any type (Serious, Minor, Possible)",C,Possible Injury (C),1,0,0,4,Local,0.25,264,GRAND AV,GRAND AV,CLINTON AV,,,,,41.30939,-72.89057,36,Fence,88,Not Applicable,4,Roadside,4,Rain,88,Not Applicable,4,Dark-Lighted,2,Wet,0,None,88,Not Applicable,88,Not Applicable,0,None,88,Not Applicable,88,Not Applicable,2,Intersection,3,T-Intersection,1,No,1,No,88,Not Applicable,88,Not Applicable,88,Not Applicable,88,Not Applicable,FALSE,1,Public Road,1,"Trafficway, On Road",CT0009300,New Haven PD,46614,56:10.0,C,Closed,01:36.0,,,,,,,
1341098,1,Complete,1341098,1341098,41.284567,-72.896259,3825324,New Haven,93,93,New Haven,12/11/2025,2025,12,December,11,5,Thursday,5:48:00,5,25049418,A,"Injury of any type (Serious, Minor, Possible)",B,Suspected Minor Injury (B),2,0,1,4,Local,1.04,678,WOODWARD AV,WOODWARD AV,,PARK LN,217,Feet,S,41.284567,-72.896259,14,Motor Vehicle in Operation,2,Front to front,1,On Roadway,1,Clear,88,Not Applicable,4,Dark-Lighted,1,Dry,0,None,88,Not Applicable,88,Not Applicable,0,None,88,Not Applicable,88,Not Applicable,1,Non-Junction,1,Not at Intersection,1,No,1,No,88,Not Applicable,88,Not Applicable,88,Not Applicable,88,Not Applicable,FALSE,1,Public Road,1,"Trafficway, On Road",CT0009300,New Haven PD,44048,32:57.0,O,Open,01:49.0,,,,,,,
1341591,1,Complete,1341591,1341591,41.303812,-72.917237,3825817,New Haven,93,93,New Haven,11/22/2025,2025,11,November,22,7,Saturday,2:04:00,2,25046957,A,"Injury of any type (Serious, Minor, Possible)",B,Suspected Minor Injury (B),2,0,0,4,Local,1.29,97,CHAPEL ST,CHAPEL ST,,WOOSTER PL,25,Feet,W,41.303812,-72.917237,14,Motor Vehicle in Operation,3,Angle,2,Shoulder,4,Rain,88,Not Applicable,4,Dark-Lighted,2,Wet,99,Unknown,88,Not Applicable,88,Not Applicable,0,None,88,Not Applicable,88,Not Applicable,1,Non-Junction,1,Not at Intersection,1,No,1,No,88,Not Applicable,88,Not Applicable,88,Not Applicable,88,Not Applicable,FALSE,1,Public Road,1,"Trafficway, On Road",CT0009300,New Haven PD,46615,12:55.0,C,Closed,00:32.0,,,,,,,
1341610,1,Complete,1341610,1341610,41.29268,-72.943566,3825836,New Haven,93,93,New Haven,12/13/2025,2025,12,December,13,7,Saturday,1:35:00,1,25049653,A,"Injury of any type (Serious, Minor, Possible)",C,Possible Injury (C),1,0,0,3,State,1.04,10,10-N,10-N,,FRANK ST,80,Feet,N,41.29268,-72.943566,25,Curb,88,Not Applicable,2,Shoulder,1,Clear,88,Not Applicable,4,Dark-Lighted,1,Dry,0,None,88,Not Applicable,88,Not Applicable,5,"Road Surface Condition (wet, icy, snow, slush, etc.)",88,Not Applicable,88,Not Applicable,1,Non-Junction,1,Not at Intersection,1,No,1,No,88,Not Applicable,88,Not Applicable,88,Not Applicable,88,Not Applicable,FALSE,1,Public Road,1,"Trafficway, On Road",CT0009300,New Haven PD,44338,00:38.0,O,Open,00:46.0,,,,,,,
1341613,1,Complete,1341613,1341613,41.330144,-72.914025,3825839,New Haven,93,93,New Haven,12/13/2025,2025,12,December,13,7,Saturday,12:24:00,12,25049696,A,"Injury of any type (Serious, Minor, Possible)",C,Possible Injury (C),1,1,0,4,Local,1.44,656,WHITNEY AV,WHITNEY AV,,EAST ROCK RD,185,Feet,S,41.330144,-72.914025,9,Pedestrian,88,Not Applicable,1,On Roadway,1,Clear,88,Not Applicable,1,Daylight,1,Dry,0,None,88,Not Applicable,88,Not Applicable,0,None,88,Not Applicable,88,Not Applicable,1,Non-Junction,1,Not at Intersection,1,No,1,No,88,Not Applicable,88,Not Applicable,88,Not Applicable,88,Not Applicable,FALSE,1,Public Road,1,"Trafficway, On Road",CT0009300,New Haven PD,432,45:04.0,C,Closed,00:45.0,,,,,,,
1341618,1,Complete,1341618,1341618,41.32052,-72.934332,3825844,New Haven,93,93,New Haven,12/13/2025,2025,12,December,13,7,Saturday,19:06:00,19,25049728,A,"Injury of any type (Serious, Minor, Possible)",C,Possible Injury (C),2,0,0,4,Local,0.54,152,DIXWELL AV,DIXWELL AV,,HENRY ST,100,Feet,S,41.32052,-72.934332,14,Motor Vehicle in Operation,3,Angle,1,On Roadway,1,Clear,88,Not Applicable,4,Dark-Lighted,1,Dry,0,None,88,Not Applicable,88,Not Applicable,0,None,88,Not Applicable,88,Not Applicable,1,Non-Junction,1,Not at Intersection,1,No,1,No,88,Not Applicable,88,Not Applicable,88,Not Applicable,88,Not Applicable,FALSE,1,Public Road,1,"Trafficway, On Road",CT0009300,New Haven PD,46621,58:33.0,C,Closed,00:50.0,,,,,,,
1341619,1,Complete,1341619,1341619,41.286776,-72.924404,3825845,New Haven,93,93,New Haven,12/13/2025,2025,12,December,13,7,Saturday,20:08:00,20,25049732,A,"Injury of any type (Serious, Minor, Possible)",C,Possible Injury (C),1,0,0,4,Local,0.09,513,LONG WHARF DR,LONG WHARF DR,,SARGENT DR,360,Feet,E,41.286776,-72.924404,6,Fell/Jumped from Vehicle,88,Not Applicable,1,On Roadway,1,Clear,88,Not Applicable,4,Dark-Lighted,1,Dry,0,None,88,Not Applicable,88,Not Applicable,0,None,88,Not Applicable,88,Not Applicable,1,Non-Junction,1,Not at Intersection,1,No,1,No,88,Not Applicable,88,Not Applicable,88,Not Applicable,88,Not Applicable,FALSE,1,Public Road,1,"Trafficway, On Road",CT0009300,New Haven PD,45625,51:51.0,C,Closed,00:51.0,,,,,,,
1341620,1,Complete,1341620,1341620,41.329718,-72.926253,3825846,New Haven,93,93,New Haven,12/13/2025,2025,12,December,13,7,Saturday,21:21:00,21,25049739,A,"Injury of any type (Serious, Minor, Possible)",C,Possible Injury (C),1,1,0,4,Local,0.98,669,WINCHESTER AV,WINCHESTER AV,LILAC ST,,,,,41.329718,-72.926253,10,Pedalcycle/Pedalcyclist,3,Angle,1,On Roadway,1,Clear,88,Not Applicable,4,Dark-Lighted,1,Dry,0,None,88,Not Applicable,88,Not Applicable,0,None,88,Not Applicable,88,Not Applicable,2,Intersection,3,T-Intersection,1,No,1,No,88,Not Applicable,88,Not Applicable,88,Not Applicable,88,Not Applicable,TRUE,1,Public Road,1,"Trafficway, On Road",CT0009300,New Haven PD,40085,01:29.0,O,Open,00:56.0,,,,,,,
1341621,1,Complete,1341621,1341621,41.320227,-72.871982,3825847,New Haven,93,93,New Haven,12/13/2025,2025,12,December,13,7,Saturday,21:50:00,21,25049743,A,"Injury of any type (Serious, Minor, Possible)",A,Suspected Serious Injury (A),2,0,1,3,State,0.56,80,80-E,80-E,,EASTERN ST,20,Feet,W,41.320227,-72.871982,14,Motor Vehicle in Operation,1,Front to rear,1,On Roadway,7,Snow,88,Not Applicable,4,Dark-Lighted,2,Wet,0,None,88,Not Applicable,88,Not Applicable,0,None,88,Not Applicable,88,Not Applicable,3,Intersection-Related,2,Four-Way Intersection,1,No,1,No,88,Not Applicable,88,Not Applicable,88,Not Applicable,88,Not Applicable,TRUE,1,Public Road,1,"Trafficway, On Road",CT0009300,New Haven PD,46622,08:05.0,O,Open,00:53.0,,,,,,,
1341624,1,Complete,1341624,1341624,41.31389,-72.92533,3825850,New Haven,93,93,New Haven,12/14/2025,2025,12,December,14,1,Sunday,7:07:00,7,25049766,A,"Injury of any type (Serious, Minor, Possible)",C,Possible Injury (C),2,0,0,4,Local,0.12,782,CANAL ST NO 2,CANAL ST NO 2,,PROSPECT ST,25,Feet,W,41.31389,-72.92533,14,Motor Vehicle in Operation,2,Front to front,1,On Roadway,7,Snow,88,Not Applicable,1,Daylight,3,Snow,1,Weather Conditions,88,Not Applicable,88,Not Applicable,0,None,88,Not Applicable,88,Not Applicable,1,Non-Junction,1,Not at Intersection,1,No,1,No,88,Not Applicable,88,Not Applicable,88,Not Applicable,88,Not Applicable,FALSE,1,Public Road,1,"Trafficway, On Road",CT0009300,New Haven PD,432,43:02.0,C,Closed,00:57.0,,,,,,,
1342362,1,Complete,1342362,1342362,41.30381,-72.931285,3826588,New Haven,93,93,New Haven,11/9/2025,2025,11,November,9,1,Sunday,13:48:00,13,25045339,A,"Injury of any type (Serious, Minor, Possible)",C,Possible Injury (C),2,0,0,4,Local,0.62,117,COLLEGE ST,COLLEGE ST,,SOUTH FRONTAGE RD,60,Feet,N,41.30381,-72.931285,14,Motor Vehicle in Operation,1,Front to rear,1,On Roadway,1,Clear,88,Not Applicable,1,Daylight,1,Dry,0,None,88,Not Applicable,88,Not Applicable,0,None,88,Not Applicable,88,Not Applicable,3,Intersection-Related,2,Four-Way Intersection,1,No,1,No,88,Not Applicable,88,Not Applicable,88,Not Applicable,88,Not Applicable,FALSE,1,Public Road,1,"Trafficway, On Road",CT0009300,New Haven PD,42056,35:07.0,C,Closed,00:36.0,,,,,,,
1342367,1,Complete,1342367,1342367,41.301312,-72.924094,3826593,New Haven,93,93,New Haven,12/5/2025,2025,12,December,5,6,Friday,23:13:00,23,25048769,A,"Injury of any type (Serious, Minor, Possible)",A,Suspected Serious Injury (A),1,1,0,2,USRoute,48.26,1,1-N,1-N,State Street North,,,,,41.301312,-72.924094,10,Pedalcycle/Pedalcyclist,3,Angle,1,On Roadway,1,Clear,88,Not Applicable,4,Dark-Lighted,1,Dry,0,None,88,Not Applicable,88,Not Applicable,0,None,88,Not Applicable,88,Not Applicable,2,Intersection,2,Four-Way Intersection,1,No,1,No,88,Not Applicable,88,Not Applicable,88,Not Applicable,88,Not Applicable,TRUE,1,Public Road,1,"Trafficway, On Road",CT0009300,New Haven PD,43690,34:24.0,O,Open,00:55.0,,,,,,,
1342376,1,Complete,1342376,1342376,41.294462,-72.931036,3826602,New Haven,93,93,New Haven,12/14/2025,2025,12,December,14,1,Sunday,15:40:00,15,25049814,A,"Injury of any type (Serious, Minor, Possible)",C,Possible Injury (C),2,0,0,4,Local,0.44,571,SPRING ST,SPRING ST,CEDAR ST NO 1,,,,,41.294462,-72.931036,14,Motor Vehicle in Operation,3,Angle,1,On Roadway,7,Snow,88,Not Applicable,1,Daylight,2,Wet,0,None,88,Not Applicable,88,Not Applicable,0,None,88,Not Applicable,88,Not Applicable,2,Intersection,2,Four-Way Intersection,1,No,1,No,88,Not Applicable,88,Not Applicable,88,Not Applicable,88,Not Applicable,FALSE,1,Public Road,1,"Trafficway, On Road",CT0009300,New Haven PD,46613,31:31.0,C,Closed,00:52.0,,,,,,,
1342379,1,Complete,1342379,1342379,41.347305,-72.958372,3826605,New Haven,93,93,New Haven,12/15/2025,2025,12,December,15,2,Monday,8:28:00,8,25049853,A,"Injury of any type (Serious, Minor, Possible)",C,Possible Injury (C),2,0,0,,,,,,ROCKVIEW CIR,WILMOT RD,,,,,41.347305,-72.958372,14,Motor Vehicle in Operation,3,Angle,1,On Roadway,1,Clear,88,Not Applicable,1,Daylight,5,Ice / Frost,0,None,88,Not Applicable,88,Not Applicable,5,"Road Surface Condition (wet, icy, snow, slush, etc.)",88,Not Applicable,88,Not Applicable,2,Intersection,3,T-Intersection,1,No,1,No,88,Not Applicable,88,Not Applicable,88,Not Applicable,88,Not Applicable,TRUE,1,Public Road,1,"Trafficway, On Road",CT0009300,New Haven PD,45394,23:04.0,C,Closed,00:51.0,,,,,,,
1342381,1,Complete,1342381,1342381,41.3076,-72.946285,3826607,New Haven,93,93,New Haven,12/15/2025,2025,12,December,15,2,Monday,9:30:00,9,25049861,A,"Injury of any type (Serious, Minor, Possible)",C,Possible Injury (C),2,0,0,4,Local,0.09,544,SCRANTON ST,SCRANTON ST,,SHERMAN AVE,35,Feet,W,41.3076,-72.946285,14,Motor Vehicle in Operation,1,Front to rear,1,On Roadway,7,Snow,88,Not Applicable,1,Daylight,3,Snow,0,None,88,Not Applicable,88,Not Applicable,0,None,88,Not Applicable,88,Not Applicable,3,Intersection-Related,2,Four-Way Intersection,1,No,1,No,88,Not Applicable,88,Not Applicable,88,Not Applicable,88,Not Applicable,TRUE,1,Public Road,1,"Trafficway, On Road",CT0009300,New Haven PD,503,51:29.0,O,Open,00:57.0,,,,,,,
1342382,1,Complete,1342382,1342382,41.319049,-72.8991,3826608,New Haven,93,93,New Haven,12/15/2025,2025,12,December,15,2,Monday,9:15:00,9,25049862,A,"Injury of any type (Serious, Minor, Possible)",C,Possible Injury (C),2,0,0,2,USRoute,0.33,5,5-N,5-N,,FERRY ST,90,Feet,S,41.319049,-72.8991,14,Motor Vehicle in Operation,1,Front to rear,1,On Roadway,1,Clear,88,Not Applicable,1,Daylight,2,Wet,99,Unknown,88,Not Applicable,88,Not Applicable,0,None,88,Not Applicable,88,Not Applicable,1,Non-Junction,1,Not at Intersection,1,No,1,No,88,Not Applicable,88,Not Applicable,88,Not Applicable,88,Not Applicable,FALSE,1,Public Road,1,"Trafficway, On Road",CT0009300,New Haven PD,46623,08:53.0,C,Closed,01:03.0,,,,,,,
1342387,1,Complete,1342387,1342387,41.309565,-72.923441,3826613,New Haven,93,93,New Haven,12/15/2025,2025,12,December,15,2,Monday,14:35:00,14,25049903,A,"Injury of any type (Serious, Minor, Possible)",C,Possible Injury (C),2,0,0,4,Local,0.16,712,WALL ST NO 2,WALL ST NO 2,,CHURCH ST,10,Feet,W,41.309565,-72.923441,14,Motor Vehicle in Operation,1,Front to rear,1,On Roadway,1,Clear,88,Not Applicable,1,Daylight,3,Snow,1,Weather Conditions,88,Not Applicable,88,Not Applicable,0,None,88,Not Applicable,88,Not Applicable,3,Intersection-Related,2,Four-Way Intersection,1,No,1,No,88,Not Applicable,88,Not Applicable,88,Not Applicable,88,Not Applicable,TRUE,1,Public Road,1,"Trafficway, On Road",CT0009300,New Haven PD,503,57:59.0,C,Closed,00:59.0,,,,,,,
1342391,1,Complete,1342391,1342391,41.323761,-72.916605,3826617,New Haven,93,93,New Haven,12/15/2025,2025,12,December,15,2,Monday,16:16:00,16,25049922,A,"Injury of any type (Serious, Minor, Possible)",C,Possible Injury (C),2,0,0,4,Local,0.91,666,WILLOW ST,WILLOW ST,,WHITNEY AVE,58,Feet,E,41.323761,-72.916605,14,Motor Vehicle in Operation,1,Front to rear,1,On Roadway,1,Clear,88,Not Applicable,1,Daylight,3,Snow,0,None,88,Not Applicable,88,Not Applicable,0,None,88,Not Applicable,88,Not Applicable,3,Intersection-Related,3,T-Intersection,1,No,1,No,88,Not Applicable,88,Not Applicable,88,Not Applicable,88,Not Applicable,FALSE,1,Public Road,1,"Trafficway, On Road",CT0009300,New Haven PD,40085,22:15.0,O,Open,01:05.0,,,,,,,