CrashId,Fatal Case Status,Fatal Case Status Text Format,CrashId,CrashId,Latitude,Longitude,DOT Case Number,Town Name,Town Number,Town Number,Town Number Text Format,Date Of Crash,Year,Month,Month Text Format,Day,Day of the Week,Day of the Week Text Format,Time of Crash,Hour of the Day,Case Identifier,Crash Severity,Crash Severity Text Format,Most Severe Injury,Most Severe Injury Text Format,Number Of Motor Vehicles,Number Of Non-Motorist,Number Of Witnesses,Route Class,Route Class Text Format,Milemarker,Road Number,Road Description,Roadway Name,Intersecting Roadway Name,Landmark Description,Distance From Nearest Landmark,Unit Of Measure From Nearest Landmark,Direction From Nearest Landmark,Latitude,Longitude,First Harmful Event,First Harmful Event Text Format,Manner of Crash / Collision Impact,Manner of Crash / Collision Impact Text Format,Location of First Harmful Event,Location of First Harmful Event Text Format,Weather Condition,Weather Condition Text Format,Weather 2,Weather 2 Text Format,Light Condition,Light Condition Text Format,Road Surface Condition,Road Surface Condition Text Format,"Contributing Circumstances, Environment","Contributing Circumstances, Environment Text Format",Environment 2,Environment 2 Text Format,Environment 3,Environment 3 Text Format,"Contributing Circumstances, Road","Contributing Circumstances, Road Text Format",Road 2,Road 2 Text Format,Road 3,Road 3 Text Format,Crash Specific Location,Crash Specific Location Text Format,Type of Intersection,Type of Intersection Text Format,School Bus Related,School Bus Related Text Format,Work Zone Related,Work Zone Related Text Format,Location Of Crash Relative To Work Zone,Location Of Crash Relative To Work Zone Text Format,Type of Work Zone,Type of Work Zone Text Format,Worker Presence,Worker Presence Text Format,Law Enforcement Presence,Law Enforcement Presence Text Format,Were Vehicles Moved Prior To Police Arrival,Trafficway Ownership,Trafficway Ownership Text Format,Trafficway Class,Trafficway Class Text Format,Police Agency,Police Agency Text Format,Badge Number,Approval Date,Police Case Status,Police Case Status Text Format,Crash Report Submission Date,Related Case Identifiers,No. of Through Lanes (Log Dir.),Average Daily Traffic,Functional Classification,Functional Classification Text Format,Rural or Urban,Rural or Urban Text Format
1343072,1,Complete,1343072,1343072,41.337932,-72.976563,3827298,New Haven,93,93,New Haven,12/16/2025,2025,12,December,16,3,Tuesday,17:06:00,17,25050048,A,"Injury of any type (Serious, Minor, Possible)",C,Possible Injury (C),2,0,0,3,State,0.24,69,69-N,69-N,,15-N-114 (EXIT 59) (exit 46 on google),50,Feet,S,41.337932,-72.976563,14,Motor Vehicle in Operation,1,Front to rear,1,On Roadway,1,Clear,88,Not Applicable,4,Dark-Lighted,1,Dry,0,None,88,Not Applicable,88,Not Applicable,0,None,88,Not Applicable,88,Not Applicable,3,Intersection-Related,3,T-Intersection,1,No,1,No,88,Not Applicable,88,Not Applicable,88,Not Applicable,88,Not Applicable,TRUE,1,Public Road,1,"Trafficway, On Road",CT0009300,New Haven PD,45403,18:19.0,O,Open,00:33.0,,,,,,,
1343856,1,Complete,1343856,1343856,41.309007,-72.895601,3828082,New Haven,93,93,New Haven,12/2/2025,2025,12,December,2,3,Tuesday,8:08:00,8,25048256,A,"Injury of any type (Serious, Minor, Possible)",C,Possible Injury (C),2,0,0,4,Local,0.5,264,GRAND AV,GRAND AV,FERRY ST,,,,,41.309007,-72.895601,14,Motor Vehicle in Operation,3,Angle,1,On Roadway,1,Clear,88,Not Applicable,1,Daylight,1,Dry,0,None,88,Not Applicable,88,Not Applicable,0,None,88,Not Applicable,88,Not Applicable,1,Non-Junction,1,Not at Intersection,1,No,1,No,88,Not Applicable,88,Not Applicable,88,Not Applicable,88,Not Applicable,FALSE,1,Public Road,1,"Trafficway, On Road",CT0009300,New Haven PD,40789,33:54.0,C,Closed,01:02.0,,,,,,,
1343859,1,Complete,1343859,1343859,41.30225284,-72.93253553,3828085,New Haven,93,93,New Haven,12/11/2025,2025,12,December,11,5,Thursday,12:30:00,12,25049469,A,"Injury of any type (Serious, Minor, Possible)",C,Possible Injury (C),1,1,0,4,Local,0.85,123,CONGRESS AV,CONGRESS AV,COLLEGE ST,,,,,41.30225284,-72.93253553,10,Pedalcycle/Pedalcyclist,3,Angle,1,On Roadway,1,Clear,88,Not Applicable,1,Daylight,1,Dry,0,None,88,Not Applicable,88,Not Applicable,0,None,88,Not Applicable,88,Not Applicable,2,Intersection,3,T-Intersection,1,No,1,No,88,Not Applicable,88,Not Applicable,88,Not Applicable,88,Not Applicable,FALSE,1,Public Road,1,"Trafficway, On Road",CT0009300,New Haven PD,301,46:06.0,C,Closed,01:03.0,,,,,,,
1343864,1,Complete,1343864,1343864,41.287405,-72.936951,3828090,New Haven,93,93,New Haven,12/17/2025,2025,12,December,17,4,Wednesday,18:30:00,18,25050219,A,"Injury of any type (Serious, Minor, Possible)",C,Possible Injury (C),1,0,0,4,Local,0.02,483,PLYMOUTH ST,PLYMOUTH ST,,ELLA T GRASSO BLVD,70,Feet,N,41.287405,-72.936951,33,Utility Pole/Light Support,88,Not Applicable,1,On Roadway,1,Clear,88,Not Applicable,6,Dark-Unknown Lighting,2,Wet,0,None,88,Not Applicable,88,Not Applicable,5,"Road Surface Condition (wet, icy, snow, slush, etc.)",88,Not Applicable,88,Not Applicable,3,Intersection-Related,3,T-Intersection,1,No,1,No,88,Not Applicable,88,Not Applicable,88,Not Applicable,88,Not Applicable,FALSE,1,Public Road,1,"Trafficway, On Road",CT0009300,New Haven PD,48375,34:23.0,C,Closed,00:57.0,,,,,,,
1343865,1,Complete,1343865,1343865,41.308939,-72.93359,3828091,New Haven,93,93,New Haven,12/17/2025,2025,12,December,17,4,Wednesday,21:06:00,21,25050224,A,"Injury of any type (Serious, Minor, Possible)",B,Suspected Minor Injury (B),2,0,1,4,Local,2.22,97,CHAPEL ST,CHAPEL ST,PARK ST,,,,,41.308939,-72.93359,14,Motor Vehicle in Operation,3,Angle,1,On Roadway,1,Clear,88,Not Applicable,4,Dark-Lighted,1,Dry,0,None,88,Not Applicable,88,Not Applicable,0,None,88,Not Applicable,88,Not Applicable,2,Intersection,2,Four-Way Intersection,1,No,1,No,88,Not Applicable,88,Not Applicable,88,Not Applicable,88,Not Applicable,FALSE,1,Public Road,1,"Trafficway, On Road",CT0009300,New Haven PD,44045,24:30.0,C,Closed,01:14.0,,,,,,,
1343869,1,Complete,1343869,1343869,41.314562,-72.938366,3828095,New Haven,93,93,New Haven,12/18/2025,2025,12,December,18,5,Thursday,16:17:00,16,25050313,A,"Injury of any type (Serious, Minor, Possible)",C,Possible Injury (C),2,0,0,,,,,,150 WHALLEY AVENUE,,Orchard St,315,Feet,E,41.314562,-72.938366,14,Motor Vehicle in Operation,1,Front to rear,97,Other,1,Clear,88,Not Applicable,1,Daylight,1,Dry,0,None,88,Not Applicable,88,Not Applicable,0,None,88,Not Applicable,88,Not Applicable,97,Other,1,Not at Intersection,1,No,1,No,88,Not Applicable,88,Not Applicable,88,Not Applicable,88,Not Applicable,FALSE,88,Not Applicable,4,Parking Lot,CT0009300,New Haven PD,44947,21:33.0,C,Closed,01:12.0,,,,,,,
1343870,1,Complete,1343870,1343870,41.328058,-72.959166,3828096,New Haven,93,93,New Haven,12/18/2025,2025,12,December,18,5,Thursday,15:51:00,15,25050319,A,"Injury of any type (Serious, Minor, Possible)",C,Possible Injury (C),2,0,0,4,Local,0.91,56,BLAKE ST,BLAKE ST,,VALLEY ST,172,Feet,E,41.328058,-72.959166,14,Motor Vehicle in Operation,3,Angle,1,On Roadway,1,Clear,88,Not Applicable,1,Daylight,1,Dry,0,None,88,Not Applicable,88,Not Applicable,0,None,88,Not Applicable,88,Not Applicable,9,Driveway Access-Related,1,Not at Intersection,1,No,1,No,88,Not Applicable,88,Not Applicable,88,Not Applicable,88,Not Applicable,FALSE,1,Public Road,1,"Trafficway, On Road",CT0009300,New Haven PD,45397,18:49.0,C,Closed,01:11.0,,,,,,,
1343874,1,Complete,1343874,1343874,41.289376,-72.924062,3828100,New Haven,93,93,New Haven,12/18/2025,2025,12,December,18,5,Thursday,17:56:00,17,25050351,A,"Injury of any type (Serious, Minor, Possible)",C,Possible Injury (C),2,0,0,4,Local,0.4,359,SARGENT DR,SARGENT DR,,95-S-327 (EXIT 46 ON RAMP),50,Feet,S,41.289376,-72.924062,14,Motor Vehicle in Operation,2,Front to front,1,On Roadway,1,Clear,88,Not Applicable,4,Dark-Lighted,1,Dry,0,None,88,Not Applicable,88,Not Applicable,0,None,88,Not Applicable,88,Not Applicable,3,Intersection-Related,3,T-Intersection,1,No,1,No,88,Not Applicable,88,Not Applicable,88,Not Applicable,88,Not Applicable,FALSE,1,Public Road,1,"Trafficway, On Road",CT0009300,New Haven PD,48375,42:41.0,C,Closed,01:15.0,,,,,,,
1344392,1,Complete,1344392,1344392,41.306137,-72.935603,3828618,New Haven,93,93,New Haven,9/1/2025,2025,9,September,1,2,Monday,22:07:00,22,25036116,A,"Injury of any type (Serious, Minor, Possible)",C,Possible Injury (C),2,0,0,4,Local,0.41,463,PARK ST,PARK ST,,MARTIN LUTHER KING BLVD,45,Feet,S,41.306137,-72.935603,14,Motor Vehicle in Operation,1,Front to rear,1,On Roadway,1,Clear,88,Not Applicable,4,Dark-Lighted,1,Dry,0,None,88,Not Applicable,88,Not Applicable,0,None,88,Not Applicable,88,Not Applicable,3,Intersection-Related,2,Four-Way Intersection,1,No,1,No,88,Not Applicable,88,Not Applicable,88,Not Applicable,88,Not Applicable,FALSE,1,Public Road,1,"Trafficway, On Road",CT0009300,New Haven PD,45395,54:33.0,C,Closed,01:41.0,,,,,,,
1344401,1,Complete,1344401,1344401,41.31921753,-72.89830128,3828627,New Haven,93,93,New Haven,12/20/2025,2025,12,December,20,7,Saturday,15:09:00,15,25050159,A,"Injury of any type (Serious, Minor, Possible)",C,Possible Injury (C),2,0,0,4,Local,0.02,213,FERRY ST,FERRY ST,,STATE STREET,90,Feet,E,41.31921753,-72.89830128,14,Motor Vehicle in Operation,1,Front to rear,1,On Roadway,1,Clear,88,Not Applicable,1,Daylight,1,Dry,0,None,88,Not Applicable,88,Not Applicable,0,None,88,Not Applicable,88,Not Applicable,1,Non-Junction,1,Not at Intersection,1,No,1,No,88,Not Applicable,88,Not Applicable,88,Not Applicable,88,Not Applicable,FALSE,1,Public Road,1,"Trafficway, On Road",CT0009300,New Haven PD,44052,33:56.0,C,Closed,01:34.0,,,,,,,
1344402,1,Complete,1344402,1344402,41.303858,-72.951936,3828628,New Haven,93,93,New Haven,12/17/2025,2025,12,December,17,4,Wednesday,17:49:00,17,25050206,A,"Injury of any type (Serious, Minor, Possible)",C,Possible Injury (C),3,0,0,3,State,1.93,10,10-N,10-N,,LEGION AVE,600,Feet,S,41.303858,-72.951936,14,Motor Vehicle in Operation,1,Front to rear,1,On Roadway,1,Clear,88,Not Applicable,4,Dark-Lighted,1,Dry,0,None,88,Not Applicable,88,Not Applicable,0,None,88,Not Applicable,88,Not Applicable,1,Non-Junction,1,Not at Intersection,1,No,1,No,88,Not Applicable,88,Not Applicable,88,Not Applicable,88,Not Applicable,FALSE,1,Public Road,1,"Trafficway, On Road",CT0009300,New Haven PD,45395,58:28.0,C,Closed,01:42.0,,,,,,,
1344409,1,Complete,1344409,1344409,41.321073,-72.94935,3828635,New Haven,93,93,New Haven,12/19/2025,2025,12,December,19,6,Friday,1:22:00,1,25050399,A,"Injury of any type (Serious, Minor, Possible)",C,Possible Injury (C),3,0,0,4,Local,0.13,690,ELLA T GRASSO BLVD,ELLA T GRASSO BLVD,,WHALLEY AVE,640,Feet,N,41.321073,-72.94935,14,Motor Vehicle in Operation,2,Front to front,1,On Roadway,4,Rain,88,Not Applicable,4,Dark-Lighted,2,Wet,99,Unknown,88,Not Applicable,88,Not Applicable,99,Unknown,88,Not Applicable,88,Not Applicable,1,Non-Junction,1,Not at Intersection,1,No,1,No,88,Not Applicable,88,Not Applicable,88,Not Applicable,88,Not Applicable,FALSE,1,Public Road,1,"Trafficway, On Road",CT0009300,New Haven PD,45391,35:30.0,C,Closed,01:24.0,,,,,,,
1344411,1,Complete,1344411,1344411,41.303576,-72.942244,3828637,New Haven,93,93,New Haven,12/19/2025,2025,12,December,19,6,Friday,8:22:00,8,25050414,A,"Injury of any type (Serious, Minor, Possible)",C,Possible Injury (C),2,0,0,4,Local,0.14,453,ORCHARD ST,ORCHARD ST,,SYLVAN AVE,270,Feet,S,41.303576,-72.942244,14,Motor Vehicle in Operation,2,Front to front,1,On Roadway,4,Rain,88,Not Applicable,1,Daylight,2,Wet,0,None,88,Not Applicable,88,Not Applicable,0,None,88,Not Applicable,88,Not Applicable,1,Non-Junction,1,Not at Intersection,1,No,1,No,88,Not Applicable,88,Not Applicable,88,Not Applicable,88,Not Applicable,FALSE,1,Public Road,1,"Trafficway, On Road",CT0009300,New Haven PD,42056,43:20.0,C,Closed,01:11.0,,,,,,,
1344416,1,Complete,1344416,1344416,41.31419,-72.912178,3828642,New Haven,93,93,New Haven,12/19/2025,2025,12,December,19,6,Friday,17:12:00,17,25050465,A,"Injury of any type (Serious, Minor, Possible)",C,Possible Injury (C),1,1,0,4,Local,0.47,575,STATE ST,STATE ST,HUMPHREY ST,,,,,41.31419,-72.912178,9,Pedestrian,88,Not Applicable,1,On Roadway,4,Rain,88,Not Applicable,4,Dark-Lighted,2,Wet,99,Unknown,88,Not Applicable,88,Not Applicable,0,None,88,Not Applicable,88,Not Applicable,2,Intersection,2,Four-Way Intersection,1,No,1,No,88,Not Applicable,88,Not Applicable,88,Not Applicable,88,Not Applicable,FALSE,1,Public Road,1,"Trafficway, On Road",CT0009300,New Haven PD,46621,28:11.0,C,Closed,01:28.0,,,,,,,
1344428,1,Complete,1344428,1344428,41.331776,-72.931511,3828654,New Haven,93,93,New Haven,12/20/2025,2025,12,December,20,7,Saturday,15:43:00,15,25050577,A,"Injury of any type (Serious, Minor, Possible)",C,Possible Injury (C),2,0,0,4,Local,0.4,42,BASSETT ST,BASSETT ST,SHELTON AVE,,,,,41.331776,-72.931511,14,Motor Vehicle in Operation,3,Angle,1,On Roadway,1,Clear,88,Not Applicable,1,Daylight,1,Dry,0,None,88,Not Applicable,88,Not Applicable,0,None,88,Not Applicable,88,Not Applicable,2,Intersection,2,Four-Way Intersection,1,No,1,No,88,Not Applicable,88,Not Applicable,88,Not Applicable,88,Not Applicable,FALSE,1,Public Road,1,"Trafficway, On Road",CT0009300,New Haven PD,47005,34:42.0,C,Closed,01:37.0,,,,,,,
1344430,1,Complete,1344430,1344430,41.331121,-72.972995,3828656,New Haven,93,93,New Haven,12/21/2025,2025,12,December,21,1,Sunday,0:49:00,0,25050626,A,"Injury of any type (Serious, Minor, Possible)",C,Possible Injury (C),2,0,0,3,State,0.98,63,63-N,63-N,,DAVIS STREET,50,Feet,W,41.331121,-72.972995,14,Motor Vehicle in Operation,1,Front to rear,1,On Roadway,1,Clear,88,Not Applicable,4,Dark-Lighted,1,Dry,0,None,88,Not Applicable,88,Not Applicable,0,None,88,Not Applicable,88,Not Applicable,3,Intersection-Related,3,T-Intersection,1,No,1,No,88,Not Applicable,88,Not Applicable,88,Not Applicable,88,Not Applicable,FALSE,1,Public Road,1,"Trafficway, On Road",CT0009300,New Haven PD,48046,08:19.0,C,Closed,01:40.0,,,,,,,
1345085,1,Complete,1345085,1345085,41.303924,-72.900296,3829311,New Haven,93,93,New Haven,12/19/2025,2025,12,December,19,6,Friday,19:02:00,19,25050480,A,"Injury of any type (Serious, Minor, Possible)",A,Suspected Serious Injury (A),1,1,1,4,Local,0.4,97,CHAPEL ST,CHAPEL ST,LLOYD ST,,,,,41.303924,-72.900296,10,Pedalcycle/Pedalcyclist,3,Angle,1,On Roadway,1,Clear,88,Not Applicable,4,Dark-Lighted,2,Wet,0,None,88,Not Applicable,88,Not Applicable,0,None,88,Not Applicable,88,Not Applicable,2,Intersection,2,Four-Way Intersection,1,No,1,No,88,Not Applicable,88,Not Applicable,88,Not Applicable,88,Not Applicable,FALSE,1,Public Road,1,"Trafficway, On Road",CT0009300,New Haven PD,44060,20:30.0,C,Closed,00:07.0,,,,,,,
1345086,1,Complete,1345086,1345086,41.30262,-72.92963,3829312,New Haven,93,93,New Haven,12/22/2025,2025,12,December,22,2,Monday,5:53:00,5,25050705,A,"Injury of any type (Serious, Minor, Possible)",C,Possible Injury (C),2,0,0,4,Local,0.47,564,SOUTH FRONTAGE RD,SOUTH FRONTAGE RD,,CHURCH ST S,100,Feet,W,41.30262,-72.92963,14,Motor Vehicle in Operation,4,"Sideswipe, same direction",1,On Roadway,1,Clear,88,Not Applicable,4,Dark-Lighted,1,Dry,0,None,88,Not Applicable,88,Not Applicable,0,None,88,Not Applicable,88,Not Applicable,1,Non-Junction,1,Not at Intersection,1,No,1,No,88,Not Applicable,88,Not Applicable,88,Not Applicable,88,Not Applicable,FALSE,1,Public Road,1,"Trafficway, On Road",CT0009300,New Haven PD,44953,53:27.0,C,Closed,00:24.0,,,,,,,
1345093,1,Complete,1345093,1345093,41.301447,-72.941529,3829319,New Haven,93,93,New Haven,12/22/2025,2025,12,December,22,2,Monday,22:00:00,22,25050818,A,"Injury of any type (Serious, Minor, Possible)",C,Possible Injury (C),2,0,0,4,Local,0.42,141,DAVENPORT AV,DAVENPORT AV,KOSSUTH ST,,,,,41.301447,-72.941529,14,Motor Vehicle in Operation,4,"Sideswipe, same direction",1,On Roadway,1,Clear,88,Not Applicable,4,Dark-Lighted,1,Dry,0,None,88,Not Applicable,88,Not Applicable,0,None,88,Not Applicable,88,Not Applicable,2,Intersection,3,T-Intersection,1,No,1,No,88,Not Applicable,88,Not Applicable,88,Not Applicable,88,Not Applicable,FALSE,1,Public Road,1,"Trafficway, On Road",CT0009300,New Haven PD,46898,58:44.0,C,Closed,00:23.0,,,,,,,
1345532,1,Complete,1345532,1345532,41.322704,-72.943109,3829758,New Haven,93,93,New Haven,12/17/2025,2025,12,December,17,4,Wednesday,10:36:00,10,25050123,A,"Injury of any type (Serious, Minor, Possible)",C,Possible Injury (C),2,0,0,4,Local,0.09,438,NORTON PKWY,NORTON PKWY,MORELAND RD,,,,,41.322704,-72.943109,14,Motor Vehicle in Operation,3,Angle,1,On Roadway,1,Clear,88,Not Applicable,1,Daylight,4,Slush,1,Weather Conditions,88,Not Applicable,88,Not Applicable,0,None,88,Not Applicable,88,Not Applicable,2,Intersection,2,Four-Way Intersection,1,No,1,No,88,Not Applicable,88,Not Applicable,88,Not Applicable,88,Not Applicable,FALSE,1,Public Road,1,"Trafficway, On Road",CT0009300,New Haven PD,307,06:14.0,C,Closed,01:51.0,,,,,,,
1345533,1,Complete,1345533,1345533,41.32764,-72.932961,3829759,New Haven,93,93,New Haven,12/22/2025,2025,12,December,22,2,Monday,14:41:00,14,25050753,A,"Injury of any type (Serious, Minor, Possible)",C,Possible Injury (C),2,0,0,4,Local,0.38,552,SHELTON AV,SHELTON AV,THOMPSON ST,,,,,41.32764,-72.932961,14,Motor Vehicle in Operation,3,Angle,1,On Roadway,2,Cloudy,88,Not Applicable,1,Daylight,1,Dry,0,None,88,Not Applicable,88,Not Applicable,0,None,88,Not Applicable,88,Not Applicable,2,Intersection,2,Four-Way Intersection,1,No,1,No,88,Not Applicable,88,Not Applicable,88,Not Applicable,88,Not Applicable,FALSE,1,Public Road,1,"Trafficway, On Road",CT0009300,New Haven PD,42048,11:18.0,C,Closed,01:54.0,,,,,,,
1345542,1,Complete,1345542,1345542,41.291238,-72.941162,3829768,New Haven,93,93,New Haven,12/23/2025,2025,12,December,23,3,Tuesday,23:03:00,23,25050926,A,"Injury of any type (Serious, Minor, Possible)",B,Suspected Minor Injury (B),1,1,0,4,Local,0.16,626,WASHINGTON AV NO 1,WASHINGTON AV NO 1,,ELLA T GRASSO BLVD,100,Feet,W,41.291238,-72.941162,9,Pedestrian,88,Not Applicable,1,On Roadway,1,Clear,88,Not Applicable,5,Dark-Not Lighted,1,Dry,0,None,88,Not Applicable,88,Not Applicable,0,None,88,Not Applicable,88,Not Applicable,1,Non-Junction,1,Not at Intersection,1,No,1,No,88,Not Applicable,88,Not Applicable,88,Not Applicable,88,Not Applicable,FALSE,1,Public Road,1,"Trafficway, On Road",CT0009300,New Haven PD,44953,26:30.0,C,Closed,02:03.0,,,,,,,
1345903,1,Complete,1345903,1345903,41.312192,-72.902831,3830129,New Haven,93,93,New Haven,12/8/2025,2025,12,December,8,2,Monday,15:09:00,15,25049032,A,"Injury of any type (Serious, Minor, Possible)",C,Possible Injury (C),2,0,0,4,Local,0.19,387,MAIN ST NO 1,MAIN ST NO 1,,CASTLE ST,45,Feet,N,41.312192,-72.902831,14,Motor Vehicle in Operation,4,"Sideswipe, same direction",2,Shoulder,1,Clear,88,Not Applicable,1,Daylight,1,Dry,0,None,88,Not Applicable,88,Not Applicable,0,None,88,Not Applicable,88,Not Applicable,1,Non-Junction,1,Not at Intersection,1,No,1,No,88,Not Applicable,88,Not Applicable,88,Not Applicable,88,Not Applicable,FALSE,1,Public Road,1,"Trafficway, On Road",CT0009300,New Haven PD,44052,15:04.0,C,Closed,00:58.0,,,,,,,
1345905,1,Complete,1345905,1345905,41.333628,-72.93522,3830131,New Haven,93,93,New Haven,12/16/2025,2025,12,December,16,3,Tuesday,10:05:00,10,25049997,A,"Injury of any type (Serious, Minor, Possible)",C,Possible Injury (C),2,0,0,4,Local,1.46,152,DIXWELL AV,DIXWELL AV,,DORMAN ST,50,Feet,N,41.333628,-72.93522,14,Motor Vehicle in Operation,1,Front to rear,1,On Roadway,1,Clear,88,Not Applicable,1,Daylight,1,Dry,0,None,88,Not Applicable,88,Not Applicable,0,None,88,Not Applicable,88,Not Applicable,1,Non-Junction,1,Not at Intersection,1,No,1,No,88,Not Applicable,88,Not Applicable,88,Not Applicable,88,Not Applicable,FALSE,1,Public Road,1,"Trafficway, On Road",CT0009300,New Haven PD,42048,30:40.0,O,Open,01:15.0,,,,,,,
1345906,1,Complete,1345906,1345906,41.330336,-72.963043,3830132,New Haven,93,93,New Haven,12/21/2025,2025,12,December,21,1,Sunday,12:10:00,12,25050659,A,"Injury of any type (Serious, Minor, Possible)",C,Possible Injury (C),2,0,0,4,Local,0.97,612,VALLEY ST NO 1,VALLEY ST NO 1,,EMERSON ST,300,Feet,E,41.330336,-72.963043,14,Motor Vehicle in Operation,4,"Sideswipe, same direction",1,On Roadway,1,Clear,88,Not Applicable,1,Daylight,1,Dry,0,None,88,Not Applicable,88,Not Applicable,0,None,88,Not Applicable,88,Not Applicable,1,Non-Junction,1,Not at Intersection,1,No,1,No,88,Not Applicable,88,Not Applicable,88,Not Applicable,88,Not Applicable,FALSE,1,Public Road,1,"Trafficway, On Road",CT0009300,New Haven PD,46898,23:03.0,C,Closed,01:02.0,,,,,,,
1345913,1,Complete,1345913,1345913,41.303776,-72.931337,3830139,New Haven,93,93,New Haven,12/24/2025,2025,12,December,24,4,Wednesday,8:20:00,8,25050946,A,"Injury of any type (Serious, Minor, Possible)",C,Possible Injury (C),3,0,0,4,Local,0.62,117,COLLEGE ST,COLLEGE ST,,S FRONTAGE RD,45,Feet,N,41.303776,-72.931337,14,Motor Vehicle in Operation,4,"Sideswipe, same direction",1,On Roadway,1,Clear,88,Not Applicable,1,Daylight,1,Dry,0,None,88,Not Applicable,88,Not Applicable,0,None,88,Not Applicable,88,Not Applicable,3,Intersection-Related,2,Four-Way Intersection,1,No,1,No,88,Not Applicable,88,Not Applicable,88,Not Applicable,88,Not Applicable,TRUE,1,Public Road,1,"Trafficway, On Road",CT0009300,New Haven PD,301,13:45.0,C,Closed,00:57.0,,,,,,,
1345915,1,Complete,1345915,1345915,41.308858,-72.92177,3830141,New Haven,93,93,New Haven,12/24/2025,2025,12,December,24,4,Wednesday,10:41:00,10,25050959,A,"Injury of any type (Serious, Minor, Possible)",C,Possible Injury (C),2,0,0,4,Local,1.46,450,ORANGE ST NO 1,ORANGE ST NO 1,WALL ST NO 2,,,,,41.308858,-72.92177,14,Motor Vehicle in Operation,3,Angle,1,On Roadway,2,Cloudy,88,Not Applicable,1,Daylight,1,Dry,0,None,88,Not Applicable,88,Not Applicable,0,None,88,Not Applicable,88,Not Applicable,2,Intersection,2,Four-Way Intersection,1,No,1,No,88,Not Applicable,88,Not Applicable,88,Not Applicable,88,Not Applicable,FALSE,1,Public Road,1,"Trafficway, On Road",CT0009300,New Haven PD,45626,29:11.0,C,Closed,00:52.0,,,,,,,
1345916,1,Complete,1345916,1345916,41.292641,-72.938303,3830142,New Haven,93,93,New Haven,12/24/2025,2025,12,December,24,4,Wednesday,20:31:00,20,25050967,A,"Injury of any type (Serious, Minor, Possible)",C,Possible Injury (C),1,1,0,4,Local,0.39,529,ROSETTE ST,ROSETTE ST,,WILSON ST,25,Feet,E,41.292641,-72.938303,9,Pedestrian,88,Not Applicable,1,On Roadway,1,Clear,88,Not Applicable,4,Dark-Lighted,1,Dry,0,None,88,Not Applicable,88,Not Applicable,0,None,88,Not Applicable,88,Not Applicable,1,Non-Junction,1,Not at Intersection,1,No,1,No,88,Not Applicable,88,Not Applicable,88,Not Applicable,88,Not Applicable,FALSE,1,Public Road,1,"Trafficway, On Road",CT0009300,New Haven PD,45395,38:30.0,C,Closed,01:08.0,,,,,,,
1345919,1,Complete,1345919,1345919,41.308498,-72.912399,3830145,New Haven,93,93,New Haven,12/24/2025,2025,12,December,24,4,Wednesday,18:15:00,18,25050998,A,"Injury of any type (Serious, Minor, Possible)",C,Possible Injury (C),2,0,0,4,Local,1.38,264,GRAND AV,GRAND AV,HAMILTON ST,,,,,41.308498,-72.912399,14,Motor Vehicle in Operation,1,Front to rear,1,On Roadway,1,Clear,88,Not Applicable,4,Dark-Lighted,1,Dry,0,None,88,Not Applicable,88,Not Applicable,0,None,88,Not Applicable,88,Not Applicable,2,Intersection,2,Four-Way Intersection,1,No,1,No,88,Not Applicable,88,Not Applicable,88,Not Applicable,88,Not Applicable,FALSE,1,Public Road,1,"Trafficway, On Road",CT0009300,New Haven PD,40788,32:41.0,C,Closed,01:00.0,,,,,,,
1345922,1,Complete,1345922,1345922,41.301446,-72.935261,3830148,New Haven,93,93,New Haven,12/24/2025,2025,12,December,24,4,Wednesday,20:31:00,20,25051013,A,"Injury of any type (Serious, Minor, Possible)",B,Suspected Minor Injury (B),1,0,0,4,Local,0.35,308,HOWARD AV,HOWARD AV,CONGRESS AVE,,,,,41.301446,-72.935261,39,"Other Fixed Object (wall, building, tunnel, etc.)",88,Not Applicable,1,On Roadway,1,Clear,88,Not Applicable,4,Dark-Lighted,1,Dry,0,None,88,Not Applicable,88,Not Applicable,0,None,88,Not Applicable,88,Not Applicable,2,Intersection,2,Four-Way Intersection,1,No,1,No,88,Not Applicable,88,Not Applicable,88,Not Applicable,88,Not Applicable,FALSE,1,Public Road,1,"Trafficway, On Road",CT0009300,New Haven PD,46898,54:57.0,C,Closed,01:07.0,,,,,,,
1346046,1,Complete,1346046,1346046,41.321802,-72.938874,3830272,New Haven,93,93,New Haven,10/2/2025,2025,10,October,2,5,Thursday,11:03:00,11,25035760,A,"Injury of any type (Serious, Minor, Possible)",C,Possible Injury (C),2,0,0,4,Local,0.15,557,SHERMAN PKWY,SHERMAN PKWY,,HENRY ST,90,Feet,N,41.321802,-72.938874,14,Motor Vehicle in Operation,1,Front to rear,1,On Roadway,1,Clear,88,Not Applicable,1,Daylight,1,Dry,0,None,0,None,88,Not Applicable,0,None,0,None,88,Not Applicable,1,Non-Junction,1,Not at Intersection,3,"Yes, School Bus Indirectly Involved",1,No,88,Not Applicable,88,Not Applicable,88,Not Applicable,88,Not Applicable,FALSE,1,Public Road,1,"Trafficway, On Road",CT0009300,New Haven PD,47741,06:46.0,C,Closed,00:42.0,,,,,,,