CrashId,Fatal Case Status,Fatal Case Status Text Format,CrashId,CrashId,Latitude,Longitude,DOT Case Number,Town Name,Town Number,Town Number,Town Number Text Format,Date Of Crash,Year,Month,Month Text Format,Day,Day of the Week,Day of the Week Text Format,Time of Crash,Hour of the Day,Case Identifier,Crash Severity,Crash Severity Text Format,Most Severe Injury,Most Severe Injury Text Format,Number Of Motor Vehicles,Number Of Non-Motorist,Number Of Witnesses,Route Class,Route Class Text Format,Milemarker,Road Number,Road Description,Roadway Name,Intersecting Roadway Name,Landmark Description,Distance From Nearest Landmark,Unit Of Measure From Nearest Landmark,Direction From Nearest Landmark,Latitude,Longitude,First Harmful Event,First Harmful Event Text Format,Manner of Crash / Collision Impact,Manner of Crash / Collision Impact Text Format,Location of First Harmful Event,Location of First Harmful Event Text Format,Weather Condition,Weather Condition Text Format,Weather 2,Weather 2 Text Format,Light Condition,Light Condition Text Format,Road Surface Condition,Road Surface Condition Text Format,"Contributing Circumstances, Environment","Contributing Circumstances, Environment Text Format",Environment 2,Environment 2 Text Format,Environment 3,Environment 3 Text Format,"Contributing Circumstances, Road","Contributing Circumstances, Road Text Format",Road 2,Road 2 Text Format,Road 3,Road 3 Text Format,Crash Specific Location,Crash Specific Location Text Format,Type of Intersection,Type of Intersection Text Format,School Bus Related,School Bus Related Text Format,Work Zone Related,Work Zone Related Text Format,Location Of Crash Relative To Work Zone,Location Of Crash Relative To Work Zone Text Format,Type of Work Zone,Type of Work Zone Text Format,Worker Presence,Worker Presence Text Format,Law Enforcement Presence,Law Enforcement Presence Text Format,Were Vehicles Moved Prior To Police Arrival,Trafficway Ownership,Trafficway Ownership Text Format,Trafficway Class,Trafficway Class Text Format,Police Agency,Police Agency Text Format,Badge Number,Approval Date,Police Case Status,Police Case Status Text Format,Crash Report Submission Date,Related Case Identifiers,No. of Through Lanes (Log Dir.),Average Daily Traffic,Functional Classification,Functional Classification Text Format,Rural or Urban,Rural or Urban Text Format
1346053,1,Complete,1346053,1346053,41.323303,-72.896274,3830279,New Haven,93,93,New Haven,12/25/2025,2025,12,December,25,5,Thursday,1:54:00,1,25051023,A,"Injury of any type (Serious, Minor, Possible)",C,Possible Injury (C),1,0,0,2,USRoute,0.67,5,5-N,5-N,,LYMAN ST,350,Feet,S,41.323303,-72.896274,32,Tree (standing),88,Not Applicable,4,Roadside,1,Clear,88,Not Applicable,4,Dark-Lighted,1,Dry,99,Unknown,88,Not Applicable,88,Not Applicable,99,Unknown,88,Not Applicable,88,Not Applicable,1,Non-Junction,1,Not at Intersection,1,No,1,No,88,Not Applicable,88,Not Applicable,88,Not Applicable,88,Not Applicable,FALSE,1,Public Road,1,"Trafficway, On Road",CT0009300,New Haven PD,46174,22:08.0,C,Closed,00:37.0,,,,,,,
1346538,1,Complete,1346538,1346538,41.328889,-72.965813,3830764,New Haven,93,93,New Haven,12/26/2025,2025,12,December,26,6,Friday,15:07:00,15,25051126,A,"Injury of any type (Serious, Minor, Possible)",C,Possible Injury (C),1,0,0,3,State,0.56,63,63-N,63-N,,EMERSON ST,100,Feet,W,41.328889,-72.965813,39,"Other Fixed Object (wall, building, tunnel, etc.)",88,Not Applicable,1,On Roadway,1,Clear,88,Not Applicable,1,Daylight,1,Dry,0,None,88,Not Applicable,88,Not Applicable,0,None,88,Not Applicable,88,Not Applicable,1,Non-Junction,1,Not at Intersection,1,No,1,No,88,Not Applicable,88,Not Applicable,88,Not Applicable,88,Not Applicable,FALSE,1,Public Road,1,"Trafficway, On Road",CT0009300,New Haven PD,45397,52:30.0,C,Closed,02:01.0,,,,,,,
1346552,1,Complete,1346552,1346552,41.308551,-72.909888,3830778,New Haven,93,93,New Haven,12/27/2025,2025,12,December,27,7,Saturday,10:00:00,10,25051173,A,"Injury of any type (Serious, Minor, Possible)",C,Possible Injury (C),2,0,0,4,Local,0.51,165,EAST ST,EAST ST,,GRAND AV,100,Feet,S,41.308551,-72.909888,14,Motor Vehicle in Operation,1,Front to rear,1,On Roadway,2,Cloudy,88,Not Applicable,1,Daylight,3,Snow,0,None,88,Not Applicable,88,Not Applicable,0,None,88,Not Applicable,88,Not Applicable,1,Non-Junction,1,Not at Intersection,1,No,1,No,88,Not Applicable,88,Not Applicable,88,Not Applicable,88,Not Applicable,FALSE,1,Public Road,1,"Trafficway, On Road",CT0009300,New Haven PD,42057,02:13.0,C,Closed,02:27.0,,,,,,,
1346553,1,Complete,1346553,1346553,41.329713,-72.950862,3830779,New Haven,93,93,New Haven,12/27/2025,2025,12,December,27,7,Saturday,12:34:00,12,25051183,A,"Injury of any type (Serious, Minor, Possible)",C,Possible Injury (C),2,0,0,3,State,4.07,10,10-N,10-N,,DYER ST,510,Feet,N,41.329713,-72.950862,14,Motor Vehicle in Operation,1,Front to rear,1,On Roadway,7,Snow,88,Not Applicable,1,Daylight,3,Snow,99,Unknown,88,Not Applicable,88,Not Applicable,99,Unknown,88,Not Applicable,88,Not Applicable,9,Driveway Access-Related,1,Not at Intersection,1,No,1,No,88,Not Applicable,88,Not Applicable,88,Not Applicable,88,Not Applicable,TRUE,1,Public Road,1,"Trafficway, On Road",CT0009300,New Haven PD,46627,09:39.0,C,Closed,02:19.0,,,,,,,
1346555,1,Complete,1346555,1346555,41.3329,-72.92056,3830781,New Haven,93,93,New Haven,12/27/2025,2025,12,December,27,7,Saturday,14:05:00,14,25051188,A,"Injury of any type (Serious, Minor, Possible)",C,Possible Injury (C),2,0,0,4,Local,1.49,495,PROSPECT ST,PROSPECT ST,OGDEN ST,,,,,41.3329,-72.92056,14,Motor Vehicle in Operation,3,Angle,1,On Roadway,7,Snow,88,Not Applicable,1,Daylight,4,Slush,0,None,88,Not Applicable,88,Not Applicable,5,"Road Surface Condition (wet, icy, snow, slush, etc.)",88,Not Applicable,88,Not Applicable,2,Intersection,3,T-Intersection,1,No,1,No,88,Not Applicable,88,Not Applicable,88,Not Applicable,88,Not Applicable,FALSE,1,Public Road,1,"Trafficway, On Road",CT0009300,New Haven PD,47005,59:29.0,C,Closed,02:18.0,,,,,,,
1346560,1,Complete,1346560,1346560,41.332363,-72.974817,3830786,New Haven,93,93,New Haven,12/28/2025,2025,12,December,28,1,Sunday,0:40:00,0,25051227,A,"Injury of any type (Serious, Minor, Possible)",C,Possible Injury (C),2,0,0,3,State,1.1,63,63-N,63-N,,East Ramsdell St,50,Feet,E,41.332363,-72.974817,14,Motor Vehicle in Operation,1,Front to rear,1,On Roadway,1,Clear,88,Not Applicable,4,Dark-Lighted,2,Wet,0,None,88,Not Applicable,88,Not Applicable,0,None,88,Not Applicable,88,Not Applicable,3,Intersection-Related,2,Four-Way Intersection,1,No,1,No,88,Not Applicable,88,Not Applicable,88,Not Applicable,88,Not Applicable,FALSE,1,Public Road,1,"Trafficway, On Road",CT0009300,New Haven PD,47737,22:31.0,C,Closed,02:26.0,,,,,,,
1346561,1,Complete,1346561,1346561,41.31665,-72.9424,3830787,New Haven,93,93,New Haven,12/28/2025,2025,12,December,28,1,Sunday,2:58:00,2,25051229,A,"Injury of any type (Serious, Minor, Possible)",C,Possible Injury (C),2,0,0,4,Local,0.38,653,WHALLEY AV,WHALLEY AV,SHERMAN AV,,,,,41.31665,-72.9424,14,Motor Vehicle in Operation,3,Angle,1,On Roadway,1,Clear,88,Not Applicable,4,Dark-Lighted,3,Snow,1,Weather Conditions,88,Not Applicable,88,Not Applicable,0,None,88,Not Applicable,88,Not Applicable,2,Intersection,2,Four-Way Intersection,1,No,1,No,88,Not Applicable,88,Not Applicable,88,Not Applicable,88,Not Applicable,FALSE,1,Public Road,1,"Trafficway, On Road",CT0009300,New Haven PD,44339,35:45.0,C,Closed,02:22.0,,,,,,,
1346569,1,Complete,1346569,1346569,41.307264,-72.876462,3830795,New Haven,93,93,New Haven,12/28/2025,2025,12,December,28,1,Sunday,23:38:00,23,25051279,A,"Injury of any type (Serious, Minor, Possible)",C,Possible Injury (C),2,0,0,4,Local,0.48,535,RUSSELL ST,RUSSELL ST,,KINGSWOOD DR,90,Feet,N,41.307264,-72.876462,14,Motor Vehicle in Operation,1,Front to rear,1,On Roadway,4,Rain,88,Not Applicable,6,Dark-Unknown Lighting,2,Wet,1,Weather Conditions,88,Not Applicable,88,Not Applicable,99,Unknown,88,Not Applicable,88,Not Applicable,1,Non-Junction,1,Not at Intersection,1,No,1,No,88,Not Applicable,88,Not Applicable,88,Not Applicable,88,Not Applicable,FALSE,1,Public Road,1,"Trafficway, On Road",CT0009300,New Haven PD,40792,56:09.0,C,Closed,02:48.0,,,,,,,
1347537,1,Complete,1347537,1347537,41.309403,-72.889066,3831763,New Haven,93,93,New Haven,12/30/2025,2025,12,December,30,3,Tuesday,0:31:00,0,25051400,A,"Injury of any type (Serious, Minor, Possible)",B,Suspected Minor Injury (B),2,0,0,4,Local,0.17,264,GRAND AV,GRAND AV,,FRONT ST,55,Feet,W,41.309403,-72.889066,14,Motor Vehicle in Operation,1,Front to rear,1,On Roadway,1,Clear,88,Not Applicable,4,Dark-Lighted,1,Dry,0,None,88,Not Applicable,88,Not Applicable,0,None,88,Not Applicable,88,Not Applicable,3,Intersection-Related,2,Four-Way Intersection,1,No,1,No,88,Not Applicable,88,Not Applicable,88,Not Applicable,88,Not Applicable,FALSE,1,Public Road,1,"Trafficway, On Road",CT0009300,New Haven PD,48507,30:15.0,C,Closed,00:44.0,,,,,,,
1348061,1,Complete,1348061,1348061,41.326105,-72.91555,3832287,New Haven,93,93,New Haven,10/31/2025,2025,10,October,31,6,Friday,17:44:00,17,25044369,A,"Injury of any type (Serious, Minor, Possible)",C,Possible Injury (C),2,0,0,4,Local,0.31,116,COLD SPRING ST,COLD SPRING ST,,WHITNEY AVE,45,Feet,E,41.326105,-72.91555,14,Motor Vehicle in Operation,4,"Sideswipe, same direction",1,On Roadway,1,Clear,88,Not Applicable,1,Daylight,1,Dry,0,None,88,Not Applicable,88,Not Applicable,0,None,88,Not Applicable,88,Not Applicable,3,Intersection-Related,3,T-Intersection,1,No,1,No,88,Not Applicable,88,Not Applicable,88,Not Applicable,88,Not Applicable,FALSE,1,Public Road,1,"Trafficway, On Road",CT0009300,New Haven PD,45399,44:34.0,O,Open,01:27.0,,,,,,,
1348075,1,Complete,1348075,1348075,41.316112,-72.890499,3832301,New Haven,93,93,New Haven,12/31/2025,2025,12,December,31,4,Wednesday,19:30:00,19,25051599,A,"Injury of any type (Serious, Minor, Possible)",C,Possible Injury (C),1,0,0,4,Local,0.71,379,LOMBARD ST,LOMBARD ST,MALTBY ST,,,,,41.316112,-72.890499,32,Tree (standing),88,Not Applicable,1,On Roadway,1,Clear,88,Not Applicable,4,Dark-Lighted,1,Dry,0,None,88,Not Applicable,88,Not Applicable,0,None,88,Not Applicable,88,Not Applicable,2,Intersection,2,Four-Way Intersection,1,No,1,No,88,Not Applicable,88,Not Applicable,88,Not Applicable,88,Not Applicable,FALSE,1,Public Road,1,"Trafficway, On Road",CT0009300,New Haven PD,40788,10:56.0,C,Closed,01:32.0,,,,,,,
1348337,1,Complete,1348337,1348337,41.319833,-72.89818,3832563,New Haven,93,93,New Haven,1/1/2026,2026,1,January,1,5,Thursday,12:45:00,12,26000066,A,"Injury of any type (Serious, Minor, Possible)",C,Possible Injury (C),2,0,0,2,USRoute,0.41,5,5-N,5-N,,GRACE ST,65,Feet,S,41.319833,-72.89818,14,Motor Vehicle in Operation,1,Front to rear,1,On Roadway,1,Clear,88,Not Applicable,1,Daylight,1,Dry,0,None,88,Not Applicable,88,Not Applicable,0,None,88,Not Applicable,88,Not Applicable,3,Intersection-Related,3,T-Intersection,1,No,1,No,88,Not Applicable,88,Not Applicable,88,Not Applicable,88,Not Applicable,FALSE,1,Public Road,1,"Trafficway, On Road",CT0009300,New Haven PD,42048,03:56.0,O,Open,01:04.0,,,,,,,
1348776,1,Complete,1348776,1348776,41.308614,-72.943806,3833002,New Haven,93,93,New Haven,12/28/2025,2025,12,December,28,1,Sunday,22:58:00,22,25051276,A,"Injury of any type (Serious, Minor, Possible)",C,Possible Injury (C),1,0,0,4,Local,0.12,772,GREENWOOD ST NO 2,GREENWOOD ST NO 2,,GILBERT AVE,25,Feet,E,41.308614,-72.943806,32,Tree (standing),88,Not Applicable,1,On Roadway,1,Clear,88,Not Applicable,4,Dark-Lighted,4,Slush,0,None,88,Not Applicable,88,Not Applicable,0,None,88,Not Applicable,88,Not Applicable,3,Intersection-Related,2,Four-Way Intersection,1,No,1,No,88,Not Applicable,88,Not Applicable,88,Not Applicable,88,Not Applicable,FALSE,1,Public Road,1,"Trafficway, On Road",CT0009300,New Haven PD,49452,36:57.0,C,Closed,02:09.0,,,,,,,
1348785,1,Complete,1348785,1348785,41.308946,-72.908998,3833011,New Haven,93,93,New Haven,1/2/2026,2026,1,January,2,6,Friday,8:59:00,8,26000128,A,"Injury of any type (Serious, Minor, Possible)",C,Possible Injury (C),2,0,0,4,Local,1.22,264,GRAND AV,GRAND AV,,EAST STREET,180,Feet,E,41.308946,-72.908998,14,Motor Vehicle in Operation,3,Angle,1,On Roadway,2,Cloudy,88,Not Applicable,1,Daylight,1,Dry,0,None,88,Not Applicable,88,Not Applicable,0,None,88,Not Applicable,88,Not Applicable,1,Non-Junction,1,Not at Intersection,1,No,1,No,88,Not Applicable,88,Not Applicable,88,Not Applicable,88,Not Applicable,FALSE,1,Public Road,1,"Trafficway, On Road",CT0009300,New Haven PD,44052,55:31.0,C,Closed,01:43.0,,,,,,,
1348793,1,Complete,1348793,1348793,41.29783471,-72.93419967,3833019,New Haven,93,93,New Haven,1/2/2026,2026,1,January,2,6,Friday,21:44:00,21,26000210,A,"Injury of any type (Serious, Minor, Possible)",C,Possible Injury (C),2,0,0,2,USRoute,47.4,1,1-N,1-N,HOWARD AV,,,,,41.29783471,-72.93419967,14,Motor Vehicle in Operation,3,Angle,1,On Roadway,1,Clear,88,Not Applicable,4,Dark-Lighted,1,Dry,0,None,88,Not Applicable,88,Not Applicable,0,None,88,Not Applicable,88,Not Applicable,2,Intersection,2,Four-Way Intersection,1,No,1,No,88,Not Applicable,88,Not Applicable,88,Not Applicable,88,Not Applicable,FALSE,1,Public Road,1,"Trafficway, On Road",CT0009300,New Haven PD,45389,41:59.0,C,Closed,02:02.0,,,,,,,
1348797,1,Complete,1348797,1348797,41.304445,-72.928775,3833023,New Haven,93,93,New Haven,1/3/2026,2026,1,January,3,7,Saturday,1:52:00,1,26000236,A,"Injury of any type (Serious, Minor, Possible)",C,Possible Injury (C),2,0,0,4,Local,1.19,248,GEORGE ST,GEORGE ST,TEMPLE ST,,,,,41.304445,-72.928775,14,Motor Vehicle in Operation,1,Front to rear,1,On Roadway,1,Clear,88,Not Applicable,4,Dark-Lighted,1,Dry,0,None,88,Not Applicable,88,Not Applicable,0,None,88,Not Applicable,88,Not Applicable,3,Intersection-Related,2,Four-Way Intersection,1,No,1,No,88,Not Applicable,88,Not Applicable,88,Not Applicable,88,Not Applicable,FALSE,1,Public Road,1,"Trafficway, On Road",CT0009300,New Haven PD,44048,47:23.0,C,Closed,01:58.0,,,,,,,
1348798,1,Complete,1348798,1348798,41.327045,-72.935154,3833024,New Haven,93,93,New Haven,1/3/2026,2026,1,January,3,7,Saturday,2:14:00,2,26000237,A,"Injury of any type (Serious, Minor, Possible)",C,Possible Injury (C),3,0,0,4,Local,1,152,DIXWELL AV,DIXWELL AV,DIVISION ST ,,,,,41.327045,-72.935154,14,Motor Vehicle in Operation,2,Front to front,1,On Roadway,1,Clear,88,Not Applicable,4,Dark-Lighted,1,Dry,0,None,88,Not Applicable,88,Not Applicable,99,Unknown,88,Not Applicable,88,Not Applicable,2,Intersection,3,T-Intersection,1,No,1,No,88,Not Applicable,88,Not Applicable,88,Not Applicable,88,Not Applicable,FALSE,1,Public Road,1,"Trafficway, On Road",CT0009300,New Haven PD,45391,40:09.0,C,Closed,01:57.0,,,,,,,
1349472,1,Complete,1349472,1349472,41.29091,-72.941481,3833698,New Haven,93,93,New Haven,1/4/2026,2026,1,January,4,1,Sunday,2:43:00,2,26000332,A,"Injury of any type (Serious, Minor, Possible)",C,Possible Injury (C),2,0,0,4,Local,0.13,626,WASHINGTON AV NO 1,WASHINGTON AV NO 1,ELLA T GRASSO BLVD,,,,,41.29091,-72.941481,14,Motor Vehicle in Operation,1,Front to rear,1,On Roadway,1,Clear,88,Not Applicable,4,Dark-Lighted,1,Dry,0,None,88,Not Applicable,88,Not Applicable,0,None,88,Not Applicable,88,Not Applicable,2,Intersection,2,Four-Way Intersection,1,No,1,No,88,Not Applicable,88,Not Applicable,88,Not Applicable,88,Not Applicable,FALSE,1,Public Road,1,"Trafficway, On Road",CT0009300,New Haven PD,44338,16:59.0,O,Open,00:16.0,,,,,,,
1349475,1,Complete,1349475,1349475,41.305889,-72.946167,3833701,New Haven,93,93,New Haven,1/5/2026,2026,1,January,5,2,Monday,6:45:00,6,26000421,A,"Injury of any type (Serious, Minor, Possible)",B,Suspected Minor Injury (B),2,0,0,4,Local,0.33,360,LEGION AV,LEGION AV,,WINTHROP AVE,184,Feet,E,41.305889,-72.946167,14,Motor Vehicle in Operation,1,Front to rear,1,On Roadway,1,Clear,88,Not Applicable,2,Dawn,1,Dry,99,Unknown,88,Not Applicable,88,Not Applicable,0,None,88,Not Applicable,88,Not Applicable,2,Intersection,2,Four-Way Intersection,1,No,1,No,88,Not Applicable,88,Not Applicable,88,Not Applicable,88,Not Applicable,TRUE,1,Public Road,1,"Trafficway, On Road",CT0009300,New Haven PD,10,59:23.0,C,Closed,00:25.0,,,,,,,
1349477,1,Complete,1349477,1349477,41.317631,-72.937897,3833703,New Haven,93,93,New Haven,1/5/2026,2026,1,January,5,2,Monday,8:25:00,8,26000425,A,"Injury of any type (Serious, Minor, Possible)",C,Possible Injury (C),2,0,0,4,Local,1.17,453,ORCHARD ST,ORCHARD ST,,Goffe Street,15,Feet,S,41.317631,-72.937897,14,Motor Vehicle in Operation,1,Front to rear,1,On Roadway,1,Clear,88,Not Applicable,1,Daylight,1,Dry,0,None,88,Not Applicable,88,Not Applicable,0,None,88,Not Applicable,88,Not Applicable,3,Intersection-Related,2,Four-Way Intersection,1,No,1,No,88,Not Applicable,88,Not Applicable,88,Not Applicable,88,Not Applicable,FALSE,1,Public Road,1,"Trafficway, On Road",CT0009300,New Haven PD,45700,45:10.0,C,Closed,00:19.0,,,,,,,
1349478,1,Complete,1349478,1349478,41.328074,-72.959089,3833704,New Haven,93,93,New Haven,1/5/2026,2026,1,January,5,2,Monday,9:00:00,9,26000434,A,"Injury of any type (Serious, Minor, Possible)",C,Possible Injury (C),2,0,0,4,Local,0.91,56,BLAKE ST,BLAKE ST,,VALLEY ST,200,Feet,E,41.328074,-72.959089,14,Motor Vehicle in Operation,3,Angle,1,On Roadway,1,Clear,88,Not Applicable,1,Daylight,1,Dry,0,None,88,Not Applicable,88,Not Applicable,0,None,88,Not Applicable,88,Not Applicable,9,Driveway Access-Related,1,Not at Intersection,1,No,1,No,88,Not Applicable,88,Not Applicable,88,Not Applicable,88,Not Applicable,FALSE,1,Public Road,1,"Trafficway, On Road",CT0009300,New Haven PD,47005,31:41.0,C,Closed,00:23.0,,,,,,,
1349483,1,Complete,1349483,1349483,41.308855,-72.909888,3833709,New Haven,93,93,New Haven,1/5/2026,2026,1,January,5,2,Monday,17:09:00,17,26000490,A,"Injury of any type (Serious, Minor, Possible)",C,Possible Injury (C),2,0,0,4,Local,1.26,264,GRAND AV,GRAND AV,EAST ST,,,,,41.308855,-72.909888,14,Motor Vehicle in Operation,1,Front to rear,1,On Roadway,1,Clear,88,Not Applicable,4,Dark-Lighted,2,Wet,0,None,88,Not Applicable,88,Not Applicable,0,None,88,Not Applicable,88,Not Applicable,2,Intersection,2,Four-Way Intersection,1,No,1,No,88,Not Applicable,88,Not Applicable,88,Not Applicable,88,Not Applicable,TRUE,1,Public Road,1,"Trafficway, On Road",CT0009300,New Haven PD,980,13:51.0,C,Closed,00:30.0,,,,,,,
1349901,1,Complete,1349901,1349901,41.306521,-72.894967,3834127,New Haven,93,93,New Haven,12/29/2025,2025,12,December,29,2,Monday,7:00:00,7,25051288,A,"Injury of any type (Serious, Minor, Possible)",C,Possible Injury (C),4,0,0,4,Local,0.93,213,FERRY ST,FERRY ST,WOLCOTT ST,,,,,41.306521,-72.894967,14,Motor Vehicle in Operation,3,Angle,1,On Roadway,4,Rain,4,Rain,1,Daylight,2,Wet,0,None,88,Not Applicable,88,Not Applicable,0,None,88,Not Applicable,88,Not Applicable,2,Intersection,3,T-Intersection,1,No,1,No,88,Not Applicable,88,Not Applicable,88,Not Applicable,88,Not Applicable,FALSE,1,Public Road,1,"Trafficway, On Road",CT0009300,New Haven PD,46625,54:13.0,C,Closed,02:02.0,,,,,,,
1349903,1,Complete,1349903,1349903,41.311988,-72.897832,3834129,New Haven,93,93,New Haven,1/3/2026,2026,1,January,3,7,Saturday,14:03:00,14,26000284,A,"Injury of any type (Serious, Minor, Possible)",C,Possible Injury (C),2,0,0,4,Local,0.08,479,PINE ST NO 1,PINE ST NO 1,POPLAR ST,,,,,41.311988,-72.897832,14,Motor Vehicle in Operation,3,Angle,1,On Roadway,1,Clear,88,Not Applicable,1,Daylight,1,Dry,0,None,88,Not Applicable,88,Not Applicable,0,None,88,Not Applicable,88,Not Applicable,2,Intersection,2,Four-Way Intersection,1,No,1,No,88,Not Applicable,88,Not Applicable,88,Not Applicable,88,Not Applicable,FALSE,1,Public Road,1,"Trafficway, On Road",CT0009300,New Haven PD,40789,26:27.0,C,Closed,02:01.0,,,,,,,
1349905,1,Complete,1349905,1349905,41.322459,-72.934941,3834131,New Haven,93,93,New Haven,1/5/2026,2026,1,January,5,2,Monday,20:52:00,20,26000503,A,"Injury of any type (Serious, Minor, Possible)",C,Possible Injury (C),2,0,0,,,,,,340 DIXWELL AVE,,ORCHARD ST ,110,Feet,E,41.322459,-72.934941,14,Motor Vehicle in Operation,1,Front to rear,97,Other,1,Clear,88,Not Applicable,4,Dark-Lighted,1,Dry,0,None,88,Not Applicable,88,Not Applicable,0,None,88,Not Applicable,88,Not Applicable,97,Other,1,Not at Intersection,1,No,1,No,88,Not Applicable,88,Not Applicable,88,Not Applicable,88,Not Applicable,TRUE,88,Not Applicable,4,Parking Lot,CT0009300,New Haven PD,47005,34:50.0,C,Closed,01:58.0,,,,,,,
1349906,1,Complete,1349906,1349906,41.306475,-72.952918,3834132,New Haven,93,93,New Haven,1/6/2026,2026,1,January,6,3,Tuesday,8:09:00,8,26000540,A,"Injury of any type (Serious, Minor, Possible)",C,Possible Injury (C),2,0,0,3,State,2.13,10,10-N,10-N,REV DR MLK JR BLVD,,,,,41.306475,-72.952918,14,Motor Vehicle in Operation,3,Angle,1,On Roadway,1,Clear,88,Not Applicable,1,Daylight,1,Dry,0,None,88,Not Applicable,88,Not Applicable,0,None,88,Not Applicable,88,Not Applicable,2,Intersection,3,T-Intersection,1,No,1,No,88,Not Applicable,88,Not Applicable,88,Not Applicable,88,Not Applicable,FALSE,1,Public Road,1,"Trafficway, On Road",CT0009300,New Haven PD,45395,52:39.0,C,Closed,02:03.0,,,,,,,
1349912,1,Complete,1349912,1349912,41.32182856,-72.87667492,3834138,New Haven,93,93,New Haven,1/6/2026,2026,1,January,6,3,Tuesday,17:47:00,17,26000649,A,"Injury of any type (Serious, Minor, Possible)",B,Suspected Minor Injury (B),2,0,0,3,State,0.29,80,80-E,80-E,,QUINNIPIAC AVE,810,Feet,W,41.32182856,-72.87667492,14,Motor Vehicle in Operation,1,Front to rear,1,On Roadway,1,Clear,88,Not Applicable,4,Dark-Lighted,1,Dry,0,None,88,Not Applicable,88,Not Applicable,0,None,88,Not Applicable,88,Not Applicable,1,Non-Junction,1,Not at Intersection,1,No,1,No,88,Not Applicable,88,Not Applicable,88,Not Applicable,88,Not Applicable,FALSE,1,Public Road,1,"Trafficway, On Road",CT0009300,New Haven PD,44056,31:19.0,C,Closed,02:11.0,,,,,,,
1350193,1,Complete,1350193,1350193,41.289381,-72.92683,3834419,New Haven,93,93,New Haven,1/7/2026,2026,1,January,7,4,Wednesday,10:24:00,10,26000731,A,"Injury of any type (Serious, Minor, Possible)",A,Suspected Serious Injury (A),1,0,0,,,,,,1 LONG WHARF DR,,SARGENT DR,620,Feet,W,41.289381,-72.92683,36,Fence,88,Not Applicable,97,Other,1,Clear,88,Not Applicable,1,Daylight,1,Dry,0,None,88,Not Applicable,88,Not Applicable,0,None,88,Not Applicable,88,Not Applicable,97,Other,1,Not at Intersection,1,No,1,No,88,Not Applicable,88,Not Applicable,88,Not Applicable,88,Not Applicable,FALSE,88,Not Applicable,4,Parking Lot,CT0009300,New Haven PD,40810,54:53.0,C,Closed,01:56.0,26-000731,,,,,,
1350195,1,Complete,1350195,1350195,41.31756484,-72.90119031,3834421,New Haven,93,93,New Haven,1/7/2026,2026,1,January,7,4,Wednesday,11:10:00,11,26000741,A,"Injury of any type (Serious, Minor, Possible)",C,Possible Injury (C),1,0,0,2,USRoute,0.18,5,5-N,5-N,,BLATCHLEY AVENUE,30,Feet,E,41.31756484,-72.90119031,32,Tree (standing),88,Not Applicable,4,Roadside,2,Cloudy,88,Not Applicable,1,Daylight,2,Wet,0,None,88,Not Applicable,88,Not Applicable,0,None,88,Not Applicable,88,Not Applicable,3,Intersection-Related,2,Four-Way Intersection,1,No,1,No,88,Not Applicable,88,Not Applicable,88,Not Applicable,88,Not Applicable,FALSE,1,Public Road,1,"Trafficway, On Road",CT0009300,New Haven PD,42048,50:49.0,C,Closed,01:55.0,,,,,,,
1350196,1,Complete,1350196,1350196,41.309523,-72.927233,3834422,New Haven,93,93,New Haven,1/7/2026,2026,1,January,7,4,Wednesday,12:14:00,12,26000746,A,"Injury of any type (Serious, Minor, Possible)",C,Possible Injury (C),2,0,0,4,Local,0.37,726,ELM ST NO 2,ELM ST NO 2,COLLEGE ST,,,,,41.309523,-72.927233,14,Motor Vehicle in Operation,3,Angle,1,On Roadway,1,Clear,88,Not Applicable,1,Daylight,1,Dry,0,None,88,Not Applicable,88,Not Applicable,0,None,88,Not Applicable,88,Not Applicable,2,Intersection,2,Four-Way Intersection,1,No,1,No,88,Not Applicable,88,Not Applicable,88,Not Applicable,88,Not Applicable,TRUE,1,Public Road,1,"Trafficway, On Road",CT0009300,New Haven PD,469,43:42.0,C,Closed,02:00.0,,,,,,,
1350548,1,Complete,1350548,1350548,41.300893,-72.924192,3834774,New Haven,93,93,New Haven,1/1/2026,2026,1,January,1,5,Thursday,6:54:00,6,26000034,A,"Injury of any type (Serious, Minor, Possible)",C,Possible Injury (C),1,0,0,2,USRoute,48.24,1,1-N,1-N,,WATER ST,145,Feet,S,41.300893,-72.924192,38,"Other Post, Pole or Support",88,Not Applicable,4,Roadside,1,Clear,88,Not Applicable,2,Dawn,2,Wet,0,None,88,Not Applicable,88,Not Applicable,0,None,88,Not Applicable,88,Not Applicable,1,Non-Junction,1,Not at Intersection,1,No,1,No,88,Not Applicable,88,Not Applicable,88,Not Applicable,88,Not Applicable,FALSE,1,Public Road,1,"Trafficway, On Road",CT0009300,New Haven PD,48829,31:50.0,C,Closed,00:51.0,,,,,,,
1350551,1,Complete,1350551,1350551,41.320213,-72.950878,3834777,New Haven,93,93,New Haven,1/4/2026,2026,1,January,4,1,Sunday,15:34:00,15,26000365,A,"Injury of any type (Serious, Minor, Possible)",C,Possible Injury (C),2,0,0,3,State,3.15,10,10-N,10-N,,HOBART ST,20,Feet,E,41.320213,-72.950878,14,Motor Vehicle in Operation,4,"Sideswipe, same direction",1,On Roadway,1,Clear,88,Not Applicable,1,Daylight,1,Dry,0,None,88,Not Applicable,88,Not Applicable,0,None,88,Not Applicable,88,Not Applicable,1,Non-Junction,1,Not at Intersection,1,No,1,No,88,Not Applicable,88,Not Applicable,88,Not Applicable,88,Not Applicable,TRUE,1,Public Road,1,"Trafficway, On Road",CT0009300,New Haven PD,44947,18:23.0,C,Closed,00:46.0,,,,,,,