CrashId,Fatal Case Status,Fatal Case Status Text Format,CrashId,CrashId,Latitude,Longitude,DOT Case Number,Town Name,Town Number,Town Number,Town Number Text Format,Date Of Crash,Year,Month,Month Text Format,Day,Day of the Week,Day of the Week Text Format,Time of Crash,Hour of the Day,Case Identifier,Crash Severity,Crash Severity Text Format,Most Severe Injury,Most Severe Injury Text Format,Number Of Motor Vehicles,Number Of Non-Motorist,Number Of Witnesses,Route Class,Route Class Text Format,Milemarker,Road Number,Road Description,Roadway Name,Intersecting Roadway Name,Landmark Description,Distance From Nearest Landmark,Unit Of Measure From Nearest Landmark,Direction From Nearest Landmark,Latitude,Longitude,First Harmful Event,First Harmful Event Text Format,Manner of Crash / Collision Impact,Manner of Crash / Collision Impact Text Format,Location of First Harmful Event,Location of First Harmful Event Text Format,Weather Condition,Weather Condition Text Format,Weather 2,Weather 2 Text Format,Light Condition,Light Condition Text Format,Road Surface Condition,Road Surface Condition Text Format,"Contributing Circumstances, Environment","Contributing Circumstances, Environment Text Format",Environment 2,Environment 2 Text Format,Environment 3,Environment 3 Text Format,"Contributing Circumstances, Road","Contributing Circumstances, Road Text Format",Road 2,Road 2 Text Format,Road 3,Road 3 Text Format,Crash Specific Location,Crash Specific Location Text Format,Type of Intersection,Type of Intersection Text Format,School Bus Related,School Bus Related Text Format,Work Zone Related,Work Zone Related Text Format,Location Of Crash Relative To Work Zone,Location Of Crash Relative To Work Zone Text Format,Type of Work Zone,Type of Work Zone Text Format,Worker Presence,Worker Presence Text Format,Law Enforcement Presence,Law Enforcement Presence Text Format,Were Vehicles Moved Prior To Police Arrival,Trafficway Ownership,Trafficway Ownership Text Format,Trafficway Class,Trafficway Class Text Format,Police Agency,Police Agency Text Format,Badge Number,Approval Date,Police Case Status,Police Case Status Text Format,Crash Report Submission Date,Related Case Identifiers,No. of Through Lanes (Log Dir.),Average Daily Traffic,Functional Classification,Functional Classification Text Format,Rural or Urban,Rural or Urban Text Format
1350555,1,Complete,1350555,1350555,41.296969,-72.948467,3834781,New Haven,93,93,New Haven,1/8/2026,2026,1,January,8,5,Thursday,8:13:00,8,26000873,A,"Injury of any type (Serious, Minor, Possible)",C,Possible Injury (C),2,0,0,3,State,1.39,10,10-N,10-N,,Colombus Ave ,190,Feet,S,41.296969,-72.948467,14,Motor Vehicle in Operation,1,Front to rear,1,On Roadway,1,Clear,88,Not Applicable,1,Daylight,1,Dry,0,None,88,Not Applicable,88,Not Applicable,0,None,88,Not Applicable,88,Not Applicable,9,Driveway Access-Related,1,Not at Intersection,1,No,1,No,88,Not Applicable,88,Not Applicable,88,Not Applicable,88,Not Applicable,FALSE,1,Public Road,1,"Trafficway, On Road",CT0009300,New Haven PD,48508,44:03.0,O,Open,00:33.0,26-000873,,,,,,
1350558,1,Complete,1350558,1350558,41.319306,-72.898817,3834784,New Haven,93,93,New Haven,1/8/2026,2026,1,January,8,5,Thursday,9:19:00,9,26000882,A,"Injury of any type (Serious, Minor, Possible)",C,Possible Injury (C),2,0,0,2,USRoute,0.36,5,5-N,5-N,May Street,,,,,41.319306,-72.898817,14,Motor Vehicle in Operation,3,Angle,1,On Roadway,1,Clear,88,Not Applicable,1,Daylight,1,Dry,0,None,88,Not Applicable,88,Not Applicable,0,None,88,Not Applicable,88,Not Applicable,2,Intersection,2,Four-Way Intersection,1,No,1,No,88,Not Applicable,88,Not Applicable,88,Not Applicable,88,Not Applicable,FALSE,1,Public Road,1,"Trafficway, On Road",CT0009300,New Haven PD,45390,26:48.0,C,Closed,00:38.0,,,,,,,
1350560,1,Complete,1350560,1350560,41.316914,-72.943075,3834786,New Haven,93,93,New Haven,1/8/2026,2026,1,January,8,5,Thursday,16:03:00,16,26000931,A,"Injury of any type (Serious, Minor, Possible)",C,Possible Injury (C),2,0,0,4,Local,0.34,653,WHALLEY AV,WHALLEY AV,,Caramel Street,95,Feet,E,41.316914,-72.943075,14,Motor Vehicle in Operation,3,Angle,1,On Roadway,1,Clear,88,Not Applicable,1,Daylight,1,Dry,0,None,88,Not Applicable,88,Not Applicable,0,None,88,Not Applicable,88,Not Applicable,9,Driveway Access-Related,1,Not at Intersection,1,No,1,No,88,Not Applicable,88,Not Applicable,88,Not Applicable,88,Not Applicable,FALSE,1,Public Road,1,"Trafficway, On Road",CT0009300,New Haven PD,276,26:35.0,C,Closed,00:48.0,26000931,,,,,,
1350564,1,Complete,1350564,1350564,41.309131,-72.895464,3834790,New Haven,93,93,New Haven,1/8/2026,2026,1,January,8,5,Thursday,19:28:00,19,26000971,A,"Injury of any type (Serious, Minor, Possible)",B,Suspected Minor Injury (B),1,1,0,4,Local,0.74,213,FERRY ST,FERRY ST,Grand Avenue,,,,,41.309131,-72.895464,9,Pedestrian,88,Not Applicable,1,On Roadway,1,Clear,88,Not Applicable,4,Dark-Lighted,1,Dry,0,None,88,Not Applicable,88,Not Applicable,0,None,88,Not Applicable,88,Not Applicable,2,Intersection,2,Four-Way Intersection,1,No,1,No,88,Not Applicable,88,Not Applicable,88,Not Applicable,88,Not Applicable,TRUE,1,Public Road,1,"Trafficway, On Road",CT0009300,New Haven PD,46614,44:48.0,C,Closed,00:49.0,,,,,,,
1350999,1,Complete,1350999,1350999,41.291278,-72.941748,3835225,New Haven,93,93,New Haven,1/4/2026,2026,1,January,4,1,Sunday,2:15:00,2,26000336,A,"Injury of any type (Serious, Minor, Possible)",B,Suspected Minor Injury (B),2,0,0,3,State,0.91,10,10-N,10-N,,WASHINGTON AVE,130,Feet,W,41.291278,-72.941748,14,Motor Vehicle in Operation,3,Angle,1,On Roadway,1,Clear,88,Not Applicable,4,Dark-Lighted,1,Dry,0,None,88,Not Applicable,88,Not Applicable,0,None,88,Not Applicable,88,Not Applicable,9,Driveway Access-Related,1,Not at Intersection,1,No,1,No,88,Not Applicable,88,Not Applicable,88,Not Applicable,88,Not Applicable,FALSE,1,Public Road,1,"Trafficway, On Road",CT0009300,New Haven PD,48829,32:02.0,C,Closed,01:25.0,,,,,,,
1351005,1,Complete,1351005,1351005,41.310009,-72.924432,3835231,New Haven,93,93,New Haven,1/9/2026,2026,1,January,9,6,Friday,9:42:00,9,26001027,A,"Injury of any type (Serious, Minor, Possible)",C,Possible Injury (C),1,1,0,4,Local,0.3,588,TEMPLE ST,TEMPLE ST,WALL ST NO 2,,,,,41.310009,-72.924432,9,Pedestrian,88,Not Applicable,1,On Roadway,1,Clear,88,Not Applicable,1,Daylight,1,Dry,0,None,88,Not Applicable,88,Not Applicable,0,None,88,Not Applicable,88,Not Applicable,2,Intersection,2,Four-Way Intersection,1,No,1,No,88,Not Applicable,88,Not Applicable,88,Not Applicable,88,Not Applicable,FALSE,1,Public Road,1,"Trafficway, On Road",CT0009300,New Haven PD,45630,29:02.0,C,Closed,01:28.0,,,,,,,
1351009,1,Complete,1351009,1351009,41.30113,-72.935158,3835235,New Haven,93,93,New Haven,1/9/2026,2026,1,January,9,6,Friday,13:59:00,13,26001073,A,"Injury of any type (Serious, Minor, Possible)",C,Possible Injury (C),2,0,0,4,Local,0.37,308,HOWARD AV,HOWARD AV,,Congress Avenue,35,Feet,S,41.30113,-72.935158,14,Motor Vehicle in Operation,1,Front to rear,1,On Roadway,1,Clear,88,Not Applicable,1,Daylight,1,Dry,0,None,88,Not Applicable,88,Not Applicable,0,None,88,Not Applicable,88,Not Applicable,3,Intersection-Related,2,Four-Way Intersection,1,No,1,No,88,Not Applicable,88,Not Applicable,88,Not Applicable,88,Not Applicable,FALSE,1,Public Road,1,"Trafficway, On Road",CT0009300,New Haven PD,301,46:29.0,C,Closed,00:59.0,,,,,,,
1351014,1,Complete,1351014,1351014,41.301486,-72.92629,3835240,New Haven,93,93,New Haven,1/9/2026,2026,1,January,9,6,Friday,16:41:00,16,26001098,A,"Injury of any type (Serious, Minor, Possible)",C,Possible Injury (C),2,0,0,3,State,0.03,724,724-W,724-W,,South Orange Street,115,Feet,E,41.301486,-72.92629,14,Motor Vehicle in Operation,4,"Sideswipe, same direction",1,On Roadway,4,Rain,88,Not Applicable,4,Dark-Lighted,2,Wet,0,None,88,Not Applicable,88,Not Applicable,0,None,88,Not Applicable,88,Not Applicable,3,Intersection-Related,2,Four-Way Intersection,1,No,1,No,88,Not Applicable,88,Not Applicable,88,Not Applicable,88,Not Applicable,FALSE,1,Public Road,1,"Trafficway, On Road",CT0009300,New Haven PD,44062,30:05.0,C,Closed,01:32.0,,,,,,,
1351015,1,Complete,1351015,1351015,41.289392,-72.939721,3835241,New Haven,93,93,New Haven,1/9/2026,2026,1,January,9,6,Friday,16:45:00,16,26001102,A,"Injury of any type (Serious, Minor, Possible)",C,Possible Injury (C),2,0,0,3,State,0.74,10,10-N,10-N,,LAMBERTON ST,290,Feet,S,41.289392,-72.939721,14,Motor Vehicle in Operation,4,"Sideswipe, same direction",1,On Roadway,1,Clear,88,Not Applicable,4,Dark-Lighted,1,Dry,0,None,88,Not Applicable,88,Not Applicable,0,None,88,Not Applicable,88,Not Applicable,1,Non-Junction,1,Not at Intersection,1,No,1,No,88,Not Applicable,88,Not Applicable,88,Not Applicable,88,Not Applicable,TRUE,1,Public Road,1,"Trafficway, On Road",CT0009300,New Haven PD,46898,44:40.0,C,Closed,01:23.0,,,,,,,
1351021,1,Complete,1351021,1351021,41.321603,-72.875777,3835247,New Haven,93,93,New Haven,1/10/2026,2026,1,January,10,7,Saturday,10:04:00,10,26001188,A,"Injury of any type (Serious, Minor, Possible)",C,Possible Injury (C),2,0,0,3,State,0.33,80,80-E,80-E,,QUINNIPIAC AVENUE,510,Feet,W,41.321603,-72.875777,14,Motor Vehicle in Operation,3,Angle,1,On Roadway,2,Cloudy,88,Not Applicable,1,Daylight,2,Wet,0,None,88,Not Applicable,88,Not Applicable,0,None,88,Not Applicable,88,Not Applicable,9,Driveway Access-Related,1,Not at Intersection,1,No,1,No,88,Not Applicable,88,Not Applicable,88,Not Applicable,88,Not Applicable,FALSE,1,Public Road,1,"Trafficway, On Road",CT0009300,New Haven PD,42049,27:46.0,C,Closed,00:58.0,,,,,,,
1351030,1,Complete,1351030,1351030,41.292643,-72.938584,3835256,New Haven,93,93,New Haven,1/11/2026,2026,1,January,11,1,Sunday,18:10:00,18,26001237,A,"Injury of any type (Serious, Minor, Possible)",B,Suspected Minor Injury (B),2,0,1,4,Local,0.41,529,ROSETTE ST,ROSETTE ST,,WILSON ST,15,Feet,W,41.292643,-72.938584,14,Motor Vehicle in Operation,3,Angle,1,On Roadway,1,Clear,88,Not Applicable,4,Dark-Lighted,2,Wet,0,None,88,Not Applicable,88,Not Applicable,0,None,88,Not Applicable,88,Not Applicable,3,Intersection-Related,3,T-Intersection,1,No,1,No,88,Not Applicable,88,Not Applicable,88,Not Applicable,88,Not Applicable,TRUE,1,Public Road,1,"Trafficway, On Road",CT0009300,New Haven PD,48375,46:09.0,C,Closed,01:48.0,,,,,,,
1351032,1,Complete,1351032,1351032,41.328706,-72.964544,3835258,New Haven,93,93,New Haven,1/10/2026,2026,1,January,10,7,Saturday,20:21:00,20,26001246,A,"Injury of any type (Serious, Minor, Possible)",C,Possible Injury (C),2,0,0,3,State,0.5,63,63-N,63-N,,EMERSON ST,100,Feet,E,41.328706,-72.964544,14,Motor Vehicle in Operation,1,Front to rear,2,Shoulder,4,Rain,88,Not Applicable,4,Dark-Lighted,2,Wet,99,Unknown,88,Not Applicable,88,Not Applicable,99,Unknown,88,Not Applicable,88,Not Applicable,1,Non-Junction,1,Not at Intersection,1,No,1,No,88,Not Applicable,88,Not Applicable,88,Not Applicable,88,Not Applicable,FALSE,1,Public Road,1,"Trafficway, On Road",CT0009300,New Haven PD,47744,44:10.0,C,Closed,01:45.0,,,,,,,
1351034,1,Complete,1351034,1351034,41.305896,-72.946977,3835260,New Haven,93,93,New Haven,1/11/2026,2026,1,January,11,1,Sunday,2:08:00,2,26001262,A,"Injury of any type (Serious, Minor, Possible)",B,Suspected Minor Injury (B),2,0,1,4,Local,0.29,360,LEGION AV,LEGION AV,WINTHROP AVE,,,,,41.305896,-72.946977,14,Motor Vehicle in Operation,3,Angle,1,On Roadway,4,Rain,88,Not Applicable,4,Dark-Lighted,2,Wet,0,None,88,Not Applicable,88,Not Applicable,0,None,88,Not Applicable,88,Not Applicable,2,Intersection,2,Four-Way Intersection,1,No,1,No,88,Not Applicable,88,Not Applicable,88,Not Applicable,88,Not Applicable,FALSE,1,Public Road,1,"Trafficway, On Road",CT0009300,New Haven PD,48045,48:25.0,C,Closed,01:41.0,,,,,,,
1351036,1,Complete,1351036,1351036,41.297735,-72.937022,3835262,New Haven,93,93,New Haven,1/11/2026,2026,1,January,11,1,Sunday,17:27:00,17,26001305,A,"Injury of any type (Serious, Minor, Possible)",C,Possible Injury (C),2,0,0,2,USRoute,47.25,1,1-N,1-N,,Washington Ave,135,Feet,E,41.297735,-72.937022,14,Motor Vehicle in Operation,1,Front to rear,1,On Roadway,1,Clear,88,Not Applicable,4,Dark-Lighted,1,Dry,0,None,88,Not Applicable,88,Not Applicable,0,None,88,Not Applicable,88,Not Applicable,1,Non-Junction,1,Not at Intersection,1,No,1,No,88,Not Applicable,88,Not Applicable,88,Not Applicable,88,Not Applicable,FALSE,1,Public Road,1,"Trafficway, On Road",CT0009300,New Haven PD,48375,24:05.0,C,Closed,01:44.0,,,,,,,
1351037,1,Complete,1351037,1351037,41.31647364,-72.94664226,3835263,New Haven,93,93,New Haven,1/11/2026,2026,1,January,11,1,Sunday,19:04:00,19,26001316,A,"Injury of any type (Serious, Minor, Possible)",C,Possible Injury (C),2,0,0,4,Local,0.75,194,ELM ST NO 1,ELM ST NO 1,NORTON ST,,,,,41.31647364,-72.94664226,14,Motor Vehicle in Operation,3,Angle,1,On Roadway,1,Clear,88,Not Applicable,4,Dark-Lighted,1,Dry,0,None,88,Not Applicable,88,Not Applicable,0,None,88,Not Applicable,88,Not Applicable,2,Intersection,2,Four-Way Intersection,1,No,1,No,88,Not Applicable,88,Not Applicable,88,Not Applicable,88,Not Applicable,FALSE,1,Public Road,1,"Trafficway, On Road",CT0009300,New Haven PD,276,54:29.0,C,Closed,01:49.0,26001316,,,,,,
1351588,1,Complete,1351588,1351588,41.3106874,-72.9260421,3835814,New Haven,93,93,New Haven,1/10/2026,2026,1,January,10,7,Saturday,22:24:00,22,26001250,A,"Injury of any type (Serious, Minor, Possible)",B,Suspected Minor Injury (B),1,1,0,4,Local,0.07,117,COLLEGE ST,COLLEGE ST,WALL ST NO 2,,,,,41.3106874,-72.9260421,9,Pedestrian,88,Not Applicable,1,On Roadway,4,Rain,88,Not Applicable,4,Dark-Lighted,2,Wet,1,Weather Conditions,88,Not Applicable,88,Not Applicable,0,None,88,Not Applicable,88,Not Applicable,2,Intersection,3,T-Intersection,1,No,1,No,88,Not Applicable,88,Not Applicable,88,Not Applicable,88,Not Applicable,FALSE,1,Public Road,1,"Trafficway, On Road",CT0009300,New Haven PD,48829,12:37.0,C,Closed,00:28.0,,,,,,,
1351596,1,Complete,1351596,1351596,41.32414,-72.88412,3835822,New Haven,93,93,New Haven,1/12/2026,2026,1,January,12,2,Monday,14:21:00,14,26001437,A,"Injury of any type (Serious, Minor, Possible)",C,Possible Injury (C),2,0,0,3,State,0.08,17,17-N,17-N,91-S-18   EXIT 8,,,,,41.32414,-72.88412,14,Motor Vehicle in Operation,1,Front to rear,1,On Roadway,1,Clear,88,Not Applicable,1,Daylight,1,Dry,0,None,88,Not Applicable,88,Not Applicable,0,None,88,Not Applicable,88,Not Applicable,2,Intersection,3,T-Intersection,1,No,1,No,88,Not Applicable,88,Not Applicable,88,Not Applicable,88,Not Applicable,FALSE,1,Public Road,1,"Trafficway, On Road",CT0009300,New Haven PD,44056,21:16.0,C,Closed,00:38.0,,,,,,,
1352009,1,Complete,1352009,1352009,41.300219,-72.932557,3836235,New Haven,93,93,New Haven,1/12/2026,2026,1,January,12,2,Monday,18:08:00,18,26001479,A,"Injury of any type (Serious, Minor, Possible)",A,Suspected Serious Injury (A),1,1,0,4,Local,0.16,780,AMISTAD ST,AMISTAD ST,CEDAR ST,,,,,41.300219,-72.932557,9,Pedestrian,88,Not Applicable,1,On Roadway,1,Clear,88,Not Applicable,4,Dark-Lighted,1,Dry,0,None,88,Not Applicable,88,Not Applicable,0,None,88,Not Applicable,88,Not Applicable,3,Intersection-Related,3,T-Intersection,1,No,1,No,88,Not Applicable,88,Not Applicable,88,Not Applicable,88,Not Applicable,FALSE,1,Public Road,1,"Trafficway, On Road",CT0009300,New Haven PD,33016,37:37.0,C,Closed,00:14.0,,,,,,,
1352016,1,Complete,1352016,1352016,41.307952,-72.885482,3836242,New Haven,93,93,New Haven,1/13/2026,2026,1,January,13,3,Tuesday,14:46:00,14,26001611,A,"Injury of any type (Serious, Minor, Possible)",C,Possible Injury (C),3,0,0,4,Local,0.04,168,EAST GRAND AV,EAST GRAND AV,,QUINNIPIAC AVE,200,Feet,E,41.307952,-72.885482,14,Motor Vehicle in Operation,1,Front to rear,1,On Roadway,1,Clear,1,Clear,1,Daylight,1,Dry,0,None,88,Not Applicable,88,Not Applicable,0,None,88,Not Applicable,88,Not Applicable,1,Non-Junction,1,Not at Intersection,1,No,1,No,88,Not Applicable,88,Not Applicable,88,Not Applicable,88,Not Applicable,FALSE,1,Public Road,1,"Trafficway, On Road",CT0009300,New Haven PD,45630,04:36.0,C,Closed,00:21.0,,,,,,,
1352276,1,Complete,1352276,1352276,41.301389,-72.920735,3836502,New Haven,93,93,New Haven,1/12/2026,2026,1,January,12,2,Monday,5:31:00,5,26001356,A,"Injury of any type (Serious, Minor, Possible)",C,Possible Injury (C),1,1,0,4,Local,0.01,447,OLIVE ST,OLIVE ST,WATER ST,,,,,41.301389,-72.920735,10,Pedalcycle/Pedalcyclist,3,Angle,1,On Roadway,1,Clear,88,Not Applicable,4,Dark-Lighted,1,Dry,0,None,88,Not Applicable,88,Not Applicable,0,None,88,Not Applicable,88,Not Applicable,2,Intersection,3,T-Intersection,1,No,1,No,88,Not Applicable,88,Not Applicable,88,Not Applicable,88,Not Applicable,FALSE,1,Public Road,1,"Trafficway, On Road",CT0009300,New Haven PD,46628,12:51.0,O,Open,01:28.0,,,,,,,
1352281,1,Complete,1352281,1352281,41.310208,-72.934896,3836507,New Haven,93,93,New Haven,1/14/2026,2026,1,January,14,4,Wednesday,17:21:00,17,26001842,A,"Injury of any type (Serious, Minor, Possible)",C,Possible Injury (C),1,1,0,4,Local,0.3,310,HOWE ST,HOWE ST,,EDGEWOOD AVE,170,Feet,S,41.310208,-72.934896,10,Pedalcycle/Pedalcyclist,4,"Sideswipe, same direction",1,On Roadway,1,Clear,88,Not Applicable,4,Dark-Lighted,1,Dry,0,None,88,Not Applicable,88,Not Applicable,0,None,88,Not Applicable,88,Not Applicable,1,Non-Junction,1,Not at Intersection,1,No,1,No,88,Not Applicable,88,Not Applicable,88,Not Applicable,88,Not Applicable,FALSE,1,Public Road,1,"Trafficway, On Road",CT0009300,New Haven PD,45700,46:44.0,O,Open,01:35.0,,,,,,,
1352539,1,Complete,1352539,1352539,41.3242415,-72.88429784,3836765,New Haven,93,93,New Haven,12/22/2025,2025,12,December,22,2,Monday,12:00:00,12,25050738,A,"Injury of any type (Serious, Minor, Possible)",B,Suspected Minor Injury (B),2,0,2,3,State,0.07,17,17-S,17-S,,91-S-17 (ent 8),130,Feet,W,41.3242415,-72.88429784,14,Motor Vehicle in Operation,4,"Sideswipe, same direction",1,On Roadway,1,Clear,88,Not Applicable,1,Daylight,1,Dry,0,None,88,Not Applicable,88,Not Applicable,8,Work Zone (construction / maintenance / utility),88,Not Applicable,88,Not Applicable,1,Non-Junction,1,Not at Intersection,1,No,2,Yes,4,Activity Area,1,Lane Closure,2,Yes,1,No,FALSE,1,Public Road,1,"Trafficway, On Road",CT0009300,New Haven PD,46628,00:32.0,C,Closed,00:14.0,,,,,,,
1352543,1,Complete,1352543,1352543,41.286243,-72.93598,3836769,New Haven,93,93,New Haven,1/15/2026,2026,1,January,15,5,Thursday,16:10:00,16,26001223,A,"Injury of any type (Serious, Minor, Possible)",C,Possible Injury (C),2,0,0,3,State,0.45,10,10-N,10-N,,KIMBERLY AVE,35,Feet,S,41.286243,-72.93598,14,Motor Vehicle in Operation,4,"Sideswipe, same direction",1,On Roadway,1,Clear,88,Not Applicable,1,Daylight,1,Dry,0,None,88,Not Applicable,88,Not Applicable,0,None,88,Not Applicable,88,Not Applicable,3,Intersection-Related,2,Four-Way Intersection,1,No,1,No,88,Not Applicable,88,Not Applicable,88,Not Applicable,88,Not Applicable,TRUE,1,Public Road,1,"Trafficway, On Road",CT0009300,New Haven PD,45395,06:47.0,C,Closed,00:29.0,,,,,,,
1352545,1,Complete,1352545,1352545,41.304254,-72.930906,3836771,New Haven,93,93,New Haven,1/14/2026,2026,1,January,14,4,Wednesday,0:38:00,0,26001689,A,"Injury of any type (Serious, Minor, Possible)",C,Possible Injury (C),2,0,0,4,Local,0.58,117,COLLEGE ST,COLLEGE ST,REV DR MLK JR BLVD,,,,,41.304254,-72.930906,14,Motor Vehicle in Operation,3,Angle,1,On Roadway,4,Rain,88,Not Applicable,4,Dark-Lighted,2,Wet,0,None,88,Not Applicable,88,Not Applicable,99,Unknown,88,Not Applicable,88,Not Applicable,2,Intersection,2,Four-Way Intersection,1,No,1,No,88,Not Applicable,88,Not Applicable,88,Not Applicable,88,Not Applicable,FALSE,1,Public Road,1,"Trafficway, On Road",CT0009300,New Haven PD,43690,56:43.0,C,Closed,00:18.0,,,,,,,
1354115,1,Complete,1354115,1354115,41.302904,-72.941967,3838341,New Haven,93,93,New Haven,1/10/2026,2026,1,January,10,7,Saturday,12:48:00,12,26001203,A,"Injury of any type (Serious, Minor, Possible)",C,Possible Injury (C),2,0,0,4,Local,0.1,453,ORCHARD ST,ORCHARD ST,,DAVENPORT AVE,500,Feet,N,41.302904,-72.941967,14,Motor Vehicle in Operation,3,Angle,1,On Roadway,1,Clear,88,Not Applicable,1,Daylight,1,Dry,0,None,88,Not Applicable,88,Not Applicable,0,None,88,Not Applicable,88,Not Applicable,9,Driveway Access-Related,1,Not at Intersection,1,No,1,No,88,Not Applicable,88,Not Applicable,88,Not Applicable,88,Not Applicable,TRUE,1,Public Road,1,"Trafficway, On Road",CT0009300,New Haven PD,301,45:47.0,C,Closed,01:04.0,,,,,,,
1354118,1,Complete,1354118,1354118,41.3058234,-72.9127035,3838344,New Haven,93,93,New Haven,1/13/2026,2026,1,January,13,3,Tuesday,13:16:00,13,26001601,A,"Injury of any type (Serious, Minor, Possible)",A,Suspected Serious Injury (A),1,1,0,4,Local,0.16,275,HAMILTON ST NO 2,HAMILTON ST NO 2,,IVES PLACE,80,Feet,N,41.3058234,-72.9127035,9,Pedestrian,88,Not Applicable,2,Shoulder,1,Clear,88,Not Applicable,1,Daylight,1,Dry,0,None,88,Not Applicable,88,Not Applicable,8,Work Zone (construction / maintenance / utility),88,Not Applicable,88,Not Applicable,1,Non-Junction,1,Not at Intersection,1,No,2,Yes,4,Activity Area,1,Lane Closure,2,Yes,2,Yes,TRUE,1,Public Road,1,"Trafficway, On Road",CT0009300,New Haven PD,469,00:19.0,C,Closed,01:02.0,,,,,,,
1354120,1,Complete,1354120,1354120,41.308927,-72.909824,3838346,New Haven,93,93,New Haven,1/15/2026,2026,1,January,15,5,Thursday,10:22:00,10,26001899,A,"Injury of any type (Serious, Minor, Possible)",C,Possible Injury (C),2,0,0,4,Local,0.49,165,EAST ST,EAST ST,Grand Ave,,,,,41.308927,-72.909824,14,Motor Vehicle in Operation,3,Angle,1,On Roadway,1,Clear,88,Not Applicable,1,Daylight,1,Dry,0,None,88,Not Applicable,88,Not Applicable,0,None,88,Not Applicable,88,Not Applicable,2,Intersection,2,Four-Way Intersection,1,No,1,No,88,Not Applicable,88,Not Applicable,88,Not Applicable,88,Not Applicable,TRUE,1,Public Road,1,"Trafficway, On Road",CT0009300,New Haven PD,44176,49:58.0,O,Open,01:09.0,,,,,,,
1354130,1,Complete,1354130,1354130,41.31428,-72.903004,3838356,New Haven,93,93,New Haven,1/16/2026,2026,1,January,16,6,Friday,13:17:00,13,26002090,A,"Injury of any type (Serious, Minor, Possible)",C,Possible Injury (C),2,0,0,4,Local,0.05,379,LOMBARD ST,LOMBARD ST,MAIN ST NO 1,,,,,41.31428,-72.903004,14,Motor Vehicle in Operation,3,Angle,1,On Roadway,1,Clear,88,Not Applicable,1,Daylight,1,Dry,0,None,88,Not Applicable,88,Not Applicable,0,None,88,Not Applicable,88,Not Applicable,2,Intersection,2,Four-Way Intersection,1,No,1,No,88,Not Applicable,88,Not Applicable,88,Not Applicable,88,Not Applicable,FALSE,1,Public Road,1,"Trafficway, On Road",CT0009300,New Haven PD,46624,54:27.0,C,Closed,00:32.0,,,,,,,
1354136,1,Complete,1354136,1354136,41.31454,-72.94944,3838362,New Haven,93,93,New Haven,1/16/2026,2026,1,January,16,6,Friday,21:31:00,21,26002153,A,"Injury of any type (Serious, Minor, Possible)",C,Possible Injury (C),2,0,0,4,Local,1.14,179,EDGEWOOD AV,EDGEWOOD AV,ELLSWORTH AV,,,,,41.31454,-72.94944,14,Motor Vehicle in Operation,3,Angle,1,On Roadway,1,Clear,88,Not Applicable,4,Dark-Lighted,1,Dry,0,None,88,Not Applicable,88,Not Applicable,0,None,88,Not Applicable,88,Not Applicable,2,Intersection,2,Four-Way Intersection,1,No,1,No,88,Not Applicable,88,Not Applicable,88,Not Applicable,88,Not Applicable,FALSE,1,Public Road,1,"Trafficway, On Road",CT0009300,New Haven PD,48507,44:48.0,C,Closed,00:45.0,,,,,,,
1354137,1,Complete,1354137,1354137,41.307576,-72.936763,3838363,New Haven,93,93,New Haven,1/17/2026,2026,1,January,17,7,Saturday,0:00:00,0,26002156,A,"Injury of any type (Serious, Minor, Possible)",C,Possible Injury (C),2,0,0,4,Local,0.11,310,HOWE ST,HOWE ST,,GEORGE ST,15,Feet,W,41.307576,-72.936763,14,Motor Vehicle in Operation,1,Front to rear,1,On Roadway,1,Clear,88,Not Applicable,4,Dark-Lighted,1,Dry,0,None,88,Not Applicable,88,Not Applicable,0,None,88,Not Applicable,88,Not Applicable,3,Intersection-Related,2,Four-Way Intersection,1,No,1,No,88,Not Applicable,88,Not Applicable,88,Not Applicable,88,Not Applicable,FALSE,1,Public Road,1,"Trafficway, On Road",CT0009300,New Haven PD,48507,26:41.0,C,Closed,00:48.0,,,,,,,
1354157,1,Complete,1354157,1354157,41.306291,-72.935479,3838383,New Haven,93,93,New Haven,1/18/2026,2026,1,January,18,1,Sunday,12:49:00,12,26002356,A,"Injury of any type (Serious, Minor, Possible)",C,Possible Injury (C),2,0,0,4,Local,0.54,809,REV DR MLK JR BLVD,REV DR MLK JR BLVD,PARK ST,,,,,41.306291,-72.935479,14,Motor Vehicle in Operation,3,Angle,1,On Roadway,7,Snow,88,Not Applicable,1,Daylight,3,Snow,1,Weather Conditions,88,Not Applicable,88,Not Applicable,0,None,88,Not Applicable,88,Not Applicable,2,Intersection,2,Four-Way Intersection,1,No,1,No,88,Not Applicable,88,Not Applicable,88,Not Applicable,88,Not Applicable,FALSE,1,Public Road,1,"Trafficway, On Road",CT0009300,New Haven PD,48653,53:59.0,C,Closed,01:11.0,,,,,,,