CrashId,Fatal Case Status,Fatal Case Status Text Format,CrashId,CrashId,Latitude,Longitude,DOT Case Number,Town Name,Town Number,Town Number,Town Number Text Format,Date Of Crash,Year,Month,Month Text Format,Day,Day of the Week,Day of the Week Text Format,Time of Crash,Hour of the Day,Case Identifier,Crash Severity,Crash Severity Text Format,Most Severe Injury,Most Severe Injury Text Format,Number Of Motor Vehicles,Number Of Non-Motorist,Number Of Witnesses,Route Class,Route Class Text Format,Milemarker,Road Number,Road Description,Roadway Name,Intersecting Roadway Name,Landmark Description,Distance From Nearest Landmark,Unit Of Measure From Nearest Landmark,Direction From Nearest Landmark,Latitude,Longitude,First Harmful Event,First Harmful Event Text Format,Manner of Crash / Collision Impact,Manner of Crash / Collision Impact Text Format,Location of First Harmful Event,Location of First Harmful Event Text Format,Weather Condition,Weather Condition Text Format,Weather 2,Weather 2 Text Format,Light Condition,Light Condition Text Format,Road Surface Condition,Road Surface Condition Text Format,"Contributing Circumstances, Environment","Contributing Circumstances, Environment Text Format",Environment 2,Environment 2 Text Format,Environment 3,Environment 3 Text Format,"Contributing Circumstances, Road","Contributing Circumstances, Road Text Format",Road 2,Road 2 Text Format,Road 3,Road 3 Text Format,Crash Specific Location,Crash Specific Location Text Format,Type of Intersection,Type of Intersection Text Format,School Bus Related,School Bus Related Text Format,Work Zone Related,Work Zone Related Text Format,Location Of Crash Relative To Work Zone,Location Of Crash Relative To Work Zone Text Format,Type of Work Zone,Type of Work Zone Text Format,Worker Presence,Worker Presence Text Format,Law Enforcement Presence,Law Enforcement Presence Text Format,Were Vehicles Moved Prior To Police Arrival,Trafficway Ownership,Trafficway Ownership Text Format,Trafficway Class,Trafficway Class Text Format,Police Agency,Police Agency Text Format,Badge Number,Approval Date,Police Case Status,Police Case Status Text Format,Crash Report Submission Date,Related Case Identifiers,No. of Through Lanes (Log Dir.),Average Daily Traffic,Functional Classification,Functional Classification Text Format,Rural or Urban,Rural or Urban Text Format
1354163,1,Complete,1354163,1354163,41.305978,-72.933512,3838389,New Haven,93,93,New Haven,1/18/2026,2026,1,January,18,1,Sunday,14:47:00,14,26002375,A,"Injury of any type (Serious, Minor, Possible)",C,Possible Injury (C),1,1,1,4,Local,0.25,766,YORK ST,YORK ST,,GEORGE ST,115,Feet,S,41.305978,-72.933512,9,Pedestrian,88,Not Applicable,1,On Roadway,2,Cloudy,88,Not Applicable,1,Daylight,2,Wet,0,None,88,Not Applicable,0,None,0,None,88,Not Applicable,88,Not Applicable,9,Driveway Access-Related,1,Not at Intersection,1,No,1,No,88,Not Applicable,88,Not Applicable,88,Not Applicable,88,Not Applicable,FALSE,1,Public Road,1,"Trafficway, On Road",CT0009300,New Haven PD,48043,05:20.0,C,Closed,01:16.0,,,,,,,
1354166,1,Complete,1354166,1354166,41.293151,-72.892864,3838392,New Haven,93,93,New Haven,1/18/2026,2026,1,January,18,1,Sunday,19:24:00,19,26002384,A,"Injury of any type (Serious, Minor, Possible)",C,Possible Injury (C),2,0,0,4,Local,1.65,678,WOODWARD AV,WOODWARD AV,,Fairmont Av,30,Feet,W,41.293151,-72.892864,14,Motor Vehicle in Operation,1,Front to rear,1,On Roadway,7,Snow,88,Not Applicable,5,Dark-Not Lighted,3,Snow,1,Weather Conditions,88,Not Applicable,88,Not Applicable,0,None,88,Not Applicable,88,Not Applicable,3,Intersection-Related,2,Four-Way Intersection,1,No,1,No,88,Not Applicable,88,Not Applicable,88,Not Applicable,88,Not Applicable,FALSE,1,Public Road,1,"Trafficway, On Road",CT0009300,New Haven PD,48651,09:58.0,C,Closed,01:26.0,,,,,,,
1354175,1,Complete,1354175,1354175,41.30883,-72.89777,3838401,New Haven,93,93,New Haven,1/19/2026,2026,1,January,19,2,Monday,7:27:00,7,26002421,A,"Injury of any type (Serious, Minor, Possible)",B,Suspected Minor Injury (B),1,1,0,4,Local,0.62,264,GRAND AV,GRAND AV,,FILLMORE ST,86,Feet,E,41.30883,-72.89777,9,Pedestrian,88,Not Applicable,1,On Roadway,1,Clear,88,Not Applicable,1,Daylight,4,Slush,0,None,88,Not Applicable,88,Not Applicable,0,None,88,Not Applicable,88,Not Applicable,1,Non-Junction,1,Not at Intersection,1,No,1,No,88,Not Applicable,88,Not Applicable,88,Not Applicable,88,Not Applicable,FALSE,1,Public Road,1,"Trafficway, On Road",CT0009300,New Haven PD,44176,09:38.0,C,Closed,01:08.0,,,,,,,
1354176,1,Complete,1354176,1354176,41.336031,-72.943683,3838402,New Haven,93,93,New Haven,1/19/2026,2026,1,January,19,2,Monday,16:11:00,16,26002465,A,"Injury of any type (Serious, Minor, Possible)",C,Possible Injury (C),3,0,0,3,State,4.68,10,10-N,10-N,,Pine Rock Dr,155,Feet,N,41.336031,-72.943683,14,Motor Vehicle in Operation,1,Front to rear,1,On Roadway,1,Clear,88,Not Applicable,1,Daylight,1,Dry,0,None,88,Not Applicable,88,Not Applicable,0,None,88,Not Applicable,88,Not Applicable,3,Intersection-Related,3,T-Intersection,1,No,1,No,88,Not Applicable,88,Not Applicable,88,Not Applicable,88,Not Applicable,TRUE,1,Public Road,1,"Trafficway, On Road",CT0009300,New Haven PD,45403,23:29.0,O,Open,01:21.0,,,,,,,
1354181,1,Complete,1354181,1354181,41.285089,-72.896062,3838407,New Haven,93,93,New Haven,1/19/2026,2026,1,January,19,2,Monday,19:36:00,19,26002514,A,"Injury of any type (Serious, Minor, Possible)",A,Suspected Serious Injury (A),2,0,0,4,Local,1.08,678,WOODWARD AV,WOODWARD AV,,PARK LANE,15,Feet,S,41.285089,-72.896062,15,Parked Motor Vehicle,1,Front to rear,1,On Roadway,2,Cloudy,88,Not Applicable,4,Dark-Lighted,1,Dry,0,None,88,Not Applicable,88,Not Applicable,0,None,88,Not Applicable,88,Not Applicable,1,Non-Junction,1,Not at Intersection,1,No,1,No,88,Not Applicable,88,Not Applicable,88,Not Applicable,88,Not Applicable,FALSE,1,Public Road,1,"Trafficway, On Road",CT0009300,New Haven PD,46622,08:39.0,C,Closed,01:18.0,,,,,,,
1354185,1,Complete,1354185,1354185,41.333065,-72.975571,3838411,New Haven,93,93,New Haven,1/20/2026,2026,1,January,20,3,Tuesday,7:58:00,7,26002543,A,"Injury of any type (Serious, Minor, Possible)",C,Possible Injury (C),2,0,0,3,State,1.16,63,63-N,63-N,WESTERLEIGH RD,,,,,41.333065,-72.975571,14,Motor Vehicle in Operation,3,Angle,1,On Roadway,1,Clear,88,Not Applicable,1,Daylight,1,Dry,0,None,88,Not Applicable,88,Not Applicable,0,None,88,Not Applicable,88,Not Applicable,2,Intersection,3,T-Intersection,1,No,1,No,88,Not Applicable,88,Not Applicable,88,Not Applicable,88,Not Applicable,FALSE,1,Public Road,1,"Trafficway, On Road",CT0009300,New Haven PD,62,36:19.0,C,Closed,01:35.0,,,,,,,
1354186,1,Complete,1354186,1354186,41.308409,-72.924148,3838412,New Haven,93,93,New Haven,1/20/2026,2026,1,January,20,3,Tuesday,8:53:00,8,26002550,A,"Injury of any type (Serious, Minor, Possible)",C,Possible Injury (C),2,0,0,4,Local,0.51,103,CHURCH ST,CHURCH ST,,ELM ST,20,Feet,N,41.308409,-72.924148,14,Motor Vehicle in Operation,3,Angle,1,On Roadway,1,Clear,88,Not Applicable,1,Daylight,1,Dry,0,None,88,Not Applicable,88,Not Applicable,0,None,88,Not Applicable,88,Not Applicable,1,Non-Junction,1,Not at Intersection,1,No,1,No,88,Not Applicable,88,Not Applicable,88,Not Applicable,88,Not Applicable,FALSE,1,Public Road,1,"Trafficway, On Road",CT0009300,New Haven PD,40952,50:11.0,C,Closed,01:37.0,,,,,,,
1354187,1,Complete,1354187,1354187,41.304345,-72.928597,3838413,New Haven,93,93,New Haven,1/20/2026,2026,1,January,20,3,Tuesday,10:16:00,10,26002571,A,"Injury of any type (Serious, Minor, Possible)",C,Possible Injury (C),2,0,0,4,Local,1.2,248,GEORGE ST,GEORGE ST,TEMPLE ST,,,,,41.304345,-72.928597,14,Motor Vehicle in Operation,3,Angle,1,On Roadway,1,Clear,88,Not Applicable,1,Daylight,1,Dry,0,None,88,Not Applicable,88,Not Applicable,0,None,88,Not Applicable,88,Not Applicable,2,Intersection,2,Four-Way Intersection,1,No,1,No,88,Not Applicable,88,Not Applicable,88,Not Applicable,88,Not Applicable,FALSE,1,Public Road,1,"Trafficway, On Road",CT0009300,New Haven PD,33016,50:25.0,C,Closed,01:38.0,,,,,,,
1354195,1,Complete,1354195,1354195,41.318098,-72.914494,3838421,New Haven,93,93,New Haven,1/20/2026,2026,1,January,20,3,Tuesday,19:32:00,19,26002689,A,"Injury of any type (Serious, Minor, Possible)",C,Possible Injury (C),2,0,0,4,Local,0.48,184,EDWARDS ST,EDWARDS ST,,ORANGE ST,15,Feet,E,41.318098,-72.914494,14,Motor Vehicle in Operation,1,Front to rear,1,On Roadway,1,Clear,88,Not Applicable,4,Dark-Lighted,1,Dry,0,None,88,Not Applicable,88,Not Applicable,0,None,88,Not Applicable,88,Not Applicable,3,Intersection-Related,2,Four-Way Intersection,1,No,1,No,88,Not Applicable,88,Not Applicable,88,Not Applicable,88,Not Applicable,TRUE,1,Public Road,1,"Trafficway, On Road",CT0009300,New Haven PD,47005,50:14.0,C,Closed,01:52.0,,,,,,,
1354699,1,Complete,1354699,1354699,41.317347,-72.897489,3838925,New Haven,93,93,New Haven,1/13/2026,2026,1,January,13,3,Tuesday,22:53:00,22,26001683,A,"Injury of any type (Serious, Minor, Possible)",C,Possible Injury (C),2,0,1,4,Local,0.17,213,FERRY ST,FERRY ST,,DOVER ST ,30,Feet,S,41.317347,-72.897489,14,Motor Vehicle in Operation,1,Front to rear,2,Shoulder,1,Clear,88,Not Applicable,4,Dark-Lighted,1,Dry,0,None,88,Not Applicable,88,Not Applicable,0,None,88,Not Applicable,88,Not Applicable,1,Non-Junction,1,Not at Intersection,1,No,1,No,88,Not Applicable,88,Not Applicable,88,Not Applicable,88,Not Applicable,FALSE,1,Public Road,1,"Trafficway, On Road",CT0009300,New Haven PD,370,41:20.0,C,Closed,01:02.0,,,,,,,
1354702,1,Complete,1354702,1354702,41.310826,-72.934908,3838928,New Haven,93,93,New Haven,1/21/2026,2026,1,January,21,4,Wednesday,7:59:00,7,26002725,A,"Injury of any type (Serious, Minor, Possible)",C,Possible Injury (C),2,0,0,4,Local,1.97,179,EDGEWOOD AV,EDGEWOOD AV,,HOWE ST,105,Feet,W,41.310826,-72.934908,14,Motor Vehicle in Operation,1,Front to rear,1,On Roadway,1,Clear,88,Not Applicable,1,Daylight,1,Dry,3,Glare,88,Not Applicable,88,Not Applicable,0,None,88,Not Applicable,88,Not Applicable,1,Non-Junction,1,Not at Intersection,1,No,1,No,88,Not Applicable,88,Not Applicable,88,Not Applicable,88,Not Applicable,FALSE,1,Public Road,1,"Trafficway, On Road",CT0009300,New Haven PD,503,21:21.0,C,Closed,01:03.0,,,,,,,
1354704,1,Complete,1354704,1354704,41.312622,-72.940684,3838930,New Haven,93,93,New Haven,1/21/2026,2026,1,January,21,4,Wednesday,16:43:00,16,26002795,A,"Injury of any type (Serious, Minor, Possible)",C,Possible Injury (C),2,0,0,4,Local,0.79,453,ORCHARD ST,ORCHARD ST,,EDGEWOOD AVE,60,Feet,N,41.312622,-72.940684,14,Motor Vehicle in Operation,6,Rear to side,1,On Roadway,1,Clear,88,Not Applicable,3,Dusk,1,Dry,0,None,88,Not Applicable,88,Not Applicable,0,None,88,Not Applicable,88,Not Applicable,9,Driveway Access-Related,1,Not at Intersection,1,No,1,No,88,Not Applicable,88,Not Applicable,88,Not Applicable,88,Not Applicable,FALSE,1,Public Road,1,"Trafficway, On Road",CT0009300,New Haven PD,48507,04:43.0,C,Closed,01:10.0,,,,,,,
1355069,1,Complete,1355069,1355069,41.315274,-72.89702,3839295,New Haven,93,93,New Haven,1/8/2026,2026,1,January,8,5,Thursday,19:41:00,19,26000974,A,"Injury of any type (Serious, Minor, Possible)",A,Suspected Serious Injury (A),3,0,0,4,Local,0.31,213,FERRY ST,FERRY ST,,LOMBARD STREET,35,Feet,N,41.315274,-72.89702,14,Motor Vehicle in Operation,97,Other,1,On Roadway,1,Clear,88,Not Applicable,4,Dark-Lighted,1,Dry,0,None,88,Not Applicable,88,Not Applicable,0,None,88,Not Applicable,88,Not Applicable,3,Intersection-Related,2,Four-Way Intersection,1,No,1,No,88,Not Applicable,88,Not Applicable,88,Not Applicable,88,Not Applicable,FALSE,1,Public Road,1,"Trafficway, On Road",CT0009300,New Haven PD,370,20:15.0,C,Closed,00:30.0,,,,,,,
1355070,1,Complete,1355070,1355070,41.334434,-72.926953,3839296,New Haven,93,93,New Haven,1/13/2026,2026,1,January,13,3,Tuesday,7:51:00,7,26001518,A,"Injury of any type (Serious, Minor, Possible)",C,Possible Injury (C),1,1,1,4,Local,0.01,434,NEWHALL ST,NEWHALL ST,,LANDER ST,100,Feet,N,41.334434,-72.926953,9,Pedestrian,88,Not Applicable,2,Shoulder,1,Clear,88,Not Applicable,1,Daylight,1,Dry,0,None,88,Not Applicable,88,Not Applicable,0,None,88,Not Applicable,88,Not Applicable,1,Non-Junction,1,Not at Intersection,1,No,1,No,88,Not Applicable,88,Not Applicable,88,Not Applicable,88,Not Applicable,FALSE,1,Public Road,1,"Trafficway, On Road",CT0009300,New Haven PD,40799,23:23.0,C,Closed,00:13.0,,,,,,,
1355075,1,Complete,1355075,1355075,41.316249,-72.916268,3839301,New Haven,93,93,New Haven,1/15/2026,2026,1,January,15,5,Thursday,12:30:00,12,26001916,A,"Injury of any type (Serious, Minor, Possible)",C,Possible Injury (C),1,0,0,4,Local,0.2,316,HUMPHREY ST,HUMPHREY ST,Orange St ,,,,,41.316249,-72.916268,25,Curb,88,Not Applicable,4,Roadside,1,Clear,88,Not Applicable,1,Daylight,1,Dry,97,Other,88,Not Applicable,88,Not Applicable,0,None,88,Not Applicable,88,Not Applicable,2,Intersection,2,Four-Way Intersection,1,No,1,No,88,Not Applicable,88,Not Applicable,88,Not Applicable,88,Not Applicable,FALSE,1,Public Road,1,"Trafficway, On Road",CT0009300,New Haven PD,40799,35:26.0,C,Closed,00:19.0,,,,,,,
1355084,1,Complete,1355084,1355084,41.307187,-72.899041,3839310,New Haven,93,93,New Haven,1/21/2026,2026,1,January,21,4,Wednesday,21:58:00,21,26002812,A,"Injury of any type (Serious, Minor, Possible)",C,Possible Injury (C),2,0,0,4,Local,0.28,57,BLATCHLEY AV,BLATCHLEY AV,EXCHANGE ST,,,,,41.307187,-72.899041,14,Motor Vehicle in Operation,3,Angle,1,On Roadway,1,Clear,88,Not Applicable,4,Dark-Lighted,1,Dry,0,None,88,Not Applicable,88,Not Applicable,0,None,88,Not Applicable,88,Not Applicable,2,Intersection,2,Four-Way Intersection,1,No,1,No,88,Not Applicable,88,Not Applicable,88,Not Applicable,88,Not Applicable,FALSE,1,Public Road,1,"Trafficway, On Road",CT0009300,New Haven PD,44055,22:03.0,C,Closed,00:22.0,,,,,,,
1355085,1,Complete,1355085,1355085,41.32249207,-72.87840286,3839311,New Haven,93,93,New Haven,1/22/2026,2026,1,January,22,5,Thursday,7:05:00,7,26002848,A,"Injury of any type (Serious, Minor, Possible)",C,Possible Injury (C),2,0,0,3,State,0.18,80,80-E,80-E,,QUINNIPIAC AVE,1330,Feet,W,41.32249207,-72.87840286,14,Motor Vehicle in Operation,3,Angle,1,On Roadway,1,Clear,88,Not Applicable,1,Daylight,1,Dry,0,None,88,Not Applicable,88,Not Applicable,0,None,88,Not Applicable,88,Not Applicable,1,Non-Junction,1,Not at Intersection,1,No,1,No,88,Not Applicable,88,Not Applicable,88,Not Applicable,88,Not Applicable,FALSE,1,Public Road,1,"Trafficway, On Road",CT0009300,New Haven PD,40807,40:23.0,C,Closed,00:23.0,,,,,,,
1355747,1,Complete,1355747,1355747,41.312216,-72.880495,3839973,New Haven,93,93,New Haven,1/16/2026,2026,1,January,16,6,Friday,16:32:00,16,26002109,A,"Injury of any type (Serious, Minor, Possible)",C,Possible Injury (C),2,0,0,4,Local,1.53,498,QUINNIPIAC AV,QUINNIPIAC AV,,RUNO TERR,450,Feet,N,41.312216,-72.880495,14,Motor Vehicle in Operation,1,Front to rear,1,On Roadway,1,Clear,88,Not Applicable,4,Dark-Lighted,1,Dry,0,None,88,Not Applicable,88,Not Applicable,0,None,88,Not Applicable,88,Not Applicable,9,Driveway Access-Related,1,Not at Intersection,1,No,1,No,88,Not Applicable,88,Not Applicable,88,Not Applicable,88,Not Applicable,FALSE,1,Public Road,1,"Trafficway, On Road",CT0009300,New Haven PD,42049,43:53.0,C,Closed,00:40.0,,,,,,,
1355752,1,Complete,1355752,1355752,41.328266,-72.941659,3839978,New Haven,93,93,New Haven,1/22/2026,2026,1,January,22,5,Thursday,17:15:00,17,26002953,A,"Injury of any type (Serious, Minor, Possible)",C,Possible Injury (C),1,0,0,4,Local,0.56,133,CRESCENT ST,CRESCENT ST,,ELLSWORTH AVE,20,Feet,S,41.328266,-72.941659,32,Tree (standing),88,Not Applicable,1,On Roadway,1,Clear,88,Not Applicable,4,Dark-Lighted,1,Dry,0,None,88,Not Applicable,88,Not Applicable,0,None,88,Not Applicable,88,Not Applicable,1,Non-Junction,1,Not at Intersection,1,No,1,No,88,Not Applicable,88,Not Applicable,88,Not Applicable,88,Not Applicable,FALSE,1,Public Road,1,"Trafficway, On Road",CT0009300,New Haven PD,45700,16:44.0,C,Closed,00:44.0,,,,,,,
1355757,1,Complete,1355757,1355757,41.320164,-72.870103,3839983,New Haven,93,93,New Haven,1/23/2026,2026,1,January,23,6,Friday,10:18:00,10,26003033,A,"Injury of any type (Serious, Minor, Possible)",B,Suspected Minor Injury (B),2,0,1,3,State,0.65,80,80-E,80-E,,OLD FOXON ROAD,359,Feet,W,41.320164,-72.870103,14,Motor Vehicle in Operation,3,Angle,1,On Roadway,1,Clear,88,Not Applicable,1,Daylight,1,Dry,0,None,88,Not Applicable,88,Not Applicable,0,None,88,Not Applicable,88,Not Applicable,2,Intersection,2,Four-Way Intersection,1,No,1,No,88,Not Applicable,88,Not Applicable,88,Not Applicable,88,Not Applicable,FALSE,1,Public Road,1,"Trafficway, On Road",CT0009300,New Haven PD,48660,37:43.0,C,Closed,01:01.0,,,,,,,
1355763,1,Complete,1355763,1355763,41.327226,-72.967646,3839989,New Haven,93,93,New Haven,1/24/2026,2026,1,January,24,7,Saturday,17:31:00,17,26003167,A,"Injury of any type (Serious, Minor, Possible)",B,Suspected Minor Injury (B),1,1,0,3,State,6.24,243,243-W,243-W,,FOREST RD,100,Feet,E,41.327226,-72.967646,9,Pedestrian,88,Not Applicable,1,On Roadway,1,Clear,88,Not Applicable,5,Dark-Not Lighted,1,Dry,0,None,88,Not Applicable,88,Not Applicable,0,None,88,Not Applicable,88,Not Applicable,1,Non-Junction,1,Not at Intersection,1,No,1,No,88,Not Applicable,88,Not Applicable,88,Not Applicable,88,Not Applicable,FALSE,1,Public Road,1,"Trafficway, On Road",CT0009300,New Haven PD,45630,25:50.0,C,Closed,01:06.0,,,,,,,
1355764,1,Complete,1355764,1355764,41.320297,-72.970042,3839990,New Haven,93,93,New Haven,1/24/2026,2026,1,January,24,7,Saturday,20:04:00,20,26003180,A,"Injury of any type (Serious, Minor, Possible)",C,Possible Injury (C),2,0,0,4,Local,0,179,EDGEWOOD AV,EDGEWOOD AV,Forest Road,,,,,41.320297,-72.970042,14,Motor Vehicle in Operation,3,Angle,1,On Roadway,1,Clear,88,Not Applicable,4,Dark-Lighted,1,Dry,0,None,88,Not Applicable,88,Not Applicable,0,None,88,Not Applicable,88,Not Applicable,2,Intersection,2,Four-Way Intersection,1,No,1,No,88,Not Applicable,88,Not Applicable,88,Not Applicable,88,Not Applicable,FALSE,1,Public Road,1,"Trafficway, On Road",CT0009300,New Haven PD,45700,05:14.0,C,Closed,01:07.0,,,,,,,
1355766,1,Complete,1355766,1355766,41.29087,-72.935662,3839992,New Haven,93,93,New Haven,1/23/2026,2026,1,January,23,6,Friday,16:18:00,16,263066,A,"Injury of any type (Serious, Minor, Possible)",B,Suspected Minor Injury (B),1,1,0,4,Local,0.26,350,LAMBERTON ST,LAMBERTON ST,,BUTTON ST,100,Feet,E,41.29087,-72.935662,9,Pedestrian,88,Not Applicable,1,On Roadway,1,Clear,88,Not Applicable,1,Daylight,1,Dry,0,None,88,Not Applicable,88,Not Applicable,0,None,88,Not Applicable,88,Not Applicable,1,Non-Junction,1,Not at Intersection,1,No,1,No,88,Not Applicable,88,Not Applicable,88,Not Applicable,88,Not Applicable,FALSE,1,Public Road,1,"Trafficway, On Road",CT0009300,New Haven PD,48509,42:25.0,C,Closed,00:57.0,,,,,,,
1356049,1,Complete,1356049,1356049,41.321138,-72.87167,3840275,New Haven,93,93,New Haven,1/24/2026,2026,1,January,24,7,Saturday,2:49:00,2,26003129,A,"Injury of any type (Serious, Minor, Possible)",B,Suspected Minor Injury (B),2,0,0,4,Local,1,167,EASTERN ST,EASTERN ST,,FOXON BLVD,300,Feet,N,41.321138,-72.87167,14,Motor Vehicle in Operation,1,Front to rear,1,On Roadway,1,Clear,88,Not Applicable,4,Dark-Lighted,1,Dry,0,None,88,Not Applicable,88,Not Applicable,0,None,88,Not Applicable,88,Not Applicable,1,Non-Junction,1,Not at Intersection,1,No,1,No,88,Not Applicable,88,Not Applicable,88,Not Applicable,88,Not Applicable,TRUE,1,Public Road,1,"Trafficway, On Road",CT0009300,New Haven PD,47738,08:58.0,C,Closed,01:09.0,,,,,,,
1356425,1,Complete,1356425,1356425,41.30591,-72.946446,3840651,New Haven,93,93,New Haven,1/22/2026,2026,1,January,22,5,Thursday,11:08:00,11,26002853,A,"Injury of any type (Serious, Minor, Possible)",C,Possible Injury (C),2,0,0,4,Local,0.31,360,LEGION AV,LEGION AV,,WINTHROP AVE,100,Feet,E,41.30591,-72.946446,14,Motor Vehicle in Operation,1,Front to rear,1,On Roadway,1,Clear,88,Not Applicable,1,Daylight,1,Dry,0,None,88,Not Applicable,88,Not Applicable,0,None,88,Not Applicable,88,Not Applicable,1,Non-Junction,1,Not at Intersection,1,No,1,No,88,Not Applicable,88,Not Applicable,88,Not Applicable,88,Not Applicable,FALSE,1,Public Road,1,"Trafficway, On Road",CT0009300,New Haven PD,48658,34:26.0,C,Closed,00:33.0,,,,,,,
1356427,1,Complete,1356427,1356427,41.308976,-72.895444,3840653,New Haven,93,93,New Haven,1/27/2026,2026,1,January,27,3,Tuesday,7:58:00,7,26003313,A,"Injury of any type (Serious, Minor, Possible)",B,Suspected Minor Injury (B),2,0,0,4,Local,0.75,213,FERRY ST,FERRY ST,GRAND AVE,,,,,41.308976,-72.895444,14,Motor Vehicle in Operation,4,"Sideswipe, same direction",1,On Roadway,1,Clear,88,Not Applicable,1,Daylight,3,Snow,0,None,88,Not Applicable,88,Not Applicable,0,None,88,Not Applicable,88,Not Applicable,2,Intersection,2,Four-Way Intersection,1,No,1,No,88,Not Applicable,88,Not Applicable,88,Not Applicable,88,Not Applicable,FALSE,1,Public Road,1,"Trafficway, On Road",CT0009300,New Haven PD,42057,47:14.0,C,Closed,00:19.0,,,,,,,
1356435,1,Complete,1356435,1356435,41.30148176,-72.941462,3840661,New Haven,93,93,New Haven,1/27/2026,2026,1,January,27,3,Tuesday,9:43:00,9,26003336,A,"Injury of any type (Serious, Minor, Possible)",C,Possible Injury (C),2,0,0,4,Local,0.43,141,DAVENPORT AV,DAVENPORT AV,,KOSSUTH ST,36,Feet,E,41.30148176,-72.941462,14,Motor Vehicle in Operation,1,Front to rear,1,On Roadway,7,Snow,88,Not Applicable,1,Daylight,3,Snow,0,None,88,Not Applicable,88,Not Applicable,0,None,88,Not Applicable,88,Not Applicable,1,Non-Junction,1,Not at Intersection,1,No,1,No,88,Not Applicable,88,Not Applicable,88,Not Applicable,88,Not Applicable,TRUE,1,Public Road,1,"Trafficway, On Road",CT0009300,New Haven PD,301,45:55.0,C,Closed,00:27.0,,,,,,,
1356446,1,Complete,1356446,1356446,41.31719,-72.912692,3840672,New Haven,93,93,New Haven,1/27/2026,2026,1,January,27,3,Tuesday,18:40:00,18,26003416,A,"Injury of any type (Serious, Minor, Possible)",C,Possible Injury (C),2,0,0,4,Local,0.6,184,EDWARDS ST,EDWARDS ST,,FOSTER ST,70,Feet,W,41.31719,-72.912692,14,Motor Vehicle in Operation,2,Front to front,1,On Roadway,1,Clear,88,Not Applicable,4,Dark-Lighted,3,Snow,0,None,88,Not Applicable,88,Not Applicable,0,None,88,Not Applicable,88,Not Applicable,1,Non-Junction,1,Not at Intersection,1,No,1,No,88,Not Applicable,88,Not Applicable,88,Not Applicable,88,Not Applicable,FALSE,1,Public Road,1,"Trafficway, On Road",CT0009300,New Haven PD,87,23:51.0,C,Closed,00:35.0,,,,,,,
1356780,1,Complete,1356780,1356780,41.308481,-72.902757,3841006,New Haven,93,93,New Haven,1/28/2026,2026,1,January,28,4,Wednesday,9:16:00,9,26003467,A,"Injury of any type (Serious, Minor, Possible)",C,Possible Injury (C),3,0,0,4,Local,0.9,264,GRAND AV,GRAND AV,,JAMES ST,100,Feet,E,41.308481,-72.902757,14,Motor Vehicle in Operation,97,Other,1,On Roadway,1,Clear,88,Not Applicable,1,Daylight,2,Wet,0,None,88,Not Applicable,88,Not Applicable,0,None,88,Not Applicable,88,Not Applicable,1,Non-Junction,1,Not at Intersection,1,No,1,No,88,Not Applicable,88,Not Applicable,88,Not Applicable,88,Not Applicable,FALSE,1,Public Road,1,"Trafficway, On Road",CT0009300,New Haven PD,45629,08:02.0,C,Closed,01:06.0,,,,,,,
1356784,1,Complete,1356784,1356784,41.316573,-72.926678,3841010,New Haven,93,93,New Haven,1/28/2026,2026,1,January,28,4,Wednesday,11:28:00,11,26003490,A,"Injury of any type (Serious, Minor, Possible)",C,Possible Injury (C),2,0,0,4,Local,0.03,669,WINCHESTER AV,WINCHESTER AV,,SACHEM ST,157,Feet,N,41.316573,-72.926678,14,Motor Vehicle in Operation,4,"Sideswipe, same direction",1,On Roadway,7,Snow,88,Not Applicable,1,Daylight,3,Snow,1,Weather Conditions,88,Not Applicable,88,Not Applicable,5,"Road Surface Condition (wet, icy, snow, slush, etc.)",88,Not Applicable,88,Not Applicable,11,Through Roadway,1,Not at Intersection,1,No,1,No,88,Not Applicable,88,Not Applicable,88,Not Applicable,88,Not Applicable,FALSE,1,Public Road,1,"Trafficway, On Road",CT0009300,New Haven PD,991,55:29.0,C,Closed,01:23.0,,,,,,,
1356791,1,Complete,1356791,1356791,41.304374,-72.942605,3841017,New Haven,93,93,New Haven,1/28/2026,2026,1,January,28,4,Wednesday,17:28:00,17,26003544,A,"Injury of any type (Serious, Minor, Possible)",C,Possible Injury (C),2,0,0,4,Local,0.28,585,SYLVAN AV,SYLVAN AV,ORCHARD ST,,,,,41.304374,-72.942605,14,Motor Vehicle in Operation,3,Angle,1,On Roadway,1,Clear,88,Not Applicable,4,Dark-Lighted,3,Snow,0,None,88,Not Applicable,88,Not Applicable,5,"Road Surface Condition (wet, icy, snow, slush, etc.)",88,Not Applicable,88,Not Applicable,2,Intersection,2,Four-Way Intersection,1,No,1,No,88,Not Applicable,88,Not Applicable,88,Not Applicable,88,Not Applicable,FALSE,1,Public Road,1,"Trafficway, On Road",CT0009300,New Haven PD,45394,09:18.0,C,Closed,01:33.0,,,,,,,