CrashId,Fatal Case Status,Fatal Case Status Text Format,CrashId,CrashId,Latitude,Longitude,DOT Case Number,Town Name,Town Number,Town Number,Town Number Text Format,Date Of Crash,Year,Month,Month Text Format,Day,Day of the Week,Day of the Week Text Format,Time of Crash,Hour of the Day,Case Identifier,Crash Severity,Crash Severity Text Format,Most Severe Injury,Most Severe Injury Text Format,Number Of Motor Vehicles,Number Of Non-Motorist,Number Of Witnesses,Route Class,Route Class Text Format,Milemarker,Road Number,Road Description,Roadway Name,Intersecting Roadway Name,Landmark Description,Distance From Nearest Landmark,Unit Of Measure From Nearest Landmark,Direction From Nearest Landmark,Latitude,Longitude,First Harmful Event,First Harmful Event Text Format,Manner of Crash / Collision Impact,Manner of Crash / Collision Impact Text Format,Location of First Harmful Event,Location of First Harmful Event Text Format,Weather Condition,Weather Condition Text Format,Weather 2,Weather 2 Text Format,Light Condition,Light Condition Text Format,Road Surface Condition,Road Surface Condition Text Format,"Contributing Circumstances, Environment","Contributing Circumstances, Environment Text Format",Environment 2,Environment 2 Text Format,Environment 3,Environment 3 Text Format,"Contributing Circumstances, Road","Contributing Circumstances, Road Text Format",Road 2,Road 2 Text Format,Road 3,Road 3 Text Format,Crash Specific Location,Crash Specific Location Text Format,Type of Intersection,Type of Intersection Text Format,School Bus Related,School Bus Related Text Format,Work Zone Related,Work Zone Related Text Format,Location Of Crash Relative To Work Zone,Location Of Crash Relative To Work Zone Text Format,Type of Work Zone,Type of Work Zone Text Format,Worker Presence,Worker Presence Text Format,Law Enforcement Presence,Law Enforcement Presence Text Format,Were Vehicles Moved Prior To Police Arrival,Trafficway Ownership,Trafficway Ownership Text Format,Trafficway Class,Trafficway Class Text Format,Police Agency,Police Agency Text Format,Badge Number,Approval Date,Police Case Status,Police Case Status Text Format,Crash Report Submission Date,Related Case Identifiers,No. of Through Lanes (Log Dir.),Average Daily Traffic,Functional Classification,Functional Classification Text Format,Rural or Urban,Rural or Urban Text Format
1357217,1,Complete,1357217,1357217,41.26829281,-72.89689157,3841443,New Haven,93,93,New Haven,1/27/2026,2026,1,January,27,3,Tuesday,14:09:00,14,26003366,A,"Injury of any type (Serious, Minor, Possible)",C,Possible Injury (C),2,0,0,3,State,1.5,337,337-E,337-E,,CONCORD ST,50,Feet,S,41.26829281,-72.89689157,14,Motor Vehicle in Operation,1,Front to rear,1,On Roadway,1,Clear,88,Not Applicable,1,Daylight,4,Slush,0,None,88,Not Applicable,88,Not Applicable,0,None,88,Not Applicable,88,Not Applicable,3,Intersection-Related,2,Four-Way Intersection,1,No,1,No,88,Not Applicable,88,Not Applicable,88,Not Applicable,88,Not Applicable,FALSE,1,Public Road,1,"Trafficway, On Road",CT0009300,New Haven PD,156,07:48.0,C,Closed,00:15.0,,,,,,,
1357220,1,Complete,1357220,1357220,41.29879,-72.949558,3841446,New Haven,93,93,New Haven,1/28/2026,2026,1,January,28,4,Wednesday,14:48:00,14,26003525,A,"Injury of any type (Serious, Minor, Possible)",C,Possible Injury (C),3,0,0,3,State,1.57,10,10-N,10-N,,COLUMBUS AVE,500,Feet,N,41.29879,-72.949558,14,Motor Vehicle in Operation,1,Front to rear,1,On Roadway,1,Clear,88,Not Applicable,1,Daylight,1,Dry,0,None,88,Not Applicable,88,Not Applicable,0,None,88,Not Applicable,88,Not Applicable,1,Non-Junction,1,Not at Intersection,1,No,1,No,88,Not Applicable,88,Not Applicable,88,Not Applicable,88,Not Applicable,FALSE,1,Public Road,1,"Trafficway, On Road",CT0009300,New Haven PD,48654,40:43.0,C,Closed,00:17.0,,,,,,,
1357223,1,Complete,1357223,1357223,41.324025,-72.881301,3841449,New Haven,93,93,New Haven,1/29/2026,2026,1,January,29,5,Thursday,7:13:00,7,26003604,A,"Injury of any type (Serious, Minor, Possible)",A,Suspected Serious Injury (A),2,0,0,3,State,0.24,17,17-N,17-N,,FOXON BLVD,100,Feet,N,41.324025,-72.881301,14,Motor Vehicle in Operation,1,Front to rear,1,On Roadway,1,Clear,88,Not Applicable,1,Daylight,1,Dry,0,None,88,Not Applicable,88,Not Applicable,0,None,88,Not Applicable,88,Not Applicable,3,Intersection-Related,3,T-Intersection,1,No,1,No,88,Not Applicable,88,Not Applicable,88,Not Applicable,88,Not Applicable,FALSE,1,Public Road,1,"Trafficway, On Road",CT0009300,New Haven PD,44056,37:59.0,C,Closed,00:11.0,,,,,,,
1357229,1,Complete,1357229,1357229,41.308187,-72.95167,3841455,New Haven,93,93,New Haven,1/29/2026,2026,1,January,29,5,Thursday,10:37:00,10,26003631,A,"Injury of any type (Serious, Minor, Possible)",C,Possible Injury (C),2,0,0,4,Local,0.07,333,JUDSON AV,JUDSON AV,,PORTER ST,65,Feet,W,41.308187,-72.95167,14,Motor Vehicle in Operation,3,Angle,1,On Roadway,1,Clear,88,Not Applicable,1,Daylight,3,Snow,0,None,88,Not Applicable,88,Not Applicable,0,None,88,Not Applicable,88,Not Applicable,1,Non-Junction,1,Not at Intersection,1,No,1,No,88,Not Applicable,88,Not Applicable,88,Not Applicable,88,Not Applicable,TRUE,1,Public Road,1,"Trafficway, On Road",CT0009300,New Haven PD,797,47:00.0,C,Closed,00:12.0,,,,,,,
1357230,1,Complete,1357230,1357230,41.310558,-72.929638,3841456,New Haven,93,93,New Haven,1/29/2026,2026,1,January,29,5,Thursday,11:08:00,11,26003635,A,"Injury of any type (Serious, Minor, Possible)",C,Possible Injury (C),2,0,0,4,Local,0.22,726,ELM ST NO 2,ELM ST NO 2,,YORK ST,100,Feet,E,41.310558,-72.929638,14,Motor Vehicle in Operation,4,"Sideswipe, same direction",1,On Roadway,7,Snow,88,Not Applicable,1,Daylight,3,Snow,0,None,88,Not Applicable,88,Not Applicable,0,None,88,Not Applicable,88,Not Applicable,1,Non-Junction,1,Not at Intersection,1,No,1,No,88,Not Applicable,88,Not Applicable,88,Not Applicable,88,Not Applicable,TRUE,1,Public Road,1,"Trafficway, On Road",CT0009300,New Haven PD,45630,51:33.0,C,Closed,00:13.0,,,,,,,
1359864,1,Complete,1359864,1359864,41.31786685,-72.9457407,3843097,New Haven,93,93,New Haven,5/24/2025,2025,5,May,24,7,Saturday,2:08:00,2,25020409,A,"Injury of any type (Serious, Minor, Possible)",C,Possible Injury (C),2,0,0,4,Local,0.18,653,WHALLEY AV,WHALLEY AV,,NORTON ST,25,Feet,E,41.31786685,-72.9457407,14,Motor Vehicle in Operation,1,Front to rear,1,On Roadway,1,Clear,88,Not Applicable,4,Dark-Lighted,1,Dry,0,None,88,Not Applicable,88,Not Applicable,0,None,88,Not Applicable,88,Not Applicable,3,Intersection-Related,2,Four-Way Intersection,1,No,1,No,88,Not Applicable,88,Not Applicable,88,Not Applicable,88,Not Applicable,FALSE,1,Public Road,1,"Trafficway, On Road",CT0009300,New Haven PD,44175,49:23.0,C,Closed,01:53.0,,,,,,,
1359871,1,Complete,1359871,1359871,41.31857,-72.90294,3843104,New Haven,93,93,New Haven,1/22/2026,2026,1,January,22,5,Thursday,8:40:00,8,26002863,A,"Injury of any type (Serious, Minor, Possible)",C,Possible Injury (C),1,1,0,4,Local,0.11,666,WILLOW ST,WILLOW ST,91-N-141 (Exit 6),,,,,41.31857,-72.90294,9,Pedestrian,88,Not Applicable,1,On Roadway,1,Clear,88,Not Applicable,1,Daylight,1,Dry,99,Unknown,88,Not Applicable,88,Not Applicable,0,None,88,Not Applicable,88,Not Applicable,2,Intersection,3,T-Intersection,1,No,1,No,88,Not Applicable,88,Not Applicable,88,Not Applicable,88,Not Applicable,FALSE,1,Public Road,1,"Trafficway, On Road",CT0009300,New Haven PD,36335,02:03.0,O,Open,02:26.0,,,,,,,
1359872,1,Complete,1359872,1359872,41.329027,-72.932459,3843105,New Haven,93,93,New Haven,1/22/2026,2026,1,January,22,5,Thursday,17:08:00,17,26002952,A,"Injury of any type (Serious, Minor, Possible)",C,Possible Injury (C),1,1,0,4,Local,0.3,720,HAZEL ST,HAZEL ST,SHELTON AVE,,,,,41.329027,-72.932459,11,Other Non-motorist,88,Not Applicable,1,On Roadway,1,Clear,88,Not Applicable,4,Dark-Lighted,1,Dry,0,None,88,Not Applicable,88,Not Applicable,0,None,88,Not Applicable,88,Not Applicable,2,Intersection,2,Four-Way Intersection,1,No,1,No,88,Not Applicable,88,Not Applicable,88,Not Applicable,88,Not Applicable,TRUE,1,Public Road,1,"Trafficway, On Road",CT0009300,New Haven PD,45399,42:23.0,C,Closed,02:05.0,,,,,,,
1359873,1,Complete,1359873,1359873,41.309296,-72.935461,3843106,New Haven,93,93,New Haven,1/23/2026,2026,1,January,23,6,Friday,15:05:00,15,26003057,A,"Injury of any type (Serious, Minor, Possible)",C,Possible Injury (C),2,0,1,4,Local,0.24,310,HOWE ST,HOWE ST,CHAPEL ST,,,,,41.309296,-72.935461,14,Motor Vehicle in Operation,3,Angle,1,On Roadway,1,Clear,88,Not Applicable,1,Daylight,1,Dry,0,None,88,Not Applicable,88,Not Applicable,0,None,88,Not Applicable,88,Not Applicable,2,Intersection,2,Four-Way Intersection,1,No,1,No,88,Not Applicable,88,Not Applicable,88,Not Applicable,88,Not Applicable,FALSE,1,Public Road,1,"Trafficway, On Road",CT0009300,New Haven PD,45398,36:47.0,C,Closed,02:21.0,,,,,,,
1359890,1,Complete,1359890,1359890,41.3269,-72.87949,3843123,New Haven,93,93,New Haven,1/29/2026,2026,1,January,29,5,Thursday,22:26:00,22,26003744,A,"Injury of any type (Serious, Minor, Possible)",C,Possible Injury (C),2,0,1,3,State,0.45,17,17-N,17-N,BARNES AVE,,,,,41.3269,-72.87949,14,Motor Vehicle in Operation,3,Angle,1,On Roadway,1,Clear,88,Not Applicable,4,Dark-Lighted,1,Dry,0,None,88,Not Applicable,88,Not Applicable,0,None,88,Not Applicable,88,Not Applicable,2,Intersection,3,T-Intersection,1,No,1,No,88,Not Applicable,88,Not Applicable,88,Not Applicable,88,Not Applicable,TRUE,1,Public Road,1,"Trafficway, On Road",CT0009300,New Haven PD,47005,57:58.0,C,Closed,02:35.0,,,,,,,
1359913,1,Complete,1359913,1359913,41.303678,-72.915393,3843146,New Haven,93,93,New Haven,1/31/2026,2026,1,January,31,7,Saturday,7:21:00,7,26003905,A,"Injury of any type (Serious, Minor, Possible)",C,Possible Injury (C),1,0,0,4,Local,1.19,97,CHAPEL ST,CHAPEL ST,,CHESTNUT ST,100,Feet,E,41.303678,-72.915393,27,Embankment,88,Not Applicable,1,On Roadway,1,Clear,88,Not Applicable,1,Daylight,1,Dry,0,None,88,Not Applicable,88,Not Applicable,0,None,88,Not Applicable,88,Not Applicable,1,Non-Junction,1,Not at Intersection,1,No,1,No,88,Not Applicable,88,Not Applicable,88,Not Applicable,88,Not Applicable,FALSE,1,Public Road,1,"Trafficway, On Road",CT0009300,New Haven PD,44953,52:51.0,C,Closed,03:11.0,,,,,,,
1359917,1,Complete,1359917,1359917,41.30496,-72.922738,3843150,New Haven,93,93,New Haven,1/31/2026,2026,1,January,31,7,Saturday,10:25:00,10,26003919,A,"Injury of any type (Serious, Minor, Possible)",B,Suspected Minor Injury (B),2,0,0,4,Local,1.33,575,STATE ST,STATE ST,,Chapel Street,10,Feet,N,41.30496,-72.922738,14,Motor Vehicle in Operation,4,"Sideswipe, same direction",1,On Roadway,1,Clear,88,Not Applicable,1,Daylight,2,Wet,0,None,88,Not Applicable,88,Not Applicable,8,Work Zone (construction / maintenance / utility),88,Not Applicable,88,Not Applicable,3,Intersection-Related,2,Four-Way Intersection,1,No,2,Yes,4,Activity Area,2,Lane Shift / Crossover,1,No,1,No,FALSE,1,Public Road,1,"Trafficway, On Road",CT0009300,New Haven PD,45630,05:19.0,C,Closed,02:46.0,,,,,,,
1359926,1,Complete,1359926,1359926,41.303523,-72.894214,3843159,New Haven,93,93,New Haven,2/1/2026,2026,2,February,1,1,Sunday,0:28:00,0,26003988,A,"Injury of any type (Serious, Minor, Possible)",C,Possible Injury (C),1,0,0,4,Local,0.01,514,RIVER ST,RIVER ST,,Ferry Street,5,Feet,E,41.303523,-72.894214,33,Utility Pole/Light Support,88,Not Applicable,4,Roadside,1,Clear,88,Not Applicable,4,Dark-Lighted,5,Ice / Frost,0,None,88,Not Applicable,88,Not Applicable,5,"Road Surface Condition (wet, icy, snow, slush, etc.)",88,Not Applicable,88,Not Applicable,3,Intersection-Related,3,T-Intersection,1,No,1,No,88,Not Applicable,88,Not Applicable,88,Not Applicable,88,Not Applicable,FALSE,1,Public Road,1,"Trafficway, On Road",CT0009300,New Haven PD,42055,46:23.0,C,Closed,03:09.0,,,,,,,
1359933,1,Complete,1359933,1359933,41.297298,-72.948879,3843166,New Haven,93,93,New Haven,2/2/2026,2026,2,February,2,2,Monday,10:47:00,10,26004146,A,"Injury of any type (Serious, Minor, Possible)",C,Possible Injury (C),1,1,0,3,State,1.46,10,10-N,10-N,,ORANGE AVE,40,Feet,S,41.297298,-72.948879,9,Pedestrian,88,Not Applicable,1,On Roadway,1,Clear,1,Clear,1,Daylight,1,Dry,0,None,88,Not Applicable,88,Not Applicable,0,None,88,Not Applicable,88,Not Applicable,3,Intersection-Related,2,Four-Way Intersection,1,No,1,No,88,Not Applicable,88,Not Applicable,88,Not Applicable,88,Not Applicable,TRUE,1,Public Road,1,"Trafficway, On Road",CT0009300,New Haven PD,10,46:50.0,C,Closed,01:45.0,,,,,,,
1359937,1,Complete,1359937,1359937,41.320886,-72.920028,3843170,New Haven,93,93,New Haven,2/2/2026,2026,2,February,2,2,Monday,12:29:00,12,26004169,A,"Injury of any type (Serious, Minor, Possible)",C,Possible Injury (C),2,0,0,4,Local,0.07,540,ST RONAN ST,ST RONAN ST,,LAWRENCE ST,50,Feet,S,41.320886,-72.920028,14,Motor Vehicle in Operation,3,Angle,1,On Roadway,1,Clear,88,Not Applicable,1,Daylight,1,Dry,0,None,88,Not Applicable,88,Not Applicable,0,None,88,Not Applicable,88,Not Applicable,1,Non-Junction,1,Not at Intersection,1,No,1,No,88,Not Applicable,88,Not Applicable,88,Not Applicable,88,Not Applicable,TRUE,1,Public Road,1,"Trafficway, On Road",CT0009300,New Haven PD,48662,13:04.0,C,Closed,01:43.0,,,,,,,
1359941,1,Complete,1359941,1359941,41.288829,-72.892589,3843174,New Haven,93,93,New Haven,2/2/2026,2026,2,February,2,2,Monday,16:40:00,16,26004189,A,"Injury of any type (Serious, Minor, Possible)",C,Possible Injury (C),2,0,0,4,Local,0,388,MAIN ST NO 2,MAIN ST NO 2,337-E,,,,,41.288829,-72.892589,14,Motor Vehicle in Operation,4,"Sideswipe, same direction",1,On Roadway,1,Clear,88,Not Applicable,1,Daylight,1,Dry,0,None,88,Not Applicable,88,Not Applicable,0,None,88,Not Applicable,88,Not Applicable,3,Intersection-Related,2,Four-Way Intersection,1,No,1,No,88,Not Applicable,88,Not Applicable,88,Not Applicable,88,Not Applicable,FALSE,1,Public Road,1,"Trafficway, On Road",CT0009300,New Haven PD,45388,46:48.0,C,Closed,01:53.0,,,,,,,
1360350,1,Complete,1360350,1360350,41.30885737,-72.89724597,3843583,New Haven,93,93,New Haven,2/2/2026,2026,2,February,2,2,Monday,16:12:00,16,26004192,A,"Injury of any type (Serious, Minor, Possible)",C,Possible Injury (C),2,0,0,4,Local,0.6,264,GRAND AV,GRAND AV,,POPLAR ST,55,Feet,W,41.30885737,-72.89724597,15,Parked Motor Vehicle,4,"Sideswipe, same direction",1,On Roadway,1,Clear,88,Not Applicable,1,Daylight,1,Dry,0,None,88,Not Applicable,88,Not Applicable,0,None,88,Not Applicable,88,Not Applicable,1,Non-Junction,1,Not at Intersection,1,No,1,No,88,Not Applicable,88,Not Applicable,88,Not Applicable,88,Not Applicable,FALSE,1,Public Road,1,"Trafficway, On Road",CT0009300,New Haven PD,48651,10:02.0,C,Closed,01:15.0,,,,,,,
1360351,1,Complete,1360351,1360351,41.331972,-72.974161,3843584,New Haven,93,93,New Haven,2/2/2026,2026,2,February,2,2,Monday,17:39:00,17,26004233,A,"Injury of any type (Serious, Minor, Possible)",C,Possible Injury (C),2,0,0,3,State,1.06,63,63-N,63-N,ANTHONY ST,,,,,41.331972,-72.974161,14,Motor Vehicle in Operation,3,Angle,1,On Roadway,1,Clear,88,Not Applicable,1,Daylight,1,Dry,0,None,88,Not Applicable,88,Not Applicable,0,None,88,Not Applicable,88,Not Applicable,2,Intersection,3,T-Intersection,1,No,1,No,88,Not Applicable,88,Not Applicable,88,Not Applicable,88,Not Applicable,TRUE,1,Public Road,1,"Trafficway, On Road",CT0009300,New Haven PD,45403,45:10.0,O,Open,01:16.0,,,,,,,
1360354,1,Complete,1360354,1360354,41.302205,-72.928755,3843587,New Haven,93,93,New Haven,2/3/2026,2026,2,February,3,3,Tuesday,6:35:00,6,26004285,A,"Injury of any type (Serious, Minor, Possible)",B,Suspected Minor Injury (B),2,0,0,4,Local,0.53,564,SOUTH FRONTAGE RD,SOUTH FRONTAGE RD,CHURCH ST S,,,,,41.302205,-72.928755,14,Motor Vehicle in Operation,3,Angle,1,On Roadway,1,Clear,1,Clear,1,Daylight,1,Dry,0,None,88,Not Applicable,88,Not Applicable,0,None,88,Not Applicable,88,Not Applicable,2,Intersection,2,Four-Way Intersection,1,No,1,No,88,Not Applicable,88,Not Applicable,88,Not Applicable,88,Not Applicable,FALSE,1,Public Road,1,"Trafficway, On Road",CT0009300,New Haven PD,42046,44:41.0,C,Closed,01:14.0,,,,,,,
1360362,1,Complete,1360362,1360362,41.317586,-72.944901,3843595,New Haven,93,93,New Haven,2/3/2026,2026,2,February,3,3,Tuesday,16:47:00,16,26004383,A,"Injury of any type (Serious, Minor, Possible)",C,Possible Injury (C),2,0,0,4,Local,0.24,653,WHALLEY AV,WHALLEY AV,,WINTHOP AVE,80,Feet,W,41.317586,-72.944901,14,Motor Vehicle in Operation,4,"Sideswipe, same direction",1,On Roadway,1,Clear,88,Not Applicable,1,Daylight,3,Snow,0,None,88,Not Applicable,88,Not Applicable,0,None,88,Not Applicable,88,Not Applicable,1,Non-Junction,1,Not at Intersection,1,No,1,No,88,Not Applicable,88,Not Applicable,88,Not Applicable,88,Not Applicable,TRUE,1,Public Road,1,"Trafficway, On Road",CT0009300,New Haven PD,44947,44:20.0,C,Closed,01:10.0,,,,,,,
1360364,1,Complete,1360364,1360364,41.335297,-72.976682,3843597,New Haven,93,93,New Haven,2/3/2026,2026,2,February,3,3,Tuesday,17:55:00,17,26004403,A,"Injury of any type (Serious, Minor, Possible)",C,Possible Injury (C),2,0,0,3,State,0.05,69,69-N,69-N,,Amity Rd,90,Feet,N,41.335297,-72.976682,14,Motor Vehicle in Operation,3,Angle,1,On Roadway,1,Clear,88,Not Applicable,1,Daylight,1,Dry,0,None,88,Not Applicable,88,Not Applicable,0,None,88,Not Applicable,88,Not Applicable,3,Intersection-Related,4,Y-Intersection,1,No,1,No,88,Not Applicable,88,Not Applicable,88,Not Applicable,88,Not Applicable,TRUE,1,Public Road,1,"Trafficway, On Road",CT0009300,New Haven PD,45403,31:41.0,C,Closed,01:09.0,,,,,,,
1360366,1,Complete,1360366,1360366,41.32021,-72.871206,3843599,New Haven,93,93,New Haven,2/3/2026,2026,2,February,3,3,Tuesday,18:05:00,18,26004407,A,"Injury of any type (Serious, Minor, Possible)",C,Possible Injury (C),2,0,0,3,State,0.6,80,80-E,80-E,,EASTERN ST,78,Feet,E,41.32021,-72.871206,14,Motor Vehicle in Operation,1,Front to rear,1,On Roadway,1,Clear,88,Not Applicable,4,Dark-Lighted,1,Dry,0,None,88,Not Applicable,88,Not Applicable,0,None,88,Not Applicable,88,Not Applicable,3,Intersection-Related,2,Four-Way Intersection,1,No,1,No,88,Not Applicable,88,Not Applicable,88,Not Applicable,88,Not Applicable,FALSE,1,Public Road,1,"Trafficway, On Road",CT0009300,New Haven PD,45388,22:41.0,C,Closed,01:07.0,,,,,,,
1360748,1,Complete,1360748,1360748,41.316144,-72.872837,3843981,New Haven,93,93,New Haven,1/27/2026,2026,1,January,27,3,Tuesday,9:22:00,9,26003332,A,"Injury of any type (Serious, Minor, Possible)",C,Possible Injury (C),2,0,0,4,Local,0.66,167,EASTERN ST,EASTERN ST,,Bella Vista Drive,25,Feet,N,41.316144,-72.872837,14,Motor Vehicle in Operation,4,"Sideswipe, same direction",1,On Roadway,1,Clear,88,Not Applicable,1,Daylight,1,Dry,0,None,88,Not Applicable,88,Not Applicable,0,None,88,Not Applicable,88,Not Applicable,3,Intersection-Related,3,T-Intersection,1,No,1,No,88,Not Applicable,88,Not Applicable,88,Not Applicable,88,Not Applicable,TRUE,1,Public Road,1,"Trafficway, On Road",CT0009300,New Haven PD,42049,32:07.0,C,Closed,00:14.0,,,,,,,
1360749,1,Complete,1360749,1360749,41.315568,-72.939465,3843982,New Haven,93,93,New Haven,1/27/2026,2026,1,January,27,3,Tuesday,16:19:00,16,26003385,A,"Injury of any type (Serious, Minor, Possible)",C,Possible Injury (C),2,0,0,4,Local,0.55,653,WHALLEY AV,WHALLEY AV,,ORCHARD ST,50,Feet,W,41.315568,-72.939465,14,Motor Vehicle in Operation,4,"Sideswipe, same direction",1,On Roadway,1,Clear,88,Not Applicable,1,Daylight,3,Snow,0,None,88,Not Applicable,88,Not Applicable,0,None,88,Not Applicable,88,Not Applicable,1,Non-Junction,1,Not at Intersection,1,No,1,No,88,Not Applicable,88,Not Applicable,88,Not Applicable,88,Not Applicable,TRUE,1,Public Road,1,"Trafficway, On Road",CT0009300,New Haven PD,44947,15:09.0,O,Open,00:32.0,,,,,,,
1360751,1,Complete,1360751,1360751,41.336655,-72.981009,3843984,New Haven,93,93,New Haven,2/3/2026,2026,2,February,3,3,Tuesday,8:35:00,8,26004232,A,"Injury of any type (Serious, Minor, Possible)",C,Possible Injury (C),1,1,0,,,,,,112 AMITY RD,,June ST,620,Feet,S,41.336655,-72.981009,9,Pedestrian,88,Not Applicable,97,Other,2,Cloudy,88,Not Applicable,1,Daylight,1,Dry,0,None,88,Not Applicable,88,Not Applicable,0,None,88,Not Applicable,88,Not Applicable,97,Other,1,Not at Intersection,1,No,1,No,88,Not Applicable,88,Not Applicable,88,Not Applicable,88,Not Applicable,FALSE,88,Not Applicable,4,Parking Lot,CT0009300,New Haven PD,44062,53:53.0,C,Closed,00:19.0,,,,,,,
1360763,1,Complete,1360763,1360763,41.330838,-72.926956,3843996,New Haven,93,93,New Haven,2/4/2026,2026,2,February,4,4,Wednesday,14:34:00,14,26004545,A,"Injury of any type (Serious, Minor, Possible)",C,Possible Injury (C),2,0,0,4,Local,0.65,42,BASSETT ST,BASSETT ST,,NEWHALL ST,245,Feet,E,41.330838,-72.926956,14,Motor Vehicle in Operation,3,Angle,1,On Roadway,1,Clear,88,Not Applicable,1,Daylight,1,Dry,0,None,88,Not Applicable,88,Not Applicable,0,None,88,Not Applicable,88,Not Applicable,9,Driveway Access-Related,1,Not at Intersection,1,No,1,No,88,Not Applicable,88,Not Applicable,88,Not Applicable,88,Not Applicable,FALSE,1,Public Road,1,"Trafficway, On Road",CT0009300,New Haven PD,87,56:29.0,C,Closed,00:27.0,,,,,,,
1360765,1,Complete,1360765,1360765,41.326669,-72.963616,3843998,New Haven,93,93,New Haven,2/4/2026,2026,2,February,4,4,Wednesday,19:58:00,19,26004594,A,"Injury of any type (Serious, Minor, Possible)",C,Possible Injury (C),2,0,0,3,State,6.45,243,243-E,243-E,MCKINLEY AVE,,,,,41.326669,-72.963616,14,Motor Vehicle in Operation,3,Angle,1,On Roadway,1,Clear,88,Not Applicable,4,Dark-Lighted,1,Dry,0,None,88,Not Applicable,88,Not Applicable,0,None,88,Not Applicable,88,Not Applicable,2,Intersection,3,T-Intersection,1,No,1,No,88,Not Applicable,88,Not Applicable,88,Not Applicable,88,Not Applicable,FALSE,1,Public Road,1,"Trafficway, On Road",CT0009300,New Haven PD,45403,42:25.0,C,Closed,00:37.0,,,,,,,
1361148,1,Complete,1361148,1361148,41.31334,-72.95005,3844381,New Haven,93,93,New Haven,2/4/2026,2026,2,February,4,4,Wednesday,19:28:00,19,26004589,A,"Injury of any type (Serious, Minor, Possible)",C,Possible Injury (C),2,0,0,4,Local,0.08,573,STANLEY ST,STANLEY ST,ELLSWORTH AV,,,,,41.31334,-72.95005,14,Motor Vehicle in Operation,3,Angle,7,In Parking Lane or Zone,1,Clear,88,Not Applicable,4,Dark-Lighted,1,Dry,0,None,88,Not Applicable,88,Not Applicable,0,None,88,Not Applicable,88,Not Applicable,1,Non-Junction,1,Not at Intersection,1,No,1,No,88,Not Applicable,88,Not Applicable,88,Not Applicable,88,Not Applicable,FALSE,1,Public Road,1,"Trafficway, On Road",CT0009300,New Haven PD,45132,55:05.0,C,Closed,01:29.0,,,,,,,
1361154,1,Complete,1361154,1361154,41.306017,-72.925788,3844387,New Haven,93,93,New Haven,2/5/2026,2026,2,February,5,5,Thursday,15:17:00,15,26004708,A,"Injury of any type (Serious, Minor, Possible)",C,Possible Injury (C),2,0,0,4,Local,0.3,103,CHURCH ST,CHURCH ST,CHAPEL ST,,,,,41.306017,-72.925788,14,Motor Vehicle in Operation,4,"Sideswipe, same direction",1,On Roadway,1,Clear,88,Not Applicable,1,Daylight,1,Dry,0,None,88,Not Applicable,88,Not Applicable,0,None,88,Not Applicable,88,Not Applicable,3,Intersection-Related,2,Four-Way Intersection,1,No,1,No,88,Not Applicable,88,Not Applicable,88,Not Applicable,88,Not Applicable,FALSE,1,Public Road,1,"Trafficway, On Road",CT0009300,New Haven PD,980,00:00.0,C,Closed,01:26.0,,,,,,,
1361158,1,Complete,1361158,1361158,41.320626,-72.923308,3844391,New Haven,93,93,New Haven,2/5/2026,2026,2,February,5,5,Thursday,16:50:00,16,26004727,A,"Injury of any type (Serious, Minor, Possible)",C,Possible Injury (C),2,0,0,4,Local,0.63,495,PROSPECT ST,PROSPECT ST,,HILLSIDE PL,50,Feet,S,41.320626,-72.923308,14,Motor Vehicle in Operation,1,Front to rear,1,On Roadway,1,Clear,88,Not Applicable,1,Daylight,1,Dry,3,Glare,88,Not Applicable,88,Not Applicable,0,None,88,Not Applicable,88,Not Applicable,3,Intersection-Related,3,T-Intersection,1,No,1,No,88,Not Applicable,88,Not Applicable,88,Not Applicable,88,Not Applicable,TRUE,1,Public Road,1,"Trafficway, On Road",CT0009300,New Haven PD,47005,18:57.0,C,Closed,01:40.0,,,,,,,
1361626,1,Complete,1361626,1361626,41.306854,-72.903002,3844859,New Haven,93,93,New Haven,2/4/2026,2026,2,February,4,4,Wednesday,12:41:00,12,26004505,A,"Injury of any type (Serious, Minor, Possible)",C,Possible Injury (C),2,0,0,4,Local,0.66,327,JAMES ST,JAMES ST,EXCHANGE ST,,,,,41.306854,-72.903002,14,Motor Vehicle in Operation,3,Angle,1,On Roadway,1,Clear,1,Clear,1,Daylight,1,Dry,0,None,88,Not Applicable,88,Not Applicable,0,None,88,Not Applicable,88,Not Applicable,2,Intersection,2,Four-Way Intersection,1,No,1,No,88,Not Applicable,88,Not Applicable,88,Not Applicable,88,Not Applicable,FALSE,1,Public Road,1,"Trafficway, On Road",CT0009300,New Haven PD,47741,25:47.0,C,Closed,00:54.0,,,,,,,
1361639,1,Complete,1361639,1361639,41.334209,-72.947449,3844872,New Haven,93,93,New Haven,2/6/2026,2026,2,February,6,6,Friday,10:30:00,10,26004818,A,"Injury of any type (Serious, Minor, Possible)",C,Possible Injury (C),2,0,1,3,State,4.44,10,10-N,10-N,PINE ROCK AVE,,,,,41.334209,-72.947449,14,Motor Vehicle in Operation,3,Angle,1,On Roadway,1,Clear,88,Not Applicable,1,Daylight,1,Dry,0,None,88,Not Applicable,88,Not Applicable,0,None,88,Not Applicable,88,Not Applicable,2,Intersection,2,Four-Way Intersection,1,No,1,No,88,Not Applicable,88,Not Applicable,88,Not Applicable,88,Not Applicable,FALSE,1,Public Road,1,"Trafficway, On Road",CT0009300,New Haven PD,47005,02:36.0,C,Closed,01:12.0,,,,,,,