CrashId,Fatal Case Status,Fatal Case Status Text Format,CrashId,CrashId,Latitude,Longitude,DOT Case Number,Town Name,Town Number,Town Number,Town Number Text Format,Date Of Crash,Year,Month,Month Text Format,Day,Day of the Week,Day of the Week Text Format,Time of Crash,Hour of the Day,Case Identifier,Crash Severity,Crash Severity Text Format,Most Severe Injury,Most Severe Injury Text Format,Number Of Motor Vehicles,Number Of Non-Motorist,Number Of Witnesses,Route Class,Route Class Text Format,Milemarker,Road Number,Road Description,Roadway Name,Intersecting Roadway Name,Landmark Description,Distance From Nearest Landmark,Unit Of Measure From Nearest Landmark,Direction From Nearest Landmark,Latitude,Longitude,First Harmful Event,First Harmful Event Text Format,Manner of Crash / Collision Impact,Manner of Crash / Collision Impact Text Format,Location of First Harmful Event,Location of First Harmful Event Text Format,Weather Condition,Weather Condition Text Format,Weather 2,Weather 2 Text Format,Light Condition,Light Condition Text Format,Road Surface Condition,Road Surface Condition Text Format,"Contributing Circumstances, Environment","Contributing Circumstances, Environment Text Format",Environment 2,Environment 2 Text Format,Environment 3,Environment 3 Text Format,"Contributing Circumstances, Road","Contributing Circumstances, Road Text Format",Road 2,Road 2 Text Format,Road 3,Road 3 Text Format,Crash Specific Location,Crash Specific Location Text Format,Type of Intersection,Type of Intersection Text Format,School Bus Related,School Bus Related Text Format,Work Zone Related,Work Zone Related Text Format,Location Of Crash Relative To Work Zone,Location Of Crash Relative To Work Zone Text Format,Type of Work Zone,Type of Work Zone Text Format,Worker Presence,Worker Presence Text Format,Law Enforcement Presence,Law Enforcement Presence Text Format,Were Vehicles Moved Prior To Police Arrival,Trafficway Ownership,Trafficway Ownership Text Format,Trafficway Class,Trafficway Class Text Format,Police Agency,Police Agency Text Format,Badge Number,Approval Date,Police Case Status,Police Case Status Text Format,Crash Report Submission Date,Related Case Identifiers,No. of Through Lanes (Log Dir.),Average Daily Traffic,Functional Classification,Functional Classification Text Format,Rural or Urban,Rural or Urban Text Format
1361653,1,Complete,1361653,1361653,41.30086,-72.915069,3844886,New Haven,93,93,New Haven,2/7/2026,2026,2,February,7,7,Saturday,15:07:00,15,26004985,A,"Injury of any type (Serious, Minor, Possible)",C,Possible Injury (C),2,0,0,2,USRoute,48.74,1,1-N,1-N,,CHESTNUT ST,70,Feet,E,41.30086,-72.915069,14,Motor Vehicle in Operation,1,Front to rear,1,On Roadway,1,Clear,88,Not Applicable,1,Daylight,4,Slush,99,Unknown,88,Not Applicable,88,Not Applicable,0,None,88,Not Applicable,88,Not Applicable,3,Intersection-Related,3,T-Intersection,1,No,1,No,88,Not Applicable,88,Not Applicable,88,Not Applicable,88,Not Applicable,FALSE,1,Public Road,1,"Trafficway, On Road",CT0009300,New Haven PD,44951,24:23.0,C,Closed,01:46.0,,,,,,,
1361654,1,Complete,1361654,1361654,41.324095,-72.881653,3844887,New Haven,93,93,New Haven,2/7/2026,2026,2,February,7,7,Saturday,17:45:00,17,26005002,A,"Injury of any type (Serious, Minor, Possible)",C,Possible Injury (C),2,0,0,3,State,0.23,17,17-S,17-S,,91-S-17A (Exit 8),525,Feet,E,41.324095,-72.881653,14,Motor Vehicle in Operation,1,Front to rear,1,On Roadway,1,Clear,88,Not Applicable,1,Daylight,1,Dry,0,None,88,Not Applicable,88,Not Applicable,0,None,88,Not Applicable,88,Not Applicable,3,Intersection-Related,2,Four-Way Intersection,1,No,1,No,88,Not Applicable,88,Not Applicable,88,Not Applicable,88,Not Applicable,TRUE,1,Public Road,1,"Trafficway, On Road",CT0009300,New Haven PD,48652,46:54.0,C,Closed,01:56.0,,,,,,,
1362435,1,Complete,1362435,1362435,41.314041,-72.896766,3845668,New Haven,93,93,New Haven,2/8/2026,2026,2,February,8,1,Sunday,0:35:00,0,26005030,A,"Injury of any type (Serious, Minor, Possible)",B,Suspected Minor Injury (B),3,0,0,4,Local,0.39,213,FERRY ST,FERRY ST,,Chatham St,5,Feet,S,41.314041,-72.896766,14,Motor Vehicle in Operation,2,Front to front,1,On Roadway,7,Snow,88,Not Applicable,4,Dark-Lighted,3,Snow,0,None,88,Not Applicable,88,Not Applicable,0,None,88,Not Applicable,88,Not Applicable,3,Intersection-Related,2,Four-Way Intersection,1,No,1,No,88,Not Applicable,88,Not Applicable,88,Not Applicable,88,Not Applicable,FALSE,1,Public Road,1,"Trafficway, On Road",CT0009300,New Haven PD,48653,59:38.0,C,Closed,01:30.0,,,,,,,
1362436,1,Complete,1362436,1362436,41.315143,-72.896965,3845669,New Haven,93,93,New Haven,2/8/2026,2026,2,February,8,1,Sunday,19:05:00,19,26005068,A,"Injury of any type (Serious, Minor, Possible)",C,Possible Injury (C),2,0,0,4,Local,0.32,213,FERRY ST,FERRY ST,Lombard Street,,,,,41.315143,-72.896965,14,Motor Vehicle in Operation,3,Angle,1,On Roadway,1,Clear,88,Not Applicable,4,Dark-Lighted,1,Dry,0,None,88,Not Applicable,88,Not Applicable,0,None,88,Not Applicable,88,Not Applicable,2,Intersection,2,Four-Way Intersection,1,No,1,No,88,Not Applicable,88,Not Applicable,88,Not Applicable,88,Not Applicable,FALSE,1,Public Road,1,"Trafficway, On Road",CT0009300,New Haven PD,45403,39:30.0,C,Closed,01:52.0,,,,,,,
1362453,1,Complete,1362453,1362453,41.315862,-72.934895,3845686,New Haven,93,93,New Haven,2/9/2026,2026,2,February,9,2,Monday,17:58:00,17,26005200,A,"Injury of any type (Serious, Minor, Possible)",C,Possible Injury (C),2,0,0,4,Local,0.42,631,WEBSTER ST,WEBSTER ST,,GOFFE ST,40,Feet,N,41.315862,-72.934895,14,Motor Vehicle in Operation,1,Front to rear,1,On Roadway,1,Clear,88,Not Applicable,1,Daylight,1,Dry,0,None,88,Not Applicable,88,Not Applicable,5,"Road Surface Condition (wet, icy, snow, slush, etc.)",88,Not Applicable,88,Not Applicable,3,Intersection-Related,2,Four-Way Intersection,1,No,1,No,88,Not Applicable,88,Not Applicable,88,Not Applicable,88,Not Applicable,TRUE,1,Public Road,1,"Trafficway, On Road",CT0009300,New Haven PD,47005,30:31.0,C,Closed,02:02.0,,,,,,,
1362455,1,Complete,1362455,1362455,41.32156,-72.92964,3845688,New Haven,93,93,New Haven,2/9/2026,2026,2,February,9,2,Monday,19:10:00,19,26005205,A,"Injury of any type (Serious, Minor, Possible)",C,Possible Injury (C),1,1,1,4,Local,0.2,429,MUNSON ST,MUNSON ST,,Canal St,30,Feet,E,41.32156,-72.92964,9,Pedestrian,88,Not Applicable,1,On Roadway,1,Clear,88,Not Applicable,4,Dark-Lighted,1,Dry,0,None,88,Not Applicable,88,Not Applicable,0,None,88,Not Applicable,88,Not Applicable,3,Intersection-Related,3,T-Intersection,1,No,1,No,88,Not Applicable,88,Not Applicable,88,Not Applicable,88,Not Applicable,TRUE,1,Public Road,1,"Trafficway, On Road",CT0009300,New Haven PD,47005,22:20.0,C,Closed,02:01.0,26-005205,,,,,,
1362895,1,Complete,1362895,1362895,41.294248,-72.932933,3846128,New Haven,93,93,New Haven,2/9/2026,2026,2,February,9,2,Monday,16:37:00,16,26005187,A,"Injury of any type (Serious, Minor, Possible)",C,Possible Injury (C),3,0,0,4,Local,0.34,571,SPRING ST,SPRING ST,,HOWARD AVE,50,Feet,E,41.294248,-72.932933,15,Parked Motor Vehicle,4,"Sideswipe, same direction",1,On Roadway,1,Clear,88,Not Applicable,1,Daylight,1,Dry,0,None,88,Not Applicable,88,Not Applicable,0,None,88,Not Applicable,88,Not Applicable,1,Non-Junction,1,Not at Intersection,1,No,1,No,88,Not Applicable,88,Not Applicable,88,Not Applicable,88,Not Applicable,FALSE,1,Public Road,1,"Trafficway, On Road",CT0009300,New Haven PD,48509,25:35.0,O,Open,01:14.0,,,,,,,
1362906,1,Complete,1362906,1362906,41.294198,-72.938764,3846139,New Haven,93,93,New Haven,2/10/2026,2026,2,February,10,3,Tuesday,18:14:00,18,26005333,A,"Injury of any type (Serious, Minor, Possible)",C,Possible Injury (C),2,0,0,4,Local,0.4,626,WASHINGTON AV NO 1,WASHINGTON AV NO 1,KING PL,,,,,41.294198,-72.938764,14,Motor Vehicle in Operation,3,Angle,1,On Roadway,1,Clear,88,Not Applicable,4,Dark-Lighted,1,Dry,0,None,88,Not Applicable,88,Not Applicable,0,None,88,Not Applicable,88,Not Applicable,2,Intersection,3,T-Intersection,1,No,1,No,88,Not Applicable,88,Not Applicable,88,Not Applicable,88,Not Applicable,FALSE,1,Public Road,1,"Trafficway, On Road",CT0009300,New Haven PD,48509,18:08.0,C,Closed,01:21.0,,,,,,,
1363243,1,Complete,1363243,1363243,41.325735,-72.96274,3846476,New Haven,93,93,New Haven,2/6/2026,2026,2,February,6,6,Friday,8:06:00,8,26004791,A,"Injury of any type (Serious, Minor, Possible)",C,Possible Injury (C),2,0,0,4,Local,0.06,6,ALDEN AV,ALDEN AV,,FOUNTAIN STREET,260,Feet,S,41.325735,-72.96274,14,Motor Vehicle in Operation,4,"Sideswipe, same direction",1,On Roadway,1,Clear,88,Not Applicable,1,Daylight,1,Dry,0,None,88,Not Applicable,88,Not Applicable,0,None,88,Not Applicable,88,Not Applicable,1,Non-Junction,1,Not at Intersection,1,No,1,No,88,Not Applicable,88,Not Applicable,88,Not Applicable,88,Not Applicable,FALSE,1,Public Road,1,"Trafficway, On Road",CT0009300,New Haven PD,45398,36:17.0,C,Closed,00:01.0,,,,,,,
1363248,1,Complete,1363248,1363248,41.310205,-72.952922,3846481,New Haven,93,93,New Haven,2/9/2026,2026,2,February,9,2,Monday,12:01:00,12,26005128,A,"Injury of any type (Serious, Minor, Possible)",C,Possible Injury (C),2,0,0,4,Local,0.37,147,DERBY AV,DERBY AV,,Ella T Grasso Boulevard,40,Feet,E,41.310205,-72.952922,14,Motor Vehicle in Operation,4,"Sideswipe, same direction",1,On Roadway,1,Clear,88,Not Applicable,1,Daylight,1,Dry,0,None,88,Not Applicable,88,Not Applicable,0,None,88,Not Applicable,88,Not Applicable,3,Intersection-Related,2,Four-Way Intersection,1,No,1,No,88,Not Applicable,88,Not Applicable,88,Not Applicable,88,Not Applicable,FALSE,1,Public Road,1,"Trafficway, On Road",CT0009300,New Haven PD,465,59:14.0,C,Closed,00:15.0,,,,,,,
1363266,1,Complete,1363266,1363266,41.306775,-72.946526,3846499,New Haven,93,93,New Haven,2/11/2026,2026,2,February,11,4,Wednesday,20:22:00,20,26005508,A,"Injury of any type (Serious, Minor, Possible)",A,Suspected Serious Injury (A),2,0,0,4,Local,1.13,809,REV DR MLK JR BLVD,REV DR MLK JR BLVD,SHERMAN AVE,,,,,41.306775,-72.946526,14,Motor Vehicle in Operation,3,Angle,1,On Roadway,1,Clear,88,Not Applicable,4,Dark-Lighted,1,Dry,0,None,88,Not Applicable,88,Not Applicable,0,None,88,Not Applicable,88,Not Applicable,2,Intersection,2,Four-Way Intersection,1,No,1,No,88,Not Applicable,88,Not Applicable,88,Not Applicable,88,Not Applicable,FALSE,1,Public Road,1,"Trafficway, On Road",CT0009300,New Haven PD,91,28:04.0,C,Closed,00:22.0,,,,,,,
1363591,1,Complete,1363591,1363591,41.33271,-72.975337,3846824,New Haven,93,93,New Haven,2/11/2026,2026,2,February,11,4,Wednesday,21:27:00,21,26005514,A,"Injury of any type (Serious, Minor, Possible)",C,Possible Injury (C),2,0,0,3,State,1.14,63,63-N,63-N,,RAMSDELL ST,30,Feet,N,41.33271,-72.975337,14,Motor Vehicle in Operation,1,Front to rear,1,On Roadway,1,Clear,88,Not Applicable,4,Dark-Lighted,1,Dry,0,None,88,Not Applicable,88,Not Applicable,0,None,88,Not Applicable,88,Not Applicable,3,Intersection-Related,2,Four-Way Intersection,1,No,1,No,88,Not Applicable,88,Not Applicable,88,Not Applicable,88,Not Applicable,TRUE,1,Public Road,1,"Trafficway, On Road",CT0009300,New Haven PD,45403,23:10.0,O,Open,01:59.0,,,,,,,
1363600,1,Complete,1363600,1363600,41.32935841,-72.97874844,3846833,New Haven,93,93,New Haven,2/11/2026,2026,2,February,11,4,Wednesday,21:27:00,21,26005622,A,"Injury of any type (Serious, Minor, Possible)",C,Possible Injury (C),2,0,0,4,Local,0.04,501,RAMSDELL ST,RAMSDELL ST,,Field Street,10,Feet,S,41.32935841,-72.97874844,14,Motor Vehicle in Operation,1,Front to rear,1,On Roadway,1,Clear,88,Not Applicable,4,Dark-Lighted,1,Dry,0,None,88,Not Applicable,88,Not Applicable,0,None,88,Not Applicable,88,Not Applicable,1,Non-Junction,1,Not at Intersection,1,No,1,No,88,Not Applicable,88,Not Applicable,88,Not Applicable,88,Not Applicable,TRUE,1,Public Road,1,"Trafficway, On Road",CT0009300,New Haven PD,45403,41:49.0,O,Open,01:43.0,,,,,,,
1363602,1,Complete,1363602,1363602,41.321155,-72.890056,3846835,New Haven,93,93,New Haven,2/12/2026,2026,2,February,12,5,Thursday,17:20:00,17,26005650,A,"Injury of any type (Serious, Minor, Possible)",C,Possible Injury (C),2,0,0,4,Local,0.31,411,MIDDLETOWN AV,MIDDLETOWN AV,,FRONT ST,300,Feet,N,41.321155,-72.890056,14,Motor Vehicle in Operation,1,Front to rear,1,On Roadway,1,Clear,88,Not Applicable,1,Daylight,1,Dry,0,None,88,Not Applicable,88,Not Applicable,0,None,88,Not Applicable,88,Not Applicable,13,On a Bridge,1,Not at Intersection,1,No,1,No,88,Not Applicable,88,Not Applicable,88,Not Applicable,88,Not Applicable,FALSE,1,Public Road,1,"Trafficway, On Road",CT0009300,New Haven PD,47741,25:24.0,C,Closed,02:02.0,,,,,,,
1364530,1,Complete,1364530,1364530,41.29076,-72.934914,3847763,New Haven,93,93,New Haven,1/17/2026,2026,1,January,17,7,Saturday,13:16:00,13,26002232,A,"Injury of any type (Serious, Minor, Possible)",C,Possible Injury (C),2,0,0,4,Local,0.26,483,PLYMOUTH ST,PLYMOUTH ST,,LAMBERTON ST,70,Feet,S,41.29076,-72.934914,14,Motor Vehicle in Operation,3,Angle,1,On Roadway,1,Clear,88,Not Applicable,1,Daylight,1,Dry,0,None,88,Not Applicable,88,Not Applicable,0,None,88,Not Applicable,88,Not Applicable,9,Driveway Access-Related,1,Not at Intersection,1,No,1,No,88,Not Applicable,88,Not Applicable,88,Not Applicable,88,Not Applicable,TRUE,1,Public Road,1,"Trafficway, On Road",CT0009300,New Haven PD,46898,30:19.0,C,Closed,01:08.0,,,,,,,
1364534,1,Complete,1364534,1364534,41.297756,-72.937591,3847767,New Haven,93,93,New Haven,1/31/2026,2026,1,January,31,7,Saturday,10:35:00,10,26003918,A,"Injury of any type (Serious, Minor, Possible)",C,Possible Injury (C),2,0,0,2,USRoute,47.22,1,1-N,1-N,Arch Street,,,,,41.297756,-72.937591,14,Motor Vehicle in Operation,2,Front to front,1,On Roadway,1,Clear,88,Not Applicable,1,Daylight,1,Dry,0,None,88,Not Applicable,88,Not Applicable,0,None,88,Not Applicable,88,Not Applicable,2,Intersection,2,Four-Way Intersection,1,No,1,No,88,Not Applicable,88,Not Applicable,88,Not Applicable,88,Not Applicable,FALSE,1,Public Road,1,"Trafficway, On Road",CT0009300,New Haven PD,40811,36:28.0,C,Closed,01:48.0,,,,,,,
1364546,1,Complete,1364546,1364546,41.305903,-72.946855,3847779,New Haven,93,93,New Haven,2/10/2026,2026,2,February,10,3,Tuesday,18:56:00,18,26005338,A,"Injury of any type (Serious, Minor, Possible)",C,Possible Injury (C),2,0,0,4,Local,0.42,672,WINTHROP AV NO 1,WINTHROP AV NO 1,SHERMAN AV,,,,,41.305903,-72.946855,14,Motor Vehicle in Operation,3,Angle,1,On Roadway,1,Clear,88,Not Applicable,5,Dark-Not Lighted,1,Dry,0,None,88,Not Applicable,88,Not Applicable,0,None,88,Not Applicable,88,Not Applicable,2,Intersection,2,Four-Way Intersection,1,No,1,No,88,Not Applicable,88,Not Applicable,88,Not Applicable,88,Not Applicable,FALSE,1,Public Road,1,"Trafficway, On Road",CT0009300,New Haven PD,48654,45:18.0,C,Closed,02:13.0,,,,,,,
1364553,1,Complete,1364553,1364553,41.302748,-72.928172,3847786,New Haven,93,93,New Haven,2/12/2026,2026,2,February,12,5,Thursday,17:24:00,17,26005656,A,"Injury of any type (Serious, Minor, Possible)",C,Possible Injury (C),2,0,0,4,Local,0.1,809,REV DR MLK JR BLVD,REV DR MLK JR BLVD,Church Street,,,,,41.302748,-72.928172,14,Motor Vehicle in Operation,3,Angle,1,On Roadway,1,Clear,88,Not Applicable,1,Daylight,1,Dry,0,None,88,Not Applicable,88,Not Applicable,0,None,88,Not Applicable,88,Not Applicable,2,Intersection,2,Four-Way Intersection,1,No,1,No,88,Not Applicable,88,Not Applicable,88,Not Applicable,88,Not Applicable,FALSE,1,Public Road,1,"Trafficway, On Road",CT0009300,New Haven PD,48829,25:20.0,C,Closed,02:19.0,,,,,,,
1364554,1,Complete,1364554,1364554,41.306899,-72.942246,3847787,New Haven,93,93,New Haven,2/12/2026,2026,2,February,12,5,Thursday,18:40:00,18,26005667,A,"Injury of any type (Serious, Minor, Possible)",B,Suspected Minor Injury (B),2,0,0,4,Local,0.91,809,REV DR MLK JR BLVD,REV DR MLK JR BLVD,,ORCHARD ST,10,Feet,E,41.306899,-72.942246,14,Motor Vehicle in Operation,5,"Sideswipe, opposite direction",1,On Roadway,1,Clear,88,Not Applicable,4,Dark-Lighted,1,Dry,0,None,88,Not Applicable,88,Not Applicable,0,None,88,Not Applicable,88,Not Applicable,3,Intersection-Related,2,Four-Way Intersection,1,No,1,No,88,Not Applicable,88,Not Applicable,88,Not Applicable,88,Not Applicable,FALSE,1,Public Road,1,"Trafficway, On Road",CT0009300,New Haven PD,48508,00:28.0,C,Closed,01:34.0,26-005667,,,,,,
1364559,1,Complete,1364559,1364559,41.317191,-72.970785,3847792,New Haven,93,93,New Haven,2/13/2026,2026,2,February,13,6,Friday,11:45:00,11,26005760,A,"Injury of any type (Serious, Minor, Possible)",C,Possible Injury (C),2,0,0,4,Local,4.25,97,CHAPEL ST,CHAPEL ST,,FOREST RD,15,Feet,E,41.317191,-72.970785,14,Motor Vehicle in Operation,1,Front to rear,1,On Roadway,1,Clear,88,Not Applicable,1,Daylight,1,Dry,0,None,88,Not Applicable,88,Not Applicable,0,None,88,Not Applicable,88,Not Applicable,3,Intersection-Related,3,T-Intersection,1,No,1,No,88,Not Applicable,88,Not Applicable,88,Not Applicable,88,Not Applicable,FALSE,1,Public Road,1,"Trafficway, On Road",CT0009300,New Haven PD,503,59:00.0,C,Closed,01:39.0,,,,,,,
1364560,1,Complete,1364560,1364560,41.302794,-72.941834,3847793,New Haven,93,93,New Haven,2/13/2026,2026,2,February,13,6,Friday,12:13:00,12,26005762,A,"Injury of any type (Serious, Minor, Possible)",C,Possible Injury (C),2,0,0,4,Local,0.09,453,ORCHARD ST,ORCHARD ST,,Davenport AVE,460,Feet,N,41.302794,-72.941834,14,Motor Vehicle in Operation,3,Angle,1,On Roadway,1,Clear,88,Not Applicable,1,Daylight,1,Dry,0,None,88,Not Applicable,88,Not Applicable,0,None,88,Not Applicable,88,Not Applicable,9,Driveway Access-Related,1,Not at Intersection,1,No,1,No,88,Not Applicable,88,Not Applicable,88,Not Applicable,88,Not Applicable,FALSE,1,Public Road,1,"Trafficway, On Road",CT0009300,New Haven PD,42056,30:05.0,C,Closed,01:36.0,,,,,,,
1364578,1,Complete,1364578,1364578,41.300508,-72.938387,3847811,New Haven,93,93,New Haven,2/14/2026,2026,2,February,14,7,Saturday,14:12:00,14,26005904,A,"Injury of any type (Serious, Minor, Possible)",C,Possible Injury (C),2,0,0,4,Local,0.52,123,CONGRESS AV,CONGRESS AV,,HALLOCK ST,100,Feet,E,41.300508,-72.938387,14,Motor Vehicle in Operation,1,Front to rear,1,On Roadway,1,Clear,88,Not Applicable,1,Daylight,1,Dry,0,None,88,Not Applicable,88,Not Applicable,0,None,88,Not Applicable,88,Not Applicable,1,Non-Junction,1,Not at Intersection,1,No,1,No,88,Not Applicable,88,Not Applicable,88,Not Applicable,88,Not Applicable,FALSE,1,Public Road,1,"Trafficway, On Road",CT0009300,New Haven PD,33016,51:13.0,C,Closed,02:29.0,,,,,,,
1364589,1,Complete,1364589,1364589,41.310124,-72.939134,3847822,New Haven,93,93,New Haven,2/15/2026,2026,2,February,15,1,Sunday,10:30:00,10,26005989,A,"Injury of any type (Serious, Minor, Possible)",C,Possible Injury (C),1,1,0,4,Local,2.52,97,CHAPEL ST,CHAPEL ST,,DAY STREET,15,Feet,E,41.310124,-72.939134,11,Other Non-motorist,88,Not Applicable,1,On Roadway,1,Clear,88,Not Applicable,1,Daylight,1,Dry,0,None,88,Not Applicable,88,Not Applicable,0,None,88,Not Applicable,88,Not Applicable,3,Intersection-Related,2,Four-Way Intersection,1,No,1,No,88,Not Applicable,88,Not Applicable,88,Not Applicable,88,Not Applicable,TRUE,1,Public Road,1,"Trafficway, On Road",CT0009300,New Haven PD,48658,23:27.0,C,Closed,02:40.0,,,,,,,
1364597,1,Complete,1364597,1364597,41.308988,-72.947987,3847830,New Haven,93,93,New Haven,2/15/2026,2026,2,February,15,1,Sunday,21:53:00,21,26006050,A,"Injury of any type (Serious, Minor, Possible)",C,Possible Injury (C),2,0,0,4,Local,0.14,775,WINTHROP AV NO 2,WINTHROP AV NO 2,,GILBERT AVE,90,Feet,S,41.308988,-72.947987,14,Motor Vehicle in Operation,4,"Sideswipe, same direction",1,On Roadway,1,Clear,88,Not Applicable,4,Dark-Lighted,1,Dry,0,None,88,Not Applicable,88,Not Applicable,0,None,88,Not Applicable,88,Not Applicable,1,Non-Junction,1,Not at Intersection,1,No,1,No,88,Not Applicable,88,Not Applicable,88,Not Applicable,88,Not Applicable,TRUE,1,Public Road,1,"Trafficway, On Road",CT0009300,New Haven PD,48507,32:54.0,C,Closed,02:50.0,,,,,,,
1364605,1,Complete,1364605,1364605,41.3215,-72.878061,3847838,New Haven,93,93,New Haven,2/16/2026,2026,2,February,16,2,Monday,16:14:00,16,26006188,A,"Injury of any type (Serious, Minor, Possible)",C,Possible Injury (C),2,0,0,,,,,,WALMART PLAZA (PRIVATE),,FOXON BLVD,255,Feet,S,41.3215,-72.878061,14,Motor Vehicle in Operation,3,Angle,1,On Roadway,1,Clear,1,Clear,1,Daylight,1,Dry,0,None,88,Not Applicable,88,Not Applicable,0,None,88,Not Applicable,88,Not Applicable,9,Driveway Access-Related,1,Not at Intersection,1,No,1,No,88,Not Applicable,88,Not Applicable,88,Not Applicable,88,Not Applicable,TRUE,2,Private Road,1,"Trafficway, On Road",CT0009300,New Haven PD,47001,00:20.0,C,Closed,01:09.0,,,,,,,
1364944,1,Complete,1364944,1364944,41.299505,-72.94159,3848177,New Haven,93,93,New Haven,2/5/2026,2026,2,February,5,5,Thursday,8:40:00,8,26004636,A,"Injury of any type (Serious, Minor, Possible)",B,Suspected Minor Injury (B),2,0,0,4,Local,0.34,123,CONGRESS AV,CONGRESS AV,,REDFIELD ST,35,Feet,W,41.299505,-72.94159,14,Motor Vehicle in Operation,4,"Sideswipe, same direction",1,On Roadway,1,Clear,1,Clear,1,Daylight,1,Dry,0,None,88,Not Applicable,88,Not Applicable,0,None,88,Not Applicable,88,Not Applicable,1,Non-Junction,1,Not at Intersection,1,No,1,No,88,Not Applicable,88,Not Applicable,88,Not Applicable,88,Not Applicable,TRUE,1,Public Road,1,"Trafficway, On Road",CT0009300,New Haven PD,301,39:26.0,C,Closed,00:54.0,,,,,,,
1364955,1,Complete,1364955,1364955,41.32993,-72.93518,3848188,New Haven,93,93,New Haven,2/16/2026,2026,2,February,16,2,Monday,16:30:00,16,26006187,A,"Injury of any type (Serious, Minor, Possible)",C,Possible Injury (C),2,0,0,4,Local,1.21,152,DIXWELL AV,DIXWELL AV,W HAZEL ST,,,,,41.32993,-72.93518,14,Motor Vehicle in Operation,3,Angle,1,On Roadway,1,Clear,88,Not Applicable,1,Daylight,1,Dry,0,None,88,Not Applicable,88,Not Applicable,0,None,88,Not Applicable,88,Not Applicable,2,Intersection,3,T-Intersection,1,No,1,No,88,Not Applicable,88,Not Applicable,88,Not Applicable,88,Not Applicable,FALSE,1,Public Road,1,"Trafficway, On Road",CT0009300,New Haven PD,45399,50:25.0,C,Closed,00:56.0,,,,,,,
1365272,1,Complete,1365272,1365272,41.321699,-72.896875,3848505,New Haven,93,93,New Haven,2/18/2026,2026,2,February,18,4,Wednesday,2:09:00,2,26006401,A,"Injury of any type (Serious, Minor, Possible)",C,Possible Injury (C),2,0,0,2,USRoute,0.55,5,5-N,5-N,,ROCK ST,250,Feet,N,41.321699,-72.896875,14,Motor Vehicle in Operation,1,Front to rear,1,On Roadway,3,"Fog, Smog, Smoke",88,Not Applicable,4,Dark-Lighted,2,Wet,1,Weather Conditions,88,Not Applicable,88,Not Applicable,0,None,88,Not Applicable,88,Not Applicable,1,Non-Junction,1,Not at Intersection,1,No,1,No,88,Not Applicable,88,Not Applicable,88,Not Applicable,88,Not Applicable,FALSE,1,Public Road,1,"Trafficway, On Road",CT0009300,New Haven PD,48045,55:44.0,C,Closed,00:14.0,,,,,,,
1365528,1,Complete,1365528,1365528,41.318778,-72.948314,3848761,New Haven,93,93,New Haven,2/10/2026,2026,2,February,10,3,Tuesday,20:26:00,20,26005355,A,"Injury of any type (Serious, Minor, Possible)",C,Possible Injury (C),2,0,0,4,Local,0.04,653,WHALLEY AV,WHALLEY AV,,ELLA T GRASSO BLVD,200,Feet,E,41.318778,-72.948314,14,Motor Vehicle in Operation,3,Angle,1,On Roadway,1,Clear,88,Not Applicable,4,Dark-Lighted,1,Dry,0,None,88,Not Applicable,88,Not Applicable,0,None,88,Not Applicable,88,Not Applicable,9,Driveway Access-Related,1,Not at Intersection,1,No,1,No,88,Not Applicable,88,Not Applicable,88,Not Applicable,88,Not Applicable,TRUE,1,Public Road,1,"Trafficway, On Road",CT0009300,New Haven PD,44947,23:35.0,O,Open,01:21.0,,,,,,,
1365536,1,Complete,1365536,1365536,41.312652,-72.873754,3848769,New Haven,93,93,New Haven,2/17/2026,2026,2,February,17,3,Tuesday,19:07:00,19,26006367,A,"Injury of any type (Serious, Minor, Possible)",C,Possible Injury (C),2,0,0,4,Local,0.41,167,EASTERN ST,EASTERN ST,,JACKSON LN,670,Feet,N,41.312652,-72.873754,14,Motor Vehicle in Operation,4,"Sideswipe, same direction",1,On Roadway,1,Clear,88,Not Applicable,4,Dark-Lighted,1,Dry,0,None,88,Not Applicable,88,Not Applicable,0,None,88,Not Applicable,88,Not Applicable,1,Non-Junction,1,Not at Intersection,1,No,1,No,88,Not Applicable,88,Not Applicable,88,Not Applicable,88,Not Applicable,TRUE,1,Public Road,1,"Trafficway, On Road",CT0009300,New Haven PD,48507,25:02.0,C,Closed,01:13.0,,,,,,,
1365537,1,Complete,1365537,1365537,41.32877495,-72.96513542,3848770,New Haven,93,93,New Haven,2/17/2026,2026,2,February,17,3,Tuesday,20:23:00,20,26006380,A,"Injury of any type (Serious, Minor, Possible)",C,Possible Injury (C),2,0,0,3,State,0.53,63,63-N,63-N,EMERSON ST NO 2,,,,,41.32877495,-72.96513542,14,Motor Vehicle in Operation,3,Angle,1,On Roadway,1,Clear,88,Not Applicable,4,Dark-Lighted,1,Dry,0,None,88,Not Applicable,88,Not Applicable,0,None,88,Not Applicable,88,Not Applicable,2,Intersection,2,Four-Way Intersection,1,No,1,No,88,Not Applicable,88,Not Applicable,88,Not Applicable,88,Not Applicable,TRUE,1,Public Road,1,"Trafficway, On Road",CT0009300,New Haven PD,45403,24:33.0,C,Closed,01:14.0,,,,,,,