CrashId,Fatal Case Status,Fatal Case Status Text Format,CrashId,CrashId,Latitude,Longitude,DOT Case Number,Town Name,Town Number,Town Number,Town Number Text Format,Date Of Crash,Year,Month,Month Text Format,Day,Day of the Week,Day of the Week Text Format,Time of Crash,Hour of the Day,Case Identifier,Crash Severity,Crash Severity Text Format,Most Severe Injury,Most Severe Injury Text Format,Number Of Motor Vehicles,Number Of Non-Motorist,Number Of Witnesses,Route Class,Route Class Text Format,Milemarker,Road Number,Road Description,Roadway Name,Intersecting Roadway Name,Landmark Description,Distance From Nearest Landmark,Unit Of Measure From Nearest Landmark,Direction From Nearest Landmark,Latitude,Longitude,First Harmful Event,First Harmful Event Text Format,Manner of Crash / Collision Impact,Manner of Crash / Collision Impact Text Format,Location of First Harmful Event,Location of First Harmful Event Text Format,Weather Condition,Weather Condition Text Format,Weather 2,Weather 2 Text Format,Light Condition,Light Condition Text Format,Road Surface Condition,Road Surface Condition Text Format,"Contributing Circumstances, Environment","Contributing Circumstances, Environment Text Format",Environment 2,Environment 2 Text Format,Environment 3,Environment 3 Text Format,"Contributing Circumstances, Road","Contributing Circumstances, Road Text Format",Road 2,Road 2 Text Format,Road 3,Road 3 Text Format,Crash Specific Location,Crash Specific Location Text Format,Type of Intersection,Type of Intersection Text Format,School Bus Related,School Bus Related Text Format,Work Zone Related,Work Zone Related Text Format,Location Of Crash Relative To Work Zone,Location Of Crash Relative To Work Zone Text Format,Type of Work Zone,Type of Work Zone Text Format,Worker Presence,Worker Presence Text Format,Law Enforcement Presence,Law Enforcement Presence Text Format,Were Vehicles Moved Prior To Police Arrival,Trafficway Ownership,Trafficway Ownership Text Format,Trafficway Class,Trafficway Class Text Format,Police Agency,Police Agency Text Format,Badge Number,Approval Date,Police Case Status,Police Case Status Text Format,Crash Report Submission Date,Related Case Identifiers,No. of Through Lanes (Log Dir.),Average Daily Traffic,Functional Classification,Functional Classification Text Format,Rural or Urban,Rural or Urban Text Format
1365553,1,Complete,1365553,1365553,41.3373418,-72.97916951,3848786,New Haven,93,93,New Haven,2/19/2026,2026,2,February,19,5,Thursday,11:56:00,11,26006619,A,"Injury of any type (Serious, Minor, Possible)",C,Possible Injury (C),3,0,0,3,State,1.52,63,63-N,63-N,,15-S-113 (Exit 46 onramp),300,Feet,E,41.3373418,-72.97916951,14,Motor Vehicle in Operation,1,Front to rear,1,On Roadway,2,Cloudy,88,Not Applicable,1,Daylight,1,Dry,0,None,88,Not Applicable,88,Not Applicable,0,None,88,Not Applicable,88,Not Applicable,1,Non-Junction,1,Not at Intersection,1,No,1,No,88,Not Applicable,88,Not Applicable,88,Not Applicable,88,Not Applicable,FALSE,1,Public Road,1,"Trafficway, On Road",CT0009300,New Haven PD,46899,18:08.0,C,Closed,01:35.0,,,,,,,
1365555,1,Complete,1365555,1365555,41.31193,-72.90369,3848788,New Haven,93,93,New Haven,2/19/2026,2026,2,February,19,5,Thursday,18:16:00,18,26006678,A,"Injury of any type (Serious, Minor, Possible)",C,Possible Injury (C),1,0,0,4,Local,0.31,327,JAMES ST,JAMES ST,CASTLE ST,,,,,41.31193,-72.90369,38,"Other Post, Pole or Support",88,Not Applicable,4,Roadside,1,Clear,88,Not Applicable,4,Dark-Lighted,1,Dry,0,None,88,Not Applicable,88,Not Applicable,0,None,88,Not Applicable,88,Not Applicable,3,Intersection-Related,3,T-Intersection,1,No,1,No,88,Not Applicable,88,Not Applicable,88,Not Applicable,88,Not Applicable,FALSE,1,Public Road,1,"Trafficway, On Road",CT0009300,New Haven PD,46627,43:46.0,C,Closed,01:52.0,,,,,,,
1366924,1,Complete,1366924,1366924,41.282781,-72.938051,3849162,New Haven,93,93,New Haven,2/20/2026,2026,2,February,20,6,Friday,14:52:00,14,26006767,A,"Injury of any type (Serious, Minor, Possible)",C,Possible Injury (C),2,0,0,3,State,0.96,745,745-E,745-E,,ELLA T GRASSO BLVD,16,Feet,S,41.282781,-72.938051,14,Motor Vehicle in Operation,1,Front to rear,1,On Roadway,4,Rain,88,Not Applicable,1,Daylight,2,Wet,0,None,88,Not Applicable,88,Not Applicable,0,None,88,Not Applicable,88,Not Applicable,3,Intersection-Related,3,T-Intersection,1,No,1,No,88,Not Applicable,88,Not Applicable,88,Not Applicable,88,Not Applicable,FALSE,1,Public Road,1,"Trafficway, On Road",CT0009300,New Haven PD,45389,54:39.0,C,Closed,01:43.0,,,,,,,
1366925,1,Complete,1366925,1366925,41.317018,-72.943217,3849163,New Haven,93,93,New Haven,2/20/2026,2026,2,February,20,6,Friday,14:46:00,14,26006768,A,"Injury of any type (Serious, Minor, Possible)",B,Suspected Minor Injury (B),2,0,0,4,Local,0.33,653,WHALLEY AV,WHALLEY AV,,CARMEL ST,50,Feet,E,41.317018,-72.943217,14,Motor Vehicle in Operation,1,Front to rear,1,On Roadway,4,Rain,88,Not Applicable,1,Daylight,2,Wet,0,None,88,Not Applicable,88,Not Applicable,0,None,88,Not Applicable,88,Not Applicable,1,Non-Junction,1,Not at Intersection,1,No,1,No,88,Not Applicable,88,Not Applicable,88,Not Applicable,88,Not Applicable,TRUE,1,Public Road,1,"Trafficway, On Road",CT0009300,New Haven PD,44947,28:54.0,C,Closed,01:46.0,,,,,,,
1366926,1,Complete,1366926,1366926,41.301871,-72.93356,3849164,New Haven,93,93,New Haven,2/20/2026,2026,2,February,20,6,Friday,16:08:00,16,26006770,A,"Injury of any type (Serious, Minor, Possible)",C,Possible Injury (C),3,0,0,4,Local,0.79,123,CONGRESS AV,CONGRESS AV,CEDAR ST NO 3,,,,,41.301871,-72.93356,14,Motor Vehicle in Operation,3,Angle,1,On Roadway,4,Rain,88,Not Applicable,1,Daylight,2,Wet,0,None,88,Not Applicable,88,Not Applicable,0,None,88,Not Applicable,88,Not Applicable,2,Intersection,3,T-Intersection,1,No,1,No,88,Not Applicable,88,Not Applicable,88,Not Applicable,88,Not Applicable,FALSE,1,Public Road,1,"Trafficway, On Road",CT0009300,New Haven PD,48661,40:33.0,C,Closed,01:39.0,26-006770,,,,,,
1366930,1,Complete,1366930,1366930,41.296251,-72.9284,3849168,New Haven,93,93,New Haven,2/20/2026,2026,2,February,20,6,Friday,18:58:00,18,26006794,A,"Injury of any type (Serious, Minor, Possible)",B,Suspected Minor Injury (B),2,0,0,2,USRoute,47.84,1,1-N,1-N,UNION AVE,,,,,41.296251,-72.9284,14,Motor Vehicle in Operation,3,Angle,1,On Roadway,4,Rain,88,Not Applicable,4,Dark-Lighted,2,Wet,0,None,88,Not Applicable,88,Not Applicable,0,None,88,Not Applicable,88,Not Applicable,2,Intersection,2,Four-Way Intersection,1,No,1,No,88,Not Applicable,88,Not Applicable,88,Not Applicable,88,Not Applicable,FALSE,1,Public Road,1,"Trafficway, On Road",CT0009300,New Haven PD,48375,59:49.0,C,Closed,01:45.0,,,,,,,
1366933,1,Complete,1366933,1366933,41.317632,-72.937896,3849171,New Haven,93,93,New Haven,2/20/2026,2026,2,February,20,6,Friday,23:11:00,23,26006819,A,"Injury of any type (Serious, Minor, Possible)",C,Possible Injury (C),2,0,0,4,Local,1.18,453,ORCHARD ST,ORCHARD ST,,Goffee Street,15,Feet,S,41.317632,-72.937896,14,Motor Vehicle in Operation,1,Front to rear,1,On Roadway,1,Clear,88,Not Applicable,6,Dark-Unknown Lighting,2,Wet,0,None,88,Not Applicable,88,Not Applicable,0,None,88,Not Applicable,88,Not Applicable,3,Intersection-Related,2,Four-Way Intersection,1,No,1,No,88,Not Applicable,88,Not Applicable,88,Not Applicable,88,Not Applicable,FALSE,1,Public Road,1,"Trafficway, On Road",CT0009300,New Haven PD,31269,37:43.0,O,Open,01:50.0,,,,,,,
1366939,1,Complete,1366939,1366939,41.310159,-72.928698,3849177,New Haven,93,93,New Haven,2/21/2026,2026,2,February,21,7,Saturday,12:06:00,12,26006874,A,"Injury of any type (Serious, Minor, Possible)",C,Possible Injury (C),2,0,0,4,Local,0.28,726,ELM ST NO 2,ELM ST NO 2,High Street,,,,,41.310159,-72.928698,14,Motor Vehicle in Operation,1,Front to rear,1,On Roadway,1,Clear,88,Not Applicable,1,Daylight,1,Dry,0,None,88,Not Applicable,88,Not Applicable,0,None,88,Not Applicable,88,Not Applicable,2,Intersection,3,T-Intersection,1,No,1,No,88,Not Applicable,88,Not Applicable,88,Not Applicable,88,Not Applicable,FALSE,1,Public Road,1,"Trafficway, On Road",CT0009300,New Haven PD,40952,44:19.0,C,Closed,01:59.0,26006874,,,,,,
1366946,1,Complete,1366946,1366946,41.313767,-72.924646,3849184,New Haven,93,93,New Haven,2/22/2026,2026,2,February,22,1,Sunday,8:02:00,8,26006972,A,"Injury of any type (Serious, Minor, Possible)",C,Possible Injury (C),1,0,0,4,Local,0.02,601,TRUMBULL ST,TRUMBULL ST,,Prospect Street,65,Feet,E,41.313767,-72.924646,32,Tree (standing),88,Not Applicable,4,Roadside,5,Sleet or Hail ,88,Not Applicable,1,Daylight,4,Slush,1,Weather Conditions,88,Not Applicable,88,Not Applicable,5,"Road Surface Condition (wet, icy, snow, slush, etc.)",88,Not Applicable,88,Not Applicable,3,Intersection-Related,2,Four-Way Intersection,1,No,1,No,88,Not Applicable,88,Not Applicable,88,Not Applicable,88,Not Applicable,FALSE,1,Public Road,1,"Trafficway, On Road",CT0009300,New Haven PD,48651,54:29.0,C,Closed,02:20.0,,,,,,,
1367422,1,Complete,1367422,1367422,41.311902,-72.898546,3849659,New Haven,93,93,New Haven,2/23/2026,2026,2,February,23,2,Monday,4:58:00,4,26006953,A,"Injury of any type (Serious, Minor, Possible)",C,Possible Injury (C),2,0,0,4,Local,0.11,479,PINE ST NO 1,PINE ST NO 1,,FILLMORE ST,80,Feet,E,41.311902,-72.898546,14,Motor Vehicle in Operation,4,"Sideswipe, same direction",2,Shoulder,1,Clear,88,Not Applicable,4,Dark-Lighted,1,Dry,0,None,88,Not Applicable,88,Not Applicable,0,None,88,Not Applicable,88,Not Applicable,1,Non-Junction,1,Not at Intersection,1,No,1,No,88,Not Applicable,88,Not Applicable,88,Not Applicable,88,Not Applicable,FALSE,1,Public Road,1,"Trafficway, On Road",CT0009300,New Haven PD,44951,28:04.0,C,Closed,02:00.0,,,,,,,
1367743,1,Complete,1367743,1367743,41.307952,-72.89522,3849980,New Haven,93,93,New Haven,2/13/2026,2026,2,February,13,6,Friday,14:56:00,14,26005790,A,"Injury of any type (Serious, Minor, Possible)",B,Suspected Minor Injury (B),1,1,0,4,Local,0.82,213,FERRY ST,FERRY ST,,EXCHANGE ST,120,Feet,N,41.307952,-72.89522,11,Other Non-motorist,88,Not Applicable,1,On Roadway,1,Clear,88,Not Applicable,1,Daylight,1,Dry,0,None,88,Not Applicable,88,Not Applicable,0,None,88,Not Applicable,88,Not Applicable,9,Driveway Access-Related,1,Not at Intersection,1,No,1,No,88,Not Applicable,88,Not Applicable,88,Not Applicable,88,Not Applicable,FALSE,1,Public Road,1,"Trafficway, On Road",CT0009300,New Haven PD,44176,40:57.0,C,Closed,00:49.0,,,,,,,
1367745,1,Complete,1367745,1367745,41.327847,-72.960852,3849982,New Haven,93,93,New Haven,2/20/2026,2026,2,February,20,6,Friday,21:51:00,21,26006815,A,"Injury of any type (Serious, Minor, Possible)",C,Possible Injury (C),2,0,0,3,State,0.28,63,63-N,63-N,,PHILIP ST,16,Feet,N,41.327847,-72.960852,14,Motor Vehicle in Operation,1,Front to rear,1,On Roadway,1,Clear,88,Not Applicable,4,Dark-Lighted,1,Dry,0,None,88,Not Applicable,88,Not Applicable,0,None,88,Not Applicable,88,Not Applicable,3,Intersection-Related,3,T-Intersection,1,No,1,No,88,Not Applicable,88,Not Applicable,88,Not Applicable,88,Not Applicable,TRUE,1,Public Road,1,"Trafficway, On Road",CT0009300,New Haven PD,45403,54:11.0,O,Open,00:48.0,,,,,,,
1368083,1,Complete,1368083,1368083,41.319541,-72.949721,3850320,New Haven,93,93,New Haven,2/17/2026,2026,2,February,17,3,Tuesday,17:39:00,17,26006373,A,"Injury of any type (Serious, Minor, Possible)",C,Possible Injury (C),2,0,0,3,State,3.06,10,10-N,10-N,,ELLA T GRASSO BLVD,100,Feet,W,41.319541,-72.949721,14,Motor Vehicle in Operation,1,Front to rear,1,On Roadway,1,Clear,88,Not Applicable,3,Dusk,2,Wet,0,None,88,Not Applicable,88,Not Applicable,0,None,88,Not Applicable,88,Not Applicable,3,Intersection-Related,2,Four-Way Intersection,1,No,1,No,88,Not Applicable,88,Not Applicable,88,Not Applicable,88,Not Applicable,TRUE,1,Public Road,1,"Trafficway, On Road",CT0009300,New Haven PD,44947,48:26.0,O,Open,02:20.0,,,,,,,
1368085,1,Complete,1368085,1368085,41.324366,-72.944232,3850322,New Haven,93,93,New Haven,2/20/2026,2026,2,February,20,6,Friday,21:30:00,21,26006808,A,"Injury of any type (Serious, Minor, Possible)",C,Possible Injury (C),2,0,0,4,Local,0.29,254,GLEN RD,GLEN RD,ELLSWORTH AV,,,,,41.324366,-72.944232,14,Motor Vehicle in Operation,1,Front to rear,1,On Roadway,4,Rain,88,Not Applicable,4,Dark-Lighted,2,Wet,0,None,88,Not Applicable,88,Not Applicable,0,None,88,Not Applicable,88,Not Applicable,2,Intersection,2,Four-Way Intersection,1,No,1,No,88,Not Applicable,88,Not Applicable,88,Not Applicable,88,Not Applicable,TRUE,1,Public Road,1,"Trafficway, On Road",CT0009300,New Haven PD,44947,48:54.0,O,Open,02:23.0,,,,,,,
1368448,1,Complete,1368448,1368448,41.330905,-72.952707,3850683,New Haven,93,93,New Haven,2/20/2026,2026,2,February,20,6,Friday,10:50:00,10,26006751,A,"Injury of any type (Serious, Minor, Possible)",C,Possible Injury (C),2,0,0,4,Local,0.21,208,FARNHAM AV,FARNHAM AV,,BLAKE ST,1000,Feet,N,41.330905,-72.952707,14,Motor Vehicle in Operation,1,Front to rear,2,Shoulder,1,Clear,88,Not Applicable,1,Daylight,2,Wet,0,None,88,Not Applicable,88,Not Applicable,0,None,88,Not Applicable,88,Not Applicable,1,Non-Junction,1,Not at Intersection,1,No,1,No,88,Not Applicable,88,Not Applicable,88,Not Applicable,88,Not Applicable,TRUE,1,Public Road,1,"Trafficway, On Road",CT0009300,New Haven PD,33016,28:38.0,C,Closed,01:35.0,,,,,,,
1368458,1,Complete,1368458,1368458,41.311727,-72.958342,3850693,New Haven,93,93,New Haven,2/26/2026,2026,2,February,26,5,Thursday,8:34:00,8,26007287,A,"Injury of any type (Serious, Minor, Possible)",C,Possible Injury (C),2,0,0,4,Local,0.94,683,YALE AV,YALE AV,,DERBY AVE,450,Feet,N,41.311727,-72.958342,14,Motor Vehicle in Operation,3,Angle,1,On Roadway,1,Clear,88,Not Applicable,1,Daylight,5,Ice / Frost,1,Weather Conditions,88,Not Applicable,88,Not Applicable,5,"Road Surface Condition (wet, icy, snow, slush, etc.)",88,Not Applicable,88,Not Applicable,1,Non-Junction,1,Not at Intersection,1,No,1,No,88,Not Applicable,88,Not Applicable,88,Not Applicable,88,Not Applicable,FALSE,1,Public Road,1,"Trafficway, On Road",CT0009300,New Haven PD,46899,26:20.0,C,Closed,01:27.0,26-007287,,,,,,
1369222,1,Complete,1369222,1369222,41.330826,-72.913645,3851455,New Haven,93,93,New Haven,2/9/2026,2026,2,February,9,2,Monday,12:57:00,12,26005048,A,"Injury of any type (Serious, Minor, Possible)",C,Possible Injury (C),3,0,0,4,Local,1.49,656,WHITNEY AV,WHITNEY AV,,EAST ROCK RD,50,Feet,N,41.330826,-72.913645,14,Motor Vehicle in Operation,1,Front to rear,1,On Roadway,1,Clear,88,Not Applicable,1,Daylight,1,Dry,0,None,88,Not Applicable,88,Not Applicable,0,None,88,Not Applicable,88,Not Applicable,3,Intersection-Related,2,Four-Way Intersection,1,No,1,No,88,Not Applicable,88,Not Applicable,88,Not Applicable,88,Not Applicable,FALSE,1,Public Road,1,"Trafficway, On Road",CT0009300,New Haven PD,48651,59:52.0,C,Closed,01:46.0,,,,,,,
1369224,1,Complete,1369224,1369224,41.301422,-72.922753,3851457,New Haven,93,93,New Haven,3/1/2026,2026,3,March,1,1,Sunday,12:23:00,12,26006906,A,"Injury of any type (Serious, Minor, Possible)",C,Possible Injury (C),2,0,0,2,USRoute,48.33,1,1-N,1-N,,UNION ST,45,Feet,S,41.301422,-72.922753,14,Motor Vehicle in Operation,1,Front to rear,1,On Roadway,1,Clear,88,Not Applicable,1,Daylight,1,Dry,0,None,88,Not Applicable,88,Not Applicable,0,None,88,Not Applicable,88,Not Applicable,1,Non-Junction,1,Not at Intersection,1,No,1,No,88,Not Applicable,88,Not Applicable,88,Not Applicable,88,Not Applicable,FALSE,1,Public Road,1,"Trafficway, On Road",CT0009300,New Haven PD,49452,55:46.0,C,Closed,02:06.0,,,,,,,
1369231,1,Complete,1369231,1369231,41.301629,-72.927346,3851464,New Haven,93,93,New Haven,2/27/2026,2026,2,February,27,6,Friday,14:06:00,14,26007327,A,"Injury of any type (Serious, Minor, Possible)",C,Possible Injury (C),2,0,0,4,Local,0.59,564,SOUTH FRONTAGE RD,SOUTH FRONTAGE RD,,S ORANGE RD,50,Feet,W,41.301629,-72.927346,16,"Struck by Falling, Shifting Cargo or Anything Set in Motion by Motor Vehicle",88,Not Applicable,1,On Roadway,1,Clear,88,Not Applicable,1,Daylight,1,Dry,0,None,88,Not Applicable,88,Not Applicable,0,None,88,Not Applicable,88,Not Applicable,3,Intersection-Related,2,Four-Way Intersection,1,No,1,No,88,Not Applicable,88,Not Applicable,88,Not Applicable,88,Not Applicable,FALSE,1,Public Road,1,"Trafficway, On Road",CT0009300,New Haven PD,45395,23:30.0,C,Closed,02:33.0,,,,,,,
1369250,1,Complete,1369250,1369250,41.31243,-72.94076,3851483,New Haven,93,93,New Haven,2/27/2026,2026,2,February,27,6,Friday,14:34:00,14,26007448,A,"Injury of any type (Serious, Minor, Possible)",C,Possible Injury (C),2,0,0,4,Local,1.63,179,EDGEWOOD AV,EDGEWOOD AV,ORCHARD ST,,,,,41.31243,-72.94076,14,Motor Vehicle in Operation,3,Angle,1,On Roadway,1,Clear,88,Not Applicable,1,Daylight,1,Dry,0,None,88,Not Applicable,88,Not Applicable,0,None,88,Not Applicable,88,Not Applicable,2,Intersection,2,Four-Way Intersection,1,No,1,No,88,Not Applicable,88,Not Applicable,88,Not Applicable,88,Not Applicable,TRUE,1,Public Road,1,"Trafficway, On Road",CT0009300,New Haven PD,45132,08:04.0,C,Closed,01:23.0,,,,,,,
1369262,1,Complete,1369262,1369262,41.323468,-72.881155,3851495,New Haven,93,93,New Haven,2/28/2026,2026,2,February,28,7,Saturday,9:22:00,9,26007497,A,"Injury of any type (Serious, Minor, Possible)",C,Possible Injury (C),2,0,0,1,Interstate,0.05,91,91-N-16A,91-N-16A (EXIT 8),,RTE 80,105,Feet,W,41.323468,-72.881155,14,Motor Vehicle in Operation,4,"Sideswipe, same direction",1,On Roadway,1,Clear,88,Not Applicable,1,Daylight,2,Wet,0,None,88,Not Applicable,88,Not Applicable,0,None,88,Not Applicable,88,Not Applicable,4,Entrance / Exit Ramp,1,Not at Intersection,1,No,1,No,88,Not Applicable,88,Not Applicable,88,Not Applicable,88,Not Applicable,FALSE,1,Public Road,1,"Trafficway, On Road",CT0009300,New Haven PD,47741,26:02.0,C,Closed,02:40.0,,,,,,,
1369265,1,Complete,1369265,1369265,41.30353,-72.88885,3851498,New Haven,93,93,New Haven,2/28/2026,2026,2,February,28,7,Saturday,8:53:00,8,26007534,A,"Injury of any type (Serious, Minor, Possible)",C,Possible Injury (C),2,0,0,4,Local,0.77,498,QUINNIPIAC AV,QUINNIPIAC AV,,OXFORD ST,50,Feet,S,41.30353,-72.88885,14,Motor Vehicle in Operation,3,Angle,1,On Roadway,1,Clear,88,Not Applicable,1,Daylight,1,Dry,0,None,88,Not Applicable,88,Not Applicable,0,None,88,Not Applicable,88,Not Applicable,1,Non-Junction,1,Not at Intersection,1,No,1,No,88,Not Applicable,88,Not Applicable,88,Not Applicable,88,Not Applicable,FALSE,1,Public Road,1,"Trafficway, On Road",CT0009300,New Haven PD,42049,56:41.0,C,Closed,01:29.0,,,,,,,
1369270,1,Complete,1369270,1369270,41.308801,-72.945589,3851503,New Haven,93,93,New Haven,2/28/2026,2026,2,February,28,7,Saturday,13:24:00,13,26007564,A,"Injury of any type (Serious, Minor, Possible)",C,Possible Injury (C),2,0,0,4,Local,0.21,556,SHERMAN AV,SHERMAN AV,GILBERT AV,,,,,41.308801,-72.945589,14,Motor Vehicle in Operation,3,Angle,1,On Roadway,1,Clear,88,Not Applicable,1,Daylight,1,Dry,0,None,88,Not Applicable,88,Not Applicable,0,None,88,Not Applicable,88,Not Applicable,2,Intersection,2,Four-Way Intersection,1,No,1,No,88,Not Applicable,88,Not Applicable,88,Not Applicable,88,Not Applicable,TRUE,1,Public Road,1,"Trafficway, On Road",CT0009300,New Haven PD,45132,27:47.0,C,Closed,01:32.0,,,,,,,
1369277,1,Complete,1369277,1369277,41.317916,-72.949569,3851510,New Haven,93,93,New Haven,3/1/2026,2026,3,March,1,1,Sunday,6:34:00,6,26007648,A,"Injury of any type (Serious, Minor, Possible)",C,Possible Injury (C),3,0,1,3,State,2.95,10,10-N,10-N,,ARGONNE ST,100,Feet,S,41.317916,-72.949569,14,Motor Vehicle in Operation,97,Other,1,On Roadway,2,Cloudy,88,Not Applicable,2,Dawn,99,Unknown,99,Unknown,88,Not Applicable,88,Not Applicable,99,Unknown,88,Not Applicable,88,Not Applicable,1,Non-Junction,1,Not at Intersection,1,No,1,No,88,Not Applicable,88,Not Applicable,88,Not Applicable,88,Not Applicable,FALSE,1,Public Road,1,"Trafficway, On Road",CT0009300,New Haven PD,44062,13:37.0,C,Closed,01:51.0,,,,,,,
1369281,1,Complete,1369281,1369281,41.300624,-72.891686,3851514,New Haven,93,93,New Haven,3/1/2026,2026,3,March,1,1,Sunday,17:30:00,17,26007684,A,"Injury of any type (Serious, Minor, Possible)",C,Possible Injury (C),2,0,0,4,Local,0.23,795,EAST FERRY ST,EAST FERRY ST,,FARREN AV,50,Feet,E,41.300624,-72.891686,14,Motor Vehicle in Operation,1,Front to rear,1,On Roadway,1,Clear,88,Not Applicable,3,Dusk,1,Dry,0,None,88,Not Applicable,88,Not Applicable,0,None,88,Not Applicable,88,Not Applicable,2,Intersection,3,T-Intersection,1,No,1,No,88,Not Applicable,88,Not Applicable,88,Not Applicable,88,Not Applicable,FALSE,1,Public Road,1,"Trafficway, On Road",CT0009300,New Haven PD,45388,58:37.0,C,Closed,02:01.0,,,,,,,
1369918,1,Complete,1369918,1369918,41.284611,-72.934614,3852151,New Haven,93,93,New Haven,2/19/2026,2026,2,February,19,5,Thursday,21:42:00,21,26006711,A,"Injury of any type (Serious, Minor, Possible)",C,Possible Injury (C),2,0,0,3,State,0.32,10,10-N,10-N,95-S-368 (95-S exit 44),,,,,41.284611,-72.934614,14,Motor Vehicle in Operation,3,Angle,1,On Roadway,1,Clear,88,Not Applicable,4,Dark-Lighted,1,Dry,0,None,88,Not Applicable,88,Not Applicable,0,None,88,Not Applicable,88,Not Applicable,2,Intersection,2,Four-Way Intersection,1,No,1,No,88,Not Applicable,88,Not Applicable,88,Not Applicable,88,Not Applicable,FALSE,1,Public Road,1,"Trafficway, On Road",CT0009300,New Haven PD,44055,42:47.0,C,Closed,01:03.0,,,,,,,
1369923,1,Complete,1369923,1369923,41.326122,-72.935196,3852156,New Haven,93,93,New Haven,2/24/2026,2026,2,February,24,3,Tuesday,18:47:00,18,26007150,A,"Injury of any type (Serious, Minor, Possible)",C,Possible Injury (C),2,0,0,4,Local,0.94,152,DIXWELL AV,DIXWELL AV,,GIBBS ST,15,Feet,N,41.326122,-72.935196,14,Motor Vehicle in Operation,1,Front to rear,1,On Roadway,1,Clear,88,Not Applicable,4,Dark-Lighted,3,Snow,0,None,88,Not Applicable,88,Not Applicable,0,None,88,Not Applicable,88,Not Applicable,3,Intersection-Related,3,T-Intersection,1,No,1,No,88,Not Applicable,88,Not Applicable,88,Not Applicable,88,Not Applicable,FALSE,1,Public Road,1,"Trafficway, On Road",CT0009300,New Haven PD,329,14:39.0,C,Closed,00:46.0,,,,,,,
1369927,1,Complete,1369927,1369927,41.316613,-72.942435,3852160,New Haven,93,93,New Haven,2/28/2026,2026,2,February,28,7,Saturday,12:36:00,12,26007553,A,"Injury of any type (Serious, Minor, Possible)",C,Possible Injury (C),2,0,0,4,Local,0.38,653,WHALLEY AV,WHALLEY AV,SHERMAN AVE,,,,,41.316613,-72.942435,14,Motor Vehicle in Operation,3,Angle,1,On Roadway,1,Clear,88,Not Applicable,1,Daylight,1,Dry,0,None,88,Not Applicable,88,Not Applicable,0,None,88,Not Applicable,88,Not Applicable,2,Intersection,2,Four-Way Intersection,1,No,1,No,88,Not Applicable,88,Not Applicable,88,Not Applicable,88,Not Applicable,TRUE,1,Public Road,1,"Trafficway, On Road",CT0009300,New Haven PD,48658,07:18.0,O,Open,00:54.0,,,,,,,
1369928,1,Complete,1369928,1369928,41.323819,-72.881337,3852161,New Haven,93,93,New Haven,3/1/2026,2026,3,March,1,1,Sunday,18:24:00,18,26007593,A,"Injury of any type (Serious, Minor, Possible)",C,Possible Injury (C),2,0,0,3,State,0.01,80,80-E,80-E,,MIDDLETOWN AV,40,Feet,E,41.323819,-72.881337,14,Motor Vehicle in Operation,1,Front to rear,1,On Roadway,1,Clear,88,Not Applicable,4,Dark-Lighted,1,Dry,0,None,88,Not Applicable,88,Not Applicable,0,None,88,Not Applicable,88,Not Applicable,3,Intersection-Related,2,Four-Way Intersection,1,No,1,No,88,Not Applicable,88,Not Applicable,88,Not Applicable,88,Not Applicable,FALSE,1,Public Road,1,"Trafficway, On Road",CT0009300,New Haven PD,47741,48:51.0,C,Closed,00:41.0,,,,,,,
1369932,1,Complete,1369932,1369932,41.287344,-72.93727,3852165,New Haven,93,93,New Haven,3/1/2026,2026,3,March,1,1,Sunday,19:20:00,19,26007701,A,"Injury of any type (Serious, Minor, Possible)",C,Possible Injury (C),2,0,0,3,State,0.55,10,10-N,10-N,,PLYMOUTH ST,40,Feet,N,41.287344,-72.93727,14,Motor Vehicle in Operation,4,"Sideswipe, same direction",1,On Roadway,1,Clear,88,Not Applicable,4,Dark-Lighted,1,Dry,0,None,88,Not Applicable,88,Not Applicable,0,None,88,Not Applicable,88,Not Applicable,3,Intersection-Related,3,T-Intersection,1,No,1,No,88,Not Applicable,88,Not Applicable,88,Not Applicable,88,Not Applicable,TRUE,1,Public Road,1,"Trafficway, On Road",CT0009300,New Haven PD,47003,22:17.0,C,Closed,01:12.0,,,,,,,
1369933,1,Complete,1369933,1369933,41.28965,-72.89651,3852166,New Haven,93,93,New Haven,3/1/2026,2026,3,March,1,1,Sunday,20:36:00,20,26007707,A,"Injury of any type (Serious, Minor, Possible)",A,Suspected Serious Injury (A),2,0,0,3,State,0,921,921-E,921-E,95-N-346 (Exit 50),,,,,41.28965,-72.89651,14,Motor Vehicle in Operation,3,Angle,1,On Roadway,1,Clear,88,Not Applicable,4,Dark-Lighted,1,Dry,0,None,88,Not Applicable,88,Not Applicable,0,None,88,Not Applicable,88,Not Applicable,2,Intersection,2,Four-Way Intersection,1,No,1,No,88,Not Applicable,88,Not Applicable,88,Not Applicable,88,Not Applicable,TRUE,1,Public Road,1,"Trafficway, On Road",CT0009300,New Haven PD,48652,11:30.0,O,Open,01:10.0,,,,,,,