CrashId,Fatal Case Status,Fatal Case Status Text Format,CrashId,CrashId,Latitude,Longitude,DOT Case Number,Town Name,Town Number,Town Number,Town Number Text Format,Date Of Crash,Year,Month,Month Text Format,Day,Day of the Week,Day of the Week Text Format,Time of Crash,Hour of the Day,Case Identifier,Crash Severity,Crash Severity Text Format,Most Severe Injury,Most Severe Injury Text Format,Number Of Motor Vehicles,Number Of Non-Motorist,Number Of Witnesses,Route Class,Route Class Text Format,Milemarker,Road Number,Road Description,Roadway Name,Intersecting Roadway Name,Landmark Description,Distance From Nearest Landmark,Unit Of Measure From Nearest Landmark,Direction From Nearest Landmark,Latitude,Longitude,First Harmful Event,First Harmful Event Text Format,Manner of Crash / Collision Impact,Manner of Crash / Collision Impact Text Format,Location of First Harmful Event,Location of First Harmful Event Text Format,Weather Condition,Weather Condition Text Format,Weather 2,Weather 2 Text Format,Light Condition,Light Condition Text Format,Road Surface Condition,Road Surface Condition Text Format,"Contributing Circumstances, Environment","Contributing Circumstances, Environment Text Format",Environment 2,Environment 2 Text Format,Environment 3,Environment 3 Text Format,"Contributing Circumstances, Road","Contributing Circumstances, Road Text Format",Road 2,Road 2 Text Format,Road 3,Road 3 Text Format,Crash Specific Location,Crash Specific Location Text Format,Type of Intersection,Type of Intersection Text Format,School Bus Related,School Bus Related Text Format,Work Zone Related,Work Zone Related Text Format,Location Of Crash Relative To Work Zone,Location Of Crash Relative To Work Zone Text Format,Type of Work Zone,Type of Work Zone Text Format,Worker Presence,Worker Presence Text Format,Law Enforcement Presence,Law Enforcement Presence Text Format,Were Vehicles Moved Prior To Police Arrival,Trafficway Ownership,Trafficway Ownership Text Format,Trafficway Class,Trafficway Class Text Format,Police Agency,Police Agency Text Format,Badge Number,Approval Date,Police Case Status,Police Case Status Text Format,Crash Report Submission Date,Related Case Identifiers,No. of Through Lanes (Log Dir.),Average Daily Traffic,Functional Classification,Functional Classification Text Format,Rural or Urban,Rural or Urban Text Format
1369946,1,Complete,1369946,1369946,41.313206,-72.922164,3852179,New Haven,93,93,New Haven,3/2/2026,2026,3,March,2,2,Monday,17:08:00,17,26007854,A,"Injury of any type (Serious, Minor, Possible)",C,Possible Injury (C),2,0,0,4,Local,0.15,601,TRUMBULL ST,TRUMBULL ST,TEMPLE ST,,,,,41.313206,-72.922164,14,Motor Vehicle in Operation,3,Angle,1,On Roadway,1,Clear,88,Not Applicable,4,Dark-Lighted,1,Dry,99,Unknown,99,Unknown,88,Not Applicable,99,Unknown,88,Not Applicable,88,Not Applicable,2,Intersection,2,Four-Way Intersection,1,No,1,No,88,Not Applicable,88,Not Applicable,88,Not Applicable,88,Not Applicable,TRUE,1,Public Road,1,"Trafficway, On Road",CT0009300,New Haven PD,46901,11:35.0,C,Closed,01:09.0,,,,,,,
1370230,1,Complete,1370230,1370230,41.330988,-72.952624,3852461,New Haven,93,93,New Haven,2/20/2026,2026,2,February,20,6,Friday,10:50:00,10,26006747,A,"Injury of any type (Serious, Minor, Possible)",C,Possible Injury (C),2,0,0,4,Local,0.2,208,FARNHAM AV,FARNHAM AV,,BLAKE ST,1000,Feet,N,41.330988,-72.952624,14,Motor Vehicle in Operation,1,Front to rear,1,On Roadway,1,Clear,88,Not Applicable,1,Daylight,2,Wet,0,None,88,Not Applicable,88,Not Applicable,0,None,88,Not Applicable,88,Not Applicable,1,Non-Junction,1,Not at Intersection,1,No,1,No,88,Not Applicable,88,Not Applicable,88,Not Applicable,88,Not Applicable,TRUE,1,Public Road,1,"Trafficway, On Road",CT0009300,New Haven PD,33016,28:38.0,C,Closed,00:43.0,,,,,,,
1370237,1,Complete,1370237,1370237,41.282932,-72.934587,3852468,New Haven,93,93,New Haven,3/2/2026,2026,3,March,2,2,Monday,21:25:00,21,26007880,A,"Injury of any type (Serious, Minor, Possible)",C,Possible Injury (C),2,0,1,3,State,0.19,10,10-N,10-N,95-N-365 (Exit 44),,,,,41.282932,-72.934587,14,Motor Vehicle in Operation,3,Angle,1,On Roadway,1,Clear,88,Not Applicable,4,Dark-Lighted,1,Dry,0,None,88,Not Applicable,88,Not Applicable,0,None,88,Not Applicable,88,Not Applicable,2,Intersection,2,Four-Way Intersection,1,No,1,No,88,Not Applicable,88,Not Applicable,88,Not Applicable,88,Not Applicable,FALSE,1,Public Road,1,"Trafficway, On Road",CT0009300,New Haven PD,48375,05:48.0,C,Closed,00:30.0,,,,,,,
1370242,1,Complete,1370242,1370242,41.29357,-72.897708,3852473,New Haven,93,93,New Haven,3/3/2026,2026,3,March,3,3,Tuesday,15:55:00,15,26007963,A,"Injury of any type (Serious, Minor, Possible)",B,Suspected Minor Injury (B),2,0,2,2,USRoute,49.82,1,1-N,1-N,Fulton Terrace,,,,,41.29357,-72.897708,14,Motor Vehicle in Operation,2,Front to front,1,On Roadway,4,Rain,88,Not Applicable,1,Daylight,2,Wet,0,None,88,Not Applicable,88,Not Applicable,0,None,88,Not Applicable,88,Not Applicable,2,Intersection,2,Four-Way Intersection,1,No,1,No,88,Not Applicable,88,Not Applicable,88,Not Applicable,88,Not Applicable,FALSE,1,Public Road,1,"Trafficway, On Road",CT0009300,New Haven PD,40951,24:26.0,C,Closed,00:28.0,,,,,,,
1370244,1,Complete,1370244,1370244,41.298255,-72.949389,3852475,New Haven,93,93,New Haven,3/3/2026,2026,3,March,3,3,Tuesday,16:32:00,16,26007969,A,"Injury of any type (Serious, Minor, Possible)",C,Possible Injury (C),2,0,0,3,State,1.53,10,10-N,10-N,,COLUMBUS AVE,245,Feet,W,41.298255,-72.949389,14,Motor Vehicle in Operation,1,Front to rear,1,On Roadway,4,Rain,88,Not Applicable,3,Dusk,2,Wet,0,None,88,Not Applicable,88,Not Applicable,0,None,88,Not Applicable,88,Not Applicable,1,Non-Junction,1,Not at Intersection,1,No,1,No,88,Not Applicable,88,Not Applicable,88,Not Applicable,88,Not Applicable,FALSE,1,Public Road,1,"Trafficway, On Road",CT0009300,New Haven PD,49452,02:41.0,C,Closed,00:32.0,,,,,,,
1370245,1,Complete,1370245,1370245,41.30481,-72.926797,3852476,New Haven,93,93,New Haven,3/3/2026,2026,3,March,3,3,Tuesday,16:19:00,16,26007970,A,"Injury of any type (Serious, Minor, Possible)",C,Possible Injury (C),2,0,0,4,Local,0.2,103,CHURCH ST,CHURCH ST,Crown Street,,,,,41.30481,-72.926797,14,Motor Vehicle in Operation,3,Angle,1,On Roadway,4,Rain,88,Not Applicable,1,Daylight,2,Wet,99,Unknown,88,Not Applicable,88,Not Applicable,0,None,88,Not Applicable,88,Not Applicable,2,Intersection,2,Four-Way Intersection,1,No,1,No,88,Not Applicable,88,Not Applicable,88,Not Applicable,88,Not Applicable,TRUE,1,Public Road,1,"Trafficway, On Road",CT0009300,New Haven PD,48658,43:33.0,C,Closed,00:26.0,,,,,,,
1370248,1,Complete,1370248,1370248,41.308084,-72.924281,3852479,New Haven,93,93,New Haven,3/3/2026,2026,3,March,3,3,Tuesday,18:34:00,18,26007987,A,"Injury of any type (Serious, Minor, Possible)",C,Possible Injury (C),2,0,0,4,Local,0.46,103,CHURCH ST,CHURCH ST,,ELM ST,5,Feet,S,41.308084,-72.924281,14,Motor Vehicle in Operation,1,Front to rear,1,On Roadway,1,Clear,88,Not Applicable,4,Dark-Lighted,2,Wet,99,Unknown,88,Not Applicable,88,Not Applicable,99,Unknown,88,Not Applicable,88,Not Applicable,3,Intersection-Related,2,Four-Way Intersection,1,No,1,No,88,Not Applicable,88,Not Applicable,88,Not Applicable,88,Not Applicable,TRUE,1,Public Road,1,"Trafficway, On Road",CT0009300,New Haven PD,46901,52:22.0,C,Closed,00:40.0,,,,,,,
1370625,1,Complete,1370625,1370625,41.297643,-72.940305,3852856,New Haven,93,93,New Haven,3/4/2026,2026,3,March,4,4,Wednesday,15:35:00,15,26008117,A,"Injury of any type (Serious, Minor, Possible)",A,Suspected Serious Injury (A),2,0,0,,,,,428 Colobmus Ave,428 Colobmus Ave,,west st,130,Feet,E,41.297643,-72.940305,14,Motor Vehicle in Operation,1,Front to rear,97,Other,1,Clear,88,Not Applicable,1,Daylight,1,Dry,0,None,88,Not Applicable,88,Not Applicable,0,None,88,Not Applicable,88,Not Applicable,8,Driveway Access,1,Not at Intersection,1,No,1,No,88,Not Applicable,88,Not Applicable,88,Not Applicable,88,Not Applicable,FALSE,88,Not Applicable,4,Parking Lot,CT0009300,New Haven PD,49452,32:18.0,C,Closed,01:43.0,,,,,,,
1370626,1,Complete,1370626,1370626,41.286375,-72.936255,3852857,New Haven,93,93,New Haven,3/4/2026,2026,3,March,4,4,Wednesday,16:20:00,16,26008141,A,"Injury of any type (Serious, Minor, Possible)",A,Suspected Serious Injury (A),1,1,0,3,State,0.47,10,10-N,10-N,KIMBERLY AV,,,,,41.286375,-72.936255,9,Pedestrian,88,Not Applicable,1,On Roadway,1,Clear,88,Not Applicable,1,Daylight,1,Dry,99,Unknown,88,Not Applicable,88,Not Applicable,0,None,88,Not Applicable,88,Not Applicable,2,Intersection,2,Four-Way Intersection,1,No,1,No,88,Not Applicable,88,Not Applicable,88,Not Applicable,88,Not Applicable,FALSE,1,Public Road,1,"Trafficway, On Road",CT0009300,New Haven PD,47001,04:14.0,C,Closed,01:49.0,,,,,,,
1370927,1,Complete,1370927,1370927,41.31529,-72.938398,3853158,New Haven,93,93,New Haven,2/28/2026,2026,2,February,28,7,Saturday,22:23:00,22,26007614,A,"Injury of any type (Serious, Minor, Possible)",A,Suspected Serious Injury (A),1,1,2,4,Local,0.6,653,WHALLEY AV,WHALLEY AV,,ORCHARD ST,200,Feet,E,41.31529,-72.938398,9,Pedestrian,88,Not Applicable,1,On Roadway,1,Clear,88,Not Applicable,4,Dark-Lighted,1,Dry,0,None,88,Not Applicable,88,Not Applicable,0,None,88,Not Applicable,88,Not Applicable,1,Non-Junction,1,Not at Intersection,1,No,1,No,88,Not Applicable,88,Not Applicable,88,Not Applicable,88,Not Applicable,FALSE,1,Public Road,1,"Trafficway, On Road",CT0009300,New Haven PD,45403,23:55.0,C,Closed,00:45.0,,,,,,,
1370937,1,Complete,1370937,1370937,41.319135,-72.949166,3853168,New Haven,93,93,New Haven,3/5/2026,2026,3,March,5,5,Thursday,14:26:00,14,26008276,A,"Injury of any type (Serious, Minor, Possible)",A,Suspected Serious Injury (A),2,0,0,4,Local,0,653,WHALLEY AV,WHALLEY AV,ELLA T GRASSO BLVD,,,,,41.319135,-72.949166,14,Motor Vehicle in Operation,3,Angle,1,On Roadway,4,Rain,88,Not Applicable,1,Daylight,2,Wet,0,None,88,Not Applicable,88,Not Applicable,0,None,88,Not Applicable,88,Not Applicable,2,Intersection,2,Four-Way Intersection,1,No,1,No,88,Not Applicable,88,Not Applicable,88,Not Applicable,88,Not Applicable,FALSE,1,Public Road,1,"Trafficway, On Road",CT0009300,New Haven PD,44947,18:39.0,C,Closed,00:45.0,,,,,,,
1370938,1,Complete,1370938,1370938,41.322119,-72.877418,3853169,New Haven,93,93,New Haven,3/5/2026,2026,3,March,5,5,Thursday,15:34:00,15,26008279,A,"Injury of any type (Serious, Minor, Possible)",A,Suspected Serious Injury (A),2,0,0,3,State,0.24,80,80-E,80-E,Walmart Plaza (Private),,,,,41.322119,-72.877418,14,Motor Vehicle in Operation,3,Angle,1,On Roadway,4,Rain,88,Not Applicable,1,Daylight,2,Wet,0,None,88,Not Applicable,88,Not Applicable,0,None,88,Not Applicable,88,Not Applicable,2,Intersection,3,T-Intersection,1,No,1,No,88,Not Applicable,88,Not Applicable,88,Not Applicable,88,Not Applicable,FALSE,1,Public Road,1,"Trafficway, On Road",CT0009300,New Haven PD,65,34:00.0,C,Closed,00:49.0,,,,,,,
1372664,1,Complete,1372664,1372664,41.312648,-72.932654,3853898,New Haven,93,93,New Haven,2/27/2026,2026,2,February,27,6,Friday,11:28:00,11,26007424,A,"Injury of any type (Serious, Minor, Possible)",C,Possible Injury (C),2,0,0,4,Local,0.96,653,WHALLEY AV,WHALLEY AV,,Howe St,20,Feet,S,41.312648,-72.932654,14,Motor Vehicle in Operation,1,Front to rear,1,On Roadway,1,Clear,88,Not Applicable,1,Daylight,1,Dry,0,None,88,Not Applicable,88,Not Applicable,0,None,88,Not Applicable,88,Not Applicable,1,Non-Junction,1,Not at Intersection,1,No,1,No,88,Not Applicable,88,Not Applicable,88,Not Applicable,88,Not Applicable,FALSE,1,Public Road,1,"Trafficway, On Road",CT0009300,New Haven PD,46625,40:59.0,C,Closed,02:42.0,,,,,,,
1372668,1,Complete,1372668,1372668,41.31244,-72.924013,3853902,New Haven,93,93,New Haven,3/3/2026,2026,3,March,3,3,Tuesday,14:53:00,14,26007956,A,"Injury of any type (Serious, Minor, Possible)",C,Possible Injury (C),2,0,0,4,Local,0.08,294,HILLHOUSE AV,HILLHOUSE AV,,GROVE ST,410,Feet,N,41.31244,-72.924013,14,Motor Vehicle in Operation,3,Angle,1,On Roadway,1,Clear,88,Not Applicable,1,Daylight,1,Dry,0,None,88,Not Applicable,88,Not Applicable,0,None,88,Not Applicable,88,Not Applicable,1,Non-Junction,1,Not at Intersection,1,No,1,No,88,Not Applicable,88,Not Applicable,88,Not Applicable,88,Not Applicable,FALSE,1,Public Road,1,"Trafficway, On Road",CT0009300,New Haven PD,45630,33:56.0,C,Closed,01:59.0,,,,,,,
1372680,1,Complete,1372680,1372680,41.301569,-72.927245,3853914,New Haven,93,93,New Haven,3/6/2026,2026,3,March,6,6,Friday,15:17:00,15,26008441,A,"Injury of any type (Serious, Minor, Possible)",C,Possible Injury (C),2,0,0,4,Local,0.6,564,SOUTH FRONTAGE RD,SOUTH FRONTAGE RD,,S ORANGE ST,16,Feet,W,41.301569,-72.927245,14,Motor Vehicle in Operation,3,Angle,1,On Roadway,1,Clear,88,Not Applicable,1,Daylight,1,Dry,0,None,88,Not Applicable,88,Not Applicable,0,None,88,Not Applicable,88,Not Applicable,3,Intersection-Related,8,"Five-Point, or More",1,No,1,No,88,Not Applicable,88,Not Applicable,88,Not Applicable,88,Not Applicable,FALSE,1,Public Road,1,"Trafficway, On Road",CT0009300,New Haven PD,10,34:22.0,C,Closed,02:08.0,,,,,,,
1372682,1,Complete,1372682,1372682,41.316636,-72.906994,3853916,New Haven,93,93,New Haven,3/6/2026,2026,3,March,6,6,Friday,19:54:00,19,26008482,A,"Injury of any type (Serious, Minor, Possible)",C,Possible Injury (C),2,0,0,4,Local,0.14,575,STATE ST,STATE ST,,MILL RIVER ST ,220,Feet,W,41.316636,-72.906994,14,Motor Vehicle in Operation,3,Angle,1,On Roadway,2,Cloudy,88,Not Applicable,4,Dark-Lighted,2,Wet,0,None,88,Not Applicable,88,Not Applicable,0,None,88,Not Applicable,88,Not Applicable,9,Driveway Access-Related,1,Not at Intersection,1,No,1,No,88,Not Applicable,88,Not Applicable,88,Not Applicable,88,Not Applicable,FALSE,1,Public Road,1,"Trafficway, On Road",CT0009300,New Haven PD,47739,30:30.0,C,Closed,02:28.0,,,,,,,
1372685,1,Complete,1372685,1372685,41.286619,-72.931034,3853919,New Haven,93,93,New Haven,3/7/2026,2026,3,March,7,7,Saturday,11:18:00,11,26008527,A,"Injury of any type (Serious, Minor, Possible)",C,Possible Injury (C),1,0,0,4,Local,1.39,308,HOWARD AV,HOWARD AV,,FOURTH ST ,30,Feet,N,41.286619,-72.931034,39,"Other Fixed Object (wall, building, tunnel, etc.)",88,Not Applicable,4,Roadside,2,Cloudy,88,Not Applicable,1,Daylight,2,Wet,1,Weather Conditions,88,Not Applicable,88,Not Applicable,97,Other,88,Not Applicable,88,Not Applicable,1,Non-Junction,1,Not at Intersection,1,No,1,No,88,Not Applicable,88,Not Applicable,88,Not Applicable,88,Not Applicable,FALSE,1,Public Road,1,"Trafficway, On Road",CT0009300,New Haven PD,45392,09:37.0,C,Closed,02:22.0,NONE,,,,,,
1372687,1,Complete,1372687,1372687,41.29675072,-72.89282847,3853921,New Haven,93,93,New Haven,3/7/2026,2026,3,March,7,7,Saturday,15:26:00,15,26008555,A,"Injury of any type (Serious, Minor, Possible)",C,Possible Injury (C),2,0,0,4,Local,0.16,210,FARREN AV,FARREN AV,,FULTON ST,40,Feet,S,41.29675072,-72.89282847,14,Motor Vehicle in Operation,3,Angle,1,On Roadway,1,Clear,88,Not Applicable,1,Daylight,1,Dry,0,None,88,Not Applicable,88,Not Applicable,0,None,88,Not Applicable,88,Not Applicable,1,Non-Junction,1,Not at Intersection,1,No,1,No,88,Not Applicable,88,Not Applicable,88,Not Applicable,88,Not Applicable,TRUE,1,Public Road,1,"Trafficway, On Road",CT0009300,New Haven PD,45388,39:41.0,C,Closed,02:21.0,,,,,,,
1372688,1,Complete,1372688,1372688,41.318486,-72.947587,3853922,New Haven,93,93,New Haven,3/7/2026,2026,3,March,7,7,Saturday,16:53:00,16,26008562,A,"Injury of any type (Serious, Minor, Possible)",C,Possible Injury (C),2,0,1,4,Local,0.08,653,WHALLEY AV,WHALLEY AV,ELLSWORTH AV,,,,,41.318486,-72.947587,14,Motor Vehicle in Operation,3,Angle,1,On Roadway,1,Clear,88,Not Applicable,1,Daylight,1,Dry,0,None,88,Not Applicable,88,Not Applicable,0,None,88,Not Applicable,88,Not Applicable,2,Intersection,2,Four-Way Intersection,1,No,1,No,88,Not Applicable,88,Not Applicable,88,Not Applicable,88,Not Applicable,FALSE,1,Public Road,1,"Trafficway, On Road",CT0009300,New Haven PD,276,49:12.0,C,Closed,02:26.0,26008562,,,,,,
1372693,1,Complete,1372693,1372693,41.315658,-72.893004,3853927,New Haven,93,93,New Haven,3/8/2026,2026,3,March,8,1,Sunday,4:37:00,4,26008615,A,"Injury of any type (Serious, Minor, Possible)",B,Suspected Minor Injury (B),2,0,0,4,Local,0.58,379,LOMBARD ST,LOMBARD ST,,CLINTON AVE,230,Feet,W,41.315658,-72.893004,15,Parked Motor Vehicle,1,Front to rear,1,On Roadway,4,Rain,88,Not Applicable,4,Dark-Lighted,2,Wet,0,None,88,Not Applicable,88,Not Applicable,0,None,88,Not Applicable,88,Not Applicable,1,Non-Junction,1,Not at Intersection,1,No,1,No,88,Not Applicable,88,Not Applicable,88,Not Applicable,88,Not Applicable,FALSE,1,Public Road,1,"Trafficway, On Road",CT0009300,New Haven PD,45626,28:53.0,C,Closed,02:31.0,,,,,,,
1372697,1,Complete,1372697,1372697,41.30597444,-72.92579843,3853931,New Haven,93,93,New Haven,3/8/2026,2026,3,March,8,1,Sunday,15:41:00,15,26008646,A,"Injury of any type (Serious, Minor, Possible)",C,Possible Injury (C),2,0,0,4,Local,0.3,103,CHURCH ST,CHURCH ST,CHAPEL ST,,,,,41.30597444,-72.92579843,14,Motor Vehicle in Operation,3,Angle,1,On Roadway,1,Clear,88,Not Applicable,1,Daylight,1,Dry,0,None,88,Not Applicable,88,Not Applicable,0,None,88,Not Applicable,88,Not Applicable,2,Intersection,2,Four-Way Intersection,1,No,1,No,88,Not Applicable,88,Not Applicable,88,Not Applicable,88,Not Applicable,FALSE,1,Public Road,1,"Trafficway, On Road",CT0009300,New Haven PD,48658,34:39.0,C,Closed,02:39.0,,,,,,,
1372698,1,Complete,1372698,1372698,41.309396,-72.933139,3853932,New Haven,93,93,New Haven,3/7/2026,2026,3,March,7,7,Saturday,0:01:00,0,202600330,A,"Injury of any type (Serious, Minor, Possible)",A,Suspected Serious Injury (A),1,1,0,4,Local,0.15,463,PARK ST,PARK ST,,CHAPEL ST ,175,Feet,N,41.309396,-72.933139,39,"Other Fixed Object (wall, building, tunnel, etc.)",88,Not Applicable,4,Roadside,1,Clear,88,Not Applicable,4,Dark-Lighted,1,Dry,97,Other,88,Not Applicable,88,Not Applicable,97,Other,88,Not Applicable,88,Not Applicable,1,Non-Junction,1,Not at Intersection,1,No,1,No,88,Not Applicable,88,Not Applicable,88,Not Applicable,88,Not Applicable,FALSE,1,Public Road,1,"Trafficway, On Road",CT0009300,New Haven PD,308,35:38.0,O,Open,03:42.0,,,,,,,
1374609,1,Complete,1374609,1374609,41.290728,-72.941697,3854859,New Haven,93,93,New Haven,3/9/2026,2026,3,March,9,2,Monday,0:36:00,0,26008686,A,"Injury of any type (Serious, Minor, Possible)",C,Possible Injury (C),2,0,0,4,Local,0.11,626,WASHINGTON AV NO 1,WASHINGTON AV NO 1,,10-N,40,,W,41.290728,-72.941697,14,Motor Vehicle in Operation,1,Front to rear,1,On Roadway,1,Clear,88,Not Applicable,4,Dark-Lighted,1,Dry,0,None,88,Not Applicable,88,Not Applicable,0,None,88,Not Applicable,88,Not Applicable,3,Intersection-Related,2,Four-Way Intersection,1,No,1,No,88,Not Applicable,88,Not Applicable,88,Not Applicable,88,Not Applicable,FALSE,1,Public Road,1,"Trafficway, On Road",CT0009300,New Haven PD,44338,58:47.0,O,Open,02:21.0,,,,,,,
1374615,1,Complete,1374615,1374615,41.30912,-72.894575,3854865,New Haven,93,93,New Haven,3/9/2026,2026,3,March,9,2,Monday,15:50:00,15,26008779,A,"Injury of any type (Serious, Minor, Possible)",C,Possible Injury (C),2,0,0,4,Local,0.46,264,GRAND AV,GRAND AV,,BRIGHT ST,70,Feet,W,41.30912,-72.894575,14,Motor Vehicle in Operation,4,"Sideswipe, same direction",1,On Roadway,1,Clear,88,Not Applicable,1,Daylight,1,Dry,0,None,88,Not Applicable,88,Not Applicable,0,None,88,Not Applicable,88,Not Applicable,1,Non-Junction,1,Not at Intersection,1,No,1,No,88,Not Applicable,88,Not Applicable,88,Not Applicable,88,Not Applicable,TRUE,1,Public Road,1,"Trafficway, On Road",CT0009300,New Haven PD,45393,39:11.0,C,Closed,02:13.0,,,,,,,
1374618,1,Complete,1374618,1374618,41.305558,-72.912767,3854868,New Haven,93,93,New Haven,3/9/2026,2026,3,March,9,2,Monday,20:40:00,20,26008831,A,"Injury of any type (Serious, Minor, Possible)",A,Suspected Serious Injury (A),2,0,0,4,Local,0.13,275,HAMILTON ST NO 2,HAMILTON ST NO 2,IVES PL,,,,,41.305558,-72.912767,14,Motor Vehicle in Operation,3,Angle,1,On Roadway,1,Clear,88,Not Applicable,4,Dark-Lighted,1,Dry,99,Unknown,88,Not Applicable,88,Not Applicable,99,Unknown,88,Not Applicable,88,Not Applicable,2,Intersection,2,Four-Way Intersection,1,No,1,No,88,Not Applicable,88,Not Applicable,88,Not Applicable,88,Not Applicable,FALSE,1,Public Road,1,"Trafficway, On Road",CT0009300,New Haven PD,48653,25:02.0,C,Closed,02:19.0,,,,,,,
1375999,1,Complete,1375999,1375999,41.312856,-72.952087,3855254,New Haven,93,93,New Haven,2/16/2026,2026,2,February,16,2,Monday,17:14:00,17,26006197,A,"Injury of any type (Serious, Minor, Possible)",C,Possible Injury (C),2,0,0,3,State,2.58,10,10-N,10-N,,Chapel Street,15,Feet,S,41.312856,-72.952087,14,Motor Vehicle in Operation,1,Front to rear,1,On Roadway,1,Clear,88,Not Applicable,3,Dusk,1,Dry,0,None,88,Not Applicable,88,Not Applicable,0,None,88,Not Applicable,88,Not Applicable,3,Intersection-Related,2,Four-Way Intersection,1,No,1,No,88,Not Applicable,88,Not Applicable,88,Not Applicable,88,Not Applicable,FALSE,1,Public Road,1,"Trafficway, On Road",CT0009300,New Haven PD,48507,10:10.0,C,Closed,01:10.0,,,,,,,
1376005,1,Complete,1376005,1376005,41.323329,-72.880199,3855260,New Haven,93,93,New Haven,3/9/2026,2026,3,March,9,2,Monday,16:14:00,16,26008790,A,"Injury of any type (Serious, Minor, Possible)",C,Possible Injury (C),2,0,0,3,State,0.07,80,80-W,80-W,,MIDDLETOWN AVENUE,265,Feet,E,41.323329,-72.880199,14,Motor Vehicle in Operation,1,Front to rear,1,On Roadway,1,Clear,88,Not Applicable,1,Daylight,1,Dry,0,None,88,Not Applicable,88,Not Applicable,0,None,88,Not Applicable,88,Not Applicable,1,Non-Junction,1,Not at Intersection,1,No,1,No,88,Not Applicable,88,Not Applicable,88,Not Applicable,88,Not Applicable,FALSE,1,Public Road,1,"Trafficway, On Road",CT0009300,New Haven PD,48660,30:36.0,C,Closed,01:11.0,,,,,,,
1376010,1,Complete,1376010,1376010,41.319415,-72.949553,3855265,New Haven,93,93,New Haven,3/10/2026,2026,3,March,10,3,Tuesday,14:21:00,14,26008958,A,"Injury of any type (Serious, Minor, Possible)",C,Possible Injury (C),2,0,0,3,State,3.07,10,10-N,10-N,,ELLA T GRASSO BLVD,75,Feet,W,41.319415,-72.949553,14,Motor Vehicle in Operation,1,Front to rear,1,On Roadway,1,Clear,88,Not Applicable,1,Daylight,1,Dry,0,None,88,Not Applicable,88,Not Applicable,0,None,88,Not Applicable,88,Not Applicable,1,Non-Junction,1,Not at Intersection,1,No,1,No,88,Not Applicable,88,Not Applicable,88,Not Applicable,88,Not Applicable,FALSE,1,Public Road,1,"Trafficway, On Road",CT0009300,New Haven PD,48507,49:14.0,C,Closed,01:19.0,,,,,,,
1376358,1,Complete,1376358,1376358,41.30083,-72.9186,3855613,New Haven,93,93,New Haven,3/10/2026,2026,3,March,10,3,Tuesday,7:58:00,7,26008865,A,"Injury of any type (Serious, Minor, Possible)",A,Suspected Serious Injury (A),2,0,0,2,USRoute,48.56,1,1-N,1-N,,BREWERY ST,72,Feet,W,41.30083,-72.9186,14,Motor Vehicle in Operation,1,Front to rear,1,On Roadway,1,Clear,88,Not Applicable,1,Daylight,1,Dry,0,None,88,Not Applicable,88,Not Applicable,0,None,88,Not Applicable,88,Not Applicable,1,Non-Junction,1,Not at Intersection,1,No,1,No,88,Not Applicable,88,Not Applicable,88,Not Applicable,88,Not Applicable,FALSE,1,Public Road,1,"Trafficway, On Road",CT0009300,New Haven PD,48652,20:17.0,C,Closed,02:00.0,,,,,,,
1376364,1,Complete,1376364,1376364,41.322442,-72.878166,3855619,New Haven,93,93,New Haven,3/11/2026,2026,3,March,11,4,Wednesday,12:13:00,12,26009126,A,"Injury of any type (Serious, Minor, Possible)",C,Possible Injury (C),2,0,0,3,State,0.2,80,80-E,80-E,,91-N-16A,1030,Feet,E,41.322442,-72.878166,14,Motor Vehicle in Operation,3,Angle,1,On Roadway,1,Clear,88,Not Applicable,1,Daylight,1,Dry,0,None,88,Not Applicable,88,Not Applicable,0,None,88,Not Applicable,88,Not Applicable,9,Driveway Access-Related,1,Not at Intersection,1,No,1,No,88,Not Applicable,88,Not Applicable,88,Not Applicable,88,Not Applicable,FALSE,1,Public Road,1,"Trafficway, On Road",CT0009300,New Haven PD,40807,42:56.0,C,Closed,02:03.0,,,,,,,
1376365,1,Complete,1376365,1376365,41.316059,-72.940601,3855620,New Haven,93,93,New Haven,3/11/2026,2026,3,March,11,4,Wednesday,13:33:00,13,26009134,A,"Injury of any type (Serious, Minor, Possible)",C,Possible Injury (C),2,0,0,4,Local,0.49,653,WHALLEY AV,WHALLEY AV,,COUNTY ST,100,Feet,W,41.316059,-72.940601,14,Motor Vehicle in Operation,4,"Sideswipe, same direction",1,On Roadway,1,Clear,88,Not Applicable,1,Daylight,1,Dry,0,None,88,Not Applicable,88,Not Applicable,0,None,88,Not Applicable,88,Not Applicable,1,Non-Junction,1,Not at Intersection,1,No,1,No,88,Not Applicable,88,Not Applicable,88,Not Applicable,88,Not Applicable,FALSE,1,Public Road,1,"Trafficway, On Road",CT0009300,New Haven PD,45700,11:58.0,C,Closed,02:05.0,,,,,,,