CrashId,Fatal Case Status,Fatal Case Status Text Format,CrashId,CrashId,Latitude,Longitude,DOT Case Number,Town Name,Town Number,Town Number,Town Number Text Format,Date Of Crash,Year,Month,Month Text Format,Day,Day of the Week,Day of the Week Text Format,Time of Crash,Hour of the Day,Case Identifier,Crash Severity,Crash Severity Text Format,Most Severe Injury,Most Severe Injury Text Format,Number Of Motor Vehicles,Number Of Non-Motorist,Number Of Witnesses,Route Class,Route Class Text Format,Milemarker,Road Number,Road Description,Roadway Name,Intersecting Roadway Name,Landmark Description,Distance From Nearest Landmark,Unit Of Measure From Nearest Landmark,Direction From Nearest Landmark,Latitude,Longitude,First Harmful Event,First Harmful Event Text Format,Manner of Crash / Collision Impact,Manner of Crash / Collision Impact Text Format,Location of First Harmful Event,Location of First Harmful Event Text Format,Weather Condition,Weather Condition Text Format,Weather 2,Weather 2 Text Format,Light Condition,Light Condition Text Format,Road Surface Condition,Road Surface Condition Text Format,"Contributing Circumstances, Environment","Contributing Circumstances, Environment Text Format",Environment 2,Environment 2 Text Format,Environment 3,Environment 3 Text Format,"Contributing Circumstances, Road","Contributing Circumstances, Road Text Format",Road 2,Road 2 Text Format,Road 3,Road 3 Text Format,Crash Specific Location,Crash Specific Location Text Format,Type of Intersection,Type of Intersection Text Format,School Bus Related,School Bus Related Text Format,Work Zone Related,Work Zone Related Text Format,Location Of Crash Relative To Work Zone,Location Of Crash Relative To Work Zone Text Format,Type of Work Zone,Type of Work Zone Text Format,Worker Presence,Worker Presence Text Format,Law Enforcement Presence,Law Enforcement Presence Text Format,Were Vehicles Moved Prior To Police Arrival,Trafficway Ownership,Trafficway Ownership Text Format,Trafficway Class,Trafficway Class Text Format,Police Agency,Police Agency Text Format,Badge Number,Approval Date,Police Case Status,Police Case Status Text Format,Crash Report Submission Date,Related Case Identifiers,No. of Through Lanes (Log Dir.),Average Daily Traffic,Functional Classification,Functional Classification Text Format,Rural or Urban,Rural or Urban Text Format
1379006,1,Complete,1379006,1379006,41.291951,-72.921642,3858258,New Haven,93,93,New Haven,3/21/2026,2026,3,March,21,7,Saturday,22:04:00,22,26010555,A,"Injury of any type (Serious, Minor, Possible)",C,Possible Injury (C),2,0,0,4,Local,0.62,359,SARGENT DR,SARGENT DR,CHURCH ST EXT,,,,,41.291951,-72.921642,14,Motor Vehicle in Operation,3,Angle,1,On Roadway,1,Clear,88,Not Applicable,4,Dark-Lighted,1,Dry,0,None,88,Not Applicable,88,Not Applicable,0,None,88,Not Applicable,88,Not Applicable,2,Intersection,3,T-Intersection,1,No,1,No,88,Not Applicable,88,Not Applicable,88,Not Applicable,88,Not Applicable,FALSE,1,Public Road,1,"Trafficway, On Road",CT0009300,New Haven PD,49452,00:56.0,C,Closed,01:29.0,,,,,,,
1379012,1,Complete,1379012,1379012,41.315152,-72.896516,3858264,New Haven,93,93,New Haven,3/22/2026,2026,3,March,22,1,Sunday,20:24:00,20,26010630,A,"Injury of any type (Serious, Minor, Possible)",B,Suspected Minor Injury (B),3,0,0,4,Local,0.4,379,LOMBARD ST,LOMBARD ST,,FERRY ST,100,Feet,E,41.315152,-72.896516,14,Motor Vehicle in Operation,1,Front to rear,1,On Roadway,4,Rain,4,Rain,4,Dark-Lighted,2,Wet,0,None,88,Not Applicable,88,Not Applicable,0,None,88,Not Applicable,88,Not Applicable,1,Non-Junction,1,Not at Intersection,1,No,1,No,88,Not Applicable,88,Not Applicable,88,Not Applicable,88,Not Applicable,FALSE,1,Public Road,1,"Trafficway, On Road",CT0009300,New Haven PD,46614,52:24.0,C,Closed,01:47.0,,,,,,,
1379483,1,Complete,1379483,1379483,41.317492,-72.901415,3858735,New Haven,93,93,New Haven,3/23/2026,2026,3,March,23,2,Monday,2:17:00,2,26010643,A,"Injury of any type (Serious, Minor, Possible)",C,Possible Injury (C),2,0,0,4,Local,1,57,BLATCHLEY AV,BLATCHLEY AV,STATE ST,,,,,41.317492,-72.901415,14,Motor Vehicle in Operation,1,Front to rear,1,On Roadway,4,Rain,88,Not Applicable,4,Dark-Lighted,2,Wet,0,None,0,None,88,Not Applicable,99,Unknown,88,Not Applicable,88,Not Applicable,2,Intersection,2,Four-Way Intersection,1,No,1,No,88,Not Applicable,88,Not Applicable,88,Not Applicable,88,Not Applicable,FALSE,1,Public Road,1,"Trafficway, On Road",CT0009300,New Haven PD,46174,50:44.0,O,Open,00:48.0,,,,,,,
1379487,1,Complete,1379487,1379487,41.318874,-72.948494,3858739,New Haven,93,93,New Haven,3/23/2026,2026,3,March,23,2,Monday,13:13:00,13,26010704,A,"Injury of any type (Serious, Minor, Possible)",C,Possible Injury (C),2,0,0,4,Local,0.03,653,WHALLEY AV,WHALLEY AV,,ELLA T GRASSO BLVD,125,Feet,E,41.318874,-72.948494,14,Motor Vehicle in Operation,3,Angle,1,On Roadway,4,Rain,88,Not Applicable,1,Daylight,2,Wet,0,None,88,Not Applicable,88,Not Applicable,0,None,88,Not Applicable,88,Not Applicable,9,Driveway Access-Related,1,Not at Intersection,1,No,1,No,88,Not Applicable,88,Not Applicable,88,Not Applicable,88,Not Applicable,FALSE,1,Public Road,1,"Trafficway, On Road",CT0009300,New Haven PD,44062,29:51.0,C,Closed,00:57.0,,,,,,,
1379489,1,Complete,1379489,1379489,41.312928,-72.952098,3858741,New Haven,93,93,New Haven,3/23/2026,2026,3,March,23,2,Monday,14:01:00,14,26010714,A,"Injury of any type (Serious, Minor, Possible)",C,Possible Injury (C),2,0,0,3,State,2.59,10,10-N,10-N,CHAPEL ST,,,,,41.312928,-72.952098,14,Motor Vehicle in Operation,1,Front to rear,1,On Roadway,4,Rain,88,Not Applicable,1,Daylight,2,Wet,0,None,88,Not Applicable,88,Not Applicable,0,None,88,Not Applicable,88,Not Applicable,2,Intersection,2,Four-Way Intersection,1,No,1,No,88,Not Applicable,88,Not Applicable,88,Not Applicable,88,Not Applicable,TRUE,1,Public Road,1,"Trafficway, On Road",CT0009300,New Haven PD,349,39:12.0,C,Closed,01:08.0,,,,,,,
1379490,1,Complete,1379490,1379490,41.317947,-72.937754,3858742,New Haven,93,93,New Haven,3/23/2026,2026,3,March,23,2,Monday,16:00:00,16,26010730,A,"Injury of any type (Serious, Minor, Possible)",C,Possible Injury (C),1,1,0,4,Local,1.19,453,ORCHARD ST,ORCHARD ST,GOFFE ST,,,,,41.317947,-72.937754,9,Pedestrian,88,Not Applicable,1,On Roadway,2,Cloudy,88,Not Applicable,1,Daylight,1,Dry,0,None,88,Not Applicable,88,Not Applicable,0,None,88,Not Applicable,88,Not Applicable,2,Intersection,2,Four-Way Intersection,3,"Yes, School Bus Indirectly Involved",1,No,88,Not Applicable,88,Not Applicable,88,Not Applicable,88,Not Applicable,FALSE,1,Public Road,1,"Trafficway, On Road",CT0009300,New Haven PD,276,31:08.0,C,Closed,00:59.0,26-010730,,,,,,
1379497,1,Complete,1379497,1379497,41.319368,-72.898698,3858749,New Haven,93,93,New Haven,3/23/2026,2026,3,March,23,2,Monday,19:28:00,19,26010776,A,"Injury of any type (Serious, Minor, Possible)",C,Possible Injury (C),1,1,0,4,Local,0,213,FERRY ST,FERRY ST,STATE ST,,,,,41.319368,-72.898698,10,Pedalcycle/Pedalcyclist,3,Angle,1,On Roadway,1,Clear,88,Not Applicable,4,Dark-Lighted,1,Dry,0,None,88,Not Applicable,88,Not Applicable,0,None,88,Not Applicable,88,Not Applicable,2,Intersection,2,Four-Way Intersection,1,No,1,No,88,Not Applicable,88,Not Applicable,88,Not Applicable,88,Not Applicable,FALSE,1,Public Road,1,"Trafficway, On Road",CT0009300,New Haven PD,48653,14:52.0,C,Closed,01:15.0,,,,,,,
1379818,1,Complete,1379818,1379818,41.290335,-72.939009,3859070,New Haven,93,93,New Haven,3/10/2026,2026,3,March,10,3,Tuesday,6:00:00,6,26008862,A,"Injury of any type (Serious, Minor, Possible)",C,Possible Injury (C),2,0,0,4,Local,0.08,350,LAMBERTON ST,LAMBERTON ST,MORRIS ST,,,,,41.290335,-72.939009,14,Motor Vehicle in Operation,3,Angle,1,On Roadway,1,Clear,88,Not Applicable,2,Dawn,1,Dry,0,None,88,Not Applicable,88,Not Applicable,0,None,88,Not Applicable,88,Not Applicable,2,Intersection,2,Four-Way Intersection,1,No,1,No,88,Not Applicable,88,Not Applicable,88,Not Applicable,88,Not Applicable,FALSE,1,Public Road,1,"Trafficway, On Road",CT0009300,New Haven PD,44946,43:20.0,O,Open,00:08.0,,,,,,,
1379825,1,Complete,1379825,1379825,41.29120269,-72.9418314,926031,New Haven,93,93,New Haven,3/24/2026,2026,3,March,24,3,Tuesday,8:41:00,8,26010831,K,Fatal (Kill),K,Fatal Injury (K),2,0,0,3,State,0.91,10,10-N,10-N,,WASHINGTON AVE,150,Feet,N,41.29120269,-72.9418314,14,Motor Vehicle in Operation,2,Front to front,1,On Roadway,1,Clear,88,Not Applicable,1,Daylight,1,Dry,0,None,88,Not Applicable,88,Not Applicable,0,None,88,Not Applicable,88,Not Applicable,1,Non-Junction,1,Not at Intersection,1,No,1,No,88,Not Applicable,88,Not Applicable,88,Not Applicable,88,Not Applicable,FALSE,1,Public Road,1,"Trafficway, On Road",CT0009300,New Haven PD,40810,17:07.0,O,Open,00:08.0,,,,,,,
1380110,1,Complete,1380110,1380110,41.320126,-72.893103,3859362,New Haven,93,93,New Haven,3/14/2026,2026,3,March,14,7,Saturday,2:33:00,2,26009561,A,"Injury of any type (Serious, Minor, Possible)",C,Possible Injury (C),2,0,0,4,Local,0.49,411,MIDDLETOWN AV,MIDDLETOWN AV,CLINTON AVE,,,,,41.320126,-72.893103,14,Motor Vehicle in Operation,3,Angle,1,On Roadway,1,Clear,88,Not Applicable,4,Dark-Lighted,1,Dry,0,None,88,Not Applicable,88,Not Applicable,0,None,88,Not Applicable,88,Not Applicable,2,Intersection,2,Four-Way Intersection,1,No,1,No,88,Not Applicable,88,Not Applicable,88,Not Applicable,88,Not Applicable,FALSE,1,Public Road,1,"Trafficway, On Road",CT0009300,New Haven PD,42055,24:02.0,C,Closed,01:10.0,,,,,,,
1380112,1,Complete,1380112,1380112,41.324089,-72.881703,3859364,New Haven,93,93,New Haven,3/20/2026,2026,3,March,20,6,Friday,22:22:00,22,26010464,A,"Injury of any type (Serious, Minor, Possible)",B,Suspected Minor Injury (B),2,0,0,3,State,0.23,17,17-N,17-N,,FOXON BLVD,165,Feet,W,41.324089,-72.881703,14,Motor Vehicle in Operation,1,Front to rear,1,On Roadway,1,Clear,88,Not Applicable,4,Dark-Lighted,1,Dry,0,None,88,Not Applicable,88,Not Applicable,0,None,88,Not Applicable,88,Not Applicable,3,Intersection-Related,3,T-Intersection,1,No,1,No,88,Not Applicable,88,Not Applicable,88,Not Applicable,88,Not Applicable,FALSE,1,Public Road,1,"Trafficway, On Road",CT0009300,New Haven PD,45701,40:43.0,C,Closed,00:58.0,,,,,,,
1380384,1,Complete,1380384,1380384,41.31994,-72.898057,3859636,New Haven,93,93,New Haven,3/21/2026,2026,3,March,21,7,Saturday,10:44:00,10,26010496,A,"Injury of any type (Serious, Minor, Possible)",B,Suspected Minor Injury (B),2,0,0,2,USRoute,0.42,5,5-N,5-N,GRACE ST,,,,,41.31994,-72.898057,14,Motor Vehicle in Operation,3,Angle,1,On Roadway,1,Clear,88,Not Applicable,1,Daylight,1,Dry,0,None,88,Not Applicable,88,Not Applicable,0,None,88,Not Applicable,88,Not Applicable,2,Intersection,3,T-Intersection,1,No,1,No,88,Not Applicable,88,Not Applicable,88,Not Applicable,88,Not Applicable,FALSE,1,Public Road,1,"Trafficway, On Road",CT0009300,New Haven PD,48656,01:09.0,C,Closed,01:56.0,26-010496,,,,,,
1380389,1,Complete,1380389,1380389,41.3008,-72.89212,3859641,New Haven,93,93,New Haven,3/25/2026,2026,3,March,25,4,Wednesday,15:29:00,15,26011021,A,"Injury of any type (Serious, Minor, Possible)",B,Suspected Minor Injury (B),2,0,0,4,Local,0.42,210,FARREN AV,FARREN AV,EAST FERRY ST,,,,,41.3008,-72.89212,14,Motor Vehicle in Operation,1,Front to rear,1,On Roadway,1,Clear,88,Not Applicable,1,Daylight,1,Dry,0,None,88,Not Applicable,88,Not Applicable,0,None,88,Not Applicable,88,Not Applicable,2,Intersection,2,Four-Way Intersection,1,No,1,No,88,Not Applicable,88,Not Applicable,88,Not Applicable,88,Not Applicable,TRUE,1,Public Road,1,"Trafficway, On Road",CT0009300,New Haven PD,48660,42:22.0,C,Closed,02:07.0,,,,,,,
1380390,1,Complete,1380390,1380390,41.30946,-72.92708,3859642,New Haven,93,93,New Haven,3/26/2026,2026,3,March,26,5,Thursday,6:58:00,6,26011106,A,"Injury of any type (Serious, Minor, Possible)",C,Possible Injury (C),2,0,0,4,Local,0.38,726,ELM ST NO 2,ELM ST NO 2,COLLEGE ST,,,,,41.30946,-72.92708,14,Motor Vehicle in Operation,3,Angle,1,On Roadway,1,Clear,88,Not Applicable,1,Daylight,1,Dry,0,None,88,Not Applicable,88,Not Applicable,0,None,88,Not Applicable,88,Not Applicable,2,Intersection,2,Four-Way Intersection,1,No,1,No,88,Not Applicable,88,Not Applicable,88,Not Applicable,88,Not Applicable,TRUE,1,Public Road,1,"Trafficway, On Road",CT0009300,New Haven PD,47005,11:57.0,C,Closed,02:16.0,,,,,,,
1380741,1,Complete,1380741,1380741,41.301441,-72.926957,3859993,New Haven,93,93,New Haven,3/26/2026,2026,3,March,26,5,Thursday,22:26:00,22,26011255,A,"Injury of any type (Serious, Minor, Possible)",C,Possible Injury (C),2,0,1,4,Local,0.61,564,SOUTH FRONTAGE RD,SOUTH FRONTAGE RD,South Orange Street,,,,,41.301441,-72.926957,14,Motor Vehicle in Operation,4,"Sideswipe, same direction",1,On Roadway,1,Clear,88,Not Applicable,4,Dark-Lighted,1,Dry,99,Unknown,88,Not Applicable,88,Not Applicable,99,Unknown,88,Not Applicable,88,Not Applicable,2,Intersection,2,Four-Way Intersection,1,No,1,No,88,Not Applicable,88,Not Applicable,88,Not Applicable,88,Not Applicable,FALSE,1,Public Road,1,"Trafficway, On Road",CT0009300,New Haven PD,47003,49:00.0,C,Closed,01:30.0,,,,,,,
1380752,1,Complete,1380752,1380752,41.320855,-72.951779,3860004,New Haven,93,93,New Haven,3/27/2026,2026,3,March,27,6,Friday,21:38:00,21,26011393,A,"Injury of any type (Serious, Minor, Possible)",A,Suspected Serious Injury (A),1,1,1,3,State,3.22,10,10-N,10-N,PENDLETON ST,,,,,41.320855,-72.951779,9,Pedestrian,88,Not Applicable,1,On Roadway,1,Clear,88,Not Applicable,4,Dark-Lighted,1,Dry,0,None,88,Not Applicable,88,Not Applicable,0,None,88,Not Applicable,88,Not Applicable,2,Intersection,3,T-Intersection,1,No,1,No,88,Not Applicable,88,Not Applicable,88,Not Applicable,88,Not Applicable,FALSE,1,Public Road,1,"Trafficway, On Road",CT0009300,New Haven PD,45700,54:30.0,C,Closed,01:35.0,,,,,,,
1380753,1,Complete,1380753,1380753,41.3215329,-72.89694561,3860005,New Haven,93,93,New Haven,3/27/2026,2026,3,March,27,6,Friday,23:54:00,23,26011404,A,"Injury of any type (Serious, Minor, Possible)",B,Suspected Minor Injury (B),2,0,0,2,USRoute,0.54,5,5-N,5-N,,Rock St,210,Feet,N,41.3215329,-72.89694561,15,Parked Motor Vehicle,3,Angle,1,On Roadway,1,Clear,88,Not Applicable,4,Dark-Lighted,1,Dry,0,None,88,Not Applicable,88,Not Applicable,0,None,88,Not Applicable,88,Not Applicable,1,Non-Junction,1,Not at Intersection,1,No,1,No,88,Not Applicable,88,Not Applicable,88,Not Applicable,88,Not Applicable,FALSE,1,Public Road,1,"Trafficway, On Road",CT0009300,New Haven PD,48654,45:33.0,C,Closed,01:37.0,,,,,,,
1380754,1,Complete,1380754,1380754,41.291438,-72.8913,3860006,New Haven,93,93,New Haven,3/28/2026,2026,3,March,28,7,Saturday,10:14:00,10,26011431,A,"Injury of any type (Serious, Minor, Possible)",C,Possible Injury (C),2,0,1,4,Local,0.38,76,BURWELL ST,BURWELL ST,,PEAT MEADOW RD,375,Feet,S,41.291438,-72.8913,14,Motor Vehicle in Operation,4,"Sideswipe, same direction",1,On Roadway,1,Clear,1,Clear,1,Daylight,1,Dry,0,None,88,Not Applicable,88,Not Applicable,0,None,88,Not Applicable,88,Not Applicable,11,Through Roadway,1,Not at Intersection,1,No,1,No,88,Not Applicable,88,Not Applicable,88,Not Applicable,88,Not Applicable,FALSE,1,Public Road,1,"Trafficway, On Road",CT0009300,New Haven PD,48660,49:50.0,C,Closed,01:41.0,,,,,,,
1380757,1,Complete,1380757,1380757,41.31558308,-72.93945915,3860009,New Haven,93,93,New Haven,3/28/2026,2026,3,March,28,7,Saturday,14:03:00,14,26011455,A,"Injury of any type (Serious, Minor, Possible)",C,Possible Injury (C),2,0,0,4,Local,0.55,653,WHALLEY AV,WHALLEY AV,,ORCHARD ST,25,Feet,W,41.31558308,-72.93945915,14,Motor Vehicle in Operation,3,Angle,1,On Roadway,1,Clear,88,Not Applicable,1,Daylight,1,Dry,0,None,88,Not Applicable,88,Not Applicable,0,None,88,Not Applicable,88,Not Applicable,1,Non-Junction,1,Not at Intersection,1,No,1,No,88,Not Applicable,88,Not Applicable,88,Not Applicable,88,Not Applicable,FALSE,1,Public Road,1,"Trafficway, On Road",CT0009300,New Haven PD,45700,02:36.0,C,Closed,01:44.0,,,,,,,
1380758,1,Complete,1380758,1380758,41.313209,-72.918443,3860010,New Haven,93,93,New Haven,3/28/2026,2026,3,March,28,7,Saturday,14:34:00,14,26011457,A,"Injury of any type (Serious, Minor, Possible)",C,Possible Injury (C),2,0,0,4,Local,1.11,450,ORANGE ST NO 1,ORANGE ST NO 1,BRADLEY ST,,,,,41.313209,-72.918443,14,Motor Vehicle in Operation,3,Angle,1,On Roadway,1,Clear,88,Not Applicable,1,Daylight,1,Dry,0,None,88,Not Applicable,88,Not Applicable,0,None,88,Not Applicable,88,Not Applicable,2,Intersection,2,Four-Way Intersection,1,No,1,No,88,Not Applicable,88,Not Applicable,88,Not Applicable,88,Not Applicable,FALSE,1,Public Road,1,"Trafficway, On Road",CT0009300,New Haven PD,48662,54:22.0,C,Closed,01:56.0,,,,,,,
1380760,1,Complete,1380760,1380760,41.292082,-72.932688,3860012,New Haven,93,93,New Haven,3/28/2026,2026,3,March,28,7,Saturday,20:12:00,20,26011493,A,"Injury of any type (Serious, Minor, Possible)",C,Possible Injury (C),2,0,0,4,Local,1,308,HOWARD AV,HOWARD AV,Kimberly Avenue,,,,,41.292082,-72.932688,14,Motor Vehicle in Operation,3,Angle,1,On Roadway,1,Clear,88,Not Applicable,4,Dark-Lighted,1,Dry,0,None,88,Not Applicable,88,Not Applicable,0,None,88,Not Applicable,88,Not Applicable,2,Intersection,2,Four-Way Intersection,1,No,1,No,88,Not Applicable,88,Not Applicable,88,Not Applicable,88,Not Applicable,FALSE,1,Public Road,1,"Trafficway, On Road",CT0009300,New Haven PD,49452,30:34.0,C,Closed,01:49.0,,,,,,,
1380768,1,Complete,1380768,1380768,41.334514,-72.971142,3860020,New Haven,93,93,New Haven,3/29/2026,2026,3,March,29,1,Sunday,19:36:00,19,26011584,A,"Injury of any type (Serious, Minor, Possible)",C,Possible Injury (C),3,0,0,4,Local,0.4,612,VALLEY ST NO 1,VALLEY ST NO 1,,EAST RAMSDELL ST,30,Feet,N,41.334514,-72.971142,14,Motor Vehicle in Operation,1,Front to rear,1,On Roadway,1,Clear,88,Not Applicable,4,Dark-Lighted,1,Dry,0,None,88,Not Applicable,88,Not Applicable,0,None,88,Not Applicable,88,Not Applicable,3,Intersection-Related,3,T-Intersection,1,No,1,No,88,Not Applicable,88,Not Applicable,88,Not Applicable,88,Not Applicable,FALSE,1,Public Road,1,"Trafficway, On Road",CT0009300,New Haven PD,7573,56:20.0,C,Closed,01:58.0,,,,,,,
1381321,1,Complete,1381321,1381321,41.314369,-72.949589,3860573,New Haven,93,93,New Haven,3/22/2026,2026,3,March,22,1,Sunday,1:07:00,1,26010569,A,"Injury of any type (Serious, Minor, Possible)",C,Possible Injury (C),2,0,0,4,Local,0.28,193,ELLSWORTH AV,ELLSWORTH AV,,Edgewood Ave,50,Feet,S,41.314369,-72.949589,15,Parked Motor Vehicle,4,"Sideswipe, same direction",1,On Roadway,1,Clear,88,Not Applicable,4,Dark-Lighted,1,Dry,0,None,88,Not Applicable,88,Not Applicable,0,None,88,Not Applicable,88,Not Applicable,1,Non-Junction,1,Not at Intersection,1,No,1,No,88,Not Applicable,88,Not Applicable,88,Not Applicable,88,Not Applicable,FALSE,1,Public Road,1,"Trafficway, On Road",CT0009300,New Haven PD,82,19:03.0,C,Closed,01:52.0,,,,,,,
1381323,1,Complete,1381323,1381323,41.331269,-72.867643,3860575,New Haven,93,93,New Haven,3/26/2026,2026,3,March,26,5,Thursday,20:01:00,20,26011247,A,"Injury of any type (Serious, Minor, Possible)",B,Suspected Minor Injury (B),1,1,0,3,State,0.79,103,103-N,103-N,SMITH AV,,,,,41.331269,-72.867643,10,Pedalcycle/Pedalcyclist,3,Angle,1,On Roadway,1,Clear,88,Not Applicable,5,Dark-Not Lighted,1,Dry,0,None,88,Not Applicable,88,Not Applicable,0,None,88,Not Applicable,88,Not Applicable,2,Intersection,2,Four-Way Intersection,1,No,1,No,88,Not Applicable,88,Not Applicable,88,Not Applicable,88,Not Applicable,FALSE,1,Public Road,1,"Trafficway, On Road",CT0009300,New Haven PD,772,48:15.0,C,Closed,01:59.0,,,,,,,
1381325,1,Complete,1381325,1381325,41.321315,-72.943958,3860577,New Haven,93,93,New Haven,3/28/2026,2026,3,March,28,7,Saturday,19:45:00,19,26011486,A,"Injury of any type (Serious, Minor, Possible)",C,Possible Injury (C),2,0,0,4,Local,0.79,439,NORTON ST,NORTON ST,,GOFFE TERR,25,Feet,S,41.321315,-72.943958,14,Motor Vehicle in Operation,6,Rear to side,1,On Roadway,1,Clear,88,Not Applicable,4,Dark-Lighted,1,Dry,0,None,88,Not Applicable,88,Not Applicable,0,None,88,Not Applicable,88,Not Applicable,1,Non-Junction,1,Not at Intersection,1,No,1,No,88,Not Applicable,88,Not Applicable,88,Not Applicable,88,Not Applicable,FALSE,1,Public Road,1,"Trafficway, On Road",CT0009300,New Haven PD,45398,33:25.0,C,Closed,01:54.0,,,,,,,
1381328,1,Complete,1381328,1381328,41.311277,-72.931059,3860580,New Haven,93,93,New Haven,3/30/2026,2026,3,March,30,2,Monday,7:54:00,7,26011616,A,"Injury of any type (Serious, Minor, Possible)",C,Possible Injury (C),2,0,0,4,Local,1.09,653,WHALLEY AV,WHALLEY AV ,,ELM STREET,30,Feet,N,41.311277,-72.931059,14,Motor Vehicle in Operation,1,Front to rear,1,On Roadway,1,Clear,88,Not Applicable,1,Daylight,1,Dry,0,None,88,Not Applicable,88,Not Applicable,0,None,88,Not Applicable,88,Not Applicable,3,Intersection-Related,3,T-Intersection,1,No,1,No,88,Not Applicable,88,Not Applicable,88,Not Applicable,88,Not Applicable,FALSE,1,Public Road,1,"Trafficway, On Road",CT0009300,New Haven PD,46899,45:34.0,C,Closed,02:03.0,,,,,,,
1381333,1,Complete,1381333,1381333,41.322047,-72.945442,3860585,New Haven,93,93,New Haven,3/30/2026,2026,3,March,30,2,Monday,15:11:00,15,26011680,A,"Injury of any type (Serious, Minor, Possible)",C,Possible Injury (C),2,0,1,4,Local,0.3,258,GOFFE TER,GOFFE TER,ELLSWORTH AV,,,,,41.322047,-72.945442,14,Motor Vehicle in Operation,3,Angle,1,On Roadway,1,Clear,88,Not Applicable,1,Daylight,1,Dry,0,None,88,Not Applicable,88,Not Applicable,0,None,88,Not Applicable,88,Not Applicable,2,Intersection,2,Four-Way Intersection,1,No,1,No,88,Not Applicable,88,Not Applicable,88,Not Applicable,88,Not Applicable,FALSE,1,Public Road,1,"Trafficway, On Road",CT0009300,New Haven PD,276,00:25.0,C,Closed,02:08.0,26011680,,,,,,
1381622,1,Complete,1381622,1381622,41.29477,-72.90018,926018,New Haven,93,93,New Haven,2/11/2026,2026,2,February,11,4,Wednesday,17:56:00,17,26006494,K,Fatal (Kill),K,Fatal Injury (K),1,1,0,2,USRoute,49.67,1,1-N,1-N,,STILES ST,79,Feet,S,41.29477,-72.90018,9,Pedestrian,88,Not Applicable,1,On Roadway,1,Clear,88,Not Applicable,4,Dark-Lighted,3,Snow,0,None,88,Not Applicable,88,Not Applicable,0,None,88,Not Applicable,88,Not Applicable,3,Intersection-Related,2,Four-Way Intersection,1,No,1,No,88,Not Applicable,88,Not Applicable,88,Not Applicable,88,Not Applicable,TRUE,1,Public Road,1,"Trafficway, On Road",CT0009300,New Haven PD,45388,11:40.0,O,Open,01:47.0,,,,,,,
1381626,1,Complete,1381626,1381626,41.315389,-72.895362,3860878,New Haven,93,93,New Haven,3/26/2026,2026,3,March,26,5,Thursday,11:51:00,11,26011152,A,"Injury of any type (Serious, Minor, Possible)",C,Possible Injury (C),2,0,0,4,Local,0.21,531,ROWE ST,ROWE ST,LOMBARD ST,,,,,41.315389,-72.895362,14,Motor Vehicle in Operation,3,Angle,1,On Roadway,1,Clear,88,Not Applicable,1,Daylight,1,Dry,0,None,88,Not Applicable,88,Not Applicable,0,None,88,Not Applicable,88,Not Applicable,2,Intersection,2,Four-Way Intersection,1,No,1,No,88,Not Applicable,88,Not Applicable,88,Not Applicable,88,Not Applicable,FALSE,1,Public Road,1,"Trafficway, On Road",CT0009300,New Haven PD,40789,19:28.0,C,Closed,01:36.0,,,,,,,
1381627,1,Complete,1381627,1381627,41.30062246,-72.93787871,3860879,New Haven,93,93,New Haven,3/26/2026,2026,3,March,26,5,Thursday,17:07:00,17,26011189,A,"Injury of any type (Serious, Minor, Possible)",C,Possible Injury (C),2,0,0,4,Local,0.55,123,CONGRESS AV,CONGRESS AV,,DAGGETT ST,15,Feet,W,41.30062246,-72.93787871,14,Motor Vehicle in Operation,1,Front to rear,1,On Roadway,1,Clear,88,Not Applicable,1,Daylight,1,Dry,0,None,88,Not Applicable,88,Not Applicable,0,None,88,Not Applicable,88,Not Applicable,3,Intersection-Related,2,Four-Way Intersection,1,No,1,No,88,Not Applicable,88,Not Applicable,88,Not Applicable,88,Not Applicable,FALSE,1,Public Road,1,"Trafficway, On Road",CT0009300,New Haven PD,33016,42:25.0,C,Closed,01:43.0,,,,,,,
1381632,1,Complete,1381632,1381632,41.30846,-72.903166,3860884,New Haven,93,93,New Haven,3/31/2026,2026,3,March,31,3,Tuesday,8:45:00,8,26011768,A,"Injury of any type (Serious, Minor, Possible)",B,Suspected Minor Injury (B),2,0,0,4,Local,0.55,327,JAMES ST,JAMES ST,GRAND AVE,,,,,41.30846,-72.903166,14,Motor Vehicle in Operation,3,Angle,1,On Roadway,1,Clear,88,Not Applicable,1,Daylight,1,Dry,99,Unknown,88,Not Applicable,88,Not Applicable,99,Unknown,88,Not Applicable,88,Not Applicable,2,Intersection,2,Four-Way Intersection,1,No,1,No,88,Not Applicable,88,Not Applicable,88,Not Applicable,88,Not Applicable,FALSE,1,Public Road,1,"Trafficway, On Road",CT0009300,New Haven PD,42057,29:00.0,C,Closed,01:42.0,,,,,,,