CrashId,Fatal Case Status,Fatal Case Status Text Format,CrashId,CrashId,Latitude,Longitude,DOT Case Number,Town Name,Town Number,Town Number,Town Number Text Format,Date Of Crash,Year,Month,Month Text Format,Day,Day of the Week,Day of the Week Text Format,Time of Crash,Hour of the Day,Case Identifier,Crash Severity,Crash Severity Text Format,Most Severe Injury,Most Severe Injury Text Format,Number Of Motor Vehicles,Number Of Non-Motorist,Number Of Witnesses,Route Class,Route Class Text Format,Milemarker,Road Number,Road Description,Roadway Name,Intersecting Roadway Name,Landmark Description,Distance From Nearest Landmark,Unit Of Measure From Nearest Landmark,Direction From Nearest Landmark,Latitude,Longitude,First Harmful Event,First Harmful Event Text Format,Manner of Crash / Collision Impact,Manner of Crash / Collision Impact Text Format,Location of First Harmful Event,Location of First Harmful Event Text Format,Weather Condition,Weather Condition Text Format,Weather 2,Weather 2 Text Format,Light Condition,Light Condition Text Format,Road Surface Condition,Road Surface Condition Text Format,"Contributing Circumstances, Environment","Contributing Circumstances, Environment Text Format",Environment 2,Environment 2 Text Format,Environment 3,Environment 3 Text Format,"Contributing Circumstances, Road","Contributing Circumstances, Road Text Format",Road 2,Road 2 Text Format,Road 3,Road 3 Text Format,Crash Specific Location,Crash Specific Location Text Format,Type of Intersection,Type of Intersection Text Format,School Bus Related,School Bus Related Text Format,Work Zone Related,Work Zone Related Text Format,Location Of Crash Relative To Work Zone,Location Of Crash Relative To Work Zone Text Format,Type of Work Zone,Type of Work Zone Text Format,Worker Presence,Worker Presence Text Format,Law Enforcement Presence,Law Enforcement Presence Text Format,Were Vehicles Moved Prior To Police Arrival,Trafficway Ownership,Trafficway Ownership Text Format,Trafficway Class,Trafficway Class Text Format,Police Agency,Police Agency Text Format,Badge Number,Approval Date,Police Case Status,Police Case Status Text Format,Crash Report Submission Date,Related Case Identifiers,No. of Through Lanes (Log Dir.),Average Daily Traffic,Functional Classification,Functional Classification Text Format,Rural or Urban,Rural or Urban Text Format
1384712,1,Complete,1384712,1384712,41.330662,-72.92608,3863964,New Haven,93,93,New Haven,4/13/2026,2026,4,April,13,2,Monday,9:33:00,9,26013604,A,"Injury of any type (Serious, Minor, Possible)",C,Possible Injury (C),2,0,0,4,Local,0.69,42,BASSETT ST,BASSETT ST,,WINCHESTER AVE,25,Feet,W,41.330662,-72.92608,14,Motor Vehicle in Operation,1,Front to rear,1,On Roadway,1,Clear,88,Not Applicable,1,Daylight,1,Dry,99,Unknown,88,Not Applicable,88,Not Applicable,99,Unknown,88,Not Applicable,88,Not Applicable,3,Intersection-Related,3,T-Intersection,1,No,1,No,88,Not Applicable,88,Not Applicable,88,Not Applicable,88,Not Applicable,FALSE,1,Public Road,1,"Trafficway, On Road",CT0009300,New Haven PD,48653,23:21.0,C,Closed,01:49.0,,,,,,,
1384715,1,Complete,1384715,1384715,41.337754,-72.972937,3863967,New Haven,93,93,New Haven,4/13/2026,2026,4,April,13,2,Monday,15:48:00,15,26013654,A,"Injury of any type (Serious, Minor, Possible)",B,Suspected Minor Injury (B),2,0,0,4,Local,0.16,612,VALLEY ST NO 1,VALLEY ST NO 1,Mountain Road,,,,,41.337754,-72.972937,14,Motor Vehicle in Operation,3,Angle,1,On Roadway,1,Clear,1,Clear,1,Daylight,1,Dry,0,None,88,Not Applicable,88,Not Applicable,0,None,88,Not Applicable,88,Not Applicable,2,Intersection,3,T-Intersection,1,No,1,No,88,Not Applicable,88,Not Applicable,88,Not Applicable,88,Not Applicable,FALSE,1,Public Road,1,"Trafficway, On Road",CT0009300,New Haven PD,46173,58:59.0,C,Closed,01:55.0,,,,,,,
1384902,1,Complete,1384902,1384902,41.30563,-72.935991,3864154,New Haven,93,93,New Haven,4/13/2026,2026,4,April,13,2,Monday,21:00:00,21,26013709,A,"Injury of any type (Serious, Minor, Possible)",C,Possible Injury (C),2,0,0,4,Local,0.45,463,PARK ST,PARK ST,S FRONTAGE RD,,,,,41.30563,-72.935991,14,Motor Vehicle in Operation,3,Angle,1,On Roadway,1,Clear,88,Not Applicable,4,Dark-Lighted,1,Dry,0,None,88,Not Applicable,88,Not Applicable,0,None,88,Not Applicable,88,Not Applicable,2,Intersection,2,Four-Way Intersection,1,No,1,No,88,Not Applicable,88,Not Applicable,88,Not Applicable,88,Not Applicable,FALSE,1,Public Road,1,"Trafficway, On Road",CT0009300,New Haven PD,46617,45:54.0,C,Closed,00:39.0,,,,,,,
1384903,1,Complete,1384903,1384903,41.328662,-72.964383,3864155,New Haven,93,93,New Haven,4/13/2026,2026,4,April,13,2,Monday,22:30:00,22,26013721,A,"Injury of any type (Serious, Minor, Possible)",B,Suspected Minor Injury (B),1,0,0,3,State,0.49,63,63-N,63-N,,EMERSON STREET,145,Feet,E,41.328662,-72.964383,33,Utility Pole/Light Support,88,Not Applicable,4,Roadside,4,Rain,88,Not Applicable,4,Dark-Lighted,2,Wet,99,Unknown,88,Not Applicable,88,Not Applicable,0,None,88,Not Applicable,88,Not Applicable,1,Non-Junction,1,Not at Intersection,1,No,1,No,88,Not Applicable,88,Not Applicable,88,Not Applicable,88,Not Applicable,TRUE,1,Public Road,1,"Trafficway, On Road",CT0009300,New Haven PD,47001,15:33.0,C,Closed,00:38.0,,,,,,,
1385118,1,Complete,1385118,1385118,41.290817,-72.941532,3864370,New Haven,93,93,New Haven,1/21/2026,2026,1,January,21,4,Wednesday,12:42:00,12,26002751,A,"Injury of any type (Serious, Minor, Possible)",A,Suspected Serious Injury (A),2,0,0,4,Local,0.12,626,WASHINGTON AV NO 1,WASHINGTON AV NO 1,ELLA T GRASSO BLVD,,,,,41.290817,-72.941532,14,Motor Vehicle in Operation,3,Angle,1,On Roadway,1,Clear,88,Not Applicable,1,Daylight,1,Dry,0,None,88,Not Applicable,88,Not Applicable,0,None,88,Not Applicable,88,Not Applicable,2,Intersection,2,Four-Way Intersection,1,No,1,No,88,Not Applicable,88,Not Applicable,88,Not Applicable,88,Not Applicable,FALSE,1,Public Road,1,"Trafficway, On Road",CT0009300,New Haven PD,48658,33:48.0,C,Closed,00:53.0,26-002751,,,,,,
1385122,1,Complete,1385122,1385122,41.293579,-72.89779,3864374,New Haven,93,93,New Haven,4/13/2026,2026,4,April,13,2,Monday,14:17:00,14,26013646,A,"Injury of any type (Serious, Minor, Possible)",C,Possible Injury (C),3,0,0,4,Local,0.46,242,FULTON ST,FULTON ST,Forbes Avenue,,,,,41.293579,-72.89779,14,Motor Vehicle in Operation,3,Angle,1,On Roadway,1,Clear,88,Not Applicable,1,Daylight,1,Dry,0,None,88,Not Applicable,88,Not Applicable,0,None,88,Not Applicable,88,Not Applicable,2,Intersection,2,Four-Way Intersection,1,No,1,No,88,Not Applicable,88,Not Applicable,88,Not Applicable,88,Not Applicable,FALSE,1,Public Road,1,"Trafficway, On Road",CT0009300,New Haven PD,42048,33:31.0,C,Closed,01:02.0,,,,,,,
1385129,1,Complete,1385129,1385129,41.312923,-72.932001,3864381,New Haven,93,93,New Haven,4/15/2026,2026,4,April,15,4,Wednesday,10:34:00,10,26013936,A,"Injury of any type (Serious, Minor, Possible)",C,Possible Injury (C),3,0,0,4,Local,0.2,596,TOWER PKWY,TOWER PKWY,Broadway ,,5,,,41.312923,-72.932001,14,Motor Vehicle in Operation,2,Front to front,1,On Roadway,1,Clear,88,Not Applicable,1,Daylight,1,Dry,97,Other,88,Not Applicable,88,Not Applicable,0,None,88,Not Applicable,88,Not Applicable,2,Intersection,2,Four-Way Intersection,1,No,1,No,88,Not Applicable,88,Not Applicable,88,Not Applicable,88,Not Applicable,FALSE,1,Public Road,1,"Trafficway, On Road",CT0009300,New Haven PD,44062,17:57.0,C,Closed,01:00.0,,,,,,,
1385330,1,Complete,1385330,1385330,41.288665,-72.892625,3864582,New Haven,93,93,New Haven,4/9/2026,2026,4,April,9,5,Thursday,19:56:00,19,26013673,A,"Injury of any type (Serious, Minor, Possible)",C,Possible Injury (C),2,0,0,3,State,0.08,337,337-E,337-E,,MAIN STREET,10,Feet,S,41.288665,-72.892625,14,Motor Vehicle in Operation,1,Front to rear,1,On Roadway,1,Clear,88,Not Applicable,4,Dark-Lighted,1,Dry,0,None,88,Not Applicable,88,Not Applicable,0,None,88,Not Applicable,88,Not Applicable,3,Intersection-Related,2,Four-Way Intersection,1,No,1,No,88,Not Applicable,88,Not Applicable,88,Not Applicable,88,Not Applicable,TRUE,1,Public Road,1,"Trafficway, On Road",CT0009300,New Haven PD,48652,42:00.0,O,Open,01:42.0,,,,,,,
1385332,1,Complete,1385332,1385332,41.316355,-72.941624,3864584,New Haven,93,93,New Haven,4/15/2026,2026,4,April,15,4,Wednesday,11:12:00,11,26013940,A,"Injury of any type (Serious, Minor, Possible)",C,Possible Injury (C),2,0,0,4,Local,0.43,653,WHALLEY AV,WHALLEY AV,,SHERMAN PKWY,200,Feet,E,41.316355,-72.941624,14,Motor Vehicle in Operation,1,Front to rear,1,On Roadway,1,Clear,88,Not Applicable,1,Daylight,1,Dry,0,None,88,Not Applicable,88,Not Applicable,0,None,88,Not Applicable,88,Not Applicable,1,Non-Junction,1,Not at Intersection,1,No,1,No,88,Not Applicable,88,Not Applicable,88,Not Applicable,88,Not Applicable,TRUE,1,Public Road,1,"Trafficway, On Road",CT0009300,New Haven PD,307,57:28.0,C,Closed,01:31.0,,,,,,,
1385335,1,Complete,1385335,1385335,41.297566,-72.948358,3864587,New Haven,93,93,New Haven,4/16/2026,2026,4,April,16,5,Thursday,6:23:00,6,26014053,A,"Injury of any type (Serious, Minor, Possible)",C,Possible Injury (C),2,0,0,2,USRoute,46.67,1,1-N,1-N,,Ella T Grasso BLVD,75,Feet,E,41.297566,-72.948358,14,Motor Vehicle in Operation,1,Front to rear,1,On Roadway,1,Clear,88,Not Applicable,1,Daylight,1,Dry,0,None,88,Not Applicable,88,Not Applicable,0,None,88,Not Applicable,88,Not Applicable,3,Intersection-Related,2,Four-Way Intersection,1,No,1,No,88,Not Applicable,88,Not Applicable,88,Not Applicable,88,Not Applicable,FALSE,1,Public Road,1,"Trafficway, On Road",CT0009300,New Haven PD,48375,33:48.0,C,Closed,01:46.0,,,,,,,
1385338,1,Complete,1385338,1385338,41.33588,-72.977984,3864590,New Haven,93,93,New Haven,4/16/2026,2026,4,April,16,5,Thursday,15:14:00,15,26014127,A,"Injury of any type (Serious, Minor, Possible)",C,Possible Injury (C),2,0,0,3,State,1.4,63,63-N,63-N,,FOWLER ST,55,Feet,N,41.33588,-72.977984,14,Motor Vehicle in Operation,4,"Sideswipe, same direction",1,On Roadway,1,Clear,88,Not Applicable,1,Daylight,1,Dry,0,None,88,Not Applicable,88,Not Applicable,0,None,88,Not Applicable,88,Not Applicable,9,Driveway Access-Related,1,Not at Intersection,1,No,1,No,88,Not Applicable,88,Not Applicable,88,Not Applicable,88,Not Applicable,FALSE,1,Public Road,1,"Trafficway, On Road",CT0009300,New Haven PD,45397,07:41.0,C,Closed,01:43.0,,,,,,,
1385690,1,Complete,1385690,1385690,41.314902,-72.9389355,3864942,New Haven,93,93,New Haven,4/12/2026,2026,4,April,12,1,Sunday,12:49:00,12,26011665,A,"Injury of any type (Serious, Minor, Possible)",C,Possible Injury (C),2,0,0,,,,,,495 ORCHARD ST,,ELM ST,135,Feet,N,41.314902,-72.9389355,14,Motor Vehicle in Operation,1,Front to rear,97,Other,1,Clear,88,Not Applicable,1,Daylight,1,Dry,0,None,88,Not Applicable,88,Not Applicable,0,None,88,Not Applicable,88,Not Applicable,97,Other,1,Not at Intersection,1,No,1,No,88,Not Applicable,88,Not Applicable,88,Not Applicable,88,Not Applicable,FALSE,88,Not Applicable,4,Parking Lot,CT0009300,New Haven PD,42046,05:25.0,C,Closed,00:30.0,,,,,,,
1385692,1,Complete,1385692,1385692,41.31323,-72.94379,3864944,New Haven,93,93,New Haven,4/11/2026,2026,4,April,11,7,Saturday,16:32:00,16,26013395,A,"Injury of any type (Serious, Minor, Possible)",C,Possible Injury (C),2,0,0,4,Local,0.53,556,SHERMAN AV,SHERMAN AV,EDGEWOOD AVE,,,,,41.31323,-72.94379,14,Motor Vehicle in Operation,3,Angle,1,On Roadway,1,Clear,88,Not Applicable,1,Daylight,1,Dry,0,None,88,Not Applicable,88,Not Applicable,0,None,88,Not Applicable,88,Not Applicable,2,Intersection,2,Four-Way Intersection,1,No,1,No,88,Not Applicable,88,Not Applicable,88,Not Applicable,88,Not Applicable,FALSE,1,Public Road,1,"Trafficway, On Road",CT0009300,New Haven PD,45398,48:09.0,O,Open,00:23.0,,,,,,,
1385694,1,Complete,1385694,1385694,41.293395,-72.932966,3864946,New Haven,93,93,New Haven,4/14/2026,2026,4,April,14,3,Tuesday,19:44:00,19,26013853,A,"Injury of any type (Serious, Minor, Possible)",C,Possible Injury (C),2,0,0,4,Local,0.92,308,HOWARD AV,HOWARD AV,ROSETTE ST,,,,,41.293395,-72.932966,14,Motor Vehicle in Operation,3,Angle,1,On Roadway,1,Clear,88,Not Applicable,4,Dark-Lighted,1,Dry,0,None,88,Not Applicable,88,Not Applicable,0,None,88,Not Applicable,88,Not Applicable,2,Intersection,2,Four-Way Intersection,1,No,1,No,88,Not Applicable,88,Not Applicable,88,Not Applicable,88,Not Applicable,TRUE,1,Public Road,1,"Trafficway, On Road",CT0009300,New Haven PD,45395,58:27.0,C,Closed,01:03.0,,,,,,,
1385698,1,Complete,1385698,1385698,41.317335,-72.901802,3864950,New Haven,93,93,New Haven,4/16/2026,2026,4,April,16,5,Thursday,7:56:00,7,26014091,A,"Injury of any type (Serious, Minor, Possible)",C,Possible Injury (C),2,0,0,2,USRoute,0.15,5,5-N,5-N,,BLATCHLEY AV,100,Feet,W,41.317335,-72.901802,14,Motor Vehicle in Operation,1,Front to rear,1,On Roadway,1,Clear,88,Not Applicable,1,Daylight,1,Dry,0,None,88,Not Applicable,88,Not Applicable,0,None,88,Not Applicable,88,Not Applicable,3,Intersection-Related,2,Four-Way Intersection,1,No,1,No,88,Not Applicable,88,Not Applicable,88,Not Applicable,88,Not Applicable,FALSE,1,Public Road,1,"Trafficway, On Road",CT0009300,New Haven PD,46899,04:52.0,C,Closed,00:29.0,26-014091,,,,,,
1385705,1,Complete,1385705,1385705,41.314353,-72.951349,3864957,New Haven,93,93,New Haven,4/17/2026,2026,4,April,17,6,Friday,11:29:00,11,26014266,A,"Injury of any type (Serious, Minor, Possible)",B,Suspected Minor Injury (B),2,0,0,3,State,2.69,10,10-N,10-N,,STANLEY ST,205,Feet,N,41.314353,-72.951349,14,Motor Vehicle in Operation,97,Other,1,On Roadway,1,Clear,88,Not Applicable,1,Daylight,1,Dry,0,None,88,Not Applicable,88,Not Applicable,0,None,88,Not Applicable,88,Not Applicable,1,Non-Junction,1,Not at Intersection,1,No,1,No,88,Not Applicable,88,Not Applicable,88,Not Applicable,88,Not Applicable,FALSE,1,Public Road,1,"Trafficway, On Road",CT0009300,New Haven PD,44062,01:02.0,C,Closed,00:33.0,,,,,,,
1385707,1,Complete,1385707,1385707,41.3163364,-72.9413951,3864959,New Haven,93,93,New Haven,4/17/2026,2026,4,April,17,6,Friday,15:02:00,15,26014289,A,"Injury of any type (Serious, Minor, Possible)",C,Possible Injury (C),2,0,0,4,Local,0.44,653,WHALLEY AV,WHALLEY AV,HUDSON ST,,,,,41.3163364,-72.9413951,14,Motor Vehicle in Operation,3,Angle,1,On Roadway,1,Clear,88,Not Applicable,1,Daylight,1,Dry,0,None,88,Not Applicable,88,Not Applicable,0,None,88,Not Applicable,88,Not Applicable,2,Intersection,3,T-Intersection,1,No,1,No,88,Not Applicable,88,Not Applicable,88,Not Applicable,88,Not Applicable,TRUE,1,Public Road,1,"Trafficway, On Road",CT0009300,New Haven PD,44947,52:08.0,C,Closed,00:36.0,,,,,,,
1385711,1,Complete,1385711,1385711,41.269051,-72.900771,3864963,New Haven,93,93,New Haven,4/17/2026,2026,4,April,17,6,Friday,16:18:00,16,26014304,A,"Injury of any type (Serious, Minor, Possible)",B,Suspected Minor Injury (B),2,0,0,4,Local,0.23,225,FORT HALE PARK RD,FORT HALE PARK RD,,POPE ST,605,Feet,S,41.269051,-72.900771,14,Motor Vehicle in Operation,3,Angle,1,On Roadway,1,Clear,88,Not Applicable,1,Daylight,1,Dry,0,None,88,Not Applicable,88,Not Applicable,0,None,88,Not Applicable,88,Not Applicable,9,Driveway Access-Related,1,Not at Intersection,1,No,1,No,88,Not Applicable,88,Not Applicable,88,Not Applicable,88,Not Applicable,TRUE,1,Public Road,1,"Trafficway, On Road",CT0009300,New Haven PD,44056,16:30.0,C,Closed,00:43.0,,,,,,,
1385712,1,Complete,1385712,1385712,41.30288,-72.93739,3864964,New Haven,93,93,New Haven,4/17/2026,2026,4,April,17,6,Friday,16:56:00,16,26014309,A,"Injury of any type (Serious, Minor, Possible)",C,Possible Injury (C),2,0,0,4,Local,0.14,614,VERNON ST,VERNON ST,DAVENPORT AVE,,,,,41.30288,-72.93739,14,Motor Vehicle in Operation,3,Angle,1,On Roadway,1,Clear,88,Not Applicable,1,Daylight,1,Dry,0,None,88,Not Applicable,88,Not Applicable,0,None,88,Not Applicable,88,Not Applicable,2,Intersection,2,Four-Way Intersection,1,No,1,No,88,Not Applicable,88,Not Applicable,88,Not Applicable,88,Not Applicable,FALSE,1,Public Road,1,"Trafficway, On Road",CT0009300,New Haven PD,45389,05:24.0,C,Closed,00:39.0,,,,,,,
1385719,1,Complete,1385719,1385719,41.33392,-72.935172,3864971,New Haven,93,93,New Haven,4/18/2026,2026,4,April,18,7,Saturday,14:12:00,14,26014375,A,"Injury of any type (Serious, Minor, Possible)",C,Possible Injury (C),4,0,0,4,Local,1.48,152,DIXWELL AV,DIXWELL AV,,POND ST,125,Feet,S,41.33392,-72.935172,14,Motor Vehicle in Operation,97,Other,1,On Roadway,1,Clear,88,Not Applicable,1,Daylight,1,Dry,0,None,88,Not Applicable,88,Not Applicable,0,None,88,Not Applicable,88,Not Applicable,1,Non-Junction,1,Not at Intersection,1,No,1,No,88,Not Applicable,88,Not Applicable,88,Not Applicable,88,Not Applicable,FALSE,1,Public Road,1,"Trafficway, On Road",CT0009300,New Haven PD,45629,19:29.0,C,Closed,01:01.0,,,,,,,
1385720,1,Complete,1385720,1385720,41.32883,-72.965703,3864972,New Haven,93,93,New Haven,4/18/2026,2026,4,April,18,7,Saturday,12:58:00,12,26014382,A,"Injury of any type (Serious, Minor, Possible)",C,Possible Injury (C),3,0,0,3,State,0.56,63,63-N,63-N,,EMERSON ST,100,Feet,W,41.32883,-72.965703,14,Motor Vehicle in Operation,5,"Sideswipe, opposite direction",1,On Roadway,2,Cloudy,88,Not Applicable,1,Daylight,1,Dry,0,None,88,Not Applicable,88,Not Applicable,0,None,88,Not Applicable,88,Not Applicable,1,Non-Junction,1,Not at Intersection,1,No,1,No,88,Not Applicable,88,Not Applicable,88,Not Applicable,88,Not Applicable,FALSE,1,Public Road,1,"Trafficway, On Road",CT0009300,New Haven PD,170,11:51.0,C,Closed,00:52.0,,,,,,,
1385722,1,Complete,1385722,1385722,41.320907,-72.874299,3864974,New Haven,93,93,New Haven,4/18/2026,2026,4,April,18,7,Saturday,14:50:00,14,26014392,A,"Injury of any type (Serious, Minor, Possible)",C,Possible Injury (C),3,0,0,3,State,0.43,80,80-E,80-E,,QUINNIPIAC AV,40,Feet,W,41.320907,-72.874299,14,Motor Vehicle in Operation,1,Front to rear,1,On Roadway,1,Clear,88,Not Applicable,1,Daylight,1,Dry,0,None,88,Not Applicable,88,Not Applicable,0,None,88,Not Applicable,88,Not Applicable,3,Intersection-Related,2,Four-Way Intersection,1,No,1,No,88,Not Applicable,88,Not Applicable,88,Not Applicable,88,Not Applicable,FALSE,1,Public Road,1,"Trafficway, On Road",CT0009300,New Haven PD,44063,31:01.0,O,Open,00:57.0,,,,,,,
1385723,1,Complete,1385723,1385723,41.297639,-72.934212,3864975,New Haven,93,93,New Haven,4/18/2026,2026,4,April,18,7,Saturday,14:56:00,14,26014395,A,"Injury of any type (Serious, Minor, Possible)",C,Possible Injury (C),2,0,0,4,Local,0.62,308,HOWARD AV,HOWARD AV,,COLUMBUS AV,50,Feet,S,41.297639,-72.934212,14,Motor Vehicle in Operation,1,Front to rear,1,On Roadway,1,Clear,88,Not Applicable,1,Daylight,1,Dry,0,None,88,Not Applicable,88,Not Applicable,0,None,88,Not Applicable,88,Not Applicable,3,Intersection-Related,2,Four-Way Intersection,1,No,1,No,88,Not Applicable,88,Not Applicable,88,Not Applicable,88,Not Applicable,FALSE,1,Public Road,1,"Trafficway, On Road",CT0009300,New Haven PD,45389,38:15.0,C,Closed,00:52.0,,,,,,,
1385724,1,Complete,1385724,1385724,41.293624,-72.937511,3864976,New Haven,93,93,New Haven,4/18/2026,2026,4,April,18,7,Saturday,17:35:00,17,26014417,A,"Injury of any type (Serious, Minor, Possible)",B,Suspected Minor Injury (B),2,0,0,4,Local,0.1,571,SPRING ST,SPRING ST,,HULBERT ST,30,Feet,E,41.293624,-72.937511,14,Motor Vehicle in Operation,1,Front to rear,1,On Roadway,1,Clear,88,Not Applicable,1,Daylight,1,Dry,0,None,88,Not Applicable,88,Not Applicable,0,None,88,Not Applicable,88,Not Applicable,1,Non-Junction,1,Not at Intersection,1,No,1,No,88,Not Applicable,88,Not Applicable,88,Not Applicable,88,Not Applicable,FALSE,1,Public Road,1,"Trafficway, On Road",CT0009300,New Haven PD,49452,50:11.0,C,Closed,00:53.0,,,,,,,
1385731,1,Complete,1385731,1385731,41.306212,-72.899044,3864983,New Haven,93,93,New Haven,4/19/2026,2026,4,April,19,1,Sunday,22:23:00,22,26014544,A,"Injury of any type (Serious, Minor, Possible)",A,Suspected Serious Injury (A),2,0,0,4,Local,0.22,57,BLATCHLEY AV,BLATCHLEY AV,WOLCOTT ST,,,,,41.306212,-72.899044,14,Motor Vehicle in Operation,3,Angle,1,On Roadway,1,Clear,88,Not Applicable,4,Dark-Lighted,1,Dry,0,None,88,Not Applicable,88,Not Applicable,0,None,88,Not Applicable,88,Not Applicable,2,Intersection,2,Four-Way Intersection,1,No,1,No,88,Not Applicable,88,Not Applicable,88,Not Applicable,88,Not Applicable,FALSE,1,Public Road,1,"Trafficway, On Road",CT0009300,New Haven PD,46622,43:02.0,C,Closed,01:06.0,,,,,,,
1386311,1,Complete,1386311,1386311,41.314277,-72.911837,3865563,New Haven,93,93,New Haven,4/9/2026,2026,4,April,9,5,Thursday,11:52:00,11,26013082,A,"Injury of any type (Serious, Minor, Possible)",C,Possible Injury (C),2,0,0,4,Local,0.46,575,STATE ST,STATE ST,,HUMPHREY ST,25,Feet,N,41.314277,-72.911837,14,Motor Vehicle in Operation,3,Angle,1,On Roadway,1,Clear,88,Not Applicable,1,Daylight,1,Dry,0,None,88,Not Applicable,88,Not Applicable,0,None,88,Not Applicable,88,Not Applicable,1,Non-Junction,1,Not at Intersection,1,No,1,No,88,Not Applicable,88,Not Applicable,88,Not Applicable,88,Not Applicable,FALSE,1,Public Road,1,"Trafficway, On Road",CT0009300,New Haven PD,432,05:16.0,C,Closed,00:20.0,,,,,,,
1386319,1,Complete,1386319,1386319,41.33372691,-72.86743701,926055,New Haven,93,93,New Haven,4/20/2026,2026,4,April,20,2,Monday,15:22:00,15,26014609,K,Fatal (Kill),K,Fatal Injury (K),3,0,0,3,State,0.96,103,103-N,103-N,,GLEN HAVEN RD,350,Feet,N,41.33372691,-72.86743701,15,Parked Motor Vehicle,2,Front to front,1,On Roadway,1,Clear,88,Not Applicable,1,Daylight,1,Dry,0,None,88,Not Applicable,88,Not Applicable,0,None,88,Not Applicable,88,Not Applicable,1,Non-Junction,1,Not at Intersection,1,No,1,No,88,Not Applicable,88,Not Applicable,88,Not Applicable,88,Not Applicable,FALSE,1,Public Road,1,"Trafficway, On Road",CT0009300,New Haven PD,44056,51:57.0,O,Open,00:25.0,,,,,,,
1386673,1,Complete,1386673,1386673,41.301328,-72.920742,3865925,New Haven,93,93,New Haven,4/18/2026,2026,4,April,18,7,Saturday,0:26:00,0,26014343,A,"Injury of any type (Serious, Minor, Possible)",C,Possible Injury (C),2,0,0,2,USRoute,48.44,1,1-N,1-N,OLIVE ST,,,,,41.301328,-72.920742,14,Motor Vehicle in Operation,3,Angle,1,On Roadway,1,Clear,88,Not Applicable,4,Dark-Lighted,1,Dry,0,None,88,Not Applicable,88,Not Applicable,0,None,88,Not Applicable,88,Not Applicable,2,Intersection,3,T-Intersection,1,No,1,No,88,Not Applicable,88,Not Applicable,88,Not Applicable,88,Not Applicable,FALSE,1,Public Road,1,"Trafficway, On Road",CT0009300,New Haven PD,48829,40:14.0,C,Closed,00:55.0,,,,,,,
1386674,1,Complete,1386674,1386674,41.2994705,-72.9253682,3865926,New Haven,93,93,New Haven,4/20/2026,2026,4,April,20,2,Monday,14:47:00,14,26014593,A,"Injury of any type (Serious, Minor, Possible)",C,Possible Injury (C),5,0,1,2,USRoute,48.11,1,1-N,1-N,MEADOW ST,,,,,41.2994705,-72.9253682,14,Motor Vehicle in Operation,3,Angle,1,On Roadway,1,Clear,88,Not Applicable,1,Daylight,1,Dry,0,None,88,Not Applicable,88,Not Applicable,0,None,88,Not Applicable,88,Not Applicable,2,Intersection,3,T-Intersection,1,No,1,No,88,Not Applicable,88,Not Applicable,88,Not Applicable,88,Not Applicable,FALSE,1,Public Road,1,"Trafficway, On Road",CT0009300,New Haven PD,48653,11:51.0,C,Closed,00:57.0,,,,,,,
1386675,1,Complete,1386675,1386675,41.334277,-72.947497,3865927,New Haven,93,93,New Haven,4/20/2026,2026,4,April,20,2,Monday,12:59:00,12,26014596,A,"Injury of any type (Serious, Minor, Possible)",C,Possible Injury (C),2,0,0,3,State,4.44,10,10-N,10-N,Pine Rock Avenue,,,,,41.334277,-72.947497,14,Motor Vehicle in Operation,3,Angle,1,On Roadway,2,Cloudy,88,Not Applicable,1,Daylight,2,Wet,1,Weather Conditions,88,Not Applicable,88,Not Applicable,0,None,88,Not Applicable,88,Not Applicable,2,Intersection,3,T-Intersection,1,No,1,No,88,Not Applicable,88,Not Applicable,88,Not Applicable,88,Not Applicable,TRUE,1,Public Road,1,"Trafficway, On Road",CT0009300,New Haven PD,170,18:46.0,C,Closed,01:05.0,,,,,,,
1386678,1,Complete,1386678,1386678,41.322699,-72.935398,3865930,New Haven,93,93,New Haven,4/20/2026,2026,4,April,20,2,Monday,23:38:00,23,26014681,A,"Injury of any type (Serious, Minor, Possible)",B,Suspected Minor Injury (B),1,0,0,4,Local,1.54,453,ORCHARD ST,ORCHARD ST,,Munson STreet,40,Feet,S,41.322699,-72.935398,32,Tree (standing),88,Not Applicable,1,On Roadway,1,Clear,88,Not Applicable,4,Dark-Lighted,1,Dry,0,None,88,Not Applicable,88,Not Applicable,0,None,88,Not Applicable,88,Not Applicable,1,Non-Junction,1,Not at Intersection,1,No,1,No,88,Not Applicable,88,Not Applicable,88,Not Applicable,88,Not Applicable,FALSE,1,Public Road,1,"Trafficway, On Road",CT0009300,New Haven PD,42365,54:19.0,C,Closed,00:54.0,,,,,,,
1386681,1,Complete,1386681,1386681,41.293581,-72.944535,3865933,New Haven,93,93,New Haven,4/21/2026,2026,4,April,21,3,Tuesday,12:33:00,12,26014747,A,"Injury of any type (Serious, Minor, Possible)",A,Suspected Serious Injury (A),1,1,2,3,State,1.11,10,10-N,10-N,,ADELINE ST,230,Feet,N,41.293581,-72.944535,10,Pedalcycle/Pedalcyclist,99,Unknown,1,On Roadway,1,Clear,88,Not Applicable,1,Daylight,1,Dry,0,None,88,Not Applicable,88,Not Applicable,0,None,88,Not Applicable,88,Not Applicable,1,Non-Junction,1,Not at Intersection,1,No,1,No,88,Not Applicable,88,Not Applicable,88,Not Applicable,88,Not Applicable,FALSE,1,Public Road,1,"Trafficway, On Road",CT0009300,New Haven PD,48045,43:31.0,O,Open,01:00.0,,,,,,,