CrashId,Fatal Case Status,Fatal Case Status Text Format,CrashId,CrashId,Latitude,Longitude,DOT Case Number,Town Name,Town Number,Town Number,Town Number Text Format,Date Of Crash,Year,Month,Month Text Format,Day,Day of the Week,Day of the Week Text Format,Time of Crash,Hour of the Day,Case Identifier,Crash Severity,Crash Severity Text Format,Most Severe Injury,Most Severe Injury Text Format,Number Of Motor Vehicles,Number Of Non-Motorist,Number Of Witnesses,Route Class,Route Class Text Format,Milemarker,Road Number,Road Description,Roadway Name,Intersecting Roadway Name,Landmark Description,Distance From Nearest Landmark,Unit Of Measure From Nearest Landmark,Direction From Nearest Landmark,Latitude,Longitude,First Harmful Event,First Harmful Event Text Format,Manner of Crash / Collision Impact,Manner of Crash / Collision Impact Text Format,Location of First Harmful Event,Location of First Harmful Event Text Format,Weather Condition,Weather Condition Text Format,Weather 2,Weather 2 Text Format,Light Condition,Light Condition Text Format,Road Surface Condition,Road Surface Condition Text Format,"Contributing Circumstances, Environment","Contributing Circumstances, Environment Text Format",Environment 2,Environment 2 Text Format,Environment 3,Environment 3 Text Format,"Contributing Circumstances, Road","Contributing Circumstances, Road Text Format",Road 2,Road 2 Text Format,Road 3,Road 3 Text Format,Crash Specific Location,Crash Specific Location Text Format,Type of Intersection,Type of Intersection Text Format,School Bus Related,School Bus Related Text Format,Work Zone Related,Work Zone Related Text Format,Location Of Crash Relative To Work Zone,Location Of Crash Relative To Work Zone Text Format,Type of Work Zone,Type of Work Zone Text Format,Worker Presence,Worker Presence Text Format,Law Enforcement Presence,Law Enforcement Presence Text Format,Were Vehicles Moved Prior To Police Arrival,Trafficway Ownership,Trafficway Ownership Text Format,Trafficway Class,Trafficway Class Text Format,Police Agency,Police Agency Text Format,Badge Number,Approval Date,Police Case Status,Police Case Status Text Format,Crash Report Submission Date,Related Case Identifiers,No. of Through Lanes (Log Dir.),Average Daily Traffic,Functional Classification,Functional Classification Text Format,Rural or Urban,Rural or Urban Text Format
1386682,1,Complete,1386682,1386682,41.323578,-72.880734,3865934,New Haven,93,93,New Haven,4/21/2026,2026,4,April,21,3,Tuesday,13:26:00,13,26014752,A,"Injury of any type (Serious, Minor, Possible)",C,Possible Injury (C),2,0,0,3,State,0.04,80,80-W,80-W,,MIDDELTOWN AVE,210,Feet,E,41.323578,-72.880734,14,Motor Vehicle in Operation,1,Front to rear,1,On Roadway,1,Clear,88,Not Applicable,1,Daylight,1,Dry,0,None,88,Not Applicable,88,Not Applicable,0,None,88,Not Applicable,88,Not Applicable,1,Non-Junction,1,Not at Intersection,1,No,1,No,88,Not Applicable,88,Not Applicable,88,Not Applicable,88,Not Applicable,FALSE,1,Public Road,1,"Trafficway, On Road",CT0009300,New Haven PD,42049,35:38.0,C,Closed,01:06.0,,,,,,,
1386684,1,Complete,1386684,1386684,41.2864672,-72.9363928,3865936,New Haven,93,93,New Haven,4/21/2026,2026,4,April,21,3,Tuesday,16:21:00,16,26014768,A,"Injury of any type (Serious, Minor, Possible)",C,Possible Injury (C),2,0,0,3,State,0.48,10,10-N,10-N,,KIMBERLY AVE,15,Feet,W,41.2864672,-72.9363928,14,Motor Vehicle in Operation,1,Front to rear,1,On Roadway,1,Clear,88,Not Applicable,1,Daylight,1,Dry,0,None,88,Not Applicable,88,Not Applicable,0,None,88,Not Applicable,88,Not Applicable,3,Intersection-Related,2,Four-Way Intersection,1,No,1,No,88,Not Applicable,88,Not Applicable,88,Not Applicable,88,Not Applicable,TRUE,1,Public Road,1,"Trafficway, On Road",CT0009300,New Haven PD,48509,51:19.0,C,Closed,01:12.0,,,,,,,
1386686,1,Complete,1386686,1386686,41.330475,-72.964126,3865938,New Haven,93,93,New Haven,4/21/2026,2026,4,April,21,3,Tuesday,15:58:00,15,26014775,A,"Injury of any type (Serious, Minor, Possible)",C,Possible Injury (C),2,0,0,4,Local,0.91,612,VALLEY ST NO 1,VALLEY ST NO 1,Emerson Street,,,,,41.330475,-72.964126,14,Motor Vehicle in Operation,1,Front to rear,1,On Roadway,1,Clear,88,Not Applicable,1,Daylight,1,Dry,0,None,88,Not Applicable,88,Not Applicable,0,None,88,Not Applicable,88,Not Applicable,2,Intersection,3,T-Intersection,1,No,1,No,88,Not Applicable,88,Not Applicable,88,Not Applicable,88,Not Applicable,FALSE,1,Public Road,1,"Trafficway, On Road",CT0009300,New Haven PD,45397,50:45.0,C,Closed,01:07.0,,,,,,,
1386689,1,Complete,1386689,1386689,41.307979,-72.915743,3865941,New Haven,93,93,New Haven,4/21/2026,2026,4,April,21,3,Tuesday,19:53:00,19,26014818,A,"Injury of any type (Serious, Minor, Possible)",B,Suspected Minor Injury (B),3,0,0,4,Local,1.56,264,GRAND AV,GRAND AV,,JEFFERSON ST,10,Feet,E,41.307979,-72.915743,14,Motor Vehicle in Operation,3,Angle,1,On Roadway,1,Clear,88,Not Applicable,4,Dark-Lighted,1,Dry,99,Unknown,88,Not Applicable,88,Not Applicable,99,Unknown,88,Not Applicable,88,Not Applicable,1,Non-Junction,1,Not at Intersection,1,No,1,No,88,Not Applicable,88,Not Applicable,88,Not Applicable,88,Not Applicable,TRUE,1,Public Road,1,"Trafficway, On Road",CT0009300,New Haven PD,46901,38:19.0,C,Closed,01:14.0,,,,,,,
1386997,1,Complete,1386997,1386997,41.320165,-72.95056,3866249,New Haven,93,93,New Haven,4/18/2026,2026,4,April,18,7,Saturday,21:54:00,21,26014446,A,"Injury of any type (Serious, Minor, Possible)",A,Suspected Serious Injury (A),1,1,0,3,State,3.14,10,10-N,10-N,,BLAKE ST,35,Feet,W,41.320165,-72.95056,9,Pedestrian,88,Not Applicable,1,On Roadway,4,Rain,88,Not Applicable,5,Dark-Not Lighted,2,Wet,1,Weather Conditions,88,Not Applicable,88,Not Applicable,0,None,88,Not Applicable,88,Not Applicable,1,Non-Junction,1,Not at Intersection,1,No,1,No,88,Not Applicable,88,Not Applicable,88,Not Applicable,88,Not Applicable,FALSE,1,Public Road,1,"Trafficway, On Road",CT0009300,New Haven PD,44062,25:29.0,O,Open,02:00.0,,,,,,,
1387001,1,Complete,1387001,1387001,41.305548,-72.93356,3866253,New Haven,93,93,New Haven,4/22/2026,2026,4,April,22,4,Wednesday,5:08:00,5,26014838,A,"Injury of any type (Serious, Minor, Possible)",B,Suspected Minor Injury (B),2,0,0,4,Local,0.44,809,REV DR MLK JR BLVD,REV DR MLK JR BLVD,YORK ST,,,,,41.305548,-72.93356,14,Motor Vehicle in Operation,1,Front to rear,1,On Roadway,4,Rain,88,Not Applicable,2,Dawn,2,Wet,0,None,88,Not Applicable,88,Not Applicable,0,None,88,Not Applicable,88,Not Applicable,2,Intersection,2,Four-Way Intersection,1,No,1,No,88,Not Applicable,88,Not Applicable,88,Not Applicable,88,Not Applicable,FALSE,1,Public Road,1,"Trafficway, On Road",CT0009300,New Haven PD,48507,25:33.0,C,Closed,01:59.0,,,,,,,
1387005,1,Complete,1387005,1387005,41.32257,-72.87292,3866257,New Haven,93,93,New Haven,4/22/2026,2026,4,April,22,4,Wednesday,13:43:00,13,26014881,A,"Injury of any type (Serious, Minor, Possible)",B,Suspected Minor Injury (B),2,0,0,3,State,0.13,103,103-N,103-N,,BARNES AVE,290,Feet,N,41.32257,-72.87292,14,Motor Vehicle in Operation,1,Front to rear,1,On Roadway,2,Cloudy,88,Not Applicable,1,Daylight,1,Dry,0,None,0,None,88,Not Applicable,0,None,88,Not Applicable,88,Not Applicable,9,Driveway Access-Related,1,Not at Intersection,1,No,1,No,88,Not Applicable,88,Not Applicable,88,Not Applicable,88,Not Applicable,TRUE,1,Public Road,1,"Trafficway, On Road",CT0009300,New Haven PD,46622,30:29.0,C,Closed,02:02.0,,,,,,,
1387007,1,Complete,1387007,1387007,41.31801,-72.946243,3866259,New Haven,93,93,New Haven,4/22/2026,2026,4,April,22,4,Wednesday,16:59:00,16,26014905,A,"Injury of any type (Serious, Minor, Possible)",C,Possible Injury (C),2,0,0,4,Local,0.16,653,WHALLEY AV,WHALLEY AV,,NORTON ST,15,Feet,W,41.31801,-72.946243,14,Motor Vehicle in Operation,1,Front to rear,1,On Roadway,1,Clear,88,Not Applicable,1,Daylight,1,Dry,0,None,88,Not Applicable,88,Not Applicable,0,None,88,Not Applicable,88,Not Applicable,3,Intersection-Related,2,Four-Way Intersection,1,No,1,No,88,Not Applicable,88,Not Applicable,88,Not Applicable,88,Not Applicable,TRUE,1,Public Road,1,"Trafficway, On Road",CT0009300,New Haven PD,44947,16:14.0,C,Closed,02:06.0,,,,,,,
1387009,1,Complete,1387009,1387009,41.308936,-72.899336,3866261,New Haven,93,93,New Haven,4/22/2026,2026,4,April,22,4,Wednesday,20:21:00,20,26014927,A,"Injury of any type (Serious, Minor, Possible)",C,Possible Injury (C),2,0,0,4,Local,0.41,57,BLATCHLEY AV,BLATCHLEY AV,,GRAND AVE,25,Feet,N,41.308936,-72.899336,14,Motor Vehicle in Operation,5,"Sideswipe, opposite direction",1,On Roadway,1,Clear,88,Not Applicable,4,Dark-Lighted,1,Dry,0,None,88,Not Applicable,88,Not Applicable,0,None,88,Not Applicable,88,Not Applicable,1,Non-Junction,1,Not at Intersection,1,No,1,No,88,Not Applicable,88,Not Applicable,88,Not Applicable,88,Not Applicable,TRUE,1,Public Road,1,"Trafficway, On Road",CT0009300,New Haven PD,40788,35:39.0,C,Closed,02:12.0,,,,,,,
1387245,1,Complete,1387245,1387245,41.305557,-72.952516,3866497,New Haven,93,93,New Haven,4/8/2026,2026,4,April,8,4,Wednesday,22:55:00,22,26012994,A,"Injury of any type (Serious, Minor, Possible)",C,Possible Injury (C),1,1,0,3,State,2.05,10,10-N,10-N,LEGION AVE,,,,,41.305557,-72.952516,9,Pedestrian,88,Not Applicable,1,On Roadway,1,Clear,88,Not Applicable,4,Dark-Lighted,1,Dry,0,None,88,Not Applicable,88,Not Applicable,0,None,88,Not Applicable,88,Not Applicable,2,Intersection,2,Four-Way Intersection,1,No,1,No,88,Not Applicable,88,Not Applicable,88,Not Applicable,88,Not Applicable,FALSE,1,Public Road,1,"Trafficway, On Road",CT0009300,New Haven PD,46898,23:41.0,C,Closed,00:47.0,,,,,,,
1387248,1,Complete,1387248,1387248,41.308307,-72.886253,3866500,New Haven,93,93,New Haven,4/21/2026,2026,4,April,21,3,Tuesday,11:37:00,11,26014740,A,"Injury of any type (Serious, Minor, Possible)",C,Possible Injury (C),2,0,0,4,Local,1.12,498,QUINNIPIAC AV,QUINNIPIAC AV,E GRAND AVE,,,,,41.308307,-72.886253,14,Motor Vehicle in Operation,3,Angle,1,On Roadway,1,Clear,88,Not Applicable,1,Daylight,1,Dry,0,None,88,Not Applicable,88,Not Applicable,0,None,88,Not Applicable,88,Not Applicable,2,Intersection,2,Four-Way Intersection,1,No,1,No,88,Not Applicable,88,Not Applicable,88,Not Applicable,88,Not Applicable,TRUE,1,Public Road,1,"Trafficway, On Road",CT0009300,New Haven PD,156,01:02.0,C,Closed,00:49.0,,,,,,,
1387252,1,Complete,1387252,1387252,41.312813,-72.93291,3866504,New Haven,93,93,New Haven,4/23/2026,2026,4,April,23,5,Thursday,7:04:00,7,26014953,A,"Injury of any type (Serious, Minor, Possible)",C,Possible Injury (C),2,0,2,4,Local,0.95,653,WHALLEY AV,WHALLEY AV,HOWE ST,,,,,41.312813,-72.93291,14,Motor Vehicle in Operation,3,Angle,1,On Roadway,1,Clear,88,Not Applicable,1,Daylight,1,Dry,0,None,88,Not Applicable,88,Not Applicable,0,None,88,Not Applicable,88,Not Applicable,2,Intersection,3,T-Intersection,1,No,1,No,88,Not Applicable,88,Not Applicable,88,Not Applicable,88,Not Applicable,FALSE,1,Public Road,1,"Trafficway, On Road",CT0009300,New Haven PD,465,22:04.0,C,Closed,00:46.0,,,,,,,
1387256,1,Complete,1387256,1387256,41.305277,-72.894723,3866508,New Haven,93,93,New Haven,4/23/2026,2026,4,April,23,5,Thursday,17:50:00,17,26015031,A,"Injury of any type (Serious, Minor, Possible)",A,Suspected Serious Injury (A),2,0,0,4,Local,1.02,213,FERRY ST,FERRY ST,Saltonstall Ave,,,,,41.305277,-72.894723,14,Motor Vehicle in Operation,3,Angle,1,On Roadway,1,Clear,88,Not Applicable,1,Daylight,1,Dry,0,None,88,Not Applicable,88,Not Applicable,0,None,88,Not Applicable,88,Not Applicable,2,Intersection,3,T-Intersection,1,No,1,No,88,Not Applicable,88,Not Applicable,88,Not Applicable,88,Not Applicable,FALSE,1,Public Road,1,"Trafficway, On Road",CT0009300,New Haven PD,42367,21:16.0,C,Closed,00:51.0,,,,,,,
1387258,1,Complete,1387258,1387258,41.322597,-72.935389,3866510,New Haven,93,93,New Haven,4/23/2026,2026,4,April,23,5,Thursday,22:50:00,22,26015065,A,"Injury of any type (Serious, Minor, Possible)",B,Suspected Minor Injury (B),2,0,0,4,Local,1.53,453,ORCHARD ST,ORCHARD ST,,MUNSON STREET,75,Feet,S,41.322597,-72.935389,14,Motor Vehicle in Operation,3,Angle,1,On Roadway,1,Clear,88,Not Applicable,4,Dark-Lighted,1,Dry,0,None,88,Not Applicable,88,Not Applicable,0,None,88,Not Applicable,88,Not Applicable,9,Driveway Access-Related,1,Not at Intersection,1,No,1,No,88,Not Applicable,88,Not Applicable,88,Not Applicable,88,Not Applicable,FALSE,1,Public Road,1,"Trafficway, On Road",CT0009300,New Haven PD,47007,54:43.0,C,Closed,00:53.0,,,,,,,
1387615,1,Complete,1387615,1387615,41.328858,-72.969971,3866867,New Haven,93,93,New Haven,4/11/2026,2026,4,April,11,7,Saturday,18:26:00,18,26013417,A,"Injury of any type (Serious, Minor, Possible)",C,Possible Injury (C),2,0,0,4,Local,0.1,754,FAIRFIELD ST NO 2,FAIRFIELD ST NO 2,,PARDEE PL,75,Feet,W,41.328858,-72.969971,14,Motor Vehicle in Operation,1,Front to rear,1,On Roadway,1,Clear,88,Not Applicable,1,Daylight,1,Dry,0,None,88,Not Applicable,88,Not Applicable,0,None,88,Not Applicable,88,Not Applicable,1,Non-Junction,1,Not at Intersection,1,No,1,No,88,Not Applicable,88,Not Applicable,88,Not Applicable,88,Not Applicable,FALSE,1,Public Road,1,"Trafficway, On Road",CT0009300,New Haven PD,45983,16:31.0,C,Closed,01:36.0,,,,,,,
1387618,1,Complete,1387618,1387618,41.30102585,-72.92929917,3866870,New Haven,93,93,New Haven,4/18/2026,2026,4,April,18,7,Saturday,14:30:00,14,26014393,A,"Injury of any type (Serious, Minor, Possible)",C,Possible Injury (C),2,0,0,4,Local,0.17,104,CHURCH ST SOUTH NO 1,CHURCH ST SOUTH NO 1,TOWER LA,,,,,41.30102585,-72.92929917,14,Motor Vehicle in Operation,4,"Sideswipe, same direction",1,On Roadway,1,Clear,88,Not Applicable,1,Daylight,1,Dry,0,None,88,Not Applicable,88,Not Applicable,0,None,88,Not Applicable,88,Not Applicable,2,Intersection,2,Four-Way Intersection,1,No,1,No,88,Not Applicable,88,Not Applicable,88,Not Applicable,88,Not Applicable,TRUE,1,Public Road,1,"Trafficway, On Road",CT0009300,New Haven PD,301,43:15.0,C,Closed,01:45.0,,,,,,,
1387619,1,Complete,1387619,1387619,41.306613,-72.929257,3866871,New Haven,93,93,New Haven,4/21/2026,2026,4,April,21,3,Tuesday,1:47:00,1,26014461,A,"Injury of any type (Serious, Minor, Possible)",B,Suspected Minor Injury (B),2,2,0,4,Local,0.39,117,COLLEGE ST,COLLEGE ST,,CROWN ST,200,Feet,N,41.306613,-72.929257,15,Parked Motor Vehicle,97,Other,1,On Roadway,1,Clear,88,Not Applicable,4,Dark-Lighted,1,Dry,0,None,88,Not Applicable,88,Not Applicable,0,None,88,Not Applicable,88,Not Applicable,1,Non-Junction,1,Not at Intersection,1,No,1,No,88,Not Applicable,88,Not Applicable,88,Not Applicable,88,Not Applicable,TRUE,1,Public Road,1,"Trafficway, On Road",CT0009300,New Haven PD,44048,36:42.0,O,Open,01:57.0,,,,,,,
1387629,1,Complete,1387629,1387629,41.32015,-72.893186,3866881,New Haven,93,93,New Haven,4/24/2026,2026,4,April,24,6,Friday,6:07:00,6,26015076,A,"Injury of any type (Serious, Minor, Possible)",C,Possible Injury (C),2,0,0,4,Local,0.49,411,MIDDLETOWN AV,MIDDLETOWN AV,CLINTON AV,,,,,41.32015,-72.893186,14,Motor Vehicle in Operation,5,"Sideswipe, opposite direction",1,On Roadway,2,Cloudy,88,Not Applicable,2,Dawn,2,Wet,99,Unknown,88,Not Applicable,88,Not Applicable,0,None,88,Not Applicable,88,Not Applicable,1,Non-Junction,1,Not at Intersection,1,No,1,No,88,Not Applicable,88,Not Applicable,88,Not Applicable,88,Not Applicable,FALSE,1,Public Road,1,"Trafficway, On Road",CT0009300,New Haven PD,47739,24:07.0,C,Closed,01:49.0,,,,,,,
1387633,1,Complete,1387633,1387633,41.319035,-72.914016,3866885,New Haven,93,93,New Haven,4/24/2026,2026,4,April,24,6,Friday,8:43:00,8,26015087,A,"Injury of any type (Serious, Minor, Possible)",C,Possible Injury (C),2,0,0,4,Local,0.35,358,LAWRENCE ST NO 1,LAWRENCE ST NO 1,Orange St,,,,,41.319035,-72.914016,14,Motor Vehicle in Operation,3,Angle,1,On Roadway,1,Clear,88,Not Applicable,1,Daylight,1,Dry,0,None,88,Not Applicable,88,Not Applicable,0,None,88,Not Applicable,88,Not Applicable,2,Intersection,2,Four-Way Intersection,1,No,1,No,88,Not Applicable,88,Not Applicable,88,Not Applicable,88,Not Applicable,FALSE,1,Public Road,1,"Trafficway, On Road",CT0009300,New Haven PD,48045,59:13.0,C,Closed,01:31.0,,,,,,,
1387635,1,Complete,1387635,1387635,41.298587,-72.926198,3866887,New Haven,93,93,New Haven,4/24/2026,2026,4,April,24,6,Friday,12:16:00,12,26015112,A,"Injury of any type (Serious, Minor, Possible)",C,Possible Injury (C),2,0,0,2,USRoute,48.05,1,1-N,1-N,,COLUMBUS AVE,80,Feet,S,41.298587,-72.926198,14,Motor Vehicle in Operation,1,Front to rear,1,On Roadway,1,Clear,88,Not Applicable,1,Daylight,1,Dry,0,None,88,Not Applicable,88,Not Applicable,0,None,88,Not Applicable,88,Not Applicable,3,Intersection-Related,3,T-Intersection,1,No,1,No,88,Not Applicable,88,Not Applicable,88,Not Applicable,88,Not Applicable,FALSE,1,Public Road,1,"Trafficway, On Road",CT0009300,New Haven PD,33016,08:30.0,C,Closed,01:46.0,,,,,,,
1387640,1,Complete,1387640,1387640,41.317914,-72.937805,3866892,New Haven,93,93,New Haven,4/24/2026,2026,4,April,24,6,Friday,19:23:00,19,26015160,A,"Injury of any type (Serious, Minor, Possible)",C,Possible Injury (C),3,0,0,4,Local,0.26,257,GOFFE ST,GOFFE ST,ORCHARD ST,,,,,41.317914,-72.937805,14,Motor Vehicle in Operation,3,Angle,1,On Roadway,1,Clear,88,Not Applicable,1,Daylight,1,Dry,0,None,88,Not Applicable,88,Not Applicable,0,None,88,Not Applicable,88,Not Applicable,2,Intersection,2,Four-Way Intersection,1,No,1,No,88,Not Applicable,88,Not Applicable,88,Not Applicable,88,Not Applicable,TRUE,1,Public Road,1,"Trafficway, On Road",CT0009300,New Haven PD,44947,20:45.0,C,Closed,01:38.0,,,,,,,
1387641,1,Complete,1387641,1387641,41.318725,-72.89964,3866893,New Haven,93,93,New Haven,4/24/2026,2026,4,April,24,6,Friday,19:00:00,19,26015171,A,"Injury of any type (Serious, Minor, Possible)",B,Suspected Minor Injury (B),2,0,0,2,USRoute,0.29,5,5-N,5-N,WARREN PL,,,,,41.318725,-72.89964,14,Motor Vehicle in Operation,3,Angle,1,On Roadway,1,Clear,88,Not Applicable,1,Daylight,1,Dry,0,None,88,Not Applicable,88,Not Applicable,0,None,88,Not Applicable,88,Not Applicable,2,Intersection,3,T-Intersection,1,No,1,No,88,Not Applicable,88,Not Applicable,88,Not Applicable,88,Not Applicable,TRUE,1,Public Road,1,"Trafficway, On Road",CT0009300,New Haven PD,48044,47:06.0,C,Closed,01:42.0,,,,,,,
1387642,1,Complete,1387642,1387642,41.287962,-72.925325,3866894,New Haven,93,93,New Haven,4/25/2026,2026,4,April,25,7,Saturday,0:03:00,0,26015195,A,"Injury of any type (Serious, Minor, Possible)",C,Possible Injury (C),2,0,0,4,Local,0.29,359,SARGENT DR,SARGENT DR,,LONG WHARF DR,200,Feet,E,41.287962,-72.925325,14,Motor Vehicle in Operation,1,Front to rear,1,On Roadway,1,Clear,88,Not Applicable,4,Dark-Lighted,1,Dry,0,None,88,Not Applicable,88,Not Applicable,0,None,88,Not Applicable,88,Not Applicable,1,Non-Junction,1,Not at Intersection,1,No,1,No,88,Not Applicable,88,Not Applicable,88,Not Applicable,88,Not Applicable,FALSE,1,Public Road,1,"Trafficway, On Road",CT0009300,New Haven PD,44953,01:22.0,C,Closed,01:41.0,,,,,,,
1387643,1,Complete,1387643,1387643,41.300824,-72.910148,3866895,New Haven,93,93,New Haven,4/25/2026,2026,4,April,25,7,Saturday,1:17:00,1,26015198,A,"Injury of any type (Serious, Minor, Possible)",B,Suspected Minor Injury (B),2,0,0,2,USRoute,48.99,1,1-N,1-N,,EAST ST ,120,Feet,E,41.300824,-72.910148,14,Motor Vehicle in Operation,3,Angle,1,On Roadway,1,Clear,88,Not Applicable,4,Dark-Lighted,1,Dry,99,Unknown,88,Not Applicable,88,Not Applicable,99,Unknown,88,Not Applicable,88,Not Applicable,1,Non-Junction,1,Not at Intersection,1,No,1,No,88,Not Applicable,88,Not Applicable,88,Not Applicable,88,Not Applicable,FALSE,1,Public Road,1,"Trafficway, On Road",CT0009300,New Haven PD,47739,23:51.0,C,Closed,01:50.0,,,,,,,
1387651,1,Complete,1387651,1387651,41.312724,-72.932897,3866903,New Haven,93,93,New Haven,4/25/2026,2026,4,April,25,7,Saturday,21:07:00,21,26015281,A,"Injury of any type (Serious, Minor, Possible)",C,Possible Injury (C),1,1,0,4,Local,0.51,310,HOWE ST,HOWE ST,Whalley Avenue,,,,,41.312724,-72.932897,10,Pedalcycle/Pedalcyclist,3,Angle,1,On Roadway,4,Rain,88,Not Applicable,4,Dark-Lighted,2,Wet,99,Unknown,88,Not Applicable,88,Not Applicable,99,Unknown,88,Not Applicable,88,Not Applicable,2,Intersection,3,T-Intersection,1,No,1,No,88,Not Applicable,88,Not Applicable,88,Not Applicable,88,Not Applicable,FALSE,1,Public Road,1,"Trafficway, On Road",CT0009300,New Haven PD,48046,23:16.0,C,Closed,01:57.0,,,,,,,
1388174,1,Complete,1388174,1388174,41.323211,-72.934447,3867426,New Haven,93,93,New Haven,3/31/2026,2026,3,March,31,3,Tuesday,20:09:00,20,26011889,A,"Injury of any type (Serious, Minor, Possible)",C,Possible Injury (C),1,1,0,4,Local,0.06,552,SHELTON AV,SHELTON AV,,MUNSON ST,100,Feet,N,41.323211,-72.934447,9,Pedestrian,88,Not Applicable,1,On Roadway,1,Clear,88,Not Applicable,5,Dark-Not Lighted,1,Dry,0,None,88,Not Applicable,88,Not Applicable,0,None,88,Not Applicable,88,Not Applicable,1,Non-Junction,1,Not at Intersection,1,No,1,No,88,Not Applicable,88,Not Applicable,88,Not Applicable,88,Not Applicable,TRUE,1,Public Road,1,"Trafficway, On Road",CT0009300,New Haven PD,48044,12:06.0,C,Closed,01:33.0,,,,,,,
1388177,1,Complete,1388177,1388177,41.299416,-72.925524,3867429,New Haven,93,93,New Haven,4/18/2026,2026,4,April,18,7,Saturday,23:01:00,23,26014447,A,"Injury of any type (Serious, Minor, Possible)",C,Possible Injury (C),3,0,0,2,USRoute,48.11,1,1-N,1-N,MEADOW ST,,,,,41.299416,-72.925524,14,Motor Vehicle in Operation,2,Front to front,1,On Roadway,1,Clear,88,Not Applicable,4,Dark-Lighted,1,Dry,0,None,88,Not Applicable,88,Not Applicable,0,None,88,Not Applicable,88,Not Applicable,2,Intersection,2,Four-Way Intersection,1,No,1,No,88,Not Applicable,88,Not Applicable,88,Not Applicable,88,Not Applicable,FALSE,1,Public Road,1,"Trafficway, On Road",CT0009300,New Haven PD,44338,40:01.0,C,Closed,01:17.0,,,,,,,
1388184,1,Complete,1388184,1388184,41.324196,-72.914688,3867436,New Haven,93,93,New Haven,4/27/2026,2026,4,April,27,2,Monday,7:29:00,7,26015385,A,"Injury of any type (Serious, Minor, Possible)",C,Possible Injury (C),3,0,0,4,Local,0.43,83,CANNER ST,CANNER ST,EVERIT ST NO 2,,,,,41.324196,-72.914688,14,Motor Vehicle in Operation,3,Angle,1,On Roadway,1,Clear,88,Not Applicable,1,Daylight,1,Dry,0,None,88,Not Applicable,88,Not Applicable,0,None,88,Not Applicable,88,Not Applicable,2,Intersection,3,T-Intersection,1,No,1,No,88,Not Applicable,88,Not Applicable,88,Not Applicable,88,Not Applicable,FALSE,1,Public Road,1,"Trafficway, On Road",CT0009300,New Haven PD,87,54:18.0,C,Closed,01:20.0,,,,,,,
1388187,1,Complete,1388187,1388187,41.307206,-72.883864,3867439,New Haven,93,93,New Haven,4/27/2026,2026,4,April,27,2,Monday,9:10:00,9,26015401,A,"Injury of any type (Serious, Minor, Possible)",C,Possible Injury (C),2,0,0,4,Local,0.73,366,LEXINGTON AV,LEXINGTON AV,E GRAND AVE,,,,,41.307206,-72.883864,14,Motor Vehicle in Operation,3,Angle,1,On Roadway,1,Clear,88,Not Applicable,1,Daylight,1,Dry,0,None,88,Not Applicable,88,Not Applicable,0,None,88,Not Applicable,88,Not Applicable,2,Intersection,2,Four-Way Intersection,1,No,1,No,88,Not Applicable,88,Not Applicable,88,Not Applicable,88,Not Applicable,TRUE,1,Public Road,1,"Trafficway, On Road",CT0009300,New Haven PD,44176,57:07.0,C,Closed,01:21.0,,,,,,,
1388188,1,Complete,1388188,1388188,41.310467,-72.917642,3867440,New Haven,93,93,New Haven,4/27/2026,2026,4,April,27,2,Monday,9:46:00,9,26015412,A,"Injury of any type (Serious, Minor, Possible)",B,Suspected Minor Injury (B),2,0,0,4,Local,0.86,575,STATE ST,STATE ST,,TRUMBULL ST,111,Feet,S,41.310467,-72.917642,14,Motor Vehicle in Operation,1,Front to rear,1,On Roadway,1,Clear,88,Not Applicable,1,Daylight,1,Dry,0,None,88,Not Applicable,88,Not Applicable,0,None,88,Not Applicable,88,Not Applicable,1,Non-Junction,1,Not at Intersection,1,No,1,No,88,Not Applicable,88,Not Applicable,88,Not Applicable,88,Not Applicable,TRUE,1,Public Road,1,"Trafficway, On Road",CT0009300,New Haven PD,48044,56:15.0,C,Closed,01:19.0,,,,,,,
1388193,1,Complete,1388193,1388193,41.328112,-72.914977,3867445,New Haven,93,93,New Haven,4/27/2026,2026,4,April,27,2,Monday,17:16:00,17,26015480,A,"Injury of any type (Serious, Minor, Possible)",C,Possible Injury (C),2,0,0,4,Local,1.29,656,WHITNEY AV,WHITNEY AV,HIGHLAND ST,,,,,41.328112,-72.914977,14,Motor Vehicle in Operation,3,Angle,1,On Roadway,1,Clear,88,Not Applicable,1,Daylight,1,Dry,0,None,88,Not Applicable,88,Not Applicable,0,None,88,Not Applicable,88,Not Applicable,2,Intersection,3,T-Intersection,1,No,1,No,88,Not Applicable,88,Not Applicable,88,Not Applicable,88,Not Applicable,FALSE,1,Public Road,1,"Trafficway, On Road",CT0009300,New Haven PD,48044,10:36.0,C,Closed,01:30.0,,,,,,,