CrashId,Fatal Case Status,Fatal Case Status Text Format,CrashId,CrashId,Latitude,Longitude,DOT Case Number,Town Name,Town Number,Town Number,Town Number Text Format,Date Of Crash,Year,Month,Month Text Format,Day,Day of the Week,Day of the Week Text Format,Time of Crash,Hour of the Day,Case Identifier,Crash Severity,Crash Severity Text Format,Most Severe Injury,Most Severe Injury Text Format,Number Of Motor Vehicles,Number Of Non-Motorist,Number Of Witnesses,Route Class,Route Class Text Format,Milemarker,Road Number,Road Description,Roadway Name,Intersecting Roadway Name,Landmark Description,Distance From Nearest Landmark,Unit Of Measure From Nearest Landmark,Direction From Nearest Landmark,Latitude,Longitude,First Harmful Event,First Harmful Event Text Format,Manner of Crash / Collision Impact,Manner of Crash / Collision Impact Text Format,Location of First Harmful Event,Location of First Harmful Event Text Format,Weather Condition,Weather Condition Text Format,Weather 2,Weather 2 Text Format,Light Condition,Light Condition Text Format,Road Surface Condition,Road Surface Condition Text Format,"Contributing Circumstances, Environment","Contributing Circumstances, Environment Text Format",Environment 2,Environment 2 Text Format,Environment 3,Environment 3 Text Format,"Contributing Circumstances, Road","Contributing Circumstances, Road Text Format",Road 2,Road 2 Text Format,Road 3,Road 3 Text Format,Crash Specific Location,Crash Specific Location Text Format,Type of Intersection,Type of Intersection Text Format,School Bus Related,School Bus Related Text Format,Work Zone Related,Work Zone Related Text Format,Location Of Crash Relative To Work Zone,Location Of Crash Relative To Work Zone Text Format,Type of Work Zone,Type of Work Zone Text Format,Worker Presence,Worker Presence Text Format,Law Enforcement Presence,Law Enforcement Presence Text Format,Were Vehicles Moved Prior To Police Arrival,Trafficway Ownership,Trafficway Ownership Text Format,Trafficway Class,Trafficway Class Text Format,Police Agency,Police Agency Text Format,Badge Number,Approval Date,Police Case Status,Police Case Status Text Format,Crash Report Submission Date,Related Case Identifiers,No. of Through Lanes (Log Dir.),Average Daily Traffic,Functional Classification,Functional Classification Text Format,Rural or Urban,Rural or Urban Text Format
1388533,1,Complete,1388533,1388533,41.296156,-72.93948,3867785,New Haven,93,93,New Haven,4/23/2026,2026,4,April,23,5,Thursday,17:57:00,17,26015032,A,"Injury of any type (Serious, Minor, Possible)",B,Suspected Minor Injury (B),2,0,0,4,Local,0.32,237,FRANK ST,FRANK ST,WEST ST,,,,,41.296156,-72.93948,14,Motor Vehicle in Operation,3,Angle,1,On Roadway,1,Clear,88,Not Applicable,1,Daylight,1,Dry,99,Unknown,88,Not Applicable,88,Not Applicable,0,None,88,Not Applicable,88,Not Applicable,2,Intersection,2,Four-Way Intersection,1,No,1,No,88,Not Applicable,88,Not Applicable,88,Not Applicable,88,Not Applicable,FALSE,1,Public Road,1,"Trafficway, On Road",CT0009300,New Haven PD,46617,40:38.0,C,Closed,00:28.0,,,,,,,
1388537,1,Complete,1388537,1388537,41.310458,-72.944977,3867789,New Haven,93,93,New Haven,4/28/2026,2026,4,April,28,3,Tuesday,10:32:00,10,26015590,A,"Injury of any type (Serious, Minor, Possible)",C,Possible Injury (C),2,0,0,4,Local,0.33,556,SHERMAN AV,SHERMAN AV,,GEORGE ST,205,Feet,N,41.310458,-72.944977,14,Motor Vehicle in Operation,3,Angle,1,On Roadway,1,Clear,88,Not Applicable,1,Daylight,1,Dry,0,None,88,Not Applicable,88,Not Applicable,0,None,88,Not Applicable,88,Not Applicable,9,Driveway Access-Related,1,Not at Intersection,1,No,1,No,88,Not Applicable,88,Not Applicable,88,Not Applicable,88,Not Applicable,TRUE,1,Public Road,1,"Trafficway, On Road",CT0009300,New Haven PD,349,28:52.0,C,Closed,00:13.0,,,,,,,
1388541,1,Complete,1388541,1388541,41.329584,-72.969594,3867793,New Haven,93,93,New Haven,4/28/2026,2026,4,April,28,3,Tuesday,15:38:00,15,26015635,A,"Injury of any type (Serious, Minor, Possible)",C,Possible Injury (C),2,0,0,3,State,0.77,63,63-N,63-N,,DAYTON ST,260,Feet,W,41.329584,-72.969594,14,Motor Vehicle in Operation,3,Angle,1,On Roadway,1,Clear,88,Not Applicable,1,Daylight,1,Dry,0,None,88,Not Applicable,88,Not Applicable,0,None,88,Not Applicable,88,Not Applicable,9,Driveway Access-Related,1,Not at Intersection,1,No,1,No,88,Not Applicable,88,Not Applicable,88,Not Applicable,88,Not Applicable,FALSE,1,Public Road,1,"Trafficway, On Road",CT0009300,New Haven PD,48656,30:54.0,C,Closed,00:25.0,26015635,,,,,,
1388837,1,Complete,1388837,1388837,41.295353,-72.895435,3868089,New Haven,93,93,New Haven,4/28/2026,2026,4,April,28,3,Tuesday,20:51:00,20,26015684,A,"Injury of any type (Serious, Minor, Possible)",C,Possible Injury (C),2,0,0,4,Local,0.29,242,FULTON ST,FULTON ST,,GOODWIN ST,175,Feet,S,41.295353,-72.895435,15,Parked Motor Vehicle,4,"Sideswipe, same direction",1,On Roadway,1,Clear,88,Not Applicable,4,Dark-Lighted,1,Dry,0,None,88,Not Applicable,88,Not Applicable,0,None,88,Not Applicable,88,Not Applicable,1,Non-Junction,1,Not at Intersection,1,No,1,No,88,Not Applicable,88,Not Applicable,88,Not Applicable,88,Not Applicable,FALSE,1,Public Road,1,"Trafficway, On Road",CT0009300,New Haven PD,46622,36:02.0,C,Closed,01:14.0,,,,,,,
1388840,1,Complete,1388840,1388840,41.324081,-72.881721,3868092,New Haven,93,93,New Haven,4/29/2026,2026,4,April,29,4,Wednesday,12:02:00,12,26015751,A,"Injury of any type (Serious, Minor, Possible)",C,Possible Injury (C),2,0,0,3,State,0.23,17,17-N,17-N,,Middletown Ave/Foxon Blvd,25,Feet,N,41.324081,-72.881721,14,Motor Vehicle in Operation,1,Front to rear,1,On Roadway,1,Clear,88,Not Applicable,1,Daylight,1,Dry,0,None,88,Not Applicable,88,Not Applicable,0,None,88,Not Applicable,88,Not Applicable,3,Intersection-Related,2,Four-Way Intersection,1,No,1,No,88,Not Applicable,88,Not Applicable,88,Not Applicable,88,Not Applicable,FALSE,1,Public Road,1,"Trafficway, On Road",CT0009300,New Haven PD,48653,13:35.0,C,Closed,01:22.0,,,,,,,
1388846,1,Complete,1388846,1388846,41.31926,-72.933928,3868098,New Haven,93,93,New Haven,4/29/2026,2026,4,April,29,4,Wednesday,17:57:00,17,26015815,A,"Injury of any type (Serious, Minor, Possible)",A,Suspected Serious Injury (A),2,0,1,4,Local,0.43,152,DIXWELL AV,DIXWELL AV,,CHARLES ST,40,Feet,S,41.31926,-72.933928,14,Motor Vehicle in Operation,3,Angle,1,On Roadway,1,Clear,88,Not Applicable,1,Daylight,1,Dry,0,None,88,Not Applicable,88,Not Applicable,0,None,88,Not Applicable,88,Not Applicable,9,Driveway Access-Related,1,Not at Intersection,1,No,1,No,88,Not Applicable,88,Not Applicable,88,Not Applicable,88,Not Applicable,TRUE,1,Public Road,1,"Trafficway, On Road",CT0009300,New Haven PD,48655,47:02.0,C,Closed,01:35.0,,,,,,,
1389118,1,Complete,1389118,1389118,41.308958,-72.8954,3868370,New Haven,93,93,New Haven,4/29/2026,2026,4,April,29,4,Wednesday,22:20:00,22,26015753,A,"Injury of any type (Serious, Minor, Possible)",C,Possible Injury (C),2,0,0,4,Local,0.75,213,FERRY ST,FERRY ST,GRAND AVE,,,,,41.308958,-72.8954,14,Motor Vehicle in Operation,4,"Sideswipe, same direction",1,On Roadway,1,Clear,88,Not Applicable,4,Dark-Lighted,1,Dry,0,None,88,Not Applicable,88,Not Applicable,0,None,88,Not Applicable,88,Not Applicable,2,Intersection,2,Four-Way Intersection,1,No,1,No,88,Not Applicable,88,Not Applicable,88,Not Applicable,88,Not Applicable,FALSE,1,Public Road,1,"Trafficway, On Road",CT0009300,New Haven PD,48662,54:01.0,C,Closed,00:45.0,,,,,,,
1389119,1,Complete,1389119,1389119,41.286421,-72.936165,3868371,New Haven,93,93,New Haven,4/29/2026,2026,4,April,29,4,Wednesday,16:45:00,16,26015790,A,"Injury of any type (Serious, Minor, Possible)",C,Possible Injury (C),2,0,0,3,State,0.47,10,10-N,10-N,KIMBERLY AVE,,,,,41.286421,-72.936165,14,Motor Vehicle in Operation,1,Front to rear,1,On Roadway,1,Clear,88,Not Applicable,1,Daylight,1,Dry,0,None,88,Not Applicable,88,Not Applicable,0,None,88,Not Applicable,88,Not Applicable,2,Intersection,2,Four-Way Intersection,1,No,1,No,88,Not Applicable,88,Not Applicable,88,Not Applicable,88,Not Applicable,TRUE,1,Public Road,1,"Trafficway, On Road",CT0009300,New Haven PD,48509,50:27.0,C,Closed,00:20.0,,,,,,,
1389120,1,Complete,1389120,1389120,41.307029,-72.94238,3868372,New Haven,93,93,New Haven,4/29/2026,2026,4,April,29,4,Wednesday,16:43:00,16,26015792,A,"Injury of any type (Serious, Minor, Possible)",B,Suspected Minor Injury (B),1,1,1,4,Local,0.4,453,ORCHARD ST,ORCHARD ST,REV DR MARTIN LUTHER KING JR BLVD,,,,,41.307029,-72.94238,10,Pedalcycle/Pedalcyclist,3,Angle,1,On Roadway,1,Clear,88,Not Applicable,1,Daylight,1,Dry,0,None,88,Not Applicable,88,Not Applicable,0,None,88,Not Applicable,88,Not Applicable,2,Intersection,2,Four-Way Intersection,1,No,1,No,88,Not Applicable,88,Not Applicable,88,Not Applicable,88,Not Applicable,FALSE,1,Public Road,1,"Trafficway, On Road",CT0009300,New Haven PD,48662,32:28.0,C,Closed,00:47.0,,,,,,,
1389123,1,Complete,1389123,1389123,41.326825,-72.964898,3868375,New Haven,93,93,New Haven,4/30/2026,2026,4,April,30,5,Thursday,8:44:00,8,26015874,A,"Injury of any type (Serious, Minor, Possible)",C,Possible Injury (C),2,0,0,3,State,6.39,243,243-E,243-E,BARNETT ST,,,,,41.326825,-72.964898,14,Motor Vehicle in Operation,4,"Sideswipe, same direction",1,On Roadway,2,Cloudy,88,Not Applicable,1,Daylight,1,Dry,0,None,88,Not Applicable,88,Not Applicable,0,None,88,Not Applicable,88,Not Applicable,2,Intersection,3,T-Intersection,1,No,1,No,88,Not Applicable,88,Not Applicable,88,Not Applicable,88,Not Applicable,FALSE,1,Public Road,1,"Trafficway, On Road",CT0009300,New Haven PD,45700,23:48.0,C,Closed,00:27.0,,,,,,,
1389124,1,Complete,1389124,1389124,41.314406,-72.895099,3868376,New Haven,93,93,New Haven,4/30/2026,2026,4,April,30,5,Thursday,9:07:00,9,26015879,A,"Injury of any type (Serious, Minor, Possible)",C,Possible Injury (C),2,0,0,4,Local,0.42,99,CHATHAM ST,CHATHAM ST,ROWE ST,,,,,41.314406,-72.895099,14,Motor Vehicle in Operation,3,Angle,1,On Roadway,4,Rain,88,Not Applicable,1,Daylight,2,Wet,0,None,88,Not Applicable,88,Not Applicable,0,None,88,Not Applicable,88,Not Applicable,2,Intersection,2,Four-Way Intersection,1,No,1,No,88,Not Applicable,88,Not Applicable,88,Not Applicable,88,Not Applicable,TRUE,1,Public Road,1,"Trafficway, On Road",CT0009300,New Haven PD,48655,03:00.0,C,Closed,00:23.0,,,,,,,
1389138,1,Complete,1389138,1389138,41.336621,-72.976654,3868390,New Haven,93,93,New Haven,4/30/2026,2026,4,April,30,5,Thursday,23:16:00,23,26016010,A,"Injury of any type (Serious, Minor, Possible)",B,Suspected Minor Injury (B),1,1,2,3,State,0.15,69,69-N,69-N,,POND LILY AVENUE,800,Feet,S,41.336621,-72.976654,9,Pedestrian,88,Not Applicable,1,On Roadway,1,Clear,88,Not Applicable,4,Dark-Lighted,1,Dry,99,Unknown,88,Not Applicable,88,Not Applicable,0,None,88,Not Applicable,88,Not Applicable,1,Non-Junction,1,Not at Intersection,1,No,1,No,88,Not Applicable,88,Not Applicable,88,Not Applicable,88,Not Applicable,TRUE,1,Public Road,1,"Trafficway, On Road",CT0009300,New Haven PD,47001,15:11.0,C,Closed,00:48.0,,,,,,,
1389554,1,Complete,1389554,1389554,41.32019,-72.907008,3868806,New Haven,93,93,New Haven,5/1/2026,2026,5,May,1,6,Friday,14:10:00,14,26016066,A,"Injury of any type (Serious, Minor, Possible)",C,Possible Injury (C),2,0,0,4,Local,0.35,666,WILLOW ST,WILLOW ST,,NASH ST,55,Feet,E,41.32019,-72.907008,14,Motor Vehicle in Operation,1,Front to rear,1,On Roadway,1,Clear,88,Not Applicable,1,Daylight,1,Dry,0,None,88,Not Applicable,88,Not Applicable,0,None,88,Not Applicable,88,Not Applicable,1,Non-Junction,1,Not at Intersection,1,No,1,No,88,Not Applicable,88,Not Applicable,88,Not Applicable,88,Not Applicable,FALSE,1,Public Road,1,"Trafficway, On Road",CT0009300,New Haven PD,48653,36:51.0,C,Closed,01:52.0,,,,,,,
1389558,1,Complete,1389558,1389558,41.307059,-72.938915,3868810,New Haven,93,93,New Haven,5/1/2026,2026,5,May,1,6,Friday,18:26:00,18,26016087,A,"Injury of any type (Serious, Minor, Possible)",B,Suspected Minor Injury (B),2,0,0,4,Local,0.74,809,REV DR MLK JR BLVD,REV DR MLK JR BLVD,DWIGHT ST,,,,,41.307059,-72.938915,14,Motor Vehicle in Operation,1,Front to rear,1,On Roadway,1,Clear,88,Not Applicable,1,Daylight,1,Dry,0,None,88,Not Applicable,88,Not Applicable,0,None,88,Not Applicable,88,Not Applicable,2,Intersection,2,Four-Way Intersection,1,No,1,No,88,Not Applicable,88,Not Applicable,88,Not Applicable,88,Not Applicable,FALSE,1,Public Road,1,"Trafficway, On Road",CT0009300,New Haven PD,48660,53:29.0,C,Closed,02:03.0,,,,,,,
1389562,1,Complete,1389562,1389562,41.307031,-72.900728,3868814,New Haven,93,93,New Haven,5/1/2026,2026,5,May,1,6,Friday,21:06:00,21,26016105,A,"Injury of any type (Serious, Minor, Possible)",C,Possible Injury (C),2,0,0,4,Local,0.23,377,LLOYD ST,LLOYD ST,EXCHANGE ST,,,,,41.307031,-72.900728,14,Motor Vehicle in Operation,3,Angle,1,On Roadway,1,Clear,88,Not Applicable,4,Dark-Lighted,1,Dry,0,None,88,Not Applicable,88,Not Applicable,0,None,88,Not Applicable,88,Not Applicable,2,Intersection,2,Four-Way Intersection,1,No,1,No,88,Not Applicable,88,Not Applicable,88,Not Applicable,88,Not Applicable,TRUE,1,Public Road,1,"Trafficway, On Road",CT0009300,New Haven PD,40788,54:24.0,O,Open,02:10.0,,,,,,,
1389567,1,Complete,1389567,1389567,41.3189462,-72.94913222,3868819,New Haven,93,93,New Haven,5/2/2026,2026,5,May,2,7,Saturday,13:49:00,13,26016187,A,"Injury of any type (Serious, Minor, Possible)",B,Suspected Minor Injury (B),1,1,0,4,Local,0,653,WHALLEY AV,WHALLEY AV,ELLA T GRASSO BLVD,,,,,41.3189462,-72.94913222,9,Pedestrian,88,Not Applicable,1,On Roadway,1,Clear,88,Not Applicable,1,Daylight,1,Dry,0,None,88,Not Applicable,88,Not Applicable,0,None,88,Not Applicable,88,Not Applicable,2,Intersection,2,Four-Way Intersection,1,No,1,No,88,Not Applicable,88,Not Applicable,88,Not Applicable,88,Not Applicable,TRUE,1,Public Road,1,"Trafficway, On Road",CT0009300,New Haven PD,44947,17:45.0,C,Closed,02:07.0,,,,,,,
1389571,1,Complete,1389571,1389571,41.322681,-72.870896,3868823,New Haven,93,93,New Haven,5/2/2026,2026,5,May,2,7,Saturday,17:00:00,17,26016196,A,"Injury of any type (Serious, Minor, Possible)",C,Possible Injury (C),3,0,0,,,,,,St. Anthony St (Private) ,,EASTERN ST,285,Feet,E,41.322681,-72.870896,14,Motor Vehicle in Operation,2,Front to front,2,Shoulder,1,Clear,88,Not Applicable,1,Daylight,1,Dry,97,Other,88,Not Applicable,88,Not Applicable,97,Other,88,Not Applicable,88,Not Applicable,97,Other,1,Not at Intersection,1,No,1,No,88,Not Applicable,88,Not Applicable,88,Not Applicable,88,Not Applicable,FALSE,2,Private Road,1,"Trafficway, On Road",CT0009300,New Haven PD,48510,21:49.0,C,Closed,02:12.0,,,,,,,
1389573,1,Complete,1389573,1389573,41.30655057,-72.93131413,3868825,New Haven,93,93,New Haven,5/2/2026,2026,5,May,2,7,Saturday,19:04:00,19,26016210,A,"Injury of any type (Serious, Minor, Possible)",C,Possible Injury (C),2,0,0,4,Local,0.06,291,HIGH ST,HIGH ST,,CROWN ST,10,Feet,S,41.30655057,-72.93131413,14,Motor Vehicle in Operation,1,Front to rear,1,On Roadway,1,Clear,88,Not Applicable,1,Daylight,1,Dry,99,Unknown,88,Not Applicable,88,Not Applicable,99,Unknown,88,Not Applicable,88,Not Applicable,1,Non-Junction,1,Not at Intersection,1,No,1,No,88,Not Applicable,88,Not Applicable,88,Not Applicable,88,Not Applicable,FALSE,1,Public Road,1,"Trafficway, On Road",CT0009300,New Haven PD,46901,53:53.0,C,Closed,02:13.0,,,,,,,
1389575,1,Complete,1389575,1389575,41.310726,-72.930041,3868827,New Haven,93,93,New Haven,5/3/2026,2026,5,May,3,1,Sunday,1:28:00,1,26016251,A,"Injury of any type (Serious, Minor, Possible)",B,Suspected Minor Injury (B),2,0,0,4,Local,0.63,766,YORK ST,YORK ST,ELM STREET NO 2,,,,,41.310726,-72.930041,14,Motor Vehicle in Operation,3,Angle,1,On Roadway,1,Clear,88,Not Applicable,4,Dark-Lighted,1,Dry,0,None,88,Not Applicable,88,Not Applicable,0,None,88,Not Applicable,88,Not Applicable,2,Intersection,2,Four-Way Intersection,1,No,1,No,88,Not Applicable,88,Not Applicable,88,Not Applicable,88,Not Applicable,FALSE,1,Public Road,1,"Trafficway, On Road",CT0009300,New Haven PD,46899,08:42.0,C,Closed,02:14.0,,,,,,,
1389580,1,Complete,1389580,1389580,41.296692,-72.893929,3868832,New Haven,93,93,New Haven,5/3/2026,2026,5,May,3,1,Sunday,15:48:00,15,26016305,A,"Injury of any type (Serious, Minor, Possible)",C,Possible Injury (C),2,0,0,4,Local,0.15,242,FULTON ST,FULTON ST,FAIRMONT AV,,,,,41.296692,-72.893929,14,Motor Vehicle in Operation,3,Angle,1,On Roadway,1,Clear,88,Not Applicable,1,Daylight,1,Dry,0,None,88,Not Applicable,88,Not Applicable,0,None,88,Not Applicable,88,Not Applicable,2,Intersection,2,Four-Way Intersection,1,No,1,No,88,Not Applicable,88,Not Applicable,88,Not Applicable,88,Not Applicable,FALSE,1,Public Road,1,"Trafficway, On Road",CT0009300,New Haven PD,45388,49:42.0,C,Closed,02:30.0,,,,,,,
1390151,1,Complete,1390151,1390151,41.318858,-72.897744,3869403,New Haven,93,93,New Haven,5/1/2026,2026,5,May,1,6,Friday,11:24:00,11,26016135,A,"Injury of any type (Serious, Minor, Possible)",C,Possible Injury (C),2,0,0,4,Local,0.05,213,FERRY ST,FERRY ST,Middletown Avenue,,,,,41.318858,-72.897744,14,Motor Vehicle in Operation,3,Angle,1,On Roadway,1,Clear,88,Not Applicable,1,Daylight,1,Dry,99,Unknown,88,Not Applicable,88,Not Applicable,99,Unknown,88,Not Applicable,88,Not Applicable,2,Intersection,3,T-Intersection,1,No,1,No,88,Not Applicable,88,Not Applicable,88,Not Applicable,88,Not Applicable,TRUE,1,Public Road,1,"Trafficway, On Road",CT0009300,New Haven PD,47739,29:31.0,C,Closed,01:47.0,,,,,,,
1390152,1,Complete,1390152,1390152,41.29471,-72.89971,3869404,New Haven,93,93,New Haven,5/3/2026,2026,5,May,3,1,Sunday,0:21:00,0,26016245,A,"Injury of any type (Serious, Minor, Possible)",C,Possible Injury (C),2,0,1,2,USRoute,49.69,1,1-N,1-N,WHEELER ST,,,,,41.29471,-72.89971,14,Motor Vehicle in Operation,3,Angle,1,On Roadway,1,Clear,88,Not Applicable,4,Dark-Lighted,1,Dry,0,None,88,Not Applicable,88,Not Applicable,0,None,88,Not Applicable,88,Not Applicable,2,Intersection,2,Four-Way Intersection,1,No,1,No,88,Not Applicable,88,Not Applicable,88,Not Applicable,88,Not Applicable,FALSE,1,Public Road,1,"Trafficway, On Road",CT0009300,New Haven PD,47739,39:24.0,C,Closed,01:42.0,,,,,,,
1390153,1,Complete,1390153,1390153,41.301921,-72.933523,3869405,New Haven,93,93,New Haven,5/3/2026,2026,5,May,3,1,Sunday,1:42:00,1,26016290,A,"Injury of any type (Serious, Minor, Possible)",C,Possible Injury (C),2,0,0,4,Local,0.79,123,CONGRESS AV,CONGRESS AV,HOWARD AVE,,,,,41.301921,-72.933523,14,Motor Vehicle in Operation,3,Angle,1,On Roadway,1,Clear,88,Not Applicable,4,Dark-Lighted,1,Dry,0,None,88,Not Applicable,88,Not Applicable,0,None,88,Not Applicable,88,Not Applicable,2,Intersection,2,Four-Way Intersection,1,No,1,No,88,Not Applicable,88,Not Applicable,88,Not Applicable,88,Not Applicable,TRUE,1,Public Road,1,"Trafficway, On Road",CT0009300,New Haven PD,301,55:39.0,C,Closed,01:49.0,,,,,,,
1390154,1,Complete,1390154,1390154,41.306156,-72.899787,3869406,New Haven,93,93,New Haven,5/3/2026,2026,5,May,3,1,Sunday,22:35:00,22,26016341,A,"Injury of any type (Serious, Minor, Possible)",C,Possible Injury (C),2,0,0,4,Local,0.23,673,WOLCOTT ST,WOLCOTT ST,,BLATCHLEY AVE,164,Feet,W,41.306156,-72.899787,15,Parked Motor Vehicle,3,Angle,1,On Roadway,1,Clear,88,Not Applicable,4,Dark-Lighted,1,Dry,0,None,88,Not Applicable,88,Not Applicable,0,None,88,Not Applicable,88,Not Applicable,1,Non-Junction,1,Not at Intersection,1,No,1,No,88,Not Applicable,88,Not Applicable,88,Not Applicable,88,Not Applicable,FALSE,1,Public Road,1,"Trafficway, On Road",CT0009300,New Haven PD,45626,18:57.0,C,Closed,01:43.0,,,,,,,
1390158,1,Complete,1390158,1390158,41.311279,-72.873706,3869410,New Haven,93,93,New Haven,5/4/2026,2026,5,May,4,2,Monday,8:45:00,8,26016387,A,"Injury of any type (Serious, Minor, Possible)",C,Possible Injury (C),2,0,1,4,Local,0.31,167,EASTERN ST,EASTERN ST,,BOUCHET LANE,50,Feet,N,41.311279,-72.873706,14,Motor Vehicle in Operation,3,Angle,1,On Roadway,1,Clear,88,Not Applicable,1,Daylight,1,Dry,0,None,88,Not Applicable,88,Not Applicable,0,None,88,Not Applicable,88,Not Applicable,1,Non-Junction,1,Not at Intersection,1,No,1,No,88,Not Applicable,88,Not Applicable,88,Not Applicable,88,Not Applicable,FALSE,1,Public Road,1,"Trafficway, On Road",CT0009300,New Haven PD,48044,44:25.0,C,Closed,01:54.0,,,,,,,
1390163,1,Complete,1390163,1390163,41.304835,-72.936557,3869415,New Haven,93,93,New Haven,5/4/2026,2026,5,May,4,2,Monday,14:30:00,14,26016466,A,"Injury of any type (Serious, Minor, Possible)",C,Possible Injury (C),2,0,0,4,Local,0.53,463,PARK ST,PARK ST,,SOUTH ST,30,Feet,N,41.304835,-72.936557,14,Motor Vehicle in Operation,4,"Sideswipe, same direction",1,On Roadway,1,Clear,88,Not Applicable,1,Daylight,1,Dry,0,None,88,Not Applicable,88,Not Applicable,0,None,88,Not Applicable,88,Not Applicable,9,Driveway Access-Related,1,Not at Intersection,1,No,1,No,88,Not Applicable,88,Not Applicable,88,Not Applicable,88,Not Applicable,FALSE,1,Public Road,1,"Trafficway, On Road",CT0009300,New Haven PD,33016,51:03.0,C,Closed,01:55.0,,,,,,,
1390430,1,Complete,1390430,1390430,41.328515,-72.921942,3869682,New Haven,93,93,New Haven,4/30/2026,2026,4,April,30,5,Thursday,12:38:00,12,26015915,A,"Injury of any type (Serious, Minor, Possible)",C,Possible Injury (C),2,0,0,4,Local,0.24,292,HIGHLAND ST,HIGHLAND ST,PROSPECT ST,,,,,41.328515,-72.921942,14,Motor Vehicle in Operation,3,Angle,1,On Roadway,1,Clear,88,Not Applicable,1,Daylight,1,Dry,0,None,88,Not Applicable,88,Not Applicable,0,None,88,Not Applicable,88,Not Applicable,2,Intersection,2,Four-Way Intersection,1,No,1,No,88,Not Applicable,88,Not Applicable,88,Not Applicable,88,Not Applicable,FALSE,1,Public Road,1,"Trafficway, On Road",CT0009300,New Haven PD,432,50:01.0,C,Closed,00:36.0,,,,,,,
1390431,1,Complete,1390431,1390431,41.322506,-72.878493,3869683,New Haven,93,93,New Haven,5/4/2026,2026,5,May,4,2,Monday,16:51:00,16,26016476,A,"Injury of any type (Serious, Minor, Possible)",C,Possible Injury (C),2,0,0,3,State,0.18,80,80-E,80-E,,Exit 8 off ramp (91-N-16) ,725,Feet,E,41.322506,-72.878493,14,Motor Vehicle in Operation,3,Angle,1,On Roadway,1,Clear,88,Not Applicable,1,Daylight,1,Dry,0,None,88,Not Applicable,88,Not Applicable,0,None,88,Not Applicable,88,Not Applicable,9,Driveway Access-Related,1,Not at Intersection,1,No,1,No,88,Not Applicable,88,Not Applicable,88,Not Applicable,88,Not Applicable,FALSE,1,Public Road,1,"Trafficway, On Road",CT0009300,New Haven PD,503,45:40.0,C,Closed,00:40.0,,,,,,,
1390437,1,Complete,1390437,1390437,41.315508,-72.939215,3869689,New Haven,93,93,New Haven,5/5/2026,2026,5,May,5,3,Tuesday,13:54:00,13,26016615,A,"Injury of any type (Serious, Minor, Possible)",C,Possible Injury (C),2,0,0,4,Local,0.56,653,WHALLEY AV,WHALLEY AV,ORCHARD ST,,,,,41.315508,-72.939215,14,Motor Vehicle in Operation,3,Angle,1,On Roadway,1,Clear,88,Not Applicable,1,Daylight,1,Dry,0,None,88,Not Applicable,88,Not Applicable,0,None,88,Not Applicable,88,Not Applicable,2,Intersection,2,Four-Way Intersection,1,No,1,No,88,Not Applicable,88,Not Applicable,88,Not Applicable,88,Not Applicable,FALSE,1,Public Road,1,"Trafficway, On Road",CT0009300,New Haven PD,45700,54:06.0,C,Closed,00:44.0,,,,,,,
1390440,1,Complete,1390440,1390440,41.2909,-72.941476,3869692,New Haven,93,93,New Haven,5/5/2026,2026,5,May,5,3,Tuesday,15:26:00,15,26016634,A,"Injury of any type (Serious, Minor, Possible)",C,Possible Injury (C),2,0,0,3,State,0.88,10,10-N,10-N,WASHINGTON AV NO 1,,,,,41.2909,-72.941476,14,Motor Vehicle in Operation,3,Angle,1,On Roadway,1,Clear,88,Not Applicable,1,Daylight,1,Dry,0,None,88,Not Applicable,88,Not Applicable,0,None,88,Not Applicable,88,Not Applicable,1,Non-Junction,1,Not at Intersection,1,No,1,No,88,Not Applicable,88,Not Applicable,88,Not Applicable,88,Not Applicable,FALSE,1,Public Road,1,"Trafficway, On Road",CT0009300,New Haven PD,49452,33:25.0,C,Closed,00:44.0,,,,,,,
1390812,1,Complete,1390812,1390812,41.306545,-72.952996,3870064,New Haven,93,93,New Haven,5/5/2026,2026,5,May,5,3,Tuesday,20:55:00,20,26016695,A,"Injury of any type (Serious, Minor, Possible)",C,Possible Injury (C),1,0,1,3,State,2.13,10,10-N,10-N,REV DR MARTIN LUTHER KING JR BLVD,,,,,41.306545,-72.952996,27,Embankment,88,Not Applicable,4,Roadside,1,Clear,88,Not Applicable,5,Dark-Not Lighted,1,Dry,0,None,88,Not Applicable,88,Not Applicable,0,None,88,Not Applicable,88,Not Applicable,2,Intersection,3,T-Intersection,1,No,1,No,88,Not Applicable,88,Not Applicable,88,Not Applicable,88,Not Applicable,FALSE,1,Public Road,1,"Trafficway, On Road",CT0009300,New Haven PD,45394,15:03.0,O,Open,01:21.0,,,,,,,
1390815,1,Complete,1390815,1390815,41.331566,-72.949763,3870067,New Haven,93,93,New Haven,5/6/2026,2026,5,May,6,4,Wednesday,7:25:00,7,26016728,A,"Injury of any type (Serious, Minor, Possible)",C,Possible Injury (C),1,1,0,3,State,4.22,10,10-S,10-S,CRESCENT ST,,,,,41.331566,-72.949763,10,Pedalcycle/Pedalcyclist,3,Angle,1,On Roadway,1,Clear,88,Not Applicable,1,Daylight,1,Dry,0,None,88,Not Applicable,88,Not Applicable,0,None,88,Not Applicable,88,Not Applicable,2,Intersection,3,T-Intersection,1,No,1,No,88,Not Applicable,88,Not Applicable,88,Not Applicable,88,Not Applicable,TRUE,1,Public Road,1,"Trafficway, On Road",CT0009300,New Haven PD,44949,41:29.0,C,Closed,01:24.0,,,,,,,