CrashId,Fatal Case Status,Fatal Case Status Text Format,CrashId,CrashId,Latitude,Longitude,DOT Case Number,Town Name,Town Number,Town Number,Town Number Text Format,Date Of Crash,Year,Month,Month Text Format,Day,Day of the Week,Day of the Week Text Format,Time of Crash,Hour of the Day,Case Identifier,Crash Severity,Crash Severity Text Format,Most Severe Injury,Most Severe Injury Text Format,Number Of Motor Vehicles,Number Of Non-Motorist,Number Of Witnesses,Route Class,Route Class Text Format,Milemarker,Road Number,Road Description,Roadway Name,Intersecting Roadway Name,Landmark Description,Distance From Nearest Landmark,Unit Of Measure From Nearest Landmark,Direction From Nearest Landmark,Latitude,Longitude,First Harmful Event,First Harmful Event Text Format,Manner of Crash / Collision Impact,Manner of Crash / Collision Impact Text Format,Location of First Harmful Event,Location of First Harmful Event Text Format,Weather Condition,Weather Condition Text Format,Weather 2,Weather 2 Text Format,Light Condition,Light Condition Text Format,Road Surface Condition,Road Surface Condition Text Format,"Contributing Circumstances, Environment","Contributing Circumstances, Environment Text Format",Environment 2,Environment 2 Text Format,Environment 3,Environment 3 Text Format,"Contributing Circumstances, Road","Contributing Circumstances, Road Text Format",Road 2,Road 2 Text Format,Road 3,Road 3 Text Format,Crash Specific Location,Crash Specific Location Text Format,Type of Intersection,Type of Intersection Text Format,School Bus Related,School Bus Related Text Format,Work Zone Related,Work Zone Related Text Format,Location Of Crash Relative To Work Zone,Location Of Crash Relative To Work Zone Text Format,Type of Work Zone,Type of Work Zone Text Format,Worker Presence,Worker Presence Text Format,Law Enforcement Presence,Law Enforcement Presence Text Format,Were Vehicles Moved Prior To Police Arrival,Trafficway Ownership,Trafficway Ownership Text Format,Trafficway Class,Trafficway Class Text Format,Police Agency,Police Agency Text Format,Badge Number,Approval Date,Police Case Status,Police Case Status Text Format,Crash Report Submission Date,Related Case Identifiers,No. of Through Lanes (Log Dir.),Average Daily Traffic,Functional Classification,Functional Classification Text Format,Rural or Urban,Rural or Urban Text Format
1393759,1,Complete,1393759,1393759,41.291966,-72.940498,3873011,New Haven,93,93,New Haven,4/30/2026,2026,4,April,30,5,Thursday,12:30:00,12,26015918,A,"Injury of any type (Serious, Minor, Possible)",C,Possible Injury (C),2,0,0,4,Local,0.23,626,WASHINGTON AV NO 1,WASHINGTON AV NO 1,,Barclay St,15,Feet,N,41.291966,-72.940498,14,Motor Vehicle in Operation,3,Angle,1,On Roadway,1,Clear,88,Not Applicable,1,Daylight,1,Dry,0,None,88,Not Applicable,88,Not Applicable,0,None,88,Not Applicable,88,Not Applicable,9,Driveway Access-Related,1,Not at Intersection,1,No,1,No,88,Not Applicable,88,Not Applicable,88,Not Applicable,88,Not Applicable,FALSE,1,Public Road,1,"Trafficway, On Road",CT0009300,New Haven PD,45398,29:52.0,C,Closed,02:21.0,,,,,,,
1393760,1,Complete,1393760,1393760,41.305028,-72.930421,3873012,New Haven,93,93,New Haven,5/7/2026,2026,5,May,7,5,Thursday,16:51:00,16,26016946,A,"Injury of any type (Serious, Minor, Possible)",B,Suspected Minor Injury (B),1,1,1,4,Local,0.52,117,COLLEGE ST,COLLEGE ST,GEORGE ST,,,,,41.305028,-72.930421,11,Other Non-motorist,88,Not Applicable,1,On Roadway,1,Clear,88,Not Applicable,1,Daylight,1,Dry,0,None,88,Not Applicable,88,Not Applicable,0,None,88,Not Applicable,88,Not Applicable,2,Intersection,2,Four-Way Intersection,1,No,1,No,88,Not Applicable,88,Not Applicable,88,Not Applicable,88,Not Applicable,FALSE,1,Public Road,1,"Trafficway, On Road",CT0009300,New Haven PD,47737,29:50.0,C,Closed,01:31.0,,,,,,,
1393783,1,Complete,1393783,1393783,41.32839,-72.95776,3873035,New Haven,93,93,New Haven,5/15/2026,2026,5,May,15,6,Friday,15:48:00,15,26018057,A,"Injury of any type (Serious, Minor, Possible)",C,Possible Injury (C),2,0,0,4,Local,0.83,56,BLAKE ST,BLAKE ST,,STONE ST,100,Feet,S,41.32839,-72.95776,14,Motor Vehicle in Operation,4,"Sideswipe, same direction",1,On Roadway,1,Clear,88,Not Applicable,1,Daylight,1,Dry,0,None,88,Not Applicable,88,Not Applicable,0,None,88,Not Applicable,88,Not Applicable,2,Intersection,3,T-Intersection,1,No,1,No,88,Not Applicable,88,Not Applicable,88,Not Applicable,88,Not Applicable,TRUE,1,Public Road,1,"Trafficway, On Road",CT0009300,New Haven PD,45403,09:57.0,C,Closed,01:46.0,,,,,,,
1393787,1,Complete,1393787,1393787,41.30553,-72.933558,3873039,New Haven,93,93,New Haven,5/15/2026,2026,5,May,15,6,Friday,16:53:00,16,26018077,A,"Injury of any type (Serious, Minor, Possible)",C,Possible Injury (C),2,0,0,4,Local,0.43,809,REV DR MLK JR BLVD,REV DR MLK JR BLVD,,YORK ST,15,Feet,E,41.30553,-72.933558,14,Motor Vehicle in Operation,3,Angle,1,On Roadway,1,Clear,88,Not Applicable,1,Daylight,1,Dry,0,None,88,Not Applicable,88,Not Applicable,0,None,88,Not Applicable,88,Not Applicable,3,Intersection-Related,2,Four-Way Intersection,1,No,1,No,88,Not Applicable,88,Not Applicable,88,Not Applicable,88,Not Applicable,TRUE,1,Public Road,1,"Trafficway, On Road",CT0009300,New Haven PD,45394,04:06.0,C,Closed,02:05.0,,,,,,,
1393790,1,Complete,1393790,1393790,41.32358,-72.94855,3873042,New Haven,93,93,New Haven,5/15/2026,2026,5,May,15,6,Friday,20:41:00,20,26018106,A,"Injury of any type (Serious, Minor, Possible)",C,Possible Injury (C),2,0,0,4,Local,0.31,690,ELLA T GRASSO BLVD,ELLA T GRASSO BLVD,,GOFFE ST,110,Feet,N,41.32358,-72.94855,33,Utility Pole/Light Support,97,Other,2,Shoulder,1,Clear,88,Not Applicable,4,Dark-Lighted,2,Wet,99,Unknown,88,Not Applicable,88,Not Applicable,0,None,88,Not Applicable,88,Not Applicable,1,Non-Junction,1,Not at Intersection,1,No,1,No,88,Not Applicable,88,Not Applicable,88,Not Applicable,88,Not Applicable,FALSE,1,Public Road,1,"Trafficway, On Road",CT0009300,New Haven PD,44339,46:03.0,C,Closed,01:59.0,,,,,,,
1393791,1,Complete,1393791,1393791,41.30642,-72.93538,3873043,New Haven,93,93,New Haven,5/15/2026,2026,5,May,15,6,Friday,23:48:00,23,26018126,A,"Injury of any type (Serious, Minor, Possible)",C,Possible Injury (C),2,0,0,4,Local,0.39,463,PARK ST,PARK ST,,REV DR MLK JR BLVD,10,Feet,N,41.30642,-72.93538,14,Motor Vehicle in Operation,1,Front to rear,1,On Roadway,1,Clear,88,Not Applicable,4,Dark-Lighted,1,Dry,0,None,88,Not Applicable,88,Not Applicable,0,None,88,Not Applicable,88,Not Applicable,3,Intersection-Related,2,Four-Way Intersection,1,No,1,No,88,Not Applicable,88,Not Applicable,88,Not Applicable,88,Not Applicable,TRUE,1,Public Road,1,"Trafficway, On Road",CT0009300,New Haven PD,48507,24:06.0,C,Closed,02:08.0,,,,,,,
1393795,1,Complete,1393795,1393795,41.32012583,-72.89313742,3873047,New Haven,93,93,New Haven,5/17/2026,2026,5,May,17,1,Sunday,0:14:00,0,26018237,A,"Injury of any type (Serious, Minor, Possible)",C,Possible Injury (C),2,0,0,4,Local,0.49,411,MIDDLETOWN AV,MIDDLETOWN AV,CLINTON AV,,,,,41.32012583,-72.89313742,14,Motor Vehicle in Operation,3,Angle,1,On Roadway,1,Clear,88,Not Applicable,4,Dark-Lighted,1,Dry,0,None,88,Not Applicable,88,Not Applicable,0,None,88,Not Applicable,88,Not Applicable,2,Intersection,2,Four-Way Intersection,1,No,1,No,88,Not Applicable,88,Not Applicable,88,Not Applicable,88,Not Applicable,FALSE,1,Public Road,1,"Trafficway, On Road",CT0009300,New Haven PD,48508,14:18.0,C,Closed,02:09.0,26018237,,,,,,
1393798,1,Complete,1393798,1393798,41.306645,-72.952755,3873050,New Haven,93,93,New Haven,5/17/2026,2026,5,May,17,1,Sunday,7:38:00,7,26018258,A,"Injury of any type (Serious, Minor, Possible)",B,Suspected Minor Injury (B),1,0,1,3,State,2.14,10,10-N,10-N,REV DR MARTIN LUTHER KING JR BLVD,,,,,41.306645,-72.952755,33,Utility Pole/Light Support,88,Not Applicable,1,On Roadway,1,Clear,88,Not Applicable,1,Daylight,1,Dry,0,None,88,Not Applicable,88,Not Applicable,0,None,88,Not Applicable,88,Not Applicable,2,Intersection,3,T-Intersection,1,No,1,No,88,Not Applicable,88,Not Applicable,88,Not Applicable,88,Not Applicable,FALSE,1,Public Road,1,"Trafficway, On Road",CT0009300,New Haven PD,45403,40:31.0,C,Closed,02:12.0,,,,,,,
1393800,1,Complete,1393800,1393800,41.3169234,-72.9333035,3873052,New Haven,93,93,New Haven,5/17/2026,2026,5,May,17,1,Sunday,16:08:00,16,26018308,A,"Injury of any type (Serious, Minor, Possible)",B,Suspected Minor Injury (B),2,0,0,4,Local,0.28,152,DIXWELL AV,DIXWELL AV,WEBSTER ST,,,,,41.3169234,-72.9333035,14,Motor Vehicle in Operation,4,"Sideswipe, same direction",1,On Roadway,1,Clear,88,Not Applicable,1,Daylight,1,Dry,0,None,88,Not Applicable,88,Not Applicable,0,None,88,Not Applicable,88,Not Applicable,2,Intersection,2,Four-Way Intersection,1,No,1,No,88,Not Applicable,88,Not Applicable,88,Not Applicable,88,Not Applicable,TRUE,1,Public Road,1,"Trafficway, On Road",CT0009300,New Haven PD,44947,12:10.0,O,Open,02:21.0,,,,,,,
1393801,1,Complete,1393801,1393801,41.316466,-72.946612,3873053,New Haven,93,93,New Haven,5/17/2026,2026,5,May,17,1,Sunday,17:33:00,17,26018317,A,"Injury of any type (Serious, Minor, Possible)",B,Suspected Minor Injury (B),2,0,0,4,Local,0.42,439,NORTON ST,NORTON ST,ELM ST,,,,,41.316466,-72.946612,14,Motor Vehicle in Operation,3,Angle,1,On Roadway,1,Clear,88,Not Applicable,1,Daylight,1,Dry,0,None,88,Not Applicable,88,Not Applicable,0,None,88,Not Applicable,88,Not Applicable,2,Intersection,2,Four-Way Intersection,1,No,1,No,88,Not Applicable,88,Not Applicable,88,Not Applicable,88,Not Applicable,FALSE,1,Public Road,1,"Trafficway, On Road",CT0009300,New Haven PD,44947,45:07.0,C,Closed,02:19.0,,,,,,,
1394364,1,Complete,1394364,1394364,41.302341,-72.92861,3873616,New Haven,93,93,New Haven,5/18/2026,2026,5,May,18,2,Monday,15:41:00,15,26018453,A,"Injury of any type (Serious, Minor, Possible)",C,Possible Injury (C),2,0,0,4,Local,0.01,103,CHURCH ST,CHURCH ST,,S FRONTAGE RD,20,Feet,N,41.302341,-72.92861,14,Motor Vehicle in Operation,1,Front to rear,1,On Roadway,1,Clear,88,Not Applicable,1,Daylight,1,Dry,0,None,88,Not Applicable,88,Not Applicable,0,None,88,Not Applicable,88,Not Applicable,3,Intersection-Related,2,Four-Way Intersection,1,No,1,No,88,Not Applicable,88,Not Applicable,88,Not Applicable,88,Not Applicable,FALSE,1,Public Road,1,"Trafficway, On Road",CT0009300,New Haven PD,48509,46:34.0,C,Closed,01:55.0,,,,,,,
1394366,1,Complete,1394366,1394366,41.306429,-72.926505,3873618,New Haven,93,93,New Haven,5/18/2026,2026,5,May,18,2,Monday,18:36:00,18,26018490,A,"Injury of any type (Serious, Minor, Possible)",C,Possible Injury (C),2,0,0,4,Local,1.81,97,CHAPEL ST,CHAPEL ST,,TEMPLE ST,100,Feet,E,41.306429,-72.926505,14,Motor Vehicle in Operation,4,"Sideswipe, same direction",1,On Roadway,1,Clear,88,Not Applicable,1,Daylight,1,Dry,0,None,88,Not Applicable,88,Not Applicable,0,None,88,Not Applicable,88,Not Applicable,1,Non-Junction,1,Not at Intersection,1,No,1,No,88,Not Applicable,88,Not Applicable,88,Not Applicable,88,Not Applicable,TRUE,1,Public Road,1,"Trafficway, On Road",CT0009300,New Haven PD,48655,36:57.0,C,Closed,01:53.0,,,,,,,
1394752,1,Complete,1394752,1394752,41.327307,-72.960349,3874004,New Haven,93,93,New Haven,5/17/2026,2026,5,May,17,1,Sunday,21:29:00,21,26018319,A,"Injury of any type (Serious, Minor, Possible)",C,Possible Injury (C),2,0,0,3,State,0.24,63,63-N,63-N,,BLAKE ST,20,Feet,S,41.327307,-72.960349,14,Motor Vehicle in Operation,1,Front to rear,1,On Roadway,1,Clear,88,Not Applicable,1,Daylight,1,Dry,0,None,88,Not Applicable,88,Not Applicable,0,None,88,Not Applicable,88,Not Applicable,3,Intersection-Related,3,T-Intersection,1,No,1,No,88,Not Applicable,88,Not Applicable,88,Not Applicable,88,Not Applicable,TRUE,1,Public Road,1,"Trafficway, On Road",CT0009300,New Haven PD,45403,02:57.0,C,Closed,00:38.0,,,,,,,
1394758,1,Complete,1394758,1394758,41.336717,-72.976654,3874010,New Haven,93,93,New Haven,5/19/2026,2026,5,May,19,3,Tuesday,9:54:00,9,26018580,A,"Injury of any type (Serious, Minor, Possible)",C,Possible Injury (C),2,0,0,3,State,0.15,69,69-N,69-N,,15-N-114 (EXIT 59 // EXIT 46 GOOGLE),454,Feet,S,41.336717,-72.976654,14,Motor Vehicle in Operation,3,Angle,1,On Roadway,1,Clear,88,Not Applicable,1,Daylight,1,Dry,0,None,88,Not Applicable,88,Not Applicable,0,None,88,Not Applicable,88,Not Applicable,9,Driveway Access-Related,1,Not at Intersection,1,No,1,No,88,Not Applicable,88,Not Applicable,88,Not Applicable,88,Not Applicable,FALSE,1,Public Road,1,"Trafficway, On Road",CT0009300,New Haven PD,170,53:32.0,C,Closed,00:44.0,,,,,,,
1394760,1,Complete,1394760,1394760,41.31629978,-72.89733337,3874012,New Haven,93,93,New Haven,5/19/2026,2026,5,May,19,3,Tuesday,16:45:00,16,26018664,A,"Injury of any type (Serious, Minor, Possible)",B,Suspected Minor Injury (B),2,0,0,4,Local,0.23,213,FERRY ST,FERRY ST,,PECK ST,15,Feet,N,41.31629978,-72.89733337,14,Motor Vehicle in Operation,1,Front to rear,1,On Roadway,1,Clear,88,Not Applicable,1,Daylight,1,Dry,0,None,88,Not Applicable,88,Not Applicable,99,Unknown,88,Not Applicable,88,Not Applicable,1,Non-Junction,1,Not at Intersection,1,No,1,No,88,Not Applicable,88,Not Applicable,88,Not Applicable,88,Not Applicable,FALSE,1,Public Road,1,"Trafficway, On Road",CT0009300,New Haven PD,48660,40:29.0,C,Closed,00:50.0,,,,,,,
1395048,1,Complete,1395048,1395048,41.317574,-72.897606,3874300,New Haven,93,93,New Haven,4/25/2026,2026,4,April,25,7,Saturday,22:07:00,22,26015273,A,"Injury of any type (Serious, Minor, Possible)",C,Possible Injury (C),2,0,0,4,Local,0.15,213,FERRY ST,FERRY ST,,Dover St,15,Feet,N,41.317574,-72.897606,14,Motor Vehicle in Operation,2,Front to front,1,On Roadway,4,Rain,88,Not Applicable,4,Dark-Lighted,2,Wet,0,None,88,Not Applicable,88,Not Applicable,0,None,88,Not Applicable,88,Not Applicable,1,Non-Junction,1,Not at Intersection,1,No,1,No,88,Not Applicable,88,Not Applicable,88,Not Applicable,88,Not Applicable,FALSE,1,Public Road,1,"Trafficway, On Road",CT0009300,New Haven PD,44176,03:35.0,C,Closed,01:39.0,,,,,,,
1395053,1,Complete,1395053,1395053,41.310147,-72.953588,3874305,New Haven,93,93,New Haven,5/16/2026,2026,5,May,16,7,Saturday,22:17:00,22,26018114,A,"Injury of any type (Serious, Minor, Possible)",C,Possible Injury (C),2,0,0,4,Local,0.39,147,DERBY AV,DERBY AV,ELLA T GRASSO BLVD,,,,,41.310147,-72.953588,14,Motor Vehicle in Operation,1,Front to rear,1,On Roadway,1,Clear,88,Not Applicable,4,Dark-Lighted,1,Dry,0,None,88,Not Applicable,88,Not Applicable,0,None,88,Not Applicable,88,Not Applicable,2,Intersection,2,Four-Way Intersection,1,No,1,No,88,Not Applicable,88,Not Applicable,88,Not Applicable,88,Not Applicable,FALSE,1,Public Road,1,"Trafficway, On Road",CT0009300,New Haven PD,48656,47:46.0,C,Closed,01:33.0,26018114,,,,,,
1395055,1,Complete,1395055,1395055,41.3171524,-72.8975515,3874307,New Haven,93,93,New Haven,5/17/2026,2026,5,May,17,1,Sunday,14:15:00,14,26018298,A,"Injury of any type (Serious, Minor, Possible)",C,Possible Injury (C),2,0,0,4,Local,0.17,213,FERRY ST,FERRY ST,FOX ST,,,,,41.3171524,-72.8975515,14,Motor Vehicle in Operation,1,Front to rear,1,On Roadway,1,Clear,88,Not Applicable,1,Daylight,1,Dry,0,None,88,Not Applicable,88,Not Applicable,0,None,88,Not Applicable,88,Not Applicable,2,Intersection,3,T-Intersection,1,No,1,No,88,Not Applicable,88,Not Applicable,88,Not Applicable,88,Not Applicable,FALSE,1,Public Road,1,"Trafficway, On Road",CT0009300,New Haven PD,42057,59:12.0,C,Closed,01:25.0,,,,,,,
1395063,1,Complete,1395063,1395063,41.31878,-72.89751,3874315,New Haven,93,93,New Haven,5/19/2026,2026,5,May,19,3,Tuesday,21:25:00,21,26018714,A,"Injury of any type (Serious, Minor, Possible)",B,Suspected Minor Injury (B),2,0,0,4,Local,0.74,411,MIDDLETOWN AV,MIDDLETOWN AV,FERRY ST,,,,,41.31878,-72.89751,14,Motor Vehicle in Operation,1,Front to rear,1,On Roadway,1,Clear,88,Not Applicable,6,Dark-Unknown Lighting,1,Dry,1,Weather Conditions,88,Not Applicable,88,Not Applicable,0,None,88,Not Applicable,88,Not Applicable,2,Intersection,3,T-Intersection,1,No,1,No,88,Not Applicable,88,Not Applicable,88,Not Applicable,88,Not Applicable,TRUE,1,Public Road,1,"Trafficway, On Road",CT0009300,New Haven PD,48660,21:14.0,C,Closed,01:38.0,,,,,,,
1395065,1,Complete,1395065,1395065,41.325525,-72.947553,3874317,New Haven,93,93,New Haven,5/20/2026,2026,5,May,20,4,Wednesday,7:58:00,7,26018735,A,"Injury of any type (Serious, Minor, Possible)",C,Possible Injury (C),2,0,0,4,Local,0.1,254,GLEN RD,GLEN RD,,ELLA T GRASSO BLVD,15,Feet,W,41.325525,-72.947553,14,Motor Vehicle in Operation,1,Front to rear,1,On Roadway,1,Clear,88,Not Applicable,1,Daylight,1,Dry,0,None,88,Not Applicable,88,Not Applicable,0,None,88,Not Applicable,88,Not Applicable,3,Intersection-Related,2,Four-Way Intersection,2,"Yes, School Bus Directly Involved",1,No,88,Not Applicable,88,Not Applicable,88,Not Applicable,88,Not Applicable,FALSE,1,Public Road,1,"Trafficway, On Road",CT0009300,New Haven PD,503,26:54.0,C,Closed,01:20.0,,,,,,,
1395069,1,Complete,1395069,1395069,41.328531,-72.92202,3874321,New Haven,93,93,New Haven,5/20/2026,2026,5,May,20,4,Wednesday,9:38:00,9,26018748,A,"Injury of any type (Serious, Minor, Possible)",C,Possible Injury (C),2,0,0,4,Local,1.18,495,PROSPECT ST,PROSPECT ST,HIGHLAND ST,,,,,41.328531,-72.92202,14,Motor Vehicle in Operation,3,Angle,1,On Roadway,1,Clear,88,Not Applicable,1,Daylight,1,Dry,0,None,88,Not Applicable,88,Not Applicable,0,None,88,Not Applicable,88,Not Applicable,2,Intersection,2,Four-Way Intersection,1,No,1,No,88,Not Applicable,88,Not Applicable,88,Not Applicable,88,Not Applicable,FALSE,1,Public Road,1,"Trafficway, On Road",CT0009300,New Haven PD,87,43:31.0,C,Closed,01:24.0,,,,,,,
1395073,1,Complete,1395073,1395073,41.308993,-72.927386,3874325,New Haven,93,93,New Haven,5/20/2026,2026,5,May,20,4,Wednesday,20:17:00,20,26018819,A,"Injury of any type (Serious, Minor, Possible)",C,Possible Injury (C),2,0,1,4,Local,0.21,117,COLLEGE ST,COLLEGE ST,,ELM ST NO 2,110,Feet,S,41.308993,-72.927386,14,Motor Vehicle in Operation,3,Angle,1,On Roadway,4,Rain,88,Not Applicable,4,Dark-Lighted,2,Wet,0,None,88,Not Applicable,88,Not Applicable,0,None,88,Not Applicable,88,Not Applicable,1,Non-Junction,1,Not at Intersection,1,No,1,No,88,Not Applicable,88,Not Applicable,88,Not Applicable,88,Not Applicable,TRUE,1,Public Road,1,"Trafficway, On Road",CT0009300,New Haven PD,40952,56:41.0,O,Open,01:35.0,26-018819,,,,,,
1395368,1,Complete,1395368,1395368,41.28845,-72.9316,3874620,New Haven,93,93,New Haven,5/16/2026,2026,5,May,16,7,Saturday,9:20:00,9,26018162,A,"Injury of any type (Serious, Minor, Possible)",C,Possible Injury (C),2,0,1,4,Local,1.26,308,HOWARD AV,HOWARD AV,,2nd St,145,Feet,S,41.28845,-72.9316,14,Motor Vehicle in Operation,2,Front to front,1,On Roadway,1,Clear,88,Not Applicable,1,Daylight,1,Dry,0,None,88,Not Applicable,88,Not Applicable,0,None,88,Not Applicable,88,Not Applicable,1,Non-Junction,1,Not at Intersection,1,No,1,No,88,Not Applicable,88,Not Applicable,88,Not Applicable,88,Not Applicable,FALSE,1,Public Road,1,"Trafficway, On Road",CT0009300,New Haven PD,45398,06:48.0,C,Closed,00:20.0,,,,,,,
1395369,1,Complete,1395369,1395369,41.296312,-72.947588,3874621,New Haven,93,93,New Haven,5/17/2026,2026,5,May,17,1,Sunday,2:55:00,2,26018248,A,"Injury of any type (Serious, Minor, Possible)",C,Possible Injury (C),2,0,0,3,State,1.37,10,10-N,10-N,,LONGHINI LN,50,Feet,N,41.296312,-72.947588,14,Motor Vehicle in Operation,4,"Sideswipe, same direction",1,On Roadway,1,Clear,88,Not Applicable,4,Dark-Lighted,1,Dry,0,None,88,Not Applicable,88,Not Applicable,0,None,88,Not Applicable,88,Not Applicable,1,Non-Junction,1,Not at Intersection,1,No,1,No,88,Not Applicable,88,Not Applicable,88,Not Applicable,88,Not Applicable,TRUE,1,Public Road,1,"Trafficway, On Road",CT0009300,New Haven PD,48507,55:09.0,C,Closed,00:24.0,,,,,,,
1395372,1,Complete,1395372,1395372,41.30168915,-72.93024889,3874624,New Haven,93,93,New Haven,5/19/2026,2026,5,May,19,3,Tuesday,12:10:00,12,26018618,A,"Injury of any type (Serious, Minor, Possible)",C,Possible Injury (C),1,0,1,4,Local,0.06,347,LAFAYETTE ST,LAFAYETTE ST,,PRINCE ST,120,Feet,N,41.30168915,-72.93024889,25,Curb,88,Not Applicable,2,Shoulder,1,Clear,88,Not Applicable,1,Daylight,1,Dry,0,None,88,Not Applicable,88,Not Applicable,0,None,88,Not Applicable,88,Not Applicable,1,Non-Junction,1,Not at Intersection,1,No,1,No,88,Not Applicable,88,Not Applicable,88,Not Applicable,88,Not Applicable,FALSE,1,Public Road,1,"Trafficway, On Road",CT0009300,New Haven PD,45395,15:31.0,C,Closed,00:26.0,,,,,,,
1395373,1,Complete,1395373,1395373,41.321161,-72.873865,3874625,New Haven,93,93,New Haven,5/19/2026,2026,5,May,19,3,Tuesday,16:00:00,16,26018657,A,"Injury of any type (Serious, Minor, Possible)",C,Possible Injury (C),2,0,0,3,State,0.02,103,103-N,103-N,,FOXON BLVD,50,Feet,N,41.321161,-72.873865,14,Motor Vehicle in Operation,3,Angle,1,On Roadway,1,Clear,88,Not Applicable,1,Daylight,1,Dry,0,None,88,Not Applicable,88,Not Applicable,0,None,88,Not Applicable,88,Not Applicable,9,Driveway Access-Related,1,Not at Intersection,1,No,1,No,88,Not Applicable,88,Not Applicable,88,Not Applicable,88,Not Applicable,TRUE,1,Public Road,1,"Trafficway, On Road",CT0009300,New Haven PD,45388,41:54.0,C,Closed,00:43.0,,,,,,,
1395381,1,Complete,1395381,1395381,41.288212,-72.888923,3874633,New Haven,93,93,New Haven,5/21/2026,2026,5,May,21,5,Thursday,12:20:00,12,26018915,A,"Injury of any type (Serious, Minor, Possible)",C,Possible Injury (C),2,0,0,2,USRoute,50.48,1,1-N,1-N,OAKLEY ST,,,,,41.288212,-72.888923,14,Motor Vehicle in Operation,1,Front to rear,1,On Roadway,4,Rain,88,Not Applicable,1,Daylight,2,Wet,0,None,88,Not Applicable,88,Not Applicable,0,None,88,Not Applicable,88,Not Applicable,2,Intersection,3,T-Intersection,1,No,1,No,88,Not Applicable,88,Not Applicable,88,Not Applicable,88,Not Applicable,FALSE,1,Public Road,1,"Trafficway, On Road",CT0009300,New Haven PD,40807,48:32.0,C,Closed,00:39.0,,,,,,,
1395841,1,Complete,1395841,1395841,41.321875,-72.911393,3875093,New Haven,93,93,New Haven,5/8/2026,2026,5,May,8,6,Friday,18:27:00,18,26017128,A,"Injury of any type (Serious, Minor, Possible)",C,Possible Injury (C),1,0,0,4,Local,0.61,666,WILLOW ST,WILLOW ST,,ORANGE ST,100,Feet,E,41.321875,-72.911393,25,Curb,88,Not Applicable,2,Shoulder,1,Clear,88,Not Applicable,5,Dark-Not Lighted,1,Dry,2,Visual Obstruction(s),88,Not Applicable,88,Not Applicable,0,None,88,Not Applicable,88,Not Applicable,1,Non-Junction,1,Not at Intersection,1,No,1,No,88,Not Applicable,88,Not Applicable,88,Not Applicable,88,Not Applicable,FALSE,1,Public Road,1,"Trafficway, On Road",CT0009300,New Haven PD,48043,15:15.0,C,Closed,02:05.0,,,,,,,
1395843,1,Complete,1395843,1395843,41.316319,-72.895598,3875095,New Haven,93,93,New Haven,5/14/2026,2026,5,May,14,5,Thursday,17:30:00,17,26017899,A,"Injury of any type (Serious, Minor, Possible)",C,Possible Injury (C),2,0,0,4,Local,0.27,531,ROWE ST,ROWE ST,Peck St No 2,,,,,41.316319,-72.895598,14,Motor Vehicle in Operation,3,Angle,1,On Roadway,1,Clear,88,Not Applicable,1,Daylight,1,Dry,0,None,88,Not Applicable,88,Not Applicable,0,None,88,Not Applicable,88,Not Applicable,2,Intersection,2,Four-Way Intersection,1,No,1,No,88,Not Applicable,88,Not Applicable,88,Not Applicable,88,Not Applicable,TRUE,1,Public Road,1,"Trafficway, On Road",CT0009300,New Haven PD,48658,10:41.0,C,Closed,02:03.0,,,,,,,
1395848,1,Complete,1395848,1395848,41.280895,-72.897185,3875100,New Haven,93,93,New Haven,5/17/2026,2026,5,May,17,1,Sunday,10:45:00,10,26018271,A,"Injury of any type (Serious, Minor, Possible)",B,Suspected Minor Injury (B),2,0,0,4,Local,0.02,608,UPSON TER,UPSON TER,,WOODWARD AV,85,Feet,E,41.280895,-72.897185,14,Motor Vehicle in Operation,5,"Sideswipe, opposite direction",1,On Roadway,1,Clear,88,Not Applicable,1,Daylight,1,Dry,0,None,88,Not Applicable,88,Not Applicable,0,None,88,Not Applicable,88,Not Applicable,1,Non-Junction,1,Not at Intersection,1,No,1,No,88,Not Applicable,88,Not Applicable,88,Not Applicable,88,Not Applicable,FALSE,1,Public Road,1,"Trafficway, On Road",CT0009300,New Haven PD,48045,12:30.0,C,Closed,02:12.0,,,,,,,
1395852,1,Complete,1395852,1395852,41.316138,-72.924124,3875104,New Haven,93,93,New Haven,5/18/2026,2026,5,May,18,2,Monday,15:20:00,15,26018417,A,"Injury of any type (Serious, Minor, Possible)",C,Possible Injury (C),2,0,1,4,Local,0.18,536,SACHEM ST,SACHEM ST,,PROSPECT ST,50,Feet,E,41.316138,-72.924124,14,Motor Vehicle in Operation,4,"Sideswipe, same direction",1,On Roadway,1,Clear,88,Not Applicable,1,Daylight,1,Dry,0,None,88,Not Applicable,88,Not Applicable,0,None,88,Not Applicable,88,Not Applicable,3,Intersection-Related,2,Four-Way Intersection,1,No,1,No,88,Not Applicable,88,Not Applicable,88,Not Applicable,88,Not Applicable,FALSE,1,Public Road,1,"Trafficway, On Road",CT0009300,New Haven PD,47745,19:06.0,C,Closed,01:43.0,,,,,,,