CrashId,Fatal Case Status,Fatal Case Status Text Format,CrashId,CrashId,Latitude,Longitude,DOT Case Number,Town Name,Town Number,Town Number,Town Number Text Format,Date Of Crash,Year,Month,Month Text Format,Day,Day of the Week,Day of the Week Text Format,Time of Crash,Hour of the Day,Case Identifier,Crash Severity,Crash Severity Text Format,Most Severe Injury,Most Severe Injury Text Format,Number Of Motor Vehicles,Number Of Non-Motorist,Number Of Witnesses,Route Class,Route Class Text Format,Milemarker,Road Number,Road Description,Roadway Name,Intersecting Roadway Name,Landmark Description,Distance From Nearest Landmark,Unit Of Measure From Nearest Landmark,Direction From Nearest Landmark,Latitude,Longitude,First Harmful Event,First Harmful Event Text Format,Manner of Crash / Collision Impact,Manner of Crash / Collision Impact Text Format,Location of First Harmful Event,Location of First Harmful Event Text Format,Weather Condition,Weather Condition Text Format,Weather 2,Weather 2 Text Format,Light Condition,Light Condition Text Format,Road Surface Condition,Road Surface Condition Text Format,"Contributing Circumstances, Environment","Contributing Circumstances, Environment Text Format",Environment 2,Environment 2 Text Format,Environment 3,Environment 3 Text Format,"Contributing Circumstances, Road","Contributing Circumstances, Road Text Format",Road 2,Road 2 Text Format,Road 3,Road 3 Text Format,Crash Specific Location,Crash Specific Location Text Format,Type of Intersection,Type of Intersection Text Format,School Bus Related,School Bus Related Text Format,Work Zone Related,Work Zone Related Text Format,Location Of Crash Relative To Work Zone,Location Of Crash Relative To Work Zone Text Format,Type of Work Zone,Type of Work Zone Text Format,Worker Presence,Worker Presence Text Format,Law Enforcement Presence,Law Enforcement Presence Text Format,Were Vehicles Moved Prior To Police Arrival,Trafficway Ownership,Trafficway Ownership Text Format,Trafficway Class,Trafficway Class Text Format,Police Agency,Police Agency Text Format,Badge Number,Approval Date,Police Case Status,Police Case Status Text Format,Crash Report Submission Date,Related Case Identifiers,No. of Through Lanes (Log Dir.),Average Daily Traffic,Functional Classification,Functional Classification Text Format,Rural or Urban,Rural or Urban Text Format
1395859,1,Complete,1395859,1395859,41.305581,-72.952772,3875111,New Haven,93,93,New Haven,5/22/2026,2026,5,May,22,6,Friday,9:10:00,9,26019053,A,"Injury of any type (Serious, Minor, Possible)",C,Possible Injury (C),2,0,0,3,State,2.06,10,10-N,10-N,,LEGION AVE,15,Feet,N,41.305581,-72.952772,14,Motor Vehicle in Operation,1,Front to rear,1,On Roadway,1,Clear,88,Not Applicable,1,Daylight,1,Dry,0,None,88,Not Applicable,88,Not Applicable,0,None,88,Not Applicable,88,Not Applicable,3,Intersection-Related,3,T-Intersection,1,No,1,No,88,Not Applicable,88,Not Applicable,88,Not Applicable,88,Not Applicable,FALSE,1,Public Road,1,"Trafficway, On Road",CT0009300,New Haven PD,42056,00:51.0,O,Open,01:48.0,,,,,,,
1395860,1,Complete,1395860,1395860,41.312141,-72.91919,3875112,New Haven,93,93,New Haven,5/22/2026,2026,5,May,22,6,Friday,19:38:00,19,26019084,A,"Injury of any type (Serious, Minor, Possible)",C,Possible Injury (C),2,0,0,4,Local,1.18,450,ORANGE ST NO 1,ORANGE ST NO 1,91-N-134 (Exit 3),,,,,41.312141,-72.91919,14,Motor Vehicle in Operation,3,Angle,1,On Roadway,1,Clear,88,Not Applicable,4,Dark-Lighted,1,Dry,0,None,88,Not Applicable,88,Not Applicable,0,None,88,Not Applicable,88,Not Applicable,2,Intersection,2,Four-Way Intersection,1,No,1,No,88,Not Applicable,88,Not Applicable,88,Not Applicable,88,Not Applicable,TRUE,1,Public Road,1,"Trafficway, On Road",CT0009300,New Haven PD,44048,11:25.0,O,Open,01:51.0,,,,,,,
1395863,1,Complete,1395863,1395863,41.302517,-72.938396,3875115,New Haven,93,93,New Haven,5/22/2026,2026,5,May,22,6,Friday,16:50:00,16,26019098,A,"Injury of any type (Serious, Minor, Possible)",B,Suspected Minor Injury (B),2,0,0,4,Local,0.6,141,DAVENPORT AV,DAVENPORT AV,WARD ST,,,,,41.302517,-72.938396,14,Motor Vehicle in Operation,3,Angle,1,On Roadway,1,Clear,88,Not Applicable,1,Daylight,1,Dry,0,None,88,Not Applicable,88,Not Applicable,0,None,88,Not Applicable,88,Not Applicable,2,Intersection,2,Four-Way Intersection,1,No,1,No,88,Not Applicable,88,Not Applicable,88,Not Applicable,88,Not Applicable,FALSE,1,Public Road,1,"Trafficway, On Road",CT0009300,New Haven PD,46617,34:59.0,C,Closed,02:04.0,,,,,,,
1395866,1,Complete,1395866,1395866,41.291204,-72.891639,3875118,New Haven,93,93,New Haven,5/22/2026,2026,5,May,22,6,Friday,21:14:00,21,26019151,A,"Injury of any type (Serious, Minor, Possible)",B,Suspected Minor Injury (B),2,0,1,4,Local,0.41,76,BURWELL ST,BURWELL ST,,TOWNSEND AVE,123,Feet,E,41.291204,-72.891639,14,Motor Vehicle in Operation,3,Angle,1,On Roadway,1,Clear,88,Not Applicable,5,Dark-Not Lighted,1,Dry,0,None,88,Not Applicable,88,Not Applicable,0,None,88,Not Applicable,88,Not Applicable,1,Non-Junction,1,Not at Intersection,1,No,1,No,88,Not Applicable,88,Not Applicable,88,Not Applicable,88,Not Applicable,FALSE,1,Public Road,1,"Trafficway, On Road",CT0009300,New Haven PD,48655,08:31.0,C,Closed,02:31.0,,,,,,,
1395868,1,Complete,1395868,1395868,41.32606,-72.897278,3875120,New Haven,93,93,New Haven,5/23/2026,2026,5,May,23,7,Saturday,0:22:00,0,26019162,A,"Injury of any type (Serious, Minor, Possible)",C,Possible Injury (C),1,0,0,2,USRoute,0.87,5,5-N,5-N,,ALBERT ST,90,Feet,S,41.32606,-72.897278,25,Curb,88,Not Applicable,2,Shoulder,1,Clear,88,Not Applicable,4,Dark-Lighted,1,Dry,0,None,88,Not Applicable,88,Not Applicable,0,None,88,Not Applicable,88,Not Applicable,1,Non-Junction,1,Not at Intersection,1,No,1,No,88,Not Applicable,88,Not Applicable,88,Not Applicable,88,Not Applicable,FALSE,1,Public Road,1,"Trafficway, On Road",CT0009300,New Haven PD,47745,16:58.0,C,Closed,01:57.0,,,,,,,
1395878,1,Complete,1395878,1395878,41.328934,-72.942882,3875130,New Haven,93,93,New Haven,5/24/2026,2026,5,May,24,1,Sunday,4:29:00,4,26019272,A,"Injury of any type (Serious, Minor, Possible)",C,Possible Injury (C),2,0,0,4,Local,0.48,119,COLONY RD,COLONY RD,,CRESCENT ST,60,Feet,S,41.328934,-72.942882,15,Parked Motor Vehicle,2,Front to front,1,On Roadway,4,Rain,88,Not Applicable,4,Dark-Lighted,2,Wet,99,Unknown,88,Not Applicable,88,Not Applicable,99,Unknown,88,Not Applicable,88,Not Applicable,1,Non-Junction,1,Not at Intersection,1,No,1,No,88,Not Applicable,88,Not Applicable,88,Not Applicable,88,Not Applicable,FALSE,1,Public Road,1,"Trafficway, On Road",CT0009300,New Haven PD,82,04:18.0,C,Closed,02:14.0,,,,,,,
1395882,1,Complete,1395882,1395882,41.308879,-72.897231,3875134,New Haven,93,93,New Haven,5/24/2026,2026,5,May,24,1,Sunday,14:37:00,14,26019307,A,"Injury of any type (Serious, Minor, Possible)",C,Possible Injury (C),2,0,0,4,Local,0.6,264,GRAND AV,GRAND AV,,Poplar St ,10,Feet,W,41.308879,-72.897231,14,Motor Vehicle in Operation,3,Angle,1,On Roadway,4,Rain,88,Not Applicable,1,Daylight,2,Wet,0,None,88,Not Applicable,88,Not Applicable,0,None,88,Not Applicable,88,Not Applicable,3,Intersection-Related,2,Four-Way Intersection,1,No,1,No,88,Not Applicable,88,Not Applicable,88,Not Applicable,88,Not Applicable,TRUE,1,Public Road,1,"Trafficway, On Road",CT0009300,New Haven PD,40788,23:49.0,C,Closed,02:21.0,,,,,,,
1395883,1,Complete,1395883,1395883,41.30909,-72.895475,3875135,New Haven,93,93,New Haven,5/24/2026,2026,5,May,24,1,Sunday,14:47:00,14,26019309,A,"Injury of any type (Serious, Minor, Possible)",A,Suspected Serious Injury (A),1,1,0,4,Local,0.5,264,GRAND AV,GRAND AV,FERRY ST,,,,,41.30909,-72.895475,9,Pedestrian,88,Not Applicable,1,On Roadway,4,Rain,88,Not Applicable,1,Daylight,2,Wet,0,None,88,Not Applicable,88,Not Applicable,0,None,88,Not Applicable,88,Not Applicable,2,Intersection,2,Four-Way Intersection,1,No,1,No,88,Not Applicable,88,Not Applicable,88,Not Applicable,88,Not Applicable,FALSE,1,Public Road,1,"Trafficway, On Road",CT0009300,New Haven PD,48662,45:21.0,C,Closed,02:29.0,,,,,,,
1395885,1,Complete,1395885,1395885,41.310882,-72.930497,3875137,New Haven,93,93,New Haven,5/24/2026,2026,5,May,24,1,Sunday,18:29:00,18,26019327,A,"Injury of any type (Serious, Minor, Possible)",C,Possible Injury (C),3,0,0,4,Local,0.17,726,ELM ST NO 2,ELM ST NO 2,,YORK ST,100,Feet,W,41.310882,-72.930497,14,Motor Vehicle in Operation,3,Angle,1,On Roadway,4,Rain,88,Not Applicable,1,Daylight,2,Wet,1,Weather Conditions,88,Not Applicable,88,Not Applicable,3,Backup Due to Regular Congestion,5,"Road Surface Condition (wet, icy, snow, slush, etc.)",88,Not Applicable,3,Intersection-Related,2,Four-Way Intersection,1,No,1,No,88,Not Applicable,88,Not Applicable,88,Not Applicable,88,Not Applicable,FALSE,1,Public Road,1,"Trafficway, On Road",CT0009300,New Haven PD,46899,36:54.0,C,Closed,02:28.0,,,,,,,
1396475,1,Complete,1396475,1396475,41.324508,-72.935152,3875727,New Haven,93,93,New Haven,5/21/2026,2026,5,May,21,5,Thursday,11:24:00,11,26018894,A,"Injury of any type (Serious, Minor, Possible)",C,Possible Injury (C),2,0,1,4,Local,0.83,152,DIXWELL AV,DIXWELL AV,ARGYLE ST,,,,,41.324508,-72.935152,14,Motor Vehicle in Operation,3,Angle,1,On Roadway,2,Cloudy,88,Not Applicable,1,Daylight,2,Wet,0,None,88,Not Applicable,88,Not Applicable,0,None,88,Not Applicable,88,Not Applicable,2,Intersection,3,T-Intersection,1,No,1,No,88,Not Applicable,88,Not Applicable,88,Not Applicable,88,Not Applicable,FALSE,1,Public Road,1,"Trafficway, On Road",CT0009300,New Haven PD,42048,22:05.0,C,Closed,01:40.0,,,,,,,
1396480,1,Complete,1396480,1396480,41.325036,-72.957218,3875732,New Haven,93,93,New Haven,5/24/2026,2026,5,May,24,1,Sunday,19:50:00,19,26019338,A,"Injury of any type (Serious, Minor, Possible)",C,Possible Injury (C),2,0,0,3,State,0.01,63,63-N,63-N,,FITCH ST,20,Feet,W,41.325036,-72.957218,14,Motor Vehicle in Operation,4,"Sideswipe, same direction",1,On Roadway,4,Rain,88,Not Applicable,1,Daylight,2,Wet,0,None,88,Not Applicable,88,Not Applicable,0,None,88,Not Applicable,88,Not Applicable,3,Intersection-Related,2,Four-Way Intersection,1,No,1,No,88,Not Applicable,88,Not Applicable,88,Not Applicable,88,Not Applicable,FALSE,1,Public Road,1,"Trafficway, On Road",CT0009300,New Haven PD,45397,07:58.0,C,Closed,01:51.0,,,,,,,
1396481,1,Complete,1396481,1396481,41.300724,-72.91078,3875733,New Haven,93,93,New Haven,5/25/2026,2026,5,May,25,2,Monday,0:21:00,0,26019355,A,"Injury of any type (Serious, Minor, Possible)",B,Suspected Minor Injury (B),1,1,0,4,Local,1.07,165,EAST ST,EAST ST,Water Street ,,,,,41.300724,-72.91078,9,Pedestrian,88,Not Applicable,1,On Roadway,4,Rain,88,Not Applicable,4,Dark-Lighted,2,Wet,0,None,88,Not Applicable,88,Not Applicable,0,None,88,Not Applicable,88,Not Applicable,2,Intersection,2,Four-Way Intersection,1,No,1,No,88,Not Applicable,88,Not Applicable,88,Not Applicable,88,Not Applicable,FALSE,1,Public Road,1,"Trafficway, On Road",CT0009300,New Haven PD,48507,18:17.0,C,Closed,01:48.0,,,,,,,
1396485,1,Complete,1396485,1396485,41.322471,-72.878236,3875737,New Haven,93,93,New Haven,5/25/2026,2026,5,May,25,2,Monday,15:56:00,15,26019426,A,"Injury of any type (Serious, Minor, Possible)",C,Possible Injury (C),2,0,0,3,State,0.19,80,80-E,80-E,,91-N-16A (EXIT 8),780,Feet,E,41.322471,-72.878236,14,Motor Vehicle in Operation,3,Angle,1,On Roadway,1,Clear,88,Not Applicable,1,Daylight,1,Dry,0,None,88,Not Applicable,88,Not Applicable,0,None,88,Not Applicable,88,Not Applicable,9,Driveway Access-Related,1,Not at Intersection,1,No,1,No,88,Not Applicable,88,Not Applicable,88,Not Applicable,88,Not Applicable,TRUE,1,Public Road,1,"Trafficway, On Road",CT0009300,New Haven PD,45388,24:21.0,C,Closed,01:43.0,,,,,,,
1396486,1,Complete,1396486,1396486,41.297394,-72.949271,3875738,New Haven,93,93,New Haven,5/25/2026,2026,5,May,25,2,Monday,16:40:00,16,26019434,A,"Injury of any type (Serious, Minor, Possible)",C,Possible Injury (C),2,0,0,2,USRoute,46.62,1,1-N,1-N,,ELLA T GRASSO BLVD,20,Feet,S,41.297394,-72.949271,14,Motor Vehicle in Operation,1,Front to rear,1,On Roadway,1,Clear,88,Not Applicable,1,Daylight,1,Dry,0,None,88,Not Applicable,88,Not Applicable,0,None,88,Not Applicable,88,Not Applicable,2,Intersection,2,Four-Way Intersection,1,No,1,No,88,Not Applicable,88,Not Applicable,88,Not Applicable,88,Not Applicable,TRUE,1,Public Road,1,"Trafficway, On Road",CT0009300,New Haven PD,48509,38:27.0,O,Open,01:42.0,,,,,,,
1396487,1,Complete,1396487,1396487,41.31228,-72.952455,3875739,New Haven,93,93,New Haven,5/25/2026,2026,5,May,25,2,Monday,18:10:00,18,26019456,A,"Injury of any type (Serious, Minor, Possible)",C,Possible Injury (C),1,0,0,3,State,2.53,10,10-N,10-N,,IRVING ST,30,Feet,N,41.31228,-72.952455,38,"Other Post, Pole or Support",88,Not Applicable,4,Roadside,1,Clear,88,Not Applicable,1,Daylight,1,Dry,0,None,88,Not Applicable,88,Not Applicable,0,None,88,Not Applicable,88,Not Applicable,1,Non-Junction,1,Not at Intersection,1,No,1,No,88,Not Applicable,88,Not Applicable,88,Not Applicable,88,Not Applicable,FALSE,1,Public Road,1,"Trafficway, On Road",CT0009300,New Haven PD,45132,31:23.0,C,Closed,01:41.0,,,,,,,
1396488,1,Complete,1396488,1396488,41.29074,-72.921,3875740,New Haven,93,93,New Haven,5/25/2026,2026,5,May,25,2,Monday,18:45:00,18,26019463,A,"Injury of any type (Serious, Minor, Possible)",C,Possible Injury (C),5,3,0,4,Local,0.41,513,LONG WHARF DR,LONG WHARF DR,,95-N-328 (Exit 46 onramp),550,Feet,N,41.29074,-72.921,15,Parked Motor Vehicle,99,Unknown,1,On Roadway,1,Clear,88,Not Applicable,1,Daylight,1,Dry,0,None,88,Not Applicable,88,Not Applicable,0,None,88,Not Applicable,88,Not Applicable,1,Non-Junction,1,Not at Intersection,1,No,1,No,88,Not Applicable,88,Not Applicable,88,Not Applicable,88,Not Applicable,FALSE,1,Public Road,1,"Trafficway, On Road",CT0009300,New Haven PD,44339,31:10.0,C,Closed,01:45.0,,,,,,,
1396794,1,Complete,1396794,1396794,41.32066953,-72.87414403,3876046,New Haven,93,93,New Haven,5/23/2026,2026,5,May,23,7,Saturday,2:03:00,2,26019170,A,"Injury of any type (Serious, Minor, Possible)",C,Possible Injury (C),2,0,0,4,Local,2.21,498,QUINNIPIAC AV,QUINNIPIAC AV,,80-E,20,Feet,S,41.32066953,-72.87414403,14,Motor Vehicle in Operation,1,Front to rear,1,On Roadway,1,Clear,88,Not Applicable,4,Dark-Lighted,1,Dry,99,Unknown,88,Not Applicable,88,Not Applicable,99,Unknown,88,Not Applicable,88,Not Applicable,3,Intersection-Related,2,Four-Way Intersection,1,No,1,No,88,Not Applicable,88,Not Applicable,88,Not Applicable,88,Not Applicable,FALSE,1,Public Road,1,"Trafficway, On Road",CT0009300,New Haven PD,48651,31:01.0,C,Closed,00:40.0,,,,,,,
1396801,1,Complete,1396801,1396801,41.292585,-72.898609,3876053,New Haven,93,93,New Haven,5/26/2026,2026,5,May,26,3,Tuesday,11:17:00,11,26019554,A,"Injury of any type (Serious, Minor, Possible)",B,Suspected Minor Injury (B),2,0,0,4,Local,0.12,336,KENDALL ST,KENDALL ST,FULTON TER,,,,,41.292585,-72.898609,14,Motor Vehicle in Operation,3,Angle,1,On Roadway,1,Clear,88,Not Applicable,1,Daylight,1,Dry,0,None,88,Not Applicable,88,Not Applicable,0,None,88,Not Applicable,88,Not Applicable,2,Intersection,2,Four-Way Intersection,1,No,1,No,88,Not Applicable,88,Not Applicable,88,Not Applicable,88,Not Applicable,FALSE,1,Public Road,1,"Trafficway, On Road",CT0009300,New Haven PD,44063,32:20.0,C,Closed,00:23.0,,,,,,,
1396805,1,Complete,1396805,1396805,41.31056,-72.89854,3876057,New Haven,93,93,New Haven,5/26/2026,2026,5,May,26,3,Tuesday,15:27:00,15,26019583,A,"Injury of any type (Serious, Minor, Possible)",C,Possible Injury (C),1,1,0,4,Local,0.37,216,FILLMORE ST,FILLMORE ST,CLAY ST,,,,,41.31056,-72.89854,10,Pedalcycle/Pedalcyclist,97,Other,1,On Roadway,1,Clear,88,Not Applicable,1,Daylight,1,Dry,0,None,88,Not Applicable,88,Not Applicable,0,None,88,Not Applicable,88,Not Applicable,2,Intersection,2,Four-Way Intersection,1,No,1,No,88,Not Applicable,88,Not Applicable,88,Not Applicable,88,Not Applicable,TRUE,1,Public Road,1,"Trafficway, On Road",CT0009300,New Haven PD,40788,04:12.0,C,Closed,00:31.0,,,,,,,
1397591,1,Complete,1397591,1397591,41.32688,-72.946608,3876843,New Haven,93,93,New Haven,5/17/2026,2026,5,May,17,1,Sunday,2:23:00,2,26018247,A,"Injury of any type (Serious, Minor, Possible)",C,Possible Injury (C),1,0,0,4,Local,0.56,690,ELLA T GRASSO BLVD,ELLA T GRASSO BLVD,,DYER ST,50,Feet,N,41.32688,-72.946608,33,Utility Pole/Light Support,88,Not Applicable,1,On Roadway,1,Clear,88,Not Applicable,4,Dark-Lighted,1,Dry,0,None,88,Not Applicable,88,Not Applicable,0,None,88,Not Applicable,88,Not Applicable,1,Non-Junction,1,Not at Intersection,1,No,1,No,88,Not Applicable,88,Not Applicable,88,Not Applicable,88,Not Applicable,FALSE,1,Public Road,1,"Trafficway, On Road",CT0009300,New Haven PD,45701,43:31.0,C,Closed,01:21.0,,,,,,,
1397599,1,Complete,1397599,1397599,41.32942,-72.969054,3876851,New Haven,93,93,New Haven,5/27/2026,2026,5,May,27,4,Wednesday,8:54:00,8,26019695,A,"Injury of any type (Serious, Minor, Possible)",C,Possible Injury (C),2,0,0,3,State,0.74,63,63-N,63-N,,DAYTON ST,149,Feet,N,41.32942,-72.969054,14,Motor Vehicle in Operation,3,Angle,1,On Roadway,1,Clear,88,Not Applicable,1,Daylight,1,Dry,0,None,88,Not Applicable,88,Not Applicable,0,None,88,Not Applicable,88,Not Applicable,9,Driveway Access-Related,1,Not at Intersection,1,No,1,No,88,Not Applicable,88,Not Applicable,88,Not Applicable,88,Not Applicable,FALSE,1,Public Road,1,"Trafficway, On Road",CT0009300,New Haven PD,62,34:42.0,C,Closed,01:26.0,,,,,,,
1397603,1,Complete,1397603,1397603,41.28453,-72.93484,3876855,New Haven,93,93,New Haven,5/27/2026,2026,5,May,27,4,Wednesday,17:00:00,17,26019756,A,"Injury of any type (Serious, Minor, Possible)",C,Possible Injury (C),2,0,0,3,State,0.31,10,10-N,10-N,95-S-366 (Exit 44 On Ramp),,,,,41.28453,-72.93484,14,Motor Vehicle in Operation,3,Angle,1,On Roadway,1,Clear,88,Not Applicable,1,Daylight,1,Dry,0,None,88,Not Applicable,88,Not Applicable,0,None,88,Not Applicable,88,Not Applicable,2,Intersection,2,Four-Way Intersection,1,No,1,No,88,Not Applicable,88,Not Applicable,88,Not Applicable,88,Not Applicable,TRUE,1,Public Road,1,"Trafficway, On Road",CT0009300,New Haven PD,45389,33:26.0,C,Closed,01:36.0,,,,,,,
1398045,1,Complete,1398045,1398045,41.30607,-72.899082,3877297,New Haven,93,93,New Haven,5/22/2026,2026,5,May,22,6,Friday,20:48:00,20,26019148,A,"Injury of any type (Serious, Minor, Possible)",B,Suspected Minor Injury (B),2,0,1,4,Local,0.21,57,BLATCHLEY AV,BLATCHLEY AV,,WOLCOTT ST,25,Feet,S,41.30607,-72.899082,14,Motor Vehicle in Operation,3,Angle,1,On Roadway,1,Clear,88,Not Applicable,4,Dark-Lighted,1,Dry,0,None,88,Not Applicable,88,Not Applicable,0,None,88,Not Applicable,88,Not Applicable,9,Driveway Access-Related,1,Not at Intersection,1,No,1,No,88,Not Applicable,88,Not Applicable,88,Not Applicable,88,Not Applicable,TRUE,1,Public Road,1,"Trafficway, On Road",CT0009300,New Haven PD,44176,42:01.0,C,Closed,00:50.0,,,,,,,
1398046,1,Complete,1398046,1398046,41.327546,-72.960615,3877298,New Haven,93,93,New Haven,5/27/2026,2026,5,May,27,4,Wednesday,17:31:00,17,26019761,A,"Injury of any type (Serious, Minor, Possible)",C,Possible Injury (C),2,0,0,3,State,0.26,63,63-N,63-N,,BLAKE ST,18,Feet,N,41.327546,-72.960615,14,Motor Vehicle in Operation,1,Front to rear,1,On Roadway,1,Clear,88,Not Applicable,1,Daylight,1,Dry,0,None,88,Not Applicable,88,Not Applicable,0,None,88,Not Applicable,88,Not Applicable,3,Intersection-Related,3,T-Intersection,1,No,1,No,88,Not Applicable,88,Not Applicable,88,Not Applicable,88,Not Applicable,TRUE,1,Public Road,1,"Trafficway, On Road",CT0009300,New Haven PD,45403,15:32.0,O,Open,00:38.0,,,,,,,
1398048,1,Complete,1398048,1398048,41.30189472,-72.94017655,3877300,New Haven,93,93,New Haven,5/28/2026,2026,5,May,28,5,Thursday,6:27:00,6,26019820,A,"Injury of any type (Serious, Minor, Possible)",C,Possible Injury (C),1,1,0,4,Local,0.5,141,DAVENPORT AV,DAVENPORT AV,ELLIOTT ST,,,,,41.30189472,-72.94017655,9,Pedestrian,88,Not Applicable,1,On Roadway,1,Clear,88,Not Applicable,1,Daylight,1,Dry,0,None,88,Not Applicable,88,Not Applicable,0,None,88,Not Applicable,88,Not Applicable,2,Intersection,2,Four-Way Intersection,1,No,1,No,88,Not Applicable,88,Not Applicable,88,Not Applicable,88,Not Applicable,FALSE,1,Public Road,1,"Trafficway, On Road",CT0009300,New Haven PD,44946,35:44.0,C,Closed,00:43.0,,,,,,,
1398050,1,Complete,1398050,1398050,41.323998,-72.881286,3877302,New Haven,93,93,New Haven,5/28/2026,2026,5,May,28,5,Thursday,8:13:00,8,26019826,A,"Injury of any type (Serious, Minor, Possible)",C,Possible Injury (C),2,0,0,3,State,0.24,17,17-N,17-N,,Foxon BLVD,95,Feet,N,41.323998,-72.881286,14,Motor Vehicle in Operation,1,Front to rear,1,On Roadway,1,Clear,88,Not Applicable,1,Daylight,1,Dry,0,None,88,Not Applicable,88,Not Applicable,0,None,88,Not Applicable,88,Not Applicable,3,Intersection-Related,3,T-Intersection,1,No,1,No,88,Not Applicable,88,Not Applicable,88,Not Applicable,88,Not Applicable,FALSE,1,Public Road,1,"Trafficway, On Road",CT0009300,New Haven PD,47741,14:42.0,C,Closed,00:40.0,,,,,,,
1398051,1,Complete,1398051,1398051,41.30971075,-72.94502221,3877303,New Haven,93,93,New Haven,5/28/2026,2026,5,May,28,5,Thursday,12:31:00,12,26019865,A,"Injury of any type (Serious, Minor, Possible)",C,Possible Injury (C),2,0,0,4,Local,0.27,248,GEORGE ST,GEORGE ST,,SHERMAN AVE,10,Feet,E,41.30971075,-72.94502221,14,Motor Vehicle in Operation,1,Front to rear,1,On Roadway,1,Clear,88,Not Applicable,1,Daylight,1,Dry,0,None,88,Not Applicable,88,Not Applicable,0,None,88,Not Applicable,88,Not Applicable,3,Intersection-Related,2,Four-Way Intersection,1,No,1,No,88,Not Applicable,88,Not Applicable,88,Not Applicable,88,Not Applicable,FALSE,1,Public Road,1,"Trafficway, On Road",CT0009300,New Haven PD,42046,28:30.0,C,Closed,00:44.0,,,,,,,
1398052,1,Complete,1398052,1398052,41.289027,-72.894836,3877304,New Haven,93,93,New Haven,5/28/2026,2026,5,May,28,5,Thursday,13:00:00,13,26019875,A,"Injury of any type (Serious, Minor, Possible)",C,Possible Injury (C),2,0,0,1,Interstate,0.38,95,95-N-346,95-N-346 (Exit 50 Off Ramp),,WOODWARD AVE,20,Feet,W,41.289027,-72.894836,14,Motor Vehicle in Operation,4,"Sideswipe, same direction",1,On Roadway,1,Clear,88,Not Applicable,1,Daylight,1,Dry,0,None,88,Not Applicable,88,Not Applicable,0,None,88,Not Applicable,88,Not Applicable,3,Intersection-Related,2,Four-Way Intersection,1,No,1,No,88,Not Applicable,88,Not Applicable,88,Not Applicable,88,Not Applicable,FALSE,1,Public Road,1,"Trafficway, On Road",CT0009300,New Haven PD,47741,06:01.0,C,Closed,00:45.0,,,,,,,
1398054,1,Complete,1398054,1398054,41.316803,-72.942298,3877306,New Haven,93,93,New Haven,5/28/2026,2026,5,May,28,5,Thursday,16:27:00,16,26019899,A,"Injury of any type (Serious, Minor, Possible)",C,Possible Injury (C),3,0,0,4,Local,0.78,556,SHERMAN AV,SHERMAN AV,WHALLEY AVE,,,,,41.316803,-72.942298,14,Motor Vehicle in Operation,3,Angle,1,On Roadway,1,Clear,88,Not Applicable,1,Daylight,1,Dry,0,None,88,Not Applicable,88,Not Applicable,0,None,88,Not Applicable,88,Not Applicable,2,Intersection,2,Four-Way Intersection,1,No,1,No,88,Not Applicable,88,Not Applicable,88,Not Applicable,88,Not Applicable,FALSE,1,Public Road,1,"Trafficway, On Road",CT0009300,New Haven PD,276,45:51.0,C,Closed,00:51.0,26019899,,,,,,
1398056,1,Complete,1398056,1398056,41.31881449,-72.94828159,3877308,New Haven,93,93,New Haven,5/28/2026,2026,5,May,28,5,Thursday,18:12:00,18,26019925,A,"Injury of any type (Serious, Minor, Possible)",C,Possible Injury (C),2,0,0,4,Local,0.04,653,WHALLEY AV,WHALLEY AV,,10-N,185,Feet,E,41.31881449,-72.94828159,14,Motor Vehicle in Operation,3,Angle,1,On Roadway,1,Clear,88,Not Applicable,1,Daylight,1,Dry,0,None,88,Not Applicable,88,Not Applicable,0,None,88,Not Applicable,88,Not Applicable,9,Driveway Access-Related,1,Not at Intersection,1,No,1,No,88,Not Applicable,88,Not Applicable,88,Not Applicable,88,Not Applicable,FALSE,1,Public Road,1,"Trafficway, On Road",CT0009300,New Haven PD,44947,11:47.0,C,Closed,00:52.0,,,,,,,
1398476,1,Complete,1398476,1398476,41.31019,-72.954772,3877728,New Haven,93,93,New Haven,5/4/2026,2026,5,May,4,2,Monday,0:29:00,0,26012345,A,"Injury of any type (Serious, Minor, Possible)",C,Possible Injury (C),1,0,0,3,State,21.8,34,34-E,34-E,,ELLA T GRASSO BLVD,295,Feet,W,41.31019,-72.954772,28,Guardrail Face,88,Not Applicable,2,Shoulder,1,Clear,88,Not Applicable,4,Dark-Lighted,1,Dry,0,None,88,Not Applicable,88,Not Applicable,0,None,88,Not Applicable,88,Not Applicable,1,Non-Junction,1,Not at Intersection,1,No,1,No,88,Not Applicable,88,Not Applicable,88,Not Applicable,88,Not Applicable,FALSE,1,Public Road,1,"Trafficway, On Road",CT0009300,New Haven PD,46615,08:38.0,C,Closed,02:17.0,,,,,,,
1398482,1,Complete,1398482,1398482,41.320153,-72.868847,3877734,New Haven,93,93,New Haven,5/22/2026,2026,5,May,22,6,Friday,22:12:00,22,26019154,A,"Injury of any type (Serious, Minor, Possible)",A,Suspected Serious Injury (A),2,0,0,3,State,0.72,80,80-E,80-E,OLD FOXON RD,,,,,41.320153,-72.868847,6,Fell/Jumped from Vehicle,97,Other,1,On Roadway,1,Clear,88,Not Applicable,4,Dark-Lighted,1,Dry,0,None,88,Not Applicable,88,Not Applicable,0,None,88,Not Applicable,88,Not Applicable,2,Intersection,2,Four-Way Intersection,1,No,1,No,88,Not Applicable,88,Not Applicable,88,Not Applicable,88,Not Applicable,FALSE,1,Public Road,1,"Trafficway, On Road",CT0009300,New Haven PD,370,54:53.0,C,Closed,01:42.0,,,,,,,